ISO-10303-21;
HEADER;
/* Generated by software containing ST-Developer
 * from STEP Tools, Inc. (www.steptools.com) 
 */
/* OPTION: using custom schema-name function */

FILE_DESCRIPTION(
/* description */ (''),
/* implementation_level */ '2;1');

FILE_NAME(
/* name */ '10_stp.stp',
/* time_stamp */ '2026-05-11T15:40:44+08:00',
/* author */ (''),
/* organization */ (''),
/* preprocessor_version */ 'ST-DEVELOPER v20',
/* originating_system */ 'SIEMENS PLM Software NX2412.1700',
/* authorisation */ '');

FILE_SCHEMA (('AUTOMOTIVE_DESIGN { 1 0 10303 214 3 1 1 1 }'));
ENDSEC;

DATA;
#10=SHAPE_REPRESENTATION_RELATIONSHIP('None',
'relationship between 10_stp-None and 10_stp-None',#22,#11);
#11=ADVANCED_BREP_SHAPE_REPRESENTATION('10_stp-None',(#32),#11403);
#12=SHAPE_DEFINITION_REPRESENTATION(#13,#22);
#13=PRODUCT_DEFINITION_SHAPE('','',#14);
#14=PRODUCT_DEFINITION(' ','',#16,#15);
#15=PRODUCT_DEFINITION_CONTEXT('part definition',#21,'design');
#16=PRODUCT_DEFINITION_FORMATION_WITH_SPECIFIED_SOURCE(' ',' ',#18,
 .NOT_KNOWN.);
#17=PRODUCT_RELATED_PRODUCT_CATEGORY('part','',(#18));
#18=PRODUCT('10_stp','10_stp',' ',(#19));
#19=PRODUCT_CONTEXT(' ',#21,'mechanical');
#20=APPLICATION_PROTOCOL_DEFINITION('international standard',
'automotive_design',2010,#21);
#21=APPLICATION_CONTEXT(
'core data for automotive mechanical design processes');
#22=SHAPE_REPRESENTATION('10_stp-None',(#6349),#11403);
#23=PRESENTATION_LAYER_ASSIGNMENT('1','Layer 1',(#32));
#24=STYLED_ITEM('',(#25),#32);
#25=PRESENTATION_STYLE_ASSIGNMENT((#26));
#26=SURFACE_STYLE_USAGE(.BOTH.,#27);
#27=SURFACE_SIDE_STYLE('',(#28));
#28=SURFACE_STYLE_FILL_AREA(#29);
#29=FILL_AREA_STYLE('',(#30));
#30=FILL_AREA_STYLE_COLOUR('',#31);
#31=COLOUR_RGB('medium steel',0.611764705882353,0.658823529411765,0.670588235294118);
#32=MANIFOLD_SOLID_BREP('BOSS-EXTRUDE1',#33);
#33=CLOSED_SHELL('',(#395,#396,#397,#398,#399,#400,#401,#402,#403,#404,
#405,#406,#407,#408,#409,#410,#411,#412,#413,#414,#415,#416,#417,#418,#419,
#420,#421,#422,#423,#424,#425,#426,#427,#428,#429,#430,#431,#432,#433,#434,
#435,#436,#437,#438,#439,#440,#441,#442,#443,#444,#445,#446,#447,#448,#449,
#450,#451,#452,#453,#454,#455,#456,#457,#458,#459,#460,#461,#462,#463,#464,
#465,#466,#467,#468,#469,#470,#471,#472,#473,#474,#475,#476,#477,#478,#479,
#480,#481,#482,#483,#484,#485,#486,#487,#488,#489,#490,#491,#492,#493,#494,
#495,#496,#497,#498,#499,#500,#501,#502,#503,#504,#505,#506,#507,#508,#509,
#510,#511,#512,#513,#514,#515,#516,#517,#518,#519,#520,#521,#522,#523,#524,
#525,#526,#527,#528,#529,#530,#531,#532,#533,#534,#535,#536,#537,#538,#539,
#540,#541,#542,#543,#544,#545,#546,#547,#548,#549,#550,#551,#552,#553,#554,
#555,#556,#557,#558,#559,#560,#561,#562,#563,#564,#565,#566,#567,#568,#569,
#570,#571,#572,#573,#574,#575,#576,#577,#578,#579,#580,#581,#582,#583,#584,
#585,#586,#587,#588,#589,#590,#591,#592,#593,#594,#595,#596,#597,#598,#599,
#600,#601,#602,#603,#604,#605,#606,#607,#608,#609,#610,#611,#612,#613,#614,
#615,#616,#617,#618,#619,#620,#621,#622,#623,#624,#625,#626,#627,#628,#629,
#630,#631,#632,#633,#634,#635,#636,#637,#638,#639,#640,#641,#642,#643,#644,
#645,#646,#647,#648,#649,#650,#651,#652,#653,#654,#655,#656,#657,#658,#659,
#660,#661,#662,#663,#664,#665,#666,#667,#668,#669,#670,#671,#672,#673,#674,
#675,#676,#677,#678,#679,#680,#681,#682,#683,#684,#685,#686,#687,#688,#689,
#690,#691,#692,#693,#694,#695,#696,#697,#698,#699,#700,#701,#702,#703,#704,
#705,#706,#707,#708,#709,#710,#711,#712,#713,#714,#715,#716,#717,#718,#719,
#720,#721,#722,#723,#724,#725,#726,#727,#728,#729,#730,#731,#732,#733,#734,
#735,#736,#737,#738,#739,#740,#741,#742,#743,#744,#745,#746,#747,#748,#749,
#750,#751,#752,#753,#754,#755,#756,#757,#758,#759,#760,#761,#762,#763,#764,
#765,#766,#767,#768,#769,#770,#771,#772,#773,#774,#775));
#34=B_SPLINE_SURFACE_WITH_KNOTS('',3,3,((#10346,#10347,#10348,#10349,#10350,
#10351),(#10352,#10353,#10354,#10355,#10356,#10357),(#10358,#10359,#10360,
#10361,#10362,#10363),(#10364,#10365,#10366,#10367,#10368,#10369),(#10370,
#10371,#10372,#10373,#10374,#10375),(#10376,#10377,#10378,#10379,#10380,
#10381),(#10382,#10383,#10384,#10385,#10386,#10387),(#10388,#10389,#10390,
#10391,#10392,#10393),(#10394,#10395,#10396,#10397,#10398,#10399),(#10400,
#10401,#10402,#10403,#10404,#10405)),.UNSPECIFIED.,.F.,.F.,.F.,(4,2,2,2,
4),(4,2,4),(0.,0.25,0.5,0.75,1.),(0.,0.5,1.),.UNSPECIFIED.);
#35=B_SPLINE_SURFACE_WITH_KNOTS('',3,3,((#10443,#10444,#10445,#10446,#10447,
#10448),(#10449,#10450,#10451,#10452,#10453,#10454),(#10455,#10456,#10457,
#10458,#10459,#10460),(#10461,#10462,#10463,#10464,#10465,#10466),(#10467,
#10468,#10469,#10470,#10471,#10472),(#10473,#10474,#10475,#10476,#10477,
#10478),(#10479,#10480,#10481,#10482,#10483,#10484),(#10485,#10486,#10487,
#10488,#10489,#10490),(#10491,#10492,#10493,#10494,#10495,#10496),(#10497,
#10498,#10499,#10500,#10501,#10502)),.UNSPECIFIED.,.F.,.F.,.F.,(4,2,2,2,
4),(4,2,4),(0.,0.25,0.5,0.75,1.),(0.,0.5,1.),.UNSPECIFIED.);
#36=B_SPLINE_SURFACE_WITH_KNOTS('',3,3,((#10528,#10529,#10530,#10531,#10532,
#10533),(#10534,#10535,#10536,#10537,#10538,#10539),(#10540,#10541,#10542,
#10543,#10544,#10545),(#10546,#10547,#10548,#10549,#10550,#10551),(#10552,
#10553,#10554,#10555,#10556,#10557),(#10558,#10559,#10560,#10561,#10562,
#10563),(#10564,#10565,#10566,#10567,#10568,#10569),(#10570,#10571,#10572,
#10573,#10574,#10575),(#10576,#10577,#10578,#10579,#10580,#10581),(#10582,
#10583,#10584,#10585,#10586,#10587)),.UNSPECIFIED.,.F.,.F.,.F.,(4,2,2,2,
4),(4,2,4),(0.,0.25,0.5,0.75,1.),(0.,0.5,1.),.UNSPECIFIED.);
#37=B_SPLINE_SURFACE_WITH_KNOTS('',3,3,((#10622,#10623,#10624,#10625,#10626,
#10627),(#10628,#10629,#10630,#10631,#10632,#10633),(#10634,#10635,#10636,
#10637,#10638,#10639),(#10640,#10641,#10642,#10643,#10644,#10645),(#10646,
#10647,#10648,#10649,#10650,#10651),(#10652,#10653,#10654,#10655,#10656,
#10657),(#10658,#10659,#10660,#10661,#10662,#10663),(#10664,#10665,#10666,
#10667,#10668,#10669),(#10670,#10671,#10672,#10673,#10674,#10675),(#10676,
#10677,#10678,#10679,#10680,#10681)),.UNSPECIFIED.,.F.,.F.,.F.,(4,2,2,2,
4),(4,2,4),(0.,0.25,0.5,0.75,1.),(0.,0.5,1.),.UNSPECIFIED.);
#38=(
BOUNDED_SURFACE()
B_SPLINE_SURFACE(3,2,((#9977,#9978,#9979),(#9980,#9981,#9982),(#9983,#9984,
#9985),(#9986,#9987,#9988)),.UNSPECIFIED.,.F.,.F.,.F.)
B_SPLINE_SURFACE_WITH_KNOTS((4,4),(3,3),(0.,1.),(0.,1.),.UNSPECIFIED.)
GEOMETRIC_REPRESENTATION_ITEM()
RATIONAL_B_SPLINE_SURFACE(((1.,0.741792293620794,1.),(1.,0.741798642463598,
1.),(1.,0.740234094455131,1.),(1.,0.737277336810125,1.)))
REPRESENTATION_ITEM('')
SURFACE()
);
#39=(
BOUNDED_SURFACE()
B_SPLINE_SURFACE(3,2,((#10018,#10019,#10020),(#10021,#10022,#10023),(#10024,
#10025,#10026),(#10027,#10028,#10029)),.UNSPECIFIED.,.F.,.F.,.F.)
B_SPLINE_SURFACE_WITH_KNOTS((4,4),(3,3),(0.,1.),(0.,1.),.UNSPECIFIED.)
GEOMETRIC_REPRESENTATION_ITEM()
RATIONAL_B_SPLINE_SURFACE(((1.,0.741792293620794,1.),(1.,0.741798642463598,
1.),(1.,0.740234094455131,1.),(1.,0.737277336810125,1.)))
REPRESENTATION_ITEM('')
SURFACE()
);
#40=(
BOUNDED_SURFACE()
B_SPLINE_SURFACE(3,2,((#10041,#10042,#10043),(#10044,#10045,#10046),(#10047,
#10048,#10049),(#10050,#10051,#10052)),.UNSPECIFIED.,.F.,.F.,.F.)
B_SPLINE_SURFACE_WITH_KNOTS((4,4),(3,3),(0.,1.),(0.,1.),.UNSPECIFIED.)
GEOMETRIC_REPRESENTATION_ITEM()
RATIONAL_B_SPLINE_SURFACE(((1.,0.741792293620792,1.),(1.,0.741798642463597,
1.),(1.,0.740234094455131,1.),(1.,0.737277336810125,1.)))
REPRESENTATION_ITEM('')
SURFACE()
);
#41=(
BOUNDED_SURFACE()
B_SPLINE_SURFACE(3,2,((#10082,#10083,#10084),(#10085,#10086,#10087),(#10088,
#10089,#10090),(#10091,#10092,#10093)),.UNSPECIFIED.,.F.,.F.,.F.)
B_SPLINE_SURFACE_WITH_KNOTS((4,4),(3,3),(0.,1.),(0.,1.),.UNSPECIFIED.)
GEOMETRIC_REPRESENTATION_ITEM()
RATIONAL_B_SPLINE_SURFACE(((1.,0.741792293620791,1.),(1.,0.741798642463598,
1.),(1.,0.740234094455131,1.),(1.,0.737277336810122,1.)))
REPRESENTATION_ITEM('')
SURFACE()
);
#42=(
BOUNDED_SURFACE()
B_SPLINE_SURFACE(3,2,((#10105,#10106,#10107),(#10108,#10109,#10110),(#10111,
#10112,#10113),(#10114,#10115,#10116)),.UNSPECIFIED.,.F.,.F.,.F.)
B_SPLINE_SURFACE_WITH_KNOTS((4,4),(3,3),(0.,1.),(0.,1.),.UNSPECIFIED.)
GEOMETRIC_REPRESENTATION_ITEM()
RATIONAL_B_SPLINE_SURFACE(((1.,0.741792293620794,1.),(1.,0.741798642463599,
1.),(1.,0.740234094455131,1.),(1.,0.737277336810125,1.)))
REPRESENTATION_ITEM('')
SURFACE()
);
#43=(
BOUNDED_SURFACE()
B_SPLINE_SURFACE(3,2,((#10143,#10144,#10145),(#10146,#10147,#10148),(#10149,
#10150,#10151),(#10152,#10153,#10154)),.UNSPECIFIED.,.F.,.F.,.F.)
B_SPLINE_SURFACE_WITH_KNOTS((4,4),(3,3),(0.,1.),(0.,1.),.UNSPECIFIED.)
GEOMETRIC_REPRESENTATION_ITEM()
RATIONAL_B_SPLINE_SURFACE(((1.,0.741792293620794,1.),(1.,0.7417986424636,
1.),(1.,0.74023409445513,1.),(1.,0.737277336810125,1.)))
REPRESENTATION_ITEM('')
SURFACE()
);
#44=(
BOUNDED_SURFACE()
B_SPLINE_SURFACE(3,2,((#11297,#11298,#11299),(#11300,#11301,#11302),(#11303,
#11304,#11305),(#11306,#11307,#11308)),.UNSPECIFIED.,.F.,.F.,.F.)
B_SPLINE_SURFACE_WITH_KNOTS((4,4),(3,3),(0.,1.),(0.,1.),.UNSPECIFIED.)
GEOMETRIC_REPRESENTATION_ITEM()
RATIONAL_B_SPLINE_SURFACE(((1.,0.737277336810125,1.),(1.,0.740234094455131,
1.),(1.,0.741798642463598,1.),(1.,0.741792293620794,1.)))
REPRESENTATION_ITEM('')
SURFACE()
);
#45=(
BOUNDED_SURFACE()
B_SPLINE_SURFACE(3,2,((#11309,#11310,#11311),(#11312,#11313,#11314),(#11315,
#11316,#11317),(#11318,#11319,#11320)),.UNSPECIFIED.,.F.,.F.,.F.)
B_SPLINE_SURFACE_WITH_KNOTS((4,4),(3,3),(0.,1.),(0.,1.),.UNSPECIFIED.)
GEOMETRIC_REPRESENTATION_ITEM()
RATIONAL_B_SPLINE_SURFACE(((1.,0.737277336810125,1.),(1.,0.740234094455133,
1.),(1.,0.741798642463598,1.),(1.,0.741792293620794,1.)))
REPRESENTATION_ITEM('')
SURFACE()
);
#46=(
BOUNDED_SURFACE()
B_SPLINE_SURFACE(3,2,((#11321,#11322,#11323),(#11324,#11325,#11326),(#11327,
#11328,#11329),(#11330,#11331,#11332)),.UNSPECIFIED.,.F.,.F.,.F.)
B_SPLINE_SURFACE_WITH_KNOTS((4,4),(3,3),(0.,1.),(0.,1.),.UNSPECIFIED.)
GEOMETRIC_REPRESENTATION_ITEM()
RATIONAL_B_SPLINE_SURFACE(((1.,0.737277336810122,1.),(1.,0.740234094455131,
1.),(1.,0.741798642463598,1.),(1.,0.741792293620791,1.)))
REPRESENTATION_ITEM('')
SURFACE()
);
#47=(
BOUNDED_SURFACE()
B_SPLINE_SURFACE(3,2,((#11333,#11334,#11335),(#11336,#11337,#11338),(#11339,
#11340,#11341),(#11342,#11343,#11344)),.UNSPECIFIED.,.F.,.F.,.F.)
B_SPLINE_SURFACE_WITH_KNOTS((4,4),(3,3),(0.,1.),(0.,1.),.UNSPECIFIED.)
GEOMETRIC_REPRESENTATION_ITEM()
RATIONAL_B_SPLINE_SURFACE(((1.,0.737277336810125,1.),(1.,0.740234094455132,
1.),(1.,0.741798642463597,1.),(1.,0.741792293620792,1.)))
REPRESENTATION_ITEM('')
SURFACE()
);
#48=(
BOUNDED_SURFACE()
B_SPLINE_SURFACE(3,2,((#11345,#11346,#11347),(#11348,#11349,#11350),(#11351,
#11352,#11353),(#11354,#11355,#11356)),.UNSPECIFIED.,.F.,.F.,.F.)
B_SPLINE_SURFACE_WITH_KNOTS((4,4),(3,3),(0.,1.),(0.,1.),.UNSPECIFIED.)
GEOMETRIC_REPRESENTATION_ITEM()
RATIONAL_B_SPLINE_SURFACE(((1.,0.737277336810125,1.),(1.,0.740234094455132,
1.),(1.,0.741798642463596,1.),(1.,0.741792293620794,1.)))
REPRESENTATION_ITEM('')
SURFACE()
);
#49=(
BOUNDED_SURFACE()
B_SPLINE_SURFACE(3,2,((#11357,#11358,#11359),(#11360,#11361,#11362),(#11363,
#11364,#11365),(#11366,#11367,#11368)),.UNSPECIFIED.,.F.,.F.,.F.)
B_SPLINE_SURFACE_WITH_KNOTS((4,4),(3,3),(0.,1.),(0.,1.),.UNSPECIFIED.)
GEOMETRIC_REPRESENTATION_ITEM()
RATIONAL_B_SPLINE_SURFACE(((1.,0.737277336810125,1.),(1.,0.740234094455131,
1.),(1.,0.741798642463598,1.),(1.,0.741792293620791,1.)))
REPRESENTATION_ITEM('')
SURFACE()
);
#50=TOROIDAL_SURFACE('',#6655,4.85500769907629,2.);
#51=TOROIDAL_SURFACE('',#6663,4.85500769907629,2.);
#52=TOROIDAL_SURFACE('',#6668,4.85500769907629,2.);
#53=TOROIDAL_SURFACE('',#6676,4.85500769907629,2.);
#54=TOROIDAL_SURFACE('',#7000,4.85500769907629,2.);
#55=TOROIDAL_SURFACE('',#7001,4.85500769907629,2.);
#56=(
BOUNDED_CURVE()
B_SPLINE_CURVE(3,(#9369,#9370,#9371,#9372),.UNSPECIFIED.,.F.,.F.)
B_SPLINE_CURVE_WITH_KNOTS((4,4),(0.,1.),.UNSPECIFIED.)
CURVE()
GEOMETRIC_REPRESENTATION_ITEM()
RATIONAL_B_SPLINE_CURVE((1.,0.977283884192712,0.977283884192712,1.))
REPRESENTATION_ITEM('')
);
#57=(
BOUNDED_CURVE()
B_SPLINE_CURVE(3,(#9381,#9382,#9383,#9384),.UNSPECIFIED.,.F.,.F.)
B_SPLINE_CURVE_WITH_KNOTS((4,4),(0.,1.),.UNSPECIFIED.)
CURVE()
GEOMETRIC_REPRESENTATION_ITEM()
RATIONAL_B_SPLINE_CURVE((1.,0.977283884192713,0.977283884192713,1.))
REPRESENTATION_ITEM('')
);
#58=(
BOUNDED_CURVE()
B_SPLINE_CURVE(3,(#9386,#9387,#9388,#9389),.UNSPECIFIED.,.F.,.F.)
B_SPLINE_CURVE_WITH_KNOTS((4,4),(0.,1.),.UNSPECIFIED.)
CURVE()
GEOMETRIC_REPRESENTATION_ITEM()
RATIONAL_B_SPLINE_CURVE((1.,0.977283884192712,0.977283884192712,1.))
REPRESENTATION_ITEM('')
);
#59=(
BOUNDED_CURVE()
B_SPLINE_CURVE(3,(#9398,#9399,#9400,#9401),.UNSPECIFIED.,.F.,.F.)
B_SPLINE_CURVE_WITH_KNOTS((4,4),(0.,1.),.UNSPECIFIED.)
CURVE()
GEOMETRIC_REPRESENTATION_ITEM()
RATIONAL_B_SPLINE_CURVE((1.,0.977283884192712,0.977283884192712,1.))
REPRESENTATION_ITEM('')
);
#60=(
BOUNDED_CURVE()
B_SPLINE_CURVE(3,(#9403,#9404,#9405,#9406),.UNSPECIFIED.,.F.,.F.)
B_SPLINE_CURVE_WITH_KNOTS((4,4),(0.,1.),.UNSPECIFIED.)
CURVE()
GEOMETRIC_REPRESENTATION_ITEM()
RATIONAL_B_SPLINE_CURVE((1.,0.977283884192712,0.977283884192712,1.))
REPRESENTATION_ITEM('')
);
#61=(
BOUNDED_CURVE()
B_SPLINE_CURVE(3,(#9415,#9416,#9417,#9418),.UNSPECIFIED.,.F.,.F.)
B_SPLINE_CURVE_WITH_KNOTS((4,4),(0.,1.),.UNSPECIFIED.)
CURVE()
GEOMETRIC_REPRESENTATION_ITEM()
RATIONAL_B_SPLINE_CURVE((1.,0.977283884192712,0.977283884192712,1.))
REPRESENTATION_ITEM('')
);
#62=(
BOUNDED_CURVE()
B_SPLINE_CURVE(3,(#9420,#9421,#9422,#9423),.UNSPECIFIED.,.F.,.F.)
B_SPLINE_CURVE_WITH_KNOTS((4,4),(0.,1.),.UNSPECIFIED.)
CURVE()
GEOMETRIC_REPRESENTATION_ITEM()
RATIONAL_B_SPLINE_CURVE((1.,0.977283884192713,0.977283884192713,1.))
REPRESENTATION_ITEM('')
);
#63=(
BOUNDED_CURVE()
B_SPLINE_CURVE(3,(#9432,#9433,#9434,#9435),.UNSPECIFIED.,.F.,.F.)
B_SPLINE_CURVE_WITH_KNOTS((4,4),(0.,1.),.UNSPECIFIED.)
CURVE()
GEOMETRIC_REPRESENTATION_ITEM()
RATIONAL_B_SPLINE_CURVE((1.,0.977283884192712,0.977283884192712,1.))
REPRESENTATION_ITEM('')
);
#64=(
BOUNDED_CURVE()
B_SPLINE_CURVE(3,(#9437,#9438,#9439,#9440),.UNSPECIFIED.,.F.,.F.)
B_SPLINE_CURVE_WITH_KNOTS((4,4),(0.,1.),.UNSPECIFIED.)
CURVE()
GEOMETRIC_REPRESENTATION_ITEM()
RATIONAL_B_SPLINE_CURVE((1.,0.977283884192712,0.977283884192712,1.))
REPRESENTATION_ITEM('')
);
#65=(
BOUNDED_CURVE()
B_SPLINE_CURVE(3,(#9449,#9450,#9451,#9452),.UNSPECIFIED.,.F.,.F.)
B_SPLINE_CURVE_WITH_KNOTS((4,4),(0.,1.),.UNSPECIFIED.)
CURVE()
GEOMETRIC_REPRESENTATION_ITEM()
RATIONAL_B_SPLINE_CURVE((1.,0.977283884192712,0.977283884192712,1.))
REPRESENTATION_ITEM('')
);
#66=(
BOUNDED_CURVE()
B_SPLINE_CURVE(3,(#9454,#9455,#9456,#9457),.UNSPECIFIED.,.F.,.F.)
B_SPLINE_CURVE_WITH_KNOTS((4,4),(0.,1.),.UNSPECIFIED.)
CURVE()
GEOMETRIC_REPRESENTATION_ITEM()
RATIONAL_B_SPLINE_CURVE((1.,0.977283884192713,0.977283884192713,1.))
REPRESENTATION_ITEM('')
);
#67=(
BOUNDED_CURVE()
B_SPLINE_CURVE(3,(#9466,#9467,#9468,#9469),.UNSPECIFIED.,.F.,.F.)
B_SPLINE_CURVE_WITH_KNOTS((4,4),(0.,1.),.UNSPECIFIED.)
CURVE()
GEOMETRIC_REPRESENTATION_ITEM()
RATIONAL_B_SPLINE_CURVE((1.,0.977283884192712,0.977283884192712,1.))
REPRESENTATION_ITEM('')
);
#68=(
BOUNDED_CURVE()
B_SPLINE_CURVE(3,(#9827,#9828,#9829,#9830),.UNSPECIFIED.,.F.,.F.)
B_SPLINE_CURVE_WITH_KNOTS((4,4),(0.,1.),.UNSPECIFIED.)
CURVE()
GEOMETRIC_REPRESENTATION_ITEM()
RATIONAL_B_SPLINE_CURVE((1.,0.910683602522962,0.910683602522962,1.))
REPRESENTATION_ITEM('')
);
#69=(
BOUNDED_CURVE()
B_SPLINE_CURVE(3,(#9900,#9901,#9902,#9903),.UNSPECIFIED.,.F.,.F.)
B_SPLINE_CURVE_WITH_KNOTS((4,4),(0.,1.),.UNSPECIFIED.)
CURVE()
GEOMETRIC_REPRESENTATION_ITEM()
RATIONAL_B_SPLINE_CURVE((1.,0.910683602522962,0.910683602522962,1.))
REPRESENTATION_ITEM('')
);
#70=(
BOUNDED_CURVE()
B_SPLINE_CURVE(3,(#9973,#9974,#9975,#9976),.UNSPECIFIED.,.F.,.F.)
B_SPLINE_CURVE_WITH_KNOTS((4,4),(0.,1.),.UNSPECIFIED.)
CURVE()
GEOMETRIC_REPRESENTATION_ITEM()
RATIONAL_B_SPLINE_CURVE((1.,0.97747291734555,0.97747291734555,1.))
REPRESENTATION_ITEM('')
);
#71=(
BOUNDED_CURVE()
B_SPLINE_CURVE(3,(#10014,#10015,#10016,#10017),.UNSPECIFIED.,.F.,.F.)
B_SPLINE_CURVE_WITH_KNOTS((4,4),(0.,1.),.UNSPECIFIED.)
CURVE()
GEOMETRIC_REPRESENTATION_ITEM()
RATIONAL_B_SPLINE_CURVE((1.,0.977472917345549,0.977472917345549,1.))
REPRESENTATION_ITEM('')
);
#72=(
BOUNDED_CURVE()
B_SPLINE_CURVE(3,(#10037,#10038,#10039,#10040),.UNSPECIFIED.,.F.,.F.)
B_SPLINE_CURVE_WITH_KNOTS((4,4),(0.,1.),.UNSPECIFIED.)
CURVE()
GEOMETRIC_REPRESENTATION_ITEM()
RATIONAL_B_SPLINE_CURVE((1.,0.97747291734555,0.97747291734555,1.))
REPRESENTATION_ITEM('')
);
#73=(
BOUNDED_CURVE()
B_SPLINE_CURVE(3,(#10078,#10079,#10080,#10081),.UNSPECIFIED.,.F.,.F.)
B_SPLINE_CURVE_WITH_KNOTS((4,4),(0.,1.),.UNSPECIFIED.)
CURVE()
GEOMETRIC_REPRESENTATION_ITEM()
RATIONAL_B_SPLINE_CURVE((1.,0.97747291734555,0.97747291734555,1.))
REPRESENTATION_ITEM('')
);
#74=(
BOUNDED_CURVE()
B_SPLINE_CURVE(3,(#10101,#10102,#10103,#10104),.UNSPECIFIED.,.F.,.F.)
B_SPLINE_CURVE_WITH_KNOTS((4,4),(0.,1.),.UNSPECIFIED.)
CURVE()
GEOMETRIC_REPRESENTATION_ITEM()
RATIONAL_B_SPLINE_CURVE((1.,0.977472917345549,0.977472917345549,1.))
REPRESENTATION_ITEM('')
);
#75=(
BOUNDED_CURVE()
B_SPLINE_CURVE(3,(#10139,#10140,#10141,#10142),.UNSPECIFIED.,.F.,.F.)
B_SPLINE_CURVE_WITH_KNOTS((4,4),(0.,1.),.UNSPECIFIED.)
CURVE()
GEOMETRIC_REPRESENTATION_ITEM()
RATIONAL_B_SPLINE_CURVE((1.,0.97747291734555,0.97747291734555,1.))
REPRESENTATION_ITEM('')
);
#76=(
BOUNDED_CURVE()
B_SPLINE_CURVE(3,(#10163,#10164,#10165,#10166),.UNSPECIFIED.,.F.,.F.)
B_SPLINE_CURVE_WITH_KNOTS((4,4),(0.,1.),.UNSPECIFIED.)
CURVE()
GEOMETRIC_REPRESENTATION_ITEM()
RATIONAL_B_SPLINE_CURVE((1.,0.97747291734555,0.97747291734555,1.))
REPRESENTATION_ITEM('')
);
#77=(
BOUNDED_CURVE()
B_SPLINE_CURVE(3,(#10176,#10177,#10178,#10179),.UNSPECIFIED.,.F.,.F.)
B_SPLINE_CURVE_WITH_KNOTS((4,4),(0.,1.),.UNSPECIFIED.)
CURVE()
GEOMETRIC_REPRESENTATION_ITEM()
RATIONAL_B_SPLINE_CURVE((1.,0.911414077740961,0.911414077740961,1.))
REPRESENTATION_ITEM('')
);
#78=(
BOUNDED_CURVE()
B_SPLINE_CURVE(3,(#10189,#10190,#10191,#10192),.UNSPECIFIED.,.F.,.F.)
B_SPLINE_CURVE_WITH_KNOTS((4,4),(0.,1.),.UNSPECIFIED.)
CURVE()
GEOMETRIC_REPRESENTATION_ITEM()
RATIONAL_B_SPLINE_CURVE((1.,0.911414077740961,0.911414077740961,1.))
REPRESENTATION_ITEM('')
);
#79=(
BOUNDED_CURVE()
B_SPLINE_CURVE(3,(#10202,#10203,#10204,#10205),.UNSPECIFIED.,.F.,.F.)
B_SPLINE_CURVE_WITH_KNOTS((4,4),(0.,1.),.UNSPECIFIED.)
CURVE()
GEOMETRIC_REPRESENTATION_ITEM()
RATIONAL_B_SPLINE_CURVE((1.,0.911414077740961,0.911414077740961,1.))
REPRESENTATION_ITEM('')
);
#80=(
BOUNDED_CURVE()
B_SPLINE_CURVE(3,(#10215,#10216,#10217,#10218),.UNSPECIFIED.,.F.,.F.)
B_SPLINE_CURVE_WITH_KNOTS((4,4),(0.,1.),.UNSPECIFIED.)
CURVE()
GEOMETRIC_REPRESENTATION_ITEM()
RATIONAL_B_SPLINE_CURVE((1.,0.911414077740961,0.911414077740961,1.))
REPRESENTATION_ITEM('')
);
#81=(
BOUNDED_CURVE()
B_SPLINE_CURVE(3,(#10228,#10229,#10230,#10231),.UNSPECIFIED.,.F.,.F.)
B_SPLINE_CURVE_WITH_KNOTS((4,4),(0.,1.),.UNSPECIFIED.)
CURVE()
GEOMETRIC_REPRESENTATION_ITEM()
RATIONAL_B_SPLINE_CURVE((1.,0.911414077740961,0.911414077740961,1.))
REPRESENTATION_ITEM('')
);
#82=(
BOUNDED_CURVE()
B_SPLINE_CURVE(3,(#10233,#10234,#10235,#10236),.UNSPECIFIED.,.F.,.F.)
B_SPLINE_CURVE_WITH_KNOTS((4,4),(0.,1.),.UNSPECIFIED.)
CURVE()
GEOMETRIC_REPRESENTATION_ITEM()
RATIONAL_B_SPLINE_CURVE((1.,0.97747291734555,0.97747291734555,1.))
REPRESENTATION_ITEM('')
);
#83=(
BOUNDED_CURVE()
B_SPLINE_CURVE(3,(#10237,#10238,#10239,#10240),.UNSPECIFIED.,.F.,.F.)
B_SPLINE_CURVE_WITH_KNOTS((4,4),(0.,1.),.UNSPECIFIED.)
CURVE()
GEOMETRIC_REPRESENTATION_ITEM()
RATIONAL_B_SPLINE_CURVE((1.,0.97747291734555,0.97747291734555,1.))
REPRESENTATION_ITEM('')
);
#84=(
BOUNDED_CURVE()
B_SPLINE_CURVE(3,(#10241,#10242,#10243,#10244),.UNSPECIFIED.,.F.,.F.)
B_SPLINE_CURVE_WITH_KNOTS((4,4),(0.,1.),.UNSPECIFIED.)
CURVE()
GEOMETRIC_REPRESENTATION_ITEM()
RATIONAL_B_SPLINE_CURVE((1.,0.97747291734555,0.97747291734555,1.))
REPRESENTATION_ITEM('')
);
#85=(
BOUNDED_CURVE()
B_SPLINE_CURVE(3,(#10245,#10246,#10247,#10248),.UNSPECIFIED.,.F.,.F.)
B_SPLINE_CURVE_WITH_KNOTS((4,4),(0.,1.),.UNSPECIFIED.)
CURVE()
GEOMETRIC_REPRESENTATION_ITEM()
RATIONAL_B_SPLINE_CURVE((1.,0.97747291734555,0.97747291734555,1.))
REPRESENTATION_ITEM('')
);
#86=(
BOUNDED_CURVE()
B_SPLINE_CURVE(3,(#10249,#10250,#10251,#10252),.UNSPECIFIED.,.F.,.F.)
B_SPLINE_CURVE_WITH_KNOTS((4,4),(0.,1.),.UNSPECIFIED.)
CURVE()
GEOMETRIC_REPRESENTATION_ITEM()
RATIONAL_B_SPLINE_CURVE((1.,0.97747291734555,0.97747291734555,1.))
REPRESENTATION_ITEM('')
);
#87=(
BOUNDED_CURVE()
B_SPLINE_CURVE(3,(#10253,#10254,#10255,#10256),.UNSPECIFIED.,.F.,.F.)
B_SPLINE_CURVE_WITH_KNOTS((4,4),(0.,1.),.UNSPECIFIED.)
CURVE()
GEOMETRIC_REPRESENTATION_ITEM()
RATIONAL_B_SPLINE_CURVE((1.,0.97747291734555,0.97747291734555,1.))
REPRESENTATION_ITEM('')
);
#88=(
BOUNDED_CURVE()
B_SPLINE_CURVE(3,(#10342,#10343,#10344,#10345),.UNSPECIFIED.,.F.,.F.)
B_SPLINE_CURVE_WITH_KNOTS((4,4),(0.,1.),.UNSPECIFIED.)
CURVE()
GEOMETRIC_REPRESENTATION_ITEM()
RATIONAL_B_SPLINE_CURVE((1.,0.809281311823709,0.809281311823709,1.))
REPRESENTATION_ITEM('')
);
#89=(
BOUNDED_CURVE()
B_SPLINE_CURVE(3,(#10421,#10422,#10423,#10424),.UNSPECIFIED.,.F.,.F.)
B_SPLINE_CURVE_WITH_KNOTS((4,4),(0.,1.),.UNSPECIFIED.)
CURVE()
GEOMETRIC_REPRESENTATION_ITEM()
RATIONAL_B_SPLINE_CURVE((1.,0.80928131182371,0.80928131182371,1.))
REPRESENTATION_ITEM('')
);
#90=(
BOUNDED_CURVE()
B_SPLINE_CURVE(3,(#10524,#10525,#10526,#10527),.UNSPECIFIED.,.F.,.F.)
B_SPLINE_CURVE_WITH_KNOTS((4,4),(0.,1.),.UNSPECIFIED.)
CURVE()
GEOMETRIC_REPRESENTATION_ITEM()
RATIONAL_B_SPLINE_CURVE((1.,0.80928131182371,0.80928131182371,1.))
REPRESENTATION_ITEM('')
);
#91=(
BOUNDED_CURVE()
B_SPLINE_CURVE(3,(#10618,#10619,#10620,#10621),.UNSPECIFIED.,.F.,.F.)
B_SPLINE_CURVE_WITH_KNOTS((4,4),(0.,1.),.UNSPECIFIED.)
CURVE()
GEOMETRIC_REPRESENTATION_ITEM()
RATIONAL_B_SPLINE_CURVE((1.,0.80928131182371,0.80928131182371,1.))
REPRESENTATION_ITEM('')
);
#92=(
BOUNDED_CURVE()
B_SPLINE_CURVE(3,(#10686,#10687,#10688,#10689),.UNSPECIFIED.,.F.,.F.)
B_SPLINE_CURVE_WITH_KNOTS((4,4),(0.,1.),.UNSPECIFIED.)
CURVE()
GEOMETRIC_REPRESENTATION_ITEM()
RATIONAL_B_SPLINE_CURVE((1.,0.80928131182371,0.80928131182371,1.))
REPRESENTATION_ITEM('')
);
#93=(
BOUNDED_CURVE()
B_SPLINE_CURVE(3,(#10695,#10696,#10697,#10698),.UNSPECIFIED.,.F.,.F.)
B_SPLINE_CURVE_WITH_KNOTS((4,4),(0.,1.),.UNSPECIFIED.)
CURVE()
GEOMETRIC_REPRESENTATION_ITEM()
RATIONAL_B_SPLINE_CURVE((1.,0.809281311823709,0.809281311823709,1.))
REPRESENTATION_ITEM('')
);
#94=(
BOUNDED_CURVE()
B_SPLINE_CURVE(3,(#10704,#10705,#10706,#10707),.UNSPECIFIED.,.F.,.F.)
B_SPLINE_CURVE_WITH_KNOTS((4,4),(0.,1.),.UNSPECIFIED.)
CURVE()
GEOMETRIC_REPRESENTATION_ITEM()
RATIONAL_B_SPLINE_CURVE((1.,0.80928131182371,0.80928131182371,1.))
REPRESENTATION_ITEM('')
);
#95=(
BOUNDED_CURVE()
B_SPLINE_CURVE(3,(#10713,#10714,#10715,#10716),.UNSPECIFIED.,.F.,.F.)
B_SPLINE_CURVE_WITH_KNOTS((4,4),(0.,1.),.UNSPECIFIED.)
CURVE()
GEOMETRIC_REPRESENTATION_ITEM()
RATIONAL_B_SPLINE_CURVE((1.,0.80928131182371,0.80928131182371,1.))
REPRESENTATION_ITEM('')
);
#96=(
BOUNDED_CURVE()
B_SPLINE_CURVE(3,(#11268,#11269,#11270,#11271),.UNSPECIFIED.,.F.,.F.)
B_SPLINE_CURVE_WITH_KNOTS((4,4),(0.,1.),.UNSPECIFIED.)
CURVE()
GEOMETRIC_REPRESENTATION_ITEM()
RATIONAL_B_SPLINE_CURVE((1.,0.97747291734555,0.97747291734555,1.))
REPRESENTATION_ITEM('')
);
#97=FACE_BOUND('',#1330,.T.);
#98=FACE_BOUND('',#1331,.T.);
#99=FACE_BOUND('',#1332,.T.);
#100=FACE_BOUND('',#1333,.T.);
#101=FACE_BOUND('',#1451,.T.);
#102=FACE_BOUND('',#1452,.T.);
#103=FACE_BOUND('',#1453,.T.);
#104=FACE_BOUND('',#1458,.T.);
#105=FACE_BOUND('',#1459,.T.);
#106=FACE_BOUND('',#1460,.T.);
#107=FACE_BOUND('',#1499,.T.);
#108=FACE_BOUND('',#1500,.T.);
#109=FACE_BOUND('',#1502,.T.);
#110=FACE_BOUND('',#1503,.T.);
#111=FACE_BOUND('',#1530,.T.);
#112=FACE_BOUND('',#1531,.T.);
#113=FACE_BOUND('',#1544,.T.);
#114=FACE_BOUND('',#1545,.T.);
#115=FACE_BOUND('',#1579,.T.);
#116=FACE_BOUND('',#1580,.T.);
#117=FACE_BOUND('',#1584,.T.);
#118=FACE_BOUND('',#1585,.T.);
#119=FACE_BOUND('',#1589,.T.);
#120=FACE_BOUND('',#1590,.T.);
#121=FACE_BOUND('',#1594,.T.);
#122=FACE_BOUND('',#1595,.T.);
#123=FACE_BOUND('',#1598,.T.);
#124=FACE_BOUND('',#1599,.T.);
#125=FACE_BOUND('',#1602,.T.);
#126=FACE_BOUND('',#1603,.T.);
#127=FACE_BOUND('',#1606,.T.);
#128=FACE_BOUND('',#1607,.T.);
#129=FACE_BOUND('',#1610,.T.);
#130=FACE_BOUND('',#1611,.T.);
#131=FACE_BOUND('',#1614,.T.);
#132=FACE_BOUND('',#1615,.T.);
#133=FACE_BOUND('',#1621,.T.);
#134=FACE_BOUND('',#1622,.T.);
#135=FACE_BOUND('',#1623,.T.);
#136=FACE_BOUND('',#1624,.T.);
#137=FACE_BOUND('',#1625,.T.);
#138=FACE_BOUND('',#1626,.T.);
#139=FACE_BOUND('',#1627,.T.);
#140=FACE_BOUND('',#1628,.T.);
#141=FACE_BOUND('',#1629,.T.);
#142=FACE_BOUND('',#1630,.T.);
#143=FACE_BOUND('',#1631,.T.);
#144=FACE_BOUND('',#1632,.T.);
#145=FACE_BOUND('',#1633,.T.);
#146=FACE_BOUND('',#1634,.T.);
#147=FACE_BOUND('',#1635,.T.);
#148=CYLINDRICAL_SURFACE('',#6403,2.5);
#149=CYLINDRICAL_SURFACE('',#6407,2.5);
#150=CYLINDRICAL_SURFACE('',#6411,2.5);
#151=CYLINDRICAL_SURFACE('',#6415,2.5);
#152=CYLINDRICAL_SURFACE('',#6419,2.5);
#153=CYLINDRICAL_SURFACE('',#6423,2.5);
#154=CYLINDRICAL_SURFACE('',#6427,2.5);
#155=CYLINDRICAL_SURFACE('',#6431,2.5);
#156=CYLINDRICAL_SURFACE('',#6435,2.5);
#157=CYLINDRICAL_SURFACE('',#6439,2.5);
#158=CYLINDRICAL_SURFACE('',#6470,10.);
#159=CYLINDRICAL_SURFACE('',#6472,10.);
#160=CYLINDRICAL_SURFACE('',#6474,10.);
#161=CYLINDRICAL_SURFACE('',#6476,10.);
#162=CYLINDRICAL_SURFACE('',#6478,10.);
#163=CYLINDRICAL_SURFACE('',#6480,10.);
#164=CYLINDRICAL_SURFACE('',#6486,30.);
#165=CYLINDRICAL_SURFACE('',#6489,30.);
#166=CYLINDRICAL_SURFACE('',#6494,1.);
#167=CYLINDRICAL_SURFACE('',#6496,1.);
#168=CYLINDRICAL_SURFACE('',#6498,1.);
#169=CYLINDRICAL_SURFACE('',#6500,1.);
#170=CYLINDRICAL_SURFACE('',#6502,1.);
#171=CYLINDRICAL_SURFACE('',#6504,1.);
#172=CYLINDRICAL_SURFACE('',#6657,2.);
#173=CYLINDRICAL_SURFACE('',#6660,2.);
#174=CYLINDRICAL_SURFACE('',#6670,2.);
#175=CYLINDRICAL_SURFACE('',#6673,2.);
#176=CYLINDRICAL_SURFACE('',#6680,2.);
#177=CYLINDRICAL_SURFACE('',#6683,2.);
#178=CYLINDRICAL_SURFACE('',#6688,2.);
#179=CYLINDRICAL_SURFACE('',#6691,2.);
#180=CYLINDRICAL_SURFACE('',#6696,2.);
#181=CYLINDRICAL_SURFACE('',#6699,2.);
#182=CYLINDRICAL_SURFACE('',#6701,3.);
#183=CYLINDRICAL_SURFACE('',#6702,3.);
#184=CYLINDRICAL_SURFACE('',#6703,3.);
#185=CYLINDRICAL_SURFACE('',#6704,3.);
#186=CYLINDRICAL_SURFACE('',#6705,3.);
#187=CYLINDRICAL_SURFACE('',#6706,3.);
#188=CYLINDRICAL_SURFACE('',#6739,3.);
#189=CYLINDRICAL_SURFACE('',#6741,3.);
#190=CYLINDRICAL_SURFACE('',#6745,3.);
#191=CYLINDRICAL_SURFACE('',#6747,3.);
#192=CYLINDRICAL_SURFACE('',#6748,10.);
#193=CYLINDRICAL_SURFACE('',#6749,10.);
#194=CYLINDRICAL_SURFACE('',#6750,10.);
#195=CYLINDRICAL_SURFACE('',#6751,10.);
#196=CYLINDRICAL_SURFACE('',#6757,10.);
#197=CYLINDRICAL_SURFACE('',#6759,10.);
#198=CYLINDRICAL_SURFACE('',#6761,10.);
#199=CYLINDRICAL_SURFACE('',#6763,10.);
#200=CYLINDRICAL_SURFACE('',#6765,10.);
#201=CYLINDRICAL_SURFACE('',#6767,10.);
#202=CYLINDRICAL_SURFACE('',#6769,10.);
#203=CYLINDRICAL_SURFACE('',#6771,10.);
#204=CYLINDRICAL_SURFACE('',#6782,3.);
#205=CYLINDRICAL_SURFACE('',#6783,3.);
#206=CYLINDRICAL_SURFACE('',#6784,5.);
#207=CYLINDRICAL_SURFACE('',#6785,5.);
#208=CYLINDRICAL_SURFACE('',#6786,2.);
#209=CYLINDRICAL_SURFACE('',#6787,2.);
#210=CYLINDRICAL_SURFACE('',#6792,6.00000000000001);
#211=CYLINDRICAL_SURFACE('',#6802,5.);
#212=CYLINDRICAL_SURFACE('',#6804,5.);
#213=CYLINDRICAL_SURFACE('',#6806,5.);
#214=CYLINDRICAL_SURFACE('',#6808,5.);
#215=CYLINDRICAL_SURFACE('',#6810,5.);
#216=CYLINDRICAL_SURFACE('',#6812,5.);
#217=CYLINDRICAL_SURFACE('',#6814,5.);
#218=CYLINDRICAL_SURFACE('',#6816,5.);
#219=CYLINDRICAL_SURFACE('',#6831,3.);
#220=CYLINDRICAL_SURFACE('',#6833,3.);
#221=CYLINDRICAL_SURFACE('',#6835,3.);
#222=CYLINDRICAL_SURFACE('',#6837,3.);
#223=CYLINDRICAL_SURFACE('',#6839,3.);
#224=CYLINDRICAL_SURFACE('',#6841,3.);
#225=CYLINDRICAL_SURFACE('',#6843,3.);
#226=CYLINDRICAL_SURFACE('',#6845,3.);
#227=CYLINDRICAL_SURFACE('',#6847,3.);
#228=CYLINDRICAL_SURFACE('',#6849,3.);
#229=CYLINDRICAL_SURFACE('',#6851,3.);
#230=CYLINDRICAL_SURFACE('',#6853,3.);
#231=CYLINDRICAL_SURFACE('',#6865,6.);
#232=CYLINDRICAL_SURFACE('',#6867,6.);
#233=CYLINDRICAL_SURFACE('',#6869,6.);
#234=CYLINDRICAL_SURFACE('',#6871,6.);
#235=CYLINDRICAL_SURFACE('',#6873,6.);
#236=CYLINDRICAL_SURFACE('',#6875,6.);
#237=CYLINDRICAL_SURFACE('',#6877,6.);
#238=CYLINDRICAL_SURFACE('',#6879,6.);
#239=CYLINDRICAL_SURFACE('',#6881,6.);
#240=CYLINDRICAL_SURFACE('',#6883,6.);
#241=CYLINDRICAL_SURFACE('',#6885,6.);
#242=CYLINDRICAL_SURFACE('',#6887,6.);
#243=CYLINDRICAL_SURFACE('',#6889,6.);
#244=CYLINDRICAL_SURFACE('',#6891,6.);
#245=CYLINDRICAL_SURFACE('',#6893,6.);
#246=CYLINDRICAL_SURFACE('',#6895,6.);
#247=CYLINDRICAL_SURFACE('',#6897,6.);
#248=CYLINDRICAL_SURFACE('',#6899,6.);
#249=CYLINDRICAL_SURFACE('',#6901,6.);
#250=CYLINDRICAL_SURFACE('',#6903,6.);
#251=CYLINDRICAL_SURFACE('',#6910,4.3);
#252=CYLINDRICAL_SURFACE('',#6916,2.24999999999999);
#253=CYLINDRICAL_SURFACE('',#6920,4.3);
#254=CYLINDRICAL_SURFACE('',#6926,2.24999999999999);
#255=CYLINDRICAL_SURFACE('',#6930,4.3);
#256=CYLINDRICAL_SURFACE('',#6936,2.24999999999999);
#257=CYLINDRICAL_SURFACE('',#6940,4.3);
#258=CYLINDRICAL_SURFACE('',#6946,2.24999999999999);
#259=CYLINDRICAL_SURFACE('',#6981,2.24999999999999);
#260=CYLINDRICAL_SURFACE('',#6982,4.3);
#261=CYLINDRICAL_SURFACE('',#6985,2.24999999999999);
#262=CYLINDRICAL_SURFACE('',#6986,4.3);
#263=CYLINDRICAL_SURFACE('',#6989,2.24999999999999);
#264=CYLINDRICAL_SURFACE('',#6990,4.3);
#265=CYLINDRICAL_SURFACE('',#6993,2.24999999999999);
#266=CYLINDRICAL_SURFACE('',#6994,4.3);
#267=CYLINDRICAL_SURFACE('',#6996,6.00000000000001);
#268=CYLINDRICAL_SURFACE('',#6999,3.);
#269=CYLINDRICAL_SURFACE('',#7005,2.5);
#270=CYLINDRICAL_SURFACE('',#7008,2.5);
#271=CYLINDRICAL_SURFACE('',#7011,2.5);
#272=CYLINDRICAL_SURFACE('',#7014,2.5);
#273=CYLINDRICAL_SURFACE('',#7017,2.5);
#274=CYLINDRICAL_SURFACE('',#7020,2.5);
#275=CYLINDRICAL_SURFACE('',#7023,2.5);
#276=CYLINDRICAL_SURFACE('',#7026,2.5);
#277=CYLINDRICAL_SURFACE('',#7029,2.5);
#278=CYLINDRICAL_SURFACE('',#7032,2.5);
#279=CONICAL_SURFACE('',#6359,6.50000000000001,45.0000000000009);
#280=CONICAL_SURFACE('',#6363,5.49999999999998,45.0000000000011);
#281=CONICAL_SURFACE('',#6367,6.50000000000002,45.0000000000009);
#282=CONICAL_SURFACE('',#6370,6.49999999999997,44.9999999999997);
#283=CONICAL_SURFACE('',#6374,5.50000000000004,44.9999999999997);
#284=CONICAL_SURFACE('',#6378,6.49999999999997,44.9999999999997);
#285=CONICAL_SURFACE('',#6381,6.50000000000001,45.0000000000001);
#286=CONICAL_SURFACE('',#6385,5.5,45.0000000000001);
#287=CONICAL_SURFACE('',#6389,6.5,45.0000000000001);
#288=CONICAL_SURFACE('',#6392,6.50000000000002,45.0000000000009);
#289=CONICAL_SURFACE('',#6396,5.49999999999998,45.0000000000011);
#290=CONICAL_SURFACE('',#6400,6.50000000000002,45.0000000000011);
#291=CONICAL_SURFACE('',#6404,2.5,59.);
#292=CONICAL_SURFACE('',#6408,2.5,59.);
#293=CONICAL_SURFACE('',#6412,2.5,59.);
#294=CONICAL_SURFACE('',#6416,2.5,59.);
#295=CONICAL_SURFACE('',#6420,2.5,59.);
#296=CONICAL_SURFACE('',#6424,2.5,59.);
#297=CONICAL_SURFACE('',#6428,2.5,59.);
#298=CONICAL_SURFACE('',#6432,2.5,59.);
#299=CONICAL_SURFACE('',#6436,2.5,59.);
#300=CONICAL_SURFACE('',#6440,2.5,59.);
#301=CONICAL_SURFACE('',#6444,8.99999999999997,45.);
#302=CONICAL_SURFACE('',#6447,8.99999999999997,45.);
#303=CONICAL_SURFACE('',#6450,31.,45.);
#304=CONICAL_SURFACE('',#6454,8.99999999999997,45.);
#305=CONICAL_SURFACE('',#6457,8.99999999999997,45.);
#306=CONICAL_SURFACE('',#6462,8.99999999999997,45.0000000000002);
#307=CONICAL_SURFACE('',#6465,8.99999999999997,45.);
#308=CONICAL_SURFACE('',#6468,31.,45.0000000000001);
#309=CONICAL_SURFACE('',#6507,5.00000000000003,44.9999999999991);
#310=CONICAL_SURFACE('',#6517,6.99999999999997,45.);
#311=CONICAL_SURFACE('',#6520,6.99999999999997,45.);
#312=CONICAL_SURFACE('',#6525,6.99999999999997,45.);
#313=CONICAL_SURFACE('',#6528,6.99999999999997,45.);
#314=CONICAL_SURFACE('',#6533,6.00000000000003,45.);
#315=CONICAL_SURFACE('',#6536,6.00000000000003,45.0000000000001);
#316=CONICAL_SURFACE('',#6541,3.99999999999997,45.);
#317=CONICAL_SURFACE('',#6544,6.00000000000003,45.0000000000001);
#318=CONICAL_SURFACE('',#6549,6.00000000000003,45.);
#319=CONICAL_SURFACE('',#6552,3.99999999999997,45.);
#320=CONICAL_SURFACE('',#6557,6.00000000000003,45.);
#321=CONICAL_SURFACE('',#6560,6.00000000000003,45.);
#322=CONICAL_SURFACE('',#6565,7.,45.);
#323=CONICAL_SURFACE('',#6568,7.,45.);
#324=CONICAL_SURFACE('',#6573,7.,45.);
#325=CONICAL_SURFACE('',#6576,7.,45.);
#326=CONICAL_SURFACE('',#6581,2.,45.);
#327=CONICAL_SURFACE('',#6584,4.,45.);
#328=CONICAL_SURFACE('',#6587,2.,45.);
#329=CONICAL_SURFACE('',#6592,2.,45.);
#330=CONICAL_SURFACE('',#6595,4.,45.);
#331=CONICAL_SURFACE('',#6598,2.,45.);
#332=CONICAL_SURFACE('',#6603,2.,45.);
#333=CONICAL_SURFACE('',#6606,4.,45.);
#334=CONICAL_SURFACE('',#6609,2.,45.);
#335=CONICAL_SURFACE('',#6614,2.,45.);
#336=CONICAL_SURFACE('',#6617,4.,45.);
#337=CONICAL_SURFACE('',#6620,2.,45.);
#338=CONICAL_SURFACE('',#6625,9.00000000000004,44.9999999999998);
#339=CONICAL_SURFACE('',#6628,9.00000000000004,44.9999999999998);
#340=CONICAL_SURFACE('',#6631,11.,44.9999999999999);
#341=CONICAL_SURFACE('',#6635,11.,44.9999999999999);
#342=CONICAL_SURFACE('',#6639,11.,45.);
#343=CONICAL_SURFACE('',#6643,11.,45.);
#344=CONICAL_SURFACE('',#6646,9.00000000000004,44.9999999999999);
#345=CONICAL_SURFACE('',#6649,9.00000000000004,44.9999999999999);
#346=CONICAL_SURFACE('',#6721,8.,5.00000000000001);
#347=CONICAL_SURFACE('',#6724,8.,5.00000000000001);
#348=CONICAL_SURFACE('',#6732,8.,5.00000000000001);
#349=CONICAL_SURFACE('',#6735,8.,5.00000000000001);
#350=CONICAL_SURFACE('',#6917,2.25,58.9999999999998);
#351=CONICAL_SURFACE('',#6927,2.25,58.9999999999998);
#352=CONICAL_SURFACE('',#6937,2.25,58.9999999999998);
#353=CONICAL_SURFACE('',#6947,2.25,58.9999999999998);
#354=CONICAL_SURFACE('',#6980,2.25,58.9999999999998);
#355=CONICAL_SURFACE('',#6984,2.25,58.9999999999998);
#356=CONICAL_SURFACE('',#6988,2.25,58.9999999999998);
#357=CONICAL_SURFACE('',#6992,2.25,58.9999999999998);
#358=CONICAL_SURFACE('',#6997,8.,5.00000000000001);
#359=CONICAL_SURFACE('',#6998,8.,5.00000000000001);
#360=CONICAL_SURFACE('',#7002,5.00000000000003,44.9999999999991);
#361=CONICAL_SURFACE('',#7004,2.5,59.);
#362=CONICAL_SURFACE('',#7007,2.5,59.);
#363=CONICAL_SURFACE('',#7010,2.5,59.);
#364=CONICAL_SURFACE('',#7013,2.5,59.);
#365=CONICAL_SURFACE('',#7016,2.5,59.);
#366=CONICAL_SURFACE('',#7019,2.5,59.);
#367=CONICAL_SURFACE('',#7022,2.5,59.);
#368=CONICAL_SURFACE('',#7025,2.5,59.);
#369=CONICAL_SURFACE('',#7028,2.5,59.);
#370=CONICAL_SURFACE('',#7031,2.5,59.);
#371=B_SPLINE_CURVE_WITH_KNOTS('',3,(#8959,#8960,#8961,#8962),
 .UNSPECIFIED.,.F.,.F.,(4,4),(0.,1.),.UNSPECIFIED.);
#372=B_SPLINE_CURVE_WITH_KNOTS('',3,(#8989,#8990,#8991,#8992),
 .UNSPECIFIED.,.F.,.F.,(4,4),(0.,1.),.UNSPECIFIED.);
#373=B_SPLINE_CURVE_WITH_KNOTS('',3,(#8998,#8999,#9000,#9001),
 .UNSPECIFIED.,.F.,.F.,(4,4),(0.,1.),.UNSPECIFIED.);
#374=B_SPLINE_CURVE_WITH_KNOTS('',3,(#9028,#9029,#9030,#9031),
 .UNSPECIFIED.,.F.,.F.,(4,4),(0.,1.),.UNSPECIFIED.);
#375=B_SPLINE_CURVE_WITH_KNOTS('',3,(#9037,#9038,#9039,#9040),
 .UNSPECIFIED.,.F.,.F.,(4,4),(0.,1.),.UNSPECIFIED.);
#376=B_SPLINE_CURVE_WITH_KNOTS('',3,(#9067,#9068,#9069,#9070),
 .UNSPECIFIED.,.F.,.F.,(4,4),(0.,1.),.UNSPECIFIED.);
#377=B_SPLINE_CURVE_WITH_KNOTS('',3,(#9076,#9077,#9078,#9079),
 .UNSPECIFIED.,.F.,.F.,(4,4),(0.,1.),.UNSPECIFIED.);
#378=B_SPLINE_CURVE_WITH_KNOTS('',3,(#9106,#9107,#9108,#9109),
 .UNSPECIFIED.,.F.,.F.,(4,4),(0.,1.),.UNSPECIFIED.);
#379=B_SPLINE_CURVE_WITH_KNOTS('',3,(#9966,#9967,#9968,#9969),
 .UNSPECIFIED.,.F.,.F.,(4,4),(0.,1.),.UNSPECIFIED.);
#380=B_SPLINE_CURVE_WITH_KNOTS('',3,(#10007,#10008,#10009,#10010),
 .UNSPECIFIED.,.F.,.F.,(4,4),(0.,1.),.UNSPECIFIED.);
#381=B_SPLINE_CURVE_WITH_KNOTS('',3,(#10033,#10034,#10035,#10036),
 .UNSPECIFIED.,.F.,.F.,(4,4),(0.,1.),.UNSPECIFIED.);
#382=B_SPLINE_CURVE_WITH_KNOTS('',3,(#10071,#10072,#10073,#10074),
 .UNSPECIFIED.,.F.,.F.,(4,4),(0.,1.),.UNSPECIFIED.);
#383=B_SPLINE_CURVE_WITH_KNOTS('',3,(#10097,#10098,#10099,#10100),
 .UNSPECIFIED.,.F.,.F.,(4,4),(0.,1.),.UNSPECIFIED.);
#384=B_SPLINE_CURVE_WITH_KNOTS('',3,(#10135,#10136,#10137,#10138),
 .UNSPECIFIED.,.F.,.F.,(4,4),(0.,1.),.UNSPECIFIED.);
#385=B_SPLINE_CURVE_WITH_KNOTS('',3,(#10157,#10158,#10159,#10160),
 .UNSPECIFIED.,.F.,.F.,(4,4),(0.,1.),.UNSPECIFIED.);
#386=B_SPLINE_CURVE_WITH_KNOTS('',3,(#10170,#10171,#10172,#10173),
 .UNSPECIFIED.,.F.,.F.,(4,4),(0.,1.),.UNSPECIFIED.);
#387=B_SPLINE_CURVE_WITH_KNOTS('',3,(#10183,#10184,#10185,#10186),
 .UNSPECIFIED.,.F.,.F.,(4,4),(0.,1.),.UNSPECIFIED.);
#388=B_SPLINE_CURVE_WITH_KNOTS('',3,(#10196,#10197,#10198,#10199),
 .UNSPECIFIED.,.F.,.F.,(4,4),(0.,1.),.UNSPECIFIED.);
#389=B_SPLINE_CURVE_WITH_KNOTS('',3,(#10209,#10210,#10211,#10212),
 .UNSPECIFIED.,.F.,.F.,(4,4),(0.,1.),.UNSPECIFIED.);
#390=B_SPLINE_CURVE_WITH_KNOTS('',3,(#10222,#10223,#10224,#10225),
 .UNSPECIFIED.,.F.,.F.,(4,4),(0.,1.),.UNSPECIFIED.);
#391=B_SPLINE_CURVE_WITH_KNOTS('',3,(#10321,#10322,#10323,#10324,#10325,
#10326,#10327,#10328,#10329,#10330,#10331,#10332,#10333,#10334,#10335,#10336,
#10337,#10338),.UNSPECIFIED.,.F.,.F.,(4,2,2,2,2,2,2,2,4),(0.,0.124999999999999,
0.187499999999999,0.249999999999999,0.499999999999998,0.624999999999999,
0.687499999999998,0.749999999999998,1.),.UNSPECIFIED.);
#392=B_SPLINE_CURVE_WITH_KNOTS('',3,(#10425,#10426,#10427,#10428,#10429,
#10430,#10431,#10432,#10433,#10434,#10435,#10436,#10437,#10438,#10439,#10440,
#10441,#10442),.UNSPECIFIED.,.F.,.F.,(4,2,2,2,2,2,2,2,4),(0.,0.124999999999999,
0.187499999999999,0.249999999999998,0.499999999999999,0.624999999999999,
0.687499999999999,0.749999999999999,1.),.UNSPECIFIED.);
#393=B_SPLINE_CURVE_WITH_KNOTS('',3,(#10506,#10507,#10508,#10509,#10510,
#10511,#10512,#10513,#10514,#10515,#10516,#10517,#10518,#10519,#10520,#10521,
#10522,#10523),.UNSPECIFIED.,.F.,.F.,(4,2,2,2,2,2,2,2,4),(0.,0.124999999999999,
0.187499999999999,0.249999999999999,0.499999999999998,0.624999999999997,
0.687499999999997,0.749999999999997,1.),.UNSPECIFIED.);
#394=B_SPLINE_CURVE_WITH_KNOTS('',3,(#10600,#10601,#10602,#10603,#10604,
#10605,#10606,#10607,#10608,#10609,#10610,#10611,#10612,#10613,#10614,#10615,
#10616,#10617),.UNSPECIFIED.,.F.,.F.,(4,2,2,2,2,2,2,2,4),(0.,0.125,0.1875,
0.25,0.5,0.625000000000001,0.687500000000001,0.750000000000002,1.),
 .UNSPECIFIED.);
#395=ADVANCED_FACE('NONE',(#912),#776,.T.);
#396=ADVANCED_FACE('NONE',(#913),#279,.F.);
#397=ADVANCED_FACE('NONE',(#914),#777,.F.);
#398=ADVANCED_FACE('NONE',(#915),#280,.T.);
#399=ADVANCED_FACE('NONE',(#916),#778,.F.);
#400=ADVANCED_FACE('NONE',(#917),#281,.F.);
#401=ADVANCED_FACE('NONE',(#918),#282,.F.);
#402=ADVANCED_FACE('NONE',(#919),#779,.T.);
#403=ADVANCED_FACE('NONE',(#920),#283,.T.);
#404=ADVANCED_FACE('NONE',(#921),#780,.T.);
#405=ADVANCED_FACE('NONE',(#922),#284,.F.);
#406=ADVANCED_FACE('NONE',(#923),#285,.F.);
#407=ADVANCED_FACE('NONE',(#924),#781,.F.);
#408=ADVANCED_FACE('NONE',(#925),#286,.T.);
#409=ADVANCED_FACE('NONE',(#926),#782,.F.);
#410=ADVANCED_FACE('NONE',(#927),#287,.F.);
#411=ADVANCED_FACE('NONE',(#928),#288,.F.);
#412=ADVANCED_FACE('NONE',(#929),#783,.T.);
#413=ADVANCED_FACE('NONE',(#930),#289,.T.);
#414=ADVANCED_FACE('NONE',(#931),#784,.T.);
#415=ADVANCED_FACE('NONE',(#932),#290,.F.);
#416=ADVANCED_FACE('NONE',(#933),#148,.F.);
#417=ADVANCED_FACE('NONE',(#934),#291,.F.);
#418=ADVANCED_FACE('NONE',(#935),#149,.F.);
#419=ADVANCED_FACE('NONE',(#936),#292,.F.);
#420=ADVANCED_FACE('NONE',(#937),#150,.F.);
#421=ADVANCED_FACE('NONE',(#938),#293,.F.);
#422=ADVANCED_FACE('NONE',(#939),#151,.F.);
#423=ADVANCED_FACE('NONE',(#940),#294,.F.);
#424=ADVANCED_FACE('NONE',(#941),#152,.F.);
#425=ADVANCED_FACE('NONE',(#942),#295,.F.);
#426=ADVANCED_FACE('NONE',(#943),#153,.F.);
#427=ADVANCED_FACE('NONE',(#944),#296,.F.);
#428=ADVANCED_FACE('NONE',(#945),#154,.F.);
#429=ADVANCED_FACE('NONE',(#946),#297,.F.);
#430=ADVANCED_FACE('NONE',(#947),#155,.F.);
#431=ADVANCED_FACE('NONE',(#948),#298,.F.);
#432=ADVANCED_FACE('NONE',(#949),#156,.F.);
#433=ADVANCED_FACE('NONE',(#950),#299,.F.);
#434=ADVANCED_FACE('NONE',(#951),#157,.F.);
#435=ADVANCED_FACE('NONE',(#952),#300,.F.);
#436=ADVANCED_FACE('NONE',(#953),#785,.T.);
#437=ADVANCED_FACE('NONE',(#954),#301,.T.);
#438=ADVANCED_FACE('NONE',(#955),#302,.T.);
#439=ADVANCED_FACE('NONE',(#956),#303,.F.);
#440=ADVANCED_FACE('NONE',(#957),#786,.T.);
#441=ADVANCED_FACE('NONE',(#958),#304,.T.);
#442=ADVANCED_FACE('NONE',(#959),#305,.T.);
#443=ADVANCED_FACE('NONE',(#960),#787,.T.);
#444=ADVANCED_FACE('NONE',(#961),#788,.T.);
#445=ADVANCED_FACE('NONE',(#962),#306,.T.);
#446=ADVANCED_FACE('NONE',(#963),#307,.T.);
#447=ADVANCED_FACE('NONE',(#964),#308,.F.);
#448=ADVANCED_FACE('NONE',(#965),#158,.T.);
#449=ADVANCED_FACE('NONE',(#966),#159,.T.);
#450=ADVANCED_FACE('NONE',(#967),#160,.T.);
#451=ADVANCED_FACE('NONE',(#968),#161,.T.);
#452=ADVANCED_FACE('NONE',(#969),#162,.T.);
#453=ADVANCED_FACE('NONE',(#970),#163,.T.);
#454=ADVANCED_FACE('NONE',(#97,#98,#99,#100),#789,.T.);
#455=ADVANCED_FACE('NONE',(#971),#164,.F.);
#456=ADVANCED_FACE('NONE',(#972),#790,.F.);
#457=ADVANCED_FACE('NONE',(#973),#165,.F.);
#458=ADVANCED_FACE('NONE',(#974),#791,.F.);
#459=ADVANCED_FACE('NONE',(#975),#792,.F.);
#460=ADVANCED_FACE('NONE',(#976),#793,.F.);
#461=ADVANCED_FACE('NONE',(#977),#166,.T.);
#462=ADVANCED_FACE('NONE',(#978),#167,.T.);
#463=ADVANCED_FACE('NONE',(#979),#168,.T.);
#464=ADVANCED_FACE('NONE',(#980),#169,.T.);
#465=ADVANCED_FACE('NONE',(#981),#170,.T.);
#466=ADVANCED_FACE('NONE',(#982),#171,.T.);
#467=ADVANCED_FACE('NONE',(#983),#309,.T.);
#468=ADVANCED_FACE('NONE',(#984),#794,.T.);
#469=ADVANCED_FACE('NONE',(#985),#795,.T.);
#470=ADVANCED_FACE('NONE',(#986),#796,.T.);
#471=ADVANCED_FACE('NONE',(#987),#797,.T.);
#472=ADVANCED_FACE('NONE',(#988),#798,.T.);
#473=ADVANCED_FACE('NONE',(#989),#799,.T.);
#474=ADVANCED_FACE('NONE',(#990),#800,.F.);
#475=ADVANCED_FACE('NONE',(#991),#310,.F.);
#476=ADVANCED_FACE('NONE',(#992),#311,.F.);
#477=ADVANCED_FACE('NONE',(#993),#801,.F.);
#478=ADVANCED_FACE('NONE',(#994),#802,.F.);
#479=ADVANCED_FACE('NONE',(#995),#312,.F.);
#480=ADVANCED_FACE('NONE',(#996),#313,.F.);
#481=ADVANCED_FACE('NONE',(#997),#803,.F.);
#482=ADVANCED_FACE('NONE',(#998),#804,.F.);
#483=ADVANCED_FACE('NONE',(#999),#314,.F.);
#484=ADVANCED_FACE('NONE',(#1000),#315,.F.);
#485=ADVANCED_FACE('NONE',(#1001),#805,.F.);
#486=ADVANCED_FACE('NONE',(#1002),#806,.F.);
#487=ADVANCED_FACE('NONE',(#1003),#316,.T.);
#488=ADVANCED_FACE('NONE',(#1004),#317,.F.);
#489=ADVANCED_FACE('NONE',(#1005),#807,.F.);
#490=ADVANCED_FACE('NONE',(#1006),#808,.F.);
#491=ADVANCED_FACE('NONE',(#1007),#318,.F.);
#492=ADVANCED_FACE('NONE',(#1008),#319,.T.);
#493=ADVANCED_FACE('NONE',(#1009),#809,.F.);
#494=ADVANCED_FACE('NONE',(#1010),#810,.F.);
#495=ADVANCED_FACE('NONE',(#1011),#320,.F.);
#496=ADVANCED_FACE('NONE',(#1012),#321,.F.);
#497=ADVANCED_FACE('NONE',(#1013),#811,.F.);
#498=ADVANCED_FACE('NONE',(#1014),#812,.T.);
#499=ADVANCED_FACE('NONE',(#1015),#322,.F.);
#500=ADVANCED_FACE('NONE',(#1016),#323,.F.);
#501=ADVANCED_FACE('NONE',(#1017),#813,.T.);
#502=ADVANCED_FACE('NONE',(#1018),#814,.T.);
#503=ADVANCED_FACE('NONE',(#1019),#324,.F.);
#504=ADVANCED_FACE('NONE',(#1020),#325,.F.);
#505=ADVANCED_FACE('NONE',(#1021),#815,.T.);
#506=ADVANCED_FACE('NONE',(#1022),#816,.T.);
#507=ADVANCED_FACE('NONE',(#1023),#326,.T.);
#508=ADVANCED_FACE('NONE',(#1024),#327,.F.);
#509=ADVANCED_FACE('NONE',(#1025),#328,.T.);
#510=ADVANCED_FACE('NONE',(#1026),#817,.T.);
#511=ADVANCED_FACE('NONE',(#1027),#818,.T.);
#512=ADVANCED_FACE('NONE',(#1028),#329,.T.);
#513=ADVANCED_FACE('NONE',(#1029),#330,.F.);
#514=ADVANCED_FACE('NONE',(#1030),#331,.T.);
#515=ADVANCED_FACE('NONE',(#1031),#819,.T.);
#516=ADVANCED_FACE('NONE',(#1032),#820,.T.);
#517=ADVANCED_FACE('NONE',(#1033),#332,.T.);
#518=ADVANCED_FACE('NONE',(#1034),#333,.F.);
#519=ADVANCED_FACE('NONE',(#1035),#334,.T.);
#520=ADVANCED_FACE('NONE',(#1036),#821,.T.);
#521=ADVANCED_FACE('NONE',(#1037),#822,.T.);
#522=ADVANCED_FACE('NONE',(#1038),#335,.T.);
#523=ADVANCED_FACE('NONE',(#1039),#336,.F.);
#524=ADVANCED_FACE('NONE',(#1040),#337,.T.);
#525=ADVANCED_FACE('NONE',(#1041),#823,.T.);
#526=ADVANCED_FACE('NONE',(#1042),#824,.T.);
#527=ADVANCED_FACE('NONE',(#1043),#338,.T.);
#528=ADVANCED_FACE('NONE',(#1044),#339,.T.);
#529=ADVANCED_FACE('NONE',(#1045),#340,.F.);
#530=ADVANCED_FACE('NONE',(#1046),#825,.T.);
#531=ADVANCED_FACE('NONE',(#1047),#341,.F.);
#532=ADVANCED_FACE('NONE',(#1048),#826,.T.);
#533=ADVANCED_FACE('NONE',(#1049),#342,.F.);
#534=ADVANCED_FACE('NONE',(#1050),#827,.T.);
#535=ADVANCED_FACE('NONE',(#1051),#343,.F.);
#536=ADVANCED_FACE('NONE',(#1052),#344,.T.);
#537=ADVANCED_FACE('NONE',(#1053),#345,.T.);
#538=ADVANCED_FACE('NONE',(#1054),#828,.T.);
#539=ADVANCED_FACE('NONE',(#1055),#50,.T.);
#540=ADVANCED_FACE('NONE',(#1056),#172,.T.);
#541=ADVANCED_FACE('NONE',(#1057),#173,.T.);
#542=ADVANCED_FACE('NONE',(#1058),#51,.T.);
#543=ADVANCED_FACE('NONE',(#1059),#52,.T.);
#544=ADVANCED_FACE('NONE',(#1060),#174,.T.);
#545=ADVANCED_FACE('NONE',(#1061),#175,.T.);
#546=ADVANCED_FACE('NONE',(#1062),#53,.T.);
#547=ADVANCED_FACE('NONE',(#1063),#38,.T.);
#548=ADVANCED_FACE('NONE',(#1064),#176,.T.);
#549=ADVANCED_FACE('NONE',(#1065),#177,.T.);
#550=ADVANCED_FACE('NONE',(#1066),#39,.T.);
#551=ADVANCED_FACE('NONE',(#1067),#40,.T.);
#552=ADVANCED_FACE('NONE',(#1068),#178,.T.);
#553=ADVANCED_FACE('NONE',(#1069),#179,.T.);
#554=ADVANCED_FACE('NONE',(#1070),#41,.T.);
#555=ADVANCED_FACE('NONE',(#1071),#42,.T.);
#556=ADVANCED_FACE('NONE',(#1072),#180,.T.);
#557=ADVANCED_FACE('NONE',(#1073),#181,.T.);
#558=ADVANCED_FACE('NONE',(#1074),#43,.T.);
#559=ADVANCED_FACE('NONE',(#1075),#182,.T.);
#560=ADVANCED_FACE('NONE',(#1076),#183,.T.);
#561=ADVANCED_FACE('NONE',(#1077),#184,.T.);
#562=ADVANCED_FACE('NONE',(#1078),#185,.T.);
#563=ADVANCED_FACE('NONE',(#1079),#186,.T.);
#564=ADVANCED_FACE('NONE',(#1080),#187,.T.);
#565=ADVANCED_FACE('NONE',(#1081),#829,.T.);
#566=ADVANCED_FACE('NONE',(#1082),#830,.T.);
#567=ADVANCED_FACE('NONE',(#1083),#831,.T.);
#568=ADVANCED_FACE('NONE',(#1084),#832,.T.);
#569=ADVANCED_FACE('NONE',(#1085),#833,.T.);
#570=ADVANCED_FACE('NONE',(#1086),#834,.T.);
#571=ADVANCED_FACE('NONE',(#1087),#835,.T.);
#572=ADVANCED_FACE('NONE',(#101,#102,#103),#836,.T.);
#573=ADVANCED_FACE('NONE',(#1088),#837,.T.);
#574=ADVANCED_FACE('NONE',(#1089),#346,.T.);
#575=ADVANCED_FACE('NONE',(#1090),#838,.T.);
#576=ADVANCED_FACE('NONE',(#1091),#347,.T.);
#577=ADVANCED_FACE('NONE',(#104,#105,#106),#839,.T.);
#578=ADVANCED_FACE('NONE',(#1092),#840,.T.);
#579=ADVANCED_FACE('NONE',(#1093),#348,.T.);
#580=ADVANCED_FACE('NONE',(#1094),#841,.T.);
#581=ADVANCED_FACE('NONE',(#1095),#349,.T.);
#582=ADVANCED_FACE('NONE',(#1096),#34,.T.);
#583=ADVANCED_FACE('NONE',(#1097),#188,.T.);
#584=ADVANCED_FACE('NONE',(#1098),#189,.T.);
#585=ADVANCED_FACE('NONE',(#1099),#35,.T.);
#586=ADVANCED_FACE('NONE',(#1100),#36,.T.);
#587=ADVANCED_FACE('NONE',(#1101),#190,.T.);
#588=ADVANCED_FACE('NONE',(#1102),#191,.T.);
#589=ADVANCED_FACE('NONE',(#1103),#37,.T.);
#590=ADVANCED_FACE('NONE',(#1104),#192,.F.);
#591=ADVANCED_FACE('NONE',(#1105),#193,.F.);
#592=ADVANCED_FACE('NONE',(#1106),#194,.F.);
#593=ADVANCED_FACE('NONE',(#1107),#195,.F.);
#594=ADVANCED_FACE('NONE',(#1108),#842,.F.);
#595=ADVANCED_FACE('NONE',(#1109),#843,.F.);
#596=ADVANCED_FACE('NONE',(#1110),#844,.F.);
#597=ADVANCED_FACE('NONE',(#1111),#845,.F.);
#598=ADVANCED_FACE('NONE',(#1112),#196,.F.);
#599=ADVANCED_FACE('NONE',(#1113),#197,.F.);
#600=ADVANCED_FACE('NONE',(#1114),#198,.T.);
#601=ADVANCED_FACE('NONE',(#1115),#199,.T.);
#602=ADVANCED_FACE('NONE',(#1116),#200,.F.);
#603=ADVANCED_FACE('NONE',(#1117),#201,.T.);
#604=ADVANCED_FACE('NONE',(#1118),#202,.T.);
#605=ADVANCED_FACE('NONE',(#1119),#203,.F.);
#606=ADVANCED_FACE('NONE',(#1120),#846,.F.);
#607=ADVANCED_FACE('NONE',(#1121),#847,.F.);
#608=ADVANCED_FACE('NONE',(#1122),#848,.F.);
#609=ADVANCED_FACE('NONE',(#1123),#849,.T.);
#610=ADVANCED_FACE('NONE',(#1124),#204,.T.);
#611=ADVANCED_FACE('NONE',(#1125),#205,.T.);
#612=ADVANCED_FACE('NONE',(#1126),#206,.F.);
#613=ADVANCED_FACE('NONE',(#1127),#207,.F.);
#614=ADVANCED_FACE('NONE',(#1128),#208,.T.);
#615=ADVANCED_FACE('NONE',(#1129),#209,.T.);
#616=ADVANCED_FACE('NONE',(#107,#108),#850,.T.);
#617=ADVANCED_FACE('NONE',(#1130),#210,.T.);
#618=ADVANCED_FACE('NONE',(#109,#110),#851,.T.);
#619=ADVANCED_FACE('NONE',(#1131),#852,.F.);
#620=ADVANCED_FACE('NONE',(#1132),#853,.F.);
#621=ADVANCED_FACE('NONE',(#1133),#854,.F.);
#622=ADVANCED_FACE('NONE',(#1134),#855,.F.);
#623=ADVANCED_FACE('NONE',(#1135),#856,.F.);
#624=ADVANCED_FACE('NONE',(#1136),#857,.F.);
#625=ADVANCED_FACE('NONE',(#1137),#211,.T.);
#626=ADVANCED_FACE('NONE',(#1138),#212,.F.);
#627=ADVANCED_FACE('NONE',(#1139),#213,.F.);
#628=ADVANCED_FACE('NONE',(#1140),#214,.T.);
#629=ADVANCED_FACE('NONE',(#1141),#215,.F.);
#630=ADVANCED_FACE('NONE',(#1142),#216,.F.);
#631=ADVANCED_FACE('NONE',(#1143),#217,.F.);
#632=ADVANCED_FACE('NONE',(#1144),#218,.F.);
#633=ADVANCED_FACE('NONE',(#1145),#858,.T.);
#634=ADVANCED_FACE('NONE',(#1146),#859,.T.);
#635=ADVANCED_FACE('NONE',(#1147),#860,.T.);
#636=ADVANCED_FACE('NONE',(#1148),#861,.T.);
#637=ADVANCED_FACE('NONE',(#1149),#862,.F.);
#638=ADVANCED_FACE('NONE',(#1150),#863,.F.);
#639=ADVANCED_FACE('NONE',(#1151),#864,.F.);
#640=ADVANCED_FACE('NONE',(#1152),#865,.F.);
#641=ADVANCED_FACE('NONE',(#1153),#866,.F.);
#642=ADVANCED_FACE('NONE',(#1154),#867,.F.);
#643=ADVANCED_FACE('NONE',(#1155),#868,.F.);
#644=ADVANCED_FACE('NONE',(#1156),#869,.F.);
#645=ADVANCED_FACE('NONE',(#111,#112),#870,.F.);
#646=ADVANCED_FACE('NONE',(#1157),#219,.F.);
#647=ADVANCED_FACE('NONE',(#1158),#220,.T.);
#648=ADVANCED_FACE('NONE',(#1159),#221,.T.);
#649=ADVANCED_FACE('NONE',(#1160),#222,.F.);
#650=ADVANCED_FACE('NONE',(#1161),#223,.T.);
#651=ADVANCED_FACE('NONE',(#1162),#224,.T.);
#652=ADVANCED_FACE('NONE',(#1163),#225,.F.);
#653=ADVANCED_FACE('NONE',(#1164),#226,.T.);
#654=ADVANCED_FACE('NONE',(#1165),#227,.T.);
#655=ADVANCED_FACE('NONE',(#1166),#228,.F.);
#656=ADVANCED_FACE('NONE',(#1167),#229,.T.);
#657=ADVANCED_FACE('NONE',(#1168),#230,.T.);
#658=ADVANCED_FACE('NONE',(#113,#114),#871,.T.);
#659=ADVANCED_FACE('NONE',(#1169),#872,.F.);
#660=ADVANCED_FACE('NONE',(#1170),#873,.F.);
#661=ADVANCED_FACE('NONE',(#1171),#874,.F.);
#662=ADVANCED_FACE('NONE',(#1172),#875,.F.);
#663=ADVANCED_FACE('NONE',(#1173),#876,.F.);
#664=ADVANCED_FACE('NONE',(#1174),#877,.F.);
#665=ADVANCED_FACE('NONE',(#1175),#878,.F.);
#666=ADVANCED_FACE('NONE',(#1176),#879,.F.);
#667=ADVANCED_FACE('NONE',(#1177),#231,.F.);
#668=ADVANCED_FACE('NONE',(#1178),#232,.T.);
#669=ADVANCED_FACE('NONE',(#1179),#233,.T.);
#670=ADVANCED_FACE('NONE',(#1180),#234,.T.);
#671=ADVANCED_FACE('NONE',(#1181),#235,.T.);
#672=ADVANCED_FACE('NONE',(#1182),#236,.F.);
#673=ADVANCED_FACE('NONE',(#1183),#237,.F.);
#674=ADVANCED_FACE('NONE',(#1184),#238,.F.);
#675=ADVANCED_FACE('NONE',(#1185),#239,.F.);
#676=ADVANCED_FACE('NONE',(#1186),#240,.F.);
#677=ADVANCED_FACE('NONE',(#1187),#241,.F.);
#678=ADVANCED_FACE('NONE',(#1188),#242,.F.);
#679=ADVANCED_FACE('NONE',(#1189),#243,.F.);
#680=ADVANCED_FACE('NONE',(#1190),#244,.F.);
#681=ADVANCED_FACE('NONE',(#1191),#245,.F.);
#682=ADVANCED_FACE('NONE',(#1192),#246,.F.);
#683=ADVANCED_FACE('NONE',(#1193),#247,.F.);
#684=ADVANCED_FACE('NONE',(#1194),#248,.F.);
#685=ADVANCED_FACE('NONE',(#1195),#249,.F.);
#686=ADVANCED_FACE('NONE',(#1196),#250,.F.);
#687=ADVANCED_FACE('NONE',(#1197),#880,.F.);
#688=ADVANCED_FACE('NONE',(#1198),#881,.F.);
#689=ADVANCED_FACE('NONE',(#1199),#882,.F.);
#690=ADVANCED_FACE('NONE',(#1200),#883,.F.);
#691=ADVANCED_FACE('NONE',(#1201),#251,.F.);
#692=ADVANCED_FACE('NONE',(#115,#116),#884,.F.);
#693=ADVANCED_FACE('NONE',(#1202),#252,.F.);
#694=ADVANCED_FACE('NONE',(#1203),#350,.F.);
#695=ADVANCED_FACE('NONE',(#1204),#253,.F.);
#696=ADVANCED_FACE('NONE',(#117,#118),#885,.F.);
#697=ADVANCED_FACE('NONE',(#1205),#254,.F.);
#698=ADVANCED_FACE('NONE',(#1206),#351,.F.);
#699=ADVANCED_FACE('NONE',(#1207),#255,.F.);
#700=ADVANCED_FACE('NONE',(#119,#120),#886,.F.);
#701=ADVANCED_FACE('NONE',(#1208),#256,.F.);
#702=ADVANCED_FACE('NONE',(#1209),#352,.F.);
#703=ADVANCED_FACE('NONE',(#1210),#257,.F.);
#704=ADVANCED_FACE('NONE',(#121,#122),#887,.F.);
#705=ADVANCED_FACE('NONE',(#1211),#258,.F.);
#706=ADVANCED_FACE('NONE',(#1212),#353,.F.);
#707=ADVANCED_FACE('NONE',(#123,#124),#888,.F.);
#708=ADVANCED_FACE('NONE',(#1213),#889,.F.);
#709=ADVANCED_FACE('NONE',(#1214),#890,.F.);
#710=ADVANCED_FACE('NONE',(#125,#126),#891,.F.);
#711=ADVANCED_FACE('NONE',(#1215),#892,.T.);
#712=ADVANCED_FACE('NONE',(#1216),#893,.T.);
#713=ADVANCED_FACE('NONE',(#127,#128),#894,.F.);
#714=ADVANCED_FACE('NONE',(#1217),#895,.T.);
#715=ADVANCED_FACE('NONE',(#1218),#896,.T.);
#716=ADVANCED_FACE('NONE',(#129,#130),#897,.F.);
#717=ADVANCED_FACE('NONE',(#1219),#898,.F.);
#718=ADVANCED_FACE('NONE',(#1220),#899,.F.);
#719=ADVANCED_FACE('NONE',(#131,#132),#900,.F.);
#720=ADVANCED_FACE('NONE',(#1221),#901,.T.);
#721=ADVANCED_FACE('NONE',(#1222),#902,.F.);
#722=ADVANCED_FACE('NONE',(#1223),#903,.F.);
#723=ADVANCED_FACE('NONE',(#1224),#904,.F.);
#724=ADVANCED_FACE('NONE',(#1225),#905,.F.);
#725=ADVANCED_FACE('NONE',(#133,#134),#906,.T.);
#726=ADVANCED_FACE('NONE',(#135,#136),#907,.T.);
#727=ADVANCED_FACE('NONE',(#137,#138),#908,.F.);
#728=ADVANCED_FACE('NONE',(#139,#140,#141),#909,.T.);
#729=ADVANCED_FACE('NONE',(#142,#143,#144,#145),#910,.T.);
#730=ADVANCED_FACE('NONE',(#146,#147),#911,.F.);
#731=ADVANCED_FACE('NONE',(#1226),#354,.F.);
#732=ADVANCED_FACE('NONE',(#1227),#259,.F.);
#733=ADVANCED_FACE('NONE',(#1228),#260,.F.);
#734=ADVANCED_FACE('NONE',(#1229),#355,.F.);
#735=ADVANCED_FACE('NONE',(#1230),#261,.F.);
#736=ADVANCED_FACE('NONE',(#1231),#262,.F.);
#737=ADVANCED_FACE('NONE',(#1232),#356,.F.);
#738=ADVANCED_FACE('NONE',(#1233),#263,.F.);
#739=ADVANCED_FACE('NONE',(#1234),#264,.F.);
#740=ADVANCED_FACE('NONE',(#1235),#357,.F.);
#741=ADVANCED_FACE('NONE',(#1236),#265,.F.);
#742=ADVANCED_FACE('NONE',(#1237),#266,.F.);
#743=ADVANCED_FACE('NONE',(#1238),#267,.T.);
#744=ADVANCED_FACE('NONE',(#1239),#358,.T.);
#745=ADVANCED_FACE('NONE',(#1240),#359,.T.);
#746=ADVANCED_FACE('NONE',(#1241),#268,.T.);
#747=ADVANCED_FACE('NONE',(#1242),#44,.T.);
#748=ADVANCED_FACE('NONE',(#1243),#45,.T.);
#749=ADVANCED_FACE('NONE',(#1244),#46,.T.);
#750=ADVANCED_FACE('NONE',(#1245),#47,.T.);
#751=ADVANCED_FACE('NONE',(#1246),#48,.T.);
#752=ADVANCED_FACE('NONE',(#1247),#49,.T.);
#753=ADVANCED_FACE('NONE',(#1248),#54,.T.);
#754=ADVANCED_FACE('NONE',(#1249),#55,.T.);
#755=ADVANCED_FACE('NONE',(#1250),#360,.T.);
#756=ADVANCED_FACE('NONE',(#1251),#361,.F.);
#757=ADVANCED_FACE('NONE',(#1252),#269,.F.);
#758=ADVANCED_FACE('NONE',(#1253),#362,.F.);
#759=ADVANCED_FACE('NONE',(#1254),#270,.F.);
#760=ADVANCED_FACE('NONE',(#1255),#363,.F.);
#761=ADVANCED_FACE('NONE',(#1256),#271,.F.);
#762=ADVANCED_FACE('NONE',(#1257),#364,.F.);
#763=ADVANCED_FACE('NONE',(#1258),#272,.F.);
#764=ADVANCED_FACE('NONE',(#1259),#365,.F.);
#765=ADVANCED_FACE('NONE',(#1260),#273,.F.);
#766=ADVANCED_FACE('NONE',(#1261),#366,.F.);
#767=ADVANCED_FACE('NONE',(#1262),#274,.F.);
#768=ADVANCED_FACE('NONE',(#1263),#367,.F.);
#769=ADVANCED_FACE('NONE',(#1264),#275,.F.);
#770=ADVANCED_FACE('NONE',(#1265),#368,.F.);
#771=ADVANCED_FACE('NONE',(#1266),#276,.F.);
#772=ADVANCED_FACE('NONE',(#1267),#369,.F.);
#773=ADVANCED_FACE('NONE',(#1268),#277,.F.);
#774=ADVANCED_FACE('NONE',(#1269),#370,.F.);
#775=ADVANCED_FACE('NONE',(#1270),#278,.F.);
#776=PLANE('',#6356);
#777=PLANE('',#6360);
#778=PLANE('',#6364);
#779=PLANE('',#6371);
#780=PLANE('',#6375);
#781=PLANE('',#6382);
#782=PLANE('',#6386);
#783=PLANE('',#6393);
#784=PLANE('',#6397);
#785=PLANE('',#6441);
#786=PLANE('',#6451);
#787=PLANE('',#6458);
#788=PLANE('',#6459);
#789=PLANE('',#6484);
#790=PLANE('',#6487);
#791=PLANE('',#6490);
#792=PLANE('',#6491);
#793=PLANE('',#6492);
#794=PLANE('',#6508);
#795=PLANE('',#6509);
#796=PLANE('',#6510);
#797=PLANE('',#6511);
#798=PLANE('',#6512);
#799=PLANE('',#6513);
#800=PLANE('',#6514);
#801=PLANE('',#6521);
#802=PLANE('',#6522);
#803=PLANE('',#6529);
#804=PLANE('',#6530);
#805=PLANE('',#6537);
#806=PLANE('',#6538);
#807=PLANE('',#6545);
#808=PLANE('',#6546);
#809=PLANE('',#6553);
#810=PLANE('',#6554);
#811=PLANE('',#6561);
#812=PLANE('',#6562);
#813=PLANE('',#6569);
#814=PLANE('',#6570);
#815=PLANE('',#6577);
#816=PLANE('',#6578);
#817=PLANE('',#6588);
#818=PLANE('',#6589);
#819=PLANE('',#6599);
#820=PLANE('',#6600);
#821=PLANE('',#6610);
#822=PLANE('',#6611);
#823=PLANE('',#6621);
#824=PLANE('',#6622);
#825=PLANE('',#6632);
#826=PLANE('',#6636);
#827=PLANE('',#6640);
#828=PLANE('',#6650);
#829=PLANE('',#6707);
#830=PLANE('',#6708);
#831=PLANE('',#6709);
#832=PLANE('',#6710);
#833=PLANE('',#6711);
#834=PLANE('',#6712);
#835=PLANE('',#6713);
#836=PLANE('',#6717);
#837=PLANE('',#6718);
#838=PLANE('',#6722);
#839=PLANE('',#6728);
#840=PLANE('',#6729);
#841=PLANE('',#6733);
#842=PLANE('',#6752);
#843=PLANE('',#6753);
#844=PLANE('',#6754);
#845=PLANE('',#6755);
#846=PLANE('',#6772);
#847=PLANE('',#6773);
#848=PLANE('',#6774);
#849=PLANE('',#6781);
#850=PLANE('',#6790);
#851=PLANE('',#6794);
#852=PLANE('',#6795);
#853=PLANE('',#6796);
#854=PLANE('',#6797);
#855=PLANE('',#6798);
#856=PLANE('',#6799);
#857=PLANE('',#6800);
#858=PLANE('',#6817);
#859=PLANE('',#6818);
#860=PLANE('',#6819);
#861=PLANE('',#6820);
#862=PLANE('',#6821);
#863=PLANE('',#6822);
#864=PLANE('',#6823);
#865=PLANE('',#6824);
#866=PLANE('',#6825);
#867=PLANE('',#6826);
#868=PLANE('',#6827);
#869=PLANE('',#6828);
#870=PLANE('',#6829);
#871=PLANE('',#6855);
#872=PLANE('',#6856);
#873=PLANE('',#6857);
#874=PLANE('',#6858);
#875=PLANE('',#6859);
#876=PLANE('',#6860);
#877=PLANE('',#6861);
#878=PLANE('',#6862);
#879=PLANE('',#6863);
#880=PLANE('',#6904);
#881=PLANE('',#6905);
#882=PLANE('',#6906);
#883=PLANE('',#6907);
#884=PLANE('',#6914);
#885=PLANE('',#6924);
#886=PLANE('',#6934);
#887=PLANE('',#6944);
#888=PLANE('',#6949);
#889=PLANE('',#6950);
#890=PLANE('',#6951);
#891=PLANE('',#6953);
#892=PLANE('',#6954);
#893=PLANE('',#6955);
#894=PLANE('',#6957);
#895=PLANE('',#6958);
#896=PLANE('',#6959);
#897=PLANE('',#6961);
#898=PLANE('',#6962);
#899=PLANE('',#6963);
#900=PLANE('',#6964);
#901=PLANE('',#6965);
#902=PLANE('',#6966);
#903=PLANE('',#6967);
#904=PLANE('',#6968);
#905=PLANE('',#6969);
#906=PLANE('',#6970);
#907=PLANE('',#6971);
#908=PLANE('',#6972);
#909=PLANE('',#6974);
#910=PLANE('',#6977);
#911=PLANE('',#6978);
#912=FACE_OUTER_BOUND('',#1271,.T.);
#913=FACE_OUTER_BOUND('',#1272,.T.);
#914=FACE_OUTER_BOUND('',#1273,.T.);
#915=FACE_OUTER_BOUND('',#1274,.T.);
#916=FACE_OUTER_BOUND('',#1275,.T.);
#917=FACE_OUTER_BOUND('',#1276,.T.);
#918=FACE_OUTER_BOUND('',#1277,.T.);
#919=FACE_OUTER_BOUND('',#1278,.T.);
#920=FACE_OUTER_BOUND('',#1279,.T.);
#921=FACE_OUTER_BOUND('',#1280,.T.);
#922=FACE_OUTER_BOUND('',#1281,.T.);
#923=FACE_OUTER_BOUND('',#1282,.T.);
#924=FACE_OUTER_BOUND('',#1283,.T.);
#925=FACE_OUTER_BOUND('',#1284,.T.);
#926=FACE_OUTER_BOUND('',#1285,.T.);
#927=FACE_OUTER_BOUND('',#1286,.T.);
#928=FACE_OUTER_BOUND('',#1287,.T.);
#929=FACE_OUTER_BOUND('',#1288,.T.);
#930=FACE_OUTER_BOUND('',#1289,.T.);
#931=FACE_OUTER_BOUND('',#1290,.T.);
#932=FACE_OUTER_BOUND('',#1291,.T.);
#933=FACE_OUTER_BOUND('',#1292,.T.);
#934=FACE_OUTER_BOUND('',#1293,.T.);
#935=FACE_OUTER_BOUND('',#1294,.T.);
#936=FACE_OUTER_BOUND('',#1295,.T.);
#937=FACE_OUTER_BOUND('',#1296,.T.);
#938=FACE_OUTER_BOUND('',#1297,.T.);
#939=FACE_OUTER_BOUND('',#1298,.T.);
#940=FACE_OUTER_BOUND('',#1299,.T.);
#941=FACE_OUTER_BOUND('',#1300,.T.);
#942=FACE_OUTER_BOUND('',#1301,.T.);
#943=FACE_OUTER_BOUND('',#1302,.T.);
#944=FACE_OUTER_BOUND('',#1303,.T.);
#945=FACE_OUTER_BOUND('',#1304,.T.);
#946=FACE_OUTER_BOUND('',#1305,.T.);
#947=FACE_OUTER_BOUND('',#1306,.T.);
#948=FACE_OUTER_BOUND('',#1307,.T.);
#949=FACE_OUTER_BOUND('',#1308,.T.);
#950=FACE_OUTER_BOUND('',#1309,.T.);
#951=FACE_OUTER_BOUND('',#1310,.T.);
#952=FACE_OUTER_BOUND('',#1311,.T.);
#953=FACE_OUTER_BOUND('',#1312,.T.);
#954=FACE_OUTER_BOUND('',#1313,.T.);
#955=FACE_OUTER_BOUND('',#1314,.T.);
#956=FACE_OUTER_BOUND('',#1315,.T.);
#957=FACE_OUTER_BOUND('',#1316,.T.);
#958=FACE_OUTER_BOUND('',#1317,.T.);
#959=FACE_OUTER_BOUND('',#1318,.T.);
#960=FACE_OUTER_BOUND('',#1319,.T.);
#961=FACE_OUTER_BOUND('',#1320,.T.);
#962=FACE_OUTER_BOUND('',#1321,.T.);
#963=FACE_OUTER_BOUND('',#1322,.T.);
#964=FACE_OUTER_BOUND('',#1323,.T.);
#965=FACE_OUTER_BOUND('',#1324,.T.);
#966=FACE_OUTER_BOUND('',#1325,.T.);
#967=FACE_OUTER_BOUND('',#1326,.T.);
#968=FACE_OUTER_BOUND('',#1327,.T.);
#969=FACE_OUTER_BOUND('',#1328,.T.);
#970=FACE_OUTER_BOUND('',#1329,.T.);
#971=FACE_OUTER_BOUND('',#1334,.T.);
#972=FACE_OUTER_BOUND('',#1335,.T.);
#973=FACE_OUTER_BOUND('',#1336,.T.);
#974=FACE_OUTER_BOUND('',#1337,.T.);
#975=FACE_OUTER_BOUND('',#1338,.T.);
#976=FACE_OUTER_BOUND('',#1339,.T.);
#977=FACE_OUTER_BOUND('',#1340,.T.);
#978=FACE_OUTER_BOUND('',#1341,.T.);
#979=FACE_OUTER_BOUND('',#1342,.T.);
#980=FACE_OUTER_BOUND('',#1343,.T.);
#981=FACE_OUTER_BOUND('',#1344,.T.);
#982=FACE_OUTER_BOUND('',#1345,.T.);
#983=FACE_OUTER_BOUND('',#1346,.T.);
#984=FACE_OUTER_BOUND('',#1347,.T.);
#985=FACE_OUTER_BOUND('',#1348,.T.);
#986=FACE_OUTER_BOUND('',#1349,.T.);
#987=FACE_OUTER_BOUND('',#1350,.T.);
#988=FACE_OUTER_BOUND('',#1351,.T.);
#989=FACE_OUTER_BOUND('',#1352,.T.);
#990=FACE_OUTER_BOUND('',#1353,.T.);
#991=FACE_OUTER_BOUND('',#1354,.T.);
#992=FACE_OUTER_BOUND('',#1355,.T.);
#993=FACE_OUTER_BOUND('',#1356,.T.);
#994=FACE_OUTER_BOUND('',#1357,.T.);
#995=FACE_OUTER_BOUND('',#1358,.T.);
#996=FACE_OUTER_BOUND('',#1359,.T.);
#997=FACE_OUTER_BOUND('',#1360,.T.);
#998=FACE_OUTER_BOUND('',#1361,.T.);
#999=FACE_OUTER_BOUND('',#1362,.T.);
#1000=FACE_OUTER_BOUND('',#1363,.T.);
#1001=FACE_OUTER_BOUND('',#1364,.T.);
#1002=FACE_OUTER_BOUND('',#1365,.T.);
#1003=FACE_OUTER_BOUND('',#1366,.T.);
#1004=FACE_OUTER_BOUND('',#1367,.T.);
#1005=FACE_OUTER_BOUND('',#1368,.T.);
#1006=FACE_OUTER_BOUND('',#1369,.T.);
#1007=FACE_OUTER_BOUND('',#1370,.T.);
#1008=FACE_OUTER_BOUND('',#1371,.T.);
#1009=FACE_OUTER_BOUND('',#1372,.T.);
#1010=FACE_OUTER_BOUND('',#1373,.T.);
#1011=FACE_OUTER_BOUND('',#1374,.T.);
#1012=FACE_OUTER_BOUND('',#1375,.T.);
#1013=FACE_OUTER_BOUND('',#1376,.T.);
#1014=FACE_OUTER_BOUND('',#1377,.T.);
#1015=FACE_OUTER_BOUND('',#1378,.T.);
#1016=FACE_OUTER_BOUND('',#1379,.T.);
#1017=FACE_OUTER_BOUND('',#1380,.T.);
#1018=FACE_OUTER_BOUND('',#1381,.T.);
#1019=FACE_OUTER_BOUND('',#1382,.T.);
#1020=FACE_OUTER_BOUND('',#1383,.T.);
#1021=FACE_OUTER_BOUND('',#1384,.T.);
#1022=FACE_OUTER_BOUND('',#1385,.T.);
#1023=FACE_OUTER_BOUND('',#1386,.T.);
#1024=FACE_OUTER_BOUND('',#1387,.T.);
#1025=FACE_OUTER_BOUND('',#1388,.T.);
#1026=FACE_OUTER_BOUND('',#1389,.T.);
#1027=FACE_OUTER_BOUND('',#1390,.T.);
#1028=FACE_OUTER_BOUND('',#1391,.T.);
#1029=FACE_OUTER_BOUND('',#1392,.T.);
#1030=FACE_OUTER_BOUND('',#1393,.T.);
#1031=FACE_OUTER_BOUND('',#1394,.T.);
#1032=FACE_OUTER_BOUND('',#1395,.T.);
#1033=FACE_OUTER_BOUND('',#1396,.T.);
#1034=FACE_OUTER_BOUND('',#1397,.T.);
#1035=FACE_OUTER_BOUND('',#1398,.T.);
#1036=FACE_OUTER_BOUND('',#1399,.T.);
#1037=FACE_OUTER_BOUND('',#1400,.T.);
#1038=FACE_OUTER_BOUND('',#1401,.T.);
#1039=FACE_OUTER_BOUND('',#1402,.T.);
#1040=FACE_OUTER_BOUND('',#1403,.T.);
#1041=FACE_OUTER_BOUND('',#1404,.T.);
#1042=FACE_OUTER_BOUND('',#1405,.T.);
#1043=FACE_OUTER_BOUND('',#1406,.T.);
#1044=FACE_OUTER_BOUND('',#1407,.T.);
#1045=FACE_OUTER_BOUND('',#1408,.T.);
#1046=FACE_OUTER_BOUND('',#1409,.T.);
#1047=FACE_OUTER_BOUND('',#1410,.T.);
#1048=FACE_OUTER_BOUND('',#1411,.T.);
#1049=FACE_OUTER_BOUND('',#1412,.T.);
#1050=FACE_OUTER_BOUND('',#1413,.T.);
#1051=FACE_OUTER_BOUND('',#1414,.T.);
#1052=FACE_OUTER_BOUND('',#1415,.T.);
#1053=FACE_OUTER_BOUND('',#1416,.T.);
#1054=FACE_OUTER_BOUND('',#1417,.T.);
#1055=FACE_OUTER_BOUND('',#1418,.T.);
#1056=FACE_OUTER_BOUND('',#1419,.T.);
#1057=FACE_OUTER_BOUND('',#1420,.T.);
#1058=FACE_OUTER_BOUND('',#1421,.T.);
#1059=FACE_OUTER_BOUND('',#1422,.T.);
#1060=FACE_OUTER_BOUND('',#1423,.T.);
#1061=FACE_OUTER_BOUND('',#1424,.T.);
#1062=FACE_OUTER_BOUND('',#1425,.T.);
#1063=FACE_OUTER_BOUND('',#1426,.T.);
#1064=FACE_OUTER_BOUND('',#1427,.T.);
#1065=FACE_OUTER_BOUND('',#1428,.T.);
#1066=FACE_OUTER_BOUND('',#1429,.T.);
#1067=FACE_OUTER_BOUND('',#1430,.T.);
#1068=FACE_OUTER_BOUND('',#1431,.T.);
#1069=FACE_OUTER_BOUND('',#1432,.T.);
#1070=FACE_OUTER_BOUND('',#1433,.T.);
#1071=FACE_OUTER_BOUND('',#1434,.T.);
#1072=FACE_OUTER_BOUND('',#1435,.T.);
#1073=FACE_OUTER_BOUND('',#1436,.T.);
#1074=FACE_OUTER_BOUND('',#1437,.T.);
#1075=FACE_OUTER_BOUND('',#1438,.T.);
#1076=FACE_OUTER_BOUND('',#1439,.T.);
#1077=FACE_OUTER_BOUND('',#1440,.T.);
#1078=FACE_OUTER_BOUND('',#1441,.T.);
#1079=FACE_OUTER_BOUND('',#1442,.T.);
#1080=FACE_OUTER_BOUND('',#1443,.T.);
#1081=FACE_OUTER_BOUND('',#1444,.T.);
#1082=FACE_OUTER_BOUND('',#1445,.T.);
#1083=FACE_OUTER_BOUND('',#1446,.T.);
#1084=FACE_OUTER_BOUND('',#1447,.T.);
#1085=FACE_OUTER_BOUND('',#1448,.T.);
#1086=FACE_OUTER_BOUND('',#1449,.T.);
#1087=FACE_OUTER_BOUND('',#1450,.T.);
#1088=FACE_OUTER_BOUND('',#1454,.T.);
#1089=FACE_OUTER_BOUND('',#1455,.T.);
#1090=FACE_OUTER_BOUND('',#1456,.T.);
#1091=FACE_OUTER_BOUND('',#1457,.T.);
#1092=FACE_OUTER_BOUND('',#1461,.T.);
#1093=FACE_OUTER_BOUND('',#1462,.T.);
#1094=FACE_OUTER_BOUND('',#1463,.T.);
#1095=FACE_OUTER_BOUND('',#1464,.T.);
#1096=FACE_OUTER_BOUND('',#1465,.T.);
#1097=FACE_OUTER_BOUND('',#1466,.T.);
#1098=FACE_OUTER_BOUND('',#1467,.T.);
#1099=FACE_OUTER_BOUND('',#1468,.T.);
#1100=FACE_OUTER_BOUND('',#1469,.T.);
#1101=FACE_OUTER_BOUND('',#1470,.T.);
#1102=FACE_OUTER_BOUND('',#1471,.T.);
#1103=FACE_OUTER_BOUND('',#1472,.T.);
#1104=FACE_OUTER_BOUND('',#1473,.T.);
#1105=FACE_OUTER_BOUND('',#1474,.T.);
#1106=FACE_OUTER_BOUND('',#1475,.T.);
#1107=FACE_OUTER_BOUND('',#1476,.T.);
#1108=FACE_OUTER_BOUND('',#1477,.T.);
#1109=FACE_OUTER_BOUND('',#1478,.T.);
#1110=FACE_OUTER_BOUND('',#1479,.T.);
#1111=FACE_OUTER_BOUND('',#1480,.T.);
#1112=FACE_OUTER_BOUND('',#1481,.T.);
#1113=FACE_OUTER_BOUND('',#1482,.T.);
#1114=FACE_OUTER_BOUND('',#1483,.T.);
#1115=FACE_OUTER_BOUND('',#1484,.T.);
#1116=FACE_OUTER_BOUND('',#1485,.T.);
#1117=FACE_OUTER_BOUND('',#1486,.T.);
#1118=FACE_OUTER_BOUND('',#1487,.T.);
#1119=FACE_OUTER_BOUND('',#1488,.T.);
#1120=FACE_OUTER_BOUND('',#1489,.T.);
#1121=FACE_OUTER_BOUND('',#1490,.T.);
#1122=FACE_OUTER_BOUND('',#1491,.T.);
#1123=FACE_OUTER_BOUND('',#1492,.T.);
#1124=FACE_OUTER_BOUND('',#1493,.T.);
#1125=FACE_OUTER_BOUND('',#1494,.T.);
#1126=FACE_OUTER_BOUND('',#1495,.T.);
#1127=FACE_OUTER_BOUND('',#1496,.T.);
#1128=FACE_OUTER_BOUND('',#1497,.T.);
#1129=FACE_OUTER_BOUND('',#1498,.T.);
#1130=FACE_OUTER_BOUND('',#1501,.T.);
#1131=FACE_OUTER_BOUND('',#1504,.T.);
#1132=FACE_OUTER_BOUND('',#1505,.T.);
#1133=FACE_OUTER_BOUND('',#1506,.T.);
#1134=FACE_OUTER_BOUND('',#1507,.T.);
#1135=FACE_OUTER_BOUND('',#1508,.T.);
#1136=FACE_OUTER_BOUND('',#1509,.T.);
#1137=FACE_OUTER_BOUND('',#1510,.T.);
#1138=FACE_OUTER_BOUND('',#1511,.T.);
#1139=FACE_OUTER_BOUND('',#1512,.T.);
#1140=FACE_OUTER_BOUND('',#1513,.T.);
#1141=FACE_OUTER_BOUND('',#1514,.T.);
#1142=FACE_OUTER_BOUND('',#1515,.T.);
#1143=FACE_OUTER_BOUND('',#1516,.T.);
#1144=FACE_OUTER_BOUND('',#1517,.T.);
#1145=FACE_OUTER_BOUND('',#1518,.T.);
#1146=FACE_OUTER_BOUND('',#1519,.T.);
#1147=FACE_OUTER_BOUND('',#1520,.T.);
#1148=FACE_OUTER_BOUND('',#1521,.T.);
#1149=FACE_OUTER_BOUND('',#1522,.T.);
#1150=FACE_OUTER_BOUND('',#1523,.T.);
#1151=FACE_OUTER_BOUND('',#1524,.T.);
#1152=FACE_OUTER_BOUND('',#1525,.T.);
#1153=FACE_OUTER_BOUND('',#1526,.T.);
#1154=FACE_OUTER_BOUND('',#1527,.T.);
#1155=FACE_OUTER_BOUND('',#1528,.T.);
#1156=FACE_OUTER_BOUND('',#1529,.T.);
#1157=FACE_OUTER_BOUND('',#1532,.T.);
#1158=FACE_OUTER_BOUND('',#1533,.T.);
#1159=FACE_OUTER_BOUND('',#1534,.T.);
#1160=FACE_OUTER_BOUND('',#1535,.T.);
#1161=FACE_OUTER_BOUND('',#1536,.T.);
#1162=FACE_OUTER_BOUND('',#1537,.T.);
#1163=FACE_OUTER_BOUND('',#1538,.T.);
#1164=FACE_OUTER_BOUND('',#1539,.T.);
#1165=FACE_OUTER_BOUND('',#1540,.T.);
#1166=FACE_OUTER_BOUND('',#1541,.T.);
#1167=FACE_OUTER_BOUND('',#1542,.T.);
#1168=FACE_OUTER_BOUND('',#1543,.T.);
#1169=FACE_OUTER_BOUND('',#1546,.T.);
#1170=FACE_OUTER_BOUND('',#1547,.T.);
#1171=FACE_OUTER_BOUND('',#1548,.T.);
#1172=FACE_OUTER_BOUND('',#1549,.T.);
#1173=FACE_OUTER_BOUND('',#1550,.T.);
#1174=FACE_OUTER_BOUND('',#1551,.T.);
#1175=FACE_OUTER_BOUND('',#1552,.T.);
#1176=FACE_OUTER_BOUND('',#1553,.T.);
#1177=FACE_OUTER_BOUND('',#1554,.T.);
#1178=FACE_OUTER_BOUND('',#1555,.T.);
#1179=FACE_OUTER_BOUND('',#1556,.T.);
#1180=FACE_OUTER_BOUND('',#1557,.T.);
#1181=FACE_OUTER_BOUND('',#1558,.T.);
#1182=FACE_OUTER_BOUND('',#1559,.T.);
#1183=FACE_OUTER_BOUND('',#1560,.T.);
#1184=FACE_OUTER_BOUND('',#1561,.T.);
#1185=FACE_OUTER_BOUND('',#1562,.T.);
#1186=FACE_OUTER_BOUND('',#1563,.T.);
#1187=FACE_OUTER_BOUND('',#1564,.T.);
#1188=FACE_OUTER_BOUND('',#1565,.T.);
#1189=FACE_OUTER_BOUND('',#1566,.T.);
#1190=FACE_OUTER_BOUND('',#1567,.T.);
#1191=FACE_OUTER_BOUND('',#1568,.T.);
#1192=FACE_OUTER_BOUND('',#1569,.T.);
#1193=FACE_OUTER_BOUND('',#1570,.T.);
#1194=FACE_OUTER_BOUND('',#1571,.T.);
#1195=FACE_OUTER_BOUND('',#1572,.T.);
#1196=FACE_OUTER_BOUND('',#1573,.T.);
#1197=FACE_OUTER_BOUND('',#1574,.T.);
#1198=FACE_OUTER_BOUND('',#1575,.T.);
#1199=FACE_OUTER_BOUND('',#1576,.T.);
#1200=FACE_OUTER_BOUND('',#1577,.T.);
#1201=FACE_OUTER_BOUND('',#1578,.T.);
#1202=FACE_OUTER_BOUND('',#1581,.T.);
#1203=FACE_OUTER_BOUND('',#1582,.T.);
#1204=FACE_OUTER_BOUND('',#1583,.T.);
#1205=FACE_OUTER_BOUND('',#1586,.T.);
#1206=FACE_OUTER_BOUND('',#1587,.T.);
#1207=FACE_OUTER_BOUND('',#1588,.T.);
#1208=FACE_OUTER_BOUND('',#1591,.T.);
#1209=FACE_OUTER_BOUND('',#1592,.T.);
#1210=FACE_OUTER_BOUND('',#1593,.T.);
#1211=FACE_OUTER_BOUND('',#1596,.T.);
#1212=FACE_OUTER_BOUND('',#1597,.T.);
#1213=FACE_OUTER_BOUND('',#1600,.T.);
#1214=FACE_OUTER_BOUND('',#1601,.T.);
#1215=FACE_OUTER_BOUND('',#1604,.T.);
#1216=FACE_OUTER_BOUND('',#1605,.T.);
#1217=FACE_OUTER_BOUND('',#1608,.T.);
#1218=FACE_OUTER_BOUND('',#1609,.T.);
#1219=FACE_OUTER_BOUND('',#1612,.T.);
#1220=FACE_OUTER_BOUND('',#1613,.T.);
#1221=FACE_OUTER_BOUND('',#1616,.T.);
#1222=FACE_OUTER_BOUND('',#1617,.T.);
#1223=FACE_OUTER_BOUND('',#1618,.T.);
#1224=FACE_OUTER_BOUND('',#1619,.T.);
#1225=FACE_OUTER_BOUND('',#1620,.T.);
#1226=FACE_OUTER_BOUND('',#1636,.T.);
#1227=FACE_OUTER_BOUND('',#1637,.T.);
#1228=FACE_OUTER_BOUND('',#1638,.T.);
#1229=FACE_OUTER_BOUND('',#1639,.T.);
#1230=FACE_OUTER_BOUND('',#1640,.T.);
#1231=FACE_OUTER_BOUND('',#1641,.T.);
#1232=FACE_OUTER_BOUND('',#1642,.T.);
#1233=FACE_OUTER_BOUND('',#1643,.T.);
#1234=FACE_OUTER_BOUND('',#1644,.T.);
#1235=FACE_OUTER_BOUND('',#1645,.T.);
#1236=FACE_OUTER_BOUND('',#1646,.T.);
#1237=FACE_OUTER_BOUND('',#1647,.T.);
#1238=FACE_OUTER_BOUND('',#1648,.T.);
#1239=FACE_OUTER_BOUND('',#1649,.T.);
#1240=FACE_OUTER_BOUND('',#1650,.T.);
#1241=FACE_OUTER_BOUND('',#1651,.T.);
#1242=FACE_OUTER_BOUND('',#1652,.T.);
#1243=FACE_OUTER_BOUND('',#1653,.T.);
#1244=FACE_OUTER_BOUND('',#1654,.T.);
#1245=FACE_OUTER_BOUND('',#1655,.T.);
#1246=FACE_OUTER_BOUND('',#1656,.T.);
#1247=FACE_OUTER_BOUND('',#1657,.T.);
#1248=FACE_OUTER_BOUND('',#1658,.T.);
#1249=FACE_OUTER_BOUND('',#1659,.T.);
#1250=FACE_OUTER_BOUND('',#1660,.T.);
#1251=FACE_OUTER_BOUND('',#1661,.T.);
#1252=FACE_OUTER_BOUND('',#1662,.T.);
#1253=FACE_OUTER_BOUND('',#1663,.T.);
#1254=FACE_OUTER_BOUND('',#1664,.T.);
#1255=FACE_OUTER_BOUND('',#1665,.T.);
#1256=FACE_OUTER_BOUND('',#1666,.T.);
#1257=FACE_OUTER_BOUND('',#1667,.T.);
#1258=FACE_OUTER_BOUND('',#1668,.T.);
#1259=FACE_OUTER_BOUND('',#1669,.T.);
#1260=FACE_OUTER_BOUND('',#1670,.T.);
#1261=FACE_OUTER_BOUND('',#1671,.T.);
#1262=FACE_OUTER_BOUND('',#1672,.T.);
#1263=FACE_OUTER_BOUND('',#1673,.T.);
#1264=FACE_OUTER_BOUND('',#1674,.T.);
#1265=FACE_OUTER_BOUND('',#1675,.T.);
#1266=FACE_OUTER_BOUND('',#1676,.T.);
#1267=FACE_OUTER_BOUND('',#1677,.T.);
#1268=FACE_OUTER_BOUND('',#1678,.T.);
#1269=FACE_OUTER_BOUND('',#1679,.T.);
#1270=FACE_OUTER_BOUND('',#1680,.T.);
#1271=EDGE_LOOP('',(#1999,#2000,#2001,#2002,#2003,#2004,#2005,#2006,#2007,
#2008,#2009,#2010,#2011,#2012));
#1272=EDGE_LOOP('',(#2013,#2014,#2015,#2016));
#1273=EDGE_LOOP('',(#2017,#2018,#2019,#2020));
#1274=EDGE_LOOP('',(#2021,#2022,#2023,#2024));
#1275=EDGE_LOOP('',(#2025,#2026,#2027,#2028));
#1276=EDGE_LOOP('',(#2029,#2030,#2031,#2032));
#1277=EDGE_LOOP('',(#2033,#2034,#2035,#2036));
#1278=EDGE_LOOP('',(#2037,#2038,#2039,#2040));
#1279=EDGE_LOOP('',(#2041,#2042,#2043,#2044));
#1280=EDGE_LOOP('',(#2045,#2046,#2047,#2048));
#1281=EDGE_LOOP('',(#2049,#2050,#2051,#2052));
#1282=EDGE_LOOP('',(#2053,#2054,#2055,#2056));
#1283=EDGE_LOOP('',(#2057,#2058,#2059,#2060));
#1284=EDGE_LOOP('',(#2061,#2062,#2063,#2064));
#1285=EDGE_LOOP('',(#2065,#2066,#2067,#2068));
#1286=EDGE_LOOP('',(#2069,#2070,#2071,#2072));
#1287=EDGE_LOOP('',(#2073,#2074,#2075,#2076));
#1288=EDGE_LOOP('',(#2077,#2078,#2079,#2080));
#1289=EDGE_LOOP('',(#2081,#2082,#2083,#2084));
#1290=EDGE_LOOP('',(#2085,#2086,#2087,#2088));
#1291=EDGE_LOOP('',(#2089,#2090,#2091,#2092));
#1292=EDGE_LOOP('',(#2093,#2094,#2095,#2096));
#1293=EDGE_LOOP('',(#2097,#2098,#2099));
#1294=EDGE_LOOP('',(#2100,#2101,#2102,#2103));
#1295=EDGE_LOOP('',(#2104,#2105,#2106));
#1296=EDGE_LOOP('',(#2107,#2108,#2109,#2110));
#1297=EDGE_LOOP('',(#2111,#2112,#2113));
#1298=EDGE_LOOP('',(#2114,#2115,#2116,#2117));
#1299=EDGE_LOOP('',(#2118,#2119,#2120));
#1300=EDGE_LOOP('',(#2121,#2122,#2123,#2124));
#1301=EDGE_LOOP('',(#2125,#2126,#2127));
#1302=EDGE_LOOP('',(#2128,#2129,#2130,#2131));
#1303=EDGE_LOOP('',(#2132,#2133,#2134));
#1304=EDGE_LOOP('',(#2135,#2136,#2137,#2138));
#1305=EDGE_LOOP('',(#2139,#2140,#2141));
#1306=EDGE_LOOP('',(#2142,#2143,#2144,#2145));
#1307=EDGE_LOOP('',(#2146,#2147,#2148));
#1308=EDGE_LOOP('',(#2149,#2150,#2151,#2152));
#1309=EDGE_LOOP('',(#2153,#2154,#2155));
#1310=EDGE_LOOP('',(#2156,#2157,#2158,#2159));
#1311=EDGE_LOOP('',(#2160,#2161,#2162));
#1312=EDGE_LOOP('',(#2163,#2164,#2165,#2166));
#1313=EDGE_LOOP('',(#2167,#2168,#2169,#2170));
#1314=EDGE_LOOP('',(#2171,#2172,#2173,#2174));
#1315=EDGE_LOOP('',(#2175,#2176,#2177,#2178));
#1316=EDGE_LOOP('',(#2179,#2180,#2181,#2182));
#1317=EDGE_LOOP('',(#2183,#2184,#2185,#2186));
#1318=EDGE_LOOP('',(#2187,#2188,#2189,#2190));
#1319=EDGE_LOOP('',(#2191,#2192,#2193,#2194));
#1320=EDGE_LOOP('',(#2195,#2196,#2197,#2198));
#1321=EDGE_LOOP('',(#2199,#2200,#2201,#2202));
#1322=EDGE_LOOP('',(#2203,#2204,#2205,#2206));
#1323=EDGE_LOOP('',(#2207,#2208,#2209,#2210));
#1324=EDGE_LOOP('',(#2211,#2212,#2213,#2214));
#1325=EDGE_LOOP('',(#2215,#2216,#2217,#2218));
#1326=EDGE_LOOP('',(#2219,#2220,#2221,#2222));
#1327=EDGE_LOOP('',(#2223,#2224,#2225,#2226));
#1328=EDGE_LOOP('',(#2227,#2228,#2229,#2230));
#1329=EDGE_LOOP('',(#2231,#2232,#2233,#2234));
#1330=EDGE_LOOP('',(#2235,#2236,#2237,#2238,#2239,#2240,#2241,#2242,#2243,
#2244,#2245,#2246));
#1331=EDGE_LOOP('',(#2247,#2248));
#1332=EDGE_LOOP('',(#2249,#2250));
#1333=EDGE_LOOP('',(#2251,#2252));
#1334=EDGE_LOOP('',(#2253,#2254,#2255,#2256));
#1335=EDGE_LOOP('',(#2257,#2258,#2259,#2260));
#1336=EDGE_LOOP('',(#2261,#2262,#2263,#2264));
#1337=EDGE_LOOP('',(#2265,#2266,#2267,#2268));
#1338=EDGE_LOOP('',(#2269,#2270,#2271,#2272));
#1339=EDGE_LOOP('',(#2273,#2274,#2275,#2276));
#1340=EDGE_LOOP('',(#2277,#2278,#2279,#2280,#2281));
#1341=EDGE_LOOP('',(#2282,#2283,#2284,#2285,#2286));
#1342=EDGE_LOOP('',(#2287,#2288,#2289,#2290,#2291));
#1343=EDGE_LOOP('',(#2292,#2293,#2294,#2295,#2296));
#1344=EDGE_LOOP('',(#2297,#2298,#2299,#2300,#2301));
#1345=EDGE_LOOP('',(#2302,#2303,#2304,#2305,#2306));
#1346=EDGE_LOOP('',(#2307,#2308,#2309,#2310));
#1347=EDGE_LOOP('',(#2311,#2312,#2313,#2314,#2315,#2316));
#1348=EDGE_LOOP('',(#2317,#2318,#2319,#2320,#2321,#2322));
#1349=EDGE_LOOP('',(#2323,#2324,#2325,#2326,#2327,#2328));
#1350=EDGE_LOOP('',(#2329,#2330,#2331,#2332,#2333,#2334));
#1351=EDGE_LOOP('',(#2335,#2336,#2337,#2338,#2339,#2340));
#1352=EDGE_LOOP('',(#2341,#2342,#2343,#2344,#2345,#2346));
#1353=EDGE_LOOP('',(#2347,#2348,#2349,#2350));
#1354=EDGE_LOOP('',(#2351,#2352,#2353,#2354));
#1355=EDGE_LOOP('',(#2355,#2356,#2357,#2358));
#1356=EDGE_LOOP('',(#2359,#2360,#2361,#2362));
#1357=EDGE_LOOP('',(#2363,#2364,#2365,#2366));
#1358=EDGE_LOOP('',(#2367,#2368,#2369,#2370));
#1359=EDGE_LOOP('',(#2371,#2372,#2373,#2374));
#1360=EDGE_LOOP('',(#2375,#2376,#2377,#2378));
#1361=EDGE_LOOP('',(#2379,#2380,#2381,#2382));
#1362=EDGE_LOOP('',(#2383,#2384,#2385,#2386));
#1363=EDGE_LOOP('',(#2387,#2388,#2389,#2390));
#1364=EDGE_LOOP('',(#2391,#2392,#2393,#2394));
#1365=EDGE_LOOP('',(#2395,#2396,#2397,#2398));
#1366=EDGE_LOOP('',(#2399,#2400,#2401,#2402));
#1367=EDGE_LOOP('',(#2403,#2404,#2405,#2406));
#1368=EDGE_LOOP('',(#2407,#2408,#2409,#2410));
#1369=EDGE_LOOP('',(#2411,#2412,#2413,#2414));
#1370=EDGE_LOOP('',(#2415,#2416,#2417,#2418));
#1371=EDGE_LOOP('',(#2419,#2420,#2421,#2422));
#1372=EDGE_LOOP('',(#2423,#2424,#2425,#2426));
#1373=EDGE_LOOP('',(#2427,#2428,#2429,#2430));
#1374=EDGE_LOOP('',(#2431,#2432,#2433,#2434));
#1375=EDGE_LOOP('',(#2435,#2436,#2437,#2438));
#1376=EDGE_LOOP('',(#2439,#2440,#2441,#2442));
#1377=EDGE_LOOP('',(#2443,#2444,#2445,#2446));
#1378=EDGE_LOOP('',(#2447,#2448,#2449,#2450));
#1379=EDGE_LOOP('',(#2451,#2452,#2453,#2454));
#1380=EDGE_LOOP('',(#2455,#2456,#2457,#2458));
#1381=EDGE_LOOP('',(#2459,#2460,#2461,#2462));
#1382=EDGE_LOOP('',(#2463,#2464,#2465,#2466));
#1383=EDGE_LOOP('',(#2467,#2468,#2469,#2470));
#1384=EDGE_LOOP('',(#2471,#2472,#2473,#2474));
#1385=EDGE_LOOP('',(#2475,#2476,#2477,#2478));
#1386=EDGE_LOOP('',(#2479,#2480,#2481,#2482));
#1387=EDGE_LOOP('',(#2483,#2484,#2485,#2486));
#1388=EDGE_LOOP('',(#2487,#2488,#2489,#2490));
#1389=EDGE_LOOP('',(#2491,#2492,#2493,#2494));
#1390=EDGE_LOOP('',(#2495,#2496,#2497,#2498));
#1391=EDGE_LOOP('',(#2499,#2500,#2501,#2502));
#1392=EDGE_LOOP('',(#2503,#2504,#2505,#2506));
#1393=EDGE_LOOP('',(#2507,#2508,#2509,#2510));
#1394=EDGE_LOOP('',(#2511,#2512,#2513,#2514));
#1395=EDGE_LOOP('',(#2515,#2516,#2517,#2518));
#1396=EDGE_LOOP('',(#2519,#2520,#2521,#2522));
#1397=EDGE_LOOP('',(#2523,#2524,#2525,#2526));
#1398=EDGE_LOOP('',(#2527,#2528,#2529,#2530));
#1399=EDGE_LOOP('',(#2531,#2532,#2533,#2534));
#1400=EDGE_LOOP('',(#2535,#2536,#2537,#2538));
#1401=EDGE_LOOP('',(#2539,#2540,#2541,#2542));
#1402=EDGE_LOOP('',(#2543,#2544,#2545,#2546));
#1403=EDGE_LOOP('',(#2547,#2548,#2549,#2550));
#1404=EDGE_LOOP('',(#2551,#2552,#2553,#2554));
#1405=EDGE_LOOP('',(#2555,#2556,#2557,#2558));
#1406=EDGE_LOOP('',(#2559,#2560,#2561,#2562));
#1407=EDGE_LOOP('',(#2563,#2564,#2565,#2566));
#1408=EDGE_LOOP('',(#2567,#2568,#2569,#2570));
#1409=EDGE_LOOP('',(#2571,#2572,#2573,#2574));
#1410=EDGE_LOOP('',(#2575,#2576,#2577,#2578));
#1411=EDGE_LOOP('',(#2579,#2580,#2581,#2582));
#1412=EDGE_LOOP('',(#2583,#2584,#2585,#2586));
#1413=EDGE_LOOP('',(#2587,#2588,#2589,#2590));
#1414=EDGE_LOOP('',(#2591,#2592,#2593,#2594));
#1415=EDGE_LOOP('',(#2595,#2596,#2597,#2598));
#1416=EDGE_LOOP('',(#2599,#2600,#2601,#2602));
#1417=EDGE_LOOP('',(#2603,#2604,#2605,#2606));
#1418=EDGE_LOOP('',(#2607,#2608,#2609,#2610));
#1419=EDGE_LOOP('',(#2611,#2612,#2613,#2614));
#1420=EDGE_LOOP('',(#2615,#2616,#2617,#2618));
#1421=EDGE_LOOP('',(#2619,#2620,#2621,#2622));
#1422=EDGE_LOOP('',(#2623,#2624,#2625,#2626));
#1423=EDGE_LOOP('',(#2627,#2628,#2629,#2630));
#1424=EDGE_LOOP('',(#2631,#2632,#2633,#2634));
#1425=EDGE_LOOP('',(#2635,#2636,#2637,#2638));
#1426=EDGE_LOOP('',(#2639,#2640,#2641,#2642));
#1427=EDGE_LOOP('',(#2643,#2644,#2645,#2646));
#1428=EDGE_LOOP('',(#2647,#2648,#2649,#2650));
#1429=EDGE_LOOP('',(#2651,#2652,#2653,#2654));
#1430=EDGE_LOOP('',(#2655,#2656,#2657,#2658));
#1431=EDGE_LOOP('',(#2659,#2660,#2661,#2662));
#1432=EDGE_LOOP('',(#2663,#2664,#2665,#2666));
#1433=EDGE_LOOP('',(#2667,#2668,#2669,#2670));
#1434=EDGE_LOOP('',(#2671,#2672,#2673,#2674));
#1435=EDGE_LOOP('',(#2675,#2676,#2677,#2678));
#1436=EDGE_LOOP('',(#2679,#2680,#2681,#2682));
#1437=EDGE_LOOP('',(#2683,#2684,#2685,#2686));
#1438=EDGE_LOOP('',(#2687,#2688,#2689,#2690));
#1439=EDGE_LOOP('',(#2691,#2692,#2693,#2694,#2695));
#1440=EDGE_LOOP('',(#2696,#2697,#2698,#2699,#2700));
#1441=EDGE_LOOP('',(#2701,#2702,#2703,#2704,#2705));
#1442=EDGE_LOOP('',(#2706,#2707,#2708,#2709,#2710));
#1443=EDGE_LOOP('',(#2711,#2712,#2713,#2714,#2715));
#1444=EDGE_LOOP('',(#2716,#2717,#2718,#2719,#2720,#2721,#2722,#2723,#2724,
#2725,#2726,#2727,#2728,#2729,#2730,#2731,#2732,#2733));
#1445=EDGE_LOOP('',(#2734,#2735,#2736,#2737));
#1446=EDGE_LOOP('',(#2738,#2739,#2740,#2741));
#1447=EDGE_LOOP('',(#2742,#2743,#2744,#2745));
#1448=EDGE_LOOP('',(#2746,#2747,#2748,#2749));
#1449=EDGE_LOOP('',(#2750,#2751,#2752,#2753));
#1450=EDGE_LOOP('',(#2754,#2755,#2756,#2757));
#1451=EDGE_LOOP('',(#2758,#2759,#2760,#2761,#2762));
#1452=EDGE_LOOP('',(#2763,#2764));
#1453=EDGE_LOOP('',(#2765,#2766));
#1454=EDGE_LOOP('',(#2767,#2768,#2769,#2770));
#1455=EDGE_LOOP('',(#2771,#2772,#2773,#2774));
#1456=EDGE_LOOP('',(#2775,#2776,#2777,#2778));
#1457=EDGE_LOOP('',(#2779,#2780,#2781,#2782));
#1458=EDGE_LOOP('',(#2783,#2784,#2785,#2786,#2787));
#1459=EDGE_LOOP('',(#2788,#2789));
#1460=EDGE_LOOP('',(#2790,#2791));
#1461=EDGE_LOOP('',(#2792,#2793,#2794,#2795));
#1462=EDGE_LOOP('',(#2796,#2797,#2798,#2799));
#1463=EDGE_LOOP('',(#2800,#2801,#2802,#2803));
#1464=EDGE_LOOP('',(#2804,#2805,#2806,#2807));
#1465=EDGE_LOOP('',(#2808,#2809,#2810,#2811));
#1466=EDGE_LOOP('',(#2812,#2813,#2814,#2815));
#1467=EDGE_LOOP('',(#2816,#2817,#2818,#2819));
#1468=EDGE_LOOP('',(#2820,#2821,#2822,#2823));
#1469=EDGE_LOOP('',(#2824,#2825,#2826,#2827));
#1470=EDGE_LOOP('',(#2828,#2829,#2830,#2831));
#1471=EDGE_LOOP('',(#2832,#2833,#2834,#2835));
#1472=EDGE_LOOP('',(#2836,#2837,#2838,#2839));
#1473=EDGE_LOOP('',(#2840,#2841,#2842,#2843));
#1474=EDGE_LOOP('',(#2844,#2845,#2846,#2847));
#1475=EDGE_LOOP('',(#2848,#2849,#2850,#2851));
#1476=EDGE_LOOP('',(#2852,#2853,#2854,#2855));
#1477=EDGE_LOOP('',(#2856,#2857,#2858,#2859));
#1478=EDGE_LOOP('',(#2860,#2861,#2862,#2863));
#1479=EDGE_LOOP('',(#2864,#2865,#2866,#2867));
#1480=EDGE_LOOP('',(#2868,#2869,#2870,#2871));
#1481=EDGE_LOOP('',(#2872,#2873,#2874,#2875));
#1482=EDGE_LOOP('',(#2876,#2877,#2878,#2879));
#1483=EDGE_LOOP('',(#2880,#2881,#2882,#2883));
#1484=EDGE_LOOP('',(#2884,#2885,#2886,#2887));
#1485=EDGE_LOOP('',(#2888,#2889,#2890,#2891));
#1486=EDGE_LOOP('',(#2892,#2893,#2894,#2895));
#1487=EDGE_LOOP('',(#2896,#2897,#2898,#2899));
#1488=EDGE_LOOP('',(#2900,#2901,#2902,#2903));
#1489=EDGE_LOOP('',(#2904,#2905,#2906,#2907));
#1490=EDGE_LOOP('',(#2908,#2909,#2910,#2911));
#1491=EDGE_LOOP('',(#2912,#2913,#2914,#2915));
#1492=EDGE_LOOP('',(#2916,#2917,#2918,#2919,#2920,#2921,#2922,#2923,#2924,
#2925,#2926,#2927,#2928,#2929,#2930,#2931,#2932,#2933,#2934,#2935,#2936,
#2937,#2938,#2939,#2940,#2941));
#1493=EDGE_LOOP('',(#2942,#2943,#2944,#2945));
#1494=EDGE_LOOP('',(#2946,#2947,#2948,#2949));
#1495=EDGE_LOOP('',(#2950,#2951,#2952,#2953));
#1496=EDGE_LOOP('',(#2954,#2955,#2956,#2957));
#1497=EDGE_LOOP('',(#2958,#2959,#2960,#2961,#2962));
#1498=EDGE_LOOP('',(#2963,#2964,#2965,#2966,#2967));
#1499=EDGE_LOOP('',(#2968,#2969));
#1500=EDGE_LOOP('',(#2970,#2971));
#1501=EDGE_LOOP('',(#2972,#2973,#2974,#2975));
#1502=EDGE_LOOP('',(#2976,#2977,#2978,#2979,#2980,#2981));
#1503=EDGE_LOOP('',(#2982,#2983));
#1504=EDGE_LOOP('',(#2984,#2985,#2986,#2987));
#1505=EDGE_LOOP('',(#2988,#2989,#2990,#2991));
#1506=EDGE_LOOP('',(#2992,#2993,#2994,#2995));
#1507=EDGE_LOOP('',(#2996,#2997,#2998,#2999));
#1508=EDGE_LOOP('',(#3000,#3001,#3002,#3003));
#1509=EDGE_LOOP('',(#3004,#3005,#3006,#3007));
#1510=EDGE_LOOP('',(#3008,#3009,#3010,#3011));
#1511=EDGE_LOOP('',(#3012,#3013,#3014,#3015));
#1512=EDGE_LOOP('',(#3016,#3017,#3018,#3019));
#1513=EDGE_LOOP('',(#3020,#3021,#3022,#3023));
#1514=EDGE_LOOP('',(#3024,#3025,#3026,#3027));
#1515=EDGE_LOOP('',(#3028,#3029,#3030,#3031));
#1516=EDGE_LOOP('',(#3032,#3033,#3034,#3035));
#1517=EDGE_LOOP('',(#3036,#3037,#3038,#3039));
#1518=EDGE_LOOP('',(#3040,#3041,#3042,#3043));
#1519=EDGE_LOOP('',(#3044,#3045,#3046,#3047));
#1520=EDGE_LOOP('',(#3048,#3049,#3050,#3051));
#1521=EDGE_LOOP('',(#3052,#3053,#3054,#3055));
#1522=EDGE_LOOP('',(#3056,#3057,#3058,#3059));
#1523=EDGE_LOOP('',(#3060,#3061,#3062,#3063));
#1524=EDGE_LOOP('',(#3064,#3065,#3066,#3067));
#1525=EDGE_LOOP('',(#3068,#3069,#3070,#3071));
#1526=EDGE_LOOP('',(#3072,#3073,#3074,#3075));
#1527=EDGE_LOOP('',(#3076,#3077,#3078,#3079));
#1528=EDGE_LOOP('',(#3080,#3081,#3082,#3083));
#1529=EDGE_LOOP('',(#3084,#3085,#3086,#3087));
#1530=EDGE_LOOP('',(#3088,#3089,#3090,#3091,#3092,#3093,#3094,#3095,#3096,
#3097,#3098,#3099,#3100,#3101,#3102,#3103));
#1531=EDGE_LOOP('',(#3104,#3105,#3106,#3107));
#1532=EDGE_LOOP('',(#3108,#3109,#3110,#3111));
#1533=EDGE_LOOP('',(#3112,#3113,#3114,#3115));
#1534=EDGE_LOOP('',(#3116,#3117,#3118,#3119));
#1535=EDGE_LOOP('',(#3120,#3121,#3122,#3123));
#1536=EDGE_LOOP('',(#3124,#3125,#3126,#3127));
#1537=EDGE_LOOP('',(#3128,#3129,#3130,#3131));
#1538=EDGE_LOOP('',(#3132,#3133,#3134,#3135));
#1539=EDGE_LOOP('',(#3136,#3137,#3138,#3139));
#1540=EDGE_LOOP('',(#3140,#3141,#3142,#3143));
#1541=EDGE_LOOP('',(#3144,#3145,#3146,#3147));
#1542=EDGE_LOOP('',(#3148,#3149,#3150,#3151));
#1543=EDGE_LOOP('',(#3152,#3153,#3154,#3155));
#1544=EDGE_LOOP('',(#3156,#3157,#3158,#3159,#3160,#3161,#3162,#3163,#3164,
#3165,#3166,#3167,#3168,#3169,#3170,#3171,#3172,#3173,#3174,#3175));
#1545=EDGE_LOOP('',(#3176,#3177));
#1546=EDGE_LOOP('',(#3178,#3179,#3180,#3181));
#1547=EDGE_LOOP('',(#3182,#3183,#3184,#3185));
#1548=EDGE_LOOP('',(#3186,#3187,#3188,#3189));
#1549=EDGE_LOOP('',(#3190,#3191,#3192,#3193));
#1550=EDGE_LOOP('',(#3194,#3195,#3196,#3197));
#1551=EDGE_LOOP('',(#3198,#3199,#3200,#3201));
#1552=EDGE_LOOP('',(#3202,#3203,#3204,#3205));
#1553=EDGE_LOOP('',(#3206,#3207,#3208,#3209));
#1554=EDGE_LOOP('',(#3210,#3211,#3212,#3213));
#1555=EDGE_LOOP('',(#3214,#3215,#3216,#3217));
#1556=EDGE_LOOP('',(#3218,#3219,#3220,#3221));
#1557=EDGE_LOOP('',(#3222,#3223,#3224,#3225));
#1558=EDGE_LOOP('',(#3226,#3227,#3228,#3229));
#1559=EDGE_LOOP('',(#3230,#3231,#3232,#3233));
#1560=EDGE_LOOP('',(#3234,#3235,#3236,#3237));
#1561=EDGE_LOOP('',(#3238,#3239,#3240,#3241));
#1562=EDGE_LOOP('',(#3242,#3243,#3244,#3245));
#1563=EDGE_LOOP('',(#3246,#3247,#3248,#3249));
#1564=EDGE_LOOP('',(#3250,#3251,#3252,#3253));
#1565=EDGE_LOOP('',(#3254,#3255,#3256,#3257));
#1566=EDGE_LOOP('',(#3258,#3259,#3260,#3261));
#1567=EDGE_LOOP('',(#3262,#3263,#3264,#3265));
#1568=EDGE_LOOP('',(#3266,#3267,#3268,#3269));
#1569=EDGE_LOOP('',(#3270,#3271,#3272,#3273));
#1570=EDGE_LOOP('',(#3274,#3275,#3276,#3277));
#1571=EDGE_LOOP('',(#3278,#3279,#3280,#3281));
#1572=EDGE_LOOP('',(#3282,#3283,#3284,#3285));
#1573=EDGE_LOOP('',(#3286,#3287,#3288,#3289));
#1574=EDGE_LOOP('',(#3290,#3291,#3292,#3293));
#1575=EDGE_LOOP('',(#3294,#3295,#3296,#3297));
#1576=EDGE_LOOP('',(#3298,#3299,#3300,#3301));
#1577=EDGE_LOOP('',(#3302,#3303,#3304,#3305));
#1578=EDGE_LOOP('',(#3306,#3307,#3308,#3309));
#1579=EDGE_LOOP('',(#3310,#3311));
#1580=EDGE_LOOP('',(#3312,#3313));
#1581=EDGE_LOOP('',(#3314,#3315,#3316,#3317));
#1582=EDGE_LOOP('',(#3318,#3319,#3320));
#1583=EDGE_LOOP('',(#3321,#3322,#3323,#3324));
#1584=EDGE_LOOP('',(#3325,#3326));
#1585=EDGE_LOOP('',(#3327,#3328));
#1586=EDGE_LOOP('',(#3329,#3330,#3331,#3332));
#1587=EDGE_LOOP('',(#3333,#3334,#3335));
#1588=EDGE_LOOP('',(#3336,#3337,#3338,#3339));
#1589=EDGE_LOOP('',(#3340,#3341));
#1590=EDGE_LOOP('',(#3342,#3343));
#1591=EDGE_LOOP('',(#3344,#3345,#3346,#3347));
#1592=EDGE_LOOP('',(#3348,#3349,#3350));
#1593=EDGE_LOOP('',(#3351,#3352,#3353,#3354));
#1594=EDGE_LOOP('',(#3355,#3356));
#1595=EDGE_LOOP('',(#3357,#3358));
#1596=EDGE_LOOP('',(#3359,#3360,#3361,#3362));
#1597=EDGE_LOOP('',(#3363,#3364,#3365));
#1598=EDGE_LOOP('',(#3366,#3367,#3368,#3369,#3370,#3371,#3372,#3373));
#1599=EDGE_LOOP('',(#3374,#3375));
#1600=EDGE_LOOP('',(#3376,#3377,#3378,#3379));
#1601=EDGE_LOOP('',(#3380,#3381,#3382,#3383));
#1602=EDGE_LOOP('',(#3384,#3385,#3386,#3387,#3388,#3389,#3390,#3391));
#1603=EDGE_LOOP('',(#3392,#3393));
#1604=EDGE_LOOP('',(#3394,#3395,#3396,#3397));
#1605=EDGE_LOOP('',(#3398,#3399,#3400,#3401));
#1606=EDGE_LOOP('',(#3402,#3403,#3404,#3405,#3406,#3407,#3408,#3409));
#1607=EDGE_LOOP('',(#3410,#3411));
#1608=EDGE_LOOP('',(#3412,#3413,#3414,#3415));
#1609=EDGE_LOOP('',(#3416,#3417,#3418,#3419));
#1610=EDGE_LOOP('',(#3420,#3421,#3422,#3423,#3424,#3425,#3426,#3427));
#1611=EDGE_LOOP('',(#3428,#3429));
#1612=EDGE_LOOP('',(#3430,#3431,#3432,#3433));
#1613=EDGE_LOOP('',(#3434,#3435,#3436,#3437));
#1614=EDGE_LOOP('',(#3438,#3439,#3440,#3441,#3442,#3443,#3444,#3445));
#1615=EDGE_LOOP('',(#3446,#3447,#3448,#3449,#3450,#3451,#3452,#3453));
#1616=EDGE_LOOP('',(#3454,#3455,#3456,#3457));
#1617=EDGE_LOOP('',(#3458,#3459,#3460,#3461,#3462,#3463,#3464,#3465,#3466,
#3467));
#1618=EDGE_LOOP('',(#3468,#3469,#3470,#3471,#3472,#3473,#3474,#3475,#3476,
#3477));
#1619=EDGE_LOOP('',(#3478,#3479,#3480,#3481,#3482,#3483,#3484,#3485,#3486,
#3487));
#1620=EDGE_LOOP('',(#3488,#3489,#3490,#3491,#3492,#3493,#3494,#3495,#3496,
#3497));
#1621=EDGE_LOOP('',(#3498,#3499,#3500,#3501,#3502,#3503,#3504,#3505,#3506,
#3507,#3508,#3509,#3510,#3511,#3512,#3513,#3514,#3515,#3516,#3517,#3518,
#3519,#3520,#3521));
#1622=EDGE_LOOP('',(#3522,#3523,#3524,#3525,#3526,#3527,#3528,#3529));
#1623=EDGE_LOOP('',(#3530,#3531,#3532,#3533,#3534,#3535,#3536,#3537,#3538,
#3539,#3540,#3541,#3542,#3543,#3544,#3545,#3546,#3547,#3548,#3549));
#1624=EDGE_LOOP('',(#3550,#3551,#3552,#3553,#3554,#3555,#3556,#3557));
#1625=EDGE_LOOP('',(#3558,#3559,#3560,#3561,#3562,#3563,#3564,#3565));
#1626=EDGE_LOOP('',(#3566,#3567,#3568,#3569));
#1627=EDGE_LOOP('',(#3570,#3571));
#1628=EDGE_LOOP('',(#3572,#3573,#3574,#3575,#3576,#3577,#3578,#3579,#3580,
#3581,#3582,#3583,#3584,#3585,#3586,#3587));
#1629=EDGE_LOOP('',(#3588,#3589,#3590,#3591,#3592,#3593,#3594,#3595,#3596,
#3597,#3598,#3599));
#1630=EDGE_LOOP('',(#3600,#3601,#3602,#3603,#3604,#3605,#3606,#3607,#3608,
#3609,#3610,#3611,#3612));
#1631=EDGE_LOOP('',(#3613,#3614,#3615,#3616,#3617));
#1632=EDGE_LOOP('',(#3618,#3619,#3620,#3621,#3622));
#1633=EDGE_LOOP('',(#3623,#3624,#3625,#3626,#3627,#3628,#3629,#3630));
#1634=EDGE_LOOP('',(#3631,#3632,#3633,#3634,#3635,#3636,#3637,#3638,#3639,
#3640,#3641,#3642));
#1635=EDGE_LOOP('',(#3643,#3644,#3645,#3646,#3647,#3648,#3649,#3650,#3651,
#3652,#3653,#3654));
#1636=EDGE_LOOP('',(#3655,#3656,#3657));
#1637=EDGE_LOOP('',(#3658,#3659,#3660,#3661));
#1638=EDGE_LOOP('',(#3662,#3663,#3664,#3665));
#1639=EDGE_LOOP('',(#3666,#3667,#3668));
#1640=EDGE_LOOP('',(#3669,#3670,#3671,#3672));
#1641=EDGE_LOOP('',(#3673,#3674,#3675,#3676));
#1642=EDGE_LOOP('',(#3677,#3678,#3679));
#1643=EDGE_LOOP('',(#3680,#3681,#3682,#3683));
#1644=EDGE_LOOP('',(#3684,#3685,#3686,#3687));
#1645=EDGE_LOOP('',(#3688,#3689,#3690));
#1646=EDGE_LOOP('',(#3691,#3692,#3693,#3694));
#1647=EDGE_LOOP('',(#3695,#3696,#3697,#3698));
#1648=EDGE_LOOP('',(#3699,#3700,#3701,#3702));
#1649=EDGE_LOOP('',(#3703,#3704,#3705,#3706));
#1650=EDGE_LOOP('',(#3707,#3708,#3709,#3710));
#1651=EDGE_LOOP('',(#3711,#3712,#3713,#3714));
#1652=EDGE_LOOP('',(#3715,#3716,#3717,#3718));
#1653=EDGE_LOOP('',(#3719,#3720,#3721,#3722));
#1654=EDGE_LOOP('',(#3723,#3724,#3725,#3726));
#1655=EDGE_LOOP('',(#3727,#3728,#3729,#3730));
#1656=EDGE_LOOP('',(#3731,#3732,#3733,#3734));
#1657=EDGE_LOOP('',(#3735,#3736,#3737,#3738));
#1658=EDGE_LOOP('',(#3739,#3740,#3741,#3742));
#1659=EDGE_LOOP('',(#3743,#3744,#3745,#3746));
#1660=EDGE_LOOP('',(#3747,#3748,#3749,#3750));
#1661=EDGE_LOOP('',(#3751,#3752,#3753));
#1662=EDGE_LOOP('',(#3754,#3755,#3756,#3757));
#1663=EDGE_LOOP('',(#3758,#3759,#3760));
#1664=EDGE_LOOP('',(#3761,#3762,#3763,#3764));
#1665=EDGE_LOOP('',(#3765,#3766,#3767));
#1666=EDGE_LOOP('',(#3768,#3769,#3770,#3771));
#1667=EDGE_LOOP('',(#3772,#3773,#3774));
#1668=EDGE_LOOP('',(#3775,#3776,#3777,#3778));
#1669=EDGE_LOOP('',(#3779,#3780,#3781));
#1670=EDGE_LOOP('',(#3782,#3783,#3784,#3785));
#1671=EDGE_LOOP('',(#3786,#3787,#3788));
#1672=EDGE_LOOP('',(#3789,#3790,#3791,#3792));
#1673=EDGE_LOOP('',(#3793,#3794,#3795));
#1674=EDGE_LOOP('',(#3796,#3797,#3798,#3799));
#1675=EDGE_LOOP('',(#3800,#3801,#3802));
#1676=EDGE_LOOP('',(#3803,#3804,#3805,#3806));
#1677=EDGE_LOOP('',(#3807,#3808,#3809));
#1678=EDGE_LOOP('',(#3810,#3811,#3812,#3813));
#1679=EDGE_LOOP('',(#3814,#3815,#3816));
#1680=EDGE_LOOP('',(#3817,#3818,#3819,#3820));
#1681=CIRCLE('',#6350,3.);
#1682=CIRCLE('',#6351,3.);
#1683=CIRCLE('',#6352,5.);
#1684=CIRCLE('',#6353,2.);
#1685=CIRCLE('',#6354,2.);
#1686=CIRCLE('',#6355,5.);
#1687=CIRCLE('',#6357,6.);
#1688=CIRCLE('',#6358,6.50000000000001);
#1689=CIRCLE('',#6361,5.49999999999998);
#1690=CIRCLE('',#6362,6.);
#1691=CIRCLE('',#6365,6.50000000000001);
#1692=CIRCLE('',#6366,6.);
#1693=CIRCLE('',#6368,6.);
#1694=CIRCLE('',#6369,6.49999999999997);
#1695=CIRCLE('',#6372,5.50000000000004);
#1696=CIRCLE('',#6373,6.);
#1697=CIRCLE('',#6376,6.49999999999996);
#1698=CIRCLE('',#6377,6.);
#1699=CIRCLE('',#6379,6.);
#1700=CIRCLE('',#6380,6.50000000000001);
#1701=CIRCLE('',#6383,5.5);
#1702=CIRCLE('',#6384,6.);
#1703=CIRCLE('',#6387,6.5);
#1704=CIRCLE('',#6388,6.);
#1705=CIRCLE('',#6390,6.);
#1706=CIRCLE('',#6391,6.50000000000002);
#1707=CIRCLE('',#6394,5.49999999999998);
#1708=CIRCLE('',#6395,6.);
#1709=CIRCLE('',#6398,6.50000000000002);
#1710=CIRCLE('',#6399,6.);
#1711=CIRCLE('',#6401,2.5);
#1712=CIRCLE('',#6402,2.5);
#1713=CIRCLE('',#6405,2.5);
#1714=CIRCLE('',#6406,2.5);
#1715=CIRCLE('',#6409,2.5);
#1716=CIRCLE('',#6410,2.5);
#1717=CIRCLE('',#6413,2.5);
#1718=CIRCLE('',#6414,2.5);
#1719=CIRCLE('',#6417,2.5);
#1720=CIRCLE('',#6418,2.5);
#1721=CIRCLE('',#6421,2.5);
#1722=CIRCLE('',#6422,2.5);
#1723=CIRCLE('',#6425,2.5);
#1724=CIRCLE('',#6426,2.5);
#1725=CIRCLE('',#6429,2.5);
#1726=CIRCLE('',#6430,2.5);
#1727=CIRCLE('',#6433,2.5);
#1728=CIRCLE('',#6434,2.5);
#1729=CIRCLE('',#6437,2.5);
#1730=CIRCLE('',#6438,2.5);
#1731=CIRCLE('',#6442,8.99999999999998);
#1732=CIRCLE('',#6443,10.);
#1733=CIRCLE('',#6445,10.);
#1734=CIRCLE('',#6446,8.99999999999998);
#1735=CIRCLE('',#6448,31.);
#1736=CIRCLE('',#6449,30.);
#1737=CIRCLE('',#6452,8.99999999999998);
#1738=CIRCLE('',#6453,9.99999999999999);
#1739=CIRCLE('',#6455,10.);
#1740=CIRCLE('',#6456,8.99999999999997);
#1741=CIRCLE('',#6460,8.99999999999997);
#1742=CIRCLE('',#6461,9.99999999999999);
#1743=CIRCLE('',#6463,10.);
#1744=CIRCLE('',#6464,8.99999999999997);
#1745=CIRCLE('',#6466,30.);
#1746=CIRCLE('',#6467,31.);
#1747=CIRCLE('',#6469,10.);
#1748=CIRCLE('',#6471,10.);
#1749=CIRCLE('',#6473,10.);
#1750=CIRCLE('',#6475,10.);
#1751=CIRCLE('',#6477,10.);
#1752=CIRCLE('',#6479,10.);
#1753=CIRCLE('',#6481,2.5);
#1754=CIRCLE('',#6482,2.5);
#1755=CIRCLE('',#6483,2.5);
#1756=CIRCLE('',#6485,30.);
#1757=CIRCLE('',#6488,30.);
#1758=CIRCLE('',#6493,1.);
#1759=CIRCLE('',#6495,1.);
#1760=CIRCLE('',#6497,1.);
#1761=CIRCLE('',#6499,1.);
#1762=CIRCLE('',#6501,1.);
#1763=CIRCLE('',#6503,1.);
#1764=CIRCLE('',#6505,5.00000000000003);
#1765=CIRCLE('',#6506,6.00000000000001);
#1766=CIRCLE('',#6515,6.);
#1767=CIRCLE('',#6516,6.99999999999997);
#1768=CIRCLE('',#6518,6.99999999999997);
#1769=CIRCLE('',#6519,6.);
#1770=CIRCLE('',#6523,6.);
#1771=CIRCLE('',#6524,6.99999999999997);
#1772=CIRCLE('',#6526,6.99999999999997);
#1773=CIRCLE('',#6527,6.);
#1774=CIRCLE('',#6531,5.);
#1775=CIRCLE('',#6532,6.00000000000003);
#1776=CIRCLE('',#6534,6.00000000000003);
#1777=CIRCLE('',#6535,5.);
#1778=CIRCLE('',#6539,5.);
#1779=CIRCLE('',#6540,3.99999999999997);
#1780=CIRCLE('',#6542,6.00000000000003);
#1781=CIRCLE('',#6543,5.);
#1782=CIRCLE('',#6547,5.);
#1783=CIRCLE('',#6548,6.00000000000003);
#1784=CIRCLE('',#6550,3.99999999999997);
#1785=CIRCLE('',#6551,5.);
#1786=CIRCLE('',#6555,5.);
#1787=CIRCLE('',#6556,6.00000000000003);
#1788=CIRCLE('',#6558,6.00000000000003);
#1789=CIRCLE('',#6559,5.);
#1790=CIRCLE('',#6563,6.);
#1791=CIRCLE('',#6564,7.);
#1792=CIRCLE('',#6566,7.);
#1793=CIRCLE('',#6567,6.);
#1794=CIRCLE('',#6571,6.);
#1795=CIRCLE('',#6572,7.);
#1796=CIRCLE('',#6574,7.);
#1797=CIRCLE('',#6575,6.);
#1798=CIRCLE('',#6579,2.);
#1799=CIRCLE('',#6580,3.);
#1800=CIRCLE('',#6582,3.);
#1801=CIRCLE('',#6583,4.);
#1802=CIRCLE('',#6585,2.);
#1803=CIRCLE('',#6586,3.);
#1804=CIRCLE('',#6590,3.);
#1805=CIRCLE('',#6591,2.);
#1806=CIRCLE('',#6593,4.);
#1807=CIRCLE('',#6594,3.);
#1808=CIRCLE('',#6596,3.);
#1809=CIRCLE('',#6597,2.);
#1810=CIRCLE('',#6601,2.);
#1811=CIRCLE('',#6602,3.);
#1812=CIRCLE('',#6604,3.);
#1813=CIRCLE('',#6605,4.);
#1814=CIRCLE('',#6607,2.);
#1815=CIRCLE('',#6608,3.);
#1816=CIRCLE('',#6612,3.);
#1817=CIRCLE('',#6613,2.);
#1818=CIRCLE('',#6615,4.);
#1819=CIRCLE('',#6616,3.);
#1820=CIRCLE('',#6618,3.);
#1821=CIRCLE('',#6619,2.);
#1822=CIRCLE('',#6623,9.99999999999999);
#1823=CIRCLE('',#6624,9.00000000000004);
#1824=CIRCLE('',#6626,9.99999999999999);
#1825=CIRCLE('',#6627,9.00000000000004);
#1826=CIRCLE('',#6629,9.99999999999999);
#1827=CIRCLE('',#6630,11.);
#1828=CIRCLE('',#6633,10.);
#1829=CIRCLE('',#6634,11.);
#1830=CIRCLE('',#6637,10.);
#1831=CIRCLE('',#6638,11.);
#1832=CIRCLE('',#6641,9.99999999999999);
#1833=CIRCLE('',#6642,11.);
#1834=CIRCLE('',#6644,9.99999999999999);
#1835=CIRCLE('',#6645,9.00000000000003);
#1836=CIRCLE('',#6647,9.99999999999999);
#1837=CIRCLE('',#6648,9.00000000000003);
#1838=CIRCLE('',#6651,2.);
#1839=CIRCLE('',#6652,6.84739709525978);
#1840=CIRCLE('',#6653,2.);
#1841=CIRCLE('',#6654,4.85500769907629);
#1842=CIRCLE('',#6656,2.);
#1843=CIRCLE('',#6658,2.);
#1844=CIRCLE('',#6659,2.);
#1845=CIRCLE('',#6661,6.84739709525978);
#1846=CIRCLE('',#6662,4.85500769907629);
#1847=CIRCLE('',#6664,2.);
#1848=CIRCLE('',#6665,6.84739709525978);
#1849=CIRCLE('',#6666,2.);
#1850=CIRCLE('',#6667,4.85500769907629);
#1851=CIRCLE('',#6669,2.);
#1852=CIRCLE('',#6671,2.);
#1853=CIRCLE('',#6672,2.);
#1854=CIRCLE('',#6674,6.84739709525978);
#1855=CIRCLE('',#6675,4.85500769907629);
#1856=CIRCLE('',#6677,2.);
#1857=CIRCLE('',#6678,2.);
#1858=CIRCLE('',#6679,2.);
#1859=CIRCLE('',#6681,2.);
#1860=CIRCLE('',#6682,2.);
#1861=CIRCLE('',#6684,2.);
#1862=CIRCLE('',#6685,2.);
#1863=CIRCLE('',#6686,2.);
#1864=CIRCLE('',#6687,2.);
#1865=CIRCLE('',#6689,2.);
#1866=CIRCLE('',#6690,2.);
#1867=CIRCLE('',#6692,2.);
#1868=CIRCLE('',#6693,2.);
#1869=CIRCLE('',#6694,2.);
#1870=CIRCLE('',#6695,2.);
#1871=CIRCLE('',#6697,2.);
#1872=CIRCLE('',#6698,2.);
#1873=CIRCLE('',#6700,2.);
#1874=CIRCLE('',#6714,4.85500769907629);
#1875=CIRCLE('',#6715,2.5);
#1876=CIRCLE('',#6716,2.5);
#1877=CIRCLE('',#6719,6.84739709525978);
#1878=CIRCLE('',#6720,8.);
#1879=CIRCLE('',#6723,8.);
#1880=CIRCLE('',#6725,4.85500769907629);
#1881=CIRCLE('',#6726,2.5);
#1882=CIRCLE('',#6727,2.5);
#1883=CIRCLE('',#6730,6.84739709525978);
#1884=CIRCLE('',#6731,8.);
#1885=CIRCLE('',#6734,8.);
#1886=CIRCLE('',#6736,3.);
#1887=CIRCLE('',#6737,3.);
#1888=CIRCLE('',#6738,3.);
#1889=CIRCLE('',#6740,3.);
#1890=CIRCLE('',#6742,3.);
#1891=CIRCLE('',#6743,3.);
#1892=CIRCLE('',#6744,3.);
#1893=CIRCLE('',#6746,3.);
#1894=CIRCLE('',#6756,10.);
#1895=CIRCLE('',#6758,10.);
#1896=CIRCLE('',#6760,9.99999999999999);
#1897=CIRCLE('',#6762,9.99999999999999);
#1898=CIRCLE('',#6764,10.);
#1899=CIRCLE('',#6766,9.99999999999999);
#1900=CIRCLE('',#6768,9.99999999999999);
#1901=CIRCLE('',#6770,10.);
#1902=CIRCLE('',#6775,2.);
#1903=CIRCLE('',#6776,5.);
#1904=CIRCLE('',#6777,3.);
#1905=CIRCLE('',#6778,3.);
#1906=CIRCLE('',#6779,5.);
#1907=CIRCLE('',#6780,2.);
#1908=CIRCLE('',#6788,5.00000000000003);
#1909=CIRCLE('',#6789,2.5);
#1910=CIRCLE('',#6791,6.00000000000001);
#1911=CIRCLE('',#6793,2.5);
#1912=CIRCLE('',#6801,5.);
#1913=CIRCLE('',#6803,5.);
#1914=CIRCLE('',#6805,5.);
#1915=CIRCLE('',#6807,5.);
#1916=CIRCLE('',#6809,5.);
#1917=CIRCLE('',#6811,5.);
#1918=CIRCLE('',#6813,5.);
#1919=CIRCLE('',#6815,5.);
#1920=CIRCLE('',#6830,3.);
#1921=CIRCLE('',#6832,3.);
#1922=CIRCLE('',#6834,3.);
#1923=CIRCLE('',#6836,3.);
#1924=CIRCLE('',#6838,3.);
#1925=CIRCLE('',#6840,3.);
#1926=CIRCLE('',#6842,3.);
#1927=CIRCLE('',#6844,3.);
#1928=CIRCLE('',#6846,3.);
#1929=CIRCLE('',#6848,3.);
#1930=CIRCLE('',#6850,3.);
#1931=CIRCLE('',#6852,3.);
#1932=CIRCLE('',#6854,2.5);
#1933=CIRCLE('',#6864,6.);
#1934=CIRCLE('',#6866,6.);
#1935=CIRCLE('',#6868,6.);
#1936=CIRCLE('',#6870,6.);
#1937=CIRCLE('',#6872,6.);
#1938=CIRCLE('',#6874,6.);
#1939=CIRCLE('',#6876,6.);
#1940=CIRCLE('',#6878,6.);
#1941=CIRCLE('',#6880,6.);
#1942=CIRCLE('',#6882,6.);
#1943=CIRCLE('',#6884,6.);
#1944=CIRCLE('',#6886,6.);
#1945=CIRCLE('',#6888,6.);
#1946=CIRCLE('',#6890,6.);
#1947=CIRCLE('',#6892,6.);
#1948=CIRCLE('',#6894,6.);
#1949=CIRCLE('',#6896,6.);
#1950=CIRCLE('',#6898,6.);
#1951=CIRCLE('',#6900,6.);
#1952=CIRCLE('',#6902,6.);
#1953=CIRCLE('',#6908,4.3);
#1954=CIRCLE('',#6909,4.3);
#1955=CIRCLE('',#6911,4.3);
#1956=CIRCLE('',#6912,2.24999999999999);
#1957=CIRCLE('',#6913,2.24999999999999);
#1958=CIRCLE('',#6915,2.25);
#1959=CIRCLE('',#6918,4.3);
#1960=CIRCLE('',#6919,4.3);
#1961=CIRCLE('',#6921,4.3);
#1962=CIRCLE('',#6922,2.24999999999999);
#1963=CIRCLE('',#6923,2.24999999999999);
#1964=CIRCLE('',#6925,2.25);
#1965=CIRCLE('',#6928,4.3);
#1966=CIRCLE('',#6929,4.29999999999999);
#1967=CIRCLE('',#6931,4.3);
#1968=CIRCLE('',#6932,2.24999999999999);
#1969=CIRCLE('',#6933,2.24999999999999);
#1970=CIRCLE('',#6935,2.25);
#1971=CIRCLE('',#6938,4.3);
#1972=CIRCLE('',#6939,4.29999999999999);
#1973=CIRCLE('',#6941,4.3);
#1974=CIRCLE('',#6942,2.24999999999999);
#1975=CIRCLE('',#6943,2.24999999999999);
#1976=CIRCLE('',#6945,2.25);
#1977=CIRCLE('',#6948,4.3);
#1978=CIRCLE('',#6952,4.3);
#1979=CIRCLE('',#6956,4.29999999999999);
#1980=CIRCLE('',#6960,4.29999999999999);
#1981=CIRCLE('',#6973,6.00000000000001);
#1982=CIRCLE('',#6975,8.);
#1983=CIRCLE('',#6976,8.);
#1984=CIRCLE('',#6979,2.25);
#1985=CIRCLE('',#6983,2.25);
#1986=CIRCLE('',#6987,2.25);
#1987=CIRCLE('',#6991,2.25);
#1988=CIRCLE('',#6995,6.00000000000001);
#1989=CIRCLE('',#7003,2.5);
#1990=CIRCLE('',#7006,2.5);
#1991=CIRCLE('',#7009,2.5);
#1992=CIRCLE('',#7012,2.5);
#1993=CIRCLE('',#7015,2.5);
#1994=CIRCLE('',#7018,2.5);
#1995=CIRCLE('',#7021,2.5);
#1996=CIRCLE('',#7024,2.5);
#1997=CIRCLE('',#7027,2.5);
#1998=CIRCLE('',#7030,2.5);
#1999=ORIENTED_EDGE('',*,*,#4382,.F.);
#2000=ORIENTED_EDGE('',*,*,#4383,.T.);
#2001=ORIENTED_EDGE('',*,*,#4384,.F.);
#2002=ORIENTED_EDGE('',*,*,#4385,.T.);
#2003=ORIENTED_EDGE('',*,*,#4386,.F.);
#2004=ORIENTED_EDGE('',*,*,#4387,.T.);
#2005=ORIENTED_EDGE('',*,*,#4388,.F.);
#2006=ORIENTED_EDGE('',*,*,#4389,.T.);
#2007=ORIENTED_EDGE('',*,*,#4390,.T.);
#2008=ORIENTED_EDGE('',*,*,#4391,.T.);
#2009=ORIENTED_EDGE('',*,*,#4392,.F.);
#2010=ORIENTED_EDGE('',*,*,#4393,.T.);
#2011=ORIENTED_EDGE('',*,*,#4394,.F.);
#2012=ORIENTED_EDGE('',*,*,#4395,.T.);
#2013=ORIENTED_EDGE('',*,*,#4396,.F.);
#2014=ORIENTED_EDGE('',*,*,#4397,.F.);
#2015=ORIENTED_EDGE('',*,*,#4398,.T.);
#2016=ORIENTED_EDGE('',*,*,#4399,.F.);
#2017=ORIENTED_EDGE('',*,*,#4400,.T.);
#2018=ORIENTED_EDGE('',*,*,#4401,.F.);
#2019=ORIENTED_EDGE('',*,*,#4398,.F.);
#2020=ORIENTED_EDGE('',*,*,#4402,.F.);
#2021=ORIENTED_EDGE('',*,*,#4403,.T.);
#2022=ORIENTED_EDGE('',*,*,#4404,.F.);
#2023=ORIENTED_EDGE('',*,*,#4400,.F.);
#2024=ORIENTED_EDGE('',*,*,#4405,.F.);
#2025=ORIENTED_EDGE('',*,*,#4406,.T.);
#2026=ORIENTED_EDGE('',*,*,#4407,.F.);
#2027=ORIENTED_EDGE('',*,*,#4403,.F.);
#2028=ORIENTED_EDGE('',*,*,#4408,.F.);
#2029=ORIENTED_EDGE('',*,*,#4409,.F.);
#2030=ORIENTED_EDGE('',*,*,#4410,.F.);
#2031=ORIENTED_EDGE('',*,*,#4406,.F.);
#2032=ORIENTED_EDGE('',*,*,#4411,.F.);
#2033=ORIENTED_EDGE('',*,*,#4412,.F.);
#2034=ORIENTED_EDGE('',*,*,#4413,.F.);
#2035=ORIENTED_EDGE('',*,*,#4414,.T.);
#2036=ORIENTED_EDGE('',*,*,#4415,.F.);
#2037=ORIENTED_EDGE('',*,*,#4416,.T.);
#2038=ORIENTED_EDGE('',*,*,#4417,.F.);
#2039=ORIENTED_EDGE('',*,*,#4414,.F.);
#2040=ORIENTED_EDGE('',*,*,#4418,.F.);
#2041=ORIENTED_EDGE('',*,*,#4419,.T.);
#2042=ORIENTED_EDGE('',*,*,#4420,.F.);
#2043=ORIENTED_EDGE('',*,*,#4416,.F.);
#2044=ORIENTED_EDGE('',*,*,#4421,.F.);
#2045=ORIENTED_EDGE('',*,*,#4422,.T.);
#2046=ORIENTED_EDGE('',*,*,#4423,.F.);
#2047=ORIENTED_EDGE('',*,*,#4419,.F.);
#2048=ORIENTED_EDGE('',*,*,#4424,.F.);
#2049=ORIENTED_EDGE('',*,*,#4425,.F.);
#2050=ORIENTED_EDGE('',*,*,#4426,.F.);
#2051=ORIENTED_EDGE('',*,*,#4422,.F.);
#2052=ORIENTED_EDGE('',*,*,#4427,.F.);
#2053=ORIENTED_EDGE('',*,*,#4428,.F.);
#2054=ORIENTED_EDGE('',*,*,#4429,.F.);
#2055=ORIENTED_EDGE('',*,*,#4430,.T.);
#2056=ORIENTED_EDGE('',*,*,#4431,.F.);
#2057=ORIENTED_EDGE('',*,*,#4432,.T.);
#2058=ORIENTED_EDGE('',*,*,#4433,.F.);
#2059=ORIENTED_EDGE('',*,*,#4430,.F.);
#2060=ORIENTED_EDGE('',*,*,#4434,.F.);
#2061=ORIENTED_EDGE('',*,*,#4435,.T.);
#2062=ORIENTED_EDGE('',*,*,#4436,.F.);
#2063=ORIENTED_EDGE('',*,*,#4432,.F.);
#2064=ORIENTED_EDGE('',*,*,#4437,.F.);
#2065=ORIENTED_EDGE('',*,*,#4438,.T.);
#2066=ORIENTED_EDGE('',*,*,#4439,.F.);
#2067=ORIENTED_EDGE('',*,*,#4435,.F.);
#2068=ORIENTED_EDGE('',*,*,#4440,.F.);
#2069=ORIENTED_EDGE('',*,*,#4441,.F.);
#2070=ORIENTED_EDGE('',*,*,#4442,.F.);
#2071=ORIENTED_EDGE('',*,*,#4438,.F.);
#2072=ORIENTED_EDGE('',*,*,#4443,.F.);
#2073=ORIENTED_EDGE('',*,*,#4444,.F.);
#2074=ORIENTED_EDGE('',*,*,#4445,.F.);
#2075=ORIENTED_EDGE('',*,*,#4446,.T.);
#2076=ORIENTED_EDGE('',*,*,#4447,.F.);
#2077=ORIENTED_EDGE('',*,*,#4448,.T.);
#2078=ORIENTED_EDGE('',*,*,#4449,.F.);
#2079=ORIENTED_EDGE('',*,*,#4446,.F.);
#2080=ORIENTED_EDGE('',*,*,#4450,.F.);
#2081=ORIENTED_EDGE('',*,*,#4451,.T.);
#2082=ORIENTED_EDGE('',*,*,#4452,.F.);
#2083=ORIENTED_EDGE('',*,*,#4448,.F.);
#2084=ORIENTED_EDGE('',*,*,#4453,.F.);
#2085=ORIENTED_EDGE('',*,*,#4454,.T.);
#2086=ORIENTED_EDGE('',*,*,#4455,.F.);
#2087=ORIENTED_EDGE('',*,*,#4451,.F.);
#2088=ORIENTED_EDGE('',*,*,#4456,.F.);
#2089=ORIENTED_EDGE('',*,*,#4457,.F.);
#2090=ORIENTED_EDGE('',*,*,#4458,.F.);
#2091=ORIENTED_EDGE('',*,*,#4454,.F.);
#2092=ORIENTED_EDGE('',*,*,#4459,.F.);
#2093=ORIENTED_EDGE('',*,*,#4460,.T.);
#2094=ORIENTED_EDGE('',*,*,#4461,.F.);
#2095=ORIENTED_EDGE('',*,*,#4462,.F.);
#2096=ORIENTED_EDGE('',*,*,#4463,.T.);
#2097=ORIENTED_EDGE('',*,*,#4464,.F.);
#2098=ORIENTED_EDGE('',*,*,#4465,.T.);
#2099=ORIENTED_EDGE('',*,*,#4461,.T.);
#2100=ORIENTED_EDGE('',*,*,#4466,.T.);
#2101=ORIENTED_EDGE('',*,*,#4467,.F.);
#2102=ORIENTED_EDGE('',*,*,#4468,.F.);
#2103=ORIENTED_EDGE('',*,*,#4469,.T.);
#2104=ORIENTED_EDGE('',*,*,#4470,.F.);
#2105=ORIENTED_EDGE('',*,*,#4471,.T.);
#2106=ORIENTED_EDGE('',*,*,#4467,.T.);
#2107=ORIENTED_EDGE('',*,*,#4472,.T.);
#2108=ORIENTED_EDGE('',*,*,#4473,.F.);
#2109=ORIENTED_EDGE('',*,*,#4474,.F.);
#2110=ORIENTED_EDGE('',*,*,#4475,.T.);
#2111=ORIENTED_EDGE('',*,*,#4476,.F.);
#2112=ORIENTED_EDGE('',*,*,#4477,.T.);
#2113=ORIENTED_EDGE('',*,*,#4473,.T.);
#2114=ORIENTED_EDGE('',*,*,#4478,.T.);
#2115=ORIENTED_EDGE('',*,*,#4479,.F.);
#2116=ORIENTED_EDGE('',*,*,#4480,.F.);
#2117=ORIENTED_EDGE('',*,*,#4481,.T.);
#2118=ORIENTED_EDGE('',*,*,#4482,.F.);
#2119=ORIENTED_EDGE('',*,*,#4483,.T.);
#2120=ORIENTED_EDGE('',*,*,#4479,.T.);
#2121=ORIENTED_EDGE('',*,*,#4484,.T.);
#2122=ORIENTED_EDGE('',*,*,#4485,.F.);
#2123=ORIENTED_EDGE('',*,*,#4486,.F.);
#2124=ORIENTED_EDGE('',*,*,#4487,.T.);
#2125=ORIENTED_EDGE('',*,*,#4488,.F.);
#2126=ORIENTED_EDGE('',*,*,#4489,.T.);
#2127=ORIENTED_EDGE('',*,*,#4485,.T.);
#2128=ORIENTED_EDGE('',*,*,#4490,.T.);
#2129=ORIENTED_EDGE('',*,*,#4491,.F.);
#2130=ORIENTED_EDGE('',*,*,#4492,.F.);
#2131=ORIENTED_EDGE('',*,*,#4493,.T.);
#2132=ORIENTED_EDGE('',*,*,#4494,.F.);
#2133=ORIENTED_EDGE('',*,*,#4495,.T.);
#2134=ORIENTED_EDGE('',*,*,#4491,.T.);
#2135=ORIENTED_EDGE('',*,*,#4496,.T.);
#2136=ORIENTED_EDGE('',*,*,#4497,.F.);
#2137=ORIENTED_EDGE('',*,*,#4498,.F.);
#2138=ORIENTED_EDGE('',*,*,#4499,.T.);
#2139=ORIENTED_EDGE('',*,*,#4500,.F.);
#2140=ORIENTED_EDGE('',*,*,#4501,.T.);
#2141=ORIENTED_EDGE('',*,*,#4497,.T.);
#2142=ORIENTED_EDGE('',*,*,#4502,.F.);
#2143=ORIENTED_EDGE('',*,*,#4503,.F.);
#2144=ORIENTED_EDGE('',*,*,#4504,.T.);
#2145=ORIENTED_EDGE('',*,*,#4505,.T.);
#2146=ORIENTED_EDGE('',*,*,#4506,.T.);
#2147=ORIENTED_EDGE('',*,*,#4507,.F.);
#2148=ORIENTED_EDGE('',*,*,#4503,.T.);
#2149=ORIENTED_EDGE('',*,*,#4508,.F.);
#2150=ORIENTED_EDGE('',*,*,#4509,.F.);
#2151=ORIENTED_EDGE('',*,*,#4510,.T.);
#2152=ORIENTED_EDGE('',*,*,#4511,.T.);
#2153=ORIENTED_EDGE('',*,*,#4512,.T.);
#2154=ORIENTED_EDGE('',*,*,#4513,.F.);
#2155=ORIENTED_EDGE('',*,*,#4509,.T.);
#2156=ORIENTED_EDGE('',*,*,#4514,.T.);
#2157=ORIENTED_EDGE('',*,*,#4515,.F.);
#2158=ORIENTED_EDGE('',*,*,#4516,.F.);
#2159=ORIENTED_EDGE('',*,*,#4517,.T.);
#2160=ORIENTED_EDGE('',*,*,#4518,.F.);
#2161=ORIENTED_EDGE('',*,*,#4519,.T.);
#2162=ORIENTED_EDGE('',*,*,#4515,.T.);
#2163=ORIENTED_EDGE('',*,*,#4520,.T.);
#2164=ORIENTED_EDGE('',*,*,#4521,.F.);
#2165=ORIENTED_EDGE('',*,*,#4522,.T.);
#2166=ORIENTED_EDGE('',*,*,#4523,.F.);
#2167=ORIENTED_EDGE('',*,*,#4524,.T.);
#2168=ORIENTED_EDGE('',*,*,#4525,.F.);
#2169=ORIENTED_EDGE('',*,*,#4522,.F.);
#2170=ORIENTED_EDGE('',*,*,#4526,.F.);
#2171=ORIENTED_EDGE('',*,*,#4527,.T.);
#2172=ORIENTED_EDGE('',*,*,#4528,.F.);
#2173=ORIENTED_EDGE('',*,*,#4520,.F.);
#2174=ORIENTED_EDGE('',*,*,#4529,.F.);
#2175=ORIENTED_EDGE('',*,*,#4530,.T.);
#2176=ORIENTED_EDGE('',*,*,#4531,.F.);
#2177=ORIENTED_EDGE('',*,*,#4524,.F.);
#2178=ORIENTED_EDGE('',*,*,#4532,.F.);
#2179=ORIENTED_EDGE('',*,*,#4533,.T.);
#2180=ORIENTED_EDGE('',*,*,#4534,.F.);
#2181=ORIENTED_EDGE('',*,*,#4527,.F.);
#2182=ORIENTED_EDGE('',*,*,#4535,.F.);
#2183=ORIENTED_EDGE('',*,*,#4536,.T.);
#2184=ORIENTED_EDGE('',*,*,#4537,.F.);
#2185=ORIENTED_EDGE('',*,*,#4530,.F.);
#2186=ORIENTED_EDGE('',*,*,#4538,.F.);
#2187=ORIENTED_EDGE('',*,*,#4539,.T.);
#2188=ORIENTED_EDGE('',*,*,#4540,.F.);
#2189=ORIENTED_EDGE('',*,*,#4533,.F.);
#2190=ORIENTED_EDGE('',*,*,#4541,.F.);
#2191=ORIENTED_EDGE('',*,*,#4542,.T.);
#2192=ORIENTED_EDGE('',*,*,#4543,.F.);
#2193=ORIENTED_EDGE('',*,*,#4536,.F.);
#2194=ORIENTED_EDGE('',*,*,#4544,.F.);
#2195=ORIENTED_EDGE('',*,*,#4545,.T.);
#2196=ORIENTED_EDGE('',*,*,#4546,.F.);
#2197=ORIENTED_EDGE('',*,*,#4539,.F.);
#2198=ORIENTED_EDGE('',*,*,#4547,.F.);
#2199=ORIENTED_EDGE('',*,*,#4548,.T.);
#2200=ORIENTED_EDGE('',*,*,#4549,.F.);
#2201=ORIENTED_EDGE('',*,*,#4542,.F.);
#2202=ORIENTED_EDGE('',*,*,#4550,.F.);
#2203=ORIENTED_EDGE('',*,*,#4551,.T.);
#2204=ORIENTED_EDGE('',*,*,#4552,.F.);
#2205=ORIENTED_EDGE('',*,*,#4545,.F.);
#2206=ORIENTED_EDGE('',*,*,#4553,.F.);
#2207=ORIENTED_EDGE('',*,*,#4548,.F.);
#2208=ORIENTED_EDGE('',*,*,#4554,.F.);
#2209=ORIENTED_EDGE('',*,*,#4551,.F.);
#2210=ORIENTED_EDGE('',*,*,#4555,.F.);
#2211=ORIENTED_EDGE('',*,*,#4556,.F.);
#2212=ORIENTED_EDGE('',*,*,#4540,.T.);
#2213=ORIENTED_EDGE('',*,*,#4557,.F.);
#2214=ORIENTED_EDGE('',*,*,#4558,.F.);
#2215=ORIENTED_EDGE('',*,*,#4559,.F.);
#2216=ORIENTED_EDGE('',*,*,#4528,.T.);
#2217=ORIENTED_EDGE('',*,*,#4560,.F.);
#2218=ORIENTED_EDGE('',*,*,#4561,.F.);
#2219=ORIENTED_EDGE('',*,*,#4562,.F.);
#2220=ORIENTED_EDGE('',*,*,#4526,.T.);
#2221=ORIENTED_EDGE('',*,*,#4563,.F.);
#2222=ORIENTED_EDGE('',*,*,#4564,.F.);
#2223=ORIENTED_EDGE('',*,*,#4565,.F.);
#2224=ORIENTED_EDGE('',*,*,#4538,.T.);
#2225=ORIENTED_EDGE('',*,*,#4566,.F.);
#2226=ORIENTED_EDGE('',*,*,#4567,.F.);
#2227=ORIENTED_EDGE('',*,*,#4568,.F.);
#2228=ORIENTED_EDGE('',*,*,#4550,.T.);
#2229=ORIENTED_EDGE('',*,*,#4569,.F.);
#2230=ORIENTED_EDGE('',*,*,#4570,.F.);
#2231=ORIENTED_EDGE('',*,*,#4571,.F.);
#2232=ORIENTED_EDGE('',*,*,#4552,.T.);
#2233=ORIENTED_EDGE('',*,*,#4572,.F.);
#2234=ORIENTED_EDGE('',*,*,#4573,.F.);
#2235=ORIENTED_EDGE('',*,*,#4529,.T.);
#2236=ORIENTED_EDGE('',*,*,#4523,.T.);
#2237=ORIENTED_EDGE('',*,*,#4525,.T.);
#2238=ORIENTED_EDGE('',*,*,#4531,.T.);
#2239=ORIENTED_EDGE('',*,*,#4537,.T.);
#2240=ORIENTED_EDGE('',*,*,#4543,.T.);
#2241=ORIENTED_EDGE('',*,*,#4549,.T.);
#2242=ORIENTED_EDGE('',*,*,#4555,.T.);
#2243=ORIENTED_EDGE('',*,*,#4553,.T.);
#2244=ORIENTED_EDGE('',*,*,#4547,.T.);
#2245=ORIENTED_EDGE('',*,*,#4541,.T.);
#2246=ORIENTED_EDGE('',*,*,#4535,.T.);
#2247=ORIENTED_EDGE('',*,*,#4475,.F.);
#2248=ORIENTED_EDGE('',*,*,#4574,.F.);
#2249=ORIENTED_EDGE('',*,*,#4469,.F.);
#2250=ORIENTED_EDGE('',*,*,#4575,.F.);
#2251=ORIENTED_EDGE('',*,*,#4463,.F.);
#2252=ORIENTED_EDGE('',*,*,#4576,.F.);
#2253=ORIENTED_EDGE('',*,*,#4572,.T.);
#2254=ORIENTED_EDGE('',*,*,#4554,.T.);
#2255=ORIENTED_EDGE('',*,*,#4568,.T.);
#2256=ORIENTED_EDGE('',*,*,#4577,.T.);
#2257=ORIENTED_EDGE('',*,*,#4569,.T.);
#2258=ORIENTED_EDGE('',*,*,#4544,.T.);
#2259=ORIENTED_EDGE('',*,*,#4565,.T.);
#2260=ORIENTED_EDGE('',*,*,#4578,.T.);
#2261=ORIENTED_EDGE('',*,*,#4566,.T.);
#2262=ORIENTED_EDGE('',*,*,#4532,.T.);
#2263=ORIENTED_EDGE('',*,*,#4562,.T.);
#2264=ORIENTED_EDGE('',*,*,#4579,.T.);
#2265=ORIENTED_EDGE('',*,*,#4563,.T.);
#2266=ORIENTED_EDGE('',*,*,#4521,.T.);
#2267=ORIENTED_EDGE('',*,*,#4559,.T.);
#2268=ORIENTED_EDGE('',*,*,#4580,.T.);
#2269=ORIENTED_EDGE('',*,*,#4560,.T.);
#2270=ORIENTED_EDGE('',*,*,#4534,.T.);
#2271=ORIENTED_EDGE('',*,*,#4556,.T.);
#2272=ORIENTED_EDGE('',*,*,#4581,.T.);
#2273=ORIENTED_EDGE('',*,*,#4557,.T.);
#2274=ORIENTED_EDGE('',*,*,#4546,.T.);
#2275=ORIENTED_EDGE('',*,*,#4571,.T.);
#2276=ORIENTED_EDGE('',*,*,#4582,.T.);
#2277=ORIENTED_EDGE('',*,*,#4583,.F.);
#2278=ORIENTED_EDGE('',*,*,#4584,.F.);
#2279=ORIENTED_EDGE('',*,*,#4585,.F.);
#2280=ORIENTED_EDGE('',*,*,#4586,.F.);
#2281=ORIENTED_EDGE('',*,*,#4587,.F.);
#2282=ORIENTED_EDGE('',*,*,#4588,.F.);
#2283=ORIENTED_EDGE('',*,*,#4589,.F.);
#2284=ORIENTED_EDGE('',*,*,#4590,.F.);
#2285=ORIENTED_EDGE('',*,*,#4591,.F.);
#2286=ORIENTED_EDGE('',*,*,#4592,.F.);
#2287=ORIENTED_EDGE('',*,*,#4593,.F.);
#2288=ORIENTED_EDGE('',*,*,#4594,.F.);
#2289=ORIENTED_EDGE('',*,*,#4595,.F.);
#2290=ORIENTED_EDGE('',*,*,#4596,.F.);
#2291=ORIENTED_EDGE('',*,*,#4597,.F.);
#2292=ORIENTED_EDGE('',*,*,#4598,.F.);
#2293=ORIENTED_EDGE('',*,*,#4599,.F.);
#2294=ORIENTED_EDGE('',*,*,#4600,.F.);
#2295=ORIENTED_EDGE('',*,*,#4601,.F.);
#2296=ORIENTED_EDGE('',*,*,#4602,.F.);
#2297=ORIENTED_EDGE('',*,*,#4603,.F.);
#2298=ORIENTED_EDGE('',*,*,#4604,.F.);
#2299=ORIENTED_EDGE('',*,*,#4605,.F.);
#2300=ORIENTED_EDGE('',*,*,#4606,.F.);
#2301=ORIENTED_EDGE('',*,*,#4607,.F.);
#2302=ORIENTED_EDGE('',*,*,#4608,.F.);
#2303=ORIENTED_EDGE('',*,*,#4609,.F.);
#2304=ORIENTED_EDGE('',*,*,#4610,.F.);
#2305=ORIENTED_EDGE('',*,*,#4611,.F.);
#2306=ORIENTED_EDGE('',*,*,#4612,.F.);
#2307=ORIENTED_EDGE('',*,*,#4613,.T.);
#2308=ORIENTED_EDGE('',*,*,#4614,.F.);
#2309=ORIENTED_EDGE('',*,*,#4615,.F.);
#2310=ORIENTED_EDGE('',*,*,#4616,.F.);
#2311=ORIENTED_EDGE('',*,*,#4617,.F.);
#2312=ORIENTED_EDGE('',*,*,#4608,.T.);
#2313=ORIENTED_EDGE('',*,*,#4618,.T.);
#2314=ORIENTED_EDGE('',*,*,#4619,.F.);
#2315=ORIENTED_EDGE('',*,*,#4620,.T.);
#2316=ORIENTED_EDGE('',*,*,#4607,.T.);
#2317=ORIENTED_EDGE('',*,*,#4618,.F.);
#2318=ORIENTED_EDGE('',*,*,#4612,.T.);
#2319=ORIENTED_EDGE('',*,*,#4621,.F.);
#2320=ORIENTED_EDGE('',*,*,#4583,.T.);
#2321=ORIENTED_EDGE('',*,*,#4622,.T.);
#2322=ORIENTED_EDGE('',*,*,#4623,.F.);
#2323=ORIENTED_EDGE('',*,*,#4624,.F.);
#2324=ORIENTED_EDGE('',*,*,#4603,.T.);
#2325=ORIENTED_EDGE('',*,*,#4620,.F.);
#2326=ORIENTED_EDGE('',*,*,#4625,.F.);
#2327=ORIENTED_EDGE('',*,*,#4626,.T.);
#2328=ORIENTED_EDGE('',*,*,#4602,.T.);
#2329=ORIENTED_EDGE('',*,*,#4627,.F.);
#2330=ORIENTED_EDGE('',*,*,#4588,.T.);
#2331=ORIENTED_EDGE('',*,*,#4628,.T.);
#2332=ORIENTED_EDGE('',*,*,#4629,.F.);
#2333=ORIENTED_EDGE('',*,*,#4622,.F.);
#2334=ORIENTED_EDGE('',*,*,#4587,.T.);
#2335=ORIENTED_EDGE('',*,*,#4630,.F.);
#2336=ORIENTED_EDGE('',*,*,#4598,.T.);
#2337=ORIENTED_EDGE('',*,*,#4626,.F.);
#2338=ORIENTED_EDGE('',*,*,#4631,.F.);
#2339=ORIENTED_EDGE('',*,*,#4632,.T.);
#2340=ORIENTED_EDGE('',*,*,#4597,.T.);
#2341=ORIENTED_EDGE('',*,*,#4633,.F.);
#2342=ORIENTED_EDGE('',*,*,#4593,.T.);
#2343=ORIENTED_EDGE('',*,*,#4632,.F.);
#2344=ORIENTED_EDGE('',*,*,#4634,.F.);
#2345=ORIENTED_EDGE('',*,*,#4628,.F.);
#2346=ORIENTED_EDGE('',*,*,#4592,.T.);
#2347=ORIENTED_EDGE('',*,*,#4635,.T.);
#2348=ORIENTED_EDGE('',*,*,#4636,.F.);
#2349=ORIENTED_EDGE('',*,*,#4637,.T.);
#2350=ORIENTED_EDGE('',*,*,#4638,.F.);
#2351=ORIENTED_EDGE('',*,*,#4639,.T.);
#2352=ORIENTED_EDGE('',*,*,#4640,.F.);
#2353=ORIENTED_EDGE('',*,*,#4637,.F.);
#2354=ORIENTED_EDGE('',*,*,#4641,.F.);
#2355=ORIENTED_EDGE('',*,*,#4642,.T.);
#2356=ORIENTED_EDGE('',*,*,#4643,.F.);
#2357=ORIENTED_EDGE('',*,*,#4635,.F.);
#2358=ORIENTED_EDGE('',*,*,#4644,.F.);
#2359=ORIENTED_EDGE('',*,*,#4645,.T.);
#2360=ORIENTED_EDGE('',*,*,#4646,.F.);
#2361=ORIENTED_EDGE('',*,*,#4639,.F.);
#2362=ORIENTED_EDGE('',*,*,#4647,.F.);
#2363=ORIENTED_EDGE('',*,*,#4648,.T.);
#2364=ORIENTED_EDGE('',*,*,#4649,.F.);
#2365=ORIENTED_EDGE('',*,*,#4642,.F.);
#2366=ORIENTED_EDGE('',*,*,#4650,.F.);
#2367=ORIENTED_EDGE('',*,*,#4651,.T.);
#2368=ORIENTED_EDGE('',*,*,#4652,.F.);
#2369=ORIENTED_EDGE('',*,*,#4645,.F.);
#2370=ORIENTED_EDGE('',*,*,#4653,.F.);
#2371=ORIENTED_EDGE('',*,*,#4654,.T.);
#2372=ORIENTED_EDGE('',*,*,#4655,.F.);
#2373=ORIENTED_EDGE('',*,*,#4648,.F.);
#2374=ORIENTED_EDGE('',*,*,#4656,.F.);
#2375=ORIENTED_EDGE('',*,*,#4651,.F.);
#2376=ORIENTED_EDGE('',*,*,#4657,.F.);
#2377=ORIENTED_EDGE('',*,*,#4654,.F.);
#2378=ORIENTED_EDGE('',*,*,#4658,.F.);
#2379=ORIENTED_EDGE('',*,*,#4659,.T.);
#2380=ORIENTED_EDGE('',*,*,#4660,.F.);
#2381=ORIENTED_EDGE('',*,*,#4661,.T.);
#2382=ORIENTED_EDGE('',*,*,#4662,.F.);
#2383=ORIENTED_EDGE('',*,*,#4663,.T.);
#2384=ORIENTED_EDGE('',*,*,#4664,.F.);
#2385=ORIENTED_EDGE('',*,*,#4661,.F.);
#2386=ORIENTED_EDGE('',*,*,#4665,.F.);
#2387=ORIENTED_EDGE('',*,*,#4666,.T.);
#2388=ORIENTED_EDGE('',*,*,#4667,.F.);
#2389=ORIENTED_EDGE('',*,*,#4659,.F.);
#2390=ORIENTED_EDGE('',*,*,#4668,.F.);
#2391=ORIENTED_EDGE('',*,*,#4669,.T.);
#2392=ORIENTED_EDGE('',*,*,#4670,.F.);
#2393=ORIENTED_EDGE('',*,*,#4663,.F.);
#2394=ORIENTED_EDGE('',*,*,#4671,.F.);
#2395=ORIENTED_EDGE('',*,*,#4672,.T.);
#2396=ORIENTED_EDGE('',*,*,#4673,.F.);
#2397=ORIENTED_EDGE('',*,*,#4666,.F.);
#2398=ORIENTED_EDGE('',*,*,#4674,.F.);
#2399=ORIENTED_EDGE('',*,*,#4675,.T.);
#2400=ORIENTED_EDGE('',*,*,#4676,.F.);
#2401=ORIENTED_EDGE('',*,*,#4669,.F.);
#2402=ORIENTED_EDGE('',*,*,#4677,.F.);
#2403=ORIENTED_EDGE('',*,*,#4678,.T.);
#2404=ORIENTED_EDGE('',*,*,#4679,.F.);
#2405=ORIENTED_EDGE('',*,*,#4672,.F.);
#2406=ORIENTED_EDGE('',*,*,#4680,.F.);
#2407=ORIENTED_EDGE('',*,*,#4681,.T.);
#2408=ORIENTED_EDGE('',*,*,#4682,.F.);
#2409=ORIENTED_EDGE('',*,*,#4675,.F.);
#2410=ORIENTED_EDGE('',*,*,#4683,.F.);
#2411=ORIENTED_EDGE('',*,*,#4684,.T.);
#2412=ORIENTED_EDGE('',*,*,#4685,.F.);
#2413=ORIENTED_EDGE('',*,*,#4678,.F.);
#2414=ORIENTED_EDGE('',*,*,#4686,.F.);
#2415=ORIENTED_EDGE('',*,*,#4687,.T.);
#2416=ORIENTED_EDGE('',*,*,#4688,.F.);
#2417=ORIENTED_EDGE('',*,*,#4681,.F.);
#2418=ORIENTED_EDGE('',*,*,#4689,.F.);
#2419=ORIENTED_EDGE('',*,*,#4690,.T.);
#2420=ORIENTED_EDGE('',*,*,#4691,.F.);
#2421=ORIENTED_EDGE('',*,*,#4684,.F.);
#2422=ORIENTED_EDGE('',*,*,#4692,.F.);
#2423=ORIENTED_EDGE('',*,*,#4693,.T.);
#2424=ORIENTED_EDGE('',*,*,#4694,.F.);
#2425=ORIENTED_EDGE('',*,*,#4687,.F.);
#2426=ORIENTED_EDGE('',*,*,#4695,.F.);
#2427=ORIENTED_EDGE('',*,*,#4696,.T.);
#2428=ORIENTED_EDGE('',*,*,#4697,.F.);
#2429=ORIENTED_EDGE('',*,*,#4690,.F.);
#2430=ORIENTED_EDGE('',*,*,#4698,.F.);
#2431=ORIENTED_EDGE('',*,*,#4699,.T.);
#2432=ORIENTED_EDGE('',*,*,#4700,.F.);
#2433=ORIENTED_EDGE('',*,*,#4693,.F.);
#2434=ORIENTED_EDGE('',*,*,#4701,.F.);
#2435=ORIENTED_EDGE('',*,*,#4702,.T.);
#2436=ORIENTED_EDGE('',*,*,#4703,.F.);
#2437=ORIENTED_EDGE('',*,*,#4696,.F.);
#2438=ORIENTED_EDGE('',*,*,#4704,.F.);
#2439=ORIENTED_EDGE('',*,*,#4699,.F.);
#2440=ORIENTED_EDGE('',*,*,#4705,.F.);
#2441=ORIENTED_EDGE('',*,*,#4702,.F.);
#2442=ORIENTED_EDGE('',*,*,#4706,.F.);
#2443=ORIENTED_EDGE('',*,*,#4707,.T.);
#2444=ORIENTED_EDGE('',*,*,#4708,.F.);
#2445=ORIENTED_EDGE('',*,*,#4709,.T.);
#2446=ORIENTED_EDGE('',*,*,#4710,.F.);
#2447=ORIENTED_EDGE('',*,*,#4711,.T.);
#2448=ORIENTED_EDGE('',*,*,#4712,.F.);
#2449=ORIENTED_EDGE('',*,*,#4709,.F.);
#2450=ORIENTED_EDGE('',*,*,#4713,.F.);
#2451=ORIENTED_EDGE('',*,*,#4714,.T.);
#2452=ORIENTED_EDGE('',*,*,#4715,.F.);
#2453=ORIENTED_EDGE('',*,*,#4707,.F.);
#2454=ORIENTED_EDGE('',*,*,#4716,.F.);
#2455=ORIENTED_EDGE('',*,*,#4717,.T.);
#2456=ORIENTED_EDGE('',*,*,#4718,.F.);
#2457=ORIENTED_EDGE('',*,*,#4711,.F.);
#2458=ORIENTED_EDGE('',*,*,#4719,.F.);
#2459=ORIENTED_EDGE('',*,*,#4720,.T.);
#2460=ORIENTED_EDGE('',*,*,#4721,.F.);
#2461=ORIENTED_EDGE('',*,*,#4714,.F.);
#2462=ORIENTED_EDGE('',*,*,#4722,.F.);
#2463=ORIENTED_EDGE('',*,*,#4723,.T.);
#2464=ORIENTED_EDGE('',*,*,#4724,.F.);
#2465=ORIENTED_EDGE('',*,*,#4717,.F.);
#2466=ORIENTED_EDGE('',*,*,#4725,.F.);
#2467=ORIENTED_EDGE('',*,*,#4726,.T.);
#2468=ORIENTED_EDGE('',*,*,#4727,.F.);
#2469=ORIENTED_EDGE('',*,*,#4720,.F.);
#2470=ORIENTED_EDGE('',*,*,#4728,.F.);
#2471=ORIENTED_EDGE('',*,*,#4723,.F.);
#2472=ORIENTED_EDGE('',*,*,#4729,.F.);
#2473=ORIENTED_EDGE('',*,*,#4726,.F.);
#2474=ORIENTED_EDGE('',*,*,#4730,.F.);
#2475=ORIENTED_EDGE('',*,*,#4731,.T.);
#2476=ORIENTED_EDGE('',*,*,#4732,.F.);
#2477=ORIENTED_EDGE('',*,*,#4733,.T.);
#2478=ORIENTED_EDGE('',*,*,#4734,.F.);
#2479=ORIENTED_EDGE('',*,*,#4735,.T.);
#2480=ORIENTED_EDGE('',*,*,#4736,.F.);
#2481=ORIENTED_EDGE('',*,*,#4733,.F.);
#2482=ORIENTED_EDGE('',*,*,#4737,.F.);
#2483=ORIENTED_EDGE('',*,*,#4738,.T.);
#2484=ORIENTED_EDGE('',*,*,#4739,.F.);
#2485=ORIENTED_EDGE('',*,*,#4731,.F.);
#2486=ORIENTED_EDGE('',*,*,#4740,.F.);
#2487=ORIENTED_EDGE('',*,*,#4741,.T.);
#2488=ORIENTED_EDGE('',*,*,#4742,.F.);
#2489=ORIENTED_EDGE('',*,*,#4735,.F.);
#2490=ORIENTED_EDGE('',*,*,#4743,.F.);
#2491=ORIENTED_EDGE('',*,*,#4744,.T.);
#2492=ORIENTED_EDGE('',*,*,#4745,.F.);
#2493=ORIENTED_EDGE('',*,*,#4738,.F.);
#2494=ORIENTED_EDGE('',*,*,#4746,.F.);
#2495=ORIENTED_EDGE('',*,*,#4747,.T.);
#2496=ORIENTED_EDGE('',*,*,#4748,.F.);
#2497=ORIENTED_EDGE('',*,*,#4741,.F.);
#2498=ORIENTED_EDGE('',*,*,#4749,.F.);
#2499=ORIENTED_EDGE('',*,*,#4750,.T.);
#2500=ORIENTED_EDGE('',*,*,#4751,.F.);
#2501=ORIENTED_EDGE('',*,*,#4744,.F.);
#2502=ORIENTED_EDGE('',*,*,#4752,.F.);
#2503=ORIENTED_EDGE('',*,*,#4753,.T.);
#2504=ORIENTED_EDGE('',*,*,#4754,.F.);
#2505=ORIENTED_EDGE('',*,*,#4747,.F.);
#2506=ORIENTED_EDGE('',*,*,#4755,.F.);
#2507=ORIENTED_EDGE('',*,*,#4756,.T.);
#2508=ORIENTED_EDGE('',*,*,#4757,.F.);
#2509=ORIENTED_EDGE('',*,*,#4750,.F.);
#2510=ORIENTED_EDGE('',*,*,#4758,.F.);
#2511=ORIENTED_EDGE('',*,*,#4759,.T.);
#2512=ORIENTED_EDGE('',*,*,#4760,.F.);
#2513=ORIENTED_EDGE('',*,*,#4753,.F.);
#2514=ORIENTED_EDGE('',*,*,#4761,.F.);
#2515=ORIENTED_EDGE('',*,*,#4762,.T.);
#2516=ORIENTED_EDGE('',*,*,#4763,.F.);
#2517=ORIENTED_EDGE('',*,*,#4756,.F.);
#2518=ORIENTED_EDGE('',*,*,#4764,.F.);
#2519=ORIENTED_EDGE('',*,*,#4765,.T.);
#2520=ORIENTED_EDGE('',*,*,#4766,.F.);
#2521=ORIENTED_EDGE('',*,*,#4759,.F.);
#2522=ORIENTED_EDGE('',*,*,#4767,.F.);
#2523=ORIENTED_EDGE('',*,*,#4768,.T.);
#2524=ORIENTED_EDGE('',*,*,#4769,.F.);
#2525=ORIENTED_EDGE('',*,*,#4762,.F.);
#2526=ORIENTED_EDGE('',*,*,#4770,.F.);
#2527=ORIENTED_EDGE('',*,*,#4771,.T.);
#2528=ORIENTED_EDGE('',*,*,#4772,.F.);
#2529=ORIENTED_EDGE('',*,*,#4765,.F.);
#2530=ORIENTED_EDGE('',*,*,#4773,.F.);
#2531=ORIENTED_EDGE('',*,*,#4774,.T.);
#2532=ORIENTED_EDGE('',*,*,#4775,.F.);
#2533=ORIENTED_EDGE('',*,*,#4768,.F.);
#2534=ORIENTED_EDGE('',*,*,#4776,.F.);
#2535=ORIENTED_EDGE('',*,*,#4777,.T.);
#2536=ORIENTED_EDGE('',*,*,#4778,.F.);
#2537=ORIENTED_EDGE('',*,*,#4771,.F.);
#2538=ORIENTED_EDGE('',*,*,#4779,.F.);
#2539=ORIENTED_EDGE('',*,*,#4780,.T.);
#2540=ORIENTED_EDGE('',*,*,#4781,.F.);
#2541=ORIENTED_EDGE('',*,*,#4774,.F.);
#2542=ORIENTED_EDGE('',*,*,#4782,.F.);
#2543=ORIENTED_EDGE('',*,*,#4783,.T.);
#2544=ORIENTED_EDGE('',*,*,#4784,.F.);
#2545=ORIENTED_EDGE('',*,*,#4777,.F.);
#2546=ORIENTED_EDGE('',*,*,#4785,.F.);
#2547=ORIENTED_EDGE('',*,*,#4786,.T.);
#2548=ORIENTED_EDGE('',*,*,#4787,.F.);
#2549=ORIENTED_EDGE('',*,*,#4780,.F.);
#2550=ORIENTED_EDGE('',*,*,#4788,.F.);
#2551=ORIENTED_EDGE('',*,*,#4783,.F.);
#2552=ORIENTED_EDGE('',*,*,#4789,.F.);
#2553=ORIENTED_EDGE('',*,*,#4786,.F.);
#2554=ORIENTED_EDGE('',*,*,#4790,.F.);
#2555=ORIENTED_EDGE('',*,*,#4791,.T.);
#2556=ORIENTED_EDGE('',*,*,#4792,.F.);
#2557=ORIENTED_EDGE('',*,*,#4793,.F.);
#2558=ORIENTED_EDGE('',*,*,#4794,.F.);
#2559=ORIENTED_EDGE('',*,*,#4795,.T.);
#2560=ORIENTED_EDGE('',*,*,#4796,.F.);
#2561=ORIENTED_EDGE('',*,*,#4791,.F.);
#2562=ORIENTED_EDGE('',*,*,#4797,.F.);
#2563=ORIENTED_EDGE('',*,*,#4798,.T.);
#2564=ORIENTED_EDGE('',*,*,#4799,.F.);
#2565=ORIENTED_EDGE('',*,*,#4795,.F.);
#2566=ORIENTED_EDGE('',*,*,#4800,.F.);
#2567=ORIENTED_EDGE('',*,*,#4801,.T.);
#2568=ORIENTED_EDGE('',*,*,#4802,.F.);
#2569=ORIENTED_EDGE('',*,*,#4798,.F.);
#2570=ORIENTED_EDGE('',*,*,#4803,.F.);
#2571=ORIENTED_EDGE('',*,*,#4804,.T.);
#2572=ORIENTED_EDGE('',*,*,#4805,.F.);
#2573=ORIENTED_EDGE('',*,*,#4801,.F.);
#2574=ORIENTED_EDGE('',*,*,#4806,.F.);
#2575=ORIENTED_EDGE('',*,*,#4807,.T.);
#2576=ORIENTED_EDGE('',*,*,#4808,.F.);
#2577=ORIENTED_EDGE('',*,*,#4804,.F.);
#2578=ORIENTED_EDGE('',*,*,#4809,.F.);
#2579=ORIENTED_EDGE('',*,*,#4810,.T.);
#2580=ORIENTED_EDGE('',*,*,#4811,.F.);
#2581=ORIENTED_EDGE('',*,*,#4807,.F.);
#2582=ORIENTED_EDGE('',*,*,#4812,.F.);
#2583=ORIENTED_EDGE('',*,*,#4813,.T.);
#2584=ORIENTED_EDGE('',*,*,#4814,.F.);
#2585=ORIENTED_EDGE('',*,*,#4810,.F.);
#2586=ORIENTED_EDGE('',*,*,#4815,.F.);
#2587=ORIENTED_EDGE('',*,*,#4816,.T.);
#2588=ORIENTED_EDGE('',*,*,#4817,.F.);
#2589=ORIENTED_EDGE('',*,*,#4813,.F.);
#2590=ORIENTED_EDGE('',*,*,#4818,.F.);
#2591=ORIENTED_EDGE('',*,*,#4819,.T.);
#2592=ORIENTED_EDGE('',*,*,#4820,.F.);
#2593=ORIENTED_EDGE('',*,*,#4816,.F.);
#2594=ORIENTED_EDGE('',*,*,#4821,.F.);
#2595=ORIENTED_EDGE('',*,*,#4822,.T.);
#2596=ORIENTED_EDGE('',*,*,#4823,.F.);
#2597=ORIENTED_EDGE('',*,*,#4819,.F.);
#2598=ORIENTED_EDGE('',*,*,#4824,.F.);
#2599=ORIENTED_EDGE('',*,*,#4825,.T.);
#2600=ORIENTED_EDGE('',*,*,#4826,.F.);
#2601=ORIENTED_EDGE('',*,*,#4822,.F.);
#2602=ORIENTED_EDGE('',*,*,#4827,.F.);
#2603=ORIENTED_EDGE('',*,*,#4828,.F.);
#2604=ORIENTED_EDGE('',*,*,#4829,.F.);
#2605=ORIENTED_EDGE('',*,*,#4825,.F.);
#2606=ORIENTED_EDGE('',*,*,#4830,.F.);
#2607=ORIENTED_EDGE('',*,*,#4831,.F.);
#2608=ORIENTED_EDGE('',*,*,#4832,.F.);
#2609=ORIENTED_EDGE('',*,*,#4833,.T.);
#2610=ORIENTED_EDGE('',*,*,#4834,.F.);
#2611=ORIENTED_EDGE('',*,*,#4835,.T.);
#2612=ORIENTED_EDGE('',*,*,#4836,.F.);
#2613=ORIENTED_EDGE('',*,*,#4833,.F.);
#2614=ORIENTED_EDGE('',*,*,#4837,.F.);
#2615=ORIENTED_EDGE('',*,*,#4838,.T.);
#2616=ORIENTED_EDGE('',*,*,#4839,.F.);
#2617=ORIENTED_EDGE('',*,*,#4840,.F.);
#2618=ORIENTED_EDGE('',*,*,#4841,.F.);
#2619=ORIENTED_EDGE('',*,*,#4835,.F.);
#2620=ORIENTED_EDGE('',*,*,#4842,.F.);
#2621=ORIENTED_EDGE('',*,*,#4838,.F.);
#2622=ORIENTED_EDGE('',*,*,#4843,.F.);
#2623=ORIENTED_EDGE('',*,*,#4844,.F.);
#2624=ORIENTED_EDGE('',*,*,#4845,.F.);
#2625=ORIENTED_EDGE('',*,*,#4846,.T.);
#2626=ORIENTED_EDGE('',*,*,#4847,.F.);
#2627=ORIENTED_EDGE('',*,*,#4848,.T.);
#2628=ORIENTED_EDGE('',*,*,#4849,.F.);
#2629=ORIENTED_EDGE('',*,*,#4846,.F.);
#2630=ORIENTED_EDGE('',*,*,#4850,.F.);
#2631=ORIENTED_EDGE('',*,*,#4851,.T.);
#2632=ORIENTED_EDGE('',*,*,#4852,.F.);
#2633=ORIENTED_EDGE('',*,*,#4853,.F.);
#2634=ORIENTED_EDGE('',*,*,#4854,.F.);
#2635=ORIENTED_EDGE('',*,*,#4848,.F.);
#2636=ORIENTED_EDGE('',*,*,#4855,.F.);
#2637=ORIENTED_EDGE('',*,*,#4851,.F.);
#2638=ORIENTED_EDGE('',*,*,#4856,.F.);
#2639=ORIENTED_EDGE('',*,*,#4857,.F.);
#2640=ORIENTED_EDGE('',*,*,#4858,.F.);
#2641=ORIENTED_EDGE('',*,*,#4859,.T.);
#2642=ORIENTED_EDGE('',*,*,#4860,.F.);
#2643=ORIENTED_EDGE('',*,*,#4861,.T.);
#2644=ORIENTED_EDGE('',*,*,#4862,.F.);
#2645=ORIENTED_EDGE('',*,*,#4859,.F.);
#2646=ORIENTED_EDGE('',*,*,#4863,.F.);
#2647=ORIENTED_EDGE('',*,*,#4864,.T.);
#2648=ORIENTED_EDGE('',*,*,#4865,.F.);
#2649=ORIENTED_EDGE('',*,*,#4866,.F.);
#2650=ORIENTED_EDGE('',*,*,#4867,.F.);
#2651=ORIENTED_EDGE('',*,*,#4868,.F.);
#2652=ORIENTED_EDGE('',*,*,#4869,.F.);
#2653=ORIENTED_EDGE('',*,*,#4870,.T.);
#2654=ORIENTED_EDGE('',*,*,#4871,.F.);
#2655=ORIENTED_EDGE('',*,*,#4872,.F.);
#2656=ORIENTED_EDGE('',*,*,#4873,.F.);
#2657=ORIENTED_EDGE('',*,*,#4864,.F.);
#2658=ORIENTED_EDGE('',*,*,#4874,.F.);
#2659=ORIENTED_EDGE('',*,*,#4875,.T.);
#2660=ORIENTED_EDGE('',*,*,#4876,.F.);
#2661=ORIENTED_EDGE('',*,*,#4870,.F.);
#2662=ORIENTED_EDGE('',*,*,#4877,.F.);
#2663=ORIENTED_EDGE('',*,*,#4878,.T.);
#2664=ORIENTED_EDGE('',*,*,#4879,.F.);
#2665=ORIENTED_EDGE('',*,*,#4880,.F.);
#2666=ORIENTED_EDGE('',*,*,#4881,.F.);
#2667=ORIENTED_EDGE('',*,*,#4882,.F.);
#2668=ORIENTED_EDGE('',*,*,#4883,.F.);
#2669=ORIENTED_EDGE('',*,*,#4884,.T.);
#2670=ORIENTED_EDGE('',*,*,#4885,.F.);
#2671=ORIENTED_EDGE('',*,*,#4886,.F.);
#2672=ORIENTED_EDGE('',*,*,#4887,.F.);
#2673=ORIENTED_EDGE('',*,*,#4878,.F.);
#2674=ORIENTED_EDGE('',*,*,#4888,.F.);
#2675=ORIENTED_EDGE('',*,*,#4889,.T.);
#2676=ORIENTED_EDGE('',*,*,#4890,.F.);
#2677=ORIENTED_EDGE('',*,*,#4884,.F.);
#2678=ORIENTED_EDGE('',*,*,#4891,.F.);
#2679=ORIENTED_EDGE('',*,*,#4892,.T.);
#2680=ORIENTED_EDGE('',*,*,#4893,.F.);
#2681=ORIENTED_EDGE('',*,*,#4894,.F.);
#2682=ORIENTED_EDGE('',*,*,#4895,.F.);
#2683=ORIENTED_EDGE('',*,*,#4896,.F.);
#2684=ORIENTED_EDGE('',*,*,#4897,.F.);
#2685=ORIENTED_EDGE('',*,*,#4892,.F.);
#2686=ORIENTED_EDGE('',*,*,#4898,.F.);
#2687=ORIENTED_EDGE('',*,*,#4899,.F.);
#2688=ORIENTED_EDGE('',*,*,#4900,.T.);
#2689=ORIENTED_EDGE('',*,*,#4901,.F.);
#2690=ORIENTED_EDGE('',*,*,#4902,.F.);
#2691=ORIENTED_EDGE('',*,*,#4903,.F.);
#2692=ORIENTED_EDGE('',*,*,#4887,.T.);
#2693=ORIENTED_EDGE('',*,*,#4904,.T.);
#2694=ORIENTED_EDGE('',*,*,#4905,.F.);
#2695=ORIENTED_EDGE('',*,*,#4906,.F.);
#2696=ORIENTED_EDGE('',*,*,#4907,.F.);
#2697=ORIENTED_EDGE('',*,*,#4897,.T.);
#2698=ORIENTED_EDGE('',*,*,#4908,.T.);
#2699=ORIENTED_EDGE('',*,*,#4909,.F.);
#2700=ORIENTED_EDGE('',*,*,#4910,.F.);
#2701=ORIENTED_EDGE('',*,*,#4911,.F.);
#2702=ORIENTED_EDGE('',*,*,#4869,.T.);
#2703=ORIENTED_EDGE('',*,*,#4912,.T.);
#2704=ORIENTED_EDGE('',*,*,#4913,.F.);
#2705=ORIENTED_EDGE('',*,*,#4914,.F.);
#2706=ORIENTED_EDGE('',*,*,#4915,.F.);
#2707=ORIENTED_EDGE('',*,*,#4858,.T.);
#2708=ORIENTED_EDGE('',*,*,#4916,.T.);
#2709=ORIENTED_EDGE('',*,*,#4917,.F.);
#2710=ORIENTED_EDGE('',*,*,#4918,.F.);
#2711=ORIENTED_EDGE('',*,*,#4919,.F.);
#2712=ORIENTED_EDGE('',*,*,#4873,.T.);
#2713=ORIENTED_EDGE('',*,*,#4920,.T.);
#2714=ORIENTED_EDGE('',*,*,#4921,.F.);
#2715=ORIENTED_EDGE('',*,*,#4922,.F.);
#2716=ORIENTED_EDGE('',*,*,#4867,.T.);
#2717=ORIENTED_EDGE('',*,*,#4923,.T.);
#2718=ORIENTED_EDGE('',*,*,#4860,.T.);
#2719=ORIENTED_EDGE('',*,*,#4862,.T.);
#2720=ORIENTED_EDGE('',*,*,#4924,.T.);
#2721=ORIENTED_EDGE('',*,*,#4871,.T.);
#2722=ORIENTED_EDGE('',*,*,#4876,.T.);
#2723=ORIENTED_EDGE('',*,*,#4925,.T.);
#2724=ORIENTED_EDGE('',*,*,#4885,.T.);
#2725=ORIENTED_EDGE('',*,*,#4890,.T.);
#2726=ORIENTED_EDGE('',*,*,#4926,.T.);
#2727=ORIENTED_EDGE('',*,*,#4898,.T.);
#2728=ORIENTED_EDGE('',*,*,#4895,.T.);
#2729=ORIENTED_EDGE('',*,*,#4927,.T.);
#2730=ORIENTED_EDGE('',*,*,#4888,.T.);
#2731=ORIENTED_EDGE('',*,*,#4881,.T.);
#2732=ORIENTED_EDGE('',*,*,#4928,.T.);
#2733=ORIENTED_EDGE('',*,*,#4874,.T.);
#2734=ORIENTED_EDGE('',*,*,#4909,.T.);
#2735=ORIENTED_EDGE('',*,*,#4891,.T.);
#2736=ORIENTED_EDGE('',*,*,#4929,.T.);
#2737=ORIENTED_EDGE('',*,*,#4930,.T.);
#2738=ORIENTED_EDGE('',*,*,#4901,.T.);
#2739=ORIENTED_EDGE('',*,*,#4877,.T.);
#2740=ORIENTED_EDGE('',*,*,#4911,.T.);
#2741=ORIENTED_EDGE('',*,*,#4931,.T.);
#2742=ORIENTED_EDGE('',*,*,#4913,.T.);
#2743=ORIENTED_EDGE('',*,*,#4863,.T.);
#2744=ORIENTED_EDGE('',*,*,#4915,.T.);
#2745=ORIENTED_EDGE('',*,*,#4932,.T.);
#2746=ORIENTED_EDGE('',*,*,#4917,.T.);
#2747=ORIENTED_EDGE('',*,*,#4865,.T.);
#2748=ORIENTED_EDGE('',*,*,#4919,.T.);
#2749=ORIENTED_EDGE('',*,*,#4933,.T.);
#2750=ORIENTED_EDGE('',*,*,#4921,.T.);
#2751=ORIENTED_EDGE('',*,*,#4879,.T.);
#2752=ORIENTED_EDGE('',*,*,#4903,.T.);
#2753=ORIENTED_EDGE('',*,*,#4934,.T.);
#2754=ORIENTED_EDGE('',*,*,#4905,.T.);
#2755=ORIENTED_EDGE('',*,*,#4893,.T.);
#2756=ORIENTED_EDGE('',*,*,#4907,.T.);
#2757=ORIENTED_EDGE('',*,*,#4935,.T.);
#2758=ORIENTED_EDGE('',*,*,#4854,.T.);
#2759=ORIENTED_EDGE('',*,*,#4936,.T.);
#2760=ORIENTED_EDGE('',*,*,#4847,.T.);
#2761=ORIENTED_EDGE('',*,*,#4849,.T.);
#2762=ORIENTED_EDGE('',*,*,#4856,.T.);
#2763=ORIENTED_EDGE('',*,*,#4499,.F.);
#2764=ORIENTED_EDGE('',*,*,#4937,.F.);
#2765=ORIENTED_EDGE('',*,*,#4493,.F.);
#2766=ORIENTED_EDGE('',*,*,#4938,.F.);
#2767=ORIENTED_EDGE('',*,*,#4939,.F.);
#2768=ORIENTED_EDGE('',*,*,#4850,.T.);
#2769=ORIENTED_EDGE('',*,*,#4940,.T.);
#2770=ORIENTED_EDGE('',*,*,#4941,.T.);
#2771=ORIENTED_EDGE('',*,*,#4942,.F.);
#2772=ORIENTED_EDGE('',*,*,#4943,.T.);
#2773=ORIENTED_EDGE('',*,*,#4944,.T.);
#2774=ORIENTED_EDGE('',*,*,#4945,.T.);
#2775=ORIENTED_EDGE('',*,*,#4944,.F.);
#2776=ORIENTED_EDGE('',*,*,#4852,.T.);
#2777=ORIENTED_EDGE('',*,*,#4946,.T.);
#2778=ORIENTED_EDGE('',*,*,#4947,.T.);
#2779=ORIENTED_EDGE('',*,*,#4946,.F.);
#2780=ORIENTED_EDGE('',*,*,#4855,.T.);
#2781=ORIENTED_EDGE('',*,*,#4939,.T.);
#2782=ORIENTED_EDGE('',*,*,#4948,.T.);
#2783=ORIENTED_EDGE('',*,*,#4841,.T.);
#2784=ORIENTED_EDGE('',*,*,#4949,.T.);
#2785=ORIENTED_EDGE('',*,*,#4834,.T.);
#2786=ORIENTED_EDGE('',*,*,#4836,.T.);
#2787=ORIENTED_EDGE('',*,*,#4843,.T.);
#2788=ORIENTED_EDGE('',*,*,#4487,.F.);
#2789=ORIENTED_EDGE('',*,*,#4950,.F.);
#2790=ORIENTED_EDGE('',*,*,#4481,.F.);
#2791=ORIENTED_EDGE('',*,*,#4951,.F.);
#2792=ORIENTED_EDGE('',*,*,#4952,.F.);
#2793=ORIENTED_EDGE('',*,*,#4837,.T.);
#2794=ORIENTED_EDGE('',*,*,#4953,.T.);
#2795=ORIENTED_EDGE('',*,*,#4954,.T.);
#2796=ORIENTED_EDGE('',*,*,#4955,.F.);
#2797=ORIENTED_EDGE('',*,*,#4956,.T.);
#2798=ORIENTED_EDGE('',*,*,#4957,.T.);
#2799=ORIENTED_EDGE('',*,*,#4958,.T.);
#2800=ORIENTED_EDGE('',*,*,#4957,.F.);
#2801=ORIENTED_EDGE('',*,*,#4839,.T.);
#2802=ORIENTED_EDGE('',*,*,#4959,.T.);
#2803=ORIENTED_EDGE('',*,*,#4960,.T.);
#2804=ORIENTED_EDGE('',*,*,#4959,.F.);
#2805=ORIENTED_EDGE('',*,*,#4842,.T.);
#2806=ORIENTED_EDGE('',*,*,#4952,.T.);
#2807=ORIENTED_EDGE('',*,*,#4961,.T.);
#2808=ORIENTED_EDGE('',*,*,#4962,.T.);
#2809=ORIENTED_EDGE('',*,*,#4963,.F.);
#2810=ORIENTED_EDGE('',*,*,#4964,.T.);
#2811=ORIENTED_EDGE('',*,*,#4965,.F.);
#2812=ORIENTED_EDGE('',*,*,#4966,.T.);
#2813=ORIENTED_EDGE('',*,*,#4967,.F.);
#2814=ORIENTED_EDGE('',*,*,#4964,.F.);
#2815=ORIENTED_EDGE('',*,*,#4968,.F.);
#2816=ORIENTED_EDGE('',*,*,#4969,.T.);
#2817=ORIENTED_EDGE('',*,*,#4970,.F.);
#2818=ORIENTED_EDGE('',*,*,#4962,.F.);
#2819=ORIENTED_EDGE('',*,*,#4971,.F.);
#2820=ORIENTED_EDGE('',*,*,#4972,.T.);
#2821=ORIENTED_EDGE('',*,*,#4973,.F.);
#2822=ORIENTED_EDGE('',*,*,#4966,.F.);
#2823=ORIENTED_EDGE('',*,*,#4974,.F.);
#2824=ORIENTED_EDGE('',*,*,#4975,.T.);
#2825=ORIENTED_EDGE('',*,*,#4976,.F.);
#2826=ORIENTED_EDGE('',*,*,#4969,.F.);
#2827=ORIENTED_EDGE('',*,*,#4977,.F.);
#2828=ORIENTED_EDGE('',*,*,#4978,.T.);
#2829=ORIENTED_EDGE('',*,*,#4979,.F.);
#2830=ORIENTED_EDGE('',*,*,#4972,.F.);
#2831=ORIENTED_EDGE('',*,*,#4980,.F.);
#2832=ORIENTED_EDGE('',*,*,#4981,.T.);
#2833=ORIENTED_EDGE('',*,*,#4982,.F.);
#2834=ORIENTED_EDGE('',*,*,#4975,.F.);
#2835=ORIENTED_EDGE('',*,*,#4983,.F.);
#2836=ORIENTED_EDGE('',*,*,#4978,.F.);
#2837=ORIENTED_EDGE('',*,*,#4984,.F.);
#2838=ORIENTED_EDGE('',*,*,#4981,.F.);
#2839=ORIENTED_EDGE('',*,*,#4985,.F.);
#2840=ORIENTED_EDGE('',*,*,#4986,.F.);
#2841=ORIENTED_EDGE('',*,*,#4963,.T.);
#2842=ORIENTED_EDGE('',*,*,#4987,.F.);
#2843=ORIENTED_EDGE('',*,*,#4988,.F.);
#2844=ORIENTED_EDGE('',*,*,#4989,.F.);
#2845=ORIENTED_EDGE('',*,*,#4974,.T.);
#2846=ORIENTED_EDGE('',*,*,#4990,.F.);
#2847=ORIENTED_EDGE('',*,*,#4991,.F.);
#2848=ORIENTED_EDGE('',*,*,#4992,.F.);
#2849=ORIENTED_EDGE('',*,*,#4984,.T.);
#2850=ORIENTED_EDGE('',*,*,#4993,.F.);
#2851=ORIENTED_EDGE('',*,*,#4994,.F.);
#2852=ORIENTED_EDGE('',*,*,#4995,.F.);
#2853=ORIENTED_EDGE('',*,*,#4976,.T.);
#2854=ORIENTED_EDGE('',*,*,#4996,.F.);
#2855=ORIENTED_EDGE('',*,*,#4997,.F.);
#2856=ORIENTED_EDGE('',*,*,#4993,.T.);
#2857=ORIENTED_EDGE('',*,*,#4980,.T.);
#2858=ORIENTED_EDGE('',*,*,#4989,.T.);
#2859=ORIENTED_EDGE('',*,*,#4998,.F.);
#2860=ORIENTED_EDGE('',*,*,#4990,.T.);
#2861=ORIENTED_EDGE('',*,*,#4968,.T.);
#2862=ORIENTED_EDGE('',*,*,#4986,.T.);
#2863=ORIENTED_EDGE('',*,*,#4999,.F.);
#2864=ORIENTED_EDGE('',*,*,#4987,.T.);
#2865=ORIENTED_EDGE('',*,*,#4970,.T.);
#2866=ORIENTED_EDGE('',*,*,#4995,.T.);
#2867=ORIENTED_EDGE('',*,*,#5000,.F.);
#2868=ORIENTED_EDGE('',*,*,#4996,.T.);
#2869=ORIENTED_EDGE('',*,*,#4982,.T.);
#2870=ORIENTED_EDGE('',*,*,#4992,.T.);
#2871=ORIENTED_EDGE('',*,*,#5001,.F.);
#2872=ORIENTED_EDGE('',*,*,#5002,.F.);
#2873=ORIENTED_EDGE('',*,*,#4808,.T.);
#2874=ORIENTED_EDGE('',*,*,#5003,.F.);
#2875=ORIENTED_EDGE('',*,*,#5004,.F.);
#2876=ORIENTED_EDGE('',*,*,#5005,.F.);
#2877=ORIENTED_EDGE('',*,*,#4814,.T.);
#2878=ORIENTED_EDGE('',*,*,#5006,.F.);
#2879=ORIENTED_EDGE('',*,*,#5007,.F.);
#2880=ORIENTED_EDGE('',*,*,#5008,.F.);
#2881=ORIENTED_EDGE('',*,*,#4796,.T.);
#2882=ORIENTED_EDGE('',*,*,#5009,.T.);
#2883=ORIENTED_EDGE('',*,*,#5010,.F.);
#2884=ORIENTED_EDGE('',*,*,#5009,.F.);
#2885=ORIENTED_EDGE('',*,*,#4799,.T.);
#2886=ORIENTED_EDGE('',*,*,#5011,.T.);
#2887=ORIENTED_EDGE('',*,*,#5012,.F.);
#2888=ORIENTED_EDGE('',*,*,#5011,.F.);
#2889=ORIENTED_EDGE('',*,*,#4802,.T.);
#2890=ORIENTED_EDGE('',*,*,#5013,.F.);
#2891=ORIENTED_EDGE('',*,*,#5014,.F.);
#2892=ORIENTED_EDGE('',*,*,#5015,.T.);
#2893=ORIENTED_EDGE('',*,*,#4826,.T.);
#2894=ORIENTED_EDGE('',*,*,#5016,.F.);
#2895=ORIENTED_EDGE('',*,*,#5017,.F.);
#2896=ORIENTED_EDGE('',*,*,#5018,.T.);
#2897=ORIENTED_EDGE('',*,*,#4823,.T.);
#2898=ORIENTED_EDGE('',*,*,#5015,.F.);
#2899=ORIENTED_EDGE('',*,*,#5019,.F.);
#2900=ORIENTED_EDGE('',*,*,#5020,.F.);
#2901=ORIENTED_EDGE('',*,*,#4820,.T.);
#2902=ORIENTED_EDGE('',*,*,#5018,.F.);
#2903=ORIENTED_EDGE('',*,*,#5021,.F.);
#2904=ORIENTED_EDGE('',*,*,#5013,.T.);
#2905=ORIENTED_EDGE('',*,*,#4805,.T.);
#2906=ORIENTED_EDGE('',*,*,#5002,.T.);
#2907=ORIENTED_EDGE('',*,*,#5022,.F.);
#2908=ORIENTED_EDGE('',*,*,#5003,.T.);
#2909=ORIENTED_EDGE('',*,*,#4811,.T.);
#2910=ORIENTED_EDGE('',*,*,#5005,.T.);
#2911=ORIENTED_EDGE('',*,*,#5023,.F.);
#2912=ORIENTED_EDGE('',*,*,#5006,.T.);
#2913=ORIENTED_EDGE('',*,*,#4817,.T.);
#2914=ORIENTED_EDGE('',*,*,#5020,.T.);
#2915=ORIENTED_EDGE('',*,*,#5024,.F.);
#2916=ORIENTED_EDGE('',*,*,#4797,.T.);
#2917=ORIENTED_EDGE('',*,*,#4794,.T.);
#2918=ORIENTED_EDGE('',*,*,#5025,.T.);
#2919=ORIENTED_EDGE('',*,*,#5026,.T.);
#2920=ORIENTED_EDGE('',*,*,#5027,.T.);
#2921=ORIENTED_EDGE('',*,*,#5028,.T.);
#2922=ORIENTED_EDGE('',*,*,#5029,.T.);
#2923=ORIENTED_EDGE('',*,*,#5030,.T.);
#2924=ORIENTED_EDGE('',*,*,#5031,.T.);
#2925=ORIENTED_EDGE('',*,*,#5032,.T.);
#2926=ORIENTED_EDGE('',*,*,#5033,.T.);
#2927=ORIENTED_EDGE('',*,*,#5034,.T.);
#2928=ORIENTED_EDGE('',*,*,#5035,.T.);
#2929=ORIENTED_EDGE('',*,*,#5036,.T.);
#2930=ORIENTED_EDGE('',*,*,#5037,.T.);
#2931=ORIENTED_EDGE('',*,*,#4830,.T.);
#2932=ORIENTED_EDGE('',*,*,#4827,.T.);
#2933=ORIENTED_EDGE('',*,*,#4824,.T.);
#2934=ORIENTED_EDGE('',*,*,#4821,.T.);
#2935=ORIENTED_EDGE('',*,*,#4818,.T.);
#2936=ORIENTED_EDGE('',*,*,#4815,.T.);
#2937=ORIENTED_EDGE('',*,*,#4812,.T.);
#2938=ORIENTED_EDGE('',*,*,#4809,.T.);
#2939=ORIENTED_EDGE('',*,*,#4806,.T.);
#2940=ORIENTED_EDGE('',*,*,#4803,.T.);
#2941=ORIENTED_EDGE('',*,*,#4800,.T.);
#2942=ORIENTED_EDGE('',*,*,#4387,.F.);
#2943=ORIENTED_EDGE('',*,*,#5038,.F.);
#2944=ORIENTED_EDGE('',*,*,#5029,.F.);
#2945=ORIENTED_EDGE('',*,*,#5039,.F.);
#2946=ORIENTED_EDGE('',*,*,#4383,.F.);
#2947=ORIENTED_EDGE('',*,*,#5040,.F.);
#2948=ORIENTED_EDGE('',*,*,#5033,.F.);
#2949=ORIENTED_EDGE('',*,*,#5041,.F.);
#2950=ORIENTED_EDGE('',*,*,#4389,.F.);
#2951=ORIENTED_EDGE('',*,*,#5042,.F.);
#2952=ORIENTED_EDGE('',*,*,#5027,.F.);
#2953=ORIENTED_EDGE('',*,*,#5043,.F.);
#2954=ORIENTED_EDGE('',*,*,#4395,.F.);
#2955=ORIENTED_EDGE('',*,*,#5044,.F.);
#2956=ORIENTED_EDGE('',*,*,#5035,.F.);
#2957=ORIENTED_EDGE('',*,*,#5045,.F.);
#2958=ORIENTED_EDGE('',*,*,#4391,.F.);
#2959=ORIENTED_EDGE('',*,*,#5046,.F.);
#2960=ORIENTED_EDGE('',*,*,#5025,.F.);
#2961=ORIENTED_EDGE('',*,*,#4793,.T.);
#2962=ORIENTED_EDGE('',*,*,#5047,.F.);
#2963=ORIENTED_EDGE('',*,*,#4393,.F.);
#2964=ORIENTED_EDGE('',*,*,#5048,.F.);
#2965=ORIENTED_EDGE('',*,*,#4828,.T.);
#2966=ORIENTED_EDGE('',*,*,#5037,.F.);
#2967=ORIENTED_EDGE('',*,*,#5049,.F.);
#2968=ORIENTED_EDGE('',*,*,#4614,.T.);
#2969=ORIENTED_EDGE('',*,*,#5050,.T.);
#2970=ORIENTED_EDGE('',*,*,#4505,.F.);
#2971=ORIENTED_EDGE('',*,*,#5051,.F.);
#2972=ORIENTED_EDGE('',*,*,#5052,.T.);
#2973=ORIENTED_EDGE('',*,*,#4616,.T.);
#2974=ORIENTED_EDGE('',*,*,#5053,.F.);
#2975=ORIENTED_EDGE('',*,*,#5054,.T.);
#2976=ORIENTED_EDGE('',*,*,#4625,.T.);
#2977=ORIENTED_EDGE('',*,*,#4619,.T.);
#2978=ORIENTED_EDGE('',*,*,#4623,.T.);
#2979=ORIENTED_EDGE('',*,*,#4629,.T.);
#2980=ORIENTED_EDGE('',*,*,#4634,.T.);
#2981=ORIENTED_EDGE('',*,*,#4631,.T.);
#2982=ORIENTED_EDGE('',*,*,#4511,.F.);
#2983=ORIENTED_EDGE('',*,*,#5055,.F.);
#2984=ORIENTED_EDGE('',*,*,#5056,.T.);
#2985=ORIENTED_EDGE('',*,*,#4604,.T.);
#2986=ORIENTED_EDGE('',*,*,#4624,.T.);
#2987=ORIENTED_EDGE('',*,*,#4601,.T.);
#2988=ORIENTED_EDGE('',*,*,#5057,.T.);
#2989=ORIENTED_EDGE('',*,*,#4599,.T.);
#2990=ORIENTED_EDGE('',*,*,#4630,.T.);
#2991=ORIENTED_EDGE('',*,*,#4596,.T.);
#2992=ORIENTED_EDGE('',*,*,#5058,.T.);
#2993=ORIENTED_EDGE('',*,*,#4594,.T.);
#2994=ORIENTED_EDGE('',*,*,#4633,.T.);
#2995=ORIENTED_EDGE('',*,*,#4591,.T.);
#2996=ORIENTED_EDGE('',*,*,#5059,.T.);
#2997=ORIENTED_EDGE('',*,*,#4589,.T.);
#2998=ORIENTED_EDGE('',*,*,#4627,.T.);
#2999=ORIENTED_EDGE('',*,*,#4586,.T.);
#3000=ORIENTED_EDGE('',*,*,#4621,.T.);
#3001=ORIENTED_EDGE('',*,*,#4611,.T.);
#3002=ORIENTED_EDGE('',*,*,#5060,.T.);
#3003=ORIENTED_EDGE('',*,*,#4584,.T.);
#3004=ORIENTED_EDGE('',*,*,#5061,.T.);
#3005=ORIENTED_EDGE('',*,*,#4609,.T.);
#3006=ORIENTED_EDGE('',*,*,#4617,.T.);
#3007=ORIENTED_EDGE('',*,*,#4606,.T.);
#3008=ORIENTED_EDGE('',*,*,#5062,.F.);
#3009=ORIENTED_EDGE('',*,*,#4676,.T.);
#3010=ORIENTED_EDGE('',*,*,#5063,.F.);
#3011=ORIENTED_EDGE('',*,*,#5064,.F.);
#3012=ORIENTED_EDGE('',*,*,#5065,.F.);
#3013=ORIENTED_EDGE('',*,*,#4668,.T.);
#3014=ORIENTED_EDGE('',*,*,#5066,.F.);
#3015=ORIENTED_EDGE('',*,*,#5067,.F.);
#3016=ORIENTED_EDGE('',*,*,#5068,.F.);
#3017=ORIENTED_EDGE('',*,*,#4680,.T.);
#3018=ORIENTED_EDGE('',*,*,#5069,.F.);
#3019=ORIENTED_EDGE('',*,*,#5070,.F.);
#3020=ORIENTED_EDGE('',*,*,#5071,.F.);
#3021=ORIENTED_EDGE('',*,*,#4692,.T.);
#3022=ORIENTED_EDGE('',*,*,#5072,.F.);
#3023=ORIENTED_EDGE('',*,*,#5073,.F.);
#3024=ORIENTED_EDGE('',*,*,#5074,.F.);
#3025=ORIENTED_EDGE('',*,*,#4704,.T.);
#3026=ORIENTED_EDGE('',*,*,#5075,.F.);
#3027=ORIENTED_EDGE('',*,*,#5076,.F.);
#3028=ORIENTED_EDGE('',*,*,#5077,.F.);
#3029=ORIENTED_EDGE('',*,*,#4700,.T.);
#3030=ORIENTED_EDGE('',*,*,#5078,.F.);
#3031=ORIENTED_EDGE('',*,*,#5079,.F.);
#3032=ORIENTED_EDGE('',*,*,#5080,.F.);
#3033=ORIENTED_EDGE('',*,*,#4688,.T.);
#3034=ORIENTED_EDGE('',*,*,#5081,.F.);
#3035=ORIENTED_EDGE('',*,*,#5082,.F.);
#3036=ORIENTED_EDGE('',*,*,#5083,.F.);
#3037=ORIENTED_EDGE('',*,*,#4664,.T.);
#3038=ORIENTED_EDGE('',*,*,#5084,.F.);
#3039=ORIENTED_EDGE('',*,*,#5085,.F.);
#3040=ORIENTED_EDGE('',*,*,#5039,.T.);
#3041=ORIENTED_EDGE('',*,*,#5028,.F.);
#3042=ORIENTED_EDGE('',*,*,#5042,.T.);
#3043=ORIENTED_EDGE('',*,*,#4388,.T.);
#3044=ORIENTED_EDGE('',*,*,#5043,.T.);
#3045=ORIENTED_EDGE('',*,*,#5026,.F.);
#3046=ORIENTED_EDGE('',*,*,#5046,.T.);
#3047=ORIENTED_EDGE('',*,*,#4390,.F.);
#3048=ORIENTED_EDGE('',*,*,#5045,.T.);
#3049=ORIENTED_EDGE('',*,*,#5034,.F.);
#3050=ORIENTED_EDGE('',*,*,#5040,.T.);
#3051=ORIENTED_EDGE('',*,*,#4382,.T.);
#3052=ORIENTED_EDGE('',*,*,#5049,.T.);
#3053=ORIENTED_EDGE('',*,*,#5036,.F.);
#3054=ORIENTED_EDGE('',*,*,#5044,.T.);
#3055=ORIENTED_EDGE('',*,*,#4394,.T.);
#3056=ORIENTED_EDGE('',*,*,#5066,.T.);
#3057=ORIENTED_EDGE('',*,*,#4662,.T.);
#3058=ORIENTED_EDGE('',*,*,#5083,.T.);
#3059=ORIENTED_EDGE('',*,*,#5086,.F.);
#3060=ORIENTED_EDGE('',*,*,#5084,.T.);
#3061=ORIENTED_EDGE('',*,*,#4670,.T.);
#3062=ORIENTED_EDGE('',*,*,#5062,.T.);
#3063=ORIENTED_EDGE('',*,*,#5087,.F.);
#3064=ORIENTED_EDGE('',*,*,#5063,.T.);
#3065=ORIENTED_EDGE('',*,*,#4682,.T.);
#3066=ORIENTED_EDGE('',*,*,#5080,.T.);
#3067=ORIENTED_EDGE('',*,*,#5088,.F.);
#3068=ORIENTED_EDGE('',*,*,#5081,.T.);
#3069=ORIENTED_EDGE('',*,*,#4694,.T.);
#3070=ORIENTED_EDGE('',*,*,#5077,.T.);
#3071=ORIENTED_EDGE('',*,*,#5089,.F.);
#3072=ORIENTED_EDGE('',*,*,#5078,.T.);
#3073=ORIENTED_EDGE('',*,*,#4706,.T.);
#3074=ORIENTED_EDGE('',*,*,#5074,.T.);
#3075=ORIENTED_EDGE('',*,*,#5090,.F.);
#3076=ORIENTED_EDGE('',*,*,#5075,.T.);
#3077=ORIENTED_EDGE('',*,*,#4698,.T.);
#3078=ORIENTED_EDGE('',*,*,#5071,.T.);
#3079=ORIENTED_EDGE('',*,*,#5091,.F.);
#3080=ORIENTED_EDGE('',*,*,#5072,.T.);
#3081=ORIENTED_EDGE('',*,*,#4686,.T.);
#3082=ORIENTED_EDGE('',*,*,#5068,.T.);
#3083=ORIENTED_EDGE('',*,*,#5092,.F.);
#3084=ORIENTED_EDGE('',*,*,#5069,.T.);
#3085=ORIENTED_EDGE('',*,*,#4674,.T.);
#3086=ORIENTED_EDGE('',*,*,#5065,.T.);
#3087=ORIENTED_EDGE('',*,*,#5093,.F.);
#3088=ORIENTED_EDGE('',*,*,#4665,.T.);
#3089=ORIENTED_EDGE('',*,*,#4660,.T.);
#3090=ORIENTED_EDGE('',*,*,#4667,.T.);
#3091=ORIENTED_EDGE('',*,*,#4673,.T.);
#3092=ORIENTED_EDGE('',*,*,#4679,.T.);
#3093=ORIENTED_EDGE('',*,*,#4685,.T.);
#3094=ORIENTED_EDGE('',*,*,#4691,.T.);
#3095=ORIENTED_EDGE('',*,*,#4697,.T.);
#3096=ORIENTED_EDGE('',*,*,#4703,.T.);
#3097=ORIENTED_EDGE('',*,*,#4705,.T.);
#3098=ORIENTED_EDGE('',*,*,#4701,.T.);
#3099=ORIENTED_EDGE('',*,*,#4695,.T.);
#3100=ORIENTED_EDGE('',*,*,#4689,.T.);
#3101=ORIENTED_EDGE('',*,*,#4683,.T.);
#3102=ORIENTED_EDGE('',*,*,#4677,.T.);
#3103=ORIENTED_EDGE('',*,*,#4671,.T.);
#3104=ORIENTED_EDGE('',*,*,#5094,.T.);
#3105=ORIENTED_EDGE('',*,*,#5030,.F.);
#3106=ORIENTED_EDGE('',*,*,#5038,.T.);
#3107=ORIENTED_EDGE('',*,*,#4386,.T.);
#3108=ORIENTED_EDGE('',*,*,#5095,.F.);
#3109=ORIENTED_EDGE('',*,*,#4785,.T.);
#3110=ORIENTED_EDGE('',*,*,#5096,.F.);
#3111=ORIENTED_EDGE('',*,*,#5097,.F.);
#3112=ORIENTED_EDGE('',*,*,#5098,.T.);
#3113=ORIENTED_EDGE('',*,*,#4767,.T.);
#3114=ORIENTED_EDGE('',*,*,#5099,.F.);
#3115=ORIENTED_EDGE('',*,*,#5100,.F.);
#3116=ORIENTED_EDGE('',*,*,#5101,.F.);
#3117=ORIENTED_EDGE('',*,*,#4773,.T.);
#3118=ORIENTED_EDGE('',*,*,#5098,.F.);
#3119=ORIENTED_EDGE('',*,*,#5102,.F.);
#3120=ORIENTED_EDGE('',*,*,#5103,.F.);
#3121=ORIENTED_EDGE('',*,*,#4755,.T.);
#3122=ORIENTED_EDGE('',*,*,#5104,.F.);
#3123=ORIENTED_EDGE('',*,*,#5105,.F.);
#3124=ORIENTED_EDGE('',*,*,#5106,.T.);
#3125=ORIENTED_EDGE('',*,*,#4737,.T.);
#3126=ORIENTED_EDGE('',*,*,#5107,.F.);
#3127=ORIENTED_EDGE('',*,*,#5108,.F.);
#3128=ORIENTED_EDGE('',*,*,#5109,.F.);
#3129=ORIENTED_EDGE('',*,*,#4743,.T.);
#3130=ORIENTED_EDGE('',*,*,#5106,.F.);
#3131=ORIENTED_EDGE('',*,*,#5110,.F.);
#3132=ORIENTED_EDGE('',*,*,#5111,.F.);
#3133=ORIENTED_EDGE('',*,*,#4739,.T.);
#3134=ORIENTED_EDGE('',*,*,#5112,.F.);
#3135=ORIENTED_EDGE('',*,*,#5113,.F.);
#3136=ORIENTED_EDGE('',*,*,#5114,.T.);
#3137=ORIENTED_EDGE('',*,*,#4757,.T.);
#3138=ORIENTED_EDGE('',*,*,#5115,.F.);
#3139=ORIENTED_EDGE('',*,*,#5116,.F.);
#3140=ORIENTED_EDGE('',*,*,#5117,.F.);
#3141=ORIENTED_EDGE('',*,*,#4751,.T.);
#3142=ORIENTED_EDGE('',*,*,#5114,.F.);
#3143=ORIENTED_EDGE('',*,*,#5118,.F.);
#3144=ORIENTED_EDGE('',*,*,#5119,.F.);
#3145=ORIENTED_EDGE('',*,*,#4769,.T.);
#3146=ORIENTED_EDGE('',*,*,#5120,.F.);
#3147=ORIENTED_EDGE('',*,*,#5121,.F.);
#3148=ORIENTED_EDGE('',*,*,#5122,.F.);
#3149=ORIENTED_EDGE('',*,*,#4781,.T.);
#3150=ORIENTED_EDGE('',*,*,#5123,.T.);
#3151=ORIENTED_EDGE('',*,*,#5124,.F.);
#3152=ORIENTED_EDGE('',*,*,#5123,.F.);
#3153=ORIENTED_EDGE('',*,*,#4787,.T.);
#3154=ORIENTED_EDGE('',*,*,#5125,.F.);
#3155=ORIENTED_EDGE('',*,*,#5126,.F.);
#3156=ORIENTED_EDGE('',*,*,#4740,.T.);
#3157=ORIENTED_EDGE('',*,*,#4734,.T.);
#3158=ORIENTED_EDGE('',*,*,#4736,.T.);
#3159=ORIENTED_EDGE('',*,*,#4742,.T.);
#3160=ORIENTED_EDGE('',*,*,#4748,.T.);
#3161=ORIENTED_EDGE('',*,*,#4754,.T.);
#3162=ORIENTED_EDGE('',*,*,#4760,.T.);
#3163=ORIENTED_EDGE('',*,*,#4766,.T.);
#3164=ORIENTED_EDGE('',*,*,#4772,.T.);
#3165=ORIENTED_EDGE('',*,*,#4778,.T.);
#3166=ORIENTED_EDGE('',*,*,#4784,.T.);
#3167=ORIENTED_EDGE('',*,*,#4790,.T.);
#3168=ORIENTED_EDGE('',*,*,#4788,.T.);
#3169=ORIENTED_EDGE('',*,*,#4782,.T.);
#3170=ORIENTED_EDGE('',*,*,#4776,.T.);
#3171=ORIENTED_EDGE('',*,*,#4770,.T.);
#3172=ORIENTED_EDGE('',*,*,#4764,.T.);
#3173=ORIENTED_EDGE('',*,*,#4758,.T.);
#3174=ORIENTED_EDGE('',*,*,#4752,.T.);
#3175=ORIENTED_EDGE('',*,*,#4746,.T.);
#3176=ORIENTED_EDGE('',*,*,#4517,.F.);
#3177=ORIENTED_EDGE('',*,*,#5127,.F.);
#3178=ORIENTED_EDGE('',*,*,#5096,.T.);
#3179=ORIENTED_EDGE('',*,*,#4779,.T.);
#3180=ORIENTED_EDGE('',*,*,#5101,.T.);
#3181=ORIENTED_EDGE('',*,*,#5128,.T.);
#3182=ORIENTED_EDGE('',*,*,#5099,.T.);
#3183=ORIENTED_EDGE('',*,*,#4761,.T.);
#3184=ORIENTED_EDGE('',*,*,#5103,.T.);
#3185=ORIENTED_EDGE('',*,*,#5129,.T.);
#3186=ORIENTED_EDGE('',*,*,#5104,.T.);
#3187=ORIENTED_EDGE('',*,*,#4749,.T.);
#3188=ORIENTED_EDGE('',*,*,#5109,.T.);
#3189=ORIENTED_EDGE('',*,*,#5130,.T.);
#3190=ORIENTED_EDGE('',*,*,#5107,.T.);
#3191=ORIENTED_EDGE('',*,*,#4732,.T.);
#3192=ORIENTED_EDGE('',*,*,#5111,.T.);
#3193=ORIENTED_EDGE('',*,*,#5131,.T.);
#3194=ORIENTED_EDGE('',*,*,#5112,.T.);
#3195=ORIENTED_EDGE('',*,*,#4745,.T.);
#3196=ORIENTED_EDGE('',*,*,#5117,.T.);
#3197=ORIENTED_EDGE('',*,*,#5132,.T.);
#3198=ORIENTED_EDGE('',*,*,#5115,.T.);
#3199=ORIENTED_EDGE('',*,*,#4763,.T.);
#3200=ORIENTED_EDGE('',*,*,#5119,.T.);
#3201=ORIENTED_EDGE('',*,*,#5133,.T.);
#3202=ORIENTED_EDGE('',*,*,#5120,.T.);
#3203=ORIENTED_EDGE('',*,*,#4775,.T.);
#3204=ORIENTED_EDGE('',*,*,#5122,.T.);
#3205=ORIENTED_EDGE('',*,*,#5134,.T.);
#3206=ORIENTED_EDGE('',*,*,#5125,.T.);
#3207=ORIENTED_EDGE('',*,*,#4789,.T.);
#3208=ORIENTED_EDGE('',*,*,#5095,.T.);
#3209=ORIENTED_EDGE('',*,*,#5135,.T.);
#3210=ORIENTED_EDGE('',*,*,#5136,.F.);
#3211=ORIENTED_EDGE('',*,*,#4644,.T.);
#3212=ORIENTED_EDGE('',*,*,#5137,.F.);
#3213=ORIENTED_EDGE('',*,*,#5138,.F.);
#3214=ORIENTED_EDGE('',*,*,#5139,.F.);
#3215=ORIENTED_EDGE('',*,*,#4421,.T.);
#3216=ORIENTED_EDGE('',*,*,#5140,.F.);
#3217=ORIENTED_EDGE('',*,*,#5141,.F.);
#3218=ORIENTED_EDGE('',*,*,#5142,.F.);
#3219=ORIENTED_EDGE('',*,*,#4405,.T.);
#3220=ORIENTED_EDGE('',*,*,#5143,.F.);
#3221=ORIENTED_EDGE('',*,*,#5144,.F.);
#3222=ORIENTED_EDGE('',*,*,#5145,.F.);
#3223=ORIENTED_EDGE('',*,*,#4437,.T.);
#3224=ORIENTED_EDGE('',*,*,#5146,.F.);
#3225=ORIENTED_EDGE('',*,*,#5147,.F.);
#3226=ORIENTED_EDGE('',*,*,#5148,.F.);
#3227=ORIENTED_EDGE('',*,*,#4453,.T.);
#3228=ORIENTED_EDGE('',*,*,#5149,.F.);
#3229=ORIENTED_EDGE('',*,*,#5150,.F.);
#3230=ORIENTED_EDGE('',*,*,#5151,.F.);
#3231=ORIENTED_EDGE('',*,*,#4652,.T.);
#3232=ORIENTED_EDGE('',*,*,#5152,.F.);
#3233=ORIENTED_EDGE('',*,*,#5153,.F.);
#3234=ORIENTED_EDGE('',*,*,#5154,.F.);
#3235=ORIENTED_EDGE('',*,*,#4640,.T.);
#3236=ORIENTED_EDGE('',*,*,#5155,.F.);
#3237=ORIENTED_EDGE('',*,*,#5156,.F.);
#3238=ORIENTED_EDGE('',*,*,#5157,.F.);
#3239=ORIENTED_EDGE('',*,*,#4427,.T.);
#3240=ORIENTED_EDGE('',*,*,#5158,.F.);
#3241=ORIENTED_EDGE('',*,*,#5159,.F.);
#3242=ORIENTED_EDGE('',*,*,#5160,.F.);
#3243=ORIENTED_EDGE('',*,*,#4413,.T.);
#3244=ORIENTED_EDGE('',*,*,#5161,.F.);
#3245=ORIENTED_EDGE('',*,*,#5162,.F.);
#3246=ORIENTED_EDGE('',*,*,#5163,.F.);
#3247=ORIENTED_EDGE('',*,*,#4443,.T.);
#3248=ORIENTED_EDGE('',*,*,#5164,.F.);
#3249=ORIENTED_EDGE('',*,*,#5165,.F.);
#3250=ORIENTED_EDGE('',*,*,#5166,.F.);
#3251=ORIENTED_EDGE('',*,*,#4429,.T.);
#3252=ORIENTED_EDGE('',*,*,#5167,.F.);
#3253=ORIENTED_EDGE('',*,*,#5168,.F.);
#3254=ORIENTED_EDGE('',*,*,#5169,.F.);
#3255=ORIENTED_EDGE('',*,*,#4397,.T.);
#3256=ORIENTED_EDGE('',*,*,#5170,.F.);
#3257=ORIENTED_EDGE('',*,*,#5171,.F.);
#3258=ORIENTED_EDGE('',*,*,#5172,.F.);
#3259=ORIENTED_EDGE('',*,*,#4459,.T.);
#3260=ORIENTED_EDGE('',*,*,#5173,.F.);
#3261=ORIENTED_EDGE('',*,*,#5174,.F.);
#3262=ORIENTED_EDGE('',*,*,#5175,.F.);
#3263=ORIENTED_EDGE('',*,*,#4656,.T.);
#3264=ORIENTED_EDGE('',*,*,#5176,.F.);
#3265=ORIENTED_EDGE('',*,*,#5177,.F.);
#3266=ORIENTED_EDGE('',*,*,#5178,.F.);
#3267=ORIENTED_EDGE('',*,*,#4724,.T.);
#3268=ORIENTED_EDGE('',*,*,#5179,.F.);
#3269=ORIENTED_EDGE('',*,*,#5180,.F.);
#3270=ORIENTED_EDGE('',*,*,#5181,.F.);
#3271=ORIENTED_EDGE('',*,*,#4712,.T.);
#3272=ORIENTED_EDGE('',*,*,#5182,.F.);
#3273=ORIENTED_EDGE('',*,*,#5183,.F.);
#3274=ORIENTED_EDGE('',*,*,#5184,.F.);
#3275=ORIENTED_EDGE('',*,*,#4716,.T.);
#3276=ORIENTED_EDGE('',*,*,#5185,.F.);
#3277=ORIENTED_EDGE('',*,*,#5186,.F.);
#3278=ORIENTED_EDGE('',*,*,#5187,.F.);
#3279=ORIENTED_EDGE('',*,*,#4728,.T.);
#3280=ORIENTED_EDGE('',*,*,#5188,.F.);
#3281=ORIENTED_EDGE('',*,*,#5189,.F.);
#3282=ORIENTED_EDGE('',*,*,#5190,.F.);
#3283=ORIENTED_EDGE('',*,*,#4411,.T.);
#3284=ORIENTED_EDGE('',*,*,#5191,.F.);
#3285=ORIENTED_EDGE('',*,*,#5192,.F.);
#3286=ORIENTED_EDGE('',*,*,#5193,.F.);
#3287=ORIENTED_EDGE('',*,*,#4445,.T.);
#3288=ORIENTED_EDGE('',*,*,#5194,.F.);
#3289=ORIENTED_EDGE('',*,*,#5195,.F.);
#3290=ORIENTED_EDGE('',*,*,#5188,.T.);
#3291=ORIENTED_EDGE('',*,*,#4722,.T.);
#3292=ORIENTED_EDGE('',*,*,#5184,.T.);
#3293=ORIENTED_EDGE('',*,*,#5196,.F.);
#3294=ORIENTED_EDGE('',*,*,#5185,.T.);
#3295=ORIENTED_EDGE('',*,*,#4710,.T.);
#3296=ORIENTED_EDGE('',*,*,#5181,.T.);
#3297=ORIENTED_EDGE('',*,*,#5197,.F.);
#3298=ORIENTED_EDGE('',*,*,#5182,.T.);
#3299=ORIENTED_EDGE('',*,*,#4718,.T.);
#3300=ORIENTED_EDGE('',*,*,#5178,.T.);
#3301=ORIENTED_EDGE('',*,*,#5198,.F.);
#3302=ORIENTED_EDGE('',*,*,#5179,.T.);
#3303=ORIENTED_EDGE('',*,*,#4730,.T.);
#3304=ORIENTED_EDGE('',*,*,#5187,.T.);
#3305=ORIENTED_EDGE('',*,*,#5199,.F.);
#3306=ORIENTED_EDGE('',*,*,#5200,.T.);
#3307=ORIENTED_EDGE('',*,*,#5201,.F.);
#3308=ORIENTED_EDGE('',*,*,#5202,.F.);
#3309=ORIENTED_EDGE('',*,*,#5203,.T.);
#3310=ORIENTED_EDGE('',*,*,#5201,.T.);
#3311=ORIENTED_EDGE('',*,*,#5204,.T.);
#3312=ORIENTED_EDGE('',*,*,#5205,.F.);
#3313=ORIENTED_EDGE('',*,*,#5206,.F.);
#3314=ORIENTED_EDGE('',*,*,#5207,.T.);
#3315=ORIENTED_EDGE('',*,*,#5208,.F.);
#3316=ORIENTED_EDGE('',*,*,#5209,.F.);
#3317=ORIENTED_EDGE('',*,*,#5205,.T.);
#3318=ORIENTED_EDGE('',*,*,#5210,.F.);
#3319=ORIENTED_EDGE('',*,*,#5211,.T.);
#3320=ORIENTED_EDGE('',*,*,#5208,.T.);
#3321=ORIENTED_EDGE('',*,*,#5212,.T.);
#3322=ORIENTED_EDGE('',*,*,#5213,.F.);
#3323=ORIENTED_EDGE('',*,*,#5214,.F.);
#3324=ORIENTED_EDGE('',*,*,#5215,.T.);
#3325=ORIENTED_EDGE('',*,*,#5213,.T.);
#3326=ORIENTED_EDGE('',*,*,#5216,.T.);
#3327=ORIENTED_EDGE('',*,*,#5217,.F.);
#3328=ORIENTED_EDGE('',*,*,#5218,.F.);
#3329=ORIENTED_EDGE('',*,*,#5219,.T.);
#3330=ORIENTED_EDGE('',*,*,#5220,.F.);
#3331=ORIENTED_EDGE('',*,*,#5221,.F.);
#3332=ORIENTED_EDGE('',*,*,#5217,.T.);
#3333=ORIENTED_EDGE('',*,*,#5222,.F.);
#3334=ORIENTED_EDGE('',*,*,#5223,.T.);
#3335=ORIENTED_EDGE('',*,*,#5220,.T.);
#3336=ORIENTED_EDGE('',*,*,#5224,.T.);
#3337=ORIENTED_EDGE('',*,*,#5225,.F.);
#3338=ORIENTED_EDGE('',*,*,#5226,.F.);
#3339=ORIENTED_EDGE('',*,*,#5227,.T.);
#3340=ORIENTED_EDGE('',*,*,#5225,.T.);
#3341=ORIENTED_EDGE('',*,*,#5228,.T.);
#3342=ORIENTED_EDGE('',*,*,#5229,.F.);
#3343=ORIENTED_EDGE('',*,*,#5230,.F.);
#3344=ORIENTED_EDGE('',*,*,#5231,.T.);
#3345=ORIENTED_EDGE('',*,*,#5232,.F.);
#3346=ORIENTED_EDGE('',*,*,#5233,.F.);
#3347=ORIENTED_EDGE('',*,*,#5229,.T.);
#3348=ORIENTED_EDGE('',*,*,#5234,.F.);
#3349=ORIENTED_EDGE('',*,*,#5235,.T.);
#3350=ORIENTED_EDGE('',*,*,#5232,.T.);
#3351=ORIENTED_EDGE('',*,*,#5236,.T.);
#3352=ORIENTED_EDGE('',*,*,#5237,.F.);
#3353=ORIENTED_EDGE('',*,*,#5238,.F.);
#3354=ORIENTED_EDGE('',*,*,#5239,.T.);
#3355=ORIENTED_EDGE('',*,*,#5237,.T.);
#3356=ORIENTED_EDGE('',*,*,#5240,.T.);
#3357=ORIENTED_EDGE('',*,*,#5241,.F.);
#3358=ORIENTED_EDGE('',*,*,#5242,.F.);
#3359=ORIENTED_EDGE('',*,*,#5243,.T.);
#3360=ORIENTED_EDGE('',*,*,#5244,.F.);
#3361=ORIENTED_EDGE('',*,*,#5245,.F.);
#3362=ORIENTED_EDGE('',*,*,#5241,.T.);
#3363=ORIENTED_EDGE('',*,*,#5246,.F.);
#3364=ORIENTED_EDGE('',*,*,#5247,.T.);
#3365=ORIENTED_EDGE('',*,*,#5244,.T.);
#3366=ORIENTED_EDGE('',*,*,#5248,.F.);
#3367=ORIENTED_EDGE('',*,*,#4431,.T.);
#3368=ORIENTED_EDGE('',*,*,#4433,.T.);
#3369=ORIENTED_EDGE('',*,*,#4436,.T.);
#3370=ORIENTED_EDGE('',*,*,#4439,.T.);
#3371=ORIENTED_EDGE('',*,*,#4442,.T.);
#3372=ORIENTED_EDGE('',*,*,#5249,.F.);
#3373=ORIENTED_EDGE('',*,*,#5156,.T.);
#3374=ORIENTED_EDGE('',*,*,#5203,.F.);
#3375=ORIENTED_EDGE('',*,*,#5250,.F.);
#3376=ORIENTED_EDGE('',*,*,#5164,.T.);
#3377=ORIENTED_EDGE('',*,*,#4440,.T.);
#3378=ORIENTED_EDGE('',*,*,#5145,.T.);
#3379=ORIENTED_EDGE('',*,*,#5251,.T.);
#3380=ORIENTED_EDGE('',*,*,#5146,.T.);
#3381=ORIENTED_EDGE('',*,*,#4434,.T.);
#3382=ORIENTED_EDGE('',*,*,#5166,.T.);
#3383=ORIENTED_EDGE('',*,*,#5252,.T.);
#3384=ORIENTED_EDGE('',*,*,#5253,.T.);
#3385=ORIENTED_EDGE('',*,*,#4447,.T.);
#3386=ORIENTED_EDGE('',*,*,#4449,.T.);
#3387=ORIENTED_EDGE('',*,*,#4452,.T.);
#3388=ORIENTED_EDGE('',*,*,#4455,.T.);
#3389=ORIENTED_EDGE('',*,*,#4458,.T.);
#3390=ORIENTED_EDGE('',*,*,#5254,.T.);
#3391=ORIENTED_EDGE('',*,*,#5153,.T.);
#3392=ORIENTED_EDGE('',*,*,#5215,.F.);
#3393=ORIENTED_EDGE('',*,*,#5255,.F.);
#3394=ORIENTED_EDGE('',*,*,#5173,.T.);
#3395=ORIENTED_EDGE('',*,*,#4456,.T.);
#3396=ORIENTED_EDGE('',*,*,#5148,.T.);
#3397=ORIENTED_EDGE('',*,*,#5256,.F.);
#3398=ORIENTED_EDGE('',*,*,#5149,.T.);
#3399=ORIENTED_EDGE('',*,*,#4450,.T.);
#3400=ORIENTED_EDGE('',*,*,#5193,.T.);
#3401=ORIENTED_EDGE('',*,*,#5257,.F.);
#3402=ORIENTED_EDGE('',*,*,#5258,.T.);
#3403=ORIENTED_EDGE('',*,*,#4415,.T.);
#3404=ORIENTED_EDGE('',*,*,#4417,.T.);
#3405=ORIENTED_EDGE('',*,*,#4420,.T.);
#3406=ORIENTED_EDGE('',*,*,#4423,.T.);
#3407=ORIENTED_EDGE('',*,*,#4426,.T.);
#3408=ORIENTED_EDGE('',*,*,#5259,.T.);
#3409=ORIENTED_EDGE('',*,*,#5138,.T.);
#3410=ORIENTED_EDGE('',*,*,#5239,.F.);
#3411=ORIENTED_EDGE('',*,*,#5260,.F.);
#3412=ORIENTED_EDGE('',*,*,#5158,.T.);
#3413=ORIENTED_EDGE('',*,*,#4424,.T.);
#3414=ORIENTED_EDGE('',*,*,#5139,.T.);
#3415=ORIENTED_EDGE('',*,*,#5261,.F.);
#3416=ORIENTED_EDGE('',*,*,#5140,.T.);
#3417=ORIENTED_EDGE('',*,*,#4418,.T.);
#3418=ORIENTED_EDGE('',*,*,#5160,.T.);
#3419=ORIENTED_EDGE('',*,*,#5262,.F.);
#3420=ORIENTED_EDGE('',*,*,#5263,.F.);
#3421=ORIENTED_EDGE('',*,*,#4399,.T.);
#3422=ORIENTED_EDGE('',*,*,#4401,.T.);
#3423=ORIENTED_EDGE('',*,*,#4404,.T.);
#3424=ORIENTED_EDGE('',*,*,#4407,.T.);
#3425=ORIENTED_EDGE('',*,*,#4410,.T.);
#3426=ORIENTED_EDGE('',*,*,#5264,.F.);
#3427=ORIENTED_EDGE('',*,*,#5177,.T.);
#3428=ORIENTED_EDGE('',*,*,#5227,.F.);
#3429=ORIENTED_EDGE('',*,*,#5265,.F.);
#3430=ORIENTED_EDGE('',*,*,#5191,.T.);
#3431=ORIENTED_EDGE('',*,*,#4408,.T.);
#3432=ORIENTED_EDGE('',*,*,#5142,.T.);
#3433=ORIENTED_EDGE('',*,*,#5266,.T.);
#3434=ORIENTED_EDGE('',*,*,#5143,.T.);
#3435=ORIENTED_EDGE('',*,*,#4402,.T.);
#3436=ORIENTED_EDGE('',*,*,#5169,.T.);
#3437=ORIENTED_EDGE('',*,*,#5267,.T.);
#3438=ORIENTED_EDGE('',*,*,#4641,.T.);
#3439=ORIENTED_EDGE('',*,*,#4636,.T.);
#3440=ORIENTED_EDGE('',*,*,#4643,.T.);
#3441=ORIENTED_EDGE('',*,*,#4649,.T.);
#3442=ORIENTED_EDGE('',*,*,#4655,.T.);
#3443=ORIENTED_EDGE('',*,*,#4657,.T.);
#3444=ORIENTED_EDGE('',*,*,#4653,.T.);
#3445=ORIENTED_EDGE('',*,*,#4647,.T.);
#3446=ORIENTED_EDGE('',*,*,#5047,.T.);
#3447=ORIENTED_EDGE('',*,*,#4792,.T.);
#3448=ORIENTED_EDGE('',*,*,#5008,.T.);
#3449=ORIENTED_EDGE('',*,*,#5268,.F.);
#3450=ORIENTED_EDGE('',*,*,#5016,.T.);
#3451=ORIENTED_EDGE('',*,*,#4829,.T.);
#3452=ORIENTED_EDGE('',*,*,#5048,.T.);
#3453=ORIENTED_EDGE('',*,*,#4392,.T.);
#3454=ORIENTED_EDGE('',*,*,#4385,.F.);
#3455=ORIENTED_EDGE('',*,*,#5269,.F.);
#3456=ORIENTED_EDGE('',*,*,#5031,.F.);
#3457=ORIENTED_EDGE('',*,*,#5094,.F.);
#3458=ORIENTED_EDGE('',*,*,#5152,.T.);
#3459=ORIENTED_EDGE('',*,*,#4658,.T.);
#3460=ORIENTED_EDGE('',*,*,#5175,.T.);
#3461=ORIENTED_EDGE('',*,*,#5264,.T.);
#3462=ORIENTED_EDGE('',*,*,#4409,.T.);
#3463=ORIENTED_EDGE('',*,*,#5190,.T.);
#3464=ORIENTED_EDGE('',*,*,#5270,.F.);
#3465=ORIENTED_EDGE('',*,*,#5194,.T.);
#3466=ORIENTED_EDGE('',*,*,#4444,.T.);
#3467=ORIENTED_EDGE('',*,*,#5253,.F.);
#3468=ORIENTED_EDGE('',*,*,#5176,.T.);
#3469=ORIENTED_EDGE('',*,*,#4650,.T.);
#3470=ORIENTED_EDGE('',*,*,#5136,.T.);
#3471=ORIENTED_EDGE('',*,*,#5259,.F.);
#3472=ORIENTED_EDGE('',*,*,#4425,.T.);
#3473=ORIENTED_EDGE('',*,*,#5157,.T.);
#3474=ORIENTED_EDGE('',*,*,#5271,.F.);
#3475=ORIENTED_EDGE('',*,*,#5170,.T.);
#3476=ORIENTED_EDGE('',*,*,#4396,.T.);
#3477=ORIENTED_EDGE('',*,*,#5263,.T.);
#3478=ORIENTED_EDGE('',*,*,#5155,.T.);
#3479=ORIENTED_EDGE('',*,*,#4646,.T.);
#3480=ORIENTED_EDGE('',*,*,#5151,.T.);
#3481=ORIENTED_EDGE('',*,*,#5254,.F.);
#3482=ORIENTED_EDGE('',*,*,#4457,.T.);
#3483=ORIENTED_EDGE('',*,*,#5172,.T.);
#3484=ORIENTED_EDGE('',*,*,#5272,.F.);
#3485=ORIENTED_EDGE('',*,*,#5167,.T.);
#3486=ORIENTED_EDGE('',*,*,#4428,.T.);
#3487=ORIENTED_EDGE('',*,*,#5248,.T.);
#3488=ORIENTED_EDGE('',*,*,#5137,.T.);
#3489=ORIENTED_EDGE('',*,*,#4638,.T.);
#3490=ORIENTED_EDGE('',*,*,#5154,.T.);
#3491=ORIENTED_EDGE('',*,*,#5249,.T.);
#3492=ORIENTED_EDGE('',*,*,#4441,.T.);
#3493=ORIENTED_EDGE('',*,*,#5163,.T.);
#3494=ORIENTED_EDGE('',*,*,#5273,.F.);
#3495=ORIENTED_EDGE('',*,*,#5161,.T.);
#3496=ORIENTED_EDGE('',*,*,#4412,.T.);
#3497=ORIENTED_EDGE('',*,*,#5258,.F.);
#3498=ORIENTED_EDGE('',*,*,#5257,.T.);
#3499=ORIENTED_EDGE('',*,*,#5195,.T.);
#3500=ORIENTED_EDGE('',*,*,#5270,.T.);
#3501=ORIENTED_EDGE('',*,*,#5192,.T.);
#3502=ORIENTED_EDGE('',*,*,#5266,.F.);
#3503=ORIENTED_EDGE('',*,*,#5144,.T.);
#3504=ORIENTED_EDGE('',*,*,#5267,.F.);
#3505=ORIENTED_EDGE('',*,*,#5171,.T.);
#3506=ORIENTED_EDGE('',*,*,#5271,.T.);
#3507=ORIENTED_EDGE('',*,*,#5159,.T.);
#3508=ORIENTED_EDGE('',*,*,#5261,.T.);
#3509=ORIENTED_EDGE('',*,*,#5141,.T.);
#3510=ORIENTED_EDGE('',*,*,#5262,.T.);
#3511=ORIENTED_EDGE('',*,*,#5162,.T.);
#3512=ORIENTED_EDGE('',*,*,#5273,.T.);
#3513=ORIENTED_EDGE('',*,*,#5165,.T.);
#3514=ORIENTED_EDGE('',*,*,#5251,.F.);
#3515=ORIENTED_EDGE('',*,*,#5147,.T.);
#3516=ORIENTED_EDGE('',*,*,#5252,.F.);
#3517=ORIENTED_EDGE('',*,*,#5168,.T.);
#3518=ORIENTED_EDGE('',*,*,#5272,.T.);
#3519=ORIENTED_EDGE('',*,*,#5174,.T.);
#3520=ORIENTED_EDGE('',*,*,#5256,.T.);
#3521=ORIENTED_EDGE('',*,*,#5150,.T.);
#3522=ORIENTED_EDGE('',*,*,#4713,.T.);
#3523=ORIENTED_EDGE('',*,*,#4708,.T.);
#3524=ORIENTED_EDGE('',*,*,#4715,.T.);
#3525=ORIENTED_EDGE('',*,*,#4721,.T.);
#3526=ORIENTED_EDGE('',*,*,#4727,.T.);
#3527=ORIENTED_EDGE('',*,*,#4729,.T.);
#3528=ORIENTED_EDGE('',*,*,#4725,.T.);
#3529=ORIENTED_EDGE('',*,*,#4719,.T.);
#3530=ORIENTED_EDGE('',*,*,#5133,.F.);
#3531=ORIENTED_EDGE('',*,*,#5121,.T.);
#3532=ORIENTED_EDGE('',*,*,#5134,.F.);
#3533=ORIENTED_EDGE('',*,*,#5124,.T.);
#3534=ORIENTED_EDGE('',*,*,#5126,.T.);
#3535=ORIENTED_EDGE('',*,*,#5135,.F.);
#3536=ORIENTED_EDGE('',*,*,#5097,.T.);
#3537=ORIENTED_EDGE('',*,*,#5128,.F.);
#3538=ORIENTED_EDGE('',*,*,#5102,.T.);
#3539=ORIENTED_EDGE('',*,*,#5100,.T.);
#3540=ORIENTED_EDGE('',*,*,#5129,.F.);
#3541=ORIENTED_EDGE('',*,*,#5105,.T.);
#3542=ORIENTED_EDGE('',*,*,#5130,.F.);
#3543=ORIENTED_EDGE('',*,*,#5110,.T.);
#3544=ORIENTED_EDGE('',*,*,#5108,.T.);
#3545=ORIENTED_EDGE('',*,*,#5131,.F.);
#3546=ORIENTED_EDGE('',*,*,#5113,.T.);
#3547=ORIENTED_EDGE('',*,*,#5132,.F.);
#3548=ORIENTED_EDGE('',*,*,#5118,.T.);
#3549=ORIENTED_EDGE('',*,*,#5116,.T.);
#3550=ORIENTED_EDGE('',*,*,#5199,.T.);
#3551=ORIENTED_EDGE('',*,*,#5189,.T.);
#3552=ORIENTED_EDGE('',*,*,#5196,.T.);
#3553=ORIENTED_EDGE('',*,*,#5186,.T.);
#3554=ORIENTED_EDGE('',*,*,#5197,.T.);
#3555=ORIENTED_EDGE('',*,*,#5183,.T.);
#3556=ORIENTED_EDGE('',*,*,#5198,.T.);
#3557=ORIENTED_EDGE('',*,*,#5180,.T.);
#3558=ORIENTED_EDGE('',*,*,#4971,.T.);
#3559=ORIENTED_EDGE('',*,*,#4965,.T.);
#3560=ORIENTED_EDGE('',*,*,#4967,.T.);
#3561=ORIENTED_EDGE('',*,*,#4973,.T.);
#3562=ORIENTED_EDGE('',*,*,#4979,.T.);
#3563=ORIENTED_EDGE('',*,*,#4985,.T.);
#3564=ORIENTED_EDGE('',*,*,#4983,.T.);
#3565=ORIENTED_EDGE('',*,*,#4977,.T.);
#3566=ORIENTED_EDGE('',*,*,#5041,.T.);
#3567=ORIENTED_EDGE('',*,*,#5032,.F.);
#3568=ORIENTED_EDGE('',*,*,#5269,.T.);
#3569=ORIENTED_EDGE('',*,*,#4384,.T.);
#3570=ORIENTED_EDGE('',*,*,#5054,.F.);
#3571=ORIENTED_EDGE('',*,*,#5274,.F.);
#3572=ORIENTED_EDGE('',*,*,#5086,.T.);
#3573=ORIENTED_EDGE('',*,*,#5085,.T.);
#3574=ORIENTED_EDGE('',*,*,#5087,.T.);
#3575=ORIENTED_EDGE('',*,*,#5064,.T.);
#3576=ORIENTED_EDGE('',*,*,#5088,.T.);
#3577=ORIENTED_EDGE('',*,*,#5082,.T.);
#3578=ORIENTED_EDGE('',*,*,#5089,.T.);
#3579=ORIENTED_EDGE('',*,*,#5079,.T.);
#3580=ORIENTED_EDGE('',*,*,#5090,.T.);
#3581=ORIENTED_EDGE('',*,*,#5076,.T.);
#3582=ORIENTED_EDGE('',*,*,#5091,.T.);
#3583=ORIENTED_EDGE('',*,*,#5073,.T.);
#3584=ORIENTED_EDGE('',*,*,#5092,.T.);
#3585=ORIENTED_EDGE('',*,*,#5070,.T.);
#3586=ORIENTED_EDGE('',*,*,#5093,.T.);
#3587=ORIENTED_EDGE('',*,*,#5067,.T.);
#3588=ORIENTED_EDGE('',*,*,#5060,.F.);
#3589=ORIENTED_EDGE('',*,*,#4610,.T.);
#3590=ORIENTED_EDGE('',*,*,#5061,.F.);
#3591=ORIENTED_EDGE('',*,*,#4605,.T.);
#3592=ORIENTED_EDGE('',*,*,#5056,.F.);
#3593=ORIENTED_EDGE('',*,*,#4600,.T.);
#3594=ORIENTED_EDGE('',*,*,#5057,.F.);
#3595=ORIENTED_EDGE('',*,*,#4595,.T.);
#3596=ORIENTED_EDGE('',*,*,#5058,.F.);
#3597=ORIENTED_EDGE('',*,*,#4590,.T.);
#3598=ORIENTED_EDGE('',*,*,#5059,.F.);
#3599=ORIENTED_EDGE('',*,*,#4585,.T.);
#3600=ORIENTED_EDGE('',*,*,#4934,.F.);
#3601=ORIENTED_EDGE('',*,*,#4906,.T.);
#3602=ORIENTED_EDGE('',*,*,#4935,.F.);
#3603=ORIENTED_EDGE('',*,*,#4910,.T.);
#3604=ORIENTED_EDGE('',*,*,#4930,.F.);
#3605=ORIENTED_EDGE('',*,*,#5275,.T.);
#3606=ORIENTED_EDGE('',*,*,#4902,.T.);
#3607=ORIENTED_EDGE('',*,*,#4931,.F.);
#3608=ORIENTED_EDGE('',*,*,#4914,.T.);
#3609=ORIENTED_EDGE('',*,*,#4932,.F.);
#3610=ORIENTED_EDGE('',*,*,#4918,.T.);
#3611=ORIENTED_EDGE('',*,*,#4933,.F.);
#3612=ORIENTED_EDGE('',*,*,#4922,.T.);
#3613=ORIENTED_EDGE('',*,*,#4947,.F.);
#3614=ORIENTED_EDGE('',*,*,#4948,.F.);
#3615=ORIENTED_EDGE('',*,*,#4941,.F.);
#3616=ORIENTED_EDGE('',*,*,#5276,.F.);
#3617=ORIENTED_EDGE('',*,*,#4945,.F.);
#3618=ORIENTED_EDGE('',*,*,#4960,.F.);
#3619=ORIENTED_EDGE('',*,*,#4961,.F.);
#3620=ORIENTED_EDGE('',*,*,#4954,.F.);
#3621=ORIENTED_EDGE('',*,*,#5277,.F.);
#3622=ORIENTED_EDGE('',*,*,#4958,.F.);
#3623=ORIENTED_EDGE('',*,*,#5000,.T.);
#3624=ORIENTED_EDGE('',*,*,#4997,.T.);
#3625=ORIENTED_EDGE('',*,*,#5001,.T.);
#3626=ORIENTED_EDGE('',*,*,#4994,.T.);
#3627=ORIENTED_EDGE('',*,*,#4998,.T.);
#3628=ORIENTED_EDGE('',*,*,#4991,.T.);
#3629=ORIENTED_EDGE('',*,*,#4999,.T.);
#3630=ORIENTED_EDGE('',*,*,#4988,.T.);
#3631=ORIENTED_EDGE('',*,*,#4582,.F.);
#3632=ORIENTED_EDGE('',*,*,#4573,.T.);
#3633=ORIENTED_EDGE('',*,*,#4577,.F.);
#3634=ORIENTED_EDGE('',*,*,#4570,.T.);
#3635=ORIENTED_EDGE('',*,*,#4578,.F.);
#3636=ORIENTED_EDGE('',*,*,#4567,.T.);
#3637=ORIENTED_EDGE('',*,*,#4579,.F.);
#3638=ORIENTED_EDGE('',*,*,#4564,.T.);
#3639=ORIENTED_EDGE('',*,*,#4580,.F.);
#3640=ORIENTED_EDGE('',*,*,#4561,.T.);
#3641=ORIENTED_EDGE('',*,*,#4581,.F.);
#3642=ORIENTED_EDGE('',*,*,#4558,.T.);
#3643=ORIENTED_EDGE('',*,*,#5023,.T.);
#3644=ORIENTED_EDGE('',*,*,#5007,.T.);
#3645=ORIENTED_EDGE('',*,*,#5024,.T.);
#3646=ORIENTED_EDGE('',*,*,#5021,.T.);
#3647=ORIENTED_EDGE('',*,*,#5019,.T.);
#3648=ORIENTED_EDGE('',*,*,#5017,.T.);
#3649=ORIENTED_EDGE('',*,*,#5268,.T.);
#3650=ORIENTED_EDGE('',*,*,#5010,.T.);
#3651=ORIENTED_EDGE('',*,*,#5012,.T.);
#3652=ORIENTED_EDGE('',*,*,#5014,.T.);
#3653=ORIENTED_EDGE('',*,*,#5022,.T.);
#3654=ORIENTED_EDGE('',*,*,#5004,.T.);
#3655=ORIENTED_EDGE('',*,*,#5247,.F.);
#3656=ORIENTED_EDGE('',*,*,#5246,.T.);
#3657=ORIENTED_EDGE('',*,*,#5278,.T.);
#3658=ORIENTED_EDGE('',*,*,#5278,.F.);
#3659=ORIENTED_EDGE('',*,*,#5243,.F.);
#3660=ORIENTED_EDGE('',*,*,#5242,.T.);
#3661=ORIENTED_EDGE('',*,*,#5245,.T.);
#3662=ORIENTED_EDGE('',*,*,#5240,.F.);
#3663=ORIENTED_EDGE('',*,*,#5236,.F.);
#3664=ORIENTED_EDGE('',*,*,#5260,.T.);
#3665=ORIENTED_EDGE('',*,*,#5238,.T.);
#3666=ORIENTED_EDGE('',*,*,#5235,.F.);
#3667=ORIENTED_EDGE('',*,*,#5234,.T.);
#3668=ORIENTED_EDGE('',*,*,#5279,.T.);
#3669=ORIENTED_EDGE('',*,*,#5279,.F.);
#3670=ORIENTED_EDGE('',*,*,#5231,.F.);
#3671=ORIENTED_EDGE('',*,*,#5230,.T.);
#3672=ORIENTED_EDGE('',*,*,#5233,.T.);
#3673=ORIENTED_EDGE('',*,*,#5228,.F.);
#3674=ORIENTED_EDGE('',*,*,#5224,.F.);
#3675=ORIENTED_EDGE('',*,*,#5265,.T.);
#3676=ORIENTED_EDGE('',*,*,#5226,.T.);
#3677=ORIENTED_EDGE('',*,*,#5223,.F.);
#3678=ORIENTED_EDGE('',*,*,#5222,.T.);
#3679=ORIENTED_EDGE('',*,*,#5280,.T.);
#3680=ORIENTED_EDGE('',*,*,#5280,.F.);
#3681=ORIENTED_EDGE('',*,*,#5219,.F.);
#3682=ORIENTED_EDGE('',*,*,#5218,.T.);
#3683=ORIENTED_EDGE('',*,*,#5221,.T.);
#3684=ORIENTED_EDGE('',*,*,#5216,.F.);
#3685=ORIENTED_EDGE('',*,*,#5212,.F.);
#3686=ORIENTED_EDGE('',*,*,#5255,.T.);
#3687=ORIENTED_EDGE('',*,*,#5214,.T.);
#3688=ORIENTED_EDGE('',*,*,#5211,.F.);
#3689=ORIENTED_EDGE('',*,*,#5210,.T.);
#3690=ORIENTED_EDGE('',*,*,#5281,.T.);
#3691=ORIENTED_EDGE('',*,*,#5281,.F.);
#3692=ORIENTED_EDGE('',*,*,#5207,.F.);
#3693=ORIENTED_EDGE('',*,*,#5206,.T.);
#3694=ORIENTED_EDGE('',*,*,#5209,.T.);
#3695=ORIENTED_EDGE('',*,*,#5204,.F.);
#3696=ORIENTED_EDGE('',*,*,#5200,.F.);
#3697=ORIENTED_EDGE('',*,*,#5250,.T.);
#3698=ORIENTED_EDGE('',*,*,#5202,.T.);
#3699=ORIENTED_EDGE('',*,*,#5282,.T.);
#3700=ORIENTED_EDGE('',*,*,#5052,.F.);
#3701=ORIENTED_EDGE('',*,*,#5274,.T.);
#3702=ORIENTED_EDGE('',*,*,#5053,.T.);
#3703=ORIENTED_EDGE('',*,*,#4832,.T.);
#3704=ORIENTED_EDGE('',*,*,#4955,.T.);
#3705=ORIENTED_EDGE('',*,*,#5277,.T.);
#3706=ORIENTED_EDGE('',*,*,#4953,.F.);
#3707=ORIENTED_EDGE('',*,*,#4845,.T.);
#3708=ORIENTED_EDGE('',*,*,#4942,.T.);
#3709=ORIENTED_EDGE('',*,*,#5276,.T.);
#3710=ORIENTED_EDGE('',*,*,#4940,.F.);
#3711=ORIENTED_EDGE('',*,*,#4883,.T.);
#3712=ORIENTED_EDGE('',*,*,#4899,.T.);
#3713=ORIENTED_EDGE('',*,*,#5275,.F.);
#3714=ORIENTED_EDGE('',*,*,#4929,.F.);
#3715=ORIENTED_EDGE('',*,*,#4908,.F.);
#3716=ORIENTED_EDGE('',*,*,#4896,.T.);
#3717=ORIENTED_EDGE('',*,*,#4926,.F.);
#3718=ORIENTED_EDGE('',*,*,#4889,.F.);
#3719=ORIENTED_EDGE('',*,*,#4904,.F.);
#3720=ORIENTED_EDGE('',*,*,#4886,.T.);
#3721=ORIENTED_EDGE('',*,*,#4927,.F.);
#3722=ORIENTED_EDGE('',*,*,#4894,.T.);
#3723=ORIENTED_EDGE('',*,*,#4900,.F.);
#3724=ORIENTED_EDGE('',*,*,#4882,.T.);
#3725=ORIENTED_EDGE('',*,*,#4925,.F.);
#3726=ORIENTED_EDGE('',*,*,#4875,.F.);
#3727=ORIENTED_EDGE('',*,*,#4920,.F.);
#3728=ORIENTED_EDGE('',*,*,#4872,.T.);
#3729=ORIENTED_EDGE('',*,*,#4928,.F.);
#3730=ORIENTED_EDGE('',*,*,#4880,.T.);
#3731=ORIENTED_EDGE('',*,*,#4912,.F.);
#3732=ORIENTED_EDGE('',*,*,#4868,.T.);
#3733=ORIENTED_EDGE('',*,*,#4924,.F.);
#3734=ORIENTED_EDGE('',*,*,#4861,.F.);
#3735=ORIENTED_EDGE('',*,*,#4916,.F.);
#3736=ORIENTED_EDGE('',*,*,#4857,.T.);
#3737=ORIENTED_EDGE('',*,*,#4923,.F.);
#3738=ORIENTED_EDGE('',*,*,#4866,.T.);
#3739=ORIENTED_EDGE('',*,*,#4943,.F.);
#3740=ORIENTED_EDGE('',*,*,#4844,.T.);
#3741=ORIENTED_EDGE('',*,*,#4936,.F.);
#3742=ORIENTED_EDGE('',*,*,#4853,.T.);
#3743=ORIENTED_EDGE('',*,*,#4956,.F.);
#3744=ORIENTED_EDGE('',*,*,#4831,.T.);
#3745=ORIENTED_EDGE('',*,*,#4949,.F.);
#3746=ORIENTED_EDGE('',*,*,#4840,.T.);
#3747=ORIENTED_EDGE('',*,*,#5050,.F.);
#3748=ORIENTED_EDGE('',*,*,#4613,.F.);
#3749=ORIENTED_EDGE('',*,*,#5282,.F.);
#3750=ORIENTED_EDGE('',*,*,#4615,.T.);
#3751=ORIENTED_EDGE('',*,*,#4519,.F.);
#3752=ORIENTED_EDGE('',*,*,#4518,.T.);
#3753=ORIENTED_EDGE('',*,*,#5283,.T.);
#3754=ORIENTED_EDGE('',*,*,#5283,.F.);
#3755=ORIENTED_EDGE('',*,*,#4514,.F.);
#3756=ORIENTED_EDGE('',*,*,#5127,.T.);
#3757=ORIENTED_EDGE('',*,*,#4516,.T.);
#3758=ORIENTED_EDGE('',*,*,#4513,.T.);
#3759=ORIENTED_EDGE('',*,*,#4512,.F.);
#3760=ORIENTED_EDGE('',*,*,#5284,.T.);
#3761=ORIENTED_EDGE('',*,*,#5284,.F.);
#3762=ORIENTED_EDGE('',*,*,#4508,.T.);
#3763=ORIENTED_EDGE('',*,*,#5055,.T.);
#3764=ORIENTED_EDGE('',*,*,#4510,.F.);
#3765=ORIENTED_EDGE('',*,*,#4507,.T.);
#3766=ORIENTED_EDGE('',*,*,#4506,.F.);
#3767=ORIENTED_EDGE('',*,*,#5285,.T.);
#3768=ORIENTED_EDGE('',*,*,#5285,.F.);
#3769=ORIENTED_EDGE('',*,*,#4502,.T.);
#3770=ORIENTED_EDGE('',*,*,#5051,.T.);
#3771=ORIENTED_EDGE('',*,*,#4504,.F.);
#3772=ORIENTED_EDGE('',*,*,#4501,.F.);
#3773=ORIENTED_EDGE('',*,*,#4500,.T.);
#3774=ORIENTED_EDGE('',*,*,#5286,.T.);
#3775=ORIENTED_EDGE('',*,*,#5286,.F.);
#3776=ORIENTED_EDGE('',*,*,#4496,.F.);
#3777=ORIENTED_EDGE('',*,*,#4937,.T.);
#3778=ORIENTED_EDGE('',*,*,#4498,.T.);
#3779=ORIENTED_EDGE('',*,*,#4495,.F.);
#3780=ORIENTED_EDGE('',*,*,#4494,.T.);
#3781=ORIENTED_EDGE('',*,*,#5287,.T.);
#3782=ORIENTED_EDGE('',*,*,#5287,.F.);
#3783=ORIENTED_EDGE('',*,*,#4490,.F.);
#3784=ORIENTED_EDGE('',*,*,#4938,.T.);
#3785=ORIENTED_EDGE('',*,*,#4492,.T.);
#3786=ORIENTED_EDGE('',*,*,#4489,.F.);
#3787=ORIENTED_EDGE('',*,*,#4488,.T.);
#3788=ORIENTED_EDGE('',*,*,#5288,.T.);
#3789=ORIENTED_EDGE('',*,*,#5288,.F.);
#3790=ORIENTED_EDGE('',*,*,#4484,.F.);
#3791=ORIENTED_EDGE('',*,*,#4950,.T.);
#3792=ORIENTED_EDGE('',*,*,#4486,.T.);
#3793=ORIENTED_EDGE('',*,*,#4483,.F.);
#3794=ORIENTED_EDGE('',*,*,#4482,.T.);
#3795=ORIENTED_EDGE('',*,*,#5289,.T.);
#3796=ORIENTED_EDGE('',*,*,#5289,.F.);
#3797=ORIENTED_EDGE('',*,*,#4478,.F.);
#3798=ORIENTED_EDGE('',*,*,#4951,.T.);
#3799=ORIENTED_EDGE('',*,*,#4480,.T.);
#3800=ORIENTED_EDGE('',*,*,#4477,.F.);
#3801=ORIENTED_EDGE('',*,*,#4476,.T.);
#3802=ORIENTED_EDGE('',*,*,#5290,.T.);
#3803=ORIENTED_EDGE('',*,*,#5290,.F.);
#3804=ORIENTED_EDGE('',*,*,#4472,.F.);
#3805=ORIENTED_EDGE('',*,*,#4574,.T.);
#3806=ORIENTED_EDGE('',*,*,#4474,.T.);
#3807=ORIENTED_EDGE('',*,*,#4471,.F.);
#3808=ORIENTED_EDGE('',*,*,#4470,.T.);
#3809=ORIENTED_EDGE('',*,*,#5291,.T.);
#3810=ORIENTED_EDGE('',*,*,#5291,.F.);
#3811=ORIENTED_EDGE('',*,*,#4466,.F.);
#3812=ORIENTED_EDGE('',*,*,#4575,.T.);
#3813=ORIENTED_EDGE('',*,*,#4468,.T.);
#3814=ORIENTED_EDGE('',*,*,#4465,.F.);
#3815=ORIENTED_EDGE('',*,*,#4464,.T.);
#3816=ORIENTED_EDGE('',*,*,#5292,.T.);
#3817=ORIENTED_EDGE('',*,*,#5292,.F.);
#3818=ORIENTED_EDGE('',*,*,#4460,.F.);
#3819=ORIENTED_EDGE('',*,*,#4576,.T.);
#3820=ORIENTED_EDGE('',*,*,#4462,.T.);
#3821=VERTEX_POINT('',#8931);
#3822=VERTEX_POINT('',#8932);
#3823=VERTEX_POINT('',#8934);
#3824=VERTEX_POINT('',#8936);
#3825=VERTEX_POINT('',#8938);
#3826=VERTEX_POINT('',#8940);
#3827=VERTEX_POINT('',#8942);
#3828=VERTEX_POINT('',#8944);
#3829=VERTEX_POINT('',#8946);
#3830=VERTEX_POINT('',#8948);
#3831=VERTEX_POINT('',#8950);
#3832=VERTEX_POINT('',#8952);
#3833=VERTEX_POINT('',#8954);
#3834=VERTEX_POINT('',#8956);
#3835=VERTEX_POINT('',#8963);
#3836=VERTEX_POINT('',#8964);
#3837=VERTEX_POINT('',#8966);
#3838=VERTEX_POINT('',#8968);
#3839=VERTEX_POINT('',#8972);
#3840=VERTEX_POINT('',#8973);
#3841=VERTEX_POINT('',#8978);
#3842=VERTEX_POINT('',#8979);
#3843=VERTEX_POINT('',#8984);
#3844=VERTEX_POINT('',#8985);
#3845=VERTEX_POINT('',#8993);
#3846=VERTEX_POINT('',#8994);
#3847=VERTEX_POINT('',#9002);
#3848=VERTEX_POINT('',#9003);
#3849=VERTEX_POINT('',#9005);
#3850=VERTEX_POINT('',#9007);
#3851=VERTEX_POINT('',#9011);
#3852=VERTEX_POINT('',#9012);
#3853=VERTEX_POINT('',#9017);
#3854=VERTEX_POINT('',#9018);
#3855=VERTEX_POINT('',#9023);
#3856=VERTEX_POINT('',#9024);
#3857=VERTEX_POINT('',#9032);
#3858=VERTEX_POINT('',#9033);
#3859=VERTEX_POINT('',#9041);
#3860=VERTEX_POINT('',#9042);
#3861=VERTEX_POINT('',#9044);
#3862=VERTEX_POINT('',#9046);
#3863=VERTEX_POINT('',#9050);
#3864=VERTEX_POINT('',#9051);
#3865=VERTEX_POINT('',#9056);
#3866=VERTEX_POINT('',#9057);
#3867=VERTEX_POINT('',#9062);
#3868=VERTEX_POINT('',#9063);
#3869=VERTEX_POINT('',#9071);
#3870=VERTEX_POINT('',#9072);
#3871=VERTEX_POINT('',#9080);
#3872=VERTEX_POINT('',#9081);
#3873=VERTEX_POINT('',#9083);
#3874=VERTEX_POINT('',#9085);
#3875=VERTEX_POINT('',#9089);
#3876=VERTEX_POINT('',#9090);
#3877=VERTEX_POINT('',#9095);
#3878=VERTEX_POINT('',#9096);
#3879=VERTEX_POINT('',#9101);
#3880=VERTEX_POINT('',#9102);
#3881=VERTEX_POINT('',#9110);
#3882=VERTEX_POINT('',#9111);
#3883=VERTEX_POINT('',#9116);
#3884=VERTEX_POINT('',#9117);
#3885=VERTEX_POINT('',#9119);
#3886=VERTEX_POINT('',#9121);
#3887=VERTEX_POINT('',#9125);
#3888=VERTEX_POINT('',#9129);
#3889=VERTEX_POINT('',#9130);
#3890=VERTEX_POINT('',#9132);
#3891=VERTEX_POINT('',#9134);
#3892=VERTEX_POINT('',#9138);
#3893=VERTEX_POINT('',#9142);
#3894=VERTEX_POINT('',#9143);
#3895=VERTEX_POINT('',#9145);
#3896=VERTEX_POINT('',#9147);
#3897=VERTEX_POINT('',#9151);
#3898=VERTEX_POINT('',#9155);
#3899=VERTEX_POINT('',#9156);
#3900=VERTEX_POINT('',#9158);
#3901=VERTEX_POINT('',#9160);
#3902=VERTEX_POINT('',#9164);
#3903=VERTEX_POINT('',#9168);
#3904=VERTEX_POINT('',#9169);
#3905=VERTEX_POINT('',#9171);
#3906=VERTEX_POINT('',#9173);
#3907=VERTEX_POINT('',#9177);
#3908=VERTEX_POINT('',#9181);
#3909=VERTEX_POINT('',#9182);
#3910=VERTEX_POINT('',#9184);
#3911=VERTEX_POINT('',#9186);
#3912=VERTEX_POINT('',#9190);
#3913=VERTEX_POINT('',#9194);
#3914=VERTEX_POINT('',#9195);
#3915=VERTEX_POINT('',#9197);
#3916=VERTEX_POINT('',#9199);
#3917=VERTEX_POINT('',#9203);
#3918=VERTEX_POINT('',#9207);
#3919=VERTEX_POINT('',#9208);
#3920=VERTEX_POINT('',#9210);
#3921=VERTEX_POINT('',#9212);
#3922=VERTEX_POINT('',#9216);
#3923=VERTEX_POINT('',#9220);
#3924=VERTEX_POINT('',#9221);
#3925=VERTEX_POINT('',#9223);
#3926=VERTEX_POINT('',#9225);
#3927=VERTEX_POINT('',#9229);
#3928=VERTEX_POINT('',#9233);
#3929=VERTEX_POINT('',#9234);
#3930=VERTEX_POINT('',#9236);
#3931=VERTEX_POINT('',#9238);
#3932=VERTEX_POINT('',#9242);
#3933=VERTEX_POINT('',#9246);
#3934=VERTEX_POINT('',#9247);
#3935=VERTEX_POINT('',#9249);
#3936=VERTEX_POINT('',#9251);
#3937=VERTEX_POINT('',#9255);
#3938=VERTEX_POINT('',#9256);
#3939=VERTEX_POINT('',#9261);
#3940=VERTEX_POINT('',#9262);
#3941=VERTEX_POINT('',#9267);
#3942=VERTEX_POINT('',#9268);
#3943=VERTEX_POINT('',#9273);
#3944=VERTEX_POINT('',#9274);
#3945=VERTEX_POINT('',#9279);
#3946=VERTEX_POINT('',#9280);
#3947=VERTEX_POINT('',#9285);
#3948=VERTEX_POINT('',#9286);
#3949=VERTEX_POINT('',#9291);
#3950=VERTEX_POINT('',#9292);
#3951=VERTEX_POINT('',#9297);
#3952=VERTEX_POINT('',#9298);
#3953=VERTEX_POINT('',#9303);
#3954=VERTEX_POINT('',#9304);
#3955=VERTEX_POINT('',#9309);
#3956=VERTEX_POINT('',#9310);
#3957=VERTEX_POINT('',#9318);
#3958=VERTEX_POINT('',#9320);
#3959=VERTEX_POINT('',#9324);
#3960=VERTEX_POINT('',#9326);
#3961=VERTEX_POINT('',#9330);
#3962=VERTEX_POINT('',#9332);
#3963=VERTEX_POINT('',#9336);
#3964=VERTEX_POINT('',#9338);
#3965=VERTEX_POINT('',#9342);
#3966=VERTEX_POINT('',#9344);
#3967=VERTEX_POINT('',#9348);
#3968=VERTEX_POINT('',#9350);
#3969=VERTEX_POINT('',#9373);
#3970=VERTEX_POINT('',#9374);
#3971=VERTEX_POINT('',#9376);
#3972=VERTEX_POINT('',#9378);
#3973=VERTEX_POINT('',#9380);
#3974=VERTEX_POINT('',#9390);
#3975=VERTEX_POINT('',#9391);
#3976=VERTEX_POINT('',#9393);
#3977=VERTEX_POINT('',#9395);
#3978=VERTEX_POINT('',#9397);
#3979=VERTEX_POINT('',#9407);
#3980=VERTEX_POINT('',#9408);
#3981=VERTEX_POINT('',#9410);
#3982=VERTEX_POINT('',#9412);
#3983=VERTEX_POINT('',#9414);
#3984=VERTEX_POINT('',#9424);
#3985=VERTEX_POINT('',#9425);
#3986=VERTEX_POINT('',#9427);
#3987=VERTEX_POINT('',#9429);
#3988=VERTEX_POINT('',#9431);
#3989=VERTEX_POINT('',#9441);
#3990=VERTEX_POINT('',#9442);
#3991=VERTEX_POINT('',#9444);
#3992=VERTEX_POINT('',#9446);
#3993=VERTEX_POINT('',#9448);
#3994=VERTEX_POINT('',#9458);
#3995=VERTEX_POINT('',#9459);
#3996=VERTEX_POINT('',#9461);
#3997=VERTEX_POINT('',#9463);
#3998=VERTEX_POINT('',#9465);
#3999=VERTEX_POINT('',#9472);
#4000=VERTEX_POINT('',#9473);
#4001=VERTEX_POINT('',#9475);
#4002=VERTEX_POINT('',#9477);
#4003=VERTEX_POINT('',#9482);
#4004=VERTEX_POINT('',#9484);
#4005=VERTEX_POINT('',#9489);
#4006=VERTEX_POINT('',#9494);
#4007=VERTEX_POINT('',#9499);
#4008=VERTEX_POINT('',#9504);
#4009=VERTEX_POINT('',#9511);
#4010=VERTEX_POINT('',#9512);
#4011=VERTEX_POINT('',#9514);
#4012=VERTEX_POINT('',#9516);
#4013=VERTEX_POINT('',#9520);
#4014=VERTEX_POINT('',#9521);
#4015=VERTEX_POINT('',#9526);
#4016=VERTEX_POINT('',#9527);
#4017=VERTEX_POINT('',#9532);
#4018=VERTEX_POINT('',#9533);
#4019=VERTEX_POINT('',#9538);
#4020=VERTEX_POINT('',#9539);
#4021=VERTEX_POINT('',#9544);
#4022=VERTEX_POINT('',#9545);
#4023=VERTEX_POINT('',#9550);
#4024=VERTEX_POINT('',#9551);
#4025=VERTEX_POINT('',#9559);
#4026=VERTEX_POINT('',#9560);
#4027=VERTEX_POINT('',#9562);
#4028=VERTEX_POINT('',#9564);
#4029=VERTEX_POINT('',#9568);
#4030=VERTEX_POINT('',#9569);
#4031=VERTEX_POINT('',#9574);
#4032=VERTEX_POINT('',#9575);
#4033=VERTEX_POINT('',#9580);
#4034=VERTEX_POINT('',#9581);
#4035=VERTEX_POINT('',#9586);
#4036=VERTEX_POINT('',#9587);
#4037=VERTEX_POINT('',#9592);
#4038=VERTEX_POINT('',#9593);
#4039=VERTEX_POINT('',#9598);
#4040=VERTEX_POINT('',#9599);
#4041=VERTEX_POINT('',#9604);
#4042=VERTEX_POINT('',#9605);
#4043=VERTEX_POINT('',#9610);
#4044=VERTEX_POINT('',#9611);
#4045=VERTEX_POINT('',#9616);
#4046=VERTEX_POINT('',#9617);
#4047=VERTEX_POINT('',#9622);
#4048=VERTEX_POINT('',#9623);
#4049=VERTEX_POINT('',#9628);
#4050=VERTEX_POINT('',#9629);
#4051=VERTEX_POINT('',#9634);
#4052=VERTEX_POINT('',#9635);
#4053=VERTEX_POINT('',#9640);
#4054=VERTEX_POINT('',#9641);
#4055=VERTEX_POINT('',#9646);
#4056=VERTEX_POINT('',#9647);
#4057=VERTEX_POINT('',#9655);
#4058=VERTEX_POINT('',#9656);
#4059=VERTEX_POINT('',#9658);
#4060=VERTEX_POINT('',#9660);
#4061=VERTEX_POINT('',#9664);
#4062=VERTEX_POINT('',#9665);
#4063=VERTEX_POINT('',#9670);
#4064=VERTEX_POINT('',#9671);
#4065=VERTEX_POINT('',#9676);
#4066=VERTEX_POINT('',#9677);
#4067=VERTEX_POINT('',#9682);
#4068=VERTEX_POINT('',#9683);
#4069=VERTEX_POINT('',#9688);
#4070=VERTEX_POINT('',#9689);
#4071=VERTEX_POINT('',#9694);
#4072=VERTEX_POINT('',#9695);
#4073=VERTEX_POINT('',#9703);
#4074=VERTEX_POINT('',#9704);
#4075=VERTEX_POINT('',#9706);
#4076=VERTEX_POINT('',#9708);
#4077=VERTEX_POINT('',#9712);
#4078=VERTEX_POINT('',#9713);
#4079=VERTEX_POINT('',#9718);
#4080=VERTEX_POINT('',#9719);
#4081=VERTEX_POINT('',#9724);
#4082=VERTEX_POINT('',#9725);
#4083=VERTEX_POINT('',#9730);
#4084=VERTEX_POINT('',#9731);
#4085=VERTEX_POINT('',#9736);
#4086=VERTEX_POINT('',#9737);
#4087=VERTEX_POINT('',#9742);
#4088=VERTEX_POINT('',#9743);
#4089=VERTEX_POINT('',#9748);
#4090=VERTEX_POINT('',#9749);
#4091=VERTEX_POINT('',#9754);
#4092=VERTEX_POINT('',#9755);
#4093=VERTEX_POINT('',#9760);
#4094=VERTEX_POINT('',#9761);
#4095=VERTEX_POINT('',#9766);
#4096=VERTEX_POINT('',#9767);
#4097=VERTEX_POINT('',#9772);
#4098=VERTEX_POINT('',#9773);
#4099=VERTEX_POINT('',#9778);
#4100=VERTEX_POINT('',#9779);
#4101=VERTEX_POINT('',#9784);
#4102=VERTEX_POINT('',#9785);
#4103=VERTEX_POINT('',#9790);
#4104=VERTEX_POINT('',#9791);
#4105=VERTEX_POINT('',#9796);
#4106=VERTEX_POINT('',#9797);
#4107=VERTEX_POINT('',#9802);
#4108=VERTEX_POINT('',#9803);
#4109=VERTEX_POINT('',#9808);
#4110=VERTEX_POINT('',#9809);
#4111=VERTEX_POINT('',#9814);
#4112=VERTEX_POINT('',#9815);
#4113=VERTEX_POINT('',#9823);
#4114=VERTEX_POINT('',#9824);
#4115=VERTEX_POINT('',#9826);
#4116=VERTEX_POINT('',#9831);
#4117=VERTEX_POINT('',#9835);
#4118=VERTEX_POINT('',#9836);
#4119=VERTEX_POINT('',#9841);
#4120=VERTEX_POINT('',#9842);
#4121=VERTEX_POINT('',#9847);
#4122=VERTEX_POINT('',#9848);
#4123=VERTEX_POINT('',#9853);
#4124=VERTEX_POINT('',#9854);
#4125=VERTEX_POINT('',#9859);
#4126=VERTEX_POINT('',#9860);
#4127=VERTEX_POINT('',#9865);
#4128=VERTEX_POINT('',#9866);
#4129=VERTEX_POINT('',#9871);
#4130=VERTEX_POINT('',#9872);
#4131=VERTEX_POINT('',#9877);
#4132=VERTEX_POINT('',#9878);
#4133=VERTEX_POINT('',#9883);
#4134=VERTEX_POINT('',#9884);
#4135=VERTEX_POINT('',#9889);
#4136=VERTEX_POINT('',#9890);
#4137=VERTEX_POINT('',#9895);
#4138=VERTEX_POINT('',#9896);
#4139=VERTEX_POINT('',#9904);
#4140=VERTEX_POINT('',#9905);
#4141=VERTEX_POINT('',#9910);
#4142=VERTEX_POINT('',#9911);
#4143=VERTEX_POINT('',#9913);
#4144=VERTEX_POINT('',#9915);
#4145=VERTEX_POINT('',#9919);
#4146=VERTEX_POINT('',#9920);
#4147=VERTEX_POINT('',#9925);
#4148=VERTEX_POINT('',#9926);
#4149=VERTEX_POINT('',#9928);
#4150=VERTEX_POINT('',#9930);
#4151=VERTEX_POINT('',#9937);
#4152=VERTEX_POINT('',#9938);
#4153=VERTEX_POINT('',#9940);
#4154=VERTEX_POINT('',#9942);
#4155=VERTEX_POINT('',#9946);
#4156=VERTEX_POINT('',#9947);
#4157=VERTEX_POINT('',#9952);
#4158=VERTEX_POINT('',#9953);
#4159=VERTEX_POINT('',#9955);
#4160=VERTEX_POINT('',#9957);
#4161=VERTEX_POINT('',#9964);
#4162=VERTEX_POINT('',#9965);
#4163=VERTEX_POINT('',#9970);
#4164=VERTEX_POINT('',#9972);
#4165=VERTEX_POINT('',#9990);
#4166=VERTEX_POINT('',#9991);
#4167=VERTEX_POINT('',#9996);
#4168=VERTEX_POINT('',#9997);
#4169=VERTEX_POINT('',#9999);
#4170=VERTEX_POINT('',#10001);
#4171=VERTEX_POINT('',#10005);
#4172=VERTEX_POINT('',#10006);
#4173=VERTEX_POINT('',#10011);
#4174=VERTEX_POINT('',#10013);
#4175=VERTEX_POINT('',#10031);
#4176=VERTEX_POINT('',#10032);
#4177=VERTEX_POINT('',#10054);
#4178=VERTEX_POINT('',#10055);
#4179=VERTEX_POINT('',#10060);
#4180=VERTEX_POINT('',#10061);
#4181=VERTEX_POINT('',#10063);
#4182=VERTEX_POINT('',#10065);
#4183=VERTEX_POINT('',#10069);
#4184=VERTEX_POINT('',#10070);
#4185=VERTEX_POINT('',#10075);
#4186=VERTEX_POINT('',#10077);
#4187=VERTEX_POINT('',#10095);
#4188=VERTEX_POINT('',#10096);
#4189=VERTEX_POINT('',#10118);
#4190=VERTEX_POINT('',#10119);
#4191=VERTEX_POINT('',#10124);
#4192=VERTEX_POINT('',#10125);
#4193=VERTEX_POINT('',#10127);
#4194=VERTEX_POINT('',#10129);
#4195=VERTEX_POINT('',#10133);
#4196=VERTEX_POINT('',#10134);
#4197=VERTEX_POINT('',#10156);
#4198=VERTEX_POINT('',#10162);
#4199=VERTEX_POINT('',#10169);
#4200=VERTEX_POINT('',#10175);
#4201=VERTEX_POINT('',#10182);
#4202=VERTEX_POINT('',#10188);
#4203=VERTEX_POINT('',#10195);
#4204=VERTEX_POINT('',#10201);
#4205=VERTEX_POINT('',#10208);
#4206=VERTEX_POINT('',#10214);
#4207=VERTEX_POINT('',#10221);
#4208=VERTEX_POINT('',#10227);
#4209=VERTEX_POINT('',#10259);
#4210=VERTEX_POINT('',#10277);
#4211=VERTEX_POINT('',#10279);
#4212=VERTEX_POINT('',#10283);
#4213=VERTEX_POINT('',#10286);
#4214=VERTEX_POINT('',#10290);
#4215=VERTEX_POINT('',#10300);
#4216=VERTEX_POINT('',#10302);
#4217=VERTEX_POINT('',#10306);
#4218=VERTEX_POINT('',#10309);
#4219=VERTEX_POINT('',#10313);
#4220=VERTEX_POINT('',#10319);
#4221=VERTEX_POINT('',#10320);
#4222=VERTEX_POINT('',#10339);
#4223=VERTEX_POINT('',#10341);
#4224=VERTEX_POINT('',#10407);
#4225=VERTEX_POINT('',#10408);
#4226=VERTEX_POINT('',#10413);
#4227=VERTEX_POINT('',#10414);
#4228=VERTEX_POINT('',#10419);
#4229=VERTEX_POINT('',#10420);
#4230=VERTEX_POINT('',#10504);
#4231=VERTEX_POINT('',#10505);
#4232=VERTEX_POINT('',#10589);
#4233=VERTEX_POINT('',#10590);
#4234=VERTEX_POINT('',#10595);
#4235=VERTEX_POINT('',#10596);
#4236=VERTEX_POINT('',#10683);
#4237=VERTEX_POINT('',#10685);
#4238=VERTEX_POINT('',#10692);
#4239=VERTEX_POINT('',#10694);
#4240=VERTEX_POINT('',#10701);
#4241=VERTEX_POINT('',#10703);
#4242=VERTEX_POINT('',#10710);
#4243=VERTEX_POINT('',#10712);
#4244=VERTEX_POINT('',#10727);
#4245=VERTEX_POINT('',#10729);
#4246=VERTEX_POINT('',#10733);
#4247=VERTEX_POINT('',#10735);
#4248=VERTEX_POINT('',#10739);
#4249=VERTEX_POINT('',#10741);
#4250=VERTEX_POINT('',#10745);
#4251=VERTEX_POINT('',#10749);
#4252=VERTEX_POINT('',#10753);
#4253=VERTEX_POINT('',#10755);
#4254=VERTEX_POINT('',#10759);
#4255=VERTEX_POINT('',#10763);
#4256=VERTEX_POINT('',#10773);
#4257=VERTEX_POINT('',#10775);
#4258=VERTEX_POINT('',#10777);
#4259=VERTEX_POINT('',#10779);
#4260=VERTEX_POINT('',#10781);
#4261=VERTEX_POINT('',#10783);
#4262=VERTEX_POINT('',#10785);
#4263=VERTEX_POINT('',#10787);
#4264=VERTEX_POINT('',#10789);
#4265=VERTEX_POINT('',#10791);
#4266=VERTEX_POINT('',#10793);
#4267=VERTEX_POINT('',#10795);
#4268=VERTEX_POINT('',#10820);
#4269=VERTEX_POINT('',#10822);
#4270=VERTEX_POINT('',#10840);
#4271=VERTEX_POINT('',#10842);
#4272=VERTEX_POINT('',#10846);
#4273=VERTEX_POINT('',#10848);
#4274=VERTEX_POINT('',#10852);
#4275=VERTEX_POINT('',#10854);
#4276=VERTEX_POINT('',#10858);
#4277=VERTEX_POINT('',#10860);
#4278=VERTEX_POINT('',#10864);
#4279=VERTEX_POINT('',#10866);
#4280=VERTEX_POINT('',#10870);
#4281=VERTEX_POINT('',#10872);
#4282=VERTEX_POINT('',#10876);
#4283=VERTEX_POINT('',#10878);
#4284=VERTEX_POINT('',#10882);
#4285=VERTEX_POINT('',#10884);
#4286=VERTEX_POINT('',#10910);
#4287=VERTEX_POINT('',#10912);
#4288=VERTEX_POINT('',#10916);
#4289=VERTEX_POINT('',#10918);
#4290=VERTEX_POINT('',#10922);
#4291=VERTEX_POINT('',#10926);
#4292=VERTEX_POINT('',#10928);
#4293=VERTEX_POINT('',#10932);
#4294=VERTEX_POINT('',#10934);
#4295=VERTEX_POINT('',#10938);
#4296=VERTEX_POINT('',#10942);
#4297=VERTEX_POINT('',#10944);
#4298=VERTEX_POINT('',#10948);
#4299=VERTEX_POINT('',#10950);
#4300=VERTEX_POINT('',#10954);
#4301=VERTEX_POINT('',#10958);
#4302=VERTEX_POINT('',#10960);
#4303=VERTEX_POINT('',#10964);
#4304=VERTEX_POINT('',#10966);
#4305=VERTEX_POINT('',#10970);
#4306=VERTEX_POINT('',#10992);
#4307=VERTEX_POINT('',#10994);
#4308=VERTEX_POINT('',#10998);
#4309=VERTEX_POINT('',#11000);
#4310=VERTEX_POINT('',#11004);
#4311=VERTEX_POINT('',#11006);
#4312=VERTEX_POINT('',#11010);
#4313=VERTEX_POINT('',#11012);
#4314=VERTEX_POINT('',#11016);
#4315=VERTEX_POINT('',#11018);
#4316=VERTEX_POINT('',#11022);
#4317=VERTEX_POINT('',#11024);
#4318=VERTEX_POINT('',#11028);
#4319=VERTEX_POINT('',#11030);
#4320=VERTEX_POINT('',#11034);
#4321=VERTEX_POINT('',#11036);
#4322=VERTEX_POINT('',#11040);
#4323=VERTEX_POINT('',#11042);
#4324=VERTEX_POINT('',#11046);
#4325=VERTEX_POINT('',#11048);
#4326=VERTEX_POINT('',#11052);
#4327=VERTEX_POINT('',#11054);
#4328=VERTEX_POINT('',#11058);
#4329=VERTEX_POINT('',#11060);
#4330=VERTEX_POINT('',#11064);
#4331=VERTEX_POINT('',#11066);
#4332=VERTEX_POINT('',#11070);
#4333=VERTEX_POINT('',#11072);
#4334=VERTEX_POINT('',#11076);
#4335=VERTEX_POINT('',#11078);
#4336=VERTEX_POINT('',#11082);
#4337=VERTEX_POINT('',#11084);
#4338=VERTEX_POINT('',#11088);
#4339=VERTEX_POINT('',#11090);
#4340=VERTEX_POINT('',#11094);
#4341=VERTEX_POINT('',#11096);
#4342=VERTEX_POINT('',#11100);
#4343=VERTEX_POINT('',#11102);
#4344=VERTEX_POINT('',#11106);
#4345=VERTEX_POINT('',#11108);
#4346=VERTEX_POINT('',#11120);
#4347=VERTEX_POINT('',#11121);
#4348=VERTEX_POINT('',#11123);
#4349=VERTEX_POINT('',#11125);
#4350=VERTEX_POINT('',#11130);
#4351=VERTEX_POINT('',#11131);
#4352=VERTEX_POINT('',#11135);
#4353=VERTEX_POINT('',#11137);
#4354=VERTEX_POINT('',#11141);
#4355=VERTEX_POINT('',#11145);
#4356=VERTEX_POINT('',#11146);
#4357=VERTEX_POINT('',#11148);
#4358=VERTEX_POINT('',#11150);
#4359=VERTEX_POINT('',#11155);
#4360=VERTEX_POINT('',#11156);
#4361=VERTEX_POINT('',#11160);
#4362=VERTEX_POINT('',#11162);
#4363=VERTEX_POINT('',#11166);
#4364=VERTEX_POINT('',#11170);
#4365=VERTEX_POINT('',#11171);
#4366=VERTEX_POINT('',#11173);
#4367=VERTEX_POINT('',#11175);
#4368=VERTEX_POINT('',#11180);
#4369=VERTEX_POINT('',#11181);
#4370=VERTEX_POINT('',#11185);
#4371=VERTEX_POINT('',#11187);
#4372=VERTEX_POINT('',#11191);
#4373=VERTEX_POINT('',#11195);
#4374=VERTEX_POINT('',#11196);
#4375=VERTEX_POINT('',#11198);
#4376=VERTEX_POINT('',#11200);
#4377=VERTEX_POINT('',#11205);
#4378=VERTEX_POINT('',#11206);
#4379=VERTEX_POINT('',#11210);
#4380=VERTEX_POINT('',#11212);
#4381=VERTEX_POINT('',#11216);
#4382=EDGE_CURVE('NONE',#3821,#3822,#5293,.T.);
#4383=EDGE_CURVE('NONE',#3821,#3823,#1681,.T.);
#4384=EDGE_CURVE('NONE',#3824,#3823,#5294,.T.);
#4385=EDGE_CURVE('NONE',#3824,#3825,#5295,.T.);
#4386=EDGE_CURVE('NONE',#3826,#3825,#5296,.T.);
#4387=EDGE_CURVE('NONE',#3826,#3827,#1682,.T.);
#4388=EDGE_CURVE('NONE',#3828,#3827,#5297,.T.);
#4389=EDGE_CURVE('NONE',#3828,#3829,#1683,.T.);
#4390=EDGE_CURVE('NONE',#3829,#3830,#5298,.T.);
#4391=EDGE_CURVE('NONE',#3830,#3831,#1684,.T.);
#4392=EDGE_CURVE('NONE',#3832,#3831,#5299,.T.);
#4393=EDGE_CURVE('NONE',#3832,#3833,#1685,.T.);
#4394=EDGE_CURVE('NONE',#3834,#3833,#5300,.T.);
#4395=EDGE_CURVE('NONE',#3834,#3822,#1686,.T.);
#4396=EDGE_CURVE('NONE',#3835,#3836,#371,.T.);
#4397=EDGE_CURVE('NONE',#3837,#3835,#1687,.T.);
#4398=EDGE_CURVE('NONE',#3837,#3838,#5301,.T.);
#4399=EDGE_CURVE('NONE',#3836,#3838,#1688,.T.);
#4400=EDGE_CURVE('NONE',#3839,#3840,#5302,.T.);
#4401=EDGE_CURVE('NONE',#3838,#3840,#5303,.T.);
#4402=EDGE_CURVE('NONE',#3839,#3837,#5304,.T.);
#4403=EDGE_CURVE('NONE',#3841,#3842,#5305,.T.);
#4404=EDGE_CURVE('NONE',#3840,#3842,#1689,.T.);
#4405=EDGE_CURVE('NONE',#3841,#3839,#1690,.T.);
#4406=EDGE_CURVE('NONE',#3843,#3844,#5306,.T.);
#4407=EDGE_CURVE('NONE',#3842,#3844,#5307,.T.);
#4408=EDGE_CURVE('NONE',#3843,#3841,#5308,.T.);
#4409=EDGE_CURVE('NONE',#3845,#3846,#372,.T.);
#4410=EDGE_CURVE('NONE',#3844,#3845,#1691,.T.);
#4411=EDGE_CURVE('NONE',#3846,#3843,#1692,.T.);
#4412=EDGE_CURVE('NONE',#3847,#3848,#373,.T.);
#4413=EDGE_CURVE('NONE',#3849,#3847,#1693,.T.);
#4414=EDGE_CURVE('NONE',#3849,#3850,#5309,.T.);
#4415=EDGE_CURVE('NONE',#3848,#3850,#1694,.T.);
#4416=EDGE_CURVE('NONE',#3851,#3852,#5310,.T.);
#4417=EDGE_CURVE('NONE',#3850,#3852,#5311,.T.);
#4418=EDGE_CURVE('NONE',#3851,#3849,#5312,.T.);
#4419=EDGE_CURVE('NONE',#3853,#3854,#5313,.T.);
#4420=EDGE_CURVE('NONE',#3852,#3854,#1695,.T.);
#4421=EDGE_CURVE('NONE',#3853,#3851,#1696,.T.);
#4422=EDGE_CURVE('NONE',#3855,#3856,#5314,.T.);
#4423=EDGE_CURVE('NONE',#3854,#3856,#5315,.T.);
#4424=EDGE_CURVE('NONE',#3855,#3853,#5316,.T.);
#4425=EDGE_CURVE('NONE',#3857,#3858,#374,.T.);
#4426=EDGE_CURVE('NONE',#3856,#3857,#1697,.T.);
#4427=EDGE_CURVE('NONE',#3858,#3855,#1698,.T.);
#4428=EDGE_CURVE('NONE',#3859,#3860,#375,.T.);
#4429=EDGE_CURVE('NONE',#3861,#3859,#1699,.T.);
#4430=EDGE_CURVE('NONE',#3861,#3862,#5317,.T.);
#4431=EDGE_CURVE('NONE',#3860,#3862,#1700,.T.);
#4432=EDGE_CURVE('NONE',#3863,#3864,#5318,.T.);
#4433=EDGE_CURVE('NONE',#3862,#3864,#5319,.T.);
#4434=EDGE_CURVE('NONE',#3863,#3861,#5320,.T.);
#4435=EDGE_CURVE('NONE',#3865,#3866,#5321,.T.);
#4436=EDGE_CURVE('NONE',#3864,#3866,#1701,.T.);
#4437=EDGE_CURVE('NONE',#3865,#3863,#1702,.T.);
#4438=EDGE_CURVE('NONE',#3867,#3868,#5322,.T.);
#4439=EDGE_CURVE('NONE',#3866,#3868,#5323,.T.);
#4440=EDGE_CURVE('NONE',#3867,#3865,#5324,.T.);
#4441=EDGE_CURVE('NONE',#3869,#3870,#376,.T.);
#4442=EDGE_CURVE('NONE',#3868,#3869,#1703,.T.);
#4443=EDGE_CURVE('NONE',#3870,#3867,#1704,.T.);
#4444=EDGE_CURVE('NONE',#3871,#3872,#377,.T.);
#4445=EDGE_CURVE('NONE',#3873,#3871,#1705,.T.);
#4446=EDGE_CURVE('NONE',#3873,#3874,#5325,.T.);
#4447=EDGE_CURVE('NONE',#3872,#3874,#1706,.T.);
#4448=EDGE_CURVE('NONE',#3875,#3876,#5326,.T.);
#4449=EDGE_CURVE('NONE',#3874,#3876,#5327,.T.);
#4450=EDGE_CURVE('NONE',#3875,#3873,#5328,.T.);
#4451=EDGE_CURVE('NONE',#3877,#3878,#5329,.T.);
#4452=EDGE_CURVE('NONE',#3876,#3878,#1707,.T.);
#4453=EDGE_CURVE('NONE',#3877,#3875,#1708,.T.);
#4454=EDGE_CURVE('NONE',#3879,#3880,#5330,.T.);
#4455=EDGE_CURVE('NONE',#3878,#3880,#5331,.T.);
#4456=EDGE_CURVE('NONE',#3879,#3877,#5332,.T.);
#4457=EDGE_CURVE('NONE',#3881,#3882,#378,.T.);
#4458=EDGE_CURVE('NONE',#3880,#3881,#1709,.T.);
#4459=EDGE_CURVE('NONE',#3882,#3879,#1710,.T.);
#4460=EDGE_CURVE('NONE',#3883,#3884,#5333,.T.);
#4461=EDGE_CURVE('NONE',#3885,#3884,#1711,.T.);
#4462=EDGE_CURVE('NONE',#3886,#3885,#5334,.T.);
#4463=EDGE_CURVE('NONE',#3886,#3883,#1712,.T.);
#4464=EDGE_CURVE('NONE',#3887,#3884,#5335,.T.);
#4465=EDGE_CURVE('NONE',#3887,#3885,#5336,.T.);
#4466=EDGE_CURVE('NONE',#3888,#3889,#5337,.T.);
#4467=EDGE_CURVE('NONE',#3890,#3889,#1713,.T.);
#4468=EDGE_CURVE('NONE',#3891,#3890,#5338,.T.);
#4469=EDGE_CURVE('NONE',#3891,#3888,#1714,.T.);
#4470=EDGE_CURVE('NONE',#3892,#3889,#5339,.T.);
#4471=EDGE_CURVE('NONE',#3892,#3890,#5340,.T.);
#4472=EDGE_CURVE('NONE',#3893,#3894,#5341,.T.);
#4473=EDGE_CURVE('NONE',#3895,#3894,#1715,.T.);
#4474=EDGE_CURVE('NONE',#3896,#3895,#5342,.T.);
#4475=EDGE_CURVE('NONE',#3896,#3893,#1716,.T.);
#4476=EDGE_CURVE('NONE',#3897,#3894,#5343,.T.);
#4477=EDGE_CURVE('NONE',#3897,#3895,#5344,.T.);
#4478=EDGE_CURVE('NONE',#3898,#3899,#5345,.T.);
#4479=EDGE_CURVE('NONE',#3900,#3899,#1717,.T.);
#4480=EDGE_CURVE('NONE',#3901,#3900,#5346,.T.);
#4481=EDGE_CURVE('NONE',#3901,#3898,#1718,.T.);
#4482=EDGE_CURVE('NONE',#3902,#3899,#5347,.T.);
#4483=EDGE_CURVE('NONE',#3902,#3900,#5348,.T.);
#4484=EDGE_CURVE('NONE',#3903,#3904,#5349,.T.);
#4485=EDGE_CURVE('NONE',#3905,#3904,#1719,.T.);
#4486=EDGE_CURVE('NONE',#3906,#3905,#5350,.T.);
#4487=EDGE_CURVE('NONE',#3906,#3903,#1720,.T.);
#4488=EDGE_CURVE('NONE',#3907,#3904,#5351,.T.);
#4489=EDGE_CURVE('NONE',#3907,#3905,#5352,.T.);
#4490=EDGE_CURVE('NONE',#3908,#3909,#5353,.T.);
#4491=EDGE_CURVE('NONE',#3910,#3909,#1721,.T.);
#4492=EDGE_CURVE('NONE',#3911,#3910,#5354,.T.);
#4493=EDGE_CURVE('NONE',#3911,#3908,#1722,.T.);
#4494=EDGE_CURVE('NONE',#3912,#3909,#5355,.T.);
#4495=EDGE_CURVE('NONE',#3912,#3910,#5356,.T.);
#4496=EDGE_CURVE('NONE',#3913,#3914,#5357,.T.);
#4497=EDGE_CURVE('NONE',#3915,#3914,#1723,.T.);
#4498=EDGE_CURVE('NONE',#3916,#3915,#5358,.T.);
#4499=EDGE_CURVE('NONE',#3916,#3913,#1724,.T.);
#4500=EDGE_CURVE('NONE',#3917,#3914,#5359,.T.);
#4501=EDGE_CURVE('NONE',#3917,#3915,#5360,.T.);
#4502=EDGE_CURVE('NONE',#3918,#3919,#5361,.T.);
#4503=EDGE_CURVE('NONE',#3920,#3918,#1725,.T.);
#4504=EDGE_CURVE('NONE',#3920,#3921,#5362,.T.);
#4505=EDGE_CURVE('NONE',#3921,#3919,#1726,.T.);
#4506=EDGE_CURVE('NONE',#3918,#3922,#5363,.T.);
#4507=EDGE_CURVE('NONE',#3920,#3922,#5364,.T.);
#4508=EDGE_CURVE('NONE',#3923,#3924,#5365,.T.);
#4509=EDGE_CURVE('NONE',#3925,#3923,#1727,.T.);
#4510=EDGE_CURVE('NONE',#3925,#3926,#5366,.T.);
#4511=EDGE_CURVE('NONE',#3926,#3924,#1728,.T.);
#4512=EDGE_CURVE('NONE',#3923,#3927,#5367,.T.);
#4513=EDGE_CURVE('NONE',#3925,#3927,#5368,.T.);
#4514=EDGE_CURVE('NONE',#3928,#3929,#5369,.T.);
#4515=EDGE_CURVE('NONE',#3930,#3929,#1729,.T.);
#4516=EDGE_CURVE('NONE',#3931,#3930,#5370,.T.);
#4517=EDGE_CURVE('NONE',#3931,#3928,#1730,.T.);
#4518=EDGE_CURVE('NONE',#3932,#3929,#5371,.T.);
#4519=EDGE_CURVE('NONE',#3932,#3930,#5372,.T.);
#4520=EDGE_CURVE('NONE',#3933,#3934,#5373,.T.);
#4521=EDGE_CURVE('NONE',#3935,#3934,#5374,.T.);
#4522=EDGE_CURVE('NONE',#3935,#3936,#5375,.T.);
#4523=EDGE_CURVE('NONE',#3933,#3936,#5376,.T.);
#4524=EDGE_CURVE('NONE',#3937,#3938,#5377,.T.);
#4525=EDGE_CURVE('NONE',#3936,#3938,#1731,.T.);
#4526=EDGE_CURVE('NONE',#3937,#3935,#1732,.T.);
#4527=EDGE_CURVE('NONE',#3939,#3940,#5378,.T.);
#4528=EDGE_CURVE('NONE',#3934,#3940,#1733,.T.);
#4529=EDGE_CURVE('NONE',#3939,#3933,#1734,.T.);
#4530=EDGE_CURVE('NONE',#3941,#3942,#5379,.T.);
#4531=EDGE_CURVE('NONE',#3938,#3942,#1735,.T.);
#4532=EDGE_CURVE('NONE',#3941,#3937,#1736,.T.);
#4533=EDGE_CURVE('NONE',#3943,#3944,#5380,.T.);
#4534=EDGE_CURVE('NONE',#3940,#3944,#5381,.T.);
#4535=EDGE_CURVE('NONE',#3943,#3939,#5382,.T.);
#4536=EDGE_CURVE('NONE',#3945,#3946,#5383,.T.);
#4537=EDGE_CURVE('NONE',#3942,#3946,#1737,.T.);
#4538=EDGE_CURVE('NONE',#3945,#3941,#1738,.T.);
#4539=EDGE_CURVE('NONE',#3947,#3948,#5384,.T.);
#4540=EDGE_CURVE('NONE',#3944,#3948,#1739,.T.);
#4541=EDGE_CURVE('NONE',#3947,#3943,#1740,.T.);
#4542=EDGE_CURVE('NONE',#3949,#3950,#5385,.T.);
#4543=EDGE_CURVE('NONE',#3946,#3950,#5386,.T.);
#4544=EDGE_CURVE('NONE',#3949,#3945,#5387,.T.);
#4545=EDGE_CURVE('NONE',#3951,#3952,#5388,.T.);
#4546=EDGE_CURVE('NONE',#3948,#3952,#5389,.T.);
#4547=EDGE_CURVE('NONE',#3951,#3947,#5390,.T.);
#4548=EDGE_CURVE('NONE',#3953,#3954,#5391,.T.);
#4549=EDGE_CURVE('NONE',#3950,#3954,#1741,.T.);
#4550=EDGE_CURVE('NONE',#3953,#3949,#1742,.T.);
#4551=EDGE_CURVE('NONE',#3955,#3956,#5392,.T.);
#4552=EDGE_CURVE('NONE',#3952,#3956,#1743,.T.);
#4553=EDGE_CURVE('NONE',#3955,#3951,#1744,.T.);
#4554=EDGE_CURVE('NONE',#3956,#3953,#1745,.T.);
#4555=EDGE_CURVE('NONE',#3954,#3955,#1746,.T.);
#4556=EDGE_CURVE('NONE',#3944,#3957,#5393,.T.);
#4557=EDGE_CURVE('NONE',#3958,#3948,#5394,.T.);
#4558=EDGE_CURVE('NONE',#3957,#3958,#1747,.T.);
#4559=EDGE_CURVE('NONE',#3934,#3959,#5395,.T.);
#4560=EDGE_CURVE('NONE',#3960,#3940,#5396,.T.);
#4561=EDGE_CURVE('NONE',#3959,#3960,#1748,.T.);
#4562=EDGE_CURVE('NONE',#3937,#3961,#5397,.T.);
#4563=EDGE_CURVE('NONE',#3962,#3935,#5398,.T.);
#4564=EDGE_CURVE('NONE',#3961,#3962,#1749,.T.);
#4565=EDGE_CURVE('NONE',#3945,#3963,#5399,.T.);
#4566=EDGE_CURVE('NONE',#3964,#3941,#5400,.T.);
#4567=EDGE_CURVE('NONE',#3963,#3964,#1750,.T.);
#4568=EDGE_CURVE('NONE',#3953,#3965,#5401,.T.);
#4569=EDGE_CURVE('NONE',#3966,#3949,#5402,.T.);
#4570=EDGE_CURVE('NONE',#3965,#3966,#1751,.T.);
#4571=EDGE_CURVE('NONE',#3952,#3967,#5403,.T.);
#4572=EDGE_CURVE('NONE',#3968,#3956,#5404,.T.);
#4573=EDGE_CURVE('NONE',#3967,#3968,#1752,.T.);
#4574=EDGE_CURVE('NONE',#3893,#3896,#1753,.T.);
#4575=EDGE_CURVE('NONE',#3888,#3891,#1754,.T.);
#4576=EDGE_CURVE('NONE',#3883,#3886,#1755,.T.);
#4577=EDGE_CURVE('NONE',#3965,#3968,#1756,.T.);
#4578=EDGE_CURVE('NONE',#3963,#3966,#5405,.T.);
#4579=EDGE_CURVE('NONE',#3961,#3964,#1757,.T.);
#4580=EDGE_CURVE('NONE',#3959,#3962,#5406,.T.);
#4581=EDGE_CURVE('NONE',#3957,#3960,#5407,.T.);
#4582=EDGE_CURVE('NONE',#3967,#3958,#5408,.T.);
#4583=EDGE_CURVE('NONE',#3969,#3970,#56,.T.);
#4584=EDGE_CURVE('NONE',#3971,#3969,#5409,.T.);
#4585=EDGE_CURVE('NONE',#3972,#3971,#1758,.T.);
#4586=EDGE_CURVE('NONE',#3973,#3972,#5410,.T.);
#4587=EDGE_CURVE('NONE',#3970,#3973,#57,.T.);
#4588=EDGE_CURVE('NONE',#3974,#3975,#58,.T.);
#4589=EDGE_CURVE('NONE',#3976,#3974,#5411,.T.);
#4590=EDGE_CURVE('NONE',#3977,#3976,#1759,.T.);
#4591=EDGE_CURVE('NONE',#3978,#3977,#5412,.T.);
#4592=EDGE_CURVE('NONE',#3975,#3978,#59,.T.);
#4593=EDGE_CURVE('NONE',#3979,#3980,#60,.T.);
#4594=EDGE_CURVE('NONE',#3981,#3979,#5413,.T.);
#4595=EDGE_CURVE('NONE',#3982,#3981,#1760,.T.);
#4596=EDGE_CURVE('NONE',#3983,#3982,#5414,.T.);
#4597=EDGE_CURVE('NONE',#3980,#3983,#61,.T.);
#4598=EDGE_CURVE('NONE',#3984,#3985,#62,.T.);
#4599=EDGE_CURVE('NONE',#3986,#3984,#5415,.T.);
#4600=EDGE_CURVE('NONE',#3987,#3986,#1761,.T.);
#4601=EDGE_CURVE('NONE',#3988,#3987,#5416,.T.);
#4602=EDGE_CURVE('NONE',#3985,#3988,#63,.T.);
#4603=EDGE_CURVE('NONE',#3989,#3990,#64,.T.);
#4604=EDGE_CURVE('NONE',#3991,#3989,#5417,.T.);
#4605=EDGE_CURVE('NONE',#3992,#3991,#1762,.T.);
#4606=EDGE_CURVE('NONE',#3993,#3992,#5418,.T.);
#4607=EDGE_CURVE('NONE',#3990,#3993,#65,.T.);
#4608=EDGE_CURVE('NONE',#3994,#3995,#66,.T.);
#4609=EDGE_CURVE('NONE',#3996,#3994,#5419,.T.);
#4610=EDGE_CURVE('NONE',#3997,#3996,#1763,.T.);
#4611=EDGE_CURVE('NONE',#3998,#3997,#5420,.T.);
#4612=EDGE_CURVE('NONE',#3995,#3998,#67,.T.);
#4613=EDGE_CURVE('NONE',#3999,#4000,#5421,.T.);
#4614=EDGE_CURVE('NONE',#4001,#4000,#1764,.T.);
#4615=EDGE_CURVE('NONE',#4002,#4001,#5422,.T.);
#4616=EDGE_CURVE('NONE',#3999,#4002,#1765,.T.);
#4617=EDGE_CURVE('NONE',#3994,#3993,#5423,.T.);
#4618=EDGE_CURVE('NONE',#3995,#4003,#5424,.T.);
#4619=EDGE_CURVE('NONE',#4004,#4003,#5425,.T.);
#4620=EDGE_CURVE('NONE',#4004,#3990,#5426,.T.);
#4621=EDGE_CURVE('NONE',#3969,#3998,#5427,.T.);
#4622=EDGE_CURVE('NONE',#3970,#4005,#5428,.T.);
#4623=EDGE_CURVE('NONE',#4003,#4005,#5429,.T.);
#4624=EDGE_CURVE('NONE',#3989,#3988,#5430,.T.);
#4625=EDGE_CURVE('NONE',#4006,#4004,#5431,.T.);
#4626=EDGE_CURVE('NONE',#4006,#3985,#5432,.T.);
#4627=EDGE_CURVE('NONE',#3974,#3973,#5433,.T.);
#4628=EDGE_CURVE('NONE',#3975,#4007,#5434,.T.);
#4629=EDGE_CURVE('NONE',#4005,#4007,#5435,.T.);
#4630=EDGE_CURVE('NONE',#3984,#3983,#5436,.T.);
#4631=EDGE_CURVE('NONE',#4008,#4006,#5437,.T.);
#4632=EDGE_CURVE('NONE',#4008,#3980,#5438,.T.);
#4633=EDGE_CURVE('NONE',#3979,#3978,#5439,.T.);
#4634=EDGE_CURVE('NONE',#4007,#4008,#5440,.T.);
#4635=EDGE_CURVE('NONE',#4009,#4010,#5441,.T.);
#4636=EDGE_CURVE('NONE',#4011,#4010,#5442,.T.);
#4637=EDGE_CURVE('NONE',#4011,#4012,#5443,.T.);
#4638=EDGE_CURVE('NONE',#4009,#4012,#5444,.T.);
#4639=EDGE_CURVE('NONE',#4013,#4014,#5445,.T.);
#4640=EDGE_CURVE('NONE',#4012,#4014,#1766,.T.);
#4641=EDGE_CURVE('NONE',#4013,#4011,#1767,.T.);
#4642=EDGE_CURVE('NONE',#4015,#4016,#5446,.T.);
#4643=EDGE_CURVE('NONE',#4010,#4016,#1768,.T.);
#4644=EDGE_CURVE('NONE',#4015,#4009,#1769,.T.);
#4645=EDGE_CURVE('NONE',#4017,#4018,#5447,.T.);
#4646=EDGE_CURVE('NONE',#4014,#4018,#5448,.T.);
#4647=EDGE_CURVE('NONE',#4017,#4013,#5449,.T.);
#4648=EDGE_CURVE('NONE',#4019,#4020,#5450,.T.);
#4649=EDGE_CURVE('NONE',#4016,#4020,#5451,.T.);
#4650=EDGE_CURVE('NONE',#4019,#4015,#5452,.T.);
#4651=EDGE_CURVE('NONE',#4021,#4022,#5453,.T.);
#4652=EDGE_CURVE('NONE',#4018,#4022,#1770,.T.);
#4653=EDGE_CURVE('NONE',#4021,#4017,#1771,.T.);
#4654=EDGE_CURVE('NONE',#4023,#4024,#5454,.T.);
#4655=EDGE_CURVE('NONE',#4020,#4024,#1772,.T.);
#4656=EDGE_CURVE('NONE',#4023,#4019,#1773,.T.);
#4657=EDGE_CURVE('NONE',#4024,#4021,#5455,.T.);
#4658=EDGE_CURVE('NONE',#4022,#4023,#5456,.T.);
#4659=EDGE_CURVE('NONE',#4025,#4026,#5457,.T.);
#4660=EDGE_CURVE('NONE',#4027,#4026,#5458,.T.);
#4661=EDGE_CURVE('NONE',#4027,#4028,#5459,.T.);
#4662=EDGE_CURVE('NONE',#4025,#4028,#5460,.T.);
#4663=EDGE_CURVE('NONE',#4029,#4030,#5461,.T.);
#4664=EDGE_CURVE('NONE',#4028,#4030,#1774,.T.);
#4665=EDGE_CURVE('NONE',#4029,#4027,#1775,.T.);
#4666=EDGE_CURVE('NONE',#4031,#4032,#5462,.T.);
#4667=EDGE_CURVE('NONE',#4026,#4032,#1776,.T.);
#4668=EDGE_CURVE('NONE',#4031,#4025,#1777,.T.);
#4669=EDGE_CURVE('NONE',#4033,#4034,#5463,.T.);
#4670=EDGE_CURVE('NONE',#4030,#4034,#5464,.T.);
#4671=EDGE_CURVE('NONE',#4033,#4029,#5465,.T.);
#4672=EDGE_CURVE('NONE',#4035,#4036,#5466,.T.);
#4673=EDGE_CURVE('NONE',#4032,#4036,#5467,.T.);
#4674=EDGE_CURVE('NONE',#4035,#4031,#5468,.T.);
#4675=EDGE_CURVE('NONE',#4037,#4038,#5469,.T.);
#4676=EDGE_CURVE('NONE',#4034,#4038,#1778,.T.);
#4677=EDGE_CURVE('NONE',#4037,#4033,#1779,.T.);
#4678=EDGE_CURVE('NONE',#4039,#4040,#5470,.T.);
#4679=EDGE_CURVE('NONE',#4036,#4040,#1780,.T.);
#4680=EDGE_CURVE('NONE',#4039,#4035,#1781,.T.);
#4681=EDGE_CURVE('NONE',#4041,#4042,#5471,.T.);
#4682=EDGE_CURVE('NONE',#4038,#4042,#5472,.T.);
#4683=EDGE_CURVE('NONE',#4041,#4037,#5473,.T.);
#4684=EDGE_CURVE('NONE',#4043,#4044,#5474,.T.);
#4685=EDGE_CURVE('NONE',#4040,#4044,#5475,.T.);
#4686=EDGE_CURVE('NONE',#4043,#4039,#5476,.T.);
#4687=EDGE_CURVE('NONE',#4045,#4046,#5477,.T.);
#4688=EDGE_CURVE('NONE',#4042,#4046,#1782,.T.);
#4689=EDGE_CURVE('NONE',#4045,#4041,#1783,.T.);
#4690=EDGE_CURVE('NONE',#4047,#4048,#5478,.T.);
#4691=EDGE_CURVE('NONE',#4044,#4048,#1784,.T.);
#4692=EDGE_CURVE('NONE',#4047,#4043,#1785,.T.);
#4693=EDGE_CURVE('NONE',#4049,#4050,#5479,.T.);
#4694=EDGE_CURVE('NONE',#4046,#4050,#5480,.T.);
#4695=EDGE_CURVE('NONE',#4049,#4045,#5481,.T.);
#4696=EDGE_CURVE('NONE',#4051,#4052,#5482,.T.);
#4697=EDGE_CURVE('NONE',#4048,#4052,#5483,.T.);
#4698=EDGE_CURVE('NONE',#4051,#4047,#5484,.T.);
#4699=EDGE_CURVE('NONE',#4053,#4054,#5485,.T.);
#4700=EDGE_CURVE('NONE',#4050,#4054,#1786,.T.);
#4701=EDGE_CURVE('NONE',#4053,#4049,#1787,.T.);
#4702=EDGE_CURVE('NONE',#4055,#4056,#5486,.T.);
#4703=EDGE_CURVE('NONE',#4052,#4056,#1788,.T.);
#4704=EDGE_CURVE('NONE',#4055,#4051,#1789,.T.);
#4705=EDGE_CURVE('NONE',#4056,#4053,#5487,.T.);
#4706=EDGE_CURVE('NONE',#4054,#4055,#5488,.T.);
#4707=EDGE_CURVE('NONE',#4057,#4058,#5489,.T.);
#4708=EDGE_CURVE('NONE',#4059,#4058,#5490,.T.);
#4709=EDGE_CURVE('NONE',#4059,#4060,#5491,.T.);
#4710=EDGE_CURVE('NONE',#4057,#4060,#5492,.T.);
#4711=EDGE_CURVE('NONE',#4061,#4062,#5493,.T.);
#4712=EDGE_CURVE('NONE',#4060,#4062,#1790,.T.);
#4713=EDGE_CURVE('NONE',#4061,#4059,#1791,.T.);
#4714=EDGE_CURVE('NONE',#4063,#4064,#5494,.T.);
#4715=EDGE_CURVE('NONE',#4058,#4064,#1792,.T.);
#4716=EDGE_CURVE('NONE',#4063,#4057,#1793,.T.);
#4717=EDGE_CURVE('NONE',#4065,#4066,#5495,.T.);
#4718=EDGE_CURVE('NONE',#4062,#4066,#5496,.T.);
#4719=EDGE_CURVE('NONE',#4065,#4061,#5497,.T.);
#4720=EDGE_CURVE('NONE',#4067,#4068,#5498,.T.);
#4721=EDGE_CURVE('NONE',#4064,#4068,#5499,.T.);
#4722=EDGE_CURVE('NONE',#4067,#4063,#5500,.T.);
#4723=EDGE_CURVE('NONE',#4069,#4070,#5501,.T.);
#4724=EDGE_CURVE('NONE',#4066,#4070,#1794,.T.);
#4725=EDGE_CURVE('NONE',#4069,#4065,#1795,.T.);
#4726=EDGE_CURVE('NONE',#4071,#4072,#5502,.T.);
#4727=EDGE_CURVE('NONE',#4068,#4072,#1796,.T.);
#4728=EDGE_CURVE('NONE',#4071,#4067,#1797,.T.);
#4729=EDGE_CURVE('NONE',#4072,#4069,#5503,.T.);
#4730=EDGE_CURVE('NONE',#4070,#4071,#5504,.T.);
#4731=EDGE_CURVE('NONE',#4073,#4074,#5505,.T.);
#4732=EDGE_CURVE('NONE',#4075,#4074,#5506,.T.);
#4733=EDGE_CURVE('NONE',#4075,#4076,#5507,.T.);
#4734=EDGE_CURVE('NONE',#4073,#4076,#5508,.T.);
#4735=EDGE_CURVE('NONE',#4077,#4078,#5509,.T.);
#4736=EDGE_CURVE('NONE',#4076,#4078,#1798,.T.);
#4737=EDGE_CURVE('NONE',#4077,#4075,#1799,.T.);
#4738=EDGE_CURVE('NONE',#4079,#4080,#5510,.T.);
#4739=EDGE_CURVE('NONE',#4074,#4080,#1800,.T.);
#4740=EDGE_CURVE('NONE',#4079,#4073,#1801,.T.);
#4741=EDGE_CURVE('NONE',#4081,#4082,#5511,.T.);
#4742=EDGE_CURVE('NONE',#4078,#4082,#1802,.T.);
#4743=EDGE_CURVE('NONE',#4081,#4077,#1803,.T.);
#4744=EDGE_CURVE('NONE',#4083,#4084,#5512,.T.);
#4745=EDGE_CURVE('NONE',#4080,#4084,#5513,.T.);
#4746=EDGE_CURVE('NONE',#4083,#4079,#5514,.T.);
#4747=EDGE_CURVE('NONE',#4085,#4086,#5515,.T.);
#4748=EDGE_CURVE('NONE',#4082,#4086,#5516,.T.);
#4749=EDGE_CURVE('NONE',#4085,#4081,#5517,.T.);
#4750=EDGE_CURVE('NONE',#4087,#4088,#5518,.T.);
#4751=EDGE_CURVE('NONE',#4084,#4088,#1804,.T.);
#4752=EDGE_CURVE('NONE',#4087,#4083,#1805,.T.);
#4753=EDGE_CURVE('NONE',#4089,#4090,#5519,.T.);
#4754=EDGE_CURVE('NONE',#4086,#4090,#1806,.T.);
#4755=EDGE_CURVE('NONE',#4089,#4085,#1807,.T.);
#4756=EDGE_CURVE('NONE',#4091,#4092,#5520,.T.);
#4757=EDGE_CURVE('NONE',#4088,#4092,#1808,.T.);
#4758=EDGE_CURVE('NONE',#4091,#4087,#1809,.T.);
#4759=EDGE_CURVE('NONE',#4093,#4094,#5521,.T.);
#4760=EDGE_CURVE('NONE',#4090,#4094,#5522,.T.);
#4761=EDGE_CURVE('NONE',#4093,#4089,#5523,.T.);
#4762=EDGE_CURVE('NONE',#4095,#4096,#5524,.T.);
#4763=EDGE_CURVE('NONE',#4092,#4096,#5525,.T.);
#4764=EDGE_CURVE('NONE',#4095,#4091,#5526,.T.);
#4765=EDGE_CURVE('NONE',#4097,#4098,#5527,.T.);
#4766=EDGE_CURVE('NONE',#4094,#4098,#1810,.T.);
#4767=EDGE_CURVE('NONE',#4097,#4093,#1811,.T.);
#4768=EDGE_CURVE('NONE',#4099,#4100,#5528,.T.);
#4769=EDGE_CURVE('NONE',#4096,#4100,#1812,.T.);
#4770=EDGE_CURVE('NONE',#4099,#4095,#1813,.T.);
#4771=EDGE_CURVE('NONE',#4101,#4102,#5529,.T.);
#4772=EDGE_CURVE('NONE',#4098,#4102,#1814,.T.);
#4773=EDGE_CURVE('NONE',#4101,#4097,#1815,.T.);
#4774=EDGE_CURVE('NONE',#4103,#4104,#5530,.T.);
#4775=EDGE_CURVE('NONE',#4100,#4104,#5531,.T.);
#4776=EDGE_CURVE('NONE',#4103,#4099,#5532,.T.);
#4777=EDGE_CURVE('NONE',#4105,#4106,#5533,.T.);
#4778=EDGE_CURVE('NONE',#4102,#4106,#5534,.T.);
#4779=EDGE_CURVE('NONE',#4105,#4101,#5535,.T.);
#4780=EDGE_CURVE('NONE',#4107,#4108,#5536,.T.);
#4781=EDGE_CURVE('NONE',#4104,#4108,#1816,.T.);
#4782=EDGE_CURVE('NONE',#4107,#4103,#1817,.T.);
#4783=EDGE_CURVE('NONE',#4109,#4110,#5537,.T.);
#4784=EDGE_CURVE('NONE',#4106,#4110,#1818,.T.);
#4785=EDGE_CURVE('NONE',#4109,#4105,#1819,.T.);
#4786=EDGE_CURVE('NONE',#4111,#4112,#5538,.T.);
#4787=EDGE_CURVE('NONE',#4108,#4112,#1820,.T.);
#4788=EDGE_CURVE('NONE',#4111,#4107,#1821,.T.);
#4789=EDGE_CURVE('NONE',#4112,#4109,#5539,.T.);
#4790=EDGE_CURVE('NONE',#4110,#4111,#5540,.T.);
#4791=EDGE_CURVE('NONE',#4113,#4114,#5541,.T.);
#4792=EDGE_CURVE('NONE',#4115,#4114,#5542,.T.);
#4793=EDGE_CURVE('NONE',#4116,#4115,#68,.T.);
#4794=EDGE_CURVE('NONE',#4113,#4116,#5543,.T.);
#4795=EDGE_CURVE('NONE',#4117,#4118,#5544,.T.);
#4796=EDGE_CURVE('NONE',#4114,#4118,#1822,.T.);
#4797=EDGE_CURVE('NONE',#4117,#4113,#1823,.T.);
#4798=EDGE_CURVE('NONE',#4119,#4120,#5545,.T.);
#4799=EDGE_CURVE('NONE',#4118,#4120,#1824,.T.);
#4800=EDGE_CURVE('NONE',#4119,#4117,#1825,.T.);
#4801=EDGE_CURVE('NONE',#4121,#4122,#5546,.T.);
#4802=EDGE_CURVE('NONE',#4120,#4122,#1826,.T.);
#4803=EDGE_CURVE('NONE',#4121,#4119,#1827,.T.);
#4804=EDGE_CURVE('NONE',#4123,#4124,#5547,.T.);
#4805=EDGE_CURVE('NONE',#4122,#4124,#5548,.T.);
#4806=EDGE_CURVE('NONE',#4123,#4121,#5549,.T.);
#4807=EDGE_CURVE('NONE',#4125,#4126,#5550,.T.);
#4808=EDGE_CURVE('NONE',#4124,#4126,#1828,.T.);
#4809=EDGE_CURVE('NONE',#4125,#4123,#1829,.T.);
#4810=EDGE_CURVE('NONE',#4127,#4128,#5551,.T.);
#4811=EDGE_CURVE('NONE',#4126,#4128,#5552,.T.);
#4812=EDGE_CURVE('NONE',#4127,#4125,#5553,.T.);
#4813=EDGE_CURVE('NONE',#4129,#4130,#5554,.T.);
#4814=EDGE_CURVE('NONE',#4128,#4130,#1830,.T.);
#4815=EDGE_CURVE('NONE',#4129,#4127,#1831,.T.);
#4816=EDGE_CURVE('NONE',#4131,#4132,#5555,.T.);
#4817=EDGE_CURVE('NONE',#4130,#4132,#5556,.T.);
#4818=EDGE_CURVE('NONE',#4131,#4129,#5557,.T.);
#4819=EDGE_CURVE('NONE',#4133,#4134,#5558,.T.);
#4820=EDGE_CURVE('NONE',#4132,#4134,#1832,.T.);
#4821=EDGE_CURVE('NONE',#4133,#4131,#1833,.T.);
#4822=EDGE_CURVE('NONE',#4135,#4136,#5559,.T.);
#4823=EDGE_CURVE('NONE',#4134,#4136,#1834,.T.);
#4824=EDGE_CURVE('NONE',#4135,#4133,#1835,.T.);
#4825=EDGE_CURVE('NONE',#4137,#4138,#5560,.T.);
#4826=EDGE_CURVE('NONE',#4136,#4138,#1836,.T.);
#4827=EDGE_CURVE('NONE',#4137,#4135,#1837,.T.);
#4828=EDGE_CURVE('NONE',#4139,#4140,#69,.T.);
#4829=EDGE_CURVE('NONE',#4138,#4139,#5561,.T.);
#4830=EDGE_CURVE('NONE',#4140,#4137,#5562,.T.);
#4831=EDGE_CURVE('NONE',#4141,#4142,#1838,.T.);
#4832=EDGE_CURVE('NONE',#4143,#4141,#1839,.T.);
#4833=EDGE_CURVE('NONE',#4143,#4144,#1840,.T.);
#4834=EDGE_CURVE('NONE',#4142,#4144,#1841,.T.);
#4835=EDGE_CURVE('NONE',#4145,#4146,#1842,.T.);
#4836=EDGE_CURVE('NONE',#4144,#4146,#5563,.T.);
#4837=EDGE_CURVE('NONE',#4145,#4143,#5564,.T.);
#4838=EDGE_CURVE('NONE',#4147,#4148,#1843,.T.);
#4839=EDGE_CURVE('NONE',#4149,#4148,#5565,.T.);
#4840=EDGE_CURVE('NONE',#4150,#4149,#1844,.T.);
#4841=EDGE_CURVE('NONE',#4147,#4150,#5566,.T.);
#4842=EDGE_CURVE('NONE',#4148,#4145,#1845,.T.);
#4843=EDGE_CURVE('NONE',#4146,#4147,#1846,.T.);
#4844=EDGE_CURVE('NONE',#4151,#4152,#1847,.T.);
#4845=EDGE_CURVE('NONE',#4153,#4151,#1848,.T.);
#4846=EDGE_CURVE('NONE',#4153,#4154,#1849,.T.);
#4847=EDGE_CURVE('NONE',#4152,#4154,#1850,.T.);
#4848=EDGE_CURVE('NONE',#4155,#4156,#1851,.T.);
#4849=EDGE_CURVE('NONE',#4154,#4156,#5567,.T.);
#4850=EDGE_CURVE('NONE',#4155,#4153,#5568,.T.);
#4851=EDGE_CURVE('NONE',#4157,#4158,#1852,.T.);
#4852=EDGE_CURVE('NONE',#4159,#4158,#5569,.T.);
#4853=EDGE_CURVE('NONE',#4160,#4159,#1853,.T.);
#4854=EDGE_CURVE('NONE',#4157,#4160,#5570,.T.);
#4855=EDGE_CURVE('NONE',#4158,#4155,#1854,.T.);
#4856=EDGE_CURVE('NONE',#4156,#4157,#1855,.T.);
#4857=EDGE_CURVE('NONE',#4161,#4162,#1856,.T.);
#4858=EDGE_CURVE('NONE',#4163,#4161,#379,.T.);
#4859=EDGE_CURVE('NONE',#4163,#4164,#1857,.T.);
#4860=EDGE_CURVE('NONE',#4162,#4164,#70,.T.);
#4861=EDGE_CURVE('NONE',#4165,#4166,#1858,.T.);
#4862=EDGE_CURVE('NONE',#4164,#4166,#5571,.T.);
#4863=EDGE_CURVE('NONE',#4165,#4163,#5572,.T.);
#4864=EDGE_CURVE('NONE',#4167,#4168,#1859,.T.);
#4865=EDGE_CURVE('NONE',#4169,#4168,#5573,.T.);
#4866=EDGE_CURVE('NONE',#4170,#4169,#1860,.T.);
#4867=EDGE_CURVE('NONE',#4167,#4170,#5574,.T.);
#4868=EDGE_CURVE('NONE',#4171,#4172,#1861,.T.);
#4869=EDGE_CURVE('NONE',#4173,#4171,#380,.T.);
#4870=EDGE_CURVE('NONE',#4173,#4174,#1862,.T.);
#4871=EDGE_CURVE('NONE',#4172,#4174,#71,.T.);
#4872=EDGE_CURVE('NONE',#4175,#4176,#1863,.T.);
#4873=EDGE_CURVE('NONE',#4168,#4175,#381,.T.);
#4874=EDGE_CURVE('NONE',#4176,#4167,#72,.T.);
#4875=EDGE_CURVE('NONE',#4177,#4178,#1864,.T.);
#4876=EDGE_CURVE('NONE',#4174,#4178,#5575,.T.);
#4877=EDGE_CURVE('NONE',#4177,#4173,#5576,.T.);
#4878=EDGE_CURVE('NONE',#4179,#4180,#1865,.T.);
#4879=EDGE_CURVE('NONE',#4181,#4180,#5577,.T.);
#4880=EDGE_CURVE('NONE',#4182,#4181,#1866,.T.);
#4881=EDGE_CURVE('NONE',#4179,#4182,#5578,.T.);
#4882=EDGE_CURVE('NONE',#4183,#4184,#1867,.T.);
#4883=EDGE_CURVE('NONE',#4185,#4183,#382,.T.);
#4884=EDGE_CURVE('NONE',#4185,#4186,#1868,.T.);
#4885=EDGE_CURVE('NONE',#4184,#4186,#73,.T.);
#4886=EDGE_CURVE('NONE',#4187,#4188,#1869,.T.);
#4887=EDGE_CURVE('NONE',#4180,#4187,#383,.T.);
#4888=EDGE_CURVE('NONE',#4188,#4179,#74,.T.);
#4889=EDGE_CURVE('NONE',#4189,#4190,#1870,.T.);
#4890=EDGE_CURVE('NONE',#4186,#4190,#5579,.T.);
#4891=EDGE_CURVE('NONE',#4189,#4185,#5580,.T.);
#4892=EDGE_CURVE('NONE',#4191,#4192,#1871,.T.);
#4893=EDGE_CURVE('NONE',#4193,#4192,#5581,.T.);
#4894=EDGE_CURVE('NONE',#4194,#4193,#1872,.T.);
#4895=EDGE_CURVE('NONE',#4191,#4194,#5582,.T.);
#4896=EDGE_CURVE('NONE',#4195,#4196,#1873,.T.);
#4897=EDGE_CURVE('NONE',#4192,#4195,#384,.T.);
#4898=EDGE_CURVE('NONE',#4196,#4191,#75,.T.);
#4899=EDGE_CURVE('NONE',#4183,#4197,#5583,.T.);
#4900=EDGE_CURVE('NONE',#4183,#4177,#385,.T.);
#4901=EDGE_CURVE('NONE',#4198,#4177,#5584,.T.);
#4902=EDGE_CURVE('NONE',#4197,#4198,#76,.T.);
#4903=EDGE_CURVE('NONE',#4180,#4199,#5585,.T.);
#4904=EDGE_CURVE('NONE',#4187,#4193,#386,.T.);
#4905=EDGE_CURVE('NONE',#4200,#4193,#5586,.T.);
#4906=EDGE_CURVE('NONE',#4199,#4200,#77,.T.);
#4907=EDGE_CURVE('NONE',#4192,#4201,#5587,.T.);
#4908=EDGE_CURVE('NONE',#4195,#4189,#387,.T.);
#4909=EDGE_CURVE('NONE',#4202,#4189,#5588,.T.);
#4910=EDGE_CURVE('NONE',#4201,#4202,#78,.T.);
#4911=EDGE_CURVE('NONE',#4173,#4203,#5589,.T.);
#4912=EDGE_CURVE('NONE',#4171,#4165,#388,.T.);
#4913=EDGE_CURVE('NONE',#4204,#4165,#5590,.T.);
#4914=EDGE_CURVE('NONE',#4203,#4204,#79,.T.);
#4915=EDGE_CURVE('NONE',#4163,#4205,#5591,.T.);
#4916=EDGE_CURVE('NONE',#4161,#4169,#389,.T.);
#4917=EDGE_CURVE('NONE',#4206,#4169,#5592,.T.);
#4918=EDGE_CURVE('NONE',#4205,#4206,#80,.T.);
#4919=EDGE_CURVE('NONE',#4168,#4207,#5593,.T.);
#4920=EDGE_CURVE('NONE',#4175,#4181,#390,.T.);
#4921=EDGE_CURVE('NONE',#4208,#4181,#5594,.T.);
#4922=EDGE_CURVE('NONE',#4207,#4208,#81,.T.);
#4923=EDGE_CURVE('NONE',#4170,#4162,#82,.T.);
#4924=EDGE_CURVE('NONE',#4166,#4172,#83,.T.);
#4925=EDGE_CURVE('NONE',#4178,#4184,#84,.T.);
#4926=EDGE_CURVE('NONE',#4190,#4196,#85,.T.);
#4927=EDGE_CURVE('NONE',#4194,#4188,#86,.T.);
#4928=EDGE_CURVE('NONE',#4182,#4176,#87,.T.);
#4929=EDGE_CURVE('NONE',#4185,#4209,#5595,.T.);
#4930=EDGE_CURVE('NONE',#4209,#4202,#5596,.T.);
#4931=EDGE_CURVE('NONE',#4203,#4198,#5597,.T.);
#4932=EDGE_CURVE('NONE',#4205,#4204,#5598,.T.);
#4933=EDGE_CURVE('NONE',#4207,#4206,#5599,.T.);
#4934=EDGE_CURVE('NONE',#4199,#4208,#5600,.T.);
#4935=EDGE_CURVE('NONE',#4201,#4200,#5601,.T.);
#4936=EDGE_CURVE('NONE',#4160,#4152,#1874,.T.);
#4937=EDGE_CURVE('NONE',#3913,#3916,#1875,.T.);
#4938=EDGE_CURVE('NONE',#3908,#3911,#1876,.T.);
#4939=EDGE_CURVE('NONE',#4155,#4210,#5602,.T.);
#4940=EDGE_CURVE('NONE',#4153,#4211,#5603,.T.);
#4941=EDGE_CURVE('NONE',#4211,#4210,#5604,.T.);
#4942=EDGE_CURVE('NONE',#4151,#4212,#5605,.T.);
#4943=EDGE_CURVE('NONE',#4151,#4159,#1877,.T.);
#4944=EDGE_CURVE('NONE',#4159,#4213,#5606,.T.);
#4945=EDGE_CURVE('NONE',#4213,#4212,#1878,.T.);
#4946=EDGE_CURVE('NONE',#4158,#4214,#5607,.T.);
#4947=EDGE_CURVE('NONE',#4214,#4213,#5608,.T.);
#4948=EDGE_CURVE('NONE',#4210,#4214,#1879,.T.);
#4949=EDGE_CURVE('NONE',#4150,#4142,#1880,.T.);
#4950=EDGE_CURVE('NONE',#3903,#3906,#1881,.T.);
#4951=EDGE_CURVE('NONE',#3898,#3901,#1882,.T.);
#4952=EDGE_CURVE('NONE',#4145,#4215,#5609,.T.);
#4953=EDGE_CURVE('NONE',#4143,#4216,#5610,.T.);
#4954=EDGE_CURVE('NONE',#4216,#4215,#5611,.T.);
#4955=EDGE_CURVE('NONE',#4141,#4217,#5612,.T.);
#4956=EDGE_CURVE('NONE',#4141,#4149,#1883,.T.);
#4957=EDGE_CURVE('NONE',#4149,#4218,#5613,.T.);
#4958=EDGE_CURVE('NONE',#4218,#4217,#1884,.T.);
#4959=EDGE_CURVE('NONE',#4148,#4219,#5614,.T.);
#4960=EDGE_CURVE('NONE',#4219,#4218,#5615,.T.);
#4961=EDGE_CURVE('NONE',#4215,#4219,#1885,.T.);
#4962=EDGE_CURVE('NONE',#4220,#4221,#1886,.T.);
#4963=EDGE_CURVE('NONE',#4222,#4221,#391,.T.);
#4964=EDGE_CURVE('NONE',#4222,#4223,#1887,.T.);
#4965=EDGE_CURVE('NONE',#4220,#4223,#88,.T.);
#4966=EDGE_CURVE('NONE',#4224,#4225,#1888,.T.);
#4967=EDGE_CURVE('NONE',#4223,#4225,#5616,.T.);
#4968=EDGE_CURVE('NONE',#4224,#4222,#5617,.T.);
#4969=EDGE_CURVE('NONE',#4226,#4227,#1889,.T.);
#4970=EDGE_CURVE('NONE',#4221,#4227,#5618,.T.);
#4971=EDGE_CURVE('NONE',#4226,#4220,#5619,.T.);
#4972=EDGE_CURVE('NONE',#4228,#4229,#1890,.T.);
#4973=EDGE_CURVE('NONE',#4225,#4229,#89,.T.);
#4974=EDGE_CURVE('NONE',#4228,#4224,#392,.T.);
#4975=EDGE_CURVE('NONE',#4230,#4231,#1891,.T.);
#4976=EDGE_CURVE('NONE',#4227,#4231,#393,.T.);
#4977=EDGE_CURVE('NONE',#4230,#4226,#90,.T.);
#4978=EDGE_CURVE('NONE',#4232,#4233,#1892,.T.);
#4979=EDGE_CURVE('NONE',#4229,#4233,#5620,.T.);
#4980=EDGE_CURVE('NONE',#4232,#4228,#5621,.T.);
#4981=EDGE_CURVE('NONE',#4234,#4235,#1893,.T.);
#4982=EDGE_CURVE('NONE',#4231,#4235,#5622,.T.);
#4983=EDGE_CURVE('NONE',#4234,#4230,#5623,.T.);
#4984=EDGE_CURVE('NONE',#4235,#4232,#394,.T.);
#4985=EDGE_CURVE('NONE',#4233,#4234,#91,.T.);
#4986=EDGE_CURVE('NONE',#4222,#4236,#5624,.T.);
#4987=EDGE_CURVE('NONE',#4237,#4221,#5625,.T.);
#4988=EDGE_CURVE('NONE',#4236,#4237,#92,.T.);
#4989=EDGE_CURVE('NONE',#4228,#4238,#5626,.T.);
#4990=EDGE_CURVE('NONE',#4239,#4224,#5627,.T.);
#4991=EDGE_CURVE('NONE',#4238,#4239,#93,.T.);
#4992=EDGE_CURVE('NONE',#4235,#4240,#5628,.T.);
#4993=EDGE_CURVE('NONE',#4241,#4232,#5629,.T.);
#4994=EDGE_CURVE('NONE',#4240,#4241,#94,.T.);
#4995=EDGE_CURVE('NONE',#4227,#4242,#5630,.T.);
#4996=EDGE_CURVE('NONE',#4243,#4231,#5631,.T.);
#4997=EDGE_CURVE('NONE',#4242,#4243,#95,.T.);
#4998=EDGE_CURVE('NONE',#4241,#4238,#5632,.T.);
#4999=EDGE_CURVE('NONE',#4239,#4236,#5633,.T.);
#5000=EDGE_CURVE('NONE',#4237,#4242,#5634,.T.);
#5001=EDGE_CURVE('NONE',#4243,#4240,#5635,.T.);
#5002=EDGE_CURVE('NONE',#4124,#4244,#5636,.T.);
#5003=EDGE_CURVE('NONE',#4245,#4126,#5637,.T.);
#5004=EDGE_CURVE('NONE',#4244,#4245,#1894,.T.);
#5005=EDGE_CURVE('NONE',#4128,#4246,#5638,.T.);
#5006=EDGE_CURVE('NONE',#4247,#4130,#5639,.T.);
#5007=EDGE_CURVE('NONE',#4246,#4247,#1895,.T.);
#5008=EDGE_CURVE('NONE',#4114,#4248,#5640,.T.);
#5009=EDGE_CURVE('NONE',#4118,#4249,#5641,.T.);
#5010=EDGE_CURVE('NONE',#4248,#4249,#1896,.T.);
#5011=EDGE_CURVE('NONE',#4120,#4250,#5642,.T.);
#5012=EDGE_CURVE('NONE',#4249,#4250,#1897,.T.);
#5013=EDGE_CURVE('NONE',#4251,#4122,#5643,.T.);
#5014=EDGE_CURVE('NONE',#4250,#4251,#1898,.T.);
#5015=EDGE_CURVE('NONE',#4252,#4136,#5644,.T.);
#5016=EDGE_CURVE('NONE',#4253,#4138,#5645,.T.);
#5017=EDGE_CURVE('NONE',#4252,#4253,#1899,.T.);
#5018=EDGE_CURVE('NONE',#4254,#4134,#5646,.T.);
#5019=EDGE_CURVE('NONE',#4254,#4252,#1900,.T.);
#5020=EDGE_CURVE('NONE',#4132,#4255,#5647,.T.);
#5021=EDGE_CURVE('NONE',#4255,#4254,#1901,.T.);
#5022=EDGE_CURVE('NONE',#4251,#4244,#5648,.T.);
#5023=EDGE_CURVE('NONE',#4245,#4246,#5649,.T.);
#5024=EDGE_CURVE('NONE',#4247,#4255,#5650,.T.);
#5025=EDGE_CURVE('NONE',#4116,#4256,#1902,.T.);
#5026=EDGE_CURVE('NONE',#4256,#4257,#5651,.T.);
#5027=EDGE_CURVE('NONE',#4257,#4258,#1903,.T.);
#5028=EDGE_CURVE('NONE',#4258,#4259,#5652,.T.);
#5029=EDGE_CURVE('NONE',#4259,#4260,#1904,.T.);
#5030=EDGE_CURVE('NONE',#4260,#4261,#5653,.T.);
#5031=EDGE_CURVE('NONE',#4261,#4262,#5654,.T.);
#5032=EDGE_CURVE('NONE',#4262,#4263,#5655,.T.);
#5033=EDGE_CURVE('NONE',#4263,#4264,#1905,.T.);
#5034=EDGE_CURVE('NONE',#4264,#4265,#5656,.T.);
#5035=EDGE_CURVE('NONE',#4265,#4266,#1906,.T.);
#5036=EDGE_CURVE('NONE',#4266,#4267,#5657,.T.);
#5037=EDGE_CURVE('NONE',#4267,#4140,#1907,.T.);
#5038=EDGE_CURVE('NONE',#4260,#3826,#5658,.T.);
#5039=EDGE_CURVE('NONE',#3827,#4259,#5659,.T.);
#5040=EDGE_CURVE('NONE',#4264,#3821,#5660,.T.);
#5041=EDGE_CURVE('NONE',#3823,#4263,#5661,.T.);
#5042=EDGE_CURVE('NONE',#4258,#3828,#5662,.T.);
#5043=EDGE_CURVE('NONE',#3829,#4257,#5663,.T.);
#5044=EDGE_CURVE('NONE',#4266,#3834,#5664,.T.);
#5045=EDGE_CURVE('NONE',#3822,#4265,#5665,.T.);
#5046=EDGE_CURVE('NONE',#4256,#3830,#5666,.T.);
#5047=EDGE_CURVE('NONE',#3831,#4115,#5667,.T.);
#5048=EDGE_CURVE('NONE',#4139,#3832,#5668,.T.);
#5049=EDGE_CURVE('NONE',#3833,#4267,#5669,.T.);
#5050=EDGE_CURVE('NONE',#4000,#4001,#1908,.T.);
#5051=EDGE_CURVE('NONE',#3919,#3921,#1909,.T.);
#5052=EDGE_CURVE('NONE',#4268,#3999,#5670,.T.);
#5053=EDGE_CURVE('NONE',#4269,#4002,#5671,.T.);
#5054=EDGE_CURVE('NONE',#4269,#4268,#1910,.T.);
#5055=EDGE_CURVE('NONE',#3924,#3926,#1911,.T.);
#5056=EDGE_CURVE('NONE',#3987,#3991,#5672,.T.);
#5057=EDGE_CURVE('NONE',#3982,#3986,#5673,.T.);
#5058=EDGE_CURVE('NONE',#3977,#3981,#5674,.T.);
#5059=EDGE_CURVE('NONE',#3972,#3976,#5675,.T.);
#5060=EDGE_CURVE('NONE',#3997,#3971,#5676,.T.);
#5061=EDGE_CURVE('NONE',#3992,#3996,#5677,.T.);
#5062=EDGE_CURVE('NONE',#4034,#4270,#5678,.T.);
#5063=EDGE_CURVE('NONE',#4271,#4038,#5679,.T.);
#5064=EDGE_CURVE('NONE',#4270,#4271,#1912,.T.);
#5065=EDGE_CURVE('NONE',#4031,#4272,#5680,.T.);
#5066=EDGE_CURVE('NONE',#4273,#4025,#5681,.T.);
#5067=EDGE_CURVE('NONE',#4272,#4273,#1913,.T.);
#5068=EDGE_CURVE('NONE',#4039,#4274,#5682,.T.);
#5069=EDGE_CURVE('NONE',#4275,#4035,#5683,.T.);
#5070=EDGE_CURVE('NONE',#4274,#4275,#1914,.T.);
#5071=EDGE_CURVE('NONE',#4047,#4276,#5684,.T.);
#5072=EDGE_CURVE('NONE',#4277,#4043,#5685,.T.);
#5073=EDGE_CURVE('NONE',#4276,#4277,#1915,.T.);
#5074=EDGE_CURVE('NONE',#4055,#4278,#5686,.T.);
#5075=EDGE_CURVE('NONE',#4279,#4051,#5687,.T.);
#5076=EDGE_CURVE('NONE',#4278,#4279,#1916,.T.);
#5077=EDGE_CURVE('NONE',#4050,#4280,#5688,.T.);
#5078=EDGE_CURVE('NONE',#4281,#4054,#5689,.T.);
#5079=EDGE_CURVE('NONE',#4280,#4281,#1917,.T.);
#5080=EDGE_CURVE('NONE',#4042,#4282,#5690,.T.);
#5081=EDGE_CURVE('NONE',#4283,#4046,#5691,.T.);
#5082=EDGE_CURVE('NONE',#4282,#4283,#1918,.T.);
#5083=EDGE_CURVE('NONE',#4028,#4284,#5692,.T.);
#5084=EDGE_CURVE('NONE',#4285,#4030,#5693,.T.);
#5085=EDGE_CURVE('NONE',#4284,#4285,#1919,.T.);
#5086=EDGE_CURVE('NONE',#4273,#4284,#5694,.T.);
#5087=EDGE_CURVE('NONE',#4285,#4270,#5695,.T.);
#5088=EDGE_CURVE('NONE',#4271,#4282,#5696,.T.);
#5089=EDGE_CURVE('NONE',#4283,#4280,#5697,.T.);
#5090=EDGE_CURVE('NONE',#4281,#4278,#5698,.T.);
#5091=EDGE_CURVE('NONE',#4279,#4276,#5699,.T.);
#5092=EDGE_CURVE('NONE',#4277,#4274,#5700,.T.);
#5093=EDGE_CURVE('NONE',#4275,#4272,#5701,.T.);
#5094=EDGE_CURVE('NONE',#3825,#4261,#5702,.T.);
#5095=EDGE_CURVE('NONE',#4109,#4286,#5703,.T.);
#5096=EDGE_CURVE('NONE',#4287,#4105,#5704,.T.);
#5097=EDGE_CURVE('NONE',#4286,#4287,#1920,.T.);
#5098=EDGE_CURVE('NONE',#4288,#4097,#5705,.T.);
#5099=EDGE_CURVE('NONE',#4289,#4093,#5706,.T.);
#5100=EDGE_CURVE('NONE',#4288,#4289,#1921,.T.);
#5101=EDGE_CURVE('NONE',#4101,#4290,#5707,.T.);
#5102=EDGE_CURVE('NONE',#4290,#4288,#1922,.T.);
#5103=EDGE_CURVE('NONE',#4089,#4291,#5708,.T.);
#5104=EDGE_CURVE('NONE',#4292,#4085,#5709,.T.);
#5105=EDGE_CURVE('NONE',#4291,#4292,#1923,.T.);
#5106=EDGE_CURVE('NONE',#4293,#4077,#5710,.T.);
#5107=EDGE_CURVE('NONE',#4294,#4075,#5711,.T.);
#5108=EDGE_CURVE('NONE',#4293,#4294,#1924,.T.);
#5109=EDGE_CURVE('NONE',#4081,#4295,#5712,.T.);
#5110=EDGE_CURVE('NONE',#4295,#4293,#1925,.T.);
#5111=EDGE_CURVE('NONE',#4074,#4296,#5713,.T.);
#5112=EDGE_CURVE('NONE',#4297,#4080,#5714,.T.);
#5113=EDGE_CURVE('NONE',#4296,#4297,#1926,.T.);
#5114=EDGE_CURVE('NONE',#4298,#4088,#5715,.T.);
#5115=EDGE_CURVE('NONE',#4299,#4092,#5716,.T.);
#5116=EDGE_CURVE('NONE',#4298,#4299,#1927,.T.);
#5117=EDGE_CURVE('NONE',#4084,#4300,#5717,.T.);
#5118=EDGE_CURVE('NONE',#4300,#4298,#1928,.T.);
#5119=EDGE_CURVE('NONE',#4096,#4301,#5718,.T.);
#5120=EDGE_CURVE('NONE',#4302,#4100,#5719,.T.);
#5121=EDGE_CURVE('NONE',#4301,#4302,#1929,.T.);
#5122=EDGE_CURVE('NONE',#4104,#4303,#5720,.T.);
#5123=EDGE_CURVE('NONE',#4108,#4304,#5721,.T.);
#5124=EDGE_CURVE('NONE',#4303,#4304,#1930,.T.);
#5125=EDGE_CURVE('NONE',#4305,#4112,#5722,.T.);
#5126=EDGE_CURVE('NONE',#4304,#4305,#1931,.T.);
#5127=EDGE_CURVE('NONE',#3928,#3931,#1932,.T.);
#5128=EDGE_CURVE('NONE',#4290,#4287,#5723,.T.);
#5129=EDGE_CURVE('NONE',#4291,#4289,#5724,.T.);
#5130=EDGE_CURVE('NONE',#4295,#4292,#5725,.T.);
#5131=EDGE_CURVE('NONE',#4296,#4294,#5726,.T.);
#5132=EDGE_CURVE('NONE',#4300,#4297,#5727,.T.);
#5133=EDGE_CURVE('NONE',#4301,#4299,#5728,.T.);
#5134=EDGE_CURVE('NONE',#4303,#4302,#5729,.T.);
#5135=EDGE_CURVE('NONE',#4286,#4305,#5730,.T.);
#5136=EDGE_CURVE('NONE',#4015,#4306,#5731,.T.);
#5137=EDGE_CURVE('NONE',#4307,#4009,#5732,.T.);
#5138=EDGE_CURVE('NONE',#4306,#4307,#1933,.T.);
#5139=EDGE_CURVE('NONE',#3853,#4308,#5733,.T.);
#5140=EDGE_CURVE('NONE',#4309,#3851,#5734,.T.);
#5141=EDGE_CURVE('NONE',#4308,#4309,#1934,.T.);
#5142=EDGE_CURVE('NONE',#3841,#4310,#5735,.T.);
#5143=EDGE_CURVE('NONE',#4311,#3839,#5736,.T.);
#5144=EDGE_CURVE('NONE',#4310,#4311,#1935,.T.);
#5145=EDGE_CURVE('NONE',#3865,#4312,#5737,.T.);
#5146=EDGE_CURVE('NONE',#4313,#3863,#5738,.T.);
#5147=EDGE_CURVE('NONE',#4312,#4313,#1936,.T.);
#5148=EDGE_CURVE('NONE',#3877,#4314,#5739,.T.);
#5149=EDGE_CURVE('NONE',#4315,#3875,#5740,.T.);
#5150=EDGE_CURVE('NONE',#4314,#4315,#1937,.T.);
#5151=EDGE_CURVE('NONE',#4018,#4316,#5741,.T.);
#5152=EDGE_CURVE('NONE',#4317,#4022,#5742,.T.);
#5153=EDGE_CURVE('NONE',#4316,#4317,#1938,.T.);
#5154=EDGE_CURVE('NONE',#4012,#4318,#5743,.T.);
#5155=EDGE_CURVE('NONE',#4319,#4014,#5744,.T.);
#5156=EDGE_CURVE('NONE',#4318,#4319,#1939,.T.);
#5157=EDGE_CURVE('NONE',#3858,#4320,#5745,.T.);
#5158=EDGE_CURVE('NONE',#4321,#3855,#5746,.T.);
#5159=EDGE_CURVE('NONE',#4320,#4321,#1940,.T.);
#5160=EDGE_CURVE('NONE',#3849,#4322,#5747,.T.);
#5161=EDGE_CURVE('NONE',#4323,#3847,#5748,.T.);
#5162=EDGE_CURVE('NONE',#4322,#4323,#1941,.T.);
#5163=EDGE_CURVE('NONE',#3870,#4324,#5749,.T.);
#5164=EDGE_CURVE('NONE',#4325,#3867,#5750,.T.);
#5165=EDGE_CURVE('NONE',#4324,#4325,#1942,.T.);
#5166=EDGE_CURVE('NONE',#3861,#4326,#5751,.T.);
#5167=EDGE_CURVE('NONE',#4327,#3859,#5752,.T.);
#5168=EDGE_CURVE('NONE',#4326,#4327,#1943,.T.);
#5169=EDGE_CURVE('NONE',#3837,#4328,#5753,.T.);
#5170=EDGE_CURVE('NONE',#4329,#3835,#5754,.T.);
#5171=EDGE_CURVE('NONE',#4328,#4329,#1944,.T.);
#5172=EDGE_CURVE('NONE',#3882,#4330,#5755,.T.);
#5173=EDGE_CURVE('NONE',#4331,#3879,#5756,.T.);
#5174=EDGE_CURVE('NONE',#4330,#4331,#1945,.T.);
#5175=EDGE_CURVE('NONE',#4023,#4332,#5757,.T.);
#5176=EDGE_CURVE('NONE',#4333,#4019,#5758,.T.);
#5177=EDGE_CURVE('NONE',#4332,#4333,#1946,.T.);
#5178=EDGE_CURVE('NONE',#4066,#4334,#5759,.T.);
#5179=EDGE_CURVE('NONE',#4335,#4070,#5760,.T.);
#5180=EDGE_CURVE('NONE',#4334,#4335,#1947,.T.);
#5181=EDGE_CURVE('NONE',#4060,#4336,#5761,.T.);
#5182=EDGE_CURVE('NONE',#4337,#4062,#5762,.T.);
#5183=EDGE_CURVE('NONE',#4336,#4337,#1948,.T.);
#5184=EDGE_CURVE('NONE',#4063,#4338,#5763,.T.);
#5185=EDGE_CURVE('NONE',#4339,#4057,#5764,.T.);
#5186=EDGE_CURVE('NONE',#4338,#4339,#1949,.T.);
#5187=EDGE_CURVE('NONE',#4071,#4340,#5765,.T.);
#5188=EDGE_CURVE('NONE',#4341,#4067,#5766,.T.);
#5189=EDGE_CURVE('NONE',#4340,#4341,#1950,.T.);
#5190=EDGE_CURVE('NONE',#3846,#4342,#5767,.T.);
#5191=EDGE_CURVE('NONE',#4343,#3843,#5768,.T.);
#5192=EDGE_CURVE('NONE',#4342,#4343,#1951,.T.);
#5193=EDGE_CURVE('NONE',#3873,#4344,#5769,.T.);
#5194=EDGE_CURVE('NONE',#4345,#3871,#5770,.T.);
#5195=EDGE_CURVE('NONE',#4344,#4345,#1952,.T.);
#5196=EDGE_CURVE('NONE',#4341,#4338,#5771,.T.);
#5197=EDGE_CURVE('NONE',#4339,#4336,#5772,.T.);
#5198=EDGE_CURVE('NONE',#4337,#4334,#5773,.T.);
#5199=EDGE_CURVE('NONE',#4335,#4340,#5774,.T.);
#5200=EDGE_CURVE('NONE',#4346,#4347,#5775,.T.);
#5201=EDGE_CURVE('NONE',#4348,#4347,#1953,.T.);
#5202=EDGE_CURVE('NONE',#4349,#4348,#5776,.T.);
#5203=EDGE_CURVE('NONE',#4349,#4346,#1954,.T.);
#5204=EDGE_CURVE('NONE',#4347,#4348,#1955,.T.);
#5205=EDGE_CURVE('NONE',#4350,#4351,#1956,.T.);
#5206=EDGE_CURVE('NONE',#4351,#4350,#1957,.T.);
#5207=EDGE_CURVE('NONE',#4351,#4352,#5777,.T.);
#5208=EDGE_CURVE('NONE',#4353,#4352,#1958,.T.);
#5209=EDGE_CURVE('NONE',#4350,#4353,#5778,.T.);
#5210=EDGE_CURVE('NONE',#4354,#4352,#5779,.T.);
#5211=EDGE_CURVE('NONE',#4354,#4353,#5780,.T.);
#5212=EDGE_CURVE('NONE',#4355,#4356,#5781,.T.);
#5213=EDGE_CURVE('NONE',#4357,#4356,#1959,.T.);
#5214=EDGE_CURVE('NONE',#4358,#4357,#5782,.T.);
#5215=EDGE_CURVE('NONE',#4358,#4355,#1960,.T.);
#5216=EDGE_CURVE('NONE',#4356,#4357,#1961,.T.);
#5217=EDGE_CURVE('NONE',#4359,#4360,#1962,.T.);
#5218=EDGE_CURVE('NONE',#4360,#4359,#1963,.T.);
#5219=EDGE_CURVE('NONE',#4360,#4361,#5783,.T.);
#5220=EDGE_CURVE('NONE',#4362,#4361,#1964,.T.);
#5221=EDGE_CURVE('NONE',#4359,#4362,#5784,.T.);
#5222=EDGE_CURVE('NONE',#4363,#4361,#5785,.T.);
#5223=EDGE_CURVE('NONE',#4363,#4362,#5786,.T.);
#5224=EDGE_CURVE('NONE',#4364,#4365,#5787,.T.);
#5225=EDGE_CURVE('NONE',#4366,#4365,#1965,.T.);
#5226=EDGE_CURVE('NONE',#4367,#4366,#5788,.T.);
#5227=EDGE_CURVE('NONE',#4367,#4364,#1966,.T.);
#5228=EDGE_CURVE('NONE',#4365,#4366,#1967,.T.);
#5229=EDGE_CURVE('NONE',#4368,#4369,#1968,.T.);
#5230=EDGE_CURVE('NONE',#4369,#4368,#1969,.T.);
#5231=EDGE_CURVE('NONE',#4369,#4370,#5789,.T.);
#5232=EDGE_CURVE('NONE',#4371,#4370,#1970,.T.);
#5233=EDGE_CURVE('NONE',#4368,#4371,#5790,.T.);
#5234=EDGE_CURVE('NONE',#4372,#4370,#5791,.T.);
#5235=EDGE_CURVE('NONE',#4372,#4371,#5792,.T.);
#5236=EDGE_CURVE('NONE',#4373,#4374,#5793,.T.);
#5237=EDGE_CURVE('NONE',#4375,#4374,#1971,.T.);
#5238=EDGE_CURVE('NONE',#4376,#4375,#5794,.T.);
#5239=EDGE_CURVE('NONE',#4376,#4373,#1972,.T.);
#5240=EDGE_CURVE('NONE',#4374,#4375,#1973,.T.);
#5241=EDGE_CURVE('NONE',#4377,#4378,#1974,.T.);
#5242=EDGE_CURVE('NONE',#4378,#4377,#1975,.T.);
#5243=EDGE_CURVE('NONE',#4378,#4379,#5795,.T.);
#5244=EDGE_CURVE('NONE',#4380,#4379,#1976,.T.);
#5245=EDGE_CURVE('NONE',#4377,#4380,#5796,.T.);
#5246=EDGE_CURVE('NONE',#4381,#4379,#5797,.T.);
#5247=EDGE_CURVE('NONE',#4381,#4380,#5798,.T.);
#5248=EDGE_CURVE('NONE',#3860,#4319,#5799,.T.);
#5249=EDGE_CURVE('NONE',#4318,#3869,#5800,.T.);
#5250=EDGE_CURVE('NONE',#4346,#4349,#1977,.T.);
#5251=EDGE_CURVE('NONE',#4312,#4325,#5801,.T.);
#5252=EDGE_CURVE('NONE',#4326,#4313,#5802,.T.);
#5253=EDGE_CURVE('NONE',#4317,#3872,#5803,.T.);
#5254=EDGE_CURVE('NONE',#3881,#4316,#5804,.T.);
#5255=EDGE_CURVE('NONE',#4355,#4358,#1978,.T.);
#5256=EDGE_CURVE('NONE',#4331,#4314,#5805,.T.);
#5257=EDGE_CURVE('NONE',#4315,#4344,#5806,.T.);
#5258=EDGE_CURVE('NONE',#4307,#3848,#5807,.T.);
#5259=EDGE_CURVE('NONE',#3857,#4306,#5808,.T.);
#5260=EDGE_CURVE('NONE',#4373,#4376,#1979,.T.);
#5261=EDGE_CURVE('NONE',#4321,#4308,#5809,.T.);
#5262=EDGE_CURVE('NONE',#4309,#4322,#5810,.T.);
#5263=EDGE_CURVE('NONE',#3836,#4333,#5811,.T.);
#5264=EDGE_CURVE('NONE',#4332,#3845,#5812,.T.);
#5265=EDGE_CURVE('NONE',#4364,#4367,#1980,.T.);
#5266=EDGE_CURVE('NONE',#4310,#4343,#5813,.T.);
#5267=EDGE_CURVE('NONE',#4328,#4311,#5814,.T.);
#5268=EDGE_CURVE('NONE',#4253,#4248,#5815,.T.);
#5269=EDGE_CURVE('NONE',#4262,#3824,#5816,.T.);
#5270=EDGE_CURVE('NONE',#4345,#4342,#5817,.T.);
#5271=EDGE_CURVE('NONE',#4329,#4320,#5818,.T.);
#5272=EDGE_CURVE('NONE',#4327,#4330,#5819,.T.);
#5273=EDGE_CURVE('NONE',#4323,#4324,#5820,.T.);
#5274=EDGE_CURVE('NONE',#4268,#4269,#1981,.T.);
#5275=EDGE_CURVE('NONE',#4209,#4197,#96,.T.);
#5276=EDGE_CURVE('NONE',#4212,#4211,#1982,.T.);
#5277=EDGE_CURVE('NONE',#4217,#4216,#1983,.T.);
#5278=EDGE_CURVE('NONE',#4379,#4380,#1984,.T.);
#5279=EDGE_CURVE('NONE',#4370,#4371,#1985,.T.);
#5280=EDGE_CURVE('NONE',#4361,#4362,#1986,.T.);
#5281=EDGE_CURVE('NONE',#4352,#4353,#1987,.T.);
#5282=EDGE_CURVE('NONE',#4002,#3999,#1988,.T.);
#5283=EDGE_CURVE('NONE',#3929,#3930,#1989,.T.);
#5284=EDGE_CURVE('NONE',#3923,#3925,#1990,.T.);
#5285=EDGE_CURVE('NONE',#3918,#3920,#1991,.T.);
#5286=EDGE_CURVE('NONE',#3914,#3915,#1992,.T.);
#5287=EDGE_CURVE('NONE',#3909,#3910,#1993,.T.);
#5288=EDGE_CURVE('NONE',#3904,#3905,#1994,.T.);
#5289=EDGE_CURVE('NONE',#3899,#3900,#1995,.T.);
#5290=EDGE_CURVE('NONE',#3894,#3895,#1996,.T.);
#5291=EDGE_CURVE('NONE',#3889,#3890,#1997,.T.);
#5292=EDGE_CURVE('NONE',#3884,#3885,#1998,.T.);
#5293=LINE('',#8930,#5821);
#5294=LINE('',#8935,#5822);
#5295=LINE('',#8937,#5823);
#5296=LINE('',#8939,#5824);
#5297=LINE('',#8943,#5825);
#5298=LINE('',#8947,#5826);
#5299=LINE('',#8951,#5827);
#5300=LINE('',#8955,#5828);
#5301=LINE('',#8967,#5829);
#5302=LINE('',#8971,#5830);
#5303=LINE('',#8974,#5831);
#5304=LINE('',#8975,#5832);
#5305=LINE('',#8977,#5833);
#5306=LINE('',#8983,#5834);
#5307=LINE('',#8986,#5835);
#5308=LINE('',#8987,#5836);
#5309=LINE('',#9006,#5837);
#5310=LINE('',#9010,#5838);
#5311=LINE('',#9013,#5839);
#5312=LINE('',#9014,#5840);
#5313=LINE('',#9016,#5841);
#5314=LINE('',#9022,#5842);
#5315=LINE('',#9025,#5843);
#5316=LINE('',#9026,#5844);
#5317=LINE('',#9045,#5845);
#5318=LINE('',#9049,#5846);
#5319=LINE('',#9052,#5847);
#5320=LINE('',#9053,#5848);
#5321=LINE('',#9055,#5849);
#5322=LINE('',#9061,#5850);
#5323=LINE('',#9064,#5851);
#5324=LINE('',#9065,#5852);
#5325=LINE('',#9084,#5853);
#5326=LINE('',#9088,#5854);
#5327=LINE('',#9091,#5855);
#5328=LINE('',#9092,#5856);
#5329=LINE('',#9094,#5857);
#5330=LINE('',#9100,#5858);
#5331=LINE('',#9103,#5859);
#5332=LINE('',#9104,#5860);
#5333=LINE('',#9115,#5861);
#5334=LINE('',#9120,#5862);
#5335=LINE('',#9124,#5863);
#5336=LINE('',#9126,#5864);
#5337=LINE('',#9128,#5865);
#5338=LINE('',#9133,#5866);
#5339=LINE('',#9137,#5867);
#5340=LINE('',#9139,#5868);
#5341=LINE('',#9141,#5869);
#5342=LINE('',#9146,#5870);
#5343=LINE('',#9150,#5871);
#5344=LINE('',#9152,#5872);
#5345=LINE('',#9154,#5873);
#5346=LINE('',#9159,#5874);
#5347=LINE('',#9163,#5875);
#5348=LINE('',#9165,#5876);
#5349=LINE('',#9167,#5877);
#5350=LINE('',#9172,#5878);
#5351=LINE('',#9176,#5879);
#5352=LINE('',#9178,#5880);
#5353=LINE('',#9180,#5881);
#5354=LINE('',#9185,#5882);
#5355=LINE('',#9189,#5883);
#5356=LINE('',#9191,#5884);
#5357=LINE('',#9193,#5885);
#5358=LINE('',#9198,#5886);
#5359=LINE('',#9202,#5887);
#5360=LINE('',#9204,#5888);
#5361=LINE('',#9206,#5889);
#5362=LINE('',#9211,#5890);
#5363=LINE('',#9215,#5891);
#5364=LINE('',#9217,#5892);
#5365=LINE('',#9219,#5893);
#5366=LINE('',#9224,#5894);
#5367=LINE('',#9228,#5895);
#5368=LINE('',#9230,#5896);
#5369=LINE('',#9232,#5897);
#5370=LINE('',#9237,#5898);
#5371=LINE('',#9241,#5899);
#5372=LINE('',#9243,#5900);
#5373=LINE('',#9245,#5901);
#5374=LINE('',#9248,#5902);
#5375=LINE('',#9250,#5903);
#5376=LINE('',#9252,#5904);
#5377=LINE('',#9254,#5905);
#5378=LINE('',#9260,#5906);
#5379=LINE('',#9266,#5907);
#5380=LINE('',#9272,#5908);
#5381=LINE('',#9275,#5909);
#5382=LINE('',#9276,#5910);
#5383=LINE('',#9278,#5911);
#5384=LINE('',#9284,#5912);
#5385=LINE('',#9290,#5913);
#5386=LINE('',#9293,#5914);
#5387=LINE('',#9294,#5915);
#5388=LINE('',#9296,#5916);
#5389=LINE('',#9299,#5917);
#5390=LINE('',#9300,#5918);
#5391=LINE('',#9302,#5919);
#5392=LINE('',#9308,#5920);
#5393=LINE('',#9317,#5921);
#5394=LINE('',#9319,#5922);
#5395=LINE('',#9323,#5923);
#5396=LINE('',#9325,#5924);
#5397=LINE('',#9329,#5925);
#5398=LINE('',#9331,#5926);
#5399=LINE('',#9335,#5927);
#5400=LINE('',#9337,#5928);
#5401=LINE('',#9341,#5929);
#5402=LINE('',#9343,#5930);
#5403=LINE('',#9347,#5931);
#5404=LINE('',#9349,#5932);
#5405=LINE('',#9359,#5933);
#5406=LINE('',#9363,#5934);
#5407=LINE('',#9365,#5935);
#5408=LINE('',#9367,#5936);
#5409=LINE('',#9375,#5937);
#5410=LINE('',#9379,#5938);
#5411=LINE('',#9392,#5939);
#5412=LINE('',#9396,#5940);
#5413=LINE('',#9409,#5941);
#5414=LINE('',#9413,#5942);
#5415=LINE('',#9426,#5943);
#5416=LINE('',#9430,#5944);
#5417=LINE('',#9443,#5945);
#5418=LINE('',#9447,#5946);
#5419=LINE('',#9460,#5947);
#5420=LINE('',#9464,#5948);
#5421=LINE('',#9471,#5949);
#5422=LINE('',#9476,#5950);
#5423=LINE('',#9480,#5951);
#5424=LINE('',#9481,#5952);
#5425=LINE('',#9483,#5953);
#5426=LINE('',#9485,#5954);
#5427=LINE('',#9487,#5955);
#5428=LINE('',#9488,#5956);
#5429=LINE('',#9490,#5957);
#5430=LINE('',#9492,#5958);
#5431=LINE('',#9493,#5959);
#5432=LINE('',#9495,#5960);
#5433=LINE('',#9497,#5961);
#5434=LINE('',#9498,#5962);
#5435=LINE('',#9500,#5963);
#5436=LINE('',#9502,#5964);
#5437=LINE('',#9503,#5965);
#5438=LINE('',#9505,#5966);
#5439=LINE('',#9507,#5967);
#5440=LINE('',#9508,#5968);
#5441=LINE('',#9510,#5969);
#5442=LINE('',#9513,#5970);
#5443=LINE('',#9515,#5971);
#5444=LINE('',#9517,#5972);
#5445=LINE('',#9519,#5973);
#5446=LINE('',#9525,#5974);
#5447=LINE('',#9531,#5975);
#5448=LINE('',#9534,#5976);
#5449=LINE('',#9535,#5977);
#5450=LINE('',#9537,#5978);
#5451=LINE('',#9540,#5979);
#5452=LINE('',#9541,#5980);
#5453=LINE('',#9543,#5981);
#5454=LINE('',#9549,#5982);
#5455=LINE('',#9555,#5983);
#5456=LINE('',#9556,#5984);
#5457=LINE('',#9558,#5985);
#5458=LINE('',#9561,#5986);
#5459=LINE('',#9563,#5987);
#5460=LINE('',#9565,#5988);
#5461=LINE('',#9567,#5989);
#5462=LINE('',#9573,#5990);
#5463=LINE('',#9579,#5991);
#5464=LINE('',#9582,#5992);
#5465=LINE('',#9583,#5993);
#5466=LINE('',#9585,#5994);
#5467=LINE('',#9588,#5995);
#5468=LINE('',#9589,#5996);
#5469=LINE('',#9591,#5997);
#5470=LINE('',#9597,#5998);
#5471=LINE('',#9603,#5999);
#5472=LINE('',#9606,#6000);
#5473=LINE('',#9607,#6001);
#5474=LINE('',#9609,#6002);
#5475=LINE('',#9612,#6003);
#5476=LINE('',#9613,#6004);
#5477=LINE('',#9615,#6005);
#5478=LINE('',#9621,#6006);
#5479=LINE('',#9627,#6007);
#5480=LINE('',#9630,#6008);
#5481=LINE('',#9631,#6009);
#5482=LINE('',#9633,#6010);
#5483=LINE('',#9636,#6011);
#5484=LINE('',#9637,#6012);
#5485=LINE('',#9639,#6013);
#5486=LINE('',#9645,#6014);
#5487=LINE('',#9651,#6015);
#5488=LINE('',#9652,#6016);
#5489=LINE('',#9654,#6017);
#5490=LINE('',#9657,#6018);
#5491=LINE('',#9659,#6019);
#5492=LINE('',#9661,#6020);
#5493=LINE('',#9663,#6021);
#5494=LINE('',#9669,#6022);
#5495=LINE('',#9675,#6023);
#5496=LINE('',#9678,#6024);
#5497=LINE('',#9679,#6025);
#5498=LINE('',#9681,#6026);
#5499=LINE('',#9684,#6027);
#5500=LINE('',#9685,#6028);
#5501=LINE('',#9687,#6029);
#5502=LINE('',#9693,#6030);
#5503=LINE('',#9699,#6031);
#5504=LINE('',#9700,#6032);
#5505=LINE('',#9702,#6033);
#5506=LINE('',#9705,#6034);
#5507=LINE('',#9707,#6035);
#5508=LINE('',#9709,#6036);
#5509=LINE('',#9711,#6037);
#5510=LINE('',#9717,#6038);
#5511=LINE('',#9723,#6039);
#5512=LINE('',#9729,#6040);
#5513=LINE('',#9732,#6041);
#5514=LINE('',#9733,#6042);
#5515=LINE('',#9735,#6043);
#5516=LINE('',#9738,#6044);
#5517=LINE('',#9739,#6045);
#5518=LINE('',#9741,#6046);
#5519=LINE('',#9747,#6047);
#5520=LINE('',#9753,#6048);
#5521=LINE('',#9759,#6049);
#5522=LINE('',#9762,#6050);
#5523=LINE('',#9763,#6051);
#5524=LINE('',#9765,#6052);
#5525=LINE('',#9768,#6053);
#5526=LINE('',#9769,#6054);
#5527=LINE('',#9771,#6055);
#5528=LINE('',#9777,#6056);
#5529=LINE('',#9783,#6057);
#5530=LINE('',#9789,#6058);
#5531=LINE('',#9792,#6059);
#5532=LINE('',#9793,#6060);
#5533=LINE('',#9795,#6061);
#5534=LINE('',#9798,#6062);
#5535=LINE('',#9799,#6063);
#5536=LINE('',#9801,#6064);
#5537=LINE('',#9807,#6065);
#5538=LINE('',#9813,#6066);
#5539=LINE('',#9819,#6067);
#5540=LINE('',#9820,#6068);
#5541=LINE('',#9822,#6069);
#5542=LINE('',#9825,#6070);
#5543=LINE('',#9832,#6071);
#5544=LINE('',#9834,#6072);
#5545=LINE('',#9840,#6073);
#5546=LINE('',#9846,#6074);
#5547=LINE('',#9852,#6075);
#5548=LINE('',#9855,#6076);
#5549=LINE('',#9856,#6077);
#5550=LINE('',#9858,#6078);
#5551=LINE('',#9864,#6079);
#5552=LINE('',#9867,#6080);
#5553=LINE('',#9868,#6081);
#5554=LINE('',#9870,#6082);
#5555=LINE('',#9876,#6083);
#5556=LINE('',#9879,#6084);
#5557=LINE('',#9880,#6085);
#5558=LINE('',#9882,#6086);
#5559=LINE('',#9888,#6087);
#5560=LINE('',#9894,#6088);
#5561=LINE('',#9906,#6089);
#5562=LINE('',#9907,#6090);
#5563=LINE('',#9921,#6091);
#5564=LINE('',#9922,#6092);
#5565=LINE('',#9927,#6093);
#5566=LINE('',#9931,#6094);
#5567=LINE('',#9948,#6095);
#5568=LINE('',#9949,#6096);
#5569=LINE('',#9954,#6097);
#5570=LINE('',#9958,#6098);
#5571=LINE('',#9992,#6099);
#5572=LINE('',#9993,#6100);
#5573=LINE('',#9998,#6101);
#5574=LINE('',#10002,#6102);
#5575=LINE('',#10056,#6103);
#5576=LINE('',#10057,#6104);
#5577=LINE('',#10062,#6105);
#5578=LINE('',#10066,#6106);
#5579=LINE('',#10120,#6107);
#5580=LINE('',#10121,#6108);
#5581=LINE('',#10126,#6109);
#5582=LINE('',#10130,#6110);
#5583=LINE('',#10155,#6111);
#5584=LINE('',#10161,#6112);
#5585=LINE('',#10168,#6113);
#5586=LINE('',#10174,#6114);
#5587=LINE('',#10181,#6115);
#5588=LINE('',#10187,#6116);
#5589=LINE('',#10194,#6117);
#5590=LINE('',#10200,#6118);
#5591=LINE('',#10207,#6119);
#5592=LINE('',#10213,#6120);
#5593=LINE('',#10220,#6121);
#5594=LINE('',#10226,#6122);
#5595=LINE('',#10258,#6123);
#5596=LINE('',#10260,#6124);
#5597=LINE('',#10262,#6125);
#5598=LINE('',#10264,#6126);
#5599=LINE('',#10266,#6127);
#5600=LINE('',#10268,#6128);
#5601=LINE('',#10270,#6129);
#5602=LINE('',#10276,#6130);
#5603=LINE('',#10278,#6131);
#5604=LINE('',#10280,#6132);
#5605=LINE('',#10282,#6133);
#5606=LINE('',#10285,#6134);
#5607=LINE('',#10289,#6135);
#5608=LINE('',#10291,#6136);
#5609=LINE('',#10299,#6137);
#5610=LINE('',#10301,#6138);
#5611=LINE('',#10303,#6139);
#5612=LINE('',#10305,#6140);
#5613=LINE('',#10308,#6141);
#5614=LINE('',#10312,#6142);
#5615=LINE('',#10314,#6143);
#5616=LINE('',#10409,#6144);
#5617=LINE('',#10410,#6145);
#5618=LINE('',#10415,#6146);
#5619=LINE('',#10416,#6147);
#5620=LINE('',#10591,#6148);
#5621=LINE('',#10592,#6149);
#5622=LINE('',#10597,#6150);
#5623=LINE('',#10598,#6151);
#5624=LINE('',#10682,#6152);
#5625=LINE('',#10684,#6153);
#5626=LINE('',#10691,#6154);
#5627=LINE('',#10693,#6155);
#5628=LINE('',#10700,#6156);
#5629=LINE('',#10702,#6157);
#5630=LINE('',#10709,#6158);
#5631=LINE('',#10711,#6159);
#5632=LINE('',#10718,#6160);
#5633=LINE('',#10720,#6161);
#5634=LINE('',#10722,#6162);
#5635=LINE('',#10724,#6163);
#5636=LINE('',#10726,#6164);
#5637=LINE('',#10728,#6165);
#5638=LINE('',#10732,#6166);
#5639=LINE('',#10734,#6167);
#5640=LINE('',#10738,#6168);
#5641=LINE('',#10740,#6169);
#5642=LINE('',#10744,#6170);
#5643=LINE('',#10748,#6171);
#5644=LINE('',#10752,#6172);
#5645=LINE('',#10754,#6173);
#5646=LINE('',#10758,#6174);
#5647=LINE('',#10762,#6175);
#5648=LINE('',#10766,#6176);
#5649=LINE('',#10768,#6177);
#5650=LINE('',#10770,#6178);
#5651=LINE('',#10774,#6179);
#5652=LINE('',#10778,#6180);
#5653=LINE('',#10782,#6181);
#5654=LINE('',#10784,#6182);
#5655=LINE('',#10786,#6183);
#5656=LINE('',#10790,#6184);
#5657=LINE('',#10794,#6185);
#5658=LINE('',#10798,#6186);
#5659=LINE('',#10799,#6187);
#5660=LINE('',#10801,#6188);
#5661=LINE('',#10802,#6189);
#5662=LINE('',#10804,#6190);
#5663=LINE('',#10805,#6191);
#5664=LINE('',#10807,#6192);
#5665=LINE('',#10808,#6193);
#5666=LINE('',#10810,#6194);
#5667=LINE('',#10811,#6195);
#5668=LINE('',#10813,#6196);
#5669=LINE('',#10814,#6197);
#5670=LINE('',#10819,#6198);
#5671=LINE('',#10821,#6199);
#5672=LINE('',#10827,#6200);
#5673=LINE('',#10829,#6201);
#5674=LINE('',#10831,#6202);
#5675=LINE('',#10833,#6203);
#5676=LINE('',#10835,#6204);
#5677=LINE('',#10837,#6205);
#5678=LINE('',#10839,#6206);
#5679=LINE('',#10841,#6207);
#5680=LINE('',#10845,#6208);
#5681=LINE('',#10847,#6209);
#5682=LINE('',#10851,#6210);
#5683=LINE('',#10853,#6211);
#5684=LINE('',#10857,#6212);
#5685=LINE('',#10859,#6213);
#5686=LINE('',#10863,#6214);
#5687=LINE('',#10865,#6215);
#5688=LINE('',#10869,#6216);
#5689=LINE('',#10871,#6217);
#5690=LINE('',#10875,#6218);
#5691=LINE('',#10877,#6219);
#5692=LINE('',#10881,#6220);
#5693=LINE('',#10883,#6221);
#5694=LINE('',#10891,#6222);
#5695=LINE('',#10893,#6223);
#5696=LINE('',#10895,#6224);
#5697=LINE('',#10897,#6225);
#5698=LINE('',#10899,#6226);
#5699=LINE('',#10901,#6227);
#5700=LINE('',#10903,#6228);
#5701=LINE('',#10905,#6229);
#5702=LINE('',#10907,#6230);
#5703=LINE('',#10909,#6231);
#5704=LINE('',#10911,#6232);
#5705=LINE('',#10915,#6233);
#5706=LINE('',#10917,#6234);
#5707=LINE('',#10921,#6235);
#5708=LINE('',#10925,#6236);
#5709=LINE('',#10927,#6237);
#5710=LINE('',#10931,#6238);
#5711=LINE('',#10933,#6239);
#5712=LINE('',#10937,#6240);
#5713=LINE('',#10941,#6241);
#5714=LINE('',#10943,#6242);
#5715=LINE('',#10947,#6243);
#5716=LINE('',#10949,#6244);
#5717=LINE('',#10953,#6245);
#5718=LINE('',#10957,#6246);
#5719=LINE('',#10959,#6247);
#5720=LINE('',#10963,#6248);
#5721=LINE('',#10965,#6249);
#5722=LINE('',#10969,#6250);
#5723=LINE('',#10975,#6251);
#5724=LINE('',#10977,#6252);
#5725=LINE('',#10979,#6253);
#5726=LINE('',#10981,#6254);
#5727=LINE('',#10983,#6255);
#5728=LINE('',#10985,#6256);
#5729=LINE('',#10987,#6257);
#5730=LINE('',#10989,#6258);
#5731=LINE('',#10991,#6259);
#5732=LINE('',#10993,#6260);
#5733=LINE('',#10997,#6261);
#5734=LINE('',#10999,#6262);
#5735=LINE('',#11003,#6263);
#5736=LINE('',#11005,#6264);
#5737=LINE('',#11009,#6265);
#5738=LINE('',#11011,#6266);
#5739=LINE('',#11015,#6267);
#5740=LINE('',#11017,#6268);
#5741=LINE('',#11021,#6269);
#5742=LINE('',#11023,#6270);
#5743=LINE('',#11027,#6271);
#5744=LINE('',#11029,#6272);
#5745=LINE('',#11033,#6273);
#5746=LINE('',#11035,#6274);
#5747=LINE('',#11039,#6275);
#5748=LINE('',#11041,#6276);
#5749=LINE('',#11045,#6277);
#5750=LINE('',#11047,#6278);
#5751=LINE('',#11051,#6279);
#5752=LINE('',#11053,#6280);
#5753=LINE('',#11057,#6281);
#5754=LINE('',#11059,#6282);
#5755=LINE('',#11063,#6283);
#5756=LINE('',#11065,#6284);
#5757=LINE('',#11069,#6285);
#5758=LINE('',#11071,#6286);
#5759=LINE('',#11075,#6287);
#5760=LINE('',#11077,#6288);
#5761=LINE('',#11081,#6289);
#5762=LINE('',#11083,#6290);
#5763=LINE('',#11087,#6291);
#5764=LINE('',#11089,#6292);
#5765=LINE('',#11093,#6293);
#5766=LINE('',#11095,#6294);
#5767=LINE('',#11099,#6295);
#5768=LINE('',#11101,#6296);
#5769=LINE('',#11105,#6297);
#5770=LINE('',#11107,#6298);
#5771=LINE('',#11111,#6299);
#5772=LINE('',#11113,#6300);
#5773=LINE('',#11115,#6301);
#5774=LINE('',#11117,#6302);
#5775=LINE('',#11119,#6303);
#5776=LINE('',#11124,#6304);
#5777=LINE('',#11134,#6305);
#5778=LINE('',#11138,#6306);
#5779=LINE('',#11140,#6307);
#5780=LINE('',#11142,#6308);
#5781=LINE('',#11144,#6309);
#5782=LINE('',#11149,#6310);
#5783=LINE('',#11159,#6311);
#5784=LINE('',#11163,#6312);
#5785=LINE('',#11165,#6313);
#5786=LINE('',#11167,#6314);
#5787=LINE('',#11169,#6315);
#5788=LINE('',#11174,#6316);
#5789=LINE('',#11184,#6317);
#5790=LINE('',#11188,#6318);
#5791=LINE('',#11190,#6319);
#5792=LINE('',#11192,#6320);
#5793=LINE('',#11194,#6321);
#5794=LINE('',#11199,#6322);
#5795=LINE('',#11209,#6323);
#5796=LINE('',#11213,#6324);
#5797=LINE('',#11215,#6325);
#5798=LINE('',#11217,#6326);
#5799=LINE('',#11219,#6327);
#5800=LINE('',#11220,#6328);
#5801=LINE('',#11223,#6329);
#5802=LINE('',#11225,#6330);
#5803=LINE('',#11227,#6331);
#5804=LINE('',#11228,#6332);
#5805=LINE('',#11231,#6333);
#5806=LINE('',#11233,#6334);
#5807=LINE('',#11235,#6335);
#5808=LINE('',#11236,#6336);
#5809=LINE('',#11239,#6337);
#5810=LINE('',#11241,#6338);
#5811=LINE('',#11243,#6339);
#5812=LINE('',#11244,#6340);
#5813=LINE('',#11247,#6341);
#5814=LINE('',#11249,#6342);
#5815=LINE('',#11251,#6343);
#5816=LINE('',#11253,#6344);
#5817=LINE('',#11255,#6345);
#5818=LINE('',#11257,#6346);
#5819=LINE('',#11259,#6347);
#5820=LINE('',#11261,#6348);
#5821=VECTOR('',#7035,1.);
#5822=VECTOR('',#7038,1.);
#5823=VECTOR('',#7039,1.);
#5824=VECTOR('',#7040,1.);
#5825=VECTOR('',#7043,1.);
#5826=VECTOR('',#7046,1.);
#5827=VECTOR('',#7049,1.);
#5828=VECTOR('',#7052,1.);
#5829=VECTOR('',#7059,1.);
#5830=VECTOR('',#7064,1.);
#5831=VECTOR('',#7065,1.);
#5832=VECTOR('',#7066,1.);
#5833=VECTOR('',#7069,1.);
#5834=VECTOR('',#7076,1.);
#5835=VECTOR('',#7077,1.);
#5836=VECTOR('',#7078,1.);
#5837=VECTOR('',#7089,1.);
#5838=VECTOR('',#7094,1.);
#5839=VECTOR('',#7095,1.);
#5840=VECTOR('',#7096,1.);
#5841=VECTOR('',#7099,1.);
#5842=VECTOR('',#7106,1.);
#5843=VECTOR('',#7107,1.);
#5844=VECTOR('',#7108,1.);
#5845=VECTOR('',#7119,1.);
#5846=VECTOR('',#7124,1.);
#5847=VECTOR('',#7125,1.);
#5848=VECTOR('',#7126,1.);
#5849=VECTOR('',#7129,1.);
#5850=VECTOR('',#7136,1.);
#5851=VECTOR('',#7137,1.);
#5852=VECTOR('',#7138,1.);
#5853=VECTOR('',#7149,1.);
#5854=VECTOR('',#7154,1.);
#5855=VECTOR('',#7155,1.);
#5856=VECTOR('',#7156,1.);
#5857=VECTOR('',#7159,1.);
#5858=VECTOR('',#7166,1.);
#5859=VECTOR('',#7167,1.);
#5860=VECTOR('',#7168,1.);
#5861=VECTOR('',#7177,1.);
#5862=VECTOR('',#7180,1.);
#5863=VECTOR('',#7185,1.);
#5864=VECTOR('',#7186,1.);
#5865=VECTOR('',#7189,1.);
#5866=VECTOR('',#7192,1.);
#5867=VECTOR('',#7197,1.);
#5868=VECTOR('',#7198,1.);
#5869=VECTOR('',#7201,1.);
#5870=VECTOR('',#7204,1.);
#5871=VECTOR('',#7209,1.);
#5872=VECTOR('',#7210,1.);
#5873=VECTOR('',#7213,1.);
#5874=VECTOR('',#7216,1.);
#5875=VECTOR('',#7221,1.);
#5876=VECTOR('',#7222,1.);
#5877=VECTOR('',#7225,1.);
#5878=VECTOR('',#7228,1.);
#5879=VECTOR('',#7233,1.);
#5880=VECTOR('',#7234,1.);
#5881=VECTOR('',#7237,1.);
#5882=VECTOR('',#7240,1.);
#5883=VECTOR('',#7245,1.);
#5884=VECTOR('',#7246,1.);
#5885=VECTOR('',#7249,1.);
#5886=VECTOR('',#7252,1.);
#5887=VECTOR('',#7257,1.);
#5888=VECTOR('',#7258,1.);
#5889=VECTOR('',#7261,1.);
#5890=VECTOR('',#7264,1.);
#5891=VECTOR('',#7269,1.);
#5892=VECTOR('',#7270,1.);
#5893=VECTOR('',#7273,1.);
#5894=VECTOR('',#7276,1.);
#5895=VECTOR('',#7281,1.);
#5896=VECTOR('',#7282,1.);
#5897=VECTOR('',#7285,1.);
#5898=VECTOR('',#7288,1.);
#5899=VECTOR('',#7293,1.);
#5900=VECTOR('',#7294,1.);
#5901=VECTOR('',#7297,1.);
#5902=VECTOR('',#7298,1.);
#5903=VECTOR('',#7299,1.);
#5904=VECTOR('',#7300,1.);
#5905=VECTOR('',#7303,1.);
#5906=VECTOR('',#7310,1.);
#5907=VECTOR('',#7317,1.);
#5908=VECTOR('',#7324,1.);
#5909=VECTOR('',#7325,1.);
#5910=VECTOR('',#7326,1.);
#5911=VECTOR('',#7329,1.);
#5912=VECTOR('',#7336,1.);
#5913=VECTOR('',#7343,1.);
#5914=VECTOR('',#7344,1.);
#5915=VECTOR('',#7345,1.);
#5916=VECTOR('',#7348,1.);
#5917=VECTOR('',#7349,1.);
#5918=VECTOR('',#7350,1.);
#5919=VECTOR('',#7353,1.);
#5920=VECTOR('',#7360,1.);
#5921=VECTOR('',#7373,1.);
#5922=VECTOR('',#7374,1.);
#5923=VECTOR('',#7379,1.);
#5924=VECTOR('',#7380,1.);
#5925=VECTOR('',#7385,1.);
#5926=VECTOR('',#7386,1.);
#5927=VECTOR('',#7391,1.);
#5928=VECTOR('',#7392,1.);
#5929=VECTOR('',#7397,1.);
#5930=VECTOR('',#7398,1.);
#5931=VECTOR('',#7403,1.);
#5932=VECTOR('',#7404,1.);
#5933=VECTOR('',#7421,1.);
#5934=VECTOR('',#7428,1.);
#5935=VECTOR('',#7431,1.);
#5936=VECTOR('',#7434,1.);
#5937=VECTOR('',#7437,1.);
#5938=VECTOR('',#7440,1.);
#5939=VECTOR('',#7443,1.);
#5940=VECTOR('',#7446,1.);
#5941=VECTOR('',#7449,1.);
#5942=VECTOR('',#7452,1.);
#5943=VECTOR('',#7455,1.);
#5944=VECTOR('',#7458,1.);
#5945=VECTOR('',#7461,1.);
#5946=VECTOR('',#7464,1.);
#5947=VECTOR('',#7467,1.);
#5948=VECTOR('',#7470,1.);
#5949=VECTOR('',#7473,1.);
#5950=VECTOR('',#7476,1.);
#5951=VECTOR('',#7481,1.);
#5952=VECTOR('',#7482,1.);
#5953=VECTOR('',#7483,1.);
#5954=VECTOR('',#7484,1.);
#5955=VECTOR('',#7487,1.);
#5956=VECTOR('',#7488,1.);
#5957=VECTOR('',#7489,1.);
#5958=VECTOR('',#7492,1.);
#5959=VECTOR('',#7493,1.);
#5960=VECTOR('',#7494,1.);
#5961=VECTOR('',#7497,1.);
#5962=VECTOR('',#7498,1.);
#5963=VECTOR('',#7499,1.);
#5964=VECTOR('',#7502,1.);
#5965=VECTOR('',#7503,1.);
#5966=VECTOR('',#7504,1.);
#5967=VECTOR('',#7507,1.);
#5968=VECTOR('',#7508,1.);
#5969=VECTOR('',#7511,1.);
#5970=VECTOR('',#7512,1.);
#5971=VECTOR('',#7513,1.);
#5972=VECTOR('',#7514,1.);
#5973=VECTOR('',#7517,1.);
#5974=VECTOR('',#7524,1.);
#5975=VECTOR('',#7531,1.);
#5976=VECTOR('',#7532,1.);
#5977=VECTOR('',#7533,1.);
#5978=VECTOR('',#7536,1.);
#5979=VECTOR('',#7537,1.);
#5980=VECTOR('',#7538,1.);
#5981=VECTOR('',#7541,1.);
#5982=VECTOR('',#7548,1.);
#5983=VECTOR('',#7555,1.);
#5984=VECTOR('',#7556,1.);
#5985=VECTOR('',#7559,1.);
#5986=VECTOR('',#7560,1.);
#5987=VECTOR('',#7561,1.);
#5988=VECTOR('',#7562,1.);
#5989=VECTOR('',#7565,1.);
#5990=VECTOR('',#7572,1.);
#5991=VECTOR('',#7579,1.);
#5992=VECTOR('',#7580,1.);
#5993=VECTOR('',#7581,1.);
#5994=VECTOR('',#7584,1.);
#5995=VECTOR('',#7585,1.);
#5996=VECTOR('',#7586,1.);
#5997=VECTOR('',#7589,1.);
#5998=VECTOR('',#7596,1.);
#5999=VECTOR('',#7603,1.);
#6000=VECTOR('',#7604,1.);
#6001=VECTOR('',#7605,1.);
#6002=VECTOR('',#7608,1.);
#6003=VECTOR('',#7609,1.);
#6004=VECTOR('',#7610,1.);
#6005=VECTOR('',#7613,1.);
#6006=VECTOR('',#7620,1.);
#6007=VECTOR('',#7627,1.);
#6008=VECTOR('',#7628,1.);
#6009=VECTOR('',#7629,1.);
#6010=VECTOR('',#7632,1.);
#6011=VECTOR('',#7633,1.);
#6012=VECTOR('',#7634,1.);
#6013=VECTOR('',#7637,1.);
#6014=VECTOR('',#7644,1.);
#6015=VECTOR('',#7651,1.);
#6016=VECTOR('',#7652,1.);
#6017=VECTOR('',#7655,1.);
#6018=VECTOR('',#7656,1.);
#6019=VECTOR('',#7657,1.);
#6020=VECTOR('',#7658,1.);
#6021=VECTOR('',#7661,1.);
#6022=VECTOR('',#7668,1.);
#6023=VECTOR('',#7675,1.);
#6024=VECTOR('',#7676,1.);
#6025=VECTOR('',#7677,1.);
#6026=VECTOR('',#7680,1.);
#6027=VECTOR('',#7681,1.);
#6028=VECTOR('',#7682,1.);
#6029=VECTOR('',#7685,1.);
#6030=VECTOR('',#7692,1.);
#6031=VECTOR('',#7699,1.);
#6032=VECTOR('',#7700,1.);
#6033=VECTOR('',#7703,1.);
#6034=VECTOR('',#7704,1.);
#6035=VECTOR('',#7705,1.);
#6036=VECTOR('',#7706,1.);
#6037=VECTOR('',#7709,1.);
#6038=VECTOR('',#7716,1.);
#6039=VECTOR('',#7723,1.);
#6040=VECTOR('',#7730,1.);
#6041=VECTOR('',#7731,1.);
#6042=VECTOR('',#7732,1.);
#6043=VECTOR('',#7735,1.);
#6044=VECTOR('',#7736,1.);
#6045=VECTOR('',#7737,1.);
#6046=VECTOR('',#7740,1.);
#6047=VECTOR('',#7747,1.);
#6048=VECTOR('',#7754,1.);
#6049=VECTOR('',#7761,1.);
#6050=VECTOR('',#7762,1.);
#6051=VECTOR('',#7763,1.);
#6052=VECTOR('',#7766,1.);
#6053=VECTOR('',#7767,1.);
#6054=VECTOR('',#7768,1.);
#6055=VECTOR('',#7771,1.);
#6056=VECTOR('',#7778,1.);
#6057=VECTOR('',#7785,1.);
#6058=VECTOR('',#7792,1.);
#6059=VECTOR('',#7793,1.);
#6060=VECTOR('',#7794,1.);
#6061=VECTOR('',#7797,1.);
#6062=VECTOR('',#7798,1.);
#6063=VECTOR('',#7799,1.);
#6064=VECTOR('',#7802,1.);
#6065=VECTOR('',#7809,1.);
#6066=VECTOR('',#7816,1.);
#6067=VECTOR('',#7823,1.);
#6068=VECTOR('',#7824,1.);
#6069=VECTOR('',#7827,1.);
#6070=VECTOR('',#7828,1.);
#6071=VECTOR('',#7829,1.);
#6072=VECTOR('',#7832,1.);
#6073=VECTOR('',#7839,1.);
#6074=VECTOR('',#7846,1.);
#6075=VECTOR('',#7853,1.);
#6076=VECTOR('',#7854,1.);
#6077=VECTOR('',#7855,1.);
#6078=VECTOR('',#7858,1.);
#6079=VECTOR('',#7865,1.);
#6080=VECTOR('',#7866,1.);
#6081=VECTOR('',#7867,1.);
#6082=VECTOR('',#7870,1.);
#6083=VECTOR('',#7877,1.);
#6084=VECTOR('',#7878,1.);
#6085=VECTOR('',#7879,1.);
#6086=VECTOR('',#7882,1.);
#6087=VECTOR('',#7889,1.);
#6088=VECTOR('',#7896,1.);
#6089=VECTOR('',#7903,1.);
#6090=VECTOR('',#7904,1.);
#6091=VECTOR('',#7919,1.);
#6092=VECTOR('',#7920,1.);
#6093=VECTOR('',#7925,1.);
#6094=VECTOR('',#7928,1.);
#6095=VECTOR('',#7949,1.);
#6096=VECTOR('',#7950,1.);
#6097=VECTOR('',#7955,1.);
#6098=VECTOR('',#7958,1.);
#6099=VECTOR('',#7973,1.);
#6100=VECTOR('',#7974,1.);
#6101=VECTOR('',#7979,1.);
#6102=VECTOR('',#7982,1.);
#6103=VECTOR('',#7993,1.);
#6104=VECTOR('',#7994,1.);
#6105=VECTOR('',#7999,1.);
#6106=VECTOR('',#8002,1.);
#6107=VECTOR('',#8013,1.);
#6108=VECTOR('',#8014,1.);
#6109=VECTOR('',#8019,1.);
#6110=VECTOR('',#8022,1.);
#6111=VECTOR('',#8027,1.);
#6112=VECTOR('',#8028,1.);
#6113=VECTOR('',#8031,1.);
#6114=VECTOR('',#8032,1.);
#6115=VECTOR('',#8035,1.);
#6116=VECTOR('',#8036,1.);
#6117=VECTOR('',#8039,1.);
#6118=VECTOR('',#8040,1.);
#6119=VECTOR('',#8043,1.);
#6120=VECTOR('',#8044,1.);
#6121=VECTOR('',#8047,1.);
#6122=VECTOR('',#8048,1.);
#6123=VECTOR('',#8053,1.);
#6124=VECTOR('',#8054,1.);
#6125=VECTOR('',#8057,1.);
#6126=VECTOR('',#8060,1.);
#6127=VECTOR('',#8063,1.);
#6128=VECTOR('',#8066,1.);
#6129=VECTOR('',#8069,1.);
#6130=VECTOR('',#8080,1.);
#6131=VECTOR('',#8081,1.);
#6132=VECTOR('',#8082,1.);
#6133=VECTOR('',#8085,1.);
#6134=VECTOR('',#8088,1.);
#6135=VECTOR('',#8093,1.);
#6136=VECTOR('',#8094,1.);
#6137=VECTOR('',#8109,1.);
#6138=VECTOR('',#8110,1.);
#6139=VECTOR('',#8111,1.);
#6140=VECTOR('',#8114,1.);
#6141=VECTOR('',#8117,1.);
#6142=VECTOR('',#8122,1.);
#6143=VECTOR('',#8123,1.);
#6144=VECTOR('',#8136,1.);
#6145=VECTOR('',#8137,1.);
#6146=VECTOR('',#8142,1.);
#6147=VECTOR('',#8143,1.);
#6148=VECTOR('',#8152,1.);
#6149=VECTOR('',#8153,1.);
#6150=VECTOR('',#8158,1.);
#6151=VECTOR('',#8159,1.);
#6152=VECTOR('',#8162,1.);
#6153=VECTOR('',#8163,1.);
#6154=VECTOR('',#8166,1.);
#6155=VECTOR('',#8167,1.);
#6156=VECTOR('',#8170,1.);
#6157=VECTOR('',#8171,1.);
#6158=VECTOR('',#8174,1.);
#6159=VECTOR('',#8175,1.);
#6160=VECTOR('',#8178,1.);
#6161=VECTOR('',#8181,1.);
#6162=VECTOR('',#8184,1.);
#6163=VECTOR('',#8187,1.);
#6164=VECTOR('',#8190,1.);
#6165=VECTOR('',#8191,1.);
#6166=VECTOR('',#8196,1.);
#6167=VECTOR('',#8197,1.);
#6168=VECTOR('',#8202,1.);
#6169=VECTOR('',#8203,1.);
#6170=VECTOR('',#8208,1.);
#6171=VECTOR('',#8213,1.);
#6172=VECTOR('',#8218,1.);
#6173=VECTOR('',#8219,1.);
#6174=VECTOR('',#8224,1.);
#6175=VECTOR('',#8229,1.);
#6176=VECTOR('',#8234,1.);
#6177=VECTOR('',#8237,1.);
#6178=VECTOR('',#8240,1.);
#6179=VECTOR('',#8245,1.);
#6180=VECTOR('',#8248,1.);
#6181=VECTOR('',#8251,1.);
#6182=VECTOR('',#8252,1.);
#6183=VECTOR('',#8253,1.);
#6184=VECTOR('',#8256,1.);
#6185=VECTOR('',#8259,1.);
#6186=VECTOR('',#8264,1.);
#6187=VECTOR('',#8265,1.);
#6188=VECTOR('',#8268,1.);
#6189=VECTOR('',#8269,1.);
#6190=VECTOR('',#8272,1.);
#6191=VECTOR('',#8273,1.);
#6192=VECTOR('',#8276,1.);
#6193=VECTOR('',#8277,1.);
#6194=VECTOR('',#8280,1.);
#6195=VECTOR('',#8281,1.);
#6196=VECTOR('',#8284,1.);
#6197=VECTOR('',#8285,1.);
#6198=VECTOR('',#8294,1.);
#6199=VECTOR('',#8295,1.);
#6200=VECTOR('',#8304,1.);
#6201=VECTOR('',#8307,1.);
#6202=VECTOR('',#8310,1.);
#6203=VECTOR('',#8313,1.);
#6204=VECTOR('',#8316,1.);
#6205=VECTOR('',#8319,1.);
#6206=VECTOR('',#8322,1.);
#6207=VECTOR('',#8323,1.);
#6208=VECTOR('',#8328,1.);
#6209=VECTOR('',#8329,1.);
#6210=VECTOR('',#8334,1.);
#6211=VECTOR('',#8335,1.);
#6212=VECTOR('',#8340,1.);
#6213=VECTOR('',#8341,1.);
#6214=VECTOR('',#8346,1.);
#6215=VECTOR('',#8347,1.);
#6216=VECTOR('',#8352,1.);
#6217=VECTOR('',#8353,1.);
#6218=VECTOR('',#8358,1.);
#6219=VECTOR('',#8359,1.);
#6220=VECTOR('',#8364,1.);
#6221=VECTOR('',#8365,1.);
#6222=VECTOR('',#8378,1.);
#6223=VECTOR('',#8381,1.);
#6224=VECTOR('',#8384,1.);
#6225=VECTOR('',#8387,1.);
#6226=VECTOR('',#8390,1.);
#6227=VECTOR('',#8393,1.);
#6228=VECTOR('',#8396,1.);
#6229=VECTOR('',#8399,1.);
#6230=VECTOR('',#8402,1.);
#6231=VECTOR('',#8405,1.);
#6232=VECTOR('',#8406,1.);
#6233=VECTOR('',#8411,1.);
#6234=VECTOR('',#8412,1.);
#6235=VECTOR('',#8417,1.);
#6236=VECTOR('',#8422,1.);
#6237=VECTOR('',#8423,1.);
#6238=VECTOR('',#8428,1.);
#6239=VECTOR('',#8429,1.);
#6240=VECTOR('',#8434,1.);
#6241=VECTOR('',#8439,1.);
#6242=VECTOR('',#8440,1.);
#6243=VECTOR('',#8445,1.);
#6244=VECTOR('',#8446,1.);
#6245=VECTOR('',#8451,1.);
#6246=VECTOR('',#8456,1.);
#6247=VECTOR('',#8457,1.);
#6248=VECTOR('',#8462,1.);
#6249=VECTOR('',#8463,1.);
#6250=VECTOR('',#8468,1.);
#6251=VECTOR('',#8477,1.);
#6252=VECTOR('',#8480,1.);
#6253=VECTOR('',#8483,1.);
#6254=VECTOR('',#8486,1.);
#6255=VECTOR('',#8489,1.);
#6256=VECTOR('',#8492,1.);
#6257=VECTOR('',#8495,1.);
#6258=VECTOR('',#8498,1.);
#6259=VECTOR('',#8501,1.);
#6260=VECTOR('',#8502,1.);
#6261=VECTOR('',#8507,1.);
#6262=VECTOR('',#8508,1.);
#6263=VECTOR('',#8513,1.);
#6264=VECTOR('',#8514,1.);
#6265=VECTOR('',#8519,1.);
#6266=VECTOR('',#8520,1.);
#6267=VECTOR('',#8525,1.);
#6268=VECTOR('',#8526,1.);
#6269=VECTOR('',#8531,1.);
#6270=VECTOR('',#8532,1.);
#6271=VECTOR('',#8537,1.);
#6272=VECTOR('',#8538,1.);
#6273=VECTOR('',#8543,1.);
#6274=VECTOR('',#8544,1.);
#6275=VECTOR('',#8549,1.);
#6276=VECTOR('',#8550,1.);
#6277=VECTOR('',#8555,1.);
#6278=VECTOR('',#8556,1.);
#6279=VECTOR('',#8561,1.);
#6280=VECTOR('',#8562,1.);
#6281=VECTOR('',#8567,1.);
#6282=VECTOR('',#8568,1.);
#6283=VECTOR('',#8573,1.);
#6284=VECTOR('',#8574,1.);
#6285=VECTOR('',#8579,1.);
#6286=VECTOR('',#8580,1.);
#6287=VECTOR('',#8585,1.);
#6288=VECTOR('',#8586,1.);
#6289=VECTOR('',#8591,1.);
#6290=VECTOR('',#8592,1.);
#6291=VECTOR('',#8597,1.);
#6292=VECTOR('',#8598,1.);
#6293=VECTOR('',#8603,1.);
#6294=VECTOR('',#8604,1.);
#6295=VECTOR('',#8609,1.);
#6296=VECTOR('',#8610,1.);
#6297=VECTOR('',#8615,1.);
#6298=VECTOR('',#8616,1.);
#6299=VECTOR('',#8621,1.);
#6300=VECTOR('',#8624,1.);
#6301=VECTOR('',#8627,1.);
#6302=VECTOR('',#8630,1.);
#6303=VECTOR('',#8633,1.);
#6304=VECTOR('',#8636,1.);
#6305=VECTOR('',#8649,1.);
#6306=VECTOR('',#8652,1.);
#6307=VECTOR('',#8655,1.);
#6308=VECTOR('',#8656,1.);
#6309=VECTOR('',#8659,1.);
#6310=VECTOR('',#8662,1.);
#6311=VECTOR('',#8675,1.);
#6312=VECTOR('',#8678,1.);
#6313=VECTOR('',#8681,1.);
#6314=VECTOR('',#8682,1.);
#6315=VECTOR('',#8685,1.);
#6316=VECTOR('',#8688,1.);
#6317=VECTOR('',#8701,1.);
#6318=VECTOR('',#8704,1.);
#6319=VECTOR('',#8707,1.);
#6320=VECTOR('',#8708,1.);
#6321=VECTOR('',#8711,1.);
#6322=VECTOR('',#8714,1.);
#6323=VECTOR('',#8727,1.);
#6324=VECTOR('',#8730,1.);
#6325=VECTOR('',#8733,1.);
#6326=VECTOR('',#8734,1.);
#6327=VECTOR('',#8737,1.);
#6328=VECTOR('',#8738,1.);
#6329=VECTOR('',#8743,1.);
#6330=VECTOR('',#8746,1.);
#6331=VECTOR('',#8749,1.);
#6332=VECTOR('',#8750,1.);
#6333=VECTOR('',#8755,1.);
#6334=VECTOR('',#8758,1.);
#6335=VECTOR('',#8761,1.);
#6336=VECTOR('',#8762,1.);
#6337=VECTOR('',#8767,1.);
#6338=VECTOR('',#8770,1.);
#6339=VECTOR('',#8773,1.);
#6340=VECTOR('',#8774,1.);
#6341=VECTOR('',#8779,1.);
#6342=VECTOR('',#8782,1.);
#6343=VECTOR('',#8785,1.);
#6344=VECTOR('',#8788,1.);
#6345=VECTOR('',#8791,1.);
#6346=VECTOR('',#8794,1.);
#6347=VECTOR('',#8797,1.);
#6348=VECTOR('',#8800,1.);
#6349=AXIS2_PLACEMENT_3D('',#8929,#7033,#7034);
#6350=AXIS2_PLACEMENT_3D('',#8933,#7036,#7037);
#6351=AXIS2_PLACEMENT_3D('',#8941,#7041,#7042);
#6352=AXIS2_PLACEMENT_3D('',#8945,#7044,#7045);
#6353=AXIS2_PLACEMENT_3D('',#8949,#7047,#7048);
#6354=AXIS2_PLACEMENT_3D('',#8953,#7050,#7051);
#6355=AXIS2_PLACEMENT_3D('',#8957,#7053,#7054);
#6356=AXIS2_PLACEMENT_3D('',#8958,#7055,#7056);
#6357=AXIS2_PLACEMENT_3D('',#8965,#7057,#7058);
#6358=AXIS2_PLACEMENT_3D('',#8969,#7060,#7061);
#6359=AXIS2_PLACEMENT_3D('',#8970,#7062,#7063);
#6360=AXIS2_PLACEMENT_3D('',#8976,#7067,#7068);
#6361=AXIS2_PLACEMENT_3D('',#8980,#7070,#7071);
#6362=AXIS2_PLACEMENT_3D('',#8981,#7072,#7073);
#6363=AXIS2_PLACEMENT_3D('',#8982,#7074,#7075);
#6364=AXIS2_PLACEMENT_3D('',#8988,#7079,#7080);
#6365=AXIS2_PLACEMENT_3D('',#8995,#7081,#7082);
#6366=AXIS2_PLACEMENT_3D('',#8996,#7083,#7084);
#6367=AXIS2_PLACEMENT_3D('',#8997,#7085,#7086);
#6368=AXIS2_PLACEMENT_3D('',#9004,#7087,#7088);
#6369=AXIS2_PLACEMENT_3D('',#9008,#7090,#7091);
#6370=AXIS2_PLACEMENT_3D('',#9009,#7092,#7093);
#6371=AXIS2_PLACEMENT_3D('',#9015,#7097,#7098);
#6372=AXIS2_PLACEMENT_3D('',#9019,#7100,#7101);
#6373=AXIS2_PLACEMENT_3D('',#9020,#7102,#7103);
#6374=AXIS2_PLACEMENT_3D('',#9021,#7104,#7105);
#6375=AXIS2_PLACEMENT_3D('',#9027,#7109,#7110);
#6376=AXIS2_PLACEMENT_3D('',#9034,#7111,#7112);
#6377=AXIS2_PLACEMENT_3D('',#9035,#7113,#7114);
#6378=AXIS2_PLACEMENT_3D('',#9036,#7115,#7116);
#6379=AXIS2_PLACEMENT_3D('',#9043,#7117,#7118);
#6380=AXIS2_PLACEMENT_3D('',#9047,#7120,#7121);
#6381=AXIS2_PLACEMENT_3D('',#9048,#7122,#7123);
#6382=AXIS2_PLACEMENT_3D('',#9054,#7127,#7128);
#6383=AXIS2_PLACEMENT_3D('',#9058,#7130,#7131);
#6384=AXIS2_PLACEMENT_3D('',#9059,#7132,#7133);
#6385=AXIS2_PLACEMENT_3D('',#9060,#7134,#7135);
#6386=AXIS2_PLACEMENT_3D('',#9066,#7139,#7140);
#6387=AXIS2_PLACEMENT_3D('',#9073,#7141,#7142);
#6388=AXIS2_PLACEMENT_3D('',#9074,#7143,#7144);
#6389=AXIS2_PLACEMENT_3D('',#9075,#7145,#7146);
#6390=AXIS2_PLACEMENT_3D('',#9082,#7147,#7148);
#6391=AXIS2_PLACEMENT_3D('',#9086,#7150,#7151);
#6392=AXIS2_PLACEMENT_3D('',#9087,#7152,#7153);
#6393=AXIS2_PLACEMENT_3D('',#9093,#7157,#7158);
#6394=AXIS2_PLACEMENT_3D('',#9097,#7160,#7161);
#6395=AXIS2_PLACEMENT_3D('',#9098,#7162,#7163);
#6396=AXIS2_PLACEMENT_3D('',#9099,#7164,#7165);
#6397=AXIS2_PLACEMENT_3D('',#9105,#7169,#7170);
#6398=AXIS2_PLACEMENT_3D('',#9112,#7171,#7172);
#6399=AXIS2_PLACEMENT_3D('',#9113,#7173,#7174);
#6400=AXIS2_PLACEMENT_3D('',#9114,#7175,#7176);
#6401=AXIS2_PLACEMENT_3D('',#9118,#7178,#7179);
#6402=AXIS2_PLACEMENT_3D('',#9122,#7181,#7182);
#6403=AXIS2_PLACEMENT_3D('',#9123,#7183,#7184);
#6404=AXIS2_PLACEMENT_3D('',#9127,#7187,#7188);
#6405=AXIS2_PLACEMENT_3D('',#9131,#7190,#7191);
#6406=AXIS2_PLACEMENT_3D('',#9135,#7193,#7194);
#6407=AXIS2_PLACEMENT_3D('',#9136,#7195,#7196);
#6408=AXIS2_PLACEMENT_3D('',#9140,#7199,#7200);
#6409=AXIS2_PLACEMENT_3D('',#9144,#7202,#7203);
#6410=AXIS2_PLACEMENT_3D('',#9148,#7205,#7206);
#6411=AXIS2_PLACEMENT_3D('',#9149,#7207,#7208);
#6412=AXIS2_PLACEMENT_3D('',#9153,#7211,#7212);
#6413=AXIS2_PLACEMENT_3D('',#9157,#7214,#7215);
#6414=AXIS2_PLACEMENT_3D('',#9161,#7217,#7218);
#6415=AXIS2_PLACEMENT_3D('',#9162,#7219,#7220);
#6416=AXIS2_PLACEMENT_3D('',#9166,#7223,#7224);
#6417=AXIS2_PLACEMENT_3D('',#9170,#7226,#7227);
#6418=AXIS2_PLACEMENT_3D('',#9174,#7229,#7230);
#6419=AXIS2_PLACEMENT_3D('',#9175,#7231,#7232);
#6420=AXIS2_PLACEMENT_3D('',#9179,#7235,#7236);
#6421=AXIS2_PLACEMENT_3D('',#9183,#7238,#7239);
#6422=AXIS2_PLACEMENT_3D('',#9187,#7241,#7242);
#6423=AXIS2_PLACEMENT_3D('',#9188,#7243,#7244);
#6424=AXIS2_PLACEMENT_3D('',#9192,#7247,#7248);
#6425=AXIS2_PLACEMENT_3D('',#9196,#7250,#7251);
#6426=AXIS2_PLACEMENT_3D('',#9200,#7253,#7254);
#6427=AXIS2_PLACEMENT_3D('',#9201,#7255,#7256);
#6428=AXIS2_PLACEMENT_3D('',#9205,#7259,#7260);
#6429=AXIS2_PLACEMENT_3D('',#9209,#7262,#7263);
#6430=AXIS2_PLACEMENT_3D('',#9213,#7265,#7266);
#6431=AXIS2_PLACEMENT_3D('',#9214,#7267,#7268);
#6432=AXIS2_PLACEMENT_3D('',#9218,#7271,#7272);
#6433=AXIS2_PLACEMENT_3D('',#9222,#7274,#7275);
#6434=AXIS2_PLACEMENT_3D('',#9226,#7277,#7278);
#6435=AXIS2_PLACEMENT_3D('',#9227,#7279,#7280);
#6436=AXIS2_PLACEMENT_3D('',#9231,#7283,#7284);
#6437=AXIS2_PLACEMENT_3D('',#9235,#7286,#7287);
#6438=AXIS2_PLACEMENT_3D('',#9239,#7289,#7290);
#6439=AXIS2_PLACEMENT_3D('',#9240,#7291,#7292);
#6440=AXIS2_PLACEMENT_3D('',#9244,#7295,#7296);
#6441=AXIS2_PLACEMENT_3D('',#9253,#7301,#7302);
#6442=AXIS2_PLACEMENT_3D('',#9257,#7304,#7305);
#6443=AXIS2_PLACEMENT_3D('',#9258,#7306,#7307);
#6444=AXIS2_PLACEMENT_3D('',#9259,#7308,#7309);
#6445=AXIS2_PLACEMENT_3D('',#9263,#7311,#7312);
#6446=AXIS2_PLACEMENT_3D('',#9264,#7313,#7314);
#6447=AXIS2_PLACEMENT_3D('',#9265,#7315,#7316);
#6448=AXIS2_PLACEMENT_3D('',#9269,#7318,#7319);
#6449=AXIS2_PLACEMENT_3D('',#9270,#7320,#7321);
#6450=AXIS2_PLACEMENT_3D('',#9271,#7322,#7323);
#6451=AXIS2_PLACEMENT_3D('',#9277,#7327,#7328);
#6452=AXIS2_PLACEMENT_3D('',#9281,#7330,#7331);
#6453=AXIS2_PLACEMENT_3D('',#9282,#7332,#7333);
#6454=AXIS2_PLACEMENT_3D('',#9283,#7334,#7335);
#6455=AXIS2_PLACEMENT_3D('',#9287,#7337,#7338);
#6456=AXIS2_PLACEMENT_3D('',#9288,#7339,#7340);
#6457=AXIS2_PLACEMENT_3D('',#9289,#7341,#7342);
#6458=AXIS2_PLACEMENT_3D('',#9295,#7346,#7347);
#6459=AXIS2_PLACEMENT_3D('',#9301,#7351,#7352);
#6460=AXIS2_PLACEMENT_3D('',#9305,#7354,#7355);
#6461=AXIS2_PLACEMENT_3D('',#9306,#7356,#7357);
#6462=AXIS2_PLACEMENT_3D('',#9307,#7358,#7359);
#6463=AXIS2_PLACEMENT_3D('',#9311,#7361,#7362);
#6464=AXIS2_PLACEMENT_3D('',#9312,#7363,#7364);
#6465=AXIS2_PLACEMENT_3D('',#9313,#7365,#7366);
#6466=AXIS2_PLACEMENT_3D('',#9314,#7367,#7368);
#6467=AXIS2_PLACEMENT_3D('',#9315,#7369,#7370);
#6468=AXIS2_PLACEMENT_3D('',#9316,#7371,#7372);
#6469=AXIS2_PLACEMENT_3D('',#9321,#7375,#7376);
#6470=AXIS2_PLACEMENT_3D('',#9322,#7377,#7378);
#6471=AXIS2_PLACEMENT_3D('',#9327,#7381,#7382);
#6472=AXIS2_PLACEMENT_3D('',#9328,#7383,#7384);
#6473=AXIS2_PLACEMENT_3D('',#9333,#7387,#7388);
#6474=AXIS2_PLACEMENT_3D('',#9334,#7389,#7390);
#6475=AXIS2_PLACEMENT_3D('',#9339,#7393,#7394);
#6476=AXIS2_PLACEMENT_3D('',#9340,#7395,#7396);
#6477=AXIS2_PLACEMENT_3D('',#9345,#7399,#7400);
#6478=AXIS2_PLACEMENT_3D('',#9346,#7401,#7402);
#6479=AXIS2_PLACEMENT_3D('',#9351,#7405,#7406);
#6480=AXIS2_PLACEMENT_3D('',#9352,#7407,#7408);
#6481=AXIS2_PLACEMENT_3D('',#9353,#7409,#7410);
#6482=AXIS2_PLACEMENT_3D('',#9354,#7411,#7412);
#6483=AXIS2_PLACEMENT_3D('',#9355,#7413,#7414);
#6484=AXIS2_PLACEMENT_3D('',#9356,#7415,#7416);
#6485=AXIS2_PLACEMENT_3D('',#9357,#7417,#7418);
#6486=AXIS2_PLACEMENT_3D('',#9358,#7419,#7420);
#6487=AXIS2_PLACEMENT_3D('',#9360,#7422,#7423);
#6488=AXIS2_PLACEMENT_3D('',#9361,#7424,#7425);
#6489=AXIS2_PLACEMENT_3D('',#9362,#7426,#7427);
#6490=AXIS2_PLACEMENT_3D('',#9364,#7429,#7430);
#6491=AXIS2_PLACEMENT_3D('',#9366,#7432,#7433);
#6492=AXIS2_PLACEMENT_3D('',#9368,#7435,#7436);
#6493=AXIS2_PLACEMENT_3D('',#9377,#7438,#7439);
#6494=AXIS2_PLACEMENT_3D('',#9385,#7441,#7442);
#6495=AXIS2_PLACEMENT_3D('',#9394,#7444,#7445);
#6496=AXIS2_PLACEMENT_3D('',#9402,#7447,#7448);
#6497=AXIS2_PLACEMENT_3D('',#9411,#7450,#7451);
#6498=AXIS2_PLACEMENT_3D('',#9419,#7453,#7454);
#6499=AXIS2_PLACEMENT_3D('',#9428,#7456,#7457);
#6500=AXIS2_PLACEMENT_3D('',#9436,#7459,#7460);
#6501=AXIS2_PLACEMENT_3D('',#9445,#7462,#7463);
#6502=AXIS2_PLACEMENT_3D('',#9453,#7465,#7466);
#6503=AXIS2_PLACEMENT_3D('',#9462,#7468,#7469);
#6504=AXIS2_PLACEMENT_3D('',#9470,#7471,#7472);
#6505=AXIS2_PLACEMENT_3D('',#9474,#7474,#7475);
#6506=AXIS2_PLACEMENT_3D('',#9478,#7477,#7478);
#6507=AXIS2_PLACEMENT_3D('',#9479,#7479,#7480);
#6508=AXIS2_PLACEMENT_3D('',#9486,#7485,#7486);
#6509=AXIS2_PLACEMENT_3D('',#9491,#7490,#7491);
#6510=AXIS2_PLACEMENT_3D('',#9496,#7495,#7496);
#6511=AXIS2_PLACEMENT_3D('',#9501,#7500,#7501);
#6512=AXIS2_PLACEMENT_3D('',#9506,#7505,#7506);
#6513=AXIS2_PLACEMENT_3D('',#9509,#7509,#7510);
#6514=AXIS2_PLACEMENT_3D('',#9518,#7515,#7516);
#6515=AXIS2_PLACEMENT_3D('',#9522,#7518,#7519);
#6516=AXIS2_PLACEMENT_3D('',#9523,#7520,#7521);
#6517=AXIS2_PLACEMENT_3D('',#9524,#7522,#7523);
#6518=AXIS2_PLACEMENT_3D('',#9528,#7525,#7526);
#6519=AXIS2_PLACEMENT_3D('',#9529,#7527,#7528);
#6520=AXIS2_PLACEMENT_3D('',#9530,#7529,#7530);
#6521=AXIS2_PLACEMENT_3D('',#9536,#7534,#7535);
#6522=AXIS2_PLACEMENT_3D('',#9542,#7539,#7540);
#6523=AXIS2_PLACEMENT_3D('',#9546,#7542,#7543);
#6524=AXIS2_PLACEMENT_3D('',#9547,#7544,#7545);
#6525=AXIS2_PLACEMENT_3D('',#9548,#7546,#7547);
#6526=AXIS2_PLACEMENT_3D('',#9552,#7549,#7550);
#6527=AXIS2_PLACEMENT_3D('',#9553,#7551,#7552);
#6528=AXIS2_PLACEMENT_3D('',#9554,#7553,#7554);
#6529=AXIS2_PLACEMENT_3D('',#9557,#7557,#7558);
#6530=AXIS2_PLACEMENT_3D('',#9566,#7563,#7564);
#6531=AXIS2_PLACEMENT_3D('',#9570,#7566,#7567);
#6532=AXIS2_PLACEMENT_3D('',#9571,#7568,#7569);
#6533=AXIS2_PLACEMENT_3D('',#9572,#7570,#7571);
#6534=AXIS2_PLACEMENT_3D('',#9576,#7573,#7574);
#6535=AXIS2_PLACEMENT_3D('',#9577,#7575,#7576);
#6536=AXIS2_PLACEMENT_3D('',#9578,#7577,#7578);
#6537=AXIS2_PLACEMENT_3D('',#9584,#7582,#7583);
#6538=AXIS2_PLACEMENT_3D('',#9590,#7587,#7588);
#6539=AXIS2_PLACEMENT_3D('',#9594,#7590,#7591);
#6540=AXIS2_PLACEMENT_3D('',#9595,#7592,#7593);
#6541=AXIS2_PLACEMENT_3D('',#9596,#7594,#7595);
#6542=AXIS2_PLACEMENT_3D('',#9600,#7597,#7598);
#6543=AXIS2_PLACEMENT_3D('',#9601,#7599,#7600);
#6544=AXIS2_PLACEMENT_3D('',#9602,#7601,#7602);
#6545=AXIS2_PLACEMENT_3D('',#9608,#7606,#7607);
#6546=AXIS2_PLACEMENT_3D('',#9614,#7611,#7612);
#6547=AXIS2_PLACEMENT_3D('',#9618,#7614,#7615);
#6548=AXIS2_PLACEMENT_3D('',#9619,#7616,#7617);
#6549=AXIS2_PLACEMENT_3D('',#9620,#7618,#7619);
#6550=AXIS2_PLACEMENT_3D('',#9624,#7621,#7622);
#6551=AXIS2_PLACEMENT_3D('',#9625,#7623,#7624);
#6552=AXIS2_PLACEMENT_3D('',#9626,#7625,#7626);
#6553=AXIS2_PLACEMENT_3D('',#9632,#7630,#7631);
#6554=AXIS2_PLACEMENT_3D('',#9638,#7635,#7636);
#6555=AXIS2_PLACEMENT_3D('',#9642,#7638,#7639);
#6556=AXIS2_PLACEMENT_3D('',#9643,#7640,#7641);
#6557=AXIS2_PLACEMENT_3D('',#9644,#7642,#7643);
#6558=AXIS2_PLACEMENT_3D('',#9648,#7645,#7646);
#6559=AXIS2_PLACEMENT_3D('',#9649,#7647,#7648);
#6560=AXIS2_PLACEMENT_3D('',#9650,#7649,#7650);
#6561=AXIS2_PLACEMENT_3D('',#9653,#7653,#7654);
#6562=AXIS2_PLACEMENT_3D('',#9662,#7659,#7660);
#6563=AXIS2_PLACEMENT_3D('',#9666,#7662,#7663);
#6564=AXIS2_PLACEMENT_3D('',#9667,#7664,#7665);
#6565=AXIS2_PLACEMENT_3D('',#9668,#7666,#7667);
#6566=AXIS2_PLACEMENT_3D('',#9672,#7669,#7670);
#6567=AXIS2_PLACEMENT_3D('',#9673,#7671,#7672);
#6568=AXIS2_PLACEMENT_3D('',#9674,#7673,#7674);
#6569=AXIS2_PLACEMENT_3D('',#9680,#7678,#7679);
#6570=AXIS2_PLACEMENT_3D('',#9686,#7683,#7684);
#6571=AXIS2_PLACEMENT_3D('',#9690,#7686,#7687);
#6572=AXIS2_PLACEMENT_3D('',#9691,#7688,#7689);
#6573=AXIS2_PLACEMENT_3D('',#9692,#7690,#7691);
#6574=AXIS2_PLACEMENT_3D('',#9696,#7693,#7694);
#6575=AXIS2_PLACEMENT_3D('',#9697,#7695,#7696);
#6576=AXIS2_PLACEMENT_3D('',#9698,#7697,#7698);
#6577=AXIS2_PLACEMENT_3D('',#9701,#7701,#7702);
#6578=AXIS2_PLACEMENT_3D('',#9710,#7707,#7708);
#6579=AXIS2_PLACEMENT_3D('',#9714,#7710,#7711);
#6580=AXIS2_PLACEMENT_3D('',#9715,#7712,#7713);
#6581=AXIS2_PLACEMENT_3D('',#9716,#7714,#7715);
#6582=AXIS2_PLACEMENT_3D('',#9720,#7717,#7718);
#6583=AXIS2_PLACEMENT_3D('',#9721,#7719,#7720);
#6584=AXIS2_PLACEMENT_3D('',#9722,#7721,#7722);
#6585=AXIS2_PLACEMENT_3D('',#9726,#7724,#7725);
#6586=AXIS2_PLACEMENT_3D('',#9727,#7726,#7727);
#6587=AXIS2_PLACEMENT_3D('',#9728,#7728,#7729);
#6588=AXIS2_PLACEMENT_3D('',#9734,#7733,#7734);
#6589=AXIS2_PLACEMENT_3D('',#9740,#7738,#7739);
#6590=AXIS2_PLACEMENT_3D('',#9744,#7741,#7742);
#6591=AXIS2_PLACEMENT_3D('',#9745,#7743,#7744);
#6592=AXIS2_PLACEMENT_3D('',#9746,#7745,#7746);
#6593=AXIS2_PLACEMENT_3D('',#9750,#7748,#7749);
#6594=AXIS2_PLACEMENT_3D('',#9751,#7750,#7751);
#6595=AXIS2_PLACEMENT_3D('',#9752,#7752,#7753);
#6596=AXIS2_PLACEMENT_3D('',#9756,#7755,#7756);
#6597=AXIS2_PLACEMENT_3D('',#9757,#7757,#7758);
#6598=AXIS2_PLACEMENT_3D('',#9758,#7759,#7760);
#6599=AXIS2_PLACEMENT_3D('',#9764,#7764,#7765);
#6600=AXIS2_PLACEMENT_3D('',#9770,#7769,#7770);
#6601=AXIS2_PLACEMENT_3D('',#9774,#7772,#7773);
#6602=AXIS2_PLACEMENT_3D('',#9775,#7774,#7775);
#6603=AXIS2_PLACEMENT_3D('',#9776,#7776,#7777);
#6604=AXIS2_PLACEMENT_3D('',#9780,#7779,#7780);
#6605=AXIS2_PLACEMENT_3D('',#9781,#7781,#7782);
#6606=AXIS2_PLACEMENT_3D('',#9782,#7783,#7784);
#6607=AXIS2_PLACEMENT_3D('',#9786,#7786,#7787);
#6608=AXIS2_PLACEMENT_3D('',#9787,#7788,#7789);
#6609=AXIS2_PLACEMENT_3D('',#9788,#7790,#7791);
#6610=AXIS2_PLACEMENT_3D('',#9794,#7795,#7796);
#6611=AXIS2_PLACEMENT_3D('',#9800,#7800,#7801);
#6612=AXIS2_PLACEMENT_3D('',#9804,#7803,#7804);
#6613=AXIS2_PLACEMENT_3D('',#9805,#7805,#7806);
#6614=AXIS2_PLACEMENT_3D('',#9806,#7807,#7808);
#6615=AXIS2_PLACEMENT_3D('',#9810,#7810,#7811);
#6616=AXIS2_PLACEMENT_3D('',#9811,#7812,#7813);
#6617=AXIS2_PLACEMENT_3D('',#9812,#7814,#7815);
#6618=AXIS2_PLACEMENT_3D('',#9816,#7817,#7818);
#6619=AXIS2_PLACEMENT_3D('',#9817,#7819,#7820);
#6620=AXIS2_PLACEMENT_3D('',#9818,#7821,#7822);
#6621=AXIS2_PLACEMENT_3D('',#9821,#7825,#7826);
#6622=AXIS2_PLACEMENT_3D('',#9833,#7830,#7831);
#6623=AXIS2_PLACEMENT_3D('',#9837,#7833,#7834);
#6624=AXIS2_PLACEMENT_3D('',#9838,#7835,#7836);
#6625=AXIS2_PLACEMENT_3D('',#9839,#7837,#7838);
#6626=AXIS2_PLACEMENT_3D('',#9843,#7840,#7841);
#6627=AXIS2_PLACEMENT_3D('',#9844,#7842,#7843);
#6628=AXIS2_PLACEMENT_3D('',#9845,#7844,#7845);
#6629=AXIS2_PLACEMENT_3D('',#9849,#7847,#7848);
#6630=AXIS2_PLACEMENT_3D('',#9850,#7849,#7850);
#6631=AXIS2_PLACEMENT_3D('',#9851,#7851,#7852);
#6632=AXIS2_PLACEMENT_3D('',#9857,#7856,#7857);
#6633=AXIS2_PLACEMENT_3D('',#9861,#7859,#7860);
#6634=AXIS2_PLACEMENT_3D('',#9862,#7861,#7862);
#6635=AXIS2_PLACEMENT_3D('',#9863,#7863,#7864);
#6636=AXIS2_PLACEMENT_3D('',#9869,#7868,#7869);
#6637=AXIS2_PLACEMENT_3D('',#9873,#7871,#7872);
#6638=AXIS2_PLACEMENT_3D('',#9874,#7873,#7874);
#6639=AXIS2_PLACEMENT_3D('',#9875,#7875,#7876);
#6640=AXIS2_PLACEMENT_3D('',#9881,#7880,#7881);
#6641=AXIS2_PLACEMENT_3D('',#9885,#7883,#7884);
#6642=AXIS2_PLACEMENT_3D('',#9886,#7885,#7886);
#6643=AXIS2_PLACEMENT_3D('',#9887,#7887,#7888);
#6644=AXIS2_PLACEMENT_3D('',#9891,#7890,#7891);
#6645=AXIS2_PLACEMENT_3D('',#9892,#7892,#7893);
#6646=AXIS2_PLACEMENT_3D('',#9893,#7894,#7895);
#6647=AXIS2_PLACEMENT_3D('',#9897,#7897,#7898);
#6648=AXIS2_PLACEMENT_3D('',#9898,#7899,#7900);
#6649=AXIS2_PLACEMENT_3D('',#9899,#7901,#7902);
#6650=AXIS2_PLACEMENT_3D('',#9908,#7905,#7906);
#6651=AXIS2_PLACEMENT_3D('',#9909,#7907,#7908);
#6652=AXIS2_PLACEMENT_3D('',#9912,#7909,#7910);
#6653=AXIS2_PLACEMENT_3D('',#9914,#7911,#7912);
#6654=AXIS2_PLACEMENT_3D('',#9916,#7913,#7914);
#6655=AXIS2_PLACEMENT_3D('',#9917,#7915,#7916);
#6656=AXIS2_PLACEMENT_3D('',#9918,#7917,#7918);
#6657=AXIS2_PLACEMENT_3D('',#9923,#7921,#7922);
#6658=AXIS2_PLACEMENT_3D('',#9924,#7923,#7924);
#6659=AXIS2_PLACEMENT_3D('',#9929,#7926,#7927);
#6660=AXIS2_PLACEMENT_3D('',#9932,#7929,#7930);
#6661=AXIS2_PLACEMENT_3D('',#9933,#7931,#7932);
#6662=AXIS2_PLACEMENT_3D('',#9934,#7933,#7934);
#6663=AXIS2_PLACEMENT_3D('',#9935,#7935,#7936);
#6664=AXIS2_PLACEMENT_3D('',#9936,#7937,#7938);
#6665=AXIS2_PLACEMENT_3D('',#9939,#7939,#7940);
#6666=AXIS2_PLACEMENT_3D('',#9941,#7941,#7942);
#6667=AXIS2_PLACEMENT_3D('',#9943,#7943,#7944);
#6668=AXIS2_PLACEMENT_3D('',#9944,#7945,#7946);
#6669=AXIS2_PLACEMENT_3D('',#9945,#7947,#7948);
#6670=AXIS2_PLACEMENT_3D('',#9950,#7951,#7952);
#6671=AXIS2_PLACEMENT_3D('',#9951,#7953,#7954);
#6672=AXIS2_PLACEMENT_3D('',#9956,#7956,#7957);
#6673=AXIS2_PLACEMENT_3D('',#9959,#7959,#7960);
#6674=AXIS2_PLACEMENT_3D('',#9960,#7961,#7962);
#6675=AXIS2_PLACEMENT_3D('',#9961,#7963,#7964);
#6676=AXIS2_PLACEMENT_3D('',#9962,#7965,#7966);
#6677=AXIS2_PLACEMENT_3D('',#9963,#7967,#7968);
#6678=AXIS2_PLACEMENT_3D('',#9971,#7969,#7970);
#6679=AXIS2_PLACEMENT_3D('',#9989,#7971,#7972);
#6680=AXIS2_PLACEMENT_3D('',#9994,#7975,#7976);
#6681=AXIS2_PLACEMENT_3D('',#9995,#7977,#7978);
#6682=AXIS2_PLACEMENT_3D('',#10000,#7980,#7981);
#6683=AXIS2_PLACEMENT_3D('',#10003,#7983,#7984);
#6684=AXIS2_PLACEMENT_3D('',#10004,#7985,#7986);
#6685=AXIS2_PLACEMENT_3D('',#10012,#7987,#7988);
#6686=AXIS2_PLACEMENT_3D('',#10030,#7989,#7990);
#6687=AXIS2_PLACEMENT_3D('',#10053,#7991,#7992);
#6688=AXIS2_PLACEMENT_3D('',#10058,#7995,#7996);
#6689=AXIS2_PLACEMENT_3D('',#10059,#7997,#7998);
#6690=AXIS2_PLACEMENT_3D('',#10064,#8000,#8001);
#6691=AXIS2_PLACEMENT_3D('',#10067,#8003,#8004);
#6692=AXIS2_PLACEMENT_3D('',#10068,#8005,#8006);
#6693=AXIS2_PLACEMENT_3D('',#10076,#8007,#8008);
#6694=AXIS2_PLACEMENT_3D('',#10094,#8009,#8010);
#6695=AXIS2_PLACEMENT_3D('',#10117,#8011,#8012);
#6696=AXIS2_PLACEMENT_3D('',#10122,#8015,#8016);
#6697=AXIS2_PLACEMENT_3D('',#10123,#8017,#8018);
#6698=AXIS2_PLACEMENT_3D('',#10128,#8020,#8021);
#6699=AXIS2_PLACEMENT_3D('',#10131,#8023,#8024);
#6700=AXIS2_PLACEMENT_3D('',#10132,#8025,#8026);
#6701=AXIS2_PLACEMENT_3D('',#10167,#8029,#8030);
#6702=AXIS2_PLACEMENT_3D('',#10180,#8033,#8034);
#6703=AXIS2_PLACEMENT_3D('',#10193,#8037,#8038);
#6704=AXIS2_PLACEMENT_3D('',#10206,#8041,#8042);
#6705=AXIS2_PLACEMENT_3D('',#10219,#8045,#8046);
#6706=AXIS2_PLACEMENT_3D('',#10232,#8049,#8050);
#6707=AXIS2_PLACEMENT_3D('',#10257,#8051,#8052);
#6708=AXIS2_PLACEMENT_3D('',#10261,#8055,#8056);
#6709=AXIS2_PLACEMENT_3D('',#10263,#8058,#8059);
#6710=AXIS2_PLACEMENT_3D('',#10265,#8061,#8062);
#6711=AXIS2_PLACEMENT_3D('',#10267,#8064,#8065);
#6712=AXIS2_PLACEMENT_3D('',#10269,#8067,#8068);
#6713=AXIS2_PLACEMENT_3D('',#10271,#8070,#8071);
#6714=AXIS2_PLACEMENT_3D('',#10272,#8072,#8073);
#6715=AXIS2_PLACEMENT_3D('',#10273,#8074,#8075);
#6716=AXIS2_PLACEMENT_3D('',#10274,#8076,#8077);
#6717=AXIS2_PLACEMENT_3D('',#10275,#8078,#8079);
#6718=AXIS2_PLACEMENT_3D('',#10281,#8083,#8084);
#6719=AXIS2_PLACEMENT_3D('',#10284,#8086,#8087);
#6720=AXIS2_PLACEMENT_3D('',#10287,#8089,#8090);
#6721=AXIS2_PLACEMENT_3D('',#10288,#8091,#8092);
#6722=AXIS2_PLACEMENT_3D('',#10292,#8095,#8096);
#6723=AXIS2_PLACEMENT_3D('',#10293,#8097,#8098);
#6724=AXIS2_PLACEMENT_3D('',#10294,#8099,#8100);
#6725=AXIS2_PLACEMENT_3D('',#10295,#8101,#8102);
#6726=AXIS2_PLACEMENT_3D('',#10296,#8103,#8104);
#6727=AXIS2_PLACEMENT_3D('',#10297,#8105,#8106);
#6728=AXIS2_PLACEMENT_3D('',#10298,#8107,#8108);
#6729=AXIS2_PLACEMENT_3D('',#10304,#8112,#8113);
#6730=AXIS2_PLACEMENT_3D('',#10307,#8115,#8116);
#6731=AXIS2_PLACEMENT_3D('',#10310,#8118,#8119);
#6732=AXIS2_PLACEMENT_3D('',#10311,#8120,#8121);
#6733=AXIS2_PLACEMENT_3D('',#10315,#8124,#8125);
#6734=AXIS2_PLACEMENT_3D('',#10316,#8126,#8127);
#6735=AXIS2_PLACEMENT_3D('',#10317,#8128,#8129);
#6736=AXIS2_PLACEMENT_3D('',#10318,#8130,#8131);
#6737=AXIS2_PLACEMENT_3D('',#10340,#8132,#8133);
#6738=AXIS2_PLACEMENT_3D('',#10406,#8134,#8135);
#6739=AXIS2_PLACEMENT_3D('',#10411,#8138,#8139);
#6740=AXIS2_PLACEMENT_3D('',#10412,#8140,#8141);
#6741=AXIS2_PLACEMENT_3D('',#10417,#8144,#8145);
#6742=AXIS2_PLACEMENT_3D('',#10418,#8146,#8147);
#6743=AXIS2_PLACEMENT_3D('',#10503,#8148,#8149);
#6744=AXIS2_PLACEMENT_3D('',#10588,#8150,#8151);
#6745=AXIS2_PLACEMENT_3D('',#10593,#8154,#8155);
#6746=AXIS2_PLACEMENT_3D('',#10594,#8156,#8157);
#6747=AXIS2_PLACEMENT_3D('',#10599,#8160,#8161);
#6748=AXIS2_PLACEMENT_3D('',#10690,#8164,#8165);
#6749=AXIS2_PLACEMENT_3D('',#10699,#8168,#8169);
#6750=AXIS2_PLACEMENT_3D('',#10708,#8172,#8173);
#6751=AXIS2_PLACEMENT_3D('',#10717,#8176,#8177);
#6752=AXIS2_PLACEMENT_3D('',#10719,#8179,#8180);
#6753=AXIS2_PLACEMENT_3D('',#10721,#8182,#8183);
#6754=AXIS2_PLACEMENT_3D('',#10723,#8185,#8186);
#6755=AXIS2_PLACEMENT_3D('',#10725,#8188,#8189);
#6756=AXIS2_PLACEMENT_3D('',#10730,#8192,#8193);
#6757=AXIS2_PLACEMENT_3D('',#10731,#8194,#8195);
#6758=AXIS2_PLACEMENT_3D('',#10736,#8198,#8199);
#6759=AXIS2_PLACEMENT_3D('',#10737,#8200,#8201);
#6760=AXIS2_PLACEMENT_3D('',#10742,#8204,#8205);
#6761=AXIS2_PLACEMENT_3D('',#10743,#8206,#8207);
#6762=AXIS2_PLACEMENT_3D('',#10746,#8209,#8210);
#6763=AXIS2_PLACEMENT_3D('',#10747,#8211,#8212);
#6764=AXIS2_PLACEMENT_3D('',#10750,#8214,#8215);
#6765=AXIS2_PLACEMENT_3D('',#10751,#8216,#8217);
#6766=AXIS2_PLACEMENT_3D('',#10756,#8220,#8221);
#6767=AXIS2_PLACEMENT_3D('',#10757,#8222,#8223);
#6768=AXIS2_PLACEMENT_3D('',#10760,#8225,#8226);
#6769=AXIS2_PLACEMENT_3D('',#10761,#8227,#8228);
#6770=AXIS2_PLACEMENT_3D('',#10764,#8230,#8231);
#6771=AXIS2_PLACEMENT_3D('',#10765,#8232,#8233);
#6772=AXIS2_PLACEMENT_3D('',#10767,#8235,#8236);
#6773=AXIS2_PLACEMENT_3D('',#10769,#8238,#8239);
#6774=AXIS2_PLACEMENT_3D('',#10771,#8241,#8242);
#6775=AXIS2_PLACEMENT_3D('',#10772,#8243,#8244);
#6776=AXIS2_PLACEMENT_3D('',#10776,#8246,#8247);
#6777=AXIS2_PLACEMENT_3D('',#10780,#8249,#8250);
#6778=AXIS2_PLACEMENT_3D('',#10788,#8254,#8255);
#6779=AXIS2_PLACEMENT_3D('',#10792,#8257,#8258);
#6780=AXIS2_PLACEMENT_3D('',#10796,#8260,#8261);
#6781=AXIS2_PLACEMENT_3D('',#10797,#8262,#8263);
#6782=AXIS2_PLACEMENT_3D('',#10800,#8266,#8267);
#6783=AXIS2_PLACEMENT_3D('',#10803,#8270,#8271);
#6784=AXIS2_PLACEMENT_3D('',#10806,#8274,#8275);
#6785=AXIS2_PLACEMENT_3D('',#10809,#8278,#8279);
#6786=AXIS2_PLACEMENT_3D('',#10812,#8282,#8283);
#6787=AXIS2_PLACEMENT_3D('',#10815,#8286,#8287);
#6788=AXIS2_PLACEMENT_3D('',#10816,#8288,#8289);
#6789=AXIS2_PLACEMENT_3D('',#10817,#8290,#8291);
#6790=AXIS2_PLACEMENT_3D('',#10818,#8292,#8293);
#6791=AXIS2_PLACEMENT_3D('',#10823,#8296,#8297);
#6792=AXIS2_PLACEMENT_3D('',#10824,#8298,#8299);
#6793=AXIS2_PLACEMENT_3D('',#10825,#8300,#8301);
#6794=AXIS2_PLACEMENT_3D('',#10826,#8302,#8303);
#6795=AXIS2_PLACEMENT_3D('',#10828,#8305,#8306);
#6796=AXIS2_PLACEMENT_3D('',#10830,#8308,#8309);
#6797=AXIS2_PLACEMENT_3D('',#10832,#8311,#8312);
#6798=AXIS2_PLACEMENT_3D('',#10834,#8314,#8315);
#6799=AXIS2_PLACEMENT_3D('',#10836,#8317,#8318);
#6800=AXIS2_PLACEMENT_3D('',#10838,#8320,#8321);
#6801=AXIS2_PLACEMENT_3D('',#10843,#8324,#8325);
#6802=AXIS2_PLACEMENT_3D('',#10844,#8326,#8327);
#6803=AXIS2_PLACEMENT_3D('',#10849,#8330,#8331);
#6804=AXIS2_PLACEMENT_3D('',#10850,#8332,#8333);
#6805=AXIS2_PLACEMENT_3D('',#10855,#8336,#8337);
#6806=AXIS2_PLACEMENT_3D('',#10856,#8338,#8339);
#6807=AXIS2_PLACEMENT_3D('',#10861,#8342,#8343);
#6808=AXIS2_PLACEMENT_3D('',#10862,#8344,#8345);
#6809=AXIS2_PLACEMENT_3D('',#10867,#8348,#8349);
#6810=AXIS2_PLACEMENT_3D('',#10868,#8350,#8351);
#6811=AXIS2_PLACEMENT_3D('',#10873,#8354,#8355);
#6812=AXIS2_PLACEMENT_3D('',#10874,#8356,#8357);
#6813=AXIS2_PLACEMENT_3D('',#10879,#8360,#8361);
#6814=AXIS2_PLACEMENT_3D('',#10880,#8362,#8363);
#6815=AXIS2_PLACEMENT_3D('',#10885,#8366,#8367);
#6816=AXIS2_PLACEMENT_3D('',#10886,#8368,#8369);
#6817=AXIS2_PLACEMENT_3D('',#10887,#8370,#8371);
#6818=AXIS2_PLACEMENT_3D('',#10888,#8372,#8373);
#6819=AXIS2_PLACEMENT_3D('',#10889,#8374,#8375);
#6820=AXIS2_PLACEMENT_3D('',#10890,#8376,#8377);
#6821=AXIS2_PLACEMENT_3D('',#10892,#8379,#8380);
#6822=AXIS2_PLACEMENT_3D('',#10894,#8382,#8383);
#6823=AXIS2_PLACEMENT_3D('',#10896,#8385,#8386);
#6824=AXIS2_PLACEMENT_3D('',#10898,#8388,#8389);
#6825=AXIS2_PLACEMENT_3D('',#10900,#8391,#8392);
#6826=AXIS2_PLACEMENT_3D('',#10902,#8394,#8395);
#6827=AXIS2_PLACEMENT_3D('',#10904,#8397,#8398);
#6828=AXIS2_PLACEMENT_3D('',#10906,#8400,#8401);
#6829=AXIS2_PLACEMENT_3D('',#10908,#8403,#8404);
#6830=AXIS2_PLACEMENT_3D('',#10913,#8407,#8408);
#6831=AXIS2_PLACEMENT_3D('',#10914,#8409,#8410);
#6832=AXIS2_PLACEMENT_3D('',#10919,#8413,#8414);
#6833=AXIS2_PLACEMENT_3D('',#10920,#8415,#8416);
#6834=AXIS2_PLACEMENT_3D('',#10923,#8418,#8419);
#6835=AXIS2_PLACEMENT_3D('',#10924,#8420,#8421);
#6836=AXIS2_PLACEMENT_3D('',#10929,#8424,#8425);
#6837=AXIS2_PLACEMENT_3D('',#10930,#8426,#8427);
#6838=AXIS2_PLACEMENT_3D('',#10935,#8430,#8431);
#6839=AXIS2_PLACEMENT_3D('',#10936,#8432,#8433);
#6840=AXIS2_PLACEMENT_3D('',#10939,#8435,#8436);
#6841=AXIS2_PLACEMENT_3D('',#10940,#8437,#8438);
#6842=AXIS2_PLACEMENT_3D('',#10945,#8441,#8442);
#6843=AXIS2_PLACEMENT_3D('',#10946,#8443,#8444);
#6844=AXIS2_PLACEMENT_3D('',#10951,#8447,#8448);
#6845=AXIS2_PLACEMENT_3D('',#10952,#8449,#8450);
#6846=AXIS2_PLACEMENT_3D('',#10955,#8452,#8453);
#6847=AXIS2_PLACEMENT_3D('',#10956,#8454,#8455);
#6848=AXIS2_PLACEMENT_3D('',#10961,#8458,#8459);
#6849=AXIS2_PLACEMENT_3D('',#10962,#8460,#8461);
#6850=AXIS2_PLACEMENT_3D('',#10967,#8464,#8465);
#6851=AXIS2_PLACEMENT_3D('',#10968,#8466,#8467);
#6852=AXIS2_PLACEMENT_3D('',#10971,#8469,#8470);
#6853=AXIS2_PLACEMENT_3D('',#10972,#8471,#8472);
#6854=AXIS2_PLACEMENT_3D('',#10973,#8473,#8474);
#6855=AXIS2_PLACEMENT_3D('',#10974,#8475,#8476);
#6856=AXIS2_PLACEMENT_3D('',#10976,#8478,#8479);
#6857=AXIS2_PLACEMENT_3D('',#10978,#8481,#8482);
#6858=AXIS2_PLACEMENT_3D('',#10980,#8484,#8485);
#6859=AXIS2_PLACEMENT_3D('',#10982,#8487,#8488);
#6860=AXIS2_PLACEMENT_3D('',#10984,#8490,#8491);
#6861=AXIS2_PLACEMENT_3D('',#10986,#8493,#8494);
#6862=AXIS2_PLACEMENT_3D('',#10988,#8496,#8497);
#6863=AXIS2_PLACEMENT_3D('',#10990,#8499,#8500);
#6864=AXIS2_PLACEMENT_3D('',#10995,#8503,#8504);
#6865=AXIS2_PLACEMENT_3D('',#10996,#8505,#8506);
#6866=AXIS2_PLACEMENT_3D('',#11001,#8509,#8510);
#6867=AXIS2_PLACEMENT_3D('',#11002,#8511,#8512);
#6868=AXIS2_PLACEMENT_3D('',#11007,#8515,#8516);
#6869=AXIS2_PLACEMENT_3D('',#11008,#8517,#8518);
#6870=AXIS2_PLACEMENT_3D('',#11013,#8521,#8522);
#6871=AXIS2_PLACEMENT_3D('',#11014,#8523,#8524);
#6872=AXIS2_PLACEMENT_3D('',#11019,#8527,#8528);
#6873=AXIS2_PLACEMENT_3D('',#11020,#8529,#8530);
#6874=AXIS2_PLACEMENT_3D('',#11025,#8533,#8534);
#6875=AXIS2_PLACEMENT_3D('',#11026,#8535,#8536);
#6876=AXIS2_PLACEMENT_3D('',#11031,#8539,#8540);
#6877=AXIS2_PLACEMENT_3D('',#11032,#8541,#8542);
#6878=AXIS2_PLACEMENT_3D('',#11037,#8545,#8546);
#6879=AXIS2_PLACEMENT_3D('',#11038,#8547,#8548);
#6880=AXIS2_PLACEMENT_3D('',#11043,#8551,#8552);
#6881=AXIS2_PLACEMENT_3D('',#11044,#8553,#8554);
#6882=AXIS2_PLACEMENT_3D('',#11049,#8557,#8558);
#6883=AXIS2_PLACEMENT_3D('',#11050,#8559,#8560);
#6884=AXIS2_PLACEMENT_3D('',#11055,#8563,#8564);
#6885=AXIS2_PLACEMENT_3D('',#11056,#8565,#8566);
#6886=AXIS2_PLACEMENT_3D('',#11061,#8569,#8570);
#6887=AXIS2_PLACEMENT_3D('',#11062,#8571,#8572);
#6888=AXIS2_PLACEMENT_3D('',#11067,#8575,#8576);
#6889=AXIS2_PLACEMENT_3D('',#11068,#8577,#8578);
#6890=AXIS2_PLACEMENT_3D('',#11073,#8581,#8582);
#6891=AXIS2_PLACEMENT_3D('',#11074,#8583,#8584);
#6892=AXIS2_PLACEMENT_3D('',#11079,#8587,#8588);
#6893=AXIS2_PLACEMENT_3D('',#11080,#8589,#8590);
#6894=AXIS2_PLACEMENT_3D('',#11085,#8593,#8594);
#6895=AXIS2_PLACEMENT_3D('',#11086,#8595,#8596);
#6896=AXIS2_PLACEMENT_3D('',#11091,#8599,#8600);
#6897=AXIS2_PLACEMENT_3D('',#11092,#8601,#8602);
#6898=AXIS2_PLACEMENT_3D('',#11097,#8605,#8606);
#6899=AXIS2_PLACEMENT_3D('',#11098,#8607,#8608);
#6900=AXIS2_PLACEMENT_3D('',#11103,#8611,#8612);
#6901=AXIS2_PLACEMENT_3D('',#11104,#8613,#8614);
#6902=AXIS2_PLACEMENT_3D('',#11109,#8617,#8618);
#6903=AXIS2_PLACEMENT_3D('',#11110,#8619,#8620);
#6904=AXIS2_PLACEMENT_3D('',#11112,#8622,#8623);
#6905=AXIS2_PLACEMENT_3D('',#11114,#8625,#8626);
#6906=AXIS2_PLACEMENT_3D('',#11116,#8628,#8629);
#6907=AXIS2_PLACEMENT_3D('',#11118,#8631,#8632);
#6908=AXIS2_PLACEMENT_3D('',#11122,#8634,#8635);
#6909=AXIS2_PLACEMENT_3D('',#11126,#8637,#8638);
#6910=AXIS2_PLACEMENT_3D('',#11127,#8639,#8640);
#6911=AXIS2_PLACEMENT_3D('',#11128,#8641,#8642);
#6912=AXIS2_PLACEMENT_3D('',#11129,#8643,#8644);
#6913=AXIS2_PLACEMENT_3D('',#11132,#8645,#8646);
#6914=AXIS2_PLACEMENT_3D('',#11133,#8647,#8648);
#6915=AXIS2_PLACEMENT_3D('',#11136,#8650,#8651);
#6916=AXIS2_PLACEMENT_3D('',#11139,#8653,#8654);
#6917=AXIS2_PLACEMENT_3D('',#11143,#8657,#8658);
#6918=AXIS2_PLACEMENT_3D('',#11147,#8660,#8661);
#6919=AXIS2_PLACEMENT_3D('',#11151,#8663,#8664);
#6920=AXIS2_PLACEMENT_3D('',#11152,#8665,#8666);
#6921=AXIS2_PLACEMENT_3D('',#11153,#8667,#8668);
#6922=AXIS2_PLACEMENT_3D('',#11154,#8669,#8670);
#6923=AXIS2_PLACEMENT_3D('',#11157,#8671,#8672);
#6924=AXIS2_PLACEMENT_3D('',#11158,#8673,#8674);
#6925=AXIS2_PLACEMENT_3D('',#11161,#8676,#8677);
#6926=AXIS2_PLACEMENT_3D('',#11164,#8679,#8680);
#6927=AXIS2_PLACEMENT_3D('',#11168,#8683,#8684);
#6928=AXIS2_PLACEMENT_3D('',#11172,#8686,#8687);
#6929=AXIS2_PLACEMENT_3D('',#11176,#8689,#8690);
#6930=AXIS2_PLACEMENT_3D('',#11177,#8691,#8692);
#6931=AXIS2_PLACEMENT_3D('',#11178,#8693,#8694);
#6932=AXIS2_PLACEMENT_3D('',#11179,#8695,#8696);
#6933=AXIS2_PLACEMENT_3D('',#11182,#8697,#8698);
#6934=AXIS2_PLACEMENT_3D('',#11183,#8699,#8700);
#6935=AXIS2_PLACEMENT_3D('',#11186,#8702,#8703);
#6936=AXIS2_PLACEMENT_3D('',#11189,#8705,#8706);
#6937=AXIS2_PLACEMENT_3D('',#11193,#8709,#8710);
#6938=AXIS2_PLACEMENT_3D('',#11197,#8712,#8713);
#6939=AXIS2_PLACEMENT_3D('',#11201,#8715,#8716);
#6940=AXIS2_PLACEMENT_3D('',#11202,#8717,#8718);
#6941=AXIS2_PLACEMENT_3D('',#11203,#8719,#8720);
#6942=AXIS2_PLACEMENT_3D('',#11204,#8721,#8722);
#6943=AXIS2_PLACEMENT_3D('',#11207,#8723,#8724);
#6944=AXIS2_PLACEMENT_3D('',#11208,#8725,#8726);
#6945=AXIS2_PLACEMENT_3D('',#11211,#8728,#8729);
#6946=AXIS2_PLACEMENT_3D('',#11214,#8731,#8732);
#6947=AXIS2_PLACEMENT_3D('',#11218,#8735,#8736);
#6948=AXIS2_PLACEMENT_3D('',#11221,#8739,#8740);
#6949=AXIS2_PLACEMENT_3D('',#11222,#8741,#8742);
#6950=AXIS2_PLACEMENT_3D('',#11224,#8744,#8745);
#6951=AXIS2_PLACEMENT_3D('',#11226,#8747,#8748);
#6952=AXIS2_PLACEMENT_3D('',#11229,#8751,#8752);
#6953=AXIS2_PLACEMENT_3D('',#11230,#8753,#8754);
#6954=AXIS2_PLACEMENT_3D('',#11232,#8756,#8757);
#6955=AXIS2_PLACEMENT_3D('',#11234,#8759,#8760);
#6956=AXIS2_PLACEMENT_3D('',#11237,#8763,#8764);
#6957=AXIS2_PLACEMENT_3D('',#11238,#8765,#8766);
#6958=AXIS2_PLACEMENT_3D('',#11240,#8768,#8769);
#6959=AXIS2_PLACEMENT_3D('',#11242,#8771,#8772);
#6960=AXIS2_PLACEMENT_3D('',#11245,#8775,#8776);
#6961=AXIS2_PLACEMENT_3D('',#11246,#8777,#8778);
#6962=AXIS2_PLACEMENT_3D('',#11248,#8780,#8781);
#6963=AXIS2_PLACEMENT_3D('',#11250,#8783,#8784);
#6964=AXIS2_PLACEMENT_3D('',#11252,#8786,#8787);
#6965=AXIS2_PLACEMENT_3D('',#11254,#8789,#8790);
#6966=AXIS2_PLACEMENT_3D('',#11256,#8792,#8793);
#6967=AXIS2_PLACEMENT_3D('',#11258,#8795,#8796);
#6968=AXIS2_PLACEMENT_3D('',#11260,#8798,#8799);
#6969=AXIS2_PLACEMENT_3D('',#11262,#8801,#8802);
#6970=AXIS2_PLACEMENT_3D('',#11263,#8803,#8804);
#6971=AXIS2_PLACEMENT_3D('',#11264,#8805,#8806);
#6972=AXIS2_PLACEMENT_3D('',#11265,#8807,#8808);
#6973=AXIS2_PLACEMENT_3D('',#11266,#8809,#8810);
#6974=AXIS2_PLACEMENT_3D('',#11267,#8811,#8812);
#6975=AXIS2_PLACEMENT_3D('',#11272,#8813,#8814);
#6976=AXIS2_PLACEMENT_3D('',#11273,#8815,#8816);
#6977=AXIS2_PLACEMENT_3D('',#11274,#8817,#8818);
#6978=AXIS2_PLACEMENT_3D('',#11275,#8819,#8820);
#6979=AXIS2_PLACEMENT_3D('',#11276,#8821,#8822);
#6980=AXIS2_PLACEMENT_3D('',#11277,#8823,#8824);
#6981=AXIS2_PLACEMENT_3D('',#11278,#8825,#8826);
#6982=AXIS2_PLACEMENT_3D('',#11279,#8827,#8828);
#6983=AXIS2_PLACEMENT_3D('',#11280,#8829,#8830);
#6984=AXIS2_PLACEMENT_3D('',#11281,#8831,#8832);
#6985=AXIS2_PLACEMENT_3D('',#11282,#8833,#8834);
#6986=AXIS2_PLACEMENT_3D('',#11283,#8835,#8836);
#6987=AXIS2_PLACEMENT_3D('',#11284,#8837,#8838);
#6988=AXIS2_PLACEMENT_3D('',#11285,#8839,#8840);
#6989=AXIS2_PLACEMENT_3D('',#11286,#8841,#8842);
#6990=AXIS2_PLACEMENT_3D('',#11287,#8843,#8844);
#6991=AXIS2_PLACEMENT_3D('',#11288,#8845,#8846);
#6992=AXIS2_PLACEMENT_3D('',#11289,#8847,#8848);
#6993=AXIS2_PLACEMENT_3D('',#11290,#8849,#8850);
#6994=AXIS2_PLACEMENT_3D('',#11291,#8851,#8852);
#6995=AXIS2_PLACEMENT_3D('',#11292,#8853,#8854);
#6996=AXIS2_PLACEMENT_3D('',#11293,#8855,#8856);
#6997=AXIS2_PLACEMENT_3D('',#11294,#8857,#8858);
#6998=AXIS2_PLACEMENT_3D('',#11295,#8859,#8860);
#6999=AXIS2_PLACEMENT_3D('',#11296,#8861,#8862);
#7000=AXIS2_PLACEMENT_3D('',#11369,#8863,#8864);
#7001=AXIS2_PLACEMENT_3D('',#11370,#8865,#8866);
#7002=AXIS2_PLACEMENT_3D('',#11371,#8867,#8868);
#7003=AXIS2_PLACEMENT_3D('',#11372,#8869,#8870);
#7004=AXIS2_PLACEMENT_3D('',#11373,#8871,#8872);
#7005=AXIS2_PLACEMENT_3D('',#11374,#8873,#8874);
#7006=AXIS2_PLACEMENT_3D('',#11375,#8875,#8876);
#7007=AXIS2_PLACEMENT_3D('',#11376,#8877,#8878);
#7008=AXIS2_PLACEMENT_3D('',#11377,#8879,#8880);
#7009=AXIS2_PLACEMENT_3D('',#11378,#8881,#8882);
#7010=AXIS2_PLACEMENT_3D('',#11379,#8883,#8884);
#7011=AXIS2_PLACEMENT_3D('',#11380,#8885,#8886);
#7012=AXIS2_PLACEMENT_3D('',#11381,#8887,#8888);
#7013=AXIS2_PLACEMENT_3D('',#11382,#8889,#8890);
#7014=AXIS2_PLACEMENT_3D('',#11383,#8891,#8892);
#7015=AXIS2_PLACEMENT_3D('',#11384,#8893,#8894);
#7016=AXIS2_PLACEMENT_3D('',#11385,#8895,#8896);
#7017=AXIS2_PLACEMENT_3D('',#11386,#8897,#8898);
#7018=AXIS2_PLACEMENT_3D('',#11387,#8899,#8900);
#7019=AXIS2_PLACEMENT_3D('',#11388,#8901,#8902);
#7020=AXIS2_PLACEMENT_3D('',#11389,#8903,#8904);
#7021=AXIS2_PLACEMENT_3D('',#11390,#8905,#8906);
#7022=AXIS2_PLACEMENT_3D('',#11391,#8907,#8908);
#7023=AXIS2_PLACEMENT_3D('',#11392,#8909,#8910);
#7024=AXIS2_PLACEMENT_3D('',#11393,#8911,#8912);
#7025=AXIS2_PLACEMENT_3D('',#11394,#8913,#8914);
#7026=AXIS2_PLACEMENT_3D('',#11395,#8915,#8916);
#7027=AXIS2_PLACEMENT_3D('',#11396,#8917,#8918);
#7028=AXIS2_PLACEMENT_3D('',#11397,#8919,#8920);
#7029=AXIS2_PLACEMENT_3D('',#11398,#8921,#8922);
#7030=AXIS2_PLACEMENT_3D('',#11399,#8923,#8924);
#7031=AXIS2_PLACEMENT_3D('',#11400,#8925,#8926);
#7032=AXIS2_PLACEMENT_3D('',#11401,#8927,#8928);
#7033=DIRECTION('',(0.,0.,1.));
#7034=DIRECTION('',(1.,0.,0.));
#7035=DIRECTION('',(0.99026806874157,3.74801730841356E-16,0.139173100960066));
#7036=DIRECTION('',(3.78485122031303E-16,-1.,0.));
#7037=DIRECTION('',(1.,0.,0.));
#7038=DIRECTION('',(0.,0.,1.));
#7039=DIRECTION('',(1.,3.78485122031303E-16,0.));
#7040=DIRECTION('',(0.,0.,-1.));
#7041=DIRECTION('',(3.78485122031303E-16,-1.,0.));
#7042=DIRECTION('',(1.,0.,0.));
#7043=DIRECTION('',(0.99026806874157,3.74801730841356E-16,-0.139173100960066));
#7044=DIRECTION('',(-3.78485122031303E-16,1.,0.));
#7045=DIRECTION('',(1.,0.,0.));
#7046=DIRECTION('',(-0.139173100960066,-5.26749481003454E-17,0.99026806874157));
#7047=DIRECTION('',(3.78485122031303E-16,-1.,0.));
#7048=DIRECTION('',(1.,0.,0.));
#7049=DIRECTION('',(1.,3.78485122031303E-16,0.));
#7050=DIRECTION('',(3.78485122031303E-16,-1.,0.));
#7051=DIRECTION('',(1.,0.,0.));
#7052=DIRECTION('',(0.139173100960066,5.26749481003454E-17,0.99026806874157));
#7053=DIRECTION('',(-3.78485122031303E-16,1.,0.));
#7054=DIRECTION('',(1.,0.,0.));
#7055=DIRECTION('',(3.78485122031303E-16,-1.,0.));
#7056=DIRECTION('',(1.,3.81639164714898E-16,0.));
#7057=DIRECTION('',(0.,0.,1.));
#7058=DIRECTION('',(-1.,0.,0.));
#7059=DIRECTION('',(0.,0.707106781186562,0.707106781186533));
#7060=DIRECTION('',(0.,0.,-1.));
#7061=DIRECTION('',(-1.,0.,0.));
#7062=DIRECTION('',(0.,0.,1.));
#7063=DIRECTION('',(1.,0.,-2.75763294740467E-17));
#7064=DIRECTION('',(0.,0.70710678118656,0.707106781186535));
#7065=DIRECTION('',(1.,1.73472347597681E-16,0.));
#7066=DIRECTION('',(-1.,-1.73472347597681E-16,0.));
#7067=DIRECTION('',(-1.22663473334668E-16,0.707106781186535,-0.70710678118656));
#7068=DIRECTION('',(-1.,-1.73472347597681E-16,0.));
#7069=DIRECTION('',(-0.707106781186557,0.,0.707106781186538));
#7070=DIRECTION('',(0.,0.,1.));
#7071=DIRECTION('',(-1.,0.,0.));
#7072=DIRECTION('',(0.,0.,-1.));
#7073=DIRECTION('',(-1.,0.,0.));
#7074=DIRECTION('',(0.,0.,-1.));
#7075=DIRECTION('',(-1.,0.,-2.76037549633295E-17));
#7076=DIRECTION('',(-0.707106781186557,0.,0.707106781186538));
#7077=DIRECTION('',(-1.73472347597681E-16,1.,0.));
#7078=DIRECTION('',(1.73472347597681E-16,-1.,0.));
#7079=DIRECTION('',(-0.707106781186539,-1.22663473334669E-16,-0.707106781186556));
#7080=DIRECTION('',(1.73472347597681E-16,-1.,0.));
#7081=DIRECTION('',(0.,0.,-1.));
#7082=DIRECTION('',(-1.,0.,0.));
#7083=DIRECTION('',(0.,0.,1.));
#7084=DIRECTION('',(-1.,0.,0.));
#7085=DIRECTION('',(0.,0.,1.));
#7086=DIRECTION('',(1.,0.,-2.75763294740467E-17));
#7087=DIRECTION('',(0.,0.,1.));
#7088=DIRECTION('',(-1.,0.,0.));
#7089=DIRECTION('',(-0.707106781186548,0.,0.707106781186548));
#7090=DIRECTION('',(0.,0.,-1.));
#7091=DIRECTION('',(-1.,0.,0.));
#7092=DIRECTION('',(0.,0.,1.));
#7093=DIRECTION('',(1.,0.,-2.75763294740479E-17));
#7094=DIRECTION('',(-0.707106781186543,0.,0.707106781186552));
#7095=DIRECTION('',(1.73472347597681E-16,1.,0.));
#7096=DIRECTION('',(-1.73472347597681E-16,-1.,0.));
#7097=DIRECTION('',(0.707106781186545,-1.2266347333467E-16,0.70710678118655));
#7098=DIRECTION('',(-1.73472347597681E-16,-1.,0.));
#7099=DIRECTION('',(0.,-0.707106781186535,0.70710678118656));
#7100=DIRECTION('',(0.,0.,1.));
#7101=DIRECTION('',(-1.,0.,0.));
#7102=DIRECTION('',(0.,0.,-1.));
#7103=DIRECTION('',(-1.,0.,0.));
#7104=DIRECTION('',(0.,0.,-1.));
#7105=DIRECTION('',(-1.,0.,-2.76037549633309E-17));
#7106=DIRECTION('',(0.,-0.707106781186543,0.707106781186552));
#7107=DIRECTION('',(-1.,1.73472347597681E-16,0.));
#7108=DIRECTION('',(1.,-1.73472347597681E-16,0.));
#7109=DIRECTION('',(1.22663473334672E-16,0.707106781186557,0.707106781186538));
#7110=DIRECTION('',(1.,-1.73472347597681E-16,0.));
#7111=DIRECTION('',(0.,0.,-1.));
#7112=DIRECTION('',(-1.,0.,0.));
#7113=DIRECTION('',(0.,0.,1.));
#7114=DIRECTION('',(-1.,0.,0.));
#7115=DIRECTION('',(0.,0.,1.));
#7116=DIRECTION('',(1.,0.,-2.75763294740479E-17));
#7117=DIRECTION('',(0.,0.,1.));
#7118=DIRECTION('',(-1.,0.,0.));
#7119=DIRECTION('',(0.,-0.707106781186553,0.707106781186543));
#7120=DIRECTION('',(0.,0.,-1.));
#7121=DIRECTION('',(-1.,0.,0.));
#7122=DIRECTION('',(0.,0.,1.));
#7123=DIRECTION('',(1.,0.,-2.75763294740475E-17));
#7124=DIRECTION('',(0.,-0.707106781186548,0.707106781186548));
#7125=DIRECTION('',(-1.,-1.73472347597681E-16,0.));
#7126=DIRECTION('',(1.,1.73472347597681E-16,0.));
#7127=DIRECTION('',(1.22663473334669E-16,-0.707106781186544,-0.707106781186551));
#7128=DIRECTION('',(1.,1.73472347597681E-16,0.));
#7129=DIRECTION('',(0.707106781186553,0.,0.707106781186543));
#7130=DIRECTION('',(0.,0.,1.));
#7131=DIRECTION('',(-1.,0.,0.));
#7132=DIRECTION('',(0.,0.,-1.));
#7133=DIRECTION('',(-1.,0.,0.));
#7134=DIRECTION('',(0.,0.,-1.));
#7135=DIRECTION('',(-1.,0.,-2.76037549633305E-17));
#7136=DIRECTION('',(0.707106781186548,0.,0.707106781186548));
#7137=DIRECTION('',(1.73472347597681E-16,-1.,0.));
#7138=DIRECTION('',(-1.73472347597681E-16,1.,0.));
#7139=DIRECTION('',(0.707106781186545,1.2266347333467E-16,-0.70710678118655));
#7140=DIRECTION('',(-1.73472347597681E-16,1.,0.));
#7141=DIRECTION('',(0.,0.,-1.));
#7142=DIRECTION('',(-1.,0.,0.));
#7143=DIRECTION('',(0.,0.,1.));
#7144=DIRECTION('',(-1.,0.,0.));
#7145=DIRECTION('',(0.,0.,1.));
#7146=DIRECTION('',(1.,0.,-2.75763294740475E-17));
#7147=DIRECTION('',(0.,0.,1.));
#7148=DIRECTION('',(-1.,0.,0.));
#7149=DIRECTION('',(0.70710678118656,0.,0.707106781186535));
#7150=DIRECTION('',(0.,0.,-1.));
#7151=DIRECTION('',(-1.,0.,0.));
#7152=DIRECTION('',(0.,0.,1.));
#7153=DIRECTION('',(1.,0.,-2.75763294740467E-17));
#7154=DIRECTION('',(0.70710678118656,0.,0.707106781186535));
#7155=DIRECTION('',(-1.73472347597681E-16,-1.,0.));
#7156=DIRECTION('',(1.73472347597681E-16,1.,0.));
#7157=DIRECTION('',(-0.707106781186534,1.22663473334668E-16,0.707106781186561));
#7158=DIRECTION('',(1.73472347597681E-16,1.,0.));
#7159=DIRECTION('',(0.,0.707106781186557,0.707106781186538));
#7160=DIRECTION('',(0.,0.,1.));
#7161=DIRECTION('',(-1.,0.,0.));
#7162=DIRECTION('',(0.,0.,-1.));
#7163=DIRECTION('',(-1.,0.,0.));
#7164=DIRECTION('',(0.,0.,-1.));
#7165=DIRECTION('',(-1.,0.,-2.76037549633295E-17));
#7166=DIRECTION('',(0.,0.707106781186562,0.707106781186533));
#7167=DIRECTION('',(1.,-1.73472347597681E-16,0.));
#7168=DIRECTION('',(-1.,1.73472347597681E-16,0.));
#7169=DIRECTION('',(-1.22663473334668E-16,-0.707106781186537,0.707106781186559));
#7170=DIRECTION('',(-1.,1.73472347597681E-16,0.));
#7171=DIRECTION('',(0.,0.,-1.));
#7172=DIRECTION('',(-1.,0.,0.));
#7173=DIRECTION('',(0.,0.,1.));
#7174=DIRECTION('',(-1.,0.,0.));
#7175=DIRECTION('',(0.,0.,1.));
#7176=DIRECTION('',(1.,0.,-2.75763294740466E-17));
#7177=DIRECTION('',(0.,-1.,0.));
#7178=DIRECTION('',(0.,1.,0.));
#7179=DIRECTION('',(0.,0.,1.));
#7180=DIRECTION('',(0.,-1.,0.));
#7181=DIRECTION('',(0.,1.,0.));
#7182=DIRECTION('',(0.,0.,1.));
#7183=DIRECTION('',(0.,1.,0.));
#7184=DIRECTION('',(0.,0.,1.));
#7185=DIRECTION('',(1.04972719113862E-16,0.515038074910055,-0.857167300702112));
#7186=DIRECTION('',(0.,0.515038074910055,0.857167300702112));
#7187=DIRECTION('',(0.,1.,0.));
#7188=DIRECTION('',(0.,-3.74674909287323E-17,1.));
#7189=DIRECTION('',(0.,-1.,0.));
#7190=DIRECTION('',(0.,1.,0.));
#7191=DIRECTION('',(0.,0.,1.));
#7192=DIRECTION('',(0.,-1.,0.));
#7193=DIRECTION('',(0.,1.,0.));
#7194=DIRECTION('',(0.,0.,1.));
#7195=DIRECTION('',(0.,1.,0.));
#7196=DIRECTION('',(0.,0.,1.));
#7197=DIRECTION('',(1.04972719113862E-16,0.515038074910055,-0.857167300702112));
#7198=DIRECTION('',(0.,0.515038074910055,0.857167300702112));
#7199=DIRECTION('',(0.,1.,0.));
#7200=DIRECTION('',(0.,-3.74674909287323E-17,1.));
#7201=DIRECTION('',(0.,-1.,0.));
#7202=DIRECTION('',(0.,1.,0.));
#7203=DIRECTION('',(0.,0.,1.));
#7204=DIRECTION('',(0.,-1.,0.));
#7205=DIRECTION('',(0.,1.,0.));
#7206=DIRECTION('',(0.,0.,1.));
#7207=DIRECTION('',(0.,1.,0.));
#7208=DIRECTION('',(0.,0.,1.));
#7209=DIRECTION('',(1.04972719113862E-16,0.515038074910055,-0.857167300702112));
#7210=DIRECTION('',(0.,0.515038074910055,0.857167300702112));
#7211=DIRECTION('',(0.,1.,0.));
#7212=DIRECTION('',(0.,-2.91413818334585E-17,1.));
#7213=DIRECTION('',(1.,0.,0.));
#7214=DIRECTION('',(-1.,0.,0.));
#7215=DIRECTION('',(0.,0.,1.));
#7216=DIRECTION('',(1.,0.,0.));
#7217=DIRECTION('',(-1.,0.,0.));
#7218=DIRECTION('',(0.,0.,1.));
#7219=DIRECTION('',(-1.,0.,0.));
#7220=DIRECTION('',(0.,0.,1.));
#7221=DIRECTION('',(-0.515038074910055,1.04972719113862E-16,-0.857167300702112));
#7222=DIRECTION('',(-0.515038074910055,0.,0.857167300702112));
#7223=DIRECTION('',(-1.,0.,0.));
#7224=DIRECTION('',(2.08152727381846E-17,0.,1.));
#7225=DIRECTION('',(1.,0.,0.));
#7226=DIRECTION('',(-1.,0.,0.));
#7227=DIRECTION('',(0.,0.,1.));
#7228=DIRECTION('',(1.,0.,0.));
#7229=DIRECTION('',(-1.,0.,0.));
#7230=DIRECTION('',(0.,0.,1.));
#7231=DIRECTION('',(-1.,0.,0.));
#7232=DIRECTION('',(0.,0.,1.));
#7233=DIRECTION('',(-0.515038074910055,1.04972719113862E-16,-0.857167300702112));
#7234=DIRECTION('',(-0.515038074910055,0.,0.857167300702112));
#7235=DIRECTION('',(-1.,0.,0.));
#7236=DIRECTION('',(2.08152727381846E-17,0.,1.));
#7237=DIRECTION('',(1.,0.,0.));
#7238=DIRECTION('',(-1.,0.,0.));
#7239=DIRECTION('',(0.,0.,1.));
#7240=DIRECTION('',(1.,0.,0.));
#7241=DIRECTION('',(-1.,0.,0.));
#7242=DIRECTION('',(0.,0.,1.));
#7243=DIRECTION('',(-1.,0.,0.));
#7244=DIRECTION('',(0.,0.,1.));
#7245=DIRECTION('',(-0.515038074910055,1.04972719113862E-16,-0.857167300702112));
#7246=DIRECTION('',(-0.515038074910055,0.,0.857167300702112));
#7247=DIRECTION('',(-1.,0.,0.));
#7248=DIRECTION('',(2.08152727381846E-17,0.,1.));
#7249=DIRECTION('',(1.,0.,0.));
#7250=DIRECTION('',(-1.,0.,0.));
#7251=DIRECTION('',(0.,0.,1.));
#7252=DIRECTION('',(1.,0.,0.));
#7253=DIRECTION('',(-1.,0.,0.));
#7254=DIRECTION('',(0.,0.,1.));
#7255=DIRECTION('',(-1.,0.,0.));
#7256=DIRECTION('',(0.,0.,1.));
#7257=DIRECTION('',(-0.515038074910055,1.04972719113862E-16,-0.857167300702112));
#7258=DIRECTION('',(-0.515038074910055,0.,0.857167300702112));
#7259=DIRECTION('',(-1.,0.,0.));
#7260=DIRECTION('',(2.08152727381846E-17,0.,1.));
#7261=DIRECTION('',(1.,0.,0.));
#7262=DIRECTION('',(1.,0.,0.));
#7263=DIRECTION('',(0.,0.,-1.));
#7264=DIRECTION('',(1.,0.,0.));
#7265=DIRECTION('',(1.,0.,0.));
#7266=DIRECTION('',(0.,0.,-1.));
#7267=DIRECTION('',(1.,0.,0.));
#7268=DIRECTION('',(0.,0.,-1.));
#7269=DIRECTION('',(-0.515038074910055,-1.04972719113862E-16,-0.857167300702112));
#7270=DIRECTION('',(-0.515038074910055,0.,0.857167300702112));
#7271=DIRECTION('',(1.,0.,0.));
#7272=DIRECTION('',(-4.57936000240061E-17,0.,-1.));
#7273=DIRECTION('',(1.,0.,0.));
#7274=DIRECTION('',(1.,0.,0.));
#7275=DIRECTION('',(0.,0.,-1.));
#7276=DIRECTION('',(1.,0.,0.));
#7277=DIRECTION('',(1.,0.,0.));
#7278=DIRECTION('',(0.,0.,-1.));
#7279=DIRECTION('',(1.,0.,0.));
#7280=DIRECTION('',(0.,0.,-1.));
#7281=DIRECTION('',(-0.515038074910055,-1.04972719113862E-16,-0.857167300702112));
#7282=DIRECTION('',(-0.515038074910055,0.,0.857167300702112));
#7283=DIRECTION('',(1.,0.,0.));
#7284=DIRECTION('',(-4.57936000240061E-17,0.,-1.));
#7285=DIRECTION('',(0.,0.,-1.));
#7286=DIRECTION('',(0.,0.,1.));
#7287=DIRECTION('',(1.,0.,0.));
#7288=DIRECTION('',(0.,0.,-1.));
#7289=DIRECTION('',(0.,0.,1.));
#7290=DIRECTION('',(1.,0.,0.));
#7291=DIRECTION('',(0.,0.,1.));
#7292=DIRECTION('',(1.,0.,0.));
#7293=DIRECTION('',(-0.857167300702112,1.04972719113862E-16,0.515038074910055));
#7294=DIRECTION('',(0.857167300702112,0.,0.515038074910055));
#7295=DIRECTION('',(0.,0.,1.));
#7296=DIRECTION('',(1.,0.,3.74674909287323E-17));
#7297=DIRECTION('',(-0.707106781186549,-0.707106781186546,0.));
#7298=DIRECTION('',(0.,0.,-1.));
#7299=DIRECTION('',(0.70710678118655,0.707106781186545,0.));
#7300=DIRECTION('',(0.,0.,1.));
#7301=DIRECTION('',(-0.707106781186544,0.707106781186551,0.));
#7302=DIRECTION('',(0.,0.,-1.));
#7303=DIRECTION('',(0.353553390593278,0.707106781186542,-0.612372435695798));
#7304=DIRECTION('',(-1.26161707343768E-16,1.,0.));
#7305=DIRECTION('',(-1.,0.,0.));
#7306=DIRECTION('',(0.,-1.,0.));
#7307=DIRECTION('',(0.,0.,1.));
#7308=DIRECTION('',(0.,-1.,0.));
#7309=DIRECTION('',(0.,-5.50160071667569E-17,-1.));
#7310=DIRECTION('',(0.,-0.707106781186543,-0.707106781186552));
#7311=DIRECTION('',(0.,-1.,0.));
#7312=DIRECTION('',(0.,0.,1.));
#7313=DIRECTION('',(-1.26161707343768E-16,1.,0.));
#7314=DIRECTION('',(-1.,0.,0.));
#7315=DIRECTION('',(0.,-1.,0.));
#7316=DIRECTION('',(0.,-5.50160071667571E-17,-1.));
#7317=DIRECTION('',(0.612372435695792,0.70710678118655,-0.353553390593275));
#7318=DIRECTION('',(1.26161707343768E-16,-1.,0.));
#7319=DIRECTION('',(-1.,0.,0.));
#7320=DIRECTION('',(0.,1.,0.));
#7321=DIRECTION('',(0.,0.,1.));
#7322=DIRECTION('',(0.,1.,0.));
#7323=DIRECTION('',(0.,-5.38420477509775E-17,1.));
#7324=DIRECTION('',(0.,-0.707106781186548,-0.707106781186548));
#7325=DIRECTION('',(1.,1.26161707343768E-16,0.));
#7326=DIRECTION('',(-1.,-1.26161707343768E-16,0.));
#7327=DIRECTION('',(-8.9209798788851E-17,0.707106781186548,-0.707106781186547));
#7328=DIRECTION('',(1.,1.2490009027033E-16,0.));
#7329=DIRECTION('',(-7.66646708341665E-17,0.707106781186548,-0.707106781186548));
#7330=DIRECTION('',(-1.26161707343768E-16,1.,0.));
#7331=DIRECTION('',(-1.,0.,0.));
#7332=DIRECTION('',(0.,-1.,0.));
#7333=DIRECTION('',(0.,0.,1.));
#7334=DIRECTION('',(0.,-1.,0.));
#7335=DIRECTION('',(0.,-5.5016007166757E-17,-1.));
#7336=DIRECTION('',(0.707106781186548,-0.707106781186548,0.));
#7337=DIRECTION('',(0.,-1.,0.));
#7338=DIRECTION('',(0.,0.,1.));
#7339=DIRECTION('',(-1.26161707343768E-16,1.,0.));
#7340=DIRECTION('',(-1.,0.,0.));
#7341=DIRECTION('',(0.,-1.,0.));
#7342=DIRECTION('',(0.,-5.5016007166757E-17,-1.));
#7343=DIRECTION('',(-7.66646708341665E-17,0.707106781186548,-0.707106781186548));
#7344=DIRECTION('',(1.,1.26161707343768E-16,0.));
#7345=DIRECTION('',(-1.,-1.26161707343768E-16,0.));
#7346=DIRECTION('',(-8.92097987888512E-17,0.70710678118655,0.707106781186545));
#7347=DIRECTION('',(-1.,-1.2490009027033E-16,0.));
#7348=DIRECTION('',(0.707106781186546,-0.707106781186549,0.));
#7349=DIRECTION('',(0.,0.,1.));
#7350=DIRECTION('',(0.,0.,-1.));
#7351=DIRECTION('',(0.707106781186546,0.707106781186549,0.));
#7352=DIRECTION('',(0.,0.,1.));
#7353=DIRECTION('',(-0.612372435695795,0.707106781186547,-0.353553390593274));
#7354=DIRECTION('',(-1.26161707343768E-16,1.,0.));
#7355=DIRECTION('',(-1.,0.,0.));
#7356=DIRECTION('',(0.,-1.,0.));
#7357=DIRECTION('',(1.77809156287623E-15,0.,1.));
#7358=DIRECTION('',(0.,-1.,0.));
#7359=DIRECTION('',(0.,-5.50160071667567E-17,-1.));
#7360=DIRECTION('',(0.353553390593274,-0.707106781186547,0.612372435695795));
#7361=DIRECTION('',(0.,-1.,0.));
#7362=DIRECTION('',(0.,0.,1.));
#7363=DIRECTION('',(-1.26161707343768E-16,1.,0.));
#7364=DIRECTION('',(-1.,0.,0.));
#7365=DIRECTION('',(0.,-1.,0.));
#7366=DIRECTION('',(0.,-5.5016007166757E-17,-1.));
#7367=DIRECTION('',(0.,1.,0.));
#7368=DIRECTION('',(0.,0.,1.));
#7369=DIRECTION('',(1.26161707343768E-16,-1.,0.));
#7370=DIRECTION('',(-1.,0.,0.));
#7371=DIRECTION('',(0.,1.,0.));
#7372=DIRECTION('',(0.,-5.38420477509773E-17,1.));
#7373=DIRECTION('',(0.,-1.,0.));
#7374=DIRECTION('',(0.,1.,0.));
#7375=DIRECTION('',(0.,-1.,0.));
#7376=DIRECTION('',(0.,0.,-1.));
#7377=DIRECTION('',(0.,-1.,0.));
#7378=DIRECTION('',(0.,0.,-1.));
#7379=DIRECTION('',(0.,-1.,0.));
#7380=DIRECTION('',(0.,1.,0.));
#7381=DIRECTION('',(0.,-1.,0.));
#7382=DIRECTION('',(0.,0.,-1.));
#7383=DIRECTION('',(0.,-1.,0.));
#7384=DIRECTION('',(0.,0.,-1.));
#7385=DIRECTION('',(0.,-1.,0.));
#7386=DIRECTION('',(0.,1.,0.));
#7387=DIRECTION('',(0.,-1.,0.));
#7388=DIRECTION('',(0.,0.,-1.));
#7389=DIRECTION('',(0.,-1.,0.));
#7390=DIRECTION('',(0.,0.,-1.));
#7391=DIRECTION('',(0.,-1.,0.));
#7392=DIRECTION('',(0.,1.,0.));
#7393=DIRECTION('',(0.,-1.,0.));
#7394=DIRECTION('',(0.,0.,-1.));
#7395=DIRECTION('',(0.,-1.,0.));
#7396=DIRECTION('',(0.,0.,-1.));
#7397=DIRECTION('',(0.,-1.,0.));
#7398=DIRECTION('',(0.,1.,0.));
#7399=DIRECTION('',(0.,-1.,0.));
#7400=DIRECTION('',(0.,0.,-1.));
#7401=DIRECTION('',(0.,-1.,0.));
#7402=DIRECTION('',(0.,0.,-1.));
#7403=DIRECTION('',(0.,-1.,0.));
#7404=DIRECTION('',(0.,1.,0.));
#7405=DIRECTION('',(0.,-1.,0.));
#7406=DIRECTION('',(0.,0.,-1.));
#7407=DIRECTION('',(0.,-1.,0.));
#7408=DIRECTION('',(0.,0.,-1.));
#7409=DIRECTION('',(0.,1.,0.));
#7410=DIRECTION('',(0.,0.,1.));
#7411=DIRECTION('',(0.,1.,0.));
#7412=DIRECTION('',(0.,0.,1.));
#7413=DIRECTION('',(0.,1.,0.));
#7414=DIRECTION('',(0.,0.,1.));
#7415=DIRECTION('',(-1.26161707343768E-16,1.,0.));
#7416=DIRECTION('',(-1.,-1.2490009027033E-16,0.));
#7417=DIRECTION('',(0.,-1.,0.));
#7418=DIRECTION('',(0.,0.,1.));
#7419=DIRECTION('',(0.,-1.,0.));
#7420=DIRECTION('',(0.,0.,-1.));
#7421=DIRECTION('',(1.,0.,0.));
#7422=DIRECTION('',(0.,0.,-1.));
#7423=DIRECTION('',(-1.,0.,0.));
#7424=DIRECTION('',(0.,-1.,0.));
#7425=DIRECTION('',(0.,0.,1.));
#7426=DIRECTION('',(0.,-1.,0.));
#7427=DIRECTION('',(0.,0.,-1.));
#7428=DIRECTION('',(0.,0.,1.));
#7429=DIRECTION('',(1.,0.,0.));
#7430=DIRECTION('',(0.,0.,-1.));
#7431=DIRECTION('',(-1.,0.,0.));
#7432=DIRECTION('',(0.,0.,1.));
#7433=DIRECTION('',(1.,0.,0.));
#7434=DIRECTION('',(0.,0.,-1.));
#7435=DIRECTION('',(-1.,0.,0.));
#7436=DIRECTION('',(0.,0.,1.));
#7437=DIRECTION('',(1.,0.,0.));
#7438=DIRECTION('',(-1.,0.,0.));
#7439=DIRECTION('',(0.,0.,-1.));
#7440=DIRECTION('',(-1.,0.,0.));
#7441=DIRECTION('',(-1.,0.,0.));
#7442=DIRECTION('',(0.,0.,1.));
#7443=DIRECTION('',(1.,0.,0.));
#7444=DIRECTION('',(-1.,0.,0.));
#7445=DIRECTION('',(0.,0.,-1.));
#7446=DIRECTION('',(-1.,0.,0.));
#7447=DIRECTION('',(-1.,0.,0.));
#7448=DIRECTION('',(0.,0.,1.));
#7449=DIRECTION('',(1.,0.,0.));
#7450=DIRECTION('',(-1.,0.,0.));
#7451=DIRECTION('',(0.,0.,-1.));
#7452=DIRECTION('',(-1.,0.,0.));
#7453=DIRECTION('',(-1.,0.,0.));
#7454=DIRECTION('',(0.,0.,1.));
#7455=DIRECTION('',(1.,0.,0.));
#7456=DIRECTION('',(-1.,0.,0.));
#7457=DIRECTION('',(0.,0.,-1.));
#7458=DIRECTION('',(-1.,0.,0.));
#7459=DIRECTION('',(-1.,0.,0.));
#7460=DIRECTION('',(0.,0.,1.));
#7461=DIRECTION('',(1.,0.,0.));
#7462=DIRECTION('',(-1.,0.,0.));
#7463=DIRECTION('',(0.,0.,-1.));
#7464=DIRECTION('',(-1.,0.,0.));
#7465=DIRECTION('',(-1.,0.,0.));
#7466=DIRECTION('',(0.,0.,1.));
#7467=DIRECTION('',(1.,0.,0.));
#7468=DIRECTION('',(-1.,0.,0.));
#7469=DIRECTION('',(0.,0.,-1.));
#7470=DIRECTION('',(-1.,0.,0.));
#7471=DIRECTION('',(-1.,0.,0.));
#7472=DIRECTION('',(0.,0.,1.));
#7473=DIRECTION('',(0.707106781186558,-8.6595605623548E-17,0.707106781186537));
#7474=DIRECTION('',(1.,0.,0.));
#7475=DIRECTION('',(0.,0.,-1.));
#7476=DIRECTION('',(0.707106781186558,0.,-0.707106781186537));
#7477=DIRECTION('',(-1.,0.,0.));
#7478=DIRECTION('',(0.,0.,-1.));
#7479=DIRECTION('',(-1.,0.,0.));
#7480=DIRECTION('',(4.1426232262134E-17,0.,1.));
#7481=DIRECTION('',(0.,0.5,0.866025403784439));
#7482=DIRECTION('',(0.654653670707973,0.755928946018458,2.22698069624471E-15));
#7483=DIRECTION('',(0.,-0.5,-0.866025403784439));
#7484=DIRECTION('',(-0.654653670707973,-0.377964473009227,0.654653670707982));
#7485=DIRECTION('',(0.707106781186551,-0.612372435695791,0.353553390593272));
#7486=DIRECTION('',(0.,0.5,0.866025403784439));
#7487=DIRECTION('',(0.,-0.5,0.866025403784439));
#7488=DIRECTION('',(0.654653670707972,0.377964473009229,0.654653670707981));
#7489=DIRECTION('',(0.,0.5,-0.866025403784439));
#7490=DIRECTION('',(0.707106781186552,-0.61237243569579,-0.353553390593272));
#7491=DIRECTION('',(0.,-0.5,0.866025403784439));
#7492=DIRECTION('',(0.,1.,0.));
#7493=DIRECTION('',(0.,-1.,0.));
#7494=DIRECTION('',(-0.654653670707973,0.377964473009226,0.654653670707982));
#7495=DIRECTION('',(0.707106781186552,0.,0.707106781186543));
#7496=DIRECTION('',(0.,1.,0.));
#7497=DIRECTION('',(0.,-1.,0.));
#7498=DIRECTION('',(0.654653670707972,-0.377964473009229,0.654653670707981));
#7499=DIRECTION('',(0.,1.,0.));
#7500=DIRECTION('',(0.707106781186552,0.,-0.707106781186543));
#7501=DIRECTION('',(0.,-1.,0.));
#7502=DIRECTION('',(0.,0.5,-0.866025403784439));
#7503=DIRECTION('',(0.,-0.5,0.866025403784439));
#7504=DIRECTION('',(-0.654653670707973,0.755928946018458,-3.37876313748807E-15));
#7505=DIRECTION('',(0.707106781186551,0.612372435695792,0.353553390593272));
#7506=DIRECTION('',(0.,0.5,-0.866025403784439));
#7507=DIRECTION('',(0.,-0.5,-0.866025403784439));
#7508=DIRECTION('',(0.,0.5,0.866025403784439));
#7509=DIRECTION('',(0.707106781186552,0.61237243569579,-0.353553390593271));
#7510=DIRECTION('',(0.,-0.5,-0.866025403784439));
#7511=DIRECTION('',(0.,-0.707106781186548,0.707106781186548));
#7512=DIRECTION('',(-1.,-4.62592926927149E-16,0.));
#7513=DIRECTION('',(0.,0.707106781186548,-0.707106781186548));
#7514=DIRECTION('',(1.,4.62592926927149E-16,0.));
#7515=DIRECTION('',(3.2710259555912E-16,-0.707106781186548,-0.707106781186547));
#7516=DIRECTION('',(1.,4.64905891561784E-16,0.));
#7517=DIRECTION('',(-0.707106781186548,0.,-0.707106781186548));
#7518=DIRECTION('',(0.,0.,1.));
#7519=DIRECTION('',(-1.,0.,0.));
#7520=DIRECTION('',(0.,0.,-1.));
#7521=DIRECTION('',(-1.,0.,0.));
#7522=DIRECTION('',(0.,0.,1.));
#7523=DIRECTION('',(1.,0.,-1.37813185777701E-17));
#7524=DIRECTION('',(-0.707106781186545,0.,0.70710678118655));
#7525=DIRECTION('',(0.,0.,-1.));
#7526=DIRECTION('',(-1.,0.,0.));
#7527=DIRECTION('',(0.,0.,1.));
#7528=DIRECTION('',(-1.,0.,0.));
#7529=DIRECTION('',(0.,0.,1.));
#7530=DIRECTION('',(1.,0.,-1.37813185777701E-17));
#7531=DIRECTION('',(-0.707106781186548,0.,-0.707106781186548));
#7532=DIRECTION('',(-1.5419764230905E-16,1.,0.));
#7533=DIRECTION('',(1.5419764230905E-16,-1.,0.));
#7534=DIRECTION('',(0.707106781186547,1.09034198519707E-16,-0.707106781186548));
#7535=DIRECTION('',(-1.52655665885959E-16,1.,0.));
#7536=DIRECTION('',(-0.707106781186548,0.,0.707106781186548));
#7537=DIRECTION('',(0.,1.,0.));
#7538=DIRECTION('',(0.,-1.,0.));
#7539=DIRECTION('',(-0.70710678118655,0.,-0.707106781186545));
#7540=DIRECTION('',(0.,-1.,0.));
#7541=DIRECTION('',(0.,-0.707106781186548,-0.707106781186548));
#7542=DIRECTION('',(0.,0.,1.));
#7543=DIRECTION('',(-1.,0.,0.));
#7544=DIRECTION('',(0.,0.,-1.));
#7545=DIRECTION('',(-1.,0.,0.));
#7546=DIRECTION('',(0.,0.,1.));
#7547=DIRECTION('',(1.,0.,-1.37813185777701E-17));
#7548=DIRECTION('',(0.,0.707106781186548,0.707106781186548));
#7549=DIRECTION('',(0.,0.,-1.));
#7550=DIRECTION('',(-1.,0.,0.));
#7551=DIRECTION('',(0.,0.,1.));
#7552=DIRECTION('',(-1.,0.,0.));
#7553=DIRECTION('',(0.,0.,1.));
#7554=DIRECTION('',(1.,0.,-1.37813185777701E-17));
#7555=DIRECTION('',(1.,1.5419764230905E-16,0.));
#7556=DIRECTION('',(-1.,-1.5419764230905E-16,0.));
#7557=DIRECTION('',(-1.09034198519707E-16,0.707106781186548,-0.707106781186547));
#7558=DIRECTION('',(-1.,-1.52655665885959E-16,0.));
#7559=DIRECTION('',(0.707106781186548,0.,0.707106781186548));
#7560=DIRECTION('',(-1.26161707343768E-16,1.,0.));
#7561=DIRECTION('',(-0.707106781186548,0.,-0.707106781186548));
#7562=DIRECTION('',(1.26161707343768E-16,-1.,0.));
#7563=DIRECTION('',(-0.707106781186547,-8.92097987888507E-17,0.707106781186549));
#7564=DIRECTION('',(1.2490009027033E-16,-1.,0.));
#7565=DIRECTION('',(-0.707106781186548,0.707106781186548,0.));
#7566=DIRECTION('',(1.,0.,0.));
#7567=DIRECTION('',(0.,0.,1.));
#7568=DIRECTION('',(-1.,-1.26161707343768E-16,0.));
#7569=DIRECTION('',(0.,-1.,0.));
#7570=DIRECTION('',(1.,0.,0.));
#7571=DIRECTION('',(4.13850531048145E-17,0.,-1.));
#7572=DIRECTION('',(0.70710678118655,0.707106781186545,0.));
#7573=DIRECTION('',(-1.,-1.26161707343768E-16,0.));
#7574=DIRECTION('',(0.,-1.,0.));
#7575=DIRECTION('',(1.,0.,0.));
#7576=DIRECTION('',(0.,0.,1.));
#7577=DIRECTION('',(1.,0.,0.));
#7578=DIRECTION('',(4.13850531048143E-17,0.,-1.));
#7579=DIRECTION('',(-0.707106781186548,0.707106781186548,0.));
#7580=DIRECTION('',(-2.918075673314E-32,2.31296463463574E-16,-1.));
#7581=DIRECTION('',(2.918075673314E-32,-2.31296463463574E-16,1.));
#7582=DIRECTION('',(-0.707106781186547,-0.707106781186548,-1.6355129777956E-16));
#7583=DIRECTION('',(0.,2.32452945780892E-16,-1.));
#7584=DIRECTION('',(0.70710678118655,0.707106781186545,0.));
#7585=DIRECTION('',(-2.50120771998342E-32,1.98254111540207E-16,-1.));
#7586=DIRECTION('',(2.50120771998342E-32,-1.98254111540207E-16,1.));
#7587=DIRECTION('',(-0.707106781186548,0.707106781186548,1.40186826668194E-16));
#7588=DIRECTION('',(0.,-2.0122792321331E-16,1.));
#7589=DIRECTION('',(-0.707106781186548,0.,-0.707106781186548));
#7590=DIRECTION('',(-1.,0.,0.));
#7591=DIRECTION('',(0.,0.,1.));
#7592=DIRECTION('',(1.,1.26161707343768E-16,0.));
#7593=DIRECTION('',(0.,-1.,0.));
#7594=DIRECTION('',(-1.,0.,0.));
#7595=DIRECTION('',(4.14674934496448E-17,0.,1.));
#7596=DIRECTION('',(0.707106781186548,0.,-0.707106781186548));
#7597=DIRECTION('',(-1.,-1.26161707343768E-16,0.));
#7598=DIRECTION('',(0.,-1.,0.));
#7599=DIRECTION('',(1.,0.,0.));
#7600=DIRECTION('',(0.,0.,1.));
#7601=DIRECTION('',(1.,0.,0.));
#7602=DIRECTION('',(4.13850531048144E-17,0.,-1.));
#7603=DIRECTION('',(-0.707106781186545,0.,-0.70710678118655));
#7604=DIRECTION('',(1.26161707343768E-16,-1.,0.));
#7605=DIRECTION('',(-1.26161707343768E-16,1.,0.));
#7606=DIRECTION('',(-0.707106781186546,-8.92097987888507E-17,0.707106781186549));
#7607=DIRECTION('',(1.2490009027033E-16,-1.,0.));
#7608=DIRECTION('',(0.707106781186548,0.,-0.707106781186548));
#7609=DIRECTION('',(1.26161707343768E-16,-1.,0.));
#7610=DIRECTION('',(-1.26161707343768E-16,1.,0.));
#7611=DIRECTION('',(-0.707106781186549,-8.9209798788851E-17,-0.707106781186547));
#7612=DIRECTION('',(-1.2490009027033E-16,1.,0.));
#7613=DIRECTION('',(-0.707106781186545,0.70710678118655,0.));
#7614=DIRECTION('',(1.,0.,0.));
#7615=DIRECTION('',(0.,0.,1.));
#7616=DIRECTION('',(-1.,-1.26161707343768E-16,0.));
#7617=DIRECTION('',(0.,-1.,0.));
#7618=DIRECTION('',(1.,0.,0.));
#7619=DIRECTION('',(4.13850531048145E-17,0.,-1.));
#7620=DIRECTION('',(0.707106781186549,0.707106781186546,0.));
#7621=DIRECTION('',(1.,1.26161707343768E-16,0.));
#7622=DIRECTION('',(0.,-1.,0.));
#7623=DIRECTION('',(-1.,0.,0.));
#7624=DIRECTION('',(0.,0.,1.));
#7625=DIRECTION('',(-1.,0.,0.));
#7626=DIRECTION('',(4.14674934496448E-17,0.,1.));
#7627=DIRECTION('',(-0.707106781186545,0.70710678118655,0.));
#7628=DIRECTION('',(0.,0.,-1.));
#7629=DIRECTION('',(0.,0.,1.));
#7630=DIRECTION('',(-0.707106781186548,-0.707106781186548,0.));
#7631=DIRECTION('',(0.,0.,-1.));
#7632=DIRECTION('',(0.707106781186548,0.707106781186548,0.));
#7633=DIRECTION('',(-2.91807567331399E-32,2.31296463463574E-16,-1.));
#7634=DIRECTION('',(2.91807567331399E-32,-2.31296463463574E-16,1.));
#7635=DIRECTION('',(-0.707106781186547,0.707106781186548,1.6355129777956E-16));
#7636=DIRECTION('',(0.,-2.32452945780892E-16,1.));
#7637=DIRECTION('',(-0.707106781186548,0.,0.707106781186548));
#7638=DIRECTION('',(1.,0.,0.));
#7639=DIRECTION('',(0.,0.,1.));
#7640=DIRECTION('',(-1.,-1.26161707343768E-16,0.));
#7641=DIRECTION('',(0.,-1.,0.));
#7642=DIRECTION('',(1.,0.,0.));
#7643=DIRECTION('',(4.13850531048144E-17,0.,-1.));
#7644=DIRECTION('',(0.707106781186548,0.,-0.707106781186548));
#7645=DIRECTION('',(-1.,-1.26161707343768E-16,0.));
#7646=DIRECTION('',(0.,-1.,0.));
#7647=DIRECTION('',(1.,0.,0.));
#7648=DIRECTION('',(0.,0.,1.));
#7649=DIRECTION('',(1.,0.,0.));
#7650=DIRECTION('',(4.13850531048145E-17,0.,-1.));
#7651=DIRECTION('',(1.26161707343768E-16,-1.,5.78241158658936E-17));
#7652=DIRECTION('',(-1.26161707343768E-16,1.,-5.78241158658936E-17));
#7653=DIRECTION('',(-0.707106781186546,-1.30097623233741E-16,-0.707106781186549));
#7654=DIRECTION('',(-1.2490009027033E-16,1.,-5.89805981832114E-17));
#7655=DIRECTION('',(0.707106781186549,0.,0.707106781186546));
#7656=DIRECTION('',(0.,-1.,0.));
#7657=DIRECTION('',(-0.707106781186548,0.,-0.707106781186548));
#7658=DIRECTION('',(0.,1.,0.));
#7659=DIRECTION('',(-0.707106781186548,0.,0.707106781186548));
#7660=DIRECTION('',(0.,-1.,0.));
#7661=DIRECTION('',(0.,-0.707106781186548,-0.707106781186548));
#7662=DIRECTION('',(0.,0.,1.));
#7663=DIRECTION('',(1.,0.,0.));
#7664=DIRECTION('',(0.,0.,-1.));
#7665=DIRECTION('',(1.,0.,0.));
#7666=DIRECTION('',(0.,0.,1.));
#7667=DIRECTION('',(1.,0.,-2.75626371555402E-17));
#7668=DIRECTION('',(0.,-0.707106781186549,0.707106781186546));
#7669=DIRECTION('',(0.,0.,-1.));
#7670=DIRECTION('',(1.,0.,0.));
#7671=DIRECTION('',(0.,0.,1.));
#7672=DIRECTION('',(1.,0.,0.));
#7673=DIRECTION('',(0.,0.,1.));
#7674=DIRECTION('',(1.,0.,-2.75626371555401E-17));
#7675=DIRECTION('',(0.,-0.707106781186548,-0.707106781186548));
#7676=DIRECTION('',(-1.,-1.5419764230905E-16,0.));
#7677=DIRECTION('',(1.,1.5419764230905E-16,0.));
#7678=DIRECTION('',(1.09034198519707E-16,-0.707106781186548,0.707106781186548));
#7679=DIRECTION('',(1.,1.52655665885959E-16,0.));
#7680=DIRECTION('',(0.,-0.707106781186546,0.707106781186549));
#7681=DIRECTION('',(-1.,-1.5419764230905E-16,0.));
#7682=DIRECTION('',(1.,1.5419764230905E-16,0.));
#7683=DIRECTION('',(-1.09034198519707E-16,0.707106781186548,0.707106781186548));
#7684=DIRECTION('',(-1.,-1.52655665885959E-16,0.));
#7685=DIRECTION('',(0.70710678118655,0.,-0.707106781186545));
#7686=DIRECTION('',(0.,0.,1.));
#7687=DIRECTION('',(1.,0.,0.));
#7688=DIRECTION('',(0.,0.,-1.));
#7689=DIRECTION('',(1.,0.,0.));
#7690=DIRECTION('',(0.,0.,1.));
#7691=DIRECTION('',(1.,0.,-2.75626371555402E-17));
#7692=DIRECTION('',(-0.70710678118655,0.,0.707106781186545));
#7693=DIRECTION('',(0.,0.,-1.));
#7694=DIRECTION('',(1.,0.,0.));
#7695=DIRECTION('',(0.,0.,1.));
#7696=DIRECTION('',(1.,0.,0.));
#7697=DIRECTION('',(0.,0.,1.));
#7698=DIRECTION('',(1.,0.,-2.75626371555402E-17));
#7699=DIRECTION('',(0.,1.,0.));
#7700=DIRECTION('',(0.,-1.,0.));
#7701=DIRECTION('',(0.707106781186545,0.,0.70710678118655));
#7702=DIRECTION('',(0.,1.,0.));
#7703=DIRECTION('',(0.,-0.707106781186547,-0.707106781186548));
#7704=DIRECTION('',(-1.,-1.0842021724855E-16,0.));
#7705=DIRECTION('',(0.,0.707106781186547,0.707106781186548));
#7706=DIRECTION('',(1.,1.0842021724855E-16,0.));
#7707=DIRECTION('',(7.66646708341687E-17,-0.707106781186548,0.707106781186548));
#7708=DIRECTION('',(-1.,-1.0842021724855E-16,0.));
#7709=DIRECTION('',(-0.707106781186548,-1.02219561112225E-16,0.707106781186548));
#7710=DIRECTION('',(0.,0.,1.));
#7711=DIRECTION('',(1.,0.,0.));
#7712=DIRECTION('',(0.,0.,-1.));
#7713=DIRECTION('',(1.,0.,0.));
#7714=DIRECTION('',(0.,0.,-1.));
#7715=DIRECTION('',(-1.,0.,-4.15502628976481E-17));
#7716=DIRECTION('',(0.707106781186547,0.,-0.707106781186548));
#7717=DIRECTION('',(0.,0.,1.));
#7718=DIRECTION('',(1.,0.,0.));
#7719=DIRECTION('',(0.,0.,-1.));
#7720=DIRECTION('',(1.,0.,0.));
#7721=DIRECTION('',(0.,0.,1.));
#7722=DIRECTION('',(1.,0.,6.91124890827413E-17));
#7723=DIRECTION('',(0.,-0.707106781186547,0.707106781186548));
#7724=DIRECTION('',(0.,0.,1.));
#7725=DIRECTION('',(1.,0.,0.));
#7726=DIRECTION('',(0.,0.,-1.));
#7727=DIRECTION('',(1.,0.,0.));
#7728=DIRECTION('',(0.,0.,-1.));
#7729=DIRECTION('',(-1.,0.,-4.1550262897648E-17));
#7730=DIRECTION('',(0.707106781186548,0.,-0.707106781186547));
#7731=DIRECTION('',(1.80700362080917E-16,-1.,0.));
#7732=DIRECTION('',(-1.80700362080917E-16,1.,0.));
#7733=DIRECTION('',(0.707106781186548,1.27774451390281E-16,0.707106781186547));
#7734=DIRECTION('',(1.80844922370582E-16,-1.,0.));
#7735=DIRECTION('',(0.,-0.707106781186547,0.707106781186548));
#7736=DIRECTION('',(-1.,7.2280144832367E-17,0.));
#7737=DIRECTION('',(1.,-7.2280144832367E-17,0.));
#7738=DIRECTION('',(5.11097805561125E-17,0.707106781186548,0.707106781186547));
#7739=DIRECTION('',(1.,-7.24247051220317E-17,0.));
#7740=DIRECTION('',(2.55548902780564E-17,-0.707106781186547,-0.707106781186548));
#7741=DIRECTION('',(0.,0.,-1.));
#7742=DIRECTION('',(1.,0.,0.));
#7743=DIRECTION('',(0.,0.,1.));
#7744=DIRECTION('',(1.,0.,0.));
#7745=DIRECTION('',(0.,0.,-1.));
#7746=DIRECTION('',(-1.,0.,-4.1550262897648E-17));
#7747=DIRECTION('',(-0.707106781186548,0.,0.707106781186548));
#7748=DIRECTION('',(0.,0.,-1.));
#7749=DIRECTION('',(1.,0.,0.));
#7750=DIRECTION('',(0.,0.,1.));
#7751=DIRECTION('',(1.,0.,0.));
#7752=DIRECTION('',(0.,0.,1.));
#7753=DIRECTION('',(1.,0.,6.91124890827414E-17));
#7754=DIRECTION('',(-0.707106781186548,0.,-0.707106781186548));
#7755=DIRECTION('',(0.,0.,-1.));
#7756=DIRECTION('',(1.,0.,0.));
#7757=DIRECTION('',(0.,0.,1.));
#7758=DIRECTION('',(1.,0.,0.));
#7759=DIRECTION('',(0.,0.,-1.));
#7760=DIRECTION('',(-1.,0.,-4.15502628976481E-17));
#7761=DIRECTION('',(-0.707106781186547,0.,0.707106781186548));
#7762=DIRECTION('',(-1.80700362080917E-16,1.,0.));
#7763=DIRECTION('',(1.80700362080917E-16,-1.,0.));
#7764=DIRECTION('',(0.707106781186548,1.27774451390281E-16,0.707106781186547));
#7765=DIRECTION('',(1.80844922370582E-16,-1.,0.));
#7766=DIRECTION('',(-0.707106781186548,0.,-0.707106781186548));
#7767=DIRECTION('',(-1.44560289664734E-16,1.,0.));
#7768=DIRECTION('',(1.44560289664734E-16,-1.,0.));
#7769=DIRECTION('',(-0.707106781186548,-1.02219561112225E-16,0.707106781186548));
#7770=DIRECTION('',(-1.44415729375069E-16,1.,0.));
#7771=DIRECTION('',(-1.02219561112225E-16,-0.707106781186548,0.707106781186548));
#7772=DIRECTION('',(0.,0.,1.));
#7773=DIRECTION('',(1.,0.,0.));
#7774=DIRECTION('',(0.,0.,-1.));
#7775=DIRECTION('',(1.,0.,0.));
#7776=DIRECTION('',(0.,0.,-1.));
#7777=DIRECTION('',(-1.,0.,-4.15502628976481E-17));
#7778=DIRECTION('',(0.,-0.707106781186548,-0.707106781186548));
#7779=DIRECTION('',(0.,0.,1.));
#7780=DIRECTION('',(1.,0.,0.));
#7781=DIRECTION('',(0.,0.,-1.));
#7782=DIRECTION('',(1.,8.67361737988403E-16,0.));
#7783=DIRECTION('',(0.,0.,1.));
#7784=DIRECTION('',(1.,0.,6.91124890827413E-17));
#7785=DIRECTION('',(0.707106781186547,0.,0.707106781186548));
#7786=DIRECTION('',(0.,0.,1.));
#7787=DIRECTION('',(1.,0.,0.));
#7788=DIRECTION('',(0.,0.,-1.));
#7789=DIRECTION('',(1.,0.,0.));
#7790=DIRECTION('',(0.,0.,-1.));
#7791=DIRECTION('',(-1.,0.,-4.1550262897648E-17));
#7792=DIRECTION('',(0.,-0.707106781186548,-0.707106781186547));
#7793=DIRECTION('',(-1.,-1.80700362080917E-16,0.));
#7794=DIRECTION('',(1.,1.80700362080917E-16,0.));
#7795=DIRECTION('',(1.27774451390281E-16,-0.707106781186548,0.707106781186548));
#7796=DIRECTION('',(-1.,-1.80844922370582E-16,0.));
#7797=DIRECTION('',(0.707106781186548,0.,0.707106781186548));
#7798=DIRECTION('',(-3.61400724161835E-17,-1.,0.));
#7799=DIRECTION('',(3.61400724161835E-17,1.,0.));
#7800=DIRECTION('',(-0.707106781186548,2.55548902780562E-17,0.707106781186548));
#7801=DIRECTION('',(3.59955121265187E-17,1.,0.));
#7802=DIRECTION('',(-0.707106781186547,3.83323354170844E-16,-0.707106781186548));
#7803=DIRECTION('',(0.,0.,-1.));
#7804=DIRECTION('',(1.,0.,0.));
#7805=DIRECTION('',(0.,0.,1.));
#7806=DIRECTION('',(1.,0.,0.));
#7807=DIRECTION('',(0.,0.,-1.));
#7808=DIRECTION('',(-1.,0.,-4.1550262897648E-17));
#7809=DIRECTION('',(0.,-0.707106781186548,0.707106781186548));
#7810=DIRECTION('',(0.,0.,-1.));
#7811=DIRECTION('',(1.,0.,0.));
#7812=DIRECTION('',(0.,0.,1.));
#7813=DIRECTION('',(1.,0.,0.));
#7814=DIRECTION('',(0.,0.,1.));
#7815=DIRECTION('',(1.,0.,6.91124890827413E-17));
#7816=DIRECTION('',(0.,0.707106781186548,-0.707106781186548));
#7817=DIRECTION('',(0.,0.,-1.));
#7818=DIRECTION('',(1.,0.,0.));
#7819=DIRECTION('',(0.,0.,1.));
#7820=DIRECTION('',(1.,0.,0.));
#7821=DIRECTION('',(0.,0.,-1.));
#7822=DIRECTION('',(-1.,0.,-4.15502628976481E-17));
#7823=DIRECTION('',(1.,-1.80700362080917E-16,0.));
#7824=DIRECTION('',(-1.,1.80700362080917E-16,0.));
#7825=DIRECTION('',(1.27774451390281E-16,0.707106781186548,0.707106781186548));
#7826=DIRECTION('',(1.,-1.80844922370582E-16,0.));
#7827=DIRECTION('',(0.,-0.707106781186553,0.707106781186543));
#7828=DIRECTION('',(-1.,-1.26161707343768E-16,0.));
#7829=DIRECTION('',(1.,1.26161707343768E-16,0.));
#7830=DIRECTION('',(-8.92097987888508E-17,0.707106781186547,0.707106781186548));
#7831=DIRECTION('',(-1.,-1.2490009027033E-16,0.));
#7832=DIRECTION('',(-0.707106781186544,-0.707106781186551,0.));
#7833=DIRECTION('',(0.,-1.,0.));
#7834=DIRECTION('',(0.,0.,1.));
#7835=DIRECTION('',(-1.26161707343768E-16,1.,0.));
#7836=DIRECTION('',(-1.,0.,0.));
#7837=DIRECTION('',(0.,-1.,0.));
#7838=DIRECTION('',(0.,-5.50160071667575E-17,-1.));
#7839=DIRECTION('',(0.,-0.707106781186548,-0.707106781186548));
#7840=DIRECTION('',(0.,-1.,0.));
#7841=DIRECTION('',(0.,0.,1.));
#7842=DIRECTION('',(-1.26161707343768E-16,1.,0.));
#7843=DIRECTION('',(-1.,0.,0.));
#7844=DIRECTION('',(0.,-1.,0.));
#7845=DIRECTION('',(0.,-5.50160071667575E-17,-1.));
#7846=DIRECTION('',(-0.707106781186543,-0.707106781186553,0.));
#7847=DIRECTION('',(0.,1.,0.));
#7848=DIRECTION('',(0.,0.,1.));
#7849=DIRECTION('',(1.26161707343768E-16,-1.,0.));
#7850=DIRECTION('',(-1.,0.,0.));
#7851=DIRECTION('',(0.,1.,0.));
#7852=DIRECTION('',(0.,-5.49071723355669E-17,1.));
#7853=DIRECTION('',(-0.707106781186545,-0.70710678118655,0.));
#7854=DIRECTION('',(0.,0.,-1.));
#7855=DIRECTION('',(0.,0.,1.));
#7856=DIRECTION('',(-0.707106781186553,0.707106781186543,0.));
#7857=DIRECTION('',(0.,0.,1.));
#7858=DIRECTION('',(0.,-0.70710678118655,0.707106781186545));
#7859=DIRECTION('',(0.,1.,0.));
#7860=DIRECTION('',(0.,0.,1.));
#7861=DIRECTION('',(1.26161707343768E-16,-1.,0.));
#7862=DIRECTION('',(-1.,0.,0.));
#7863=DIRECTION('',(0.,1.,0.));
#7864=DIRECTION('',(0.,-5.49071723355668E-17,1.));
#7865=DIRECTION('',(0.,-0.707106781186548,0.707106781186548));
#7866=DIRECTION('',(-1.,-1.26161707343768E-16,0.));
#7867=DIRECTION('',(1.,1.26161707343768E-16,0.));
#7868=DIRECTION('',(-8.92097987888505E-17,0.707106781186545,0.70710678118655));
#7869=DIRECTION('',(1.,1.2490009027033E-16,0.));
#7870=DIRECTION('',(0.707106781186545,-0.70710678118655,0.));
#7871=DIRECTION('',(0.,1.,0.));
#7872=DIRECTION('',(0.,0.,1.));
#7873=DIRECTION('',(1.26161707343768E-16,-1.,0.));
#7874=DIRECTION('',(-1.,0.,0.));
#7875=DIRECTION('',(0.,1.,0.));
#7876=DIRECTION('',(0.,-4.1180379251675E-17,1.));
#7877=DIRECTION('',(0.707106781186548,-0.707106781186548,0.));
#7878=DIRECTION('',(0.,0.,1.));
#7879=DIRECTION('',(0.,0.,-1.));
#7880=DIRECTION('',(0.70710678118655,0.707106781186545,0.));
#7881=DIRECTION('',(0.,0.,-1.));
#7882=DIRECTION('',(0.,-0.707106781186548,-0.707106781186548));
#7883=DIRECTION('',(0.,1.,0.));
#7884=DIRECTION('',(0.,0.,1.));
#7885=DIRECTION('',(1.26161707343768E-16,-1.,0.));
#7886=DIRECTION('',(-1.,0.,0.));
#7887=DIRECTION('',(0.,1.,0.));
#7888=DIRECTION('',(0.,-4.1180379251675E-17,1.));
#7889=DIRECTION('',(0.707106781186545,-0.70710678118655,0.));
#7890=DIRECTION('',(0.,-1.,0.));
#7891=DIRECTION('',(0.,0.,1.));
#7892=DIRECTION('',(-1.26161707343768E-16,1.,0.));
#7893=DIRECTION('',(-1.,0.,0.));
#7894=DIRECTION('',(0.,-1.,0.));
#7895=DIRECTION('',(0.,-4.12620053750679E-17,-1.));
#7896=DIRECTION('',(0.,-0.707106781186548,0.707106781186548));
#7897=DIRECTION('',(0.,-1.,0.));
#7898=DIRECTION('',(-6.93889390390723E-16,0.,1.));
#7899=DIRECTION('',(-1.26161707343768E-16,1.,0.));
#7900=DIRECTION('',(-1.,0.,0.));
#7901=DIRECTION('',(0.,-1.,0.));
#7902=DIRECTION('',(0.,-4.12620053750679E-17,-1.));
#7903=DIRECTION('',(-1.,-1.26161707343768E-16,0.));
#7904=DIRECTION('',(1.,1.26161707343768E-16,0.));
#7905=DIRECTION('',(-8.92097987888508E-17,0.707106781186547,0.707106781186548));
#7906=DIRECTION('',(-1.,-1.2490009027033E-16,0.));
#7907=DIRECTION('',(0.,-1.,0.));
#7908=DIRECTION('',(0.,0.,-1.));
#7909=DIRECTION('',(1.,0.,0.));
#7910=DIRECTION('',(0.,0.,-1.));
#7911=DIRECTION('',(0.,0.,1.));
#7912=DIRECTION('',(1.,0.,0.));
#7913=DIRECTION('',(-1.,0.,0.));
#7914=DIRECTION('',(0.,0.,1.));
#7915=DIRECTION('',(-1.,0.,0.));
#7916=DIRECTION('',(0.,0.,1.));
#7917=DIRECTION('',(0.,0.,1.));
#7918=DIRECTION('',(1.,0.,0.));
#7919=DIRECTION('',(0.,0.,-1.));
#7920=DIRECTION('',(0.,0.,1.));
#7921=DIRECTION('',(0.,0.,-1.));
#7922=DIRECTION('',(-1.,0.,0.));
#7923=DIRECTION('',(0.,0.,1.));
#7924=DIRECTION('',(1.,0.,0.));
#7925=DIRECTION('',(5.86299591403292E-36,-1.38777878078145E-16,-1.));
#7926=DIRECTION('',(0.,0.,1.));
#7927=DIRECTION('',(1.,0.,0.));
#7928=DIRECTION('',(0.,1.38777878078145E-16,1.));
#7929=DIRECTION('',(0.,1.38777878078145E-16,1.));
#7930=DIRECTION('',(0.,-1.,0.));
#7931=DIRECTION('',(1.,0.,0.));
#7932=DIRECTION('',(0.,0.,-1.));
#7933=DIRECTION('',(-1.,0.,0.));
#7934=DIRECTION('',(0.,0.,1.));
#7935=DIRECTION('',(-1.,0.,0.));
#7936=DIRECTION('',(0.,0.,1.));
#7937=DIRECTION('',(0.,-1.,0.));
#7938=DIRECTION('',(0.,0.,-1.));
#7939=DIRECTION('',(1.,0.,0.));
#7940=DIRECTION('',(0.,0.,-1.));
#7941=DIRECTION('',(0.,0.,1.));
#7942=DIRECTION('',(1.,0.,0.));
#7943=DIRECTION('',(-1.,0.,0.));
#7944=DIRECTION('',(0.,0.,1.));
#7945=DIRECTION('',(-1.,0.,0.));
#7946=DIRECTION('',(0.,0.,1.));
#7947=DIRECTION('',(0.,0.,1.));
#7948=DIRECTION('',(1.,0.,0.));
#7949=DIRECTION('',(0.,-1.38777878078145E-16,-1.));
#7950=DIRECTION('',(5.86299591403292E-36,1.38777878078145E-16,1.));
#7951=DIRECTION('',(0.,-1.38777878078145E-16,-1.));
#7952=DIRECTION('',(0.,1.,0.));
#7953=DIRECTION('',(0.,0.,1.));
#7954=DIRECTION('',(1.,0.,0.));
#7955=DIRECTION('',(0.,0.,-1.));
#7956=DIRECTION('',(0.,0.,1.));
#7957=DIRECTION('',(1.,0.,0.));
#7958=DIRECTION('',(0.,0.,1.));
#7959=DIRECTION('',(0.,0.,1.));
#7960=DIRECTION('',(1.,0.,0.));
#7961=DIRECTION('',(1.,0.,0.));
#7962=DIRECTION('',(0.,0.,-1.));
#7963=DIRECTION('',(-1.,0.,0.));
#7964=DIRECTION('',(0.,0.,1.));
#7965=DIRECTION('',(-1.,0.,0.));
#7966=DIRECTION('',(0.,0.,1.));
#7967=DIRECTION('',(0.,-0.5,0.866025403784439));
#7968=DIRECTION('',(0.,-0.866025403784438,-0.5));
#7969=DIRECTION('',(0.,0.,1.));
#7970=DIRECTION('',(1.,0.,0.));
#7971=DIRECTION('',(0.,0.,1.));
#7972=DIRECTION('',(1.,0.,0.));
#7973=DIRECTION('',(0.,1.50231459873716E-16,-1.));
#7974=DIRECTION('',(0.,-1.50231459873716E-16,1.));
#7975=DIRECTION('',(0.,1.50231459873716E-16,-1.));
#7976=DIRECTION('',(0.,1.,1.50231459873716E-16));
#7977=DIRECTION('',(0.,0.866025403784439,-0.499999999999999));
#7978=DIRECTION('',(0.,0.499999999999999,0.866025403784439));
#7979=DIRECTION('',(-2.07437370135565E-18,-0.866025403784439,0.5));
#7980=DIRECTION('',(0.,0.866025403784438,-0.5));
#7981=DIRECTION('',(0.,0.5,0.866025403784439));
#7982=DIRECTION('',(0.,0.866025403784439,-0.5));
#7983=DIRECTION('',(0.,0.866025403784439,-0.5));
#7984=DIRECTION('',(0.,0.5,0.866025403784439));
#7985=DIRECTION('',(0.,0.5,0.866025403784439));
#7986=DIRECTION('',(0.,-0.866025403784438,0.5));
#7987=DIRECTION('',(-7.51157299368579E-16,0.866025403784438,0.500000000000001));
#7988=DIRECTION('',(0.,-0.500000000000001,0.866025403784438));
#7989=DIRECTION('',(0.,-1.,-3.99290858091447E-16));
#7990=DIRECTION('',(0.,4.33680868994201E-16,-1.));
#7991=DIRECTION('',(3.75578649684289E-16,0.866025403784438,0.500000000000001));
#7992=DIRECTION('',(0.,-0.5,0.866025403784438));
#7993=DIRECTION('',(0.,-0.866025403784439,-0.5));
#7994=DIRECTION('',(-6.91248931769351E-18,0.866025403784439,0.5));
#7995=DIRECTION('',(0.,-0.866025403784439,-0.5));
#7996=DIRECTION('',(0.,0.5,-0.866025403784439));
#7997=DIRECTION('',(0.,0.866025403784438,0.500000000000001));
#7998=DIRECTION('',(0.,-0.5,0.866025403784439));
#7999=DIRECTION('',(0.,-0.866025403784438,-0.5));
#8000=DIRECTION('',(0.,0.866025403784437,0.500000000000002));
#8001=DIRECTION('',(0.,-0.500000000000003,0.866025403784437));
#8002=DIRECTION('',(0.,0.866025403784438,0.5));
#8003=DIRECTION('',(0.,0.866025403784438,0.5));
#8004=DIRECTION('',(0.,-0.500000000000001,0.866025403784438));
#8005=DIRECTION('',(0.,1.,2.39452868493503E-16));
#8006=DIRECTION('',(0.,-4.33680868994202E-16,1.));
#8007=DIRECTION('',(0.,0.866025403784439,-0.5));
#8008=DIRECTION('',(0.,0.499999999999999,0.866025403784439));
#8009=DIRECTION('',(0.,-0.5,-0.866025403784439));
#8010=DIRECTION('',(0.,0.866025403784439,-0.5));
#8011=DIRECTION('',(1.87789324842145E-16,0.866025403784438,-0.5));
#8012=DIRECTION('',(0.,0.5,0.866025403784439));
#8013=DIRECTION('',(0.,-0.866025403784439,0.5));
#8014=DIRECTION('',(-2.07437370135565E-18,0.866025403784439,-0.5));
#8015=DIRECTION('',(0.,-0.866025403784439,0.5));
#8016=DIRECTION('',(0.,-0.499999999999999,-0.866025403784439));
#8017=DIRECTION('',(0.,0.,1.));
#8018=DIRECTION('',(1.,0.,0.));
#8019=DIRECTION('',(0.,-7.5115729936858E-17,-1.));
#8020=DIRECTION('',(0.,0.,1.));
#8021=DIRECTION('',(1.,0.,0.));
#8022=DIRECTION('',(0.,7.5115729936858E-17,1.));
#8023=DIRECTION('',(0.,7.5115729936858E-17,1.));
#8024=DIRECTION('',(0.,-1.,7.5115729936858E-17));
#8025=DIRECTION('',(0.,0.5,-0.866025403784439));
#8026=DIRECTION('',(0.,0.866025403784438,0.5));
#8027=DIRECTION('',(0.994935885120892,2.40677942294425E-17,-0.100511613750393));
#8028=DIRECTION('',(-0.994935885120892,-1.39041923940282E-17,0.100511613750393));
#8029=DIRECTION('',(0.994935885120892,2.40677942294425E-17,-0.100511613750393));
#8030=DIRECTION('',(-0.100511613750393,0.,-0.994935885120891));
#8031=DIRECTION('',(0.994935885120892,-0.0870456108832093,0.0502558068751962));
#8032=DIRECTION('',(-0.994935885120892,0.0870456108832093,-0.0502558068751962));
#8033=DIRECTION('',(0.994935885120892,-0.0870456108832093,0.0502558068751962));
#8034=DIRECTION('',(0.0871557427476582,0.996194698091746,0.));
#8035=DIRECTION('',(0.994935885120892,-0.0870456108832093,-0.0502558068751963));
#8036=DIRECTION('',(-0.994935885120892,0.0870456108832093,0.0502558068751963));
#8037=DIRECTION('',(0.994935885120892,-0.0870456108832093,-0.0502558068751963));
#8038=DIRECTION('',(0.0871557427476582,0.996194698091746,0.));
#8039=DIRECTION('',(0.994935885120892,0.0870456108832093,-0.0502558068751962));
#8040=DIRECTION('',(-0.994935885120892,-0.0870456108832093,0.0502558068751962));
#8041=DIRECTION('',(0.994935885120892,0.0870456108832093,-0.0502558068751962));
#8042=DIRECTION('',(-0.0871557427476582,0.996194698091746,0.));
#8043=DIRECTION('',(0.994935885120892,0.0870456108832092,0.0502558068751963));
#8044=DIRECTION('',(-0.994935885120892,-0.0870456108832093,-0.0502558068751963));
#8045=DIRECTION('',(0.994935885120892,0.0870456108832093,0.0502558068751963));
#8046=DIRECTION('',(-0.0871557427476582,0.996194698091746,0.));
#8047=DIRECTION('',(0.994935885120892,-1.99210538240325E-17,0.100511613750393));
#8048=DIRECTION('',(-0.994935885120892,4.16597680096571E-17,-0.100511613750393));
#8049=DIRECTION('',(0.994935885120892,-4.01333685025503E-17,0.100511613750393));
#8050=DIRECTION('',(0.100511613750393,0.,-0.994935885120891));
#8051=DIRECTION('',(-1.,0.,0.));
#8052=DIRECTION('',(0.,0.,1.));
#8053=DIRECTION('',(0.994935885120892,3.55900974072253E-17,-0.100511613750393));
#8054=DIRECTION('',(0.,-0.866025403784439,0.5));
#8055=DIRECTION('',(-0.0871557427476584,-0.498097349045872,-0.862729915662821));
#8056=DIRECTION('',(0.,0.866025403784439,-0.5));
#8057=DIRECTION('',(0.,-0.866025403784439,-0.5));
#8058=DIRECTION('',(-0.0871557427476583,0.498097349045873,-0.862729915662821));
#8059=DIRECTION('',(0.,0.866025403784439,0.5));
#8060=DIRECTION('',(0.,1.50231459873716E-16,-1.));
#8061=DIRECTION('',(-0.0871557427476584,0.996194698091746,1.49659783812779E-16));
#8062=DIRECTION('',(-0.996194698091746,-0.0871557427476584,0.));
#8063=DIRECTION('',(0.,0.866025403784439,-0.5));
#8064=DIRECTION('',(-0.0871557427476583,0.498097349045873,0.862729915662821));
#8065=DIRECTION('',(0.,-0.866025403784439,0.5));
#8066=DIRECTION('',(0.,0.866025403784438,0.5));
#8067=DIRECTION('',(-0.0871557427476583,-0.498097349045873,0.862729915662821));
#8068=DIRECTION('',(0.,-0.866025403784438,-0.5));
#8069=DIRECTION('',(0.,7.5115729936858E-17,1.));
#8070=DIRECTION('',(-0.0871557427476584,-0.996194698091746,7.48298919063894E-17));
#8071=DIRECTION('',(0.996194698091746,-0.0871557427476584,0.));
#8072=DIRECTION('',(-1.,0.,0.));
#8073=DIRECTION('',(0.,0.,1.));
#8074=DIRECTION('',(-1.,0.,0.));
#8075=DIRECTION('',(0.,0.,1.));
#8076=DIRECTION('',(-1.,0.,0.));
#8077=DIRECTION('',(0.,0.,1.));
#8078=DIRECTION('',(-1.,0.,0.));
#8079=DIRECTION('',(0.,0.,1.));
#8080=DIRECTION('',(0.996194698091746,0.0871557427476584,0.));
#8081=DIRECTION('',(0.996194698091746,0.0871557427476584,-1.20952890408447E-17));
#8082=DIRECTION('',(0.,-1.38777878078145E-16,-1.));
#8083=DIRECTION('',(-0.0871557427476584,0.996194698091746,-1.3824978635387E-16));
#8084=DIRECTION('',(-0.996194698091746,-0.0871557427476584,0.));
#8085=DIRECTION('',(0.996194698091746,0.,0.0871557427476584));
#8086=DIRECTION('',(1.,0.,0.));
#8087=DIRECTION('',(0.,0.,-1.));
#8088=DIRECTION('',(0.996194698091746,-0.0871557427476584,7.55955565052791E-17));
#8089=DIRECTION('',(-1.,0.,0.));
#8090=DIRECTION('',(0.,0.,1.));
#8091=DIRECTION('',(1.,0.,0.));
#8092=DIRECTION('',(4.36003205889884E-16,0.,1.));
#8093=DIRECTION('',(0.996194698091746,-0.0871557427476584,0.));
#8094=DIRECTION('',(0.,0.,1.));
#8095=DIRECTION('',(-0.0871557427476584,-0.996194698091746,0.));
#8096=DIRECTION('',(0.996194698091746,-0.0871557427476584,0.));
#8097=DIRECTION('',(-1.,0.,0.));
#8098=DIRECTION('',(0.,0.,1.));
#8099=DIRECTION('',(1.,0.,0.));
#8100=DIRECTION('',(4.36003205889884E-16,0.,1.));
#8101=DIRECTION('',(-1.,0.,0.));
#8102=DIRECTION('',(0.,0.,1.));
#8103=DIRECTION('',(-1.,0.,0.));
#8104=DIRECTION('',(0.,0.,1.));
#8105=DIRECTION('',(-1.,0.,0.));
#8106=DIRECTION('',(0.,0.,1.));
#8107=DIRECTION('',(-1.,0.,0.));
#8108=DIRECTION('',(0.,0.,1.));
#8109=DIRECTION('',(0.996194698091746,0.0871557427476584,0.));
#8110=DIRECTION('',(0.996194698091746,0.0871557427476584,0.));
#8111=DIRECTION('',(0.,0.,-1.));
#8112=DIRECTION('',(-0.0871557427476584,0.996194698091746,0.));
#8113=DIRECTION('',(-0.996194698091746,-0.0871557427476584,0.));
#8114=DIRECTION('',(0.996194698091746,0.,0.0871557427476584));
#8115=DIRECTION('',(1.,0.,0.));
#8116=DIRECTION('',(0.,0.,-1.));
#8117=DIRECTION('',(0.996194698091746,-0.0871557427476584,0.));
#8118=DIRECTION('',(-1.,0.,0.));
#8119=DIRECTION('',(0.,0.,1.));
#8120=DIRECTION('',(1.,0.,0.));
#8121=DIRECTION('',(4.36003205889884E-16,0.,1.));
#8122=DIRECTION('',(0.996194698091746,-0.0871557427476584,1.20952890408447E-17));
#8123=DIRECTION('',(0.,1.38777878078145E-16,1.));
#8124=DIRECTION('',(-0.0871557427476584,-0.996194698091746,1.3824978635387E-16));
#8125=DIRECTION('',(0.996194698091746,-0.0871557427476584,0.));
#8126=DIRECTION('',(-1.,0.,0.));
#8127=DIRECTION('',(0.,0.,1.));
#8128=DIRECTION('',(1.,0.,0.));
#8129=DIRECTION('',(4.36003205889884E-16,0.,1.));
#8130=DIRECTION('',(0.,0.,1.));
#8131=DIRECTION('',(1.,0.,0.));
#8132=DIRECTION('',(0.,1.,0.));
#8133=DIRECTION('',(0.,0.,1.));
#8134=DIRECTION('',(0.,1.,0.));
#8135=DIRECTION('',(0.,0.,1.));
#8136=DIRECTION('',(0.,-1.,1.26161707343768E-16));
#8137=DIRECTION('',(-3.79382742684538E-34,1.,-1.26161707343768E-16));
#8138=DIRECTION('',(0.,1.,-1.26161707343768E-16));
#8139=DIRECTION('',(0.,0.,1.));
#8140=DIRECTION('',(0.,0.,1.));
#8141=DIRECTION('',(1.,0.,0.));
#8142=DIRECTION('',(0.,0.,-1.));
#8143=DIRECTION('',(0.,0.,1.));
#8144=DIRECTION('',(0.,0.,-1.));
#8145=DIRECTION('',(-1.,0.,0.));
#8146=DIRECTION('',(0.,0.,1.));
#8147=DIRECTION('',(1.,0.,0.));
#8148=DIRECTION('',(0.,1.,0.));
#8149=DIRECTION('',(0.,0.,1.));
#8150=DIRECTION('',(0.,0.,1.));
#8151=DIRECTION('',(1.,0.,0.));
#8152=DIRECTION('',(0.,0.,-1.));
#8153=DIRECTION('',(0.,0.,1.));
#8154=DIRECTION('',(0.,0.,1.));
#8155=DIRECTION('',(1.,0.,0.));
#8156=DIRECTION('',(0.,1.,0.));
#8157=DIRECTION('',(0.,0.,1.));
#8158=DIRECTION('',(6.13298699351543E-33,-1.,1.49817027470724E-16));
#8159=DIRECTION('',(0.,1.,-1.49817027470724E-16));
#8160=DIRECTION('',(0.,-1.,1.49817027470724E-16));
#8161=DIRECTION('',(0.,0.,-1.));
#8162=DIRECTION('',(0.980814848463989,-0.137844537491629,-0.137844537491629));
#8163=DIRECTION('',(-0.980814848463989,0.137844537491629,0.137844537491629));
#8164=DIRECTION('',(0.980814848463989,-0.137844537491629,-0.137844537491629));
#8165=DIRECTION('',(0.139173100960066,0.99026806874157,0.));
#8166=DIRECTION('',(0.980814848463989,0.137844537491629,-0.137844537491629));
#8167=DIRECTION('',(-0.980814848463989,-0.137844537491629,0.137844537491629));
#8168=DIRECTION('',(0.980814848463989,0.137844537491629,-0.137844537491629));
#8169=DIRECTION('',(-0.139173100960065,0.,-0.99026806874157));
#8170=DIRECTION('',(0.980814848463989,0.137844537491629,0.137844537491629));
#8171=DIRECTION('',(-0.980814848463989,-0.137844537491629,-0.137844537491629));
#8172=DIRECTION('',(0.980814848463989,0.137844537491629,0.137844537491629));
#8173=DIRECTION('',(-0.139173100960066,0.99026806874157,0.));
#8174=DIRECTION('',(0.980814848463989,-0.137844537491629,0.137844537491629));
#8175=DIRECTION('',(-0.980814848463989,0.137844537491629,-0.137844537491629));
#8176=DIRECTION('',(0.980814848463989,-0.137844537491629,0.137844537491629));
#8177=DIRECTION('',(0.139173100960066,0.,-0.99026806874157));
#8178=DIRECTION('',(0.,0.,1.));
#8179=DIRECTION('',(0.139173100960065,-0.99026806874157,0.));
#8180=DIRECTION('',(0.99026806874157,0.139173100960065,0.));
#8181=DIRECTION('',(0.,1.,-1.26161707343768E-16));
#8182=DIRECTION('',(0.139173100960065,1.24933910280452E-16,0.99026806874157));
#8183=DIRECTION('',(0.99026806874157,0.,-0.139173100960065));
#8184=DIRECTION('',(0.,0.,-1.));
#8185=DIRECTION('',(0.139173100960065,0.99026806874157,0.));
#8186=DIRECTION('',(-0.99026806874157,0.139173100960065,0.));
#8187=DIRECTION('',(0.,-1.,1.49817027470724E-16));
#8188=DIRECTION('',(0.139173100960065,-1.48359018458037E-16,-0.99026806874157));
#8189=DIRECTION('',(-0.99026806874157,0.,-0.139173100960065));
#8190=DIRECTION('',(1.26161707343768E-16,-1.,0.));
#8191=DIRECTION('',(-1.26161707343768E-16,1.,0.));
#8192=DIRECTION('',(0.,1.,0.));
#8193=DIRECTION('',(-2.08166817117217E-15,0.,-1.));
#8194=DIRECTION('',(1.26161707343768E-16,-1.,0.));
#8195=DIRECTION('',(1.,0.,0.));
#8196=DIRECTION('',(1.26161707343768E-16,-1.,0.));
#8197=DIRECTION('',(-1.26161707343768E-16,1.,0.));
#8198=DIRECTION('',(0.,1.,0.));
#8199=DIRECTION('',(0.,0.,-1.));
#8200=DIRECTION('',(1.26161707343768E-16,-1.,0.));
#8201=DIRECTION('',(1.,0.,0.));
#8202=DIRECTION('',(1.26161707343768E-16,-1.,0.));
#8203=DIRECTION('',(1.26161707343768E-16,-1.,0.));
#8204=DIRECTION('',(0.,-1.,0.));
#8205=DIRECTION('',(0.,0.,-1.));
#8206=DIRECTION('',(-1.26161707343768E-16,1.,0.));
#8207=DIRECTION('',(-1.,0.,0.));
#8208=DIRECTION('',(1.26161707343768E-16,-1.,0.));
#8209=DIRECTION('',(0.,-1.,0.));
#8210=DIRECTION('',(0.,0.,-1.));
#8211=DIRECTION('',(-1.26161707343768E-16,1.,0.));
#8212=DIRECTION('',(-1.,0.,0.));
#8213=DIRECTION('',(-1.26161707343768E-16,1.,0.));
#8214=DIRECTION('',(0.,1.,0.));
#8215=DIRECTION('',(0.,0.,-1.));
#8216=DIRECTION('',(1.26161707343768E-16,-1.,0.));
#8217=DIRECTION('',(1.,0.,0.));
#8218=DIRECTION('',(-1.26161707343768E-16,1.,0.));
#8219=DIRECTION('',(-1.26161707343768E-16,1.,0.));
#8220=DIRECTION('',(0.,-1.,0.));
#8221=DIRECTION('',(0.,0.,-1.));
#8222=DIRECTION('',(-1.26161707343768E-16,1.,0.));
#8223=DIRECTION('',(-1.,0.,0.));
#8224=DIRECTION('',(-1.26161707343768E-16,1.,0.));
#8225=DIRECTION('',(0.,-1.,0.));
#8226=DIRECTION('',(0.,0.,-1.));
#8227=DIRECTION('',(-1.26161707343768E-16,1.,0.));
#8228=DIRECTION('',(-1.,0.,0.));
#8229=DIRECTION('',(1.26161707343768E-16,-1.,0.));
#8230=DIRECTION('',(0.,1.,0.));
#8231=DIRECTION('',(0.,0.,-1.));
#8232=DIRECTION('',(1.26161707343768E-16,-1.,0.));
#8233=DIRECTION('',(1.,0.,0.));
#8234=DIRECTION('',(0.,0.,-1.));
#8235=DIRECTION('',(1.,1.26161707343768E-16,0.));
#8236=DIRECTION('',(-1.2490009027033E-16,1.,0.));
#8237=DIRECTION('',(-1.,0.,0.));
#8238=DIRECTION('',(0.,0.,-1.));
#8239=DIRECTION('',(-1.,0.,0.));
#8240=DIRECTION('',(0.,0.,1.));
#8241=DIRECTION('',(-1.,-1.26161707343768E-16,0.));
#8242=DIRECTION('',(1.2490009027033E-16,-1.,0.));
#8243=DIRECTION('',(-1.26161707343768E-16,1.,0.));
#8244=DIRECTION('',(-1.,0.,0.));
#8245=DIRECTION('',(0.139173100960066,0.,-0.99026806874157));
#8246=DIRECTION('',(1.26161707343768E-16,-1.,0.));
#8247=DIRECTION('',(-1.,0.,0.));
#8248=DIRECTION('',(0.990268068741571,0.,-0.139173100960064));
#8249=DIRECTION('',(-1.26161707343768E-16,1.,0.));
#8250=DIRECTION('',(-1.,0.,0.));
#8251=DIRECTION('',(0.,0.,-1.));
#8252=DIRECTION('',(-1.,-9.91270557701033E-17,-9.91270557701033E-17));
#8253=DIRECTION('',(0.,0.,1.));
#8254=DIRECTION('',(-1.26161707343768E-16,1.,0.));
#8255=DIRECTION('',(-1.,0.,0.));
#8256=DIRECTION('',(0.99026806874157,0.,0.139173100960065));
#8257=DIRECTION('',(1.26161707343768E-16,-1.,0.));
#8258=DIRECTION('',(-1.,0.,0.));
#8259=DIRECTION('',(0.139173100960066,0.,0.99026806874157));
#8260=DIRECTION('',(-1.26161707343768E-16,1.,0.));
#8261=DIRECTION('',(-1.,0.,0.));
#8262=DIRECTION('',(-1.26161707343768E-16,1.,0.));
#8263=DIRECTION('',(-1.,-1.2490009027033E-16,0.));
#8264=DIRECTION('',(1.26161707343768E-16,-1.,-1.7730871657572E-17));
#8265=DIRECTION('',(-1.26161707343768E-16,1.,1.7730871657572E-17));
#8266=DIRECTION('',(1.26161707343768E-16,-1.,-1.7730871657572E-17));
#8267=DIRECTION('',(1.,0.,0.));
#8268=DIRECTION('',(0.,-1.,0.));
#8269=DIRECTION('',(0.,1.,0.));
#8270=DIRECTION('',(0.,1.,0.));
#8271=DIRECTION('',(0.,0.,1.));
#8272=DIRECTION('',(1.28703830160413E-16,-1.,-1.80881437201393E-17));
#8273=DIRECTION('',(-1.28703830160413E-16,1.,1.80881437201393E-17));
#8274=DIRECTION('',(-1.28703830160413E-16,1.,1.80881437201393E-17));
#8275=DIRECTION('',(-1.,0.,0.));
#8276=DIRECTION('',(1.28703830160413E-16,-1.,1.80881437201393E-17));
#8277=DIRECTION('',(-1.28703830160413E-16,1.,-1.80881437201393E-17));
#8278=DIRECTION('',(1.28703830160413E-16,-1.,1.80881437201393E-17));
#8279=DIRECTION('',(1.,0.,0.));
#8280=DIRECTION('',(1.26161707343768E-16,-1.,-5.85297443437977E-35));
#8281=DIRECTION('',(-1.26161707343768E-16,1.,0.));
#8282=DIRECTION('',(-1.26161707343768E-16,1.,0.));
#8283=DIRECTION('',(-1.,0.,0.));
#8284=DIRECTION('',(1.26161707343768E-16,-1.,0.));
#8285=DIRECTION('',(-1.26161707343768E-16,1.,-5.85297443437977E-35));
#8286=DIRECTION('',(1.26161707343768E-16,-1.,0.));
#8287=DIRECTION('',(1.,0.,0.));
#8288=DIRECTION('',(1.,0.,0.));
#8289=DIRECTION('',(0.,0.,-1.));
#8290=DIRECTION('',(1.,0.,0.));
#8291=DIRECTION('',(0.,0.,-1.));
#8292=DIRECTION('',(1.,0.,0.));
#8293=DIRECTION('',(0.,0.,-1.));
#8294=DIRECTION('',(1.,0.,0.));
#8295=DIRECTION('',(1.,0.,0.));
#8296=DIRECTION('',(1.,0.,0.));
#8297=DIRECTION('',(0.,0.,-1.));
#8298=DIRECTION('',(-1.,0.,0.));
#8299=DIRECTION('',(0.,0.,1.));
#8300=DIRECTION('',(1.,0.,0.));
#8301=DIRECTION('',(0.,0.,-1.));
#8302=DIRECTION('',(1.,0.,0.));
#8303=DIRECTION('',(0.,0.,-1.));
#8304=DIRECTION('',(0.,-1.,0.));
#8305=DIRECTION('',(0.,0.,-1.));
#8306=DIRECTION('',(-1.,0.,0.));
#8307=DIRECTION('',(0.,-0.5,0.866025403784439));
#8308=DIRECTION('',(0.,-0.866025403784439,-0.5));
#8309=DIRECTION('',(0.,0.5,-0.866025403784439));
#8310=DIRECTION('',(0.,0.5,0.866025403784439));
#8311=DIRECTION('',(0.,-0.866025403784439,0.5));
#8312=DIRECTION('',(0.,-0.5,-0.866025403784439));
#8313=DIRECTION('',(0.,1.,0.));
#8314=DIRECTION('',(0.,0.,1.));
#8315=DIRECTION('',(1.,0.,0.));
#8316=DIRECTION('',(0.,0.5,-0.866025403784439));
#8317=DIRECTION('',(0.,0.866025403784439,0.5));
#8318=DIRECTION('',(0.,-0.5,0.866025403784439));
#8319=DIRECTION('',(0.,-0.5,-0.866025403784439));
#8320=DIRECTION('',(0.,0.866025403784439,-0.5));
#8321=DIRECTION('',(0.,0.5,0.866025403784439));
#8322=DIRECTION('',(-1.,-1.26161707343768E-16,0.));
#8323=DIRECTION('',(1.,1.26161707343768E-16,0.));
#8324=DIRECTION('',(-1.,0.,0.));
#8325=DIRECTION('',(0.,0.,-1.));
#8326=DIRECTION('',(1.,1.26161707343768E-16,0.));
#8327=DIRECTION('',(0.,1.,0.));
#8328=DIRECTION('',(-1.,-1.26161707343768E-16,0.));
#8329=DIRECTION('',(1.,1.26161707343768E-16,0.));
#8330=DIRECTION('',(1.,0.,0.));
#8331=DIRECTION('',(0.,0.,-1.));
#8332=DIRECTION('',(-1.,-1.26161707343768E-16,0.));
#8333=DIRECTION('',(0.,-1.,0.));
#8334=DIRECTION('',(-1.,-1.26161707343768E-16,0.));
#8335=DIRECTION('',(1.,1.26161707343768E-16,0.));
#8336=DIRECTION('',(1.,0.,0.));
#8337=DIRECTION('',(0.,0.,-1.));
#8338=DIRECTION('',(-1.,-1.26161707343768E-16,0.));
#8339=DIRECTION('',(0.,-1.,0.));
#8340=DIRECTION('',(-1.,-1.26161707343768E-16,0.));
#8341=DIRECTION('',(1.,1.26161707343768E-16,0.));
#8342=DIRECTION('',(-1.,0.,0.));
#8343=DIRECTION('',(0.,0.,-1.));
#8344=DIRECTION('',(1.,1.26161707343768E-16,0.));
#8345=DIRECTION('',(0.,1.,0.));
#8346=DIRECTION('',(-1.,-1.26161707343768E-16,1.3684555315672E-48));
#8347=DIRECTION('',(1.,1.26161707343768E-16,0.));
#8348=DIRECTION('',(1.,0.,0.));
#8349=DIRECTION('',(0.,0.,-1.));
#8350=DIRECTION('',(-1.,-1.26161707343768E-16,1.3684555315672E-48));
#8351=DIRECTION('',(0.,-1.,0.));
#8352=DIRECTION('',(-1.,-1.26161707343768E-16,1.3684555315672E-48));
#8353=DIRECTION('',(1.,1.26161707343768E-16,-1.3684555315672E-48));
#8354=DIRECTION('',(1.,0.,0.));
#8355=DIRECTION('',(0.,0.,-1.));
#8356=DIRECTION('',(-1.,-1.26161707343768E-16,1.3684555315672E-48));
#8357=DIRECTION('',(0.,-1.,0.));
#8358=DIRECTION('',(-1.,-1.26161707343768E-16,0.));
#8359=DIRECTION('',(1.,1.26161707343768E-16,0.));
#8360=DIRECTION('',(1.,0.,0.));
#8361=DIRECTION('',(0.,0.,-1.));
#8362=DIRECTION('',(-1.,-1.26161707343768E-16,0.));
#8363=DIRECTION('',(0.,-1.,0.));
#8364=DIRECTION('',(-1.,-1.26161707343768E-16,0.));
#8365=DIRECTION('',(1.,1.26161707343768E-16,0.));
#8366=DIRECTION('',(1.,0.,0.));
#8367=DIRECTION('',(0.,0.,-1.));
#8368=DIRECTION('',(-1.,-1.26161707343768E-16,0.));
#8369=DIRECTION('',(0.,-1.,0.));
#8370=DIRECTION('',(0.139173100960066,0.,0.99026806874157));
#8371=DIRECTION('',(0.99026806874157,0.,-0.139173100960066));
#8372=DIRECTION('',(0.99026806874157,1.24933910280452E-16,0.139173100960066));
#8373=DIRECTION('',(0.139173100960066,0.,-0.99026806874157));
#8374=DIRECTION('',(-0.139173100960066,0.,0.99026806874157));
#8375=DIRECTION('',(0.99026806874157,0.,0.139173100960066));
#8376=DIRECTION('',(-0.99026806874157,-1.24933910280452E-16,0.139173100960066));
#8377=DIRECTION('',(0.139173100960066,0.,0.99026806874157));
#8378=DIRECTION('',(0.,-1.,0.));
#8379=DIRECTION('',(0.,0.,1.));
#8380=DIRECTION('',(1.,0.,0.));
#8381=DIRECTION('',(0.,2.31296463463574E-16,-1.));
#8382=DIRECTION('',(1.26161707343768E-16,-1.,-2.31296463463574E-16));
#8383=DIRECTION('',(0.,2.32452945780892E-16,-1.));
#8384=DIRECTION('',(0.,-1.,0.));
#8385=DIRECTION('',(0.,0.,1.));
#8386=DIRECTION('',(1.,0.,0.));
#8387=DIRECTION('',(0.,0.,-1.));
#8388=DIRECTION('',(1.26161707343768E-16,-1.,0.));
#8389=DIRECTION('',(1.,1.2490009027033E-16,0.));
#8390=DIRECTION('',(0.,1.,-5.78241158658936E-17));
#8391=DIRECTION('',(7.29518918328498E-33,-5.78241158658936E-17,-1.));
#8392=DIRECTION('',(0.,1.,-5.89805981832114E-17));
#8393=DIRECTION('',(0.,-2.31296463463574E-16,1.));
#8394=DIRECTION('',(-1.26161707343768E-16,1.,2.31296463463574E-16));
#8395=DIRECTION('',(0.,-2.32452945780892E-16,1.));
#8396=DIRECTION('',(0.,1.,0.));
#8397=DIRECTION('',(0.,0.,-1.));
#8398=DIRECTION('',(-1.,0.,0.));
#8399=DIRECTION('',(0.,-1.98254111540207E-16,1.));
#8400=DIRECTION('',(-1.26161707343768E-16,1.,1.98254111540207E-16));
#8401=DIRECTION('',(0.,-2.0122792321331E-16,1.));
#8402=DIRECTION('',(-1.26161707343768E-16,1.,0.));
#8403=DIRECTION('',(-1.,-1.26161707343768E-16,0.));
#8404=DIRECTION('',(1.2490009027033E-16,-1.,0.));
#8405=DIRECTION('',(0.,0.,-1.));
#8406=DIRECTION('',(0.,0.,1.));
#8407=DIRECTION('',(0.,0.,1.));
#8408=DIRECTION('',(1.,0.,0.));
#8409=DIRECTION('',(0.,0.,1.));
#8410=DIRECTION('',(1.,0.,0.));
#8411=DIRECTION('',(0.,0.,1.));
#8412=DIRECTION('',(0.,0.,1.));
#8413=DIRECTION('',(0.,0.,-1.));
#8414=DIRECTION('',(1.,0.,0.));
#8415=DIRECTION('',(0.,0.,-1.));
#8416=DIRECTION('',(-1.,0.,0.));
#8417=DIRECTION('',(0.,0.,-1.));
#8418=DIRECTION('',(0.,0.,-1.));
#8419=DIRECTION('',(1.,0.,0.));
#8420=DIRECTION('',(0.,0.,-1.));
#8421=DIRECTION('',(-1.,0.,0.));
#8422=DIRECTION('',(0.,0.,-1.));
#8423=DIRECTION('',(0.,0.,1.));
#8424=DIRECTION('',(0.,0.,1.));
#8425=DIRECTION('',(1.,0.,0.));
#8426=DIRECTION('',(0.,0.,1.));
#8427=DIRECTION('',(1.,0.,0.));
#8428=DIRECTION('',(0.,0.,1.));
#8429=DIRECTION('',(0.,0.,1.));
#8430=DIRECTION('',(0.,0.,-1.));
#8431=DIRECTION('',(1.,0.,0.));
#8432=DIRECTION('',(0.,0.,-1.));
#8433=DIRECTION('',(-1.,0.,0.));
#8434=DIRECTION('',(0.,0.,-1.));
#8435=DIRECTION('',(0.,0.,-1.));
#8436=DIRECTION('',(1.,0.,0.));
#8437=DIRECTION('',(0.,0.,-1.));
#8438=DIRECTION('',(-1.,0.,0.));
#8439=DIRECTION('',(0.,0.,-1.));
#8440=DIRECTION('',(0.,0.,1.));
#8441=DIRECTION('',(0.,0.,1.));
#8442=DIRECTION('',(1.,0.,0.));
#8443=DIRECTION('',(0.,0.,1.));
#8444=DIRECTION('',(1.,0.,0.));
#8445=DIRECTION('',(0.,0.,1.));
#8446=DIRECTION('',(0.,0.,1.));
#8447=DIRECTION('',(0.,0.,-1.));
#8448=DIRECTION('',(1.,0.,0.));
#8449=DIRECTION('',(0.,0.,-1.));
#8450=DIRECTION('',(-1.,0.,0.));
#8451=DIRECTION('',(0.,0.,-1.));
#8452=DIRECTION('',(0.,0.,-1.));
#8453=DIRECTION('',(1.,0.,0.));
#8454=DIRECTION('',(0.,0.,-1.));
#8455=DIRECTION('',(-1.,0.,0.));
#8456=DIRECTION('',(0.,0.,-1.));
#8457=DIRECTION('',(0.,0.,1.));
#8458=DIRECTION('',(0.,0.,1.));
#8459=DIRECTION('',(1.,0.,0.));
#8460=DIRECTION('',(0.,0.,1.));
#8461=DIRECTION('',(1.,0.,0.));
#8462=DIRECTION('',(0.,0.,-1.));
#8463=DIRECTION('',(0.,0.,-1.));
#8464=DIRECTION('',(0.,0.,-1.));
#8465=DIRECTION('',(1.,8.88178419700125E-16,0.));
#8466=DIRECTION('',(0.,0.,-1.));
#8467=DIRECTION('',(-1.,0.,0.));
#8468=DIRECTION('',(0.,0.,1.));
#8469=DIRECTION('',(0.,0.,-1.));
#8470=DIRECTION('',(1.,1.77635683940025E-15,0.));
#8471=DIRECTION('',(0.,0.,-1.));
#8472=DIRECTION('',(-1.,0.,0.));
#8473=DIRECTION('',(0.,0.,1.));
#8474=DIRECTION('',(1.,0.,0.));
#8475=DIRECTION('',(0.,0.,1.));
#8476=DIRECTION('',(1.,0.,0.));
#8477=DIRECTION('',(-3.61400724161835E-17,-1.,0.));
#8478=DIRECTION('',(1.,-3.61400724161835E-17,0.));
#8479=DIRECTION('',(3.59955121265187E-17,1.,0.));
#8480=DIRECTION('',(-1.80700362080917E-16,1.,0.));
#8481=DIRECTION('',(-1.,-1.80700362080917E-16,0.));
#8482=DIRECTION('',(1.80844922370582E-16,-1.,0.));
#8483=DIRECTION('',(-1.,7.2280144832367E-17,0.));
#8484=DIRECTION('',(-7.2280144832367E-17,-1.,0.));
#8485=DIRECTION('',(1.,-7.24247051220317E-17,0.));
#8486=DIRECTION('',(1.,1.0842021724855E-16,0.));
#8487=DIRECTION('',(-1.0842021724855E-16,1.,0.));
#8488=DIRECTION('',(-1.,-1.0842021724855E-16,0.));
#8489=DIRECTION('',(-1.80700362080917E-16,1.,0.));
#8490=DIRECTION('',(-1.,-1.80700362080917E-16,0.));
#8491=DIRECTION('',(1.80844922370582E-16,-1.,0.));
#8492=DIRECTION('',(1.44560289664734E-16,-1.,0.));
#8493=DIRECTION('',(1.,1.44560289664734E-16,0.));
#8494=DIRECTION('',(-1.44415729375069E-16,1.,0.));
#8495=DIRECTION('',(1.,1.80700362080917E-16,0.));
#8496=DIRECTION('',(-1.80700362080917E-16,1.,0.));
#8497=DIRECTION('',(-1.,-1.80844922370582E-16,0.));
#8498=DIRECTION('',(-1.,1.80700362080917E-16,0.));
#8499=DIRECTION('',(-1.80700362080917E-16,-1.,0.));
#8500=DIRECTION('',(1.,-1.80844922370582E-16,0.));
#8501=DIRECTION('',(0.,0.,-1.));
#8502=DIRECTION('',(0.,0.,1.));
#8503=DIRECTION('',(0.,0.,1.));
#8504=DIRECTION('',(-1.,0.,0.));
#8505=DIRECTION('',(0.,0.,-1.));
#8506=DIRECTION('',(-1.,0.,0.));
#8507=DIRECTION('',(0.,0.,-1.));
#8508=DIRECTION('',(0.,0.,1.));
#8509=DIRECTION('',(0.,0.,-1.));
#8510=DIRECTION('',(1.,0.,0.));
#8511=DIRECTION('',(0.,0.,-1.));
#8512=DIRECTION('',(-1.,0.,0.));
#8513=DIRECTION('',(0.,0.,-1.));
#8514=DIRECTION('',(0.,0.,1.));
#8515=DIRECTION('',(0.,0.,-1.));
#8516=DIRECTION('',(1.,0.,0.));
#8517=DIRECTION('',(0.,0.,-1.));
#8518=DIRECTION('',(-1.,0.,0.));
#8519=DIRECTION('',(0.,0.,-1.));
#8520=DIRECTION('',(0.,0.,1.));
#8521=DIRECTION('',(0.,0.,-1.));
#8522=DIRECTION('',(1.,0.,0.));
#8523=DIRECTION('',(0.,0.,-1.));
#8524=DIRECTION('',(-1.,0.,0.));
#8525=DIRECTION('',(0.,0.,-1.));
#8526=DIRECTION('',(0.,0.,1.));
#8527=DIRECTION('',(0.,0.,-1.));
#8528=DIRECTION('',(1.,0.,0.));
#8529=DIRECTION('',(0.,0.,-1.));
#8530=DIRECTION('',(-1.,0.,0.));
#8531=DIRECTION('',(0.,0.,-1.));
#8532=DIRECTION('',(0.,0.,1.));
#8533=DIRECTION('',(0.,0.,1.));
#8534=DIRECTION('',(-1.,0.,0.));
#8535=DIRECTION('',(0.,0.,-1.));
#8536=DIRECTION('',(-1.,0.,0.));
#8537=DIRECTION('',(0.,0.,-1.));
#8538=DIRECTION('',(0.,0.,1.));
#8539=DIRECTION('',(0.,0.,1.));
#8540=DIRECTION('',(-1.,0.,0.));
#8541=DIRECTION('',(0.,0.,-1.));
#8542=DIRECTION('',(-1.,0.,0.));
#8543=DIRECTION('',(0.,0.,-1.));
#8544=DIRECTION('',(0.,0.,1.));
#8545=DIRECTION('',(0.,0.,1.));
#8546=DIRECTION('',(1.,0.,0.));
#8547=DIRECTION('',(0.,0.,-1.));
#8548=DIRECTION('',(-1.,0.,0.));
#8549=DIRECTION('',(0.,0.,-1.));
#8550=DIRECTION('',(0.,0.,1.));
#8551=DIRECTION('',(0.,0.,1.));
#8552=DIRECTION('',(1.,0.,0.));
#8553=DIRECTION('',(0.,0.,-1.));
#8554=DIRECTION('',(-1.,0.,0.));
#8555=DIRECTION('',(0.,0.,-1.));
#8556=DIRECTION('',(0.,0.,1.));
#8557=DIRECTION('',(0.,0.,1.));
#8558=DIRECTION('',(1.,0.,0.));
#8559=DIRECTION('',(0.,0.,1.));
#8560=DIRECTION('',(1.,0.,0.));
#8561=DIRECTION('',(0.,0.,-1.));
#8562=DIRECTION('',(0.,0.,1.));
#8563=DIRECTION('',(0.,0.,1.));
#8564=DIRECTION('',(1.,0.,0.));
#8565=DIRECTION('',(0.,0.,1.));
#8566=DIRECTION('',(1.,0.,0.));
#8567=DIRECTION('',(0.,0.,-1.));
#8568=DIRECTION('',(0.,0.,1.));
#8569=DIRECTION('',(0.,0.,1.));
#8570=DIRECTION('',(1.,0.,0.));
#8571=DIRECTION('',(0.,0.,1.));
#8572=DIRECTION('',(1.,0.,0.));
#8573=DIRECTION('',(0.,0.,-1.));
#8574=DIRECTION('',(0.,0.,1.));
#8575=DIRECTION('',(0.,0.,1.));
#8576=DIRECTION('',(1.,0.,0.));
#8577=DIRECTION('',(0.,0.,-1.));
#8578=DIRECTION('',(-1.,0.,0.));
#8579=DIRECTION('',(0.,0.,-1.));
#8580=DIRECTION('',(0.,0.,1.));
#8581=DIRECTION('',(0.,0.,1.));
#8582=DIRECTION('',(-1.,0.,0.));
#8583=DIRECTION('',(0.,0.,-1.));
#8584=DIRECTION('',(-1.,0.,0.));
#8585=DIRECTION('',(0.,0.,-1.));
#8586=DIRECTION('',(0.,0.,1.));
#8587=DIRECTION('',(0.,0.,1.));
#8588=DIRECTION('',(1.,0.,0.));
#8589=DIRECTION('',(0.,0.,-1.));
#8590=DIRECTION('',(-1.,0.,0.));
#8591=DIRECTION('',(0.,0.,-1.));
#8592=DIRECTION('',(0.,0.,1.));
#8593=DIRECTION('',(0.,0.,1.));
#8594=DIRECTION('',(1.,0.,0.));
#8595=DIRECTION('',(0.,0.,-1.));
#8596=DIRECTION('',(-1.,0.,0.));
#8597=DIRECTION('',(0.,0.,-1.));
#8598=DIRECTION('',(0.,0.,1.));
#8599=DIRECTION('',(0.,0.,1.));
#8600=DIRECTION('',(1.,0.,0.));
#8601=DIRECTION('',(0.,0.,-1.));
#8602=DIRECTION('',(-1.,0.,0.));
#8603=DIRECTION('',(0.,0.,-1.));
#8604=DIRECTION('',(0.,0.,1.));
#8605=DIRECTION('',(0.,0.,1.));
#8606=DIRECTION('',(1.,0.,0.));
#8607=DIRECTION('',(0.,0.,-1.));
#8608=DIRECTION('',(-1.,0.,0.));
#8609=DIRECTION('',(0.,0.,-1.));
#8610=DIRECTION('',(0.,0.,1.));
#8611=DIRECTION('',(0.,0.,1.));
#8612=DIRECTION('',(1.,0.,0.));
#8613=DIRECTION('',(0.,0.,1.));
#8614=DIRECTION('',(1.,0.,0.));
#8615=DIRECTION('',(0.,0.,-1.));
#8616=DIRECTION('',(0.,0.,1.));
#8617=DIRECTION('',(0.,0.,1.));
#8618=DIRECTION('',(1.,0.,0.));
#8619=DIRECTION('',(0.,0.,-1.));
#8620=DIRECTION('',(-1.,0.,0.));
#8621=DIRECTION('',(1.,1.5419764230905E-16,0.));
#8622=DIRECTION('',(1.5419764230905E-16,-1.,0.));
#8623=DIRECTION('',(1.,1.52655665885959E-16,0.));
#8624=DIRECTION('',(0.,1.,0.));
#8625=DIRECTION('',(1.,0.,0.));
#8626=DIRECTION('',(0.,0.,-1.));
#8627=DIRECTION('',(-1.,-1.5419764230905E-16,0.));
#8628=DIRECTION('',(-1.5419764230905E-16,1.,0.));
#8629=DIRECTION('',(-1.,-1.52655665885959E-16,0.));
#8630=DIRECTION('',(0.,-1.,0.));
#8631=DIRECTION('',(-1.,0.,0.));
#8632=DIRECTION('',(0.,0.,1.));
#8633=DIRECTION('',(0.,0.,-1.));
#8634=DIRECTION('',(0.,0.,1.));
#8635=DIRECTION('',(1.,0.,0.));
#8636=DIRECTION('',(0.,0.,-1.));
#8637=DIRECTION('',(0.,0.,1.));
#8638=DIRECTION('',(1.,0.,0.));
#8639=DIRECTION('',(0.,0.,1.));
#8640=DIRECTION('',(1.,0.,0.));
#8641=DIRECTION('',(0.,0.,1.));
#8642=DIRECTION('',(1.,0.,0.));
#8643=DIRECTION('',(0.,0.,1.));
#8644=DIRECTION('',(1.,0.,0.));
#8645=DIRECTION('',(0.,0.,1.));
#8646=DIRECTION('',(1.,0.,0.));
#8647=DIRECTION('',(0.,0.,-1.));
#8648=DIRECTION('',(-1.,0.,0.));
#8649=DIRECTION('',(0.,0.,-1.));
#8650=DIRECTION('',(0.,0.,1.));
#8651=DIRECTION('',(1.,0.,0.));
#8652=DIRECTION('',(0.,0.,-1.));
#8653=DIRECTION('',(0.,0.,1.));
#8654=DIRECTION('',(1.,0.,0.));
#8655=DIRECTION('',(-0.85716730070211,1.04972719113862E-16,0.515038074910058));
#8656=DIRECTION('',(0.85716730070211,0.,0.515038074910058));
#8657=DIRECTION('',(0.,0.,1.));
#8658=DIRECTION('',(1.,0.,4.16367905722285E-17));
#8659=DIRECTION('',(0.,0.,-1.));
#8660=DIRECTION('',(0.,0.,1.));
#8661=DIRECTION('',(1.,0.,0.));
#8662=DIRECTION('',(0.,0.,-1.));
#8663=DIRECTION('',(0.,0.,1.));
#8664=DIRECTION('',(1.,0.,0.));
#8665=DIRECTION('',(0.,0.,1.));
#8666=DIRECTION('',(1.,0.,0.));
#8667=DIRECTION('',(0.,0.,1.));
#8668=DIRECTION('',(1.,0.,0.));
#8669=DIRECTION('',(0.,0.,1.));
#8670=DIRECTION('',(1.,0.,0.));
#8671=DIRECTION('',(0.,0.,1.));
#8672=DIRECTION('',(1.,0.,0.));
#8673=DIRECTION('',(0.,0.,-1.));
#8674=DIRECTION('',(-1.,0.,0.));
#8675=DIRECTION('',(0.,0.,-1.));
#8676=DIRECTION('',(0.,0.,1.));
#8677=DIRECTION('',(1.,0.,0.));
#8678=DIRECTION('',(0.,0.,-1.));
#8679=DIRECTION('',(0.,0.,1.));
#8680=DIRECTION('',(1.,0.,0.));
#8681=DIRECTION('',(-0.85716730070211,1.04972719113862E-16,0.515038074910058));
#8682=DIRECTION('',(0.85716730070211,0.,0.515038074910058));
#8683=DIRECTION('',(0.,0.,1.));
#8684=DIRECTION('',(1.,0.,4.16367905722285E-17));
#8685=DIRECTION('',(0.,0.,-1.));
#8686=DIRECTION('',(0.,0.,1.));
#8687=DIRECTION('',(1.,0.,0.));
#8688=DIRECTION('',(0.,0.,-1.));
#8689=DIRECTION('',(0.,0.,1.));
#8690=DIRECTION('',(1.,0.,0.));
#8691=DIRECTION('',(0.,0.,1.));
#8692=DIRECTION('',(1.,0.,0.));
#8693=DIRECTION('',(0.,0.,1.));
#8694=DIRECTION('',(1.,0.,0.));
#8695=DIRECTION('',(0.,0.,1.));
#8696=DIRECTION('',(1.,0.,0.));
#8697=DIRECTION('',(0.,0.,1.));
#8698=DIRECTION('',(1.,0.,0.));
#8699=DIRECTION('',(0.,0.,-1.));
#8700=DIRECTION('',(-1.,0.,0.));
#8701=DIRECTION('',(0.,0.,-1.));
#8702=DIRECTION('',(0.,0.,1.));
#8703=DIRECTION('',(1.,0.,0.));
#8704=DIRECTION('',(0.,0.,-1.));
#8705=DIRECTION('',(0.,0.,1.));
#8706=DIRECTION('',(1.,0.,0.));
#8707=DIRECTION('',(-0.85716730070211,1.04972719113862E-16,0.515038074910058));
#8708=DIRECTION('',(0.85716730070211,0.,0.515038074910058));
#8709=DIRECTION('',(0.,0.,1.));
#8710=DIRECTION('',(1.,0.,4.16367905722285E-17));
#8711=DIRECTION('',(0.,0.,-1.));
#8712=DIRECTION('',(0.,0.,1.));
#8713=DIRECTION('',(1.,0.,0.));
#8714=DIRECTION('',(0.,0.,-1.));
#8715=DIRECTION('',(0.,0.,1.));
#8716=DIRECTION('',(1.,0.,0.));
#8717=DIRECTION('',(0.,0.,1.));
#8718=DIRECTION('',(1.,0.,0.));
#8719=DIRECTION('',(0.,0.,1.));
#8720=DIRECTION('',(1.,0.,0.));
#8721=DIRECTION('',(0.,0.,1.));
#8722=DIRECTION('',(1.,0.,0.));
#8723=DIRECTION('',(0.,0.,1.));
#8724=DIRECTION('',(1.,0.,0.));
#8725=DIRECTION('',(0.,0.,-1.));
#8726=DIRECTION('',(-1.,0.,0.));
#8727=DIRECTION('',(0.,0.,-1.));
#8728=DIRECTION('',(0.,0.,1.));
#8729=DIRECTION('',(1.,0.,0.));
#8730=DIRECTION('',(0.,0.,-1.));
#8731=DIRECTION('',(0.,0.,1.));
#8732=DIRECTION('',(1.,0.,0.));
#8733=DIRECTION('',(-0.85716730070211,1.04972719113862E-16,0.515038074910058));
#8734=DIRECTION('',(0.85716730070211,0.,0.515038074910058));
#8735=DIRECTION('',(0.,0.,1.));
#8736=DIRECTION('',(1.,0.,4.16367905722285E-17));
#8737=DIRECTION('',(0.,-1.,0.));
#8738=DIRECTION('',(-1.,0.,0.));
#8739=DIRECTION('',(0.,0.,1.));
#8740=DIRECTION('',(1.,0.,0.));
#8741=DIRECTION('',(0.,0.,-1.));
#8742=DIRECTION('',(-1.,0.,0.));
#8743=DIRECTION('',(1.73472347597681E-16,-1.,0.));
#8744=DIRECTION('',(1.,1.73472347597681E-16,0.));
#8745=DIRECTION('',(-1.73472347597681E-16,1.,0.));
#8746=DIRECTION('',(-1.,-1.73472347597681E-16,0.));
#8747=DIRECTION('',(1.73472347597681E-16,-1.,0.));
#8748=DIRECTION('',(1.,1.73472347597681E-16,0.));
#8749=DIRECTION('',(-1.,0.,0.));
#8750=DIRECTION('',(0.,1.,0.));
#8751=DIRECTION('',(0.,0.,1.));
#8752=DIRECTION('',(1.,0.,0.));
#8753=DIRECTION('',(0.,0.,-1.));
#8754=DIRECTION('',(-1.,0.,0.));
#8755=DIRECTION('',(-1.,1.73472347597681E-16,0.));
#8756=DIRECTION('',(-1.73472347597681E-16,-1.,0.));
#8757=DIRECTION('',(1.,-1.73472347597681E-16,0.));
#8758=DIRECTION('',(1.73472347597681E-16,1.,0.));
#8759=DIRECTION('',(-1.,1.73472347597681E-16,0.));
#8760=DIRECTION('',(-1.73472347597681E-16,-1.,0.));
#8761=DIRECTION('',(1.,0.,0.));
#8762=DIRECTION('',(0.,-1.,0.));
#8763=DIRECTION('',(0.,0.,1.));
#8764=DIRECTION('',(1.,0.,0.));
#8765=DIRECTION('',(0.,0.,-1.));
#8766=DIRECTION('',(-1.,0.,0.));
#8767=DIRECTION('',(1.,-1.73472347597681E-16,0.));
#8768=DIRECTION('',(1.73472347597681E-16,1.,0.));
#8769=DIRECTION('',(-1.,1.73472347597681E-16,0.));
#8770=DIRECTION('',(-1.73472347597681E-16,-1.,0.));
#8771=DIRECTION('',(1.,-1.73472347597681E-16,0.));
#8772=DIRECTION('',(1.73472347597681E-16,1.,0.));
#8773=DIRECTION('',(0.,1.,0.));
#8774=DIRECTION('',(1.,0.,0.));
#8775=DIRECTION('',(0.,0.,1.));
#8776=DIRECTION('',(1.,0.,0.));
#8777=DIRECTION('',(0.,0.,-1.));
#8778=DIRECTION('',(-1.,0.,0.));
#8779=DIRECTION('',(-1.73472347597681E-16,1.,0.));
#8780=DIRECTION('',(-1.,-1.73472347597681E-16,0.));
#8781=DIRECTION('',(1.73472347597681E-16,-1.,0.));
#8782=DIRECTION('',(1.,1.73472347597681E-16,0.));
#8783=DIRECTION('',(-1.73472347597681E-16,1.,0.));
#8784=DIRECTION('',(-1.,-1.73472347597681E-16,0.));
#8785=DIRECTION('',(1.,0.,0.));
#8786=DIRECTION('',(0.,0.,-1.));
#8787=DIRECTION('',(-1.,0.,0.));
#8788=DIRECTION('',(0.,-1.,1.26161707343768E-16));
#8789=DIRECTION('',(0.,0.,-1.));
#8790=DIRECTION('',(-1.,0.,0.));
#8791=DIRECTION('',(-1.,-1.5419764230905E-16,0.));
#8792=DIRECTION('',(-1.5419764230905E-16,1.,0.));
#8793=DIRECTION('',(-1.,-1.52655665885959E-16,0.));
#8794=DIRECTION('',(0.,-1.,0.));
#8795=DIRECTION('',(-1.,0.,0.));
#8796=DIRECTION('',(0.,0.,1.));
#8797=DIRECTION('',(-1.5419764230905E-16,1.,0.));
#8798=DIRECTION('',(1.,1.5419764230905E-16,0.));
#8799=DIRECTION('',(-1.52655665885959E-16,1.,0.));
#8800=DIRECTION('',(1.,4.62592926927149E-16,0.));
#8801=DIRECTION('',(4.62592926927149E-16,-1.,0.));
#8802=DIRECTION('',(1.,4.64905891561784E-16,0.));
#8803=DIRECTION('',(0.,0.,1.));
#8804=DIRECTION('',(1.,0.,0.));
#8805=DIRECTION('',(0.,0.,1.));
#8806=DIRECTION('',(1.,0.,0.));
#8807=DIRECTION('',(1.,0.,0.));
#8808=DIRECTION('',(0.,0.,-1.));
#8809=DIRECTION('',(1.,0.,0.));
#8810=DIRECTION('',(0.,0.,-1.));
#8811=DIRECTION('',(1.,0.,0.));
#8812=DIRECTION('',(0.,0.,-1.));
#8813=DIRECTION('',(-1.,0.,0.));
#8814=DIRECTION('',(0.,0.,1.));
#8815=DIRECTION('',(-1.,0.,0.));
#8816=DIRECTION('',(0.,0.,1.));
#8817=DIRECTION('',(-1.,0.,0.));
#8818=DIRECTION('',(0.,0.,1.));
#8819=DIRECTION('',(0.,-1.,0.));
#8820=DIRECTION('',(0.,0.,-1.));
#8821=DIRECTION('',(0.,0.,1.));
#8822=DIRECTION('',(1.,0.,0.));
#8823=DIRECTION('',(0.,0.,1.));
#8824=DIRECTION('',(1.,0.,4.16367905722285E-17));
#8825=DIRECTION('',(0.,0.,1.));
#8826=DIRECTION('',(1.,0.,0.));
#8827=DIRECTION('',(0.,0.,1.));
#8828=DIRECTION('',(1.,0.,0.));
#8829=DIRECTION('',(0.,0.,1.));
#8830=DIRECTION('',(1.,0.,0.));
#8831=DIRECTION('',(0.,0.,1.));
#8832=DIRECTION('',(1.,0.,4.16367905722285E-17));
#8833=DIRECTION('',(0.,0.,1.));
#8834=DIRECTION('',(1.,0.,0.));
#8835=DIRECTION('',(0.,0.,1.));
#8836=DIRECTION('',(1.,0.,0.));
#8837=DIRECTION('',(0.,0.,1.));
#8838=DIRECTION('',(1.,0.,0.));
#8839=DIRECTION('',(0.,0.,1.));
#8840=DIRECTION('',(1.,0.,4.16367905722285E-17));
#8841=DIRECTION('',(0.,0.,1.));
#8842=DIRECTION('',(1.,0.,0.));
#8843=DIRECTION('',(0.,0.,1.));
#8844=DIRECTION('',(1.,0.,0.));
#8845=DIRECTION('',(0.,0.,1.));
#8846=DIRECTION('',(1.,0.,0.));
#8847=DIRECTION('',(0.,0.,1.));
#8848=DIRECTION('',(1.,0.,4.16367905722285E-17));
#8849=DIRECTION('',(0.,0.,1.));
#8850=DIRECTION('',(1.,0.,0.));
#8851=DIRECTION('',(0.,0.,1.));
#8852=DIRECTION('',(1.,0.,0.));
#8853=DIRECTION('',(-1.,0.,0.));
#8854=DIRECTION('',(0.,0.,-1.));
#8855=DIRECTION('',(-1.,0.,0.));
#8856=DIRECTION('',(0.,0.,1.));
#8857=DIRECTION('',(1.,0.,0.));
#8858=DIRECTION('',(4.36003205889884E-16,0.,1.));
#8859=DIRECTION('',(1.,0.,0.));
#8860=DIRECTION('',(4.36003205889884E-16,0.,1.));
#8861=DIRECTION('',(0.994935885120892,2.40677942294425E-17,-0.100511613750393));
#8862=DIRECTION('',(-0.100511613750393,0.,-0.994935885120891));
#8863=DIRECTION('',(-1.,0.,0.));
#8864=DIRECTION('',(0.,0.,1.));
#8865=DIRECTION('',(-1.,0.,0.));
#8866=DIRECTION('',(0.,0.,1.));
#8867=DIRECTION('',(-1.,0.,0.));
#8868=DIRECTION('',(4.1426232262134E-17,0.,1.));
#8869=DIRECTION('',(0.,0.,1.));
#8870=DIRECTION('',(1.,0.,0.));
#8871=DIRECTION('',(0.,0.,1.));
#8872=DIRECTION('',(1.,0.,3.74674909287323E-17));
#8873=DIRECTION('',(0.,0.,1.));
#8874=DIRECTION('',(1.,0.,0.));
#8875=DIRECTION('',(1.,0.,0.));
#8876=DIRECTION('',(0.,0.,-1.));
#8877=DIRECTION('',(1.,0.,0.));
#8878=DIRECTION('',(-4.57936000240061E-17,0.,-1.));
#8879=DIRECTION('',(1.,0.,0.));
#8880=DIRECTION('',(0.,0.,-1.));
#8881=DIRECTION('',(1.,0.,0.));
#8882=DIRECTION('',(0.,0.,-1.));
#8883=DIRECTION('',(1.,0.,0.));
#8884=DIRECTION('',(-4.57936000240061E-17,0.,-1.));
#8885=DIRECTION('',(1.,0.,0.));
#8886=DIRECTION('',(0.,0.,-1.));
#8887=DIRECTION('',(-1.,0.,0.));
#8888=DIRECTION('',(0.,0.,1.));
#8889=DIRECTION('',(-1.,0.,0.));
#8890=DIRECTION('',(2.08152727381846E-17,0.,1.));
#8891=DIRECTION('',(-1.,0.,0.));
#8892=DIRECTION('',(0.,0.,1.));
#8893=DIRECTION('',(-1.,0.,0.));
#8894=DIRECTION('',(0.,0.,1.));
#8895=DIRECTION('',(-1.,0.,0.));
#8896=DIRECTION('',(2.08152727381846E-17,0.,1.));
#8897=DIRECTION('',(-1.,0.,0.));
#8898=DIRECTION('',(0.,0.,1.));
#8899=DIRECTION('',(-1.,0.,0.));
#8900=DIRECTION('',(0.,0.,1.));
#8901=DIRECTION('',(-1.,0.,0.));
#8902=DIRECTION('',(2.08152727381846E-17,0.,1.));
#8903=DIRECTION('',(-1.,0.,0.));
#8904=DIRECTION('',(0.,0.,1.));
#8905=DIRECTION('',(-1.,0.,0.));
#8906=DIRECTION('',(0.,0.,1.));
#8907=DIRECTION('',(-1.,0.,0.));
#8908=DIRECTION('',(2.08152727381846E-17,0.,1.));
#8909=DIRECTION('',(-1.,0.,0.));
#8910=DIRECTION('',(0.,0.,1.));
#8911=DIRECTION('',(0.,1.,0.));
#8912=DIRECTION('',(0.,0.,1.));
#8913=DIRECTION('',(0.,1.,0.));
#8914=DIRECTION('',(0.,-2.91413818334585E-17,1.));
#8915=DIRECTION('',(0.,1.,0.));
#8916=DIRECTION('',(0.,0.,1.));
#8917=DIRECTION('',(0.,1.,0.));
#8918=DIRECTION('',(0.,0.,1.));
#8919=DIRECTION('',(0.,1.,0.));
#8920=DIRECTION('',(0.,-3.74674909287323E-17,1.));
#8921=DIRECTION('',(0.,1.,0.));
#8922=DIRECTION('',(0.,0.,1.));
#8923=DIRECTION('',(0.,1.,0.));
#8924=DIRECTION('',(0.,0.,1.));
#8925=DIRECTION('',(0.,1.,0.));
#8926=DIRECTION('',(0.,-3.74674909287323E-17,1.));
#8927=DIRECTION('',(0.,1.,0.));
#8928=DIRECTION('',(0.,0.,1.));
#8929=CARTESIAN_POINT('',(0.,0.,0.));
#8930=CARTESIAN_POINT('',(-69.9999999999999,-55.,80.));
#8931=CARTESIAN_POINT('',(-67.4175193028802,-55.,80.362943992776));
#8932=CARTESIAN_POINT('',(-58.4288568004764,-55.,81.6262181237219));
#8933=CARTESIAN_POINT('',(-67.,-55.,77.3921397865513));
#8934=CARTESIAN_POINT('',(-70.,-55.,77.3921397865513));
#8935=CARTESIAN_POINT('',(-70.,-55.,95.));
#8936=CARTESIAN_POINT('',(-70.,-55.,-15.));
#8937=CARTESIAN_POINT('',(55.,-55.,-15.));
#8938=CARTESIAN_POINT('',(70.,-55.,-15.));
#8939=CARTESIAN_POINT('',(70.,-55.,95.));
#8940=CARTESIAN_POINT('',(70.,-55.,77.3921397865513));
#8941=CARTESIAN_POINT('',(67.,-55.,77.3921397865513));
#8942=CARTESIAN_POINT('',(67.4175193028802,-55.,80.362943992776));
#8943=CARTESIAN_POINT('',(68.3833116817701,-55.,80.2272107256976));
#8944=CARTESIAN_POINT('',(58.4288568004764,-55.,81.6262181237219));
#8945=CARTESIAN_POINT('',(59.1247223052767,-55.,86.5775584674298));
#8946=CARTESIAN_POINT('',(54.1733819615689,-55.,85.8816929626295));
#8947=CARTESIAN_POINT('',(55.,-55.,80.));
#8948=CARTESIAN_POINT('',(53.1338501413148,-55.,93.2783462019201));
#8949=CARTESIAN_POINT('',(51.1533140038317,-55.,93.));
#8950=CARTESIAN_POINT('',(51.1533140038317,-55.,95.));
#8951=CARTESIAN_POINT('',(55.,-55.,95.));
#8952=CARTESIAN_POINT('',(-51.1533140038316,-55.,95.));
#8953=CARTESIAN_POINT('',(-51.1533140038316,-55.,93.));
#8954=CARTESIAN_POINT('',(-53.1338501413148,-55.,93.2783462019201));
#8955=CARTESIAN_POINT('',(-65.962167677915,-55.,2.00012401286485));
#8956=CARTESIAN_POINT('',(-54.1733819615688,-55.,85.8816929626295));
#8957=CARTESIAN_POINT('',(-59.1247223052767,-55.,86.5775584674298));
#8958=CARTESIAN_POINT('',(55.,-55.,-15.));
#8959=CARTESIAN_POINT('',(-45.,19.,86.5));
#8960=CARTESIAN_POINT('',(-45.,19.8376910534886,86.5));
#8961=CARTESIAN_POINT('',(-45.,20.6565008316247,86.6755772429326));
#8962=CARTESIAN_POINT('',(-45.,21.5,87.));
#8963=CARTESIAN_POINT('',(-45.,19.,86.5));
#8964=CARTESIAN_POINT('',(-45.,21.5,87.));
#8965=CARTESIAN_POINT('',(-39.,19.,86.5));
#8966=CARTESIAN_POINT('',(-39.,25.,86.5));
#8967=CARTESIAN_POINT('',(-39.,25.,86.5));
#8968=CARTESIAN_POINT('',(-39.,25.5,87.));
#8969=CARTESIAN_POINT('',(-39.,19.,87.));
#8970=CARTESIAN_POINT('',(-39.,19.,87.));
#8971=CARTESIAN_POINT('',(-31.,25.,86.5));
#8972=CARTESIAN_POINT('',(-31.,25.,86.5));
#8973=CARTESIAN_POINT('',(-31.,25.5,87.));
#8974=CARTESIAN_POINT('',(55.,25.5,87.));
#8975=CARTESIAN_POINT('',(-25.,25.,86.5));
#8976=CARTESIAN_POINT('',(-25.,25.,86.5));
#8977=CARTESIAN_POINT('',(-25.,31.,86.5));
#8978=CARTESIAN_POINT('',(-25.,31.,86.5));
#8979=CARTESIAN_POINT('',(-25.5,31.,87.));
#8980=CARTESIAN_POINT('',(-31.,31.,87.));
#8981=CARTESIAN_POINT('',(-31.,31.,86.5));
#8982=CARTESIAN_POINT('',(-31.,31.,87.));
#8983=CARTESIAN_POINT('',(-25.,39.,86.5));
#8984=CARTESIAN_POINT('',(-25.,39.,86.5));
#8985=CARTESIAN_POINT('',(-25.5,39.,87.));
#8986=CARTESIAN_POINT('',(-25.5,55.,87.));
#8987=CARTESIAN_POINT('',(-25.,45.,86.5));
#8988=CARTESIAN_POINT('',(-25.,45.,86.5));
#8989=CARTESIAN_POINT('',(-21.5,45.,87.));
#8990=CARTESIAN_POINT('',(-20.6606167513339,45.,86.6771602889746));
#8991=CARTESIAN_POINT('',(-19.8371215294852,45.,86.5));
#8992=CARTESIAN_POINT('',(-19.,45.,86.5));
#8993=CARTESIAN_POINT('',(-21.5,45.,87.));
#8994=CARTESIAN_POINT('',(-19.,45.,86.5));
#8995=CARTESIAN_POINT('',(-19.,39.,87.));
#8996=CARTESIAN_POINT('',(-19.,39.,86.5));
#8997=CARTESIAN_POINT('',(-19.,39.,87.));
#8998=CARTESIAN_POINT('',(-19.,-45.,86.5));
#8999=CARTESIAN_POINT('',(-19.8376910534887,-45.,86.5));
#9000=CARTESIAN_POINT('',(-20.6565008316244,-45.,86.6755772429325));
#9001=CARTESIAN_POINT('',(-21.5,-45.,87.));
#9002=CARTESIAN_POINT('',(-19.,-45.,86.5));
#9003=CARTESIAN_POINT('',(-21.5,-45.,87.));
#9004=CARTESIAN_POINT('',(-19.,-39.,86.5));
#9005=CARTESIAN_POINT('',(-25.,-39.,86.5));
#9006=CARTESIAN_POINT('',(-25.,-39.,86.5));
#9007=CARTESIAN_POINT('',(-25.4999999999999,-39.,87.));
#9008=CARTESIAN_POINT('',(-19.,-39.,87.));
#9009=CARTESIAN_POINT('',(-19.,-39.,87.));
#9010=CARTESIAN_POINT('',(-25.,-31.,86.5));
#9011=CARTESIAN_POINT('',(-25.,-31.,86.5));
#9012=CARTESIAN_POINT('',(-25.4999999999999,-31.,87.));
#9013=CARTESIAN_POINT('',(-25.4999999999999,-31.,87.));
#9014=CARTESIAN_POINT('',(-25.,-39.,86.5));
#9015=CARTESIAN_POINT('',(-25.4999999999999,55.,87.));
#9016=CARTESIAN_POINT('',(-31.,-25.,86.5));
#9017=CARTESIAN_POINT('',(-31.,-25.,86.5));
#9018=CARTESIAN_POINT('',(-31.,-25.5,87.));
#9019=CARTESIAN_POINT('',(-31.,-31.,87.));
#9020=CARTESIAN_POINT('',(-31.,-31.,86.5));
#9021=CARTESIAN_POINT('',(-31.,-31.,87.));
#9022=CARTESIAN_POINT('',(-39.,-25.,86.5));
#9023=CARTESIAN_POINT('',(-39.,-25.,86.5));
#9024=CARTESIAN_POINT('',(-39.,-25.5,87.));
#9025=CARTESIAN_POINT('',(-39.,-25.5,87.));
#9026=CARTESIAN_POINT('',(-31.,-25.,86.5));
#9027=CARTESIAN_POINT('',(55.,-25.5,87.));
#9028=CARTESIAN_POINT('',(-45.,-21.4999999999999,87.));
#9029=CARTESIAN_POINT('',(-45.,-20.660616751452,86.67716028902));
#9030=CARTESIAN_POINT('',(-45.,-19.8371215295943,86.5));
#9031=CARTESIAN_POINT('',(-45.,-19.,86.5));
#9032=CARTESIAN_POINT('',(-45.,-21.4999999999999,87.));
#9033=CARTESIAN_POINT('',(-45.,-19.,86.5));
#9034=CARTESIAN_POINT('',(-39.,-19.,87.));
#9035=CARTESIAN_POINT('',(-39.,-19.,86.5));
#9036=CARTESIAN_POINT('',(-39.,-19.,87.));
#9037=CARTESIAN_POINT('',(45.,-19.,86.5));
#9038=CARTESIAN_POINT('',(45.,-19.8376910534345,86.5));
#9039=CARTESIAN_POINT('',(45.,-20.656500831566,86.67557724291));
#9040=CARTESIAN_POINT('',(45.,-21.5000000000001,87.));
#9041=CARTESIAN_POINT('',(45.,-19.,86.5));
#9042=CARTESIAN_POINT('',(45.,-21.5000000000001,87.));
#9043=CARTESIAN_POINT('',(39.,-19.,86.5));
#9044=CARTESIAN_POINT('',(39.,-25.,86.5));
#9045=CARTESIAN_POINT('',(39.,-25.,86.5));
#9046=CARTESIAN_POINT('',(39.,-25.5,87.));
#9047=CARTESIAN_POINT('',(39.,-19.,87.));
#9048=CARTESIAN_POINT('',(39.,-19.,87.));
#9049=CARTESIAN_POINT('',(31.,-25.,86.5));
#9050=CARTESIAN_POINT('',(31.,-25.,86.5));
#9051=CARTESIAN_POINT('',(31.,-25.5,87.));
#9052=CARTESIAN_POINT('',(55.,-25.5,87.));
#9053=CARTESIAN_POINT('',(25.,-25.,86.5));
#9054=CARTESIAN_POINT('',(25.,-25.,86.5));
#9055=CARTESIAN_POINT('',(25.,-31.,86.5));
#9056=CARTESIAN_POINT('',(25.,-31.,86.5));
#9057=CARTESIAN_POINT('',(25.5,-31.,87.));
#9058=CARTESIAN_POINT('',(31.,-31.,87.));
#9059=CARTESIAN_POINT('',(31.,-31.,86.5));
#9060=CARTESIAN_POINT('',(31.,-31.,87.));
#9061=CARTESIAN_POINT('',(25.,-39.,86.5));
#9062=CARTESIAN_POINT('',(25.,-39.,86.5));
#9063=CARTESIAN_POINT('',(25.5,-39.,87.));
#9064=CARTESIAN_POINT('',(25.5,55.,87.));
#9065=CARTESIAN_POINT('',(25.,-45.,86.5));
#9066=CARTESIAN_POINT('',(25.,-45.,86.5));
#9067=CARTESIAN_POINT('',(21.5,-45.,87.));
#9068=CARTESIAN_POINT('',(20.6606167513462,-45.,86.6771602889793));
#9069=CARTESIAN_POINT('',(19.8371215294966,-45.,86.5));
#9070=CARTESIAN_POINT('',(19.,-45.,86.5));
#9071=CARTESIAN_POINT('',(21.5,-45.,87.));
#9072=CARTESIAN_POINT('',(19.,-45.,86.5));
#9073=CARTESIAN_POINT('',(19.,-39.,87.));
#9074=CARTESIAN_POINT('',(19.,-39.,86.5));
#9075=CARTESIAN_POINT('',(19.,-39.,87.));
#9076=CARTESIAN_POINT('',(19.,45.,86.5));
#9077=CARTESIAN_POINT('',(19.8376910534886,45.,86.5));
#9078=CARTESIAN_POINT('',(20.6565008316247,45.,86.6755772429326));
#9079=CARTESIAN_POINT('',(21.5,45.,87.));
#9080=CARTESIAN_POINT('',(19.,45.,86.5));
#9081=CARTESIAN_POINT('',(21.5,45.,87.));
#9082=CARTESIAN_POINT('',(19.,39.,86.5));
#9083=CARTESIAN_POINT('',(25.,39.,86.5));
#9084=CARTESIAN_POINT('',(25.,39.,86.5));
#9085=CARTESIAN_POINT('',(25.5,39.,87.));
#9086=CARTESIAN_POINT('',(19.,39.,87.));
#9087=CARTESIAN_POINT('',(19.,39.,87.));
#9088=CARTESIAN_POINT('',(25.,31.,86.5));
#9089=CARTESIAN_POINT('',(25.,31.,86.5));
#9090=CARTESIAN_POINT('',(25.5,31.,87.));
#9091=CARTESIAN_POINT('',(25.5,31.,87.));
#9092=CARTESIAN_POINT('',(25.,39.,86.5));
#9093=CARTESIAN_POINT('',(25.5,55.,87.));
#9094=CARTESIAN_POINT('',(31.,25.,86.5));
#9095=CARTESIAN_POINT('',(31.,25.,86.5));
#9096=CARTESIAN_POINT('',(31.,25.5,87.));
#9097=CARTESIAN_POINT('',(31.,31.,87.));
#9098=CARTESIAN_POINT('',(31.,31.,86.5));
#9099=CARTESIAN_POINT('',(31.,31.,87.));
#9100=CARTESIAN_POINT('',(39.,25.,86.5));
#9101=CARTESIAN_POINT('',(39.,25.,86.5));
#9102=CARTESIAN_POINT('',(39.,25.5,87.));
#9103=CARTESIAN_POINT('',(39.,25.5,87.));
#9104=CARTESIAN_POINT('',(31.,25.,86.5));
#9105=CARTESIAN_POINT('',(55.,25.5,87.));
#9106=CARTESIAN_POINT('',(45.,21.5000000000002,87.));
#9107=CARTESIAN_POINT('',(45.,20.6606167513465,86.6771602889793));
#9108=CARTESIAN_POINT('',(45.,19.8371215294968,86.5));
#9109=CARTESIAN_POINT('',(45.,19.,86.5));
#9110=CARTESIAN_POINT('',(45.,21.5000000000002,87.));
#9111=CARTESIAN_POINT('',(45.,19.,86.5));
#9112=CARTESIAN_POINT('',(39.,19.,87.));
#9113=CARTESIAN_POINT('',(39.,19.,86.5));
#9114=CARTESIAN_POINT('',(39.,19.,87.));
#9115=CARTESIAN_POINT('',(15.,65.,47.2392803098594));
#9116=CARTESIAN_POINT('',(15.,65.,47.2392803098594));
#9117=CARTESIAN_POINT('',(15.,55.,47.2392803098594));
#9118=CARTESIAN_POINT('',(15.,55.,49.7392803098594));
#9119=CARTESIAN_POINT('',(15.,55.,52.2392803098594));
#9120=CARTESIAN_POINT('',(15.,65.,52.2392803098594));
#9121=CARTESIAN_POINT('',(15.,65.,52.2392803098594));
#9122=CARTESIAN_POINT('',(15.,65.,49.7392803098594));
#9123=CARTESIAN_POINT('',(15.,65.,49.7392803098594));
#9124=CARTESIAN_POINT('',(15.,55.,47.2392803098594));
#9125=CARTESIAN_POINT('',(15.,53.4978484524311,49.7392803098594));
#9126=CARTESIAN_POINT('',(15.,55.,52.2392803098594));
#9127=CARTESIAN_POINT('',(15.,55.,49.7392803098594));
#9128=CARTESIAN_POINT('',(0.358983848622423,65.,62.5));
#9129=CARTESIAN_POINT('',(0.358983848622423,65.,62.5));
#9130=CARTESIAN_POINT('',(0.358983848622423,55.,62.5));
#9131=CARTESIAN_POINT('',(0.358983848622423,55.,65.));
#9132=CARTESIAN_POINT('',(0.358983848622423,55.,67.5));
#9133=CARTESIAN_POINT('',(0.358983848622423,65.,67.5));
#9134=CARTESIAN_POINT('',(0.358983848622423,65.,67.5));
#9135=CARTESIAN_POINT('',(0.358983848622423,65.,65.));
#9136=CARTESIAN_POINT('',(0.358983848622423,65.,65.));
#9137=CARTESIAN_POINT('',(0.358983848622423,55.,62.5));
#9138=CARTESIAN_POINT('',(0.35898384862242,53.4978484524311,65.));
#9139=CARTESIAN_POINT('',(0.358983848622423,55.,67.5));
#9140=CARTESIAN_POINT('',(0.358983848622423,55.,65.));
#9141=CARTESIAN_POINT('',(-15.,65.,47.2392803098594));
#9142=CARTESIAN_POINT('',(-15.,65.,47.2392803098594));
#9143=CARTESIAN_POINT('',(-15.,55.,47.2392803098594));
#9144=CARTESIAN_POINT('',(-15.,55.,49.7392803098594));
#9145=CARTESIAN_POINT('',(-15.,55.,52.2392803098594));
#9146=CARTESIAN_POINT('',(-15.,65.,52.2392803098594));
#9147=CARTESIAN_POINT('',(-15.,65.,52.2392803098594));
#9148=CARTESIAN_POINT('',(-15.,65.,49.7392803098594));
#9149=CARTESIAN_POINT('',(-15.,65.,49.7392803098594));
#9150=CARTESIAN_POINT('',(-15.,55.,47.2392803098594));
#9151=CARTESIAN_POINT('',(-15.,53.4978484524311,49.7392803098594));
#9152=CARTESIAN_POINT('',(-15.,55.,52.2392803098594));
#9153=CARTESIAN_POINT('',(-15.,55.,49.7392803098594));
#9154=CARTESIAN_POINT('',(-65.,37.1891833059522,21.1960698932757));
#9155=CARTESIAN_POINT('',(-65.,37.1891833059522,21.1960698932757));
#9156=CARTESIAN_POINT('',(-55.,37.1891833059522,21.1960698932757));
#9157=CARTESIAN_POINT('',(-55.,37.1891833059522,23.6960698932757));
#9158=CARTESIAN_POINT('',(-55.,37.1891833059522,26.1960698932757));
#9159=CARTESIAN_POINT('',(-65.,37.1891833059522,26.1960698932757));
#9160=CARTESIAN_POINT('',(-65.,37.1891833059522,26.1960698932757));
#9161=CARTESIAN_POINT('',(-65.,37.1891833059522,23.6960698932757));
#9162=CARTESIAN_POINT('',(-65.,37.1891833059522,23.6960698932757));
#9163=CARTESIAN_POINT('',(-55.,37.1891833059522,21.1960698932757));
#9164=CARTESIAN_POINT('',(-53.4978484524311,37.1891833059522,23.6960698932757));
#9165=CARTESIAN_POINT('',(-55.,37.1891833059522,26.1960698932757));
#9166=CARTESIAN_POINT('',(-55.,37.1891833059522,23.6960698932757));
#9167=CARTESIAN_POINT('',(-65.,37.1891833059522,46.1960698932757));
#9168=CARTESIAN_POINT('',(-65.,37.1891833059522,46.1960698932757));
#9169=CARTESIAN_POINT('',(-55.,37.1891833059522,46.1960698932757));
#9170=CARTESIAN_POINT('',(-55.,37.1891833059522,48.6960698932757));
#9171=CARTESIAN_POINT('',(-55.,37.1891833059522,51.1960698932756));
#9172=CARTESIAN_POINT('',(-65.,37.1891833059522,51.1960698932757));
#9173=CARTESIAN_POINT('',(-65.,37.1891833059522,51.1960698932757));
#9174=CARTESIAN_POINT('',(-65.,37.1891833059522,48.6960698932757));
#9175=CARTESIAN_POINT('',(-65.,37.1891833059522,48.6960698932757));
#9176=CARTESIAN_POINT('',(-55.,37.1891833059522,46.1960698932757));
#9177=CARTESIAN_POINT('',(-53.4978484524311,37.1891833059522,48.6960698932757));
#9178=CARTESIAN_POINT('',(-55.,37.1891833059522,51.1960698932756));
#9179=CARTESIAN_POINT('',(-55.,37.1891833059522,48.6960698932757));
#9180=CARTESIAN_POINT('',(-65.,-27.1891833059522,46.1960698932757));
#9181=CARTESIAN_POINT('',(-65.,-27.1891833059522,46.1960698932757));
#9182=CARTESIAN_POINT('',(-55.,-27.1891833059522,46.1960698932757));
#9183=CARTESIAN_POINT('',(-55.,-27.1891833059522,48.6960698932757));
#9184=CARTESIAN_POINT('',(-55.,-27.1891833059522,51.1960698932757));
#9185=CARTESIAN_POINT('',(-65.,-27.1891833059522,51.1960698932757));
#9186=CARTESIAN_POINT('',(-65.,-27.1891833059522,51.1960698932757));
#9187=CARTESIAN_POINT('',(-65.,-27.1891833059522,48.6960698932757));
#9188=CARTESIAN_POINT('',(-65.,-27.1891833059522,48.6960698932757));
#9189=CARTESIAN_POINT('',(-55.,-27.1891833059522,46.1960698932757));
#9190=CARTESIAN_POINT('',(-53.4978484524311,-27.1891833059522,48.6960698932757));
#9191=CARTESIAN_POINT('',(-55.,-27.1891833059522,51.1960698932757));
#9192=CARTESIAN_POINT('',(-55.,-27.1891833059522,48.6960698932757));
#9193=CARTESIAN_POINT('',(-65.,-27.1891833059522,21.1960698932757));
#9194=CARTESIAN_POINT('',(-65.,-27.1891833059522,21.1960698932757));
#9195=CARTESIAN_POINT('',(-55.,-27.1891833059522,21.1960698932757));
#9196=CARTESIAN_POINT('',(-55.,-27.1891833059522,23.6960698932757));
#9197=CARTESIAN_POINT('',(-55.,-27.1891833059522,26.1960698932757));
#9198=CARTESIAN_POINT('',(-65.,-27.1891833059522,26.1960698932757));
#9199=CARTESIAN_POINT('',(-65.,-27.1891833059522,26.1960698932757));
#9200=CARTESIAN_POINT('',(-65.,-27.1891833059522,23.6960698932757));
#9201=CARTESIAN_POINT('',(-65.,-27.1891833059522,23.6960698932757));
#9202=CARTESIAN_POINT('',(-55.,-27.1891833059522,21.1960698932757));
#9203=CARTESIAN_POINT('',(-53.4978484524311,-27.1891833059522,23.6960698932757));
#9204=CARTESIAN_POINT('',(-55.,-27.1891833059522,26.1960698932757));
#9205=CARTESIAN_POINT('',(-55.,-27.1891833059522,23.6960698932757));
#9206=CARTESIAN_POINT('',(65.,-17.5,42.5));
#9207=CARTESIAN_POINT('',(55.,-17.5,42.5));
#9208=CARTESIAN_POINT('',(65.,-17.5,42.5));
#9209=CARTESIAN_POINT('',(55.,-17.5,40.));
#9210=CARTESIAN_POINT('',(55.,-17.5,37.5));
#9211=CARTESIAN_POINT('',(65.,-17.5,37.5));
#9212=CARTESIAN_POINT('',(65.,-17.5,37.5));
#9213=CARTESIAN_POINT('',(65.,-17.5,40.));
#9214=CARTESIAN_POINT('',(65.,-17.5,40.));
#9215=CARTESIAN_POINT('',(55.,-17.5,42.5));
#9216=CARTESIAN_POINT('',(53.4978484524311,-17.5,40.));
#9217=CARTESIAN_POINT('',(55.,-17.5,37.5));
#9218=CARTESIAN_POINT('',(55.,-17.5,40.));
#9219=CARTESIAN_POINT('',(65.,17.5,52.5));
#9220=CARTESIAN_POINT('',(55.,17.5,52.5));
#9221=CARTESIAN_POINT('',(65.,17.5,52.5));
#9222=CARTESIAN_POINT('',(55.,17.5,50.));
#9223=CARTESIAN_POINT('',(55.,17.5,47.5));
#9224=CARTESIAN_POINT('',(65.,17.5,47.5));
#9225=CARTESIAN_POINT('',(65.,17.5,47.5));
#9226=CARTESIAN_POINT('',(65.,17.5,50.));
#9227=CARTESIAN_POINT('',(65.,17.5,50.));
#9228=CARTESIAN_POINT('',(55.,17.5,52.5));
#9229=CARTESIAN_POINT('',(53.4978484524311,17.5,50.));
#9230=CARTESIAN_POINT('',(55.,17.5,47.5));
#9231=CARTESIAN_POINT('',(55.,17.5,50.));
#9232=CARTESIAN_POINT('',(-2.49999999999999,-1.75382242793562E-15,68.));
#9233=CARTESIAN_POINT('',(-2.5,-1.75382242793562E-15,68.));
#9234=CARTESIAN_POINT('',(-2.49999999999999,-1.75382242793562E-15,58.));
#9235=CARTESIAN_POINT('',(4.33680868994202E-15,-2.05998412772246E-15,58.));
#9236=CARTESIAN_POINT('',(2.5,-2.05998412772246E-15,58.));
#9237=CARTESIAN_POINT('',(2.5,-2.05998412772246E-15,68.));
#9238=CARTESIAN_POINT('',(2.5,-2.05998412772246E-15,68.));
#9239=CARTESIAN_POINT('',(4.33680868994202E-15,-2.05998412772246E-15,68.));
#9240=CARTESIAN_POINT('',(4.33680868994202E-15,-2.05998412772246E-15,68.));
#9241=CARTESIAN_POINT('',(-2.49999999999999,-1.75382242793562E-15,58.));
#9242=CARTESIAN_POINT('',(1.4454125299446E-15,-2.05998412772246E-15,56.4978484524311));
#9243=CARTESIAN_POINT('',(2.5,-2.05998412772246E-15,58.));
#9244=CARTESIAN_POINT('',(4.33680868994202E-15,-2.05998412772246E-15,58.));
#9245=CARTESIAN_POINT('',(-24.,65.,49.7392803098594));
#9246=CARTESIAN_POINT('',(-24.,65.,49.7392803098594));
#9247=CARTESIAN_POINT('',(-25.,64.,49.7392803098594));
#9248=CARTESIAN_POINT('',(-25.,64.,49.7392803098594));
#9249=CARTESIAN_POINT('',(-25.,64.,50.3589838486224));
#9250=CARTESIAN_POINT('',(-25.,64.,50.3589838486224));
#9251=CARTESIAN_POINT('',(-24.,65.,50.3589838486224));
#9252=CARTESIAN_POINT('',(-23.9999999999999,65.,50.3589838486224));
#9253=CARTESIAN_POINT('',(-24.,65.,77.3921397865513));
#9254=CARTESIAN_POINT('',(-20.,64.,59.0192378864668));
#9255=CARTESIAN_POINT('',(-20.,64.,59.0192378864668));
#9256=CARTESIAN_POINT('',(-19.5,65.,58.1532124826824));
#9257=CARTESIAN_POINT('',(-15.,65.,50.3589838486224));
#9258=CARTESIAN_POINT('',(-15.,64.,50.3589838486224));
#9259=CARTESIAN_POINT('',(-15.,65.,50.3589838486224));
#9260=CARTESIAN_POINT('',(-15.,65.,40.7392803098595));
#9261=CARTESIAN_POINT('',(-15.,65.,40.7392803098595));
#9262=CARTESIAN_POINT('',(-15.,64.,39.7392803098594));
#9263=CARTESIAN_POINT('',(-15.,64.,49.7392803098594));
#9264=CARTESIAN_POINT('',(-15.,65.,49.7392803098594));
#9265=CARTESIAN_POINT('',(-15.,65.,49.7392803098594));
#9266=CARTESIAN_POINT('',(-9.01923788646682,64.,70.));
#9267=CARTESIAN_POINT('',(-9.01923788646682,64.,70.));
#9268=CARTESIAN_POINT('',(-8.15321248268237,65.,69.5));
#9269=CARTESIAN_POINT('',(-35.,65.,85.));
#9270=CARTESIAN_POINT('',(-35.,64.,85.));
#9271=CARTESIAN_POINT('',(-35.,65.,85.));
#9272=CARTESIAN_POINT('',(15.,65.,40.7392803098595));
#9273=CARTESIAN_POINT('',(15.,65.,40.7392803098595));
#9274=CARTESIAN_POINT('',(15.,64.,39.7392803098594));
#9275=CARTESIAN_POINT('',(15.,64.,39.7392803098594));
#9276=CARTESIAN_POINT('',(-15.,65.,40.7392803098595));
#9277=CARTESIAN_POINT('',(-67.,65.,40.7392803098595));
#9278=CARTESIAN_POINT('',(-0.358983848622429,64.,75.));
#9279=CARTESIAN_POINT('',(-0.358983848622429,64.,75.));
#9280=CARTESIAN_POINT('',(-0.35898384862243,65.,74.));
#9281=CARTESIAN_POINT('',(-0.358983848622429,65.,65.));
#9282=CARTESIAN_POINT('',(-0.358983848622429,64.,65.));
#9283=CARTESIAN_POINT('',(-0.358983848622429,65.,65.));
#9284=CARTESIAN_POINT('',(24.,65.,49.7392803098594));
#9285=CARTESIAN_POINT('',(24.,65.,49.7392803098594));
#9286=CARTESIAN_POINT('',(25.,64.,49.7392803098594));
#9287=CARTESIAN_POINT('',(15.,64.,49.7392803098594));
#9288=CARTESIAN_POINT('',(15.,65.,49.7392803098594));
#9289=CARTESIAN_POINT('',(15.,65.,49.7392803098594));
#9290=CARTESIAN_POINT('',(0.358983848622423,64.,75.));
#9291=CARTESIAN_POINT('',(0.358983848622423,64.,75.));
#9292=CARTESIAN_POINT('',(0.358983848622422,65.,74.));
#9293=CARTESIAN_POINT('',(0.358983848622423,65.,74.));
#9294=CARTESIAN_POINT('',(-0.358983848622429,64.,75.));
#9295=CARTESIAN_POINT('',(-67.,65.,74.));
#9296=CARTESIAN_POINT('',(24.,65.,50.3589838486224));
#9297=CARTESIAN_POINT('',(24.,65.,50.3589838486224));
#9298=CARTESIAN_POINT('',(25.,64.,50.3589838486224));
#9299=CARTESIAN_POINT('',(25.,64.,50.3589838486224));
#9300=CARTESIAN_POINT('',(24.,65.,49.7392803098594));
#9301=CARTESIAN_POINT('',(24.,65.,77.3921397865513));
#9302=CARTESIAN_POINT('',(9.01923788646682,64.,70.));
#9303=CARTESIAN_POINT('',(9.01923788646681,64.,70.));
#9304=CARTESIAN_POINT('',(8.15321248268235,65.,69.5));
#9305=CARTESIAN_POINT('',(0.358983848622423,65.,65.));
#9306=CARTESIAN_POINT('',(0.358983848622423,64.,65.));
#9307=CARTESIAN_POINT('',(0.358983848622423,65.,65.));
#9308=CARTESIAN_POINT('',(19.5,65.,58.1532124826823));
#9309=CARTESIAN_POINT('',(19.5,65.,58.1532124826823));
#9310=CARTESIAN_POINT('',(20.,64.,59.0192378864668));
#9311=CARTESIAN_POINT('',(15.,64.,50.3589838486224));
#9312=CARTESIAN_POINT('',(15.,65.,50.3589838486224));
#9313=CARTESIAN_POINT('',(15.,65.,50.3589838486224));
#9314=CARTESIAN_POINT('',(35.,64.,85.));
#9315=CARTESIAN_POINT('',(35.,65.,85.));
#9316=CARTESIAN_POINT('',(35.,65.,85.));
#9317=CARTESIAN_POINT('',(15.,126.182663827809,39.7392803098594));
#9318=CARTESIAN_POINT('',(15.,53.,39.7392803098594));
#9319=CARTESIAN_POINT('',(25.,126.182663827809,49.7392803098594));
#9320=CARTESIAN_POINT('',(25.,53.,49.7392803098594));
#9321=CARTESIAN_POINT('',(15.,53.,49.7392803098594));
#9322=CARTESIAN_POINT('',(15.,126.182663827809,49.7392803098594));
#9323=CARTESIAN_POINT('',(-25.,126.182663827809,49.7392803098594));
#9324=CARTESIAN_POINT('',(-25.,53.,49.7392803098594));
#9325=CARTESIAN_POINT('',(-15.,126.182663827809,39.7392803098594));
#9326=CARTESIAN_POINT('',(-15.,53.,39.7392803098594));
#9327=CARTESIAN_POINT('',(-15.,53.,49.7392803098594));
#9328=CARTESIAN_POINT('',(-15.,126.182663827809,49.7392803098594));
#9329=CARTESIAN_POINT('',(-20.,126.182663827809,59.0192378864668));
#9330=CARTESIAN_POINT('',(-20.,53.,59.0192378864668));
#9331=CARTESIAN_POINT('',(-25.,126.182663827809,50.3589838486224));
#9332=CARTESIAN_POINT('',(-25.,53.,50.3589838486224));
#9333=CARTESIAN_POINT('',(-15.,53.,50.3589838486224));
#9334=CARTESIAN_POINT('',(-15.,126.182663827809,50.3589838486224));
#9335=CARTESIAN_POINT('',(-0.358983848622429,126.182663827809,75.));
#9336=CARTESIAN_POINT('',(-0.358983848622429,53.,75.));
#9337=CARTESIAN_POINT('',(-9.01923788646682,126.182663827809,70.));
#9338=CARTESIAN_POINT('',(-9.01923788646682,53.,70.));
#9339=CARTESIAN_POINT('',(-0.358983848622429,53.,65.));
#9340=CARTESIAN_POINT('',(-0.358983848622429,126.182663827809,65.));
#9341=CARTESIAN_POINT('',(9.01923788646681,126.182663827809,70.));
#9342=CARTESIAN_POINT('',(9.01923788646681,53.,70.));
#9343=CARTESIAN_POINT('',(0.358983848622423,126.182663827809,75.));
#9344=CARTESIAN_POINT('',(0.358983848622423,53.,75.));
#9345=CARTESIAN_POINT('',(0.358983848622423,53.,65.));
#9346=CARTESIAN_POINT('',(0.358983848622423,126.182663827809,65.));
#9347=CARTESIAN_POINT('',(25.,126.182663827809,50.3589838486224));
#9348=CARTESIAN_POINT('',(25.,53.,50.3589838486224));
#9349=CARTESIAN_POINT('',(20.,126.182663827809,59.0192378864668));
#9350=CARTESIAN_POINT('',(20.,53.,59.0192378864668));
#9351=CARTESIAN_POINT('',(15.,53.,50.3589838486224));
#9352=CARTESIAN_POINT('',(15.,126.182663827809,50.3589838486224));
#9353=CARTESIAN_POINT('',(-15.,65.,49.7392803098594));
#9354=CARTESIAN_POINT('',(0.358983848622423,65.,65.));
#9355=CARTESIAN_POINT('',(15.,65.,49.7392803098594));
#9356=CARTESIAN_POINT('',(-67.,65.,77.3921397865513));
#9357=CARTESIAN_POINT('',(35.,53.,85.));
#9358=CARTESIAN_POINT('',(35.,126.182663827809,85.));
#9359=CARTESIAN_POINT('',(-6.71572875253808,53.,75.));
#9360=CARTESIAN_POINT('',(-6.71572875253808,126.182663827809,75.));
#9361=CARTESIAN_POINT('',(-35.,53.,85.));
#9362=CARTESIAN_POINT('',(-35.,126.182663827809,85.));
#9363=CARTESIAN_POINT('',(-25.,53.,39.7392803098594));
#9364=CARTESIAN_POINT('',(-25.,126.182663827809,39.7392803098594));
#9365=CARTESIAN_POINT('',(25.,53.,39.7392803098594));
#9366=CARTESIAN_POINT('',(25.,126.182663827809,39.7392803098594));
#9367=CARTESIAN_POINT('',(25.,53.,56.7157287525381));
#9368=CARTESIAN_POINT('',(25.,126.182663827809,56.7157287525381));
#9369=CARTESIAN_POINT('',(64.,13.7472232502674,44.5));
#9370=CARTESIAN_POINT('',(64.,13.8355016066689,44.347097401504));
#9371=CARTESIAN_POINT('',(64.0456962398141,13.9603460555559,44.222252952617));
#9372=CARTESIAN_POINT('',(64.1339745962156,14.1132486540519,44.1339745962156));
#9373=CARTESIAN_POINT('',(64.,13.7472232502674,44.5));
#9374=CARTESIAN_POINT('',(64.1339745962156,14.1132486540519,44.1339745962156));
#9375=CARTESIAN_POINT('',(65.,13.7472232502674,44.5));
#9376=CARTESIAN_POINT('',(55.,13.7472232502674,44.5));
#9377=CARTESIAN_POINT('',(55.,14.6132486540519,45.));
#9378=CARTESIAN_POINT('',(55.,14.6132486540519,44.));
#9379=CARTESIAN_POINT('',(65.,14.6132486540519,44.));
#9380=CARTESIAN_POINT('',(64.,14.6132486540519,44.));
#9381=CARTESIAN_POINT('',(64.1339745962156,14.1132486540519,44.1339745962156));
#9382=CARTESIAN_POINT('',(64.0456962398141,14.2661512525479,44.0456962398141));
#9383=CARTESIAN_POINT('',(64.,14.436691941249,44.));
#9384=CARTESIAN_POINT('',(64.,14.6132486540519,44.));
#9385=CARTESIAN_POINT('',(65.,14.6132486540519,45.));
#9386=CARTESIAN_POINT('',(64.,20.3867513459481,44.));
#9387=CARTESIAN_POINT('',(64.,20.5633080587511,44.));
#9388=CARTESIAN_POINT('',(64.0456962398141,20.7338487474521,44.0456962398141));
#9389=CARTESIAN_POINT('',(64.1339745962156,20.8867513459481,44.1339745962156));
#9390=CARTESIAN_POINT('',(64.,20.3867513459481,44.));
#9391=CARTESIAN_POINT('',(64.1339745962156,20.8867513459481,44.1339745962156));
#9392=CARTESIAN_POINT('',(65.,20.3867513459481,44.));
#9393=CARTESIAN_POINT('',(55.,20.3867513459481,44.));
#9394=CARTESIAN_POINT('',(55.,20.3867513459481,45.));
#9395=CARTESIAN_POINT('',(55.,21.2527767497326,44.5));
#9396=CARTESIAN_POINT('',(65.,21.2527767497326,44.5));
#9397=CARTESIAN_POINT('',(64.,21.2527767497326,44.5));
#9398=CARTESIAN_POINT('',(64.1339745962156,20.8867513459481,44.1339745962156));
#9399=CARTESIAN_POINT('',(64.0456962398141,21.0396539444442,44.222252952617));
#9400=CARTESIAN_POINT('',(64.,21.1644983933311,44.347097401504));
#9401=CARTESIAN_POINT('',(64.,21.2527767497326,44.5));
#9402=CARTESIAN_POINT('',(65.,20.3867513459481,45.));
#9403=CARTESIAN_POINT('',(64.,24.1395280956807,49.5));
#9404=CARTESIAN_POINT('',(64.,24.2278064520822,49.652902598496));
#9405=CARTESIAN_POINT('',(64.0456962398141,24.2735026918963,49.8234432871971));
#9406=CARTESIAN_POINT('',(64.1339745962156,24.2735026918963,50.));
#9407=CARTESIAN_POINT('',(64.,24.1395280956807,49.5));
#9408=CARTESIAN_POINT('',(64.1339745962156,24.2735026918963,50.));
#9409=CARTESIAN_POINT('',(65.,24.1395280956807,49.5));
#9410=CARTESIAN_POINT('',(55.,24.1395280956807,49.5));
#9411=CARTESIAN_POINT('',(55.,23.2735026918963,50.));
#9412=CARTESIAN_POINT('',(55.,24.1395280956807,50.5));
#9413=CARTESIAN_POINT('',(65.,24.1395280956807,50.5));
#9414=CARTESIAN_POINT('',(64.,24.1395280956807,50.5));
#9415=CARTESIAN_POINT('',(64.1339745962156,24.2735026918963,50.));
#9416=CARTESIAN_POINT('',(64.0456962398141,24.2735026918963,50.1765567128029));
#9417=CARTESIAN_POINT('',(64.,24.2278064520822,50.347097401504));
#9418=CARTESIAN_POINT('',(64.,24.1395280956807,50.5));
#9419=CARTESIAN_POINT('',(65.,23.2735026918963,50.));
#9420=CARTESIAN_POINT('',(64.,21.2527767497326,55.5));
#9421=CARTESIAN_POINT('',(64.,21.1644983933311,55.652902598496));
#9422=CARTESIAN_POINT('',(64.0456962398141,21.0396539444442,55.777747047383));
#9423=CARTESIAN_POINT('',(64.1339745962156,20.8867513459481,55.8660254037844));
#9424=CARTESIAN_POINT('',(64.,21.2527767497326,55.5));
#9425=CARTESIAN_POINT('',(64.1339745962156,20.8867513459481,55.8660254037844));
#9426=CARTESIAN_POINT('',(65.,21.2527767497326,55.5));
#9427=CARTESIAN_POINT('',(55.,21.2527767497326,55.5));
#9428=CARTESIAN_POINT('',(55.,20.3867513459481,55.));
#9429=CARTESIAN_POINT('',(55.,20.3867513459481,56.));
#9430=CARTESIAN_POINT('',(65.,20.3867513459481,56.));
#9431=CARTESIAN_POINT('',(64.,20.3867513459481,56.));
#9432=CARTESIAN_POINT('',(64.1339745962156,20.8867513459481,55.8660254037844));
#9433=CARTESIAN_POINT('',(64.0456962398141,20.7338487474521,55.9543037601859));
#9434=CARTESIAN_POINT('',(64.,20.5633080587511,56.));
#9435=CARTESIAN_POINT('',(64.,20.3867513459481,56.));
#9436=CARTESIAN_POINT('',(65.,20.3867513459481,55.));
#9437=CARTESIAN_POINT('',(64.,14.6132486540519,56.));
#9438=CARTESIAN_POINT('',(64.,14.4366919412489,56.));
#9439=CARTESIAN_POINT('',(64.0456962398141,14.2661512525479,55.9543037601859));
#9440=CARTESIAN_POINT('',(64.1339745962156,14.1132486540519,55.8660254037844));
#9441=CARTESIAN_POINT('',(64.,14.6132486540519,56.));
#9442=CARTESIAN_POINT('',(64.1339745962156,14.1132486540519,55.8660254037844));
#9443=CARTESIAN_POINT('',(65.,14.6132486540519,56.));
#9444=CARTESIAN_POINT('',(55.,14.6132486540519,56.));
#9445=CARTESIAN_POINT('',(55.,14.6132486540519,55.));
#9446=CARTESIAN_POINT('',(55.,13.7472232502674,55.5));
#9447=CARTESIAN_POINT('',(65.,13.7472232502674,55.5));
#9448=CARTESIAN_POINT('',(64.,13.7472232502674,55.5));
#9449=CARTESIAN_POINT('',(64.1339745962156,14.1132486540519,55.8660254037844));
#9450=CARTESIAN_POINT('',(64.0456962398141,13.9603460555559,55.777747047383));
#9451=CARTESIAN_POINT('',(64.,13.8355016066689,55.652902598496));
#9452=CARTESIAN_POINT('',(64.,13.7472232502674,55.5));
#9453=CARTESIAN_POINT('',(65.,14.6132486540519,55.));
#9454=CARTESIAN_POINT('',(64.,10.8604719043193,50.5));
#9455=CARTESIAN_POINT('',(64.,10.7721935479178,50.347097401504));
#9456=CARTESIAN_POINT('',(64.0456962398141,10.7264973081037,50.176556712803));
#9457=CARTESIAN_POINT('',(64.1339745962156,10.7264973081037,50.));
#9458=CARTESIAN_POINT('',(64.,10.8604719043193,50.5));
#9459=CARTESIAN_POINT('',(64.1339745962156,10.7264973081037,50.));
#9460=CARTESIAN_POINT('',(65.,10.8604719043193,50.5));
#9461=CARTESIAN_POINT('',(55.,10.8604719043193,50.5));
#9462=CARTESIAN_POINT('',(55.,11.7264973081037,50.));
#9463=CARTESIAN_POINT('',(55.,10.8604719043193,49.5));
#9464=CARTESIAN_POINT('',(65.,10.8604719043193,49.5));
#9465=CARTESIAN_POINT('',(64.,10.8604719043193,49.5));
#9466=CARTESIAN_POINT('',(64.1339745962156,10.7264973081037,50.));
#9467=CARTESIAN_POINT('',(64.0456962398141,10.7264973081037,49.8234432871971));
#9468=CARTESIAN_POINT('',(64.,10.7721935479178,49.652902598496));
#9469=CARTESIAN_POINT('',(64.,10.8604719043193,49.5));
#9470=CARTESIAN_POINT('',(65.,11.7264973081037,50.));
#9471=CARTESIAN_POINT('',(65.,-17.5,35.));
#9472=CARTESIAN_POINT('',(64.,-17.5,34.));
#9473=CARTESIAN_POINT('',(65.,-17.5,35.));
#9474=CARTESIAN_POINT('',(65.,-17.5,40.));
#9475=CARTESIAN_POINT('',(65.,-17.5,45.));
#9476=CARTESIAN_POINT('',(65.,-17.5,45.));
#9477=CARTESIAN_POINT('',(64.,-17.5,46.));
#9478=CARTESIAN_POINT('',(64.,-17.5,40.));
#9479=CARTESIAN_POINT('',(65.,-17.5,40.));
#9480=CARTESIAN_POINT('',(64.,14.0358983848623,56.));
#9481=CARTESIAN_POINT('',(74.2635079191103,22.423074889581,50.));
#9482=CARTESIAN_POINT('',(65.,11.7264973081038,50.));
#9483=CARTESIAN_POINT('',(65.,11.437822173509,49.5));
#9484=CARTESIAN_POINT('',(65.,14.6132486540519,55.));
#9485=CARTESIAN_POINT('',(61.3841586953636,12.5256417034731,58.6158413046365));
#9486=CARTESIAN_POINT('',(65.,-12.8557621135331,7.42227771688615));
#9487=CARTESIAN_POINT('',(64.,10.5717967697245,50.));
#9488=CARTESIAN_POINT('',(57.1650635094611,10.0897459621556,37.165063509461));
#9489=CARTESIAN_POINT('',(65.,14.6132486540519,45.));
#9490=CARTESIAN_POINT('',(65.,14.9019237886467,44.5));
#9491=CARTESIAN_POINT('',(65.,30.4455080756888,17.5777222831139));
#9492=CARTESIAN_POINT('',(64.,20.9641016151378,56.));
#9493=CARTESIAN_POINT('',(65.,14.0358983848623,55.));
#9494=CARTESIAN_POINT('',(65.,20.3867513459481,55.));
#9495=CARTESIAN_POINT('',(74.2635079191104,15.0384625552095,45.7364920808894));
#9496=CARTESIAN_POINT('',(65.,0.,55.));
#9497=CARTESIAN_POINT('',(64.,14.0358983848623,44.));
#9498=CARTESIAN_POINT('',(70.0444127332079,17.4743582965269,50.044412733208));
#9499=CARTESIAN_POINT('',(65.,20.3867513459481,45.));
#9500=CARTESIAN_POINT('',(65.,20.9641016151378,45.));
#9501=CARTESIAN_POINT('',(65.,0.,45.));
#9502=CARTESIAN_POINT('',(64.,24.4282032302755,50.));
#9503=CARTESIAN_POINT('',(65.,20.0980762113533,55.5));
#9504=CARTESIAN_POINT('',(65.,23.2735026918962,50.));
#9505=CARTESIAN_POINT('',(78.5936349380324,7.57692511041904,50.0000000000001));
#9506=CARTESIAN_POINT('',(65.,39.1057621135331,22.5777222831138));
#9507=CARTESIAN_POINT('',(64.,20.9641016151378,44.));
#9508=CARTESIAN_POINT('',(65.,23.562177826491,50.5));
#9509=CARTESIAN_POINT('',(65.,-4.1955080756888,2.42227771688618));
#9510=CARTESIAN_POINT('',(-39.,-45.,94.));
#9511=CARTESIAN_POINT('',(-39.,-45.,94.));
#9512=CARTESIAN_POINT('',(-39.,-46.,95.));
#9513=CARTESIAN_POINT('',(55.0000000000001,-46.,95.));
#9514=CARTESIAN_POINT('',(39.,-46.,95.));
#9515=CARTESIAN_POINT('',(39.,-46.,95.));
#9516=CARTESIAN_POINT('',(39.,-45.,94.));
#9517=CARTESIAN_POINT('',(-45.,-45.,94.));
#9518=CARTESIAN_POINT('',(-45.,-45.,94.));
#9519=CARTESIAN_POINT('',(46.,-39.,95.));
#9520=CARTESIAN_POINT('',(46.,-39.,95.));
#9521=CARTESIAN_POINT('',(45.,-39.,94.));
#9522=CARTESIAN_POINT('',(39.,-39.,94.));
#9523=CARTESIAN_POINT('',(39.,-39.,95.));
#9524=CARTESIAN_POINT('',(39.,-39.,95.));
#9525=CARTESIAN_POINT('',(-45.,-39.,94.));
#9526=CARTESIAN_POINT('',(-45.,-39.,94.));
#9527=CARTESIAN_POINT('',(-45.9999999999999,-39.,95.));
#9528=CARTESIAN_POINT('',(-39.,-39.,95.));
#9529=CARTESIAN_POINT('',(-39.,-39.,94.));
#9530=CARTESIAN_POINT('',(-39.,-39.,95.));
#9531=CARTESIAN_POINT('',(46.,39.,95.));
#9532=CARTESIAN_POINT('',(46.,39.,95.));
#9533=CARTESIAN_POINT('',(45.,39.,94.));
#9534=CARTESIAN_POINT('',(45.,-45.,94.));
#9535=CARTESIAN_POINT('',(46.,55.,95.));
#9536=CARTESIAN_POINT('',(45.,-45.,94.));
#9537=CARTESIAN_POINT('',(-45.,39.,94.));
#9538=CARTESIAN_POINT('',(-45.,39.,94.));
#9539=CARTESIAN_POINT('',(-45.9999999999999,39.,95.));
#9540=CARTESIAN_POINT('',(-45.9999999999999,55.,95.));
#9541=CARTESIAN_POINT('',(-45.,45.,94.));
#9542=CARTESIAN_POINT('',(-45.,45.,94.));
#9543=CARTESIAN_POINT('',(39.,46.,95.));
#9544=CARTESIAN_POINT('',(39.,46.,95.));
#9545=CARTESIAN_POINT('',(39.,45.,94.));
#9546=CARTESIAN_POINT('',(39.,39.,94.));
#9547=CARTESIAN_POINT('',(39.,39.,95.));
#9548=CARTESIAN_POINT('',(39.,39.,95.));
#9549=CARTESIAN_POINT('',(-39.,45.,94.));
#9550=CARTESIAN_POINT('',(-39.,45.,94.));
#9551=CARTESIAN_POINT('',(-39.,46.,95.));
#9552=CARTESIAN_POINT('',(-39.,39.,95.));
#9553=CARTESIAN_POINT('',(-39.,39.,94.));
#9554=CARTESIAN_POINT('',(-39.,39.,95.));
#9555=CARTESIAN_POINT('',(55.,46.,95.));
#9556=CARTESIAN_POINT('',(45.,45.,94.));
#9557=CARTESIAN_POINT('',(45.,45.,94.));
#9558=CARTESIAN_POINT('',(69.,32.5,70.));
#9559=CARTESIAN_POINT('',(69.,32.5,70.));
#9560=CARTESIAN_POINT('',(70.,32.5,71.));
#9561=CARTESIAN_POINT('',(70.,8.83131951406375E-15,71.));
#9562=CARTESIAN_POINT('',(70.,-17.5,71.));
#9563=CARTESIAN_POINT('',(70.,-17.5,71.));
#9564=CARTESIAN_POINT('',(69.,-17.5,70.));
#9565=CARTESIAN_POINT('',(69.,-22.5,70.));
#9566=CARTESIAN_POINT('',(69.,-22.5,70.));
#9567=CARTESIAN_POINT('',(70.,-23.5,65.));
#9568=CARTESIAN_POINT('',(70.,-23.5,65.));
#9569=CARTESIAN_POINT('',(69.,-22.5,65.));
#9570=CARTESIAN_POINT('',(69.,-17.5,65.));
#9571=CARTESIAN_POINT('',(70.,-17.5,65.));
#9572=CARTESIAN_POINT('',(70.,-17.5,65.));
#9573=CARTESIAN_POINT('',(69.,37.5,65.));
#9574=CARTESIAN_POINT('',(69.,37.5,65.));
#9575=CARTESIAN_POINT('',(70.,38.5,65.));
#9576=CARTESIAN_POINT('',(70.,32.5,65.));
#9577=CARTESIAN_POINT('',(69.,32.5,65.));
#9578=CARTESIAN_POINT('',(70.,32.5,65.));
#9579=CARTESIAN_POINT('',(70.,-23.5,60.));
#9580=CARTESIAN_POINT('',(70.,-23.5,60.));
#9581=CARTESIAN_POINT('',(69.,-22.5,60.));
#9582=CARTESIAN_POINT('',(69.,-22.5,55.));
#9583=CARTESIAN_POINT('',(70.,-23.5,-5.435466891394E-15));
#9584=CARTESIAN_POINT('',(69.,-22.5,55.));
#9585=CARTESIAN_POINT('',(69.,37.5,40.));
#9586=CARTESIAN_POINT('',(69.,37.5,40.));
#9587=CARTESIAN_POINT('',(70.,38.5,40.));
#9588=CARTESIAN_POINT('',(70.,38.5,7.63278329429796E-15));
#9589=CARTESIAN_POINT('',(69.,37.5,70.));
#9590=CARTESIAN_POINT('',(69.,37.5,70.));
#9591=CARTESIAN_POINT('',(70.,-27.5,56.));
#9592=CARTESIAN_POINT('',(70.,-27.5,56.));
#9593=CARTESIAN_POINT('',(69.,-27.5,55.));
#9594=CARTESIAN_POINT('',(69.,-27.5,60.));
#9595=CARTESIAN_POINT('',(70.,-27.5,60.));
#9596=CARTESIAN_POINT('',(70.,-27.5,60.));
#9597=CARTESIAN_POINT('',(69.,32.5,35.));
#9598=CARTESIAN_POINT('',(69.,32.5,35.));
#9599=CARTESIAN_POINT('',(70.,32.5,34.));
#9600=CARTESIAN_POINT('',(70.,32.5,40.));
#9601=CARTESIAN_POINT('',(69.,32.5,40.));
#9602=CARTESIAN_POINT('',(70.,32.5,40.));
#9603=CARTESIAN_POINT('',(70.,-32.5,56.0000000000001));
#9604=CARTESIAN_POINT('',(70.,-32.5,56.0000000000001));
#9605=CARTESIAN_POINT('',(69.,-32.5,55.));
#9606=CARTESIAN_POINT('',(69.,-37.5,55.));
#9607=CARTESIAN_POINT('',(70.,8.83131951406375E-15,56.));
#9608=CARTESIAN_POINT('',(69.,-37.5,55.));
#9609=CARTESIAN_POINT('',(69.,27.5,35.));
#9610=CARTESIAN_POINT('',(69.,27.5,35.));
#9611=CARTESIAN_POINT('',(70.,27.5,34.));
#9612=CARTESIAN_POINT('',(70.,8.83131951406375E-15,34.));
#9613=CARTESIAN_POINT('',(69.,22.5,35.));
#9614=CARTESIAN_POINT('',(69.,22.5,35.));
#9615=CARTESIAN_POINT('',(70.,-38.5,50.));
#9616=CARTESIAN_POINT('',(70.,-38.5,50.));
#9617=CARTESIAN_POINT('',(69.,-37.5,50.));
#9618=CARTESIAN_POINT('',(69.,-32.5,50.));
#9619=CARTESIAN_POINT('',(70.,-32.5,50.));
#9620=CARTESIAN_POINT('',(70.,-32.5,50.));
#9621=CARTESIAN_POINT('',(69.,22.5,30.));
#9622=CARTESIAN_POINT('',(69.,22.5,30.));
#9623=CARTESIAN_POINT('',(70.,23.5,30.));
#9624=CARTESIAN_POINT('',(70.,27.5,30.));
#9625=CARTESIAN_POINT('',(69.,27.5,30.));
#9626=CARTESIAN_POINT('',(70.,27.5,30.));
#9627=CARTESIAN_POINT('',(70.,-38.5,25.));
#9628=CARTESIAN_POINT('',(70.,-38.5,25.));
#9629=CARTESIAN_POINT('',(69.,-37.5,25.));
#9630=CARTESIAN_POINT('',(69.,-37.5,55.));
#9631=CARTESIAN_POINT('',(70.,-38.5,0.));
#9632=CARTESIAN_POINT('',(69.,-37.5,55.));
#9633=CARTESIAN_POINT('',(69.,22.5,25.));
#9634=CARTESIAN_POINT('',(69.,22.5,25.));
#9635=CARTESIAN_POINT('',(70.,23.5,25.));
#9636=CARTESIAN_POINT('',(70.,23.5,5.435466891394E-15));
#9637=CARTESIAN_POINT('',(69.,22.5,20.));
#9638=CARTESIAN_POINT('',(69.,22.5,20.));
#9639=CARTESIAN_POINT('',(70.,-32.5,19.));
#9640=CARTESIAN_POINT('',(70.,-32.5,19.));
#9641=CARTESIAN_POINT('',(69.,-32.5,20.));
#9642=CARTESIAN_POINT('',(69.,-32.5,25.));
#9643=CARTESIAN_POINT('',(70.,-32.5,25.));
#9644=CARTESIAN_POINT('',(70.,-32.5,25.));
#9645=CARTESIAN_POINT('',(69.,17.5,20.));
#9646=CARTESIAN_POINT('',(69.,17.5,20.));
#9647=CARTESIAN_POINT('',(70.,17.5,19.));
#9648=CARTESIAN_POINT('',(70.,17.5,25.));
#9649=CARTESIAN_POINT('',(69.,17.5,25.));
#9650=CARTESIAN_POINT('',(70.,17.5,25.));
#9651=CARTESIAN_POINT('',(70.,9.92997771551572E-15,19.));
#9652=CARTESIAN_POINT('',(69.,-37.5,20.));
#9653=CARTESIAN_POINT('',(69.,-37.5,20.));
#9654=CARTESIAN_POINT('',(22.5,-16.5,74.));
#9655=CARTESIAN_POINT('',(22.5,-16.5,74.));
#9656=CARTESIAN_POINT('',(23.5,-16.5,75.));
#9657=CARTESIAN_POINT('',(23.5,-16.5,75.));
#9658=CARTESIAN_POINT('',(23.5,16.5,75.));
#9659=CARTESIAN_POINT('',(23.5,16.5,75.));
#9660=CARTESIAN_POINT('',(22.5,16.5,74.));
#9661=CARTESIAN_POINT('',(22.5,16.5,74.));
#9662=CARTESIAN_POINT('',(22.5,-22.5,74.));
#9663=CARTESIAN_POINT('',(16.5,23.5,75.));
#9664=CARTESIAN_POINT('',(16.5,23.5,75.));
#9665=CARTESIAN_POINT('',(16.5,22.5,74.));
#9666=CARTESIAN_POINT('',(16.5,16.5,74.));
#9667=CARTESIAN_POINT('',(16.5,16.5,75.));
#9668=CARTESIAN_POINT('',(16.5,16.5,75.));
#9669=CARTESIAN_POINT('',(16.5,-22.5,74.));
#9670=CARTESIAN_POINT('',(16.5,-22.5,74.));
#9671=CARTESIAN_POINT('',(16.5,-23.5,75.));
#9672=CARTESIAN_POINT('',(16.5,-16.5,75.));
#9673=CARTESIAN_POINT('',(16.5,-16.5,74.));
#9674=CARTESIAN_POINT('',(16.5,-16.5,75.));
#9675=CARTESIAN_POINT('',(-16.5,23.5,75.));
#9676=CARTESIAN_POINT('',(-16.5,23.5,75.));
#9677=CARTESIAN_POINT('',(-16.5,22.5,74.));
#9678=CARTESIAN_POINT('',(-16.5,22.5,74.));
#9679=CARTESIAN_POINT('',(16.5,23.5,75.));
#9680=CARTESIAN_POINT('',(22.5,22.5,74.));
#9681=CARTESIAN_POINT('',(-16.5,-22.5,74.));
#9682=CARTESIAN_POINT('',(-16.5,-22.5,74.));
#9683=CARTESIAN_POINT('',(-16.5,-23.5,75.));
#9684=CARTESIAN_POINT('',(-16.5,-23.5,75.));
#9685=CARTESIAN_POINT('',(16.5,-22.5,74.));
#9686=CARTESIAN_POINT('',(22.5,-22.5,74.));
#9687=CARTESIAN_POINT('',(-23.5,16.5,75.));
#9688=CARTESIAN_POINT('',(-23.5,16.5,75.));
#9689=CARTESIAN_POINT('',(-22.5,16.5,74.));
#9690=CARTESIAN_POINT('',(-16.5,16.5,74.));
#9691=CARTESIAN_POINT('',(-16.5,16.5,75.));
#9692=CARTESIAN_POINT('',(-16.5,16.5,75.));
#9693=CARTESIAN_POINT('',(-22.5,-16.5,74.));
#9694=CARTESIAN_POINT('',(-22.5,-16.5,74.));
#9695=CARTESIAN_POINT('',(-23.5,-16.5,75.));
#9696=CARTESIAN_POINT('',(-16.5,-16.5,75.));
#9697=CARTESIAN_POINT('',(-16.5,-16.5,74.));
#9698=CARTESIAN_POINT('',(-16.5,-16.5,75.));
#9699=CARTESIAN_POINT('',(-23.5,16.5,75.));
#9700=CARTESIAN_POINT('',(-22.5,-16.5,74.));
#9701=CARTESIAN_POINT('',(-22.5,-22.5,74.));
#9702=CARTESIAN_POINT('',(6.,-2.,68.));
#9703=CARTESIAN_POINT('',(6.,-2.,68.));
#9704=CARTESIAN_POINT('',(6.,-3.,67.));
#9705=CARTESIAN_POINT('',(6.,-3.,67.));
#9706=CARTESIAN_POINT('',(12.,-3.,67.));
#9707=CARTESIAN_POINT('',(12.,-3.,67.));
#9708=CARTESIAN_POINT('',(12.,-2.,68.));
#9709=CARTESIAN_POINT('',(12.,-2.,68.));
#9710=CARTESIAN_POINT('',(2.16840434497101E-16,-2.,68.));
#9711=CARTESIAN_POINT('',(15.,0.,67.));
#9712=CARTESIAN_POINT('',(15.,0.,67.));
#9713=CARTESIAN_POINT('',(14.,-1.44560289664734E-16,68.));
#9714=CARTESIAN_POINT('',(12.,-4.33680868994202E-16,68.));
#9715=CARTESIAN_POINT('',(12.,-4.33680868994202E-16,67.));
#9716=CARTESIAN_POINT('',(12.,-4.33680868994202E-16,68.));
#9717=CARTESIAN_POINT('',(2.,-6.,68.));
#9718=CARTESIAN_POINT('',(2.,-6.,68.));
#9719=CARTESIAN_POINT('',(3.,-6.,67.));
#9720=CARTESIAN_POINT('',(6.,-6.,67.));
#9721=CARTESIAN_POINT('',(6.,-6.,68.));
#9722=CARTESIAN_POINT('',(6.,-6.,68.));
#9723=CARTESIAN_POINT('',(12.,3.,67.));
#9724=CARTESIAN_POINT('',(12.,3.,67.));
#9725=CARTESIAN_POINT('',(12.,2.,68.));
#9726=CARTESIAN_POINT('',(12.,2.16840434497101E-16,68.));
#9727=CARTESIAN_POINT('',(12.,2.16840434497101E-16,67.));
#9728=CARTESIAN_POINT('',(12.,2.16840434497101E-16,68.));
#9729=CARTESIAN_POINT('',(2.,-12.,68.));
#9730=CARTESIAN_POINT('',(2.,-12.,68.));
#9731=CARTESIAN_POINT('',(3.,-12.,67.));
#9732=CARTESIAN_POINT('',(3.,-12.,67.));
#9733=CARTESIAN_POINT('',(2.,-6.,68.));
#9734=CARTESIAN_POINT('',(2.,3.61400724161835E-16,68.));
#9735=CARTESIAN_POINT('',(6.,3.,67.));
#9736=CARTESIAN_POINT('',(6.,3.,67.));
#9737=CARTESIAN_POINT('',(6.,2.,68.));
#9738=CARTESIAN_POINT('',(6.,2.,68.));
#9739=CARTESIAN_POINT('',(12.,3.,67.));
#9740=CARTESIAN_POINT('',(1.44560289664734E-16,2.,68.));
#9741=CARTESIAN_POINT('',(4.30066861752583E-15,-14.,68.));
#9742=CARTESIAN_POINT('',(4.30066861752583E-15,-14.,68.));
#9743=CARTESIAN_POINT('',(4.33680868994202E-15,-15.,67.));
#9744=CARTESIAN_POINT('',(4.22838847269347E-15,-12.,67.));
#9745=CARTESIAN_POINT('',(4.22838847269347E-15,-12.,68.));
#9746=CARTESIAN_POINT('',(4.22838847269347E-15,-12.,68.));
#9747=CARTESIAN_POINT('',(3.,6.,67.));
#9748=CARTESIAN_POINT('',(3.,6.,67.));
#9749=CARTESIAN_POINT('',(2.,6.,68.));
#9750=CARTESIAN_POINT('',(6.,6.,68.));
#9751=CARTESIAN_POINT('',(6.,6.,67.));
#9752=CARTESIAN_POINT('',(6.,6.,68.));
#9753=CARTESIAN_POINT('',(-1.99999999999999,-12.,68.));
#9754=CARTESIAN_POINT('',(-1.99999999999999,-12.,68.));
#9755=CARTESIAN_POINT('',(-3.,-12.,67.));
#9756=CARTESIAN_POINT('',(4.33680868994202E-15,-12.,67.));
#9757=CARTESIAN_POINT('',(4.33680868994202E-15,-12.,68.));
#9758=CARTESIAN_POINT('',(4.33680868994202E-15,-12.,68.));
#9759=CARTESIAN_POINT('',(3.,12.,67.));
#9760=CARTESIAN_POINT('',(3.,12.,67.));
#9761=CARTESIAN_POINT('',(2.,12.,68.));
#9762=CARTESIAN_POINT('',(2.,12.,68.));
#9763=CARTESIAN_POINT('',(3.,6.,67.));
#9764=CARTESIAN_POINT('',(2.,3.61400724161835E-16,68.));
#9765=CARTESIAN_POINT('',(-2.,-6.,68.));
#9766=CARTESIAN_POINT('',(-2.,-6.,68.));
#9767=CARTESIAN_POINT('',(-3.,-6.,67.));
#9768=CARTESIAN_POINT('',(-3.,-6.,67.));
#9769=CARTESIAN_POINT('',(-1.99999999999999,-12.,68.));
#9770=CARTESIAN_POINT('',(-2.,-2.89120579329467E-16,68.));
#9771=CARTESIAN_POINT('',(1.30104260698261E-15,15.,67.));
#9772=CARTESIAN_POINT('',(1.30104260698261E-15,15.,67.));
#9773=CARTESIAN_POINT('',(1.15648231731787E-15,14.,68.));
#9774=CARTESIAN_POINT('',(8.67361737988404E-16,12.,68.));
#9775=CARTESIAN_POINT('',(8.67361737988404E-16,12.,67.));
#9776=CARTESIAN_POINT('',(8.67361737988404E-16,12.,68.));
#9777=CARTESIAN_POINT('',(-6.,-2.,68.));
#9778=CARTESIAN_POINT('',(-6.,-2.,68.));
#9779=CARTESIAN_POINT('',(-6.,-3.,67.));
#9780=CARTESIAN_POINT('',(-6.,-6.,67.));
#9781=CARTESIAN_POINT('',(-6.,-6.,68.));
#9782=CARTESIAN_POINT('',(-6.,-6.,68.));
#9783=CARTESIAN_POINT('',(-3.,12.,67.));
#9784=CARTESIAN_POINT('',(-3.,12.,67.));
#9785=CARTESIAN_POINT('',(-2.,12.,68.));
#9786=CARTESIAN_POINT('',(1.19262238973405E-15,12.,68.));
#9787=CARTESIAN_POINT('',(1.19262238973405E-15,12.,67.));
#9788=CARTESIAN_POINT('',(1.19262238973405E-15,12.,68.));
#9789=CARTESIAN_POINT('',(-12.,-2.,68.));
#9790=CARTESIAN_POINT('',(-12.,-2.,68.));
#9791=CARTESIAN_POINT('',(-12.,-3.,67.));
#9792=CARTESIAN_POINT('',(-12.,-3.,67.));
#9793=CARTESIAN_POINT('',(-6.,-2.,68.));
#9794=CARTESIAN_POINT('',(3.61400724161834E-16,-2.,68.));
#9795=CARTESIAN_POINT('',(-3.,6.,67.));
#9796=CARTESIAN_POINT('',(-3.,6.,67.));
#9797=CARTESIAN_POINT('',(-2.,6.,68.));
#9798=CARTESIAN_POINT('',(-2.,6.,68.));
#9799=CARTESIAN_POINT('',(-3.,12.,67.));
#9800=CARTESIAN_POINT('',(-2.,7.22801448323669E-17,68.));
#9801=CARTESIAN_POINT('',(-14.,3.2526065174565E-16,68.));
#9802=CARTESIAN_POINT('',(-14.,3.2526065174565E-16,68.));
#9803=CARTESIAN_POINT('',(-15.,8.67361737988404E-16,67.));
#9804=CARTESIAN_POINT('',(-12.,-7.58941520739854E-16,67.));
#9805=CARTESIAN_POINT('',(-12.,-7.58941520739854E-16,68.));
#9806=CARTESIAN_POINT('',(-12.,-7.58941520739854E-16,68.));
#9807=CARTESIAN_POINT('',(-6.,3.,67.));
#9808=CARTESIAN_POINT('',(-6.,3.,67.));
#9809=CARTESIAN_POINT('',(-6.,2.,68.));
#9810=CARTESIAN_POINT('',(-6.,6.,68.));
#9811=CARTESIAN_POINT('',(-6.,6.,67.));
#9812=CARTESIAN_POINT('',(-6.,6.,68.));
#9813=CARTESIAN_POINT('',(-12.,2.,68.));
#9814=CARTESIAN_POINT('',(-12.,2.,68.));
#9815=CARTESIAN_POINT('',(-12.,3.,67.));
#9816=CARTESIAN_POINT('',(-12.,8.67361737988404E-16,67.));
#9817=CARTESIAN_POINT('',(-12.,8.67361737988404E-16,68.));
#9818=CARTESIAN_POINT('',(-12.,8.67361737988404E-16,68.));
#9819=CARTESIAN_POINT('',(-6.,3.,67.));
#9820=CARTESIAN_POINT('',(-12.,2.,68.));
#9821=CARTESIAN_POINT('',(3.61400724161834E-16,2.,68.));
#9822=CARTESIAN_POINT('',(35.,65.,94.));
#9823=CARTESIAN_POINT('',(35.,65.,94.));
#9824=CARTESIAN_POINT('',(35.,64.,95.));
#9825=CARTESIAN_POINT('',(35.,64.,95.));
#9826=CARTESIAN_POINT('',(51.1533140038317,64.,95.));
#9827=CARTESIAN_POINT('',(52.8853648114005,65.,94.));
#9828=CARTESIAN_POINT('',(52.5193394076161,64.3660254037845,94.6339745962156));
#9829=CARTESIAN_POINT('',(51.8853648114005,64.,95.));
#9830=CARTESIAN_POINT('',(51.1533140038317,64.,95.));
#9831=CARTESIAN_POINT('',(52.8853648114005,65.,94.));
#9832=CARTESIAN_POINT('',(51.1533140038317,65.,94.));
#9833=CARTESIAN_POINT('',(-67.,65.,94.));
#9834=CARTESIAN_POINT('',(25.9999999999999,65.,85.));
#9835=CARTESIAN_POINT('',(25.9999999999999,65.,85.));
#9836=CARTESIAN_POINT('',(25.,64.,85.));
#9837=CARTESIAN_POINT('',(35.,64.,85.));
#9838=CARTESIAN_POINT('',(35.,65.,85.));
#9839=CARTESIAN_POINT('',(35.,65.,85.));
#9840=CARTESIAN_POINT('',(35.,65.,76.));
#9841=CARTESIAN_POINT('',(35.,65.,75.9999999999999));
#9842=CARTESIAN_POINT('',(35.,64.,75.));
#9843=CARTESIAN_POINT('',(35.,64.,85.));
#9844=CARTESIAN_POINT('',(35.,65.,85.));
#9845=CARTESIAN_POINT('',(35.,65.,85.));
#9846=CARTESIAN_POINT('',(46.,65.,65.));
#9847=CARTESIAN_POINT('',(46.,65.,65.));
#9848=CARTESIAN_POINT('',(45.,64.,65.));
#9849=CARTESIAN_POINT('',(35.,64.,65.));
#9850=CARTESIAN_POINT('',(35.,65.,65.));
#9851=CARTESIAN_POINT('',(35.,65.,65.));
#9852=CARTESIAN_POINT('',(46.,65.,29.7392803098594));
#9853=CARTESIAN_POINT('',(46.,65.,29.7392803098594));
#9854=CARTESIAN_POINT('',(45.,64.,29.7392803098594));
#9855=CARTESIAN_POINT('',(45.,64.,29.7392803098594));
#9856=CARTESIAN_POINT('',(46.,65.,65.));
#9857=CARTESIAN_POINT('',(45.,64.,75.));
#9858=CARTESIAN_POINT('',(35.,65.,18.7392803098595));
#9859=CARTESIAN_POINT('',(35.,65.,18.7392803098595));
#9860=CARTESIAN_POINT('',(35.,64.,19.7392803098594));
#9861=CARTESIAN_POINT('',(35.,64.,29.7392803098594));
#9862=CARTESIAN_POINT('',(35.,65.,29.7392803098594));
#9863=CARTESIAN_POINT('',(35.,65.,29.7392803098594));
#9864=CARTESIAN_POINT('',(-35.,65.,18.7392803098595));
#9865=CARTESIAN_POINT('',(-35.,65.,18.7392803098595));
#9866=CARTESIAN_POINT('',(-35.,64.,19.7392803098594));
#9867=CARTESIAN_POINT('',(-35.,64.,19.7392803098594));
#9868=CARTESIAN_POINT('',(35.,65.,18.7392803098595));
#9869=CARTESIAN_POINT('',(45.,64.,19.7392803098594));
#9870=CARTESIAN_POINT('',(-45.9999999999999,65.,29.7392803098594));
#9871=CARTESIAN_POINT('',(-46.,65.,29.7392803098594));
#9872=CARTESIAN_POINT('',(-45.,64.,29.7392803098594));
#9873=CARTESIAN_POINT('',(-35.,64.,29.7392803098594));
#9874=CARTESIAN_POINT('',(-35.,65.,29.7392803098594));
#9875=CARTESIAN_POINT('',(-35.,65.,29.7392803098594));
#9876=CARTESIAN_POINT('',(-46.,65.,65.));
#9877=CARTESIAN_POINT('',(-45.9999999999999,65.,65.));
#9878=CARTESIAN_POINT('',(-45.,64.,65.));
#9879=CARTESIAN_POINT('',(-45.,64.,65.));
#9880=CARTESIAN_POINT('',(-45.9999999999999,65.,29.7392803098594));
#9881=CARTESIAN_POINT('',(-45.,64.,19.7392803098594));
#9882=CARTESIAN_POINT('',(-35.,65.,76.));
#9883=CARTESIAN_POINT('',(-35.,65.,76.));
#9884=CARTESIAN_POINT('',(-35.,64.,75.));
#9885=CARTESIAN_POINT('',(-35.,64.,65.));
#9886=CARTESIAN_POINT('',(-35.,65.,65.));
#9887=CARTESIAN_POINT('',(-35.,65.,65.));
#9888=CARTESIAN_POINT('',(-26.,65.,85.));
#9889=CARTESIAN_POINT('',(-26.,65.,85.));
#9890=CARTESIAN_POINT('',(-25.,64.,85.));
#9891=CARTESIAN_POINT('',(-35.,64.,85.));
#9892=CARTESIAN_POINT('',(-35.,65.,85.));
#9893=CARTESIAN_POINT('',(-35.,65.,85.));
#9894=CARTESIAN_POINT('',(-35.,65.,94.));
#9895=CARTESIAN_POINT('',(-35.,65.,94.));
#9896=CARTESIAN_POINT('',(-35.,64.,95.));
#9897=CARTESIAN_POINT('',(-35.,64.,85.));
#9898=CARTESIAN_POINT('',(-35.,65.,85.));
#9899=CARTESIAN_POINT('',(-35.,65.,85.));
#9900=CARTESIAN_POINT('',(-51.1533140038317,64.,95.));
#9901=CARTESIAN_POINT('',(-51.8853648114005,64.,95.));
#9902=CARTESIAN_POINT('',(-52.5193394076161,64.3660254037845,94.6339745962156));
#9903=CARTESIAN_POINT('',(-52.8853648114005,65.,94.));
#9904=CARTESIAN_POINT('',(-51.1533140038317,64.,95.));
#9905=CARTESIAN_POINT('',(-52.8853648114005,65.,94.));
#9906=CARTESIAN_POINT('',(-51.1533140038316,64.,95.));
#9907=CARTESIAN_POINT('',(-35.,65.,94.));
#9908=CARTESIAN_POINT('',(-67.,65.,94.));
#9909=CARTESIAN_POINT('',(-63.,37.1891833059522,53.5510775923519));
#9910=CARTESIAN_POINT('',(-63.1743114854953,37.1891833059522,55.5434669885354));
#9911=CARTESIAN_POINT('',(-65.,37.1891833059522,53.5510775923519));
#9912=CARTESIAN_POINT('',(-63.1743114854953,37.1891833059522,48.6960698932757));
#9913=CARTESIAN_POINT('',(-63.1743114854953,44.0365804012119,48.6960698932757));
#9914=CARTESIAN_POINT('',(-63.,42.0441910050285,48.6960698932757));
#9915=CARTESIAN_POINT('',(-65.,42.0441910050285,48.6960698932757));
#9916=CARTESIAN_POINT('',(-65.,37.1891833059522,48.6960698932757));
#9917=CARTESIAN_POINT('',(-63.,37.1891833059522,48.6960698932757));
#9918=CARTESIAN_POINT('',(-63.,42.0441910050285,23.6960698932757));
#9919=CARTESIAN_POINT('',(-63.1743114854953,44.0365804012119,23.6960698932757));
#9920=CARTESIAN_POINT('',(-65.,42.0441910050285,23.6960698932757));
#9921=CARTESIAN_POINT('',(-65.,42.0441910050285,23.6960698932757));
#9922=CARTESIAN_POINT('',(-63.1743114854953,44.0365804012119,48.6960698932757));
#9923=CARTESIAN_POINT('',(-63.,42.0441910050285,23.6960698932757));
#9924=CARTESIAN_POINT('',(-63.,32.3341756068759,23.6960698932757));
#9925=CARTESIAN_POINT('',(-65.,32.3341756068759,23.6960698932757));
#9926=CARTESIAN_POINT('',(-63.1743114854953,30.3417862106924,23.6960698932757));
#9927=CARTESIAN_POINT('',(-63.1743114854953,30.3417862106924,23.6960698932757));
#9928=CARTESIAN_POINT('',(-63.1743114854953,30.3417862106924,48.6960698932757));
#9929=CARTESIAN_POINT('',(-63.,32.3341756068759,48.6960698932757));
#9930=CARTESIAN_POINT('',(-65.,32.3341756068759,48.6960698932757));
#9931=CARTESIAN_POINT('',(-65.,32.3341756068759,48.6960698932757));
#9932=CARTESIAN_POINT('',(-63.,32.3341756068759,23.6960698932757));
#9933=CARTESIAN_POINT('',(-63.1743114854953,37.1891833059522,23.6960698932757));
#9934=CARTESIAN_POINT('',(-65.,37.1891833059522,23.6960698932757));
#9935=CARTESIAN_POINT('',(-63.,37.1891833059522,23.6960698932757));
#9936=CARTESIAN_POINT('',(-63.,-27.1891833059522,53.551077592352));
#9937=CARTESIAN_POINT('',(-63.1743114854953,-27.1891833059522,55.5434669885355));
#9938=CARTESIAN_POINT('',(-65.,-27.1891833059522,53.551077592352));
#9939=CARTESIAN_POINT('',(-63.1743114854953,-27.1891833059522,48.6960698932757));
#9940=CARTESIAN_POINT('',(-63.1743114854953,-20.3417862106924,48.6960698932757));
#9941=CARTESIAN_POINT('',(-63.,-22.3341756068759,48.6960698932757));
#9942=CARTESIAN_POINT('',(-65.,-22.3341756068759,48.6960698932757));
#9943=CARTESIAN_POINT('',(-65.,-27.1891833059522,48.6960698932757));
#9944=CARTESIAN_POINT('',(-63.,-27.1891833059522,48.6960698932757));
#9945=CARTESIAN_POINT('',(-63.,-22.3341756068759,23.6960698932757));
#9946=CARTESIAN_POINT('',(-63.1743114854953,-20.3417862106924,23.6960698932757));
#9947=CARTESIAN_POINT('',(-65.,-22.3341756068759,23.6960698932757));
#9948=CARTESIAN_POINT('',(-65.,-22.3341756068759,23.6960698932757));
#9949=CARTESIAN_POINT('',(-63.1743114854953,-20.3417862106924,48.6960698932757));
#9950=CARTESIAN_POINT('',(-63.,-22.3341756068759,23.6960698932757));
#9951=CARTESIAN_POINT('',(-63.,-32.0441910050285,23.6960698932757));
#9952=CARTESIAN_POINT('',(-65.,-32.0441910050285,23.6960698932757));
#9953=CARTESIAN_POINT('',(-63.1743114854953,-34.036580401212,23.6960698932757));
#9954=CARTESIAN_POINT('',(-63.1743114854953,-34.036580401212,23.6960698932757));
#9955=CARTESIAN_POINT('',(-63.1743114854953,-34.036580401212,48.6960698932757));
#9956=CARTESIAN_POINT('',(-63.,-32.0441910050285,48.6960698932757));
#9957=CARTESIAN_POINT('',(-65.,-32.0441910050285,48.6960698932757));
#9958=CARTESIAN_POINT('',(-65.,-32.0441910050285,48.6960698932757));
#9959=CARTESIAN_POINT('',(-63.,-32.0441910050285,23.6960698932757));
#9960=CARTESIAN_POINT('',(-63.1743114854953,-27.1891833059522,23.6960698932757));
#9961=CARTESIAN_POINT('',(-65.,-27.1891833059522,23.6960698932757));
#9962=CARTESIAN_POINT('',(-63.,-27.1891833059522,23.6960698932757));
#9963=CARTESIAN_POINT('',(-63.,11.7216212399402,40.0767997255459));
#9964=CARTESIAN_POINT('',(-63.2010232275008,13.4449007432431,41.0717356106668));
#9965=CARTESIAN_POINT('',(-65.,11.7216212399402,40.0767997255459));
#9966=CARTESIAN_POINT('',(-63.1743114854953,13.8473970952598,39.5786571565258));
#9967=CARTESIAN_POINT('',(-63.1921193134989,13.8458391121874,40.1119785440889));
#9968=CARTESIAN_POINT('',(-63.2010232275008,13.6995309983311,40.6307030717102));
#9969=CARTESIAN_POINT('',(-63.2010232275008,13.4449007432431,41.0717356106668));
#9970=CARTESIAN_POINT('',(-63.1743114854953,13.8473970952598,39.5786571565258));
#9971=CARTESIAN_POINT('',(-63.,11.8550076990763,39.5786571565258));
#9972=CARTESIAN_POINT('',(-65.,11.8550076990763,39.5786571565258));
#9973=CARTESIAN_POINT('',(-65.,11.7216212399402,40.0767997255459));
#9974=CARTESIAN_POINT('',(-65.,11.8095208602531,39.924553117198));
#9975=CARTESIAN_POINT('',(-65.,11.8550076990763,39.7546788219003));
#9976=CARTESIAN_POINT('',(-65.,11.8550076990763,39.5786571565258));
#9977=CARTESIAN_POINT('',(-63.2010232275008,13.4449007432431,41.0717356106668));
#9978=CARTESIAN_POINT('',(-65.,13.287510669703,40.9808664093406));
#9979=CARTESIAN_POINT('',(-65.,11.7216212399402,40.0767997255459));
#9980=CARTESIAN_POINT('',(-63.201023227503,13.7060185917965,40.6194662302088));
#9981=CARTESIAN_POINT('',(-64.9999999999951,13.5325543112525,40.556438371958));
#9982=CARTESIAN_POINT('',(-65.,11.8086611125354,39.9260422438394));
#9983=CARTESIAN_POINT('',(-63.191741829942,13.8458721377193,40.1006734003397));
#9984=CARTESIAN_POINT('',(-65.,13.6716482716133,40.0705726786247));
#9985=CARTESIAN_POINT('',(-65.,11.8550076990332,39.7529578628336));
#9986=CARTESIAN_POINT('',(-63.1743114854953,13.8473970952598,39.5786571565258));
#9987=CARTESIAN_POINT('',(-65.,13.6876700471111,39.5786571565258));
#9988=CARTESIAN_POINT('',(-65.,11.8550076990763,39.5786571565258));
#9989=CARTESIAN_POINT('',(-63.,11.8550076990763,32.8134826300256));
#9990=CARTESIAN_POINT('',(-63.1743114854953,13.8473970952598,32.8134826300256));
#9991=CARTESIAN_POINT('',(-65.,11.8550076990763,32.8134826300256));
#9992=CARTESIAN_POINT('',(-65.,11.8550076990763,32.905701084271));
#9993=CARTESIAN_POINT('',(-63.1743114854953,13.8473970952598,39.4864387022803));
#9994=CARTESIAN_POINT('',(-63.,11.8550076990763,1.78099511344637E-15));
#9995=CARTESIAN_POINT('',(-63.,5.49809734904585,43.8239743354387));
#9996=CARTESIAN_POINT('',(-65.,5.49809734904585,43.8239743354387));
#9997=CARTESIAN_POINT('',(-63.1743114854953,6.49429204713759,45.5494341667643));
#9998=CARTESIAN_POINT('',(-63.1743114854953,6.57415557121191,45.5033249396416));
#9999=CARTESIAN_POINT('',(-63.1743114854953,12.3531050481221,42.1668469035142));
#10000=CARTESIAN_POINT('',(-63.,11.3569103500304,40.4413870721886));
#10001=CARTESIAN_POINT('',(-65.,11.3569103500304,40.4413870721886));
#10002=CARTESIAN_POINT('',(-65.,11.2770468259561,40.4874962993113));
#10003=CARTESIAN_POINT('',(-63.,20.350861871905,35.2487267399558));
#10004=CARTESIAN_POINT('',(-63.,11.7216212399402,32.3153400610055));
#10005=CARTESIAN_POINT('',(-63.2010232275008,13.4449007432431,31.3204041758846));
#10006=CARTESIAN_POINT('',(-65.,11.7216212399402,32.3153400610055));
#10007=CARTESIAN_POINT('',(-63.1743114854953,12.3531050481221,30.2252928830371));
#10008=CARTESIAN_POINT('',(-63.1921193134989,12.8141959265972,30.493302829738));
#10009=CARTESIAN_POINT('',(-63.2010232275008,13.1902704881552,30.879371636928));
#10010=CARTESIAN_POINT('',(-63.2010232275008,13.4449007432431,31.3204041758846));
#10011=CARTESIAN_POINT('',(-63.1743114854953,12.3531050481221,30.2252928830371));
#10012=CARTESIAN_POINT('',(-63.,11.3569103500304,31.9507527143627));
#10013=CARTESIAN_POINT('',(-65.,11.3569103500304,31.9507527143627));
#10014=CARTESIAN_POINT('',(-65.,11.7216212399402,32.3153400610055));
#10015=CARTESIAN_POINT('',(-65.,11.6337216196274,32.1630934526576));
#10016=CARTESIAN_POINT('',(-65.,11.5093495838612,32.03876354705));
#10017=CARTESIAN_POINT('',(-65.,11.3569103500304,31.9507527143627));
#10018=CARTESIAN_POINT('',(-63.2010232275008,13.4449007432431,31.3204041758846));
#10019=CARTESIAN_POINT('',(-65.,13.287510669703,31.4112733772108));
#10020=CARTESIAN_POINT('',(-65.,11.7216212399402,32.3153400610055));
#10021=CARTESIAN_POINT('',(-63.2010232275031,13.1837828946893,30.8681347954268));
#10022=CARTESIAN_POINT('',(-65.,13.0424670280256,30.9868453399013));
#10023=CARTESIAN_POINT('',(-65.,11.6345813672687,32.1645825793424));
#10024=CARTESIAN_POINT('',(-63.1917418299421,12.8044218976829,30.4876216569138));
#10025=CARTESIAN_POINT('',(-65.,12.6912419749523,30.6234535900505));
#10026=CARTESIAN_POINT('',(-65.,11.5078591895692,32.0379030675546));
#10027=CARTESIAN_POINT('',(-63.1743114854953,12.3531050481221,30.2252928830371));
#10028=CARTESIAN_POINT('',(-65.,12.2732415240478,30.3636205644053));
#10029=CARTESIAN_POINT('',(-65.,11.3569103500304,31.9507527143627));
#10030=CARTESIAN_POINT('',(-63.,4.99999999999997,43.9575295578161));
#10031=CARTESIAN_POINT('',(-63.2010232275008,4.99999999999997,45.9474013280579));
#10032=CARTESIAN_POINT('',(-65.,4.99999999999998,43.9575295578161));
#10033=CARTESIAN_POINT('',(-63.1743114854953,6.49429204713759,45.5494341667643));
#10034=CARTESIAN_POINT('',(-63.1921193134989,6.03164318559022,45.8147456076266));
#10035=CARTESIAN_POINT('',(-63.2010232275008,5.50926051017592,45.9474013280579));
#10036=CARTESIAN_POINT('',(-63.2010232275008,4.99999999999997,45.9474013280579));
#10037=CARTESIAN_POINT('',(-65.,4.99999999999998,43.9575295578161));
#10038=CARTESIAN_POINT('',(-65.,5.17579924062565,43.9575295578161));
#10039=CARTESIAN_POINT('',(-65.,5.34565811521507,43.911985168126));
#10040=CARTESIAN_POINT('',(-65.,5.49809734904585,43.8239743354387));
#10041=CARTESIAN_POINT('',(-63.2010232275008,4.99999999999998,45.9474013280579));
#10042=CARTESIAN_POINT('',(-65.,4.99999999999998,45.7656629254055));
#10043=CARTESIAN_POINT('',(-65.,4.99999999999997,43.9575295578161));
#10044=CARTESIAN_POINT('',(-63.2010232275029,5.52223569710715,45.9474013280577));
#10045=CARTESIAN_POINT('',(-65.,5.49008728322442,45.7656629253331));
#10046=CARTESIAN_POINT('',(-65.,5.17407974526572,43.9575295577732));
#10047=CARTESIAN_POINT('',(-63.191741829942,6.04145024003638,45.8091216367016));
#10048=CARTESIAN_POINT('',(-64.9999999999964,5.98040629666347,45.643188981852));
#10049=CARTESIAN_POINT('',(-65.,5.34714850946449,43.911124688555));
#10050=CARTESIAN_POINT('',(-63.1743114854953,6.49429204713759,45.5494341667643));
#10051=CARTESIAN_POINT('',(-65.,6.41442852306327,45.4111064853961));
#10052=CARTESIAN_POINT('',(-65.,5.49809734904585,43.8239743354387));
#10053=CARTESIAN_POINT('',(-63.,5.49809734904586,28.5681654511126));
#10054=CARTESIAN_POINT('',(-63.1743114854953,6.4942920471376,26.842705619787));
#10055=CARTESIAN_POINT('',(-65.,5.49809734904586,28.5681654511126));
#10056=CARTESIAN_POINT('',(-65.,5.57796087312018,28.6142746782354));
#10057=CARTESIAN_POINT('',(-63.1743114854953,12.2732415240478,30.1791836559144));
#10058=CARTESIAN_POINT('',(-63.,-10.9958541728288,19.0453780999577));
#10059=CARTESIAN_POINT('',(-63.,-1.35691035003044,40.4413870721886));
#10060=CARTESIAN_POINT('',(-65.,-1.35691035003044,40.4413870721886));
#10061=CARTESIAN_POINT('',(-63.1743114854953,-2.35310504812219,42.1668469035142));
#10062=CARTESIAN_POINT('',(-63.1743114854953,-2.27324152404787,42.212956130637));
#10063=CARTESIAN_POINT('',(-63.1743114854953,3.50570795286235,45.5494341667643));
#10064=CARTESIAN_POINT('',(-63.,4.5019026509541,43.8239743354387));
#10065=CARTESIAN_POINT('',(-65.,4.5019026509541,43.8239743354387));
#10066=CARTESIAN_POINT('',(-65.,4.42203912687978,43.777865108316));
#10067=CARTESIAN_POINT('',(-63.,-17.8508618719051,30.9185997210336));
#10068=CARTESIAN_POINT('',(-63.,4.99999999999998,28.4346102287353));
#10069=CARTESIAN_POINT('',(-63.2010232275008,4.99999999999998,26.4447384584935));
#10070=CARTESIAN_POINT('',(-65.,4.99999999999999,28.4346102287353));
#10071=CARTESIAN_POINT('',(-63.1743114854953,3.50570795286237,26.842705619787));
#10072=CARTESIAN_POINT('',(-63.1921193134989,3.96835681440973,26.5773941789248));
#10073=CARTESIAN_POINT('',(-63.2010232275008,4.49073948982403,26.4447384584935));
#10074=CARTESIAN_POINT('',(-63.2010232275008,4.99999999999998,26.4447384584935));
#10075=CARTESIAN_POINT('',(-63.1743114854953,3.50570795286237,26.842705619787));
#10076=CARTESIAN_POINT('',(-63.,4.50190265095411,28.5681654511126));
#10077=CARTESIAN_POINT('',(-65.,4.50190265095411,28.5681654511126));
#10078=CARTESIAN_POINT('',(-65.,4.99999999999999,28.4346102287353));
#10079=CARTESIAN_POINT('',(-65.,4.82420075937431,28.4346102287353));
#10080=CARTESIAN_POINT('',(-65.,4.65434188478489,28.4801546184254));
#10081=CARTESIAN_POINT('',(-65.,4.50190265095411,28.5681654511126));
#10082=CARTESIAN_POINT('',(-63.2010232275007,4.99999999999999,26.4447384584935));
#10083=CARTESIAN_POINT('',(-65.,4.99999999999999,26.6264768611458));
#10084=CARTESIAN_POINT('',(-65.,4.99999999999998,28.4346102287353));
#10085=CARTESIAN_POINT('',(-63.2010232275067,4.47776430289268,26.4447384584941));
#10086=CARTESIAN_POINT('',(-65.,4.50991271676928,26.6264768612249));
#10087=CARTESIAN_POINT('',(-65.,4.82592025473362,28.4346102287796));
#10088=CARTESIAN_POINT('',(-63.1917418299457,3.95854975996377,26.58301814985));
#10089=CARTESIAN_POINT('',(-65.,4.0195937033448,26.7489508047012));
#10090=CARTESIAN_POINT('',(-65.,4.6528514905363,28.4810150979958));
#10091=CARTESIAN_POINT('',(-63.1743114854953,3.50570795286237,26.842705619787));
#10092=CARTESIAN_POINT('',(-65.,3.58557147693669,26.9810333011552));
#10093=CARTESIAN_POINT('',(-65.,4.50190265095411,28.5681654511126));
#10094=CARTESIAN_POINT('',(-63.,-1.72162123994027,40.0767997255459));
#10095=CARTESIAN_POINT('',(-63.2010232275008,-3.44490074324317,41.0717356106668));
#10096=CARTESIAN_POINT('',(-65.,-1.72162123994027,40.0767997255459));
#10097=CARTESIAN_POINT('',(-63.1743114854953,-2.35310504812219,42.1668469035142));
#10098=CARTESIAN_POINT('',(-63.1921193134989,-2.81419592659724,41.8988369568134));
#10099=CARTESIAN_POINT('',(-63.2010232275008,-3.19027048815521,41.5127681496233));
#10100=CARTESIAN_POINT('',(-63.2010232275008,-3.44490074324317,41.0717356106668));
#10101=CARTESIAN_POINT('',(-65.,-1.72162123994027,40.0767997255459));
#10102=CARTESIAN_POINT('',(-65.,-1.63372161962744,40.2290463338937));
#10103=CARTESIAN_POINT('',(-65.,-1.50934958386122,40.3533762395013));
#10104=CARTESIAN_POINT('',(-65.,-1.35691035003044,40.4413870721886));
#10105=CARTESIAN_POINT('',(-63.2010232275008,-3.44490074324318,41.0717356106667));
#10106=CARTESIAN_POINT('',(-65.,-3.28751066970303,40.9808664093406));
#10107=CARTESIAN_POINT('',(-65.,-1.72162123994028,40.0767997255459));
#10108=CARTESIAN_POINT('',(-63.2010232275079,-3.18378289468893,41.5240049911244));
#10109=CARTESIAN_POINT('',(-65.,-3.04246702802108,41.4052944466484));
#10110=CARTESIAN_POINT('',(-65.,-1.63458136726911,40.2275572072089));
#10111=CARTESIAN_POINT('',(-63.191741829942,-2.80442189768305,41.9045181296375));
#10112=CARTESIAN_POINT('',(-65.,-2.69124197495524,41.768686196501));
#10113=CARTESIAN_POINT('',(-65.,-1.50785918956911,40.3542367189968));
#10114=CARTESIAN_POINT('',(-63.1743114854953,-2.35310504812217,42.1668469035142));
#10115=CARTESIAN_POINT('',(-65.,-2.27324152404785,42.028519222146));
#10116=CARTESIAN_POINT('',(-65.,-1.35691035003044,40.4413870721886));
#10117=CARTESIAN_POINT('',(-63.,-1.35691035003044,31.9507527143627));
#10118=CARTESIAN_POINT('',(-63.1743114854953,-2.35310504812219,30.2252928830371));
#10119=CARTESIAN_POINT('',(-65.,-1.35691035003044,31.9507527143627));
#10120=CARTESIAN_POINT('',(-65.,-1.27704682595613,31.90464348724));
#10121=CARTESIAN_POINT('',(-63.1743114854953,3.42584442878804,26.8888148469097));
#10122=CARTESIAN_POINT('',(-63.,13.4958541728288,23.3755051188799));
#10123=CARTESIAN_POINT('',(-63.,-1.85500769907632,32.8134826300256));
#10124=CARTESIAN_POINT('',(-65.,-1.85500769907632,32.8134826300256));
#10125=CARTESIAN_POINT('',(-63.1743114854953,-3.84739709525981,32.8134826300256));
#10126=CARTESIAN_POINT('',(-63.1743114854953,-3.84739709525981,32.9057010842711));
#10127=CARTESIAN_POINT('',(-63.1743114854953,-3.84739709525981,39.5786571565258));
#10128=CARTESIAN_POINT('',(-63.,-1.85500769907632,39.5786571565258));
#10129=CARTESIAN_POINT('',(-65.,-1.85500769907632,39.5786571565258));
#10130=CARTESIAN_POINT('',(-65.,-1.85500769907632,39.4864387022803));
#10131=CARTESIAN_POINT('',(-63.,-1.85500769907632,1.39340257354609E-16));
#10132=CARTESIAN_POINT('',(-63.,-1.72162123994027,32.3153400610055));
#10133=CARTESIAN_POINT('',(-63.2010232275008,-3.44490074324317,31.3204041758846));
#10134=CARTESIAN_POINT('',(-65.,-1.72162123994027,32.3153400610055));
#10135=CARTESIAN_POINT('',(-63.1743114854953,-3.84739709525981,32.8134826300256));
#10136=CARTESIAN_POINT('',(-63.1921193134989,-3.84583911218747,32.2801612424625));
#10137=CARTESIAN_POINT('',(-63.2010232275008,-3.69953099833114,31.7614367148412));
#10138=CARTESIAN_POINT('',(-63.2010232275008,-3.44490074324317,31.3204041758846));
#10139=CARTESIAN_POINT('',(-65.,-1.72162123994027,32.3153400610055));
#10140=CARTESIAN_POINT('',(-65.,-1.80952086025311,32.4675866693533));
#10141=CARTESIAN_POINT('',(-65.,-1.85500769907632,32.637460964651));
#10142=CARTESIAN_POINT('',(-65.,-1.85500769907632,32.8134826300256));
#10143=CARTESIAN_POINT('',(-63.2010232275008,-3.44490074324317,31.3204041758846));
#10144=CARTESIAN_POINT('',(-65.,-3.28751066970302,31.4112733772107));
#10145=CARTESIAN_POINT('',(-65.,-1.72162123994027,32.3153400610055));
#10146=CARTESIAN_POINT('',(-63.201023227503,-3.70601859179655,31.7726735563426));
#10147=CARTESIAN_POINT('',(-65.,-3.53255431125204,31.8357014145937));
#10148=CARTESIAN_POINT('',(-65.,-1.80866111253573,32.4660975427121));
#10149=CARTESIAN_POINT('',(-63.1917418299409,-3.84587213771946,32.2914663862116));
#10150=CARTESIAN_POINT('',(-65.,-3.67164827161357,32.3215671079264));
#10151=CARTESIAN_POINT('',(-65.,-1.85500769903278,32.6391819237176));
#10152=CARTESIAN_POINT('',(-63.1743114854953,-3.84739709525981,32.8134826300256));
#10153=CARTESIAN_POINT('',(-65.,-3.68767004711116,32.8134826300256));
#10154=CARTESIAN_POINT('',(-65.,-1.85500769907632,32.8134826300256));
#10155=CARTESIAN_POINT('',(-49.9537923685162,4.99999999999998,25.1064607148992));
#10156=CARTESIAN_POINT('',(-50.,4.99999999999998,25.1111287580138));
#10157=CARTESIAN_POINT('',(-63.2010232275008,4.99999999999998,26.4447384584935));
#10158=CARTESIAN_POINT('',(-63.2010232275008,5.50926051017592,26.4447384584935));
#10159=CARTESIAN_POINT('',(-63.1921193134989,6.03164318559022,26.5773941789248));
#10160=CARTESIAN_POINT('',(-63.1743114854953,6.4942920471376,26.842705619787));
#10161=CARTESIAN_POINT('',(-50.4910901015745,6.4942920471376,25.5614059220718));
#10162=CARTESIAN_POINT('',(-50.,6.4942920471376,25.511794425146));
#10163=CARTESIAN_POINT('',(-50.,4.99999999999998,25.1111287580138));
#10164=CARTESIAN_POINT('',(-50.,5.527397721877,25.1111287580138));
#10165=CARTESIAN_POINT('',(-50.,6.03697434564528,25.2477619270842));
#10166=CARTESIAN_POINT('',(-50.,6.4942920471376,25.511794425146));
#10167=CARTESIAN_POINT('',(-49.652257527265,4.99999999999998,28.0912683702619));
#10168=CARTESIAN_POINT('',(-49.913724755508,-3.51325605869839,42.836660401771));
#10169=CARTESIAN_POINT('',(-50.,-3.50570795286241,42.8323025008347));
#10170=CARTESIAN_POINT('',(-63.2010232275008,-3.44490074324317,41.0717356106668));
#10171=CARTESIAN_POINT('',(-63.2010232275008,-3.69953099833114,40.6307030717102));
#10172=CARTESIAN_POINT('',(-63.1921193134989,-3.84583911218747,40.1119785440889));
#10173=CARTESIAN_POINT('',(-63.1743114854953,-3.84739709525981,39.5786571565258));
#10174=CARTESIAN_POINT('',(-50.4910901015745,-4.95703518334246,40.2193070053834));
#10175=CARTESIAN_POINT('',(-50.,-5.00000000000003,40.2441127538463));
#10176=CARTESIAN_POINT('',(-50.,-3.50570795286241,42.8323025008347));
#10177=CARTESIAN_POINT('',(-50.,-4.45348951567608,42.2851005604113));
#10178=CARTESIAN_POINT('',(-50.,-5.00000000000003,41.3385166346932));
#10179=CARTESIAN_POINT('',(-50.,-5.00000000000003,40.2441127538463));
#10180=CARTESIAN_POINT('',(-49.652257527265,-2.01896401156077,40.2484706547826));
#10181=CARTESIAN_POINT('',(-49.913724755508,-5.007548105836,32.1436691317688));
#10182=CARTESIAN_POINT('',(-50.,-5.00000000000003,32.1480270327051));
#10183=CARTESIAN_POINT('',(-63.2010232275008,-3.44490074324317,31.3204041758846));
#10184=CARTESIAN_POINT('',(-63.2010232275008,-3.19027048815519,30.879371636928));
#10185=CARTESIAN_POINT('',(-63.1921193134989,-2.81419592659721,30.4933028297379));
#10186=CARTESIAN_POINT('',(-63.1743114854953,-2.35310504812219,30.2252928830371));
#10187=CARTESIAN_POINT('',(-50.4910901015745,-3.46274313620484,29.5846430341795));
#10188=CARTESIAN_POINT('',(-50.,-3.5057079528624,29.5598372857166));
#10189=CARTESIAN_POINT('',(-50.,-5.00000000000003,32.1480270327051));
#10190=CARTESIAN_POINT('',(-50.,-5.00000000000002,31.0536231518582));
#10191=CARTESIAN_POINT('',(-50.,-4.45348951567608,30.10703922614));
#10192=CARTESIAN_POINT('',(-50.,-3.5057079528624,29.5598372857166));
#10193=CARTESIAN_POINT('',(-49.652257527265,-2.01896401156077,32.1436691317688));
#10194=CARTESIAN_POINT('',(-49.913724755508,13.5132560586983,29.5554793847803));
#10195=CARTESIAN_POINT('',(-50.,13.5057079528624,29.5598372857166));
#10196=CARTESIAN_POINT('',(-63.2010232275008,13.4449007432431,31.3204041758846));
#10197=CARTESIAN_POINT('',(-63.2010232275008,13.6995309983311,31.7614367148412));
#10198=CARTESIAN_POINT('',(-63.1921193134989,13.8458391121874,32.2801612424625));
#10199=CARTESIAN_POINT('',(-63.1743114854953,13.8473970952598,32.8134826300256));
#10200=CARTESIAN_POINT('',(-50.4910901015745,14.9570351833424,32.172832781168));
#10201=CARTESIAN_POINT('',(-50.,15.,32.1480270327051));
#10202=CARTESIAN_POINT('',(-50.,13.5057079528624,29.5598372857166));
#10203=CARTESIAN_POINT('',(-50.,14.453489515676,30.10703922614));
#10204=CARTESIAN_POINT('',(-50.,15.,31.0536231518582));
#10205=CARTESIAN_POINT('',(-50.,15.,32.1480270327051));
#10206=CARTESIAN_POINT('',(-49.652257527265,12.0189640115607,32.1436691317688));
#10207=CARTESIAN_POINT('',(-49.913724755508,15.0075481058359,40.2484706547826));
#10208=CARTESIAN_POINT('',(-50.,15.,40.2441127538463));
#10209=CARTESIAN_POINT('',(-63.2010232275008,13.4449007432431,41.0717356106668));
#10210=CARTESIAN_POINT('',(-63.2010232275008,13.1902704881551,41.5127681496233));
#10211=CARTESIAN_POINT('',(-63.1921193134989,12.8141959265972,41.8988369568134));
#10212=CARTESIAN_POINT('',(-63.1743114854953,12.3531050481221,42.1668469035142));
#10213=CARTESIAN_POINT('',(-50.4910901015745,13.4627431362048,42.8074967523718));
#10214=CARTESIAN_POINT('',(-50.,13.5057079528624,42.8323025008347));
#10215=CARTESIAN_POINT('',(-50.,15.,40.2441127538463));
#10216=CARTESIAN_POINT('',(-50.,15.,41.3385166346932));
#10217=CARTESIAN_POINT('',(-50.,14.453489515676,42.2851005604113));
#10218=CARTESIAN_POINT('',(-50.,13.5057079528624,42.8323025008347));
#10219=CARTESIAN_POINT('',(-49.652257527265,12.0189640115607,40.2484706547826));
#10220=CARTESIAN_POINT('',(-49.913724755508,6.49429204713759,46.8890611632779));
#10221=CARTESIAN_POINT('',(-50.,6.49429204713759,46.8803453614054));
#10222=CARTESIAN_POINT('',(-63.2010232275008,4.99999999999997,45.9474013280579));
#10223=CARTESIAN_POINT('',(-63.2010232275008,4.49073948982406,45.9474013280579));
#10224=CARTESIAN_POINT('',(-63.1921193134989,3.96835681440975,45.8147456076266));
#10225=CARTESIAN_POINT('',(-63.1743114854953,3.50570795286236,45.5494341667643));
#10226=CARTESIAN_POINT('',(-50.4910901015745,3.50570795286235,46.8307338644795));
#10227=CARTESIAN_POINT('',(-50.,3.50570795286235,46.8803453614054));
#10228=CARTESIAN_POINT('',(-50.,6.49429204713759,46.8803453614054));
#10229=CARTESIAN_POINT('',(-50.,5.54651048432392,47.4275473018288));
#10230=CARTESIAN_POINT('',(-50.,4.45348951567603,47.4275473018288));
#10231=CARTESIAN_POINT('',(-50.,3.50570795286235,46.8803453614054));
#10232=CARTESIAN_POINT('',(-49.652257527265,4.99999999999997,44.3008714162894));
#10233=CARTESIAN_POINT('',(-65.,11.3569103500304,40.4413870721886));
#10234=CARTESIAN_POINT('',(-65.,11.5093495838612,40.3533762395013));
#10235=CARTESIAN_POINT('',(-65.,11.6337216196274,40.2290463338937));
#10236=CARTESIAN_POINT('',(-65.,11.7216212399402,40.0767997255459));
#10237=CARTESIAN_POINT('',(-65.,11.8550076990763,32.8134826300256));
#10238=CARTESIAN_POINT('',(-65.,11.8550076990763,32.637460964651));
#10239=CARTESIAN_POINT('',(-65.,11.8095208602531,32.4675866693533));
#10240=CARTESIAN_POINT('',(-65.,11.7216212399402,32.3153400610055));
#10241=CARTESIAN_POINT('',(-65.,5.49809734904586,28.5681654511126));
#10242=CARTESIAN_POINT('',(-65.,5.34565811521508,28.4801546184254));
#10243=CARTESIAN_POINT('',(-65.,5.17579924062566,28.4346102287353));
#10244=CARTESIAN_POINT('',(-65.,4.99999999999999,28.4346102287353));
#10245=CARTESIAN_POINT('',(-65.,-1.35691035003044,31.9507527143627));
#10246=CARTESIAN_POINT('',(-65.,-1.50934958386122,32.03876354705));
#10247=CARTESIAN_POINT('',(-65.,-1.63372161962744,32.1630934526576));
#10248=CARTESIAN_POINT('',(-65.,-1.72162123994027,32.3153400610055));
#10249=CARTESIAN_POINT('',(-65.,-1.85500769907632,39.5786571565258));
#10250=CARTESIAN_POINT('',(-65.,-1.85500769907632,39.7546788219003));
#10251=CARTESIAN_POINT('',(-65.,-1.80952086025311,39.924553117198));
#10252=CARTESIAN_POINT('',(-65.,-1.72162123994027,40.0767997255459));
#10253=CARTESIAN_POINT('',(-65.,4.5019026509541,43.8239743354387));
#10254=CARTESIAN_POINT('',(-65.,4.65434188478488,43.911985168126));
#10255=CARTESIAN_POINT('',(-65.,4.8242007593743,43.9575295578161));
#10256=CARTESIAN_POINT('',(-65.,4.99999999999998,43.9575295578161));
#10257=CARTESIAN_POINT('',(-65.,0.,0.));
#10258=CARTESIAN_POINT('',(-49.913724755508,3.50570795286237,25.5030786232734));
#10259=CARTESIAN_POINT('',(-50.,3.50570795286237,25.511794425146));
#10260=CARTESIAN_POINT('',(-50.,4.99999999999999,24.6490645094832));
#10261=CARTESIAN_POINT('',(-50.,4.99999999999999,24.6490645094832));
#10262=CARTESIAN_POINT('',(-50.,15.,30.4225672013794));
#10263=CARTESIAN_POINT('',(-50.,15.,30.4225672013794));
#10264=CARTESIAN_POINT('',(-50.,15.,41.9695725851719));
#10265=CARTESIAN_POINT('',(-50.,15.,41.9695725851719));
#10266=CARTESIAN_POINT('',(-50.,4.99999999999997,47.7430752770682));
#10267=CARTESIAN_POINT('',(-50.,4.99999999999997,47.7430752770682));
#10268=CARTESIAN_POINT('',(-50.,-5.00000000000003,41.9695725851719));
#10269=CARTESIAN_POINT('',(-50.,-5.00000000000003,41.9695725851719));
#10270=CARTESIAN_POINT('',(-50.,-5.00000000000003,30.4225672013794));
#10271=CARTESIAN_POINT('',(-50.,-5.00000000000003,30.4225672013794));
#10272=CARTESIAN_POINT('',(-65.,-27.1891833059522,48.6960698932757));
#10273=CARTESIAN_POINT('',(-65.,-27.1891833059522,23.6960698932757));
#10274=CARTESIAN_POINT('',(-65.,-27.1891833059522,48.6960698932757));
#10275=CARTESIAN_POINT('',(-65.,-27.1891833059522,23.6960698932757));
#10276=CARTESIAN_POINT('',(-50.,-19.1891833059522,23.6960698932757));
#10277=CARTESIAN_POINT('',(-50.,-19.1891833059522,23.6960698932757));
#10278=CARTESIAN_POINT('',(-50.,-19.1891833059522,48.6960698932757));
#10279=CARTESIAN_POINT('',(-50.,-19.1891833059522,48.6960698932757));
#10280=CARTESIAN_POINT('',(-50.,-19.1891833059522,23.6960698932757));
#10281=CARTESIAN_POINT('',(-50.,-19.1891833059522,23.6960698932757));
#10282=CARTESIAN_POINT('',(-50.,-27.1891833059522,56.6960698932757));
#10283=CARTESIAN_POINT('',(-50.,-27.1891833059522,56.6960698932757));
#10284=CARTESIAN_POINT('',(-63.1743114854953,-27.1891833059522,48.6960698932757));
#10285=CARTESIAN_POINT('',(-50.,-35.1891833059522,48.6960698932757));
#10286=CARTESIAN_POINT('',(-50.,-35.1891833059522,48.6960698932757));
#10287=CARTESIAN_POINT('',(-50.,-27.1891833059522,48.6960698932757));
#10288=CARTESIAN_POINT('',(-50.,-27.1891833059522,48.6960698932757));
#10289=CARTESIAN_POINT('',(-50.,-35.1891833059522,23.6960698932757));
#10290=CARTESIAN_POINT('',(-50.,-35.1891833059522,23.6960698932757));
#10291=CARTESIAN_POINT('',(-50.,-35.1891833059522,23.6960698932757));
#10292=CARTESIAN_POINT('',(-50.,-35.1891833059522,23.6960698932757));
#10293=CARTESIAN_POINT('',(-50.,-27.1891833059522,23.6960698932757));
#10294=CARTESIAN_POINT('',(-50.,-27.1891833059522,23.6960698932757));
#10295=CARTESIAN_POINT('',(-65.,37.1891833059522,48.6960698932757));
#10296=CARTESIAN_POINT('',(-65.,37.1891833059522,48.6960698932757));
#10297=CARTESIAN_POINT('',(-65.,37.1891833059522,23.6960698932757));
#10298=CARTESIAN_POINT('',(-65.,37.1891833059522,23.6960698932757));
#10299=CARTESIAN_POINT('',(-50.,45.1891833059522,23.6960698932757));
#10300=CARTESIAN_POINT('',(-50.,45.1891833059522,23.6960698932757));
#10301=CARTESIAN_POINT('',(-50.,45.1891833059522,48.6960698932757));
#10302=CARTESIAN_POINT('',(-50.,45.1891833059522,48.6960698932757));
#10303=CARTESIAN_POINT('',(-50.,45.1891833059522,23.6960698932757));
#10304=CARTESIAN_POINT('',(-50.,45.1891833059522,23.6960698932757));
#10305=CARTESIAN_POINT('',(-50.,37.1891833059522,56.6960698932757));
#10306=CARTESIAN_POINT('',(-50.,37.1891833059522,56.6960698932757));
#10307=CARTESIAN_POINT('',(-63.1743114854953,37.1891833059522,48.6960698932757));
#10308=CARTESIAN_POINT('',(-50.,29.1891833059522,48.6960698932757));
#10309=CARTESIAN_POINT('',(-50.,29.1891833059522,48.6960698932757));
#10310=CARTESIAN_POINT('',(-50.,37.1891833059522,48.6960698932757));
#10311=CARTESIAN_POINT('',(-50.,37.1891833059522,48.6960698932757));
#10312=CARTESIAN_POINT('',(-50.,29.1891833059522,23.6960698932757));
#10313=CARTESIAN_POINT('',(-50.,29.1891833059522,23.6960698932757));
#10314=CARTESIAN_POINT('',(-50.,29.1891833059522,23.6960698932757));
#10315=CARTESIAN_POINT('',(-50.,29.1891833059522,23.6960698932757));
#10316=CARTESIAN_POINT('',(-50.,37.1891833059522,23.6960698932757));
#10317=CARTESIAN_POINT('',(-50.,37.1891833059522,23.6960698932757));
#10318=CARTESIAN_POINT('',(-67.,62.6078602134487,57.1265151063596));
#10319=CARTESIAN_POINT('',(-70.,62.6078602134487,57.1265151063596));
#10320=CARTESIAN_POINT('',(-67.4175193028802,59.637056007224,57.1265151063596));
#10321=CARTESIAN_POINT('',(-67.4175193028802,49.7343753198082,67.0291957937753));
#10322=CARTESIAN_POINT('',(-67.4440154696949,50.391357812923,67.0329195871758));
#10323=CARTESIAN_POINT('',(-67.4671570004175,51.033341099535,66.9726162873564));
#10324=CARTESIAN_POINT('',(-67.4972730200102,51.9579030890954,66.7989348208608));
#10325=CARTESIAN_POINT('',(-67.5065356216888,52.2597343752169,66.7271951342657));
#10326=CARTESIAN_POINT('',(-67.5234714088689,52.8485834264687,66.5583906779073));
#10327=CARTESIAN_POINT('',(-67.5301630278408,53.0955406454738,66.4769207288461));
#10328=CARTESIAN_POINT('',(-67.5692085591278,54.6895497346796,65.8564709355055));
#10329=CARTESIAN_POINT('',(-67.5848220931101,55.8348838244533,65.1006040266699));
#10330=CARTESIAN_POINT('',(-67.5848262183336,57.2400697159646,63.6954192946833));
#10331=CARTESIAN_POINT('',(-67.5807823977659,57.6636129079355,63.1755136549105));
#10332=CARTESIAN_POINT('',(-67.5690671582966,58.2157859471283,62.331276441222));
#10333=CARTESIAN_POINT('',(-67.5642122542422,58.3860059996824,62.0391735401872));
#10334=CARTESIAN_POINT('',(-67.5525689310404,58.6964092528436,61.4361893163633));
#10335=CARTESIAN_POINT('',(-67.5447985303973,58.8521992025892,61.0852099524318));
#10336=CARTESIAN_POINT('',(-67.5106665489019,59.3946581077764,59.6915714396046));
#10337=CARTESIAN_POINT('',(-67.4705139263572,59.6445039158422,58.4405368702235));
#10338=CARTESIAN_POINT('',(-67.4175193028802,59.637056007224,57.1265151063596));
#10339=CARTESIAN_POINT('',(-67.4175193028802,49.7343753198083,67.0291957937753));
#10340=CARTESIAN_POINT('',(-67.,49.7343753198083,70.));
#10341=CARTESIAN_POINT('',(-70.,49.7343753198083,70.));
#10342=CARTESIAN_POINT('',(-70.,62.6078602134487,57.1265151063596));
#10343=CARTESIAN_POINT('',(-70.,62.6078602134487,64.6975649029342));
#10344=CARTESIAN_POINT('',(-70.,57.3054251163829,70.));
#10345=CARTESIAN_POINT('',(-70.,49.7343753198083,70.));
#10346=CARTESIAN_POINT('',(-67.4175193028802,59.637056007224,57.1265151063596));
#10347=CARTESIAN_POINT('',(-68.0712554416231,59.728932629838,57.1265151063596));
#10348=CARTESIAN_POINT('',(-68.7823203952358,60.0801140765275,57.1265151063596));
#10349=CARTESIAN_POINT('',(-69.7642904726896,61.2204652781143,57.1265151063596));
#10350=CARTESIAN_POINT('',(-70.,61.972309929778,57.1265151063596));
#10351=CARTESIAN_POINT('',(-70.,62.6324707078325,57.1265151063596));
#10352=CARTESIAN_POINT('',(-67.4704735097623,59.6444982356602,58.4395347254114));
#10353=CARTESIAN_POINT('',(-68.1158732129974,59.7470859792245,58.4514119973781));
#10354=CARTESIAN_POINT('',(-68.8113611024247,60.1036308016965,58.4968263993649));
#10355=CARTESIAN_POINT('',(-69.7698981340992,61.2371773135278,58.644307042864));
#10356=CARTESIAN_POINT('',(-70.,61.9788221403116,58.7415460876263));
#10357=CARTESIAN_POINT('',(-70.,62.6322185346522,58.8269291140524));
#10358=CARTESIAN_POINT('',(-67.5127893072089,59.3941338482795,59.7450824375113));
#10359=CARTESIAN_POINT('',(-68.1511591428329,59.5023658059012,59.7731838540295));
#10360=CARTESIAN_POINT('',(-68.8342334033715,59.8536185059178,59.8664398957274));
#10361=CARTESIAN_POINT('',(-69.7743158018871,60.9524102480902,60.1597350628751));
#10362=CARTESIAN_POINT('',(-70.,61.6669772540153,60.3508575939766));
#10363=CARTESIAN_POINT('',(-70.,62.2981864766423,60.519534719899));
#10364=CARTESIAN_POINT('',(-67.5699809899064,58.4146325463583,62.1507109434303));
#10365=CARTESIAN_POINT('',(-68.1987289741542,58.5213633385062,62.211150123212));
#10366=CARTESIAN_POINT('',(-68.8650399029456,58.8409155316473,62.3941906273329));
#10367=CARTESIAN_POINT('',(-69.7802662657971,59.8200496279196,62.9567683637462));
#10368=CARTESIAN_POINT('',(-70.,60.4517572381386,63.3201603121278));
#10369=CARTESIAN_POINT('',(-70.,61.011730025263,63.6421168683578));
#10370=CARTESIAN_POINT('',(-67.5848248432583,57.6858609339512,63.2496276901882));
#10371=CARTESIAN_POINT('',(-68.2109952294698,57.7854634384076,63.3260302032179));
#10372=CARTESIAN_POINT('',(-68.8729640837475,58.0786407462989,63.5509189567429));
#10373=CARTESIAN_POINT('',(-69.7817971058581,58.9729138250654,64.2368927771964));
#10374=CARTESIAN_POINT('',(-69.9999999999971,59.5488517518902,64.6786799106326));
#10375=CARTESIAN_POINT('',(-70.0000000000001,60.0597868069207,65.0706050171595));
#10376=CARTESIAN_POINT('',(-67.5848248432599,55.8574879036371,65.0780007205028));
#10377=CARTESIAN_POINT('',(-68.2109952294761,55.9338904166696,65.177603224962));
#10378=CARTESIAN_POINT('',(-68.8729640837577,56.1587791701974,65.4707805328559));
#10379=CARTESIAN_POINT('',(-69.7817971058682,56.8447529906535,66.365053611625));
#10380=CARTESIAN_POINT('',(-70.0000000000029,57.2865401240892,66.9409915384494));
#10381=CARTESIAN_POINT('',(-69.9999999999999,57.6784652306139,67.4519265934778));
#10382=CARTESIAN_POINT('',(-67.569980989906,54.758571156874,65.8067723329117));
#10383=CARTESIAN_POINT('',(-68.1987289741535,54.8190103366554,65.913503125062));
#10384=CARTESIAN_POINT('',(-68.8650399029451,55.0020508407767,66.2330553182046));
#10385=CARTESIAN_POINT('',(-69.780266265797,55.564628577192,67.2121894144765));
#10386=CARTESIAN_POINT('',(-70.,55.9280205255752,67.8438970246932));
#10387=CARTESIAN_POINT('',(-70.,56.2499770818065,68.4038698118142));
#10388=CARTESIAN_POINT('',(-67.5127893072093,52.352942650965,66.7862736348289));
#10389=CARTESIAN_POINT('',(-68.1511591428336,52.3810440674835,66.8945055924481));
#10390=CARTESIAN_POINT('',(-68.834233403372,52.474300109181,67.2457582924631));
#10391=CARTESIAN_POINT('',(-69.7743158018871,52.7675952763267,68.344550034636));
#10392=CARTESIAN_POINT('',(-70.,52.9587178074266,69.0591170405633));
#10393=CARTESIAN_POINT('',(-70.,53.1273949333476,69.6903262631938));
#10394=CARTESIAN_POINT('',(-67.4704735097654,51.0473949388562,67.0366380222119));
#10395=CARTESIAN_POINT('',(-68.1158732129994,51.0592722108228,67.1392257657777));
#10396=CARTESIAN_POINT('',(-68.8113611024259,51.1046866128099,67.4957705882553));
#10397=CARTESIAN_POINT('',(-69.7698981340994,51.2521672563105,68.6293171001048));
#10398=CARTESIAN_POINT('',(-70.,51.3494063010739,69.3709619269004));
#10399=CARTESIAN_POINT('',(-70.,51.4347893275012,70.024358321251));
#10400=CARTESIAN_POINT('',(-67.4175193028802,49.7343753198083,67.0291957937753));
#10401=CARTESIAN_POINT('',(-68.0712554416231,49.7343753198083,67.1210724163893));
#10402=CARTESIAN_POINT('',(-68.7823203952358,49.7343753198083,67.4722538630788));
#10403=CARTESIAN_POINT('',(-69.7642904726896,49.7343753198083,68.6126050646657));
#10404=CARTESIAN_POINT('',(-70.,49.7343753198083,69.3644497163294));
#10405=CARTESIAN_POINT('',(-70.,49.7343753198083,70.0246104943839));
#10406=CARTESIAN_POINT('',(-67.,-39.7343753198083,70.));
#10407=CARTESIAN_POINT('',(-67.4175193028802,-39.7343753198083,67.0291957937753));
#10408=CARTESIAN_POINT('',(-70.,-39.7343753198083,70.));
#10409=CARTESIAN_POINT('',(-70.,8.83131951406375E-15,70.));
#10410=CARTESIAN_POINT('',(-67.4175193028802,60.,67.0291957937753));
#10411=CARTESIAN_POINT('',(-67.,60.,70.));
#10412=CARTESIAN_POINT('',(-67.,62.6078602134487,15.2656246801917));
#10413=CARTESIAN_POINT('',(-70.,62.6078602134487,15.2656246801917));
#10414=CARTESIAN_POINT('',(-67.4175193028802,59.637056007224,15.2656246801917));
#10415=CARTESIAN_POINT('',(-67.4175193028802,59.637056007224,4.99999999999999));
#10416=CARTESIAN_POINT('',(-70.,62.6078602134487,0.));
#10417=CARTESIAN_POINT('',(-67.,62.6078602134487,4.99999999999999));
#10418=CARTESIAN_POINT('',(-67.,-52.6078602134487,57.1265151063596));
#10419=CARTESIAN_POINT('',(-67.4175193028802,-49.637056007224,57.1265151063596));
#10420=CARTESIAN_POINT('',(-70.,-52.6078602134487,57.1265151063596));
#10421=CARTESIAN_POINT('',(-70.,-39.7343753198083,70.));
#10422=CARTESIAN_POINT('',(-70.,-47.3054251163829,70.));
#10423=CARTESIAN_POINT('',(-70.,-52.6078602134487,64.6975649029343));
#10424=CARTESIAN_POINT('',(-70.,-52.6078602134487,57.1265151063596));
#10425=CARTESIAN_POINT('',(-67.4175193028802,-49.637056007224,57.1265151063596));
#10426=CARTESIAN_POINT('',(-67.4440154697282,-49.6407798006292,57.7834976002985));
#10427=CARTESIAN_POINT('',(-67.4671570004901,-49.5804765006579,58.425480887315));
#10428=CARTESIAN_POINT('',(-67.4972730201012,-49.4067950340523,59.3500428768541));
#10429=CARTESIAN_POINT('',(-67.506535621779,-49.3350553474399,59.6518741628654));
#10430=CARTESIAN_POINT('',(-67.5234714089341,-49.1662508911384,60.2407232137056));
#10431=CARTESIAN_POINT('',(-67.5301630278767,-49.0847809423066,60.487680432013));
#10432=CARTESIAN_POINT('',(-67.5692085589846,-48.464331148907,62.0816895212796));
#10433=CARTESIAN_POINT('',(-67.5848220929725,-47.7084642389577,63.2270236121269));
#10434=CARTESIAN_POINT('',(-67.5848262184024,-46.3032795087125,64.6322095019548));
#10435=CARTESIAN_POINT('',(-67.5807823978377,-45.783373869336,65.0557526937624));
#10436=CARTESIAN_POINT('',(-67.5690671583451,-44.9391366557132,65.6079257330554));
#10437=CARTESIAN_POINT('',(-67.5642122542783,-44.6470337546133,65.7781457856991));
#10438=CARTESIAN_POINT('',(-67.552568931054,-44.0440495304567,66.0885490390985));
#10439=CARTESIAN_POINT('',(-67.5447985303909,-43.6930701658198,66.2443389891633));
#10440=CARTESIAN_POINT('',(-67.5106665489279,-42.2994316532962,66.7867978942371));
#10441=CARTESIAN_POINT('',(-67.4705139263677,-41.0483970839326,67.036643702395));
#10442=CARTESIAN_POINT('',(-67.4175193028802,-39.7343753198083,67.0291957937753));
#10443=CARTESIAN_POINT('',(-67.4175193028802,-39.7343753198083,67.0291957937753));
#10444=CARTESIAN_POINT('',(-68.0712554416233,-39.7343753198083,67.1210724163894));
#10445=CARTESIAN_POINT('',(-68.7823203952361,-39.7343753198083,67.472253863079));
#10446=CARTESIAN_POINT('',(-69.7642904726898,-39.7343753198083,68.6126050646662));
#10447=CARTESIAN_POINT('',(-70.,-39.7343753198083,69.36444971633));
#10448=CARTESIAN_POINT('',(-70.,-39.7343753198083,70.0246104943846));
#10449=CARTESIAN_POINT('',(-67.4704735097591,-41.0473949388603,67.0366380222111));
#10450=CARTESIAN_POINT('',(-68.1158732129948,-41.0592722108273,67.1392257657651));
#10451=CARTESIAN_POINT('',(-68.8113611024232,-41.1046866128144,67.49577058823));
#10452=CARTESIAN_POINT('',(-69.7698981340991,-41.2521672563135,68.6293171000623));
#10453=CARTESIAN_POINT('',(-70.,-41.3494063010755,69.3709619268539));
#10454=CARTESIAN_POINT('',(-70.,-41.4347893275012,70.0243583212047));
#10455=CARTESIAN_POINT('',(-67.5127893072089,-42.3529426509601,66.7862736348309));
#10456=CARTESIAN_POINT('',(-68.1511591428334,-42.3810440674783,66.8945055924496));
#10457=CARTESIAN_POINT('',(-68.834233403372,-42.4743001091761,67.2457582924642));
#10458=CARTESIAN_POINT('',(-69.7743158018874,-42.7675952763239,68.3445500346367));
#10459=CARTESIAN_POINT('',(-70.,-42.9587178074254,69.059117040564));
#10460=CARTESIAN_POINT('',(-70.,-43.1273949333479,69.6903262631945));
#10461=CARTESIAN_POINT('',(-67.5699809899064,-44.7585711568791,65.8067723329097));
#10462=CARTESIAN_POINT('',(-68.1987289741539,-44.8190103366607,65.9135031250605));
#10463=CARTESIAN_POINT('',(-68.8650399029456,-45.0020508407817,66.2330553182039));
#10464=CARTESIAN_POINT('',(-69.7802662657973,-45.5646285771953,67.2121894144768));
#10465=CARTESIAN_POINT('',(-70.,-45.928020525577,67.8438970246937));
#10466=CARTESIAN_POINT('',(-70.,-46.2499770818069,68.4038698118149));
#10467=CARTESIAN_POINT('',(-67.5848248432575,-45.8574879036398,65.0780007204995));
#10468=CARTESIAN_POINT('',(-68.2109952294717,-45.9338904166701,65.1776032249566));
#10469=CARTESIAN_POINT('',(-68.872964083752,-46.1587791701961,65.4707805328484));
#10470=CARTESIAN_POINT('',(-69.7817971058633,-46.8447529906513,66.3650536116144));
#10471=CARTESIAN_POINT('',(-70.,-47.286540124088,66.940991538438));
#10472=CARTESIAN_POINT('',(-70.,-47.6784652306145,67.4519265934667));
#10473=CARTESIAN_POINT('',(-67.5848248432607,-47.6858609339487,63.2496276901915));
#10474=CARTESIAN_POINT('',(-68.2109952294743,-47.7854634384072,63.3260302032233));
#10475=CARTESIAN_POINT('',(-68.8729640837537,-48.0786407463004,63.5509189567508));
#10476=CARTESIAN_POINT('',(-69.7817971058636,-48.9729138250683,64.2368927772078));
#10477=CARTESIAN_POINT('',(-70.,-49.5488517518924,64.6786799106449));
#10478=CARTESIAN_POINT('',(-70.,-50.0597868069213,65.0706050171716));
#10479=CARTESIAN_POINT('',(-67.569980989906,-48.4146325463604,62.1507109434254));
#10480=CARTESIAN_POINT('',(-68.198728974154,-48.5213633385078,62.2111501232068));
#10481=CARTESIAN_POINT('',(-68.8650399029457,-48.8409155316484,62.3941906273281));
#10482=CARTESIAN_POINT('',(-69.7802662657973,-49.8200496279203,62.9567683637435));
#10483=CARTESIAN_POINT('',(-70.,-50.4517572381392,63.3201603121267));
#10484=CARTESIAN_POINT('',(-70.,-51.0117300252637,63.6421168683583));
#10485=CARTESIAN_POINT('',(-67.5127893072093,-49.3941338482776,59.7450824375164));
#10486=CARTESIAN_POINT('',(-68.1511591428333,-49.5023658058997,59.7731838540348));
#10487=CARTESIAN_POINT('',(-68.8342334033719,-49.8536185059171,59.8664398957323));
#10488=CARTESIAN_POINT('',(-69.7743158018874,-50.9524102480905,60.1597350628782));
#10489=CARTESIAN_POINT('',(-70.,-51.6669772540159,60.3508575939783));
#10490=CARTESIAN_POINT('',(-70.,-52.2981864766431,60.5195347198992));
#10491=CARTESIAN_POINT('',(-67.4704735097654,-49.6444982356607,58.4395347254076));
#10492=CARTESIAN_POINT('',(-68.1158732130057,-49.7470859792353,58.4514119973738));
#10493=CARTESIAN_POINT('',(-68.8113611024366,-50.1036308017169,58.4968263993606));
#10494=CARTESIAN_POINT('',(-69.7698981341098,-51.2371773135573,58.6443070428613));
#10495=CARTESIAN_POINT('',(-70.0000000000057,-51.9788221403401,58.741546087625));
#10496=CARTESIAN_POINT('',(-69.9999999999998,-52.6322185346764,58.8269291140526));
#10497=CARTESIAN_POINT('',(-67.4175193028802,-49.637056007224,57.1265151063596));
#10498=CARTESIAN_POINT('',(-68.0712554416232,-49.7289326298381,57.1265151063596));
#10499=CARTESIAN_POINT('',(-68.7823203952361,-50.0801140765277,57.1265151063596));
#10500=CARTESIAN_POINT('',(-69.7642904726898,-51.2204652781149,57.1265151063596));
#10501=CARTESIAN_POINT('',(-70.,-51.9723099297787,57.1265151063596));
#10502=CARTESIAN_POINT('',(-70.,-52.6324707078333,57.1265151063596));
#10503=CARTESIAN_POINT('',(-67.,49.7343753198083,2.39213978655131));
#10504=CARTESIAN_POINT('',(-70.,49.7343753198083,2.39213978655131));
#10505=CARTESIAN_POINT('',(-67.4175193028802,49.7343753198083,5.36294399277602));
#10506=CARTESIAN_POINT('',(-67.4175193028802,59.637056007224,15.2656246801917));
#10507=CARTESIAN_POINT('',(-67.4440154697176,59.6407798006277,14.6086421865172));
#10508=CARTESIAN_POINT('',(-67.4671570004668,59.5804765007051,13.9666588996305));
#10509=CARTESIAN_POINT('',(-67.497273020072,59.4067950341348,13.0420969100846));
#10510=CARTESIAN_POINT('',(-67.5065356217501,59.3350553475279,12.7402656240379));
#10511=CARTESIAN_POINT('',(-67.5234714089132,59.1662508912081,12.1514165730657));
#10512=CARTESIAN_POINT('',(-67.5301630278677,59.0847809422623,11.9044593544305));
#10513=CARTESIAN_POINT('',(-67.5692085590203,58.4643311490839,10.3104502657031));
#10514=CARTESIAN_POINT('',(-67.5848220929725,57.7084642391658,9.1651161746326));
#10515=CARTESIAN_POINT('',(-67.5848262184025,56.3032795086084,7.75993028449242));
#10516=CARTESIAN_POINT('',(-67.5807823978434,55.7833738691604,7.33638709265411));
#10517=CARTESIAN_POINT('',(-67.5690671583551,54.9391366555256,6.78421405337947));
#10518=CARTESIAN_POINT('',(-67.564212254289,54.6470337544374,6.61399400075229));
#10519=CARTESIAN_POINT('',(-67.5525689310625,54.0440495303405,6.3035907473972));
#10520=CARTESIAN_POINT('',(-67.5447985303991,53.6930701658973,6.14780079741709));
#10521=CARTESIAN_POINT('',(-67.5106665488947,52.2994316529854,5.60534189219825));
#10522=CARTESIAN_POINT('',(-67.4705139263542,51.0483970835995,5.35549608415824));
#10523=CARTESIAN_POINT('',(-67.4175193028802,49.7343753198083,5.36294399277602));
#10524=CARTESIAN_POINT('',(-70.,49.7343753198083,2.39213978655131));
#10525=CARTESIAN_POINT('',(-70.,57.3054251163829,2.39213978655131));
#10526=CARTESIAN_POINT('',(-70.,62.6078602134487,7.69457488361708));
#10527=CARTESIAN_POINT('',(-70.,62.6078602134487,15.2656246801917));
#10528=CARTESIAN_POINT('',(-67.4175193028802,49.7343753198083,5.36294399277602));
#10529=CARTESIAN_POINT('',(-68.0712554416224,49.7343753198083,5.27106737016206));
#10530=CARTESIAN_POINT('',(-68.7823203952343,49.7343753198083,4.91988592347334));
#10531=CARTESIAN_POINT('',(-69.7642904726879,49.7343753198083,3.7795347218885));
#10532=CARTESIAN_POINT('',(-70.,49.7343753198083,3.02769007022548));
#10533=CARTESIAN_POINT('',(-70.,49.7343753198083,2.36752929217171));
#10534=CARTESIAN_POINT('',(-67.4704735097643,51.0473949388596,5.35550176433952));
#10535=CARTESIAN_POINT('',(-68.1158732129979,51.0592722108275,5.25291402077346));
#10536=CARTESIAN_POINT('',(-68.8113611024239,51.1046866128152,4.89636919829886));
#10537=CARTESIAN_POINT('',(-69.7698981340977,51.2521672563142,3.76282268646151));
#10538=CARTESIAN_POINT('',(-70.,51.3494063010756,3.02117785967411));
#10539=CARTESIAN_POINT('',(-70.,51.4347893275006,2.36778146533131));
#10540=CARTESIAN_POINT('',(-67.5127893072086,52.3529426509605,5.6058661517207));
#10541=CARTESIAN_POINT('',(-68.1511591428324,52.3810440674771,5.4976341941015));
#10542=CARTESIAN_POINT('',(-68.8342334033702,52.4743001091735,5.14638149408756));
#10543=CARTESIAN_POINT('',(-69.7743158018855,52.7675952763205,4.04758975191835));
#10544=CARTESIAN_POINT('',(-70.,52.9587178074228,3.33302274599303));
#10545=CARTESIAN_POINT('',(-70.,53.1273949333466,2.70181352336455));
#10546=CARTESIAN_POINT('',(-67.5699809899067,54.7585711568785,6.58536745364139));
#10547=CARTESIAN_POINT('',(-68.1987289741533,54.8190103366617,6.4786366614913));
#10548=CARTESIAN_POINT('',(-68.865039902944,55.0020508407834,6.15908446834891));
#10549=CARTESIAN_POINT('',(-69.7802662657955,55.5646285771961,5.17995037207695));
#10550=CARTESIAN_POINT('',(-70.,55.9280205255763,4.54824276185948));
#10551=CARTESIAN_POINT('',(-70.,56.2499770818043,3.98826997473771));
#10552=CARTESIAN_POINT('',(-67.5848248432595,55.8574879036385,7.31413906605006));
#10553=CARTESIAN_POINT('',(-68.2109952294725,55.9338904166721,7.21453656159277));
#10554=CARTESIAN_POINT('',(-68.8729640837514,56.1587791702,6.92135925370099));
#10555=CARTESIAN_POINT('',(-69.7817971058617,56.8447529906542,6.02708617493472));
#10556=CARTESIAN_POINT('',(-70.,57.2865401240883,5.45114824811044));
#10557=CARTESIAN_POINT('',(-70.,57.6784652306113,4.94021319308116));
#10558=CARTESIAN_POINT('',(-67.5848248432587,57.6858609339498,9.14251209636156));
#10559=CARTESIAN_POINT('',(-68.2109952294719,57.7854634384048,9.06610958333021));
#10560=CARTESIAN_POINT('',(-68.872964083751,58.078640746295,8.84122082980394));
#10561=CARTESIAN_POINT('',(-69.7817971058616,58.9729138250608,8.15524700935031));
#10562=CARTESIAN_POINT('',(-70.,59.5488517518863,7.71345987591499));
#10563=CARTESIAN_POINT('',(-70.,60.0597868069174,7.32153476939001));
#10564=CARTESIAN_POINT('',(-67.5699809899055,58.4146325463573,10.241428843119));
#10565=CARTESIAN_POINT('',(-68.1987289741523,58.5213633385053,10.1809896633376));
#10566=CARTESIAN_POINT('',(-68.8650399029434,58.8409155316461,9.99794915921715));
#10567=CARTESIAN_POINT('',(-69.7802662657954,59.8200496279175,9.43537142280485));
#10568=CARTESIAN_POINT('',(-70.,60.451757238136,9.07197947442358));
#10569=CARTESIAN_POINT('',(-70.,61.0117300252594,8.75002291819411));
#10570=CARTESIAN_POINT('',(-67.5127893072098,59.3941338482805,12.647057349042));
#10571=CARTESIAN_POINT('',(-68.1511591428334,59.5023658059019,12.6189559325236));
#10572=CARTESIAN_POINT('',(-68.8342334033708,59.8536185059174,12.5256998908258));
#10573=CARTESIAN_POINT('',(-69.7743158018856,60.9524102480872,12.2324047236786));
#10574=CARTESIAN_POINT('',(-70.,61.6669772540114,12.0412821925772));
#10575=CARTESIAN_POINT('',(-70.,62.2981864766383,11.8726050666548));
#10576=CARTESIAN_POINT('',(-67.4704735097684,59.644498235661,13.9526050611387));
#10577=CARTESIAN_POINT('',(-68.1158732130009,59.7470859792369,13.9407277891724));
#10578=CARTESIAN_POINT('',(-68.8113611024258,60.1036308017209,13.895313387186));
#10579=CARTESIAN_POINT('',(-69.769898134098,61.2371773135681,13.7478327436872));
#10580=CARTESIAN_POINT('',(-70.,61.9788221403555,13.6505936989247));
#10581=CARTESIAN_POINT('',(-70.,62.632218534695,13.5652106724982));
#10582=CARTESIAN_POINT('',(-67.4175193028802,59.637056007224,15.2656246801917));
#10583=CARTESIAN_POINT('',(-68.0712554416224,59.7289326298379,15.2656246801917));
#10584=CARTESIAN_POINT('',(-68.7823203952343,60.0801140765266,15.2656246801917));
#10585=CARTESIAN_POINT('',(-69.7642904726879,61.2204652781115,15.2656246801917));
#10586=CARTESIAN_POINT('',(-70.,61.9723099297745,15.2656246801917));
#10587=CARTESIAN_POINT('',(-70.,62.6324707078283,15.2656246801917));
#10588=CARTESIAN_POINT('',(-67.,-52.6078602134487,15.2656246801917));
#10589=CARTESIAN_POINT('',(-67.4175193028802,-49.637056007224,15.2656246801917));
#10590=CARTESIAN_POINT('',(-70.,-52.6078602134487,15.2656246801917));
#10591=CARTESIAN_POINT('',(-70.,-52.6078602134487,0.));
#10592=CARTESIAN_POINT('',(-67.4175193028802,-49.637056007224,5.));
#10593=CARTESIAN_POINT('',(-67.,-52.6078602134487,5.));
#10594=CARTESIAN_POINT('',(-67.,-39.7343753198083,2.39213978655132));
#10595=CARTESIAN_POINT('',(-70.,-39.7343753198083,2.39213978655132));
#10596=CARTESIAN_POINT('',(-67.4175193028802,-39.7343753198083,5.36294399277603));
#10597=CARTESIAN_POINT('',(-67.4175193028802,60.,5.36294399277602));
#10598=CARTESIAN_POINT('',(-70.,3.58383272115571E-16,2.39213978655131));
#10599=CARTESIAN_POINT('',(-67.,60.,2.39213978655131));
#10600=CARTESIAN_POINT('',(-67.4175193028802,-39.7343753198083,5.36294399277603));
#10601=CARTESIAN_POINT('',(-67.4440154697187,-40.3913578135109,5.35922019937213));
#10602=CARTESIAN_POINT('',(-67.4671570004693,-41.0333411004114,5.41952349929993));
#10603=CARTESIAN_POINT('',(-67.4972730200752,-41.9579030899566,5.59320496587399));
#10604=CARTESIAN_POINT('',(-67.5065356217532,-42.2597343759995,5.66494465248144));
#10605=CARTESIAN_POINT('',(-67.5234714089154,-42.8485834269578,5.8337491087993));
#10606=CARTESIAN_POINT('',(-67.5301630278619,-43.0955406452826,5.91521905762573));
#10607=CARTESIAN_POINT('',(-67.5692085590435,-44.6895497354446,6.53566885136373));
#10608=CARTESIAN_POINT('',(-67.5848220930894,-45.8348838247305,7.29153576016434));
#10609=CARTESIAN_POINT('',(-67.5848262183439,-47.2400697158261,8.69672049172656));
#10610=CARTESIAN_POINT('',(-67.5807823977736,-47.6636129077565,9.21662613140263));
#10611=CARTESIAN_POINT('',(-67.5690671582987,-48.2157859469739,10.0608633450751));
#10612=CARTESIAN_POINT('',(-67.5642122542421,-48.38600599955,10.3529662461256));
#10613=CARTESIAN_POINT('',(-67.552568931038,-48.6964092527701,10.9559504700308));
#10614=CARTESIAN_POINT('',(-67.5447985303921,-48.8521992026078,11.3069298341693));
#10615=CARTESIAN_POINT('',(-67.5106665489231,-49.3946581077023,12.700568346748));
#10616=CARTESIAN_POINT('',(-67.4705139263658,-49.6445039158434,13.9516029161147));
#10617=CARTESIAN_POINT('',(-67.4175193028802,-49.637056007224,15.2656246801917));
#10618=CARTESIAN_POINT('',(-70.,-52.6078602134487,15.2656246801917));
#10619=CARTESIAN_POINT('',(-70.,-52.6078602134487,7.6945748836171));
#10620=CARTESIAN_POINT('',(-70.,-47.3054251163829,2.39213978655132));
#10621=CARTESIAN_POINT('',(-70.,-39.7343753198083,2.39213978655132));
#10622=CARTESIAN_POINT('',(-67.4175193028802,-49.637056007224,15.2656246801917));
#10623=CARTESIAN_POINT('',(-68.0712554416225,-49.728932629838,15.2656246801917));
#10624=CARTESIAN_POINT('',(-68.7823203952345,-50.0801140765268,15.2656246801917));
#10625=CARTESIAN_POINT('',(-69.7642904726881,-51.2204652781119,15.2656246801917));
#10626=CARTESIAN_POINT('',(-70.,-51.972309929775,15.2656246801917));
#10627=CARTESIAN_POINT('',(-70.,-52.6324707078288,15.2656246801917));
#10628=CARTESIAN_POINT('',(-67.470473509762,-49.6444982356602,13.9526050611413));
#10629=CARTESIAN_POINT('',(-68.1158732130022,-49.7470859792289,13.9407277891738));
#10630=CARTESIAN_POINT('',(-68.8113611024332,-50.1036308017035,13.8953133871863));
#10631=CARTESIAN_POINT('',(-69.7698981341077,-51.2371773135332,13.7478327436864));
#10632=CARTESIAN_POINT('',(-70.0000000000057,-51.9788221403132,13.6505936989242));
#10633=CARTESIAN_POINT('',(-69.9999999999998,-52.6322185346483,13.5652106724983));
#10634=CARTESIAN_POINT('',(-67.5127893072079,-49.3941338482786,12.647057349038));
#10635=CARTESIAN_POINT('',(-68.151159142832,-49.5023658058974,12.6189559325211));
#10636=CARTESIAN_POINT('',(-68.83423340337,-49.853618505911,12.5256998908246));
#10637=CARTESIAN_POINT('',(-69.7743158018856,-50.9524102480796,12.2324047236787));
#10638=CARTESIAN_POINT('',(-70.,-51.6669772540047,12.0412821925775));
#10639=CARTESIAN_POINT('',(-70.,-52.298186476633,11.8726050666547));
#10640=CARTESIAN_POINT('',(-67.5699809899074,-48.4146325463594,10.241428843123));
#10641=CARTESIAN_POINT('',(-68.1987289741539,-48.5213633385099,10.1809896633401));
#10642=CARTESIAN_POINT('',(-68.8650399029445,-48.8409155316528,9.99794915921834));
#10643=CARTESIAN_POINT('',(-69.7802662657958,-49.8200496279258,9.43537142280446));
#10644=CARTESIAN_POINT('',(-70.,-50.4517572381437,9.07197947442305));
#10645=CARTESIAN_POINT('',(-70.,-51.0117300252657,8.75002291819388));
#10646=CARTESIAN_POINT('',(-67.5848248432587,-47.6858609339499,9.14251209636157));
#10647=CARTESIAN_POINT('',(-68.2109952294725,-47.785463438405,9.06610958332978));
#10648=CARTESIAN_POINT('',(-68.8729640837515,-48.0786407462951,8.84122082980326));
#10649=CARTESIAN_POINT('',(-69.7817971058619,-48.9729138250608,8.15524700934975));
#10650=CARTESIAN_POINT('',(-70.,-49.5488517518863,7.71345987591471));
#10651=CARTESIAN_POINT('',(-70.,-50.0597868069179,7.32153476938972));
#10652=CARTESIAN_POINT('',(-67.5848248432595,-45.8574879036386,7.31413906605007));
#10653=CARTESIAN_POINT('',(-68.2109952294722,-45.9338904166721,7.21453656159322));
#10654=CARTESIAN_POINT('',(-68.8729640837512,-46.1587791702002,6.92135925370156));
#10655=CARTESIAN_POINT('',(-69.7817971058618,-46.8447529906547,6.02708617493485));
#10656=CARTESIAN_POINT('',(-70.,-47.2865401240889,5.45114824811017));
#10657=CARTESIAN_POINT('',(-70.,-47.6784652306117,4.94021319308077));
#10658=CARTESIAN_POINT('',(-67.5699809899067,-44.7585711568786,6.5853674536414));
#10659=CARTESIAN_POINT('',(-68.1987289741534,-44.8190103366602,6.47863666149149));
#10660=CARTESIAN_POINT('',(-68.8650399029442,-45.002050840781,6.15908446834915));
#10661=CARTESIAN_POINT('',(-69.7802662657957,-45.5646285771938,5.17995037207698));
#10662=CARTESIAN_POINT('',(-70.,-45.9280205255751,4.54824276185931));
#10663=CARTESIAN_POINT('',(-70.,-46.2499770818047,3.98826997473728));
#10664=CARTESIAN_POINT('',(-67.5127893072086,-42.3529426509606,5.60586615172072));
#10665=CARTESIAN_POINT('',(-68.1511591428325,-42.3810440674786,5.49763419410131));
#10666=CARTESIAN_POINT('',(-68.8342334033704,-42.4743001091762,5.14638149408716));
#10667=CARTESIAN_POINT('',(-69.7743158018857,-42.7675952763231,4.04758975191771));
#10668=CARTESIAN_POINT('',(-70.,-42.9587178074244,3.33302274599245));
#10669=CARTESIAN_POINT('',(-70.,-43.1273949333468,2.70181352336408));
#10670=CARTESIAN_POINT('',(-67.4704735097657,-41.0473949388596,5.35550176433933));
#10671=CARTESIAN_POINT('',(-68.115873212999,-41.0592722108263,5.2529140207708));
#10672=CARTESIAN_POINT('',(-68.8113611024247,-41.1046866128131,4.89636919829339));
#10673=CARTESIAN_POINT('',(-69.769898134098,-41.2521672563122,3.76282268645195));
#10674=CARTESIAN_POINT('',(-70.,-41.3494063010745,3.02117785966348));
#10675=CARTESIAN_POINT('',(-70.,-41.4347893275007,2.3677814653205));
#10676=CARTESIAN_POINT('',(-67.4175193028802,-39.7343753198083,5.36294399277603));
#10677=CARTESIAN_POINT('',(-68.0712554416225,-39.7343753198083,5.27106737016207));
#10678=CARTESIAN_POINT('',(-68.7823203952345,-39.7343753198083,4.91988592347325));
#10679=CARTESIAN_POINT('',(-69.7642904726881,-39.7343753198083,3.77953472188817));
#10680=CARTESIAN_POINT('',(-70.,-39.7343753198083,3.02769007022507));
#10681=CARTESIAN_POINT('',(-70.,-39.7343753198083,2.36752929217121));
#10682=CARTESIAN_POINT('',(-51.3388421234551,47.4746646081016,64.7694850820686));
#10683=CARTESIAN_POINT('',(-50.,47.2865026185365,64.5813230925035));
#10684=CARTESIAN_POINT('',(-71.3388421234551,60.1881619895651,57.6776210887007));
#10685=CARTESIAN_POINT('',(-50.,57.1891833059522,54.6786424050878));
#10686=CARTESIAN_POINT('',(-50.,47.2865026185365,64.5813230925035));
#10687=CARTESIAN_POINT('',(-50.,53.11038707744,64.5813230925035));
#10688=CARTESIAN_POINT('',(-50.,57.1891833059522,60.5025268639913));
#10689=CARTESIAN_POINT('',(-50.,57.1891833059522,54.6786424050878));
#10690=CARTESIAN_POINT('',(-64.2951577586217,49.099960984365,56.4921007709164));
#10691=CARTESIAN_POINT('',(-51.3388421234551,-47.3773452955173,54.8668043946529));
#10692=CARTESIAN_POINT('',(-50.,-47.1891833059522,54.6786424050878));
#10693=CARTESIAN_POINT('',(-71.3388421234551,-40.2854813021494,67.5803017761164));
#10694=CARTESIAN_POINT('',(-50.,-37.2865026185365,64.5813230925035));
#10695=CARTESIAN_POINT('',(-50.,-47.1891833059522,54.6786424050878));
#10696=CARTESIAN_POINT('',(-50.,-47.1891833059522,60.5025268639914));
#10697=CARTESIAN_POINT('',(-50.,-43.1103870774401,64.5813230925035));
#10698=CARTESIAN_POINT('',(-50.,-37.2865026185365,64.5813230925035));
#10699=CARTESIAN_POINT('',(-57.8585765263973,-38.1953584853585,55.5874982719098));
#10700=CARTESIAN_POINT('',(-51.3388421234552,-37.4746646081016,7.62265470448272));
#10701=CARTESIAN_POINT('',(-50.,-37.2865026185365,7.81081669404783));
#10702=CARTESIAN_POINT('',(-71.3388421234551,-50.1881619895652,14.7145186978506));
#10703=CARTESIAN_POINT('',(-50.,-47.1891833059522,17.7134973814635));
#10704=CARTESIAN_POINT('',(-50.,-37.2865026185365,7.81081669404783));
#10705=CARTESIAN_POINT('',(-50.,-43.1103870774401,7.81081669404784));
#10706=CARTESIAN_POINT('',(-50.,-47.1891833059522,11.88961292256));
#10707=CARTESIAN_POINT('',(-50.,-47.1891833059522,17.7134973814635));
#10708=CARTESIAN_POINT('',(-72.7305731330558,-40.2854813021494,14.7145186978506));
#10709=CARTESIAN_POINT('',(-51.3388421234551,57.3773452955173,17.5253353918984));
#10710=CARTESIAN_POINT('',(-50.,57.1891833059522,17.7134973814635));
#10711=CARTESIAN_POINT('',(-71.3388421234552,50.2854813021494,4.81183801043488));
#10712=CARTESIAN_POINT('',(-50.,47.2865026185365,7.81081669404782));
#10713=CARTESIAN_POINT('',(-50.,57.1891833059522,17.7134973814635));
#10714=CARTESIAN_POINT('',(-50.,57.1891833059522,11.88961292256));
#10715=CARTESIAN_POINT('',(-50.,53.11038707744,7.81081669404782));
#10716=CARTESIAN_POINT('',(-50.,47.2865026185365,7.81081669404782));
#10717=CARTESIAN_POINT('',(-72.7305731330558,50.2854813021494,14.7145186978506));
#10718=CARTESIAN_POINT('',(-50.,-47.1891833059522,0.));
#10719=CARTESIAN_POINT('',(-70.,-50.,5.));
#10720=CARTESIAN_POINT('',(-50.,8.14768998386974E-15,64.5813230925035));
#10721=CARTESIAN_POINT('',(-70.,60.,67.3921397865513));
#10722=CARTESIAN_POINT('',(-50.,57.1891833059522,0.));
#10723=CARTESIAN_POINT('',(-70.,60.,4.99999999999999));
#10724=CARTESIAN_POINT('',(-50.,1.17019333922095E-15,7.81081669404782));
#10725=CARTESIAN_POINT('',(-70.,60.,4.99999999999999));
#10726=CARTESIAN_POINT('',(45.,53.,29.7392803098594));
#10727=CARTESIAN_POINT('',(45.,53.,29.7392803098594));
#10728=CARTESIAN_POINT('',(35.,65.,19.7392803098594));
#10729=CARTESIAN_POINT('',(35.,53.,19.7392803098594));
#10730=CARTESIAN_POINT('',(35.,53.,29.7392803098594));
#10731=CARTESIAN_POINT('',(35.,53.,29.7392803098594));
#10732=CARTESIAN_POINT('',(-35.,53.,19.7392803098594));
#10733=CARTESIAN_POINT('',(-35.,53.,19.7392803098594));
#10734=CARTESIAN_POINT('',(-45.,65.,29.7392803098594));
#10735=CARTESIAN_POINT('',(-45.,53.,29.7392803098594));
#10736=CARTESIAN_POINT('',(-35.,53.,29.7392803098594));
#10737=CARTESIAN_POINT('',(-35.,53.,29.7392803098594));
#10738=CARTESIAN_POINT('',(35.,55.,95.));
#10739=CARTESIAN_POINT('',(35.,53.,95.));
#10740=CARTESIAN_POINT('',(25.,53.,85.));
#10741=CARTESIAN_POINT('',(25.,53.,85.));
#10742=CARTESIAN_POINT('',(35.,53.,85.));
#10743=CARTESIAN_POINT('',(35.,53.,85.));
#10744=CARTESIAN_POINT('',(35.,53.,75.));
#10745=CARTESIAN_POINT('',(35.,53.,75.));
#10746=CARTESIAN_POINT('',(35.,53.,85.));
#10747=CARTESIAN_POINT('',(35.,53.,85.));
#10748=CARTESIAN_POINT('',(45.,65.,65.));
#10749=CARTESIAN_POINT('',(45.,53.,65.));
#10750=CARTESIAN_POINT('',(35.,53.,65.));
#10751=CARTESIAN_POINT('',(35.,53.,65.));
#10752=CARTESIAN_POINT('',(-25.,53.,85.));
#10753=CARTESIAN_POINT('',(-25.,53.,85.));
#10754=CARTESIAN_POINT('',(-35.,55.,95.));
#10755=CARTESIAN_POINT('',(-35.,53.,95.));
#10756=CARTESIAN_POINT('',(-35.,53.,85.));
#10757=CARTESIAN_POINT('',(-35.,55.,85.));
#10758=CARTESIAN_POINT('',(-35.,65.,75.));
#10759=CARTESIAN_POINT('',(-35.,53.,75.));
#10760=CARTESIAN_POINT('',(-35.,53.,85.));
#10761=CARTESIAN_POINT('',(-35.,53.,85.));
#10762=CARTESIAN_POINT('',(-45.,53.,65.));
#10763=CARTESIAN_POINT('',(-45.,53.,65.));
#10764=CARTESIAN_POINT('',(-35.,53.,65.));
#10765=CARTESIAN_POINT('',(-35.,53.,65.));
#10766=CARTESIAN_POINT('',(45.,53.,75.));
#10767=CARTESIAN_POINT('',(45.,53.,75.));
#10768=CARTESIAN_POINT('',(45.,53.,19.7392803098594));
#10769=CARTESIAN_POINT('',(45.,53.,19.7392803098594));
#10770=CARTESIAN_POINT('',(-45.,53.,19.7392803098594));
#10771=CARTESIAN_POINT('',(-45.,53.,19.7392803098594));
#10772=CARTESIAN_POINT('',(51.1533140038317,65.,93.));
#10773=CARTESIAN_POINT('',(53.1338501413148,65.,93.2783462019201));
#10774=CARTESIAN_POINT('',(53.1338501413148,65.,93.2783462019201));
#10775=CARTESIAN_POINT('',(54.1733819615689,65.,85.8816929626295));
#10776=CARTESIAN_POINT('',(59.1247223052767,65.,86.5775584674298));
#10777=CARTESIAN_POINT('',(58.4288568004764,65.,81.6262181237219));
#10778=CARTESIAN_POINT('',(58.4288568004764,65.,81.6262181237219));
#10779=CARTESIAN_POINT('',(67.4175193028802,65.,80.362943992776));
#10780=CARTESIAN_POINT('',(67.,65.,77.3921397865513));
#10781=CARTESIAN_POINT('',(70.,65.,77.3921397865513));
#10782=CARTESIAN_POINT('',(70.,65.,77.3921397865513));
#10783=CARTESIAN_POINT('',(70.,65.,-15.));
#10784=CARTESIAN_POINT('',(70.,65.,-15.));
#10785=CARTESIAN_POINT('',(-70.,65.,-15.));
#10786=CARTESIAN_POINT('',(-70.,65.,-15.));
#10787=CARTESIAN_POINT('',(-70.,65.,77.3921397865513));
#10788=CARTESIAN_POINT('',(-67.,65.,77.3921397865513));
#10789=CARTESIAN_POINT('',(-67.4175193028802,65.,80.362943992776));
#10790=CARTESIAN_POINT('',(-67.4175193028802,65.,80.362943992776));
#10791=CARTESIAN_POINT('',(-58.4288568004764,65.,81.6262181237219));
#10792=CARTESIAN_POINT('',(-59.1247223052767,65.,86.5775584674298));
#10793=CARTESIAN_POINT('',(-54.1733819615689,65.,85.8816929626295));
#10794=CARTESIAN_POINT('',(-54.1733819615689,65.,85.8816929626295));
#10795=CARTESIAN_POINT('',(-53.1338501413148,65.,93.2783462019201));
#10796=CARTESIAN_POINT('',(-51.1533140038316,65.,93.));
#10797=CARTESIAN_POINT('',(-67.,65.,77.3921397865513));
#10798=CARTESIAN_POINT('',(70.,7.45908941620354E-15,77.3921397865513));
#10799=CARTESIAN_POINT('',(67.4175193028802,55.,80.362943992776));
#10800=CARTESIAN_POINT('',(67.,55.,77.3921397865513));
#10801=CARTESIAN_POINT('',(-67.4175193028802,-55.,80.362943992776));
#10802=CARTESIAN_POINT('',(-70.,55.,77.3921397865513));
#10803=CARTESIAN_POINT('',(-67.,55.,77.3921397865513));
#10804=CARTESIAN_POINT('',(58.4288568004764,-55.,81.6262181237219));
#10805=CARTESIAN_POINT('',(54.1733819615689,55.,85.8816929626295));
#10806=CARTESIAN_POINT('',(59.1247223052767,55.,86.5775584674298));
#10807=CARTESIAN_POINT('',(-54.1733819615689,55.,85.8816929626295));
#10808=CARTESIAN_POINT('',(-58.4288568004764,55.,81.6262181237219));
#10809=CARTESIAN_POINT('',(-59.1247223052767,55.,86.5775584674298));
#10810=CARTESIAN_POINT('',(53.1338501413148,55.,93.2783462019201));
#10811=CARTESIAN_POINT('',(51.1533140038317,55.,95.));
#10812=CARTESIAN_POINT('',(51.1533140038317,55.,93.));
#10813=CARTESIAN_POINT('',(-51.1533140038317,55.,95.));
#10814=CARTESIAN_POINT('',(-53.1338501413148,55.,93.2783462019201));
#10815=CARTESIAN_POINT('',(-51.1533140038316,55.,93.));
#10816=CARTESIAN_POINT('',(65.,-17.5,40.));
#10817=CARTESIAN_POINT('',(65.,-17.5,40.));
#10818=CARTESIAN_POINT('',(65.,-17.5,40.));
#10819=CARTESIAN_POINT('',(65.,-17.5,34.));
#10820=CARTESIAN_POINT('',(55.,-17.5,34.));
#10821=CARTESIAN_POINT('',(65.,-17.5,46.));
#10822=CARTESIAN_POINT('',(55.,-17.5,46.));
#10823=CARTESIAN_POINT('',(55.,-17.5,40.));
#10824=CARTESIAN_POINT('',(65.,-17.5,40.));
#10825=CARTESIAN_POINT('',(65.,17.5,50.));
#10826=CARTESIAN_POINT('',(65.,0.,0.));
#10827=CARTESIAN_POINT('',(55.,20.9641016151378,56.));
#10828=CARTESIAN_POINT('',(65.,20.9641016151378,56.));
#10829=CARTESIAN_POINT('',(55.,24.4282032302755,50.));
#10830=CARTESIAN_POINT('',(65.,24.4282032302755,50.));
#10831=CARTESIAN_POINT('',(55.,20.9641016151378,44.));
#10832=CARTESIAN_POINT('',(65.,20.9641016151378,44.));
#10833=CARTESIAN_POINT('',(55.,14.0358983848623,44.));
#10834=CARTESIAN_POINT('',(65.,14.0358983848623,44.));
#10835=CARTESIAN_POINT('',(55.,10.5717967697245,50.));
#10836=CARTESIAN_POINT('',(65.,10.5717967697245,50.));
#10837=CARTESIAN_POINT('',(55.,14.0358983848623,56.));
#10838=CARTESIAN_POINT('',(65.,14.0358983848623,56.));
#10839=CARTESIAN_POINT('',(55.,-22.5,60.));
#10840=CARTESIAN_POINT('',(55.,-22.5,60.));
#10841=CARTESIAN_POINT('',(55.,-27.5,55.));
#10842=CARTESIAN_POINT('',(55.,-27.5,55.));
#10843=CARTESIAN_POINT('',(55.,-27.5,60.));
#10844=CARTESIAN_POINT('',(55.,-27.5,60.));
#10845=CARTESIAN_POINT('',(55.,37.5,65.));
#10846=CARTESIAN_POINT('',(55.,37.5,65.));
#10847=CARTESIAN_POINT('',(70.,32.5,70.));
#10848=CARTESIAN_POINT('',(55.,32.5,70.));
#10849=CARTESIAN_POINT('',(55.,32.5,65.));
#10850=CARTESIAN_POINT('',(55.,32.5,65.));
#10851=CARTESIAN_POINT('',(55.,32.5,35.));
#10852=CARTESIAN_POINT('',(55.,32.5,35.));
#10853=CARTESIAN_POINT('',(70.,37.5,40.));
#10854=CARTESIAN_POINT('',(55.,37.5,40.));
#10855=CARTESIAN_POINT('',(55.,32.5,40.));
#10856=CARTESIAN_POINT('',(55.,32.5,40.));
#10857=CARTESIAN_POINT('',(55.,22.5,30.));
#10858=CARTESIAN_POINT('',(55.,22.5,30.));
#10859=CARTESIAN_POINT('',(55.,27.5,35.));
#10860=CARTESIAN_POINT('',(55.,27.5,35.));
#10861=CARTESIAN_POINT('',(55.,27.5,30.));
#10862=CARTESIAN_POINT('',(55.,27.5,30.));
#10863=CARTESIAN_POINT('',(55.,17.5,20.));
#10864=CARTESIAN_POINT('',(55.,17.5,20.));
#10865=CARTESIAN_POINT('',(70.,22.5,25.));
#10866=CARTESIAN_POINT('',(55.,22.5,25.));
#10867=CARTESIAN_POINT('',(55.,17.5,25.));
#10868=CARTESIAN_POINT('',(55.,17.5,25.));
#10869=CARTESIAN_POINT('',(55.,-37.5,25.));
#10870=CARTESIAN_POINT('',(55.,-37.5,25.));
#10871=CARTESIAN_POINT('',(70.,-32.5,20.));
#10872=CARTESIAN_POINT('',(55.,-32.5,20.));
#10873=CARTESIAN_POINT('',(55.,-32.5,25.));
#10874=CARTESIAN_POINT('',(55.,-32.5,25.));
#10875=CARTESIAN_POINT('',(55.,-32.5,55.));
#10876=CARTESIAN_POINT('',(55.,-32.5,55.));
#10877=CARTESIAN_POINT('',(70.,-37.5,50.));
#10878=CARTESIAN_POINT('',(55.,-37.5,50.));
#10879=CARTESIAN_POINT('',(55.,-32.5,50.));
#10880=CARTESIAN_POINT('',(55.,-32.5,50.));
#10881=CARTESIAN_POINT('',(55.,-17.5,70.));
#10882=CARTESIAN_POINT('',(55.,-17.5,70.));
#10883=CARTESIAN_POINT('',(70.,-22.5,65.));
#10884=CARTESIAN_POINT('',(55.,-22.5,65.));
#10885=CARTESIAN_POINT('',(55.,-17.5,65.));
#10886=CARTESIAN_POINT('',(55.,-17.5,65.));
#10887=CARTESIAN_POINT('',(70.,55.,80.));
#10888=CARTESIAN_POINT('',(55.,55.,80.));
#10889=CARTESIAN_POINT('',(-70.,55.,80.));
#10890=CARTESIAN_POINT('',(-55.,55.,80.));
#10891=CARTESIAN_POINT('',(55.,-22.5,70.));
#10892=CARTESIAN_POINT('',(55.,-22.5,70.));
#10893=CARTESIAN_POINT('',(55.,-22.5,55.));
#10894=CARTESIAN_POINT('',(55.,-22.5,55.));
#10895=CARTESIAN_POINT('',(55.,-37.5,55.));
#10896=CARTESIAN_POINT('',(55.,-37.5,55.));
#10897=CARTESIAN_POINT('',(55.,-37.5,55.));
#10898=CARTESIAN_POINT('',(55.,-37.5,55.));
#10899=CARTESIAN_POINT('',(55.,-37.5,20.));
#10900=CARTESIAN_POINT('',(55.,-37.5,20.));
#10901=CARTESIAN_POINT('',(55.,22.5,20.));
#10902=CARTESIAN_POINT('',(55.,22.5,20.));
#10903=CARTESIAN_POINT('',(55.,22.5,35.));
#10904=CARTESIAN_POINT('',(55.,22.5,35.));
#10905=CARTESIAN_POINT('',(55.,37.5,70.));
#10906=CARTESIAN_POINT('',(55.,37.5,70.));
#10907=CARTESIAN_POINT('',(70.,-55.,-15.));
#10908=CARTESIAN_POINT('',(70.,8.83131951406375E-15,0.));
#10909=CARTESIAN_POINT('',(-6.,3.,63.));
#10910=CARTESIAN_POINT('',(-6.,3.,63.));
#10911=CARTESIAN_POINT('',(-3.,6.,68.));
#10912=CARTESIAN_POINT('',(-3.,6.,63.));
#10913=CARTESIAN_POINT('',(-6.,6.,63.));
#10914=CARTESIAN_POINT('',(-6.,6.,68.));
#10915=CARTESIAN_POINT('',(1.30104260698261E-15,15.,68.));
#10916=CARTESIAN_POINT('',(8.67361737988404E-16,15.,63.));
#10917=CARTESIAN_POINT('',(3.,12.,68.));
#10918=CARTESIAN_POINT('',(3.,12.,63.));
#10919=CARTESIAN_POINT('',(8.67361737988404E-16,12.,63.));
#10920=CARTESIAN_POINT('',(8.67361737988404E-16,12.,68.));
#10921=CARTESIAN_POINT('',(-3.,12.,68.));
#10922=CARTESIAN_POINT('',(-3.,12.,63.));
#10923=CARTESIAN_POINT('',(1.19262238973405E-15,12.,63.));
#10924=CARTESIAN_POINT('',(1.19262238973405E-15,12.,68.));
#10925=CARTESIAN_POINT('',(3.,6.,63.));
#10926=CARTESIAN_POINT('',(3.,6.,63.));
#10927=CARTESIAN_POINT('',(6.,3.,68.));
#10928=CARTESIAN_POINT('',(6.,3.,63.));
#10929=CARTESIAN_POINT('',(6.,6.,63.));
#10930=CARTESIAN_POINT('',(6.,6.,68.));
#10931=CARTESIAN_POINT('',(15.,0.,68.));
#10932=CARTESIAN_POINT('',(15.,-4.33680868994202E-16,63.));
#10933=CARTESIAN_POINT('',(12.,-3.,68.));
#10934=CARTESIAN_POINT('',(12.,-3.,63.));
#10935=CARTESIAN_POINT('',(12.,-4.33680868994202E-16,63.));
#10936=CARTESIAN_POINT('',(12.,-4.33680868994202E-16,68.));
#10937=CARTESIAN_POINT('',(12.,3.,68.));
#10938=CARTESIAN_POINT('',(12.,3.,63.));
#10939=CARTESIAN_POINT('',(12.,2.16840434497101E-16,63.));
#10940=CARTESIAN_POINT('',(12.,2.16840434497101E-16,68.));
#10941=CARTESIAN_POINT('',(6.,-3.,63.));
#10942=CARTESIAN_POINT('',(6.,-3.,63.));
#10943=CARTESIAN_POINT('',(3.,-6.,68.));
#10944=CARTESIAN_POINT('',(3.,-6.,63.));
#10945=CARTESIAN_POINT('',(6.,-6.,63.));
#10946=CARTESIAN_POINT('',(6.,-6.,68.));
#10947=CARTESIAN_POINT('',(4.33680868994202E-15,-15.,68.));
#10948=CARTESIAN_POINT('',(4.33680868994202E-15,-15.,63.));
#10949=CARTESIAN_POINT('',(-3.,-12.,68.));
#10950=CARTESIAN_POINT('',(-3.,-12.,63.));
#10951=CARTESIAN_POINT('',(4.33680868994202E-15,-12.,63.));
#10952=CARTESIAN_POINT('',(4.33680868994202E-15,-12.,68.));
#10953=CARTESIAN_POINT('',(3.,-12.,68.));
#10954=CARTESIAN_POINT('',(3.,-12.,63.));
#10955=CARTESIAN_POINT('',(4.22838847269347E-15,-12.,63.));
#10956=CARTESIAN_POINT('',(4.22838847269347E-15,-12.,68.));
#10957=CARTESIAN_POINT('',(-3.,-6.,63.));
#10958=CARTESIAN_POINT('',(-3.,-6.,63.));
#10959=CARTESIAN_POINT('',(-6.,-3.,68.));
#10960=CARTESIAN_POINT('',(-6.,-3.,63.));
#10961=CARTESIAN_POINT('',(-6.,-6.,63.));
#10962=CARTESIAN_POINT('',(-6.,-6.,68.));
#10963=CARTESIAN_POINT('',(-12.,-3.,68.));
#10964=CARTESIAN_POINT('',(-12.,-3.,63.));
#10965=CARTESIAN_POINT('',(-15.,8.67361737988404E-16,68.));
#10966=CARTESIAN_POINT('',(-15.,-7.58941520739854E-16,63.));
#10967=CARTESIAN_POINT('',(-12.,-7.58941520739854E-16,63.));
#10968=CARTESIAN_POINT('',(-12.,-7.58941520739854E-16,68.));
#10969=CARTESIAN_POINT('',(-12.,3.,68.));
#10970=CARTESIAN_POINT('',(-12.,3.,63.));
#10971=CARTESIAN_POINT('',(-12.,8.67361737988404E-16,63.));
#10972=CARTESIAN_POINT('',(-12.,8.67361737988404E-16,68.));
#10973=CARTESIAN_POINT('',(4.33680868994202E-15,-2.05998412772246E-15,68.));
#10974=CARTESIAN_POINT('',(0.,0.,68.));
#10975=CARTESIAN_POINT('',(-3.,3.,63.));
#10976=CARTESIAN_POINT('',(-3.,3.,68.));
#10977=CARTESIAN_POINT('',(3.,15.,63.));
#10978=CARTESIAN_POINT('',(3.,15.,68.));
#10979=CARTESIAN_POINT('',(3.,3.,63.));
#10980=CARTESIAN_POINT('',(3.,3.,68.));
#10981=CARTESIAN_POINT('',(15.,-3.,63.));
#10982=CARTESIAN_POINT('',(15.,-3.,68.));
#10983=CARTESIAN_POINT('',(3.,-3.,63.));
#10984=CARTESIAN_POINT('',(3.,-3.,68.));
#10985=CARTESIAN_POINT('',(-3.,-15.,63.));
#10986=CARTESIAN_POINT('',(-3.,-15.,68.));
#10987=CARTESIAN_POINT('',(-3.,-3.,63.));
#10988=CARTESIAN_POINT('',(-3.,-3.,68.));
#10989=CARTESIAN_POINT('',(-15.,3.,63.));
#10990=CARTESIAN_POINT('',(-15.,3.,68.));
#10991=CARTESIAN_POINT('',(-45.,-39.,87.));
#10992=CARTESIAN_POINT('',(-45.,-39.,87.));
#10993=CARTESIAN_POINT('',(-39.,-45.,95.));
#10994=CARTESIAN_POINT('',(-39.,-45.,87.));
#10995=CARTESIAN_POINT('',(-39.,-39.,87.));
#10996=CARTESIAN_POINT('',(-39.,-39.,75.));
#10997=CARTESIAN_POINT('',(-31.,-25.,123.284271247462));
#10998=CARTESIAN_POINT('',(-31.,-25.,75.));
#10999=CARTESIAN_POINT('',(-25.,-31.,123.284271247462));
#11000=CARTESIAN_POINT('',(-25.,-31.,75.));
#11001=CARTESIAN_POINT('',(-31.,-31.,75.));
#11002=CARTESIAN_POINT('',(-31.,-31.,123.284271247462));
#11003=CARTESIAN_POINT('',(-25.,31.,123.284271247462));
#11004=CARTESIAN_POINT('',(-25.,31.,75.));
#11005=CARTESIAN_POINT('',(-31.,25.,123.284271247462));
#11006=CARTESIAN_POINT('',(-31.,25.,75.));
#11007=CARTESIAN_POINT('',(-31.,31.,75.));
#11008=CARTESIAN_POINT('',(-31.,31.,123.284271247462));
#11009=CARTESIAN_POINT('',(25.,-31.,123.284271247462));
#11010=CARTESIAN_POINT('',(25.,-31.,75.));
#11011=CARTESIAN_POINT('',(31.,-25.,123.284271247462));
#11012=CARTESIAN_POINT('',(31.,-25.,75.));
#11013=CARTESIAN_POINT('',(31.,-31.,75.));
#11014=CARTESIAN_POINT('',(31.,-31.,123.284271247462));
#11015=CARTESIAN_POINT('',(31.,25.,123.284271247462));
#11016=CARTESIAN_POINT('',(31.,25.,75.));
#11017=CARTESIAN_POINT('',(25.,31.,123.284271247462));
#11018=CARTESIAN_POINT('',(25.,31.,75.));
#11019=CARTESIAN_POINT('',(31.,31.,75.));
#11020=CARTESIAN_POINT('',(31.,31.,123.284271247462));
#11021=CARTESIAN_POINT('',(45.,39.,87.));
#11022=CARTESIAN_POINT('',(45.,39.,87.));
#11023=CARTESIAN_POINT('',(39.,45.,95.));
#11024=CARTESIAN_POINT('',(39.,45.,87.));
#11025=CARTESIAN_POINT('',(39.,39.,87.));
#11026=CARTESIAN_POINT('',(39.,39.,75.));
#11027=CARTESIAN_POINT('',(39.,-45.,87.));
#11028=CARTESIAN_POINT('',(39.,-45.,87.));
#11029=CARTESIAN_POINT('',(45.,-39.,95.));
#11030=CARTESIAN_POINT('',(45.,-39.,87.));
#11031=CARTESIAN_POINT('',(39.,-39.,87.));
#11032=CARTESIAN_POINT('',(39.,-39.,75.));
#11033=CARTESIAN_POINT('',(-45.,-19.,75.));
#11034=CARTESIAN_POINT('',(-45.,-19.,75.));
#11035=CARTESIAN_POINT('',(-39.,-25.,123.284271247462));
#11036=CARTESIAN_POINT('',(-39.,-25.,75.));
#11037=CARTESIAN_POINT('',(-39.,-19.,75.));
#11038=CARTESIAN_POINT('',(-39.,-19.,75.));
#11039=CARTESIAN_POINT('',(-25.,-39.,123.284271247462));
#11040=CARTESIAN_POINT('',(-25.,-39.,75.));
#11041=CARTESIAN_POINT('',(-19.,-45.,75.));
#11042=CARTESIAN_POINT('',(-19.,-45.,75.));
#11043=CARTESIAN_POINT('',(-19.,-39.,75.));
#11044=CARTESIAN_POINT('',(-19.,-39.,123.284271247462));
#11045=CARTESIAN_POINT('',(19.,-45.,75.));
#11046=CARTESIAN_POINT('',(18.9999999999999,-45.,75.));
#11047=CARTESIAN_POINT('',(25.,-39.,87.));
#11048=CARTESIAN_POINT('',(25.,-39.,75.));
#11049=CARTESIAN_POINT('',(19.,-39.,75.));
#11050=CARTESIAN_POINT('',(19.,-39.,75.));
#11051=CARTESIAN_POINT('',(39.,-25.,75.));
#11052=CARTESIAN_POINT('',(39.,-25.,75.));
#11053=CARTESIAN_POINT('',(45.,-19.,87.));
#11054=CARTESIAN_POINT('',(45.,-19.,75.));
#11055=CARTESIAN_POINT('',(39.,-19.,75.));
#11056=CARTESIAN_POINT('',(39.,-19.,123.284271247462));
#11057=CARTESIAN_POINT('',(-39.,25.,75.));
#11058=CARTESIAN_POINT('',(-39.,25.,75.));
#11059=CARTESIAN_POINT('',(-45.,19.,87.));
#11060=CARTESIAN_POINT('',(-45.,19.,75.));
#11061=CARTESIAN_POINT('',(-39.,19.,75.));
#11062=CARTESIAN_POINT('',(-39.,19.,123.284271247462));
#11063=CARTESIAN_POINT('',(45.,19.,75.));
#11064=CARTESIAN_POINT('',(45.,19.,75.));
#11065=CARTESIAN_POINT('',(39.,25.,123.284271247462));
#11066=CARTESIAN_POINT('',(39.,25.,75.));
#11067=CARTESIAN_POINT('',(39.,19.,75.));
#11068=CARTESIAN_POINT('',(39.,19.,75.));
#11069=CARTESIAN_POINT('',(-39.,45.,87.));
#11070=CARTESIAN_POINT('',(-39.,45.,87.));
#11071=CARTESIAN_POINT('',(-45.,39.,95.));
#11072=CARTESIAN_POINT('',(-45.,39.,87.));
#11073=CARTESIAN_POINT('',(-39.,39.,87.));
#11074=CARTESIAN_POINT('',(-39.,39.,75.));
#11075=CARTESIAN_POINT('',(-16.5,22.5,63.));
#11076=CARTESIAN_POINT('',(-16.5,22.5,63.));
#11077=CARTESIAN_POINT('',(-22.5,16.5,75.));
#11078=CARTESIAN_POINT('',(-22.5,16.5,63.));
#11079=CARTESIAN_POINT('',(-16.5,16.5,63.));
#11080=CARTESIAN_POINT('',(-16.5,16.5,63.));
#11081=CARTESIAN_POINT('',(22.5,16.5,63.));
#11082=CARTESIAN_POINT('',(22.5,16.5,63.));
#11083=CARTESIAN_POINT('',(16.5,22.5,75.));
#11084=CARTESIAN_POINT('',(16.5,22.5,63.));
#11085=CARTESIAN_POINT('',(16.5,16.5,63.));
#11086=CARTESIAN_POINT('',(16.5,16.5,63.));
#11087=CARTESIAN_POINT('',(16.5,-22.5,63.));
#11088=CARTESIAN_POINT('',(16.5,-22.5,63.));
#11089=CARTESIAN_POINT('',(22.5,-16.5,75.));
#11090=CARTESIAN_POINT('',(22.5,-16.5,63.));
#11091=CARTESIAN_POINT('',(16.5,-16.5,63.));
#11092=CARTESIAN_POINT('',(16.5,-16.5,63.));
#11093=CARTESIAN_POINT('',(-22.5,-16.5,63.));
#11094=CARTESIAN_POINT('',(-22.5,-16.5,63.));
#11095=CARTESIAN_POINT('',(-16.5,-22.5,75.));
#11096=CARTESIAN_POINT('',(-16.5,-22.5,63.));
#11097=CARTESIAN_POINT('',(-16.5,-16.5,63.));
#11098=CARTESIAN_POINT('',(-16.5,-16.5,63.));
#11099=CARTESIAN_POINT('',(-19.,45.,75.));
#11100=CARTESIAN_POINT('',(-18.9999999999999,45.,75.));
#11101=CARTESIAN_POINT('',(-25.,39.,87.));
#11102=CARTESIAN_POINT('',(-25.,39.,75.));
#11103=CARTESIAN_POINT('',(-19.,39.,75.));
#11104=CARTESIAN_POINT('',(-19.,39.,75.));
#11105=CARTESIAN_POINT('',(25.,39.,123.284271247462));
#11106=CARTESIAN_POINT('',(25.,39.,75.));
#11107=CARTESIAN_POINT('',(19.,45.,75.));
#11108=CARTESIAN_POINT('',(19.,45.,75.));
#11109=CARTESIAN_POINT('',(19.,39.,75.));
#11110=CARTESIAN_POINT('',(19.,39.,123.284271247462));
#11111=CARTESIAN_POINT('',(22.5,-22.5,63.));
#11112=CARTESIAN_POINT('',(22.5,-22.5,63.));
#11113=CARTESIAN_POINT('',(22.5,-22.5,63.));
#11114=CARTESIAN_POINT('',(22.5,-22.5,63.));
#11115=CARTESIAN_POINT('',(22.5,22.5,63.));
#11116=CARTESIAN_POINT('',(22.5,22.5,63.));
#11117=CARTESIAN_POINT('',(-22.5,-22.5,63.));
#11118=CARTESIAN_POINT('',(-22.5,-22.5,63.));
#11119=CARTESIAN_POINT('',(30.7,-35.,87.));
#11120=CARTESIAN_POINT('',(30.7,-35.,87.));
#11121=CARTESIAN_POINT('',(30.7,-35.,84.8));
#11122=CARTESIAN_POINT('',(35.,-35.,84.8));
#11123=CARTESIAN_POINT('',(39.3,-35.,84.8));
#11124=CARTESIAN_POINT('',(39.3,-35.,87.));
#11125=CARTESIAN_POINT('',(39.3,-35.,87.));
#11126=CARTESIAN_POINT('',(35.,-35.,87.));
#11127=CARTESIAN_POINT('',(35.,-35.,87.));
#11128=CARTESIAN_POINT('',(35.,-35.,84.8));
#11129=CARTESIAN_POINT('',(35.,-35.,84.8));
#11130=CARTESIAN_POINT('',(37.25,-35.,84.8));
#11131=CARTESIAN_POINT('',(32.75,-35.,84.8));
#11132=CARTESIAN_POINT('',(35.,-35.,84.8));
#11133=CARTESIAN_POINT('',(37.25,-35.,84.8));
#11134=CARTESIAN_POINT('',(32.75,-35.,87.));
#11135=CARTESIAN_POINT('',(32.75,-35.,72.));
#11136=CARTESIAN_POINT('',(35.,-35.,72.));
#11137=CARTESIAN_POINT('',(37.25,-35.,72.));
#11138=CARTESIAN_POINT('',(37.25,-35.,87.));
#11139=CARTESIAN_POINT('',(35.,-35.,87.));
#11140=CARTESIAN_POINT('',(32.75,-35.,72.));
#11141=CARTESIAN_POINT('',(35.,-35.,70.648063607188));
#11142=CARTESIAN_POINT('',(37.25,-35.,72.));
#11143=CARTESIAN_POINT('',(35.,-35.,72.));
#11144=CARTESIAN_POINT('',(30.7,35.,87.));
#11145=CARTESIAN_POINT('',(30.7,35.,87.));
#11146=CARTESIAN_POINT('',(30.7,35.,84.8));
#11147=CARTESIAN_POINT('',(35.,35.,84.8));
#11148=CARTESIAN_POINT('',(39.3,35.,84.8));
#11149=CARTESIAN_POINT('',(39.3,35.,87.));
#11150=CARTESIAN_POINT('',(39.3,35.,87.));
#11151=CARTESIAN_POINT('',(35.,35.,87.));
#11152=CARTESIAN_POINT('',(35.,35.,87.));
#11153=CARTESIAN_POINT('',(35.,35.,84.8));
#11154=CARTESIAN_POINT('',(35.,35.,84.8));
#11155=CARTESIAN_POINT('',(37.25,35.,84.8));
#11156=CARTESIAN_POINT('',(32.75,35.,84.8));
#11157=CARTESIAN_POINT('',(35.,35.,84.8));
#11158=CARTESIAN_POINT('',(37.25,35.,84.8));
#11159=CARTESIAN_POINT('',(32.75,35.,87.));
#11160=CARTESIAN_POINT('',(32.75,35.,72.));
#11161=CARTESIAN_POINT('',(35.,35.,72.));
#11162=CARTESIAN_POINT('',(37.25,35.,72.));
#11163=CARTESIAN_POINT('',(37.25,35.,87.));
#11164=CARTESIAN_POINT('',(35.,35.,87.));
#11165=CARTESIAN_POINT('',(32.75,35.,72.));
#11166=CARTESIAN_POINT('',(35.,35.,70.648063607188));
#11167=CARTESIAN_POINT('',(37.25,35.,72.));
#11168=CARTESIAN_POINT('',(35.,35.,72.));
#11169=CARTESIAN_POINT('',(-39.3,35.,87.));
#11170=CARTESIAN_POINT('',(-39.3,35.,87.));
#11171=CARTESIAN_POINT('',(-39.3,35.,84.8));
#11172=CARTESIAN_POINT('',(-35.,35.,84.8));
#11173=CARTESIAN_POINT('',(-30.7,35.,84.8));
#11174=CARTESIAN_POINT('',(-30.7,35.,87.));
#11175=CARTESIAN_POINT('',(-30.7,35.,87.));
#11176=CARTESIAN_POINT('',(-35.,35.,87.));
#11177=CARTESIAN_POINT('',(-35.,35.,87.));
#11178=CARTESIAN_POINT('',(-35.,35.,84.8));
#11179=CARTESIAN_POINT('',(-35.,35.,84.8));
#11180=CARTESIAN_POINT('',(-32.75,35.,84.8));
#11181=CARTESIAN_POINT('',(-37.25,35.,84.8));
#11182=CARTESIAN_POINT('',(-35.,35.,84.8));
#11183=CARTESIAN_POINT('',(-32.75,35.,84.8));
#11184=CARTESIAN_POINT('',(-37.25,35.,87.));
#11185=CARTESIAN_POINT('',(-37.25,35.,72.));
#11186=CARTESIAN_POINT('',(-35.,35.,72.));
#11187=CARTESIAN_POINT('',(-32.75,35.,72.));
#11188=CARTESIAN_POINT('',(-32.75,35.,87.));
#11189=CARTESIAN_POINT('',(-35.,35.,87.));
#11190=CARTESIAN_POINT('',(-37.25,35.,72.));
#11191=CARTESIAN_POINT('',(-35.,35.,70.648063607188));
#11192=CARTESIAN_POINT('',(-32.75,35.,72.));
#11193=CARTESIAN_POINT('',(-35.,35.,72.));
#11194=CARTESIAN_POINT('',(-39.3,-35.,87.));
#11195=CARTESIAN_POINT('',(-39.3,-35.,87.));
#11196=CARTESIAN_POINT('',(-39.3,-35.,84.8));
#11197=CARTESIAN_POINT('',(-35.,-35.,84.8));
#11198=CARTESIAN_POINT('',(-30.7,-35.,84.8));
#11199=CARTESIAN_POINT('',(-30.7,-35.,87.));
#11200=CARTESIAN_POINT('',(-30.7,-35.,87.));
#11201=CARTESIAN_POINT('',(-35.,-35.,87.));
#11202=CARTESIAN_POINT('',(-35.,-35.,87.));
#11203=CARTESIAN_POINT('',(-35.,-35.,84.8));
#11204=CARTESIAN_POINT('',(-35.,-35.,84.8));
#11205=CARTESIAN_POINT('',(-32.75,-35.,84.8));
#11206=CARTESIAN_POINT('',(-37.25,-35.,84.8));
#11207=CARTESIAN_POINT('',(-35.,-35.,84.8));
#11208=CARTESIAN_POINT('',(-32.75,-35.,84.8));
#11209=CARTESIAN_POINT('',(-37.25,-35.,87.));
#11210=CARTESIAN_POINT('',(-37.25,-35.,72.));
#11211=CARTESIAN_POINT('',(-35.,-35.,72.));
#11212=CARTESIAN_POINT('',(-32.75,-35.,72.));
#11213=CARTESIAN_POINT('',(-32.75,-35.,87.));
#11214=CARTESIAN_POINT('',(-35.,-35.,87.));
#11215=CARTESIAN_POINT('',(-37.25,-35.,72.));
#11216=CARTESIAN_POINT('',(-35.,-35.,70.648063607188));
#11217=CARTESIAN_POINT('',(-32.75,-35.,72.));
#11218=CARTESIAN_POINT('',(-35.,-35.,72.));
#11219=CARTESIAN_POINT('',(45.,-45.,87.));
#11220=CARTESIAN_POINT('',(25.,-45.,87.));
#11221=CARTESIAN_POINT('',(35.,-35.,87.));
#11222=CARTESIAN_POINT('',(55.,55.,87.));
#11223=CARTESIAN_POINT('',(25.,-45.,75.));
#11224=CARTESIAN_POINT('',(25.,-45.,123.284271247462));
#11225=CARTESIAN_POINT('',(25.,-25.,75.));
#11226=CARTESIAN_POINT('',(25.,-25.,123.284271247462));
#11227=CARTESIAN_POINT('',(25.,45.,87.));
#11228=CARTESIAN_POINT('',(45.,45.,87.));
#11229=CARTESIAN_POINT('',(35.,35.,87.));
#11230=CARTESIAN_POINT('',(55.,55.,87.));
#11231=CARTESIAN_POINT('',(25.,25.,75.));
#11232=CARTESIAN_POINT('',(25.,25.,123.284271247462));
#11233=CARTESIAN_POINT('',(25.,45.,75.));
#11234=CARTESIAN_POINT('',(25.,45.,123.284271247462));
#11235=CARTESIAN_POINT('',(-25.,-45.,87.));
#11236=CARTESIAN_POINT('',(-45.,-45.,87.));
#11237=CARTESIAN_POINT('',(-35.,-35.,87.));
#11238=CARTESIAN_POINT('',(55.,55.,87.));
#11239=CARTESIAN_POINT('',(-25.,-25.,75.));
#11240=CARTESIAN_POINT('',(-25.,-25.,123.284271247462));
#11241=CARTESIAN_POINT('',(-25.,-45.,75.));
#11242=CARTESIAN_POINT('',(-25.,-45.,123.284271247462));
#11243=CARTESIAN_POINT('',(-45.,45.,87.));
#11244=CARTESIAN_POINT('',(-25.,45.,87.));
#11245=CARTESIAN_POINT('',(-35.,35.,87.));
#11246=CARTESIAN_POINT('',(55.,55.,87.));
#11247=CARTESIAN_POINT('',(-25.,45.,75.));
#11248=CARTESIAN_POINT('',(-25.,45.,123.284271247462));
#11249=CARTESIAN_POINT('',(-25.,25.,75.));
#11250=CARTESIAN_POINT('',(-25.,25.,123.284271247462));
#11251=CARTESIAN_POINT('',(25.,53.,95.));
#11252=CARTESIAN_POINT('',(55.,55.,95.));
#11253=CARTESIAN_POINT('',(-70.,55.,-15.));
#11254=CARTESIAN_POINT('',(55.,55.,-15.));
#11255=CARTESIAN_POINT('',(45.,45.,75.));
#11256=CARTESIAN_POINT('',(45.,45.,75.));
#11257=CARTESIAN_POINT('',(-45.,45.,75.));
#11258=CARTESIAN_POINT('',(-45.,45.,75.));
#11259=CARTESIAN_POINT('',(45.,-45.,75.));
#11260=CARTESIAN_POINT('',(45.,-45.,75.));
#11261=CARTESIAN_POINT('',(-45.,-45.,75.));
#11262=CARTESIAN_POINT('',(-45.,-45.,75.));
#11263=CARTESIAN_POINT('',(45.,-45.,75.));
#11264=CARTESIAN_POINT('',(0.,0.,63.));
#11265=CARTESIAN_POINT('',(-70.,0.,0.));
#11266=CARTESIAN_POINT('',(55.,-17.5,40.));
#11267=CARTESIAN_POINT('',(55.,-1.89242561015652E-15,0.));
#11268=CARTESIAN_POINT('',(-50.,3.50570795286237,25.511794425146));
#11269=CARTESIAN_POINT('',(-50.,3.9630256543547,25.2477619270842));
#11270=CARTESIAN_POINT('',(-50.,4.47260227812297,25.1111287580138));
#11271=CARTESIAN_POINT('',(-50.,4.99999999999998,25.1111287580138));
#11272=CARTESIAN_POINT('',(-50.,-27.1891833059522,48.6960698932757));
#11273=CARTESIAN_POINT('',(-50.,37.1891833059522,48.6960698932757));
#11274=CARTESIAN_POINT('',(-50.,0.,0.));
#11275=CARTESIAN_POINT('',(1.51394048812521E-15,53.,0.));
#11276=CARTESIAN_POINT('',(-35.,-35.,72.));
#11277=CARTESIAN_POINT('',(-35.,-35.,72.));
#11278=CARTESIAN_POINT('',(-35.,-35.,87.));
#11279=CARTESIAN_POINT('',(-35.,-35.,87.));
#11280=CARTESIAN_POINT('',(-35.,35.,72.));
#11281=CARTESIAN_POINT('',(-35.,35.,72.));
#11282=CARTESIAN_POINT('',(-35.,35.,87.));
#11283=CARTESIAN_POINT('',(-35.,35.,87.));
#11284=CARTESIAN_POINT('',(35.,35.,72.));
#11285=CARTESIAN_POINT('',(35.,35.,72.));
#11286=CARTESIAN_POINT('',(35.,35.,87.));
#11287=CARTESIAN_POINT('',(35.,35.,87.));
#11288=CARTESIAN_POINT('',(35.,-35.,72.));
#11289=CARTESIAN_POINT('',(35.,-35.,72.));
#11290=CARTESIAN_POINT('',(35.,-35.,87.));
#11291=CARTESIAN_POINT('',(35.,-35.,87.));
#11292=CARTESIAN_POINT('',(64.,-17.5,40.));
#11293=CARTESIAN_POINT('',(65.,-17.5,40.));
#11294=CARTESIAN_POINT('',(-50.,37.1891833059522,48.6960698932757));
#11295=CARTESIAN_POINT('',(-50.,-27.1891833059522,48.6960698932757));
#11296=CARTESIAN_POINT('',(-49.652257527265,4.99999999999998,28.0912683702619));
#11297=CARTESIAN_POINT('',(-63.1743114854953,-2.3531050481222,30.2252928830371));
#11298=CARTESIAN_POINT('',(-65.,-2.27324152404787,30.3636205644053));
#11299=CARTESIAN_POINT('',(-65.,-1.35691035003045,31.9507527143627));
#11300=CARTESIAN_POINT('',(-63.1917418299458,-2.80442189768278,30.4876216569141));
#11301=CARTESIAN_POINT('',(-65.,-2.69124197495242,30.6234535900546));
#11302=CARTESIAN_POINT('',(-65.,-1.50785918956917,32.0379030675545));
#11303=CARTESIAN_POINT('',(-63.2010232275031,-3.18378289468931,30.8681347954267));
#11304=CARTESIAN_POINT('',(-65.,-3.04246702802335,30.9868453398996));
#11305=CARTESIAN_POINT('',(-65.,-1.634581367269,32.1645825793424));
#11306=CARTESIAN_POINT('',(-63.2010232275008,-3.44490074324316,31.3204041758846));
#11307=CARTESIAN_POINT('',(-65.,-3.28751066970302,31.4112733772107));
#11308=CARTESIAN_POINT('',(-65.,-1.72162123994027,32.3153400610055));
#11309=CARTESIAN_POINT('',(-63.1743114854953,-3.84739709525981,39.5786571565258));
#11310=CARTESIAN_POINT('',(-65.,-3.68767004711116,39.5786571565258));
#11311=CARTESIAN_POINT('',(-65.,-1.85500769907632,39.5786571565258));
#11312=CARTESIAN_POINT('',(-63.1917418299408,-3.84587213771947,40.1006734003397));
#11313=CARTESIAN_POINT('',(-65.,-3.6716482716136,40.0705726786257));
#11314=CARTESIAN_POINT('',(-65.,-1.85500769903278,39.7529578628336));
#11315=CARTESIAN_POINT('',(-63.201023227503,-3.70601859179654,40.6194662302088));
#11316=CARTESIAN_POINT('',(-65.,-3.53255431125125,40.5564383719566));
#11317=CARTESIAN_POINT('',(-65.,-1.80866111253573,39.9260422438393));
#11318=CARTESIAN_POINT('',(-63.2010232275008,-3.44490074324318,41.0717356106667));
#11319=CARTESIAN_POINT('',(-65.,-3.28751066970304,40.9808664093406));
#11320=CARTESIAN_POINT('',(-65.,-1.72162123994028,40.0767997255459));
#11321=CARTESIAN_POINT('',(-63.1743114854953,6.4942920471376,26.842705619787));
#11322=CARTESIAN_POINT('',(-65.,6.41442852306329,26.9810333011552));
#11323=CARTESIAN_POINT('',(-65.,5.49809734904586,28.5681654511126));
#11324=CARTESIAN_POINT('',(-63.1917418299458,6.04145024003619,26.58301814985));
#11325=CARTESIAN_POINT('',(-64.9999999999952,5.98040629665366,26.7489508047024));
#11326=CARTESIAN_POINT('',(-65.,5.34714850946273,28.4810150979965));
#11327=CARTESIAN_POINT('',(-63.2010232275067,5.52223569710731,26.4447384584941));
#11328=CARTESIAN_POINT('',(-64.9999999999999,5.49008728323183,26.6264768612249));
#11329=CARTESIAN_POINT('',(-65.,5.17407974526706,28.4346102287796));
#11330=CARTESIAN_POINT('',(-63.2010232275007,4.99999999999999,26.4447384584935));
#11331=CARTESIAN_POINT('',(-65.,4.99999999999999,26.6264768611458));
#11332=CARTESIAN_POINT('',(-65.,4.99999999999999,28.4346102287353));
#11333=CARTESIAN_POINT('',(-63.1743114854953,3.50570795286236,45.5494341667643));
#11334=CARTESIAN_POINT('',(-65.,3.58557147693668,45.4111064853961));
#11335=CARTESIAN_POINT('',(-65.,4.5019026509541,43.8239743354387));
#11336=CARTESIAN_POINT('',(-63.191741829942,3.95854975996359,45.8091216367016));
#11337=CARTESIAN_POINT('',(-64.9999999999964,4.01959370333652,45.643188981852));
#11338=CARTESIAN_POINT('',(-65.,4.65285149053543,43.911124688555));
#11339=CARTESIAN_POINT('',(-63.2010232275029,4.47776430289279,45.9474013280577));
#11340=CARTESIAN_POINT('',(-65.,4.5099127167755,45.7656629253331));
#11341=CARTESIAN_POINT('',(-65.,4.82592025473425,43.9575295577732));
#11342=CARTESIAN_POINT('',(-63.2010232275008,4.99999999999998,45.9474013280579));
#11343=CARTESIAN_POINT('',(-65.,4.99999999999998,45.7656629254055));
#11344=CARTESIAN_POINT('',(-65.,4.99999999999997,43.9575295578161));
#11345=CARTESIAN_POINT('',(-63.1743114854953,13.8473970952598,32.8134826300256));
#11346=CARTESIAN_POINT('',(-65.,13.6876700471111,32.8134826300256));
#11347=CARTESIAN_POINT('',(-65.,11.8550076990763,32.8134826300256));
#11348=CARTESIAN_POINT('',(-63.191741829942,13.8458721377193,32.2914663862116));
#11349=CARTESIAN_POINT('',(-65.,13.6716482716133,32.3215671079263));
#11350=CARTESIAN_POINT('',(-65.,11.8550076990332,32.6391819237177));
#11351=CARTESIAN_POINT('',(-63.201023227503,13.7060185917965,31.7726735563426));
#11352=CARTESIAN_POINT('',(-65.,13.5325543112521,31.8357014145939));
#11353=CARTESIAN_POINT('',(-65.,11.8086611125355,32.466097542712));
#11354=CARTESIAN_POINT('',(-63.2010232275008,13.4449007432431,31.3204041758846));
#11355=CARTESIAN_POINT('',(-65.,13.287510669703,31.4112733772108));
#11356=CARTESIAN_POINT('',(-65.,11.7216212399402,32.3153400610055));
#11357=CARTESIAN_POINT('',(-63.1743114854953,12.3531050481221,42.1668469035143));
#11358=CARTESIAN_POINT('',(-65.,12.2732415240478,42.028519222146));
#11359=CARTESIAN_POINT('',(-65.,11.3569103500304,40.4413870721886));
#11360=CARTESIAN_POINT('',(-63.1917418299421,12.804421897683,41.9045181296375));
#11361=CARTESIAN_POINT('',(-65.,12.691241974954,41.7686861964993));
#11362=CARTESIAN_POINT('',(-65.,11.507859189569,40.3542367189971));
#11363=CARTESIAN_POINT('',(-63.2010232275066,13.183782894689,41.5240049911244));
#11364=CARTESIAN_POINT('',(-64.9999999999999,13.042467028022,41.4052944466498));
#11365=CARTESIAN_POINT('',(-65.,11.6345813672692,40.2275572072089));
#11366=CARTESIAN_POINT('',(-63.2010232275007,13.4449007432431,41.0717356106668));
#11367=CARTESIAN_POINT('',(-65.,13.287510669703,40.9808664093406));
#11368=CARTESIAN_POINT('',(-65.,11.7216212399402,40.0767997255459));
#11369=CARTESIAN_POINT('',(-63.,-27.1891833059522,48.6960698932757));
#11370=CARTESIAN_POINT('',(-63.,37.1891833059522,48.6960698932757));
#11371=CARTESIAN_POINT('',(65.,-17.5,40.));
#11372=CARTESIAN_POINT('',(4.33680868994202E-15,-2.05998412772246E-15,58.));
#11373=CARTESIAN_POINT('',(4.33680868994202E-15,-2.05998412772246E-15,58.));
#11374=CARTESIAN_POINT('',(4.33680868994202E-15,-2.05998412772246E-15,68.));
#11375=CARTESIAN_POINT('',(55.,17.5,50.));
#11376=CARTESIAN_POINT('',(55.,17.5,50.));
#11377=CARTESIAN_POINT('',(65.,17.5,50.));
#11378=CARTESIAN_POINT('',(55.,-17.5,40.));
#11379=CARTESIAN_POINT('',(55.,-17.5,40.));
#11380=CARTESIAN_POINT('',(65.,-17.5,40.));
#11381=CARTESIAN_POINT('',(-55.,-27.1891833059522,23.6960698932757));
#11382=CARTESIAN_POINT('',(-55.,-27.1891833059522,23.6960698932757));
#11383=CARTESIAN_POINT('',(-65.,-27.1891833059522,23.6960698932757));
#11384=CARTESIAN_POINT('',(-55.,-27.1891833059522,48.6960698932757));
#11385=CARTESIAN_POINT('',(-55.,-27.1891833059522,48.6960698932757));
#11386=CARTESIAN_POINT('',(-65.,-27.1891833059522,48.6960698932757));
#11387=CARTESIAN_POINT('',(-55.,37.1891833059522,48.6960698932757));
#11388=CARTESIAN_POINT('',(-55.,37.1891833059522,48.6960698932757));
#11389=CARTESIAN_POINT('',(-65.,37.1891833059522,48.6960698932757));
#11390=CARTESIAN_POINT('',(-55.,37.1891833059522,23.6960698932757));
#11391=CARTESIAN_POINT('',(-55.,37.1891833059522,23.6960698932757));
#11392=CARTESIAN_POINT('',(-65.,37.1891833059522,23.6960698932757));
#11393=CARTESIAN_POINT('',(-15.,55.,49.7392803098594));
#11394=CARTESIAN_POINT('',(-15.,55.,49.7392803098594));
#11395=CARTESIAN_POINT('',(-15.,65.,49.7392803098594));
#11396=CARTESIAN_POINT('',(0.358983848622423,55.,65.));
#11397=CARTESIAN_POINT('',(0.358983848622423,55.,65.));
#11398=CARTESIAN_POINT('',(0.358983848622423,65.,65.));
#11399=CARTESIAN_POINT('',(15.,55.,49.7392803098594));
#11400=CARTESIAN_POINT('',(15.,55.,49.7392803098594));
#11401=CARTESIAN_POINT('',(15.,65.,49.7392803098594));
#11402=MECHANICAL_DESIGN_GEOMETRIC_PRESENTATION_REPRESENTATION('',(#24),
#11403);
#11403=(
GEOMETRIC_REPRESENTATION_CONTEXT(3)
GLOBAL_UNCERTAINTY_ASSIGNED_CONTEXT((#11404))
GLOBAL_UNIT_ASSIGNED_CONTEXT((#11410,#11406,#11405))
REPRESENTATION_CONTEXT('10_stp','TOP_LEVEL_ASSEMBLY_PART')
);
#11404=UNCERTAINTY_MEASURE_WITH_UNIT(LENGTH_MEASURE(0.0508),#11410,
'DISTANCE_ACCURACY_VALUE','Maximum Tolerance applied to model');
#11405=(
NAMED_UNIT(*)
SI_UNIT($,.STERADIAN.)
SOLID_ANGLE_UNIT()
);
#11406=(
CONVERSION_BASED_UNIT('DEGREE',#11408)
NAMED_UNIT(#11407)
PLANE_ANGLE_UNIT()
);
#11407=DIMENSIONAL_EXPONENTS(0.,0.,0.,0.,0.,0.,0.);
#11408=PLANE_ANGLE_MEASURE_WITH_UNIT(PLANE_ANGLE_MEASURE(0.0174532925),
#11409);
#11409=(
NAMED_UNIT(*)
PLANE_ANGLE_UNIT()
SI_UNIT($,.RADIAN.)
);
#11410=(
LENGTH_UNIT()
NAMED_UNIT(*)
SI_UNIT(.MILLI.,.METRE.)
);
ENDSEC;
END-ISO-10303-21;
