ISO-10303-21;
HEADER;
/* Generated by software containing ST-Developer
 * from STEP Tools, Inc. (www.steptools.com) 
 */
/* OPTION: using custom schema-name function */

FILE_DESCRIPTION(
/* description */ (''),
/* implementation_level */ '2;1');

FILE_NAME(
/* name */ '1_stp.stp',
/* time_stamp */ '2026-05-11T14:47:42+08:00',
/* author */ (''),
/* organization */ (''),
/* preprocessor_version */ 'ST-DEVELOPER v20',
/* originating_system */ 'SIEMENS PLM Software NX2412.1700',
/* authorisation */ '');

FILE_SCHEMA (('AUTOMOTIVE_DESIGN { 1 0 10303 214 3 1 1 1 }'));
ENDSEC;

DATA;
#10=SHAPE_REPRESENTATION_RELATIONSHIP('None',
'relationship between 1_stp-None and 1_stp-None',#22,#11);
#11=ADVANCED_BREP_SHAPE_REPRESENTATION('1_stp-None',(#32),#5439);
#12=SHAPE_DEFINITION_REPRESENTATION(#13,#22);
#13=PRODUCT_DEFINITION_SHAPE('','',#14);
#14=PRODUCT_DEFINITION(' ','',#16,#15);
#15=PRODUCT_DEFINITION_CONTEXT('part definition',#21,'design');
#16=PRODUCT_DEFINITION_FORMATION_WITH_SPECIFIED_SOURCE(' ',' ',#18,
 .NOT_KNOWN.);
#17=PRODUCT_RELATED_PRODUCT_CATEGORY('part','',(#18));
#18=PRODUCT('1_stp','1_stp',' ',(#19));
#19=PRODUCT_CONTEXT(' ',#21,'mechanical');
#20=APPLICATION_PROTOCOL_DEFINITION('international standard',
'automotive_design',2010,#21);
#21=APPLICATION_CONTEXT(
'core data for automotive mechanical design processes');
#22=SHAPE_REPRESENTATION('1_stp-None',(#3226),#5439);
#23=PRESENTATION_LAYER_ASSIGNMENT('1','Layer 1',(#32));
#24=STYLED_ITEM('',(#25),#32);
#25=PRESENTATION_STYLE_ASSIGNMENT((#26));
#26=SURFACE_STYLE_USAGE(.BOTH.,#27);
#27=SURFACE_SIDE_STYLE('',(#28));
#28=SURFACE_STYLE_FILL_AREA(#29);
#29=FILL_AREA_STYLE('',(#30));
#30=FILL_AREA_STYLE_COLOUR('',#31);
#31=COLOUR_RGB('medium steel',0.611764705882353,0.658823529411765,0.670588235294118);
#32=MANIFOLD_SOLID_BREP('DELETEFACE2',#33);
#33=CLOSED_SHELL('',(#338,#339,#340,#341,#342,#343,#344,#345,#346,#347,
#348,#349,#350,#351,#352,#353,#354,#355,#356,#357,#358,#359,#360,#361,#362,
#363,#364,#365,#366,#367,#368,#369,#370,#371,#372,#373,#374,#375,#376,#377,
#378,#379,#380,#381,#382,#383,#384,#385,#386,#387,#388,#389,#390,#391,#392,
#393,#394,#395,#396,#397,#398,#399,#400,#401,#402,#403,#404,#405,#406,#407,
#408,#409,#410,#411,#412,#413,#414,#415,#416,#417,#418,#419,#420,#421,#422,
#423,#424,#425,#426,#427,#428,#429,#430,#431,#432,#433,#434,#435,#436,#437,
#438,#439,#440,#441,#442,#443,#444,#445,#446,#447,#448,#449,#450,#451,#452,
#453,#454,#455,#456,#457,#458,#459,#460,#461,#462,#463,#464,#465,#466,#467,
#468,#469,#470,#471,#472,#473,#474,#475,#476,#477,#478,#479,#480,#481,#482,
#483,#484,#485,#486,#487,#488,#489,#490,#491,#492,#493,#494,#495,#496,#497,
#498,#499));
#34=FACE_BOUND('',#816,.T.);
#35=FACE_BOUND('',#817,.T.);
#36=FACE_BOUND('',#818,.T.);
#37=FACE_BOUND('',#819,.T.);
#38=FACE_BOUND('',#820,.T.);
#39=FACE_BOUND('',#821,.T.);
#40=FACE_BOUND('',#822,.T.);
#41=FACE_BOUND('',#823,.T.);
#42=FACE_BOUND('',#824,.T.);
#43=FACE_BOUND('',#825,.T.);
#44=FACE_BOUND('',#826,.T.);
#45=FACE_BOUND('',#827,.T.);
#46=FACE_BOUND('',#828,.T.);
#47=FACE_BOUND('',#829,.T.);
#48=FACE_BOUND('',#830,.T.);
#49=FACE_BOUND('',#831,.T.);
#50=FACE_BOUND('',#832,.T.);
#51=FACE_BOUND('',#833,.T.);
#52=FACE_BOUND('',#834,.T.);
#53=FACE_BOUND('',#835,.T.);
#54=FACE_BOUND('',#836,.T.);
#55=FACE_BOUND('',#837,.T.);
#56=FACE_BOUND('',#838,.T.);
#57=FACE_BOUND('',#839,.T.);
#58=FACE_BOUND('',#840,.T.);
#59=FACE_BOUND('',#841,.T.);
#60=FACE_BOUND('',#842,.T.);
#61=FACE_BOUND('',#843,.T.);
#62=FACE_BOUND('',#864,.T.);
#63=FACE_BOUND('',#865,.T.);
#64=FACE_BOUND('',#866,.T.);
#65=FACE_BOUND('',#867,.T.);
#66=FACE_BOUND('',#868,.T.);
#67=FACE_BOUND('',#869,.T.);
#68=FACE_BOUND('',#870,.T.);
#69=FACE_BOUND('',#871,.T.);
#70=FACE_BOUND('',#872,.T.);
#71=FACE_BOUND('',#873,.T.);
#72=FACE_BOUND('',#874,.T.);
#73=FACE_BOUND('',#875,.T.);
#74=FACE_BOUND('',#876,.T.);
#75=FACE_BOUND('',#877,.T.);
#76=FACE_BOUND('',#878,.T.);
#77=FACE_BOUND('',#879,.T.);
#78=FACE_BOUND('',#880,.T.);
#79=FACE_BOUND('',#881,.T.);
#80=FACE_BOUND('',#882,.T.);
#81=FACE_BOUND('',#883,.T.);
#82=FACE_BOUND('',#884,.T.);
#83=FACE_BOUND('',#885,.T.);
#84=CONICAL_SURFACE('',#3382,1.13030000004774,58.9999999943813);
#85=CONICAL_SURFACE('',#3384,1.13030000001645,58.9999999983396);
#86=CONICAL_SURFACE('',#3386,1.13030000013013,59.0000000042983);
#87=CONICAL_SURFACE('',#3388,1.13030000004774,59.0000000022978);
#88=CONICAL_SURFACE('',#3526,1.13030000004774,58.9999999943813);
#89=CONICAL_SURFACE('',#3528,1.13030000001645,58.9999999983396);
#90=CONICAL_SURFACE('',#3530,1.13030000013013,59.0000000042983);
#91=CONICAL_SURFACE('',#3532,1.13030000004774,59.0000000022978);
#92=CYLINDRICAL_SURFACE('',#3257,0.888999999999991);
#93=CYLINDRICAL_SURFACE('',#3260,0.888999999999987);
#94=CYLINDRICAL_SURFACE('',#3263,0.888999999999987);
#95=CYLINDRICAL_SURFACE('',#3266,0.888999999999994);
#96=CYLINDRICAL_SURFACE('',#3269,2.);
#97=CYLINDRICAL_SURFACE('',#3273,2.);
#98=CYLINDRICAL_SURFACE('',#3277,2.);
#99=CYLINDRICAL_SURFACE('',#3281,2.);
#100=CYLINDRICAL_SURFACE('',#3285,2.);
#101=CYLINDRICAL_SURFACE('',#3289,2.);
#102=CYLINDRICAL_SURFACE('',#3292,2.);
#103=CYLINDRICAL_SURFACE('',#3295,2.);
#104=CYLINDRICAL_SURFACE('',#3298,2.);
#105=CYLINDRICAL_SURFACE('',#3302,2.);
#106=CYLINDRICAL_SURFACE('',#3306,2.);
#107=CYLINDRICAL_SURFACE('',#3310,2.);
#108=CYLINDRICAL_SURFACE('',#3314,2.);
#109=CYLINDRICAL_SURFACE('',#3318,2.);
#110=CYLINDRICAL_SURFACE('',#3321,2.);
#111=CYLINDRICAL_SURFACE('',#3325,2.);
#112=CYLINDRICAL_SURFACE('',#3329,2.);
#113=CYLINDRICAL_SURFACE('',#3333,2.);
#114=CYLINDRICAL_SURFACE('',#3339,2.);
#115=CYLINDRICAL_SURFACE('',#3342,2.);
#116=CYLINDRICAL_SURFACE('',#3346,2.);
#117=CYLINDRICAL_SURFACE('',#3350,2.);
#118=CYLINDRICAL_SURFACE('',#3354,2.);
#119=CYLINDRICAL_SURFACE('',#3357,2.);
#120=CYLINDRICAL_SURFACE('',#3361,2.);
#121=CYLINDRICAL_SURFACE('',#3364,2.);
#122=CYLINDRICAL_SURFACE('',#3368,2.);
#123=CYLINDRICAL_SURFACE('',#3372,2.);
#124=CYLINDRICAL_SURFACE('',#3376,2.);
#125=CYLINDRICAL_SURFACE('',#3379,2.);
#126=CYLINDRICAL_SURFACE('',#3437,1.1303);
#127=CYLINDRICAL_SURFACE('',#3439,1.1303);
#128=CYLINDRICAL_SURFACE('',#3441,1.1303);
#129=CYLINDRICAL_SURFACE('',#3443,1.1303);
#130=CYLINDRICAL_SURFACE('',#3445,0.88899999999999);
#131=CYLINDRICAL_SURFACE('',#3447,0.888999999999994);
#132=CYLINDRICAL_SURFACE('',#3449,0.888999999999987);
#133=CYLINDRICAL_SURFACE('',#3451,0.888999999999994);
#134=CYLINDRICAL_SURFACE('',#3453,0.888999999999994);
#135=CYLINDRICAL_SURFACE('',#3455,0.888999999999994);
#136=CYLINDRICAL_SURFACE('',#3457,0.888999999999987);
#137=CYLINDRICAL_SURFACE('',#3459,0.889000000000001);
#138=CYLINDRICAL_SURFACE('',#3461,0.888999999999994);
#139=CYLINDRICAL_SURFACE('',#3463,0.888999999999994);
#140=CYLINDRICAL_SURFACE('',#3465,0.888999999999993);
#141=CYLINDRICAL_SURFACE('',#3467,0.888999999999994);
#142=CYLINDRICAL_SURFACE('',#3469,1.65);
#143=CYLINDRICAL_SURFACE('',#3471,1.65);
#144=CYLINDRICAL_SURFACE('',#3473,1.65);
#145=CYLINDRICAL_SURFACE('',#3475,1.65);
#146=CYLINDRICAL_SURFACE('',#3501,3.);
#147=CYLINDRICAL_SURFACE('',#3503,3.);
#148=CYLINDRICAL_SURFACE('',#3509,3.00000000000003);
#149=CYLINDRICAL_SURFACE('',#3511,3.);
#150=CYLINDRICAL_SURFACE('',#3518,0.888999999999991);
#151=CYLINDRICAL_SURFACE('',#3520,0.888999999999987);
#152=CYLINDRICAL_SURFACE('',#3522,0.888999999999987);
#153=CYLINDRICAL_SURFACE('',#3524,0.888999999999994);
#154=CYLINDRICAL_SURFACE('',#3533,1.1303);
#155=CYLINDRICAL_SURFACE('',#3534,1.1303);
#156=CYLINDRICAL_SURFACE('',#3535,1.1303);
#157=CYLINDRICAL_SURFACE('',#3536,1.1303);
#158=CYLINDRICAL_SURFACE('',#3537,0.88899999999999);
#159=CYLINDRICAL_SURFACE('',#3538,0.888999999999994);
#160=CYLINDRICAL_SURFACE('',#3539,0.888999999999987);
#161=CYLINDRICAL_SURFACE('',#3540,0.888999999999994);
#162=CYLINDRICAL_SURFACE('',#3541,0.888999999999994);
#163=CYLINDRICAL_SURFACE('',#3542,0.888999999999994);
#164=CYLINDRICAL_SURFACE('',#3543,0.888999999999987);
#165=CYLINDRICAL_SURFACE('',#3544,0.889000000000001);
#166=CYLINDRICAL_SURFACE('',#3545,0.888999999999994);
#167=CYLINDRICAL_SURFACE('',#3546,0.888999999999994);
#168=CYLINDRICAL_SURFACE('',#3547,0.888999999999993);
#169=CYLINDRICAL_SURFACE('',#3548,0.888999999999994);
#170=CYLINDRICAL_SURFACE('',#3549,1.65);
#171=CYLINDRICAL_SURFACE('',#3550,1.65);
#172=CYLINDRICAL_SURFACE('',#3551,1.65);
#173=CYLINDRICAL_SURFACE('',#3552,1.65);
#174=CIRCLE('',#3255,0.888999999963471);
#175=CIRCLE('',#3256,0.888999999999991);
#176=CIRCLE('',#3258,0.888999999989024);
#177=CIRCLE('',#3259,0.888999999999987);
#178=CIRCLE('',#3261,0.889000000045867);
#179=CIRCLE('',#3262,0.888999999999987);
#180=CIRCLE('',#3264,0.888999999963471);
#181=CIRCLE('',#3265,0.888999999999994);
#182=CIRCLE('',#3267,2.);
#183=CIRCLE('',#3268,2.);
#184=CIRCLE('',#3271,2.);
#185=CIRCLE('',#3272,2.);
#186=CIRCLE('',#3275,2.);
#187=CIRCLE('',#3276,2.);
#188=CIRCLE('',#3279,2.);
#189=CIRCLE('',#3280,2.);
#190=CIRCLE('',#3283,2.);
#191=CIRCLE('',#3284,2.);
#192=CIRCLE('',#3287,2.);
#193=CIRCLE('',#3288,2.);
#194=CIRCLE('',#3290,2.);
#195=CIRCLE('',#3291,2.);
#196=CIRCLE('',#3293,2.);
#197=CIRCLE('',#3294,2.);
#198=CIRCLE('',#3296,2.);
#199=CIRCLE('',#3297,2.);
#200=CIRCLE('',#3300,2.);
#201=CIRCLE('',#3301,2.);
#202=CIRCLE('',#3304,2.);
#203=CIRCLE('',#3305,2.);
#204=CIRCLE('',#3308,2.);
#205=CIRCLE('',#3309,2.);
#206=CIRCLE('',#3312,2.);
#207=CIRCLE('',#3313,2.);
#208=CIRCLE('',#3316,2.);
#209=CIRCLE('',#3317,2.);
#210=CIRCLE('',#3319,2.);
#211=CIRCLE('',#3320,2.);
#212=CIRCLE('',#3323,2.);
#213=CIRCLE('',#3324,2.);
#214=CIRCLE('',#3327,2.);
#215=CIRCLE('',#3328,2.);
#216=CIRCLE('',#3331,2.);
#217=CIRCLE('',#3332,2.);
#218=CIRCLE('',#3337,2.);
#219=CIRCLE('',#3338,2.);
#220=CIRCLE('',#3340,2.);
#221=CIRCLE('',#3341,2.);
#222=CIRCLE('',#3344,2.);
#223=CIRCLE('',#3345,2.);
#224=CIRCLE('',#3348,2.);
#225=CIRCLE('',#3349,2.);
#226=CIRCLE('',#3352,2.);
#227=CIRCLE('',#3353,2.);
#228=CIRCLE('',#3355,2.);
#229=CIRCLE('',#3356,2.);
#230=CIRCLE('',#3359,2.);
#231=CIRCLE('',#3360,2.);
#232=CIRCLE('',#3362,2.);
#233=CIRCLE('',#3363,2.);
#234=CIRCLE('',#3366,2.);
#235=CIRCLE('',#3367,2.);
#236=CIRCLE('',#3370,2.);
#237=CIRCLE('',#3371,2.);
#238=CIRCLE('',#3374,2.);
#239=CIRCLE('',#3375,2.);
#240=CIRCLE('',#3377,2.);
#241=CIRCLE('',#3378,2.);
#242=CIRCLE('',#3381,1.1303);
#243=CIRCLE('',#3383,1.1303);
#244=CIRCLE('',#3385,1.1303);
#245=CIRCLE('',#3387,1.1303);
#246=CIRCLE('',#3389,0.888999999999991);
#247=CIRCLE('',#3390,0.88899999999999);
#248=CIRCLE('',#3391,0.88899999999999);
#249=CIRCLE('',#3392,0.888999999999994);
#250=CIRCLE('',#3393,0.888999999999994);
#251=CIRCLE('',#3394,0.888999999999987);
#252=CIRCLE('',#3395,0.888999999999987);
#253=CIRCLE('',#3396,0.888999999999987);
#254=CIRCLE('',#3397,0.888999999999987);
#255=CIRCLE('',#3398,0.888999999999994);
#256=CIRCLE('',#3399,0.888999999999994);
#257=CIRCLE('',#3400,0.888999999999994);
#258=CIRCLE('',#3401,0.888999999999994);
#259=CIRCLE('',#3402,0.888999999999994);
#260=CIRCLE('',#3404,0.888999999999994);
#261=CIRCLE('',#3405,0.888999999999994);
#262=CIRCLE('',#3406,0.888999999999987);
#263=CIRCLE('',#3407,0.888999999999987);
#264=CIRCLE('',#3408,0.889000000000001);
#265=CIRCLE('',#3409,0.889000000000001);
#266=CIRCLE('',#3410,0.888999999999994);
#267=CIRCLE('',#3411,0.888999999999994);
#268=CIRCLE('',#3412,0.888999999999994);
#269=CIRCLE('',#3413,0.888999999999994);
#270=CIRCLE('',#3414,0.888999999999993);
#271=CIRCLE('',#3415,0.888999999999993);
#272=CIRCLE('',#3417,0.888999999999994);
#273=CIRCLE('',#3418,0.888999999999994);
#274=CIRCLE('',#3420,1.65);
#275=CIRCLE('',#3421,1.65);
#276=CIRCLE('',#3422,3.);
#277=CIRCLE('',#3424,1.65);
#278=CIRCLE('',#3425,1.65);
#279=CIRCLE('',#3426,3.);
#280=CIRCLE('',#3428,1.65);
#281=CIRCLE('',#3429,1.65);
#282=CIRCLE('',#3430,3.00000000000003);
#283=CIRCLE('',#3432,1.65);
#284=CIRCLE('',#3433,1.65);
#285=CIRCLE('',#3434,3.);
#286=CIRCLE('',#3436,1.1303);
#287=CIRCLE('',#3438,1.1303);
#288=CIRCLE('',#3440,1.1303);
#289=CIRCLE('',#3442,1.1303);
#290=CIRCLE('',#3444,0.88899999999999);
#291=CIRCLE('',#3446,0.888999999999994);
#292=CIRCLE('',#3448,0.888999999999987);
#293=CIRCLE('',#3450,0.888999999999994);
#294=CIRCLE('',#3452,0.888999999999994);
#295=CIRCLE('',#3454,0.888999999999994);
#296=CIRCLE('',#3456,0.888999999999987);
#297=CIRCLE('',#3458,0.889000000000001);
#298=CIRCLE('',#3460,0.888999999999994);
#299=CIRCLE('',#3462,0.888999999999994);
#300=CIRCLE('',#3464,0.888999999999993);
#301=CIRCLE('',#3466,0.888999999999994);
#302=CIRCLE('',#3468,1.65);
#303=CIRCLE('',#3470,1.65);
#304=CIRCLE('',#3472,1.65);
#305=CIRCLE('',#3474,1.65);
#306=CIRCLE('',#3476,1.1303);
#307=CIRCLE('',#3477,1.1303);
#308=CIRCLE('',#3478,1.1303);
#309=CIRCLE('',#3479,1.1303);
#310=CIRCLE('',#3480,0.88899999999999);
#311=CIRCLE('',#3481,0.888999999999994);
#312=CIRCLE('',#3482,0.888999999999987);
#313=CIRCLE('',#3483,0.888999999999994);
#314=CIRCLE('',#3484,0.888999999999994);
#315=CIRCLE('',#3485,0.888999999999994);
#316=CIRCLE('',#3486,0.888999999999987);
#317=CIRCLE('',#3487,0.889000000000001);
#318=CIRCLE('',#3488,0.888999999999994);
#319=CIRCLE('',#3489,0.888999999999994);
#320=CIRCLE('',#3490,0.888999999999993);
#321=CIRCLE('',#3491,0.888999999999994);
#322=CIRCLE('',#3492,1.65);
#323=CIRCLE('',#3493,1.65);
#324=CIRCLE('',#3494,1.65);
#325=CIRCLE('',#3495,1.65);
#326=CIRCLE('',#3496,3.);
#327=CIRCLE('',#3497,3.);
#328=CIRCLE('',#3498,3.00000000000003);
#329=CIRCLE('',#3499,3.);
#330=CIRCLE('',#3517,0.888999999963471);
#331=CIRCLE('',#3519,0.888999999989024);
#332=CIRCLE('',#3521,0.889000000045867);
#333=CIRCLE('',#3523,0.888999999963471);
#334=CIRCLE('',#3525,1.1303);
#335=CIRCLE('',#3527,1.1303);
#336=CIRCLE('',#3529,1.1303);
#337=CIRCLE('',#3531,1.1303);
#338=ADVANCED_FACE('NONE',(#572),#500,.F.);
#339=ADVANCED_FACE('NONE',(#573),#501,.F.);
#340=ADVANCED_FACE('NONE',(#574),#502,.F.);
#341=ADVANCED_FACE('NONE',(#575),#503,.F.);
#342=ADVANCED_FACE('NONE',(#576),#504,.F.);
#343=ADVANCED_FACE('NONE',(#577),#505,.F.);
#344=ADVANCED_FACE('NONE',(#578),#506,.F.);
#345=ADVANCED_FACE('NONE',(#579),#507,.F.);
#346=ADVANCED_FACE('NONE',(#580),#508,.F.);
#347=ADVANCED_FACE('NONE',(#581),#509,.F.);
#348=ADVANCED_FACE('NONE',(#582),#510,.F.);
#349=ADVANCED_FACE('NONE',(#583),#511,.F.);
#350=ADVANCED_FACE('NONE',(#584),#512,.F.);
#351=ADVANCED_FACE('NONE',(#585),#513,.F.);
#352=ADVANCED_FACE('NONE',(#586),#514,.F.);
#353=ADVANCED_FACE('NONE',(#587),#515,.F.);
#354=ADVANCED_FACE('NONE',(#588),#516,.T.);
#355=ADVANCED_FACE('NONE',(#589),#517,.T.);
#356=ADVANCED_FACE('NONE',(#590),#518,.T.);
#357=ADVANCED_FACE('NONE',(#591),#519,.T.);
#358=ADVANCED_FACE('NONE',(#592),#520,.T.);
#359=ADVANCED_FACE('NONE',(#593),#521,.T.);
#360=ADVANCED_FACE('NONE',(#594),#522,.T.);
#361=ADVANCED_FACE('NONE',(#595),#523,.T.);
#362=ADVANCED_FACE('NONE',(#596),#524,.T.);
#363=ADVANCED_FACE('NONE',(#597),#525,.T.);
#364=ADVANCED_FACE('NONE',(#598),#526,.T.);
#365=ADVANCED_FACE('NONE',(#599),#527,.T.);
#366=ADVANCED_FACE('NONE',(#600),#92,.F.);
#367=ADVANCED_FACE('NONE',(#601),#93,.F.);
#368=ADVANCED_FACE('NONE',(#602),#94,.F.);
#369=ADVANCED_FACE('NONE',(#603),#95,.F.);
#370=ADVANCED_FACE('NONE',(#604),#96,.F.);
#371=ADVANCED_FACE('NONE',(#605),#528,.F.);
#372=ADVANCED_FACE('NONE',(#606),#97,.F.);
#373=ADVANCED_FACE('NONE',(#607),#529,.F.);
#374=ADVANCED_FACE('NONE',(#608),#98,.F.);
#375=ADVANCED_FACE('NONE',(#609),#530,.F.);
#376=ADVANCED_FACE('NONE',(#610),#99,.F.);
#377=ADVANCED_FACE('NONE',(#611),#531,.F.);
#378=ADVANCED_FACE('NONE',(#612),#100,.F.);
#379=ADVANCED_FACE('NONE',(#613),#532,.F.);
#380=ADVANCED_FACE('NONE',(#614),#101,.F.);
#381=ADVANCED_FACE('NONE',(#615),#102,.F.);
#382=ADVANCED_FACE('NONE',(#616),#103,.F.);
#383=ADVANCED_FACE('NONE',(#617),#104,.F.);
#384=ADVANCED_FACE('NONE',(#618),#533,.F.);
#385=ADVANCED_FACE('NONE',(#619),#105,.F.);
#386=ADVANCED_FACE('NONE',(#620),#534,.F.);
#387=ADVANCED_FACE('NONE',(#621),#106,.F.);
#388=ADVANCED_FACE('NONE',(#622),#535,.F.);
#389=ADVANCED_FACE('NONE',(#623),#107,.F.);
#390=ADVANCED_FACE('NONE',(#624),#536,.F.);
#391=ADVANCED_FACE('NONE',(#625),#108,.F.);
#392=ADVANCED_FACE('NONE',(#626),#537,.F.);
#393=ADVANCED_FACE('NONE',(#627),#109,.F.);
#394=ADVANCED_FACE('NONE',(#628),#110,.F.);
#395=ADVANCED_FACE('NONE',(#629),#538,.F.);
#396=ADVANCED_FACE('NONE',(#630),#111,.F.);
#397=ADVANCED_FACE('NONE',(#631),#539,.F.);
#398=ADVANCED_FACE('NONE',(#632),#112,.F.);
#399=ADVANCED_FACE('NONE',(#633),#540,.F.);
#400=ADVANCED_FACE('NONE',(#634),#113,.F.);
#401=ADVANCED_FACE('NONE',(#635),#541,.F.);
#402=ADVANCED_FACE('NONE',(#636),#542,.F.);
#403=ADVANCED_FACE('NONE',(#637),#543,.F.);
#404=ADVANCED_FACE('NONE',(#638),#114,.F.);
#405=ADVANCED_FACE('NONE',(#639),#115,.F.);
#406=ADVANCED_FACE('NONE',(#640),#544,.T.);
#407=ADVANCED_FACE('NONE',(#641),#116,.F.);
#408=ADVANCED_FACE('NONE',(#642),#545,.T.);
#409=ADVANCED_FACE('NONE',(#643),#117,.F.);
#410=ADVANCED_FACE('NONE',(#644),#546,.T.);
#411=ADVANCED_FACE('NONE',(#645),#118,.F.);
#412=ADVANCED_FACE('NONE',(#646),#119,.F.);
#413=ADVANCED_FACE('NONE',(#647),#547,.T.);
#414=ADVANCED_FACE('NONE',(#648),#120,.F.);
#415=ADVANCED_FACE('NONE',(#649),#121,.F.);
#416=ADVANCED_FACE('NONE',(#650),#548,.T.);
#417=ADVANCED_FACE('NONE',(#651),#122,.F.);
#418=ADVANCED_FACE('NONE',(#652),#549,.T.);
#419=ADVANCED_FACE('NONE',(#653),#123,.F.);
#420=ADVANCED_FACE('NONE',(#654),#550,.T.);
#421=ADVANCED_FACE('NONE',(#655),#124,.F.);
#422=ADVANCED_FACE('NONE',(#656),#125,.F.);
#423=ADVANCED_FACE('NONE',(#657),#551,.T.);
#424=ADVANCED_FACE('NONE',(#658),#84,.F.);
#425=ADVANCED_FACE('NONE',(#659),#85,.F.);
#426=ADVANCED_FACE('NONE',(#660),#86,.F.);
#427=ADVANCED_FACE('NONE',(#661),#87,.F.);
#428=ADVANCED_FACE('NONE',(#34,#35,#36,#37,#38,#39,#40,#41,#42,#43),#552,
 .T.);
#429=ADVANCED_FACE('NONE',(#44,#45,#46,#47,#48,#49,#50,#51),#553,.T.);
#430=ADVANCED_FACE('NONE',(#52,#53),#554,.T.);
#431=ADVANCED_FACE('NONE',(#54,#55),#555,.T.);
#432=ADVANCED_FACE('NONE',(#56,#57),#556,.T.);
#433=ADVANCED_FACE('NONE',(#58,#59),#557,.T.);
#434=ADVANCED_FACE('NONE',(#60,#61),#558,.T.);
#435=ADVANCED_FACE('NONE',(#662),#126,.F.);
#436=ADVANCED_FACE('NONE',(#663),#127,.F.);
#437=ADVANCED_FACE('NONE',(#664),#128,.F.);
#438=ADVANCED_FACE('NONE',(#665),#129,.F.);
#439=ADVANCED_FACE('NONE',(#666),#130,.F.);
#440=ADVANCED_FACE('NONE',(#667),#131,.F.);
#441=ADVANCED_FACE('NONE',(#668),#132,.F.);
#442=ADVANCED_FACE('NONE',(#669),#133,.F.);
#443=ADVANCED_FACE('NONE',(#670),#134,.F.);
#444=ADVANCED_FACE('NONE',(#671),#135,.F.);
#445=ADVANCED_FACE('NONE',(#672),#136,.F.);
#446=ADVANCED_FACE('NONE',(#673),#137,.F.);
#447=ADVANCED_FACE('NONE',(#674),#138,.F.);
#448=ADVANCED_FACE('NONE',(#675),#139,.F.);
#449=ADVANCED_FACE('NONE',(#676),#140,.F.);
#450=ADVANCED_FACE('NONE',(#677),#141,.F.);
#451=ADVANCED_FACE('NONE',(#678),#142,.F.);
#452=ADVANCED_FACE('NONE',(#679),#143,.F.);
#453=ADVANCED_FACE('NONE',(#680),#144,.F.);
#454=ADVANCED_FACE('NONE',(#681),#145,.F.);
#455=ADVANCED_FACE('NONE',(#62,#63,#64,#65,#66,#67,#68,#69,#70,#71,#72,
#73,#74,#75,#76,#77,#78,#79,#80,#81,#82,#83),#559,.F.);
#456=ADVANCED_FACE('NONE',(#682),#146,.F.);
#457=ADVANCED_FACE('NONE',(#683),#560,.F.);
#458=ADVANCED_FACE('NONE',(#684),#147,.F.);
#459=ADVANCED_FACE('NONE',(#685),#561,.F.);
#460=ADVANCED_FACE('NONE',(#686),#562,.F.);
#461=ADVANCED_FACE('NONE',(#687),#563,.F.);
#462=ADVANCED_FACE('NONE',(#688),#564,.F.);
#463=ADVANCED_FACE('NONE',(#689),#565,.F.);
#464=ADVANCED_FACE('NONE',(#690),#148,.F.);
#465=ADVANCED_FACE('NONE',(#691),#566,.F.);
#466=ADVANCED_FACE('NONE',(#692),#149,.F.);
#467=ADVANCED_FACE('NONE',(#693),#567,.F.);
#468=ADVANCED_FACE('NONE',(#694),#568,.F.);
#469=ADVANCED_FACE('NONE',(#695),#569,.F.);
#470=ADVANCED_FACE('NONE',(#696),#570,.F.);
#471=ADVANCED_FACE('NONE',(#697),#571,.F.);
#472=ADVANCED_FACE('NONE',(#698),#150,.F.);
#473=ADVANCED_FACE('NONE',(#699),#151,.F.);
#474=ADVANCED_FACE('NONE',(#700),#152,.F.);
#475=ADVANCED_FACE('NONE',(#701),#153,.F.);
#476=ADVANCED_FACE('NONE',(#702),#88,.F.);
#477=ADVANCED_FACE('NONE',(#703),#89,.F.);
#478=ADVANCED_FACE('NONE',(#704),#90,.F.);
#479=ADVANCED_FACE('NONE',(#705),#91,.F.);
#480=ADVANCED_FACE('NONE',(#706),#154,.F.);
#481=ADVANCED_FACE('NONE',(#707),#155,.F.);
#482=ADVANCED_FACE('NONE',(#708),#156,.F.);
#483=ADVANCED_FACE('NONE',(#709),#157,.F.);
#484=ADVANCED_FACE('NONE',(#710),#158,.F.);
#485=ADVANCED_FACE('NONE',(#711),#159,.F.);
#486=ADVANCED_FACE('NONE',(#712),#160,.F.);
#487=ADVANCED_FACE('NONE',(#713),#161,.F.);
#488=ADVANCED_FACE('NONE',(#714),#162,.F.);
#489=ADVANCED_FACE('NONE',(#715),#163,.F.);
#490=ADVANCED_FACE('NONE',(#716),#164,.F.);
#491=ADVANCED_FACE('NONE',(#717),#165,.F.);
#492=ADVANCED_FACE('NONE',(#718),#166,.F.);
#493=ADVANCED_FACE('NONE',(#719),#167,.F.);
#494=ADVANCED_FACE('NONE',(#720),#168,.F.);
#495=ADVANCED_FACE('NONE',(#721),#169,.F.);
#496=ADVANCED_FACE('NONE',(#722),#170,.F.);
#497=ADVANCED_FACE('NONE',(#723),#171,.F.);
#498=ADVANCED_FACE('NONE',(#724),#172,.F.);
#499=ADVANCED_FACE('NONE',(#725),#173,.F.);
#500=PLANE('',#3227);
#501=PLANE('',#3228);
#502=PLANE('',#3229);
#503=PLANE('',#3230);
#504=PLANE('',#3231);
#505=PLANE('',#3232);
#506=PLANE('',#3233);
#507=PLANE('',#3234);
#508=PLANE('',#3235);
#509=PLANE('',#3236);
#510=PLANE('',#3237);
#511=PLANE('',#3238);
#512=PLANE('',#3239);
#513=PLANE('',#3240);
#514=PLANE('',#3241);
#515=PLANE('',#3242);
#516=PLANE('',#3243);
#517=PLANE('',#3244);
#518=PLANE('',#3245);
#519=PLANE('',#3246);
#520=PLANE('',#3247);
#521=PLANE('',#3248);
#522=PLANE('',#3249);
#523=PLANE('',#3250);
#524=PLANE('',#3251);
#525=PLANE('',#3252);
#526=PLANE('',#3253);
#527=PLANE('',#3254);
#528=PLANE('',#3270);
#529=PLANE('',#3274);
#530=PLANE('',#3278);
#531=PLANE('',#3282);
#532=PLANE('',#3286);
#533=PLANE('',#3299);
#534=PLANE('',#3303);
#535=PLANE('',#3307);
#536=PLANE('',#3311);
#537=PLANE('',#3315);
#538=PLANE('',#3322);
#539=PLANE('',#3326);
#540=PLANE('',#3330);
#541=PLANE('',#3334);
#542=PLANE('',#3335);
#543=PLANE('',#3336);
#544=PLANE('',#3343);
#545=PLANE('',#3347);
#546=PLANE('',#3351);
#547=PLANE('',#3358);
#548=PLANE('',#3365);
#549=PLANE('',#3369);
#550=PLANE('',#3373);
#551=PLANE('',#3380);
#552=PLANE('',#3403);
#553=PLANE('',#3416);
#554=PLANE('',#3419);
#555=PLANE('',#3423);
#556=PLANE('',#3427);
#557=PLANE('',#3431);
#558=PLANE('',#3435);
#559=PLANE('',#3500);
#560=PLANE('',#3502);
#561=PLANE('',#3504);
#562=PLANE('',#3505);
#563=PLANE('',#3506);
#564=PLANE('',#3507);
#565=PLANE('',#3508);
#566=PLANE('',#3510);
#567=PLANE('',#3512);
#568=PLANE('',#3513);
#569=PLANE('',#3514);
#570=PLANE('',#3515);
#571=PLANE('',#3516);
#572=FACE_OUTER_BOUND('',#726,.T.);
#573=FACE_OUTER_BOUND('',#727,.T.);
#574=FACE_OUTER_BOUND('',#728,.T.);
#575=FACE_OUTER_BOUND('',#729,.T.);
#576=FACE_OUTER_BOUND('',#730,.T.);
#577=FACE_OUTER_BOUND('',#731,.T.);
#578=FACE_OUTER_BOUND('',#732,.T.);
#579=FACE_OUTER_BOUND('',#733,.T.);
#580=FACE_OUTER_BOUND('',#734,.T.);
#581=FACE_OUTER_BOUND('',#735,.T.);
#582=FACE_OUTER_BOUND('',#736,.T.);
#583=FACE_OUTER_BOUND('',#737,.T.);
#584=FACE_OUTER_BOUND('',#738,.T.);
#585=FACE_OUTER_BOUND('',#739,.T.);
#586=FACE_OUTER_BOUND('',#740,.T.);
#587=FACE_OUTER_BOUND('',#741,.T.);
#588=FACE_OUTER_BOUND('',#742,.T.);
#589=FACE_OUTER_BOUND('',#743,.T.);
#590=FACE_OUTER_BOUND('',#744,.T.);
#591=FACE_OUTER_BOUND('',#745,.T.);
#592=FACE_OUTER_BOUND('',#746,.T.);
#593=FACE_OUTER_BOUND('',#747,.T.);
#594=FACE_OUTER_BOUND('',#748,.T.);
#595=FACE_OUTER_BOUND('',#749,.T.);
#596=FACE_OUTER_BOUND('',#750,.T.);
#597=FACE_OUTER_BOUND('',#751,.T.);
#598=FACE_OUTER_BOUND('',#752,.T.);
#599=FACE_OUTER_BOUND('',#753,.T.);
#600=FACE_OUTER_BOUND('',#754,.T.);
#601=FACE_OUTER_BOUND('',#755,.T.);
#602=FACE_OUTER_BOUND('',#756,.T.);
#603=FACE_OUTER_BOUND('',#757,.T.);
#604=FACE_OUTER_BOUND('',#758,.T.);
#605=FACE_OUTER_BOUND('',#759,.T.);
#606=FACE_OUTER_BOUND('',#760,.T.);
#607=FACE_OUTER_BOUND('',#761,.T.);
#608=FACE_OUTER_BOUND('',#762,.T.);
#609=FACE_OUTER_BOUND('',#763,.T.);
#610=FACE_OUTER_BOUND('',#764,.T.);
#611=FACE_OUTER_BOUND('',#765,.T.);
#612=FACE_OUTER_BOUND('',#766,.T.);
#613=FACE_OUTER_BOUND('',#767,.T.);
#614=FACE_OUTER_BOUND('',#768,.T.);
#615=FACE_OUTER_BOUND('',#769,.T.);
#616=FACE_OUTER_BOUND('',#770,.T.);
#617=FACE_OUTER_BOUND('',#771,.T.);
#618=FACE_OUTER_BOUND('',#772,.T.);
#619=FACE_OUTER_BOUND('',#773,.T.);
#620=FACE_OUTER_BOUND('',#774,.T.);
#621=FACE_OUTER_BOUND('',#775,.T.);
#622=FACE_OUTER_BOUND('',#776,.T.);
#623=FACE_OUTER_BOUND('',#777,.T.);
#624=FACE_OUTER_BOUND('',#778,.T.);
#625=FACE_OUTER_BOUND('',#779,.T.);
#626=FACE_OUTER_BOUND('',#780,.T.);
#627=FACE_OUTER_BOUND('',#781,.T.);
#628=FACE_OUTER_BOUND('',#782,.T.);
#629=FACE_OUTER_BOUND('',#783,.T.);
#630=FACE_OUTER_BOUND('',#784,.T.);
#631=FACE_OUTER_BOUND('',#785,.T.);
#632=FACE_OUTER_BOUND('',#786,.T.);
#633=FACE_OUTER_BOUND('',#787,.T.);
#634=FACE_OUTER_BOUND('',#788,.T.);
#635=FACE_OUTER_BOUND('',#789,.T.);
#636=FACE_OUTER_BOUND('',#790,.T.);
#637=FACE_OUTER_BOUND('',#791,.T.);
#638=FACE_OUTER_BOUND('',#792,.T.);
#639=FACE_OUTER_BOUND('',#793,.T.);
#640=FACE_OUTER_BOUND('',#794,.T.);
#641=FACE_OUTER_BOUND('',#795,.T.);
#642=FACE_OUTER_BOUND('',#796,.T.);
#643=FACE_OUTER_BOUND('',#797,.T.);
#644=FACE_OUTER_BOUND('',#798,.T.);
#645=FACE_OUTER_BOUND('',#799,.T.);
#646=FACE_OUTER_BOUND('',#800,.T.);
#647=FACE_OUTER_BOUND('',#801,.T.);
#648=FACE_OUTER_BOUND('',#802,.T.);
#649=FACE_OUTER_BOUND('',#803,.T.);
#650=FACE_OUTER_BOUND('',#804,.T.);
#651=FACE_OUTER_BOUND('',#805,.T.);
#652=FACE_OUTER_BOUND('',#806,.T.);
#653=FACE_OUTER_BOUND('',#807,.T.);
#654=FACE_OUTER_BOUND('',#808,.T.);
#655=FACE_OUTER_BOUND('',#809,.T.);
#656=FACE_OUTER_BOUND('',#810,.T.);
#657=FACE_OUTER_BOUND('',#811,.T.);
#658=FACE_OUTER_BOUND('',#812,.T.);
#659=FACE_OUTER_BOUND('',#813,.T.);
#660=FACE_OUTER_BOUND('',#814,.T.);
#661=FACE_OUTER_BOUND('',#815,.T.);
#662=FACE_OUTER_BOUND('',#844,.T.);
#663=FACE_OUTER_BOUND('',#845,.T.);
#664=FACE_OUTER_BOUND('',#846,.T.);
#665=FACE_OUTER_BOUND('',#847,.T.);
#666=FACE_OUTER_BOUND('',#848,.T.);
#667=FACE_OUTER_BOUND('',#849,.T.);
#668=FACE_OUTER_BOUND('',#850,.T.);
#669=FACE_OUTER_BOUND('',#851,.T.);
#670=FACE_OUTER_BOUND('',#852,.T.);
#671=FACE_OUTER_BOUND('',#853,.T.);
#672=FACE_OUTER_BOUND('',#854,.T.);
#673=FACE_OUTER_BOUND('',#855,.T.);
#674=FACE_OUTER_BOUND('',#856,.T.);
#675=FACE_OUTER_BOUND('',#857,.T.);
#676=FACE_OUTER_BOUND('',#858,.T.);
#677=FACE_OUTER_BOUND('',#859,.T.);
#678=FACE_OUTER_BOUND('',#860,.T.);
#679=FACE_OUTER_BOUND('',#861,.T.);
#680=FACE_OUTER_BOUND('',#862,.T.);
#681=FACE_OUTER_BOUND('',#863,.T.);
#682=FACE_OUTER_BOUND('',#886,.T.);
#683=FACE_OUTER_BOUND('',#887,.T.);
#684=FACE_OUTER_BOUND('',#888,.T.);
#685=FACE_OUTER_BOUND('',#889,.T.);
#686=FACE_OUTER_BOUND('',#890,.T.);
#687=FACE_OUTER_BOUND('',#891,.T.);
#688=FACE_OUTER_BOUND('',#892,.T.);
#689=FACE_OUTER_BOUND('',#893,.T.);
#690=FACE_OUTER_BOUND('',#894,.T.);
#691=FACE_OUTER_BOUND('',#895,.T.);
#692=FACE_OUTER_BOUND('',#896,.T.);
#693=FACE_OUTER_BOUND('',#897,.T.);
#694=FACE_OUTER_BOUND('',#898,.T.);
#695=FACE_OUTER_BOUND('',#899,.T.);
#696=FACE_OUTER_BOUND('',#900,.T.);
#697=FACE_OUTER_BOUND('',#901,.T.);
#698=FACE_OUTER_BOUND('',#902,.T.);
#699=FACE_OUTER_BOUND('',#903,.T.);
#700=FACE_OUTER_BOUND('',#904,.T.);
#701=FACE_OUTER_BOUND('',#905,.T.);
#702=FACE_OUTER_BOUND('',#906,.T.);
#703=FACE_OUTER_BOUND('',#907,.T.);
#704=FACE_OUTER_BOUND('',#908,.T.);
#705=FACE_OUTER_BOUND('',#909,.T.);
#706=FACE_OUTER_BOUND('',#910,.T.);
#707=FACE_OUTER_BOUND('',#911,.T.);
#708=FACE_OUTER_BOUND('',#912,.T.);
#709=FACE_OUTER_BOUND('',#913,.T.);
#710=FACE_OUTER_BOUND('',#914,.T.);
#711=FACE_OUTER_BOUND('',#915,.T.);
#712=FACE_OUTER_BOUND('',#916,.T.);
#713=FACE_OUTER_BOUND('',#917,.T.);
#714=FACE_OUTER_BOUND('',#918,.T.);
#715=FACE_OUTER_BOUND('',#919,.T.);
#716=FACE_OUTER_BOUND('',#920,.T.);
#717=FACE_OUTER_BOUND('',#921,.T.);
#718=FACE_OUTER_BOUND('',#922,.T.);
#719=FACE_OUTER_BOUND('',#923,.T.);
#720=FACE_OUTER_BOUND('',#924,.T.);
#721=FACE_OUTER_BOUND('',#925,.T.);
#722=FACE_OUTER_BOUND('',#926,.T.);
#723=FACE_OUTER_BOUND('',#927,.T.);
#724=FACE_OUTER_BOUND('',#928,.T.);
#725=FACE_OUTER_BOUND('',#929,.T.);
#726=EDGE_LOOP('',(#930,#931,#932,#933));
#727=EDGE_LOOP('',(#934,#935,#936,#937));
#728=EDGE_LOOP('',(#938,#939,#940,#941));
#729=EDGE_LOOP('',(#942,#943,#944,#945));
#730=EDGE_LOOP('',(#946,#947,#948,#949));
#731=EDGE_LOOP('',(#950,#951,#952,#953));
#732=EDGE_LOOP('',(#954,#955,#956,#957));
#733=EDGE_LOOP('',(#958,#959,#960,#961));
#734=EDGE_LOOP('',(#962,#963,#964,#965));
#735=EDGE_LOOP('',(#966,#967,#968,#969));
#736=EDGE_LOOP('',(#970,#971,#972,#973));
#737=EDGE_LOOP('',(#974,#975,#976,#977));
#738=EDGE_LOOP('',(#978,#979,#980,#981));
#739=EDGE_LOOP('',(#982,#983,#984,#985));
#740=EDGE_LOOP('',(#986,#987,#988,#989));
#741=EDGE_LOOP('',(#990,#991,#992,#993));
#742=EDGE_LOOP('',(#994,#995,#996,#997));
#743=EDGE_LOOP('',(#998,#999,#1000,#1001));
#744=EDGE_LOOP('',(#1002,#1003,#1004,#1005));
#745=EDGE_LOOP('',(#1006,#1007,#1008,#1009));
#746=EDGE_LOOP('',(#1010,#1011,#1012,#1013));
#747=EDGE_LOOP('',(#1014,#1015,#1016,#1017));
#748=EDGE_LOOP('',(#1018,#1019,#1020,#1021));
#749=EDGE_LOOP('',(#1022,#1023,#1024,#1025));
#750=EDGE_LOOP('',(#1026,#1027,#1028,#1029));
#751=EDGE_LOOP('',(#1030,#1031,#1032,#1033));
#752=EDGE_LOOP('',(#1034,#1035,#1036,#1037));
#753=EDGE_LOOP('',(#1038,#1039,#1040,#1041));
#754=EDGE_LOOP('',(#1042,#1043,#1044,#1045));
#755=EDGE_LOOP('',(#1046,#1047,#1048,#1049));
#756=EDGE_LOOP('',(#1050,#1051,#1052,#1053));
#757=EDGE_LOOP('',(#1054,#1055,#1056,#1057));
#758=EDGE_LOOP('',(#1058,#1059,#1060,#1061));
#759=EDGE_LOOP('',(#1062,#1063,#1064,#1065));
#760=EDGE_LOOP('',(#1066,#1067,#1068,#1069));
#761=EDGE_LOOP('',(#1070,#1071,#1072,#1073));
#762=EDGE_LOOP('',(#1074,#1075,#1076,#1077));
#763=EDGE_LOOP('',(#1078,#1079,#1080,#1081));
#764=EDGE_LOOP('',(#1082,#1083,#1084,#1085));
#765=EDGE_LOOP('',(#1086,#1087,#1088,#1089));
#766=EDGE_LOOP('',(#1090,#1091,#1092,#1093));
#767=EDGE_LOOP('',(#1094,#1095,#1096,#1097));
#768=EDGE_LOOP('',(#1098,#1099,#1100,#1101));
#769=EDGE_LOOP('',(#1102,#1103,#1104,#1105));
#770=EDGE_LOOP('',(#1106,#1107,#1108,#1109));
#771=EDGE_LOOP('',(#1110,#1111,#1112,#1113));
#772=EDGE_LOOP('',(#1114,#1115,#1116,#1117));
#773=EDGE_LOOP('',(#1118,#1119,#1120,#1121));
#774=EDGE_LOOP('',(#1122,#1123,#1124,#1125));
#775=EDGE_LOOP('',(#1126,#1127,#1128,#1129));
#776=EDGE_LOOP('',(#1130,#1131,#1132,#1133));
#777=EDGE_LOOP('',(#1134,#1135,#1136,#1137));
#778=EDGE_LOOP('',(#1138,#1139,#1140,#1141));
#779=EDGE_LOOP('',(#1142,#1143,#1144,#1145));
#780=EDGE_LOOP('',(#1146,#1147,#1148,#1149));
#781=EDGE_LOOP('',(#1150,#1151,#1152,#1153));
#782=EDGE_LOOP('',(#1154,#1155,#1156,#1157));
#783=EDGE_LOOP('',(#1158,#1159,#1160,#1161));
#784=EDGE_LOOP('',(#1162,#1163,#1164,#1165));
#785=EDGE_LOOP('',(#1166,#1167,#1168,#1169));
#786=EDGE_LOOP('',(#1170,#1171,#1172,#1173));
#787=EDGE_LOOP('',(#1174,#1175,#1176,#1177));
#788=EDGE_LOOP('',(#1178,#1179,#1180,#1181));
#789=EDGE_LOOP('',(#1182,#1183,#1184,#1185));
#790=EDGE_LOOP('',(#1186,#1187,#1188,#1189));
#791=EDGE_LOOP('',(#1190,#1191,#1192,#1193,#1194,#1195,#1196,#1197));
#792=EDGE_LOOP('',(#1198,#1199,#1200,#1201));
#793=EDGE_LOOP('',(#1202,#1203,#1204,#1205));
#794=EDGE_LOOP('',(#1206,#1207,#1208,#1209));
#795=EDGE_LOOP('',(#1210,#1211,#1212,#1213));
#796=EDGE_LOOP('',(#1214,#1215,#1216,#1217));
#797=EDGE_LOOP('',(#1218,#1219,#1220,#1221));
#798=EDGE_LOOP('',(#1222,#1223,#1224,#1225));
#799=EDGE_LOOP('',(#1226,#1227,#1228,#1229));
#800=EDGE_LOOP('',(#1230,#1231,#1232,#1233));
#801=EDGE_LOOP('',(#1234,#1235,#1236,#1237));
#802=EDGE_LOOP('',(#1238,#1239,#1240,#1241));
#803=EDGE_LOOP('',(#1242,#1243,#1244,#1245));
#804=EDGE_LOOP('',(#1246,#1247,#1248,#1249));
#805=EDGE_LOOP('',(#1250,#1251,#1252,#1253));
#806=EDGE_LOOP('',(#1254,#1255,#1256,#1257));
#807=EDGE_LOOP('',(#1258,#1259,#1260,#1261));
#808=EDGE_LOOP('',(#1262,#1263,#1264,#1265));
#809=EDGE_LOOP('',(#1266,#1267,#1268,#1269));
#810=EDGE_LOOP('',(#1270,#1271,#1272,#1273));
#811=EDGE_LOOP('',(#1274,#1275,#1276,#1277));
#812=EDGE_LOOP('',(#1278,#1279,#1280,#1281));
#813=EDGE_LOOP('',(#1282,#1283,#1284,#1285));
#814=EDGE_LOOP('',(#1286,#1287,#1288,#1289));
#815=EDGE_LOOP('',(#1290,#1291,#1292,#1293));
#816=EDGE_LOOP('',(#1294,#1295));
#817=EDGE_LOOP('',(#1296,#1297));
#818=EDGE_LOOP('',(#1298,#1299));
#819=EDGE_LOOP('',(#1300,#1301));
#820=EDGE_LOOP('',(#1302,#1303));
#821=EDGE_LOOP('',(#1304,#1305));
#822=EDGE_LOOP('',(#1306,#1307));
#823=EDGE_LOOP('',(#1308,#1309));
#824=EDGE_LOOP('',(#1310,#1311));
#825=EDGE_LOOP('',(#1312,#1313,#1314,#1315,#1316,#1317,#1318,#1319,#1320,
#1321,#1322,#1323,#1324,#1325,#1326,#1327,#1328,#1329,#1330,#1331,#1332,
#1333,#1334,#1335,#1336,#1337,#1338,#1339,#1340,#1341,#1342,#1343,#1344,
#1345,#1346,#1347,#1348,#1349,#1350,#1351,#1352,#1353,#1354,#1355,#1356,
#1357,#1358,#1359,#1360,#1361,#1362,#1363,#1364,#1365,#1366,#1367));
#826=EDGE_LOOP('',(#1368,#1369));
#827=EDGE_LOOP('',(#1370,#1371));
#828=EDGE_LOOP('',(#1372,#1373));
#829=EDGE_LOOP('',(#1374,#1375));
#830=EDGE_LOOP('',(#1376,#1377));
#831=EDGE_LOOP('',(#1378,#1379));
#832=EDGE_LOOP('',(#1380,#1381,#1382,#1383,#1384,#1385,#1386,#1387,#1388,
#1389,#1390,#1391,#1392,#1393,#1394,#1395,#1396,#1397,#1398,#1399,#1400,
#1401,#1402,#1403,#1404,#1405,#1406,#1407,#1408,#1409,#1410,#1411));
#833=EDGE_LOOP('',(#1412,#1413,#1414,#1415,#1416,#1417,#1418,#1419,#1420,
#1421,#1422,#1423,#1424,#1425,#1426,#1427,#1428,#1429,#1430,#1431,#1432,
#1433,#1434,#1435,#1436,#1437,#1438,#1439,#1440,#1441,#1442,#1443,#1444,
#1445,#1446,#1447,#1448,#1449,#1450,#1451,#1452,#1453,#1454,#1455,#1456,
#1457,#1458,#1459));
#834=EDGE_LOOP('',(#1460,#1461));
#835=EDGE_LOOP('',(#1462,#1463,#1464,#1465));
#836=EDGE_LOOP('',(#1466,#1467));
#837=EDGE_LOOP('',(#1468,#1469,#1470,#1471,#1472));
#838=EDGE_LOOP('',(#1473,#1474));
#839=EDGE_LOOP('',(#1475,#1476,#1477,#1478,#1479));
#840=EDGE_LOOP('',(#1480,#1481));
#841=EDGE_LOOP('',(#1482,#1483,#1484,#1485,#1486));
#842=EDGE_LOOP('',(#1487,#1488));
#843=EDGE_LOOP('',(#1489,#1490,#1491,#1492,#1493));
#844=EDGE_LOOP('',(#1494,#1495,#1496,#1497));
#845=EDGE_LOOP('',(#1498,#1499,#1500,#1501));
#846=EDGE_LOOP('',(#1502,#1503,#1504,#1505));
#847=EDGE_LOOP('',(#1506,#1507,#1508,#1509));
#848=EDGE_LOOP('',(#1510,#1511,#1512,#1513));
#849=EDGE_LOOP('',(#1514,#1515,#1516,#1517));
#850=EDGE_LOOP('',(#1518,#1519,#1520,#1521));
#851=EDGE_LOOP('',(#1522,#1523,#1524,#1525));
#852=EDGE_LOOP('',(#1526,#1527,#1528,#1529));
#853=EDGE_LOOP('',(#1530,#1531,#1532,#1533));
#854=EDGE_LOOP('',(#1534,#1535,#1536,#1537));
#855=EDGE_LOOP('',(#1538,#1539,#1540,#1541));
#856=EDGE_LOOP('',(#1542,#1543,#1544,#1545));
#857=EDGE_LOOP('',(#1546,#1547,#1548,#1549));
#858=EDGE_LOOP('',(#1550,#1551,#1552,#1553));
#859=EDGE_LOOP('',(#1554,#1555,#1556,#1557));
#860=EDGE_LOOP('',(#1558,#1559,#1560,#1561));
#861=EDGE_LOOP('',(#1562,#1563,#1564,#1565));
#862=EDGE_LOOP('',(#1566,#1567,#1568,#1569));
#863=EDGE_LOOP('',(#1570,#1571,#1572,#1573));
#864=EDGE_LOOP('',(#1574,#1575));
#865=EDGE_LOOP('',(#1576,#1577));
#866=EDGE_LOOP('',(#1578,#1579));
#867=EDGE_LOOP('',(#1580,#1581));
#868=EDGE_LOOP('',(#1582,#1583));
#869=EDGE_LOOP('',(#1584,#1585));
#870=EDGE_LOOP('',(#1586,#1587));
#871=EDGE_LOOP('',(#1588,#1589));
#872=EDGE_LOOP('',(#1590,#1591));
#873=EDGE_LOOP('',(#1592,#1593));
#874=EDGE_LOOP('',(#1594,#1595));
#875=EDGE_LOOP('',(#1596,#1597));
#876=EDGE_LOOP('',(#1598,#1599));
#877=EDGE_LOOP('',(#1600,#1601));
#878=EDGE_LOOP('',(#1602,#1603));
#879=EDGE_LOOP('',(#1604,#1605));
#880=EDGE_LOOP('',(#1606,#1607));
#881=EDGE_LOOP('',(#1608,#1609));
#882=EDGE_LOOP('',(#1610,#1611));
#883=EDGE_LOOP('',(#1612,#1613));
#884=EDGE_LOOP('',(#1614,#1615,#1616,#1617,#1618,#1619,#1620,#1621,#1622,
#1623,#1624,#1625,#1626,#1627,#1628,#1629));
#885=EDGE_LOOP('',(#1630,#1631,#1632,#1633,#1634,#1635,#1636,#1637,#1638,
#1639,#1640,#1641,#1642,#1643,#1644,#1645,#1646,#1647,#1648,#1649,#1650,
#1651,#1652,#1653,#1654,#1655,#1656,#1657,#1658,#1659,#1660,#1661));
#886=EDGE_LOOP('',(#1662,#1663,#1664,#1665));
#887=EDGE_LOOP('',(#1666,#1667,#1668,#1669,#1670,#1671,#1672,#1673));
#888=EDGE_LOOP('',(#1674,#1675,#1676,#1677));
#889=EDGE_LOOP('',(#1678,#1679,#1680,#1681));
#890=EDGE_LOOP('',(#1682,#1683,#1684,#1685));
#891=EDGE_LOOP('',(#1686,#1687,#1688,#1689,#1690,#1691,#1692,#1693));
#892=EDGE_LOOP('',(#1694,#1695,#1696,#1697));
#893=EDGE_LOOP('',(#1698,#1699,#1700,#1701));
#894=EDGE_LOOP('',(#1702,#1703,#1704,#1705));
#895=EDGE_LOOP('',(#1706,#1707,#1708,#1709,#1710,#1711,#1712,#1713));
#896=EDGE_LOOP('',(#1714,#1715,#1716,#1717));
#897=EDGE_LOOP('',(#1718,#1719,#1720,#1721));
#898=EDGE_LOOP('',(#1722,#1723,#1724,#1725));
#899=EDGE_LOOP('',(#1726,#1727,#1728,#1729,#1730,#1731,#1732,#1733,#1734,
#1735,#1736,#1737));
#900=EDGE_LOOP('',(#1738,#1739,#1740,#1741));
#901=EDGE_LOOP('',(#1742,#1743,#1744,#1745));
#902=EDGE_LOOP('',(#1746,#1747,#1748,#1749));
#903=EDGE_LOOP('',(#1750,#1751,#1752,#1753));
#904=EDGE_LOOP('',(#1754,#1755,#1756,#1757));
#905=EDGE_LOOP('',(#1758,#1759,#1760,#1761));
#906=EDGE_LOOP('',(#1762,#1763,#1764,#1765));
#907=EDGE_LOOP('',(#1766,#1767,#1768,#1769));
#908=EDGE_LOOP('',(#1770,#1771,#1772,#1773));
#909=EDGE_LOOP('',(#1774,#1775,#1776,#1777));
#910=EDGE_LOOP('',(#1778,#1779,#1780,#1781));
#911=EDGE_LOOP('',(#1782,#1783,#1784,#1785));
#912=EDGE_LOOP('',(#1786,#1787,#1788,#1789));
#913=EDGE_LOOP('',(#1790,#1791,#1792,#1793));
#914=EDGE_LOOP('',(#1794,#1795,#1796,#1797));
#915=EDGE_LOOP('',(#1798,#1799,#1800,#1801));
#916=EDGE_LOOP('',(#1802,#1803,#1804,#1805));
#917=EDGE_LOOP('',(#1806,#1807,#1808,#1809));
#918=EDGE_LOOP('',(#1810,#1811,#1812,#1813));
#919=EDGE_LOOP('',(#1814,#1815,#1816,#1817));
#920=EDGE_LOOP('',(#1818,#1819,#1820,#1821));
#921=EDGE_LOOP('',(#1822,#1823,#1824,#1825));
#922=EDGE_LOOP('',(#1826,#1827,#1828,#1829));
#923=EDGE_LOOP('',(#1830,#1831,#1832,#1833));
#924=EDGE_LOOP('',(#1834,#1835,#1836,#1837));
#925=EDGE_LOOP('',(#1838,#1839,#1840,#1841));
#926=EDGE_LOOP('',(#1842,#1843,#1844,#1845));
#927=EDGE_LOOP('',(#1846,#1847,#1848,#1849));
#928=EDGE_LOOP('',(#1850,#1851,#1852,#1853));
#929=EDGE_LOOP('',(#1854,#1855,#1856,#1857));
#930=ORIENTED_EDGE('',*,*,#2162,.T.);
#931=ORIENTED_EDGE('',*,*,#2163,.F.);
#932=ORIENTED_EDGE('',*,*,#2164,.T.);
#933=ORIENTED_EDGE('',*,*,#2165,.F.);
#934=ORIENTED_EDGE('',*,*,#2166,.T.);
#935=ORIENTED_EDGE('',*,*,#2167,.F.);
#936=ORIENTED_EDGE('',*,*,#2168,.T.);
#937=ORIENTED_EDGE('',*,*,#2169,.F.);
#938=ORIENTED_EDGE('',*,*,#2170,.T.);
#939=ORIENTED_EDGE('',*,*,#2171,.F.);
#940=ORIENTED_EDGE('',*,*,#2172,.T.);
#941=ORIENTED_EDGE('',*,*,#2173,.F.);
#942=ORIENTED_EDGE('',*,*,#2174,.T.);
#943=ORIENTED_EDGE('',*,*,#2175,.F.);
#944=ORIENTED_EDGE('',*,*,#2176,.T.);
#945=ORIENTED_EDGE('',*,*,#2177,.F.);
#946=ORIENTED_EDGE('',*,*,#2178,.T.);
#947=ORIENTED_EDGE('',*,*,#2179,.F.);
#948=ORIENTED_EDGE('',*,*,#2180,.T.);
#949=ORIENTED_EDGE('',*,*,#2181,.F.);
#950=ORIENTED_EDGE('',*,*,#2182,.T.);
#951=ORIENTED_EDGE('',*,*,#2183,.F.);
#952=ORIENTED_EDGE('',*,*,#2184,.T.);
#953=ORIENTED_EDGE('',*,*,#2185,.F.);
#954=ORIENTED_EDGE('',*,*,#2186,.T.);
#955=ORIENTED_EDGE('',*,*,#2187,.F.);
#956=ORIENTED_EDGE('',*,*,#2182,.F.);
#957=ORIENTED_EDGE('',*,*,#2188,.F.);
#958=ORIENTED_EDGE('',*,*,#2189,.T.);
#959=ORIENTED_EDGE('',*,*,#2190,.F.);
#960=ORIENTED_EDGE('',*,*,#2191,.T.);
#961=ORIENTED_EDGE('',*,*,#2192,.F.);
#962=ORIENTED_EDGE('',*,*,#2193,.T.);
#963=ORIENTED_EDGE('',*,*,#2194,.F.);
#964=ORIENTED_EDGE('',*,*,#2189,.F.);
#965=ORIENTED_EDGE('',*,*,#2195,.F.);
#966=ORIENTED_EDGE('',*,*,#2196,.T.);
#967=ORIENTED_EDGE('',*,*,#2197,.F.);
#968=ORIENTED_EDGE('',*,*,#2198,.T.);
#969=ORIENTED_EDGE('',*,*,#2199,.F.);
#970=ORIENTED_EDGE('',*,*,#2200,.T.);
#971=ORIENTED_EDGE('',*,*,#2201,.F.);
#972=ORIENTED_EDGE('',*,*,#2202,.T.);
#973=ORIENTED_EDGE('',*,*,#2203,.F.);
#974=ORIENTED_EDGE('',*,*,#2204,.T.);
#975=ORIENTED_EDGE('',*,*,#2205,.F.);
#976=ORIENTED_EDGE('',*,*,#2206,.T.);
#977=ORIENTED_EDGE('',*,*,#2207,.F.);
#978=ORIENTED_EDGE('',*,*,#2208,.T.);
#979=ORIENTED_EDGE('',*,*,#2209,.F.);
#980=ORIENTED_EDGE('',*,*,#2210,.T.);
#981=ORIENTED_EDGE('',*,*,#2211,.F.);
#982=ORIENTED_EDGE('',*,*,#2212,.T.);
#983=ORIENTED_EDGE('',*,*,#2213,.F.);
#984=ORIENTED_EDGE('',*,*,#2214,.T.);
#985=ORIENTED_EDGE('',*,*,#2215,.F.);
#986=ORIENTED_EDGE('',*,*,#2216,.T.);
#987=ORIENTED_EDGE('',*,*,#2217,.F.);
#988=ORIENTED_EDGE('',*,*,#2212,.F.);
#989=ORIENTED_EDGE('',*,*,#2218,.F.);
#990=ORIENTED_EDGE('',*,*,#2164,.F.);
#991=ORIENTED_EDGE('',*,*,#2219,.F.);
#992=ORIENTED_EDGE('',*,*,#2220,.T.);
#993=ORIENTED_EDGE('',*,*,#2221,.F.);
#994=ORIENTED_EDGE('',*,*,#2222,.F.);
#995=ORIENTED_EDGE('',*,*,#2223,.T.);
#996=ORIENTED_EDGE('',*,*,#2224,.T.);
#997=ORIENTED_EDGE('',*,*,#2225,.T.);
#998=ORIENTED_EDGE('',*,*,#2226,.T.);
#999=ORIENTED_EDGE('',*,*,#2227,.T.);
#1000=ORIENTED_EDGE('',*,*,#2222,.T.);
#1001=ORIENTED_EDGE('',*,*,#2228,.T.);
#1002=ORIENTED_EDGE('',*,*,#2229,.F.);
#1003=ORIENTED_EDGE('',*,*,#2230,.T.);
#1004=ORIENTED_EDGE('',*,*,#2231,.T.);
#1005=ORIENTED_EDGE('',*,*,#2232,.T.);
#1006=ORIENTED_EDGE('',*,*,#2233,.T.);
#1007=ORIENTED_EDGE('',*,*,#2234,.T.);
#1008=ORIENTED_EDGE('',*,*,#2235,.F.);
#1009=ORIENTED_EDGE('',*,*,#2236,.T.);
#1010=ORIENTED_EDGE('',*,*,#2237,.F.);
#1011=ORIENTED_EDGE('',*,*,#2238,.T.);
#1012=ORIENTED_EDGE('',*,*,#2239,.T.);
#1013=ORIENTED_EDGE('',*,*,#2240,.T.);
#1014=ORIENTED_EDGE('',*,*,#2241,.T.);
#1015=ORIENTED_EDGE('',*,*,#2242,.T.);
#1016=ORIENTED_EDGE('',*,*,#2237,.T.);
#1017=ORIENTED_EDGE('',*,*,#2243,.T.);
#1018=ORIENTED_EDGE('',*,*,#2244,.F.);
#1019=ORIENTED_EDGE('',*,*,#2245,.T.);
#1020=ORIENTED_EDGE('',*,*,#2246,.T.);
#1021=ORIENTED_EDGE('',*,*,#2247,.T.);
#1022=ORIENTED_EDGE('',*,*,#2248,.T.);
#1023=ORIENTED_EDGE('',*,*,#2249,.T.);
#1024=ORIENTED_EDGE('',*,*,#2244,.T.);
#1025=ORIENTED_EDGE('',*,*,#2250,.T.);
#1026=ORIENTED_EDGE('',*,*,#2251,.F.);
#1027=ORIENTED_EDGE('',*,*,#2252,.T.);
#1028=ORIENTED_EDGE('',*,*,#2253,.T.);
#1029=ORIENTED_EDGE('',*,*,#2254,.T.);
#1030=ORIENTED_EDGE('',*,*,#2255,.T.);
#1031=ORIENTED_EDGE('',*,*,#2256,.T.);
#1032=ORIENTED_EDGE('',*,*,#2257,.F.);
#1033=ORIENTED_EDGE('',*,*,#2258,.T.);
#1034=ORIENTED_EDGE('',*,*,#2259,.F.);
#1035=ORIENTED_EDGE('',*,*,#2260,.T.);
#1036=ORIENTED_EDGE('',*,*,#2261,.T.);
#1037=ORIENTED_EDGE('',*,*,#2262,.T.);
#1038=ORIENTED_EDGE('',*,*,#2263,.T.);
#1039=ORIENTED_EDGE('',*,*,#2264,.T.);
#1040=ORIENTED_EDGE('',*,*,#2259,.T.);
#1041=ORIENTED_EDGE('',*,*,#2265,.T.);
#1042=ORIENTED_EDGE('',*,*,#2266,.T.);
#1043=ORIENTED_EDGE('',*,*,#2267,.T.);
#1044=ORIENTED_EDGE('',*,*,#2268,.F.);
#1045=ORIENTED_EDGE('',*,*,#2269,.F.);
#1046=ORIENTED_EDGE('',*,*,#2270,.T.);
#1047=ORIENTED_EDGE('',*,*,#2271,.T.);
#1048=ORIENTED_EDGE('',*,*,#2272,.F.);
#1049=ORIENTED_EDGE('',*,*,#2273,.F.);
#1050=ORIENTED_EDGE('',*,*,#2274,.T.);
#1051=ORIENTED_EDGE('',*,*,#2275,.T.);
#1052=ORIENTED_EDGE('',*,*,#2276,.F.);
#1053=ORIENTED_EDGE('',*,*,#2277,.F.);
#1054=ORIENTED_EDGE('',*,*,#2278,.T.);
#1055=ORIENTED_EDGE('',*,*,#2279,.T.);
#1056=ORIENTED_EDGE('',*,*,#2280,.F.);
#1057=ORIENTED_EDGE('',*,*,#2281,.F.);
#1058=ORIENTED_EDGE('',*,*,#2282,.T.);
#1059=ORIENTED_EDGE('',*,*,#2283,.F.);
#1060=ORIENTED_EDGE('',*,*,#2162,.F.);
#1061=ORIENTED_EDGE('',*,*,#2284,.F.);
#1062=ORIENTED_EDGE('',*,*,#2285,.T.);
#1063=ORIENTED_EDGE('',*,*,#2286,.F.);
#1064=ORIENTED_EDGE('',*,*,#2282,.F.);
#1065=ORIENTED_EDGE('',*,*,#2287,.F.);
#1066=ORIENTED_EDGE('',*,*,#2168,.F.);
#1067=ORIENTED_EDGE('',*,*,#2288,.F.);
#1068=ORIENTED_EDGE('',*,*,#2285,.F.);
#1069=ORIENTED_EDGE('',*,*,#2289,.F.);
#1070=ORIENTED_EDGE('',*,*,#2172,.F.);
#1071=ORIENTED_EDGE('',*,*,#2290,.F.);
#1072=ORIENTED_EDGE('',*,*,#2166,.F.);
#1073=ORIENTED_EDGE('',*,*,#2291,.F.);
#1074=ORIENTED_EDGE('',*,*,#2292,.T.);
#1075=ORIENTED_EDGE('',*,*,#2293,.F.);
#1076=ORIENTED_EDGE('',*,*,#2170,.F.);
#1077=ORIENTED_EDGE('',*,*,#2294,.F.);
#1078=ORIENTED_EDGE('',*,*,#2295,.T.);
#1079=ORIENTED_EDGE('',*,*,#2296,.F.);
#1080=ORIENTED_EDGE('',*,*,#2292,.F.);
#1081=ORIENTED_EDGE('',*,*,#2297,.F.);
#1082=ORIENTED_EDGE('',*,*,#2176,.F.);
#1083=ORIENTED_EDGE('',*,*,#2298,.F.);
#1084=ORIENTED_EDGE('',*,*,#2295,.F.);
#1085=ORIENTED_EDGE('',*,*,#2299,.F.);
#1086=ORIENTED_EDGE('',*,*,#2180,.F.);
#1087=ORIENTED_EDGE('',*,*,#2300,.F.);
#1088=ORIENTED_EDGE('',*,*,#2174,.F.);
#1089=ORIENTED_EDGE('',*,*,#2301,.F.);
#1090=ORIENTED_EDGE('',*,*,#2302,.T.);
#1091=ORIENTED_EDGE('',*,*,#2303,.F.);
#1092=ORIENTED_EDGE('',*,*,#2178,.F.);
#1093=ORIENTED_EDGE('',*,*,#2304,.F.);
#1094=ORIENTED_EDGE('',*,*,#2305,.T.);
#1095=ORIENTED_EDGE('',*,*,#2306,.F.);
#1096=ORIENTED_EDGE('',*,*,#2302,.F.);
#1097=ORIENTED_EDGE('',*,*,#2307,.F.);
#1098=ORIENTED_EDGE('',*,*,#2184,.F.);
#1099=ORIENTED_EDGE('',*,*,#2308,.F.);
#1100=ORIENTED_EDGE('',*,*,#2305,.F.);
#1101=ORIENTED_EDGE('',*,*,#2309,.F.);
#1102=ORIENTED_EDGE('',*,*,#2310,.T.);
#1103=ORIENTED_EDGE('',*,*,#2311,.F.);
#1104=ORIENTED_EDGE('',*,*,#2186,.F.);
#1105=ORIENTED_EDGE('',*,*,#2312,.F.);
#1106=ORIENTED_EDGE('',*,*,#2191,.F.);
#1107=ORIENTED_EDGE('',*,*,#2313,.F.);
#1108=ORIENTED_EDGE('',*,*,#2314,.T.);
#1109=ORIENTED_EDGE('',*,*,#2315,.F.);
#1110=ORIENTED_EDGE('',*,*,#2316,.T.);
#1111=ORIENTED_EDGE('',*,*,#2317,.F.);
#1112=ORIENTED_EDGE('',*,*,#2193,.F.);
#1113=ORIENTED_EDGE('',*,*,#2318,.F.);
#1114=ORIENTED_EDGE('',*,*,#2319,.T.);
#1115=ORIENTED_EDGE('',*,*,#2320,.F.);
#1116=ORIENTED_EDGE('',*,*,#2316,.F.);
#1117=ORIENTED_EDGE('',*,*,#2321,.F.);
#1118=ORIENTED_EDGE('',*,*,#2198,.F.);
#1119=ORIENTED_EDGE('',*,*,#2322,.F.);
#1120=ORIENTED_EDGE('',*,*,#2319,.F.);
#1121=ORIENTED_EDGE('',*,*,#2323,.F.);
#1122=ORIENTED_EDGE('',*,*,#2202,.F.);
#1123=ORIENTED_EDGE('',*,*,#2324,.F.);
#1124=ORIENTED_EDGE('',*,*,#2196,.F.);
#1125=ORIENTED_EDGE('',*,*,#2325,.F.);
#1126=ORIENTED_EDGE('',*,*,#2326,.T.);
#1127=ORIENTED_EDGE('',*,*,#2327,.F.);
#1128=ORIENTED_EDGE('',*,*,#2200,.F.);
#1129=ORIENTED_EDGE('',*,*,#2328,.F.);
#1130=ORIENTED_EDGE('',*,*,#2329,.T.);
#1131=ORIENTED_EDGE('',*,*,#2330,.F.);
#1132=ORIENTED_EDGE('',*,*,#2326,.F.);
#1133=ORIENTED_EDGE('',*,*,#2331,.F.);
#1134=ORIENTED_EDGE('',*,*,#2206,.F.);
#1135=ORIENTED_EDGE('',*,*,#2332,.F.);
#1136=ORIENTED_EDGE('',*,*,#2329,.F.);
#1137=ORIENTED_EDGE('',*,*,#2333,.F.);
#1138=ORIENTED_EDGE('',*,*,#2210,.F.);
#1139=ORIENTED_EDGE('',*,*,#2334,.F.);
#1140=ORIENTED_EDGE('',*,*,#2204,.F.);
#1141=ORIENTED_EDGE('',*,*,#2335,.F.);
#1142=ORIENTED_EDGE('',*,*,#2336,.T.);
#1143=ORIENTED_EDGE('',*,*,#2337,.F.);
#1144=ORIENTED_EDGE('',*,*,#2208,.F.);
#1145=ORIENTED_EDGE('',*,*,#2338,.F.);
#1146=ORIENTED_EDGE('',*,*,#2339,.T.);
#1147=ORIENTED_EDGE('',*,*,#2340,.F.);
#1148=ORIENTED_EDGE('',*,*,#2336,.F.);
#1149=ORIENTED_EDGE('',*,*,#2341,.F.);
#1150=ORIENTED_EDGE('',*,*,#2214,.F.);
#1151=ORIENTED_EDGE('',*,*,#2342,.F.);
#1152=ORIENTED_EDGE('',*,*,#2339,.F.);
#1153=ORIENTED_EDGE('',*,*,#2343,.F.);
#1154=ORIENTED_EDGE('',*,*,#2344,.T.);
#1155=ORIENTED_EDGE('',*,*,#2345,.F.);
#1156=ORIENTED_EDGE('',*,*,#2216,.F.);
#1157=ORIENTED_EDGE('',*,*,#2346,.F.);
#1158=ORIENTED_EDGE('',*,*,#2347,.T.);
#1159=ORIENTED_EDGE('',*,*,#2348,.F.);
#1160=ORIENTED_EDGE('',*,*,#2344,.F.);
#1161=ORIENTED_EDGE('',*,*,#2349,.F.);
#1162=ORIENTED_EDGE('',*,*,#2350,.T.);
#1163=ORIENTED_EDGE('',*,*,#2351,.F.);
#1164=ORIENTED_EDGE('',*,*,#2347,.F.);
#1165=ORIENTED_EDGE('',*,*,#2352,.F.);
#1166=ORIENTED_EDGE('',*,*,#2353,.T.);
#1167=ORIENTED_EDGE('',*,*,#2354,.F.);
#1168=ORIENTED_EDGE('',*,*,#2350,.F.);
#1169=ORIENTED_EDGE('',*,*,#2355,.F.);
#1170=ORIENTED_EDGE('',*,*,#2356,.T.);
#1171=ORIENTED_EDGE('',*,*,#2357,.F.);
#1172=ORIENTED_EDGE('',*,*,#2353,.F.);
#1173=ORIENTED_EDGE('',*,*,#2358,.F.);
#1174=ORIENTED_EDGE('',*,*,#2359,.T.);
#1175=ORIENTED_EDGE('',*,*,#2360,.F.);
#1176=ORIENTED_EDGE('',*,*,#2356,.F.);
#1177=ORIENTED_EDGE('',*,*,#2361,.F.);
#1178=ORIENTED_EDGE('',*,*,#2220,.F.);
#1179=ORIENTED_EDGE('',*,*,#2362,.F.);
#1180=ORIENTED_EDGE('',*,*,#2359,.F.);
#1181=ORIENTED_EDGE('',*,*,#2363,.F.);
#1182=ORIENTED_EDGE('',*,*,#2364,.T.);
#1183=ORIENTED_EDGE('',*,*,#2365,.F.);
#1184=ORIENTED_EDGE('',*,*,#2366,.T.);
#1185=ORIENTED_EDGE('',*,*,#2367,.F.);
#1186=ORIENTED_EDGE('',*,*,#2368,.T.);
#1187=ORIENTED_EDGE('',*,*,#2369,.F.);
#1188=ORIENTED_EDGE('',*,*,#2370,.T.);
#1189=ORIENTED_EDGE('',*,*,#2371,.F.);
#1190=ORIENTED_EDGE('',*,*,#2364,.F.);
#1191=ORIENTED_EDGE('',*,*,#2372,.F.);
#1192=ORIENTED_EDGE('',*,*,#2370,.F.);
#1193=ORIENTED_EDGE('',*,*,#2373,.F.);
#1194=ORIENTED_EDGE('',*,*,#2314,.F.);
#1195=ORIENTED_EDGE('',*,*,#2374,.F.);
#1196=ORIENTED_EDGE('',*,*,#2310,.F.);
#1197=ORIENTED_EDGE('',*,*,#2375,.F.);
#1198=ORIENTED_EDGE('',*,*,#2376,.F.);
#1199=ORIENTED_EDGE('',*,*,#2377,.F.);
#1200=ORIENTED_EDGE('',*,*,#2224,.F.);
#1201=ORIENTED_EDGE('',*,*,#2378,.F.);
#1202=ORIENTED_EDGE('',*,*,#2226,.F.);
#1203=ORIENTED_EDGE('',*,*,#2379,.F.);
#1204=ORIENTED_EDGE('',*,*,#2380,.F.);
#1205=ORIENTED_EDGE('',*,*,#2381,.F.);
#1206=ORIENTED_EDGE('',*,*,#2382,.T.);
#1207=ORIENTED_EDGE('',*,*,#2383,.F.);
#1208=ORIENTED_EDGE('',*,*,#2380,.T.);
#1209=ORIENTED_EDGE('',*,*,#2384,.T.);
#1210=ORIENTED_EDGE('',*,*,#2382,.F.);
#1211=ORIENTED_EDGE('',*,*,#2385,.F.);
#1212=ORIENTED_EDGE('',*,*,#2231,.F.);
#1213=ORIENTED_EDGE('',*,*,#2386,.F.);
#1214=ORIENTED_EDGE('',*,*,#2235,.T.);
#1215=ORIENTED_EDGE('',*,*,#2387,.F.);
#1216=ORIENTED_EDGE('',*,*,#2229,.T.);
#1217=ORIENTED_EDGE('',*,*,#2388,.T.);
#1218=ORIENTED_EDGE('',*,*,#2233,.F.);
#1219=ORIENTED_EDGE('',*,*,#2389,.F.);
#1220=ORIENTED_EDGE('',*,*,#2390,.F.);
#1221=ORIENTED_EDGE('',*,*,#2391,.F.);
#1222=ORIENTED_EDGE('',*,*,#2392,.T.);
#1223=ORIENTED_EDGE('',*,*,#2393,.F.);
#1224=ORIENTED_EDGE('',*,*,#2390,.T.);
#1225=ORIENTED_EDGE('',*,*,#2394,.T.);
#1226=ORIENTED_EDGE('',*,*,#2392,.F.);
#1227=ORIENTED_EDGE('',*,*,#2395,.F.);
#1228=ORIENTED_EDGE('',*,*,#2239,.F.);
#1229=ORIENTED_EDGE('',*,*,#2396,.F.);
#1230=ORIENTED_EDGE('',*,*,#2241,.F.);
#1231=ORIENTED_EDGE('',*,*,#2397,.F.);
#1232=ORIENTED_EDGE('',*,*,#2398,.F.);
#1233=ORIENTED_EDGE('',*,*,#2399,.F.);
#1234=ORIENTED_EDGE('',*,*,#2400,.T.);
#1235=ORIENTED_EDGE('',*,*,#2401,.F.);
#1236=ORIENTED_EDGE('',*,*,#2398,.T.);
#1237=ORIENTED_EDGE('',*,*,#2402,.T.);
#1238=ORIENTED_EDGE('',*,*,#2400,.F.);
#1239=ORIENTED_EDGE('',*,*,#2403,.F.);
#1240=ORIENTED_EDGE('',*,*,#2246,.F.);
#1241=ORIENTED_EDGE('',*,*,#2404,.F.);
#1242=ORIENTED_EDGE('',*,*,#2248,.F.);
#1243=ORIENTED_EDGE('',*,*,#2405,.F.);
#1244=ORIENTED_EDGE('',*,*,#2406,.F.);
#1245=ORIENTED_EDGE('',*,*,#2407,.F.);
#1246=ORIENTED_EDGE('',*,*,#2408,.T.);
#1247=ORIENTED_EDGE('',*,*,#2409,.F.);
#1248=ORIENTED_EDGE('',*,*,#2406,.T.);
#1249=ORIENTED_EDGE('',*,*,#2410,.T.);
#1250=ORIENTED_EDGE('',*,*,#2408,.F.);
#1251=ORIENTED_EDGE('',*,*,#2411,.F.);
#1252=ORIENTED_EDGE('',*,*,#2253,.F.);
#1253=ORIENTED_EDGE('',*,*,#2412,.F.);
#1254=ORIENTED_EDGE('',*,*,#2257,.T.);
#1255=ORIENTED_EDGE('',*,*,#2413,.F.);
#1256=ORIENTED_EDGE('',*,*,#2251,.T.);
#1257=ORIENTED_EDGE('',*,*,#2414,.T.);
#1258=ORIENTED_EDGE('',*,*,#2255,.F.);
#1259=ORIENTED_EDGE('',*,*,#2415,.F.);
#1260=ORIENTED_EDGE('',*,*,#2416,.F.);
#1261=ORIENTED_EDGE('',*,*,#2417,.F.);
#1262=ORIENTED_EDGE('',*,*,#2418,.T.);
#1263=ORIENTED_EDGE('',*,*,#2419,.F.);
#1264=ORIENTED_EDGE('',*,*,#2416,.T.);
#1265=ORIENTED_EDGE('',*,*,#2420,.T.);
#1266=ORIENTED_EDGE('',*,*,#2418,.F.);
#1267=ORIENTED_EDGE('',*,*,#2421,.F.);
#1268=ORIENTED_EDGE('',*,*,#2261,.F.);
#1269=ORIENTED_EDGE('',*,*,#2422,.F.);
#1270=ORIENTED_EDGE('',*,*,#2263,.F.);
#1271=ORIENTED_EDGE('',*,*,#2423,.F.);
#1272=ORIENTED_EDGE('',*,*,#2424,.F.);
#1273=ORIENTED_EDGE('',*,*,#2425,.F.);
#1274=ORIENTED_EDGE('',*,*,#2376,.T.);
#1275=ORIENTED_EDGE('',*,*,#2426,.F.);
#1276=ORIENTED_EDGE('',*,*,#2424,.T.);
#1277=ORIENTED_EDGE('',*,*,#2427,.T.);
#1278=ORIENTED_EDGE('',*,*,#2428,.F.);
#1279=ORIENTED_EDGE('',*,*,#2267,.F.);
#1280=ORIENTED_EDGE('',*,*,#2429,.T.);
#1281=ORIENTED_EDGE('',*,*,#2430,.T.);
#1282=ORIENTED_EDGE('',*,*,#2431,.F.);
#1283=ORIENTED_EDGE('',*,*,#2271,.F.);
#1284=ORIENTED_EDGE('',*,*,#2432,.T.);
#1285=ORIENTED_EDGE('',*,*,#2433,.T.);
#1286=ORIENTED_EDGE('',*,*,#2434,.F.);
#1287=ORIENTED_EDGE('',*,*,#2275,.F.);
#1288=ORIENTED_EDGE('',*,*,#2435,.T.);
#1289=ORIENTED_EDGE('',*,*,#2436,.T.);
#1290=ORIENTED_EDGE('',*,*,#2437,.F.);
#1291=ORIENTED_EDGE('',*,*,#2279,.F.);
#1292=ORIENTED_EDGE('',*,*,#2438,.T.);
#1293=ORIENTED_EDGE('',*,*,#2439,.T.);
#1294=ORIENTED_EDGE('',*,*,#2440,.T.);
#1295=ORIENTED_EDGE('',*,*,#2269,.T.);
#1296=ORIENTED_EDGE('',*,*,#2441,.T.);
#1297=ORIENTED_EDGE('',*,*,#2442,.T.);
#1298=ORIENTED_EDGE('',*,*,#2443,.T.);
#1299=ORIENTED_EDGE('',*,*,#2444,.T.);
#1300=ORIENTED_EDGE('',*,*,#2445,.T.);
#1301=ORIENTED_EDGE('',*,*,#2273,.T.);
#1302=ORIENTED_EDGE('',*,*,#2446,.T.);
#1303=ORIENTED_EDGE('',*,*,#2447,.T.);
#1304=ORIENTED_EDGE('',*,*,#2448,.T.);
#1305=ORIENTED_EDGE('',*,*,#2277,.T.);
#1306=ORIENTED_EDGE('',*,*,#2449,.T.);
#1307=ORIENTED_EDGE('',*,*,#2450,.T.);
#1308=ORIENTED_EDGE('',*,*,#2451,.T.);
#1309=ORIENTED_EDGE('',*,*,#2452,.T.);
#1310=ORIENTED_EDGE('',*,*,#2453,.T.);
#1311=ORIENTED_EDGE('',*,*,#2281,.T.);
#1312=ORIENTED_EDGE('',*,*,#2454,.T.);
#1313=ORIENTED_EDGE('',*,*,#2455,.T.);
#1314=ORIENTED_EDGE('',*,*,#2365,.T.);
#1315=ORIENTED_EDGE('',*,*,#2375,.T.);
#1316=ORIENTED_EDGE('',*,*,#2312,.T.);
#1317=ORIENTED_EDGE('',*,*,#2188,.T.);
#1318=ORIENTED_EDGE('',*,*,#2185,.T.);
#1319=ORIENTED_EDGE('',*,*,#2309,.T.);
#1320=ORIENTED_EDGE('',*,*,#2307,.T.);
#1321=ORIENTED_EDGE('',*,*,#2304,.T.);
#1322=ORIENTED_EDGE('',*,*,#2181,.T.);
#1323=ORIENTED_EDGE('',*,*,#2301,.T.);
#1324=ORIENTED_EDGE('',*,*,#2177,.T.);
#1325=ORIENTED_EDGE('',*,*,#2299,.T.);
#1326=ORIENTED_EDGE('',*,*,#2297,.T.);
#1327=ORIENTED_EDGE('',*,*,#2294,.T.);
#1328=ORIENTED_EDGE('',*,*,#2173,.T.);
#1329=ORIENTED_EDGE('',*,*,#2291,.T.);
#1330=ORIENTED_EDGE('',*,*,#2169,.T.);
#1331=ORIENTED_EDGE('',*,*,#2289,.T.);
#1332=ORIENTED_EDGE('',*,*,#2287,.T.);
#1333=ORIENTED_EDGE('',*,*,#2284,.T.);
#1334=ORIENTED_EDGE('',*,*,#2165,.T.);
#1335=ORIENTED_EDGE('',*,*,#2221,.T.);
#1336=ORIENTED_EDGE('',*,*,#2363,.T.);
#1337=ORIENTED_EDGE('',*,*,#2361,.T.);
#1338=ORIENTED_EDGE('',*,*,#2358,.T.);
#1339=ORIENTED_EDGE('',*,*,#2355,.T.);
#1340=ORIENTED_EDGE('',*,*,#2352,.T.);
#1341=ORIENTED_EDGE('',*,*,#2349,.T.);
#1342=ORIENTED_EDGE('',*,*,#2346,.T.);
#1343=ORIENTED_EDGE('',*,*,#2218,.T.);
#1344=ORIENTED_EDGE('',*,*,#2215,.T.);
#1345=ORIENTED_EDGE('',*,*,#2343,.T.);
#1346=ORIENTED_EDGE('',*,*,#2341,.T.);
#1347=ORIENTED_EDGE('',*,*,#2338,.T.);
#1348=ORIENTED_EDGE('',*,*,#2211,.T.);
#1349=ORIENTED_EDGE('',*,*,#2335,.T.);
#1350=ORIENTED_EDGE('',*,*,#2207,.T.);
#1351=ORIENTED_EDGE('',*,*,#2333,.T.);
#1352=ORIENTED_EDGE('',*,*,#2331,.T.);
#1353=ORIENTED_EDGE('',*,*,#2328,.T.);
#1354=ORIENTED_EDGE('',*,*,#2203,.T.);
#1355=ORIENTED_EDGE('',*,*,#2325,.T.);
#1356=ORIENTED_EDGE('',*,*,#2199,.T.);
#1357=ORIENTED_EDGE('',*,*,#2323,.T.);
#1358=ORIENTED_EDGE('',*,*,#2321,.T.);
#1359=ORIENTED_EDGE('',*,*,#2318,.T.);
#1360=ORIENTED_EDGE('',*,*,#2195,.T.);
#1361=ORIENTED_EDGE('',*,*,#2192,.T.);
#1362=ORIENTED_EDGE('',*,*,#2315,.T.);
#1363=ORIENTED_EDGE('',*,*,#2373,.T.);
#1364=ORIENTED_EDGE('',*,*,#2369,.T.);
#1365=ORIENTED_EDGE('',*,*,#2456,.T.);
#1366=ORIENTED_EDGE('',*,*,#2457,.T.);
#1367=ORIENTED_EDGE('',*,*,#2458,.T.);
#1368=ORIENTED_EDGE('',*,*,#2459,.T.);
#1369=ORIENTED_EDGE('',*,*,#2460,.T.);
#1370=ORIENTED_EDGE('',*,*,#2461,.T.);
#1371=ORIENTED_EDGE('',*,*,#2462,.T.);
#1372=ORIENTED_EDGE('',*,*,#2463,.T.);
#1373=ORIENTED_EDGE('',*,*,#2464,.T.);
#1374=ORIENTED_EDGE('',*,*,#2465,.T.);
#1375=ORIENTED_EDGE('',*,*,#2466,.T.);
#1376=ORIENTED_EDGE('',*,*,#2467,.T.);
#1377=ORIENTED_EDGE('',*,*,#2468,.T.);
#1378=ORIENTED_EDGE('',*,*,#2469,.T.);
#1379=ORIENTED_EDGE('',*,*,#2470,.T.);
#1380=ORIENTED_EDGE('',*,*,#2393,.T.);
#1381=ORIENTED_EDGE('',*,*,#2396,.T.);
#1382=ORIENTED_EDGE('',*,*,#2238,.F.);
#1383=ORIENTED_EDGE('',*,*,#2242,.F.);
#1384=ORIENTED_EDGE('',*,*,#2399,.T.);
#1385=ORIENTED_EDGE('',*,*,#2401,.T.);
#1386=ORIENTED_EDGE('',*,*,#2404,.T.);
#1387=ORIENTED_EDGE('',*,*,#2245,.F.);
#1388=ORIENTED_EDGE('',*,*,#2249,.F.);
#1389=ORIENTED_EDGE('',*,*,#2407,.T.);
#1390=ORIENTED_EDGE('',*,*,#2409,.T.);
#1391=ORIENTED_EDGE('',*,*,#2412,.T.);
#1392=ORIENTED_EDGE('',*,*,#2252,.F.);
#1393=ORIENTED_EDGE('',*,*,#2413,.T.);
#1394=ORIENTED_EDGE('',*,*,#2256,.F.);
#1395=ORIENTED_EDGE('',*,*,#2417,.T.);
#1396=ORIENTED_EDGE('',*,*,#2419,.T.);
#1397=ORIENTED_EDGE('',*,*,#2422,.T.);
#1398=ORIENTED_EDGE('',*,*,#2260,.F.);
#1399=ORIENTED_EDGE('',*,*,#2264,.F.);
#1400=ORIENTED_EDGE('',*,*,#2425,.T.);
#1401=ORIENTED_EDGE('',*,*,#2426,.T.);
#1402=ORIENTED_EDGE('',*,*,#2378,.T.);
#1403=ORIENTED_EDGE('',*,*,#2223,.F.);
#1404=ORIENTED_EDGE('',*,*,#2227,.F.);
#1405=ORIENTED_EDGE('',*,*,#2381,.T.);
#1406=ORIENTED_EDGE('',*,*,#2383,.T.);
#1407=ORIENTED_EDGE('',*,*,#2386,.T.);
#1408=ORIENTED_EDGE('',*,*,#2230,.F.);
#1409=ORIENTED_EDGE('',*,*,#2387,.T.);
#1410=ORIENTED_EDGE('',*,*,#2234,.F.);
#1411=ORIENTED_EDGE('',*,*,#2391,.T.);
#1412=ORIENTED_EDGE('',*,*,#2360,.T.);
#1413=ORIENTED_EDGE('',*,*,#2362,.T.);
#1414=ORIENTED_EDGE('',*,*,#2219,.T.);
#1415=ORIENTED_EDGE('',*,*,#2163,.T.);
#1416=ORIENTED_EDGE('',*,*,#2283,.T.);
#1417=ORIENTED_EDGE('',*,*,#2286,.T.);
#1418=ORIENTED_EDGE('',*,*,#2288,.T.);
#1419=ORIENTED_EDGE('',*,*,#2167,.T.);
#1420=ORIENTED_EDGE('',*,*,#2290,.T.);
#1421=ORIENTED_EDGE('',*,*,#2171,.T.);
#1422=ORIENTED_EDGE('',*,*,#2293,.T.);
#1423=ORIENTED_EDGE('',*,*,#2296,.T.);
#1424=ORIENTED_EDGE('',*,*,#2298,.T.);
#1425=ORIENTED_EDGE('',*,*,#2175,.T.);
#1426=ORIENTED_EDGE('',*,*,#2300,.T.);
#1427=ORIENTED_EDGE('',*,*,#2179,.T.);
#1428=ORIENTED_EDGE('',*,*,#2303,.T.);
#1429=ORIENTED_EDGE('',*,*,#2306,.T.);
#1430=ORIENTED_EDGE('',*,*,#2308,.T.);
#1431=ORIENTED_EDGE('',*,*,#2183,.T.);
#1432=ORIENTED_EDGE('',*,*,#2187,.T.);
#1433=ORIENTED_EDGE('',*,*,#2311,.T.);
#1434=ORIENTED_EDGE('',*,*,#2374,.T.);
#1435=ORIENTED_EDGE('',*,*,#2313,.T.);
#1436=ORIENTED_EDGE('',*,*,#2190,.T.);
#1437=ORIENTED_EDGE('',*,*,#2194,.T.);
#1438=ORIENTED_EDGE('',*,*,#2317,.T.);
#1439=ORIENTED_EDGE('',*,*,#2320,.T.);
#1440=ORIENTED_EDGE('',*,*,#2322,.T.);
#1441=ORIENTED_EDGE('',*,*,#2197,.T.);
#1442=ORIENTED_EDGE('',*,*,#2324,.T.);
#1443=ORIENTED_EDGE('',*,*,#2201,.T.);
#1444=ORIENTED_EDGE('',*,*,#2327,.T.);
#1445=ORIENTED_EDGE('',*,*,#2330,.T.);
#1446=ORIENTED_EDGE('',*,*,#2332,.T.);
#1447=ORIENTED_EDGE('',*,*,#2205,.T.);
#1448=ORIENTED_EDGE('',*,*,#2334,.T.);
#1449=ORIENTED_EDGE('',*,*,#2209,.T.);
#1450=ORIENTED_EDGE('',*,*,#2337,.T.);
#1451=ORIENTED_EDGE('',*,*,#2340,.T.);
#1452=ORIENTED_EDGE('',*,*,#2342,.T.);
#1453=ORIENTED_EDGE('',*,*,#2213,.T.);
#1454=ORIENTED_EDGE('',*,*,#2217,.T.);
#1455=ORIENTED_EDGE('',*,*,#2345,.T.);
#1456=ORIENTED_EDGE('',*,*,#2348,.T.);
#1457=ORIENTED_EDGE('',*,*,#2351,.T.);
#1458=ORIENTED_EDGE('',*,*,#2354,.T.);
#1459=ORIENTED_EDGE('',*,*,#2357,.T.);
#1460=ORIENTED_EDGE('',*,*,#2471,.T.);
#1461=ORIENTED_EDGE('',*,*,#2472,.T.);
#1462=ORIENTED_EDGE('',*,*,#2371,.T.);
#1463=ORIENTED_EDGE('',*,*,#2372,.T.);
#1464=ORIENTED_EDGE('',*,*,#2367,.T.);
#1465=ORIENTED_EDGE('',*,*,#2473,.T.);
#1466=ORIENTED_EDGE('',*,*,#2474,.T.);
#1467=ORIENTED_EDGE('',*,*,#2475,.T.);
#1468=ORIENTED_EDGE('',*,*,#2476,.T.);
#1469=ORIENTED_EDGE('',*,*,#2477,.T.);
#1470=ORIENTED_EDGE('',*,*,#2478,.T.);
#1471=ORIENTED_EDGE('',*,*,#2479,.T.);
#1472=ORIENTED_EDGE('',*,*,#2480,.T.);
#1473=ORIENTED_EDGE('',*,*,#2481,.T.);
#1474=ORIENTED_EDGE('',*,*,#2482,.T.);
#1475=ORIENTED_EDGE('',*,*,#2483,.T.);
#1476=ORIENTED_EDGE('',*,*,#2484,.T.);
#1477=ORIENTED_EDGE('',*,*,#2485,.T.);
#1478=ORIENTED_EDGE('',*,*,#2486,.T.);
#1479=ORIENTED_EDGE('',*,*,#2487,.T.);
#1480=ORIENTED_EDGE('',*,*,#2488,.T.);
#1481=ORIENTED_EDGE('',*,*,#2489,.T.);
#1482=ORIENTED_EDGE('',*,*,#2490,.T.);
#1483=ORIENTED_EDGE('',*,*,#2491,.T.);
#1484=ORIENTED_EDGE('',*,*,#2492,.T.);
#1485=ORIENTED_EDGE('',*,*,#2493,.T.);
#1486=ORIENTED_EDGE('',*,*,#2494,.T.);
#1487=ORIENTED_EDGE('',*,*,#2495,.T.);
#1488=ORIENTED_EDGE('',*,*,#2496,.T.);
#1489=ORIENTED_EDGE('',*,*,#2497,.T.);
#1490=ORIENTED_EDGE('',*,*,#2498,.T.);
#1491=ORIENTED_EDGE('',*,*,#2499,.T.);
#1492=ORIENTED_EDGE('',*,*,#2500,.T.);
#1493=ORIENTED_EDGE('',*,*,#2501,.T.);
#1494=ORIENTED_EDGE('',*,*,#2502,.F.);
#1495=ORIENTED_EDGE('',*,*,#2430,.F.);
#1496=ORIENTED_EDGE('',*,*,#2503,.T.);
#1497=ORIENTED_EDGE('',*,*,#2504,.T.);
#1498=ORIENTED_EDGE('',*,*,#2505,.F.);
#1499=ORIENTED_EDGE('',*,*,#2433,.F.);
#1500=ORIENTED_EDGE('',*,*,#2506,.T.);
#1501=ORIENTED_EDGE('',*,*,#2507,.T.);
#1502=ORIENTED_EDGE('',*,*,#2508,.F.);
#1503=ORIENTED_EDGE('',*,*,#2436,.F.);
#1504=ORIENTED_EDGE('',*,*,#2509,.T.);
#1505=ORIENTED_EDGE('',*,*,#2510,.T.);
#1506=ORIENTED_EDGE('',*,*,#2511,.F.);
#1507=ORIENTED_EDGE('',*,*,#2439,.F.);
#1508=ORIENTED_EDGE('',*,*,#2512,.T.);
#1509=ORIENTED_EDGE('',*,*,#2513,.T.);
#1510=ORIENTED_EDGE('',*,*,#2514,.T.);
#1511=ORIENTED_EDGE('',*,*,#2515,.T.);
#1512=ORIENTED_EDGE('',*,*,#2516,.F.);
#1513=ORIENTED_EDGE('',*,*,#2442,.F.);
#1514=ORIENTED_EDGE('',*,*,#2517,.T.);
#1515=ORIENTED_EDGE('',*,*,#2518,.T.);
#1516=ORIENTED_EDGE('',*,*,#2519,.F.);
#1517=ORIENTED_EDGE('',*,*,#2444,.F.);
#1518=ORIENTED_EDGE('',*,*,#2520,.T.);
#1519=ORIENTED_EDGE('',*,*,#2521,.T.);
#1520=ORIENTED_EDGE('',*,*,#2522,.F.);
#1521=ORIENTED_EDGE('',*,*,#2447,.F.);
#1522=ORIENTED_EDGE('',*,*,#2523,.T.);
#1523=ORIENTED_EDGE('',*,*,#2524,.T.);
#1524=ORIENTED_EDGE('',*,*,#2525,.F.);
#1525=ORIENTED_EDGE('',*,*,#2450,.F.);
#1526=ORIENTED_EDGE('',*,*,#2526,.T.);
#1527=ORIENTED_EDGE('',*,*,#2527,.T.);
#1528=ORIENTED_EDGE('',*,*,#2528,.F.);
#1529=ORIENTED_EDGE('',*,*,#2452,.F.);
#1530=ORIENTED_EDGE('',*,*,#2529,.T.);
#1531=ORIENTED_EDGE('',*,*,#2530,.T.);
#1532=ORIENTED_EDGE('',*,*,#2531,.F.);
#1533=ORIENTED_EDGE('',*,*,#2460,.F.);
#1534=ORIENTED_EDGE('',*,*,#2532,.T.);
#1535=ORIENTED_EDGE('',*,*,#2533,.T.);
#1536=ORIENTED_EDGE('',*,*,#2534,.F.);
#1537=ORIENTED_EDGE('',*,*,#2462,.F.);
#1538=ORIENTED_EDGE('',*,*,#2535,.T.);
#1539=ORIENTED_EDGE('',*,*,#2536,.T.);
#1540=ORIENTED_EDGE('',*,*,#2537,.F.);
#1541=ORIENTED_EDGE('',*,*,#2464,.F.);
#1542=ORIENTED_EDGE('',*,*,#2538,.T.);
#1543=ORIENTED_EDGE('',*,*,#2539,.T.);
#1544=ORIENTED_EDGE('',*,*,#2540,.F.);
#1545=ORIENTED_EDGE('',*,*,#2466,.F.);
#1546=ORIENTED_EDGE('',*,*,#2541,.T.);
#1547=ORIENTED_EDGE('',*,*,#2542,.T.);
#1548=ORIENTED_EDGE('',*,*,#2543,.F.);
#1549=ORIENTED_EDGE('',*,*,#2468,.F.);
#1550=ORIENTED_EDGE('',*,*,#2544,.T.);
#1551=ORIENTED_EDGE('',*,*,#2545,.T.);
#1552=ORIENTED_EDGE('',*,*,#2546,.F.);
#1553=ORIENTED_EDGE('',*,*,#2470,.F.);
#1554=ORIENTED_EDGE('',*,*,#2547,.T.);
#1555=ORIENTED_EDGE('',*,*,#2548,.T.);
#1556=ORIENTED_EDGE('',*,*,#2549,.F.);
#1557=ORIENTED_EDGE('',*,*,#2472,.F.);
#1558=ORIENTED_EDGE('',*,*,#2550,.T.);
#1559=ORIENTED_EDGE('',*,*,#2551,.T.);
#1560=ORIENTED_EDGE('',*,*,#2552,.F.);
#1561=ORIENTED_EDGE('',*,*,#2475,.F.);
#1562=ORIENTED_EDGE('',*,*,#2553,.T.);
#1563=ORIENTED_EDGE('',*,*,#2554,.T.);
#1564=ORIENTED_EDGE('',*,*,#2555,.F.);
#1565=ORIENTED_EDGE('',*,*,#2482,.F.);
#1566=ORIENTED_EDGE('',*,*,#2556,.T.);
#1567=ORIENTED_EDGE('',*,*,#2557,.T.);
#1568=ORIENTED_EDGE('',*,*,#2558,.F.);
#1569=ORIENTED_EDGE('',*,*,#2489,.F.);
#1570=ORIENTED_EDGE('',*,*,#2559,.T.);
#1571=ORIENTED_EDGE('',*,*,#2560,.T.);
#1572=ORIENTED_EDGE('',*,*,#2561,.F.);
#1573=ORIENTED_EDGE('',*,*,#2496,.F.);
#1574=ORIENTED_EDGE('',*,*,#2504,.F.);
#1575=ORIENTED_EDGE('',*,*,#2562,.F.);
#1576=ORIENTED_EDGE('',*,*,#2507,.F.);
#1577=ORIENTED_EDGE('',*,*,#2563,.F.);
#1578=ORIENTED_EDGE('',*,*,#2510,.F.);
#1579=ORIENTED_EDGE('',*,*,#2564,.F.);
#1580=ORIENTED_EDGE('',*,*,#2513,.F.);
#1581=ORIENTED_EDGE('',*,*,#2565,.F.);
#1582=ORIENTED_EDGE('',*,*,#2566,.F.);
#1583=ORIENTED_EDGE('',*,*,#2515,.F.);
#1584=ORIENTED_EDGE('',*,*,#2567,.F.);
#1585=ORIENTED_EDGE('',*,*,#2518,.F.);
#1586=ORIENTED_EDGE('',*,*,#2568,.F.);
#1587=ORIENTED_EDGE('',*,*,#2521,.F.);
#1588=ORIENTED_EDGE('',*,*,#2569,.F.);
#1589=ORIENTED_EDGE('',*,*,#2524,.F.);
#1590=ORIENTED_EDGE('',*,*,#2570,.F.);
#1591=ORIENTED_EDGE('',*,*,#2527,.F.);
#1592=ORIENTED_EDGE('',*,*,#2571,.F.);
#1593=ORIENTED_EDGE('',*,*,#2530,.F.);
#1594=ORIENTED_EDGE('',*,*,#2572,.F.);
#1595=ORIENTED_EDGE('',*,*,#2533,.F.);
#1596=ORIENTED_EDGE('',*,*,#2573,.F.);
#1597=ORIENTED_EDGE('',*,*,#2536,.F.);
#1598=ORIENTED_EDGE('',*,*,#2574,.F.);
#1599=ORIENTED_EDGE('',*,*,#2539,.F.);
#1600=ORIENTED_EDGE('',*,*,#2575,.F.);
#1601=ORIENTED_EDGE('',*,*,#2542,.F.);
#1602=ORIENTED_EDGE('',*,*,#2576,.F.);
#1603=ORIENTED_EDGE('',*,*,#2545,.F.);
#1604=ORIENTED_EDGE('',*,*,#2577,.F.);
#1605=ORIENTED_EDGE('',*,*,#2548,.F.);
#1606=ORIENTED_EDGE('',*,*,#2578,.F.);
#1607=ORIENTED_EDGE('',*,*,#2551,.F.);
#1608=ORIENTED_EDGE('',*,*,#2579,.F.);
#1609=ORIENTED_EDGE('',*,*,#2554,.F.);
#1610=ORIENTED_EDGE('',*,*,#2580,.F.);
#1611=ORIENTED_EDGE('',*,*,#2557,.F.);
#1612=ORIENTED_EDGE('',*,*,#2581,.F.);
#1613=ORIENTED_EDGE('',*,*,#2560,.F.);
#1614=ORIENTED_EDGE('',*,*,#2582,.F.);
#1615=ORIENTED_EDGE('',*,*,#2583,.F.);
#1616=ORIENTED_EDGE('',*,*,#2584,.F.);
#1617=ORIENTED_EDGE('',*,*,#2585,.F.);
#1618=ORIENTED_EDGE('',*,*,#2586,.F.);
#1619=ORIENTED_EDGE('',*,*,#2587,.F.);
#1620=ORIENTED_EDGE('',*,*,#2588,.F.);
#1621=ORIENTED_EDGE('',*,*,#2589,.F.);
#1622=ORIENTED_EDGE('',*,*,#2590,.F.);
#1623=ORIENTED_EDGE('',*,*,#2591,.F.);
#1624=ORIENTED_EDGE('',*,*,#2592,.F.);
#1625=ORIENTED_EDGE('',*,*,#2593,.F.);
#1626=ORIENTED_EDGE('',*,*,#2594,.F.);
#1627=ORIENTED_EDGE('',*,*,#2595,.F.);
#1628=ORIENTED_EDGE('',*,*,#2596,.F.);
#1629=ORIENTED_EDGE('',*,*,#2597,.F.);
#1630=ORIENTED_EDGE('',*,*,#2228,.F.);
#1631=ORIENTED_EDGE('',*,*,#2225,.F.);
#1632=ORIENTED_EDGE('',*,*,#2377,.T.);
#1633=ORIENTED_EDGE('',*,*,#2427,.F.);
#1634=ORIENTED_EDGE('',*,*,#2423,.T.);
#1635=ORIENTED_EDGE('',*,*,#2265,.F.);
#1636=ORIENTED_EDGE('',*,*,#2262,.F.);
#1637=ORIENTED_EDGE('',*,*,#2421,.T.);
#1638=ORIENTED_EDGE('',*,*,#2420,.F.);
#1639=ORIENTED_EDGE('',*,*,#2415,.T.);
#1640=ORIENTED_EDGE('',*,*,#2258,.F.);
#1641=ORIENTED_EDGE('',*,*,#2414,.F.);
#1642=ORIENTED_EDGE('',*,*,#2254,.F.);
#1643=ORIENTED_EDGE('',*,*,#2411,.T.);
#1644=ORIENTED_EDGE('',*,*,#2410,.F.);
#1645=ORIENTED_EDGE('',*,*,#2405,.T.);
#1646=ORIENTED_EDGE('',*,*,#2250,.F.);
#1647=ORIENTED_EDGE('',*,*,#2247,.F.);
#1648=ORIENTED_EDGE('',*,*,#2403,.T.);
#1649=ORIENTED_EDGE('',*,*,#2402,.F.);
#1650=ORIENTED_EDGE('',*,*,#2397,.T.);
#1651=ORIENTED_EDGE('',*,*,#2243,.F.);
#1652=ORIENTED_EDGE('',*,*,#2240,.F.);
#1653=ORIENTED_EDGE('',*,*,#2395,.T.);
#1654=ORIENTED_EDGE('',*,*,#2394,.F.);
#1655=ORIENTED_EDGE('',*,*,#2389,.T.);
#1656=ORIENTED_EDGE('',*,*,#2236,.F.);
#1657=ORIENTED_EDGE('',*,*,#2388,.F.);
#1658=ORIENTED_EDGE('',*,*,#2232,.F.);
#1659=ORIENTED_EDGE('',*,*,#2385,.T.);
#1660=ORIENTED_EDGE('',*,*,#2384,.F.);
#1661=ORIENTED_EDGE('',*,*,#2379,.T.);
#1662=ORIENTED_EDGE('',*,*,#2598,.F.);
#1663=ORIENTED_EDGE('',*,*,#2583,.T.);
#1664=ORIENTED_EDGE('',*,*,#2599,.T.);
#1665=ORIENTED_EDGE('',*,*,#2476,.F.);
#1666=ORIENTED_EDGE('',*,*,#2600,.F.);
#1667=ORIENTED_EDGE('',*,*,#2584,.T.);
#1668=ORIENTED_EDGE('',*,*,#2598,.T.);
#1669=ORIENTED_EDGE('',*,*,#2480,.F.);
#1670=ORIENTED_EDGE('',*,*,#2601,.T.);
#1671=ORIENTED_EDGE('',*,*,#2454,.F.);
#1672=ORIENTED_EDGE('',*,*,#2602,.T.);
#1673=ORIENTED_EDGE('',*,*,#2483,.F.);
#1674=ORIENTED_EDGE('',*,*,#2603,.F.);
#1675=ORIENTED_EDGE('',*,*,#2585,.T.);
#1676=ORIENTED_EDGE('',*,*,#2600,.T.);
#1677=ORIENTED_EDGE('',*,*,#2487,.F.);
#1678=ORIENTED_EDGE('',*,*,#2604,.F.);
#1679=ORIENTED_EDGE('',*,*,#2586,.T.);
#1680=ORIENTED_EDGE('',*,*,#2603,.T.);
#1681=ORIENTED_EDGE('',*,*,#2486,.F.);
#1682=ORIENTED_EDGE('',*,*,#2605,.T.);
#1683=ORIENTED_EDGE('',*,*,#2587,.T.);
#1684=ORIENTED_EDGE('',*,*,#2604,.T.);
#1685=ORIENTED_EDGE('',*,*,#2485,.F.);
#1686=ORIENTED_EDGE('',*,*,#2606,.F.);
#1687=ORIENTED_EDGE('',*,*,#2588,.T.);
#1688=ORIENTED_EDGE('',*,*,#2605,.F.);
#1689=ORIENTED_EDGE('',*,*,#2484,.F.);
#1690=ORIENTED_EDGE('',*,*,#2602,.F.);
#1691=ORIENTED_EDGE('',*,*,#2458,.F.);
#1692=ORIENTED_EDGE('',*,*,#2607,.F.);
#1693=ORIENTED_EDGE('',*,*,#2493,.F.);
#1694=ORIENTED_EDGE('',*,*,#2608,.F.);
#1695=ORIENTED_EDGE('',*,*,#2589,.T.);
#1696=ORIENTED_EDGE('',*,*,#2606,.T.);
#1697=ORIENTED_EDGE('',*,*,#2492,.F.);
#1698=ORIENTED_EDGE('',*,*,#2609,.F.);
#1699=ORIENTED_EDGE('',*,*,#2590,.T.);
#1700=ORIENTED_EDGE('',*,*,#2608,.T.);
#1701=ORIENTED_EDGE('',*,*,#2491,.F.);
#1702=ORIENTED_EDGE('',*,*,#2610,.F.);
#1703=ORIENTED_EDGE('',*,*,#2591,.T.);
#1704=ORIENTED_EDGE('',*,*,#2609,.T.);
#1705=ORIENTED_EDGE('',*,*,#2490,.F.);
#1706=ORIENTED_EDGE('',*,*,#2611,.F.);
#1707=ORIENTED_EDGE('',*,*,#2592,.T.);
#1708=ORIENTED_EDGE('',*,*,#2610,.T.);
#1709=ORIENTED_EDGE('',*,*,#2494,.F.);
#1710=ORIENTED_EDGE('',*,*,#2607,.T.);
#1711=ORIENTED_EDGE('',*,*,#2457,.F.);
#1712=ORIENTED_EDGE('',*,*,#2612,.F.);
#1713=ORIENTED_EDGE('',*,*,#2498,.F.);
#1714=ORIENTED_EDGE('',*,*,#2613,.F.);
#1715=ORIENTED_EDGE('',*,*,#2593,.T.);
#1716=ORIENTED_EDGE('',*,*,#2611,.T.);
#1717=ORIENTED_EDGE('',*,*,#2497,.F.);
#1718=ORIENTED_EDGE('',*,*,#2614,.F.);
#1719=ORIENTED_EDGE('',*,*,#2594,.T.);
#1720=ORIENTED_EDGE('',*,*,#2613,.T.);
#1721=ORIENTED_EDGE('',*,*,#2501,.F.);
#1722=ORIENTED_EDGE('',*,*,#2615,.F.);
#1723=ORIENTED_EDGE('',*,*,#2595,.T.);
#1724=ORIENTED_EDGE('',*,*,#2614,.T.);
#1725=ORIENTED_EDGE('',*,*,#2500,.F.);
#1726=ORIENTED_EDGE('',*,*,#2616,.F.);
#1727=ORIENTED_EDGE('',*,*,#2596,.T.);
#1728=ORIENTED_EDGE('',*,*,#2615,.T.);
#1729=ORIENTED_EDGE('',*,*,#2499,.F.);
#1730=ORIENTED_EDGE('',*,*,#2612,.T.);
#1731=ORIENTED_EDGE('',*,*,#2456,.F.);
#1732=ORIENTED_EDGE('',*,*,#2368,.F.);
#1733=ORIENTED_EDGE('',*,*,#2473,.F.);
#1734=ORIENTED_EDGE('',*,*,#2366,.F.);
#1735=ORIENTED_EDGE('',*,*,#2455,.F.);
#1736=ORIENTED_EDGE('',*,*,#2601,.F.);
#1737=ORIENTED_EDGE('',*,*,#2479,.F.);
#1738=ORIENTED_EDGE('',*,*,#2617,.F.);
#1739=ORIENTED_EDGE('',*,*,#2597,.T.);
#1740=ORIENTED_EDGE('',*,*,#2616,.T.);
#1741=ORIENTED_EDGE('',*,*,#2478,.F.);
#1742=ORIENTED_EDGE('',*,*,#2599,.F.);
#1743=ORIENTED_EDGE('',*,*,#2582,.T.);
#1744=ORIENTED_EDGE('',*,*,#2617,.T.);
#1745=ORIENTED_EDGE('',*,*,#2477,.F.);
#1746=ORIENTED_EDGE('',*,*,#2618,.T.);
#1747=ORIENTED_EDGE('',*,*,#2266,.F.);
#1748=ORIENTED_EDGE('',*,*,#2440,.F.);
#1749=ORIENTED_EDGE('',*,*,#2268,.T.);
#1750=ORIENTED_EDGE('',*,*,#2619,.T.);
#1751=ORIENTED_EDGE('',*,*,#2270,.F.);
#1752=ORIENTED_EDGE('',*,*,#2445,.F.);
#1753=ORIENTED_EDGE('',*,*,#2272,.T.);
#1754=ORIENTED_EDGE('',*,*,#2620,.T.);
#1755=ORIENTED_EDGE('',*,*,#2274,.F.);
#1756=ORIENTED_EDGE('',*,*,#2448,.F.);
#1757=ORIENTED_EDGE('',*,*,#2276,.T.);
#1758=ORIENTED_EDGE('',*,*,#2621,.T.);
#1759=ORIENTED_EDGE('',*,*,#2278,.F.);
#1760=ORIENTED_EDGE('',*,*,#2453,.F.);
#1761=ORIENTED_EDGE('',*,*,#2280,.T.);
#1762=ORIENTED_EDGE('',*,*,#2618,.F.);
#1763=ORIENTED_EDGE('',*,*,#2428,.T.);
#1764=ORIENTED_EDGE('',*,*,#2622,.T.);
#1765=ORIENTED_EDGE('',*,*,#2429,.F.);
#1766=ORIENTED_EDGE('',*,*,#2619,.F.);
#1767=ORIENTED_EDGE('',*,*,#2431,.T.);
#1768=ORIENTED_EDGE('',*,*,#2623,.T.);
#1769=ORIENTED_EDGE('',*,*,#2432,.F.);
#1770=ORIENTED_EDGE('',*,*,#2620,.F.);
#1771=ORIENTED_EDGE('',*,*,#2434,.T.);
#1772=ORIENTED_EDGE('',*,*,#2624,.T.);
#1773=ORIENTED_EDGE('',*,*,#2435,.F.);
#1774=ORIENTED_EDGE('',*,*,#2621,.F.);
#1775=ORIENTED_EDGE('',*,*,#2437,.T.);
#1776=ORIENTED_EDGE('',*,*,#2625,.T.);
#1777=ORIENTED_EDGE('',*,*,#2438,.F.);
#1778=ORIENTED_EDGE('',*,*,#2622,.F.);
#1779=ORIENTED_EDGE('',*,*,#2502,.T.);
#1780=ORIENTED_EDGE('',*,*,#2562,.T.);
#1781=ORIENTED_EDGE('',*,*,#2503,.F.);
#1782=ORIENTED_EDGE('',*,*,#2623,.F.);
#1783=ORIENTED_EDGE('',*,*,#2505,.T.);
#1784=ORIENTED_EDGE('',*,*,#2563,.T.);
#1785=ORIENTED_EDGE('',*,*,#2506,.F.);
#1786=ORIENTED_EDGE('',*,*,#2624,.F.);
#1787=ORIENTED_EDGE('',*,*,#2508,.T.);
#1788=ORIENTED_EDGE('',*,*,#2564,.T.);
#1789=ORIENTED_EDGE('',*,*,#2509,.F.);
#1790=ORIENTED_EDGE('',*,*,#2625,.F.);
#1791=ORIENTED_EDGE('',*,*,#2511,.T.);
#1792=ORIENTED_EDGE('',*,*,#2565,.T.);
#1793=ORIENTED_EDGE('',*,*,#2512,.F.);
#1794=ORIENTED_EDGE('',*,*,#2566,.T.);
#1795=ORIENTED_EDGE('',*,*,#2514,.F.);
#1796=ORIENTED_EDGE('',*,*,#2441,.F.);
#1797=ORIENTED_EDGE('',*,*,#2516,.T.);
#1798=ORIENTED_EDGE('',*,*,#2567,.T.);
#1799=ORIENTED_EDGE('',*,*,#2517,.F.);
#1800=ORIENTED_EDGE('',*,*,#2443,.F.);
#1801=ORIENTED_EDGE('',*,*,#2519,.T.);
#1802=ORIENTED_EDGE('',*,*,#2568,.T.);
#1803=ORIENTED_EDGE('',*,*,#2520,.F.);
#1804=ORIENTED_EDGE('',*,*,#2446,.F.);
#1805=ORIENTED_EDGE('',*,*,#2522,.T.);
#1806=ORIENTED_EDGE('',*,*,#2569,.T.);
#1807=ORIENTED_EDGE('',*,*,#2523,.F.);
#1808=ORIENTED_EDGE('',*,*,#2449,.F.);
#1809=ORIENTED_EDGE('',*,*,#2525,.T.);
#1810=ORIENTED_EDGE('',*,*,#2570,.T.);
#1811=ORIENTED_EDGE('',*,*,#2526,.F.);
#1812=ORIENTED_EDGE('',*,*,#2451,.F.);
#1813=ORIENTED_EDGE('',*,*,#2528,.T.);
#1814=ORIENTED_EDGE('',*,*,#2571,.T.);
#1815=ORIENTED_EDGE('',*,*,#2529,.F.);
#1816=ORIENTED_EDGE('',*,*,#2459,.F.);
#1817=ORIENTED_EDGE('',*,*,#2531,.T.);
#1818=ORIENTED_EDGE('',*,*,#2572,.T.);
#1819=ORIENTED_EDGE('',*,*,#2532,.F.);
#1820=ORIENTED_EDGE('',*,*,#2461,.F.);
#1821=ORIENTED_EDGE('',*,*,#2534,.T.);
#1822=ORIENTED_EDGE('',*,*,#2573,.T.);
#1823=ORIENTED_EDGE('',*,*,#2535,.F.);
#1824=ORIENTED_EDGE('',*,*,#2463,.F.);
#1825=ORIENTED_EDGE('',*,*,#2537,.T.);
#1826=ORIENTED_EDGE('',*,*,#2574,.T.);
#1827=ORIENTED_EDGE('',*,*,#2538,.F.);
#1828=ORIENTED_EDGE('',*,*,#2465,.F.);
#1829=ORIENTED_EDGE('',*,*,#2540,.T.);
#1830=ORIENTED_EDGE('',*,*,#2575,.T.);
#1831=ORIENTED_EDGE('',*,*,#2541,.F.);
#1832=ORIENTED_EDGE('',*,*,#2467,.F.);
#1833=ORIENTED_EDGE('',*,*,#2543,.T.);
#1834=ORIENTED_EDGE('',*,*,#2576,.T.);
#1835=ORIENTED_EDGE('',*,*,#2544,.F.);
#1836=ORIENTED_EDGE('',*,*,#2469,.F.);
#1837=ORIENTED_EDGE('',*,*,#2546,.T.);
#1838=ORIENTED_EDGE('',*,*,#2577,.T.);
#1839=ORIENTED_EDGE('',*,*,#2547,.F.);
#1840=ORIENTED_EDGE('',*,*,#2471,.F.);
#1841=ORIENTED_EDGE('',*,*,#2549,.T.);
#1842=ORIENTED_EDGE('',*,*,#2578,.T.);
#1843=ORIENTED_EDGE('',*,*,#2550,.F.);
#1844=ORIENTED_EDGE('',*,*,#2474,.F.);
#1845=ORIENTED_EDGE('',*,*,#2552,.T.);
#1846=ORIENTED_EDGE('',*,*,#2579,.T.);
#1847=ORIENTED_EDGE('',*,*,#2553,.F.);
#1848=ORIENTED_EDGE('',*,*,#2481,.F.);
#1849=ORIENTED_EDGE('',*,*,#2555,.T.);
#1850=ORIENTED_EDGE('',*,*,#2580,.T.);
#1851=ORIENTED_EDGE('',*,*,#2556,.F.);
#1852=ORIENTED_EDGE('',*,*,#2488,.F.);
#1853=ORIENTED_EDGE('',*,*,#2558,.T.);
#1854=ORIENTED_EDGE('',*,*,#2581,.T.);
#1855=ORIENTED_EDGE('',*,*,#2559,.F.);
#1856=ORIENTED_EDGE('',*,*,#2495,.F.);
#1857=ORIENTED_EDGE('',*,*,#2561,.T.);
#1858=VERTEX_POINT('',#4509);
#1859=VERTEX_POINT('',#4510);
#1860=VERTEX_POINT('',#4512);
#1861=VERTEX_POINT('',#4514);
#1862=VERTEX_POINT('',#4518);
#1863=VERTEX_POINT('',#4519);
#1864=VERTEX_POINT('',#4521);
#1865=VERTEX_POINT('',#4523);
#1866=VERTEX_POINT('',#4527);
#1867=VERTEX_POINT('',#4528);
#1868=VERTEX_POINT('',#4530);
#1869=VERTEX_POINT('',#4532);
#1870=VERTEX_POINT('',#4536);
#1871=VERTEX_POINT('',#4537);
#1872=VERTEX_POINT('',#4539);
#1873=VERTEX_POINT('',#4541);
#1874=VERTEX_POINT('',#4545);
#1875=VERTEX_POINT('',#4546);
#1876=VERTEX_POINT('',#4548);
#1877=VERTEX_POINT('',#4550);
#1878=VERTEX_POINT('',#4554);
#1879=VERTEX_POINT('',#4555);
#1880=VERTEX_POINT('',#4557);
#1881=VERTEX_POINT('',#4559);
#1882=VERTEX_POINT('',#4563);
#1883=VERTEX_POINT('',#4564);
#1884=VERTEX_POINT('',#4569);
#1885=VERTEX_POINT('',#4570);
#1886=VERTEX_POINT('',#4572);
#1887=VERTEX_POINT('',#4574);
#1888=VERTEX_POINT('',#4578);
#1889=VERTEX_POINT('',#4579);
#1890=VERTEX_POINT('',#4584);
#1891=VERTEX_POINT('',#4585);
#1892=VERTEX_POINT('',#4587);
#1893=VERTEX_POINT('',#4589);
#1894=VERTEX_POINT('',#4593);
#1895=VERTEX_POINT('',#4594);
#1896=VERTEX_POINT('',#4596);
#1897=VERTEX_POINT('',#4598);
#1898=VERTEX_POINT('',#4602);
#1899=VERTEX_POINT('',#4603);
#1900=VERTEX_POINT('',#4605);
#1901=VERTEX_POINT('',#4607);
#1902=VERTEX_POINT('',#4611);
#1903=VERTEX_POINT('',#4612);
#1904=VERTEX_POINT('',#4614);
#1905=VERTEX_POINT('',#4616);
#1906=VERTEX_POINT('',#4620);
#1907=VERTEX_POINT('',#4621);
#1908=VERTEX_POINT('',#4623);
#1909=VERTEX_POINT('',#4625);
#1910=VERTEX_POINT('',#4629);
#1911=VERTEX_POINT('',#4630);
#1912=VERTEX_POINT('',#4635);
#1913=VERTEX_POINT('',#4637);
#1914=VERTEX_POINT('',#4641);
#1915=VERTEX_POINT('',#4642);
#1916=VERTEX_POINT('',#4644);
#1917=VERTEX_POINT('',#4646);
#1918=VERTEX_POINT('',#4650);
#1919=VERTEX_POINT('',#4651);
#1920=VERTEX_POINT('',#4656);
#1921=VERTEX_POINT('',#4657);
#1922=VERTEX_POINT('',#4659);
#1923=VERTEX_POINT('',#4661);
#1924=VERTEX_POINT('',#4665);
#1925=VERTEX_POINT('',#4666);
#1926=VERTEX_POINT('',#4668);
#1927=VERTEX_POINT('',#4670);
#1928=VERTEX_POINT('',#4674);
#1929=VERTEX_POINT('',#4675);
#1930=VERTEX_POINT('',#4677);
#1931=VERTEX_POINT('',#4679);
#1932=VERTEX_POINT('',#4683);
#1933=VERTEX_POINT('',#4684);
#1934=VERTEX_POINT('',#4689);
#1935=VERTEX_POINT('',#4690);
#1936=VERTEX_POINT('',#4692);
#1937=VERTEX_POINT('',#4694);
#1938=VERTEX_POINT('',#4698);
#1939=VERTEX_POINT('',#4699);
#1940=VERTEX_POINT('',#4704);
#1941=VERTEX_POINT('',#4705);
#1942=VERTEX_POINT('',#4707);
#1943=VERTEX_POINT('',#4709);
#1944=VERTEX_POINT('',#4713);
#1945=VERTEX_POINT('',#4714);
#1946=VERTEX_POINT('',#4716);
#1947=VERTEX_POINT('',#4718);
#1948=VERTEX_POINT('',#4722);
#1949=VERTEX_POINT('',#4723);
#1950=VERTEX_POINT('',#4725);
#1951=VERTEX_POINT('',#4727);
#1952=VERTEX_POINT('',#4731);
#1953=VERTEX_POINT('',#4732);
#1954=VERTEX_POINT('',#4737);
#1955=VERTEX_POINT('',#4738);
#1956=VERTEX_POINT('',#4740);
#1957=VERTEX_POINT('',#4742);
#1958=VERTEX_POINT('',#4746);
#1959=VERTEX_POINT('',#4747);
#1960=VERTEX_POINT('',#4749);
#1961=VERTEX_POINT('',#4751);
#1962=VERTEX_POINT('',#4755);
#1963=VERTEX_POINT('',#4756);
#1964=VERTEX_POINT('',#4758);
#1965=VERTEX_POINT('',#4760);
#1966=VERTEX_POINT('',#4764);
#1967=VERTEX_POINT('',#4765);
#1968=VERTEX_POINT('',#4767);
#1969=VERTEX_POINT('',#4769);
#1970=VERTEX_POINT('',#4773);
#1971=VERTEX_POINT('',#4774);
#1972=VERTEX_POINT('',#4779);
#1973=VERTEX_POINT('',#4780);
#1974=VERTEX_POINT('',#4791);
#1975=VERTEX_POINT('',#4792);
#1976=VERTEX_POINT('',#4797);
#1977=VERTEX_POINT('',#4798);
#1978=VERTEX_POINT('',#4809);
#1979=VERTEX_POINT('',#4810);
#1980=VERTEX_POINT('',#4815);
#1981=VERTEX_POINT('',#4816);
#1982=VERTEX_POINT('',#4824);
#1983=VERTEX_POINT('',#4825);
#1984=VERTEX_POINT('',#4830);
#1985=VERTEX_POINT('',#4832);
#1986=VERTEX_POINT('',#4836);
#1987=VERTEX_POINT('',#4837);
#1988=VERTEX_POINT('',#4842);
#1989=VERTEX_POINT('',#4843);
#1990=VERTEX_POINT('',#4854);
#1991=VERTEX_POINT('',#4855);
#1992=VERTEX_POINT('',#4860);
#1993=VERTEX_POINT('',#4861);
#1994=VERTEX_POINT('',#4872);
#1995=VERTEX_POINT('',#4873);
#1996=VERTEX_POINT('',#4878);
#1997=VERTEX_POINT('',#4879);
#1998=VERTEX_POINT('',#4887);
#1999=VERTEX_POINT('',#4888);
#2000=VERTEX_POINT('',#4893);
#2001=VERTEX_POINT('',#4894);
#2002=VERTEX_POINT('',#4899);
#2003=VERTEX_POINT('',#4900);
#2004=VERTEX_POINT('',#4905);
#2005=VERTEX_POINT('',#4906);
#2006=VERTEX_POINT('',#4911);
#2007=VERTEX_POINT('',#4912);
#2008=VERTEX_POINT('',#4917);
#2009=VERTEX_POINT('',#4918);
#2010=VERTEX_POINT('',#4926);
#2011=VERTEX_POINT('',#4927);
#2012=VERTEX_POINT('',#4929);
#2013=VERTEX_POINT('',#4931);
#2014=VERTEX_POINT('',#4935);
#2015=VERTEX_POINT('',#4936);
#2016=VERTEX_POINT('',#4938);
#2017=VERTEX_POINT('',#4940);
#2018=VERTEX_POINT('',#4949);
#2019=VERTEX_POINT('',#4950);
#2020=VERTEX_POINT('',#4955);
#2021=VERTEX_POINT('',#4957);
#2022=VERTEX_POINT('',#4961);
#2023=VERTEX_POINT('',#4962);
#2024=VERTEX_POINT('',#4973);
#2025=VERTEX_POINT('',#4975);
#2026=VERTEX_POINT('',#4979);
#2027=VERTEX_POINT('',#4980);
#2028=VERTEX_POINT('',#4988);
#2029=VERTEX_POINT('',#4990);
#2030=VERTEX_POINT('',#4994);
#2031=VERTEX_POINT('',#4995);
#2032=VERTEX_POINT('',#5003);
#2033=VERTEX_POINT('',#5005);
#2034=VERTEX_POINT('',#5009);
#2035=VERTEX_POINT('',#5010);
#2036=VERTEX_POINT('',#5021);
#2037=VERTEX_POINT('',#5023);
#2038=VERTEX_POINT('',#5027);
#2039=VERTEX_POINT('',#5028);
#2040=VERTEX_POINT('',#5036);
#2041=VERTEX_POINT('',#5038);
#2042=VERTEX_POINT('',#5045);
#2043=VERTEX_POINT('',#5047);
#2044=VERTEX_POINT('',#5051);
#2045=VERTEX_POINT('',#5053);
#2046=VERTEX_POINT('',#5057);
#2047=VERTEX_POINT('',#5059);
#2048=VERTEX_POINT('',#5063);
#2049=VERTEX_POINT('',#5065);
#2050=VERTEX_POINT('',#5070);
#2051=VERTEX_POINT('',#5071);
#2052=VERTEX_POINT('',#5074);
#2053=VERTEX_POINT('',#5075);
#2054=VERTEX_POINT('',#5079);
#2055=VERTEX_POINT('',#5080);
#2056=VERTEX_POINT('',#5084);
#2057=VERTEX_POINT('',#5085);
#2058=VERTEX_POINT('',#5088);
#2059=VERTEX_POINT('',#5089);
#2060=VERTEX_POINT('',#5093);
#2061=VERTEX_POINT('',#5094);
#2062=VERTEX_POINT('',#5097);
#2063=VERTEX_POINT('',#5099);
#2064=VERTEX_POINT('',#5103);
#2065=VERTEX_POINT('',#5104);
#2066=VERTEX_POINT('',#5107);
#2067=VERTEX_POINT('',#5108);
#2068=VERTEX_POINT('',#5111);
#2069=VERTEX_POINT('',#5112);
#2070=VERTEX_POINT('',#5115);
#2071=VERTEX_POINT('',#5116);
#2072=VERTEX_POINT('',#5119);
#2073=VERTEX_POINT('',#5120);
#2074=VERTEX_POINT('',#5123);
#2075=VERTEX_POINT('',#5124);
#2076=VERTEX_POINT('',#5128);
#2077=VERTEX_POINT('',#5129);
#2078=VERTEX_POINT('',#5134);
#2079=VERTEX_POINT('',#5135);
#2080=VERTEX_POINT('',#5138);
#2081=VERTEX_POINT('',#5139);
#2082=VERTEX_POINT('',#5141);
#2083=VERTEX_POINT('',#5143);
#2084=VERTEX_POINT('',#5145);
#2085=VERTEX_POINT('',#5149);
#2086=VERTEX_POINT('',#5150);
#2087=VERTEX_POINT('',#5153);
#2088=VERTEX_POINT('',#5154);
#2089=VERTEX_POINT('',#5156);
#2090=VERTEX_POINT('',#5158);
#2091=VERTEX_POINT('',#5160);
#2092=VERTEX_POINT('',#5164);
#2093=VERTEX_POINT('',#5165);
#2094=VERTEX_POINT('',#5168);
#2095=VERTEX_POINT('',#5169);
#2096=VERTEX_POINT('',#5171);
#2097=VERTEX_POINT('',#5173);
#2098=VERTEX_POINT('',#5175);
#2099=VERTEX_POINT('',#5179);
#2100=VERTEX_POINT('',#5180);
#2101=VERTEX_POINT('',#5183);
#2102=VERTEX_POINT('',#5184);
#2103=VERTEX_POINT('',#5186);
#2104=VERTEX_POINT('',#5188);
#2105=VERTEX_POINT('',#5190);
#2106=VERTEX_POINT('',#5194);
#2107=VERTEX_POINT('',#5196);
#2108=VERTEX_POINT('',#5200);
#2109=VERTEX_POINT('',#5202);
#2110=VERTEX_POINT('',#5206);
#2111=VERTEX_POINT('',#5208);
#2112=VERTEX_POINT('',#5212);
#2113=VERTEX_POINT('',#5214);
#2114=VERTEX_POINT('',#5218);
#2115=VERTEX_POINT('',#5220);
#2116=VERTEX_POINT('',#5224);
#2117=VERTEX_POINT('',#5226);
#2118=VERTEX_POINT('',#5230);
#2119=VERTEX_POINT('',#5232);
#2120=VERTEX_POINT('',#5236);
#2121=VERTEX_POINT('',#5238);
#2122=VERTEX_POINT('',#5242);
#2123=VERTEX_POINT('',#5244);
#2124=VERTEX_POINT('',#5248);
#2125=VERTEX_POINT('',#5250);
#2126=VERTEX_POINT('',#5254);
#2127=VERTEX_POINT('',#5256);
#2128=VERTEX_POINT('',#5260);
#2129=VERTEX_POINT('',#5262);
#2130=VERTEX_POINT('',#5266);
#2131=VERTEX_POINT('',#5268);
#2132=VERTEX_POINT('',#5272);
#2133=VERTEX_POINT('',#5274);
#2134=VERTEX_POINT('',#5278);
#2135=VERTEX_POINT('',#5280);
#2136=VERTEX_POINT('',#5284);
#2137=VERTEX_POINT('',#5286);
#2138=VERTEX_POINT('',#5290);
#2139=VERTEX_POINT('',#5292);
#2140=VERTEX_POINT('',#5296);
#2141=VERTEX_POINT('',#5298);
#2142=VERTEX_POINT('',#5302);
#2143=VERTEX_POINT('',#5304);
#2144=VERTEX_POINT('',#5308);
#2145=VERTEX_POINT('',#5310);
#2146=VERTEX_POINT('',#5334);
#2147=VERTEX_POINT('',#5335);
#2148=VERTEX_POINT('',#5337);
#2149=VERTEX_POINT('',#5339);
#2150=VERTEX_POINT('',#5341);
#2151=VERTEX_POINT('',#5343);
#2152=VERTEX_POINT('',#5345);
#2153=VERTEX_POINT('',#5347);
#2154=VERTEX_POINT('',#5349);
#2155=VERTEX_POINT('',#5351);
#2156=VERTEX_POINT('',#5353);
#2157=VERTEX_POINT('',#5355);
#2158=VERTEX_POINT('',#5357);
#2159=VERTEX_POINT('',#5359);
#2160=VERTEX_POINT('',#5361);
#2161=VERTEX_POINT('',#5363);
#2162=EDGE_CURVE('NONE',#1858,#1859,#2626,.T.);
#2163=EDGE_CURVE('NONE',#1860,#1859,#2627,.T.);
#2164=EDGE_CURVE('NONE',#1860,#1861,#2628,.T.);
#2165=EDGE_CURVE('NONE',#1858,#1861,#2629,.T.);
#2166=EDGE_CURVE('NONE',#1862,#1863,#2630,.T.);
#2167=EDGE_CURVE('NONE',#1864,#1863,#2631,.T.);
#2168=EDGE_CURVE('NONE',#1864,#1865,#2632,.T.);
#2169=EDGE_CURVE('NONE',#1862,#1865,#2633,.T.);
#2170=EDGE_CURVE('NONE',#1866,#1867,#2634,.T.);
#2171=EDGE_CURVE('NONE',#1868,#1867,#2635,.T.);
#2172=EDGE_CURVE('NONE',#1868,#1869,#2636,.T.);
#2173=EDGE_CURVE('NONE',#1866,#1869,#2637,.T.);
#2174=EDGE_CURVE('NONE',#1870,#1871,#2638,.T.);
#2175=EDGE_CURVE('NONE',#1872,#1871,#2639,.T.);
#2176=EDGE_CURVE('NONE',#1872,#1873,#2640,.T.);
#2177=EDGE_CURVE('NONE',#1870,#1873,#2641,.T.);
#2178=EDGE_CURVE('NONE',#1874,#1875,#2642,.T.);
#2179=EDGE_CURVE('NONE',#1876,#1875,#2643,.T.);
#2180=EDGE_CURVE('NONE',#1876,#1877,#2644,.T.);
#2181=EDGE_CURVE('NONE',#1874,#1877,#2645,.T.);
#2182=EDGE_CURVE('NONE',#1878,#1879,#2646,.T.);
#2183=EDGE_CURVE('NONE',#1880,#1879,#2647,.T.);
#2184=EDGE_CURVE('NONE',#1880,#1881,#2648,.T.);
#2185=EDGE_CURVE('NONE',#1878,#1881,#2649,.T.);
#2186=EDGE_CURVE('NONE',#1882,#1883,#2650,.T.);
#2187=EDGE_CURVE('NONE',#1879,#1883,#2651,.T.);
#2188=EDGE_CURVE('NONE',#1882,#1878,#2652,.T.);
#2189=EDGE_CURVE('NONE',#1884,#1885,#2653,.T.);
#2190=EDGE_CURVE('NONE',#1886,#1885,#2654,.T.);
#2191=EDGE_CURVE('NONE',#1886,#1887,#2655,.T.);
#2192=EDGE_CURVE('NONE',#1884,#1887,#2656,.T.);
#2193=EDGE_CURVE('NONE',#1888,#1889,#2657,.T.);
#2194=EDGE_CURVE('NONE',#1885,#1889,#2658,.T.);
#2195=EDGE_CURVE('NONE',#1888,#1884,#2659,.T.);
#2196=EDGE_CURVE('NONE',#1890,#1891,#2660,.T.);
#2197=EDGE_CURVE('NONE',#1892,#1891,#2661,.T.);
#2198=EDGE_CURVE('NONE',#1892,#1893,#2662,.T.);
#2199=EDGE_CURVE('NONE',#1890,#1893,#2663,.T.);
#2200=EDGE_CURVE('NONE',#1894,#1895,#2664,.T.);
#2201=EDGE_CURVE('NONE',#1896,#1895,#2665,.T.);
#2202=EDGE_CURVE('NONE',#1896,#1897,#2666,.T.);
#2203=EDGE_CURVE('NONE',#1894,#1897,#2667,.T.);
#2204=EDGE_CURVE('NONE',#1898,#1899,#2668,.T.);
#2205=EDGE_CURVE('NONE',#1900,#1899,#2669,.T.);
#2206=EDGE_CURVE('NONE',#1900,#1901,#2670,.T.);
#2207=EDGE_CURVE('NONE',#1898,#1901,#2671,.T.);
#2208=EDGE_CURVE('NONE',#1902,#1903,#2672,.T.);
#2209=EDGE_CURVE('NONE',#1904,#1903,#2673,.T.);
#2210=EDGE_CURVE('NONE',#1904,#1905,#2674,.T.);
#2211=EDGE_CURVE('NONE',#1902,#1905,#2675,.T.);
#2212=EDGE_CURVE('NONE',#1906,#1907,#2676,.T.);
#2213=EDGE_CURVE('NONE',#1908,#1907,#2677,.T.);
#2214=EDGE_CURVE('NONE',#1908,#1909,#2678,.T.);
#2215=EDGE_CURVE('NONE',#1906,#1909,#2679,.T.);
#2216=EDGE_CURVE('NONE',#1910,#1911,#2680,.T.);
#2217=EDGE_CURVE('NONE',#1907,#1911,#2681,.T.);
#2218=EDGE_CURVE('NONE',#1910,#1906,#2682,.T.);
#2219=EDGE_CURVE('NONE',#1912,#1860,#2683,.T.);
#2220=EDGE_CURVE('NONE',#1912,#1913,#2684,.T.);
#2221=EDGE_CURVE('NONE',#1861,#1913,#2685,.T.);
#2222=EDGE_CURVE('NONE',#1914,#1915,#2686,.T.);
#2223=EDGE_CURVE('NONE',#1914,#1916,#2687,.T.);
#2224=EDGE_CURVE('NONE',#1916,#1917,#2688,.T.);
#2225=EDGE_CURVE('NONE',#1917,#1915,#2689,.T.);
#2226=EDGE_CURVE('NONE',#1918,#1919,#2690,.T.);
#2227=EDGE_CURVE('NONE',#1919,#1914,#2691,.T.);
#2228=EDGE_CURVE('NONE',#1915,#1918,#2692,.T.);
#2229=EDGE_CURVE('NONE',#1920,#1921,#2693,.T.);
#2230=EDGE_CURVE('NONE',#1920,#1922,#2694,.T.);
#2231=EDGE_CURVE('NONE',#1922,#1923,#2695,.T.);
#2232=EDGE_CURVE('NONE',#1923,#1921,#2696,.T.);
#2233=EDGE_CURVE('NONE',#1924,#1925,#2697,.T.);
#2234=EDGE_CURVE('NONE',#1925,#1926,#2698,.T.);
#2235=EDGE_CURVE('NONE',#1927,#1926,#2699,.T.);
#2236=EDGE_CURVE('NONE',#1927,#1924,#2700,.T.);
#2237=EDGE_CURVE('NONE',#1928,#1929,#2701,.T.);
#2238=EDGE_CURVE('NONE',#1928,#1930,#2702,.T.);
#2239=EDGE_CURVE('NONE',#1930,#1931,#2703,.T.);
#2240=EDGE_CURVE('NONE',#1931,#1929,#2704,.T.);
#2241=EDGE_CURVE('NONE',#1932,#1933,#2705,.T.);
#2242=EDGE_CURVE('NONE',#1933,#1928,#2706,.T.);
#2243=EDGE_CURVE('NONE',#1929,#1932,#2707,.T.);
#2244=EDGE_CURVE('NONE',#1934,#1935,#2708,.T.);
#2245=EDGE_CURVE('NONE',#1934,#1936,#2709,.T.);
#2246=EDGE_CURVE('NONE',#1936,#1937,#2710,.T.);
#2247=EDGE_CURVE('NONE',#1937,#1935,#2711,.T.);
#2248=EDGE_CURVE('NONE',#1938,#1939,#2712,.T.);
#2249=EDGE_CURVE('NONE',#1939,#1934,#2713,.T.);
#2250=EDGE_CURVE('NONE',#1935,#1938,#2714,.T.);
#2251=EDGE_CURVE('NONE',#1940,#1941,#2715,.T.);
#2252=EDGE_CURVE('NONE',#1940,#1942,#2716,.T.);
#2253=EDGE_CURVE('NONE',#1942,#1943,#2717,.T.);
#2254=EDGE_CURVE('NONE',#1943,#1941,#2718,.T.);
#2255=EDGE_CURVE('NONE',#1944,#1945,#2719,.T.);
#2256=EDGE_CURVE('NONE',#1945,#1946,#2720,.T.);
#2257=EDGE_CURVE('NONE',#1947,#1946,#2721,.T.);
#2258=EDGE_CURVE('NONE',#1947,#1944,#2722,.T.);
#2259=EDGE_CURVE('NONE',#1948,#1949,#2723,.T.);
#2260=EDGE_CURVE('NONE',#1948,#1950,#2724,.T.);
#2261=EDGE_CURVE('NONE',#1950,#1951,#2725,.T.);
#2262=EDGE_CURVE('NONE',#1951,#1949,#2726,.T.);
#2263=EDGE_CURVE('NONE',#1952,#1953,#2727,.T.);
#2264=EDGE_CURVE('NONE',#1953,#1948,#2728,.T.);
#2265=EDGE_CURVE('NONE',#1949,#1952,#2729,.T.);
#2266=EDGE_CURVE('NONE',#1954,#1955,#2730,.T.);
#2267=EDGE_CURVE('NONE',#1955,#1956,#174,.T.);
#2268=EDGE_CURVE('NONE',#1957,#1956,#2731,.T.);
#2269=EDGE_CURVE('NONE',#1954,#1957,#175,.T.);
#2270=EDGE_CURVE('NONE',#1958,#1959,#2732,.T.);
#2271=EDGE_CURVE('NONE',#1959,#1960,#176,.T.);
#2272=EDGE_CURVE('NONE',#1961,#1960,#2733,.T.);
#2273=EDGE_CURVE('NONE',#1958,#1961,#177,.T.);
#2274=EDGE_CURVE('NONE',#1962,#1963,#2734,.T.);
#2275=EDGE_CURVE('NONE',#1963,#1964,#178,.T.);
#2276=EDGE_CURVE('NONE',#1965,#1964,#2735,.T.);
#2277=EDGE_CURVE('NONE',#1962,#1965,#179,.T.);
#2278=EDGE_CURVE('NONE',#1966,#1967,#2736,.T.);
#2279=EDGE_CURVE('NONE',#1967,#1968,#180,.T.);
#2280=EDGE_CURVE('NONE',#1969,#1968,#2737,.T.);
#2281=EDGE_CURVE('NONE',#1966,#1969,#181,.T.);
#2282=EDGE_CURVE('NONE',#1970,#1971,#2738,.T.);
#2283=EDGE_CURVE('NONE',#1859,#1971,#182,.T.);
#2284=EDGE_CURVE('NONE',#1970,#1858,#183,.T.);
#2285=EDGE_CURVE('NONE',#1972,#1973,#2739,.T.);
#2286=EDGE_CURVE('NONE',#1971,#1973,#2740,.T.);
#2287=EDGE_CURVE('NONE',#1972,#1970,#2741,.T.);
#2288=EDGE_CURVE('NONE',#1973,#1864,#184,.T.);
#2289=EDGE_CURVE('NONE',#1865,#1972,#185,.T.);
#2290=EDGE_CURVE('NONE',#1863,#1868,#2742,.T.);
#2291=EDGE_CURVE('NONE',#1869,#1862,#2743,.T.);
#2292=EDGE_CURVE('NONE',#1974,#1975,#2744,.T.);
#2293=EDGE_CURVE('NONE',#1867,#1975,#186,.T.);
#2294=EDGE_CURVE('NONE',#1974,#1866,#187,.T.);
#2295=EDGE_CURVE('NONE',#1976,#1977,#2745,.T.);
#2296=EDGE_CURVE('NONE',#1975,#1977,#2746,.T.);
#2297=EDGE_CURVE('NONE',#1976,#1974,#2747,.T.);
#2298=EDGE_CURVE('NONE',#1977,#1872,#188,.T.);
#2299=EDGE_CURVE('NONE',#1873,#1976,#189,.T.);
#2300=EDGE_CURVE('NONE',#1871,#1876,#2748,.T.);
#2301=EDGE_CURVE('NONE',#1877,#1870,#2749,.T.);
#2302=EDGE_CURVE('NONE',#1978,#1979,#2750,.T.);
#2303=EDGE_CURVE('NONE',#1875,#1979,#190,.T.);
#2304=EDGE_CURVE('NONE',#1978,#1874,#191,.T.);
#2305=EDGE_CURVE('NONE',#1980,#1981,#2751,.T.);
#2306=EDGE_CURVE('NONE',#1979,#1981,#2752,.T.);
#2307=EDGE_CURVE('NONE',#1980,#1978,#2753,.T.);
#2308=EDGE_CURVE('NONE',#1981,#1880,#192,.T.);
#2309=EDGE_CURVE('NONE',#1881,#1980,#193,.T.);
#2310=EDGE_CURVE('NONE',#1982,#1983,#2754,.T.);
#2311=EDGE_CURVE('NONE',#1883,#1983,#194,.T.);
#2312=EDGE_CURVE('NONE',#1982,#1882,#195,.T.);
#2313=EDGE_CURVE('NONE',#1984,#1886,#196,.T.);
#2314=EDGE_CURVE('NONE',#1984,#1985,#2755,.T.);
#2315=EDGE_CURVE('NONE',#1887,#1985,#197,.T.);
#2316=EDGE_CURVE('NONE',#1986,#1987,#2756,.T.);
#2317=EDGE_CURVE('NONE',#1889,#1987,#198,.T.);
#2318=EDGE_CURVE('NONE',#1986,#1888,#199,.T.);
#2319=EDGE_CURVE('NONE',#1988,#1989,#2757,.T.);
#2320=EDGE_CURVE('NONE',#1987,#1989,#2758,.T.);
#2321=EDGE_CURVE('NONE',#1988,#1986,#2759,.T.);
#2322=EDGE_CURVE('NONE',#1989,#1892,#200,.T.);
#2323=EDGE_CURVE('NONE',#1893,#1988,#201,.T.);
#2324=EDGE_CURVE('NONE',#1891,#1896,#2760,.T.);
#2325=EDGE_CURVE('NONE',#1897,#1890,#2761,.T.);
#2326=EDGE_CURVE('NONE',#1990,#1991,#2762,.T.);
#2327=EDGE_CURVE('NONE',#1895,#1991,#202,.T.);
#2328=EDGE_CURVE('NONE',#1990,#1894,#203,.T.);
#2329=EDGE_CURVE('NONE',#1992,#1993,#2763,.T.);
#2330=EDGE_CURVE('NONE',#1991,#1993,#2764,.T.);
#2331=EDGE_CURVE('NONE',#1992,#1990,#2765,.T.);
#2332=EDGE_CURVE('NONE',#1993,#1900,#204,.T.);
#2333=EDGE_CURVE('NONE',#1901,#1992,#205,.T.);
#2334=EDGE_CURVE('NONE',#1899,#1904,#2766,.T.);
#2335=EDGE_CURVE('NONE',#1905,#1898,#2767,.T.);
#2336=EDGE_CURVE('NONE',#1994,#1995,#2768,.T.);
#2337=EDGE_CURVE('NONE',#1903,#1995,#206,.T.);
#2338=EDGE_CURVE('NONE',#1994,#1902,#207,.T.);
#2339=EDGE_CURVE('NONE',#1996,#1997,#2769,.T.);
#2340=EDGE_CURVE('NONE',#1995,#1997,#2770,.T.);
#2341=EDGE_CURVE('NONE',#1996,#1994,#2771,.T.);
#2342=EDGE_CURVE('NONE',#1997,#1908,#208,.T.);
#2343=EDGE_CURVE('NONE',#1909,#1996,#209,.T.);
#2344=EDGE_CURVE('NONE',#1998,#1999,#2772,.T.);
#2345=EDGE_CURVE('NONE',#1911,#1999,#210,.T.);
#2346=EDGE_CURVE('NONE',#1998,#1910,#211,.T.);
#2347=EDGE_CURVE('NONE',#2000,#2001,#2773,.T.);
#2348=EDGE_CURVE('NONE',#1999,#2001,#2774,.T.);
#2349=EDGE_CURVE('NONE',#2000,#1998,#2775,.T.);
#2350=EDGE_CURVE('NONE',#2002,#2003,#2776,.T.);
#2351=EDGE_CURVE('NONE',#2001,#2003,#212,.T.);
#2352=EDGE_CURVE('NONE',#2002,#2000,#213,.T.);
#2353=EDGE_CURVE('NONE',#2004,#2005,#2777,.T.);
#2354=EDGE_CURVE('NONE',#2003,#2005,#2778,.T.);
#2355=EDGE_CURVE('NONE',#2004,#2002,#2779,.T.);
#2356=EDGE_CURVE('NONE',#2006,#2007,#2780,.T.);
#2357=EDGE_CURVE('NONE',#2005,#2007,#214,.T.);
#2358=EDGE_CURVE('NONE',#2006,#2004,#215,.T.);
#2359=EDGE_CURVE('NONE',#2008,#2009,#2781,.T.);
#2360=EDGE_CURVE('NONE',#2007,#2009,#2782,.T.);
#2361=EDGE_CURVE('NONE',#2008,#2006,#2783,.T.);
#2362=EDGE_CURVE('NONE',#2009,#1912,#216,.T.);
#2363=EDGE_CURVE('NONE',#1913,#2008,#217,.T.);
#2364=EDGE_CURVE('NONE',#2010,#2011,#2784,.T.);
#2365=EDGE_CURVE('NONE',#2012,#2011,#2785,.T.);
#2366=EDGE_CURVE('NONE',#2012,#2013,#2786,.T.);
#2367=EDGE_CURVE('NONE',#2010,#2013,#2787,.T.);
#2368=EDGE_CURVE('NONE',#2014,#2015,#2788,.T.);
#2369=EDGE_CURVE('NONE',#2016,#2015,#2789,.T.);
#2370=EDGE_CURVE('NONE',#2016,#2017,#2790,.T.);
#2371=EDGE_CURVE('NONE',#2014,#2017,#2791,.T.);
#2372=EDGE_CURVE('NONE',#2017,#2010,#2792,.T.);
#2373=EDGE_CURVE('NONE',#1985,#2016,#2793,.T.);
#2374=EDGE_CURVE('NONE',#1983,#1984,#2794,.T.);
#2375=EDGE_CURVE('NONE',#2011,#1982,#2795,.T.);
#2376=EDGE_CURVE('NONE',#2018,#2019,#2796,.T.);
#2377=EDGE_CURVE('NONE',#1917,#2018,#218,.T.);
#2378=EDGE_CURVE('NONE',#2019,#1916,#219,.T.);
#2379=EDGE_CURVE('NONE',#2020,#1918,#220,.T.);
#2380=EDGE_CURVE('NONE',#2021,#2020,#2797,.T.);
#2381=EDGE_CURVE('NONE',#1919,#2021,#221,.T.);
#2382=EDGE_CURVE('NONE',#2022,#2023,#2798,.T.);
#2383=EDGE_CURVE('NONE',#2021,#2023,#2799,.T.);
#2384=EDGE_CURVE('NONE',#2020,#2022,#2800,.T.);
#2385=EDGE_CURVE('NONE',#1923,#2022,#222,.T.);
#2386=EDGE_CURVE('NONE',#2023,#1922,#223,.T.);
#2387=EDGE_CURVE('NONE',#1920,#1926,#2801,.T.);
#2388=EDGE_CURVE('NONE',#1921,#1927,#2802,.T.);
#2389=EDGE_CURVE('NONE',#2024,#1924,#224,.T.);
#2390=EDGE_CURVE('NONE',#2025,#2024,#2803,.T.);
#2391=EDGE_CURVE('NONE',#1925,#2025,#225,.T.);
#2392=EDGE_CURVE('NONE',#2026,#2027,#2804,.T.);
#2393=EDGE_CURVE('NONE',#2025,#2027,#2805,.T.);
#2394=EDGE_CURVE('NONE',#2024,#2026,#2806,.T.);
#2395=EDGE_CURVE('NONE',#1931,#2026,#226,.T.);
#2396=EDGE_CURVE('NONE',#2027,#1930,#227,.T.);
#2397=EDGE_CURVE('NONE',#2028,#1932,#228,.T.);
#2398=EDGE_CURVE('NONE',#2029,#2028,#2807,.T.);
#2399=EDGE_CURVE('NONE',#1933,#2029,#229,.T.);
#2400=EDGE_CURVE('NONE',#2030,#2031,#2808,.T.);
#2401=EDGE_CURVE('NONE',#2029,#2031,#2809,.T.);
#2402=EDGE_CURVE('NONE',#2028,#2030,#2810,.T.);
#2403=EDGE_CURVE('NONE',#1937,#2030,#230,.T.);
#2404=EDGE_CURVE('NONE',#2031,#1936,#231,.T.);
#2405=EDGE_CURVE('NONE',#2032,#1938,#232,.T.);
#2406=EDGE_CURVE('NONE',#2033,#2032,#2811,.T.);
#2407=EDGE_CURVE('NONE',#1939,#2033,#233,.T.);
#2408=EDGE_CURVE('NONE',#2034,#2035,#2812,.T.);
#2409=EDGE_CURVE('NONE',#2033,#2035,#2813,.T.);
#2410=EDGE_CURVE('NONE',#2032,#2034,#2814,.T.);
#2411=EDGE_CURVE('NONE',#1943,#2034,#234,.T.);
#2412=EDGE_CURVE('NONE',#2035,#1942,#235,.T.);
#2413=EDGE_CURVE('NONE',#1940,#1946,#2815,.T.);
#2414=EDGE_CURVE('NONE',#1941,#1947,#2816,.T.);
#2415=EDGE_CURVE('NONE',#2036,#1944,#236,.T.);
#2416=EDGE_CURVE('NONE',#2037,#2036,#2817,.T.);
#2417=EDGE_CURVE('NONE',#1945,#2037,#237,.T.);
#2418=EDGE_CURVE('NONE',#2038,#2039,#2818,.T.);
#2419=EDGE_CURVE('NONE',#2037,#2039,#2819,.T.);
#2420=EDGE_CURVE('NONE',#2036,#2038,#2820,.T.);
#2421=EDGE_CURVE('NONE',#1951,#2038,#238,.T.);
#2422=EDGE_CURVE('NONE',#2039,#1950,#239,.T.);
#2423=EDGE_CURVE('NONE',#2040,#1952,#240,.T.);
#2424=EDGE_CURVE('NONE',#2041,#2040,#2821,.T.);
#2425=EDGE_CURVE('NONE',#1953,#2041,#241,.T.);
#2426=EDGE_CURVE('NONE',#2041,#2019,#2822,.T.);
#2427=EDGE_CURVE('NONE',#2040,#2018,#2823,.T.);
#2428=EDGE_CURVE('NONE',#1956,#2042,#2824,.T.);
#2429=EDGE_CURVE('NONE',#1955,#2043,#2825,.T.);
#2430=EDGE_CURVE('NONE',#2043,#2042,#242,.T.);
#2431=EDGE_CURVE('NONE',#1960,#2044,#2826,.T.);
#2432=EDGE_CURVE('NONE',#1959,#2045,#2827,.T.);
#2433=EDGE_CURVE('NONE',#2045,#2044,#243,.T.);
#2434=EDGE_CURVE('NONE',#1964,#2046,#2828,.T.);
#2435=EDGE_CURVE('NONE',#1963,#2047,#2829,.T.);
#2436=EDGE_CURVE('NONE',#2047,#2046,#244,.T.);
#2437=EDGE_CURVE('NONE',#1968,#2048,#2830,.T.);
#2438=EDGE_CURVE('NONE',#1967,#2049,#2831,.T.);
#2439=EDGE_CURVE('NONE',#2049,#2048,#245,.T.);
#2440=EDGE_CURVE('NONE',#1957,#1954,#246,.T.);
#2441=EDGE_CURVE('NONE',#2050,#2051,#247,.T.);
#2442=EDGE_CURVE('NONE',#2051,#2050,#248,.T.);
#2443=EDGE_CURVE('NONE',#2052,#2053,#249,.T.);
#2444=EDGE_CURVE('NONE',#2053,#2052,#250,.T.);
#2445=EDGE_CURVE('NONE',#1961,#1958,#251,.T.);
#2446=EDGE_CURVE('NONE',#2054,#2055,#252,.T.);
#2447=EDGE_CURVE('NONE',#2055,#2054,#253,.T.);
#2448=EDGE_CURVE('NONE',#1965,#1962,#254,.T.);
#2449=EDGE_CURVE('NONE',#2056,#2057,#255,.T.);
#2450=EDGE_CURVE('NONE',#2057,#2056,#256,.T.);
#2451=EDGE_CURVE('NONE',#2058,#2059,#257,.T.);
#2452=EDGE_CURVE('NONE',#2059,#2058,#258,.T.);
#2453=EDGE_CURVE('NONE',#1969,#1966,#259,.T.);
#2454=EDGE_CURVE('NONE',#2060,#2061,#2832,.T.);
#2455=EDGE_CURVE('NONE',#2061,#2012,#2833,.T.);
#2456=EDGE_CURVE('NONE',#2015,#2062,#2834,.T.);
#2457=EDGE_CURVE('NONE',#2062,#2063,#2835,.T.);
#2458=EDGE_CURVE('NONE',#2063,#2060,#2836,.T.);
#2459=EDGE_CURVE('NONE',#2064,#2065,#260,.T.);
#2460=EDGE_CURVE('NONE',#2065,#2064,#261,.T.);
#2461=EDGE_CURVE('NONE',#2066,#2067,#262,.T.);
#2462=EDGE_CURVE('NONE',#2067,#2066,#263,.T.);
#2463=EDGE_CURVE('NONE',#2068,#2069,#264,.T.);
#2464=EDGE_CURVE('NONE',#2069,#2068,#265,.T.);
#2465=EDGE_CURVE('NONE',#2070,#2071,#266,.T.);
#2466=EDGE_CURVE('NONE',#2071,#2070,#267,.T.);
#2467=EDGE_CURVE('NONE',#2072,#2073,#268,.T.);
#2468=EDGE_CURVE('NONE',#2073,#2072,#269,.T.);
#2469=EDGE_CURVE('NONE',#2074,#2075,#270,.T.);
#2470=EDGE_CURVE('NONE',#2075,#2074,#271,.T.);
#2471=EDGE_CURVE('NONE',#2076,#2077,#272,.T.);
#2472=EDGE_CURVE('NONE',#2077,#2076,#273,.T.);
#2473=EDGE_CURVE('NONE',#2013,#2014,#2837,.T.);
#2474=EDGE_CURVE('NONE',#2078,#2079,#274,.T.);
#2475=EDGE_CURVE('NONE',#2079,#2078,#275,.T.);
#2476=EDGE_CURVE('NONE',#2080,#2081,#276,.T.);
#2477=EDGE_CURVE('NONE',#2081,#2082,#2838,.T.);
#2478=EDGE_CURVE('NONE',#2082,#2083,#2839,.T.);
#2479=EDGE_CURVE('NONE',#2083,#2084,#2840,.T.);
#2480=EDGE_CURVE('NONE',#2084,#2080,#2841,.T.);
#2481=EDGE_CURVE('NONE',#2085,#2086,#277,.T.);
#2482=EDGE_CURVE('NONE',#2086,#2085,#278,.T.);
#2483=EDGE_CURVE('NONE',#2087,#2088,#2842,.T.);
#2484=EDGE_CURVE('NONE',#2088,#2089,#2843,.T.);
#2485=EDGE_CURVE('NONE',#2089,#2090,#2844,.T.);
#2486=EDGE_CURVE('NONE',#2090,#2091,#2845,.T.);
#2487=EDGE_CURVE('NONE',#2091,#2087,#279,.T.);
#2488=EDGE_CURVE('NONE',#2092,#2093,#280,.T.);
#2489=EDGE_CURVE('NONE',#2093,#2092,#281,.T.);
#2490=EDGE_CURVE('NONE',#2094,#2095,#282,.T.);
#2491=EDGE_CURVE('NONE',#2095,#2096,#2846,.T.);
#2492=EDGE_CURVE('NONE',#2096,#2097,#2847,.T.);
#2493=EDGE_CURVE('NONE',#2097,#2098,#2848,.T.);
#2494=EDGE_CURVE('NONE',#2098,#2094,#2849,.T.);
#2495=EDGE_CURVE('NONE',#2099,#2100,#283,.T.);
#2496=EDGE_CURVE('NONE',#2100,#2099,#284,.T.);
#2497=EDGE_CURVE('NONE',#2101,#2102,#285,.T.);
#2498=EDGE_CURVE('NONE',#2102,#2103,#2850,.T.);
#2499=EDGE_CURVE('NONE',#2103,#2104,#2851,.T.);
#2500=EDGE_CURVE('NONE',#2104,#2105,#2852,.T.);
#2501=EDGE_CURVE('NONE',#2105,#2101,#2853,.T.);
#2502=EDGE_CURVE('NONE',#2042,#2106,#2854,.T.);
#2503=EDGE_CURVE('NONE',#2043,#2107,#2855,.T.);
#2504=EDGE_CURVE('NONE',#2107,#2106,#286,.T.);
#2505=EDGE_CURVE('NONE',#2044,#2108,#2856,.T.);
#2506=EDGE_CURVE('NONE',#2045,#2109,#2857,.T.);
#2507=EDGE_CURVE('NONE',#2109,#2108,#287,.T.);
#2508=EDGE_CURVE('NONE',#2046,#2110,#2858,.T.);
#2509=EDGE_CURVE('NONE',#2047,#2111,#2859,.T.);
#2510=EDGE_CURVE('NONE',#2111,#2110,#288,.T.);
#2511=EDGE_CURVE('NONE',#2048,#2112,#2860,.T.);
#2512=EDGE_CURVE('NONE',#2049,#2113,#2861,.T.);
#2513=EDGE_CURVE('NONE',#2113,#2112,#289,.T.);
#2514=EDGE_CURVE('NONE',#2051,#2114,#2862,.T.);
#2515=EDGE_CURVE('NONE',#2114,#2115,#290,.T.);
#2516=EDGE_CURVE('NONE',#2050,#2115,#2863,.T.);
#2517=EDGE_CURVE('NONE',#2053,#2116,#2864,.T.);
#2518=EDGE_CURVE('NONE',#2116,#2117,#291,.T.);
#2519=EDGE_CURVE('NONE',#2052,#2117,#2865,.T.);
#2520=EDGE_CURVE('NONE',#2055,#2118,#2866,.T.);
#2521=EDGE_CURVE('NONE',#2118,#2119,#292,.T.);
#2522=EDGE_CURVE('NONE',#2054,#2119,#2867,.T.);
#2523=EDGE_CURVE('NONE',#2057,#2120,#2868,.T.);
#2524=EDGE_CURVE('NONE',#2120,#2121,#293,.T.);
#2525=EDGE_CURVE('NONE',#2056,#2121,#2869,.T.);
#2526=EDGE_CURVE('NONE',#2059,#2122,#2870,.T.);
#2527=EDGE_CURVE('NONE',#2122,#2123,#294,.T.);
#2528=EDGE_CURVE('NONE',#2058,#2123,#2871,.T.);
#2529=EDGE_CURVE('NONE',#2065,#2124,#2872,.T.);
#2530=EDGE_CURVE('NONE',#2124,#2125,#295,.T.);
#2531=EDGE_CURVE('NONE',#2064,#2125,#2873,.T.);
#2532=EDGE_CURVE('NONE',#2067,#2126,#2874,.T.);
#2533=EDGE_CURVE('NONE',#2126,#2127,#296,.T.);
#2534=EDGE_CURVE('NONE',#2066,#2127,#2875,.T.);
#2535=EDGE_CURVE('NONE',#2069,#2128,#2876,.T.);
#2536=EDGE_CURVE('NONE',#2128,#2129,#297,.T.);
#2537=EDGE_CURVE('NONE',#2068,#2129,#2877,.T.);
#2538=EDGE_CURVE('NONE',#2071,#2130,#2878,.T.);
#2539=EDGE_CURVE('NONE',#2130,#2131,#298,.T.);
#2540=EDGE_CURVE('NONE',#2070,#2131,#2879,.T.);
#2541=EDGE_CURVE('NONE',#2073,#2132,#2880,.T.);
#2542=EDGE_CURVE('NONE',#2132,#2133,#299,.T.);
#2543=EDGE_CURVE('NONE',#2072,#2133,#2881,.T.);
#2544=EDGE_CURVE('NONE',#2075,#2134,#2882,.T.);
#2545=EDGE_CURVE('NONE',#2134,#2135,#300,.T.);
#2546=EDGE_CURVE('NONE',#2074,#2135,#2883,.T.);
#2547=EDGE_CURVE('NONE',#2077,#2136,#2884,.T.);
#2548=EDGE_CURVE('NONE',#2136,#2137,#301,.T.);
#2549=EDGE_CURVE('NONE',#2076,#2137,#2885,.T.);
#2550=EDGE_CURVE('NONE',#2079,#2138,#2886,.T.);
#2551=EDGE_CURVE('NONE',#2138,#2139,#302,.T.);
#2552=EDGE_CURVE('NONE',#2078,#2139,#2887,.T.);
#2553=EDGE_CURVE('NONE',#2086,#2140,#2888,.T.);
#2554=EDGE_CURVE('NONE',#2140,#2141,#303,.T.);
#2555=EDGE_CURVE('NONE',#2085,#2141,#2889,.T.);
#2556=EDGE_CURVE('NONE',#2093,#2142,#2890,.T.);
#2557=EDGE_CURVE('NONE',#2142,#2143,#304,.T.);
#2558=EDGE_CURVE('NONE',#2092,#2143,#2891,.T.);
#2559=EDGE_CURVE('NONE',#2100,#2144,#2892,.T.);
#2560=EDGE_CURVE('NONE',#2144,#2145,#305,.T.);
#2561=EDGE_CURVE('NONE',#2099,#2145,#2893,.T.);
#2562=EDGE_CURVE('NONE',#2106,#2107,#306,.T.);
#2563=EDGE_CURVE('NONE',#2108,#2109,#307,.T.);
#2564=EDGE_CURVE('NONE',#2110,#2111,#308,.T.);
#2565=EDGE_CURVE('NONE',#2112,#2113,#309,.T.);
#2566=EDGE_CURVE('NONE',#2115,#2114,#310,.T.);
#2567=EDGE_CURVE('NONE',#2117,#2116,#311,.T.);
#2568=EDGE_CURVE('NONE',#2119,#2118,#312,.T.);
#2569=EDGE_CURVE('NONE',#2121,#2120,#313,.T.);
#2570=EDGE_CURVE('NONE',#2123,#2122,#314,.T.);
#2571=EDGE_CURVE('NONE',#2125,#2124,#315,.T.);
#2572=EDGE_CURVE('NONE',#2127,#2126,#316,.T.);
#2573=EDGE_CURVE('NONE',#2129,#2128,#317,.T.);
#2574=EDGE_CURVE('NONE',#2131,#2130,#318,.T.);
#2575=EDGE_CURVE('NONE',#2133,#2132,#319,.T.);
#2576=EDGE_CURVE('NONE',#2135,#2134,#320,.T.);
#2577=EDGE_CURVE('NONE',#2137,#2136,#321,.T.);
#2578=EDGE_CURVE('NONE',#2139,#2138,#322,.T.);
#2579=EDGE_CURVE('NONE',#2141,#2140,#323,.T.);
#2580=EDGE_CURVE('NONE',#2143,#2142,#324,.T.);
#2581=EDGE_CURVE('NONE',#2145,#2144,#325,.T.);
#2582=EDGE_CURVE('NONE',#2146,#2147,#2894,.T.);
#2583=EDGE_CURVE('NONE',#2148,#2146,#326,.T.);
#2584=EDGE_CURVE('NONE',#2149,#2148,#2895,.T.);
#2585=EDGE_CURVE('NONE',#2150,#2149,#327,.T.);
#2586=EDGE_CURVE('NONE',#2151,#2150,#2896,.T.);
#2587=EDGE_CURVE('NONE',#2152,#2151,#2897,.T.);
#2588=EDGE_CURVE('NONE',#2153,#2152,#2898,.T.);
#2589=EDGE_CURVE('NONE',#2154,#2153,#2899,.T.);
#2590=EDGE_CURVE('NONE',#2155,#2154,#2900,.T.);
#2591=EDGE_CURVE('NONE',#2156,#2155,#328,.T.);
#2592=EDGE_CURVE('NONE',#2157,#2156,#2901,.T.);
#2593=EDGE_CURVE('NONE',#2158,#2157,#329,.T.);
#2594=EDGE_CURVE('NONE',#2159,#2158,#2902,.T.);
#2595=EDGE_CURVE('NONE',#2160,#2159,#2903,.T.);
#2596=EDGE_CURVE('NONE',#2161,#2160,#2904,.T.);
#2597=EDGE_CURVE('NONE',#2147,#2161,#2905,.T.);
#2598=EDGE_CURVE('NONE',#2148,#2080,#2906,.T.);
#2599=EDGE_CURVE('NONE',#2146,#2081,#2907,.T.);
#2600=EDGE_CURVE('NONE',#2149,#2087,#2908,.T.);
#2601=EDGE_CURVE('NONE',#2084,#2061,#2909,.T.);
#2602=EDGE_CURVE('NONE',#2060,#2088,#2910,.T.);
#2603=EDGE_CURVE('NONE',#2150,#2091,#2911,.T.);
#2604=EDGE_CURVE('NONE',#2151,#2090,#2912,.T.);
#2605=EDGE_CURVE('NONE',#2089,#2152,#2913,.T.);
#2606=EDGE_CURVE('NONE',#2153,#2097,#2914,.T.);
#2607=EDGE_CURVE('NONE',#2098,#2063,#2915,.T.);
#2608=EDGE_CURVE('NONE',#2154,#2096,#2916,.T.);
#2609=EDGE_CURVE('NONE',#2155,#2095,#2917,.T.);
#2610=EDGE_CURVE('NONE',#2156,#2094,#2918,.T.);
#2611=EDGE_CURVE('NONE',#2157,#2102,#2919,.T.);
#2612=EDGE_CURVE('NONE',#2103,#2062,#2920,.T.);
#2613=EDGE_CURVE('NONE',#2158,#2101,#2921,.T.);
#2614=EDGE_CURVE('NONE',#2159,#2105,#2922,.T.);
#2615=EDGE_CURVE('NONE',#2160,#2104,#2923,.T.);
#2616=EDGE_CURVE('NONE',#2161,#2083,#2924,.T.);
#2617=EDGE_CURVE('NONE',#2147,#2082,#2925,.T.);
#2618=EDGE_CURVE('NONE',#1956,#1955,#330,.T.);
#2619=EDGE_CURVE('NONE',#1960,#1959,#331,.T.);
#2620=EDGE_CURVE('NONE',#1964,#1963,#332,.T.);
#2621=EDGE_CURVE('NONE',#1968,#1967,#333,.T.);
#2622=EDGE_CURVE('NONE',#2042,#2043,#334,.T.);
#2623=EDGE_CURVE('NONE',#2044,#2045,#335,.T.);
#2624=EDGE_CURVE('NONE',#2046,#2047,#336,.T.);
#2625=EDGE_CURVE('NONE',#2048,#2049,#337,.T.);
#2626=LINE('',#4508,#2926);
#2627=LINE('',#4511,#2927);
#2628=LINE('',#4513,#2928);
#2629=LINE('',#4515,#2929);
#2630=LINE('',#4517,#2930);
#2631=LINE('',#4520,#2931);
#2632=LINE('',#4522,#2932);
#2633=LINE('',#4524,#2933);
#2634=LINE('',#4526,#2934);
#2635=LINE('',#4529,#2935);
#2636=LINE('',#4531,#2936);
#2637=LINE('',#4533,#2937);
#2638=LINE('',#4535,#2938);
#2639=LINE('',#4538,#2939);
#2640=LINE('',#4540,#2940);
#2641=LINE('',#4542,#2941);
#2642=LINE('',#4544,#2942);
#2643=LINE('',#4547,#2943);
#2644=LINE('',#4549,#2944);
#2645=LINE('',#4551,#2945);
#2646=LINE('',#4553,#2946);
#2647=LINE('',#4556,#2947);
#2648=LINE('',#4558,#2948);
#2649=LINE('',#4560,#2949);
#2650=LINE('',#4562,#2950);
#2651=LINE('',#4565,#2951);
#2652=LINE('',#4566,#2952);
#2653=LINE('',#4568,#2953);
#2654=LINE('',#4571,#2954);
#2655=LINE('',#4573,#2955);
#2656=LINE('',#4575,#2956);
#2657=LINE('',#4577,#2957);
#2658=LINE('',#4580,#2958);
#2659=LINE('',#4581,#2959);
#2660=LINE('',#4583,#2960);
#2661=LINE('',#4586,#2961);
#2662=LINE('',#4588,#2962);
#2663=LINE('',#4590,#2963);
#2664=LINE('',#4592,#2964);
#2665=LINE('',#4595,#2965);
#2666=LINE('',#4597,#2966);
#2667=LINE('',#4599,#2967);
#2668=LINE('',#4601,#2968);
#2669=LINE('',#4604,#2969);
#2670=LINE('',#4606,#2970);
#2671=LINE('',#4608,#2971);
#2672=LINE('',#4610,#2972);
#2673=LINE('',#4613,#2973);
#2674=LINE('',#4615,#2974);
#2675=LINE('',#4617,#2975);
#2676=LINE('',#4619,#2976);
#2677=LINE('',#4622,#2977);
#2678=LINE('',#4624,#2978);
#2679=LINE('',#4626,#2979);
#2680=LINE('',#4628,#2980);
#2681=LINE('',#4631,#2981);
#2682=LINE('',#4632,#2982);
#2683=LINE('',#4634,#2983);
#2684=LINE('',#4636,#2984);
#2685=LINE('',#4638,#2985);
#2686=LINE('',#4640,#2986);
#2687=LINE('',#4643,#2987);
#2688=LINE('',#4645,#2988);
#2689=LINE('',#4647,#2989);
#2690=LINE('',#4649,#2990);
#2691=LINE('',#4652,#2991);
#2692=LINE('',#4653,#2992);
#2693=LINE('',#4655,#2993);
#2694=LINE('',#4658,#2994);
#2695=LINE('',#4660,#2995);
#2696=LINE('',#4662,#2996);
#2697=LINE('',#4664,#2997);
#2698=LINE('',#4667,#2998);
#2699=LINE('',#4669,#2999);
#2700=LINE('',#4671,#3000);
#2701=LINE('',#4673,#3001);
#2702=LINE('',#4676,#3002);
#2703=LINE('',#4678,#3003);
#2704=LINE('',#4680,#3004);
#2705=LINE('',#4682,#3005);
#2706=LINE('',#4685,#3006);
#2707=LINE('',#4686,#3007);
#2708=LINE('',#4688,#3008);
#2709=LINE('',#4691,#3009);
#2710=LINE('',#4693,#3010);
#2711=LINE('',#4695,#3011);
#2712=LINE('',#4697,#3012);
#2713=LINE('',#4700,#3013);
#2714=LINE('',#4701,#3014);
#2715=LINE('',#4703,#3015);
#2716=LINE('',#4706,#3016);
#2717=LINE('',#4708,#3017);
#2718=LINE('',#4710,#3018);
#2719=LINE('',#4712,#3019);
#2720=LINE('',#4715,#3020);
#2721=LINE('',#4717,#3021);
#2722=LINE('',#4719,#3022);
#2723=LINE('',#4721,#3023);
#2724=LINE('',#4724,#3024);
#2725=LINE('',#4726,#3025);
#2726=LINE('',#4728,#3026);
#2727=LINE('',#4730,#3027);
#2728=LINE('',#4733,#3028);
#2729=LINE('',#4734,#3029);
#2730=LINE('',#4736,#3030);
#2731=LINE('',#4741,#3031);
#2732=LINE('',#4745,#3032);
#2733=LINE('',#4750,#3033);
#2734=LINE('',#4754,#3034);
#2735=LINE('',#4759,#3035);
#2736=LINE('',#4763,#3036);
#2737=LINE('',#4768,#3037);
#2738=LINE('',#4772,#3038);
#2739=LINE('',#4778,#3039);
#2740=LINE('',#4781,#3040);
#2741=LINE('',#4782,#3041);
#2742=LINE('',#4787,#3042);
#2743=LINE('',#4788,#3043);
#2744=LINE('',#4790,#3044);
#2745=LINE('',#4796,#3045);
#2746=LINE('',#4799,#3046);
#2747=LINE('',#4800,#3047);
#2748=LINE('',#4805,#3048);
#2749=LINE('',#4806,#3049);
#2750=LINE('',#4808,#3050);
#2751=LINE('',#4814,#3051);
#2752=LINE('',#4817,#3052);
#2753=LINE('',#4818,#3053);
#2754=LINE('',#4823,#3054);
#2755=LINE('',#4831,#3055);
#2756=LINE('',#4835,#3056);
#2757=LINE('',#4841,#3057);
#2758=LINE('',#4844,#3058);
#2759=LINE('',#4845,#3059);
#2760=LINE('',#4850,#3060);
#2761=LINE('',#4851,#3061);
#2762=LINE('',#4853,#3062);
#2763=LINE('',#4859,#3063);
#2764=LINE('',#4862,#3064);
#2765=LINE('',#4863,#3065);
#2766=LINE('',#4868,#3066);
#2767=LINE('',#4869,#3067);
#2768=LINE('',#4871,#3068);
#2769=LINE('',#4877,#3069);
#2770=LINE('',#4880,#3070);
#2771=LINE('',#4881,#3071);
#2772=LINE('',#4886,#3072);
#2773=LINE('',#4892,#3073);
#2774=LINE('',#4895,#3074);
#2775=LINE('',#4896,#3075);
#2776=LINE('',#4898,#3076);
#2777=LINE('',#4904,#3077);
#2778=LINE('',#4907,#3078);
#2779=LINE('',#4908,#3079);
#2780=LINE('',#4910,#3080);
#2781=LINE('',#4916,#3081);
#2782=LINE('',#4919,#3082);
#2783=LINE('',#4920,#3083);
#2784=LINE('',#4925,#3084);
#2785=LINE('',#4928,#3085);
#2786=LINE('',#4930,#3086);
#2787=LINE('',#4932,#3087);
#2788=LINE('',#4934,#3088);
#2789=LINE('',#4937,#3089);
#2790=LINE('',#4939,#3090);
#2791=LINE('',#4941,#3091);
#2792=LINE('',#4943,#3092);
#2793=LINE('',#4944,#3093);
#2794=LINE('',#4945,#3094);
#2795=LINE('',#4946,#3095);
#2796=LINE('',#4948,#3096);
#2797=LINE('',#4956,#3097);
#2798=LINE('',#4960,#3098);
#2799=LINE('',#4963,#3099);
#2800=LINE('',#4964,#3100);
#2801=LINE('',#4969,#3101);
#2802=LINE('',#4970,#3102);
#2803=LINE('',#4974,#3103);
#2804=LINE('',#4978,#3104);
#2805=LINE('',#4981,#3105);
#2806=LINE('',#4982,#3106);
#2807=LINE('',#4989,#3107);
#2808=LINE('',#4993,#3108);
#2809=LINE('',#4996,#3109);
#2810=LINE('',#4997,#3110);
#2811=LINE('',#5004,#3111);
#2812=LINE('',#5008,#3112);
#2813=LINE('',#5011,#3113);
#2814=LINE('',#5012,#3114);
#2815=LINE('',#5017,#3115);
#2816=LINE('',#5018,#3116);
#2817=LINE('',#5022,#3117);
#2818=LINE('',#5026,#3118);
#2819=LINE('',#5029,#3119);
#2820=LINE('',#5030,#3120);
#2821=LINE('',#5037,#3121);
#2822=LINE('',#5041,#3122);
#2823=LINE('',#5042,#3123);
#2824=LINE('',#5044,#3124);
#2825=LINE('',#5046,#3125);
#2826=LINE('',#5050,#3126);
#2827=LINE('',#5052,#3127);
#2828=LINE('',#5056,#3128);
#2829=LINE('',#5058,#3129);
#2830=LINE('',#5062,#3130);
#2831=LINE('',#5064,#3131);
#2832=LINE('',#5092,#3132);
#2833=LINE('',#5095,#3133);
#2834=LINE('',#5096,#3134);
#2835=LINE('',#5098,#3135);
#2836=LINE('',#5100,#3136);
#2837=LINE('',#5131,#3137);
#2838=LINE('',#5140,#3138);
#2839=LINE('',#5142,#3139);
#2840=LINE('',#5144,#3140);
#2841=LINE('',#5146,#3141);
#2842=LINE('',#5152,#3142);
#2843=LINE('',#5155,#3143);
#2844=LINE('',#5157,#3144);
#2845=LINE('',#5159,#3145);
#2846=LINE('',#5170,#3146);
#2847=LINE('',#5172,#3147);
#2848=LINE('',#5174,#3148);
#2849=LINE('',#5176,#3149);
#2850=LINE('',#5185,#3150);
#2851=LINE('',#5187,#3151);
#2852=LINE('',#5189,#3152);
#2853=LINE('',#5191,#3153);
#2854=LINE('',#5193,#3154);
#2855=LINE('',#5195,#3155);
#2856=LINE('',#5199,#3156);
#2857=LINE('',#5201,#3157);
#2858=LINE('',#5205,#3158);
#2859=LINE('',#5207,#3159);
#2860=LINE('',#5211,#3160);
#2861=LINE('',#5213,#3161);
#2862=LINE('',#5217,#3162);
#2863=LINE('',#5221,#3163);
#2864=LINE('',#5223,#3164);
#2865=LINE('',#5227,#3165);
#2866=LINE('',#5229,#3166);
#2867=LINE('',#5233,#3167);
#2868=LINE('',#5235,#3168);
#2869=LINE('',#5239,#3169);
#2870=LINE('',#5241,#3170);
#2871=LINE('',#5245,#3171);
#2872=LINE('',#5247,#3172);
#2873=LINE('',#5251,#3173);
#2874=LINE('',#5253,#3174);
#2875=LINE('',#5257,#3175);
#2876=LINE('',#5259,#3176);
#2877=LINE('',#5263,#3177);
#2878=LINE('',#5265,#3178);
#2879=LINE('',#5269,#3179);
#2880=LINE('',#5271,#3180);
#2881=LINE('',#5275,#3181);
#2882=LINE('',#5277,#3182);
#2883=LINE('',#5281,#3183);
#2884=LINE('',#5283,#3184);
#2885=LINE('',#5287,#3185);
#2886=LINE('',#5289,#3186);
#2887=LINE('',#5293,#3187);
#2888=LINE('',#5295,#3188);
#2889=LINE('',#5299,#3189);
#2890=LINE('',#5301,#3190);
#2891=LINE('',#5305,#3191);
#2892=LINE('',#5307,#3192);
#2893=LINE('',#5311,#3193);
#2894=LINE('',#5333,#3194);
#2895=LINE('',#5338,#3195);
#2896=LINE('',#5342,#3196);
#2897=LINE('',#5344,#3197);
#2898=LINE('',#5346,#3198);
#2899=LINE('',#5348,#3199);
#2900=LINE('',#5350,#3200);
#2901=LINE('',#5354,#3201);
#2902=LINE('',#5358,#3202);
#2903=LINE('',#5360,#3203);
#2904=LINE('',#5362,#3204);
#2905=LINE('',#5364,#3205);
#2906=LINE('',#5366,#3206);
#2907=LINE('',#5367,#3207);
#2908=LINE('',#5369,#3208);
#2909=LINE('',#5370,#3209);
#2910=LINE('',#5371,#3210);
#2911=LINE('',#5373,#3211);
#2912=LINE('',#5375,#3212);
#2913=LINE('',#5377,#3213);
#2914=LINE('',#5379,#3214);
#2915=LINE('',#5380,#3215);
#2916=LINE('',#5382,#3216);
#2917=LINE('',#5384,#3217);
#2918=LINE('',#5386,#3218);
#2919=LINE('',#5388,#3219);
#2920=LINE('',#5389,#3220);
#2921=LINE('',#5391,#3221);
#2922=LINE('',#5393,#3222);
#2923=LINE('',#5395,#3223);
#2924=LINE('',#5397,#3224);
#2925=LINE('',#5399,#3225);
#2926=VECTOR('',#3555,1.);
#2927=VECTOR('',#3556,1.);
#2928=VECTOR('',#3557,1.);
#2929=VECTOR('',#3558,1.);
#2930=VECTOR('',#3561,1.);
#2931=VECTOR('',#3562,1.);
#2932=VECTOR('',#3563,1.);
#2933=VECTOR('',#3564,1.);
#2934=VECTOR('',#3567,1.);
#2935=VECTOR('',#3568,1.);
#2936=VECTOR('',#3569,1.);
#2937=VECTOR('',#3570,1.);
#2938=VECTOR('',#3573,1.);
#2939=VECTOR('',#3574,1.);
#2940=VECTOR('',#3575,1.);
#2941=VECTOR('',#3576,1.);
#2942=VECTOR('',#3579,1.);
#2943=VECTOR('',#3580,1.);
#2944=VECTOR('',#3581,1.);
#2945=VECTOR('',#3582,1.);
#2946=VECTOR('',#3585,1.);
#2947=VECTOR('',#3586,1.);
#2948=VECTOR('',#3587,1.);
#2949=VECTOR('',#3588,1.);
#2950=VECTOR('',#3591,1.);
#2951=VECTOR('',#3592,1.);
#2952=VECTOR('',#3593,1.);
#2953=VECTOR('',#3596,1.);
#2954=VECTOR('',#3597,1.);
#2955=VECTOR('',#3598,1.);
#2956=VECTOR('',#3599,1.);
#2957=VECTOR('',#3602,1.);
#2958=VECTOR('',#3603,1.);
#2959=VECTOR('',#3604,1.);
#2960=VECTOR('',#3607,1.);
#2961=VECTOR('',#3608,1.);
#2962=VECTOR('',#3609,1.);
#2963=VECTOR('',#3610,1.);
#2964=VECTOR('',#3613,1.);
#2965=VECTOR('',#3614,1.);
#2966=VECTOR('',#3615,1.);
#2967=VECTOR('',#3616,1.);
#2968=VECTOR('',#3619,1.);
#2969=VECTOR('',#3620,1.);
#2970=VECTOR('',#3621,1.);
#2971=VECTOR('',#3622,1.);
#2972=VECTOR('',#3625,1.);
#2973=VECTOR('',#3626,1.);
#2974=VECTOR('',#3627,1.);
#2975=VECTOR('',#3628,1.);
#2976=VECTOR('',#3631,1.);
#2977=VECTOR('',#3632,1.);
#2978=VECTOR('',#3633,1.);
#2979=VECTOR('',#3634,1.);
#2980=VECTOR('',#3637,1.);
#2981=VECTOR('',#3638,1.);
#2982=VECTOR('',#3639,1.);
#2983=VECTOR('',#3642,1.);
#2984=VECTOR('',#3643,1.);
#2985=VECTOR('',#3644,1.);
#2986=VECTOR('',#3647,1.);
#2987=VECTOR('',#3648,1.);
#2988=VECTOR('',#3649,1.);
#2989=VECTOR('',#3650,1.);
#2990=VECTOR('',#3653,1.);
#2991=VECTOR('',#3654,1.);
#2992=VECTOR('',#3655,1.);
#2993=VECTOR('',#3658,1.);
#2994=VECTOR('',#3659,1.);
#2995=VECTOR('',#3660,1.);
#2996=VECTOR('',#3661,1.);
#2997=VECTOR('',#3664,1.);
#2998=VECTOR('',#3665,1.);
#2999=VECTOR('',#3666,1.);
#3000=VECTOR('',#3667,1.);
#3001=VECTOR('',#3670,1.);
#3002=VECTOR('',#3671,1.);
#3003=VECTOR('',#3672,1.);
#3004=VECTOR('',#3673,1.);
#3005=VECTOR('',#3676,1.);
#3006=VECTOR('',#3677,1.);
#3007=VECTOR('',#3678,1.);
#3008=VECTOR('',#3681,1.);
#3009=VECTOR('',#3682,1.);
#3010=VECTOR('',#3683,1.);
#3011=VECTOR('',#3684,1.);
#3012=VECTOR('',#3687,1.);
#3013=VECTOR('',#3688,1.);
#3014=VECTOR('',#3689,1.);
#3015=VECTOR('',#3692,1.);
#3016=VECTOR('',#3693,1.);
#3017=VECTOR('',#3694,1.);
#3018=VECTOR('',#3695,1.);
#3019=VECTOR('',#3698,1.);
#3020=VECTOR('',#3699,1.);
#3021=VECTOR('',#3700,1.);
#3022=VECTOR('',#3701,1.);
#3023=VECTOR('',#3704,1.);
#3024=VECTOR('',#3705,1.);
#3025=VECTOR('',#3706,1.);
#3026=VECTOR('',#3707,1.);
#3027=VECTOR('',#3710,1.);
#3028=VECTOR('',#3711,1.);
#3029=VECTOR('',#3712,1.);
#3030=VECTOR('',#3715,1.);
#3031=VECTOR('',#3718,1.);
#3032=VECTOR('',#3723,1.);
#3033=VECTOR('',#3726,1.);
#3034=VECTOR('',#3731,1.);
#3035=VECTOR('',#3734,1.);
#3036=VECTOR('',#3739,1.);
#3037=VECTOR('',#3742,1.);
#3038=VECTOR('',#3747,1.);
#3039=VECTOR('',#3754,1.);
#3040=VECTOR('',#3755,1.);
#3041=VECTOR('',#3756,1.);
#3042=VECTOR('',#3765,1.);
#3043=VECTOR('',#3766,1.);
#3044=VECTOR('',#3769,1.);
#3045=VECTOR('',#3776,1.);
#3046=VECTOR('',#3777,1.);
#3047=VECTOR('',#3778,1.);
#3048=VECTOR('',#3787,1.);
#3049=VECTOR('',#3788,1.);
#3050=VECTOR('',#3791,1.);
#3051=VECTOR('',#3798,1.);
#3052=VECTOR('',#3799,1.);
#3053=VECTOR('',#3800,1.);
#3054=VECTOR('',#3809,1.);
#3055=VECTOR('',#3818,1.);
#3056=VECTOR('',#3823,1.);
#3057=VECTOR('',#3830,1.);
#3058=VECTOR('',#3831,1.);
#3059=VECTOR('',#3832,1.);
#3060=VECTOR('',#3841,1.);
#3061=VECTOR('',#3842,1.);
#3062=VECTOR('',#3845,1.);
#3063=VECTOR('',#3852,1.);
#3064=VECTOR('',#3853,1.);
#3065=VECTOR('',#3854,1.);
#3066=VECTOR('',#3863,1.);
#3067=VECTOR('',#3864,1.);
#3068=VECTOR('',#3867,1.);
#3069=VECTOR('',#3874,1.);
#3070=VECTOR('',#3875,1.);
#3071=VECTOR('',#3876,1.);
#3072=VECTOR('',#3885,1.);
#3073=VECTOR('',#3892,1.);
#3074=VECTOR('',#3893,1.);
#3075=VECTOR('',#3894,1.);
#3076=VECTOR('',#3897,1.);
#3077=VECTOR('',#3904,1.);
#3078=VECTOR('',#3905,1.);
#3079=VECTOR('',#3906,1.);
#3080=VECTOR('',#3909,1.);
#3081=VECTOR('',#3916,1.);
#3082=VECTOR('',#3917,1.);
#3083=VECTOR('',#3918,1.);
#3084=VECTOR('',#3927,1.);
#3085=VECTOR('',#3928,1.);
#3086=VECTOR('',#3929,1.);
#3087=VECTOR('',#3930,1.);
#3088=VECTOR('',#3933,1.);
#3089=VECTOR('',#3934,1.);
#3090=VECTOR('',#3935,1.);
#3091=VECTOR('',#3936,1.);
#3092=VECTOR('',#3939,1.);
#3093=VECTOR('',#3940,1.);
#3094=VECTOR('',#3941,1.);
#3095=VECTOR('',#3942,1.);
#3096=VECTOR('',#3945,1.);
#3097=VECTOR('',#3954,1.);
#3098=VECTOR('',#3959,1.);
#3099=VECTOR('',#3960,1.);
#3100=VECTOR('',#3961,1.);
#3101=VECTOR('',#3970,1.);
#3102=VECTOR('',#3971,1.);
#3103=VECTOR('',#3976,1.);
#3104=VECTOR('',#3981,1.);
#3105=VECTOR('',#3982,1.);
#3106=VECTOR('',#3983,1.);
#3107=VECTOR('',#3994,1.);
#3108=VECTOR('',#3999,1.);
#3109=VECTOR('',#4000,1.);
#3110=VECTOR('',#4001,1.);
#3111=VECTOR('',#4012,1.);
#3112=VECTOR('',#4017,1.);
#3113=VECTOR('',#4018,1.);
#3114=VECTOR('',#4019,1.);
#3115=VECTOR('',#4028,1.);
#3116=VECTOR('',#4029,1.);
#3117=VECTOR('',#4034,1.);
#3118=VECTOR('',#4039,1.);
#3119=VECTOR('',#4040,1.);
#3120=VECTOR('',#4041,1.);
#3121=VECTOR('',#4052,1.);
#3122=VECTOR('',#4057,1.);
#3123=VECTOR('',#4058,1.);
#3124=VECTOR('',#4061,1.);
#3125=VECTOR('',#4062,1.);
#3126=VECTOR('',#4067,1.);
#3127=VECTOR('',#4068,1.);
#3128=VECTOR('',#4073,1.);
#3129=VECTOR('',#4074,1.);
#3130=VECTOR('',#4079,1.);
#3131=VECTOR('',#4080,1.);
#3132=VECTOR('',#4113,1.);
#3133=VECTOR('',#4114,1.);
#3134=VECTOR('',#4115,1.);
#3135=VECTOR('',#4116,1.);
#3136=VECTOR('',#4117,1.);
#3137=VECTOR('',#4150,1.);
#3138=VECTOR('',#4159,1.);
#3139=VECTOR('',#4160,1.);
#3140=VECTOR('',#4161,1.);
#3141=VECTOR('',#4162,1.);
#3142=VECTOR('',#4169,1.);
#3143=VECTOR('',#4170,1.);
#3144=VECTOR('',#4171,1.);
#3145=VECTOR('',#4172,1.);
#3146=VECTOR('',#4183,1.);
#3147=VECTOR('',#4184,1.);
#3148=VECTOR('',#4185,1.);
#3149=VECTOR('',#4186,1.);
#3150=VECTOR('',#4195,1.);
#3151=VECTOR('',#4196,1.);
#3152=VECTOR('',#4197,1.);
#3153=VECTOR('',#4198,1.);
#3154=VECTOR('',#4201,1.);
#3155=VECTOR('',#4202,1.);
#3156=VECTOR('',#4207,1.);
#3157=VECTOR('',#4208,1.);
#3158=VECTOR('',#4213,1.);
#3159=VECTOR('',#4214,1.);
#3160=VECTOR('',#4219,1.);
#3161=VECTOR('',#4220,1.);
#3162=VECTOR('',#4225,1.);
#3163=VECTOR('',#4228,1.);
#3164=VECTOR('',#4231,1.);
#3165=VECTOR('',#4234,1.);
#3166=VECTOR('',#4237,1.);
#3167=VECTOR('',#4240,1.);
#3168=VECTOR('',#4243,1.);
#3169=VECTOR('',#4246,1.);
#3170=VECTOR('',#4249,1.);
#3171=VECTOR('',#4252,1.);
#3172=VECTOR('',#4255,1.);
#3173=VECTOR('',#4258,1.);
#3174=VECTOR('',#4261,1.);
#3175=VECTOR('',#4264,1.);
#3176=VECTOR('',#4267,1.);
#3177=VECTOR('',#4270,1.);
#3178=VECTOR('',#4273,1.);
#3179=VECTOR('',#4276,1.);
#3180=VECTOR('',#4279,1.);
#3181=VECTOR('',#4282,1.);
#3182=VECTOR('',#4285,1.);
#3183=VECTOR('',#4288,1.);
#3184=VECTOR('',#4291,1.);
#3185=VECTOR('',#4294,1.);
#3186=VECTOR('',#4297,1.);
#3187=VECTOR('',#4300,1.);
#3188=VECTOR('',#4303,1.);
#3189=VECTOR('',#4306,1.);
#3190=VECTOR('',#4309,1.);
#3191=VECTOR('',#4312,1.);
#3192=VECTOR('',#4315,1.);
#3193=VECTOR('',#4318,1.);
#3194=VECTOR('',#4361,1.);
#3195=VECTOR('',#4364,1.);
#3196=VECTOR('',#4367,1.);
#3197=VECTOR('',#4368,1.);
#3198=VECTOR('',#4369,1.);
#3199=VECTOR('',#4370,1.);
#3200=VECTOR('',#4371,1.);
#3201=VECTOR('',#4374,1.);
#3202=VECTOR('',#4377,1.);
#3203=VECTOR('',#4378,1.);
#3204=VECTOR('',#4379,1.);
#3205=VECTOR('',#4380,1.);
#3206=VECTOR('',#4383,1.);
#3207=VECTOR('',#4384,1.);
#3208=VECTOR('',#4387,1.);
#3209=VECTOR('',#4388,1.);
#3210=VECTOR('',#4389,1.);
#3211=VECTOR('',#4392,1.);
#3212=VECTOR('',#4395,1.);
#3213=VECTOR('',#4398,1.);
#3214=VECTOR('',#4401,1.);
#3215=VECTOR('',#4402,1.);
#3216=VECTOR('',#4405,1.);
#3217=VECTOR('',#4408,1.);
#3218=VECTOR('',#4411,1.);
#3219=VECTOR('',#4414,1.);
#3220=VECTOR('',#4415,1.);
#3221=VECTOR('',#4418,1.);
#3222=VECTOR('',#4421,1.);
#3223=VECTOR('',#4424,1.);
#3224=VECTOR('',#4427,1.);
#3225=VECTOR('',#4430,1.);
#3226=AXIS2_PLACEMENT_3D('',#4507,#3553,#3554);
#3227=AXIS2_PLACEMENT_3D('',#4516,#3559,#3560);
#3228=AXIS2_PLACEMENT_3D('',#4525,#3565,#3566);
#3229=AXIS2_PLACEMENT_3D('',#4534,#3571,#3572);
#3230=AXIS2_PLACEMENT_3D('',#4543,#3577,#3578);
#3231=AXIS2_PLACEMENT_3D('',#4552,#3583,#3584);
#3232=AXIS2_PLACEMENT_3D('',#4561,#3589,#3590);
#3233=AXIS2_PLACEMENT_3D('',#4567,#3594,#3595);
#3234=AXIS2_PLACEMENT_3D('',#4576,#3600,#3601);
#3235=AXIS2_PLACEMENT_3D('',#4582,#3605,#3606);
#3236=AXIS2_PLACEMENT_3D('',#4591,#3611,#3612);
#3237=AXIS2_PLACEMENT_3D('',#4600,#3617,#3618);
#3238=AXIS2_PLACEMENT_3D('',#4609,#3623,#3624);
#3239=AXIS2_PLACEMENT_3D('',#4618,#3629,#3630);
#3240=AXIS2_PLACEMENT_3D('',#4627,#3635,#3636);
#3241=AXIS2_PLACEMENT_3D('',#4633,#3640,#3641);
#3242=AXIS2_PLACEMENT_3D('',#4639,#3645,#3646);
#3243=AXIS2_PLACEMENT_3D('',#4648,#3651,#3652);
#3244=AXIS2_PLACEMENT_3D('',#4654,#3656,#3657);
#3245=AXIS2_PLACEMENT_3D('',#4663,#3662,#3663);
#3246=AXIS2_PLACEMENT_3D('',#4672,#3668,#3669);
#3247=AXIS2_PLACEMENT_3D('',#4681,#3674,#3675);
#3248=AXIS2_PLACEMENT_3D('',#4687,#3679,#3680);
#3249=AXIS2_PLACEMENT_3D('',#4696,#3685,#3686);
#3250=AXIS2_PLACEMENT_3D('',#4702,#3690,#3691);
#3251=AXIS2_PLACEMENT_3D('',#4711,#3696,#3697);
#3252=AXIS2_PLACEMENT_3D('',#4720,#3702,#3703);
#3253=AXIS2_PLACEMENT_3D('',#4729,#3708,#3709);
#3254=AXIS2_PLACEMENT_3D('',#4735,#3713,#3714);
#3255=AXIS2_PLACEMENT_3D('',#4739,#3716,#3717);
#3256=AXIS2_PLACEMENT_3D('',#4743,#3719,#3720);
#3257=AXIS2_PLACEMENT_3D('',#4744,#3721,#3722);
#3258=AXIS2_PLACEMENT_3D('',#4748,#3724,#3725);
#3259=AXIS2_PLACEMENT_3D('',#4752,#3727,#3728);
#3260=AXIS2_PLACEMENT_3D('',#4753,#3729,#3730);
#3261=AXIS2_PLACEMENT_3D('',#4757,#3732,#3733);
#3262=AXIS2_PLACEMENT_3D('',#4761,#3735,#3736);
#3263=AXIS2_PLACEMENT_3D('',#4762,#3737,#3738);
#3264=AXIS2_PLACEMENT_3D('',#4766,#3740,#3741);
#3265=AXIS2_PLACEMENT_3D('',#4770,#3743,#3744);
#3266=AXIS2_PLACEMENT_3D('',#4771,#3745,#3746);
#3267=AXIS2_PLACEMENT_3D('',#4775,#3748,#3749);
#3268=AXIS2_PLACEMENT_3D('',#4776,#3750,#3751);
#3269=AXIS2_PLACEMENT_3D('',#4777,#3752,#3753);
#3270=AXIS2_PLACEMENT_3D('',#4783,#3757,#3758);
#3271=AXIS2_PLACEMENT_3D('',#4784,#3759,#3760);
#3272=AXIS2_PLACEMENT_3D('',#4785,#3761,#3762);
#3273=AXIS2_PLACEMENT_3D('',#4786,#3763,#3764);
#3274=AXIS2_PLACEMENT_3D('',#4789,#3767,#3768);
#3275=AXIS2_PLACEMENT_3D('',#4793,#3770,#3771);
#3276=AXIS2_PLACEMENT_3D('',#4794,#3772,#3773);
#3277=AXIS2_PLACEMENT_3D('',#4795,#3774,#3775);
#3278=AXIS2_PLACEMENT_3D('',#4801,#3779,#3780);
#3279=AXIS2_PLACEMENT_3D('',#4802,#3781,#3782);
#3280=AXIS2_PLACEMENT_3D('',#4803,#3783,#3784);
#3281=AXIS2_PLACEMENT_3D('',#4804,#3785,#3786);
#3282=AXIS2_PLACEMENT_3D('',#4807,#3789,#3790);
#3283=AXIS2_PLACEMENT_3D('',#4811,#3792,#3793);
#3284=AXIS2_PLACEMENT_3D('',#4812,#3794,#3795);
#3285=AXIS2_PLACEMENT_3D('',#4813,#3796,#3797);
#3286=AXIS2_PLACEMENT_3D('',#4819,#3801,#3802);
#3287=AXIS2_PLACEMENT_3D('',#4820,#3803,#3804);
#3288=AXIS2_PLACEMENT_3D('',#4821,#3805,#3806);
#3289=AXIS2_PLACEMENT_3D('',#4822,#3807,#3808);
#3290=AXIS2_PLACEMENT_3D('',#4826,#3810,#3811);
#3291=AXIS2_PLACEMENT_3D('',#4827,#3812,#3813);
#3292=AXIS2_PLACEMENT_3D('',#4828,#3814,#3815);
#3293=AXIS2_PLACEMENT_3D('',#4829,#3816,#3817);
#3294=AXIS2_PLACEMENT_3D('',#4833,#3819,#3820);
#3295=AXIS2_PLACEMENT_3D('',#4834,#3821,#3822);
#3296=AXIS2_PLACEMENT_3D('',#4838,#3824,#3825);
#3297=AXIS2_PLACEMENT_3D('',#4839,#3826,#3827);
#3298=AXIS2_PLACEMENT_3D('',#4840,#3828,#3829);
#3299=AXIS2_PLACEMENT_3D('',#4846,#3833,#3834);
#3300=AXIS2_PLACEMENT_3D('',#4847,#3835,#3836);
#3301=AXIS2_PLACEMENT_3D('',#4848,#3837,#3838);
#3302=AXIS2_PLACEMENT_3D('',#4849,#3839,#3840);
#3303=AXIS2_PLACEMENT_3D('',#4852,#3843,#3844);
#3304=AXIS2_PLACEMENT_3D('',#4856,#3846,#3847);
#3305=AXIS2_PLACEMENT_3D('',#4857,#3848,#3849);
#3306=AXIS2_PLACEMENT_3D('',#4858,#3850,#3851);
#3307=AXIS2_PLACEMENT_3D('',#4864,#3855,#3856);
#3308=AXIS2_PLACEMENT_3D('',#4865,#3857,#3858);
#3309=AXIS2_PLACEMENT_3D('',#4866,#3859,#3860);
#3310=AXIS2_PLACEMENT_3D('',#4867,#3861,#3862);
#3311=AXIS2_PLACEMENT_3D('',#4870,#3865,#3866);
#3312=AXIS2_PLACEMENT_3D('',#4874,#3868,#3869);
#3313=AXIS2_PLACEMENT_3D('',#4875,#3870,#3871);
#3314=AXIS2_PLACEMENT_3D('',#4876,#3872,#3873);
#3315=AXIS2_PLACEMENT_3D('',#4882,#3877,#3878);
#3316=AXIS2_PLACEMENT_3D('',#4883,#3879,#3880);
#3317=AXIS2_PLACEMENT_3D('',#4884,#3881,#3882);
#3318=AXIS2_PLACEMENT_3D('',#4885,#3883,#3884);
#3319=AXIS2_PLACEMENT_3D('',#4889,#3886,#3887);
#3320=AXIS2_PLACEMENT_3D('',#4890,#3888,#3889);
#3321=AXIS2_PLACEMENT_3D('',#4891,#3890,#3891);
#3322=AXIS2_PLACEMENT_3D('',#4897,#3895,#3896);
#3323=AXIS2_PLACEMENT_3D('',#4901,#3898,#3899);
#3324=AXIS2_PLACEMENT_3D('',#4902,#3900,#3901);
#3325=AXIS2_PLACEMENT_3D('',#4903,#3902,#3903);
#3326=AXIS2_PLACEMENT_3D('',#4909,#3907,#3908);
#3327=AXIS2_PLACEMENT_3D('',#4913,#3910,#3911);
#3328=AXIS2_PLACEMENT_3D('',#4914,#3912,#3913);
#3329=AXIS2_PLACEMENT_3D('',#4915,#3914,#3915);
#3330=AXIS2_PLACEMENT_3D('',#4921,#3919,#3920);
#3331=AXIS2_PLACEMENT_3D('',#4922,#3921,#3922);
#3332=AXIS2_PLACEMENT_3D('',#4923,#3923,#3924);
#3333=AXIS2_PLACEMENT_3D('',#4924,#3925,#3926);
#3334=AXIS2_PLACEMENT_3D('',#4933,#3931,#3932);
#3335=AXIS2_PLACEMENT_3D('',#4942,#3937,#3938);
#3336=AXIS2_PLACEMENT_3D('',#4947,#3943,#3944);
#3337=AXIS2_PLACEMENT_3D('',#4951,#3946,#3947);
#3338=AXIS2_PLACEMENT_3D('',#4952,#3948,#3949);
#3339=AXIS2_PLACEMENT_3D('',#4953,#3950,#3951);
#3340=AXIS2_PLACEMENT_3D('',#4954,#3952,#3953);
#3341=AXIS2_PLACEMENT_3D('',#4958,#3955,#3956);
#3342=AXIS2_PLACEMENT_3D('',#4959,#3957,#3958);
#3343=AXIS2_PLACEMENT_3D('',#4965,#3962,#3963);
#3344=AXIS2_PLACEMENT_3D('',#4966,#3964,#3965);
#3345=AXIS2_PLACEMENT_3D('',#4967,#3966,#3967);
#3346=AXIS2_PLACEMENT_3D('',#4968,#3968,#3969);
#3347=AXIS2_PLACEMENT_3D('',#4971,#3972,#3973);
#3348=AXIS2_PLACEMENT_3D('',#4972,#3974,#3975);
#3349=AXIS2_PLACEMENT_3D('',#4976,#3977,#3978);
#3350=AXIS2_PLACEMENT_3D('',#4977,#3979,#3980);
#3351=AXIS2_PLACEMENT_3D('',#4983,#3984,#3985);
#3352=AXIS2_PLACEMENT_3D('',#4984,#3986,#3987);
#3353=AXIS2_PLACEMENT_3D('',#4985,#3988,#3989);
#3354=AXIS2_PLACEMENT_3D('',#4986,#3990,#3991);
#3355=AXIS2_PLACEMENT_3D('',#4987,#3992,#3993);
#3356=AXIS2_PLACEMENT_3D('',#4991,#3995,#3996);
#3357=AXIS2_PLACEMENT_3D('',#4992,#3997,#3998);
#3358=AXIS2_PLACEMENT_3D('',#4998,#4002,#4003);
#3359=AXIS2_PLACEMENT_3D('',#4999,#4004,#4005);
#3360=AXIS2_PLACEMENT_3D('',#5000,#4006,#4007);
#3361=AXIS2_PLACEMENT_3D('',#5001,#4008,#4009);
#3362=AXIS2_PLACEMENT_3D('',#5002,#4010,#4011);
#3363=AXIS2_PLACEMENT_3D('',#5006,#4013,#4014);
#3364=AXIS2_PLACEMENT_3D('',#5007,#4015,#4016);
#3365=AXIS2_PLACEMENT_3D('',#5013,#4020,#4021);
#3366=AXIS2_PLACEMENT_3D('',#5014,#4022,#4023);
#3367=AXIS2_PLACEMENT_3D('',#5015,#4024,#4025);
#3368=AXIS2_PLACEMENT_3D('',#5016,#4026,#4027);
#3369=AXIS2_PLACEMENT_3D('',#5019,#4030,#4031);
#3370=AXIS2_PLACEMENT_3D('',#5020,#4032,#4033);
#3371=AXIS2_PLACEMENT_3D('',#5024,#4035,#4036);
#3372=AXIS2_PLACEMENT_3D('',#5025,#4037,#4038);
#3373=AXIS2_PLACEMENT_3D('',#5031,#4042,#4043);
#3374=AXIS2_PLACEMENT_3D('',#5032,#4044,#4045);
#3375=AXIS2_PLACEMENT_3D('',#5033,#4046,#4047);
#3376=AXIS2_PLACEMENT_3D('',#5034,#4048,#4049);
#3377=AXIS2_PLACEMENT_3D('',#5035,#4050,#4051);
#3378=AXIS2_PLACEMENT_3D('',#5039,#4053,#4054);
#3379=AXIS2_PLACEMENT_3D('',#5040,#4055,#4056);
#3380=AXIS2_PLACEMENT_3D('',#5043,#4059,#4060);
#3381=AXIS2_PLACEMENT_3D('',#5048,#4063,#4064);
#3382=AXIS2_PLACEMENT_3D('',#5049,#4065,#4066);
#3383=AXIS2_PLACEMENT_3D('',#5054,#4069,#4070);
#3384=AXIS2_PLACEMENT_3D('',#5055,#4071,#4072);
#3385=AXIS2_PLACEMENT_3D('',#5060,#4075,#4076);
#3386=AXIS2_PLACEMENT_3D('',#5061,#4077,#4078);
#3387=AXIS2_PLACEMENT_3D('',#5066,#4081,#4082);
#3388=AXIS2_PLACEMENT_3D('',#5067,#4083,#4084);
#3389=AXIS2_PLACEMENT_3D('',#5068,#4085,#4086);
#3390=AXIS2_PLACEMENT_3D('',#5069,#4087,#4088);
#3391=AXIS2_PLACEMENT_3D('',#5072,#4089,#4090);
#3392=AXIS2_PLACEMENT_3D('',#5073,#4091,#4092);
#3393=AXIS2_PLACEMENT_3D('',#5076,#4093,#4094);
#3394=AXIS2_PLACEMENT_3D('',#5077,#4095,#4096);
#3395=AXIS2_PLACEMENT_3D('',#5078,#4097,#4098);
#3396=AXIS2_PLACEMENT_3D('',#5081,#4099,#4100);
#3397=AXIS2_PLACEMENT_3D('',#5082,#4101,#4102);
#3398=AXIS2_PLACEMENT_3D('',#5083,#4103,#4104);
#3399=AXIS2_PLACEMENT_3D('',#5086,#4105,#4106);
#3400=AXIS2_PLACEMENT_3D('',#5087,#4107,#4108);
#3401=AXIS2_PLACEMENT_3D('',#5090,#4109,#4110);
#3402=AXIS2_PLACEMENT_3D('',#5091,#4111,#4112);
#3403=AXIS2_PLACEMENT_3D('',#5101,#4118,#4119);
#3404=AXIS2_PLACEMENT_3D('',#5102,#4120,#4121);
#3405=AXIS2_PLACEMENT_3D('',#5105,#4122,#4123);
#3406=AXIS2_PLACEMENT_3D('',#5106,#4124,#4125);
#3407=AXIS2_PLACEMENT_3D('',#5109,#4126,#4127);
#3408=AXIS2_PLACEMENT_3D('',#5110,#4128,#4129);
#3409=AXIS2_PLACEMENT_3D('',#5113,#4130,#4131);
#3410=AXIS2_PLACEMENT_3D('',#5114,#4132,#4133);
#3411=AXIS2_PLACEMENT_3D('',#5117,#4134,#4135);
#3412=AXIS2_PLACEMENT_3D('',#5118,#4136,#4137);
#3413=AXIS2_PLACEMENT_3D('',#5121,#4138,#4139);
#3414=AXIS2_PLACEMENT_3D('',#5122,#4140,#4141);
#3415=AXIS2_PLACEMENT_3D('',#5125,#4142,#4143);
#3416=AXIS2_PLACEMENT_3D('',#5126,#4144,#4145);
#3417=AXIS2_PLACEMENT_3D('',#5127,#4146,#4147);
#3418=AXIS2_PLACEMENT_3D('',#5130,#4148,#4149);
#3419=AXIS2_PLACEMENT_3D('',#5132,#4151,#4152);
#3420=AXIS2_PLACEMENT_3D('',#5133,#4153,#4154);
#3421=AXIS2_PLACEMENT_3D('',#5136,#4155,#4156);
#3422=AXIS2_PLACEMENT_3D('',#5137,#4157,#4158);
#3423=AXIS2_PLACEMENT_3D('',#5147,#4163,#4164);
#3424=AXIS2_PLACEMENT_3D('',#5148,#4165,#4166);
#3425=AXIS2_PLACEMENT_3D('',#5151,#4167,#4168);
#3426=AXIS2_PLACEMENT_3D('',#5161,#4173,#4174);
#3427=AXIS2_PLACEMENT_3D('',#5162,#4175,#4176);
#3428=AXIS2_PLACEMENT_3D('',#5163,#4177,#4178);
#3429=AXIS2_PLACEMENT_3D('',#5166,#4179,#4180);
#3430=AXIS2_PLACEMENT_3D('',#5167,#4181,#4182);
#3431=AXIS2_PLACEMENT_3D('',#5177,#4187,#4188);
#3432=AXIS2_PLACEMENT_3D('',#5178,#4189,#4190);
#3433=AXIS2_PLACEMENT_3D('',#5181,#4191,#4192);
#3434=AXIS2_PLACEMENT_3D('',#5182,#4193,#4194);
#3435=AXIS2_PLACEMENT_3D('',#5192,#4199,#4200);
#3436=AXIS2_PLACEMENT_3D('',#5197,#4203,#4204);
#3437=AXIS2_PLACEMENT_3D('',#5198,#4205,#4206);
#3438=AXIS2_PLACEMENT_3D('',#5203,#4209,#4210);
#3439=AXIS2_PLACEMENT_3D('',#5204,#4211,#4212);
#3440=AXIS2_PLACEMENT_3D('',#5209,#4215,#4216);
#3441=AXIS2_PLACEMENT_3D('',#5210,#4217,#4218);
#3442=AXIS2_PLACEMENT_3D('',#5215,#4221,#4222);
#3443=AXIS2_PLACEMENT_3D('',#5216,#4223,#4224);
#3444=AXIS2_PLACEMENT_3D('',#5219,#4226,#4227);
#3445=AXIS2_PLACEMENT_3D('',#5222,#4229,#4230);
#3446=AXIS2_PLACEMENT_3D('',#5225,#4232,#4233);
#3447=AXIS2_PLACEMENT_3D('',#5228,#4235,#4236);
#3448=AXIS2_PLACEMENT_3D('',#5231,#4238,#4239);
#3449=AXIS2_PLACEMENT_3D('',#5234,#4241,#4242);
#3450=AXIS2_PLACEMENT_3D('',#5237,#4244,#4245);
#3451=AXIS2_PLACEMENT_3D('',#5240,#4247,#4248);
#3452=AXIS2_PLACEMENT_3D('',#5243,#4250,#4251);
#3453=AXIS2_PLACEMENT_3D('',#5246,#4253,#4254);
#3454=AXIS2_PLACEMENT_3D('',#5249,#4256,#4257);
#3455=AXIS2_PLACEMENT_3D('',#5252,#4259,#4260);
#3456=AXIS2_PLACEMENT_3D('',#5255,#4262,#4263);
#3457=AXIS2_PLACEMENT_3D('',#5258,#4265,#4266);
#3458=AXIS2_PLACEMENT_3D('',#5261,#4268,#4269);
#3459=AXIS2_PLACEMENT_3D('',#5264,#4271,#4272);
#3460=AXIS2_PLACEMENT_3D('',#5267,#4274,#4275);
#3461=AXIS2_PLACEMENT_3D('',#5270,#4277,#4278);
#3462=AXIS2_PLACEMENT_3D('',#5273,#4280,#4281);
#3463=AXIS2_PLACEMENT_3D('',#5276,#4283,#4284);
#3464=AXIS2_PLACEMENT_3D('',#5279,#4286,#4287);
#3465=AXIS2_PLACEMENT_3D('',#5282,#4289,#4290);
#3466=AXIS2_PLACEMENT_3D('',#5285,#4292,#4293);
#3467=AXIS2_PLACEMENT_3D('',#5288,#4295,#4296);
#3468=AXIS2_PLACEMENT_3D('',#5291,#4298,#4299);
#3469=AXIS2_PLACEMENT_3D('',#5294,#4301,#4302);
#3470=AXIS2_PLACEMENT_3D('',#5297,#4304,#4305);
#3471=AXIS2_PLACEMENT_3D('',#5300,#4307,#4308);
#3472=AXIS2_PLACEMENT_3D('',#5303,#4310,#4311);
#3473=AXIS2_PLACEMENT_3D('',#5306,#4313,#4314);
#3474=AXIS2_PLACEMENT_3D('',#5309,#4316,#4317);
#3475=AXIS2_PLACEMENT_3D('',#5312,#4319,#4320);
#3476=AXIS2_PLACEMENT_3D('',#5313,#4321,#4322);
#3477=AXIS2_PLACEMENT_3D('',#5314,#4323,#4324);
#3478=AXIS2_PLACEMENT_3D('',#5315,#4325,#4326);
#3479=AXIS2_PLACEMENT_3D('',#5316,#4327,#4328);
#3480=AXIS2_PLACEMENT_3D('',#5317,#4329,#4330);
#3481=AXIS2_PLACEMENT_3D('',#5318,#4331,#4332);
#3482=AXIS2_PLACEMENT_3D('',#5319,#4333,#4334);
#3483=AXIS2_PLACEMENT_3D('',#5320,#4335,#4336);
#3484=AXIS2_PLACEMENT_3D('',#5321,#4337,#4338);
#3485=AXIS2_PLACEMENT_3D('',#5322,#4339,#4340);
#3486=AXIS2_PLACEMENT_3D('',#5323,#4341,#4342);
#3487=AXIS2_PLACEMENT_3D('',#5324,#4343,#4344);
#3488=AXIS2_PLACEMENT_3D('',#5325,#4345,#4346);
#3489=AXIS2_PLACEMENT_3D('',#5326,#4347,#4348);
#3490=AXIS2_PLACEMENT_3D('',#5327,#4349,#4350);
#3491=AXIS2_PLACEMENT_3D('',#5328,#4351,#4352);
#3492=AXIS2_PLACEMENT_3D('',#5329,#4353,#4354);
#3493=AXIS2_PLACEMENT_3D('',#5330,#4355,#4356);
#3494=AXIS2_PLACEMENT_3D('',#5331,#4357,#4358);
#3495=AXIS2_PLACEMENT_3D('',#5332,#4359,#4360);
#3496=AXIS2_PLACEMENT_3D('',#5336,#4362,#4363);
#3497=AXIS2_PLACEMENT_3D('',#5340,#4365,#4366);
#3498=AXIS2_PLACEMENT_3D('',#5352,#4372,#4373);
#3499=AXIS2_PLACEMENT_3D('',#5356,#4375,#4376);
#3500=AXIS2_PLACEMENT_3D('',#5365,#4381,#4382);
#3501=AXIS2_PLACEMENT_3D('',#5368,#4385,#4386);
#3502=AXIS2_PLACEMENT_3D('',#5372,#4390,#4391);
#3503=AXIS2_PLACEMENT_3D('',#5374,#4393,#4394);
#3504=AXIS2_PLACEMENT_3D('',#5376,#4396,#4397);
#3505=AXIS2_PLACEMENT_3D('',#5378,#4399,#4400);
#3506=AXIS2_PLACEMENT_3D('',#5381,#4403,#4404);
#3507=AXIS2_PLACEMENT_3D('',#5383,#4406,#4407);
#3508=AXIS2_PLACEMENT_3D('',#5385,#4409,#4410);
#3509=AXIS2_PLACEMENT_3D('',#5387,#4412,#4413);
#3510=AXIS2_PLACEMENT_3D('',#5390,#4416,#4417);
#3511=AXIS2_PLACEMENT_3D('',#5392,#4419,#4420);
#3512=AXIS2_PLACEMENT_3D('',#5394,#4422,#4423);
#3513=AXIS2_PLACEMENT_3D('',#5396,#4425,#4426);
#3514=AXIS2_PLACEMENT_3D('',#5398,#4428,#4429);
#3515=AXIS2_PLACEMENT_3D('',#5400,#4431,#4432);
#3516=AXIS2_PLACEMENT_3D('',#5401,#4433,#4434);
#3517=AXIS2_PLACEMENT_3D('',#5402,#4435,#4436);
#3518=AXIS2_PLACEMENT_3D('',#5403,#4437,#4438);
#3519=AXIS2_PLACEMENT_3D('',#5404,#4439,#4440);
#3520=AXIS2_PLACEMENT_3D('',#5405,#4441,#4442);
#3521=AXIS2_PLACEMENT_3D('',#5406,#4443,#4444);
#3522=AXIS2_PLACEMENT_3D('',#5407,#4445,#4446);
#3523=AXIS2_PLACEMENT_3D('',#5408,#4447,#4448);
#3524=AXIS2_PLACEMENT_3D('',#5409,#4449,#4450);
#3525=AXIS2_PLACEMENT_3D('',#5410,#4451,#4452);
#3526=AXIS2_PLACEMENT_3D('',#5411,#4453,#4454);
#3527=AXIS2_PLACEMENT_3D('',#5412,#4455,#4456);
#3528=AXIS2_PLACEMENT_3D('',#5413,#4457,#4458);
#3529=AXIS2_PLACEMENT_3D('',#5414,#4459,#4460);
#3530=AXIS2_PLACEMENT_3D('',#5415,#4461,#4462);
#3531=AXIS2_PLACEMENT_3D('',#5416,#4463,#4464);
#3532=AXIS2_PLACEMENT_3D('',#5417,#4465,#4466);
#3533=AXIS2_PLACEMENT_3D('',#5418,#4467,#4468);
#3534=AXIS2_PLACEMENT_3D('',#5419,#4469,#4470);
#3535=AXIS2_PLACEMENT_3D('',#5420,#4471,#4472);
#3536=AXIS2_PLACEMENT_3D('',#5421,#4473,#4474);
#3537=AXIS2_PLACEMENT_3D('',#5422,#4475,#4476);
#3538=AXIS2_PLACEMENT_3D('',#5423,#4477,#4478);
#3539=AXIS2_PLACEMENT_3D('',#5424,#4479,#4480);
#3540=AXIS2_PLACEMENT_3D('',#5425,#4481,#4482);
#3541=AXIS2_PLACEMENT_3D('',#5426,#4483,#4484);
#3542=AXIS2_PLACEMENT_3D('',#5427,#4485,#4486);
#3543=AXIS2_PLACEMENT_3D('',#5428,#4487,#4488);
#3544=AXIS2_PLACEMENT_3D('',#5429,#4489,#4490);
#3545=AXIS2_PLACEMENT_3D('',#5430,#4491,#4492);
#3546=AXIS2_PLACEMENT_3D('',#5431,#4493,#4494);
#3547=AXIS2_PLACEMENT_3D('',#5432,#4495,#4496);
#3548=AXIS2_PLACEMENT_3D('',#5433,#4497,#4498);
#3549=AXIS2_PLACEMENT_3D('',#5434,#4499,#4500);
#3550=AXIS2_PLACEMENT_3D('',#5435,#4501,#4502);
#3551=AXIS2_PLACEMENT_3D('',#5436,#4503,#4504);
#3552=AXIS2_PLACEMENT_3D('',#5437,#4505,#4506);
#3553=DIRECTION('',(0.,0.,1.));
#3554=DIRECTION('',(1.,0.,0.));
#3555=DIRECTION('',(0.,-1.,0.));
#3556=DIRECTION('',(-1.,0.,0.));
#3557=DIRECTION('',(0.,1.,0.));
#3558=DIRECTION('',(1.,0.,0.));
#3559=DIRECTION('',(0.,0.,-1.));
#3560=DIRECTION('',(-1.,0.,0.));
#3561=DIRECTION('',(0.,-1.,0.));
#3562=DIRECTION('',(1.,0.,0.));
#3563=DIRECTION('',(0.,1.,0.));
#3564=DIRECTION('',(-1.,0.,0.));
#3565=DIRECTION('',(0.,0.,1.));
#3566=DIRECTION('',(1.,0.,0.));
#3567=DIRECTION('',(0.,-1.,0.));
#3568=DIRECTION('',(-1.,0.,0.));
#3569=DIRECTION('',(0.,1.,0.));
#3570=DIRECTION('',(1.,0.,0.));
#3571=DIRECTION('',(0.,0.,-1.));
#3572=DIRECTION('',(-1.,0.,0.));
#3573=DIRECTION('',(0.,-1.,0.));
#3574=DIRECTION('',(1.,0.,0.));
#3575=DIRECTION('',(0.,1.,0.));
#3576=DIRECTION('',(-1.,0.,0.));
#3577=DIRECTION('',(0.,0.,1.));
#3578=DIRECTION('',(1.,0.,0.));
#3579=DIRECTION('',(0.,-1.,0.));
#3580=DIRECTION('',(-1.,0.,0.));
#3581=DIRECTION('',(0.,1.,0.));
#3582=DIRECTION('',(1.,0.,0.));
#3583=DIRECTION('',(0.,0.,-1.));
#3584=DIRECTION('',(-1.,0.,0.));
#3585=DIRECTION('',(0.,-1.,0.));
#3586=DIRECTION('',(1.,0.,0.));
#3587=DIRECTION('',(0.,1.,0.));
#3588=DIRECTION('',(-1.,0.,0.));
#3589=DIRECTION('',(0.,0.,1.));
#3590=DIRECTION('',(1.,0.,0.));
#3591=DIRECTION('',(0.,-1.,0.));
#3592=DIRECTION('',(0.,0.,1.));
#3593=DIRECTION('',(0.,0.,-1.));
#3594=DIRECTION('',(-1.,0.,0.));
#3595=DIRECTION('',(0.,0.,1.));
#3596=DIRECTION('',(0.,-1.,0.));
#3597=DIRECTION('',(0.,0.,-1.));
#3598=DIRECTION('',(0.,1.,0.));
#3599=DIRECTION('',(0.,0.,1.));
#3600=DIRECTION('',(1.,0.,0.));
#3601=DIRECTION('',(0.,0.,-1.));
#3602=DIRECTION('',(0.,-1.,0.));
#3603=DIRECTION('',(1.,0.,0.));
#3604=DIRECTION('',(-1.,0.,0.));
#3605=DIRECTION('',(0.,0.,1.));
#3606=DIRECTION('',(1.,0.,0.));
#3607=DIRECTION('',(0.,-1.,0.));
#3608=DIRECTION('',(-1.,0.,0.));
#3609=DIRECTION('',(0.,1.,0.));
#3610=DIRECTION('',(1.,0.,0.));
#3611=DIRECTION('',(0.,0.,-1.));
#3612=DIRECTION('',(-1.,0.,0.));
#3613=DIRECTION('',(0.,-1.,0.));
#3614=DIRECTION('',(1.,0.,0.));
#3615=DIRECTION('',(0.,1.,0.));
#3616=DIRECTION('',(-1.,0.,0.));
#3617=DIRECTION('',(0.,0.,1.));
#3618=DIRECTION('',(1.,0.,0.));
#3619=DIRECTION('',(0.,-1.,0.));
#3620=DIRECTION('',(-1.,0.,0.));
#3621=DIRECTION('',(0.,1.,0.));
#3622=DIRECTION('',(1.,0.,0.));
#3623=DIRECTION('',(0.,0.,-1.));
#3624=DIRECTION('',(-1.,0.,0.));
#3625=DIRECTION('',(0.,-1.,0.));
#3626=DIRECTION('',(1.,0.,0.));
#3627=DIRECTION('',(0.,1.,0.));
#3628=DIRECTION('',(-1.,0.,0.));
#3629=DIRECTION('',(0.,0.,1.));
#3630=DIRECTION('',(1.,0.,0.));
#3631=DIRECTION('',(0.,-1.,0.));
#3632=DIRECTION('',(-1.,0.,0.));
#3633=DIRECTION('',(0.,1.,0.));
#3634=DIRECTION('',(1.,0.,0.));
#3635=DIRECTION('',(0.,0.,-1.));
#3636=DIRECTION('',(-1.,0.,0.));
#3637=DIRECTION('',(0.,-1.,0.));
#3638=DIRECTION('',(0.,0.,-1.));
#3639=DIRECTION('',(0.,0.,1.));
#3640=DIRECTION('',(1.,0.,0.));
#3641=DIRECTION('',(0.,0.,-1.));
#3642=DIRECTION('',(0.,0.,1.));
#3643=DIRECTION('',(0.,1.,0.));
#3644=DIRECTION('',(0.,0.,-1.));
#3645=DIRECTION('',(-1.,0.,0.));
#3646=DIRECTION('',(0.,0.,1.));
#3647=DIRECTION('',(0.,-1.,0.));
#3648=DIRECTION('',(0.,0.,1.));
#3649=DIRECTION('',(0.,-1.,0.));
#3650=DIRECTION('',(0.,0.,-1.));
#3651=DIRECTION('',(1.,0.,0.));
#3652=DIRECTION('',(0.,0.,-1.));
#3653=DIRECTION('',(0.,1.,0.));
#3654=DIRECTION('',(1.,0.,0.));
#3655=DIRECTION('',(-1.,0.,0.));
#3656=DIRECTION('',(0.,0.,-1.));
#3657=DIRECTION('',(-1.,0.,0.));
#3658=DIRECTION('',(0.,-1.,0.));
#3659=DIRECTION('',(-1.,0.,0.));
#3660=DIRECTION('',(0.,-1.,0.));
#3661=DIRECTION('',(1.,0.,0.));
#3662=DIRECTION('',(0.,0.,1.));
#3663=DIRECTION('',(1.,0.,0.));
#3664=DIRECTION('',(0.,1.,0.));
#3665=DIRECTION('',(1.,0.,0.));
#3666=DIRECTION('',(0.,1.,0.));
#3667=DIRECTION('',(-1.,0.,0.));
#3668=DIRECTION('',(0.,0.,-1.));
#3669=DIRECTION('',(-1.,0.,0.));
#3670=DIRECTION('',(0.,-1.,0.));
#3671=DIRECTION('',(-1.,0.,0.));
#3672=DIRECTION('',(0.,-1.,0.));
#3673=DIRECTION('',(1.,0.,0.));
#3674=DIRECTION('',(0.,0.,1.));
#3675=DIRECTION('',(1.,0.,0.));
#3676=DIRECTION('',(0.,1.,0.));
#3677=DIRECTION('',(0.,0.,1.));
#3678=DIRECTION('',(0.,0.,-1.));
#3679=DIRECTION('',(1.,0.,0.));
#3680=DIRECTION('',(0.,0.,-1.));
#3681=DIRECTION('',(0.,-1.,0.));
#3682=DIRECTION('',(0.,0.,-1.));
#3683=DIRECTION('',(0.,-1.,0.));
#3684=DIRECTION('',(0.,0.,1.));
#3685=DIRECTION('',(-1.,0.,0.));
#3686=DIRECTION('',(0.,0.,1.));
#3687=DIRECTION('',(0.,1.,0.));
#3688=DIRECTION('',(-1.,0.,0.));
#3689=DIRECTION('',(1.,0.,0.));
#3690=DIRECTION('',(0.,0.,1.));
#3691=DIRECTION('',(1.,0.,0.));
#3692=DIRECTION('',(0.,-1.,0.));
#3693=DIRECTION('',(1.,0.,0.));
#3694=DIRECTION('',(0.,-1.,0.));
#3695=DIRECTION('',(-1.,0.,0.));
#3696=DIRECTION('',(0.,0.,-1.));
#3697=DIRECTION('',(-1.,0.,0.));
#3698=DIRECTION('',(0.,1.,0.));
#3699=DIRECTION('',(-1.,0.,0.));
#3700=DIRECTION('',(0.,1.,0.));
#3701=DIRECTION('',(1.,0.,0.));
#3702=DIRECTION('',(0.,0.,1.));
#3703=DIRECTION('',(1.,0.,0.));
#3704=DIRECTION('',(0.,-1.,0.));
#3705=DIRECTION('',(1.,0.,-3.46944695195361E-15));
#3706=DIRECTION('',(0.,-1.,0.));
#3707=DIRECTION('',(-1.,0.,3.46944695195361E-15));
#3708=DIRECTION('',(-3.46944695195361E-15,0.,-1.));
#3709=DIRECTION('',(-1.,0.,3.46944695195361E-15));
#3710=DIRECTION('',(0.,1.,0.));
#3711=DIRECTION('',(0.,0.,-1.));
#3712=DIRECTION('',(0.,0.,1.));
#3713=DIRECTION('',(-1.,0.,0.));
#3714=DIRECTION('',(0.,0.,1.));
#3715=DIRECTION('',(0.,-1.,0.));
#3716=DIRECTION('',(0.,-1.,0.));
#3717=DIRECTION('',(0.,0.,-1.));
#3718=DIRECTION('',(0.,-1.,0.));
#3719=DIRECTION('',(0.,-1.,0.));
#3720=DIRECTION('',(0.,0.,1.));
#3721=DIRECTION('',(0.,1.,0.));
#3722=DIRECTION('',(0.,0.,1.));
#3723=DIRECTION('',(0.,-1.,0.));
#3724=DIRECTION('',(0.,-1.,0.));
#3725=DIRECTION('',(0.,0.,-1.));
#3726=DIRECTION('',(0.,-1.,0.));
#3727=DIRECTION('',(0.,-1.,0.));
#3728=DIRECTION('',(0.,0.,1.));
#3729=DIRECTION('',(0.,1.,0.));
#3730=DIRECTION('',(0.,0.,1.));
#3731=DIRECTION('',(0.,-1.,0.));
#3732=DIRECTION('',(0.,-1.,0.));
#3733=DIRECTION('',(0.,0.,-1.));
#3734=DIRECTION('',(0.,-1.,0.));
#3735=DIRECTION('',(0.,-1.,0.));
#3736=DIRECTION('',(0.,0.,1.));
#3737=DIRECTION('',(0.,1.,0.));
#3738=DIRECTION('',(0.,0.,1.));
#3739=DIRECTION('',(0.,-1.,0.));
#3740=DIRECTION('',(0.,-1.,0.));
#3741=DIRECTION('',(0.,0.,-1.));
#3742=DIRECTION('',(0.,-1.,0.));
#3743=DIRECTION('',(0.,-1.,0.));
#3744=DIRECTION('',(0.,0.,1.));
#3745=DIRECTION('',(0.,1.,0.));
#3746=DIRECTION('',(0.,0.,1.));
#3747=DIRECTION('',(0.,-1.,0.));
#3748=DIRECTION('',(0.,1.,0.));
#3749=DIRECTION('',(0.,0.,1.));
#3750=DIRECTION('',(0.,-1.,0.));
#3751=DIRECTION('',(0.,0.,1.));
#3752=DIRECTION('',(0.,1.,0.));
#3753=DIRECTION('',(0.,0.,1.));
#3754=DIRECTION('',(0.,-1.,0.));
#3755=DIRECTION('',(0.,0.,1.));
#3756=DIRECTION('',(0.,0.,-1.));
#3757=DIRECTION('',(-1.,0.,0.));
#3758=DIRECTION('',(0.,0.,1.));
#3759=DIRECTION('',(0.,1.,0.));
#3760=DIRECTION('',(0.,0.,1.));
#3761=DIRECTION('',(0.,-1.,0.));
#3762=DIRECTION('',(0.,0.,1.));
#3763=DIRECTION('',(0.,1.,0.));
#3764=DIRECTION('',(0.,0.,1.));
#3765=DIRECTION('',(0.,0.,1.));
#3766=DIRECTION('',(0.,0.,-1.));
#3767=DIRECTION('',(-1.,0.,0.));
#3768=DIRECTION('',(0.,0.,1.));
#3769=DIRECTION('',(0.,-1.,0.));
#3770=DIRECTION('',(0.,1.,0.));
#3771=DIRECTION('',(0.,0.,1.));
#3772=DIRECTION('',(0.,-1.,0.));
#3773=DIRECTION('',(0.,0.,1.));
#3774=DIRECTION('',(0.,1.,0.));
#3775=DIRECTION('',(0.,0.,1.));
#3776=DIRECTION('',(0.,-1.,0.));
#3777=DIRECTION('',(0.,0.,1.));
#3778=DIRECTION('',(0.,0.,-1.));
#3779=DIRECTION('',(-1.,0.,0.));
#3780=DIRECTION('',(0.,0.,1.));
#3781=DIRECTION('',(0.,1.,0.));
#3782=DIRECTION('',(0.,0.,1.));
#3783=DIRECTION('',(0.,-1.,0.));
#3784=DIRECTION('',(0.,0.,1.));
#3785=DIRECTION('',(0.,1.,0.));
#3786=DIRECTION('',(0.,0.,1.));
#3787=DIRECTION('',(0.,0.,1.));
#3788=DIRECTION('',(0.,0.,-1.));
#3789=DIRECTION('',(-1.,0.,0.));
#3790=DIRECTION('',(0.,0.,1.));
#3791=DIRECTION('',(0.,-1.,0.));
#3792=DIRECTION('',(0.,1.,0.));
#3793=DIRECTION('',(0.,0.,1.));
#3794=DIRECTION('',(0.,-1.,0.));
#3795=DIRECTION('',(0.,0.,1.));
#3796=DIRECTION('',(0.,1.,0.));
#3797=DIRECTION('',(0.,0.,1.));
#3798=DIRECTION('',(0.,-1.,0.));
#3799=DIRECTION('',(0.,0.,1.));
#3800=DIRECTION('',(0.,0.,-1.));
#3801=DIRECTION('',(-1.,0.,0.));
#3802=DIRECTION('',(0.,0.,1.));
#3803=DIRECTION('',(0.,1.,0.));
#3804=DIRECTION('',(0.,0.,1.));
#3805=DIRECTION('',(0.,-1.,0.));
#3806=DIRECTION('',(0.,0.,1.));
#3807=DIRECTION('',(0.,1.,0.));
#3808=DIRECTION('',(0.,0.,1.));
#3809=DIRECTION('',(0.,-1.,0.));
#3810=DIRECTION('',(0.,1.,0.));
#3811=DIRECTION('',(0.,0.,1.));
#3812=DIRECTION('',(0.,-1.,0.));
#3813=DIRECTION('',(0.,0.,1.));
#3814=DIRECTION('',(0.,1.,0.));
#3815=DIRECTION('',(0.,0.,1.));
#3816=DIRECTION('',(0.,1.,0.));
#3817=DIRECTION('',(0.,0.,1.));
#3818=DIRECTION('',(0.,1.,0.));
#3819=DIRECTION('',(0.,-1.,0.));
#3820=DIRECTION('',(0.,0.,1.));
#3821=DIRECTION('',(0.,1.,0.));
#3822=DIRECTION('',(0.,0.,1.));
#3823=DIRECTION('',(0.,-1.,0.));
#3824=DIRECTION('',(0.,1.,0.));
#3825=DIRECTION('',(0.,0.,1.));
#3826=DIRECTION('',(0.,-1.,0.));
#3827=DIRECTION('',(0.,0.,1.));
#3828=DIRECTION('',(0.,1.,0.));
#3829=DIRECTION('',(0.,0.,1.));
#3830=DIRECTION('',(0.,-1.,0.));
#3831=DIRECTION('',(0.,0.,-1.));
#3832=DIRECTION('',(0.,0.,1.));
#3833=DIRECTION('',(1.,0.,0.));
#3834=DIRECTION('',(0.,0.,-1.));
#3835=DIRECTION('',(0.,1.,0.));
#3836=DIRECTION('',(0.,0.,1.));
#3837=DIRECTION('',(0.,-1.,0.));
#3838=DIRECTION('',(0.,0.,1.));
#3839=DIRECTION('',(0.,1.,0.));
#3840=DIRECTION('',(0.,0.,1.));
#3841=DIRECTION('',(0.,0.,-1.));
#3842=DIRECTION('',(0.,0.,1.));
#3843=DIRECTION('',(1.,0.,0.));
#3844=DIRECTION('',(0.,0.,-1.));
#3845=DIRECTION('',(0.,-1.,0.));
#3846=DIRECTION('',(0.,1.,0.));
#3847=DIRECTION('',(0.,0.,1.));
#3848=DIRECTION('',(0.,-1.,0.));
#3849=DIRECTION('',(0.,0.,1.));
#3850=DIRECTION('',(0.,1.,0.));
#3851=DIRECTION('',(0.,0.,1.));
#3852=DIRECTION('',(0.,-1.,0.));
#3853=DIRECTION('',(0.,0.,-1.));
#3854=DIRECTION('',(0.,0.,1.));
#3855=DIRECTION('',(1.,0.,0.));
#3856=DIRECTION('',(0.,0.,-1.));
#3857=DIRECTION('',(0.,1.,0.));
#3858=DIRECTION('',(0.,0.,1.));
#3859=DIRECTION('',(0.,-1.,0.));
#3860=DIRECTION('',(0.,0.,1.));
#3861=DIRECTION('',(0.,1.,0.));
#3862=DIRECTION('',(0.,0.,1.));
#3863=DIRECTION('',(0.,0.,-1.));
#3864=DIRECTION('',(0.,0.,1.));
#3865=DIRECTION('',(1.,0.,0.));
#3866=DIRECTION('',(0.,0.,-1.));
#3867=DIRECTION('',(0.,-1.,0.));
#3868=DIRECTION('',(0.,1.,0.));
#3869=DIRECTION('',(0.,0.,1.));
#3870=DIRECTION('',(0.,-1.,0.));
#3871=DIRECTION('',(0.,0.,1.));
#3872=DIRECTION('',(0.,1.,0.));
#3873=DIRECTION('',(0.,0.,1.));
#3874=DIRECTION('',(0.,-1.,0.));
#3875=DIRECTION('',(0.,0.,-1.));
#3876=DIRECTION('',(0.,0.,1.));
#3877=DIRECTION('',(1.,0.,0.));
#3878=DIRECTION('',(0.,0.,-1.));
#3879=DIRECTION('',(0.,1.,0.));
#3880=DIRECTION('',(0.,0.,1.));
#3881=DIRECTION('',(0.,-1.,0.));
#3882=DIRECTION('',(0.,0.,1.));
#3883=DIRECTION('',(0.,1.,0.));
#3884=DIRECTION('',(0.,0.,1.));
#3885=DIRECTION('',(0.,-1.,0.));
#3886=DIRECTION('',(0.,1.,0.));
#3887=DIRECTION('',(0.,0.,1.));
#3888=DIRECTION('',(0.,-1.,0.));
#3889=DIRECTION('',(0.,0.,1.));
#3890=DIRECTION('',(0.,1.,0.));
#3891=DIRECTION('',(0.,0.,1.));
#3892=DIRECTION('',(0.,-1.,0.));
#3893=DIRECTION('',(-1.,0.,0.));
#3894=DIRECTION('',(1.,0.,0.));
#3895=DIRECTION('',(0.,0.,-1.));
#3896=DIRECTION('',(-1.,0.,0.));
#3897=DIRECTION('',(0.,-1.,0.));
#3898=DIRECTION('',(0.,1.,0.));
#3899=DIRECTION('',(0.,0.,1.));
#3900=DIRECTION('',(0.,-1.,0.));
#3901=DIRECTION('',(0.,0.,1.));
#3902=DIRECTION('',(0.,1.,0.));
#3903=DIRECTION('',(0.,0.,1.));
#3904=DIRECTION('',(0.,-1.,0.));
#3905=DIRECTION('',(-1.,0.,0.));
#3906=DIRECTION('',(1.,0.,0.));
#3907=DIRECTION('',(2.7727830433605E-15,0.,-1.));
#3908=DIRECTION('',(-1.,0.,-2.77555756156289E-15));
#3909=DIRECTION('',(0.,-1.,0.));
#3910=DIRECTION('',(0.,1.,0.));
#3911=DIRECTION('',(0.,0.,1.));
#3912=DIRECTION('',(0.,-1.,0.));
#3913=DIRECTION('',(0.,0.,1.));
#3914=DIRECTION('',(0.,1.,0.));
#3915=DIRECTION('',(0.,0.,1.));
#3916=DIRECTION('',(0.,-1.,0.));
#3917=DIRECTION('',(-1.,0.,0.));
#3918=DIRECTION('',(1.,0.,0.));
#3919=DIRECTION('',(0.,0.,-1.));
#3920=DIRECTION('',(-1.,0.,0.));
#3921=DIRECTION('',(0.,1.,0.));
#3922=DIRECTION('',(0.,0.,1.));
#3923=DIRECTION('',(0.,-1.,0.));
#3924=DIRECTION('',(0.,0.,1.));
#3925=DIRECTION('',(0.,1.,0.));
#3926=DIRECTION('',(0.,0.,1.));
#3927=DIRECTION('',(0.,1.,0.));
#3928=DIRECTION('',(0.,0.,-1.));
#3929=DIRECTION('',(0.,-1.,0.));
#3930=DIRECTION('',(0.,0.,1.));
#3931=DIRECTION('',(-1.,0.,0.));
#3932=DIRECTION('',(0.,0.,1.));
#3933=DIRECTION('',(0.,1.,0.));
#3934=DIRECTION('',(0.,0.,1.));
#3935=DIRECTION('',(0.,-1.,0.));
#3936=DIRECTION('',(0.,0.,-1.));
#3937=DIRECTION('',(1.,0.,0.));
#3938=DIRECTION('',(0.,0.,-1.));
#3939=DIRECTION('',(-1.,0.,0.));
#3940=DIRECTION('',(-1.,0.,0.));
#3941=DIRECTION('',(1.,0.,0.));
#3942=DIRECTION('',(-1.,0.,0.));
#3943=DIRECTION('',(1.1575112161767E-16,0.,1.));
#3944=DIRECTION('',(1.,0.,-1.15792792021452E-16));
#3945=DIRECTION('',(0.,1.,0.));
#3946=DIRECTION('',(0.,1.,0.));
#3947=DIRECTION('',(0.,0.,1.));
#3948=DIRECTION('',(0.,-1.,0.));
#3949=DIRECTION('',(0.,0.,-1.));
#3950=DIRECTION('',(0.,-1.,0.));
#3951=DIRECTION('',(0.,0.,-1.));
#3952=DIRECTION('',(0.,1.,0.));
#3953=DIRECTION('',(0.,0.,1.));
#3954=DIRECTION('',(0.,-1.,0.));
#3955=DIRECTION('',(0.,-1.,0.));
#3956=DIRECTION('',(0.,0.,-1.));
#3957=DIRECTION('',(0.,-1.,0.));
#3958=DIRECTION('',(0.,0.,-1.));
#3959=DIRECTION('',(0.,1.,0.));
#3960=DIRECTION('',(0.,0.,-1.));
#3961=DIRECTION('',(0.,0.,-1.));
#3962=DIRECTION('',(1.,0.,0.));
#3963=DIRECTION('',(0.,0.,-1.));
#3964=DIRECTION('',(0.,1.,0.));
#3965=DIRECTION('',(0.,0.,1.));
#3966=DIRECTION('',(0.,-1.,0.));
#3967=DIRECTION('',(0.,0.,-1.));
#3968=DIRECTION('',(0.,-1.,0.));
#3969=DIRECTION('',(0.,0.,-1.));
#3970=DIRECTION('',(0.,0.,-1.));
#3971=DIRECTION('',(0.,0.,-1.));
#3972=DIRECTION('',(1.,0.,0.));
#3973=DIRECTION('',(0.,0.,-1.));
#3974=DIRECTION('',(0.,1.,0.));
#3975=DIRECTION('',(0.,0.,1.));
#3976=DIRECTION('',(0.,-1.,0.));
#3977=DIRECTION('',(0.,-1.,0.));
#3978=DIRECTION('',(0.,0.,-1.));
#3979=DIRECTION('',(0.,-1.,0.));
#3980=DIRECTION('',(0.,0.,-1.));
#3981=DIRECTION('',(0.,1.,0.));
#3982=DIRECTION('',(0.,0.,-1.));
#3983=DIRECTION('',(0.,0.,-1.));
#3984=DIRECTION('',(1.,0.,0.));
#3985=DIRECTION('',(0.,0.,-1.));
#3986=DIRECTION('',(0.,1.,0.));
#3987=DIRECTION('',(0.,0.,1.));
#3988=DIRECTION('',(0.,-1.,0.));
#3989=DIRECTION('',(0.,0.,-1.));
#3990=DIRECTION('',(0.,-1.,0.));
#3991=DIRECTION('',(0.,0.,-1.));
#3992=DIRECTION('',(0.,1.,0.));
#3993=DIRECTION('',(0.,0.,1.));
#3994=DIRECTION('',(0.,-1.,0.));
#3995=DIRECTION('',(0.,-1.,0.));
#3996=DIRECTION('',(0.,0.,-1.));
#3997=DIRECTION('',(0.,-1.,0.));
#3998=DIRECTION('',(0.,0.,-1.));
#3999=DIRECTION('',(0.,1.,0.));
#4000=DIRECTION('',(1.,0.,0.));
#4001=DIRECTION('',(1.,0.,0.));
#4002=DIRECTION('',(0.,0.,1.));
#4003=DIRECTION('',(1.,0.,0.));
#4004=DIRECTION('',(0.,1.,0.));
#4005=DIRECTION('',(0.,0.,1.));
#4006=DIRECTION('',(0.,-1.,0.));
#4007=DIRECTION('',(0.,0.,-1.));
#4008=DIRECTION('',(0.,-1.,0.));
#4009=DIRECTION('',(0.,0.,-1.));
#4010=DIRECTION('',(0.,1.,0.));
#4011=DIRECTION('',(0.,0.,1.));
#4012=DIRECTION('',(0.,-1.,0.));
#4013=DIRECTION('',(0.,-1.,0.));
#4014=DIRECTION('',(0.,0.,-1.));
#4015=DIRECTION('',(0.,-1.,0.));
#4016=DIRECTION('',(0.,0.,-1.));
#4017=DIRECTION('',(0.,1.,0.));
#4018=DIRECTION('',(0.,0.,1.));
#4019=DIRECTION('',(0.,0.,1.));
#4020=DIRECTION('',(-1.,0.,0.));
#4021=DIRECTION('',(0.,0.,1.));
#4022=DIRECTION('',(0.,1.,0.));
#4023=DIRECTION('',(0.,0.,1.));
#4024=DIRECTION('',(0.,-1.,0.));
#4025=DIRECTION('',(0.,0.,-1.));
#4026=DIRECTION('',(0.,-1.,0.));
#4027=DIRECTION('',(0.,0.,-1.));
#4028=DIRECTION('',(0.,0.,1.));
#4029=DIRECTION('',(0.,0.,1.));
#4030=DIRECTION('',(-1.,0.,0.));
#4031=DIRECTION('',(0.,0.,1.));
#4032=DIRECTION('',(0.,1.,0.));
#4033=DIRECTION('',(0.,0.,1.));
#4034=DIRECTION('',(0.,-1.,0.));
#4035=DIRECTION('',(0.,-1.,0.));
#4036=DIRECTION('',(0.,0.,-1.));
#4037=DIRECTION('',(0.,-1.,0.));
#4038=DIRECTION('',(0.,0.,-1.));
#4039=DIRECTION('',(0.,1.,0.));
#4040=DIRECTION('',(0.,0.,1.));
#4041=DIRECTION('',(0.,0.,1.));
#4042=DIRECTION('',(-1.,0.,0.));
#4043=DIRECTION('',(0.,0.,1.));
#4044=DIRECTION('',(0.,1.,0.));
#4045=DIRECTION('',(0.,0.,1.));
#4046=DIRECTION('',(0.,-1.,0.));
#4047=DIRECTION('',(0.,0.,-1.));
#4048=DIRECTION('',(0.,-1.,0.));
#4049=DIRECTION('',(0.,0.,-1.));
#4050=DIRECTION('',(0.,1.,0.));
#4051=DIRECTION('',(0.,0.,1.));
#4052=DIRECTION('',(0.,-1.,0.));
#4053=DIRECTION('',(0.,-1.,0.));
#4054=DIRECTION('',(0.,0.,-1.));
#4055=DIRECTION('',(0.,-1.,0.));
#4056=DIRECTION('',(0.,0.,-1.));
#4057=DIRECTION('',(-1.,0.,0.));
#4058=DIRECTION('',(-1.,0.,9.18815400411445E-17));
#4059=DIRECTION('',(-9.18815400411445E-17,0.,-1.));
#4060=DIRECTION('',(-1.,0.,9.19403442267708E-17));
#4061=DIRECTION('',(1.04972719107677E-16,-0.515038074994112,0.857167300651605));
#4062=DIRECTION('',(0.,-0.515038074994112,-0.857167300651605));
#4063=DIRECTION('',(0.,-1.,0.));
#4064=DIRECTION('',(0.,0.,-1.));
#4065=DIRECTION('',(0.,-1.,0.));
#4066=DIRECTION('',(0.,0.,-1.));
#4067=DIRECTION('',(1.04972719112034E-16,-0.515038074934895,0.857167300687186));
#4068=DIRECTION('',(0.,-0.515038074934895,-0.857167300687186));
#4069=DIRECTION('',(0.,-1.,0.));
#4070=DIRECTION('',(0.,0.,-1.));
#4071=DIRECTION('',(0.,-1.,0.));
#4072=DIRECTION('',(0.,0.,-1.));
#4073=DIRECTION('',(1.04972719118594E-16,-0.515038074845751,0.85716730074075));
#4074=DIRECTION('',(0.,-0.515038074845751,-0.85716730074075));
#4075=DIRECTION('',(0.,-1.,0.));
#4076=DIRECTION('',(0.,0.,-1.));
#4077=DIRECTION('',(0.,-1.,0.));
#4078=DIRECTION('',(0.,0.,-1.));
#4079=DIRECTION('',(1.04972719116391E-16,-0.515038074875678,0.857167300722767));
#4080=DIRECTION('',(0.,-0.515038074875678,-0.857167300722767));
#4081=DIRECTION('',(0.,-1.,0.));
#4082=DIRECTION('',(0.,0.,-1.));
#4083=DIRECTION('',(0.,-1.,0.));
#4084=DIRECTION('',(0.,0.,-1.));
#4085=DIRECTION('',(0.,-1.,0.));
#4086=DIRECTION('',(0.,0.,1.));
#4087=DIRECTION('',(0.,-1.,0.));
#4088=DIRECTION('',(0.,0.,1.));
#4089=DIRECTION('',(0.,-1.,0.));
#4090=DIRECTION('',(0.,0.,1.));
#4091=DIRECTION('',(0.,-1.,0.));
#4092=DIRECTION('',(0.,0.,1.));
#4093=DIRECTION('',(0.,-1.,0.));
#4094=DIRECTION('',(0.,0.,1.));
#4095=DIRECTION('',(0.,-1.,0.));
#4096=DIRECTION('',(0.,0.,1.));
#4097=DIRECTION('',(0.,-1.,0.));
#4098=DIRECTION('',(0.,0.,1.));
#4099=DIRECTION('',(0.,-1.,0.));
#4100=DIRECTION('',(0.,0.,1.));
#4101=DIRECTION('',(0.,-1.,0.));
#4102=DIRECTION('',(0.,0.,1.));
#4103=DIRECTION('',(0.,-1.,0.));
#4104=DIRECTION('',(0.,0.,1.));
#4105=DIRECTION('',(0.,-1.,0.));
#4106=DIRECTION('',(0.,0.,1.));
#4107=DIRECTION('',(0.,-1.,0.));
#4108=DIRECTION('',(0.,0.,1.));
#4109=DIRECTION('',(0.,-1.,0.));
#4110=DIRECTION('',(0.,0.,1.));
#4111=DIRECTION('',(0.,-1.,0.));
#4112=DIRECTION('',(0.,0.,1.));
#4113=DIRECTION('',(0.,0.,1.));
#4114=DIRECTION('',(1.,0.,0.));
#4115=DIRECTION('',(1.,0.,0.));
#4116=DIRECTION('',(0.,0.,-1.));
#4117=DIRECTION('',(-1.,0.,0.));
#4118=DIRECTION('',(0.,1.,0.));
#4119=DIRECTION('',(0.,0.,1.));
#4120=DIRECTION('',(0.,-1.,0.));
#4121=DIRECTION('',(0.,0.,1.));
#4122=DIRECTION('',(0.,-1.,0.));
#4123=DIRECTION('',(0.,0.,1.));
#4124=DIRECTION('',(0.,-1.,0.));
#4125=DIRECTION('',(0.,0.,1.));
#4126=DIRECTION('',(0.,-1.,0.));
#4127=DIRECTION('',(0.,0.,1.));
#4128=DIRECTION('',(0.,-1.,0.));
#4129=DIRECTION('',(0.,0.,1.));
#4130=DIRECTION('',(0.,-1.,0.));
#4131=DIRECTION('',(0.,0.,1.));
#4132=DIRECTION('',(0.,-1.,0.));
#4133=DIRECTION('',(0.,0.,1.));
#4134=DIRECTION('',(0.,-1.,0.));
#4135=DIRECTION('',(0.,0.,1.));
#4136=DIRECTION('',(0.,-1.,0.));
#4137=DIRECTION('',(0.,0.,1.));
#4138=DIRECTION('',(0.,-1.,0.));
#4139=DIRECTION('',(0.,0.,1.));
#4140=DIRECTION('',(0.,-1.,0.));
#4141=DIRECTION('',(0.,0.,1.));
#4142=DIRECTION('',(0.,-1.,0.));
#4143=DIRECTION('',(0.,0.,1.));
#4144=DIRECTION('',(0.,1.,0.));
#4145=DIRECTION('',(0.,0.,1.));
#4146=DIRECTION('',(0.,-1.,0.));
#4147=DIRECTION('',(0.,0.,1.));
#4148=DIRECTION('',(0.,-1.,0.));
#4149=DIRECTION('',(0.,0.,1.));
#4150=DIRECTION('',(1.,0.,0.));
#4151=DIRECTION('',(0.,1.,0.));
#4152=DIRECTION('',(0.,0.,1.));
#4153=DIRECTION('',(0.,-1.,0.));
#4154=DIRECTION('',(0.,0.,1.));
#4155=DIRECTION('',(0.,-1.,0.));
#4156=DIRECTION('',(0.,0.,1.));
#4157=DIRECTION('',(0.,-1.,0.));
#4158=DIRECTION('',(0.,0.,-1.));
#4159=DIRECTION('',(-1.,0.,0.));
#4160=DIRECTION('',(0.,0.,1.));
#4161=DIRECTION('',(1.,0.,0.));
#4162=DIRECTION('',(0.,0.,-1.));
#4163=DIRECTION('',(0.,1.,0.));
#4164=DIRECTION('',(0.,0.,1.));
#4165=DIRECTION('',(0.,-1.,0.));
#4166=DIRECTION('',(0.,0.,1.));
#4167=DIRECTION('',(0.,-1.,0.));
#4168=DIRECTION('',(0.,0.,1.));
#4169=DIRECTION('',(0.,0.,-1.));
#4170=DIRECTION('',(-1.,0.,0.));
#4171=DIRECTION('',(0.,0.,1.));
#4172=DIRECTION('',(1.,0.,0.));
#4173=DIRECTION('',(0.,-1.,0.));
#4174=DIRECTION('',(0.,0.,-1.));
#4175=DIRECTION('',(0.,1.,0.));
#4176=DIRECTION('',(0.,0.,1.));
#4177=DIRECTION('',(0.,-1.,0.));
#4178=DIRECTION('',(0.,0.,1.));
#4179=DIRECTION('',(0.,-1.,0.));
#4180=DIRECTION('',(0.,0.,1.));
#4181=DIRECTION('',(0.,-1.,0.));
#4182=DIRECTION('',(0.,0.,-1.));
#4183=DIRECTION('',(1.,0.,0.));
#4184=DIRECTION('',(0.,0.,-1.));
#4185=DIRECTION('',(-1.,0.,0.));
#4186=DIRECTION('',(0.,0.,1.));
#4187=DIRECTION('',(0.,1.,0.));
#4188=DIRECTION('',(0.,0.,1.));
#4189=DIRECTION('',(0.,-1.,0.));
#4190=DIRECTION('',(0.,0.,1.));
#4191=DIRECTION('',(0.,-1.,0.));
#4192=DIRECTION('',(0.,0.,1.));
#4193=DIRECTION('',(0.,-1.,0.));
#4194=DIRECTION('',(0.,0.,-1.));
#4195=DIRECTION('',(0.,0.,1.));
#4196=DIRECTION('',(1.,0.,0.));
#4197=DIRECTION('',(0.,0.,-1.));
#4198=DIRECTION('',(-1.,0.,0.));
#4199=DIRECTION('',(0.,1.,0.));
#4200=DIRECTION('',(0.,0.,1.));
#4201=DIRECTION('',(0.,-1.,0.));
#4202=DIRECTION('',(0.,-1.,0.));
#4203=DIRECTION('',(0.,-1.,0.));
#4204=DIRECTION('',(0.,0.,-1.));
#4205=DIRECTION('',(0.,-1.,0.));
#4206=DIRECTION('',(0.,0.,-1.));
#4207=DIRECTION('',(0.,-1.,0.));
#4208=DIRECTION('',(0.,-1.,0.));
#4209=DIRECTION('',(0.,-1.,0.));
#4210=DIRECTION('',(0.,0.,-1.));
#4211=DIRECTION('',(0.,-1.,0.));
#4212=DIRECTION('',(0.,0.,-1.));
#4213=DIRECTION('',(0.,-1.,0.));
#4214=DIRECTION('',(0.,-1.,0.));
#4215=DIRECTION('',(0.,-1.,0.));
#4216=DIRECTION('',(0.,0.,-1.));
#4217=DIRECTION('',(0.,-1.,0.));
#4218=DIRECTION('',(0.,0.,-1.));
#4219=DIRECTION('',(0.,-1.,0.));
#4220=DIRECTION('',(0.,-1.,0.));
#4221=DIRECTION('',(0.,-1.,0.));
#4222=DIRECTION('',(0.,0.,-1.));
#4223=DIRECTION('',(0.,-1.,0.));
#4224=DIRECTION('',(0.,0.,-1.));
#4225=DIRECTION('',(0.,-1.,0.));
#4226=DIRECTION('',(0.,-1.,0.));
#4227=DIRECTION('',(0.,0.,1.));
#4228=DIRECTION('',(0.,-1.,0.));
#4229=DIRECTION('',(0.,1.,0.));
#4230=DIRECTION('',(0.,0.,1.));
#4231=DIRECTION('',(0.,-1.,0.));
#4232=DIRECTION('',(0.,-1.,0.));
#4233=DIRECTION('',(0.,0.,1.));
#4234=DIRECTION('',(0.,-1.,0.));
#4235=DIRECTION('',(0.,1.,0.));
#4236=DIRECTION('',(0.,0.,1.));
#4237=DIRECTION('',(0.,-1.,0.));
#4238=DIRECTION('',(0.,-1.,0.));
#4239=DIRECTION('',(0.,0.,1.));
#4240=DIRECTION('',(0.,-1.,0.));
#4241=DIRECTION('',(0.,1.,0.));
#4242=DIRECTION('',(0.,0.,1.));
#4243=DIRECTION('',(0.,-1.,0.));
#4244=DIRECTION('',(0.,-1.,0.));
#4245=DIRECTION('',(0.,0.,1.));
#4246=DIRECTION('',(0.,-1.,0.));
#4247=DIRECTION('',(0.,1.,0.));
#4248=DIRECTION('',(0.,0.,1.));
#4249=DIRECTION('',(0.,-1.,0.));
#4250=DIRECTION('',(0.,-1.,0.));
#4251=DIRECTION('',(0.,0.,1.));
#4252=DIRECTION('',(0.,-1.,0.));
#4253=DIRECTION('',(0.,1.,0.));
#4254=DIRECTION('',(0.,0.,1.));
#4255=DIRECTION('',(0.,-1.,0.));
#4256=DIRECTION('',(0.,-1.,0.));
#4257=DIRECTION('',(0.,0.,1.));
#4258=DIRECTION('',(0.,-1.,0.));
#4259=DIRECTION('',(0.,1.,0.));
#4260=DIRECTION('',(0.,0.,1.));
#4261=DIRECTION('',(0.,-1.,0.));
#4262=DIRECTION('',(0.,-1.,0.));
#4263=DIRECTION('',(0.,0.,1.));
#4264=DIRECTION('',(0.,-1.,0.));
#4265=DIRECTION('',(0.,1.,0.));
#4266=DIRECTION('',(0.,0.,1.));
#4267=DIRECTION('',(0.,-1.,0.));
#4268=DIRECTION('',(0.,-1.,0.));
#4269=DIRECTION('',(0.,0.,1.));
#4270=DIRECTION('',(0.,-1.,0.));
#4271=DIRECTION('',(0.,1.,0.));
#4272=DIRECTION('',(0.,0.,1.));
#4273=DIRECTION('',(0.,-1.,0.));
#4274=DIRECTION('',(0.,-1.,0.));
#4275=DIRECTION('',(0.,0.,1.));
#4276=DIRECTION('',(0.,-1.,0.));
#4277=DIRECTION('',(0.,1.,0.));
#4278=DIRECTION('',(0.,0.,1.));
#4279=DIRECTION('',(0.,-1.,0.));
#4280=DIRECTION('',(0.,-1.,0.));
#4281=DIRECTION('',(0.,0.,1.));
#4282=DIRECTION('',(0.,-1.,0.));
#4283=DIRECTION('',(0.,1.,0.));
#4284=DIRECTION('',(0.,0.,1.));
#4285=DIRECTION('',(0.,-1.,0.));
#4286=DIRECTION('',(0.,-1.,0.));
#4287=DIRECTION('',(0.,0.,1.));
#4288=DIRECTION('',(0.,-1.,0.));
#4289=DIRECTION('',(0.,1.,0.));
#4290=DIRECTION('',(0.,0.,1.));
#4291=DIRECTION('',(0.,-1.,0.));
#4292=DIRECTION('',(0.,-1.,0.));
#4293=DIRECTION('',(0.,0.,1.));
#4294=DIRECTION('',(0.,-1.,0.));
#4295=DIRECTION('',(0.,1.,0.));
#4296=DIRECTION('',(0.,0.,1.));
#4297=DIRECTION('',(0.,-1.,0.));
#4298=DIRECTION('',(0.,-1.,0.));
#4299=DIRECTION('',(0.,0.,1.));
#4300=DIRECTION('',(0.,-1.,0.));
#4301=DIRECTION('',(0.,1.,0.));
#4302=DIRECTION('',(0.,0.,1.));
#4303=DIRECTION('',(0.,-1.,0.));
#4304=DIRECTION('',(0.,-1.,0.));
#4305=DIRECTION('',(0.,0.,1.));
#4306=DIRECTION('',(0.,-1.,0.));
#4307=DIRECTION('',(0.,1.,0.));
#4308=DIRECTION('',(0.,0.,1.));
#4309=DIRECTION('',(0.,-1.,0.));
#4310=DIRECTION('',(0.,-1.,0.));
#4311=DIRECTION('',(0.,0.,1.));
#4312=DIRECTION('',(0.,-1.,0.));
#4313=DIRECTION('',(0.,1.,0.));
#4314=DIRECTION('',(0.,0.,1.));
#4315=DIRECTION('',(0.,-1.,0.));
#4316=DIRECTION('',(0.,-1.,0.));
#4317=DIRECTION('',(0.,0.,1.));
#4318=DIRECTION('',(0.,-1.,0.));
#4319=DIRECTION('',(0.,1.,0.));
#4320=DIRECTION('',(0.,0.,1.));
#4321=DIRECTION('',(0.,-1.,0.));
#4322=DIRECTION('',(0.,0.,-1.));
#4323=DIRECTION('',(0.,-1.,0.));
#4324=DIRECTION('',(0.,0.,-1.));
#4325=DIRECTION('',(0.,-1.,0.));
#4326=DIRECTION('',(0.,0.,-1.));
#4327=DIRECTION('',(0.,-1.,0.));
#4328=DIRECTION('',(0.,0.,-1.));
#4329=DIRECTION('',(0.,-1.,0.));
#4330=DIRECTION('',(0.,0.,1.));
#4331=DIRECTION('',(0.,-1.,0.));
#4332=DIRECTION('',(0.,0.,1.));
#4333=DIRECTION('',(0.,-1.,0.));
#4334=DIRECTION('',(0.,0.,1.));
#4335=DIRECTION('',(0.,-1.,0.));
#4336=DIRECTION('',(0.,0.,1.));
#4337=DIRECTION('',(0.,-1.,0.));
#4338=DIRECTION('',(0.,0.,1.));
#4339=DIRECTION('',(0.,-1.,0.));
#4340=DIRECTION('',(0.,0.,1.));
#4341=DIRECTION('',(0.,-1.,0.));
#4342=DIRECTION('',(0.,0.,1.));
#4343=DIRECTION('',(0.,-1.,0.));
#4344=DIRECTION('',(0.,0.,1.));
#4345=DIRECTION('',(0.,-1.,0.));
#4346=DIRECTION('',(0.,0.,1.));
#4347=DIRECTION('',(0.,-1.,0.));
#4348=DIRECTION('',(0.,0.,1.));
#4349=DIRECTION('',(0.,-1.,0.));
#4350=DIRECTION('',(0.,0.,1.));
#4351=DIRECTION('',(0.,-1.,0.));
#4352=DIRECTION('',(0.,0.,1.));
#4353=DIRECTION('',(0.,-1.,0.));
#4354=DIRECTION('',(0.,0.,1.));
#4355=DIRECTION('',(0.,-1.,0.));
#4356=DIRECTION('',(0.,0.,1.));
#4357=DIRECTION('',(0.,-1.,0.));
#4358=DIRECTION('',(0.,0.,1.));
#4359=DIRECTION('',(0.,-1.,0.));
#4360=DIRECTION('',(0.,0.,1.));
#4361=DIRECTION('',(-1.,0.,0.));
#4362=DIRECTION('',(0.,-1.,0.));
#4363=DIRECTION('',(2.13949228703806E-14,0.,1.));
#4364=DIRECTION('',(0.,0.,1.));
#4365=DIRECTION('',(0.,-1.,0.));
#4366=DIRECTION('',(0.,0.,1.));
#4367=DIRECTION('',(1.,0.,0.));
#4368=DIRECTION('',(0.,0.,1.));
#4369=DIRECTION('',(-1.,0.,1.67202262744752E-16));
#4370=DIRECTION('',(0.,0.,-1.));
#4371=DIRECTION('',(1.,0.,3.46944695195361E-15));
#4372=DIRECTION('',(0.,-1.,0.));
#4373=DIRECTION('',(0.,0.,1.));
#4374=DIRECTION('',(0.,0.,-1.));
#4375=DIRECTION('',(0.,-1.,0.));
#4376=DIRECTION('',(0.,0.,1.));
#4377=DIRECTION('',(-1.,0.,0.));
#4378=DIRECTION('',(0.,0.,-1.));
#4379=DIRECTION('',(1.,0.,0.));
#4380=DIRECTION('',(0.,0.,1.));
#4381=DIRECTION('',(0.,1.,0.));
#4382=DIRECTION('',(0.,0.,1.));
#4383=DIRECTION('',(0.,1.,0.));
#4384=DIRECTION('',(0.,1.,0.));
#4385=DIRECTION('',(0.,-1.,0.));
#4386=DIRECTION('',(0.,0.,-1.));
#4387=DIRECTION('',(0.,1.,0.));
#4388=DIRECTION('',(0.,1.,0.));
#4389=DIRECTION('',(0.,-1.,0.));
#4390=DIRECTION('',(1.,0.,0.));
#4391=DIRECTION('',(0.,0.,-1.));
#4392=DIRECTION('',(0.,1.,0.));
#4393=DIRECTION('',(0.,-1.,0.));
#4394=DIRECTION('',(0.,0.,-1.));
#4395=DIRECTION('',(0.,1.,0.));
#4396=DIRECTION('',(0.,0.,-1.));
#4397=DIRECTION('',(-1.,0.,0.));
#4398=DIRECTION('',(0.,-1.,0.));
#4399=DIRECTION('',(1.,0.,0.));
#4400=DIRECTION('',(0.,0.,-1.));
#4401=DIRECTION('',(0.,1.,0.));
#4402=DIRECTION('',(0.,1.,0.));
#4403=DIRECTION('',(1.67202262744752E-16,0.,1.));
#4404=DIRECTION('',(1.,0.,-1.66533453693773E-16));
#4405=DIRECTION('',(0.,1.,0.));
#4406=DIRECTION('',(-1.,0.,0.));
#4407=DIRECTION('',(0.,0.,1.));
#4408=DIRECTION('',(0.,1.,0.));
#4409=DIRECTION('',(3.46944695195361E-15,0.,-1.));
#4410=DIRECTION('',(-1.,0.,-3.46944695195361E-15));
#4411=DIRECTION('',(0.,1.,0.));
#4412=DIRECTION('',(0.,-1.,0.));
#4413=DIRECTION('',(0.,0.,-1.));
#4414=DIRECTION('',(0.,1.,0.));
#4415=DIRECTION('',(0.,1.,0.));
#4416=DIRECTION('',(-1.,0.,0.));
#4417=DIRECTION('',(0.,0.,1.));
#4418=DIRECTION('',(0.,1.,0.));
#4419=DIRECTION('',(0.,-1.,0.));
#4420=DIRECTION('',(0.,0.,-1.));
#4421=DIRECTION('',(0.,1.,0.));
#4422=DIRECTION('',(0.,0.,1.));
#4423=DIRECTION('',(1.,0.,0.));
#4424=DIRECTION('',(0.,1.,0.));
#4425=DIRECTION('',(-1.,0.,0.));
#4426=DIRECTION('',(0.,0.,1.));
#4427=DIRECTION('',(0.,1.,0.));
#4428=DIRECTION('',(0.,0.,-1.));
#4429=DIRECTION('',(-1.,0.,0.));
#4430=DIRECTION('',(0.,1.,0.));
#4431=DIRECTION('',(1.,0.,0.));
#4432=DIRECTION('',(0.,0.,-1.));
#4433=DIRECTION('',(0.,0.,1.));
#4434=DIRECTION('',(1.,0.,0.));
#4435=DIRECTION('',(0.,-1.,0.));
#4436=DIRECTION('',(0.,0.,-1.));
#4437=DIRECTION('',(0.,1.,0.));
#4438=DIRECTION('',(0.,0.,1.));
#4439=DIRECTION('',(0.,-1.,0.));
#4440=DIRECTION('',(0.,0.,-1.));
#4441=DIRECTION('',(0.,1.,0.));
#4442=DIRECTION('',(0.,0.,1.));
#4443=DIRECTION('',(0.,-1.,0.));
#4444=DIRECTION('',(0.,0.,-1.));
#4445=DIRECTION('',(0.,1.,0.));
#4446=DIRECTION('',(0.,0.,1.));
#4447=DIRECTION('',(0.,-1.,0.));
#4448=DIRECTION('',(0.,0.,-1.));
#4449=DIRECTION('',(0.,1.,0.));
#4450=DIRECTION('',(0.,0.,1.));
#4451=DIRECTION('',(0.,-1.,0.));
#4452=DIRECTION('',(0.,0.,-1.));
#4453=DIRECTION('',(0.,-1.,0.));
#4454=DIRECTION('',(0.,0.,-1.));
#4455=DIRECTION('',(0.,-1.,0.));
#4456=DIRECTION('',(0.,0.,-1.));
#4457=DIRECTION('',(0.,-1.,0.));
#4458=DIRECTION('',(0.,0.,-1.));
#4459=DIRECTION('',(0.,-1.,0.));
#4460=DIRECTION('',(0.,0.,-1.));
#4461=DIRECTION('',(0.,-1.,0.));
#4462=DIRECTION('',(0.,0.,-1.));
#4463=DIRECTION('',(0.,-1.,0.));
#4464=DIRECTION('',(0.,0.,-1.));
#4465=DIRECTION('',(0.,-1.,0.));
#4466=DIRECTION('',(0.,0.,-1.));
#4467=DIRECTION('',(0.,-1.,0.));
#4468=DIRECTION('',(0.,0.,-1.));
#4469=DIRECTION('',(0.,-1.,0.));
#4470=DIRECTION('',(0.,0.,-1.));
#4471=DIRECTION('',(0.,-1.,0.));
#4472=DIRECTION('',(0.,0.,-1.));
#4473=DIRECTION('',(0.,-1.,0.));
#4474=DIRECTION('',(0.,0.,-1.));
#4475=DIRECTION('',(0.,1.,0.));
#4476=DIRECTION('',(0.,0.,1.));
#4477=DIRECTION('',(0.,1.,0.));
#4478=DIRECTION('',(0.,0.,1.));
#4479=DIRECTION('',(0.,1.,0.));
#4480=DIRECTION('',(0.,0.,1.));
#4481=DIRECTION('',(0.,1.,0.));
#4482=DIRECTION('',(0.,0.,1.));
#4483=DIRECTION('',(0.,1.,0.));
#4484=DIRECTION('',(0.,0.,1.));
#4485=DIRECTION('',(0.,1.,0.));
#4486=DIRECTION('',(0.,0.,1.));
#4487=DIRECTION('',(0.,1.,0.));
#4488=DIRECTION('',(0.,0.,1.));
#4489=DIRECTION('',(0.,1.,0.));
#4490=DIRECTION('',(0.,0.,1.));
#4491=DIRECTION('',(0.,1.,0.));
#4492=DIRECTION('',(0.,0.,1.));
#4493=DIRECTION('',(0.,1.,0.));
#4494=DIRECTION('',(0.,0.,1.));
#4495=DIRECTION('',(0.,1.,0.));
#4496=DIRECTION('',(0.,0.,1.));
#4497=DIRECTION('',(0.,1.,0.));
#4498=DIRECTION('',(0.,0.,1.));
#4499=DIRECTION('',(0.,1.,0.));
#4500=DIRECTION('',(0.,0.,1.));
#4501=DIRECTION('',(0.,1.,0.));
#4502=DIRECTION('',(0.,0.,1.));
#4503=DIRECTION('',(0.,1.,0.));
#4504=DIRECTION('',(0.,0.,1.));
#4505=DIRECTION('',(0.,1.,0.));
#4506=DIRECTION('',(0.,0.,1.));
#4507=CARTESIAN_POINT('',(0.,0.,0.));
#4508=CARTESIAN_POINT('',(10.5,6.2,-74.));
#4509=CARTESIAN_POINT('',(10.5,21.,-74.));
#4510=CARTESIAN_POINT('',(10.5,6.2,-74.));
#4511=CARTESIAN_POINT('',(10.5,6.2,-74.));
#4512=CARTESIAN_POINT('',(11.4,6.2,-74.));
#4513=CARTESIAN_POINT('',(11.4,6.2,-74.));
#4514=CARTESIAN_POINT('',(11.4,21.,-74.));
#4515=CARTESIAN_POINT('',(10.5,21.,-74.));
#4516=CARTESIAN_POINT('',(10.5,6.2,-74.));
#4517=CARTESIAN_POINT('',(11.4,6.2,-54.5));
#4518=CARTESIAN_POINT('',(11.4,21.,-54.5));
#4519=CARTESIAN_POINT('',(11.4,6.2,-54.5));
#4520=CARTESIAN_POINT('',(11.4,6.2,-54.5));
#4521=CARTESIAN_POINT('',(10.5,6.2,-54.5));
#4522=CARTESIAN_POINT('',(10.5,6.2,-54.5));
#4523=CARTESIAN_POINT('',(10.5,21.,-54.5));
#4524=CARTESIAN_POINT('',(11.4,21.,-54.5));
#4525=CARTESIAN_POINT('',(11.4,6.2,-54.5));
#4526=CARTESIAN_POINT('',(10.5,6.2,-49.5));
#4527=CARTESIAN_POINT('',(10.5,21.,-49.5));
#4528=CARTESIAN_POINT('',(10.5,6.2,-49.5));
#4529=CARTESIAN_POINT('',(10.5,6.2,-49.5));
#4530=CARTESIAN_POINT('',(11.4,6.2,-49.5));
#4531=CARTESIAN_POINT('',(11.4,6.2,-49.5));
#4532=CARTESIAN_POINT('',(11.4,21.,-49.5));
#4533=CARTESIAN_POINT('',(10.5,21.,-49.5));
#4534=CARTESIAN_POINT('',(10.5,6.2,-49.5));
#4535=CARTESIAN_POINT('',(11.4,6.2,-29.5));
#4536=CARTESIAN_POINT('',(11.4,21.,-29.5));
#4537=CARTESIAN_POINT('',(11.4,6.2,-29.5));
#4538=CARTESIAN_POINT('',(11.4,6.2,-29.5));
#4539=CARTESIAN_POINT('',(10.5,6.2,-29.5));
#4540=CARTESIAN_POINT('',(10.5,6.2,-29.5));
#4541=CARTESIAN_POINT('',(10.5,21.,-29.5));
#4542=CARTESIAN_POINT('',(11.4,21.,-29.5));
#4543=CARTESIAN_POINT('',(11.4,6.2,-29.5));
#4544=CARTESIAN_POINT('',(10.5,6.2,-24.5));
#4545=CARTESIAN_POINT('',(10.5,21.,-24.5));
#4546=CARTESIAN_POINT('',(10.5,6.2,-24.5));
#4547=CARTESIAN_POINT('',(10.5,6.2,-24.5));
#4548=CARTESIAN_POINT('',(11.4,6.2,-24.5));
#4549=CARTESIAN_POINT('',(11.4,6.2,-24.5));
#4550=CARTESIAN_POINT('',(11.4,21.,-24.5));
#4551=CARTESIAN_POINT('',(10.5,21.,-24.5));
#4552=CARTESIAN_POINT('',(10.5,6.2,-24.5));
#4553=CARTESIAN_POINT('',(11.4,6.2,-6.1));
#4554=CARTESIAN_POINT('',(11.4,21.,-6.1));
#4555=CARTESIAN_POINT('',(11.4,6.2,-6.1));
#4556=CARTESIAN_POINT('',(11.4,6.2,-6.1));
#4557=CARTESIAN_POINT('',(10.5,6.2,-6.1));
#4558=CARTESIAN_POINT('',(10.5,6.2,-6.1));
#4559=CARTESIAN_POINT('',(10.5,21.,-6.1));
#4560=CARTESIAN_POINT('',(11.4,21.,-6.1));
#4561=CARTESIAN_POINT('',(11.4,6.2,-6.1));
#4562=CARTESIAN_POINT('',(11.4,6.2,-5.90000000000001));
#4563=CARTESIAN_POINT('',(11.4,21.,-5.9));
#4564=CARTESIAN_POINT('',(11.4,6.2,-5.9));
#4565=CARTESIAN_POINT('',(11.4,6.2,-5.90000000000001));
#4566=CARTESIAN_POINT('',(11.4,21.,-5.90000000000001));
#4567=CARTESIAN_POINT('',(11.4,6.2,-5.90000000000001));
#4568=CARTESIAN_POINT('',(71.6,6.2,-6.10000000000001));
#4569=CARTESIAN_POINT('',(71.6,21.,-6.10000000000001));
#4570=CARTESIAN_POINT('',(71.6,6.2,-6.10000000000001));
#4571=CARTESIAN_POINT('',(71.6,6.2,-6.10000000000001));
#4572=CARTESIAN_POINT('',(71.6,6.2,-5.90000000000001));
#4573=CARTESIAN_POINT('',(71.6,6.2,-5.90000000000001));
#4574=CARTESIAN_POINT('',(71.6,21.,-5.90000000000001));
#4575=CARTESIAN_POINT('',(71.6,21.,-6.10000000000001));
#4576=CARTESIAN_POINT('',(71.6,6.2,-6.10000000000001));
#4577=CARTESIAN_POINT('',(72.5,6.2,-6.10000000000001));
#4578=CARTESIAN_POINT('',(72.5,21.,-6.10000000000001));
#4579=CARTESIAN_POINT('',(72.5,6.2,-6.10000000000001));
#4580=CARTESIAN_POINT('',(72.5,6.2,-6.10000000000001));
#4581=CARTESIAN_POINT('',(72.5,21.,-6.10000000000001));
#4582=CARTESIAN_POINT('',(72.5,6.2,-6.10000000000001));
#4583=CARTESIAN_POINT('',(71.6,6.2,-24.5));
#4584=CARTESIAN_POINT('',(71.6,21.,-24.5));
#4585=CARTESIAN_POINT('',(71.6,6.2,-24.5));
#4586=CARTESIAN_POINT('',(71.6,6.2,-24.5));
#4587=CARTESIAN_POINT('',(72.5,6.2,-24.5));
#4588=CARTESIAN_POINT('',(72.5,6.2,-24.5));
#4589=CARTESIAN_POINT('',(72.5,21.,-24.5));
#4590=CARTESIAN_POINT('',(71.6,21.,-24.5));
#4591=CARTESIAN_POINT('',(71.6,6.2,-24.5));
#4592=CARTESIAN_POINT('',(72.5,6.2,-29.5));
#4593=CARTESIAN_POINT('',(72.5,21.,-29.5));
#4594=CARTESIAN_POINT('',(72.5,6.2,-29.5));
#4595=CARTESIAN_POINT('',(72.5,6.2,-29.5));
#4596=CARTESIAN_POINT('',(71.6,6.2,-29.5));
#4597=CARTESIAN_POINT('',(71.6,6.2,-29.5));
#4598=CARTESIAN_POINT('',(71.6,21.,-29.5));
#4599=CARTESIAN_POINT('',(72.5,21.,-29.5));
#4600=CARTESIAN_POINT('',(72.5,6.2,-29.5));
#4601=CARTESIAN_POINT('',(71.6,6.2,-49.5));
#4602=CARTESIAN_POINT('',(71.6,21.,-49.5));
#4603=CARTESIAN_POINT('',(71.6,6.2,-49.5));
#4604=CARTESIAN_POINT('',(71.6,6.2,-49.5));
#4605=CARTESIAN_POINT('',(72.5,6.2,-49.5));
#4606=CARTESIAN_POINT('',(72.5,6.2,-49.5));
#4607=CARTESIAN_POINT('',(72.5,21.,-49.5));
#4608=CARTESIAN_POINT('',(71.6,21.,-49.5));
#4609=CARTESIAN_POINT('',(71.6,6.2,-49.5));
#4610=CARTESIAN_POINT('',(72.5,6.2,-54.5));
#4611=CARTESIAN_POINT('',(72.5,21.,-54.5));
#4612=CARTESIAN_POINT('',(72.5,6.2,-54.5));
#4613=CARTESIAN_POINT('',(72.5,6.2,-54.5));
#4614=CARTESIAN_POINT('',(71.6,6.2,-54.5));
#4615=CARTESIAN_POINT('',(71.6,6.2,-54.5));
#4616=CARTESIAN_POINT('',(71.6,21.,-54.5));
#4617=CARTESIAN_POINT('',(72.5,21.,-54.5));
#4618=CARTESIAN_POINT('',(72.5,6.2,-54.5));
#4619=CARTESIAN_POINT('',(71.6,6.2,-74.));
#4620=CARTESIAN_POINT('',(71.6,21.,-74.));
#4621=CARTESIAN_POINT('',(71.6,6.2,-74.));
#4622=CARTESIAN_POINT('',(71.6,6.2,-74.));
#4623=CARTESIAN_POINT('',(72.5,6.2,-74.));
#4624=CARTESIAN_POINT('',(72.5,6.2,-74.));
#4625=CARTESIAN_POINT('',(72.5,21.,-74.));
#4626=CARTESIAN_POINT('',(71.6,21.,-74.));
#4627=CARTESIAN_POINT('',(71.6,6.2,-74.));
#4628=CARTESIAN_POINT('',(71.6,6.2,-75.));
#4629=CARTESIAN_POINT('',(71.6,21.,-75.));
#4630=CARTESIAN_POINT('',(71.6,6.2,-75.));
#4631=CARTESIAN_POINT('',(71.6,6.2,-75.));
#4632=CARTESIAN_POINT('',(71.6,21.,-75.));
#4633=CARTESIAN_POINT('',(71.6,6.2,-75.));
#4634=CARTESIAN_POINT('',(11.4,6.2,-74.));
#4635=CARTESIAN_POINT('',(11.4,6.2,-75.));
#4636=CARTESIAN_POINT('',(11.4,6.2,-75.));
#4637=CARTESIAN_POINT('',(11.4,21.,-75.));
#4638=CARTESIAN_POINT('',(11.4,21.,-74.));
#4639=CARTESIAN_POINT('',(11.4,6.2,-74.));
#4640=CARTESIAN_POINT('',(15.9,21.,-8.89999999999999));
#4641=CARTESIAN_POINT('',(15.9,6.2,-8.89999999999999));
#4642=CARTESIAN_POINT('',(15.9,0.,-8.89999999999999));
#4643=CARTESIAN_POINT('',(15.9,6.2,-7.89999999999999));
#4644=CARTESIAN_POINT('',(15.9,6.2,-7.89999999999999));
#4645=CARTESIAN_POINT('',(15.9,21.,-7.89999999999999));
#4646=CARTESIAN_POINT('',(15.9,0.,-7.89999999999999));
#4647=CARTESIAN_POINT('',(15.9,0.,-9.99999999999998));
#4648=CARTESIAN_POINT('',(15.9,21.,-7.89999999999999));
#4649=CARTESIAN_POINT('',(15.4,21.,-8.89999999999999));
#4650=CARTESIAN_POINT('',(15.4,0.,-8.89999999999999));
#4651=CARTESIAN_POINT('',(15.4,6.2,-8.89999999999999));
#4652=CARTESIAN_POINT('',(15.9,6.2,-8.89999999999999));
#4653=CARTESIAN_POINT('',(4.,0.,-8.89999999999999));
#4654=CARTESIAN_POINT('',(15.9,21.,-8.89999999999999));
#4655=CARTESIAN_POINT('',(15.9,21.,-37.));
#4656=CARTESIAN_POINT('',(15.9,6.2,-37.));
#4657=CARTESIAN_POINT('',(15.9,0.,-37.));
#4658=CARTESIAN_POINT('',(15.4,6.2,-37.));
#4659=CARTESIAN_POINT('',(15.4,6.2,-37.));
#4660=CARTESIAN_POINT('',(15.4,21.,-37.));
#4661=CARTESIAN_POINT('',(15.4,0.,-37.));
#4662=CARTESIAN_POINT('',(4.,0.,-37.));
#4663=CARTESIAN_POINT('',(15.4,21.,-37.));
#4664=CARTESIAN_POINT('',(15.4,21.,-42.));
#4665=CARTESIAN_POINT('',(15.4,0.,-42.));
#4666=CARTESIAN_POINT('',(15.4,6.2,-42.));
#4667=CARTESIAN_POINT('',(15.9,6.2,-42.));
#4668=CARTESIAN_POINT('',(15.9,6.2,-42.));
#4669=CARTESIAN_POINT('',(15.9,21.,-42.));
#4670=CARTESIAN_POINT('',(15.9,0.,-42.));
#4671=CARTESIAN_POINT('',(4.,0.,-42.));
#4672=CARTESIAN_POINT('',(15.9,21.,-42.));
#4673=CARTESIAN_POINT('',(15.9,21.,-70.1));
#4674=CARTESIAN_POINT('',(15.9,6.2,-70.1));
#4675=CARTESIAN_POINT('',(15.9,0.,-70.1));
#4676=CARTESIAN_POINT('',(15.4,6.2,-70.1));
#4677=CARTESIAN_POINT('',(15.4,6.2,-70.1));
#4678=CARTESIAN_POINT('',(15.4,21.,-70.1));
#4679=CARTESIAN_POINT('',(15.4,0.,-70.1));
#4680=CARTESIAN_POINT('',(4.,0.,-70.1));
#4681=CARTESIAN_POINT('',(15.4,21.,-70.1));
#4682=CARTESIAN_POINT('',(15.9,21.,-71.1));
#4683=CARTESIAN_POINT('',(15.9,0.,-71.1));
#4684=CARTESIAN_POINT('',(15.9,6.20000000000001,-71.1));
#4685=CARTESIAN_POINT('',(15.9,6.20000000000001,-70.1));
#4686=CARTESIAN_POINT('',(15.9,0.,-9.99999999999998));
#4687=CARTESIAN_POINT('',(15.9,21.,-70.1));
#4688=CARTESIAN_POINT('',(67.1,21.,-70.1));
#4689=CARTESIAN_POINT('',(67.1,6.2,-70.1));
#4690=CARTESIAN_POINT('',(67.1,0.,-70.1));
#4691=CARTESIAN_POINT('',(67.1,6.2,-71.1));
#4692=CARTESIAN_POINT('',(67.1,6.2,-71.1));
#4693=CARTESIAN_POINT('',(67.1,21.,-71.1));
#4694=CARTESIAN_POINT('',(67.1,0.,-71.1));
#4695=CARTESIAN_POINT('',(67.1,0.,-9.99999999999998));
#4696=CARTESIAN_POINT('',(67.1,21.,-71.1));
#4697=CARTESIAN_POINT('',(67.6,21.,-70.1));
#4698=CARTESIAN_POINT('',(67.6,0.,-70.1));
#4699=CARTESIAN_POINT('',(67.6,6.2,-70.1));
#4700=CARTESIAN_POINT('',(67.1,6.2,-70.1));
#4701=CARTESIAN_POINT('',(4.,0.,-70.1));
#4702=CARTESIAN_POINT('',(67.1,21.,-70.1));
#4703=CARTESIAN_POINT('',(67.1,21.,-42.));
#4704=CARTESIAN_POINT('',(67.1,6.2,-42.));
#4705=CARTESIAN_POINT('',(67.1,0.,-42.));
#4706=CARTESIAN_POINT('',(67.6,6.2,-42.));
#4707=CARTESIAN_POINT('',(67.6,6.2,-42.));
#4708=CARTESIAN_POINT('',(67.6,21.,-42.));
#4709=CARTESIAN_POINT('',(67.6,0.,-42.));
#4710=CARTESIAN_POINT('',(4.,0.,-42.));
#4711=CARTESIAN_POINT('',(67.6,21.,-42.));
#4712=CARTESIAN_POINT('',(67.6,21.,-37.));
#4713=CARTESIAN_POINT('',(67.6,0.,-37.));
#4714=CARTESIAN_POINT('',(67.6,6.2,-37.));
#4715=CARTESIAN_POINT('',(67.1,6.2,-37.));
#4716=CARTESIAN_POINT('',(67.1,6.2,-37.));
#4717=CARTESIAN_POINT('',(67.1,21.,-37.));
#4718=CARTESIAN_POINT('',(67.1,0.,-37.));
#4719=CARTESIAN_POINT('',(4.,0.,-37.));
#4720=CARTESIAN_POINT('',(67.1,21.,-37.));
#4721=CARTESIAN_POINT('',(67.1,21.,-8.9));
#4722=CARTESIAN_POINT('',(67.1,6.2,-8.9));
#4723=CARTESIAN_POINT('',(67.1,0.,-8.9));
#4724=CARTESIAN_POINT('',(67.6,6.2,-8.9));
#4725=CARTESIAN_POINT('',(67.6,6.2,-8.9));
#4726=CARTESIAN_POINT('',(67.6,21.,-8.9));
#4727=CARTESIAN_POINT('',(67.6,0.,-8.9));
#4728=CARTESIAN_POINT('',(4.,0.,-8.89999999999978));
#4729=CARTESIAN_POINT('',(67.6,21.,-8.9));
#4730=CARTESIAN_POINT('',(67.1,21.,-7.9));
#4731=CARTESIAN_POINT('',(67.1,0.,-7.9));
#4732=CARTESIAN_POINT('',(67.1,6.2,-7.9));
#4733=CARTESIAN_POINT('',(67.1,6.2,-8.9));
#4734=CARTESIAN_POINT('',(67.1,0.,-9.99999999999998));
#4735=CARTESIAN_POINT('',(67.1,21.,-8.9));
#4736=CARTESIAN_POINT('',(9.3,21.,-3.18899999999999));
#4737=CARTESIAN_POINT('',(9.3,21.,-3.18899999999999));
#4738=CARTESIAN_POINT('',(9.3,8.44498766741708,-3.18899999996347));
#4739=CARTESIAN_POINT('',(9.3,8.44498766741708,-2.3));
#4740=CARTESIAN_POINT('',(9.3,8.44498766741708,-1.41100000003653));
#4741=CARTESIAN_POINT('',(9.3,21.,-1.41100000000001));
#4742=CARTESIAN_POINT('',(9.3,21.,-1.41100000000001));
#4743=CARTESIAN_POINT('',(9.3,21.,-2.3));
#4744=CARTESIAN_POINT('',(9.3,21.,-2.3));
#4745=CARTESIAN_POINT('',(9.3,21.,-77.589));
#4746=CARTESIAN_POINT('',(9.3,21.,-77.589));
#4747=CARTESIAN_POINT('',(9.3,8.44498766741708,-77.588999999989));
#4748=CARTESIAN_POINT('',(9.3,8.44498766741708,-76.7));
#4749=CARTESIAN_POINT('',(9.3,8.44498766741708,-75.811000000011));
#4750=CARTESIAN_POINT('',(9.3,21.,-75.811));
#4751=CARTESIAN_POINT('',(9.3,21.,-75.811));
#4752=CARTESIAN_POINT('',(9.3,21.,-76.7));
#4753=CARTESIAN_POINT('',(9.3,21.,-76.7));
#4754=CARTESIAN_POINT('',(73.7,21.,-77.589));
#4755=CARTESIAN_POINT('',(73.7,21.,-77.589));
#4756=CARTESIAN_POINT('',(73.7,8.44498766741708,-77.5890000000459));
#4757=CARTESIAN_POINT('',(73.7,8.44498766741708,-76.7));
#4758=CARTESIAN_POINT('',(73.7,8.44498766741708,-75.8109999999541));
#4759=CARTESIAN_POINT('',(73.7,21.,-75.811));
#4760=CARTESIAN_POINT('',(73.7,21.,-75.811));
#4761=CARTESIAN_POINT('',(73.7,21.,-76.7));
#4762=CARTESIAN_POINT('',(73.7,21.,-76.7));
#4763=CARTESIAN_POINT('',(73.7,21.,-3.18899999999999));
#4764=CARTESIAN_POINT('',(73.7,21.,-3.18899999999999));
#4765=CARTESIAN_POINT('',(73.7,8.44498766741708,-3.18899999996347));
#4766=CARTESIAN_POINT('',(73.7,8.44498766741708,-2.3));
#4767=CARTESIAN_POINT('',(73.7,8.44498766741708,-1.41100000003653));
#4768=CARTESIAN_POINT('',(73.7,21.,-1.41100000000001));
#4769=CARTESIAN_POINT('',(73.7,21.,-1.41100000000001));
#4770=CARTESIAN_POINT('',(73.7,21.,-2.3));
#4771=CARTESIAN_POINT('',(73.7,21.,-2.3));
#4772=CARTESIAN_POINT('',(8.5,6.2,-72.));
#4773=CARTESIAN_POINT('',(8.5,21.,-72.));
#4774=CARTESIAN_POINT('',(8.5,6.2,-72.));
#4775=CARTESIAN_POINT('',(10.5,6.2,-72.));
#4776=CARTESIAN_POINT('',(10.5,21.,-72.));
#4777=CARTESIAN_POINT('',(10.5,6.2,-72.));
#4778=CARTESIAN_POINT('',(8.5,6.2,-56.5));
#4779=CARTESIAN_POINT('',(8.5,21.,-56.5));
#4780=CARTESIAN_POINT('',(8.5,6.2,-56.5));
#4781=CARTESIAN_POINT('',(8.5,6.2,-75.));
#4782=CARTESIAN_POINT('',(8.5,21.,-9.99999999999998));
#4783=CARTESIAN_POINT('',(8.5,6.2,-56.5));
#4784=CARTESIAN_POINT('',(10.5,6.2,-56.5));
#4785=CARTESIAN_POINT('',(10.5,21.,-56.5));
#4786=CARTESIAN_POINT('',(10.5,6.2,-56.5));
#4787=CARTESIAN_POINT('',(11.4,6.2,-75.));
#4788=CARTESIAN_POINT('',(11.4,21.,-9.99999999999998));
#4789=CARTESIAN_POINT('',(11.4,6.2,-49.5));
#4790=CARTESIAN_POINT('',(8.5,6.2,-47.5));
#4791=CARTESIAN_POINT('',(8.5,21.,-47.5));
#4792=CARTESIAN_POINT('',(8.5,6.2,-47.5));
#4793=CARTESIAN_POINT('',(10.5,6.2,-47.5));
#4794=CARTESIAN_POINT('',(10.5,21.,-47.5));
#4795=CARTESIAN_POINT('',(10.5,6.2,-47.5));
#4796=CARTESIAN_POINT('',(8.5,6.2,-31.5));
#4797=CARTESIAN_POINT('',(8.5,21.,-31.5));
#4798=CARTESIAN_POINT('',(8.5,6.2,-31.5));
#4799=CARTESIAN_POINT('',(8.5,6.2,-75.));
#4800=CARTESIAN_POINT('',(8.5,21.,-9.99999999999998));
#4801=CARTESIAN_POINT('',(8.5,6.2,-31.5));
#4802=CARTESIAN_POINT('',(10.5,6.2,-31.5));
#4803=CARTESIAN_POINT('',(10.5,21.,-31.5));
#4804=CARTESIAN_POINT('',(10.5,6.2,-31.5));
#4805=CARTESIAN_POINT('',(11.4,6.2,-75.));
#4806=CARTESIAN_POINT('',(11.4,21.,-9.99999999999998));
#4807=CARTESIAN_POINT('',(11.4,6.2,-24.5));
#4808=CARTESIAN_POINT('',(8.5,6.2,-22.5));
#4809=CARTESIAN_POINT('',(8.5,21.,-22.5));
#4810=CARTESIAN_POINT('',(8.5,6.2,-22.5));
#4811=CARTESIAN_POINT('',(10.5,6.2,-22.5));
#4812=CARTESIAN_POINT('',(10.5,21.,-22.5));
#4813=CARTESIAN_POINT('',(10.5,6.2,-22.5));
#4814=CARTESIAN_POINT('',(8.5,6.2,-8.10000000000001));
#4815=CARTESIAN_POINT('',(8.5,21.,-8.10000000000001));
#4816=CARTESIAN_POINT('',(8.5,6.2,-8.10000000000001));
#4817=CARTESIAN_POINT('',(8.5,6.2,-75.));
#4818=CARTESIAN_POINT('',(8.5,21.,-9.99999999999998));
#4819=CARTESIAN_POINT('',(8.5,6.2,-8.10000000000001));
#4820=CARTESIAN_POINT('',(10.5,6.2,-8.1));
#4821=CARTESIAN_POINT('',(10.5,21.,-8.1));
#4822=CARTESIAN_POINT('',(10.5,6.2,-8.1));
#4823=CARTESIAN_POINT('',(13.4,6.2,-3.89999999999999));
#4824=CARTESIAN_POINT('',(13.4,21.,-3.89999999999999));
#4825=CARTESIAN_POINT('',(13.4,6.2,-3.89999999999999));
#4826=CARTESIAN_POINT('',(13.4,6.2,-5.89999999999999));
#4827=CARTESIAN_POINT('',(13.4,21.,-5.89999999999999));
#4828=CARTESIAN_POINT('',(13.4,6.2,-5.89999999999999));
#4829=CARTESIAN_POINT('',(69.6,6.2,-5.9));
#4830=CARTESIAN_POINT('',(69.6,6.2,-3.89999999999999));
#4831=CARTESIAN_POINT('',(69.6,6.2,-3.9));
#4832=CARTESIAN_POINT('',(69.6,21.,-3.9));
#4833=CARTESIAN_POINT('',(69.6,21.,-5.9));
#4834=CARTESIAN_POINT('',(69.6,6.2,-5.9));
#4835=CARTESIAN_POINT('',(74.5,6.2,-8.10000000000002));
#4836=CARTESIAN_POINT('',(74.5,21.,-8.10000000000001));
#4837=CARTESIAN_POINT('',(74.5,6.2,-8.10000000000001));
#4838=CARTESIAN_POINT('',(72.5,6.2,-8.10000000000001));
#4839=CARTESIAN_POINT('',(72.5,21.,-8.10000000000001));
#4840=CARTESIAN_POINT('',(72.5,6.2,-8.10000000000001));
#4841=CARTESIAN_POINT('',(74.5,6.2,-22.5));
#4842=CARTESIAN_POINT('',(74.5,21.,-22.5));
#4843=CARTESIAN_POINT('',(74.5,6.2,-22.5));
#4844=CARTESIAN_POINT('',(74.5,6.2,-75.));
#4845=CARTESIAN_POINT('',(74.5,21.,-9.99999999999998));
#4846=CARTESIAN_POINT('',(74.5,6.2,-22.5));
#4847=CARTESIAN_POINT('',(72.5,6.2,-22.5));
#4848=CARTESIAN_POINT('',(72.5,21.,-22.5));
#4849=CARTESIAN_POINT('',(72.5,6.2,-22.5));
#4850=CARTESIAN_POINT('',(71.6,6.2,-75.));
#4851=CARTESIAN_POINT('',(71.6,21.,-9.99999999999998));
#4852=CARTESIAN_POINT('',(71.6,6.2,-29.5));
#4853=CARTESIAN_POINT('',(74.5,6.2,-31.5));
#4854=CARTESIAN_POINT('',(74.5,21.,-31.5));
#4855=CARTESIAN_POINT('',(74.5,6.2,-31.5));
#4856=CARTESIAN_POINT('',(72.5,6.2,-31.5));
#4857=CARTESIAN_POINT('',(72.5,21.,-31.5));
#4858=CARTESIAN_POINT('',(72.5,6.2,-31.5));
#4859=CARTESIAN_POINT('',(74.5,6.2,-47.5));
#4860=CARTESIAN_POINT('',(74.5,21.,-47.5));
#4861=CARTESIAN_POINT('',(74.5,6.2,-47.5));
#4862=CARTESIAN_POINT('',(74.5,6.2,-75.));
#4863=CARTESIAN_POINT('',(74.5,21.,-9.99999999999998));
#4864=CARTESIAN_POINT('',(74.5,6.2,-47.5));
#4865=CARTESIAN_POINT('',(72.5,6.2,-47.5));
#4866=CARTESIAN_POINT('',(72.5,21.,-47.5));
#4867=CARTESIAN_POINT('',(72.5,6.2,-47.5));
#4868=CARTESIAN_POINT('',(71.6,6.2,-75.));
#4869=CARTESIAN_POINT('',(71.6,21.,-9.99999999999998));
#4870=CARTESIAN_POINT('',(71.6,6.2,-54.5));
#4871=CARTESIAN_POINT('',(74.5,6.2,-56.5));
#4872=CARTESIAN_POINT('',(74.5,21.,-56.5));
#4873=CARTESIAN_POINT('',(74.5,6.2,-56.5));
#4874=CARTESIAN_POINT('',(72.5,6.2,-56.5));
#4875=CARTESIAN_POINT('',(72.5,21.,-56.5));
#4876=CARTESIAN_POINT('',(72.5,6.2,-56.5));
#4877=CARTESIAN_POINT('',(74.5,6.2,-72.));
#4878=CARTESIAN_POINT('',(74.5,21.,-72.));
#4879=CARTESIAN_POINT('',(74.5,6.2,-72.));
#4880=CARTESIAN_POINT('',(74.5,6.2,-75.));
#4881=CARTESIAN_POINT('',(74.5,21.,-9.99999999999998));
#4882=CARTESIAN_POINT('',(74.5,6.2,-72.));
#4883=CARTESIAN_POINT('',(72.5,6.2,-72.));
#4884=CARTESIAN_POINT('',(72.5,21.,-72.));
#4885=CARTESIAN_POINT('',(72.5,6.2,-72.));
#4886=CARTESIAN_POINT('',(69.6,6.2,-77.));
#4887=CARTESIAN_POINT('',(69.6,21.,-77.));
#4888=CARTESIAN_POINT('',(69.6,6.2,-77.));
#4889=CARTESIAN_POINT('',(69.6,6.2,-75.));
#4890=CARTESIAN_POINT('',(69.6,21.,-75.));
#4891=CARTESIAN_POINT('',(69.6,6.2,-75.));
#4892=CARTESIAN_POINT('',(46.,6.2,-77.));
#4893=CARTESIAN_POINT('',(46.,21.,-77.));
#4894=CARTESIAN_POINT('',(46.,6.2,-77.));
#4895=CARTESIAN_POINT('',(13.4,6.2,-77.));
#4896=CARTESIAN_POINT('',(4.,21.,-77.));
#4897=CARTESIAN_POINT('',(46.,6.2,-77.));
#4898=CARTESIAN_POINT('',(44.0025015644562,6.2,-75.1));
#4899=CARTESIAN_POINT('',(44.0025015644562,21.,-75.1));
#4900=CARTESIAN_POINT('',(44.0025015644562,6.2,-75.1));
#4901=CARTESIAN_POINT('',(46.,6.2,-75.));
#4902=CARTESIAN_POINT('',(46.,21.,-75.));
#4903=CARTESIAN_POINT('',(46.,6.2,-75.));
#4904=CARTESIAN_POINT('',(38.9974984355438,6.2,-75.1));
#4905=CARTESIAN_POINT('',(38.9974984355438,21.,-75.1));
#4906=CARTESIAN_POINT('',(38.9974984355438,6.2,-75.1));
#4907=CARTESIAN_POINT('',(13.4,6.2,-75.1));
#4908=CARTESIAN_POINT('',(4.,21.,-75.1));
#4909=CARTESIAN_POINT('',(38.9974984355438,6.2,-75.1));
#4910=CARTESIAN_POINT('',(37.,6.2,-77.));
#4911=CARTESIAN_POINT('',(37.,21.,-77.));
#4912=CARTESIAN_POINT('',(37.,6.2,-77.));
#4913=CARTESIAN_POINT('',(37.,6.2,-75.));
#4914=CARTESIAN_POINT('',(37.,21.,-75.));
#4915=CARTESIAN_POINT('',(37.,6.2,-75.));
#4916=CARTESIAN_POINT('',(13.4,6.2,-77.));
#4917=CARTESIAN_POINT('',(13.4,21.,-77.));
#4918=CARTESIAN_POINT('',(13.4,6.2,-77.));
#4919=CARTESIAN_POINT('',(13.4,6.2,-77.));
#4920=CARTESIAN_POINT('',(4.,21.,-77.));
#4921=CARTESIAN_POINT('',(13.4,6.2,-77.));
#4922=CARTESIAN_POINT('',(13.4,6.2,-75.));
#4923=CARTESIAN_POINT('',(13.4,21.,-75.));
#4924=CARTESIAN_POINT('',(13.4,6.2,-75.));
#4925=CARTESIAN_POINT('',(25.5,6.2,-3.89999999999999));
#4926=CARTESIAN_POINT('',(25.5,7.7,-3.89999999999999));
#4927=CARTESIAN_POINT('',(25.5,21.,-3.89999999999999));
#4928=CARTESIAN_POINT('',(25.5,21.,-9.99999999999998));
#4929=CARTESIAN_POINT('',(25.5,21.,0.));
#4930=CARTESIAN_POINT('',(25.5,21.,0.));
#4931=CARTESIAN_POINT('',(25.5,7.7,0.));
#4932=CARTESIAN_POINT('',(25.5,7.7,-9.99999999999998));
#4933=CARTESIAN_POINT('',(25.5,-32.2367802362457,-3.89999999999999));
#4934=CARTESIAN_POINT('',(57.5,21.,0.));
#4935=CARTESIAN_POINT('',(57.5,7.69999999999999,-1.19262238973405E-15));
#4936=CARTESIAN_POINT('',(57.5,21.,-2.38524477946811E-15));
#4937=CARTESIAN_POINT('',(57.5,21.,-9.99999999999998));
#4938=CARTESIAN_POINT('',(57.5,21.,-3.9));
#4939=CARTESIAN_POINT('',(57.5,6.2,-3.9));
#4940=CARTESIAN_POINT('',(57.5,7.7,-3.9));
#4941=CARTESIAN_POINT('',(57.5,7.7,-9.99999999999998));
#4942=CARTESIAN_POINT('',(57.5,-32.2367802362457,-3.9));
#4943=CARTESIAN_POINT('',(4.,7.7,-3.9));
#4944=CARTESIAN_POINT('',(4.,21.,-3.9));
#4945=CARTESIAN_POINT('',(13.4,6.2,-3.89999999999999));
#4946=CARTESIAN_POINT('',(4.,21.,-3.9));
#4947=CARTESIAN_POINT('',(69.6,6.2,-3.9));
#4948=CARTESIAN_POINT('',(17.9,21.,-5.89999999999999));
#4949=CARTESIAN_POINT('',(17.9,0.,-5.9));
#4950=CARTESIAN_POINT('',(17.9,6.2,-5.9));
#4951=CARTESIAN_POINT('',(17.9,0.,-7.89999999999999));
#4952=CARTESIAN_POINT('',(17.9,6.2,-7.89999999999999));
#4953=CARTESIAN_POINT('',(17.9,21.,-7.89999999999999));
#4954=CARTESIAN_POINT('',(15.4,0.,-10.9));
#4955=CARTESIAN_POINT('',(13.4,0.,-10.9));
#4956=CARTESIAN_POINT('',(13.4,21.,-10.9));
#4957=CARTESIAN_POINT('',(13.4,6.2,-10.9));
#4958=CARTESIAN_POINT('',(15.4,6.2,-10.9));
#4959=CARTESIAN_POINT('',(15.4,21.,-10.9));
#4960=CARTESIAN_POINT('',(13.4,21.,-35.));
#4961=CARTESIAN_POINT('',(13.4,0.,-35.));
#4962=CARTESIAN_POINT('',(13.4,6.2,-35.));
#4963=CARTESIAN_POINT('',(13.4,6.2,-75.));
#4964=CARTESIAN_POINT('',(13.4,0.,-9.99999999999998));
#4965=CARTESIAN_POINT('',(13.4,21.,-10.9));
#4966=CARTESIAN_POINT('',(15.4,0.,-35.));
#4967=CARTESIAN_POINT('',(15.4,6.2,-35.));
#4968=CARTESIAN_POINT('',(15.4,21.,-35.));
#4969=CARTESIAN_POINT('',(15.9,6.2,-75.));
#4970=CARTESIAN_POINT('',(15.9,0.,-9.99999999999998));
#4971=CARTESIAN_POINT('',(15.9,21.,-37.));
#4972=CARTESIAN_POINT('',(15.4,0.,-44.));
#4973=CARTESIAN_POINT('',(13.4,0.,-44.));
#4974=CARTESIAN_POINT('',(13.4,21.,-44.));
#4975=CARTESIAN_POINT('',(13.4,6.2,-44.));
#4976=CARTESIAN_POINT('',(15.4,6.2,-44.));
#4977=CARTESIAN_POINT('',(15.4,21.,-44.));
#4978=CARTESIAN_POINT('',(13.4,21.,-68.1));
#4979=CARTESIAN_POINT('',(13.4,0.,-68.1));
#4980=CARTESIAN_POINT('',(13.4,6.2,-68.1));
#4981=CARTESIAN_POINT('',(13.4,6.2,-75.));
#4982=CARTESIAN_POINT('',(13.4,0.,-9.99999999999998));
#4983=CARTESIAN_POINT('',(13.4,21.,-44.));
#4984=CARTESIAN_POINT('',(15.4,0.,-68.1));
#4985=CARTESIAN_POINT('',(15.4,6.2,-68.1));
#4986=CARTESIAN_POINT('',(15.4,21.,-68.1));
#4987=CARTESIAN_POINT('',(17.9,0.,-71.1));
#4988=CARTESIAN_POINT('',(17.9,0.,-73.1));
#4989=CARTESIAN_POINT('',(17.9,21.,-73.1));
#4990=CARTESIAN_POINT('',(17.9,6.2,-73.1));
#4991=CARTESIAN_POINT('',(17.9,6.20000000000001,-71.1));
#4992=CARTESIAN_POINT('',(17.9,21.,-71.1));
#4993=CARTESIAN_POINT('',(65.1,21.,-73.1));
#4994=CARTESIAN_POINT('',(65.1,0.,-73.1));
#4995=CARTESIAN_POINT('',(65.1,6.2,-73.1));
#4996=CARTESIAN_POINT('',(13.4,6.2,-73.1));
#4997=CARTESIAN_POINT('',(4.,0.,-73.1));
#4998=CARTESIAN_POINT('',(17.9,21.,-73.1));
#4999=CARTESIAN_POINT('',(65.1,0.,-71.1));
#5000=CARTESIAN_POINT('',(65.1,6.2,-71.1));
#5001=CARTESIAN_POINT('',(65.1,21.,-71.1));
#5002=CARTESIAN_POINT('',(67.6,0.,-68.1));
#5003=CARTESIAN_POINT('',(69.6,0.,-68.1));
#5004=CARTESIAN_POINT('',(69.6,21.,-68.1));
#5005=CARTESIAN_POINT('',(69.6,6.2,-68.1));
#5006=CARTESIAN_POINT('',(67.6,6.2,-68.1));
#5007=CARTESIAN_POINT('',(67.6,21.,-68.1));
#5008=CARTESIAN_POINT('',(69.6,21.,-44.));
#5009=CARTESIAN_POINT('',(69.6,0.,-44.));
#5010=CARTESIAN_POINT('',(69.6,6.2,-44.));
#5011=CARTESIAN_POINT('',(69.6,6.2,-75.));
#5012=CARTESIAN_POINT('',(69.6,0.,-9.99999999999998));
#5013=CARTESIAN_POINT('',(69.6,21.,-68.1));
#5014=CARTESIAN_POINT('',(67.6,0.,-44.));
#5015=CARTESIAN_POINT('',(67.6,6.2,-44.));
#5016=CARTESIAN_POINT('',(67.6,21.,-44.));
#5017=CARTESIAN_POINT('',(67.1,6.2,-75.));
#5018=CARTESIAN_POINT('',(67.1,0.,-9.99999999999998));
#5019=CARTESIAN_POINT('',(67.1,21.,-42.));
#5020=CARTESIAN_POINT('',(67.6,0.,-35.));
#5021=CARTESIAN_POINT('',(69.6,0.,-35.));
#5022=CARTESIAN_POINT('',(69.6,21.,-35.));
#5023=CARTESIAN_POINT('',(69.6,6.2,-35.));
#5024=CARTESIAN_POINT('',(67.6,6.2,-35.));
#5025=CARTESIAN_POINT('',(67.6,21.,-35.));
#5026=CARTESIAN_POINT('',(69.6,21.,-10.9));
#5027=CARTESIAN_POINT('',(69.6,0.,-10.9));
#5028=CARTESIAN_POINT('',(69.6,6.2,-10.9));
#5029=CARTESIAN_POINT('',(69.6,6.2,-75.));
#5030=CARTESIAN_POINT('',(69.6,0.,-9.99999999999998));
#5031=CARTESIAN_POINT('',(69.6,21.,-35.));
#5032=CARTESIAN_POINT('',(67.6,0.,-10.9));
#5033=CARTESIAN_POINT('',(67.6,6.2,-10.9));
#5034=CARTESIAN_POINT('',(67.6,21.,-10.9));
#5035=CARTESIAN_POINT('',(65.1,0.,-7.9));
#5036=CARTESIAN_POINT('',(65.1,0.,-5.9));
#5037=CARTESIAN_POINT('',(65.1,21.,-5.9));
#5038=CARTESIAN_POINT('',(65.1,6.2,-5.9));
#5039=CARTESIAN_POINT('',(65.1,6.2,-7.9));
#5040=CARTESIAN_POINT('',(65.1,21.,-7.9));
#5041=CARTESIAN_POINT('',(13.4,6.2,-5.9));
#5042=CARTESIAN_POINT('',(4.,0.,-5.89999999999999));
#5043=CARTESIAN_POINT('',(65.1,21.,-5.9));
#5044=CARTESIAN_POINT('',(9.3,8.29999999996289,-1.16969999995226));
#5045=CARTESIAN_POINT('',(9.3,8.3,-1.16970000001402));
#5046=CARTESIAN_POINT('',(9.3,8.29999999996289,-3.43030000004774));
#5047=CARTESIAN_POINT('',(9.3,8.3,-3.43029999998598));
#5048=CARTESIAN_POINT('',(9.3,8.3,-2.3));
#5049=CARTESIAN_POINT('',(9.3,8.29999999996289,-2.3));
#5050=CARTESIAN_POINT('',(9.3,8.30000000001974,-75.5696999999836));
#5051=CARTESIAN_POINT('',(9.3,8.3,-75.5696999999507));
#5052=CARTESIAN_POINT('',(9.3,8.30000000001974,-77.8303000000165));
#5053=CARTESIAN_POINT('',(9.3,8.3,-77.8303000000493));
#5054=CARTESIAN_POINT('',(9.3,8.3,-76.7));
#5055=CARTESIAN_POINT('',(9.3,8.30000000001974,-76.7));
#5056=CARTESIAN_POINT('',(73.7,8.30000000001974,-75.5696999998699));
#5057=CARTESIAN_POINT('',(73.7,8.3,-75.569699999837));
#5058=CARTESIAN_POINT('',(73.7,8.30000000001974,-77.8303000001301));
#5059=CARTESIAN_POINT('',(73.7,8.3,-77.830300000163));
#5060=CARTESIAN_POINT('',(73.7,8.3,-76.7));
#5061=CARTESIAN_POINT('',(73.7,8.30000000001974,-76.7));
#5062=CARTESIAN_POINT('',(73.7,8.30000000001974,-1.16969999995226));
#5063=CARTESIAN_POINT('',(73.7,8.3,-1.16969999991942));
#5064=CARTESIAN_POINT('',(73.7,8.30000000001974,-3.43030000004774));
#5065=CARTESIAN_POINT('',(73.7,8.3,-3.43030000008058));
#5066=CARTESIAN_POINT('',(73.7,8.3,-2.3));
#5067=CARTESIAN_POINT('',(73.7,8.30000000001974,-2.3));
#5068=CARTESIAN_POINT('',(9.3,21.,-2.3));
#5069=CARTESIAN_POINT('',(9.3,21.,-27.));
#5070=CARTESIAN_POINT('',(9.3,21.,-26.111));
#5071=CARTESIAN_POINT('',(9.3,21.,-27.889));
#5072=CARTESIAN_POINT('',(9.3,21.,-27.));
#5073=CARTESIAN_POINT('',(9.3,21.,-52.));
#5074=CARTESIAN_POINT('',(9.3,21.,-51.111));
#5075=CARTESIAN_POINT('',(9.3,21.,-52.889));
#5076=CARTESIAN_POINT('',(9.3,21.,-52.));
#5077=CARTESIAN_POINT('',(9.3,21.,-76.7));
#5078=CARTESIAN_POINT('',(41.5,21.,-76.7));
#5079=CARTESIAN_POINT('',(41.5,21.,-75.811));
#5080=CARTESIAN_POINT('',(41.5,21.,-77.589));
#5081=CARTESIAN_POINT('',(41.5,21.,-76.7));
#5082=CARTESIAN_POINT('',(73.7,21.,-76.7));
#5083=CARTESIAN_POINT('',(73.7,21.,-52.));
#5084=CARTESIAN_POINT('',(73.7,21.,-51.111));
#5085=CARTESIAN_POINT('',(73.7,21.,-52.889));
#5086=CARTESIAN_POINT('',(73.7,21.,-52.));
#5087=CARTESIAN_POINT('',(73.7,21.,-27.));
#5088=CARTESIAN_POINT('',(73.7,21.,-26.111));
#5089=CARTESIAN_POINT('',(73.7,21.,-27.889));
#5090=CARTESIAN_POINT('',(73.7,21.,-27.));
#5091=CARTESIAN_POINT('',(73.7,21.,-2.3));
#5092=CARTESIAN_POINT('',(7.,21.,-9.99999999999998));
#5093=CARTESIAN_POINT('',(7.,21.,-79.));
#5094=CARTESIAN_POINT('',(7.,21.,0.));
#5095=CARTESIAN_POINT('',(4.,21.,0.));
#5096=CARTESIAN_POINT('',(4.,21.,-3.46944695195361E-15));
#5097=CARTESIAN_POINT('',(76.,21.,-8.67361737988404E-16));
#5098=CARTESIAN_POINT('',(76.,21.,-9.99999999999998));
#5099=CARTESIAN_POINT('',(76.,21.,-79.));
#5100=CARTESIAN_POINT('',(4.,21.,-79.));
#5101=CARTESIAN_POINT('',(4.,21.,-9.99999999999998));
#5102=CARTESIAN_POINT('',(13.7,6.2,-39.5));
#5103=CARTESIAN_POINT('',(13.7,6.2,-38.611));
#5104=CARTESIAN_POINT('',(13.7,6.2,-40.389));
#5105=CARTESIAN_POINT('',(13.7,6.2,-39.5));
#5106=CARTESIAN_POINT('',(13.7,6.2,-72.3));
#5107=CARTESIAN_POINT('',(13.7,6.2,-71.411));
#5108=CARTESIAN_POINT('',(13.7,6.2,-73.189));
#5109=CARTESIAN_POINT('',(13.7,6.2,-72.3));
#5110=CARTESIAN_POINT('',(69.3,6.2,-72.3));
#5111=CARTESIAN_POINT('',(69.3,6.2,-71.411));
#5112=CARTESIAN_POINT('',(69.3,6.2,-73.189));
#5113=CARTESIAN_POINT('',(69.3,6.2,-72.3));
#5114=CARTESIAN_POINT('',(69.3,6.2,-39.5));
#5115=CARTESIAN_POINT('',(69.3,6.2,-38.611));
#5116=CARTESIAN_POINT('',(69.3,6.2,-40.389));
#5117=CARTESIAN_POINT('',(69.3,6.2,-39.5));
#5118=CARTESIAN_POINT('',(69.3,6.2,-6.7));
#5119=CARTESIAN_POINT('',(69.3,6.2,-5.81100000000001));
#5120=CARTESIAN_POINT('',(69.3,6.2,-7.58899999999999));
#5121=CARTESIAN_POINT('',(69.3,6.2,-6.7));
#5122=CARTESIAN_POINT('',(13.7,6.2,-6.7));
#5123=CARTESIAN_POINT('',(13.7,6.2,-5.81100000000001));
#5124=CARTESIAN_POINT('',(13.7,6.2,-7.58899999999999));
#5125=CARTESIAN_POINT('',(13.7,6.2,-6.7));
#5126=CARTESIAN_POINT('',(13.4,6.2,-75.));
#5127=CARTESIAN_POINT('',(41.5,7.7,-2.3));
#5128=CARTESIAN_POINT('',(41.5,7.7,-1.41100000000001));
#5129=CARTESIAN_POINT('',(41.5,7.7,-3.189));
#5130=CARTESIAN_POINT('',(41.5,7.7,-2.3));
#5131=CARTESIAN_POINT('',(4.,7.7,-1.73472347597681E-15));
#5132=CARTESIAN_POINT('',(4.,7.7,-9.99999999999998));
#5133=CARTESIAN_POINT('',(3.5,4.,-3.5));
#5134=CARTESIAN_POINT('',(3.5,4.,-1.85));
#5135=CARTESIAN_POINT('',(3.5,4.,-5.15));
#5136=CARTESIAN_POINT('',(3.5,4.,-3.5));
#5137=CARTESIAN_POINT('',(4.,4.,-9.99999999999998));
#5138=CARTESIAN_POINT('',(7.,4.,-9.99999999999999));
#5139=CARTESIAN_POINT('',(3.99999999999999,4.,-6.99999999999998));
#5140=CARTESIAN_POINT('',(4.,4.,-6.99999999999999));
#5141=CARTESIAN_POINT('',(0.,4.,-6.99999999999998));
#5142=CARTESIAN_POINT('',(0.,4.,-9.99999999999998));
#5143=CARTESIAN_POINT('',(0.,4.,0.));
#5144=CARTESIAN_POINT('',(4.,4.,0.));
#5145=CARTESIAN_POINT('',(7.,4.,0.));
#5146=CARTESIAN_POINT('',(7.,4.,-9.99999999999998));
#5147=CARTESIAN_POINT('',(4.,4.,-9.99999999999998));
#5148=CARTESIAN_POINT('',(3.5,4.,-75.5));
#5149=CARTESIAN_POINT('',(3.5,4.,-73.85));
#5150=CARTESIAN_POINT('',(3.5,4.,-77.15));
#5151=CARTESIAN_POINT('',(3.5,4.,-75.5));
#5152=CARTESIAN_POINT('',(7.,4.,-9.99999999999998));
#5153=CARTESIAN_POINT('',(7.,4.,-69.));
#5154=CARTESIAN_POINT('',(7.,4.,-79.));
#5155=CARTESIAN_POINT('',(4.,4.,-79.));
#5156=CARTESIAN_POINT('',(0.,4.,-79.));
#5157=CARTESIAN_POINT('',(0.,4.,-9.99999999999998));
#5158=CARTESIAN_POINT('',(0.,4.,-72.));
#5159=CARTESIAN_POINT('',(4.,4.,-72.));
#5160=CARTESIAN_POINT('',(4.,4.,-72.));
#5161=CARTESIAN_POINT('',(4.,4.,-69.));
#5162=CARTESIAN_POINT('',(4.,4.,-9.99999999999998));
#5163=CARTESIAN_POINT('',(79.5,4.,-75.5));
#5164=CARTESIAN_POINT('',(79.5,4.,-73.85));
#5165=CARTESIAN_POINT('',(79.5,4.,-77.15));
#5166=CARTESIAN_POINT('',(79.5,4.,-75.5));
#5167=CARTESIAN_POINT('',(79.,4.,-69.));
#5168=CARTESIAN_POINT('',(76.,4.,-69.));
#5169=CARTESIAN_POINT('',(79.,4.,-72.));
#5170=CARTESIAN_POINT('',(4.,4.,-72.));
#5171=CARTESIAN_POINT('',(83.,4.,-72.));
#5172=CARTESIAN_POINT('',(83.,4.,-9.99999999999998));
#5173=CARTESIAN_POINT('',(83.,4.,-79.));
#5174=CARTESIAN_POINT('',(4.,4.,-79.));
#5175=CARTESIAN_POINT('',(76.,4.,-79.));
#5176=CARTESIAN_POINT('',(76.,4.,-9.99999999999998));
#5177=CARTESIAN_POINT('',(4.,4.,-9.99999999999998));
#5178=CARTESIAN_POINT('',(79.5,4.,-3.5));
#5179=CARTESIAN_POINT('',(79.5,4.,-1.85));
#5180=CARTESIAN_POINT('',(79.5,4.,-5.15));
#5181=CARTESIAN_POINT('',(79.5,4.,-3.5));
#5182=CARTESIAN_POINT('',(79.,4.,-9.99999999999998));
#5183=CARTESIAN_POINT('',(79.,4.,-6.99999999999998));
#5184=CARTESIAN_POINT('',(76.,4.,-9.99999999999998));
#5185=CARTESIAN_POINT('',(76.,4.,-9.99999999999998));
#5186=CARTESIAN_POINT('',(76.,4.,-1.15648231731787E-15));
#5187=CARTESIAN_POINT('',(4.,4.,-1.73472347597681E-15));
#5188=CARTESIAN_POINT('',(83.,4.,-1.15648231731787E-15));
#5189=CARTESIAN_POINT('',(83.,4.,-9.99999999999998));
#5190=CARTESIAN_POINT('',(83.,4.,-6.99999999999999));
#5191=CARTESIAN_POINT('',(4.,4.,-6.99999999999999));
#5192=CARTESIAN_POINT('',(4.,4.,-9.99999999999998));
#5193=CARTESIAN_POINT('',(9.3,0.,-1.1697));
#5194=CARTESIAN_POINT('',(9.3,2.95507272634267E-17,-1.1697));
#5195=CARTESIAN_POINT('',(9.3,0.,-3.4303));
#5196=CARTESIAN_POINT('',(9.3,2.95507272634267E-17,-3.4303));
#5197=CARTESIAN_POINT('',(9.3,2.95507272634267E-17,-2.3));
#5198=CARTESIAN_POINT('',(9.3,0.,-2.3));
#5199=CARTESIAN_POINT('',(9.3,0.,-75.5697));
#5200=CARTESIAN_POINT('',(9.3,2.95507272634267E-17,-75.5697));
#5201=CARTESIAN_POINT('',(9.3,0.,-77.8303));
#5202=CARTESIAN_POINT('',(9.3,2.95507272634267E-17,-77.8303));
#5203=CARTESIAN_POINT('',(9.3,2.95507272634267E-17,-76.7));
#5204=CARTESIAN_POINT('',(9.3,0.,-76.7));
#5205=CARTESIAN_POINT('',(73.7,0.,-75.5697));
#5206=CARTESIAN_POINT('',(73.7,2.95507272634267E-17,-75.5697));
#5207=CARTESIAN_POINT('',(73.7,0.,-77.8303));
#5208=CARTESIAN_POINT('',(73.7,2.95507272634267E-17,-77.8303));
#5209=CARTESIAN_POINT('',(73.7,2.95507272634267E-17,-76.7));
#5210=CARTESIAN_POINT('',(73.7,0.,-76.7));
#5211=CARTESIAN_POINT('',(73.7,0.,-1.1697));
#5212=CARTESIAN_POINT('',(73.7,2.95507272634267E-17,-1.1697));
#5213=CARTESIAN_POINT('',(73.7,0.,-3.4303));
#5214=CARTESIAN_POINT('',(73.7,2.95507272634267E-17,-3.4303));
#5215=CARTESIAN_POINT('',(73.7,2.95507272634267E-17,-2.3));
#5216=CARTESIAN_POINT('',(73.7,0.,-2.3));
#5217=CARTESIAN_POINT('',(9.3,21.,-27.889));
#5218=CARTESIAN_POINT('',(9.3,0.,-27.889));
#5219=CARTESIAN_POINT('',(9.3,0.,-27.));
#5220=CARTESIAN_POINT('',(9.3,0.,-26.111));
#5221=CARTESIAN_POINT('',(9.3,21.,-26.111));
#5222=CARTESIAN_POINT('',(9.3,21.,-27.));
#5223=CARTESIAN_POINT('',(9.3,21.,-52.889));
#5224=CARTESIAN_POINT('',(9.3,0.,-52.889));
#5225=CARTESIAN_POINT('',(9.3,0.,-52.));
#5226=CARTESIAN_POINT('',(9.3,0.,-51.111));
#5227=CARTESIAN_POINT('',(9.3,21.,-51.111));
#5228=CARTESIAN_POINT('',(9.3,21.,-52.));
#5229=CARTESIAN_POINT('',(41.5,21.,-77.589));
#5230=CARTESIAN_POINT('',(41.5,0.,-77.589));
#5231=CARTESIAN_POINT('',(41.5,0.,-76.7));
#5232=CARTESIAN_POINT('',(41.5,0.,-75.811));
#5233=CARTESIAN_POINT('',(41.5,21.,-75.811));
#5234=CARTESIAN_POINT('',(41.5,21.,-76.7));
#5235=CARTESIAN_POINT('',(73.7,21.,-52.889));
#5236=CARTESIAN_POINT('',(73.7,0.,-52.889));
#5237=CARTESIAN_POINT('',(73.7,0.,-52.));
#5238=CARTESIAN_POINT('',(73.7,0.,-51.111));
#5239=CARTESIAN_POINT('',(73.7,21.,-51.111));
#5240=CARTESIAN_POINT('',(73.7,21.,-52.));
#5241=CARTESIAN_POINT('',(73.7,21.,-27.889));
#5242=CARTESIAN_POINT('',(73.7,0.,-27.889));
#5243=CARTESIAN_POINT('',(73.7,0.,-27.));
#5244=CARTESIAN_POINT('',(73.7,0.,-26.111));
#5245=CARTESIAN_POINT('',(73.7,21.,-26.111));
#5246=CARTESIAN_POINT('',(73.7,21.,-27.));
#5247=CARTESIAN_POINT('',(13.7,6.2,-40.389));
#5248=CARTESIAN_POINT('',(13.7,0.,-40.389));
#5249=CARTESIAN_POINT('',(13.7,0.,-39.5));
#5250=CARTESIAN_POINT('',(13.7,0.,-38.611));
#5251=CARTESIAN_POINT('',(13.7,6.2,-38.611));
#5252=CARTESIAN_POINT('',(13.7,6.2,-39.5));
#5253=CARTESIAN_POINT('',(13.7,6.2,-73.189));
#5254=CARTESIAN_POINT('',(13.7,0.,-73.189));
#5255=CARTESIAN_POINT('',(13.7,0.,-72.3));
#5256=CARTESIAN_POINT('',(13.7,0.,-71.411));
#5257=CARTESIAN_POINT('',(13.7,6.2,-71.411));
#5258=CARTESIAN_POINT('',(13.7,6.2,-72.3));
#5259=CARTESIAN_POINT('',(69.3,6.2,-73.189));
#5260=CARTESIAN_POINT('',(69.3,0.,-73.189));
#5261=CARTESIAN_POINT('',(69.3,0.,-72.3));
#5262=CARTESIAN_POINT('',(69.3,0.,-71.411));
#5263=CARTESIAN_POINT('',(69.3,6.2,-71.411));
#5264=CARTESIAN_POINT('',(69.3,6.2,-72.3));
#5265=CARTESIAN_POINT('',(69.3,6.2,-40.389));
#5266=CARTESIAN_POINT('',(69.3,0.,-40.389));
#5267=CARTESIAN_POINT('',(69.3,0.,-39.5));
#5268=CARTESIAN_POINT('',(69.3,0.,-38.611));
#5269=CARTESIAN_POINT('',(69.3,6.2,-38.611));
#5270=CARTESIAN_POINT('',(69.3,6.2,-39.5));
#5271=CARTESIAN_POINT('',(69.3,6.2,-7.58899999999999));
#5272=CARTESIAN_POINT('',(69.3,0.,-7.58899999999999));
#5273=CARTESIAN_POINT('',(69.3,0.,-6.7));
#5274=CARTESIAN_POINT('',(69.3,0.,-5.81100000000001));
#5275=CARTESIAN_POINT('',(69.3,6.2,-5.81100000000001));
#5276=CARTESIAN_POINT('',(69.3,6.2,-6.7));
#5277=CARTESIAN_POINT('',(13.7,6.2,-7.58899999999999));
#5278=CARTESIAN_POINT('',(13.7,0.,-7.58899999999999));
#5279=CARTESIAN_POINT('',(13.7,0.,-6.7));
#5280=CARTESIAN_POINT('',(13.7,0.,-5.81100000000001));
#5281=CARTESIAN_POINT('',(13.7,6.2,-5.81100000000001));
#5282=CARTESIAN_POINT('',(13.7,6.2,-6.7));
#5283=CARTESIAN_POINT('',(41.5,7.7,-3.189));
#5284=CARTESIAN_POINT('',(41.5,0.,-3.189));
#5285=CARTESIAN_POINT('',(41.5,0.,-2.3));
#5286=CARTESIAN_POINT('',(41.5,0.,-1.41100000000001));
#5287=CARTESIAN_POINT('',(41.5,7.7,-1.41100000000001));
#5288=CARTESIAN_POINT('',(41.5,7.7,-2.3));
#5289=CARTESIAN_POINT('',(3.5,4.,-5.15));
#5290=CARTESIAN_POINT('',(3.5,0.,-5.15));
#5291=CARTESIAN_POINT('',(3.5,0.,-3.5));
#5292=CARTESIAN_POINT('',(3.5,0.,-1.85));
#5293=CARTESIAN_POINT('',(3.5,4.,-1.85));
#5294=CARTESIAN_POINT('',(3.5,4.,-3.5));
#5295=CARTESIAN_POINT('',(3.5,4.,-77.15));
#5296=CARTESIAN_POINT('',(3.5,0.,-77.15));
#5297=CARTESIAN_POINT('',(3.5,0.,-75.5));
#5298=CARTESIAN_POINT('',(3.5,0.,-73.85));
#5299=CARTESIAN_POINT('',(3.5,4.,-73.85));
#5300=CARTESIAN_POINT('',(3.5,4.,-75.5));
#5301=CARTESIAN_POINT('',(79.5,4.,-77.15));
#5302=CARTESIAN_POINT('',(79.5,0.,-77.15));
#5303=CARTESIAN_POINT('',(79.5,0.,-75.5));
#5304=CARTESIAN_POINT('',(79.5,0.,-73.85));
#5305=CARTESIAN_POINT('',(79.5,4.,-73.85));
#5306=CARTESIAN_POINT('',(79.5,4.,-75.5));
#5307=CARTESIAN_POINT('',(79.5,4.,-5.15));
#5308=CARTESIAN_POINT('',(79.5,0.,-5.15));
#5309=CARTESIAN_POINT('',(79.5,0.,-3.5));
#5310=CARTESIAN_POINT('',(79.5,0.,-1.85));
#5311=CARTESIAN_POINT('',(79.5,4.,-1.85));
#5312=CARTESIAN_POINT('',(79.5,4.,-3.5));
#5313=CARTESIAN_POINT('',(9.3,2.95507272634267E-17,-2.3));
#5314=CARTESIAN_POINT('',(9.3,2.95507272634267E-17,-76.7));
#5315=CARTESIAN_POINT('',(73.7,2.95507272634267E-17,-76.7));
#5316=CARTESIAN_POINT('',(73.7,2.95507272634267E-17,-2.3));
#5317=CARTESIAN_POINT('',(9.3,0.,-27.));
#5318=CARTESIAN_POINT('',(9.3,0.,-52.));
#5319=CARTESIAN_POINT('',(41.5,0.,-76.7));
#5320=CARTESIAN_POINT('',(73.7,0.,-52.));
#5321=CARTESIAN_POINT('',(73.7,0.,-27.));
#5322=CARTESIAN_POINT('',(13.7,0.,-39.5));
#5323=CARTESIAN_POINT('',(13.7,0.,-72.3));
#5324=CARTESIAN_POINT('',(69.3,0.,-72.3));
#5325=CARTESIAN_POINT('',(69.3,0.,-39.5));
#5326=CARTESIAN_POINT('',(69.3,0.,-6.7));
#5327=CARTESIAN_POINT('',(13.7,0.,-6.7));
#5328=CARTESIAN_POINT('',(41.5,0.,-2.3));
#5329=CARTESIAN_POINT('',(3.5,0.,-3.5));
#5330=CARTESIAN_POINT('',(3.5,0.,-75.5));
#5331=CARTESIAN_POINT('',(79.5,0.,-75.5));
#5332=CARTESIAN_POINT('',(79.5,0.,-3.5));
#5333=CARTESIAN_POINT('',(0.,0.,-6.99999999999998));
#5334=CARTESIAN_POINT('',(3.99999999999998,0.,-6.99999999999998));
#5335=CARTESIAN_POINT('',(0.,0.,-6.99999999999998));
#5336=CARTESIAN_POINT('',(4.,0.,-9.99999999999998));
#5337=CARTESIAN_POINT('',(7.,0.,-10.));
#5338=CARTESIAN_POINT('',(7.,0.,-10.));
#5339=CARTESIAN_POINT('',(7.,0.,-69.));
#5340=CARTESIAN_POINT('',(4.,0.,-69.));
#5341=CARTESIAN_POINT('',(4.,0.,-72.));
#5342=CARTESIAN_POINT('',(4.,0.,-72.));
#5343=CARTESIAN_POINT('',(0.,0.,-72.));
#5344=CARTESIAN_POINT('',(0.,0.,-72.));
#5345=CARTESIAN_POINT('',(0.,0.,-79.));
#5346=CARTESIAN_POINT('',(0.,0.,-79.));
#5347=CARTESIAN_POINT('',(83.,0.,-79.));
#5348=CARTESIAN_POINT('',(83.,0.,-79.));
#5349=CARTESIAN_POINT('',(83.,0.,-72.));
#5350=CARTESIAN_POINT('',(83.,0.,-72.));
#5351=CARTESIAN_POINT('',(79.,0.,-72.));
#5352=CARTESIAN_POINT('',(79.,0.,-69.));
#5353=CARTESIAN_POINT('',(76.,0.,-69.));
#5354=CARTESIAN_POINT('',(76.,0.,-69.));
#5355=CARTESIAN_POINT('',(76.,0.,-9.99999999999999));
#5356=CARTESIAN_POINT('',(79.,0.,-9.99999999999998));
#5357=CARTESIAN_POINT('',(79.,0.,-6.99999999999998));
#5358=CARTESIAN_POINT('',(79.,0.,-6.99999999999999));
#5359=CARTESIAN_POINT('',(83.,0.,-6.99999999999999));
#5360=CARTESIAN_POINT('',(83.,0.,-6.99999999999999));
#5361=CARTESIAN_POINT('',(83.,0.,0.));
#5362=CARTESIAN_POINT('',(83.,0.,0.));
#5363=CARTESIAN_POINT('',(0.,0.,0.));
#5364=CARTESIAN_POINT('',(0.,0.,0.));
#5365=CARTESIAN_POINT('',(4.,0.,-9.99999999999998));
#5366=CARTESIAN_POINT('',(7.,21.,-10.));
#5367=CARTESIAN_POINT('',(3.99999999999998,21.,-6.99999999999998));
#5368=CARTESIAN_POINT('',(4.,21.,-9.99999999999998));
#5369=CARTESIAN_POINT('',(7.,21.,-69.));
#5370=CARTESIAN_POINT('',(7.00000000000001,21.,0.));
#5371=CARTESIAN_POINT('',(7.,21.,-79.));
#5372=CARTESIAN_POINT('',(7.,21.,-10.));
#5373=CARTESIAN_POINT('',(4.,21.,-72.));
#5374=CARTESIAN_POINT('',(4.,21.,-69.));
#5375=CARTESIAN_POINT('',(0.,21.,-72.));
#5376=CARTESIAN_POINT('',(4.,21.,-72.));
#5377=CARTESIAN_POINT('',(0.,21.,-79.));
#5378=CARTESIAN_POINT('',(0.,21.,-72.));
#5379=CARTESIAN_POINT('',(83.,21.,-79.));
#5380=CARTESIAN_POINT('',(76.,21.,-79.));
#5381=CARTESIAN_POINT('',(0.,21.,-79.));
#5382=CARTESIAN_POINT('',(83.,21.,-72.));
#5383=CARTESIAN_POINT('',(83.,21.,-79.));
#5384=CARTESIAN_POINT('',(79.,21.,-72.));
#5385=CARTESIAN_POINT('',(83.,21.,-72.));
#5386=CARTESIAN_POINT('',(76.,21.,-69.));
#5387=CARTESIAN_POINT('',(79.,21.,-69.));
#5388=CARTESIAN_POINT('',(76.,21.,-9.99999999999999));
#5389=CARTESIAN_POINT('',(76.,21.,0.));
#5390=CARTESIAN_POINT('',(76.,21.,-69.));
#5391=CARTESIAN_POINT('',(79.,21.,-6.99999999999998));
#5392=CARTESIAN_POINT('',(79.,21.,-9.99999999999998));
#5393=CARTESIAN_POINT('',(83.,21.,-6.99999999999999));
#5394=CARTESIAN_POINT('',(79.,21.,-6.99999999999999));
#5395=CARTESIAN_POINT('',(83.,21.,0.));
#5396=CARTESIAN_POINT('',(83.,21.,-6.99999999999999));
#5397=CARTESIAN_POINT('',(0.,21.,0.));
#5398=CARTESIAN_POINT('',(83.,21.,0.));
#5399=CARTESIAN_POINT('',(0.,21.,-6.99999999999998));
#5400=CARTESIAN_POINT('',(0.,21.,0.));
#5401=CARTESIAN_POINT('',(0.,21.,-6.99999999999998));
#5402=CARTESIAN_POINT('',(9.3,8.44498766741708,-2.3));
#5403=CARTESIAN_POINT('',(9.3,21.,-2.3));
#5404=CARTESIAN_POINT('',(9.3,8.44498766741708,-76.7));
#5405=CARTESIAN_POINT('',(9.3,21.,-76.7));
#5406=CARTESIAN_POINT('',(73.7,8.44498766741708,-76.7));
#5407=CARTESIAN_POINT('',(73.7,21.,-76.7));
#5408=CARTESIAN_POINT('',(73.7,8.44498766741708,-2.3));
#5409=CARTESIAN_POINT('',(73.7,21.,-2.3));
#5410=CARTESIAN_POINT('',(9.3,8.3,-2.3));
#5411=CARTESIAN_POINT('',(9.3,8.29999999996289,-2.3));
#5412=CARTESIAN_POINT('',(9.3,8.3,-76.7));
#5413=CARTESIAN_POINT('',(9.3,8.30000000001974,-76.7));
#5414=CARTESIAN_POINT('',(73.7,8.3,-76.7));
#5415=CARTESIAN_POINT('',(73.7,8.30000000001974,-76.7));
#5416=CARTESIAN_POINT('',(73.7,8.3,-2.3));
#5417=CARTESIAN_POINT('',(73.7,8.30000000001974,-2.3));
#5418=CARTESIAN_POINT('',(9.3,0.,-2.3));
#5419=CARTESIAN_POINT('',(9.3,0.,-76.7));
#5420=CARTESIAN_POINT('',(73.7,0.,-76.7));
#5421=CARTESIAN_POINT('',(73.7,0.,-2.3));
#5422=CARTESIAN_POINT('',(9.3,21.,-27.));
#5423=CARTESIAN_POINT('',(9.3,21.,-52.));
#5424=CARTESIAN_POINT('',(41.5,21.,-76.7));
#5425=CARTESIAN_POINT('',(73.7,21.,-52.));
#5426=CARTESIAN_POINT('',(73.7,21.,-27.));
#5427=CARTESIAN_POINT('',(13.7,6.2,-39.5));
#5428=CARTESIAN_POINT('',(13.7,6.2,-72.3));
#5429=CARTESIAN_POINT('',(69.3,6.2,-72.3));
#5430=CARTESIAN_POINT('',(69.3,6.2,-39.5));
#5431=CARTESIAN_POINT('',(69.3,6.2,-6.7));
#5432=CARTESIAN_POINT('',(13.7,6.2,-6.7));
#5433=CARTESIAN_POINT('',(41.5,7.7,-2.3));
#5434=CARTESIAN_POINT('',(3.5,4.,-3.5));
#5435=CARTESIAN_POINT('',(3.5,4.,-75.5));
#5436=CARTESIAN_POINT('',(79.5,4.,-75.5));
#5437=CARTESIAN_POINT('',(79.5,4.,-3.5));
#5438=MECHANICAL_DESIGN_GEOMETRIC_PRESENTATION_REPRESENTATION('',(#24),
#5439);
#5439=(
GEOMETRIC_REPRESENTATION_CONTEXT(3)
GLOBAL_UNCERTAINTY_ASSIGNED_CONTEXT((#5440))
GLOBAL_UNIT_ASSIGNED_CONTEXT((#5446,#5442,#5441))
REPRESENTATION_CONTEXT('1_stp','TOP_LEVEL_ASSEMBLY_PART')
);
#5440=UNCERTAINTY_MEASURE_WITH_UNIT(LENGTH_MEASURE(0.001),#5446,
'DISTANCE_ACCURACY_VALUE','Maximum Tolerance applied to model');
#5441=(
NAMED_UNIT(*)
SI_UNIT($,.STERADIAN.)
SOLID_ANGLE_UNIT()
);
#5442=(
CONVERSION_BASED_UNIT('DEGREE',#5444)
NAMED_UNIT(#5443)
PLANE_ANGLE_UNIT()
);
#5443=DIMENSIONAL_EXPONENTS(0.,0.,0.,0.,0.,0.,0.);
#5444=PLANE_ANGLE_MEASURE_WITH_UNIT(PLANE_ANGLE_MEASURE(0.0174532925),#5445);
#5445=(
NAMED_UNIT(*)
PLANE_ANGLE_UNIT()
SI_UNIT($,.RADIAN.)
);
#5446=(
LENGTH_UNIT()
NAMED_UNIT(*)
SI_UNIT(.MILLI.,.METRE.)
);
ENDSEC;
END-ISO-10303-21;
