ISO-10303-21;
HEADER;
/* Generated by software containing ST-Developer
 * from STEP Tools, Inc. (www.steptools.com) 
 */
/* OPTION: using custom schema-name function */

FILE_DESCRIPTION(
/* description */ (''),
/* implementation_level */ '2;1');

FILE_NAME(
/* name */ '2_stp.stp',
/* time_stamp */ '2026-05-11T15:06:09+08:00',
/* author */ (''),
/* organization */ (''),
/* preprocessor_version */ 'ST-DEVELOPER v20',
/* originating_system */ 'SIEMENS PLM Software NX2412.1700',
/* authorisation */ '');

FILE_SCHEMA (('AUTOMOTIVE_DESIGN { 1 0 10303 214 3 1 1 1 }'));
ENDSEC;

DATA;
#10=SHAPE_REPRESENTATION_RELATIONSHIP('None',
'relationship between 2_stp-None and 2_stp-None',#22,#11);
#11=ADVANCED_BREP_SHAPE_REPRESENTATION('2_stp-None',(#32),#8429);
#12=SHAPE_DEFINITION_REPRESENTATION(#13,#22);
#13=PRODUCT_DEFINITION_SHAPE('','',#14);
#14=PRODUCT_DEFINITION(' ','',#16,#15);
#15=PRODUCT_DEFINITION_CONTEXT('part definition',#21,'design');
#16=PRODUCT_DEFINITION_FORMATION_WITH_SPECIFIED_SOURCE(' ',' ',#18,
 .NOT_KNOWN.);
#17=PRODUCT_RELATED_PRODUCT_CATEGORY('part','',(#18));
#18=PRODUCT('2_stp','2_stp',' ',(#19));
#19=PRODUCT_CONTEXT(' ',#21,'mechanical');
#20=APPLICATION_PROTOCOL_DEFINITION('international standard',
'automotive_design',2010,#21);
#21=APPLICATION_CONTEXT(
'core data for automotive mechanical design processes');
#22=SHAPE_REPRESENTATION('2_stp-None',(#4172),#8429);
#23=PRESENTATION_LAYER_ASSIGNMENT('1','Layer 1',(#32));
#24=STYLED_ITEM('',(#25),#32);
#25=PRESENTATION_STYLE_ASSIGNMENT((#26));
#26=SURFACE_STYLE_USAGE(.BOTH.,#27);
#27=SURFACE_SIDE_STYLE('',(#28));
#28=SURFACE_STYLE_FILL_AREA(#29);
#29=FILL_AREA_STYLE('',(#30));
#30=FILL_AREA_STYLE_COLOUR('',#31);
#31=COLOUR_RGB('medium steel',0.611764705882353,0.658823529411765,0.670588235294118);
#32=MANIFOLD_SOLID_BREP('IMPORTED1',#33);
#33=CLOSED_SHELL('',(#337,#338,#339,#340,#341,#342,#343,#344,#345,#346,
#347,#348,#349,#350,#351,#352,#353,#354,#355,#356,#357,#358,#359,#360,#361,
#362,#363,#364,#365,#366,#367,#368,#369,#370,#371,#372,#373,#374,#375,#376,
#377,#378,#379,#380,#381,#382,#383,#384,#385,#386,#387,#388,#389,#390,#391,
#392,#393,#394,#395,#396,#397,#398,#399,#400,#401,#402,#403,#404,#405,#406,
#407,#408,#409,#410,#411,#412,#413,#414,#415,#416,#417,#418,#419,#420,#421,
#422,#423,#424,#425,#426,#427,#428,#429,#430,#431,#432,#433,#434,#435,#436,
#437,#438,#439,#440,#441,#442,#443,#444,#445,#446,#447,#448,#449,#450,#451,
#452,#453,#454,#455,#456,#457,#458,#459,#460,#461,#462,#463,#464,#465,#466,
#467,#468,#469,#470,#471,#472,#473,#474,#475,#476,#477,#478,#479,#480,#481,
#482,#483,#484,#485,#486,#487,#488,#489,#490,#491,#492,#493,#494,#495,#496,
#497,#498,#499,#500,#501,#502,#503,#504,#505,#506,#507,#508,#509,#510,#511,
#512,#513,#514,#515,#516,#517,#518,#519,#520,#521,#522,#523,#524,#525,#526,
#527,#528,#529,#530,#531,#532,#533,#534,#535,#536,#537,#538,#539,#540,#541,
#542,#543,#544,#545,#546,#547,#548,#549,#550,#551,#552,#553));
#34=FACE_BOUND('',#864,.T.);
#35=FACE_BOUND('',#865,.T.);
#36=FACE_BOUND('',#866,.T.);
#37=FACE_BOUND('',#875,.T.);
#38=FACE_BOUND('',#876,.T.);
#39=FACE_BOUND('',#877,.T.);
#40=FACE_BOUND('',#886,.T.);
#41=FACE_BOUND('',#887,.T.);
#42=FACE_BOUND('',#888,.T.);
#43=FACE_BOUND('',#889,.T.);
#44=FACE_BOUND('',#890,.T.);
#45=FACE_BOUND('',#891,.T.);
#46=FACE_BOUND('',#892,.T.);
#47=FACE_BOUND('',#901,.T.);
#48=FACE_BOUND('',#902,.T.);
#49=FACE_BOUND('',#923,.T.);
#50=FACE_BOUND('',#924,.T.);
#51=FACE_BOUND('',#926,.T.);
#52=FACE_BOUND('',#927,.T.);
#53=FACE_BOUND('',#928,.T.);
#54=FACE_BOUND('',#929,.T.);
#55=FACE_BOUND('',#930,.T.);
#56=FACE_BOUND('',#931,.T.);
#57=FACE_BOUND('',#933,.T.);
#58=FACE_BOUND('',#934,.T.);
#59=FACE_BOUND('',#935,.T.);
#60=FACE_BOUND('',#936,.T.);
#61=FACE_BOUND('',#937,.T.);
#62=FACE_BOUND('',#940,.T.);
#63=FACE_BOUND('',#941,.T.);
#64=FACE_BOUND('',#942,.T.);
#65=FACE_BOUND('',#943,.T.);
#66=FACE_BOUND('',#944,.T.);
#67=FACE_BOUND('',#945,.T.);
#68=FACE_BOUND('',#946,.T.);
#69=FACE_BOUND('',#947,.T.);
#70=FACE_BOUND('',#948,.T.);
#71=FACE_BOUND('',#949,.T.);
#72=FACE_BOUND('',#950,.T.);
#73=FACE_BOUND('',#951,.T.);
#74=FACE_BOUND('',#952,.T.);
#75=FACE_BOUND('',#953,.T.);
#76=FACE_BOUND('',#996,.T.);
#77=FACE_BOUND('',#997,.T.);
#78=FACE_BOUND('',#998,.T.);
#79=FACE_BOUND('',#999,.T.);
#80=FACE_BOUND('',#1000,.T.);
#81=FACE_BOUND('',#1001,.T.);
#82=FACE_BOUND('',#1002,.T.);
#83=FACE_BOUND('',#1003,.T.);
#84=FACE_BOUND('',#1004,.T.);
#85=FACE_BOUND('',#1005,.T.);
#86=FACE_BOUND('',#1006,.T.);
#87=FACE_BOUND('',#1007,.T.);
#88=FACE_BOUND('',#1008,.T.);
#89=FACE_BOUND('',#1009,.T.);
#90=FACE_BOUND('',#1010,.T.);
#91=FACE_BOUND('',#1011,.T.);
#92=FACE_BOUND('',#1012,.T.);
#93=FACE_BOUND('',#1013,.T.);
#94=FACE_BOUND('',#1014,.T.);
#95=FACE_BOUND('',#1015,.T.);
#96=PLANE('',#4311);
#97=PLANE('',#4316);
#98=PLANE('',#4325);
#99=PLANE('',#4326);
#100=PLANE('',#4329);
#101=PLANE('',#4332);
#102=PLANE('',#4335);
#103=PLANE('',#4344);
#104=PLANE('',#4345);
#105=PLANE('',#4348);
#106=PLANE('',#4351);
#107=PLANE('',#4354);
#108=PLANE('',#4367);
#109=PLANE('',#4368);
#110=PLANE('',#4371);
#111=PLANE('',#4374);
#112=PLANE('',#4377);
#113=PLANE('',#4384);
#114=PLANE('',#4387);
#115=PLANE('',#4392);
#116=PLANE('',#4398);
#117=PLANE('',#4405);
#118=PLANE('',#4409);
#119=PLANE('',#4413);
#120=PLANE('',#4417);
#121=PLANE('',#4421);
#122=PLANE('',#4429);
#123=PLANE('',#4431);
#124=PLANE('',#4433);
#125=PLANE('',#4436);
#126=PLANE('',#4437);
#127=PLANE('',#4438);
#128=PLANE('',#4439);
#129=PLANE('',#4442);
#130=PLANE('',#4443);
#131=PLANE('',#4444);
#132=PLANE('',#4445);
#133=PLANE('',#4448);
#134=PLANE('',#4449);
#135=PLANE('',#4450);
#136=PLANE('',#4451);
#137=PLANE('',#4452);
#138=PLANE('',#4455);
#139=PLANE('',#4456);
#140=PLANE('',#4457);
#141=PLANE('',#4460);
#142=PLANE('',#4461);
#143=PLANE('',#4462);
#144=PLANE('',#4463);
#145=PLANE('',#4464);
#146=PLANE('',#4468);
#147=PLANE('',#4469);
#148=PLANE('',#4470);
#149=PLANE('',#4473);
#150=PLANE('',#4474);
#151=PLANE('',#4475);
#152=PLANE('',#4476);
#153=PLANE('',#4477);
#154=PLANE('',#4480);
#155=PLANE('',#4483);
#156=PLANE('',#4484);
#157=PLANE('',#4485);
#158=PLANE('',#4488);
#159=PLANE('',#4489);
#160=PLANE('',#4490);
#161=PLANE('',#4493);
#162=PLANE('',#4494);
#163=PLANE('',#4495);
#164=PLANE('',#4496);
#165=PLANE('',#4497);
#166=PLANE('',#4500);
#167=PLANE('',#4503);
#168=PLANE('',#4517);
#169=TOROIDAL_SURFACE('',#4291,6.30605007803183,2.5);
#170=TOROIDAL_SURFACE('',#4298,6.30605007803184,2.5);
#171=TOROIDAL_SURFACE('',#4302,6.30605007803182,2.5);
#172=TOROIDAL_SURFACE('',#4308,6.30605007803183,2.5);
#173=CYLINDRICAL_SURFACE('',#4257,0.350000000000011);
#174=CYLINDRICAL_SURFACE('',#4258,0.350000000000011);
#175=CYLINDRICAL_SURFACE('',#4259,0.350000000000011);
#176=CYLINDRICAL_SURFACE('',#4260,0.350000000000011);
#177=CYLINDRICAL_SURFACE('',#4261,0.350000000000011);
#178=CYLINDRICAL_SURFACE('',#4262,0.350000000000011);
#179=CYLINDRICAL_SURFACE('',#4263,0.350000000000011);
#180=CYLINDRICAL_SURFACE('',#4264,0.350000000000011);
#181=CYLINDRICAL_SURFACE('',#4265,0.350000000000011);
#182=CYLINDRICAL_SURFACE('',#4266,0.350000000000011);
#183=CYLINDRICAL_SURFACE('',#4267,0.350000000000011);
#184=CYLINDRICAL_SURFACE('',#4268,0.349999999999997);
#185=CYLINDRICAL_SURFACE('',#4269,0.349999999999997);
#186=CYLINDRICAL_SURFACE('',#4270,0.350000000000011);
#187=CYLINDRICAL_SURFACE('',#4271,0.350000000000011);
#188=CYLINDRICAL_SURFACE('',#4272,0.349999999999997);
#189=CYLINDRICAL_SURFACE('',#4273,0.349999999999997);
#190=CYLINDRICAL_SURFACE('',#4274,0.350000000000011);
#191=CYLINDRICAL_SURFACE('',#4277,1.25);
#192=CYLINDRICAL_SURFACE('',#4280,1.25);
#193=CYLINDRICAL_SURFACE('',#4283,1.25);
#194=CYLINDRICAL_SURFACE('',#4286,1.25);
#195=CYLINDRICAL_SURFACE('',#4293,2.5);
#196=CYLINDRICAL_SURFACE('',#4304,2.5);
#197=CYLINDRICAL_SURFACE('',#4313,3.);
#198=CYLINDRICAL_SURFACE('',#4318,3.);
#199=CYLINDRICAL_SURFACE('',#4328,5.);
#200=CYLINDRICAL_SURFACE('',#4331,5.);
#201=CYLINDRICAL_SURFACE('',#4334,5.);
#202=CYLINDRICAL_SURFACE('',#4337,5.);
#203=CYLINDRICAL_SURFACE('',#4347,5.);
#204=CYLINDRICAL_SURFACE('',#4350,5.);
#205=CYLINDRICAL_SURFACE('',#4353,5.);
#206=CYLINDRICAL_SURFACE('',#4356,5.);
#207=CYLINDRICAL_SURFACE('',#4370,25.5);
#208=CYLINDRICAL_SURFACE('',#4373,25.5);
#209=CYLINDRICAL_SURFACE('',#4376,25.5);
#210=CYLINDRICAL_SURFACE('',#4379,25.5);
#211=CYLINDRICAL_SURFACE('',#4430,28.5);
#212=CYLINDRICAL_SURFACE('',#4432,28.5);
#213=CYLINDRICAL_SURFACE('',#4434,28.5);
#214=CYLINDRICAL_SURFACE('',#4435,28.5);
#215=CYLINDRICAL_SURFACE('',#4465,2.5);
#216=CYLINDRICAL_SURFACE('',#4504,2.5);
#217=CYLINDRICAL_SURFACE('',#4518,3.);
#218=CYLINDRICAL_SURFACE('',#4519,3.);
#219=CYLINDRICAL_SURFACE('',#4520,1.25);
#220=CYLINDRICAL_SURFACE('',#4521,1.25);
#221=CYLINDRICAL_SURFACE('',#4522,1.25);
#222=CYLINDRICAL_SURFACE('',#4523,1.25);
#223=CYLINDRICAL_SURFACE('',#4524,0.350000000000011);
#224=CYLINDRICAL_SURFACE('',#4525,0.349999999999997);
#225=CYLINDRICAL_SURFACE('',#4526,0.349999999999997);
#226=CYLINDRICAL_SURFACE('',#4527,0.350000000000011);
#227=CYLINDRICAL_SURFACE('',#4528,0.350000000000011);
#228=CYLINDRICAL_SURFACE('',#4529,0.349999999999997);
#229=CYLINDRICAL_SURFACE('',#4530,0.349999999999997);
#230=CYLINDRICAL_SURFACE('',#4531,0.350000000000011);
#231=CYLINDRICAL_SURFACE('',#4532,0.350000000000011);
#232=CYLINDRICAL_SURFACE('',#4533,0.350000000000011);
#233=CYLINDRICAL_SURFACE('',#4534,0.350000000000011);
#234=CYLINDRICAL_SURFACE('',#4535,0.350000000000011);
#235=CYLINDRICAL_SURFACE('',#4536,0.350000000000011);
#236=CYLINDRICAL_SURFACE('',#4537,0.350000000000011);
#237=CYLINDRICAL_SURFACE('',#4538,0.350000000000011);
#238=CYLINDRICAL_SURFACE('',#4539,0.350000000000011);
#239=CYLINDRICAL_SURFACE('',#4540,0.350000000000011);
#240=CYLINDRICAL_SURFACE('',#4541,0.350000000000011);
#241=(
BOUNDED_CURVE()
B_SPLINE_CURVE(3,(#6110,#6111,#6112,#6113),.UNSPECIFIED.,.F.,.F.)
B_SPLINE_CURVE_WITH_KNOTS((4,4),(0.,1.),.UNSPECIFIED.)
CURVE()
GEOMETRIC_REPRESENTATION_ITEM()
RATIONAL_B_SPLINE_CURVE((1.,0.333333333333333,0.333333333333333,1.))
REPRESENTATION_ITEM('')
);
#242=(
BOUNDED_CURVE()
B_SPLINE_CURVE(3,(#6117,#6118,#6119,#6120),.UNSPECIFIED.,.F.,.F.)
B_SPLINE_CURVE_WITH_KNOTS((4,4),(0.,1.),.UNSPECIFIED.)
CURVE()
GEOMETRIC_REPRESENTATION_ITEM()
RATIONAL_B_SPLINE_CURVE((1.,0.333333333333333,0.333333333333333,1.))
REPRESENTATION_ITEM('')
);
#243=(
BOUNDED_CURVE()
B_SPLINE_CURVE(3,(#6125,#6126,#6127,#6128),.UNSPECIFIED.,.F.,.F.)
B_SPLINE_CURVE_WITH_KNOTS((4,4),(0.,1.),.UNSPECIFIED.)
CURVE()
GEOMETRIC_REPRESENTATION_ITEM()
RATIONAL_B_SPLINE_CURVE((1.,0.333333333333333,0.333333333333333,1.))
REPRESENTATION_ITEM('')
);
#244=(
BOUNDED_CURVE()
B_SPLINE_CURVE(3,(#6132,#6133,#6134,#6135),.UNSPECIFIED.,.F.,.F.)
B_SPLINE_CURVE_WITH_KNOTS((4,4),(0.,1.),.UNSPECIFIED.)
CURVE()
GEOMETRIC_REPRESENTATION_ITEM()
RATIONAL_B_SPLINE_CURVE((1.,0.333333333333333,0.333333333333333,1.))
REPRESENTATION_ITEM('')
);
#245=(
BOUNDED_CURVE()
B_SPLINE_CURVE(3,(#6140,#6141,#6142,#6143),.UNSPECIFIED.,.F.,.F.)
B_SPLINE_CURVE_WITH_KNOTS((4,4),(0.,1.),.UNSPECIFIED.)
CURVE()
GEOMETRIC_REPRESENTATION_ITEM()
RATIONAL_B_SPLINE_CURVE((1.,0.333333333333333,0.333333333333333,1.))
REPRESENTATION_ITEM('')
);
#246=(
BOUNDED_CURVE()
B_SPLINE_CURVE(3,(#6147,#6148,#6149,#6150),.UNSPECIFIED.,.F.,.F.)
B_SPLINE_CURVE_WITH_KNOTS((4,4),(0.,1.),.UNSPECIFIED.)
CURVE()
GEOMETRIC_REPRESENTATION_ITEM()
RATIONAL_B_SPLINE_CURVE((1.,0.333333333333333,0.333333333333333,1.))
REPRESENTATION_ITEM('')
);
#247=(
BOUNDED_CURVE()
B_SPLINE_CURVE(3,(#6155,#6156,#6157,#6158),.UNSPECIFIED.,.F.,.F.)
B_SPLINE_CURVE_WITH_KNOTS((4,4),(0.,1.),.UNSPECIFIED.)
CURVE()
GEOMETRIC_REPRESENTATION_ITEM()
RATIONAL_B_SPLINE_CURVE((1.,0.333333333333333,0.333333333333333,1.))
REPRESENTATION_ITEM('')
);
#248=(
BOUNDED_CURVE()
B_SPLINE_CURVE(3,(#6162,#6163,#6164,#6165),.UNSPECIFIED.,.F.,.F.)
B_SPLINE_CURVE_WITH_KNOTS((4,4),(0.,1.),.UNSPECIFIED.)
CURVE()
GEOMETRIC_REPRESENTATION_ITEM()
RATIONAL_B_SPLINE_CURVE((1.,0.333333333333333,0.333333333333333,1.))
REPRESENTATION_ITEM('')
);
#249=(
BOUNDED_CURVE()
B_SPLINE_CURVE(3,(#6170,#6171,#6172,#6173),.UNSPECIFIED.,.F.,.F.)
B_SPLINE_CURVE_WITH_KNOTS((4,4),(0.,1.),.UNSPECIFIED.)
CURVE()
GEOMETRIC_REPRESENTATION_ITEM()
RATIONAL_B_SPLINE_CURVE((1.,0.333333333333333,0.333333333333333,1.))
REPRESENTATION_ITEM('')
);
#250=(
BOUNDED_CURVE()
B_SPLINE_CURVE(3,(#6177,#6178,#6179,#6180),.UNSPECIFIED.,.F.,.F.)
B_SPLINE_CURVE_WITH_KNOTS((4,4),(0.,1.),.UNSPECIFIED.)
CURVE()
GEOMETRIC_REPRESENTATION_ITEM()
RATIONAL_B_SPLINE_CURVE((1.,0.333333333333333,0.333333333333333,1.))
REPRESENTATION_ITEM('')
);
#251=(
BOUNDED_CURVE()
B_SPLINE_CURVE(3,(#6185,#6186,#6187,#6188),.UNSPECIFIED.,.F.,.F.)
B_SPLINE_CURVE_WITH_KNOTS((4,4),(0.,1.),.UNSPECIFIED.)
CURVE()
GEOMETRIC_REPRESENTATION_ITEM()
RATIONAL_B_SPLINE_CURVE((1.,0.333333333333333,0.333333333333333,1.))
REPRESENTATION_ITEM('')
);
#252=(
BOUNDED_CURVE()
B_SPLINE_CURVE(3,(#6192,#6193,#6194,#6195),.UNSPECIFIED.,.F.,.F.)
B_SPLINE_CURVE_WITH_KNOTS((4,4),(0.,1.),.UNSPECIFIED.)
CURVE()
GEOMETRIC_REPRESENTATION_ITEM()
RATIONAL_B_SPLINE_CURVE((1.,0.333333333333333,0.333333333333333,1.))
REPRESENTATION_ITEM('')
);
#253=(
BOUNDED_CURVE()
B_SPLINE_CURVE(3,(#6200,#6201,#6202,#6203),.UNSPECIFIED.,.F.,.F.)
B_SPLINE_CURVE_WITH_KNOTS((4,4),(0.,1.),.UNSPECIFIED.)
CURVE()
GEOMETRIC_REPRESENTATION_ITEM()
RATIONAL_B_SPLINE_CURVE((1.,0.333333333333333,0.333333333333333,1.))
REPRESENTATION_ITEM('')
);
#254=(
BOUNDED_CURVE()
B_SPLINE_CURVE(3,(#6207,#6208,#6209,#6210),.UNSPECIFIED.,.F.,.F.)
B_SPLINE_CURVE_WITH_KNOTS((4,4),(0.,1.),.UNSPECIFIED.)
CURVE()
GEOMETRIC_REPRESENTATION_ITEM()
RATIONAL_B_SPLINE_CURVE((1.,0.333333333333333,0.333333333333333,1.))
REPRESENTATION_ITEM('')
);
#255=(
BOUNDED_CURVE()
B_SPLINE_CURVE(3,(#6215,#6216,#6217,#6218),.UNSPECIFIED.,.F.,.F.)
B_SPLINE_CURVE_WITH_KNOTS((4,4),(0.,1.),.UNSPECIFIED.)
CURVE()
GEOMETRIC_REPRESENTATION_ITEM()
RATIONAL_B_SPLINE_CURVE((1.,0.333333333333333,0.333333333333333,1.))
REPRESENTATION_ITEM('')
);
#256=(
BOUNDED_CURVE()
B_SPLINE_CURVE(3,(#6222,#6223,#6224,#6225),.UNSPECIFIED.,.F.,.F.)
B_SPLINE_CURVE_WITH_KNOTS((4,4),(0.,1.),.UNSPECIFIED.)
CURVE()
GEOMETRIC_REPRESENTATION_ITEM()
RATIONAL_B_SPLINE_CURVE((1.,0.333333333333333,0.333333333333333,1.))
REPRESENTATION_ITEM('')
);
#257=(
BOUNDED_CURVE()
B_SPLINE_CURVE(3,(#6230,#6231,#6232,#6233),.UNSPECIFIED.,.F.,.F.)
B_SPLINE_CURVE_WITH_KNOTS((4,4),(0.,1.),.UNSPECIFIED.)
CURVE()
GEOMETRIC_REPRESENTATION_ITEM()
RATIONAL_B_SPLINE_CURVE((1.,0.333333333333333,0.333333333333333,1.))
REPRESENTATION_ITEM('')
);
#258=(
BOUNDED_CURVE()
B_SPLINE_CURVE(3,(#6237,#6238,#6239,#6240),.UNSPECIFIED.,.F.,.F.)
B_SPLINE_CURVE_WITH_KNOTS((4,4),(0.,1.),.UNSPECIFIED.)
CURVE()
GEOMETRIC_REPRESENTATION_ITEM()
RATIONAL_B_SPLINE_CURVE((1.,0.333333333333333,0.333333333333333,1.))
REPRESENTATION_ITEM('')
);
#259=(
BOUNDED_CURVE()
B_SPLINE_CURVE(3,(#6245,#6246,#6247,#6248),.UNSPECIFIED.,.F.,.F.)
B_SPLINE_CURVE_WITH_KNOTS((4,4),(0.,1.),.UNSPECIFIED.)
CURVE()
GEOMETRIC_REPRESENTATION_ITEM()
RATIONAL_B_SPLINE_CURVE((1.,0.333333333333333,0.333333333333333,1.))
REPRESENTATION_ITEM('')
);
#260=(
BOUNDED_CURVE()
B_SPLINE_CURVE(3,(#6252,#6253,#6254,#6255),.UNSPECIFIED.,.F.,.F.)
B_SPLINE_CURVE_WITH_KNOTS((4,4),(0.,1.),.UNSPECIFIED.)
CURVE()
GEOMETRIC_REPRESENTATION_ITEM()
RATIONAL_B_SPLINE_CURVE((1.,0.333333333333333,0.333333333333333,1.))
REPRESENTATION_ITEM('')
);
#261=(
BOUNDED_CURVE()
B_SPLINE_CURVE(3,(#6260,#6261,#6262,#6263),.UNSPECIFIED.,.F.,.F.)
B_SPLINE_CURVE_WITH_KNOTS((4,4),(0.,1.),.UNSPECIFIED.)
CURVE()
GEOMETRIC_REPRESENTATION_ITEM()
RATIONAL_B_SPLINE_CURVE((1.,0.333333333333333,0.333333333333333,1.))
REPRESENTATION_ITEM('')
);
#262=(
BOUNDED_CURVE()
B_SPLINE_CURVE(3,(#6267,#6268,#6269,#6270),.UNSPECIFIED.,.F.,.F.)
B_SPLINE_CURVE_WITH_KNOTS((4,4),(0.,1.),.UNSPECIFIED.)
CURVE()
GEOMETRIC_REPRESENTATION_ITEM()
RATIONAL_B_SPLINE_CURVE((1.,0.333333333333333,0.333333333333333,1.))
REPRESENTATION_ITEM('')
);
#263=(
BOUNDED_CURVE()
B_SPLINE_CURVE(3,(#6275,#6276,#6277,#6278),.UNSPECIFIED.,.F.,.F.)
B_SPLINE_CURVE_WITH_KNOTS((4,4),(0.,1.),.UNSPECIFIED.)
CURVE()
GEOMETRIC_REPRESENTATION_ITEM()
RATIONAL_B_SPLINE_CURVE((1.,0.333333333333333,0.333333333333333,1.))
REPRESENTATION_ITEM('')
);
#264=(
BOUNDED_CURVE()
B_SPLINE_CURVE(3,(#6282,#6283,#6284,#6285),.UNSPECIFIED.,.F.,.F.)
B_SPLINE_CURVE_WITH_KNOTS((4,4),(0.,1.),.UNSPECIFIED.)
CURVE()
GEOMETRIC_REPRESENTATION_ITEM()
RATIONAL_B_SPLINE_CURVE((1.,0.333333333333333,0.333333333333333,1.))
REPRESENTATION_ITEM('')
);
#265=(
BOUNDED_CURVE()
B_SPLINE_CURVE(3,(#6290,#6291,#6292,#6293),.UNSPECIFIED.,.F.,.F.)
B_SPLINE_CURVE_WITH_KNOTS((4,4),(0.,1.),.UNSPECIFIED.)
CURVE()
GEOMETRIC_REPRESENTATION_ITEM()
RATIONAL_B_SPLINE_CURVE((1.,0.333333333333333,0.333333333333333,1.))
REPRESENTATION_ITEM('')
);
#266=(
BOUNDED_CURVE()
B_SPLINE_CURVE(3,(#6297,#6298,#6299,#6300),.UNSPECIFIED.,.F.,.F.)
B_SPLINE_CURVE_WITH_KNOTS((4,4),(0.,1.),.UNSPECIFIED.)
CURVE()
GEOMETRIC_REPRESENTATION_ITEM()
RATIONAL_B_SPLINE_CURVE((1.,0.333333333333333,0.333333333333333,1.))
REPRESENTATION_ITEM('')
);
#267=(
BOUNDED_CURVE()
B_SPLINE_CURVE(3,(#6305,#6306,#6307,#6308),.UNSPECIFIED.,.F.,.F.)
B_SPLINE_CURVE_WITH_KNOTS((4,4),(0.,1.),.UNSPECIFIED.)
CURVE()
GEOMETRIC_REPRESENTATION_ITEM()
RATIONAL_B_SPLINE_CURVE((1.,0.333333333333333,0.333333333333333,1.))
REPRESENTATION_ITEM('')
);
#268=(
BOUNDED_CURVE()
B_SPLINE_CURVE(3,(#6312,#6313,#6314,#6315),.UNSPECIFIED.,.F.,.F.)
B_SPLINE_CURVE_WITH_KNOTS((4,4),(0.,1.),.UNSPECIFIED.)
CURVE()
GEOMETRIC_REPRESENTATION_ITEM()
RATIONAL_B_SPLINE_CURVE((1.,0.333333333333333,0.333333333333333,1.))
REPRESENTATION_ITEM('')
);
#269=(
BOUNDED_CURVE()
B_SPLINE_CURVE(3,(#6320,#6321,#6322,#6323),.UNSPECIFIED.,.F.,.F.)
B_SPLINE_CURVE_WITH_KNOTS((4,4),(0.,1.),.UNSPECIFIED.)
CURVE()
GEOMETRIC_REPRESENTATION_ITEM()
RATIONAL_B_SPLINE_CURVE((1.,0.333333333333333,0.333333333333333,1.))
REPRESENTATION_ITEM('')
);
#270=(
BOUNDED_CURVE()
B_SPLINE_CURVE(3,(#6327,#6328,#6329,#6330),.UNSPECIFIED.,.F.,.F.)
B_SPLINE_CURVE_WITH_KNOTS((4,4),(0.,1.),.UNSPECIFIED.)
CURVE()
GEOMETRIC_REPRESENTATION_ITEM()
RATIONAL_B_SPLINE_CURVE((1.,0.333333333333333,0.333333333333333,1.))
REPRESENTATION_ITEM('')
);
#271=(
BOUNDED_CURVE()
B_SPLINE_CURVE(3,(#6335,#6336,#6337,#6338),.UNSPECIFIED.,.F.,.F.)
B_SPLINE_CURVE_WITH_KNOTS((4,4),(0.,1.),.UNSPECIFIED.)
CURVE()
GEOMETRIC_REPRESENTATION_ITEM()
RATIONAL_B_SPLINE_CURVE((1.,0.333333333333333,0.333333333333333,1.))
REPRESENTATION_ITEM('')
);
#272=(
BOUNDED_CURVE()
B_SPLINE_CURVE(3,(#6342,#6343,#6344,#6345),.UNSPECIFIED.,.F.,.F.)
B_SPLINE_CURVE_WITH_KNOTS((4,4),(0.,1.),.UNSPECIFIED.)
CURVE()
GEOMETRIC_REPRESENTATION_ITEM()
RATIONAL_B_SPLINE_CURVE((1.,0.333333333333333,0.333333333333333,1.))
REPRESENTATION_ITEM('')
);
#273=(
BOUNDED_CURVE()
B_SPLINE_CURVE(3,(#6350,#6351,#6352,#6353),.UNSPECIFIED.,.F.,.F.)
B_SPLINE_CURVE_WITH_KNOTS((4,4),(0.,1.),.UNSPECIFIED.)
CURVE()
GEOMETRIC_REPRESENTATION_ITEM()
RATIONAL_B_SPLINE_CURVE((1.,0.333333333333333,0.333333333333333,1.))
REPRESENTATION_ITEM('')
);
#274=(
BOUNDED_CURVE()
B_SPLINE_CURVE(3,(#6357,#6358,#6359,#6360),.UNSPECIFIED.,.F.,.F.)
B_SPLINE_CURVE_WITH_KNOTS((4,4),(0.,1.),.UNSPECIFIED.)
CURVE()
GEOMETRIC_REPRESENTATION_ITEM()
RATIONAL_B_SPLINE_CURVE((1.,0.333333333333333,0.333333333333333,1.))
REPRESENTATION_ITEM('')
);
#275=(
BOUNDED_CURVE()
B_SPLINE_CURVE(3,(#6365,#6366,#6367,#6368),.UNSPECIFIED.,.F.,.F.)
B_SPLINE_CURVE_WITH_KNOTS((4,4),(0.,1.),.UNSPECIFIED.)
CURVE()
GEOMETRIC_REPRESENTATION_ITEM()
RATIONAL_B_SPLINE_CURVE((1.,0.333333333333333,0.333333333333333,1.))
REPRESENTATION_ITEM('')
);
#276=(
BOUNDED_CURVE()
B_SPLINE_CURVE(3,(#6372,#6373,#6374,#6375),.UNSPECIFIED.,.F.,.F.)
B_SPLINE_CURVE_WITH_KNOTS((4,4),(0.,1.),.UNSPECIFIED.)
CURVE()
GEOMETRIC_REPRESENTATION_ITEM()
RATIONAL_B_SPLINE_CURVE((1.,0.333333333333333,0.333333333333333,1.))
REPRESENTATION_ITEM('')
);
#277=(
BOUNDED_CURVE()
B_SPLINE_CURVE(3,(#6790,#6791,#6792,#6793),.UNSPECIFIED.,.F.,.F.)
B_SPLINE_CURVE_WITH_KNOTS((4,4),(0.,1.),.UNSPECIFIED.)
CURVE()
GEOMETRIC_REPRESENTATION_ITEM()
RATIONAL_B_SPLINE_CURVE((1.,0.333333333333333,0.333333333333333,1.))
REPRESENTATION_ITEM('')
);
#278=(
BOUNDED_CURVE()
B_SPLINE_CURVE(3,(#6794,#6795,#6796,#6797),.UNSPECIFIED.,.F.,.F.)
B_SPLINE_CURVE_WITH_KNOTS((4,4),(0.,1.),.UNSPECIFIED.)
CURVE()
GEOMETRIC_REPRESENTATION_ITEM()
RATIONAL_B_SPLINE_CURVE((1.,0.333333333333333,0.333333333333333,1.))
REPRESENTATION_ITEM('')
);
#279=(
BOUNDED_CURVE()
B_SPLINE_CURVE(3,(#6798,#6799,#6800,#6801),.UNSPECIFIED.,.F.,.F.)
B_SPLINE_CURVE_WITH_KNOTS((4,4),(0.,1.),.UNSPECIFIED.)
CURVE()
GEOMETRIC_REPRESENTATION_ITEM()
RATIONAL_B_SPLINE_CURVE((1.,0.333333333333333,0.333333333333333,1.))
REPRESENTATION_ITEM('')
);
#280=(
BOUNDED_CURVE()
B_SPLINE_CURVE(3,(#6802,#6803,#6804,#6805),.UNSPECIFIED.,.F.,.F.)
B_SPLINE_CURVE_WITH_KNOTS((4,4),(0.,1.),.UNSPECIFIED.)
CURVE()
GEOMETRIC_REPRESENTATION_ITEM()
RATIONAL_B_SPLINE_CURVE((1.,0.333333333333333,0.333333333333333,1.))
REPRESENTATION_ITEM('')
);
#281=(
BOUNDED_CURVE()
B_SPLINE_CURVE(3,(#6806,#6807,#6808,#6809),.UNSPECIFIED.,.F.,.F.)
B_SPLINE_CURVE_WITH_KNOTS((4,4),(0.,1.),.UNSPECIFIED.)
CURVE()
GEOMETRIC_REPRESENTATION_ITEM()
RATIONAL_B_SPLINE_CURVE((1.,0.333333333333333,0.333333333333333,1.))
REPRESENTATION_ITEM('')
);
#282=(
BOUNDED_CURVE()
B_SPLINE_CURVE(3,(#6814,#6815,#6816,#6817),.UNSPECIFIED.,.F.,.F.)
B_SPLINE_CURVE_WITH_KNOTS((4,4),(0.,1.),.UNSPECIFIED.)
CURVE()
GEOMETRIC_REPRESENTATION_ITEM()
RATIONAL_B_SPLINE_CURVE((1.,0.333333333333333,0.333333333333333,1.))
REPRESENTATION_ITEM('')
);
#283=(
BOUNDED_CURVE()
B_SPLINE_CURVE(3,(#6818,#6819,#6820,#6821),.UNSPECIFIED.,.F.,.F.)
B_SPLINE_CURVE_WITH_KNOTS((4,4),(0.,1.),.UNSPECIFIED.)
CURVE()
GEOMETRIC_REPRESENTATION_ITEM()
RATIONAL_B_SPLINE_CURVE((1.,0.333333333333333,0.333333333333333,1.))
REPRESENTATION_ITEM('')
);
#284=(
BOUNDED_CURVE()
B_SPLINE_CURVE(3,(#6822,#6823,#6824,#6825),.UNSPECIFIED.,.F.,.F.)
B_SPLINE_CURVE_WITH_KNOTS((4,4),(0.,1.),.UNSPECIFIED.)
CURVE()
GEOMETRIC_REPRESENTATION_ITEM()
RATIONAL_B_SPLINE_CURVE((1.,0.333333333333333,0.333333333333333,1.))
REPRESENTATION_ITEM('')
);
#285=(
BOUNDED_CURVE()
B_SPLINE_CURVE(3,(#6826,#6827,#6828,#6829),.UNSPECIFIED.,.F.,.F.)
B_SPLINE_CURVE_WITH_KNOTS((4,4),(0.,1.),.UNSPECIFIED.)
CURVE()
GEOMETRIC_REPRESENTATION_ITEM()
RATIONAL_B_SPLINE_CURVE((1.,0.333333333333333,0.333333333333333,1.))
REPRESENTATION_ITEM('')
);
#286=(
BOUNDED_CURVE()
B_SPLINE_CURVE(3,(#6839,#6840,#6841,#6842),.UNSPECIFIED.,.F.,.F.)
B_SPLINE_CURVE_WITH_KNOTS((4,4),(0.,1.),.UNSPECIFIED.)
CURVE()
GEOMETRIC_REPRESENTATION_ITEM()
RATIONAL_B_SPLINE_CURVE((1.,0.333333333333333,0.333333333333333,1.))
REPRESENTATION_ITEM('')
);
#287=(
BOUNDED_CURVE()
B_SPLINE_CURVE(3,(#6843,#6844,#6845,#6846),.UNSPECIFIED.,.F.,.F.)
B_SPLINE_CURVE_WITH_KNOTS((4,4),(0.,1.),.UNSPECIFIED.)
CURVE()
GEOMETRIC_REPRESENTATION_ITEM()
RATIONAL_B_SPLINE_CURVE((1.,0.333333333333333,0.333333333333333,1.))
REPRESENTATION_ITEM('')
);
#288=(
BOUNDED_CURVE()
B_SPLINE_CURVE(3,(#6847,#6848,#6849,#6850),.UNSPECIFIED.,.F.,.F.)
B_SPLINE_CURVE_WITH_KNOTS((4,4),(0.,1.),.UNSPECIFIED.)
CURVE()
GEOMETRIC_REPRESENTATION_ITEM()
RATIONAL_B_SPLINE_CURVE((1.,0.333333333333333,0.333333333333333,1.))
REPRESENTATION_ITEM('')
);
#289=(
BOUNDED_CURVE()
B_SPLINE_CURVE(3,(#6851,#6852,#6853,#6854),.UNSPECIFIED.,.F.,.F.)
B_SPLINE_CURVE_WITH_KNOTS((4,4),(0.,1.),.UNSPECIFIED.)
CURVE()
GEOMETRIC_REPRESENTATION_ITEM()
RATIONAL_B_SPLINE_CURVE((1.,0.333333333333333,0.333333333333333,1.))
REPRESENTATION_ITEM('')
);
#290=(
BOUNDED_CURVE()
B_SPLINE_CURVE(3,(#6856,#6857,#6858,#6859),.UNSPECIFIED.,.F.,.F.)
B_SPLINE_CURVE_WITH_KNOTS((4,4),(0.,1.),.UNSPECIFIED.)
CURVE()
GEOMETRIC_REPRESENTATION_ITEM()
RATIONAL_B_SPLINE_CURVE((1.,0.333333333333333,0.333333333333333,1.))
REPRESENTATION_ITEM('')
);
#291=(
BOUNDED_CURVE()
B_SPLINE_CURVE(3,(#6860,#6861,#6862,#6863),.UNSPECIFIED.,.F.,.F.)
B_SPLINE_CURVE_WITH_KNOTS((4,4),(0.,1.),.UNSPECIFIED.)
CURVE()
GEOMETRIC_REPRESENTATION_ITEM()
RATIONAL_B_SPLINE_CURVE((1.,0.333333333333333,0.333333333333333,1.))
REPRESENTATION_ITEM('')
);
#292=(
BOUNDED_CURVE()
B_SPLINE_CURVE(3,(#6864,#6865,#6866,#6867),.UNSPECIFIED.,.F.,.F.)
B_SPLINE_CURVE_WITH_KNOTS((4,4),(0.,1.),.UNSPECIFIED.)
CURVE()
GEOMETRIC_REPRESENTATION_ITEM()
RATIONAL_B_SPLINE_CURVE((1.,0.333333333333333,0.333333333333333,1.))
REPRESENTATION_ITEM('')
);
#293=(
BOUNDED_CURVE()
B_SPLINE_CURVE(3,(#6868,#6869,#6870,#6871),.UNSPECIFIED.,.F.,.F.)
B_SPLINE_CURVE_WITH_KNOTS((4,4),(0.,1.),.UNSPECIFIED.)
CURVE()
GEOMETRIC_REPRESENTATION_ITEM()
RATIONAL_B_SPLINE_CURVE((1.,0.333333333333333,0.333333333333333,1.))
REPRESENTATION_ITEM('')
);
#294=(
BOUNDED_CURVE()
B_SPLINE_CURVE(3,(#6872,#6873,#6874,#6875),.UNSPECIFIED.,.F.,.F.)
B_SPLINE_CURVE_WITH_KNOTS((4,4),(0.,1.),.UNSPECIFIED.)
CURVE()
GEOMETRIC_REPRESENTATION_ITEM()
RATIONAL_B_SPLINE_CURVE((1.,0.333333333333333,0.333333333333333,1.))
REPRESENTATION_ITEM('')
);
#295=(
BOUNDED_CURVE()
B_SPLINE_CURVE(3,(#8271,#8272,#8273,#8274),.UNSPECIFIED.,.F.,.F.)
B_SPLINE_CURVE_WITH_KNOTS((4,4),(0.,1.),.UNSPECIFIED.)
CURVE()
GEOMETRIC_REPRESENTATION_ITEM()
RATIONAL_B_SPLINE_CURVE((1.,0.333333333333333,0.333333333333333,1.))
REPRESENTATION_ITEM('')
);
#296=(
BOUNDED_CURVE()
B_SPLINE_CURVE(3,(#8275,#8276,#8277,#8278),.UNSPECIFIED.,.F.,.F.)
B_SPLINE_CURVE_WITH_KNOTS((4,4),(0.,1.),.UNSPECIFIED.)
CURVE()
GEOMETRIC_REPRESENTATION_ITEM()
RATIONAL_B_SPLINE_CURVE((1.,0.333333333333333,0.333333333333333,1.))
REPRESENTATION_ITEM('')
);
#297=(
BOUNDED_CURVE()
B_SPLINE_CURVE(3,(#8279,#8280,#8281,#8282),.UNSPECIFIED.,.F.,.F.)
B_SPLINE_CURVE_WITH_KNOTS((4,4),(0.,1.),.UNSPECIFIED.)
CURVE()
GEOMETRIC_REPRESENTATION_ITEM()
RATIONAL_B_SPLINE_CURVE((1.,0.333333333333333,0.333333333333333,1.))
REPRESENTATION_ITEM('')
);
#298=(
BOUNDED_CURVE()
B_SPLINE_CURVE(3,(#8283,#8284,#8285,#8286),.UNSPECIFIED.,.F.,.F.)
B_SPLINE_CURVE_WITH_KNOTS((4,4),(0.,1.),.UNSPECIFIED.)
CURVE()
GEOMETRIC_REPRESENTATION_ITEM()
RATIONAL_B_SPLINE_CURVE((1.,0.333333333333333,0.333333333333333,1.))
REPRESENTATION_ITEM('')
);
#299=(
BOUNDED_CURVE()
B_SPLINE_CURVE(3,(#8287,#8288,#8289,#8290),.UNSPECIFIED.,.F.,.F.)
B_SPLINE_CURVE_WITH_KNOTS((4,4),(0.,1.),.UNSPECIFIED.)
CURVE()
GEOMETRIC_REPRESENTATION_ITEM()
RATIONAL_B_SPLINE_CURVE((1.,0.333333333333333,0.333333333333333,1.))
REPRESENTATION_ITEM('')
);
#300=(
BOUNDED_CURVE()
B_SPLINE_CURVE(3,(#8291,#8292,#8293,#8294),.UNSPECIFIED.,.F.,.F.)
B_SPLINE_CURVE_WITH_KNOTS((4,4),(0.,1.),.UNSPECIFIED.)
CURVE()
GEOMETRIC_REPRESENTATION_ITEM()
RATIONAL_B_SPLINE_CURVE((1.,0.333333333333333,0.333333333333333,1.))
REPRESENTATION_ITEM('')
);
#301=(
BOUNDED_CURVE()
B_SPLINE_CURVE(3,(#8295,#8296,#8297,#8298),.UNSPECIFIED.,.F.,.F.)
B_SPLINE_CURVE_WITH_KNOTS((4,4),(0.,1.),.UNSPECIFIED.)
CURVE()
GEOMETRIC_REPRESENTATION_ITEM()
RATIONAL_B_SPLINE_CURVE((1.,0.333333333333333,0.333333333333333,1.))
REPRESENTATION_ITEM('')
);
#302=(
BOUNDED_CURVE()
B_SPLINE_CURVE(3,(#8299,#8300,#8301,#8302),.UNSPECIFIED.,.F.,.F.)
B_SPLINE_CURVE_WITH_KNOTS((4,4),(0.,1.),.UNSPECIFIED.)
CURVE()
GEOMETRIC_REPRESENTATION_ITEM()
RATIONAL_B_SPLINE_CURVE((1.,0.333333333333333,0.333333333333333,1.))
REPRESENTATION_ITEM('')
);
#303=(
BOUNDED_CURVE()
B_SPLINE_CURVE(3,(#8303,#8304,#8305,#8306),.UNSPECIFIED.,.F.,.F.)
B_SPLINE_CURVE_WITH_KNOTS((4,4),(0.,1.),.UNSPECIFIED.)
CURVE()
GEOMETRIC_REPRESENTATION_ITEM()
RATIONAL_B_SPLINE_CURVE((1.,0.333333333333333,0.333333333333333,1.))
REPRESENTATION_ITEM('')
);
#304=(
BOUNDED_CURVE()
B_SPLINE_CURVE(3,(#8307,#8308,#8309,#8310),.UNSPECIFIED.,.F.,.F.)
B_SPLINE_CURVE_WITH_KNOTS((4,4),(0.,1.),.UNSPECIFIED.)
CURVE()
GEOMETRIC_REPRESENTATION_ITEM()
RATIONAL_B_SPLINE_CURVE((1.,0.333333333333333,0.333333333333333,1.))
REPRESENTATION_ITEM('')
);
#305=(
BOUNDED_CURVE()
B_SPLINE_CURVE(3,(#8311,#8312,#8313,#8314),.UNSPECIFIED.,.F.,.F.)
B_SPLINE_CURVE_WITH_KNOTS((4,4),(0.,1.),.UNSPECIFIED.)
CURVE()
GEOMETRIC_REPRESENTATION_ITEM()
RATIONAL_B_SPLINE_CURVE((1.,0.333333333333333,0.333333333333333,1.))
REPRESENTATION_ITEM('')
);
#306=(
BOUNDED_CURVE()
B_SPLINE_CURVE(3,(#8315,#8316,#8317,#8318),.UNSPECIFIED.,.F.,.F.)
B_SPLINE_CURVE_WITH_KNOTS((4,4),(0.,1.),.UNSPECIFIED.)
CURVE()
GEOMETRIC_REPRESENTATION_ITEM()
RATIONAL_B_SPLINE_CURVE((1.,0.333333333333333,0.333333333333333,1.))
REPRESENTATION_ITEM('')
);
#307=(
BOUNDED_CURVE()
B_SPLINE_CURVE(3,(#8319,#8320,#8321,#8322),.UNSPECIFIED.,.F.,.F.)
B_SPLINE_CURVE_WITH_KNOTS((4,4),(0.,1.),.UNSPECIFIED.)
CURVE()
GEOMETRIC_REPRESENTATION_ITEM()
RATIONAL_B_SPLINE_CURVE((1.,0.333333333333333,0.333333333333333,1.))
REPRESENTATION_ITEM('')
);
#308=(
BOUNDED_CURVE()
B_SPLINE_CURVE(3,(#8323,#8324,#8325,#8326),.UNSPECIFIED.,.F.,.F.)
B_SPLINE_CURVE_WITH_KNOTS((4,4),(0.,1.),.UNSPECIFIED.)
CURVE()
GEOMETRIC_REPRESENTATION_ITEM()
RATIONAL_B_SPLINE_CURVE((1.,0.333333333333333,0.333333333333333,1.))
REPRESENTATION_ITEM('')
);
#309=(
BOUNDED_CURVE()
B_SPLINE_CURVE(3,(#8327,#8328,#8329,#8330),.UNSPECIFIED.,.F.,.F.)
B_SPLINE_CURVE_WITH_KNOTS((4,4),(0.,1.),.UNSPECIFIED.)
CURVE()
GEOMETRIC_REPRESENTATION_ITEM()
RATIONAL_B_SPLINE_CURVE((1.,0.333333333333333,0.333333333333333,1.))
REPRESENTATION_ITEM('')
);
#310=(
BOUNDED_CURVE()
B_SPLINE_CURVE(3,(#8331,#8332,#8333,#8334),.UNSPECIFIED.,.F.,.F.)
B_SPLINE_CURVE_WITH_KNOTS((4,4),(0.,1.),.UNSPECIFIED.)
CURVE()
GEOMETRIC_REPRESENTATION_ITEM()
RATIONAL_B_SPLINE_CURVE((1.,0.333333333333333,0.333333333333333,1.))
REPRESENTATION_ITEM('')
);
#311=(
BOUNDED_CURVE()
B_SPLINE_CURVE(3,(#8335,#8336,#8337,#8338),.UNSPECIFIED.,.F.,.F.)
B_SPLINE_CURVE_WITH_KNOTS((4,4),(0.,1.),.UNSPECIFIED.)
CURVE()
GEOMETRIC_REPRESENTATION_ITEM()
RATIONAL_B_SPLINE_CURVE((1.,0.333333333333333,0.333333333333333,1.))
REPRESENTATION_ITEM('')
);
#312=(
BOUNDED_CURVE()
B_SPLINE_CURVE(3,(#8339,#8340,#8341,#8342),.UNSPECIFIED.,.F.,.F.)
B_SPLINE_CURVE_WITH_KNOTS((4,4),(0.,1.),.UNSPECIFIED.)
CURVE()
GEOMETRIC_REPRESENTATION_ITEM()
RATIONAL_B_SPLINE_CURVE((1.,0.333333333333333,0.333333333333333,1.))
REPRESENTATION_ITEM('')
);
#313=SPHERICAL_SURFACE('',#4179,2.5);
#314=SPHERICAL_SURFACE('',#4186,2.5);
#315=SPHERICAL_SURFACE('',#4193,2.5);
#316=SPHERICAL_SURFACE('',#4198,2.5);
#317=SPHERICAL_SURFACE('',#4205,2.5);
#318=SPHERICAL_SURFACE('',#4212,2.5);
#319=SPHERICAL_SURFACE('',#4221,2.5);
#320=SPHERICAL_SURFACE('',#4228,2.5);
#321=SPHERICAL_SURFACE('',#4235,2.5);
#322=SPHERICAL_SURFACE('',#4240,2.5);
#323=SPHERICAL_SURFACE('',#4247,2.5);
#324=SPHERICAL_SURFACE('',#4254,2.5);
#325=SPHERICAL_SURFACE('',#4545,2.5);
#326=SPHERICAL_SURFACE('',#4549,2.5);
#327=SPHERICAL_SURFACE('',#4553,2.5);
#328=SPHERICAL_SURFACE('',#4555,2.5);
#329=SPHERICAL_SURFACE('',#4559,2.5);
#330=SPHERICAL_SURFACE('',#4563,2.5);
#331=SPHERICAL_SURFACE('',#4569,2.5);
#332=SPHERICAL_SURFACE('',#4573,2.5);
#333=SPHERICAL_SURFACE('',#4577,2.5);
#334=SPHERICAL_SURFACE('',#4579,2.5);
#335=SPHERICAL_SURFACE('',#4583,2.5);
#336=SPHERICAL_SURFACE('',#4587,2.5);
#337=ADVANCED_FACE('NONE',(#602),#554,.F.);
#338=ADVANCED_FACE('NONE',(#603),#313,.F.);
#339=ADVANCED_FACE('NONE',(#604),#555,.F.);
#340=ADVANCED_FACE('NONE',(#605),#314,.F.);
#341=ADVANCED_FACE('NONE',(#606),#556,.F.);
#342=ADVANCED_FACE('NONE',(#607),#315,.F.);
#343=ADVANCED_FACE('NONE',(#608),#316,.F.);
#344=ADVANCED_FACE('NONE',(#609),#557,.F.);
#345=ADVANCED_FACE('NONE',(#610),#317,.F.);
#346=ADVANCED_FACE('NONE',(#611),#558,.F.);
#347=ADVANCED_FACE('NONE',(#612),#318,.F.);
#348=ADVANCED_FACE('NONE',(#613),#559,.F.);
#349=ADVANCED_FACE('NONE',(#614),#560,.F.);
#350=ADVANCED_FACE('NONE',(#615),#319,.F.);
#351=ADVANCED_FACE('NONE',(#616),#561,.F.);
#352=ADVANCED_FACE('NONE',(#617),#320,.F.);
#353=ADVANCED_FACE('NONE',(#618),#562,.F.);
#354=ADVANCED_FACE('NONE',(#619),#321,.F.);
#355=ADVANCED_FACE('NONE',(#620),#322,.F.);
#356=ADVANCED_FACE('NONE',(#621),#563,.F.);
#357=ADVANCED_FACE('NONE',(#622),#323,.F.);
#358=ADVANCED_FACE('NONE',(#623),#564,.F.);
#359=ADVANCED_FACE('NONE',(#624),#324,.F.);
#360=ADVANCED_FACE('NONE',(#625),#565,.F.);
#361=ADVANCED_FACE('NONE',(#626),#173,.F.);
#362=ADVANCED_FACE('NONE',(#627),#174,.F.);
#363=ADVANCED_FACE('NONE',(#628),#175,.F.);
#364=ADVANCED_FACE('NONE',(#629),#176,.F.);
#365=ADVANCED_FACE('NONE',(#630),#177,.F.);
#366=ADVANCED_FACE('NONE',(#631),#178,.F.);
#367=ADVANCED_FACE('NONE',(#632),#179,.F.);
#368=ADVANCED_FACE('NONE',(#633),#180,.F.);
#369=ADVANCED_FACE('NONE',(#634),#181,.F.);
#370=ADVANCED_FACE('NONE',(#635),#182,.F.);
#371=ADVANCED_FACE('NONE',(#636),#183,.F.);
#372=ADVANCED_FACE('NONE',(#637),#184,.F.);
#373=ADVANCED_FACE('NONE',(#638),#185,.F.);
#374=ADVANCED_FACE('NONE',(#639),#186,.F.);
#375=ADVANCED_FACE('NONE',(#640),#187,.F.);
#376=ADVANCED_FACE('NONE',(#641),#188,.F.);
#377=ADVANCED_FACE('NONE',(#642),#189,.F.);
#378=ADVANCED_FACE('NONE',(#643),#190,.F.);
#379=ADVANCED_FACE('NONE',(#644),#191,.F.);
#380=ADVANCED_FACE('NONE',(#645),#192,.F.);
#381=ADVANCED_FACE('NONE',(#646),#193,.F.);
#382=ADVANCED_FACE('NONE',(#647),#194,.F.);
#383=ADVANCED_FACE('NONE',(#648),#169,.F.);
#384=ADVANCED_FACE('NONE',(#649),#195,.F.);
#385=ADVANCED_FACE('NONE',(#650),#170,.F.);
#386=ADVANCED_FACE('NONE',(#651),#171,.F.);
#387=ADVANCED_FACE('NONE',(#652),#196,.F.);
#388=ADVANCED_FACE('NONE',(#653),#172,.F.);
#389=ADVANCED_FACE('NONE',(#654),#96,.T.);
#390=ADVANCED_FACE('NONE',(#655),#197,.F.);
#391=ADVANCED_FACE('NONE',(#656),#97,.T.);
#392=ADVANCED_FACE('NONE',(#657),#198,.F.);
#393=ADVANCED_FACE('NONE',(#34,#35,#36),#98,.T.);
#394=ADVANCED_FACE('NONE',(#658),#99,.T.);
#395=ADVANCED_FACE('NONE',(#659),#199,.F.);
#396=ADVANCED_FACE('NONE',(#660),#100,.T.);
#397=ADVANCED_FACE('NONE',(#661),#200,.F.);
#398=ADVANCED_FACE('NONE',(#662),#101,.T.);
#399=ADVANCED_FACE('NONE',(#663),#201,.F.);
#400=ADVANCED_FACE('NONE',(#664),#102,.T.);
#401=ADVANCED_FACE('NONE',(#665),#202,.F.);
#402=ADVANCED_FACE('NONE',(#37,#38,#39),#103,.T.);
#403=ADVANCED_FACE('NONE',(#666),#104,.F.);
#404=ADVANCED_FACE('NONE',(#667),#203,.F.);
#405=ADVANCED_FACE('NONE',(#668),#105,.F.);
#406=ADVANCED_FACE('NONE',(#669),#204,.F.);
#407=ADVANCED_FACE('NONE',(#670),#106,.F.);
#408=ADVANCED_FACE('NONE',(#671),#205,.F.);
#409=ADVANCED_FACE('NONE',(#672),#107,.F.);
#410=ADVANCED_FACE('NONE',(#673),#206,.F.);
#411=ADVANCED_FACE('NONE',(#40,#41,#42,#43,#44,#45,#46),#108,.F.);
#412=ADVANCED_FACE('NONE',(#674),#109,.T.);
#413=ADVANCED_FACE('NONE',(#675),#207,.T.);
#414=ADVANCED_FACE('NONE',(#676),#110,.T.);
#415=ADVANCED_FACE('NONE',(#677),#208,.T.);
#416=ADVANCED_FACE('NONE',(#678),#111,.T.);
#417=ADVANCED_FACE('NONE',(#679),#209,.T.);
#418=ADVANCED_FACE('NONE',(#680),#112,.T.);
#419=ADVANCED_FACE('NONE',(#681),#210,.T.);
#420=ADVANCED_FACE('NONE',(#47,#48),#113,.T.);
#421=ADVANCED_FACE('NONE',(#682),#566,.F.);
#422=ADVANCED_FACE('NONE',(#683),#114,.F.);
#423=ADVANCED_FACE('NONE',(#684),#567,.F.);
#424=ADVANCED_FACE('NONE',(#685),#568,.F.);
#425=ADVANCED_FACE('NONE',(#686),#115,.F.);
#426=ADVANCED_FACE('NONE',(#687),#569,.F.);
#427=ADVANCED_FACE('NONE',(#688),#570,.F.);
#428=ADVANCED_FACE('NONE',(#689),#116,.F.);
#429=ADVANCED_FACE('NONE',(#690),#571,.F.);
#430=ADVANCED_FACE('NONE',(#691),#572,.F.);
#431=ADVANCED_FACE('NONE',(#692),#117,.F.);
#432=ADVANCED_FACE('NONE',(#693),#573,.F.);
#433=ADVANCED_FACE('NONE',(#694),#118,.F.);
#434=ADVANCED_FACE('NONE',(#695),#574,.F.);
#435=ADVANCED_FACE('NONE',(#696),#119,.F.);
#436=ADVANCED_FACE('NONE',(#697),#575,.F.);
#437=ADVANCED_FACE('NONE',(#698),#120,.F.);
#438=ADVANCED_FACE('NONE',(#699),#576,.F.);
#439=ADVANCED_FACE('NONE',(#700),#121,.F.);
#440=ADVANCED_FACE('NONE',(#701),#577,.F.);
#441=ADVANCED_FACE('NONE',(#49,#50),#122,.T.);
#442=ADVANCED_FACE('NONE',(#702),#211,.T.);
#443=ADVANCED_FACE('NONE',(#51,#52,#53,#54,#55,#56),#123,.F.);
#444=ADVANCED_FACE('NONE',(#703),#212,.T.);
#445=ADVANCED_FACE('NONE',(#57,#58,#59,#60,#61),#124,.F.);
#446=ADVANCED_FACE('NONE',(#704),#213,.T.);
#447=ADVANCED_FACE('NONE',(#705),#214,.T.);
#448=ADVANCED_FACE('NONE',(#62,#63,#64),#125,.T.);
#449=ADVANCED_FACE('NONE',(#65,#66,#67,#68,#69),#126,.F.);
#450=ADVANCED_FACE('NONE',(#70,#71,#72,#73,#74,#75),#127,.F.);
#451=ADVANCED_FACE('NONE',(#706),#128,.F.);
#452=ADVANCED_FACE('NONE',(#707),#129,.T.);
#453=ADVANCED_FACE('NONE',(#708),#130,.F.);
#454=ADVANCED_FACE('NONE',(#709),#131,.F.);
#455=ADVANCED_FACE('NONE',(#710),#132,.F.);
#456=ADVANCED_FACE('NONE',(#711),#133,.T.);
#457=ADVANCED_FACE('NONE',(#712),#134,.F.);
#458=ADVANCED_FACE('NONE',(#713),#135,.F.);
#459=ADVANCED_FACE('NONE',(#714),#136,.F.);
#460=ADVANCED_FACE('NONE',(#715),#137,.F.);
#461=ADVANCED_FACE('NONE',(#716),#138,.T.);
#462=ADVANCED_FACE('NONE',(#717),#139,.F.);
#463=ADVANCED_FACE('NONE',(#718),#140,.F.);
#464=ADVANCED_FACE('NONE',(#719),#141,.T.);
#465=ADVANCED_FACE('NONE',(#720),#142,.F.);
#466=ADVANCED_FACE('NONE',(#721),#143,.F.);
#467=ADVANCED_FACE('NONE',(#722),#144,.F.);
#468=ADVANCED_FACE('NONE',(#723),#145,.F.);
#469=ADVANCED_FACE('NONE',(#724),#215,.F.);
#470=ADVANCED_FACE('NONE',(#725),#146,.T.);
#471=ADVANCED_FACE('NONE',(#726),#147,.F.);
#472=ADVANCED_FACE('NONE',(#727),#148,.F.);
#473=ADVANCED_FACE('NONE',(#728),#149,.T.);
#474=ADVANCED_FACE('NONE',(#729),#150,.F.);
#475=ADVANCED_FACE('NONE',(#730),#151,.F.);
#476=ADVANCED_FACE('NONE',(#731),#152,.F.);
#477=ADVANCED_FACE('NONE',(#732),#153,.F.);
#478=ADVANCED_FACE('NONE',(#733),#154,.T.);
#479=ADVANCED_FACE('NONE',(#734),#155,.T.);
#480=ADVANCED_FACE('NONE',(#735),#156,.F.);
#481=ADVANCED_FACE('NONE',(#736),#157,.F.);
#482=ADVANCED_FACE('NONE',(#737),#158,.T.);
#483=ADVANCED_FACE('NONE',(#738),#159,.F.);
#484=ADVANCED_FACE('NONE',(#739),#160,.F.);
#485=ADVANCED_FACE('NONE',(#740),#161,.T.);
#486=ADVANCED_FACE('NONE',(#741),#162,.F.);
#487=ADVANCED_FACE('NONE',(#742),#163,.F.);
#488=ADVANCED_FACE('NONE',(#743),#164,.F.);
#489=ADVANCED_FACE('NONE',(#744),#165,.F.);
#490=ADVANCED_FACE('NONE',(#745),#166,.T.);
#491=ADVANCED_FACE('NONE',(#746),#167,.T.);
#492=ADVANCED_FACE('NONE',(#747),#216,.F.);
#493=ADVANCED_FACE('NONE',(#76,#77,#78,#79,#80,#81,#82,#83,#84,#85,#86,
#87,#88,#89,#90,#91,#92,#93,#94,#95),#168,.T.);
#494=ADVANCED_FACE('NONE',(#748),#217,.F.);
#495=ADVANCED_FACE('NONE',(#749),#218,.F.);
#496=ADVANCED_FACE('NONE',(#750),#219,.F.);
#497=ADVANCED_FACE('NONE',(#751),#220,.F.);
#498=ADVANCED_FACE('NONE',(#752),#221,.F.);
#499=ADVANCED_FACE('NONE',(#753),#222,.F.);
#500=ADVANCED_FACE('NONE',(#754),#223,.F.);
#501=ADVANCED_FACE('NONE',(#755),#224,.F.);
#502=ADVANCED_FACE('NONE',(#756),#225,.F.);
#503=ADVANCED_FACE('NONE',(#757),#226,.F.);
#504=ADVANCED_FACE('NONE',(#758),#227,.F.);
#505=ADVANCED_FACE('NONE',(#759),#228,.F.);
#506=ADVANCED_FACE('NONE',(#760),#229,.F.);
#507=ADVANCED_FACE('NONE',(#761),#230,.F.);
#508=ADVANCED_FACE('NONE',(#762),#231,.F.);
#509=ADVANCED_FACE('NONE',(#763),#232,.F.);
#510=ADVANCED_FACE('NONE',(#764),#233,.F.);
#511=ADVANCED_FACE('NONE',(#765),#234,.F.);
#512=ADVANCED_FACE('NONE',(#766),#235,.F.);
#513=ADVANCED_FACE('NONE',(#767),#236,.F.);
#514=ADVANCED_FACE('NONE',(#768),#237,.F.);
#515=ADVANCED_FACE('NONE',(#769),#238,.F.);
#516=ADVANCED_FACE('NONE',(#770),#239,.F.);
#517=ADVANCED_FACE('NONE',(#771),#240,.F.);
#518=ADVANCED_FACE('NONE',(#772),#578,.F.);
#519=ADVANCED_FACE('NONE',(#773),#579,.F.);
#520=ADVANCED_FACE('NONE',(#774),#325,.F.);
#521=ADVANCED_FACE('NONE',(#775),#580,.F.);
#522=ADVANCED_FACE('NONE',(#776),#581,.F.);
#523=ADVANCED_FACE('NONE',(#777),#326,.F.);
#524=ADVANCED_FACE('NONE',(#778),#582,.F.);
#525=ADVANCED_FACE('NONE',(#779),#583,.F.);
#526=ADVANCED_FACE('NONE',(#780),#327,.F.);
#527=ADVANCED_FACE('NONE',(#781),#328,.F.);
#528=ADVANCED_FACE('NONE',(#782),#584,.F.);
#529=ADVANCED_FACE('NONE',(#783),#585,.F.);
#530=ADVANCED_FACE('NONE',(#784),#329,.F.);
#531=ADVANCED_FACE('NONE',(#785),#586,.F.);
#532=ADVANCED_FACE('NONE',(#786),#587,.F.);
#533=ADVANCED_FACE('NONE',(#787),#330,.F.);
#534=ADVANCED_FACE('NONE',(#788),#588,.F.);
#535=ADVANCED_FACE('NONE',(#789),#589,.F.);
#536=ADVANCED_FACE('NONE',(#790),#590,.F.);
#537=ADVANCED_FACE('NONE',(#791),#591,.F.);
#538=ADVANCED_FACE('NONE',(#792),#331,.F.);
#539=ADVANCED_FACE('NONE',(#793),#592,.F.);
#540=ADVANCED_FACE('NONE',(#794),#593,.F.);
#541=ADVANCED_FACE('NONE',(#795),#332,.F.);
#542=ADVANCED_FACE('NONE',(#796),#594,.F.);
#543=ADVANCED_FACE('NONE',(#797),#595,.F.);
#544=ADVANCED_FACE('NONE',(#798),#333,.F.);
#545=ADVANCED_FACE('NONE',(#799),#334,.F.);
#546=ADVANCED_FACE('NONE',(#800),#596,.F.);
#547=ADVANCED_FACE('NONE',(#801),#597,.F.);
#548=ADVANCED_FACE('NONE',(#802),#335,.F.);
#549=ADVANCED_FACE('NONE',(#803),#598,.F.);
#550=ADVANCED_FACE('NONE',(#804),#599,.F.);
#551=ADVANCED_FACE('NONE',(#805),#336,.F.);
#552=ADVANCED_FACE('NONE',(#806),#600,.F.);
#553=ADVANCED_FACE('NONE',(#807),#601,.F.);
#554=CONICAL_SURFACE('',#4174,2.44536900183449,12.);
#555=CONICAL_SURFACE('',#4181,2.44536900183449,12.);
#556=CONICAL_SURFACE('',#4188,2.4453690018345,12.);
#557=CONICAL_SURFACE('',#4200,2.44536900183449,12.);
#558=CONICAL_SURFACE('',#4207,2.44536900183449,12.);
#559=CONICAL_SURFACE('',#4214,2.4453690018345,12.);
#560=CONICAL_SURFACE('',#4216,2.44536900183449,12.);
#561=CONICAL_SURFACE('',#4223,2.44536900183449,12.);
#562=CONICAL_SURFACE('',#4230,2.4453690018345,12.);
#563=CONICAL_SURFACE('',#4242,2.44536900183449,12.);
#564=CONICAL_SURFACE('',#4249,2.44536900183449,12.);
#565=CONICAL_SURFACE('',#4256,2.4453690018345,12.);
#566=CONICAL_SURFACE('',#4386,8.94683266717908,5.00000000000001);
#567=CONICAL_SURFACE('',#4389,8.94683266717908,5.00000000000001);
#568=CONICAL_SURFACE('',#4391,8.94683266717908,5.00000000000001);
#569=CONICAL_SURFACE('',#4394,8.94683266717908,5.00000000000001);
#570=CONICAL_SURFACE('',#4397,23.0625566823704,12.);
#571=CONICAL_SURFACE('',#4401,23.0625566823703,12.);
#572=CONICAL_SURFACE('',#4404,23.0625566823703,12.);
#573=CONICAL_SURFACE('',#4408,23.0625566823703,12.);
#574=CONICAL_SURFACE('',#4412,25.5,5.00000000000001);
#575=CONICAL_SURFACE('',#4416,25.5,5.00000000000001);
#576=CONICAL_SURFACE('',#4420,25.5,5.00000000000001);
#577=CONICAL_SURFACE('',#4424,25.5,5.00000000000001);
#578=CONICAL_SURFACE('',#4543,2.4453690018345,12.);
#579=CONICAL_SURFACE('',#4544,2.4453690018345,12.);
#580=CONICAL_SURFACE('',#4547,2.44536900183449,12.);
#581=CONICAL_SURFACE('',#4548,2.44536900183449,12.);
#582=CONICAL_SURFACE('',#4551,2.44536900183449,12.);
#583=CONICAL_SURFACE('',#4552,2.44536900183449,12.);
#584=CONICAL_SURFACE('',#4556,2.4453690018345,12.);
#585=CONICAL_SURFACE('',#4557,2.4453690018345,12.);
#586=CONICAL_SURFACE('',#4560,2.44536900183449,12.);
#587=CONICAL_SURFACE('',#4561,2.44536900183449,12.);
#588=CONICAL_SURFACE('',#4564,2.44536900183449,12.);
#589=CONICAL_SURFACE('',#4565,2.44536900183449,12.);
#590=CONICAL_SURFACE('',#4567,2.4453690018345,12.);
#591=CONICAL_SURFACE('',#4568,2.4453690018345,12.);
#592=CONICAL_SURFACE('',#4571,2.44536900183449,12.);
#593=CONICAL_SURFACE('',#4572,2.44536900183449,12.);
#594=CONICAL_SURFACE('',#4575,2.44536900183449,12.);
#595=CONICAL_SURFACE('',#4576,2.44536900183449,12.);
#596=CONICAL_SURFACE('',#4580,2.4453690018345,12.);
#597=CONICAL_SURFACE('',#4581,2.4453690018345,12.);
#598=CONICAL_SURFACE('',#4584,2.44536900183449,12.);
#599=CONICAL_SURFACE('',#4585,2.44536900183449,12.);
#600=CONICAL_SURFACE('',#4588,2.44536900183449,12.);
#601=CONICAL_SURFACE('',#4589,2.44536900183449,12.);
#602=FACE_OUTER_BOUND('',#808,.T.);
#603=FACE_OUTER_BOUND('',#809,.T.);
#604=FACE_OUTER_BOUND('',#810,.T.);
#605=FACE_OUTER_BOUND('',#811,.T.);
#606=FACE_OUTER_BOUND('',#812,.T.);
#607=FACE_OUTER_BOUND('',#813,.T.);
#608=FACE_OUTER_BOUND('',#814,.T.);
#609=FACE_OUTER_BOUND('',#815,.T.);
#610=FACE_OUTER_BOUND('',#816,.T.);
#611=FACE_OUTER_BOUND('',#817,.T.);
#612=FACE_OUTER_BOUND('',#818,.T.);
#613=FACE_OUTER_BOUND('',#819,.T.);
#614=FACE_OUTER_BOUND('',#820,.T.);
#615=FACE_OUTER_BOUND('',#821,.T.);
#616=FACE_OUTER_BOUND('',#822,.T.);
#617=FACE_OUTER_BOUND('',#823,.T.);
#618=FACE_OUTER_BOUND('',#824,.T.);
#619=FACE_OUTER_BOUND('',#825,.T.);
#620=FACE_OUTER_BOUND('',#826,.T.);
#621=FACE_OUTER_BOUND('',#827,.T.);
#622=FACE_OUTER_BOUND('',#828,.T.);
#623=FACE_OUTER_BOUND('',#829,.T.);
#624=FACE_OUTER_BOUND('',#830,.T.);
#625=FACE_OUTER_BOUND('',#831,.T.);
#626=FACE_OUTER_BOUND('',#832,.T.);
#627=FACE_OUTER_BOUND('',#833,.T.);
#628=FACE_OUTER_BOUND('',#834,.T.);
#629=FACE_OUTER_BOUND('',#835,.T.);
#630=FACE_OUTER_BOUND('',#836,.T.);
#631=FACE_OUTER_BOUND('',#837,.T.);
#632=FACE_OUTER_BOUND('',#838,.T.);
#633=FACE_OUTER_BOUND('',#839,.T.);
#634=FACE_OUTER_BOUND('',#840,.T.);
#635=FACE_OUTER_BOUND('',#841,.T.);
#636=FACE_OUTER_BOUND('',#842,.T.);
#637=FACE_OUTER_BOUND('',#843,.T.);
#638=FACE_OUTER_BOUND('',#844,.T.);
#639=FACE_OUTER_BOUND('',#845,.T.);
#640=FACE_OUTER_BOUND('',#846,.T.);
#641=FACE_OUTER_BOUND('',#847,.T.);
#642=FACE_OUTER_BOUND('',#848,.T.);
#643=FACE_OUTER_BOUND('',#849,.T.);
#644=FACE_OUTER_BOUND('',#850,.T.);
#645=FACE_OUTER_BOUND('',#851,.T.);
#646=FACE_OUTER_BOUND('',#852,.T.);
#647=FACE_OUTER_BOUND('',#853,.T.);
#648=FACE_OUTER_BOUND('',#854,.T.);
#649=FACE_OUTER_BOUND('',#855,.T.);
#650=FACE_OUTER_BOUND('',#856,.T.);
#651=FACE_OUTER_BOUND('',#857,.T.);
#652=FACE_OUTER_BOUND('',#858,.T.);
#653=FACE_OUTER_BOUND('',#859,.T.);
#654=FACE_OUTER_BOUND('',#860,.T.);
#655=FACE_OUTER_BOUND('',#861,.T.);
#656=FACE_OUTER_BOUND('',#862,.T.);
#657=FACE_OUTER_BOUND('',#863,.T.);
#658=FACE_OUTER_BOUND('',#867,.T.);
#659=FACE_OUTER_BOUND('',#868,.T.);
#660=FACE_OUTER_BOUND('',#869,.T.);
#661=FACE_OUTER_BOUND('',#870,.T.);
#662=FACE_OUTER_BOUND('',#871,.T.);
#663=FACE_OUTER_BOUND('',#872,.T.);
#664=FACE_OUTER_BOUND('',#873,.T.);
#665=FACE_OUTER_BOUND('',#874,.T.);
#666=FACE_OUTER_BOUND('',#878,.T.);
#667=FACE_OUTER_BOUND('',#879,.T.);
#668=FACE_OUTER_BOUND('',#880,.T.);
#669=FACE_OUTER_BOUND('',#881,.T.);
#670=FACE_OUTER_BOUND('',#882,.T.);
#671=FACE_OUTER_BOUND('',#883,.T.);
#672=FACE_OUTER_BOUND('',#884,.T.);
#673=FACE_OUTER_BOUND('',#885,.T.);
#674=FACE_OUTER_BOUND('',#893,.T.);
#675=FACE_OUTER_BOUND('',#894,.T.);
#676=FACE_OUTER_BOUND('',#895,.T.);
#677=FACE_OUTER_BOUND('',#896,.T.);
#678=FACE_OUTER_BOUND('',#897,.T.);
#679=FACE_OUTER_BOUND('',#898,.T.);
#680=FACE_OUTER_BOUND('',#899,.T.);
#681=FACE_OUTER_BOUND('',#900,.T.);
#682=FACE_OUTER_BOUND('',#903,.T.);
#683=FACE_OUTER_BOUND('',#904,.T.);
#684=FACE_OUTER_BOUND('',#905,.T.);
#685=FACE_OUTER_BOUND('',#906,.T.);
#686=FACE_OUTER_BOUND('',#907,.T.);
#687=FACE_OUTER_BOUND('',#908,.T.);
#688=FACE_OUTER_BOUND('',#909,.T.);
#689=FACE_OUTER_BOUND('',#910,.T.);
#690=FACE_OUTER_BOUND('',#911,.T.);
#691=FACE_OUTER_BOUND('',#912,.T.);
#692=FACE_OUTER_BOUND('',#913,.T.);
#693=FACE_OUTER_BOUND('',#914,.T.);
#694=FACE_OUTER_BOUND('',#915,.T.);
#695=FACE_OUTER_BOUND('',#916,.T.);
#696=FACE_OUTER_BOUND('',#917,.T.);
#697=FACE_OUTER_BOUND('',#918,.T.);
#698=FACE_OUTER_BOUND('',#919,.T.);
#699=FACE_OUTER_BOUND('',#920,.T.);
#700=FACE_OUTER_BOUND('',#921,.T.);
#701=FACE_OUTER_BOUND('',#922,.T.);
#702=FACE_OUTER_BOUND('',#925,.T.);
#703=FACE_OUTER_BOUND('',#932,.T.);
#704=FACE_OUTER_BOUND('',#938,.T.);
#705=FACE_OUTER_BOUND('',#939,.T.);
#706=FACE_OUTER_BOUND('',#954,.T.);
#707=FACE_OUTER_BOUND('',#955,.T.);
#708=FACE_OUTER_BOUND('',#956,.T.);
#709=FACE_OUTER_BOUND('',#957,.T.);
#710=FACE_OUTER_BOUND('',#958,.T.);
#711=FACE_OUTER_BOUND('',#959,.T.);
#712=FACE_OUTER_BOUND('',#960,.T.);
#713=FACE_OUTER_BOUND('',#961,.T.);
#714=FACE_OUTER_BOUND('',#962,.T.);
#715=FACE_OUTER_BOUND('',#963,.T.);
#716=FACE_OUTER_BOUND('',#964,.T.);
#717=FACE_OUTER_BOUND('',#965,.T.);
#718=FACE_OUTER_BOUND('',#966,.T.);
#719=FACE_OUTER_BOUND('',#967,.T.);
#720=FACE_OUTER_BOUND('',#968,.T.);
#721=FACE_OUTER_BOUND('',#969,.T.);
#722=FACE_OUTER_BOUND('',#970,.T.);
#723=FACE_OUTER_BOUND('',#971,.T.);
#724=FACE_OUTER_BOUND('',#972,.T.);
#725=FACE_OUTER_BOUND('',#973,.T.);
#726=FACE_OUTER_BOUND('',#974,.T.);
#727=FACE_OUTER_BOUND('',#975,.T.);
#728=FACE_OUTER_BOUND('',#976,.T.);
#729=FACE_OUTER_BOUND('',#977,.T.);
#730=FACE_OUTER_BOUND('',#978,.T.);
#731=FACE_OUTER_BOUND('',#979,.T.);
#732=FACE_OUTER_BOUND('',#980,.T.);
#733=FACE_OUTER_BOUND('',#981,.T.);
#734=FACE_OUTER_BOUND('',#982,.T.);
#735=FACE_OUTER_BOUND('',#983,.T.);
#736=FACE_OUTER_BOUND('',#984,.T.);
#737=FACE_OUTER_BOUND('',#985,.T.);
#738=FACE_OUTER_BOUND('',#986,.T.);
#739=FACE_OUTER_BOUND('',#987,.T.);
#740=FACE_OUTER_BOUND('',#988,.T.);
#741=FACE_OUTER_BOUND('',#989,.T.);
#742=FACE_OUTER_BOUND('',#990,.T.);
#743=FACE_OUTER_BOUND('',#991,.T.);
#744=FACE_OUTER_BOUND('',#992,.T.);
#745=FACE_OUTER_BOUND('',#993,.T.);
#746=FACE_OUTER_BOUND('',#994,.T.);
#747=FACE_OUTER_BOUND('',#995,.T.);
#748=FACE_OUTER_BOUND('',#1016,.T.);
#749=FACE_OUTER_BOUND('',#1017,.T.);
#750=FACE_OUTER_BOUND('',#1018,.T.);
#751=FACE_OUTER_BOUND('',#1019,.T.);
#752=FACE_OUTER_BOUND('',#1020,.T.);
#753=FACE_OUTER_BOUND('',#1021,.T.);
#754=FACE_OUTER_BOUND('',#1022,.T.);
#755=FACE_OUTER_BOUND('',#1023,.T.);
#756=FACE_OUTER_BOUND('',#1024,.T.);
#757=FACE_OUTER_BOUND('',#1025,.T.);
#758=FACE_OUTER_BOUND('',#1026,.T.);
#759=FACE_OUTER_BOUND('',#1027,.T.);
#760=FACE_OUTER_BOUND('',#1028,.T.);
#761=FACE_OUTER_BOUND('',#1029,.T.);
#762=FACE_OUTER_BOUND('',#1030,.T.);
#763=FACE_OUTER_BOUND('',#1031,.T.);
#764=FACE_OUTER_BOUND('',#1032,.T.);
#765=FACE_OUTER_BOUND('',#1033,.T.);
#766=FACE_OUTER_BOUND('',#1034,.T.);
#767=FACE_OUTER_BOUND('',#1035,.T.);
#768=FACE_OUTER_BOUND('',#1036,.T.);
#769=FACE_OUTER_BOUND('',#1037,.T.);
#770=FACE_OUTER_BOUND('',#1038,.T.);
#771=FACE_OUTER_BOUND('',#1039,.T.);
#772=FACE_OUTER_BOUND('',#1040,.T.);
#773=FACE_OUTER_BOUND('',#1041,.T.);
#774=FACE_OUTER_BOUND('',#1042,.T.);
#775=FACE_OUTER_BOUND('',#1043,.T.);
#776=FACE_OUTER_BOUND('',#1044,.T.);
#777=FACE_OUTER_BOUND('',#1045,.T.);
#778=FACE_OUTER_BOUND('',#1046,.T.);
#779=FACE_OUTER_BOUND('',#1047,.T.);
#780=FACE_OUTER_BOUND('',#1048,.T.);
#781=FACE_OUTER_BOUND('',#1049,.T.);
#782=FACE_OUTER_BOUND('',#1050,.T.);
#783=FACE_OUTER_BOUND('',#1051,.T.);
#784=FACE_OUTER_BOUND('',#1052,.T.);
#785=FACE_OUTER_BOUND('',#1053,.T.);
#786=FACE_OUTER_BOUND('',#1054,.T.);
#787=FACE_OUTER_BOUND('',#1055,.T.);
#788=FACE_OUTER_BOUND('',#1056,.T.);
#789=FACE_OUTER_BOUND('',#1057,.T.);
#790=FACE_OUTER_BOUND('',#1058,.T.);
#791=FACE_OUTER_BOUND('',#1059,.T.);
#792=FACE_OUTER_BOUND('',#1060,.T.);
#793=FACE_OUTER_BOUND('',#1061,.T.);
#794=FACE_OUTER_BOUND('',#1062,.T.);
#795=FACE_OUTER_BOUND('',#1063,.T.);
#796=FACE_OUTER_BOUND('',#1064,.T.);
#797=FACE_OUTER_BOUND('',#1065,.T.);
#798=FACE_OUTER_BOUND('',#1066,.T.);
#799=FACE_OUTER_BOUND('',#1067,.T.);
#800=FACE_OUTER_BOUND('',#1068,.T.);
#801=FACE_OUTER_BOUND('',#1069,.T.);
#802=FACE_OUTER_BOUND('',#1070,.T.);
#803=FACE_OUTER_BOUND('',#1071,.T.);
#804=FACE_OUTER_BOUND('',#1072,.T.);
#805=FACE_OUTER_BOUND('',#1073,.T.);
#806=FACE_OUTER_BOUND('',#1074,.T.);
#807=FACE_OUTER_BOUND('',#1075,.T.);
#808=EDGE_LOOP('',(#1396,#1397,#1398,#1399));
#809=EDGE_LOOP('',(#1400,#1401,#1402,#1403,#1404));
#810=EDGE_LOOP('',(#1405,#1406,#1407,#1408));
#811=EDGE_LOOP('',(#1409,#1410,#1411,#1412,#1413));
#812=EDGE_LOOP('',(#1414,#1415,#1416,#1417));
#813=EDGE_LOOP('',(#1418,#1419,#1420,#1421,#1422));
#814=EDGE_LOOP('',(#1423,#1424,#1425,#1426,#1427));
#815=EDGE_LOOP('',(#1428,#1429,#1430,#1431));
#816=EDGE_LOOP('',(#1432,#1433,#1434,#1435,#1436));
#817=EDGE_LOOP('',(#1437,#1438,#1439,#1440));
#818=EDGE_LOOP('',(#1441,#1442,#1443,#1444,#1445));
#819=EDGE_LOOP('',(#1446,#1447,#1448,#1449));
#820=EDGE_LOOP('',(#1450,#1451,#1452,#1453));
#821=EDGE_LOOP('',(#1454,#1455,#1456,#1457,#1458));
#822=EDGE_LOOP('',(#1459,#1460,#1461,#1462));
#823=EDGE_LOOP('',(#1463,#1464,#1465,#1466,#1467));
#824=EDGE_LOOP('',(#1468,#1469,#1470,#1471));
#825=EDGE_LOOP('',(#1472,#1473,#1474,#1475,#1476));
#826=EDGE_LOOP('',(#1477,#1478,#1479,#1480,#1481));
#827=EDGE_LOOP('',(#1482,#1483,#1484,#1485));
#828=EDGE_LOOP('',(#1486,#1487,#1488,#1489,#1490));
#829=EDGE_LOOP('',(#1491,#1492,#1493,#1494));
#830=EDGE_LOOP('',(#1495,#1496,#1497,#1498,#1499));
#831=EDGE_LOOP('',(#1500,#1501,#1502,#1503));
#832=EDGE_LOOP('',(#1504,#1505,#1506,#1507));
#833=EDGE_LOOP('',(#1508,#1509,#1510,#1511));
#834=EDGE_LOOP('',(#1512,#1513,#1514,#1515));
#835=EDGE_LOOP('',(#1516,#1517,#1518,#1519));
#836=EDGE_LOOP('',(#1520,#1521,#1522,#1523));
#837=EDGE_LOOP('',(#1524,#1525,#1526,#1527));
#838=EDGE_LOOP('',(#1528,#1529,#1530,#1531));
#839=EDGE_LOOP('',(#1532,#1533,#1534,#1535));
#840=EDGE_LOOP('',(#1536,#1537,#1538,#1539));
#841=EDGE_LOOP('',(#1540,#1541,#1542,#1543));
#842=EDGE_LOOP('',(#1544,#1545,#1546,#1547));
#843=EDGE_LOOP('',(#1548,#1549,#1550,#1551));
#844=EDGE_LOOP('',(#1552,#1553,#1554,#1555));
#845=EDGE_LOOP('',(#1556,#1557,#1558,#1559));
#846=EDGE_LOOP('',(#1560,#1561,#1562,#1563));
#847=EDGE_LOOP('',(#1564,#1565,#1566,#1567));
#848=EDGE_LOOP('',(#1568,#1569,#1570,#1571));
#849=EDGE_LOOP('',(#1572,#1573,#1574,#1575));
#850=EDGE_LOOP('',(#1576,#1577,#1578,#1579));
#851=EDGE_LOOP('',(#1580,#1581,#1582,#1583));
#852=EDGE_LOOP('',(#1584,#1585,#1586,#1587));
#853=EDGE_LOOP('',(#1588,#1589,#1590,#1591));
#854=EDGE_LOOP('',(#1592,#1593,#1594,#1595));
#855=EDGE_LOOP('',(#1596,#1597,#1598,#1599));
#856=EDGE_LOOP('',(#1600,#1601,#1602,#1603));
#857=EDGE_LOOP('',(#1604,#1605,#1606,#1607));
#858=EDGE_LOOP('',(#1608,#1609,#1610,#1611));
#859=EDGE_LOOP('',(#1612,#1613,#1614,#1615));
#860=EDGE_LOOP('',(#1616,#1617));
#861=EDGE_LOOP('',(#1618,#1619,#1620,#1621));
#862=EDGE_LOOP('',(#1622,#1623));
#863=EDGE_LOOP('',(#1624,#1625,#1626,#1627));
#864=EDGE_LOOP('',(#1628,#1629,#1630,#1631,#1632,#1633,#1634,#1635));
#865=EDGE_LOOP('',(#1636,#1637));
#866=EDGE_LOOP('',(#1638,#1639));
#867=EDGE_LOOP('',(#1640,#1641,#1642,#1643));
#868=EDGE_LOOP('',(#1644,#1645,#1646,#1647));
#869=EDGE_LOOP('',(#1648,#1649,#1650,#1651));
#870=EDGE_LOOP('',(#1652,#1653,#1654,#1655));
#871=EDGE_LOOP('',(#1656,#1657,#1658,#1659));
#872=EDGE_LOOP('',(#1660,#1661,#1662,#1663));
#873=EDGE_LOOP('',(#1664,#1665,#1666,#1667));
#874=EDGE_LOOP('',(#1668,#1669,#1670,#1671));
#875=EDGE_LOOP('',(#1672,#1673,#1674,#1675,#1676,#1677,#1678,#1679));
#876=EDGE_LOOP('',(#1680,#1681));
#877=EDGE_LOOP('',(#1682,#1683));
#878=EDGE_LOOP('',(#1684,#1685,#1686,#1687));
#879=EDGE_LOOP('',(#1688,#1689,#1690,#1691));
#880=EDGE_LOOP('',(#1692,#1693,#1694,#1695));
#881=EDGE_LOOP('',(#1696,#1697,#1698,#1699));
#882=EDGE_LOOP('',(#1700,#1701,#1702,#1703));
#883=EDGE_LOOP('',(#1704,#1705,#1706,#1707));
#884=EDGE_LOOP('',(#1708,#1709,#1710,#1711));
#885=EDGE_LOOP('',(#1712,#1713,#1714,#1715));
#886=EDGE_LOOP('',(#1716,#1717,#1718,#1719,#1720,#1721,#1722,#1723));
#887=EDGE_LOOP('',(#1724,#1725));
#888=EDGE_LOOP('',(#1726,#1727));
#889=EDGE_LOOP('',(#1728,#1729));
#890=EDGE_LOOP('',(#1730,#1731));
#891=EDGE_LOOP('',(#1732,#1733));
#892=EDGE_LOOP('',(#1734,#1735));
#893=EDGE_LOOP('',(#1736,#1737,#1738,#1739));
#894=EDGE_LOOP('',(#1740,#1741,#1742,#1743));
#895=EDGE_LOOP('',(#1744,#1745,#1746,#1747));
#896=EDGE_LOOP('',(#1748,#1749,#1750,#1751));
#897=EDGE_LOOP('',(#1752,#1753,#1754,#1755));
#898=EDGE_LOOP('',(#1756,#1757,#1758,#1759));
#899=EDGE_LOOP('',(#1760,#1761,#1762,#1763));
#900=EDGE_LOOP('',(#1764,#1765,#1766,#1767));
#901=EDGE_LOOP('',(#1768,#1769,#1770,#1771,#1772,#1773,#1774,#1775));
#902=EDGE_LOOP('',(#1776,#1777,#1778,#1779,#1780,#1781,#1782,#1783));
#903=EDGE_LOOP('',(#1784,#1785,#1786,#1787));
#904=EDGE_LOOP('',(#1788,#1789,#1790,#1791));
#905=EDGE_LOOP('',(#1792,#1793,#1794,#1795));
#906=EDGE_LOOP('',(#1796,#1797,#1798,#1799));
#907=EDGE_LOOP('',(#1800,#1801,#1802,#1803));
#908=EDGE_LOOP('',(#1804,#1805,#1806,#1807));
#909=EDGE_LOOP('',(#1808,#1809,#1810,#1811));
#910=EDGE_LOOP('',(#1812,#1813,#1814,#1815));
#911=EDGE_LOOP('',(#1816,#1817,#1818,#1819));
#912=EDGE_LOOP('',(#1820,#1821,#1822,#1823));
#913=EDGE_LOOP('',(#1824,#1825,#1826,#1827));
#914=EDGE_LOOP('',(#1828,#1829,#1830,#1831));
#915=EDGE_LOOP('',(#1832,#1833,#1834,#1835));
#916=EDGE_LOOP('',(#1836,#1837,#1838,#1839));
#917=EDGE_LOOP('',(#1840,#1841,#1842,#1843));
#918=EDGE_LOOP('',(#1844,#1845,#1846,#1847));
#919=EDGE_LOOP('',(#1848,#1849,#1850,#1851));
#920=EDGE_LOOP('',(#1852,#1853,#1854,#1855));
#921=EDGE_LOOP('',(#1856,#1857,#1858,#1859));
#922=EDGE_LOOP('',(#1860,#1861,#1862,#1863));
#923=EDGE_LOOP('',(#1864,#1865,#1866,#1867,#1868,#1869,#1870,#1871));
#924=EDGE_LOOP('',(#1872,#1873,#1874,#1875,#1876,#1877,#1878,#1879));
#925=EDGE_LOOP('',(#1880,#1881,#1882,#1883));
#926=EDGE_LOOP('',(#1884,#1885,#1886,#1887));
#927=EDGE_LOOP('',(#1888,#1889));
#928=EDGE_LOOP('',(#1890,#1891));
#929=EDGE_LOOP('',(#1892,#1893));
#930=EDGE_LOOP('',(#1894,#1895));
#931=EDGE_LOOP('',(#1896,#1897));
#932=EDGE_LOOP('',(#1898,#1899,#1900,#1901));
#933=EDGE_LOOP('',(#1902,#1903,#1904,#1905));
#934=EDGE_LOOP('',(#1906,#1907));
#935=EDGE_LOOP('',(#1908,#1909));
#936=EDGE_LOOP('',(#1910,#1911));
#937=EDGE_LOOP('',(#1912,#1913));
#938=EDGE_LOOP('',(#1914,#1915,#1916,#1917));
#939=EDGE_LOOP('',(#1918,#1919,#1920,#1921));
#940=EDGE_LOOP('',(#1922,#1923,#1924,#1925,#1926,#1927,#1928,#1929));
#941=EDGE_LOOP('',(#1930,#1931,#1932,#1933,#1934,#1935,#1936,#1937));
#942=EDGE_LOOP('',(#1938,#1939,#1940,#1941,#1942,#1943,#1944,#1945));
#943=EDGE_LOOP('',(#1946,#1947));
#944=EDGE_LOOP('',(#1948,#1949));
#945=EDGE_LOOP('',(#1950,#1951,#1952,#1953));
#946=EDGE_LOOP('',(#1954,#1955));
#947=EDGE_LOOP('',(#1956,#1957));
#948=EDGE_LOOP('',(#1958,#1959));
#949=EDGE_LOOP('',(#1960,#1961));
#950=EDGE_LOOP('',(#1962,#1963));
#951=EDGE_LOOP('',(#1964,#1965,#1966,#1967));
#952=EDGE_LOOP('',(#1968,#1969));
#953=EDGE_LOOP('',(#1970,#1971));
#954=EDGE_LOOP('',(#1972,#1973,#1974,#1975,#1976,#1977));
#955=EDGE_LOOP('',(#1978,#1979,#1980,#1981));
#956=EDGE_LOOP('',(#1982,#1983,#1984,#1985));
#957=EDGE_LOOP('',(#1986,#1987,#1988,#1989,#1990,#1991));
#958=EDGE_LOOP('',(#1992,#1993,#1994,#1995,#1996));
#959=EDGE_LOOP('',(#1997,#1998,#1999,#2000));
#960=EDGE_LOOP('',(#2001,#2002,#2003,#2004));
#961=EDGE_LOOP('',(#2005,#2006,#2007,#2008));
#962=EDGE_LOOP('',(#2009,#2010,#2011,#2012,#2013,#2014));
#963=EDGE_LOOP('',(#2015,#2016,#2017,#2018));
#964=EDGE_LOOP('',(#2019,#2020,#2021,#2022));
#965=EDGE_LOOP('',(#2023,#2024,#2025,#2026,#2027,#2028));
#966=EDGE_LOOP('',(#2029,#2030,#2031,#2032));
#967=EDGE_LOOP('',(#2033,#2034,#2035,#2036));
#968=EDGE_LOOP('',(#2037,#2038,#2039,#2040,#2041));
#969=EDGE_LOOP('',(#2042,#2043,#2044,#2045,#2046,#2047));
#970=EDGE_LOOP('',(#2048,#2049,#2050,#2051));
#971=EDGE_LOOP('',(#2052,#2053,#2054,#2055));
#972=EDGE_LOOP('',(#2056,#2057,#2058,#2059,#2060,#2061,#2062,#2063,#2064,
#2065,#2066,#2067,#2068,#2069,#2070,#2071,#2072,#2073,#2074,#2075,#2076,
#2077,#2078,#2079,#2080,#2081,#2082,#2083,#2084,#2085,#2086,#2087,#2088,
#2089));
#973=EDGE_LOOP('',(#2090,#2091,#2092,#2093));
#974=EDGE_LOOP('',(#2094,#2095,#2096,#2097,#2098,#2099));
#975=EDGE_LOOP('',(#2100,#2101,#2102,#2103));
#976=EDGE_LOOP('',(#2104,#2105,#2106,#2107));
#977=EDGE_LOOP('',(#2108,#2109,#2110,#2111,#2112,#2113));
#978=EDGE_LOOP('',(#2114,#2115,#2116,#2117,#2118));
#979=EDGE_LOOP('',(#2119,#2120,#2121,#2122));
#980=EDGE_LOOP('',(#2123,#2124,#2125,#2126));
#981=EDGE_LOOP('',(#2127,#2128,#2129,#2130));
#982=EDGE_LOOP('',(#2131,#2132,#2133,#2134,#2135,#2136,#2137,#2138,#2139,
#2140,#2141,#2142));
#983=EDGE_LOOP('',(#2143,#2144,#2145,#2146,#2147,#2148));
#984=EDGE_LOOP('',(#2149,#2150,#2151,#2152));
#985=EDGE_LOOP('',(#2153,#2154,#2155,#2156));
#986=EDGE_LOOP('',(#2157,#2158,#2159,#2160,#2161,#2162));
#987=EDGE_LOOP('',(#2163,#2164,#2165,#2166));
#988=EDGE_LOOP('',(#2167,#2168,#2169,#2170));
#989=EDGE_LOOP('',(#2171,#2172,#2173,#2174,#2175));
#990=EDGE_LOOP('',(#2176,#2177,#2178,#2179,#2180,#2181));
#991=EDGE_LOOP('',(#2182,#2183,#2184,#2185));
#992=EDGE_LOOP('',(#2186,#2187,#2188,#2189));
#993=EDGE_LOOP('',(#2190,#2191,#2192,#2193,#2194,#2195,#2196,#2197,#2198,
#2199,#2200,#2201));
#994=EDGE_LOOP('',(#2202,#2203,#2204,#2205));
#995=EDGE_LOOP('',(#2206,#2207,#2208,#2209,#2210,#2211,#2212,#2213,#2214,
#2215,#2216,#2217,#2218,#2219,#2220,#2221,#2222,#2223,#2224,#2225,#2226,
#2227,#2228,#2229,#2230,#2231,#2232,#2233,#2234,#2235,#2236,#2237,#2238,
#2239));
#996=EDGE_LOOP('',(#2240,#2241,#2242,#2243,#2244,#2245,#2246,#2247,#2248,
#2249,#2250,#2251,#2252,#2253,#2254,#2255,#2256,#2257,#2258,#2259,#2260,
#2261,#2262,#2263,#2264,#2265,#2266,#2267,#2268,#2269,#2270,#2271));
#997=EDGE_LOOP('',(#2272,#2273));
#998=EDGE_LOOP('',(#2274,#2275));
#999=EDGE_LOOP('',(#2276,#2277));
#1000=EDGE_LOOP('',(#2278,#2279));
#1001=EDGE_LOOP('',(#2280,#2281));
#1002=EDGE_LOOP('',(#2282,#2283));
#1003=EDGE_LOOP('',(#2284,#2285));
#1004=EDGE_LOOP('',(#2286,#2287));
#1005=EDGE_LOOP('',(#2288,#2289));
#1006=EDGE_LOOP('',(#2290,#2291));
#1007=EDGE_LOOP('',(#2292,#2293));
#1008=EDGE_LOOP('',(#2294,#2295));
#1009=EDGE_LOOP('',(#2296,#2297));
#1010=EDGE_LOOP('',(#2298,#2299));
#1011=EDGE_LOOP('',(#2300,#2301,#2302,#2303,#2304,#2305,#2306,#2307));
#1012=EDGE_LOOP('',(#2308,#2309));
#1013=EDGE_LOOP('',(#2310,#2311));
#1014=EDGE_LOOP('',(#2312,#2313));
#1015=EDGE_LOOP('',(#2314,#2315));
#1016=EDGE_LOOP('',(#2316,#2317,#2318,#2319));
#1017=EDGE_LOOP('',(#2320,#2321,#2322,#2323));
#1018=EDGE_LOOP('',(#2324,#2325,#2326,#2327));
#1019=EDGE_LOOP('',(#2328,#2329,#2330,#2331));
#1020=EDGE_LOOP('',(#2332,#2333,#2334,#2335));
#1021=EDGE_LOOP('',(#2336,#2337,#2338,#2339));
#1022=EDGE_LOOP('',(#2340,#2341,#2342,#2343));
#1023=EDGE_LOOP('',(#2344,#2345,#2346,#2347));
#1024=EDGE_LOOP('',(#2348,#2349,#2350,#2351));
#1025=EDGE_LOOP('',(#2352,#2353,#2354,#2355));
#1026=EDGE_LOOP('',(#2356,#2357,#2358,#2359));
#1027=EDGE_LOOP('',(#2360,#2361,#2362,#2363));
#1028=EDGE_LOOP('',(#2364,#2365,#2366,#2367));
#1029=EDGE_LOOP('',(#2368,#2369,#2370,#2371));
#1030=EDGE_LOOP('',(#2372,#2373,#2374,#2375));
#1031=EDGE_LOOP('',(#2376,#2377,#2378,#2379));
#1032=EDGE_LOOP('',(#2380,#2381,#2382,#2383));
#1033=EDGE_LOOP('',(#2384,#2385,#2386,#2387));
#1034=EDGE_LOOP('',(#2388,#2389,#2390,#2391));
#1035=EDGE_LOOP('',(#2392,#2393,#2394,#2395));
#1036=EDGE_LOOP('',(#2396,#2397,#2398,#2399));
#1037=EDGE_LOOP('',(#2400,#2401,#2402,#2403));
#1038=EDGE_LOOP('',(#2404,#2405,#2406,#2407));
#1039=EDGE_LOOP('',(#2408,#2409,#2410,#2411));
#1040=EDGE_LOOP('',(#2412,#2413,#2414,#2415,#2416,#2417,#2418,#2419,#2420,
#2421,#2422));
#1041=EDGE_LOOP('',(#2423,#2424,#2425,#2426));
#1042=EDGE_LOOP('',(#2427,#2428,#2429,#2430,#2431));
#1043=EDGE_LOOP('',(#2432,#2433,#2434,#2435,#2436,#2437,#2438,#2439,#2440,
#2441,#2442));
#1044=EDGE_LOOP('',(#2443,#2444,#2445,#2446));
#1045=EDGE_LOOP('',(#2447,#2448,#2449,#2450,#2451));
#1046=EDGE_LOOP('',(#2452,#2453,#2454,#2455,#2456,#2457,#2458,#2459,#2460,
#2461,#2462));
#1047=EDGE_LOOP('',(#2463,#2464,#2465,#2466));
#1048=EDGE_LOOP('',(#2467,#2468,#2469,#2470,#2471));
#1049=EDGE_LOOP('',(#2472,#2473,#2474,#2475,#2476));
#1050=EDGE_LOOP('',(#2477,#2478,#2479,#2480));
#1051=EDGE_LOOP('',(#2481,#2482,#2483,#2484,#2485,#2486,#2487,#2488,#2489,
#2490,#2491));
#1052=EDGE_LOOP('',(#2492,#2493,#2494,#2495,#2496));
#1053=EDGE_LOOP('',(#2497,#2498,#2499,#2500));
#1054=EDGE_LOOP('',(#2501,#2502,#2503,#2504,#2505,#2506,#2507,#2508,#2509,
#2510,#2511));
#1055=EDGE_LOOP('',(#2512,#2513,#2514,#2515,#2516));
#1056=EDGE_LOOP('',(#2517,#2518,#2519,#2520));
#1057=EDGE_LOOP('',(#2521,#2522,#2523,#2524,#2525,#2526,#2527,#2528,#2529,
#2530,#2531));
#1058=EDGE_LOOP('',(#2532,#2533,#2534,#2535,#2536,#2537,#2538,#2539,#2540,
#2541,#2542));
#1059=EDGE_LOOP('',(#2543,#2544,#2545,#2546));
#1060=EDGE_LOOP('',(#2547,#2548,#2549,#2550,#2551));
#1061=EDGE_LOOP('',(#2552,#2553,#2554,#2555,#2556,#2557,#2558,#2559,#2560,
#2561,#2562));
#1062=EDGE_LOOP('',(#2563,#2564,#2565,#2566));
#1063=EDGE_LOOP('',(#2567,#2568,#2569,#2570,#2571));
#1064=EDGE_LOOP('',(#2572,#2573,#2574,#2575,#2576,#2577,#2578,#2579,#2580,
#2581,#2582));
#1065=EDGE_LOOP('',(#2583,#2584,#2585,#2586));
#1066=EDGE_LOOP('',(#2587,#2588,#2589,#2590,#2591));
#1067=EDGE_LOOP('',(#2592,#2593,#2594,#2595,#2596));
#1068=EDGE_LOOP('',(#2597,#2598,#2599,#2600));
#1069=EDGE_LOOP('',(#2601,#2602,#2603,#2604,#2605,#2606,#2607,#2608,#2609,
#2610,#2611));
#1070=EDGE_LOOP('',(#2612,#2613,#2614,#2615,#2616));
#1071=EDGE_LOOP('',(#2617,#2618,#2619,#2620));
#1072=EDGE_LOOP('',(#2621,#2622,#2623,#2624,#2625,#2626,#2627,#2628,#2629,
#2630,#2631));
#1073=EDGE_LOOP('',(#2632,#2633,#2634,#2635,#2636));
#1074=EDGE_LOOP('',(#2637,#2638,#2639,#2640));
#1075=EDGE_LOOP('',(#2641,#2642,#2643,#2644,#2645,#2646,#2647,#2648,#2649,
#2650,#2651));
#1076=B_SPLINE_CURVE_WITH_KNOTS('',3,(#5668,#5669,#5670,#5671),
 .UNSPECIFIED.,.F.,.F.,(4,4),(0.,1.),.UNSPECIFIED.);
#1077=B_SPLINE_CURVE_WITH_KNOTS('',3,(#5673,#5674,#5675,#5676),
 .UNSPECIFIED.,.F.,.F.,(4,4),(0.,1.),.UNSPECIFIED.);
#1078=B_SPLINE_CURVE_WITH_KNOTS('',3,(#5687,#5688,#5689,#5690,#5691,#5692,
#5693,#5694,#5695,#5696,#5697,#5698),.UNSPECIFIED.,.F.,.F.,(4,2,2,2,2,4),
(0.,0.125000000000005,0.18750000000001,0.250000000000015,0.500000000000011,
1.),.UNSPECIFIED.);
#1079=B_SPLINE_CURVE_WITH_KNOTS('',3,(#5705,#5706,#5707,#5708),
 .UNSPECIFIED.,.F.,.F.,(4,4),(0.,1.),.UNSPECIFIED.);
#1080=B_SPLINE_CURVE_WITH_KNOTS('',3,(#5710,#5711,#5712,#5713),
 .UNSPECIFIED.,.F.,.F.,(4,4),(0.,1.),.UNSPECIFIED.);
#1081=B_SPLINE_CURVE_WITH_KNOTS('',3,(#5724,#5725,#5726,#5727,#5728,#5729,
#5730,#5731,#5732,#5733,#5734,#5735),.UNSPECIFIED.,.F.,.F.,(4,2,2,2,2,4),
(0.,0.125000000000005,0.187500000000005,0.250000000000005,0.500000000000002,
1.),.UNSPECIFIED.);
#1082=B_SPLINE_CURVE_WITH_KNOTS('',3,(#5742,#5743,#5744,#5745),
 .UNSPECIFIED.,.F.,.F.,(4,4),(0.,1.),.UNSPECIFIED.);
#1083=B_SPLINE_CURVE_WITH_KNOTS('',3,(#5747,#5748,#5749,#5750),
 .UNSPECIFIED.,.F.,.F.,(4,4),(0.,1.),.UNSPECIFIED.);
#1084=B_SPLINE_CURVE_WITH_KNOTS('',3,(#5761,#5762,#5763,#5764,#5765,#5766,
#5767,#5768,#5769,#5770,#5771,#5772),.UNSPECIFIED.,.F.,.F.,(4,2,2,2,2,4),
(0.,0.125000000000003,0.187500000000006,0.250000000000008,0.500000000000005,
1.),.UNSPECIFIED.);
#1085=B_SPLINE_CURVE_WITH_KNOTS('',3,(#5783,#5784,#5785,#5786,#5787,#5788,
#5789,#5790,#5791,#5792,#5793,#5794),.UNSPECIFIED.,.F.,.F.,(4,2,2,2,2,4),
(0.,0.125000000000004,0.187500000000006,0.250000000000008,0.500000000000006,
1.),.UNSPECIFIED.);
#1086=B_SPLINE_CURVE_WITH_KNOTS('',3,(#5801,#5802,#5803,#5804),
 .UNSPECIFIED.,.F.,.F.,(4,4),(0.,1.),.UNSPECIFIED.);
#1087=B_SPLINE_CURVE_WITH_KNOTS('',3,(#5806,#5807,#5808,#5809),
 .UNSPECIFIED.,.F.,.F.,(4,4),(0.,1.),.UNSPECIFIED.);
#1088=B_SPLINE_CURVE_WITH_KNOTS('',3,(#5820,#5821,#5822,#5823,#5824,#5825,
#5826,#5827,#5828,#5829,#5830,#5831),.UNSPECIFIED.,.F.,.F.,(4,2,2,2,2,4),
(0.,0.124999999999999,0.187499999999999,0.249999999999998,0.500000000000002,
1.),.UNSPECIFIED.);
#1089=B_SPLINE_CURVE_WITH_KNOTS('',3,(#5838,#5839,#5840,#5841),
 .UNSPECIFIED.,.F.,.F.,(4,4),(0.,1.),.UNSPECIFIED.);
#1090=B_SPLINE_CURVE_WITH_KNOTS('',3,(#5843,#5844,#5845,#5846),
 .UNSPECIFIED.,.F.,.F.,(4,4),(0.,1.),.UNSPECIFIED.);
#1091=B_SPLINE_CURVE_WITH_KNOTS('',3,(#5857,#5858,#5859,#5860,#5861,#5862,
#5863,#5864,#5865,#5866,#5867,#5868),.UNSPECIFIED.,.F.,.F.,(4,2,2,2,2,4),
(0.,0.125,0.1875,0.25,0.500000000000001,1.),.UNSPECIFIED.);
#1092=B_SPLINE_CURVE_WITH_KNOTS('',3,(#5875,#5876,#5877,#5878),
 .UNSPECIFIED.,.F.,.F.,(4,4),(0.,1.),.UNSPECIFIED.);
#1093=B_SPLINE_CURVE_WITH_KNOTS('',3,(#5880,#5881,#5882,#5883),
 .UNSPECIFIED.,.F.,.F.,(4,4),(0.,1.),.UNSPECIFIED.);
#1094=B_SPLINE_CURVE_WITH_KNOTS('',3,(#5890,#5891,#5892,#5893),
 .UNSPECIFIED.,.F.,.F.,(4,4),(0.,1.),.UNSPECIFIED.);
#1095=B_SPLINE_CURVE_WITH_KNOTS('',3,(#5895,#5896,#5897,#5898),
 .UNSPECIFIED.,.F.,.F.,(4,4),(0.,1.),.UNSPECIFIED.);
#1096=B_SPLINE_CURVE_WITH_KNOTS('',3,(#5909,#5910,#5911,#5912,#5913,#5914,
#5915,#5916,#5917,#5918,#5919,#5920),.UNSPECIFIED.,.F.,.F.,(4,2,2,2,2,4),
(0.,0.124999999999992,0.187499999999991,0.24999999999999,0.49999999999999,
1.),.UNSPECIFIED.);
#1097=B_SPLINE_CURVE_WITH_KNOTS('',3,(#5927,#5928,#5929,#5930),
 .UNSPECIFIED.,.F.,.F.,(4,4),(0.,1.),.UNSPECIFIED.);
#1098=B_SPLINE_CURVE_WITH_KNOTS('',3,(#5932,#5933,#5934,#5935),
 .UNSPECIFIED.,.F.,.F.,(4,4),(0.,1.),.UNSPECIFIED.);
#1099=B_SPLINE_CURVE_WITH_KNOTS('',3,(#5946,#5947,#5948,#5949,#5950,#5951,
#5952,#5953,#5954,#5955,#5956,#5957),.UNSPECIFIED.,.F.,.F.,(4,2,2,2,2,4),
(0.,0.124999999999998,0.187499999999997,0.249999999999997,0.499999999999997,
1.),.UNSPECIFIED.);
#1100=B_SPLINE_CURVE_WITH_KNOTS('',3,(#5964,#5965,#5966,#5967),
 .UNSPECIFIED.,.F.,.F.,(4,4),(0.,1.),.UNSPECIFIED.);
#1101=B_SPLINE_CURVE_WITH_KNOTS('',3,(#5969,#5970,#5971,#5972),
 .UNSPECIFIED.,.F.,.F.,(4,4),(0.,1.),.UNSPECIFIED.);
#1102=B_SPLINE_CURVE_WITH_KNOTS('',3,(#5983,#5984,#5985,#5986,#5987,#5988,
#5989,#5990,#5991,#5992,#5993,#5994),.UNSPECIFIED.,.F.,.F.,(4,2,2,2,2,4),
(0.,0.124999999999997,0.187499999999996,0.249999999999995,0.499999999999996,
1.),.UNSPECIFIED.);
#1103=B_SPLINE_CURVE_WITH_KNOTS('',3,(#6005,#6006,#6007,#6008,#6009,#6010,
#6011,#6012,#6013,#6014,#6015,#6016),.UNSPECIFIED.,.F.,.F.,(4,2,2,2,2,4),
(0.,0.124999999999994,0.187499999999991,0.249999999999988,0.499999999999993,
1.),.UNSPECIFIED.);
#1104=B_SPLINE_CURVE_WITH_KNOTS('',3,(#6023,#6024,#6025,#6026),
 .UNSPECIFIED.,.F.,.F.,(4,4),(0.,1.),.UNSPECIFIED.);
#1105=B_SPLINE_CURVE_WITH_KNOTS('',3,(#6028,#6029,#6030,#6031),
 .UNSPECIFIED.,.F.,.F.,(4,4),(0.,1.),.UNSPECIFIED.);
#1106=B_SPLINE_CURVE_WITH_KNOTS('',3,(#6042,#6043,#6044,#6045,#6046,#6047,
#6048,#6049,#6050,#6051,#6052,#6053),.UNSPECIFIED.,.F.,.F.,(4,2,2,2,2,4),
(0.,0.124999999999996,0.187499999999993,0.249999999999989,0.499999999999993,
1.),.UNSPECIFIED.);
#1107=B_SPLINE_CURVE_WITH_KNOTS('',3,(#6060,#6061,#6062,#6063),
 .UNSPECIFIED.,.F.,.F.,(4,4),(0.,1.),.UNSPECIFIED.);
#1108=B_SPLINE_CURVE_WITH_KNOTS('',3,(#6065,#6066,#6067,#6068),
 .UNSPECIFIED.,.F.,.F.,(4,4),(0.,1.),.UNSPECIFIED.);
#1109=B_SPLINE_CURVE_WITH_KNOTS('',3,(#6079,#6080,#6081,#6082,#6083,#6084,
#6085,#6086,#6087,#6088,#6089,#6090),.UNSPECIFIED.,.F.,.F.,(4,2,2,2,2,4),
(0.,0.125000000000002,0.187500000000004,0.250000000000005,0.500000000000005,
1.),.UNSPECIFIED.);
#1110=B_SPLINE_CURVE_WITH_KNOTS('',3,(#6097,#6098,#6099,#6100),
 .UNSPECIFIED.,.F.,.F.,(4,4),(0.,1.),.UNSPECIFIED.);
#1111=B_SPLINE_CURVE_WITH_KNOTS('',3,(#6102,#6103,#6104,#6105),
 .UNSPECIFIED.,.F.,.F.,(4,4),(0.,1.),.UNSPECIFIED.);
#1112=B_SPLINE_CURVE_WITH_KNOTS('',3,(#6879,#6880,#6881,#6882),
 .UNSPECIFIED.,.F.,.F.,(4,4),(0.,1.),.UNSPECIFIED.);
#1113=B_SPLINE_CURVE_WITH_KNOTS('',3,(#6884,#6885,#6886,#6887),
 .UNSPECIFIED.,.F.,.F.,(4,4),(0.,1.),.UNSPECIFIED.);
#1114=B_SPLINE_CURVE_WITH_KNOTS('',3,(#6891,#6892,#6893,#6894),
 .UNSPECIFIED.,.F.,.F.,(4,4),(0.,1.),.UNSPECIFIED.);
#1115=B_SPLINE_CURVE_WITH_KNOTS('',3,(#6902,#6903,#6904,#6905,#6906,#6907,
#6908,#6909,#6910,#6911,#6912,#6913,#6914,#6915,#6916,#6917,#6918,#6919,
#6920,#6921,#6922,#6923,#6924,#6925,#6926,#6927,#6928,#6929,#6930,#6931,
#6932,#6933,#6934),.UNSPECIFIED.,.F.,.F.,(4,2,2,1,2,2,2,2,1,2,2,2,2,1,1,
1,2,2,4),(0.,0.0624999999999965,0.0937499999999948,0.109374999999994,0.117187499999993,
0.124999999999993,0.18749999999999,0.218749999999989,0.234374999999988,
0.242187499999988,0.249999999999987,0.374999999999979,0.437499999999976,
0.468749999999974,0.484374999999973,0.492187499999973,0.496093749999973,
0.499999999999972,1.),.UNSPECIFIED.);
#1116=B_SPLINE_CURVE_WITH_KNOTS('',3,(#6936,#6937,#6938,#6939,#6940,#6941,
#6942,#6943,#6944,#6945,#6946,#6947,#6948,#6949,#6950,#6951,#6952,#6953,
#6954,#6955,#6956,#6957,#6958,#6959,#6960,#6961,#6962,#6963,#6964,#6965,
#6966,#6967,#6968,#6969,#6970,#6971),.UNSPECIFIED.,.F.,.F.,(4,2,2,2,1,1,
1,2,2,2,2,1,1,2,2,2,2,1,2,2,4),(0.,0.250000000000018,0.375000000000027,
0.437500000000031,0.468750000000033,0.484375000000033,0.492187500000034,
0.496093750000034,0.500000000000034,0.625000000000025,0.687500000000021,
0.718750000000019,0.734375000000018,0.742187500000017,0.750000000000016,
0.812500000000013,0.843750000000011,0.85937500000001,0.867187500000009,
0.875000000000009,1.),.UNSPECIFIED.);
#1117=B_SPLINE_CURVE_WITH_KNOTS('',3,(#6977,#6978,#6979,#6980),
 .UNSPECIFIED.,.F.,.F.,(4,4),(0.,1.),.UNSPECIFIED.);
#1118=B_SPLINE_CURVE_WITH_KNOTS('',3,(#6982,#6983,#6984,#6985),
 .UNSPECIFIED.,.F.,.F.,(4,4),(0.,1.),.UNSPECIFIED.);
#1119=B_SPLINE_CURVE_WITH_KNOTS('',3,(#6989,#6990,#6991,#6992),
 .UNSPECIFIED.,.F.,.F.,(4,4),(0.,1.),.UNSPECIFIED.);
#1120=B_SPLINE_CURVE_WITH_KNOTS('',3,(#6994,#6995,#6996,#6997),
 .UNSPECIFIED.,.F.,.F.,(4,4),(0.,1.),.UNSPECIFIED.);
#1121=B_SPLINE_CURVE_WITH_KNOTS('',3,(#7003,#7004,#7005,#7006),
 .UNSPECIFIED.,.F.,.F.,(4,4),(0.,1.),.UNSPECIFIED.);
#1122=B_SPLINE_CURVE_WITH_KNOTS('',3,(#7014,#7015,#7016,#7017,#7018,#7019,
#7020,#7021,#7022,#7023,#7024,#7025,#7026,#7027,#7028,#7029,#7030,#7031,
#7032,#7033,#7034,#7035,#7036,#7037,#7038,#7039,#7040,#7041,#7042,#7043,
#7044,#7045,#7046),.UNSPECIFIED.,.F.,.F.,(4,2,2,1,2,2,2,2,1,2,2,2,2,1,1,
1,2,2,4),(0.,0.0625000000000032,0.0937500000000048,0.109375000000006,0.117187500000006,
0.125000000000007,0.187500000000011,0.218750000000013,0.234375000000014,
0.242187500000014,0.250000000000015,0.375000000000023,0.437500000000027,
0.468750000000029,0.48437500000003,0.49218750000003,0.49609375000003,0.50000000000003,
1.),.UNSPECIFIED.);
#1123=B_SPLINE_CURVE_WITH_KNOTS('',3,(#7048,#7049,#7050,#7051,#7052,#7053,
#7054,#7055,#7056,#7057,#7058,#7059,#7060,#7061,#7062,#7063,#7064,#7065,
#7066,#7067,#7068,#7069,#7070,#7071,#7072,#7073,#7074,#7075,#7076,#7077,
#7078,#7079,#7080,#7081,#7082,#7083),.UNSPECIFIED.,.F.,.F.,(4,2,2,2,1,1,
1,2,2,2,2,1,1,2,2,2,2,1,2,2,4),(0.,0.250000000000001,0.375000000000001,
0.437500000000001,0.468750000000001,0.484375000000001,0.492187500000002,
0.496093750000002,0.500000000000002,0.625,0.687499999999999,0.718749999999998,
0.734374999999998,0.742187499999998,0.749999999999998,0.812499999999998,
0.843749999999998,0.859374999999998,0.867187499999998,0.874999999999998,
1.),.UNSPECIFIED.);
#1124=B_SPLINE_CURVE_WITH_KNOTS('',3,(#7087,#7088,#7089,#7090,#7091,#7092,
#7093,#7094,#7095,#7096,#7097,#7098,#7099,#7100,#7101,#7102,#7103,#7104,
#7105,#7106,#7107,#7108,#7109,#7110,#7111,#7112,#7113,#7114,#7115,#7116,
#7117,#7118,#7119,#7120,#7121,#7122),.UNSPECIFIED.,.F.,.F.,(4,2,2,2,1,1,
1,2,2,2,2,1,1,2,2,2,2,1,2,2,4),(0.,0.250000000000005,0.375000000000008,
0.437500000000009,0.46875000000001,0.48437500000001,0.49218750000001,0.49609375000001,
0.50000000000001,0.625000000000008,0.687500000000006,0.718750000000006,
0.734375000000005,0.742187500000005,0.750000000000005,0.812500000000003,
0.843750000000003,0.859375000000002,0.867187500000002,0.875000000000002,
1.),.UNSPECIFIED.);
#1125=B_SPLINE_CURVE_WITH_KNOTS('',3,(#7128,#7129,#7130,#7131),
 .UNSPECIFIED.,.F.,.F.,(4,4),(0.,1.),.UNSPECIFIED.);
#1126=B_SPLINE_CURVE_WITH_KNOTS('',3,(#7136,#7137,#7138,#7139),
 .UNSPECIFIED.,.F.,.F.,(4,4),(0.,1.),.UNSPECIFIED.);
#1127=B_SPLINE_CURVE_WITH_KNOTS('',3,(#7142,#7143,#7144,#7145),
 .UNSPECIFIED.,.F.,.F.,(4,4),(0.,1.),.UNSPECIFIED.);
#1128=B_SPLINE_CURVE_WITH_KNOTS('',3,(#7147,#7148,#7149,#7150,#7151,#7152,
#7153,#7154,#7155,#7156,#7157,#7158,#7159,#7160,#7161,#7162,#7163,#7164,
#7165,#7166,#7167,#7168,#7169,#7170,#7171,#7172,#7173,#7174,#7175,#7176,
#7177,#7178,#7179,#7180,#7181,#7182),.UNSPECIFIED.,.F.,.F.,(4,2,2,2,1,1,
1,2,2,2,2,1,1,2,2,2,2,1,2,2,4),(0.,0.250000000000003,0.375000000000005,
0.437500000000006,0.468750000000006,0.484375000000007,0.492187500000007,
0.496093750000007,0.500000000000007,0.625000000000006,0.687500000000006,
0.718750000000006,0.734375000000006,0.742187500000005,0.750000000000005,
0.812500000000005,0.843750000000005,0.859375000000004,0.867187500000004,
0.875000000000004,1.),.UNSPECIFIED.);
#1129=B_SPLINE_CURVE_WITH_KNOTS('',3,(#7187,#7188,#7189,#7190,#7191,#7192,
#7193,#7194,#7195,#7196,#7197,#7198,#7199,#7200,#7201,#7202,#7203,#7204,
#7205,#7206,#7207,#7208,#7209,#7210,#7211,#7212,#7213,#7214,#7215,#7216,
#7217,#7218,#7219),.UNSPECIFIED.,.F.,.F.,(4,2,2,1,2,2,2,2,1,2,2,2,2,1,1,
1,2,2,4),(0.,0.0624999999999965,0.0937499999999948,0.109374999999994,0.117187499999994,
0.124999999999993,0.187499999999991,0.21874999999999,0.23437499999999,0.24218749999999,
0.249999999999989,0.374999999999988,0.437499999999988,0.468749999999987,
0.484374999999987,0.492187499999987,0.496093749999987,0.499999999999987,
1.),.UNSPECIFIED.);
#1130=B_SPLINE_CURVE_WITH_KNOTS('',3,(#7226,#7227,#7228,#7229),
 .UNSPECIFIED.,.F.,.F.,(4,4),(0.,1.),.UNSPECIFIED.);
#1131=B_SPLINE_CURVE_WITH_KNOTS('',3,(#7234,#7235,#7236,#7237),
 .UNSPECIFIED.,.F.,.F.,(4,4),(0.,1.),.UNSPECIFIED.);
#1132=B_SPLINE_CURVE_WITH_KNOTS('',3,(#7240,#7241,#7242,#7243),
 .UNSPECIFIED.,.F.,.F.,(4,4),(0.,1.),.UNSPECIFIED.);
#1133=B_SPLINE_CURVE_WITH_KNOTS('',3,(#7245,#7246,#7247,#7248,#7249,#7250,
#7251,#7252,#7253,#7254,#7255,#7256,#7257,#7258,#7259,#7260,#7261,#7262,
#7263,#7264,#7265,#7266,#7267,#7268,#7269,#7270,#7271,#7272,#7273,#7274,
#7275,#7276,#7277,#7278,#7279,#7280),.UNSPECIFIED.,.F.,.F.,(4,2,2,2,1,1,
1,2,2,2,2,1,1,2,2,2,2,1,2,2,4),(0.,0.250000000000016,0.375000000000024,
0.437500000000028,0.46875000000003,0.484375000000031,0.492187500000032,
0.496093750000031,0.500000000000031,0.625000000000024,0.687500000000021,
0.718750000000019,0.734375000000018,0.742187500000017,0.750000000000017,
0.812500000000012,0.84375000000001,0.859375000000009,0.867187500000008,
0.875000000000008,1.),.UNSPECIFIED.);
#1134=B_SPLINE_CURVE_WITH_KNOTS('',3,(#7285,#7286,#7287,#7288,#7289,#7290,
#7291,#7292,#7293,#7294,#7295,#7296,#7297,#7298,#7299,#7300,#7301,#7302,
#7303,#7304,#7305,#7306,#7307,#7308,#7309,#7310,#7311,#7312,#7313,#7314,
#7315,#7316,#7317),.UNSPECIFIED.,.F.,.F.,(4,2,2,1,2,2,2,2,1,2,2,2,2,1,1,
1,2,2,4),(0.,0.0624999999999968,0.0937499999999952,0.109374999999994,0.117187499999994,
0.124999999999993,0.18749999999999,0.218749999999988,0.234374999999987,
0.242187499999987,0.249999999999987,0.374999999999982,0.437499999999979,
0.468749999999978,0.484374999999977,0.492187499999977,0.496093749999977,
0.499999999999977,1.),.UNSPECIFIED.);
#1135=B_SPLINE_CURVE_WITH_KNOTS('',3,(#7327,#7328,#7329,#7330),
 .UNSPECIFIED.,.F.,.F.,(4,4),(0.,1.),.UNSPECIFIED.);
#1136=B_SPLINE_CURVE_WITH_KNOTS('',3,(#7332,#7333,#7334,#7335),
 .UNSPECIFIED.,.F.,.F.,(4,4),(0.,1.),.UNSPECIFIED.);
#1137=B_SPLINE_CURVE_WITH_KNOTS('',3,(#7340,#7341,#7342,#7343),
 .UNSPECIFIED.,.F.,.F.,(4,4),(0.,1.),.UNSPECIFIED.);
#1138=B_SPLINE_CURVE_WITH_KNOTS('',3,(#7346,#7347,#7348,#7349),
 .UNSPECIFIED.,.F.,.F.,(4,4),(0.,1.),.UNSPECIFIED.);
#1139=B_SPLINE_CURVE_WITH_KNOTS('',3,(#7351,#7352,#7353,#7354,#7355,#7356,
#7357,#7358,#7359,#7360,#7361,#7362,#7363,#7364,#7365,#7366,#7367,#7368,
#7369,#7370,#7371,#7372,#7373,#7374,#7375,#7376,#7377,#7378,#7379,#7380,
#7381,#7382,#7383),.UNSPECIFIED.,.F.,.F.,(4,2,2,1,2,2,2,2,1,2,2,2,2,1,1,
1,2,2,4),(0.,0.0624999999999985,0.0937499999999978,0.109374999999997,0.117187499999997,
0.124999999999997,0.187499999999996,0.218749999999995,0.234374999999994,
0.242187499999994,0.249999999999994,0.374999999999992,0.437499999999992,
0.468749999999991,0.484374999999991,0.492187499999991,0.496093749999991,
0.499999999999991,1.),.UNSPECIFIED.);
#1140=B_SPLINE_CURVE_WITH_KNOTS('',3,(#7389,#7390,#7391,#7392,#7393,#7394,
#7395,#7396,#7397,#7398,#7399,#7400,#7401,#7402,#7403,#7404,#7405,#7406,
#7407,#7408,#7409,#7410,#7411,#7412,#7413,#7414,#7415,#7416,#7417,#7418,
#7419,#7420,#7421,#7422,#7423,#7424),.UNSPECIFIED.,.F.,.F.,(4,2,2,2,1,1,
1,2,2,2,2,1,1,2,2,2,2,1,2,2,4),(0.,0.250000000000003,0.375000000000005,
0.437500000000006,0.468750000000006,0.484375000000006,0.492187500000006,
0.496093750000006,0.500000000000006,0.625000000000005,0.687500000000005,
0.718750000000005,0.734375000000004,0.742187500000004,0.750000000000004,
0.812500000000003,0.843750000000003,0.859375000000002,0.867187500000002,
0.875000000000002,1.),.UNSPECIFIED.);
#1141=B_SPLINE_CURVE_WITH_KNOTS('',3,(#7429,#7430,#7431,#7432,#7433,#7434,
#7435,#7436,#7437,#7438,#7439,#7440,#7441,#7442,#7443,#7444,#7445,#7446,
#7447,#7448,#7449,#7450,#7451,#7452,#7453,#7454,#7455,#7456,#7457,#7458,
#7459,#7460,#7461),.UNSPECIFIED.,.F.,.F.,(4,2,2,1,2,2,2,2,1,2,2,2,2,1,1,
1,2,2,4),(0.,0.0625000000000011,0.0937500000000017,0.109375000000002,0.117187500000002,
0.125000000000002,0.187500000000001,0.218750000000001,0.234375000000001,
0.242187500000001,0.250000000000001,0.375000000000003,0.437500000000004,
0.468750000000005,0.484375000000005,0.492187500000005,0.496093750000005,
0.500000000000005,1.),.UNSPECIFIED.);
#1142=B_SPLINE_CURVE_WITH_KNOTS('',3,(#7465,#7466,#7467,#7468),
 .UNSPECIFIED.,.F.,.F.,(4,4),(0.,1.),.UNSPECIFIED.);
#1143=B_SPLINE_CURVE_WITH_KNOTS('',3,(#7469,#7470,#7471,#7472,#7473,#7474,
#7475,#7476,#7477,#7478,#7479,#7480),.UNSPECIFIED.,.F.,.F.,(4,2,2,2,2,4),
(0.,0.500000000000003,0.625000000000002,0.750000000000002,0.875000000000001,
1.),.UNSPECIFIED.);
#1144=B_SPLINE_CURVE_WITH_KNOTS('',3,(#7481,#7482,#7483,#7484),
 .UNSPECIFIED.,.F.,.F.,(4,4),(0.,1.),.UNSPECIFIED.);
#1145=B_SPLINE_CURVE_WITH_KNOTS('',3,(#7485,#7486,#7487,#7488,#7489,#7490,
#7491,#7492,#7493,#7494,#7495,#7496),.UNSPECIFIED.,.F.,.F.,(4,2,2,2,2,4),
(0.,0.5,0.625,0.75,0.875,1.),.UNSPECIFIED.);
#1146=B_SPLINE_CURVE_WITH_KNOTS('',3,(#7497,#7498,#7499,#7500),
 .UNSPECIFIED.,.F.,.F.,(4,4),(0.,1.),.UNSPECIFIED.);
#1147=B_SPLINE_CURVE_WITH_KNOTS('',3,(#7501,#7502,#7503,#7504,#7505,#7506,
#7507,#7508,#7509,#7510,#7511,#7512),.UNSPECIFIED.,.F.,.F.,(4,2,2,2,2,4),
(0.,0.500000000000005,0.625000000000004,0.750000000000004,0.875000000000002,
1.),.UNSPECIFIED.);
#1148=B_SPLINE_CURVE_WITH_KNOTS('',3,(#7513,#7514,#7515,#7516),
 .UNSPECIFIED.,.F.,.F.,(4,4),(0.,1.),.UNSPECIFIED.);
#1149=B_SPLINE_CURVE_WITH_KNOTS('',3,(#7517,#7518,#7519,#7520,#7521,#7522,
#7523,#7524,#7525,#7526,#7527,#7528),.UNSPECIFIED.,.F.,.F.,(4,2,2,2,2,4),
(0.,0.5,0.625,0.75,0.875,1.),.UNSPECIFIED.);
#1150=B_SPLINE_CURVE_WITH_KNOTS('',3,(#7529,#7530,#7531,#7532),
 .UNSPECIFIED.,.F.,.F.,(4,4),(0.,1.),.UNSPECIFIED.);
#1151=B_SPLINE_CURVE_WITH_KNOTS('',3,(#7533,#7534,#7535,#7536,#7537,#7538,
#7539,#7540,#7541,#7542,#7543,#7544),.UNSPECIFIED.,.F.,.F.,(4,2,2,2,2,4),
(0.,0.499999999999999,0.624999999999999,0.75,0.875,1.),.UNSPECIFIED.);
#1152=B_SPLINE_CURVE_WITH_KNOTS('',3,(#7545,#7546,#7547,#7548),
 .UNSPECIFIED.,.F.,.F.,(4,4),(0.,1.),.UNSPECIFIED.);
#1153=B_SPLINE_CURVE_WITH_KNOTS('',3,(#7549,#7550,#7551,#7552,#7553,#7554,
#7555,#7556,#7557,#7558,#7559,#7560),.UNSPECIFIED.,.F.,.F.,(4,2,2,2,2,4),
(0.,0.499999999999996,0.624999999999997,0.749999999999998,0.874999999999999,
1.),.UNSPECIFIED.);
#1154=B_SPLINE_CURVE_WITH_KNOTS('',3,(#7567,#7568,#7569,#7570),
 .UNSPECIFIED.,.F.,.F.,(4,4),(0.,1.),.UNSPECIFIED.);
#1155=B_SPLINE_CURVE_WITH_KNOTS('',3,(#7572,#7573,#7574,#7575),
 .UNSPECIFIED.,.F.,.F.,(4,4),(0.,1.),.UNSPECIFIED.);
#1156=B_SPLINE_CURVE_WITH_KNOTS('',3,(#7579,#7580,#7581,#7582),
 .UNSPECIFIED.,.F.,.F.,(4,4),(0.,1.),.UNSPECIFIED.);
#1157=B_SPLINE_CURVE_WITH_KNOTS('',3,(#7584,#7585,#7586,#7587,#7588,#7589,
#7590,#7591,#7592,#7593,#7594,#7595,#7596,#7597,#7598,#7599,#7600,#7601,
#7602,#7603,#7604,#7605,#7606,#7607,#7608,#7609,#7610,#7611,#7612,#7613,
#7614,#7615,#7616),.UNSPECIFIED.,.F.,.F.,(4,2,2,1,2,2,2,2,1,2,2,2,2,1,1,
1,2,2,4),(0.,0.0625000000000028,0.0937500000000042,0.109375000000005,0.117187500000006,
0.125000000000006,0.187500000000008,0.218750000000009,0.23437500000001,
0.24218750000001,0.25000000000001,0.375000000000014,0.437500000000016,0.468750000000017,
0.484375000000017,0.492187500000018,0.496093750000018,0.500000000000018,
1.),.UNSPECIFIED.);
#1158=B_SPLINE_CURVE_WITH_KNOTS('',3,(#7621,#7622,#7623,#7624,#7625,#7626,
#7627,#7628,#7629,#7630,#7631,#7632,#7633,#7634,#7635,#7636,#7637,#7638,
#7639,#7640,#7641,#7642,#7643,#7644,#7645,#7646,#7647,#7648,#7649,#7650,
#7651,#7652,#7653,#7654,#7655,#7656),.UNSPECIFIED.,.F.,.F.,(4,2,2,2,1,1,
1,2,2,2,2,1,1,2,2,2,2,1,2,2,4),(0.,0.249999999999997,0.374999999999996,
0.437499999999995,0.468749999999995,0.484374999999995,0.492187499999995,
0.496093749999995,0.499999999999995,0.624999999999998,0.687499999999999,
0.718749999999999,0.734375,0.7421875,0.75,0.812499999999999,0.843749999999999,
0.859374999999999,0.867187499999999,0.874999999999999,1.),.UNSPECIFIED.);
#1159=B_SPLINE_CURVE_WITH_KNOTS('',3,(#7665,#7666,#7667,#7668),
 .UNSPECIFIED.,.F.,.F.,(4,4),(0.,1.),.UNSPECIFIED.);
#1160=B_SPLINE_CURVE_WITH_KNOTS('',3,(#7670,#7671,#7672,#7673),
 .UNSPECIFIED.,.F.,.F.,(4,4),(0.,1.),.UNSPECIFIED.);
#1161=B_SPLINE_CURVE_WITH_KNOTS('',3,(#7677,#7678,#7679,#7680),
 .UNSPECIFIED.,.F.,.F.,(4,4),(0.,1.),.UNSPECIFIED.);
#1162=B_SPLINE_CURVE_WITH_KNOTS('',3,(#7682,#7683,#7684,#7685),
 .UNSPECIFIED.,.F.,.F.,(4,4),(0.,1.),.UNSPECIFIED.);
#1163=B_SPLINE_CURVE_WITH_KNOTS('',3,(#7691,#7692,#7693,#7694),
 .UNSPECIFIED.,.F.,.F.,(4,4),(0.,1.),.UNSPECIFIED.);
#1164=B_SPLINE_CURVE_WITH_KNOTS('',3,(#7696,#7697,#7698,#7699,#7700,#7701,
#7702,#7703,#7704,#7705,#7706,#7707,#7708,#7709,#7710,#7711,#7712,#7713,
#7714,#7715,#7716,#7717,#7718,#7719,#7720,#7721,#7722,#7723,#7724,#7725,
#7726,#7727,#7728),.UNSPECIFIED.,.F.,.F.,(4,2,2,1,2,2,2,2,1,2,2,2,2,1,1,
1,2,2,4),(0.,0.0624999999999992,0.0937499999999989,0.109374999999999,0.117187499999998,
0.124999999999998,0.187499999999997,0.218749999999996,0.234374999999996,
0.242187499999996,0.249999999999996,0.374999999999994,0.437499999999993,
0.468749999999993,0.484374999999993,0.492187499999992,0.496093749999992,
0.499999999999992,1.),.UNSPECIFIED.);
#1165=B_SPLINE_CURVE_WITH_KNOTS('',3,(#7733,#7734,#7735,#7736,#7737,#7738,
#7739,#7740,#7741,#7742,#7743,#7744,#7745,#7746,#7747,#7748,#7749,#7750,
#7751,#7752,#7753,#7754,#7755,#7756,#7757,#7758,#7759,#7760,#7761,#7762,
#7763,#7764,#7765,#7766,#7767,#7768),.UNSPECIFIED.,.F.,.F.,(4,2,2,2,1,1,
1,2,2,2,2,1,1,2,2,2,2,1,2,2,4),(0.,0.250000000000011,0.375000000000017,
0.437500000000019,0.468750000000021,0.484375000000022,0.492187500000022,
0.496093750000022,0.500000000000022,0.625000000000017,0.687500000000014,
0.718750000000013,0.734375000000013,0.742187500000012,0.750000000000012,
0.812500000000009,0.843750000000008,0.859375000000008,0.867187500000007,
0.875000000000007,1.),.UNSPECIFIED.);
#1166=B_SPLINE_CURVE_WITH_KNOTS('',3,(#7772,#7773,#7774,#7775,#7776,#7777,
#7778,#7779,#7780,#7781,#7782,#7783,#7784,#7785,#7786,#7787,#7788,#7789,
#7790,#7791,#7792,#7793,#7794,#7795,#7796,#7797,#7798,#7799,#7800,#7801,
#7802,#7803,#7804,#7805,#7806,#7807),.UNSPECIFIED.,.F.,.F.,(4,2,2,2,1,1,
1,2,2,2,2,1,1,2,2,2,2,1,2,2,4),(0.,0.250000000000012,0.375000000000018,
0.437500000000021,0.468750000000022,0.484375000000023,0.492187500000023,
0.496093750000023,0.500000000000022,0.625000000000017,0.687500000000013,
0.718750000000012,0.734375000000011,0.74218750000001,0.75000000000001,0.812500000000007,
0.843750000000005,0.859375000000004,0.867187500000004,0.875000000000004,
1.),.UNSPECIFIED.);
#1167=B_SPLINE_CURVE_WITH_KNOTS('',3,(#7819,#7820,#7821,#7822),
 .UNSPECIFIED.,.F.,.F.,(4,4),(0.,1.),.UNSPECIFIED.);
#1168=B_SPLINE_CURVE_WITH_KNOTS('',3,(#7827,#7828,#7829,#7830),
 .UNSPECIFIED.,.F.,.F.,(4,4),(0.,1.),.UNSPECIFIED.);
#1169=B_SPLINE_CURVE_WITH_KNOTS('',3,(#7833,#7834,#7835,#7836),
 .UNSPECIFIED.,.F.,.F.,(4,4),(0.,1.),.UNSPECIFIED.);
#1170=B_SPLINE_CURVE_WITH_KNOTS('',3,(#7838,#7839,#7840,#7841,#7842,#7843,
#7844,#7845,#7846,#7847,#7848,#7849,#7850,#7851,#7852,#7853,#7854,#7855,
#7856,#7857,#7858,#7859,#7860,#7861,#7862,#7863,#7864,#7865,#7866,#7867,
#7868,#7869,#7870,#7871,#7872,#7873),.UNSPECIFIED.,.F.,.F.,(4,2,2,2,1,1,
1,2,2,2,2,1,1,2,2,2,2,1,2,2,4),(0.,0.250000000000009,0.375000000000014,
0.437500000000016,0.468750000000017,0.484375000000018,0.492187500000018,
0.496093750000018,0.500000000000018,0.625000000000013,0.68750000000001,
0.718750000000009,0.734375000000009,0.742187500000009,0.750000000000008,
0.812500000000006,0.843750000000006,0.859375000000005,0.867187500000005,
0.875000000000005,1.),.UNSPECIFIED.);
#1171=B_SPLINE_CURVE_WITH_KNOTS('',3,(#7878,#7879,#7880,#7881,#7882,#7883,
#7884,#7885,#7886,#7887,#7888,#7889,#7890,#7891,#7892,#7893,#7894,#7895,
#7896,#7897,#7898,#7899,#7900,#7901,#7902,#7903,#7904,#7905,#7906,#7907,
#7908,#7909,#7910),.UNSPECIFIED.,.F.,.F.,(4,2,2,1,2,2,2,2,1,2,2,2,2,1,1,
1,2,2,4),(0.,0.0624999999999988,0.0937499999999982,0.109374999999998,0.117187499999998,
0.124999999999998,0.187499999999997,0.218749999999997,0.234374999999997,
0.242187499999997,0.249999999999997,0.374999999999998,0.437499999999999,
0.468749999999999,0.484374999999999,0.4921875,0.496093749999999,0.499999999999999,
1.),.UNSPECIFIED.);
#1172=B_SPLINE_CURVE_WITH_KNOTS('',3,(#7917,#7918,#7919,#7920),
 .UNSPECIFIED.,.F.,.F.,(4,4),(0.,1.),.UNSPECIFIED.);
#1173=B_SPLINE_CURVE_WITH_KNOTS('',3,(#7925,#7926,#7927,#7928),
 .UNSPECIFIED.,.F.,.F.,(4,4),(0.,1.),.UNSPECIFIED.);
#1174=B_SPLINE_CURVE_WITH_KNOTS('',3,(#7931,#7932,#7933,#7934),
 .UNSPECIFIED.,.F.,.F.,(4,4),(0.,1.),.UNSPECIFIED.);
#1175=B_SPLINE_CURVE_WITH_KNOTS('',3,(#7936,#7937,#7938,#7939,#7940,#7941,
#7942,#7943,#7944,#7945,#7946,#7947,#7948,#7949,#7950,#7951,#7952,#7953,
#7954,#7955,#7956,#7957,#7958,#7959,#7960,#7961,#7962,#7963,#7964,#7965,
#7966,#7967,#7968,#7969,#7970,#7971),.UNSPECIFIED.,.F.,.F.,(4,2,2,2,1,1,
1,2,2,2,2,1,1,2,2,2,2,1,2,2,4),(0.,0.249999999999998,0.374999999999998,
0.437499999999997,0.468749999999998,0.484374999999997,0.492187499999997,
0.496093749999997,0.499999999999997,0.624999999999998,0.687499999999999,
0.718749999999999,0.734375,0.7421875,0.75,0.8125,0.84375,0.859375,0.8671875,
0.875,1.),.UNSPECIFIED.);
#1176=B_SPLINE_CURVE_WITH_KNOTS('',3,(#7976,#7977,#7978,#7979,#7980,#7981,
#7982,#7983,#7984,#7985,#7986,#7987,#7988,#7989,#7990,#7991,#7992,#7993,
#7994,#7995,#7996,#7997,#7998,#7999,#8000,#8001,#8002,#8003,#8004,#8005,
#8006,#8007,#8008),.UNSPECIFIED.,.F.,.F.,(4,2,2,1,2,2,2,2,1,2,2,2,2,1,1,
1,2,2,4),(0.,0.0624999999999994,0.0937499999999991,0.109374999999999,0.117187499999999,
0.124999999999999,0.187499999999999,0.218749999999999,0.234374999999999,
0.242187499999999,0.249999999999999,0.375,0.4375,0.46875,0.484375,0.4921875,
0.49609375,0.5,1.),.UNSPECIFIED.);
#1177=B_SPLINE_CURVE_WITH_KNOTS('',3,(#8018,#8019,#8020,#8021),
 .UNSPECIFIED.,.F.,.F.,(4,4),(0.,1.),.UNSPECIFIED.);
#1178=B_SPLINE_CURVE_WITH_KNOTS('',3,(#8023,#8024,#8025,#8026),
 .UNSPECIFIED.,.F.,.F.,(4,4),(0.,1.),.UNSPECIFIED.);
#1179=B_SPLINE_CURVE_WITH_KNOTS('',3,(#8031,#8032,#8033,#8034),
 .UNSPECIFIED.,.F.,.F.,(4,4),(0.,1.),.UNSPECIFIED.);
#1180=B_SPLINE_CURVE_WITH_KNOTS('',3,(#8037,#8038,#8039,#8040),
 .UNSPECIFIED.,.F.,.F.,(4,4),(0.,1.),.UNSPECIFIED.);
#1181=B_SPLINE_CURVE_WITH_KNOTS('',3,(#8042,#8043,#8044,#8045,#8046,#8047,
#8048,#8049,#8050,#8051,#8052,#8053,#8054,#8055,#8056,#8057,#8058,#8059,
#8060,#8061,#8062,#8063,#8064,#8065,#8066,#8067,#8068,#8069,#8070,#8071,
#8072,#8073,#8074),.UNSPECIFIED.,.F.,.F.,(4,2,2,1,2,2,2,2,1,2,2,2,2,1,1,
1,2,2,4),(0.,0.0624999999999987,0.0937499999999981,0.109374999999998,0.117187499999998,
0.124999999999998,0.187499999999997,0.218749999999997,0.234374999999997,
0.242187499999997,0.249999999999997,0.375,0.437500000000002,0.468750000000002,
0.484375000000002,0.492187500000003,0.496093750000002,0.500000000000002,
1.),.UNSPECIFIED.);
#1182=B_SPLINE_CURVE_WITH_KNOTS('',3,(#8080,#8081,#8082,#8083,#8084,#8085,
#8086,#8087,#8088,#8089,#8090,#8091,#8092,#8093,#8094,#8095,#8096,#8097,
#8098,#8099,#8100,#8101,#8102,#8103,#8104,#8105,#8106,#8107,#8108,#8109,
#8110,#8111,#8112,#8113,#8114,#8115),.UNSPECIFIED.,.F.,.F.,(4,2,2,2,1,1,
1,2,2,2,2,1,1,2,2,2,2,1,2,2,4),(0.,0.249999999999996,0.374999999999994,
0.437499999999993,0.468749999999993,0.484374999999993,0.492187499999993,
0.496093749999993,0.499999999999993,0.624999999999994,0.687499999999995,
0.718749999999995,0.734374999999996,0.742187499999996,0.749999999999996,
0.812499999999997,0.843749999999998,0.859374999999998,0.867187499999998,
0.874999999999998,1.),.UNSPECIFIED.);
#1183=B_SPLINE_CURVE_WITH_KNOTS('',3,(#8120,#8121,#8122,#8123,#8124,#8125,
#8126,#8127,#8128,#8129,#8130,#8131,#8132,#8133,#8134,#8135,#8136,#8137,
#8138,#8139,#8140,#8141,#8142,#8143,#8144,#8145,#8146,#8147,#8148,#8149,
#8150,#8151,#8152),.UNSPECIFIED.,.F.,.F.,(4,2,2,1,2,2,2,2,1,2,2,2,2,1,1,
1,2,2,4),(0.,0.0625000000000037,0.0937500000000056,0.109375000000006,0.117187500000007,
0.125000000000007,0.187500000000011,0.218750000000012,0.234375000000013,
0.242187500000013,0.250000000000014,0.375000000000017,0.437500000000018,
0.468750000000019,0.484375000000019,0.492187500000019,0.49609375000002,
0.50000000000002,1.),.UNSPECIFIED.);
#1184=B_SPLINE_CURVE_WITH_KNOTS('',3,(#8162,#8163,#8164,#8165),
 .UNSPECIFIED.,.F.,.F.,(4,4),(0.,1.),.UNSPECIFIED.);
#1185=B_SPLINE_CURVE_WITH_KNOTS('',3,(#8166,#8167,#8168,#8169,#8170,#8171,
#8172,#8173,#8174,#8175,#8176,#8177),.UNSPECIFIED.,.F.,.F.,(4,2,2,2,2,4),
(0.,0.500000000000006,0.625000000000004,0.750000000000003,0.875000000000001,
1.),.UNSPECIFIED.);
#1186=B_SPLINE_CURVE_WITH_KNOTS('',3,(#8178,#8179,#8180,#8181),
 .UNSPECIFIED.,.F.,.F.,(4,4),(0.,1.),.UNSPECIFIED.);
#1187=B_SPLINE_CURVE_WITH_KNOTS('',3,(#8182,#8183,#8184,#8185,#8186,#8187,
#8188,#8189,#8190,#8191,#8192,#8193),.UNSPECIFIED.,.F.,.F.,(4,2,2,2,2,4),
(0.,0.499999999999999,0.624999999999999,0.75,0.875,1.),.UNSPECIFIED.);
#1188=B_SPLINE_CURVE_WITH_KNOTS('',3,(#8194,#8195,#8196,#8197),
 .UNSPECIFIED.,.F.,.F.,(4,4),(0.,1.),.UNSPECIFIED.);
#1189=B_SPLINE_CURVE_WITH_KNOTS('',3,(#8198,#8199,#8200,#8201,#8202,#8203,
#8204,#8205,#8206,#8207,#8208,#8209),.UNSPECIFIED.,.F.,.F.,(4,2,2,2,2,4),
(0.,0.499999999999995,0.624999999999996,0.749999999999998,0.874999999999999,
1.),.UNSPECIFIED.);
#1190=B_SPLINE_CURVE_WITH_KNOTS('',3,(#8210,#8211,#8212,#8213),
 .UNSPECIFIED.,.F.,.F.,(4,4),(0.,1.),.UNSPECIFIED.);
#1191=B_SPLINE_CURVE_WITH_KNOTS('',3,(#8214,#8215,#8216,#8217,#8218,#8219,
#8220,#8221,#8222,#8223,#8224,#8225),.UNSPECIFIED.,.F.,.F.,(4,2,2,2,2,4),
(0.,0.499999999999995,0.624999999999996,0.749999999999997,0.874999999999999,
1.),.UNSPECIFIED.);
#1192=B_SPLINE_CURVE_WITH_KNOTS('',3,(#8226,#8227,#8228,#8229),
 .UNSPECIFIED.,.F.,.F.,(4,4),(0.,1.),.UNSPECIFIED.);
#1193=B_SPLINE_CURVE_WITH_KNOTS('',3,(#8230,#8231,#8232,#8233,#8234,#8235,
#8236,#8237,#8238,#8239,#8240,#8241),.UNSPECIFIED.,.F.,.F.,(4,2,2,2,2,4),
(0.,0.499999999999999,0.624999999999999,0.749999999999999,0.875,1.),
 .UNSPECIFIED.);
#1194=B_SPLINE_CURVE_WITH_KNOTS('',3,(#8242,#8243,#8244,#8245),
 .UNSPECIFIED.,.F.,.F.,(4,4),(0.,1.),.UNSPECIFIED.);
#1195=B_SPLINE_CURVE_WITH_KNOTS('',3,(#8246,#8247,#8248,#8249,#8250,#8251,
#8252,#8253,#8254,#8255,#8256,#8257),.UNSPECIFIED.,.F.,.F.,(4,2,2,2,2,4),
(0.,0.499999999999996,0.624999999999997,0.749999999999998,0.874999999999999,
1.),.UNSPECIFIED.);
#1196=CIRCLE('',#4173,2.44536900183449);
#1197=CIRCLE('',#4175,2.5);
#1198=CIRCLE('',#4176,2.5);
#1199=CIRCLE('',#4177,2.44536900183449);
#1200=CIRCLE('',#4178,2.44536900183449);
#1201=CIRCLE('',#4180,2.44536900183449);
#1202=CIRCLE('',#4182,2.5);
#1203=CIRCLE('',#4183,2.5);
#1204=CIRCLE('',#4184,2.44536900183449);
#1205=CIRCLE('',#4185,2.44536900183449);
#1206=CIRCLE('',#4187,2.4453690018345);
#1207=CIRCLE('',#4189,2.5);
#1208=CIRCLE('',#4190,2.5);
#1209=CIRCLE('',#4191,2.4453690018345);
#1210=CIRCLE('',#4192,2.4453690018345);
#1211=CIRCLE('',#4194,2.5);
#1212=CIRCLE('',#4195,2.5);
#1213=CIRCLE('',#4196,2.44536900183449);
#1214=CIRCLE('',#4197,2.44536900183449);
#1215=CIRCLE('',#4199,2.44536900183449);
#1216=CIRCLE('',#4201,2.5);
#1217=CIRCLE('',#4202,2.5);
#1218=CIRCLE('',#4203,2.44536900183449);
#1219=CIRCLE('',#4204,2.44536900183449);
#1220=CIRCLE('',#4206,2.44536900183449);
#1221=CIRCLE('',#4208,2.5);
#1222=CIRCLE('',#4209,2.5);
#1223=CIRCLE('',#4210,2.4453690018345);
#1224=CIRCLE('',#4211,2.4453690018345);
#1225=CIRCLE('',#4213,2.4453690018345);
#1226=CIRCLE('',#4215,2.44536900183449);
#1227=CIRCLE('',#4217,2.5);
#1228=CIRCLE('',#4218,2.5);
#1229=CIRCLE('',#4219,2.44536900183449);
#1230=CIRCLE('',#4220,2.44536900183449);
#1231=CIRCLE('',#4222,2.44536900183449);
#1232=CIRCLE('',#4224,2.5);
#1233=CIRCLE('',#4225,2.5);
#1234=CIRCLE('',#4226,2.44536900183449);
#1235=CIRCLE('',#4227,2.44536900183449);
#1236=CIRCLE('',#4229,2.4453690018345);
#1237=CIRCLE('',#4231,2.5);
#1238=CIRCLE('',#4232,2.5);
#1239=CIRCLE('',#4233,2.4453690018345);
#1240=CIRCLE('',#4234,2.4453690018345);
#1241=CIRCLE('',#4236,2.5);
#1242=CIRCLE('',#4237,2.5);
#1243=CIRCLE('',#4238,2.44536900183449);
#1244=CIRCLE('',#4239,2.44536900183449);
#1245=CIRCLE('',#4241,2.44536900183449);
#1246=CIRCLE('',#4243,2.5);
#1247=CIRCLE('',#4244,2.5);
#1248=CIRCLE('',#4245,2.44536900183449);
#1249=CIRCLE('',#4246,2.44536900183449);
#1250=CIRCLE('',#4248,2.44536900183449);
#1251=CIRCLE('',#4250,2.5);
#1252=CIRCLE('',#4251,2.5);
#1253=CIRCLE('',#4252,2.4453690018345);
#1254=CIRCLE('',#4253,2.4453690018345);
#1255=CIRCLE('',#4255,2.4453690018345);
#1256=CIRCLE('',#4275,1.25);
#1257=CIRCLE('',#4276,1.25);
#1258=CIRCLE('',#4278,1.25);
#1259=CIRCLE('',#4279,1.25);
#1260=CIRCLE('',#4281,1.25);
#1261=CIRCLE('',#4282,1.25);
#1262=CIRCLE('',#4284,1.25);
#1263=CIRCLE('',#4285,1.25);
#1264=CIRCLE('',#4287,2.5);
#1265=CIRCLE('',#4288,8.7965368232612);
#1266=CIRCLE('',#4289,2.5);
#1267=CIRCLE('',#4290,6.30605007803183);
#1268=CIRCLE('',#4292,2.5);
#1269=CIRCLE('',#4294,2.5);
#1270=CIRCLE('',#4295,6.30605007803184);
#1271=CIRCLE('',#4296,2.5);
#1272=CIRCLE('',#4297,8.7965368232612);
#1273=CIRCLE('',#4299,2.5);
#1274=CIRCLE('',#4300,8.7965368232612);
#1275=CIRCLE('',#4301,6.30605007803182);
#1276=CIRCLE('',#4303,2.5);
#1277=CIRCLE('',#4305,8.79653682326119);
#1278=CIRCLE('',#4306,2.5);
#1279=CIRCLE('',#4307,6.30605007803183);
#1280=CIRCLE('',#4309,3.);
#1281=CIRCLE('',#4310,3.);
#1282=CIRCLE('',#4312,3.);
#1283=CIRCLE('',#4314,3.);
#1284=CIRCLE('',#4315,3.);
#1285=CIRCLE('',#4317,3.);
#1286=CIRCLE('',#4319,5.);
#1287=CIRCLE('',#4320,5.);
#1288=CIRCLE('',#4321,5.);
#1289=CIRCLE('',#4322,5.);
#1290=CIRCLE('',#4323,1.25);
#1291=CIRCLE('',#4324,1.25);
#1292=CIRCLE('',#4327,5.);
#1293=CIRCLE('',#4330,5.);
#1294=CIRCLE('',#4333,5.);
#1295=CIRCLE('',#4336,5.);
#1296=CIRCLE('',#4338,5.);
#1297=CIRCLE('',#4339,5.);
#1298=CIRCLE('',#4340,5.);
#1299=CIRCLE('',#4341,5.);
#1300=CIRCLE('',#4342,1.25);
#1301=CIRCLE('',#4343,1.25);
#1302=CIRCLE('',#4346,5.);
#1303=CIRCLE('',#4349,5.);
#1304=CIRCLE('',#4352,5.);
#1305=CIRCLE('',#4355,5.);
#1306=CIRCLE('',#4357,25.5);
#1307=CIRCLE('',#4358,25.5);
#1308=CIRCLE('',#4359,25.5);
#1309=CIRCLE('',#4360,25.5);
#1310=CIRCLE('',#4361,3.);
#1311=CIRCLE('',#4362,3.);
#1312=CIRCLE('',#4363,1.25);
#1313=CIRCLE('',#4364,1.25);
#1314=CIRCLE('',#4365,1.25);
#1315=CIRCLE('',#4366,1.25);
#1316=CIRCLE('',#4369,25.5);
#1317=CIRCLE('',#4372,25.5);
#1318=CIRCLE('',#4375,25.5);
#1319=CIRCLE('',#4378,25.5);
#1320=CIRCLE('',#4380,28.5);
#1321=CIRCLE('',#4381,28.5);
#1322=CIRCLE('',#4382,28.5);
#1323=CIRCLE('',#4383,28.5);
#1324=CIRCLE('',#4385,8.94683266717908);
#1325=CIRCLE('',#4388,8.94683266717908);
#1326=CIRCLE('',#4390,8.94683266717908);
#1327=CIRCLE('',#4393,8.94683266717908);
#1328=CIRCLE('',#4395,23.0625566823704);
#1329=CIRCLE('',#4396,10.9468326671791);
#1330=CIRCLE('',#4399,23.0625566823703);
#1331=CIRCLE('',#4400,10.9468326671791);
#1332=CIRCLE('',#4402,23.0625566823703);
#1333=CIRCLE('',#4403,10.9468326671791);
#1334=CIRCLE('',#4406,23.0625566823703);
#1335=CIRCLE('',#4407,10.9468326671791);
#1336=CIRCLE('',#4410,25.5);
#1337=CIRCLE('',#4411,25.0625566823703);
#1338=CIRCLE('',#4414,25.5);
#1339=CIRCLE('',#4415,25.0625566823704);
#1340=CIRCLE('',#4418,25.5);
#1341=CIRCLE('',#4419,25.0625566823704);
#1342=CIRCLE('',#4422,25.5);
#1343=CIRCLE('',#4423,25.0625566823704);
#1344=CIRCLE('',#4425,28.5);
#1345=CIRCLE('',#4426,28.5);
#1346=CIRCLE('',#4427,28.5);
#1347=CIRCLE('',#4428,28.5);
#1348=CIRCLE('',#4440,3.08724289133761);
#1349=CIRCLE('',#4441,3.08724289133761);
#1350=CIRCLE('',#4446,3.08724289133761);
#1351=CIRCLE('',#4447,3.08724289133761);
#1352=CIRCLE('',#4453,3.08724289133761);
#1353=CIRCLE('',#4454,3.08724289133761);
#1354=CIRCLE('',#4458,3.08724289133761);
#1355=CIRCLE('',#4459,3.08724289133761);
#1356=CIRCLE('',#4466,3.08724289133761);
#1357=CIRCLE('',#4467,3.08724289133761);
#1358=CIRCLE('',#4471,3.08724289133761);
#1359=CIRCLE('',#4472,3.08724289133761);
#1360=CIRCLE('',#4478,3.08724289133761);
#1361=CIRCLE('',#4479,3.08724289133761);
#1362=CIRCLE('',#4481,3.08724289133761);
#1363=CIRCLE('',#4482,3.08724289133761);
#1364=CIRCLE('',#4486,3.08724289133761);
#1365=CIRCLE('',#4487,3.08724289133761);
#1366=CIRCLE('',#4491,3.08724289133761);
#1367=CIRCLE('',#4492,3.08724289133761);
#1368=CIRCLE('',#4498,3.08724289133761);
#1369=CIRCLE('',#4499,3.08724289133761);
#1370=CIRCLE('',#4501,3.08724289133761);
#1371=CIRCLE('',#4502,3.08724289133761);
#1372=CIRCLE('',#4505,15.2029669065289);
#1373=CIRCLE('',#4506,15.2029669065289);
#1374=CIRCLE('',#4507,15.2029669065289);
#1375=CIRCLE('',#4508,15.2029669065289);
#1376=CIRCLE('',#4509,15.2029669065289);
#1377=CIRCLE('',#4510,15.2029669065289);
#1378=CIRCLE('',#4511,15.2029669065289);
#1379=CIRCLE('',#4512,15.2029669065289);
#1380=CIRCLE('',#4513,15.2029669065289);
#1381=CIRCLE('',#4514,15.2029669065289);
#1382=CIRCLE('',#4515,15.2029669065289);
#1383=CIRCLE('',#4516,15.2029669065289);
#1384=CIRCLE('',#4542,2.4453690018345);
#1385=CIRCLE('',#4546,2.44536900183449);
#1386=CIRCLE('',#4550,2.44536900183449);
#1387=CIRCLE('',#4554,2.4453690018345);
#1388=CIRCLE('',#4558,2.44536900183449);
#1389=CIRCLE('',#4562,2.44536900183449);
#1390=CIRCLE('',#4566,2.4453690018345);
#1391=CIRCLE('',#4570,2.44536900183449);
#1392=CIRCLE('',#4574,2.44536900183449);
#1393=CIRCLE('',#4578,2.4453690018345);
#1394=CIRCLE('',#4582,2.44536900183449);
#1395=CIRCLE('',#4586,2.44536900183449);
#1396=ORIENTED_EDGE('',*,*,#3072,.F.);
#1397=ORIENTED_EDGE('',*,*,#3073,.T.);
#1398=ORIENTED_EDGE('',*,*,#3074,.T.);
#1399=ORIENTED_EDGE('',*,*,#3075,.T.);
#1400=ORIENTED_EDGE('',*,*,#3076,.T.);
#1401=ORIENTED_EDGE('',*,*,#3077,.F.);
#1402=ORIENTED_EDGE('',*,*,#3078,.F.);
#1403=ORIENTED_EDGE('',*,*,#3079,.F.);
#1404=ORIENTED_EDGE('',*,*,#3080,.T.);
#1405=ORIENTED_EDGE('',*,*,#3081,.F.);
#1406=ORIENTED_EDGE('',*,*,#3082,.T.);
#1407=ORIENTED_EDGE('',*,*,#3083,.T.);
#1408=ORIENTED_EDGE('',*,*,#3084,.T.);
#1409=ORIENTED_EDGE('',*,*,#3085,.T.);
#1410=ORIENTED_EDGE('',*,*,#3086,.F.);
#1411=ORIENTED_EDGE('',*,*,#3087,.F.);
#1412=ORIENTED_EDGE('',*,*,#3088,.F.);
#1413=ORIENTED_EDGE('',*,*,#3089,.T.);
#1414=ORIENTED_EDGE('',*,*,#3090,.F.);
#1415=ORIENTED_EDGE('',*,*,#3091,.T.);
#1416=ORIENTED_EDGE('',*,*,#3092,.T.);
#1417=ORIENTED_EDGE('',*,*,#3093,.T.);
#1418=ORIENTED_EDGE('',*,*,#3094,.T.);
#1419=ORIENTED_EDGE('',*,*,#3095,.F.);
#1420=ORIENTED_EDGE('',*,*,#3096,.F.);
#1421=ORIENTED_EDGE('',*,*,#3097,.F.);
#1422=ORIENTED_EDGE('',*,*,#3098,.T.);
#1423=ORIENTED_EDGE('',*,*,#3099,.T.);
#1424=ORIENTED_EDGE('',*,*,#3100,.F.);
#1425=ORIENTED_EDGE('',*,*,#3101,.T.);
#1426=ORIENTED_EDGE('',*,*,#3102,.T.);
#1427=ORIENTED_EDGE('',*,*,#3103,.T.);
#1428=ORIENTED_EDGE('',*,*,#3104,.F.);
#1429=ORIENTED_EDGE('',*,*,#3105,.F.);
#1430=ORIENTED_EDGE('',*,*,#3106,.T.);
#1431=ORIENTED_EDGE('',*,*,#3107,.T.);
#1432=ORIENTED_EDGE('',*,*,#3108,.T.);
#1433=ORIENTED_EDGE('',*,*,#3109,.F.);
#1434=ORIENTED_EDGE('',*,*,#3110,.T.);
#1435=ORIENTED_EDGE('',*,*,#3111,.T.);
#1436=ORIENTED_EDGE('',*,*,#3112,.T.);
#1437=ORIENTED_EDGE('',*,*,#3113,.F.);
#1438=ORIENTED_EDGE('',*,*,#3114,.F.);
#1439=ORIENTED_EDGE('',*,*,#3115,.T.);
#1440=ORIENTED_EDGE('',*,*,#3116,.T.);
#1441=ORIENTED_EDGE('',*,*,#3117,.T.);
#1442=ORIENTED_EDGE('',*,*,#3118,.F.);
#1443=ORIENTED_EDGE('',*,*,#3119,.T.);
#1444=ORIENTED_EDGE('',*,*,#3120,.T.);
#1445=ORIENTED_EDGE('',*,*,#3121,.T.);
#1446=ORIENTED_EDGE('',*,*,#3122,.F.);
#1447=ORIENTED_EDGE('',*,*,#3123,.F.);
#1448=ORIENTED_EDGE('',*,*,#3124,.T.);
#1449=ORIENTED_EDGE('',*,*,#3125,.T.);
#1450=ORIENTED_EDGE('',*,*,#3126,.F.);
#1451=ORIENTED_EDGE('',*,*,#3127,.T.);
#1452=ORIENTED_EDGE('',*,*,#3128,.T.);
#1453=ORIENTED_EDGE('',*,*,#3129,.T.);
#1454=ORIENTED_EDGE('',*,*,#3130,.F.);
#1455=ORIENTED_EDGE('',*,*,#3131,.T.);
#1456=ORIENTED_EDGE('',*,*,#3132,.F.);
#1457=ORIENTED_EDGE('',*,*,#3133,.F.);
#1458=ORIENTED_EDGE('',*,*,#3134,.T.);
#1459=ORIENTED_EDGE('',*,*,#3135,.F.);
#1460=ORIENTED_EDGE('',*,*,#3136,.T.);
#1461=ORIENTED_EDGE('',*,*,#3137,.T.);
#1462=ORIENTED_EDGE('',*,*,#3138,.T.);
#1463=ORIENTED_EDGE('',*,*,#3139,.F.);
#1464=ORIENTED_EDGE('',*,*,#3140,.T.);
#1465=ORIENTED_EDGE('',*,*,#3141,.F.);
#1466=ORIENTED_EDGE('',*,*,#3142,.F.);
#1467=ORIENTED_EDGE('',*,*,#3143,.T.);
#1468=ORIENTED_EDGE('',*,*,#3144,.F.);
#1469=ORIENTED_EDGE('',*,*,#3145,.T.);
#1470=ORIENTED_EDGE('',*,*,#3146,.T.);
#1471=ORIENTED_EDGE('',*,*,#3147,.T.);
#1472=ORIENTED_EDGE('',*,*,#3148,.F.);
#1473=ORIENTED_EDGE('',*,*,#3149,.T.);
#1474=ORIENTED_EDGE('',*,*,#3150,.F.);
#1475=ORIENTED_EDGE('',*,*,#3151,.F.);
#1476=ORIENTED_EDGE('',*,*,#3152,.T.);
#1477=ORIENTED_EDGE('',*,*,#3153,.F.);
#1478=ORIENTED_EDGE('',*,*,#3154,.T.);
#1479=ORIENTED_EDGE('',*,*,#3155,.T.);
#1480=ORIENTED_EDGE('',*,*,#3156,.T.);
#1481=ORIENTED_EDGE('',*,*,#3157,.T.);
#1482=ORIENTED_EDGE('',*,*,#3158,.F.);
#1483=ORIENTED_EDGE('',*,*,#3159,.F.);
#1484=ORIENTED_EDGE('',*,*,#3160,.T.);
#1485=ORIENTED_EDGE('',*,*,#3161,.T.);
#1486=ORIENTED_EDGE('',*,*,#3162,.F.);
#1487=ORIENTED_EDGE('',*,*,#3163,.T.);
#1488=ORIENTED_EDGE('',*,*,#3164,.T.);
#1489=ORIENTED_EDGE('',*,*,#3165,.T.);
#1490=ORIENTED_EDGE('',*,*,#3166,.T.);
#1491=ORIENTED_EDGE('',*,*,#3167,.F.);
#1492=ORIENTED_EDGE('',*,*,#3168,.F.);
#1493=ORIENTED_EDGE('',*,*,#3169,.T.);
#1494=ORIENTED_EDGE('',*,*,#3170,.T.);
#1495=ORIENTED_EDGE('',*,*,#3171,.F.);
#1496=ORIENTED_EDGE('',*,*,#3172,.T.);
#1497=ORIENTED_EDGE('',*,*,#3173,.T.);
#1498=ORIENTED_EDGE('',*,*,#3174,.T.);
#1499=ORIENTED_EDGE('',*,*,#3175,.T.);
#1500=ORIENTED_EDGE('',*,*,#3176,.F.);
#1501=ORIENTED_EDGE('',*,*,#3177,.F.);
#1502=ORIENTED_EDGE('',*,*,#3178,.T.);
#1503=ORIENTED_EDGE('',*,*,#3179,.T.);
#1504=ORIENTED_EDGE('',*,*,#3180,.F.);
#1505=ORIENTED_EDGE('',*,*,#3181,.T.);
#1506=ORIENTED_EDGE('',*,*,#3182,.T.);
#1507=ORIENTED_EDGE('',*,*,#3183,.F.);
#1508=ORIENTED_EDGE('',*,*,#3184,.F.);
#1509=ORIENTED_EDGE('',*,*,#3185,.T.);
#1510=ORIENTED_EDGE('',*,*,#3186,.T.);
#1511=ORIENTED_EDGE('',*,*,#3187,.F.);
#1512=ORIENTED_EDGE('',*,*,#3188,.F.);
#1513=ORIENTED_EDGE('',*,*,#3189,.T.);
#1514=ORIENTED_EDGE('',*,*,#3190,.T.);
#1515=ORIENTED_EDGE('',*,*,#3191,.F.);
#1516=ORIENTED_EDGE('',*,*,#3192,.F.);
#1517=ORIENTED_EDGE('',*,*,#3193,.T.);
#1518=ORIENTED_EDGE('',*,*,#3194,.T.);
#1519=ORIENTED_EDGE('',*,*,#3195,.F.);
#1520=ORIENTED_EDGE('',*,*,#3196,.F.);
#1521=ORIENTED_EDGE('',*,*,#3197,.T.);
#1522=ORIENTED_EDGE('',*,*,#3198,.T.);
#1523=ORIENTED_EDGE('',*,*,#3199,.F.);
#1524=ORIENTED_EDGE('',*,*,#3200,.T.);
#1525=ORIENTED_EDGE('',*,*,#3201,.F.);
#1526=ORIENTED_EDGE('',*,*,#3202,.F.);
#1527=ORIENTED_EDGE('',*,*,#3203,.T.);
#1528=ORIENTED_EDGE('',*,*,#3204,.T.);
#1529=ORIENTED_EDGE('',*,*,#3205,.F.);
#1530=ORIENTED_EDGE('',*,*,#3206,.F.);
#1531=ORIENTED_EDGE('',*,*,#3207,.T.);
#1532=ORIENTED_EDGE('',*,*,#3208,.T.);
#1533=ORIENTED_EDGE('',*,*,#3209,.F.);
#1534=ORIENTED_EDGE('',*,*,#3210,.F.);
#1535=ORIENTED_EDGE('',*,*,#3211,.T.);
#1536=ORIENTED_EDGE('',*,*,#3212,.T.);
#1537=ORIENTED_EDGE('',*,*,#3213,.F.);
#1538=ORIENTED_EDGE('',*,*,#3214,.F.);
#1539=ORIENTED_EDGE('',*,*,#3215,.T.);
#1540=ORIENTED_EDGE('',*,*,#3216,.T.);
#1541=ORIENTED_EDGE('',*,*,#3217,.F.);
#1542=ORIENTED_EDGE('',*,*,#3218,.F.);
#1543=ORIENTED_EDGE('',*,*,#3219,.T.);
#1544=ORIENTED_EDGE('',*,*,#3220,.T.);
#1545=ORIENTED_EDGE('',*,*,#3221,.T.);
#1546=ORIENTED_EDGE('',*,*,#3222,.F.);
#1547=ORIENTED_EDGE('',*,*,#3223,.F.);
#1548=ORIENTED_EDGE('',*,*,#3224,.T.);
#1549=ORIENTED_EDGE('',*,*,#3225,.T.);
#1550=ORIENTED_EDGE('',*,*,#3226,.F.);
#1551=ORIENTED_EDGE('',*,*,#3227,.F.);
#1552=ORIENTED_EDGE('',*,*,#3228,.T.);
#1553=ORIENTED_EDGE('',*,*,#3229,.T.);
#1554=ORIENTED_EDGE('',*,*,#3230,.F.);
#1555=ORIENTED_EDGE('',*,*,#3231,.F.);
#1556=ORIENTED_EDGE('',*,*,#3232,.T.);
#1557=ORIENTED_EDGE('',*,*,#3233,.T.);
#1558=ORIENTED_EDGE('',*,*,#3234,.F.);
#1559=ORIENTED_EDGE('',*,*,#3235,.F.);
#1560=ORIENTED_EDGE('',*,*,#3236,.F.);
#1561=ORIENTED_EDGE('',*,*,#3237,.F.);
#1562=ORIENTED_EDGE('',*,*,#3238,.T.);
#1563=ORIENTED_EDGE('',*,*,#3239,.T.);
#1564=ORIENTED_EDGE('',*,*,#3240,.F.);
#1565=ORIENTED_EDGE('',*,*,#3241,.F.);
#1566=ORIENTED_EDGE('',*,*,#3242,.T.);
#1567=ORIENTED_EDGE('',*,*,#3243,.T.);
#1568=ORIENTED_EDGE('',*,*,#3244,.F.);
#1569=ORIENTED_EDGE('',*,*,#3245,.F.);
#1570=ORIENTED_EDGE('',*,*,#3246,.T.);
#1571=ORIENTED_EDGE('',*,*,#3247,.T.);
#1572=ORIENTED_EDGE('',*,*,#3248,.F.);
#1573=ORIENTED_EDGE('',*,*,#3249,.F.);
#1574=ORIENTED_EDGE('',*,*,#3250,.T.);
#1575=ORIENTED_EDGE('',*,*,#3251,.T.);
#1576=ORIENTED_EDGE('',*,*,#3252,.T.);
#1577=ORIENTED_EDGE('',*,*,#3253,.F.);
#1578=ORIENTED_EDGE('',*,*,#3254,.F.);
#1579=ORIENTED_EDGE('',*,*,#3255,.T.);
#1580=ORIENTED_EDGE('',*,*,#3256,.T.);
#1581=ORIENTED_EDGE('',*,*,#3257,.F.);
#1582=ORIENTED_EDGE('',*,*,#3258,.F.);
#1583=ORIENTED_EDGE('',*,*,#3259,.T.);
#1584=ORIENTED_EDGE('',*,*,#3260,.T.);
#1585=ORIENTED_EDGE('',*,*,#3261,.F.);
#1586=ORIENTED_EDGE('',*,*,#3262,.F.);
#1587=ORIENTED_EDGE('',*,*,#3263,.T.);
#1588=ORIENTED_EDGE('',*,*,#3264,.T.);
#1589=ORIENTED_EDGE('',*,*,#3265,.F.);
#1590=ORIENTED_EDGE('',*,*,#3266,.F.);
#1591=ORIENTED_EDGE('',*,*,#3267,.T.);
#1592=ORIENTED_EDGE('',*,*,#3268,.T.);
#1593=ORIENTED_EDGE('',*,*,#3269,.F.);
#1594=ORIENTED_EDGE('',*,*,#3270,.T.);
#1595=ORIENTED_EDGE('',*,*,#3271,.F.);
#1596=ORIENTED_EDGE('',*,*,#3272,.T.);
#1597=ORIENTED_EDGE('',*,*,#3273,.F.);
#1598=ORIENTED_EDGE('',*,*,#3268,.F.);
#1599=ORIENTED_EDGE('',*,*,#3274,.F.);
#1600=ORIENTED_EDGE('',*,*,#3275,.T.);
#1601=ORIENTED_EDGE('',*,*,#3276,.F.);
#1602=ORIENTED_EDGE('',*,*,#3277,.F.);
#1603=ORIENTED_EDGE('',*,*,#3278,.F.);
#1604=ORIENTED_EDGE('',*,*,#3279,.T.);
#1605=ORIENTED_EDGE('',*,*,#3280,.F.);
#1606=ORIENTED_EDGE('',*,*,#3272,.F.);
#1607=ORIENTED_EDGE('',*,*,#3281,.F.);
#1608=ORIENTED_EDGE('',*,*,#3282,.T.);
#1609=ORIENTED_EDGE('',*,*,#3283,.F.);
#1610=ORIENTED_EDGE('',*,*,#3275,.F.);
#1611=ORIENTED_EDGE('',*,*,#3284,.F.);
#1612=ORIENTED_EDGE('',*,*,#3282,.F.);
#1613=ORIENTED_EDGE('',*,*,#3285,.F.);
#1614=ORIENTED_EDGE('',*,*,#3286,.F.);
#1615=ORIENTED_EDGE('',*,*,#3287,.F.);
#1616=ORIENTED_EDGE('',*,*,#3288,.T.);
#1617=ORIENTED_EDGE('',*,*,#3289,.T.);
#1618=ORIENTED_EDGE('',*,*,#3290,.F.);
#1619=ORIENTED_EDGE('',*,*,#3288,.F.);
#1620=ORIENTED_EDGE('',*,*,#3291,.T.);
#1621=ORIENTED_EDGE('',*,*,#3292,.T.);
#1622=ORIENTED_EDGE('',*,*,#3293,.T.);
#1623=ORIENTED_EDGE('',*,*,#3294,.T.);
#1624=ORIENTED_EDGE('',*,*,#3295,.F.);
#1625=ORIENTED_EDGE('',*,*,#3293,.F.);
#1626=ORIENTED_EDGE('',*,*,#3296,.T.);
#1627=ORIENTED_EDGE('',*,*,#3297,.T.);
#1628=ORIENTED_EDGE('',*,*,#3298,.F.);
#1629=ORIENTED_EDGE('',*,*,#3299,.F.);
#1630=ORIENTED_EDGE('',*,*,#3300,.F.);
#1631=ORIENTED_EDGE('',*,*,#3301,.F.);
#1632=ORIENTED_EDGE('',*,*,#3302,.F.);
#1633=ORIENTED_EDGE('',*,*,#3303,.F.);
#1634=ORIENTED_EDGE('',*,*,#3304,.F.);
#1635=ORIENTED_EDGE('',*,*,#3305,.F.);
#1636=ORIENTED_EDGE('',*,*,#3259,.F.);
#1637=ORIENTED_EDGE('',*,*,#3306,.F.);
#1638=ORIENTED_EDGE('',*,*,#3255,.F.);
#1639=ORIENTED_EDGE('',*,*,#3307,.F.);
#1640=ORIENTED_EDGE('',*,*,#3308,.F.);
#1641=ORIENTED_EDGE('',*,*,#3309,.F.);
#1642=ORIENTED_EDGE('',*,*,#3299,.T.);
#1643=ORIENTED_EDGE('',*,*,#3310,.T.);
#1644=ORIENTED_EDGE('',*,*,#3311,.F.);
#1645=ORIENTED_EDGE('',*,*,#3312,.F.);
#1646=ORIENTED_EDGE('',*,*,#3300,.T.);
#1647=ORIENTED_EDGE('',*,*,#3309,.T.);
#1648=ORIENTED_EDGE('',*,*,#3313,.F.);
#1649=ORIENTED_EDGE('',*,*,#3314,.F.);
#1650=ORIENTED_EDGE('',*,*,#3301,.T.);
#1651=ORIENTED_EDGE('',*,*,#3312,.T.);
#1652=ORIENTED_EDGE('',*,*,#3315,.F.);
#1653=ORIENTED_EDGE('',*,*,#3316,.F.);
#1654=ORIENTED_EDGE('',*,*,#3302,.T.);
#1655=ORIENTED_EDGE('',*,*,#3314,.T.);
#1656=ORIENTED_EDGE('',*,*,#3317,.F.);
#1657=ORIENTED_EDGE('',*,*,#3318,.F.);
#1658=ORIENTED_EDGE('',*,*,#3303,.T.);
#1659=ORIENTED_EDGE('',*,*,#3316,.T.);
#1660=ORIENTED_EDGE('',*,*,#3319,.F.);
#1661=ORIENTED_EDGE('',*,*,#3320,.F.);
#1662=ORIENTED_EDGE('',*,*,#3304,.T.);
#1663=ORIENTED_EDGE('',*,*,#3318,.T.);
#1664=ORIENTED_EDGE('',*,*,#3321,.F.);
#1665=ORIENTED_EDGE('',*,*,#3322,.F.);
#1666=ORIENTED_EDGE('',*,*,#3305,.T.);
#1667=ORIENTED_EDGE('',*,*,#3320,.T.);
#1668=ORIENTED_EDGE('',*,*,#3323,.F.);
#1669=ORIENTED_EDGE('',*,*,#3310,.F.);
#1670=ORIENTED_EDGE('',*,*,#3298,.T.);
#1671=ORIENTED_EDGE('',*,*,#3322,.T.);
#1672=ORIENTED_EDGE('',*,*,#3324,.T.);
#1673=ORIENTED_EDGE('',*,*,#3325,.T.);
#1674=ORIENTED_EDGE('',*,*,#3326,.T.);
#1675=ORIENTED_EDGE('',*,*,#3327,.T.);
#1676=ORIENTED_EDGE('',*,*,#3328,.T.);
#1677=ORIENTED_EDGE('',*,*,#3329,.T.);
#1678=ORIENTED_EDGE('',*,*,#3330,.T.);
#1679=ORIENTED_EDGE('',*,*,#3331,.T.);
#1680=ORIENTED_EDGE('',*,*,#3267,.F.);
#1681=ORIENTED_EDGE('',*,*,#3332,.F.);
#1682=ORIENTED_EDGE('',*,*,#3263,.F.);
#1683=ORIENTED_EDGE('',*,*,#3333,.F.);
#1684=ORIENTED_EDGE('',*,*,#3334,.T.);
#1685=ORIENTED_EDGE('',*,*,#3335,.F.);
#1686=ORIENTED_EDGE('',*,*,#3325,.F.);
#1687=ORIENTED_EDGE('',*,*,#3336,.T.);
#1688=ORIENTED_EDGE('',*,*,#3337,.T.);
#1689=ORIENTED_EDGE('',*,*,#3338,.F.);
#1690=ORIENTED_EDGE('',*,*,#3326,.F.);
#1691=ORIENTED_EDGE('',*,*,#3335,.T.);
#1692=ORIENTED_EDGE('',*,*,#3339,.T.);
#1693=ORIENTED_EDGE('',*,*,#3340,.F.);
#1694=ORIENTED_EDGE('',*,*,#3327,.F.);
#1695=ORIENTED_EDGE('',*,*,#3338,.T.);
#1696=ORIENTED_EDGE('',*,*,#3341,.T.);
#1697=ORIENTED_EDGE('',*,*,#3342,.F.);
#1698=ORIENTED_EDGE('',*,*,#3328,.F.);
#1699=ORIENTED_EDGE('',*,*,#3340,.T.);
#1700=ORIENTED_EDGE('',*,*,#3343,.T.);
#1701=ORIENTED_EDGE('',*,*,#3344,.F.);
#1702=ORIENTED_EDGE('',*,*,#3329,.F.);
#1703=ORIENTED_EDGE('',*,*,#3342,.T.);
#1704=ORIENTED_EDGE('',*,*,#3345,.T.);
#1705=ORIENTED_EDGE('',*,*,#3346,.F.);
#1706=ORIENTED_EDGE('',*,*,#3330,.F.);
#1707=ORIENTED_EDGE('',*,*,#3344,.T.);
#1708=ORIENTED_EDGE('',*,*,#3347,.T.);
#1709=ORIENTED_EDGE('',*,*,#3348,.F.);
#1710=ORIENTED_EDGE('',*,*,#3331,.F.);
#1711=ORIENTED_EDGE('',*,*,#3346,.T.);
#1712=ORIENTED_EDGE('',*,*,#3349,.T.);
#1713=ORIENTED_EDGE('',*,*,#3336,.F.);
#1714=ORIENTED_EDGE('',*,*,#3324,.F.);
#1715=ORIENTED_EDGE('',*,*,#3348,.T.);
#1716=ORIENTED_EDGE('',*,*,#3350,.T.);
#1717=ORIENTED_EDGE('',*,*,#3351,.T.);
#1718=ORIENTED_EDGE('',*,*,#3352,.T.);
#1719=ORIENTED_EDGE('',*,*,#3353,.T.);
#1720=ORIENTED_EDGE('',*,*,#3354,.T.);
#1721=ORIENTED_EDGE('',*,*,#3355,.T.);
#1722=ORIENTED_EDGE('',*,*,#3356,.T.);
#1723=ORIENTED_EDGE('',*,*,#3357,.T.);
#1724=ORIENTED_EDGE('',*,*,#3297,.F.);
#1725=ORIENTED_EDGE('',*,*,#3358,.F.);
#1726=ORIENTED_EDGE('',*,*,#3292,.F.);
#1727=ORIENTED_EDGE('',*,*,#3359,.F.);
#1728=ORIENTED_EDGE('',*,*,#3265,.T.);
#1729=ORIENTED_EDGE('',*,*,#3360,.T.);
#1730=ORIENTED_EDGE('',*,*,#3261,.T.);
#1731=ORIENTED_EDGE('',*,*,#3361,.T.);
#1732=ORIENTED_EDGE('',*,*,#3257,.T.);
#1733=ORIENTED_EDGE('',*,*,#3362,.T.);
#1734=ORIENTED_EDGE('',*,*,#3253,.T.);
#1735=ORIENTED_EDGE('',*,*,#3363,.T.);
#1736=ORIENTED_EDGE('',*,*,#3351,.F.);
#1737=ORIENTED_EDGE('',*,*,#3364,.F.);
#1738=ORIENTED_EDGE('',*,*,#3365,.T.);
#1739=ORIENTED_EDGE('',*,*,#3366,.T.);
#1740=ORIENTED_EDGE('',*,*,#3352,.F.);
#1741=ORIENTED_EDGE('',*,*,#3366,.F.);
#1742=ORIENTED_EDGE('',*,*,#3367,.T.);
#1743=ORIENTED_EDGE('',*,*,#3368,.T.);
#1744=ORIENTED_EDGE('',*,*,#3353,.F.);
#1745=ORIENTED_EDGE('',*,*,#3368,.F.);
#1746=ORIENTED_EDGE('',*,*,#3369,.T.);
#1747=ORIENTED_EDGE('',*,*,#3370,.T.);
#1748=ORIENTED_EDGE('',*,*,#3354,.F.);
#1749=ORIENTED_EDGE('',*,*,#3370,.F.);
#1750=ORIENTED_EDGE('',*,*,#3371,.T.);
#1751=ORIENTED_EDGE('',*,*,#3372,.T.);
#1752=ORIENTED_EDGE('',*,*,#3355,.F.);
#1753=ORIENTED_EDGE('',*,*,#3372,.F.);
#1754=ORIENTED_EDGE('',*,*,#3373,.T.);
#1755=ORIENTED_EDGE('',*,*,#3374,.T.);
#1756=ORIENTED_EDGE('',*,*,#3356,.F.);
#1757=ORIENTED_EDGE('',*,*,#3374,.F.);
#1758=ORIENTED_EDGE('',*,*,#3375,.T.);
#1759=ORIENTED_EDGE('',*,*,#3376,.T.);
#1760=ORIENTED_EDGE('',*,*,#3357,.F.);
#1761=ORIENTED_EDGE('',*,*,#3376,.F.);
#1762=ORIENTED_EDGE('',*,*,#3377,.T.);
#1763=ORIENTED_EDGE('',*,*,#3378,.T.);
#1764=ORIENTED_EDGE('',*,*,#3350,.F.);
#1765=ORIENTED_EDGE('',*,*,#3378,.F.);
#1766=ORIENTED_EDGE('',*,*,#3379,.T.);
#1767=ORIENTED_EDGE('',*,*,#3364,.T.);
#1768=ORIENTED_EDGE('',*,*,#3380,.T.);
#1769=ORIENTED_EDGE('',*,*,#3381,.T.);
#1770=ORIENTED_EDGE('',*,*,#3382,.T.);
#1771=ORIENTED_EDGE('',*,*,#3383,.T.);
#1772=ORIENTED_EDGE('',*,*,#3384,.T.);
#1773=ORIENTED_EDGE('',*,*,#3385,.T.);
#1774=ORIENTED_EDGE('',*,*,#3386,.T.);
#1775=ORIENTED_EDGE('',*,*,#3387,.T.);
#1776=ORIENTED_EDGE('',*,*,#3377,.F.);
#1777=ORIENTED_EDGE('',*,*,#3375,.F.);
#1778=ORIENTED_EDGE('',*,*,#3373,.F.);
#1779=ORIENTED_EDGE('',*,*,#3371,.F.);
#1780=ORIENTED_EDGE('',*,*,#3369,.F.);
#1781=ORIENTED_EDGE('',*,*,#3367,.F.);
#1782=ORIENTED_EDGE('',*,*,#3365,.F.);
#1783=ORIENTED_EDGE('',*,*,#3379,.F.);
#1784=ORIENTED_EDGE('',*,*,#3388,.F.);
#1785=ORIENTED_EDGE('',*,*,#3278,.T.);
#1786=ORIENTED_EDGE('',*,*,#3389,.T.);
#1787=ORIENTED_EDGE('',*,*,#3390,.T.);
#1788=ORIENTED_EDGE('',*,*,#3391,.F.);
#1789=ORIENTED_EDGE('',*,*,#3284,.T.);
#1790=ORIENTED_EDGE('',*,*,#3388,.T.);
#1791=ORIENTED_EDGE('',*,*,#3392,.T.);
#1792=ORIENTED_EDGE('',*,*,#3393,.F.);
#1793=ORIENTED_EDGE('',*,*,#3285,.T.);
#1794=ORIENTED_EDGE('',*,*,#3391,.T.);
#1795=ORIENTED_EDGE('',*,*,#3394,.T.);
#1796=ORIENTED_EDGE('',*,*,#3395,.F.);
#1797=ORIENTED_EDGE('',*,*,#3280,.T.);
#1798=ORIENTED_EDGE('',*,*,#3396,.T.);
#1799=ORIENTED_EDGE('',*,*,#3397,.T.);
#1800=ORIENTED_EDGE('',*,*,#3398,.F.);
#1801=ORIENTED_EDGE('',*,*,#3273,.T.);
#1802=ORIENTED_EDGE('',*,*,#3395,.T.);
#1803=ORIENTED_EDGE('',*,*,#3399,.T.);
#1804=ORIENTED_EDGE('',*,*,#3400,.F.);
#1805=ORIENTED_EDGE('',*,*,#3269,.T.);
#1806=ORIENTED_EDGE('',*,*,#3398,.T.);
#1807=ORIENTED_EDGE('',*,*,#3401,.T.);
#1808=ORIENTED_EDGE('',*,*,#3402,.T.);
#1809=ORIENTED_EDGE('',*,*,#3403,.F.);
#1810=ORIENTED_EDGE('',*,*,#3404,.F.);
#1811=ORIENTED_EDGE('',*,*,#3405,.T.);
#1812=ORIENTED_EDGE('',*,*,#3406,.T.);
#1813=ORIENTED_EDGE('',*,*,#3407,.F.);
#1814=ORIENTED_EDGE('',*,*,#3408,.F.);
#1815=ORIENTED_EDGE('',*,*,#3403,.T.);
#1816=ORIENTED_EDGE('',*,*,#3409,.T.);
#1817=ORIENTED_EDGE('',*,*,#3410,.F.);
#1818=ORIENTED_EDGE('',*,*,#3411,.F.);
#1819=ORIENTED_EDGE('',*,*,#3407,.T.);
#1820=ORIENTED_EDGE('',*,*,#3412,.T.);
#1821=ORIENTED_EDGE('',*,*,#3413,.F.);
#1822=ORIENTED_EDGE('',*,*,#3414,.F.);
#1823=ORIENTED_EDGE('',*,*,#3415,.T.);
#1824=ORIENTED_EDGE('',*,*,#3416,.T.);
#1825=ORIENTED_EDGE('',*,*,#3417,.F.);
#1826=ORIENTED_EDGE('',*,*,#3418,.F.);
#1827=ORIENTED_EDGE('',*,*,#3413,.T.);
#1828=ORIENTED_EDGE('',*,*,#3419,.T.);
#1829=ORIENTED_EDGE('',*,*,#3420,.F.);
#1830=ORIENTED_EDGE('',*,*,#3421,.F.);
#1831=ORIENTED_EDGE('',*,*,#3417,.T.);
#1832=ORIENTED_EDGE('',*,*,#3422,.T.);
#1833=ORIENTED_EDGE('',*,*,#3423,.F.);
#1834=ORIENTED_EDGE('',*,*,#3424,.F.);
#1835=ORIENTED_EDGE('',*,*,#3425,.T.);
#1836=ORIENTED_EDGE('',*,*,#3426,.T.);
#1837=ORIENTED_EDGE('',*,*,#3427,.F.);
#1838=ORIENTED_EDGE('',*,*,#3428,.F.);
#1839=ORIENTED_EDGE('',*,*,#3423,.T.);
#1840=ORIENTED_EDGE('',*,*,#3429,.T.);
#1841=ORIENTED_EDGE('',*,*,#3430,.F.);
#1842=ORIENTED_EDGE('',*,*,#3431,.F.);
#1843=ORIENTED_EDGE('',*,*,#3427,.T.);
#1844=ORIENTED_EDGE('',*,*,#3432,.T.);
#1845=ORIENTED_EDGE('',*,*,#3433,.F.);
#1846=ORIENTED_EDGE('',*,*,#3434,.F.);
#1847=ORIENTED_EDGE('',*,*,#3430,.T.);
#1848=ORIENTED_EDGE('',*,*,#3435,.T.);
#1849=ORIENTED_EDGE('',*,*,#3436,.F.);
#1850=ORIENTED_EDGE('',*,*,#3437,.F.);
#1851=ORIENTED_EDGE('',*,*,#3433,.T.);
#1852=ORIENTED_EDGE('',*,*,#3438,.T.);
#1853=ORIENTED_EDGE('',*,*,#3439,.F.);
#1854=ORIENTED_EDGE('',*,*,#3440,.F.);
#1855=ORIENTED_EDGE('',*,*,#3436,.T.);
#1856=ORIENTED_EDGE('',*,*,#3441,.T.);
#1857=ORIENTED_EDGE('',*,*,#3442,.F.);
#1858=ORIENTED_EDGE('',*,*,#3443,.F.);
#1859=ORIENTED_EDGE('',*,*,#3439,.T.);
#1860=ORIENTED_EDGE('',*,*,#3444,.T.);
#1861=ORIENTED_EDGE('',*,*,#3425,.F.);
#1862=ORIENTED_EDGE('',*,*,#3445,.F.);
#1863=ORIENTED_EDGE('',*,*,#3442,.T.);
#1864=ORIENTED_EDGE('',*,*,#3446,.T.);
#1865=ORIENTED_EDGE('',*,*,#3447,.T.);
#1866=ORIENTED_EDGE('',*,*,#3448,.T.);
#1867=ORIENTED_EDGE('',*,*,#3449,.T.);
#1868=ORIENTED_EDGE('',*,*,#3450,.T.);
#1869=ORIENTED_EDGE('',*,*,#3451,.T.);
#1870=ORIENTED_EDGE('',*,*,#3452,.T.);
#1871=ORIENTED_EDGE('',*,*,#3453,.T.);
#1872=ORIENTED_EDGE('',*,*,#3444,.F.);
#1873=ORIENTED_EDGE('',*,*,#3441,.F.);
#1874=ORIENTED_EDGE('',*,*,#3438,.F.);
#1875=ORIENTED_EDGE('',*,*,#3435,.F.);
#1876=ORIENTED_EDGE('',*,*,#3432,.F.);
#1877=ORIENTED_EDGE('',*,*,#3429,.F.);
#1878=ORIENTED_EDGE('',*,*,#3426,.F.);
#1879=ORIENTED_EDGE('',*,*,#3422,.F.);
#1880=ORIENTED_EDGE('',*,*,#3382,.F.);
#1881=ORIENTED_EDGE('',*,*,#3454,.F.);
#1882=ORIENTED_EDGE('',*,*,#3452,.F.);
#1883=ORIENTED_EDGE('',*,*,#3455,.T.);
#1884=ORIENTED_EDGE('',*,*,#3383,.F.);
#1885=ORIENTED_EDGE('',*,*,#3455,.F.);
#1886=ORIENTED_EDGE('',*,*,#3451,.F.);
#1887=ORIENTED_EDGE('',*,*,#3456,.T.);
#1888=ORIENTED_EDGE('',*,*,#3217,.T.);
#1889=ORIENTED_EDGE('',*,*,#3457,.T.);
#1890=ORIENTED_EDGE('',*,*,#3213,.T.);
#1891=ORIENTED_EDGE('',*,*,#3458,.T.);
#1892=ORIENTED_EDGE('',*,*,#3209,.T.);
#1893=ORIENTED_EDGE('',*,*,#3459,.T.);
#1894=ORIENTED_EDGE('',*,*,#3205,.T.);
#1895=ORIENTED_EDGE('',*,*,#3460,.T.);
#1896=ORIENTED_EDGE('',*,*,#3201,.T.);
#1897=ORIENTED_EDGE('',*,*,#3461,.T.);
#1898=ORIENTED_EDGE('',*,*,#3384,.F.);
#1899=ORIENTED_EDGE('',*,*,#3456,.F.);
#1900=ORIENTED_EDGE('',*,*,#3450,.F.);
#1901=ORIENTED_EDGE('',*,*,#3462,.T.);
#1902=ORIENTED_EDGE('',*,*,#3385,.F.);
#1903=ORIENTED_EDGE('',*,*,#3462,.F.);
#1904=ORIENTED_EDGE('',*,*,#3449,.F.);
#1905=ORIENTED_EDGE('',*,*,#3463,.T.);
#1906=ORIENTED_EDGE('',*,*,#3249,.T.);
#1907=ORIENTED_EDGE('',*,*,#3464,.T.);
#1908=ORIENTED_EDGE('',*,*,#3245,.T.);
#1909=ORIENTED_EDGE('',*,*,#3465,.T.);
#1910=ORIENTED_EDGE('',*,*,#3241,.T.);
#1911=ORIENTED_EDGE('',*,*,#3466,.T.);
#1912=ORIENTED_EDGE('',*,*,#3237,.T.);
#1913=ORIENTED_EDGE('',*,*,#3467,.T.);
#1914=ORIENTED_EDGE('',*,*,#3386,.F.);
#1915=ORIENTED_EDGE('',*,*,#3463,.F.);
#1916=ORIENTED_EDGE('',*,*,#3448,.F.);
#1917=ORIENTED_EDGE('',*,*,#3468,.T.);
#1918=ORIENTED_EDGE('',*,*,#3380,.F.);
#1919=ORIENTED_EDGE('',*,*,#3469,.F.);
#1920=ORIENTED_EDGE('',*,*,#3446,.F.);
#1921=ORIENTED_EDGE('',*,*,#3470,.T.);
#1922=ORIENTED_EDGE('',*,*,#3308,.T.);
#1923=ORIENTED_EDGE('',*,*,#3323,.T.);
#1924=ORIENTED_EDGE('',*,*,#3321,.T.);
#1925=ORIENTED_EDGE('',*,*,#3319,.T.);
#1926=ORIENTED_EDGE('',*,*,#3317,.T.);
#1927=ORIENTED_EDGE('',*,*,#3315,.T.);
#1928=ORIENTED_EDGE('',*,*,#3313,.T.);
#1929=ORIENTED_EDGE('',*,*,#3311,.T.);
#1930=ORIENTED_EDGE('',*,*,#3349,.F.);
#1931=ORIENTED_EDGE('',*,*,#3347,.F.);
#1932=ORIENTED_EDGE('',*,*,#3345,.F.);
#1933=ORIENTED_EDGE('',*,*,#3343,.F.);
#1934=ORIENTED_EDGE('',*,*,#3341,.F.);
#1935=ORIENTED_EDGE('',*,*,#3339,.F.);
#1936=ORIENTED_EDGE('',*,*,#3337,.F.);
#1937=ORIENTED_EDGE('',*,*,#3334,.F.);
#1938=ORIENTED_EDGE('',*,*,#3274,.T.);
#1939=ORIENTED_EDGE('',*,*,#3271,.T.);
#1940=ORIENTED_EDGE('',*,*,#3471,.T.);
#1941=ORIENTED_EDGE('',*,*,#3276,.T.);
#1942=ORIENTED_EDGE('',*,*,#3283,.T.);
#1943=ORIENTED_EDGE('',*,*,#3287,.T.);
#1944=ORIENTED_EDGE('',*,*,#3472,.T.);
#1945=ORIENTED_EDGE('',*,*,#3281,.T.);
#1946=ORIENTED_EDGE('',*,*,#3473,.F.);
#1947=ORIENTED_EDGE('',*,*,#3221,.F.);
#1948=ORIENTED_EDGE('',*,*,#3474,.F.);
#1949=ORIENTED_EDGE('',*,*,#3229,.F.);
#1950=ORIENTED_EDGE('',*,*,#3381,.F.);
#1951=ORIENTED_EDGE('',*,*,#3470,.F.);
#1952=ORIENTED_EDGE('',*,*,#3453,.F.);
#1953=ORIENTED_EDGE('',*,*,#3454,.T.);
#1954=ORIENTED_EDGE('',*,*,#3475,.F.);
#1955=ORIENTED_EDGE('',*,*,#3233,.F.);
#1956=ORIENTED_EDGE('',*,*,#3476,.F.);
#1957=ORIENTED_EDGE('',*,*,#3225,.F.);
#1958=ORIENTED_EDGE('',*,*,#3477,.F.);
#1959=ORIENTED_EDGE('',*,*,#3181,.F.);
#1960=ORIENTED_EDGE('',*,*,#3478,.F.);
#1961=ORIENTED_EDGE('',*,*,#3189,.F.);
#1962=ORIENTED_EDGE('',*,*,#3479,.F.);
#1963=ORIENTED_EDGE('',*,*,#3197,.F.);
#1964=ORIENTED_EDGE('',*,*,#3387,.F.);
#1965=ORIENTED_EDGE('',*,*,#3468,.F.);
#1966=ORIENTED_EDGE('',*,*,#3447,.F.);
#1967=ORIENTED_EDGE('',*,*,#3469,.T.);
#1968=ORIENTED_EDGE('',*,*,#3480,.F.);
#1969=ORIENTED_EDGE('',*,*,#3193,.F.);
#1970=ORIENTED_EDGE('',*,*,#3481,.F.);
#1971=ORIENTED_EDGE('',*,*,#3185,.F.);
#1972=ORIENTED_EDGE('',*,*,#3170,.F.);
#1973=ORIENTED_EDGE('',*,*,#3482,.T.);
#1974=ORIENTED_EDGE('',*,*,#3483,.F.);
#1975=ORIENTED_EDGE('',*,*,#3484,.F.);
#1976=ORIENTED_EDGE('',*,*,#3485,.T.);
#1977=ORIENTED_EDGE('',*,*,#3486,.F.);
#1978=ORIENTED_EDGE('',*,*,#3487,.T.);
#1979=ORIENTED_EDGE('',*,*,#3488,.T.);
#1980=ORIENTED_EDGE('',*,*,#3485,.F.);
#1981=ORIENTED_EDGE('',*,*,#3489,.T.);
#1982=ORIENTED_EDGE('',*,*,#3490,.F.);
#1983=ORIENTED_EDGE('',*,*,#3487,.F.);
#1984=ORIENTED_EDGE('',*,*,#3491,.F.);
#1985=ORIENTED_EDGE('',*,*,#3492,.T.);
#1986=ORIENTED_EDGE('',*,*,#3161,.F.);
#1987=ORIENTED_EDGE('',*,*,#3493,.T.);
#1988=ORIENTED_EDGE('',*,*,#3494,.F.);
#1989=ORIENTED_EDGE('',*,*,#3495,.F.);
#1990=ORIENTED_EDGE('',*,*,#3496,.T.);
#1991=ORIENTED_EDGE('',*,*,#3497,.F.);
#1992=ORIENTED_EDGE('',*,*,#3498,.F.);
#1993=ORIENTED_EDGE('',*,*,#3499,.T.);
#1994=ORIENTED_EDGE('',*,*,#3396,.F.);
#1995=ORIENTED_EDGE('',*,*,#3500,.T.);
#1996=ORIENTED_EDGE('',*,*,#3501,.F.);
#1997=ORIENTED_EDGE('',*,*,#3502,.T.);
#1998=ORIENTED_EDGE('',*,*,#3503,.T.);
#1999=ORIENTED_EDGE('',*,*,#3496,.F.);
#2000=ORIENTED_EDGE('',*,*,#3504,.T.);
#2001=ORIENTED_EDGE('',*,*,#3505,.F.);
#2002=ORIENTED_EDGE('',*,*,#3502,.F.);
#2003=ORIENTED_EDGE('',*,*,#3506,.F.);
#2004=ORIENTED_EDGE('',*,*,#3507,.T.);
#2005=ORIENTED_EDGE('',*,*,#3508,.F.);
#2006=ORIENTED_EDGE('',*,*,#3509,.T.);
#2007=ORIENTED_EDGE('',*,*,#3415,.F.);
#2008=ORIENTED_EDGE('',*,*,#3510,.F.);
#2009=ORIENTED_EDGE('',*,*,#3511,.F.);
#2010=ORIENTED_EDGE('',*,*,#3512,.T.);
#2011=ORIENTED_EDGE('',*,*,#3513,.F.);
#2012=ORIENTED_EDGE('',*,*,#3179,.F.);
#2013=ORIENTED_EDGE('',*,*,#3514,.T.);
#2014=ORIENTED_EDGE('',*,*,#3515,.F.);
#2015=ORIENTED_EDGE('',*,*,#3516,.F.);
#2016=ORIENTED_EDGE('',*,*,#3517,.T.);
#2017=ORIENTED_EDGE('',*,*,#3518,.F.);
#2018=ORIENTED_EDGE('',*,*,#3519,.F.);
#2019=ORIENTED_EDGE('',*,*,#3512,.F.);
#2020=ORIENTED_EDGE('',*,*,#3520,.T.);
#2021=ORIENTED_EDGE('',*,*,#3519,.T.);
#2022=ORIENTED_EDGE('',*,*,#3521,.T.);
#2023=ORIENTED_EDGE('',*,*,#3522,.F.);
#2024=ORIENTED_EDGE('',*,*,#3523,.T.);
#2025=ORIENTED_EDGE('',*,*,#3524,.F.);
#2026=ORIENTED_EDGE('',*,*,#3147,.F.);
#2027=ORIENTED_EDGE('',*,*,#3525,.T.);
#2028=ORIENTED_EDGE('',*,*,#3526,.F.);
#2029=ORIENTED_EDGE('',*,*,#3527,.F.);
#2030=ORIENTED_EDGE('',*,*,#3528,.T.);
#2031=ORIENTED_EDGE('',*,*,#3529,.F.);
#2032=ORIENTED_EDGE('',*,*,#3530,.F.);
#2033=ORIENTED_EDGE('',*,*,#3523,.F.);
#2034=ORIENTED_EDGE('',*,*,#3531,.T.);
#2035=ORIENTED_EDGE('',*,*,#3530,.T.);
#2036=ORIENTED_EDGE('',*,*,#3532,.T.);
#2037=ORIENTED_EDGE('',*,*,#3129,.F.);
#2038=ORIENTED_EDGE('',*,*,#3533,.T.);
#2039=ORIENTED_EDGE('',*,*,#3393,.T.);
#2040=ORIENTED_EDGE('',*,*,#3534,.T.);
#2041=ORIENTED_EDGE('',*,*,#3535,.F.);
#2042=ORIENTED_EDGE('',*,*,#3536,.F.);
#2043=ORIENTED_EDGE('',*,*,#3537,.T.);
#2044=ORIENTED_EDGE('',*,*,#3538,.F.);
#2045=ORIENTED_EDGE('',*,*,#3138,.F.);
#2046=ORIENTED_EDGE('',*,*,#3539,.T.);
#2047=ORIENTED_EDGE('',*,*,#3540,.F.);
#2048=ORIENTED_EDGE('',*,*,#3541,.F.);
#2049=ORIENTED_EDGE('',*,*,#3542,.F.);
#2050=ORIENTED_EDGE('',*,*,#3410,.T.);
#2051=ORIENTED_EDGE('',*,*,#3543,.T.);
#2052=ORIENTED_EDGE('',*,*,#3544,.F.);
#2053=ORIENTED_EDGE('',*,*,#3545,.T.);
#2054=ORIENTED_EDGE('',*,*,#3546,.F.);
#2055=ORIENTED_EDGE('',*,*,#3547,.F.);
#2056=ORIENTED_EDGE('',*,*,#3548,.F.);
#2057=ORIENTED_EDGE('',*,*,#3539,.F.);
#2058=ORIENTED_EDGE('',*,*,#3137,.F.);
#2059=ORIENTED_EDGE('',*,*,#3549,.F.);
#2060=ORIENTED_EDGE('',*,*,#3143,.F.);
#2061=ORIENTED_EDGE('',*,*,#3550,.F.);
#2062=ORIENTED_EDGE('',*,*,#3525,.F.);
#2063=ORIENTED_EDGE('',*,*,#3146,.F.);
#2064=ORIENTED_EDGE('',*,*,#3551,.F.);
#2065=ORIENTED_EDGE('',*,*,#3152,.F.);
#2066=ORIENTED_EDGE('',*,*,#3552,.F.);
#2067=ORIENTED_EDGE('',*,*,#3514,.F.);
#2068=ORIENTED_EDGE('',*,*,#3178,.F.);
#2069=ORIENTED_EDGE('',*,*,#3553,.F.);
#2070=ORIENTED_EDGE('',*,*,#3175,.F.);
#2071=ORIENTED_EDGE('',*,*,#3554,.F.);
#2072=ORIENTED_EDGE('',*,*,#3482,.F.);
#2073=ORIENTED_EDGE('',*,*,#3169,.F.);
#2074=ORIENTED_EDGE('',*,*,#3555,.F.);
#2075=ORIENTED_EDGE('',*,*,#3166,.F.);
#2076=ORIENTED_EDGE('',*,*,#3556,.F.);
#2077=ORIENTED_EDGE('',*,*,#3493,.F.);
#2078=ORIENTED_EDGE('',*,*,#3160,.F.);
#2079=ORIENTED_EDGE('',*,*,#3557,.F.);
#2080=ORIENTED_EDGE('',*,*,#3157,.F.);
#2081=ORIENTED_EDGE('',*,*,#3558,.F.);
#2082=ORIENTED_EDGE('',*,*,#3500,.F.);
#2083=ORIENTED_EDGE('',*,*,#3279,.F.);
#2084=ORIENTED_EDGE('',*,*,#3472,.F.);
#2085=ORIENTED_EDGE('',*,*,#3286,.T.);
#2086=ORIENTED_EDGE('',*,*,#3533,.F.);
#2087=ORIENTED_EDGE('',*,*,#3128,.F.);
#2088=ORIENTED_EDGE('',*,*,#3559,.F.);
#2089=ORIENTED_EDGE('',*,*,#3134,.F.);
#2090=ORIENTED_EDGE('',*,*,#3537,.F.);
#2091=ORIENTED_EDGE('',*,*,#3560,.T.);
#2092=ORIENTED_EDGE('',*,*,#3547,.T.);
#2093=ORIENTED_EDGE('',*,*,#3561,.T.);
#2094=ORIENTED_EDGE('',*,*,#3116,.F.);
#2095=ORIENTED_EDGE('',*,*,#3562,.T.);
#2096=ORIENTED_EDGE('',*,*,#3563,.F.);
#2097=ORIENTED_EDGE('',*,*,#3564,.F.);
#2098=ORIENTED_EDGE('',*,*,#3565,.T.);
#2099=ORIENTED_EDGE('',*,*,#3566,.F.);
#2100=ORIENTED_EDGE('',*,*,#3567,.F.);
#2101=ORIENTED_EDGE('',*,*,#3568,.F.);
#2102=ORIENTED_EDGE('',*,*,#3569,.F.);
#2103=ORIENTED_EDGE('',*,*,#3570,.T.);
#2104=ORIENTED_EDGE('',*,*,#3568,.T.);
#2105=ORIENTED_EDGE('',*,*,#3571,.T.);
#2106=ORIENTED_EDGE('',*,*,#3565,.F.);
#2107=ORIENTED_EDGE('',*,*,#3572,.T.);
#2108=ORIENTED_EDGE('',*,*,#3107,.F.);
#2109=ORIENTED_EDGE('',*,*,#3573,.T.);
#2110=ORIENTED_EDGE('',*,*,#3574,.F.);
#2111=ORIENTED_EDGE('',*,*,#3575,.F.);
#2112=ORIENTED_EDGE('',*,*,#3576,.T.);
#2113=ORIENTED_EDGE('',*,*,#3577,.F.);
#2114=ORIENTED_EDGE('',*,*,#3578,.F.);
#2115=ORIENTED_EDGE('',*,*,#3579,.T.);
#2116=ORIENTED_EDGE('',*,*,#3389,.F.);
#2117=ORIENTED_EDGE('',*,*,#3580,.T.);
#2118=ORIENTED_EDGE('',*,*,#3581,.F.);
#2119=ORIENTED_EDGE('',*,*,#3582,.F.);
#2120=ORIENTED_EDGE('',*,*,#3583,.F.);
#2121=ORIENTED_EDGE('',*,*,#3584,.F.);
#2122=ORIENTED_EDGE('',*,*,#3585,.T.);
#2123=ORIENTED_EDGE('',*,*,#3586,.F.);
#2124=ORIENTED_EDGE('',*,*,#3587,.T.);
#2125=ORIENTED_EDGE('',*,*,#3405,.F.);
#2126=ORIENTED_EDGE('',*,*,#3588,.F.);
#2127=ORIENTED_EDGE('',*,*,#3583,.T.);
#2128=ORIENTED_EDGE('',*,*,#3589,.T.);
#2129=ORIENTED_EDGE('',*,*,#3576,.F.);
#2130=ORIENTED_EDGE('',*,*,#3590,.T.);
#2131=ORIENTED_EDGE('',*,*,#3579,.F.);
#2132=ORIENTED_EDGE('',*,*,#3591,.T.);
#2133=ORIENTED_EDGE('',*,*,#3588,.T.);
#2134=ORIENTED_EDGE('',*,*,#3404,.T.);
#2135=ORIENTED_EDGE('',*,*,#3408,.T.);
#2136=ORIENTED_EDGE('',*,*,#3411,.T.);
#2137=ORIENTED_EDGE('',*,*,#3542,.T.);
#2138=ORIENTED_EDGE('',*,*,#3592,.T.);
#2139=ORIENTED_EDGE('',*,*,#3534,.F.);
#2140=ORIENTED_EDGE('',*,*,#3394,.F.);
#2141=ORIENTED_EDGE('',*,*,#3392,.F.);
#2142=ORIENTED_EDGE('',*,*,#3390,.F.);
#2143=ORIENTED_EDGE('',*,*,#3593,.F.);
#2144=ORIENTED_EDGE('',*,*,#3594,.T.);
#2145=ORIENTED_EDGE('',*,*,#3595,.F.);
#2146=ORIENTED_EDGE('',*,*,#3125,.F.);
#2147=ORIENTED_EDGE('',*,*,#3596,.T.);
#2148=ORIENTED_EDGE('',*,*,#3597,.F.);
#2149=ORIENTED_EDGE('',*,*,#3598,.F.);
#2150=ORIENTED_EDGE('',*,*,#3599,.T.);
#2151=ORIENTED_EDGE('',*,*,#3600,.F.);
#2152=ORIENTED_EDGE('',*,*,#3601,.F.);
#2153=ORIENTED_EDGE('',*,*,#3594,.F.);
#2154=ORIENTED_EDGE('',*,*,#3602,.T.);
#2155=ORIENTED_EDGE('',*,*,#3601,.T.);
#2156=ORIENTED_EDGE('',*,*,#3603,.T.);
#2157=ORIENTED_EDGE('',*,*,#3604,.F.);
#2158=ORIENTED_EDGE('',*,*,#3605,.T.);
#2159=ORIENTED_EDGE('',*,*,#3606,.F.);
#2160=ORIENTED_EDGE('',*,*,#3093,.F.);
#2161=ORIENTED_EDGE('',*,*,#3607,.T.);
#2162=ORIENTED_EDGE('',*,*,#3608,.F.);
#2163=ORIENTED_EDGE('',*,*,#3609,.F.);
#2164=ORIENTED_EDGE('',*,*,#3610,.T.);
#2165=ORIENTED_EDGE('',*,*,#3611,.F.);
#2166=ORIENTED_EDGE('',*,*,#3612,.F.);
#2167=ORIENTED_EDGE('',*,*,#3605,.F.);
#2168=ORIENTED_EDGE('',*,*,#3613,.T.);
#2169=ORIENTED_EDGE('',*,*,#3612,.T.);
#2170=ORIENTED_EDGE('',*,*,#3614,.T.);
#2171=ORIENTED_EDGE('',*,*,#3075,.F.);
#2172=ORIENTED_EDGE('',*,*,#3615,.T.);
#2173=ORIENTED_EDGE('',*,*,#3400,.T.);
#2174=ORIENTED_EDGE('',*,*,#3616,.T.);
#2175=ORIENTED_EDGE('',*,*,#3617,.F.);
#2176=ORIENTED_EDGE('',*,*,#3618,.F.);
#2177=ORIENTED_EDGE('',*,*,#3619,.T.);
#2178=ORIENTED_EDGE('',*,*,#3620,.F.);
#2179=ORIENTED_EDGE('',*,*,#3084,.F.);
#2180=ORIENTED_EDGE('',*,*,#3621,.T.);
#2181=ORIENTED_EDGE('',*,*,#3622,.F.);
#2182=ORIENTED_EDGE('',*,*,#3623,.F.);
#2183=ORIENTED_EDGE('',*,*,#3624,.F.);
#2184=ORIENTED_EDGE('',*,*,#3420,.T.);
#2185=ORIENTED_EDGE('',*,*,#3625,.T.);
#2186=ORIENTED_EDGE('',*,*,#3626,.F.);
#2187=ORIENTED_EDGE('',*,*,#3627,.T.);
#2188=ORIENTED_EDGE('',*,*,#3628,.F.);
#2189=ORIENTED_EDGE('',*,*,#3629,.F.);
#2190=ORIENTED_EDGE('',*,*,#3624,.T.);
#2191=ORIENTED_EDGE('',*,*,#3630,.T.);
#2192=ORIENTED_EDGE('',*,*,#3616,.F.);
#2193=ORIENTED_EDGE('',*,*,#3401,.F.);
#2194=ORIENTED_EDGE('',*,*,#3399,.F.);
#2195=ORIENTED_EDGE('',*,*,#3397,.F.);
#2196=ORIENTED_EDGE('',*,*,#3499,.F.);
#2197=ORIENTED_EDGE('',*,*,#3631,.T.);
#2198=ORIENTED_EDGE('',*,*,#3510,.T.);
#2199=ORIENTED_EDGE('',*,*,#3414,.T.);
#2200=ORIENTED_EDGE('',*,*,#3418,.T.);
#2201=ORIENTED_EDGE('',*,*,#3421,.T.);
#2202=ORIENTED_EDGE('',*,*,#3619,.F.);
#2203=ORIENTED_EDGE('',*,*,#3632,.T.);
#2204=ORIENTED_EDGE('',*,*,#3629,.T.);
#2205=ORIENTED_EDGE('',*,*,#3633,.T.);
#2206=ORIENTED_EDGE('',*,*,#3634,.F.);
#2207=ORIENTED_EDGE('',*,*,#3621,.F.);
#2208=ORIENTED_EDGE('',*,*,#3083,.F.);
#2209=ORIENTED_EDGE('',*,*,#3635,.F.);
#2210=ORIENTED_EDGE('',*,*,#3089,.F.);
#2211=ORIENTED_EDGE('',*,*,#3636,.F.);
#2212=ORIENTED_EDGE('',*,*,#3607,.F.);
#2213=ORIENTED_EDGE('',*,*,#3092,.F.);
#2214=ORIENTED_EDGE('',*,*,#3637,.F.);
#2215=ORIENTED_EDGE('',*,*,#3098,.F.);
#2216=ORIENTED_EDGE('',*,*,#3638,.F.);
#2217=ORIENTED_EDGE('',*,*,#3596,.F.);
#2218=ORIENTED_EDGE('',*,*,#3124,.F.);
#2219=ORIENTED_EDGE('',*,*,#3639,.F.);
#2220=ORIENTED_EDGE('',*,*,#3121,.F.);
#2221=ORIENTED_EDGE('',*,*,#3640,.F.);
#2222=ORIENTED_EDGE('',*,*,#3562,.F.);
#2223=ORIENTED_EDGE('',*,*,#3115,.F.);
#2224=ORIENTED_EDGE('',*,*,#3641,.F.);
#2225=ORIENTED_EDGE('',*,*,#3112,.F.);
#2226=ORIENTED_EDGE('',*,*,#3642,.F.);
#2227=ORIENTED_EDGE('',*,*,#3573,.F.);
#2228=ORIENTED_EDGE('',*,*,#3106,.F.);
#2229=ORIENTED_EDGE('',*,*,#3643,.F.);
#2230=ORIENTED_EDGE('',*,*,#3103,.F.);
#2231=ORIENTED_EDGE('',*,*,#3644,.F.);
#2232=ORIENTED_EDGE('',*,*,#3580,.F.);
#2233=ORIENTED_EDGE('',*,*,#3277,.T.);
#2234=ORIENTED_EDGE('',*,*,#3471,.F.);
#2235=ORIENTED_EDGE('',*,*,#3270,.F.);
#2236=ORIENTED_EDGE('',*,*,#3615,.F.);
#2237=ORIENTED_EDGE('',*,*,#3074,.F.);
#2238=ORIENTED_EDGE('',*,*,#3645,.F.);
#2239=ORIENTED_EDGE('',*,*,#3080,.F.);
#2240=ORIENTED_EDGE('',*,*,#3627,.F.);
#2241=ORIENTED_EDGE('',*,*,#3646,.T.);
#2242=ORIENTED_EDGE('',*,*,#3625,.F.);
#2243=ORIENTED_EDGE('',*,*,#3419,.F.);
#2244=ORIENTED_EDGE('',*,*,#3416,.F.);
#2245=ORIENTED_EDGE('',*,*,#3412,.F.);
#2246=ORIENTED_EDGE('',*,*,#3509,.F.);
#2247=ORIENTED_EDGE('',*,*,#3647,.T.);
#2248=ORIENTED_EDGE('',*,*,#3507,.F.);
#2249=ORIENTED_EDGE('',*,*,#3648,.T.);
#2250=ORIENTED_EDGE('',*,*,#3492,.F.);
#2251=ORIENTED_EDGE('',*,*,#3649,.T.);
#2252=ORIENTED_EDGE('',*,*,#3517,.F.);
#2253=ORIENTED_EDGE('',*,*,#3650,.T.);
#2254=ORIENTED_EDGE('',*,*,#3528,.F.);
#2255=ORIENTED_EDGE('',*,*,#3651,.T.);
#2256=ORIENTED_EDGE('',*,*,#3545,.F.);
#2257=ORIENTED_EDGE('',*,*,#3652,.T.);
#2258=ORIENTED_EDGE('',*,*,#3543,.F.);
#2259=ORIENTED_EDGE('',*,*,#3409,.F.);
#2260=ORIENTED_EDGE('',*,*,#3406,.F.);
#2261=ORIENTED_EDGE('',*,*,#3402,.F.);
#2262=ORIENTED_EDGE('',*,*,#3587,.F.);
#2263=ORIENTED_EDGE('',*,*,#3653,.T.);
#2264=ORIENTED_EDGE('',*,*,#3585,.F.);
#2265=ORIENTED_EDGE('',*,*,#3654,.T.);
#2266=ORIENTED_EDGE('',*,*,#3570,.F.);
#2267=ORIENTED_EDGE('',*,*,#3655,.T.);
#2268=ORIENTED_EDGE('',*,*,#3599,.F.);
#2269=ORIENTED_EDGE('',*,*,#3656,.T.);
#2270=ORIENTED_EDGE('',*,*,#3610,.F.);
#2271=ORIENTED_EDGE('',*,*,#3657,.T.);
#2272=ORIENTED_EDGE('',*,*,#3658,.T.);
#2273=ORIENTED_EDGE('',*,*,#3183,.T.);
#2274=ORIENTED_EDGE('',*,*,#3659,.T.);
#2275=ORIENTED_EDGE('',*,*,#3191,.T.);
#2276=ORIENTED_EDGE('',*,*,#3660,.T.);
#2277=ORIENTED_EDGE('',*,*,#3199,.T.);
#2278=ORIENTED_EDGE('',*,*,#3203,.F.);
#2279=ORIENTED_EDGE('',*,*,#3661,.F.);
#2280=ORIENTED_EDGE('',*,*,#3207,.F.);
#2281=ORIENTED_EDGE('',*,*,#3662,.F.);
#2282=ORIENTED_EDGE('',*,*,#3211,.F.);
#2283=ORIENTED_EDGE('',*,*,#3663,.F.);
#2284=ORIENTED_EDGE('',*,*,#3215,.F.);
#2285=ORIENTED_EDGE('',*,*,#3664,.F.);
#2286=ORIENTED_EDGE('',*,*,#3219,.F.);
#2287=ORIENTED_EDGE('',*,*,#3665,.F.);
#2288=ORIENTED_EDGE('',*,*,#3666,.T.);
#2289=ORIENTED_EDGE('',*,*,#3227,.T.);
#2290=ORIENTED_EDGE('',*,*,#3667,.T.);
#2291=ORIENTED_EDGE('',*,*,#3235,.T.);
#2292=ORIENTED_EDGE('',*,*,#3239,.F.);
#2293=ORIENTED_EDGE('',*,*,#3668,.F.);
#2294=ORIENTED_EDGE('',*,*,#3243,.F.);
#2295=ORIENTED_EDGE('',*,*,#3669,.F.);
#2296=ORIENTED_EDGE('',*,*,#3247,.F.);
#2297=ORIENTED_EDGE('',*,*,#3670,.F.);
#2298=ORIENTED_EDGE('',*,*,#3251,.F.);
#2299=ORIENTED_EDGE('',*,*,#3671,.F.);
#2300=ORIENTED_EDGE('',*,*,#3445,.T.);
#2301=ORIENTED_EDGE('',*,*,#3424,.T.);
#2302=ORIENTED_EDGE('',*,*,#3428,.T.);
#2303=ORIENTED_EDGE('',*,*,#3431,.T.);
#2304=ORIENTED_EDGE('',*,*,#3434,.T.);
#2305=ORIENTED_EDGE('',*,*,#3437,.T.);
#2306=ORIENTED_EDGE('',*,*,#3440,.T.);
#2307=ORIENTED_EDGE('',*,*,#3443,.T.);
#2308=ORIENTED_EDGE('',*,*,#3672,.T.);
#2309=ORIENTED_EDGE('',*,*,#3231,.T.);
#2310=ORIENTED_EDGE('',*,*,#3673,.T.);
#2311=ORIENTED_EDGE('',*,*,#3223,.T.);
#2312=ORIENTED_EDGE('',*,*,#3674,.T.);
#2313=ORIENTED_EDGE('',*,*,#3195,.T.);
#2314=ORIENTED_EDGE('',*,*,#3675,.T.);
#2315=ORIENTED_EDGE('',*,*,#3187,.T.);
#2316=ORIENTED_EDGE('',*,*,#3294,.F.);
#2317=ORIENTED_EDGE('',*,*,#3295,.T.);
#2318=ORIENTED_EDGE('',*,*,#3358,.T.);
#2319=ORIENTED_EDGE('',*,*,#3296,.F.);
#2320=ORIENTED_EDGE('',*,*,#3289,.F.);
#2321=ORIENTED_EDGE('',*,*,#3290,.T.);
#2322=ORIENTED_EDGE('',*,*,#3359,.T.);
#2323=ORIENTED_EDGE('',*,*,#3291,.F.);
#2324=ORIENTED_EDGE('',*,*,#3360,.F.);
#2325=ORIENTED_EDGE('',*,*,#3264,.F.);
#2326=ORIENTED_EDGE('',*,*,#3332,.T.);
#2327=ORIENTED_EDGE('',*,*,#3266,.T.);
#2328=ORIENTED_EDGE('',*,*,#3361,.F.);
#2329=ORIENTED_EDGE('',*,*,#3260,.F.);
#2330=ORIENTED_EDGE('',*,*,#3333,.T.);
#2331=ORIENTED_EDGE('',*,*,#3262,.T.);
#2332=ORIENTED_EDGE('',*,*,#3362,.F.);
#2333=ORIENTED_EDGE('',*,*,#3256,.F.);
#2334=ORIENTED_EDGE('',*,*,#3306,.T.);
#2335=ORIENTED_EDGE('',*,*,#3258,.T.);
#2336=ORIENTED_EDGE('',*,*,#3363,.F.);
#2337=ORIENTED_EDGE('',*,*,#3252,.F.);
#2338=ORIENTED_EDGE('',*,*,#3307,.T.);
#2339=ORIENTED_EDGE('',*,*,#3254,.T.);
#2340=ORIENTED_EDGE('',*,*,#3464,.F.);
#2341=ORIENTED_EDGE('',*,*,#3248,.T.);
#2342=ORIENTED_EDGE('',*,*,#3671,.T.);
#2343=ORIENTED_EDGE('',*,*,#3250,.F.);
#2344=ORIENTED_EDGE('',*,*,#3465,.F.);
#2345=ORIENTED_EDGE('',*,*,#3244,.T.);
#2346=ORIENTED_EDGE('',*,*,#3670,.T.);
#2347=ORIENTED_EDGE('',*,*,#3246,.F.);
#2348=ORIENTED_EDGE('',*,*,#3466,.F.);
#2349=ORIENTED_EDGE('',*,*,#3240,.T.);
#2350=ORIENTED_EDGE('',*,*,#3669,.T.);
#2351=ORIENTED_EDGE('',*,*,#3242,.F.);
#2352=ORIENTED_EDGE('',*,*,#3467,.F.);
#2353=ORIENTED_EDGE('',*,*,#3236,.T.);
#2354=ORIENTED_EDGE('',*,*,#3668,.T.);
#2355=ORIENTED_EDGE('',*,*,#3238,.F.);
#2356=ORIENTED_EDGE('',*,*,#3475,.T.);
#2357=ORIENTED_EDGE('',*,*,#3232,.F.);
#2358=ORIENTED_EDGE('',*,*,#3667,.F.);
#2359=ORIENTED_EDGE('',*,*,#3234,.T.);
#2360=ORIENTED_EDGE('',*,*,#3474,.T.);
#2361=ORIENTED_EDGE('',*,*,#3228,.F.);
#2362=ORIENTED_EDGE('',*,*,#3672,.F.);
#2363=ORIENTED_EDGE('',*,*,#3230,.T.);
#2364=ORIENTED_EDGE('',*,*,#3476,.T.);
#2365=ORIENTED_EDGE('',*,*,#3224,.F.);
#2366=ORIENTED_EDGE('',*,*,#3666,.F.);
#2367=ORIENTED_EDGE('',*,*,#3226,.T.);
#2368=ORIENTED_EDGE('',*,*,#3473,.T.);
#2369=ORIENTED_EDGE('',*,*,#3220,.F.);
#2370=ORIENTED_EDGE('',*,*,#3673,.F.);
#2371=ORIENTED_EDGE('',*,*,#3222,.T.);
#2372=ORIENTED_EDGE('',*,*,#3457,.F.);
#2373=ORIENTED_EDGE('',*,*,#3216,.F.);
#2374=ORIENTED_EDGE('',*,*,#3665,.T.);
#2375=ORIENTED_EDGE('',*,*,#3218,.T.);
#2376=ORIENTED_EDGE('',*,*,#3458,.F.);
#2377=ORIENTED_EDGE('',*,*,#3212,.F.);
#2378=ORIENTED_EDGE('',*,*,#3664,.T.);
#2379=ORIENTED_EDGE('',*,*,#3214,.T.);
#2380=ORIENTED_EDGE('',*,*,#3459,.F.);
#2381=ORIENTED_EDGE('',*,*,#3208,.F.);
#2382=ORIENTED_EDGE('',*,*,#3663,.T.);
#2383=ORIENTED_EDGE('',*,*,#3210,.T.);
#2384=ORIENTED_EDGE('',*,*,#3460,.F.);
#2385=ORIENTED_EDGE('',*,*,#3204,.F.);
#2386=ORIENTED_EDGE('',*,*,#3662,.T.);
#2387=ORIENTED_EDGE('',*,*,#3206,.T.);
#2388=ORIENTED_EDGE('',*,*,#3461,.F.);
#2389=ORIENTED_EDGE('',*,*,#3200,.F.);
#2390=ORIENTED_EDGE('',*,*,#3661,.T.);
#2391=ORIENTED_EDGE('',*,*,#3202,.T.);
#2392=ORIENTED_EDGE('',*,*,#3479,.T.);
#2393=ORIENTED_EDGE('',*,*,#3196,.T.);
#2394=ORIENTED_EDGE('',*,*,#3660,.F.);
#2395=ORIENTED_EDGE('',*,*,#3198,.F.);
#2396=ORIENTED_EDGE('',*,*,#3480,.T.);
#2397=ORIENTED_EDGE('',*,*,#3192,.T.);
#2398=ORIENTED_EDGE('',*,*,#3674,.F.);
#2399=ORIENTED_EDGE('',*,*,#3194,.F.);
#2400=ORIENTED_EDGE('',*,*,#3478,.T.);
#2401=ORIENTED_EDGE('',*,*,#3188,.T.);
#2402=ORIENTED_EDGE('',*,*,#3659,.F.);
#2403=ORIENTED_EDGE('',*,*,#3190,.F.);
#2404=ORIENTED_EDGE('',*,*,#3481,.T.);
#2405=ORIENTED_EDGE('',*,*,#3184,.T.);
#2406=ORIENTED_EDGE('',*,*,#3675,.F.);
#2407=ORIENTED_EDGE('',*,*,#3186,.F.);
#2408=ORIENTED_EDGE('',*,*,#3477,.T.);
#2409=ORIENTED_EDGE('',*,*,#3180,.T.);
#2410=ORIENTED_EDGE('',*,*,#3658,.F.);
#2411=ORIENTED_EDGE('',*,*,#3182,.F.);
#2412=ORIENTED_EDGE('',*,*,#3676,.F.);
#2413=ORIENTED_EDGE('',*,*,#3173,.F.);
#2414=ORIENTED_EDGE('',*,*,#3677,.F.);
#2415=ORIENTED_EDGE('',*,*,#3176,.T.);
#2416=ORIENTED_EDGE('',*,*,#3513,.T.);
#2417=ORIENTED_EDGE('',*,*,#3521,.F.);
#2418=ORIENTED_EDGE('',*,*,#3518,.T.);
#2419=ORIENTED_EDGE('',*,*,#3649,.F.);
#2420=ORIENTED_EDGE('',*,*,#3491,.T.);
#2421=ORIENTED_EDGE('',*,*,#3489,.F.);
#2422=ORIENTED_EDGE('',*,*,#3484,.T.);
#2423=ORIENTED_EDGE('',*,*,#3174,.F.);
#2424=ORIENTED_EDGE('',*,*,#3676,.T.);
#2425=ORIENTED_EDGE('',*,*,#3483,.T.);
#2426=ORIENTED_EDGE('',*,*,#3554,.T.);
#2427=ORIENTED_EDGE('',*,*,#3172,.F.);
#2428=ORIENTED_EDGE('',*,*,#3171,.T.);
#2429=ORIENTED_EDGE('',*,*,#3553,.T.);
#2430=ORIENTED_EDGE('',*,*,#3177,.T.);
#2431=ORIENTED_EDGE('',*,*,#3677,.T.);
#2432=ORIENTED_EDGE('',*,*,#3678,.F.);
#2433=ORIENTED_EDGE('',*,*,#3164,.F.);
#2434=ORIENTED_EDGE('',*,*,#3679,.F.);
#2435=ORIENTED_EDGE('',*,*,#3167,.T.);
#2436=ORIENTED_EDGE('',*,*,#3486,.T.);
#2437=ORIENTED_EDGE('',*,*,#3488,.F.);
#2438=ORIENTED_EDGE('',*,*,#3490,.T.);
#2439=ORIENTED_EDGE('',*,*,#3648,.F.);
#2440=ORIENTED_EDGE('',*,*,#3506,.T.);
#2441=ORIENTED_EDGE('',*,*,#3504,.F.);
#2442=ORIENTED_EDGE('',*,*,#3495,.T.);
#2443=ORIENTED_EDGE('',*,*,#3165,.F.);
#2444=ORIENTED_EDGE('',*,*,#3678,.T.);
#2445=ORIENTED_EDGE('',*,*,#3494,.T.);
#2446=ORIENTED_EDGE('',*,*,#3556,.T.);
#2447=ORIENTED_EDGE('',*,*,#3163,.F.);
#2448=ORIENTED_EDGE('',*,*,#3162,.T.);
#2449=ORIENTED_EDGE('',*,*,#3555,.T.);
#2450=ORIENTED_EDGE('',*,*,#3168,.T.);
#2451=ORIENTED_EDGE('',*,*,#3679,.T.);
#2452=ORIENTED_EDGE('',*,*,#3680,.F.);
#2453=ORIENTED_EDGE('',*,*,#3155,.F.);
#2454=ORIENTED_EDGE('',*,*,#3681,.F.);
#2455=ORIENTED_EDGE('',*,*,#3158,.T.);
#2456=ORIENTED_EDGE('',*,*,#3497,.T.);
#2457=ORIENTED_EDGE('',*,*,#3503,.F.);
#2458=ORIENTED_EDGE('',*,*,#3505,.T.);
#2459=ORIENTED_EDGE('',*,*,#3647,.F.);
#2460=ORIENTED_EDGE('',*,*,#3508,.T.);
#2461=ORIENTED_EDGE('',*,*,#3631,.F.);
#2462=ORIENTED_EDGE('',*,*,#3498,.T.);
#2463=ORIENTED_EDGE('',*,*,#3156,.F.);
#2464=ORIENTED_EDGE('',*,*,#3680,.T.);
#2465=ORIENTED_EDGE('',*,*,#3501,.T.);
#2466=ORIENTED_EDGE('',*,*,#3558,.T.);
#2467=ORIENTED_EDGE('',*,*,#3154,.F.);
#2468=ORIENTED_EDGE('',*,*,#3153,.T.);
#2469=ORIENTED_EDGE('',*,*,#3557,.T.);
#2470=ORIENTED_EDGE('',*,*,#3159,.T.);
#2471=ORIENTED_EDGE('',*,*,#3681,.T.);
#2472=ORIENTED_EDGE('',*,*,#3149,.F.);
#2473=ORIENTED_EDGE('',*,*,#3148,.T.);
#2474=ORIENTED_EDGE('',*,*,#3551,.T.);
#2475=ORIENTED_EDGE('',*,*,#3145,.F.);
#2476=ORIENTED_EDGE('',*,*,#3682,.F.);
#2477=ORIENTED_EDGE('',*,*,#3151,.T.);
#2478=ORIENTED_EDGE('',*,*,#3683,.T.);
#2479=ORIENTED_EDGE('',*,*,#3515,.T.);
#2480=ORIENTED_EDGE('',*,*,#3552,.T.);
#2481=ORIENTED_EDGE('',*,*,#3682,.T.);
#2482=ORIENTED_EDGE('',*,*,#3144,.T.);
#2483=ORIENTED_EDGE('',*,*,#3524,.T.);
#2484=ORIENTED_EDGE('',*,*,#3532,.F.);
#2485=ORIENTED_EDGE('',*,*,#3529,.T.);
#2486=ORIENTED_EDGE('',*,*,#3650,.F.);
#2487=ORIENTED_EDGE('',*,*,#3516,.T.);
#2488=ORIENTED_EDGE('',*,*,#3520,.F.);
#2489=ORIENTED_EDGE('',*,*,#3511,.T.);
#2490=ORIENTED_EDGE('',*,*,#3683,.F.);
#2491=ORIENTED_EDGE('',*,*,#3150,.T.);
#2492=ORIENTED_EDGE('',*,*,#3140,.F.);
#2493=ORIENTED_EDGE('',*,*,#3139,.T.);
#2494=ORIENTED_EDGE('',*,*,#3549,.T.);
#2495=ORIENTED_EDGE('',*,*,#3136,.F.);
#2496=ORIENTED_EDGE('',*,*,#3684,.F.);
#2497=ORIENTED_EDGE('',*,*,#3142,.T.);
#2498=ORIENTED_EDGE('',*,*,#3685,.T.);
#2499=ORIENTED_EDGE('',*,*,#3526,.T.);
#2500=ORIENTED_EDGE('',*,*,#3550,.T.);
#2501=ORIENTED_EDGE('',*,*,#3684,.T.);
#2502=ORIENTED_EDGE('',*,*,#3135,.T.);
#2503=ORIENTED_EDGE('',*,*,#3538,.T.);
#2504=ORIENTED_EDGE('',*,*,#3561,.F.);
#2505=ORIENTED_EDGE('',*,*,#3546,.T.);
#2506=ORIENTED_EDGE('',*,*,#3651,.F.);
#2507=ORIENTED_EDGE('',*,*,#3527,.T.);
#2508=ORIENTED_EDGE('',*,*,#3531,.F.);
#2509=ORIENTED_EDGE('',*,*,#3522,.T.);
#2510=ORIENTED_EDGE('',*,*,#3685,.F.);
#2511=ORIENTED_EDGE('',*,*,#3141,.T.);
#2512=ORIENTED_EDGE('',*,*,#3131,.F.);
#2513=ORIENTED_EDGE('',*,*,#3130,.T.);
#2514=ORIENTED_EDGE('',*,*,#3559,.T.);
#2515=ORIENTED_EDGE('',*,*,#3127,.F.);
#2516=ORIENTED_EDGE('',*,*,#3686,.F.);
#2517=ORIENTED_EDGE('',*,*,#3133,.T.);
#2518=ORIENTED_EDGE('',*,*,#3687,.T.);
#2519=ORIENTED_EDGE('',*,*,#3540,.T.);
#2520=ORIENTED_EDGE('',*,*,#3548,.T.);
#2521=ORIENTED_EDGE('',*,*,#3686,.T.);
#2522=ORIENTED_EDGE('',*,*,#3126,.T.);
#2523=ORIENTED_EDGE('',*,*,#3535,.T.);
#2524=ORIENTED_EDGE('',*,*,#3592,.F.);
#2525=ORIENTED_EDGE('',*,*,#3541,.T.);
#2526=ORIENTED_EDGE('',*,*,#3652,.F.);
#2527=ORIENTED_EDGE('',*,*,#3544,.T.);
#2528=ORIENTED_EDGE('',*,*,#3560,.F.);
#2529=ORIENTED_EDGE('',*,*,#3536,.T.);
#2530=ORIENTED_EDGE('',*,*,#3687,.F.);
#2531=ORIENTED_EDGE('',*,*,#3132,.T.);
#2532=ORIENTED_EDGE('',*,*,#3688,.F.);
#2533=ORIENTED_EDGE('',*,*,#3119,.F.);
#2534=ORIENTED_EDGE('',*,*,#3689,.F.);
#2535=ORIENTED_EDGE('',*,*,#3122,.T.);
#2536=ORIENTED_EDGE('',*,*,#3595,.T.);
#2537=ORIENTED_EDGE('',*,*,#3603,.F.);
#2538=ORIENTED_EDGE('',*,*,#3600,.T.);
#2539=ORIENTED_EDGE('',*,*,#3655,.F.);
#2540=ORIENTED_EDGE('',*,*,#3569,.T.);
#2541=ORIENTED_EDGE('',*,*,#3572,.F.);
#2542=ORIENTED_EDGE('',*,*,#3564,.T.);
#2543=ORIENTED_EDGE('',*,*,#3120,.F.);
#2544=ORIENTED_EDGE('',*,*,#3688,.T.);
#2545=ORIENTED_EDGE('',*,*,#3563,.T.);
#2546=ORIENTED_EDGE('',*,*,#3640,.T.);
#2547=ORIENTED_EDGE('',*,*,#3118,.T.);
#2548=ORIENTED_EDGE('',*,*,#3117,.F.);
#2549=ORIENTED_EDGE('',*,*,#3639,.T.);
#2550=ORIENTED_EDGE('',*,*,#3123,.T.);
#2551=ORIENTED_EDGE('',*,*,#3689,.T.);
#2552=ORIENTED_EDGE('',*,*,#3690,.F.);
#2553=ORIENTED_EDGE('',*,*,#3110,.F.);
#2554=ORIENTED_EDGE('',*,*,#3691,.F.);
#2555=ORIENTED_EDGE('',*,*,#3113,.T.);
#2556=ORIENTED_EDGE('',*,*,#3566,.T.);
#2557=ORIENTED_EDGE('',*,*,#3571,.F.);
#2558=ORIENTED_EDGE('',*,*,#3567,.T.);
#2559=ORIENTED_EDGE('',*,*,#3654,.F.);
#2560=ORIENTED_EDGE('',*,*,#3584,.T.);
#2561=ORIENTED_EDGE('',*,*,#3590,.F.);
#2562=ORIENTED_EDGE('',*,*,#3575,.T.);
#2563=ORIENTED_EDGE('',*,*,#3111,.F.);
#2564=ORIENTED_EDGE('',*,*,#3690,.T.);
#2565=ORIENTED_EDGE('',*,*,#3574,.T.);
#2566=ORIENTED_EDGE('',*,*,#3642,.T.);
#2567=ORIENTED_EDGE('',*,*,#3109,.T.);
#2568=ORIENTED_EDGE('',*,*,#3108,.F.);
#2569=ORIENTED_EDGE('',*,*,#3641,.T.);
#2570=ORIENTED_EDGE('',*,*,#3114,.T.);
#2571=ORIENTED_EDGE('',*,*,#3691,.T.);
#2572=ORIENTED_EDGE('',*,*,#3692,.F.);
#2573=ORIENTED_EDGE('',*,*,#3101,.F.);
#2574=ORIENTED_EDGE('',*,*,#3693,.F.);
#2575=ORIENTED_EDGE('',*,*,#3104,.T.);
#2576=ORIENTED_EDGE('',*,*,#3577,.T.);
#2577=ORIENTED_EDGE('',*,*,#3589,.F.);
#2578=ORIENTED_EDGE('',*,*,#3582,.T.);
#2579=ORIENTED_EDGE('',*,*,#3653,.F.);
#2580=ORIENTED_EDGE('',*,*,#3586,.T.);
#2581=ORIENTED_EDGE('',*,*,#3591,.F.);
#2582=ORIENTED_EDGE('',*,*,#3578,.T.);
#2583=ORIENTED_EDGE('',*,*,#3102,.F.);
#2584=ORIENTED_EDGE('',*,*,#3692,.T.);
#2585=ORIENTED_EDGE('',*,*,#3581,.T.);
#2586=ORIENTED_EDGE('',*,*,#3644,.T.);
#2587=ORIENTED_EDGE('',*,*,#3100,.T.);
#2588=ORIENTED_EDGE('',*,*,#3099,.F.);
#2589=ORIENTED_EDGE('',*,*,#3643,.T.);
#2590=ORIENTED_EDGE('',*,*,#3105,.T.);
#2591=ORIENTED_EDGE('',*,*,#3693,.T.);
#2592=ORIENTED_EDGE('',*,*,#3095,.T.);
#2593=ORIENTED_EDGE('',*,*,#3094,.F.);
#2594=ORIENTED_EDGE('',*,*,#3637,.T.);
#2595=ORIENTED_EDGE('',*,*,#3091,.F.);
#2596=ORIENTED_EDGE('',*,*,#3694,.F.);
#2597=ORIENTED_EDGE('',*,*,#3097,.T.);
#2598=ORIENTED_EDGE('',*,*,#3695,.T.);
#2599=ORIENTED_EDGE('',*,*,#3597,.T.);
#2600=ORIENTED_EDGE('',*,*,#3638,.T.);
#2601=ORIENTED_EDGE('',*,*,#3694,.T.);
#2602=ORIENTED_EDGE('',*,*,#3090,.T.);
#2603=ORIENTED_EDGE('',*,*,#3606,.T.);
#2604=ORIENTED_EDGE('',*,*,#3614,.F.);
#2605=ORIENTED_EDGE('',*,*,#3611,.T.);
#2606=ORIENTED_EDGE('',*,*,#3656,.F.);
#2607=ORIENTED_EDGE('',*,*,#3598,.T.);
#2608=ORIENTED_EDGE('',*,*,#3602,.F.);
#2609=ORIENTED_EDGE('',*,*,#3593,.T.);
#2610=ORIENTED_EDGE('',*,*,#3695,.F.);
#2611=ORIENTED_EDGE('',*,*,#3096,.T.);
#2612=ORIENTED_EDGE('',*,*,#3086,.T.);
#2613=ORIENTED_EDGE('',*,*,#3085,.F.);
#2614=ORIENTED_EDGE('',*,*,#3635,.T.);
#2615=ORIENTED_EDGE('',*,*,#3082,.F.);
#2616=ORIENTED_EDGE('',*,*,#3696,.F.);
#2617=ORIENTED_EDGE('',*,*,#3088,.T.);
#2618=ORIENTED_EDGE('',*,*,#3697,.T.);
#2619=ORIENTED_EDGE('',*,*,#3608,.T.);
#2620=ORIENTED_EDGE('',*,*,#3636,.T.);
#2621=ORIENTED_EDGE('',*,*,#3696,.T.);
#2622=ORIENTED_EDGE('',*,*,#3081,.T.);
#2623=ORIENTED_EDGE('',*,*,#3620,.T.);
#2624=ORIENTED_EDGE('',*,*,#3633,.F.);
#2625=ORIENTED_EDGE('',*,*,#3628,.T.);
#2626=ORIENTED_EDGE('',*,*,#3657,.F.);
#2627=ORIENTED_EDGE('',*,*,#3609,.T.);
#2628=ORIENTED_EDGE('',*,*,#3613,.F.);
#2629=ORIENTED_EDGE('',*,*,#3604,.T.);
#2630=ORIENTED_EDGE('',*,*,#3697,.F.);
#2631=ORIENTED_EDGE('',*,*,#3087,.T.);
#2632=ORIENTED_EDGE('',*,*,#3077,.T.);
#2633=ORIENTED_EDGE('',*,*,#3076,.F.);
#2634=ORIENTED_EDGE('',*,*,#3645,.T.);
#2635=ORIENTED_EDGE('',*,*,#3073,.F.);
#2636=ORIENTED_EDGE('',*,*,#3698,.F.);
#2637=ORIENTED_EDGE('',*,*,#3079,.T.);
#2638=ORIENTED_EDGE('',*,*,#3699,.T.);
#2639=ORIENTED_EDGE('',*,*,#3622,.T.);
#2640=ORIENTED_EDGE('',*,*,#3634,.T.);
#2641=ORIENTED_EDGE('',*,*,#3698,.T.);
#2642=ORIENTED_EDGE('',*,*,#3072,.T.);
#2643=ORIENTED_EDGE('',*,*,#3617,.T.);
#2644=ORIENTED_EDGE('',*,*,#3630,.F.);
#2645=ORIENTED_EDGE('',*,*,#3623,.T.);
#2646=ORIENTED_EDGE('',*,*,#3646,.F.);
#2647=ORIENTED_EDGE('',*,*,#3626,.T.);
#2648=ORIENTED_EDGE('',*,*,#3632,.F.);
#2649=ORIENTED_EDGE('',*,*,#3618,.T.);
#2650=ORIENTED_EDGE('',*,*,#3699,.F.);
#2651=ORIENTED_EDGE('',*,*,#3078,.T.);
#2652=VERTEX_POINT('',#5664);
#2653=VERTEX_POINT('',#5665);
#2654=VERTEX_POINT('',#5667);
#2655=VERTEX_POINT('',#5672);
#2656=VERTEX_POINT('',#5679);
#2657=VERTEX_POINT('',#5680);
#2658=VERTEX_POINT('',#5682);
#2659=VERTEX_POINT('',#5684);
#2660=VERTEX_POINT('',#5686);
#2661=VERTEX_POINT('',#5701);
#2662=VERTEX_POINT('',#5702);
#2663=VERTEX_POINT('',#5704);
#2664=VERTEX_POINT('',#5709);
#2665=VERTEX_POINT('',#5716);
#2666=VERTEX_POINT('',#5717);
#2667=VERTEX_POINT('',#5719);
#2668=VERTEX_POINT('',#5721);
#2669=VERTEX_POINT('',#5723);
#2670=VERTEX_POINT('',#5738);
#2671=VERTEX_POINT('',#5739);
#2672=VERTEX_POINT('',#5741);
#2673=VERTEX_POINT('',#5746);
#2674=VERTEX_POINT('',#5753);
#2675=VERTEX_POINT('',#5754);
#2676=VERTEX_POINT('',#5756);
#2677=VERTEX_POINT('',#5758);
#2678=VERTEX_POINT('',#5760);
#2679=VERTEX_POINT('',#5775);
#2680=VERTEX_POINT('',#5776);
#2681=VERTEX_POINT('',#5778);
#2682=VERTEX_POINT('',#5780);
#2683=VERTEX_POINT('',#5782);
#2684=VERTEX_POINT('',#5797);
#2685=VERTEX_POINT('',#5798);
#2686=VERTEX_POINT('',#5800);
#2687=VERTEX_POINT('',#5805);
#2688=VERTEX_POINT('',#5812);
#2689=VERTEX_POINT('',#5813);
#2690=VERTEX_POINT('',#5815);
#2691=VERTEX_POINT('',#5817);
#2692=VERTEX_POINT('',#5819);
#2693=VERTEX_POINT('',#5834);
#2694=VERTEX_POINT('',#5835);
#2695=VERTEX_POINT('',#5837);
#2696=VERTEX_POINT('',#5842);
#2697=VERTEX_POINT('',#5849);
#2698=VERTEX_POINT('',#5850);
#2699=VERTEX_POINT('',#5852);
#2700=VERTEX_POINT('',#5854);
#2701=VERTEX_POINT('',#5856);
#2702=VERTEX_POINT('',#5871);
#2703=VERTEX_POINT('',#5872);
#2704=VERTEX_POINT('',#5874);
#2705=VERTEX_POINT('',#5879);
#2706=VERTEX_POINT('',#5886);
#2707=VERTEX_POINT('',#5887);
#2708=VERTEX_POINT('',#5889);
#2709=VERTEX_POINT('',#5894);
#2710=VERTEX_POINT('',#5901);
#2711=VERTEX_POINT('',#5902);
#2712=VERTEX_POINT('',#5904);
#2713=VERTEX_POINT('',#5906);
#2714=VERTEX_POINT('',#5908);
#2715=VERTEX_POINT('',#5923);
#2716=VERTEX_POINT('',#5924);
#2717=VERTEX_POINT('',#5926);
#2718=VERTEX_POINT('',#5931);
#2719=VERTEX_POINT('',#5938);
#2720=VERTEX_POINT('',#5939);
#2721=VERTEX_POINT('',#5941);
#2722=VERTEX_POINT('',#5943);
#2723=VERTEX_POINT('',#5945);
#2724=VERTEX_POINT('',#5960);
#2725=VERTEX_POINT('',#5961);
#2726=VERTEX_POINT('',#5963);
#2727=VERTEX_POINT('',#5968);
#2728=VERTEX_POINT('',#5975);
#2729=VERTEX_POINT('',#5976);
#2730=VERTEX_POINT('',#5978);
#2731=VERTEX_POINT('',#5980);
#2732=VERTEX_POINT('',#5982);
#2733=VERTEX_POINT('',#5997);
#2734=VERTEX_POINT('',#5998);
#2735=VERTEX_POINT('',#6000);
#2736=VERTEX_POINT('',#6002);
#2737=VERTEX_POINT('',#6004);
#2738=VERTEX_POINT('',#6019);
#2739=VERTEX_POINT('',#6020);
#2740=VERTEX_POINT('',#6022);
#2741=VERTEX_POINT('',#6027);
#2742=VERTEX_POINT('',#6034);
#2743=VERTEX_POINT('',#6035);
#2744=VERTEX_POINT('',#6037);
#2745=VERTEX_POINT('',#6039);
#2746=VERTEX_POINT('',#6041);
#2747=VERTEX_POINT('',#6056);
#2748=VERTEX_POINT('',#6057);
#2749=VERTEX_POINT('',#6059);
#2750=VERTEX_POINT('',#6064);
#2751=VERTEX_POINT('',#6071);
#2752=VERTEX_POINT('',#6072);
#2753=VERTEX_POINT('',#6074);
#2754=VERTEX_POINT('',#6076);
#2755=VERTEX_POINT('',#6078);
#2756=VERTEX_POINT('',#6093);
#2757=VERTEX_POINT('',#6094);
#2758=VERTEX_POINT('',#6096);
#2759=VERTEX_POINT('',#6101);
#2760=VERTEX_POINT('',#6108);
#2761=VERTEX_POINT('',#6109);
#2762=VERTEX_POINT('',#6114);
#2763=VERTEX_POINT('',#6116);
#2764=VERTEX_POINT('',#6123);
#2765=VERTEX_POINT('',#6124);
#2766=VERTEX_POINT('',#6129);
#2767=VERTEX_POINT('',#6131);
#2768=VERTEX_POINT('',#6138);
#2769=VERTEX_POINT('',#6139);
#2770=VERTEX_POINT('',#6144);
#2771=VERTEX_POINT('',#6146);
#2772=VERTEX_POINT('',#6153);
#2773=VERTEX_POINT('',#6154);
#2774=VERTEX_POINT('',#6159);
#2775=VERTEX_POINT('',#6161);
#2776=VERTEX_POINT('',#6168);
#2777=VERTEX_POINT('',#6169);
#2778=VERTEX_POINT('',#6174);
#2779=VERTEX_POINT('',#6176);
#2780=VERTEX_POINT('',#6183);
#2781=VERTEX_POINT('',#6184);
#2782=VERTEX_POINT('',#6189);
#2783=VERTEX_POINT('',#6191);
#2784=VERTEX_POINT('',#6198);
#2785=VERTEX_POINT('',#6199);
#2786=VERTEX_POINT('',#6204);
#2787=VERTEX_POINT('',#6206);
#2788=VERTEX_POINT('',#6213);
#2789=VERTEX_POINT('',#6214);
#2790=VERTEX_POINT('',#6219);
#2791=VERTEX_POINT('',#6221);
#2792=VERTEX_POINT('',#6228);
#2793=VERTEX_POINT('',#6229);
#2794=VERTEX_POINT('',#6234);
#2795=VERTEX_POINT('',#6236);
#2796=VERTEX_POINT('',#6243);
#2797=VERTEX_POINT('',#6244);
#2798=VERTEX_POINT('',#6249);
#2799=VERTEX_POINT('',#6251);
#2800=VERTEX_POINT('',#6258);
#2801=VERTEX_POINT('',#6259);
#2802=VERTEX_POINT('',#6264);
#2803=VERTEX_POINT('',#6266);
#2804=VERTEX_POINT('',#6273);
#2805=VERTEX_POINT('',#6274);
#2806=VERTEX_POINT('',#6279);
#2807=VERTEX_POINT('',#6281);
#2808=VERTEX_POINT('',#6288);
#2809=VERTEX_POINT('',#6289);
#2810=VERTEX_POINT('',#6294);
#2811=VERTEX_POINT('',#6296);
#2812=VERTEX_POINT('',#6303);
#2813=VERTEX_POINT('',#6304);
#2814=VERTEX_POINT('',#6309);
#2815=VERTEX_POINT('',#6311);
#2816=VERTEX_POINT('',#6318);
#2817=VERTEX_POINT('',#6319);
#2818=VERTEX_POINT('',#6324);
#2819=VERTEX_POINT('',#6326);
#2820=VERTEX_POINT('',#6333);
#2821=VERTEX_POINT('',#6334);
#2822=VERTEX_POINT('',#6339);
#2823=VERTEX_POINT('',#6341);
#2824=VERTEX_POINT('',#6348);
#2825=VERTEX_POINT('',#6349);
#2826=VERTEX_POINT('',#6354);
#2827=VERTEX_POINT('',#6356);
#2828=VERTEX_POINT('',#6363);
#2829=VERTEX_POINT('',#6364);
#2830=VERTEX_POINT('',#6369);
#2831=VERTEX_POINT('',#6371);
#2832=VERTEX_POINT('',#6378);
#2833=VERTEX_POINT('',#6379);
#2834=VERTEX_POINT('',#6381);
#2835=VERTEX_POINT('',#6383);
#2836=VERTEX_POINT('',#6387);
#2837=VERTEX_POINT('',#6388);
#2838=VERTEX_POINT('',#6390);
#2839=VERTEX_POINT('',#6392);
#2840=VERTEX_POINT('',#6396);
#2841=VERTEX_POINT('',#6397);
#2842=VERTEX_POINT('',#6399);
#2843=VERTEX_POINT('',#6401);
#2844=VERTEX_POINT('',#6405);
#2845=VERTEX_POINT('',#6406);
#2846=VERTEX_POINT('',#6408);
#2847=VERTEX_POINT('',#6410);
#2848=VERTEX_POINT('',#6414);
#2849=VERTEX_POINT('',#6415);
#2850=VERTEX_POINT('',#6417);
#2851=VERTEX_POINT('',#6419);
#2852=VERTEX_POINT('',#6423);
#2853=VERTEX_POINT('',#6424);
#2854=VERTEX_POINT('',#6429);
#2855=VERTEX_POINT('',#6430);
#2856=VERTEX_POINT('',#6432);
#2857=VERTEX_POINT('',#6434);
#2858=VERTEX_POINT('',#6438);
#2859=VERTEX_POINT('',#6439);
#2860=VERTEX_POINT('',#6444);
#2861=VERTEX_POINT('',#6445);
#2862=VERTEX_POINT('',#6450);
#2863=VERTEX_POINT('',#6452);
#2864=VERTEX_POINT('',#6456);
#2865=VERTEX_POINT('',#6457);
#2866=VERTEX_POINT('',#6461);
#2867=VERTEX_POINT('',#6463);
#2868=VERTEX_POINT('',#6467);
#2869=VERTEX_POINT('',#6468);
#2870=VERTEX_POINT('',#6472);
#2871=VERTEX_POINT('',#6474);
#2872=VERTEX_POINT('',#6478);
#2873=VERTEX_POINT('',#6479);
#2874=VERTEX_POINT('',#6481);
#2875=VERTEX_POINT('',#6483);
#2876=VERTEX_POINT('',#6485);
#2877=VERTEX_POINT('',#6487);
#2878=VERTEX_POINT('',#6489);
#2879=VERTEX_POINT('',#6491);
#2880=VERTEX_POINT('',#6497);
#2881=VERTEX_POINT('',#6498);
#2882=VERTEX_POINT('',#6503);
#2883=VERTEX_POINT('',#6507);
#2884=VERTEX_POINT('',#6511);
#2885=VERTEX_POINT('',#6515);
#2886=VERTEX_POINT('',#6519);
#2887=VERTEX_POINT('',#6523);
#2888=VERTEX_POINT('',#6529);
#2889=VERTEX_POINT('',#6530);
#2890=VERTEX_POINT('',#6532);
#2891=VERTEX_POINT('',#6534);
#2892=VERTEX_POINT('',#6536);
#2893=VERTEX_POINT('',#6538);
#2894=VERTEX_POINT('',#6540);
#2895=VERTEX_POINT('',#6542);
#2896=VERTEX_POINT('',#6548);
#2897=VERTEX_POINT('',#6549);
#2898=VERTEX_POINT('',#6554);
#2899=VERTEX_POINT('',#6558);
#2900=VERTEX_POINT('',#6562);
#2901=VERTEX_POINT('',#6566);
#2902=VERTEX_POINT('',#6570);
#2903=VERTEX_POINT('',#6574);
#2904=VERTEX_POINT('',#6580);
#2905=VERTEX_POINT('',#6581);
#2906=VERTEX_POINT('',#6583);
#2907=VERTEX_POINT('',#6585);
#2908=VERTEX_POINT('',#6587);
#2909=VERTEX_POINT('',#6589);
#2910=VERTEX_POINT('',#6591);
#2911=VERTEX_POINT('',#6593);
#2912=VERTEX_POINT('',#6603);
#2913=VERTEX_POINT('',#6605);
#2914=VERTEX_POINT('',#6609);
#2915=VERTEX_POINT('',#6613);
#2916=VERTEX_POINT('',#6617);
#2917=VERTEX_POINT('',#6621);
#2918=VERTEX_POINT('',#6625);
#2919=VERTEX_POINT('',#6629);
#2920=VERTEX_POINT('',#6635);
#2921=VERTEX_POINT('',#6636);
#2922=VERTEX_POINT('',#6638);
#2923=VERTEX_POINT('',#6640);
#2924=VERTEX_POINT('',#6642);
#2925=VERTEX_POINT('',#6644);
#2926=VERTEX_POINT('',#6646);
#2927=VERTEX_POINT('',#6648);
#2928=VERTEX_POINT('',#6652);
#2929=VERTEX_POINT('',#6654);
#2930=VERTEX_POINT('',#6658);
#2931=VERTEX_POINT('',#6662);
#2932=VERTEX_POINT('',#6666);
#2933=VERTEX_POINT('',#6668);
#2934=VERTEX_POINT('',#6672);
#2935=VERTEX_POINT('',#6676);
#2936=VERTEX_POINT('',#6680);
#2937=VERTEX_POINT('',#6681);
#2938=VERTEX_POINT('',#6683);
#2939=VERTEX_POINT('',#6685);
#2940=VERTEX_POINT('',#6689);
#2941=VERTEX_POINT('',#6691);
#2942=VERTEX_POINT('',#6695);
#2943=VERTEX_POINT('',#6697);
#2944=VERTEX_POINT('',#6701);
#2945=VERTEX_POINT('',#6702);
#2946=VERTEX_POINT('',#6704);
#2947=VERTEX_POINT('',#6706);
#2948=VERTEX_POINT('',#6710);
#2949=VERTEX_POINT('',#6712);
#2950=VERTEX_POINT('',#6716);
#2951=VERTEX_POINT('',#6718);
#2952=VERTEX_POINT('',#6722);
#2953=VERTEX_POINT('',#6723);
#2954=VERTEX_POINT('',#6725);
#2955=VERTEX_POINT('',#6727);
#2956=VERTEX_POINT('',#6731);
#2957=VERTEX_POINT('',#6733);
#2958=VERTEX_POINT('',#6737);
#2959=VERTEX_POINT('',#6739);
#2960=VERTEX_POINT('',#6743);
#2961=VERTEX_POINT('',#6745);
#2962=VERTEX_POINT('',#6749);
#2963=VERTEX_POINT('',#6751);
#2964=VERTEX_POINT('',#6755);
#2965=VERTEX_POINT('',#6757);
#2966=VERTEX_POINT('',#6761);
#2967=VERTEX_POINT('',#6763);
#2968=VERTEX_POINT('',#6770);
#2969=VERTEX_POINT('',#6771);
#2970=VERTEX_POINT('',#6773);
#2971=VERTEX_POINT('',#6775);
#2972=VERTEX_POINT('',#6777);
#2973=VERTEX_POINT('',#6779);
#2974=VERTEX_POINT('',#6781);
#2975=VERTEX_POINT('',#6783);
#2976=VERTEX_POINT('',#6878);
#2977=VERTEX_POINT('',#6883);
#2978=VERTEX_POINT('',#6888);
#2979=VERTEX_POINT('',#6890);
#2980=VERTEX_POINT('',#6897);
#2981=VERTEX_POINT('',#6898);
#2982=VERTEX_POINT('',#6935);
#2983=VERTEX_POINT('',#6972);
#2984=VERTEX_POINT('',#6976);
#2985=VERTEX_POINT('',#6981);
#2986=VERTEX_POINT('',#6986);
#2987=VERTEX_POINT('',#6988);
#2988=VERTEX_POINT('',#6998);
#2989=VERTEX_POINT('',#6999);
#2990=VERTEX_POINT('',#7002);
#2991=VERTEX_POINT('',#7009);
#2992=VERTEX_POINT('',#7010);
#2993=VERTEX_POINT('',#7047);
#2994=VERTEX_POINT('',#7084);
#2995=VERTEX_POINT('',#7123);
#2996=VERTEX_POINT('',#7124);
#2997=VERTEX_POINT('',#7132);
#2998=VERTEX_POINT('',#7133);
#2999=VERTEX_POINT('',#7135);
#3000=VERTEX_POINT('',#7141);
#3001=VERTEX_POINT('',#7183);
#3002=VERTEX_POINT('',#7184);
#3003=VERTEX_POINT('',#7186);
#3004=VERTEX_POINT('',#7220);
#3005=VERTEX_POINT('',#7230);
#3006=VERTEX_POINT('',#7231);
#3007=VERTEX_POINT('',#7233);
#3008=VERTEX_POINT('',#7239);
#3009=VERTEX_POINT('',#7281);
#3010=VERTEX_POINT('',#7282);
#3011=VERTEX_POINT('',#7284);
#3012=VERTEX_POINT('',#7318);
#3013=VERTEX_POINT('',#7326);
#3014=VERTEX_POINT('',#7336);
#3015=VERTEX_POINT('',#7337);
#3016=VERTEX_POINT('',#7339);
#3017=VERTEX_POINT('',#7345);
#3018=VERTEX_POINT('',#7384);
#3019=VERTEX_POINT('',#7385);
#3020=VERTEX_POINT('',#7425);
#3021=VERTEX_POINT('',#7426);
#3022=VERTEX_POINT('',#7428);
#3023=VERTEX_POINT('',#7462);
#3024=VERTEX_POINT('',#7566);
#3025=VERTEX_POINT('',#7571);
#3026=VERTEX_POINT('',#7576);
#3027=VERTEX_POINT('',#7578);
#3028=VERTEX_POINT('',#7617);
#3029=VERTEX_POINT('',#7618);
#3030=VERTEX_POINT('',#7620);
#3031=VERTEX_POINT('',#7657);
#3032=VERTEX_POINT('',#7664);
#3033=VERTEX_POINT('',#7669);
#3034=VERTEX_POINT('',#7674);
#3035=VERTEX_POINT('',#7676);
#3036=VERTEX_POINT('',#7686);
#3037=VERTEX_POINT('',#7687);
#3038=VERTEX_POINT('',#7690);
#3039=VERTEX_POINT('',#7729);
#3040=VERTEX_POINT('',#7730);
#3041=VERTEX_POINT('',#7732);
#3042=VERTEX_POINT('',#7769);
#3043=VERTEX_POINT('',#7808);
#3044=VERTEX_POINT('',#7809);
#3045=VERTEX_POINT('',#7823);
#3046=VERTEX_POINT('',#7824);
#3047=VERTEX_POINT('',#7826);
#3048=VERTEX_POINT('',#7832);
#3049=VERTEX_POINT('',#7874);
#3050=VERTEX_POINT('',#7875);
#3051=VERTEX_POINT('',#7877);
#3052=VERTEX_POINT('',#7911);
#3053=VERTEX_POINT('',#7921);
#3054=VERTEX_POINT('',#7922);
#3055=VERTEX_POINT('',#7924);
#3056=VERTEX_POINT('',#7930);
#3057=VERTEX_POINT('',#7972);
#3058=VERTEX_POINT('',#7973);
#3059=VERTEX_POINT('',#7975);
#3060=VERTEX_POINT('',#8009);
#3061=VERTEX_POINT('',#8017);
#3062=VERTEX_POINT('',#8027);
#3063=VERTEX_POINT('',#8028);
#3064=VERTEX_POINT('',#8030);
#3065=VERTEX_POINT('',#8036);
#3066=VERTEX_POINT('',#8075);
#3067=VERTEX_POINT('',#8076);
#3068=VERTEX_POINT('',#8116);
#3069=VERTEX_POINT('',#8117);
#3070=VERTEX_POINT('',#8119);
#3071=VERTEX_POINT('',#8153);
#3072=EDGE_CURVE('NONE',#2652,#2653,#3700,.T.);
#3073=EDGE_CURVE('NONE',#2652,#2654,#1196,.T.);
#3074=EDGE_CURVE('NONE',#2654,#2655,#1076,.T.);
#3075=EDGE_CURVE('NONE',#2655,#2653,#1077,.T.);
#3076=EDGE_CURVE('NONE',#2656,#2657,#1197,.T.);
#3077=EDGE_CURVE('NONE',#2658,#2657,#1198,.T.);
#3078=EDGE_CURVE('NONE',#2659,#2658,#1199,.T.);
#3079=EDGE_CURVE('NONE',#2660,#2659,#1200,.T.);
#3080=EDGE_CURVE('NONE',#2660,#2656,#1078,.T.);
#3081=EDGE_CURVE('NONE',#2661,#2662,#3701,.T.);
#3082=EDGE_CURVE('NONE',#2661,#2663,#1201,.T.);
#3083=EDGE_CURVE('NONE',#2663,#2664,#1079,.T.);
#3084=EDGE_CURVE('NONE',#2664,#2662,#1080,.T.);
#3085=EDGE_CURVE('NONE',#2665,#2666,#1202,.T.);
#3086=EDGE_CURVE('NONE',#2667,#2666,#1203,.T.);
#3087=EDGE_CURVE('NONE',#2668,#2667,#1204,.T.);
#3088=EDGE_CURVE('NONE',#2669,#2668,#1205,.T.);
#3089=EDGE_CURVE('NONE',#2669,#2665,#1081,.T.);
#3090=EDGE_CURVE('NONE',#2670,#2671,#3702,.T.);
#3091=EDGE_CURVE('NONE',#2670,#2672,#1206,.T.);
#3092=EDGE_CURVE('NONE',#2672,#2673,#1082,.T.);
#3093=EDGE_CURVE('NONE',#2673,#2671,#1083,.T.);
#3094=EDGE_CURVE('NONE',#2674,#2675,#1207,.T.);
#3095=EDGE_CURVE('NONE',#2676,#2675,#1208,.T.);
#3096=EDGE_CURVE('NONE',#2677,#2676,#1209,.T.);
#3097=EDGE_CURVE('NONE',#2678,#2677,#1210,.T.);
#3098=EDGE_CURVE('NONE',#2678,#2674,#1084,.T.);
#3099=EDGE_CURVE('NONE',#2679,#2680,#1211,.T.);
#3100=EDGE_CURVE('NONE',#2681,#2680,#1212,.T.);
#3101=EDGE_CURVE('NONE',#2681,#2682,#1213,.T.);
#3102=EDGE_CURVE('NONE',#2682,#2683,#1214,.T.);
#3103=EDGE_CURVE('NONE',#2683,#2679,#1085,.T.);
#3104=EDGE_CURVE('NONE',#2684,#2685,#3703,.T.);
#3105=EDGE_CURVE('NONE',#2686,#2684,#1215,.T.);
#3106=EDGE_CURVE('NONE',#2686,#2687,#1086,.T.);
#3107=EDGE_CURVE('NONE',#2687,#2685,#1087,.T.);
#3108=EDGE_CURVE('NONE',#2688,#2689,#1216,.T.);
#3109=EDGE_CURVE('NONE',#2690,#2689,#1217,.T.);
#3110=EDGE_CURVE('NONE',#2690,#2691,#1218,.T.);
#3111=EDGE_CURVE('NONE',#2691,#2692,#1219,.T.);
#3112=EDGE_CURVE('NONE',#2692,#2688,#1088,.T.);
#3113=EDGE_CURVE('NONE',#2693,#2694,#3704,.T.);
#3114=EDGE_CURVE('NONE',#2695,#2693,#1220,.T.);
#3115=EDGE_CURVE('NONE',#2695,#2696,#1089,.T.);
#3116=EDGE_CURVE('NONE',#2696,#2694,#1090,.T.);
#3117=EDGE_CURVE('NONE',#2697,#2698,#1221,.T.);
#3118=EDGE_CURVE('NONE',#2699,#2698,#1222,.T.);
#3119=EDGE_CURVE('NONE',#2699,#2700,#1223,.T.);
#3120=EDGE_CURVE('NONE',#2700,#2701,#1224,.T.);
#3121=EDGE_CURVE('NONE',#2701,#2697,#1091,.T.);
#3122=EDGE_CURVE('NONE',#2702,#2703,#3705,.T.);
#3123=EDGE_CURVE('NONE',#2704,#2702,#1225,.T.);
#3124=EDGE_CURVE('NONE',#2704,#2705,#1092,.T.);
#3125=EDGE_CURVE('NONE',#2705,#2703,#1093,.T.);
#3126=EDGE_CURVE('NONE',#2706,#2707,#3706,.T.);
#3127=EDGE_CURVE('NONE',#2706,#2708,#1226,.T.);
#3128=EDGE_CURVE('NONE',#2708,#2709,#1094,.T.);
#3129=EDGE_CURVE('NONE',#2709,#2707,#1095,.T.);
#3130=EDGE_CURVE('NONE',#2710,#2711,#1227,.T.);
#3131=EDGE_CURVE('NONE',#2710,#2712,#1228,.T.);
#3132=EDGE_CURVE('NONE',#2713,#2712,#1229,.T.);
#3133=EDGE_CURVE('NONE',#2714,#2713,#1230,.T.);
#3134=EDGE_CURVE('NONE',#2714,#2711,#1096,.T.);
#3135=EDGE_CURVE('NONE',#2715,#2716,#3707,.T.);
#3136=EDGE_CURVE('NONE',#2715,#2717,#1231,.T.);
#3137=EDGE_CURVE('NONE',#2717,#2718,#1097,.T.);
#3138=EDGE_CURVE('NONE',#2718,#2716,#1098,.T.);
#3139=EDGE_CURVE('NONE',#2719,#2720,#1232,.T.);
#3140=EDGE_CURVE('NONE',#2719,#2721,#1233,.T.);
#3141=EDGE_CURVE('NONE',#2722,#2721,#1234,.T.);
#3142=EDGE_CURVE('NONE',#2723,#2722,#1235,.T.);
#3143=EDGE_CURVE('NONE',#2723,#2720,#1099,.T.);
#3144=EDGE_CURVE('NONE',#2724,#2725,#3708,.T.);
#3145=EDGE_CURVE('NONE',#2724,#2726,#1236,.T.);
#3146=EDGE_CURVE('NONE',#2726,#2727,#1100,.T.);
#3147=EDGE_CURVE('NONE',#2727,#2725,#1101,.T.);
#3148=EDGE_CURVE('NONE',#2728,#2729,#1237,.T.);
#3149=EDGE_CURVE('NONE',#2728,#2730,#1238,.T.);
#3150=EDGE_CURVE('NONE',#2731,#2730,#1239,.T.);
#3151=EDGE_CURVE('NONE',#2732,#2731,#1240,.T.);
#3152=EDGE_CURVE('NONE',#2732,#2729,#1102,.T.);
#3153=EDGE_CURVE('NONE',#2733,#2734,#1241,.T.);
#3154=EDGE_CURVE('NONE',#2733,#2735,#1242,.T.);
#3155=EDGE_CURVE('NONE',#2735,#2736,#1243,.T.);
#3156=EDGE_CURVE('NONE',#2736,#2737,#1244,.T.);
#3157=EDGE_CURVE('NONE',#2737,#2734,#1103,.T.);
#3158=EDGE_CURVE('NONE',#2738,#2739,#3709,.T.);
#3159=EDGE_CURVE('NONE',#2740,#2738,#1245,.T.);
#3160=EDGE_CURVE('NONE',#2740,#2741,#1104,.T.);
#3161=EDGE_CURVE('NONE',#2741,#2739,#1105,.T.);
#3162=EDGE_CURVE('NONE',#2742,#2743,#1246,.T.);
#3163=EDGE_CURVE('NONE',#2742,#2744,#1247,.T.);
#3164=EDGE_CURVE('NONE',#2744,#2745,#1248,.T.);
#3165=EDGE_CURVE('NONE',#2745,#2746,#1249,.T.);
#3166=EDGE_CURVE('NONE',#2746,#2743,#1106,.T.);
#3167=EDGE_CURVE('NONE',#2747,#2748,#3710,.T.);
#3168=EDGE_CURVE('NONE',#2749,#2747,#1250,.T.);
#3169=EDGE_CURVE('NONE',#2749,#2750,#1107,.T.);
#3170=EDGE_CURVE('NONE',#2750,#2748,#1108,.T.);
#3171=EDGE_CURVE('NONE',#2751,#2752,#1251,.T.);
#3172=EDGE_CURVE('NONE',#2751,#2753,#1252,.T.);
#3173=EDGE_CURVE('NONE',#2753,#2754,#1253,.T.);
#3174=EDGE_CURVE('NONE',#2754,#2755,#1254,.T.);
#3175=EDGE_CURVE('NONE',#2755,#2752,#1109,.T.);
#3176=EDGE_CURVE('NONE',#2756,#2757,#3711,.T.);
#3177=EDGE_CURVE('NONE',#2758,#2756,#1255,.T.);
#3178=EDGE_CURVE('NONE',#2758,#2759,#1110,.T.);
#3179=EDGE_CURVE('NONE',#2759,#2757,#1111,.T.);
#3180=EDGE_CURVE('NONE',#2760,#2761,#3712,.T.);
#3181=EDGE_CURVE('NONE',#2760,#2762,#241,.T.);
#3182=EDGE_CURVE('NONE',#2762,#2763,#3713,.T.);
#3183=EDGE_CURVE('NONE',#2761,#2763,#242,.T.);
#3184=EDGE_CURVE('NONE',#2764,#2765,#3714,.T.);
#3185=EDGE_CURVE('NONE',#2764,#2766,#243,.T.);
#3186=EDGE_CURVE('NONE',#2766,#2767,#3715,.T.);
#3187=EDGE_CURVE('NONE',#2765,#2767,#244,.T.);
#3188=EDGE_CURVE('NONE',#2768,#2769,#3716,.T.);
#3189=EDGE_CURVE('NONE',#2768,#2770,#245,.T.);
#3190=EDGE_CURVE('NONE',#2770,#2771,#3717,.T.);
#3191=EDGE_CURVE('NONE',#2769,#2771,#246,.T.);
#3192=EDGE_CURVE('NONE',#2772,#2773,#3718,.T.);
#3193=EDGE_CURVE('NONE',#2772,#2774,#247,.T.);
#3194=EDGE_CURVE('NONE',#2774,#2775,#3719,.T.);
#3195=EDGE_CURVE('NONE',#2773,#2775,#248,.T.);
#3196=EDGE_CURVE('NONE',#2776,#2777,#3720,.T.);
#3197=EDGE_CURVE('NONE',#2776,#2778,#249,.T.);
#3198=EDGE_CURVE('NONE',#2778,#2779,#3721,.T.);
#3199=EDGE_CURVE('NONE',#2777,#2779,#250,.T.);
#3200=EDGE_CURVE('NONE',#2780,#2781,#3722,.T.);
#3201=EDGE_CURVE('NONE',#2782,#2781,#251,.T.);
#3202=EDGE_CURVE('NONE',#2783,#2782,#3723,.T.);
#3203=EDGE_CURVE('NONE',#2783,#2780,#252,.T.);
#3204=EDGE_CURVE('NONE',#2784,#2785,#3724,.T.);
#3205=EDGE_CURVE('NONE',#2786,#2785,#253,.T.);
#3206=EDGE_CURVE('NONE',#2787,#2786,#3725,.T.);
#3207=EDGE_CURVE('NONE',#2787,#2784,#254,.T.);
#3208=EDGE_CURVE('NONE',#2788,#2789,#3726,.T.);
#3209=EDGE_CURVE('NONE',#2790,#2789,#255,.T.);
#3210=EDGE_CURVE('NONE',#2791,#2790,#3727,.T.);
#3211=EDGE_CURVE('NONE',#2791,#2788,#256,.T.);
#3212=EDGE_CURVE('NONE',#2792,#2793,#3728,.T.);
#3213=EDGE_CURVE('NONE',#2794,#2793,#257,.T.);
#3214=EDGE_CURVE('NONE',#2795,#2794,#3729,.T.);
#3215=EDGE_CURVE('NONE',#2795,#2792,#258,.T.);
#3216=EDGE_CURVE('NONE',#2796,#2797,#3730,.T.);
#3217=EDGE_CURVE('NONE',#2798,#2797,#259,.T.);
#3218=EDGE_CURVE('NONE',#2799,#2798,#3731,.T.);
#3219=EDGE_CURVE('NONE',#2799,#2796,#260,.T.);
#3220=EDGE_CURVE('NONE',#2800,#2801,#3732,.T.);
#3221=EDGE_CURVE('NONE',#2801,#2802,#261,.T.);
#3222=EDGE_CURVE('NONE',#2803,#2802,#3733,.T.);
#3223=EDGE_CURVE('NONE',#2800,#2803,#262,.T.);
#3224=EDGE_CURVE('NONE',#2804,#2805,#3734,.T.);
#3225=EDGE_CURVE('NONE',#2805,#2806,#263,.T.);
#3226=EDGE_CURVE('NONE',#2807,#2806,#3735,.T.);
#3227=EDGE_CURVE('NONE',#2804,#2807,#264,.T.);
#3228=EDGE_CURVE('NONE',#2808,#2809,#3736,.T.);
#3229=EDGE_CURVE('NONE',#2809,#2810,#265,.T.);
#3230=EDGE_CURVE('NONE',#2811,#2810,#3737,.T.);
#3231=EDGE_CURVE('NONE',#2808,#2811,#266,.T.);
#3232=EDGE_CURVE('NONE',#2812,#2813,#3738,.T.);
#3233=EDGE_CURVE('NONE',#2813,#2814,#267,.T.);
#3234=EDGE_CURVE('NONE',#2815,#2814,#3739,.T.);
#3235=EDGE_CURVE('NONE',#2812,#2815,#268,.T.);
#3236=EDGE_CURVE('NONE',#2816,#2817,#3740,.T.);
#3237=EDGE_CURVE('NONE',#2818,#2816,#269,.T.);
#3238=EDGE_CURVE('NONE',#2818,#2819,#3741,.T.);
#3239=EDGE_CURVE('NONE',#2819,#2817,#270,.T.);
#3240=EDGE_CURVE('NONE',#2820,#2821,#3742,.T.);
#3241=EDGE_CURVE('NONE',#2822,#2820,#271,.T.);
#3242=EDGE_CURVE('NONE',#2822,#2823,#3743,.T.);
#3243=EDGE_CURVE('NONE',#2823,#2821,#272,.T.);
#3244=EDGE_CURVE('NONE',#2824,#2825,#3744,.T.);
#3245=EDGE_CURVE('NONE',#2826,#2824,#273,.T.);
#3246=EDGE_CURVE('NONE',#2826,#2827,#3745,.T.);
#3247=EDGE_CURVE('NONE',#2827,#2825,#274,.T.);
#3248=EDGE_CURVE('NONE',#2828,#2829,#3746,.T.);
#3249=EDGE_CURVE('NONE',#2830,#2828,#275,.T.);
#3250=EDGE_CURVE('NONE',#2830,#2831,#3747,.T.);
#3251=EDGE_CURVE('NONE',#2831,#2829,#276,.T.);
#3252=EDGE_CURVE('NONE',#2832,#2833,#3748,.T.);
#3253=EDGE_CURVE('NONE',#2834,#2833,#1256,.T.);
#3254=EDGE_CURVE('NONE',#2835,#2834,#3749,.T.);
#3255=EDGE_CURVE('NONE',#2835,#2832,#1257,.T.);
#3256=EDGE_CURVE('NONE',#2836,#2837,#3750,.T.);
#3257=EDGE_CURVE('NONE',#2838,#2837,#1258,.T.);
#3258=EDGE_CURVE('NONE',#2839,#2838,#3751,.T.);
#3259=EDGE_CURVE('NONE',#2839,#2836,#1259,.T.);
#3260=EDGE_CURVE('NONE',#2840,#2841,#3752,.T.);
#3261=EDGE_CURVE('NONE',#2842,#2841,#1260,.T.);
#3262=EDGE_CURVE('NONE',#2843,#2842,#3753,.T.);
#3263=EDGE_CURVE('NONE',#2843,#2840,#1261,.T.);
#3264=EDGE_CURVE('NONE',#2844,#2845,#3754,.T.);
#3265=EDGE_CURVE('NONE',#2846,#2845,#1262,.T.);
#3266=EDGE_CURVE('NONE',#2847,#2846,#3755,.T.);
#3267=EDGE_CURVE('NONE',#2847,#2844,#1263,.T.);
#3268=EDGE_CURVE('NONE',#2848,#2849,#1264,.T.);
#3269=EDGE_CURVE('NONE',#2850,#2849,#1265,.T.);
#3270=EDGE_CURVE('NONE',#2850,#2851,#1266,.T.);
#3271=EDGE_CURVE('NONE',#2848,#2851,#1267,.T.);
#3272=EDGE_CURVE('NONE',#2852,#2853,#1268,.T.);
#3273=EDGE_CURVE('NONE',#2849,#2853,#3756,.T.);
#3274=EDGE_CURVE('NONE',#2852,#2848,#3757,.T.);
#3275=EDGE_CURVE('NONE',#2854,#2855,#1269,.T.);
#3276=EDGE_CURVE('NONE',#2856,#2855,#1270,.T.);
#3277=EDGE_CURVE('NONE',#2857,#2856,#1271,.T.);
#3278=EDGE_CURVE('NONE',#2854,#2857,#1272,.T.);
#3279=EDGE_CURVE('NONE',#2858,#2859,#1273,.T.);
#3280=EDGE_CURVE('NONE',#2853,#2859,#1274,.T.);
#3281=EDGE_CURVE('NONE',#2858,#2852,#1275,.T.);
#3282=EDGE_CURVE('NONE',#2860,#2861,#1276,.T.);
#3283=EDGE_CURVE('NONE',#2855,#2861,#3758,.T.);
#3284=EDGE_CURVE('NONE',#2860,#2854,#3759,.T.);
#3285=EDGE_CURVE('NONE',#2862,#2860,#1277,.T.);
#3286=EDGE_CURVE('NONE',#2863,#2862,#1278,.T.);
#3287=EDGE_CURVE('NONE',#2861,#2863,#1279,.T.);
#3288=EDGE_CURVE('NONE',#2864,#2865,#1280,.T.);
#3289=EDGE_CURVE('NONE',#2865,#2864,#1281,.T.);
#3290=EDGE_CURVE('NONE',#2865,#2866,#3760,.T.);
#3291=EDGE_CURVE('NONE',#2864,#2867,#3761,.T.);
#3292=EDGE_CURVE('NONE',#2867,#2866,#1282,.T.);
#3293=EDGE_CURVE('NONE',#2868,#2869,#1283,.T.);
#3294=EDGE_CURVE('NONE',#2869,#2868,#1284,.T.);
#3295=EDGE_CURVE('NONE',#2869,#2870,#3762,.T.);
#3296=EDGE_CURVE('NONE',#2868,#2871,#3763,.T.);
#3297=EDGE_CURVE('NONE',#2871,#2870,#1285,.T.);
#3298=EDGE_CURVE('NONE',#2872,#2873,#1286,.T.);
#3299=EDGE_CURVE('NONE',#2874,#2872,#3764,.T.);
#3300=EDGE_CURVE('NONE',#2875,#2874,#1287,.T.);
#3301=EDGE_CURVE('NONE',#2876,#2875,#3765,.T.);
#3302=EDGE_CURVE('NONE',#2877,#2876,#1288,.T.);
#3303=EDGE_CURVE('NONE',#2878,#2877,#3766,.T.);
#3304=EDGE_CURVE('NONE',#2879,#2878,#1289,.T.);
#3305=EDGE_CURVE('NONE',#2873,#2879,#3767,.T.);
#3306=EDGE_CURVE('NONE',#2836,#2839,#1290,.T.);
#3307=EDGE_CURVE('NONE',#2832,#2835,#1291,.T.);
#3308=EDGE_CURVE('NONE',#2880,#2881,#3768,.T.);
#3309=EDGE_CURVE('NONE',#2874,#2880,#3769,.T.);
#3310=EDGE_CURVE('NONE',#2872,#2881,#3770,.T.);
#3311=EDGE_CURVE('NONE',#2882,#2880,#1292,.T.);
#3312=EDGE_CURVE('NONE',#2875,#2882,#3771,.T.);
#3313=EDGE_CURVE('NONE',#2883,#2882,#3772,.T.);
#3314=EDGE_CURVE('NONE',#2876,#2883,#3773,.T.);
#3315=EDGE_CURVE('NONE',#2884,#2883,#1293,.T.);
#3316=EDGE_CURVE('NONE',#2877,#2884,#3774,.T.);
#3317=EDGE_CURVE('NONE',#2885,#2884,#3775,.T.);
#3318=EDGE_CURVE('NONE',#2878,#2885,#3776,.T.);
#3319=EDGE_CURVE('NONE',#2886,#2885,#1294,.T.);
#3320=EDGE_CURVE('NONE',#2879,#2886,#3777,.T.);
#3321=EDGE_CURVE('NONE',#2887,#2886,#3778,.T.);
#3322=EDGE_CURVE('NONE',#2873,#2887,#3779,.T.);
#3323=EDGE_CURVE('NONE',#2881,#2887,#1295,.T.);
#3324=EDGE_CURVE('NONE',#2888,#2889,#1296,.T.);
#3325=EDGE_CURVE('NONE',#2889,#2890,#3780,.T.);
#3326=EDGE_CURVE('NONE',#2890,#2891,#1297,.T.);
#3327=EDGE_CURVE('NONE',#2891,#2892,#3781,.T.);
#3328=EDGE_CURVE('NONE',#2892,#2893,#1298,.T.);
#3329=EDGE_CURVE('NONE',#2893,#2894,#3782,.T.);
#3330=EDGE_CURVE('NONE',#2894,#2895,#1299,.T.);
#3331=EDGE_CURVE('NONE',#2895,#2888,#3783,.T.);
#3332=EDGE_CURVE('NONE',#2844,#2847,#1300,.T.);
#3333=EDGE_CURVE('NONE',#2840,#2843,#1301,.T.);
#3334=EDGE_CURVE('NONE',#2896,#2897,#3784,.T.);
#3335=EDGE_CURVE('NONE',#2890,#2897,#3785,.T.);
#3336=EDGE_CURVE('NONE',#2889,#2896,#3786,.T.);
#3337=EDGE_CURVE('NONE',#2897,#2898,#1302,.T.);
#3338=EDGE_CURVE('NONE',#2891,#2898,#3787,.T.);
#3339=EDGE_CURVE('NONE',#2898,#2899,#3788,.T.);
#3340=EDGE_CURVE('NONE',#2892,#2899,#3789,.T.);
#3341=EDGE_CURVE('NONE',#2899,#2900,#1303,.T.);
#3342=EDGE_CURVE('NONE',#2893,#2900,#3790,.T.);
#3343=EDGE_CURVE('NONE',#2900,#2901,#3791,.T.);
#3344=EDGE_CURVE('NONE',#2894,#2901,#3792,.T.);
#3345=EDGE_CURVE('NONE',#2901,#2902,#1304,.T.);
#3346=EDGE_CURVE('NONE',#2895,#2902,#3793,.T.);
#3347=EDGE_CURVE('NONE',#2902,#2903,#3794,.T.);
#3348=EDGE_CURVE('NONE',#2888,#2903,#3795,.T.);
#3349=EDGE_CURVE('NONE',#2903,#2896,#1305,.T.);
#3350=EDGE_CURVE('NONE',#2904,#2905,#1306,.T.);
#3351=EDGE_CURVE('NONE',#2905,#2906,#3796,.T.);
#3352=EDGE_CURVE('NONE',#2906,#2907,#1307,.T.);
#3353=EDGE_CURVE('NONE',#2907,#2908,#3797,.T.);
#3354=EDGE_CURVE('NONE',#2908,#2909,#1308,.T.);
#3355=EDGE_CURVE('NONE',#2909,#2910,#3798,.T.);
#3356=EDGE_CURVE('NONE',#2910,#2911,#1309,.T.);
#3357=EDGE_CURVE('NONE',#2911,#2904,#3799,.T.);
#3358=EDGE_CURVE('NONE',#2870,#2871,#1310,.T.);
#3359=EDGE_CURVE('NONE',#2866,#2867,#1311,.T.);
#3360=EDGE_CURVE('NONE',#2845,#2846,#1312,.T.);
#3361=EDGE_CURVE('NONE',#2841,#2842,#1313,.T.);
#3362=EDGE_CURVE('NONE',#2837,#2838,#1314,.T.);
#3363=EDGE_CURVE('NONE',#2833,#2834,#1315,.T.);
#3364=EDGE_CURVE('NONE',#2912,#2905,#3800,.T.);
#3365=EDGE_CURVE('NONE',#2912,#2913,#3801,.T.);
#3366=EDGE_CURVE('NONE',#2913,#2906,#3802,.T.);
#3367=EDGE_CURVE('NONE',#2913,#2914,#1316,.T.);
#3368=EDGE_CURVE('NONE',#2914,#2907,#3803,.T.);
#3369=EDGE_CURVE('NONE',#2914,#2915,#3804,.T.);
#3370=EDGE_CURVE('NONE',#2915,#2908,#3805,.T.);
#3371=EDGE_CURVE('NONE',#2915,#2916,#1317,.T.);
#3372=EDGE_CURVE('NONE',#2916,#2909,#3806,.T.);
#3373=EDGE_CURVE('NONE',#2916,#2917,#3807,.T.);
#3374=EDGE_CURVE('NONE',#2917,#2910,#3808,.T.);
#3375=EDGE_CURVE('NONE',#2917,#2918,#1318,.T.);
#3376=EDGE_CURVE('NONE',#2918,#2911,#3809,.T.);
#3377=EDGE_CURVE('NONE',#2918,#2919,#3810,.T.);
#3378=EDGE_CURVE('NONE',#2919,#2904,#3811,.T.);
#3379=EDGE_CURVE('NONE',#2919,#2912,#1319,.T.);
#3380=EDGE_CURVE('NONE',#2920,#2921,#1320,.T.);
#3381=EDGE_CURVE('NONE',#2921,#2922,#3812,.T.);
#3382=EDGE_CURVE('NONE',#2922,#2923,#1321,.T.);
#3383=EDGE_CURVE('NONE',#2923,#2924,#3813,.T.);
#3384=EDGE_CURVE('NONE',#2924,#2925,#1322,.T.);
#3385=EDGE_CURVE('NONE',#2925,#2926,#3814,.T.);
#3386=EDGE_CURVE('NONE',#2926,#2927,#1323,.T.);
#3387=EDGE_CURVE('NONE',#2927,#2920,#3815,.T.);
#3388=EDGE_CURVE('NONE',#2854,#2928,#3816,.T.);
#3389=EDGE_CURVE('NONE',#2857,#2929,#3817,.T.);
#3390=EDGE_CURVE('NONE',#2929,#2928,#1324,.T.);
#3391=EDGE_CURVE('NONE',#2860,#2930,#3818,.T.);
#3392=EDGE_CURVE('NONE',#2928,#2930,#3819,.T.);
#3393=EDGE_CURVE('NONE',#2862,#2931,#3820,.T.);
#3394=EDGE_CURVE('NONE',#2930,#2931,#1325,.T.);
#3395=EDGE_CURVE('NONE',#2853,#2932,#3821,.T.);
#3396=EDGE_CURVE('NONE',#2859,#2933,#3822,.T.);
#3397=EDGE_CURVE('NONE',#2933,#2932,#1326,.T.);
#3398=EDGE_CURVE('NONE',#2849,#2934,#3823,.T.);
#3399=EDGE_CURVE('NONE',#2932,#2934,#3824,.T.);
#3400=EDGE_CURVE('NONE',#2850,#2935,#3825,.T.);
#3401=EDGE_CURVE('NONE',#2934,#2935,#1327,.T.);
#3402=EDGE_CURVE('NONE',#2936,#2937,#1328,.T.);
#3403=EDGE_CURVE('NONE',#2938,#2937,#3826,.T.);
#3404=EDGE_CURVE('NONE',#2939,#2938,#1329,.T.);
#3405=EDGE_CURVE('NONE',#2939,#2936,#3827,.T.);
#3406=EDGE_CURVE('NONE',#2937,#2940,#3828,.T.);
#3407=EDGE_CURVE('NONE',#2941,#2940,#3829,.T.);
#3408=EDGE_CURVE('NONE',#2938,#2941,#3830,.T.);
#3409=EDGE_CURVE('NONE',#2940,#2942,#1330,.T.);
#3410=EDGE_CURVE('NONE',#2943,#2942,#3831,.T.);
#3411=EDGE_CURVE('NONE',#2941,#2943,#1331,.T.);
#3412=EDGE_CURVE('NONE',#2944,#2945,#1332,.T.);
#3413=EDGE_CURVE('NONE',#2946,#2945,#3832,.T.);
#3414=EDGE_CURVE('NONE',#2947,#2946,#1333,.T.);
#3415=EDGE_CURVE('NONE',#2947,#2944,#3833,.T.);
#3416=EDGE_CURVE('NONE',#2945,#2948,#3834,.T.);
#3417=EDGE_CURVE('NONE',#2949,#2948,#3835,.T.);
#3418=EDGE_CURVE('NONE',#2946,#2949,#3836,.T.);
#3419=EDGE_CURVE('NONE',#2948,#2950,#1334,.T.);
#3420=EDGE_CURVE('NONE',#2951,#2950,#3837,.T.);
#3421=EDGE_CURVE('NONE',#2949,#2951,#1335,.T.);
#3422=EDGE_CURVE('NONE',#2952,#2953,#3838,.T.);
#3423=EDGE_CURVE('NONE',#2954,#2953,#3839,.T.);
#3424=EDGE_CURVE('NONE',#2955,#2954,#3840,.T.);
#3425=EDGE_CURVE('NONE',#2955,#2952,#3841,.T.);
#3426=EDGE_CURVE('NONE',#2953,#2956,#1336,.T.);
#3427=EDGE_CURVE('NONE',#2957,#2956,#3842,.T.);
#3428=EDGE_CURVE('NONE',#2954,#2957,#1337,.T.);
#3429=EDGE_CURVE('NONE',#2956,#2958,#3843,.T.);
#3430=EDGE_CURVE('NONE',#2959,#2958,#3844,.T.);
#3431=EDGE_CURVE('NONE',#2957,#2959,#3845,.T.);
#3432=EDGE_CURVE('NONE',#2958,#2960,#1338,.T.);
#3433=EDGE_CURVE('NONE',#2961,#2960,#3846,.T.);
#3434=EDGE_CURVE('NONE',#2959,#2961,#1339,.T.);
#3435=EDGE_CURVE('NONE',#2960,#2962,#3847,.T.);
#3436=EDGE_CURVE('NONE',#2963,#2962,#3848,.T.);
#3437=EDGE_CURVE('NONE',#2961,#2963,#3849,.T.);
#3438=EDGE_CURVE('NONE',#2962,#2964,#1340,.T.);
#3439=EDGE_CURVE('NONE',#2965,#2964,#3850,.T.);
#3440=EDGE_CURVE('NONE',#2963,#2965,#1341,.T.);
#3441=EDGE_CURVE('NONE',#2964,#2966,#3851,.T.);
#3442=EDGE_CURVE('NONE',#2967,#2966,#3852,.T.);
#3443=EDGE_CURVE('NONE',#2965,#2967,#3853,.T.);
#3444=EDGE_CURVE('NONE',#2966,#2952,#1342,.T.);
#3445=EDGE_CURVE('NONE',#2967,#2955,#1343,.T.);
#3446=EDGE_CURVE('NONE',#2968,#2969,#1344,.T.);
#3447=EDGE_CURVE('NONE',#2969,#2970,#3854,.T.);
#3448=EDGE_CURVE('NONE',#2970,#2971,#1345,.T.);
#3449=EDGE_CURVE('NONE',#2971,#2972,#3855,.T.);
#3450=EDGE_CURVE('NONE',#2972,#2973,#1346,.T.);
#3451=EDGE_CURVE('NONE',#2973,#2974,#3856,.T.);
#3452=EDGE_CURVE('NONE',#2974,#2975,#1347,.T.);
#3453=EDGE_CURVE('NONE',#2975,#2968,#3857,.T.);
#3454=EDGE_CURVE('NONE',#2975,#2922,#3858,.T.);
#3455=EDGE_CURVE('NONE',#2974,#2923,#3859,.T.);
#3456=EDGE_CURVE('NONE',#2973,#2924,#3860,.T.);
#3457=EDGE_CURVE('NONE',#2797,#2798,#277,.T.);
#3458=EDGE_CURVE('NONE',#2793,#2794,#278,.T.);
#3459=EDGE_CURVE('NONE',#2789,#2790,#279,.T.);
#3460=EDGE_CURVE('NONE',#2785,#2786,#280,.T.);
#3461=EDGE_CURVE('NONE',#2781,#2782,#281,.T.);
#3462=EDGE_CURVE('NONE',#2972,#2925,#3861,.T.);
#3463=EDGE_CURVE('NONE',#2971,#2926,#3862,.T.);
#3464=EDGE_CURVE('NONE',#2828,#2830,#282,.T.);
#3465=EDGE_CURVE('NONE',#2824,#2826,#283,.T.);
#3466=EDGE_CURVE('NONE',#2820,#2822,#284,.T.);
#3467=EDGE_CURVE('NONE',#2816,#2818,#285,.T.);
#3468=EDGE_CURVE('NONE',#2970,#2927,#3863,.T.);
#3469=EDGE_CURVE('NONE',#2969,#2920,#3864,.T.);
#3470=EDGE_CURVE('NONE',#2968,#2921,#3865,.T.);
#3471=EDGE_CURVE('NONE',#2851,#2856,#3866,.T.);
#3472=EDGE_CURVE('NONE',#2863,#2858,#3867,.T.);
#3473=EDGE_CURVE('NONE',#2802,#2801,#286,.T.);
#3474=EDGE_CURVE('NONE',#2810,#2809,#287,.T.);
#3475=EDGE_CURVE('NONE',#2814,#2813,#288,.T.);
#3476=EDGE_CURVE('NONE',#2806,#2805,#289,.T.);
#3477=EDGE_CURVE('NONE',#2762,#2760,#290,.T.);
#3478=EDGE_CURVE('NONE',#2770,#2768,#291,.T.);
#3479=EDGE_CURVE('NONE',#2778,#2776,#292,.T.);
#3480=EDGE_CURVE('NONE',#2774,#2772,#293,.T.);
#3481=EDGE_CURVE('NONE',#2766,#2764,#294,.T.);
#3482=EDGE_CURVE('NONE',#2750,#2976,#3868,.T.);
#3483=EDGE_CURVE('NONE',#2977,#2976,#1112,.T.);
#3484=EDGE_CURVE('NONE',#2978,#2977,#1113,.T.);
#3485=EDGE_CURVE('NONE',#2978,#2979,#3869,.T.);
#3486=EDGE_CURVE('NONE',#2748,#2979,#1114,.T.);
#3487=EDGE_CURVE('NONE',#2980,#2981,#3870,.T.);
#3488=EDGE_CURVE('NONE',#2981,#2979,#1348,.T.);
#3489=EDGE_CURVE('NONE',#2978,#2980,#1349,.T.);
#3490=EDGE_CURVE('NONE',#2981,#2982,#1115,.T.);
#3491=EDGE_CURVE('NONE',#2983,#2980,#1116,.T.);
#3492=EDGE_CURVE('NONE',#2983,#2982,#3871,.T.);
#3493=EDGE_CURVE('NONE',#2741,#2984,#3872,.T.);
#3494=EDGE_CURVE('NONE',#2985,#2984,#1117,.T.);
#3495=EDGE_CURVE('NONE',#2986,#2985,#1118,.T.);
#3496=EDGE_CURVE('NONE',#2986,#2987,#3873,.T.);
#3497=EDGE_CURVE('NONE',#2739,#2987,#1119,.T.);
#3498=EDGE_CURVE('NONE',#2988,#2989,#1120,.T.);
#3499=EDGE_CURVE('NONE',#2988,#2933,#3874,.T.);
#3500=EDGE_CURVE('NONE',#2859,#2990,#3875,.T.);
#3501=EDGE_CURVE('NONE',#2989,#2990,#1121,.T.);
#3502=EDGE_CURVE('NONE',#2991,#2992,#3876,.T.);
#3503=EDGE_CURVE('NONE',#2992,#2987,#1350,.T.);
#3504=EDGE_CURVE('NONE',#2986,#2991,#1351,.T.);
#3505=EDGE_CURVE('NONE',#2992,#2993,#1122,.T.);
#3506=EDGE_CURVE('NONE',#2994,#2991,#1123,.T.);
#3507=EDGE_CURVE('NONE',#2994,#2993,#3877,.T.);
#3508=EDGE_CURVE('NONE',#2995,#2996,#1124,.T.);
#3509=EDGE_CURVE('NONE',#2995,#2944,#3878,.T.);
#3510=EDGE_CURVE('NONE',#2996,#2947,#3879,.T.);
#3511=EDGE_CURVE('NONE',#2997,#2998,#1125,.T.);
#3512=EDGE_CURVE('NONE',#2997,#2999,#3880,.T.);
#3513=EDGE_CURVE('NONE',#2757,#2999,#1126,.T.);
#3514=EDGE_CURVE('NONE',#2759,#3000,#3881,.T.);
#3515=EDGE_CURVE('NONE',#2998,#3000,#1127,.T.);
#3516=EDGE_CURVE('NONE',#3001,#3002,#1128,.T.);
#3517=EDGE_CURVE('NONE',#3001,#3003,#3882,.T.);
#3518=EDGE_CURVE('NONE',#3004,#3003,#1129,.T.);
#3519=EDGE_CURVE('NONE',#3002,#3004,#3883,.T.);
#3520=EDGE_CURVE('NONE',#2997,#3002,#1352,.T.);
#3521=EDGE_CURVE('NONE',#3004,#2999,#1353,.T.);
#3522=EDGE_CURVE('NONE',#3005,#3006,#1130,.T.);
#3523=EDGE_CURVE('NONE',#3005,#3007,#3884,.T.);
#3524=EDGE_CURVE('NONE',#2725,#3007,#1131,.T.);
#3525=EDGE_CURVE('NONE',#2727,#3008,#3885,.T.);
#3526=EDGE_CURVE('NONE',#3006,#3008,#1132,.T.);
#3527=EDGE_CURVE('NONE',#3009,#3010,#1133,.T.);
#3528=EDGE_CURVE('NONE',#3009,#3011,#3886,.T.);
#3529=EDGE_CURVE('NONE',#3012,#3011,#1134,.T.);
#3530=EDGE_CURVE('NONE',#3010,#3012,#3887,.T.);
#3531=EDGE_CURVE('NONE',#3005,#3010,#1354,.T.);
#3532=EDGE_CURVE('NONE',#3012,#3007,#1355,.T.);
#3533=EDGE_CURVE('NONE',#2709,#2862,#3888,.T.);
#3534=EDGE_CURVE('NONE',#2931,#3013,#3889,.T.);
#3535=EDGE_CURVE('NONE',#2707,#3013,#1135,.T.);
#3536=EDGE_CURVE('NONE',#3014,#3015,#1136,.T.);
#3537=EDGE_CURVE('NONE',#3014,#3016,#3890,.T.);
#3538=EDGE_CURVE('NONE',#2716,#3016,#1137,.T.);
#3539=EDGE_CURVE('NONE',#2718,#3017,#3891,.T.);
#3540=EDGE_CURVE('NONE',#3015,#3017,#1138,.T.);
#3541=EDGE_CURVE('NONE',#3018,#3019,#1139,.T.);
#3542=EDGE_CURVE('NONE',#2943,#3018,#3892,.T.);
#3543=EDGE_CURVE('NONE',#2942,#3019,#3893,.T.);
#3544=EDGE_CURVE('NONE',#3020,#3021,#1140,.T.);
#3545=EDGE_CURVE('NONE',#3020,#3022,#3894,.T.);
#3546=EDGE_CURVE('NONE',#3023,#3022,#1141,.T.);
#3547=EDGE_CURVE('NONE',#3021,#3023,#3895,.T.);
#3548=EDGE_CURVE('NONE',#3017,#2714,#1142,.T.);
#3549=EDGE_CURVE('NONE',#2720,#2717,#1143,.T.);
#3550=EDGE_CURVE('NONE',#3008,#2723,#1144,.T.);
#3551=EDGE_CURVE('NONE',#2729,#2726,#1145,.T.);
#3552=EDGE_CURVE('NONE',#3000,#2732,#1146,.T.);
#3553=EDGE_CURVE('NONE',#2752,#2758,#1147,.T.);
#3554=EDGE_CURVE('NONE',#2976,#2755,#1148,.T.);
#3555=EDGE_CURVE('NONE',#2743,#2749,#1149,.T.);
#3556=EDGE_CURVE('NONE',#2984,#2746,#1150,.T.);
#3557=EDGE_CURVE('NONE',#2734,#2740,#1151,.T.);
#3558=EDGE_CURVE('NONE',#2990,#2737,#1152,.T.);
#3559=EDGE_CURVE('NONE',#2711,#2708,#1153,.T.);
#3560=EDGE_CURVE('NONE',#3014,#3021,#1356,.T.);
#3561=EDGE_CURVE('NONE',#3023,#3016,#1357,.T.);
#3562=EDGE_CURVE('NONE',#2696,#3024,#3896,.T.);
#3563=EDGE_CURVE('NONE',#3025,#3024,#1154,.T.);
#3564=EDGE_CURVE('NONE',#3026,#3025,#1155,.T.);
#3565=EDGE_CURVE('NONE',#3026,#3027,#3897,.T.);
#3566=EDGE_CURVE('NONE',#2694,#3027,#1156,.T.);
#3567=EDGE_CURVE('NONE',#3028,#3029,#1157,.T.);
#3568=EDGE_CURVE('NONE',#3030,#3028,#3898,.T.);
#3569=EDGE_CURVE('NONE',#3031,#3030,#1158,.T.);
#3570=EDGE_CURVE('NONE',#3031,#3029,#3899,.T.);
#3571=EDGE_CURVE('NONE',#3028,#3027,#1358,.T.);
#3572=EDGE_CURVE('NONE',#3026,#3030,#1359,.T.);
#3573=EDGE_CURVE('NONE',#2687,#3032,#3900,.T.);
#3574=EDGE_CURVE('NONE',#3033,#3032,#1159,.T.);
#3575=EDGE_CURVE('NONE',#3034,#3033,#1160,.T.);
#3576=EDGE_CURVE('NONE',#3034,#3035,#3901,.T.);
#3577=EDGE_CURVE('NONE',#2685,#3035,#1161,.T.);
#3578=EDGE_CURVE('NONE',#3036,#3037,#1162,.T.);
#3579=EDGE_CURVE('NONE',#3036,#2929,#3902,.T.);
#3580=EDGE_CURVE('NONE',#2857,#3038,#3903,.T.);
#3581=EDGE_CURVE('NONE',#3037,#3038,#1163,.T.);
#3582=EDGE_CURVE('NONE',#3039,#3040,#1164,.T.);
#3583=EDGE_CURVE('NONE',#3041,#3039,#3904,.T.);
#3584=EDGE_CURVE('NONE',#3042,#3041,#1165,.T.);
#3585=EDGE_CURVE('NONE',#3042,#3040,#3905,.T.);
#3586=EDGE_CURVE('NONE',#3043,#3044,#1166,.T.);
#3587=EDGE_CURVE('NONE',#3043,#2936,#3906,.T.);
#3588=EDGE_CURVE('NONE',#3044,#2939,#3907,.T.);
#3589=EDGE_CURVE('NONE',#3039,#3035,#1360,.T.);
#3590=EDGE_CURVE('NONE',#3034,#3041,#1361,.T.);
#3591=EDGE_CURVE('NONE',#3036,#3044,#1362,.T.);
#3592=EDGE_CURVE('NONE',#3018,#3013,#1363,.T.);
#3593=EDGE_CURVE('NONE',#3045,#3046,#1167,.T.);
#3594=EDGE_CURVE('NONE',#3045,#3047,#3908,.T.);
#3595=EDGE_CURVE('NONE',#2703,#3047,#1168,.T.);
#3596=EDGE_CURVE('NONE',#2705,#3048,#3909,.T.);
#3597=EDGE_CURVE('NONE',#3046,#3048,#1169,.T.);
#3598=EDGE_CURVE('NONE',#3049,#3050,#1170,.T.);
#3599=EDGE_CURVE('NONE',#3049,#3051,#3910,.T.);
#3600=EDGE_CURVE('NONE',#3052,#3051,#1171,.T.);
#3601=EDGE_CURVE('NONE',#3050,#3052,#3911,.T.);
#3602=EDGE_CURVE('NONE',#3045,#3050,#1364,.T.);
#3603=EDGE_CURVE('NONE',#3052,#3047,#1365,.T.);
#3604=EDGE_CURVE('NONE',#3053,#3054,#1172,.T.);
#3605=EDGE_CURVE('NONE',#3053,#3055,#3912,.T.);
#3606=EDGE_CURVE('NONE',#2671,#3055,#1173,.T.);
#3607=EDGE_CURVE('NONE',#2673,#3056,#3913,.T.);
#3608=EDGE_CURVE('NONE',#3054,#3056,#1174,.T.);
#3609=EDGE_CURVE('NONE',#3057,#3058,#1175,.T.);
#3610=EDGE_CURVE('NONE',#3057,#3059,#3914,.T.);
#3611=EDGE_CURVE('NONE',#3060,#3059,#1176,.T.);
#3612=EDGE_CURVE('NONE',#3058,#3060,#3915,.T.);
#3613=EDGE_CURVE('NONE',#3053,#3058,#1366,.T.);
#3614=EDGE_CURVE('NONE',#3060,#3055,#1367,.T.);
#3615=EDGE_CURVE('NONE',#2655,#2850,#3916,.T.);
#3616=EDGE_CURVE('NONE',#2935,#3061,#3917,.T.);
#3617=EDGE_CURVE('NONE',#2653,#3061,#1177,.T.);
#3618=EDGE_CURVE('NONE',#3062,#3063,#1178,.T.);
#3619=EDGE_CURVE('NONE',#3062,#3064,#3918,.T.);
#3620=EDGE_CURVE('NONE',#2662,#3064,#1179,.T.);
#3621=EDGE_CURVE('NONE',#2664,#3065,#3919,.T.);
#3622=EDGE_CURVE('NONE',#3063,#3065,#1180,.T.);
#3623=EDGE_CURVE('NONE',#3066,#3067,#1181,.T.);
#3624=EDGE_CURVE('NONE',#2951,#3066,#3920,.T.);
#3625=EDGE_CURVE('NONE',#2950,#3067,#3921,.T.);
#3626=EDGE_CURVE('NONE',#3068,#3069,#1182,.T.);
#3627=EDGE_CURVE('NONE',#3068,#3070,#3922,.T.);
#3628=EDGE_CURVE('NONE',#3071,#3070,#1183,.T.);
#3629=EDGE_CURVE('NONE',#3069,#3071,#3923,.T.);
#3630=EDGE_CURVE('NONE',#3066,#3061,#1368,.T.);
#3631=EDGE_CURVE('NONE',#2988,#2996,#1369,.T.);
#3632=EDGE_CURVE('NONE',#3062,#3069,#1370,.T.);
#3633=EDGE_CURVE('NONE',#3071,#3064,#1371,.T.);
#3634=EDGE_CURVE('NONE',#3065,#2660,#1184,.T.);
#3635=EDGE_CURVE('NONE',#2665,#2663,#1185,.T.);
#3636=EDGE_CURVE('NONE',#3056,#2669,#1186,.T.);
#3637=EDGE_CURVE('NONE',#2674,#2672,#1187,.T.);
#3638=EDGE_CURVE('NONE',#3048,#2678,#1188,.T.);
#3639=EDGE_CURVE('NONE',#2697,#2704,#1189,.T.);
#3640=EDGE_CURVE('NONE',#3024,#2701,#1190,.T.);
#3641=EDGE_CURVE('NONE',#2688,#2695,#1191,.T.);
#3642=EDGE_CURVE('NONE',#3032,#2692,#1192,.T.);
#3643=EDGE_CURVE('NONE',#2679,#2686,#1193,.T.);
#3644=EDGE_CURVE('NONE',#3038,#2683,#1194,.T.);
#3645=EDGE_CURVE('NONE',#2656,#2654,#1195,.T.);
#3646=EDGE_CURVE('NONE',#3068,#3067,#1372,.T.);
#3647=EDGE_CURVE('NONE',#2995,#2993,#1373,.T.);
#3648=EDGE_CURVE('NONE',#2994,#2982,#1374,.T.);
#3649=EDGE_CURVE('NONE',#2983,#3003,#1375,.T.);
#3650=EDGE_CURVE('NONE',#3001,#3011,#1376,.T.);
#3651=EDGE_CURVE('NONE',#3009,#3022,#1377,.T.);
#3652=EDGE_CURVE('NONE',#3020,#3019,#1378,.T.);
#3653=EDGE_CURVE('NONE',#3043,#3040,#1379,.T.);
#3654=EDGE_CURVE('NONE',#3042,#3029,#1380,.T.);
#3655=EDGE_CURVE('NONE',#3031,#3051,#1381,.T.);
#3656=EDGE_CURVE('NONE',#3049,#3059,#1382,.T.);
#3657=EDGE_CURVE('NONE',#3057,#3070,#1383,.T.);
#3658=EDGE_CURVE('NONE',#2763,#2761,#295,.T.);
#3659=EDGE_CURVE('NONE',#2771,#2769,#296,.T.);
#3660=EDGE_CURVE('NONE',#2779,#2777,#297,.T.);
#3661=EDGE_CURVE('NONE',#2780,#2783,#298,.T.);
#3662=EDGE_CURVE('NONE',#2784,#2787,#299,.T.);
#3663=EDGE_CURVE('NONE',#2788,#2791,#300,.T.);
#3664=EDGE_CURVE('NONE',#2792,#2795,#301,.T.);
#3665=EDGE_CURVE('NONE',#2796,#2799,#302,.T.);
#3666=EDGE_CURVE('NONE',#2807,#2804,#303,.T.);
#3667=EDGE_CURVE('NONE',#2815,#2812,#304,.T.);
#3668=EDGE_CURVE('NONE',#2817,#2819,#305,.T.);
#3669=EDGE_CURVE('NONE',#2821,#2823,#306,.T.);
#3670=EDGE_CURVE('NONE',#2825,#2827,#307,.T.);
#3671=EDGE_CURVE('NONE',#2829,#2831,#308,.T.);
#3672=EDGE_CURVE('NONE',#2811,#2808,#309,.T.);
#3673=EDGE_CURVE('NONE',#2803,#2800,#310,.T.);
#3674=EDGE_CURVE('NONE',#2775,#2773,#311,.T.);
#3675=EDGE_CURVE('NONE',#2767,#2765,#312,.T.);
#3676=EDGE_CURVE('NONE',#2754,#2977,#3924,.T.);
#3677=EDGE_CURVE('NONE',#2756,#2753,#1384,.T.);
#3678=EDGE_CURVE('NONE',#2745,#2985,#3925,.T.);
#3679=EDGE_CURVE('NONE',#2747,#2744,#1385,.T.);
#3680=EDGE_CURVE('NONE',#2736,#2989,#3926,.T.);
#3681=EDGE_CURVE('NONE',#2738,#2735,#1386,.T.);
#3682=EDGE_CURVE('NONE',#2730,#2724,#1387,.T.);
#3683=EDGE_CURVE('NONE',#2731,#2998,#3927,.T.);
#3684=EDGE_CURVE('NONE',#2721,#2715,#1388,.T.);
#3685=EDGE_CURVE('NONE',#2722,#3006,#3928,.T.);
#3686=EDGE_CURVE('NONE',#2712,#2706,#1389,.T.);
#3687=EDGE_CURVE('NONE',#2713,#3015,#3929,.T.);
#3688=EDGE_CURVE('NONE',#2700,#3025,#3930,.T.);
#3689=EDGE_CURVE('NONE',#2702,#2699,#1390,.T.);
#3690=EDGE_CURVE('NONE',#2691,#3033,#3931,.T.);
#3691=EDGE_CURVE('NONE',#2693,#2690,#1391,.T.);
#3692=EDGE_CURVE('NONE',#2682,#3037,#3932,.T.);
#3693=EDGE_CURVE('NONE',#2684,#2681,#1392,.T.);
#3694=EDGE_CURVE('NONE',#2676,#2670,#1393,.T.);
#3695=EDGE_CURVE('NONE',#2677,#3046,#3933,.T.);
#3696=EDGE_CURVE('NONE',#2667,#2661,#1394,.T.);
#3697=EDGE_CURVE('NONE',#2668,#3054,#3934,.T.);
#3698=EDGE_CURVE('NONE',#2658,#2652,#1395,.T.);
#3699=EDGE_CURVE('NONE',#2659,#3063,#3935,.T.);
#3700=LINE('',#5663,#3936);
#3701=LINE('',#5700,#3937);
#3702=LINE('',#5737,#3938);
#3703=LINE('',#5796,#3939);
#3704=LINE('',#5833,#3940);
#3705=LINE('',#5870,#3941);
#3706=LINE('',#5885,#3942);
#3707=LINE('',#5922,#3943);
#3708=LINE('',#5959,#3944);
#3709=LINE('',#6018,#3945);
#3710=LINE('',#6055,#3946);
#3711=LINE('',#6092,#3947);
#3712=LINE('',#6107,#3948);
#3713=LINE('',#6115,#3949);
#3714=LINE('',#6122,#3950);
#3715=LINE('',#6130,#3951);
#3716=LINE('',#6137,#3952);
#3717=LINE('',#6145,#3953);
#3718=LINE('',#6152,#3954);
#3719=LINE('',#6160,#3955);
#3720=LINE('',#6167,#3956);
#3721=LINE('',#6175,#3957);
#3722=LINE('',#6182,#3958);
#3723=LINE('',#6190,#3959);
#3724=LINE('',#6197,#3960);
#3725=LINE('',#6205,#3961);
#3726=LINE('',#6212,#3962);
#3727=LINE('',#6220,#3963);
#3728=LINE('',#6227,#3964);
#3729=LINE('',#6235,#3965);
#3730=LINE('',#6242,#3966);
#3731=LINE('',#6250,#3967);
#3732=LINE('',#6257,#3968);
#3733=LINE('',#6265,#3969);
#3734=LINE('',#6272,#3970);
#3735=LINE('',#6280,#3971);
#3736=LINE('',#6287,#3972);
#3737=LINE('',#6295,#3973);
#3738=LINE('',#6302,#3974);
#3739=LINE('',#6310,#3975);
#3740=LINE('',#6317,#3976);
#3741=LINE('',#6325,#3977);
#3742=LINE('',#6332,#3978);
#3743=LINE('',#6340,#3979);
#3744=LINE('',#6347,#3980);
#3745=LINE('',#6355,#3981);
#3746=LINE('',#6362,#3982);
#3747=LINE('',#6370,#3983);
#3748=LINE('',#6377,#3984);
#3749=LINE('',#6382,#3985);
#3750=LINE('',#6386,#3986);
#3751=LINE('',#6391,#3987);
#3752=LINE('',#6395,#3988);
#3753=LINE('',#6400,#3989);
#3754=LINE('',#6404,#3990);
#3755=LINE('',#6409,#3991);
#3756=LINE('',#6425,#3992);
#3757=LINE('',#6426,#3993);
#3758=LINE('',#6446,#3994);
#3759=LINE('',#6447,#3995);
#3760=LINE('',#6460,#3996);
#3761=LINE('',#6462,#3997);
#3762=LINE('',#6471,#3998);
#3763=LINE('',#6473,#3999);
#3764=LINE('',#6480,#4000);
#3765=LINE('',#6484,#4001);
#3766=LINE('',#6488,#4002);
#3767=LINE('',#6492,#4003);
#3768=LINE('',#6496,#4004);
#3769=LINE('',#6499,#4005);
#3770=LINE('',#6500,#4006);
#3771=LINE('',#6504,#4007);
#3772=LINE('',#6506,#4008);
#3773=LINE('',#6508,#4009);
#3774=LINE('',#6512,#4010);
#3775=LINE('',#6514,#4011);
#3776=LINE('',#6516,#4012);
#3777=LINE('',#6520,#4013);
#3778=LINE('',#6522,#4014);
#3779=LINE('',#6524,#4015);
#3780=LINE('',#6531,#4016);
#3781=LINE('',#6535,#4017);
#3782=LINE('',#6539,#4018);
#3783=LINE('',#6543,#4019);
#3784=LINE('',#6547,#4020);
#3785=LINE('',#6550,#4021);
#3786=LINE('',#6551,#4022);
#3787=LINE('',#6555,#4023);
#3788=LINE('',#6557,#4024);
#3789=LINE('',#6559,#4025);
#3790=LINE('',#6563,#4026);
#3791=LINE('',#6565,#4027);
#3792=LINE('',#6567,#4028);
#3793=LINE('',#6571,#4029);
#3794=LINE('',#6573,#4030);
#3795=LINE('',#6575,#4031);
#3796=LINE('',#6582,#4032);
#3797=LINE('',#6586,#4033);
#3798=LINE('',#6590,#4034);
#3799=LINE('',#6594,#4035);
#3800=LINE('',#6602,#4036);
#3801=LINE('',#6604,#4037);
#3802=LINE('',#6606,#4038);
#3803=LINE('',#6610,#4039);
#3804=LINE('',#6612,#4040);
#3805=LINE('',#6614,#4041);
#3806=LINE('',#6618,#4042);
#3807=LINE('',#6620,#4043);
#3808=LINE('',#6622,#4044);
#3809=LINE('',#6626,#4045);
#3810=LINE('',#6628,#4046);
#3811=LINE('',#6630,#4047);
#3812=LINE('',#6637,#4048);
#3813=LINE('',#6641,#4049);
#3814=LINE('',#6645,#4050);
#3815=LINE('',#6649,#4051);
#3816=LINE('',#6651,#4052);
#3817=LINE('',#6653,#4053);
#3818=LINE('',#6657,#4054);
#3819=LINE('',#6659,#4055);
#3820=LINE('',#6661,#4056);
#3821=LINE('',#6665,#4057);
#3822=LINE('',#6667,#4058);
#3823=LINE('',#6671,#4059);
#3824=LINE('',#6673,#4060);
#3825=LINE('',#6675,#4061);
#3826=LINE('',#6682,#4062);
#3827=LINE('',#6686,#4063);
#3828=LINE('',#6688,#4064);
#3829=LINE('',#6690,#4065);
#3830=LINE('',#6692,#4066);
#3831=LINE('',#6696,#4067);
#3832=LINE('',#6703,#4068);
#3833=LINE('',#6707,#4069);
#3834=LINE('',#6709,#4070);
#3835=LINE('',#6711,#4071);
#3836=LINE('',#6713,#4072);
#3837=LINE('',#6717,#4073);
#3838=LINE('',#6721,#4074);
#3839=LINE('',#6724,#4075);
#3840=LINE('',#6726,#4076);
#3841=LINE('',#6728,#4077);
#3842=LINE('',#6732,#4078);
#3843=LINE('',#6736,#4079);
#3844=LINE('',#6738,#4080);
#3845=LINE('',#6740,#4081);
#3846=LINE('',#6744,#4082);
#3847=LINE('',#6748,#4083);
#3848=LINE('',#6750,#4084);
#3849=LINE('',#6752,#4085);
#3850=LINE('',#6756,#4086);
#3851=LINE('',#6760,#4087);
#3852=LINE('',#6762,#4088);
#3853=LINE('',#6764,#4089);
#3854=LINE('',#6772,#4090);
#3855=LINE('',#6776,#4091);
#3856=LINE('',#6780,#4092);
#3857=LINE('',#6784,#4093);
#3858=LINE('',#6786,#4094);
#3859=LINE('',#6787,#4095);
#3860=LINE('',#6789,#4096);
#3861=LINE('',#6811,#4097);
#3862=LINE('',#6813,#4098);
#3863=LINE('',#6831,#4099);
#3864=LINE('',#6833,#4100);
#3865=LINE('',#6834,#4101);
#3866=LINE('',#6836,#4102);
#3867=LINE('',#6837,#4103);
#3868=LINE('',#6877,#4104);
#3869=LINE('',#6889,#4105);
#3870=LINE('',#6896,#4106);
#3871=LINE('',#6973,#4107);
#3872=LINE('',#6975,#4108);
#3873=LINE('',#6987,#4109);
#3874=LINE('',#7000,#4110);
#3875=LINE('',#7001,#4111);
#3876=LINE('',#7008,#4112);
#3877=LINE('',#7085,#4113);
#3878=LINE('',#7125,#4114);
#3879=LINE('',#7126,#4115);
#3880=LINE('',#7134,#4116);
#3881=LINE('',#7140,#4117);
#3882=LINE('',#7185,#4118);
#3883=LINE('',#7221,#4119);
#3884=LINE('',#7232,#4120);
#3885=LINE('',#7238,#4121);
#3886=LINE('',#7283,#4122);
#3887=LINE('',#7319,#4123);
#3888=LINE('',#7324,#4124);
#3889=LINE('',#7325,#4125);
#3890=LINE('',#7338,#4126);
#3891=LINE('',#7344,#4127);
#3892=LINE('',#7386,#4128);
#3893=LINE('',#7387,#4129);
#3894=LINE('',#7427,#4130);
#3895=LINE('',#7463,#4131);
#3896=LINE('',#7565,#4132);
#3897=LINE('',#7577,#4133);
#3898=LINE('',#7619,#4134);
#3899=LINE('',#7658,#4135);
#3900=LINE('',#7663,#4136);
#3901=LINE('',#7675,#4137);
#3902=LINE('',#7688,#4138);
#3903=LINE('',#7689,#4139);
#3904=LINE('',#7731,#4140);
#3905=LINE('',#7770,#4141);
#3906=LINE('',#7810,#4142);
#3907=LINE('',#7811,#4143);
#3908=LINE('',#7825,#4144);
#3909=LINE('',#7831,#4145);
#3910=LINE('',#7876,#4146);
#3911=LINE('',#7912,#4147);
#3912=LINE('',#7923,#4148);
#3913=LINE('',#7929,#4149);
#3914=LINE('',#7974,#4150);
#3915=LINE('',#8010,#4151);
#3916=LINE('',#8015,#4152);
#3917=LINE('',#8016,#4153);
#3918=LINE('',#8029,#4154);
#3919=LINE('',#8035,#4155);
#3920=LINE('',#8077,#4156);
#3921=LINE('',#8078,#4157);
#3922=LINE('',#8118,#4158);
#3923=LINE('',#8154,#4159);
#3924=LINE('',#8368,#4160);
#3925=LINE('',#8373,#4161);
#3926=LINE('',#8378,#4162);
#3927=LINE('',#8385,#4163);
#3928=LINE('',#8390,#4164);
#3929=LINE('',#8395,#4165);
#3930=LINE('',#8398,#4166);
#3931=LINE('',#8403,#4167);
#3932=LINE('',#8408,#4168);
#3933=LINE('',#8415,#4169);
#3934=LINE('',#8420,#4170);
#3935=LINE('',#8425,#4171);
#3936=VECTOR('',#4592,1.);
#3937=VECTOR('',#4607,1.);
#3938=VECTOR('',#4622,1.);
#3939=VECTOR('',#4647,1.);
#3940=VECTOR('',#4662,1.);
#3941=VECTOR('',#4677,1.);
#3942=VECTOR('',#4682,1.);
#3943=VECTOR('',#4697,1.);
#3944=VECTOR('',#4712,1.);
#3945=VECTOR('',#4737,1.);
#3946=VECTOR('',#4752,1.);
#3947=VECTOR('',#4767,1.);
#3948=VECTOR('',#4772,1.);
#3949=VECTOR('',#4773,1.);
#3950=VECTOR('',#4776,1.);
#3951=VECTOR('',#4777,1.);
#3952=VECTOR('',#4780,1.);
#3953=VECTOR('',#4781,1.);
#3954=VECTOR('',#4784,1.);
#3955=VECTOR('',#4785,1.);
#3956=VECTOR('',#4788,1.);
#3957=VECTOR('',#4789,1.);
#3958=VECTOR('',#4792,1.);
#3959=VECTOR('',#4793,1.);
#3960=VECTOR('',#4796,1.);
#3961=VECTOR('',#4797,1.);
#3962=VECTOR('',#4800,1.);
#3963=VECTOR('',#4801,1.);
#3964=VECTOR('',#4804,1.);
#3965=VECTOR('',#4805,1.);
#3966=VECTOR('',#4808,1.);
#3967=VECTOR('',#4809,1.);
#3968=VECTOR('',#4812,1.);
#3969=VECTOR('',#4813,1.);
#3970=VECTOR('',#4816,1.);
#3971=VECTOR('',#4817,1.);
#3972=VECTOR('',#4820,1.);
#3973=VECTOR('',#4821,1.);
#3974=VECTOR('',#4824,1.);
#3975=VECTOR('',#4825,1.);
#3976=VECTOR('',#4828,1.);
#3977=VECTOR('',#4829,1.);
#3978=VECTOR('',#4832,1.);
#3979=VECTOR('',#4833,1.);
#3980=VECTOR('',#4836,1.);
#3981=VECTOR('',#4837,1.);
#3982=VECTOR('',#4840,1.);
#3983=VECTOR('',#4841,1.);
#3984=VECTOR('',#4844,1.);
#3985=VECTOR('',#4847,1.);
#3986=VECTOR('',#4852,1.);
#3987=VECTOR('',#4855,1.);
#3988=VECTOR('',#4860,1.);
#3989=VECTOR('',#4863,1.);
#3990=VECTOR('',#4868,1.);
#3991=VECTOR('',#4871,1.);
#3992=VECTOR('',#4888,1.);
#3993=VECTOR('',#4889,1.);
#3994=VECTOR('',#4912,1.);
#3995=VECTOR('',#4913,1.);
#3996=VECTOR('',#4930,1.);
#3997=VECTOR('',#4931,1.);
#3998=VECTOR('',#4942,1.);
#3999=VECTOR('',#4943,1.);
#4000=VECTOR('',#4950,1.);
#4001=VECTOR('',#4953,1.);
#4002=VECTOR('',#4956,1.);
#4003=VECTOR('',#4959,1.);
#4004=VECTOR('',#4966,1.);
#4005=VECTOR('',#4967,1.);
#4006=VECTOR('',#4968,1.);
#4007=VECTOR('',#4973,1.);
#4008=VECTOR('',#4976,1.);
#4009=VECTOR('',#4977,1.);
#4010=VECTOR('',#4982,1.);
#4011=VECTOR('',#4985,1.);
#4012=VECTOR('',#4986,1.);
#4013=VECTOR('',#4991,1.);
#4014=VECTOR('',#4994,1.);
#4015=VECTOR('',#4995,1.);
#4016=VECTOR('',#5004,1.);
#4017=VECTOR('',#5007,1.);
#4018=VECTOR('',#5010,1.);
#4019=VECTOR('',#5013,1.);
#4020=VECTOR('',#5020,1.);
#4021=VECTOR('',#5021,1.);
#4022=VECTOR('',#5022,1.);
#4023=VECTOR('',#5027,1.);
#4024=VECTOR('',#5030,1.);
#4025=VECTOR('',#5031,1.);
#4026=VECTOR('',#5036,1.);
#4027=VECTOR('',#5039,1.);
#4028=VECTOR('',#5040,1.);
#4029=VECTOR('',#5045,1.);
#4030=VECTOR('',#5048,1.);
#4031=VECTOR('',#5049,1.);
#4032=VECTOR('',#5058,1.);
#4033=VECTOR('',#5061,1.);
#4034=VECTOR('',#5064,1.);
#4035=VECTOR('',#5067,1.);
#4036=VECTOR('',#5082,1.);
#4037=VECTOR('',#5083,1.);
#4038=VECTOR('',#5084,1.);
#4039=VECTOR('',#5089,1.);
#4040=VECTOR('',#5092,1.);
#4041=VECTOR('',#5093,1.);
#4042=VECTOR('',#5098,1.);
#4043=VECTOR('',#5101,1.);
#4044=VECTOR('',#5102,1.);
#4045=VECTOR('',#5107,1.);
#4046=VECTOR('',#5110,1.);
#4047=VECTOR('',#5111,1.);
#4048=VECTOR('',#5120,1.);
#4049=VECTOR('',#5123,1.);
#4050=VECTOR('',#5126,1.);
#4051=VECTOR('',#5129,1.);
#4052=VECTOR('',#5132,1.);
#4053=VECTOR('',#5133,1.);
#4054=VECTOR('',#5138,1.);
#4055=VECTOR('',#5139,1.);
#4056=VECTOR('',#5142,1.);
#4057=VECTOR('',#5147,1.);
#4058=VECTOR('',#5148,1.);
#4059=VECTOR('',#5153,1.);
#4060=VECTOR('',#5154,1.);
#4061=VECTOR('',#5157,1.);
#4062=VECTOR('',#5164,1.);
#4063=VECTOR('',#5167,1.);
#4064=VECTOR('',#5170,1.);
#4065=VECTOR('',#5171,1.);
#4066=VECTOR('',#5172,1.);
#4067=VECTOR('',#5177,1.);
#4068=VECTOR('',#5184,1.);
#4069=VECTOR('',#5187,1.);
#4070=VECTOR('',#5190,1.);
#4071=VECTOR('',#5191,1.);
#4072=VECTOR('',#5192,1.);
#4073=VECTOR('',#5197,1.);
#4074=VECTOR('',#5202,1.);
#4075=VECTOR('',#5203,1.);
#4076=VECTOR('',#5204,1.);
#4077=VECTOR('',#5205,1.);
#4078=VECTOR('',#5210,1.);
#4079=VECTOR('',#5215,1.);
#4080=VECTOR('',#5216,1.);
#4081=VECTOR('',#5217,1.);
#4082=VECTOR('',#5222,1.);
#4083=VECTOR('',#5227,1.);
#4084=VECTOR('',#5228,1.);
#4085=VECTOR('',#5229,1.);
#4086=VECTOR('',#5234,1.);
#4087=VECTOR('',#5239,1.);
#4088=VECTOR('',#5240,1.);
#4089=VECTOR('',#5241,1.);
#4090=VECTOR('',#5252,1.);
#4091=VECTOR('',#5255,1.);
#4092=VECTOR('',#5258,1.);
#4093=VECTOR('',#5261,1.);
#4094=VECTOR('',#5264,1.);
#4095=VECTOR('',#5265,1.);
#4096=VECTOR('',#5268,1.);
#4097=VECTOR('',#5271,1.);
#4098=VECTOR('',#5274,1.);
#4099=VECTOR('',#5277,1.);
#4100=VECTOR('',#5280,1.);
#4101=VECTOR('',#5281,1.);
#4102=VECTOR('',#5284,1.);
#4103=VECTOR('',#5285,1.);
#4104=VECTOR('',#5292,1.);
#4105=VECTOR('',#5293,1.);
#4106=VECTOR('',#5296,1.);
#4107=VECTOR('',#5303,1.);
#4108=VECTOR('',#5306,1.);
#4109=VECTOR('',#5307,1.);
#4110=VECTOR('',#5310,1.);
#4111=VECTOR('',#5311,1.);
#4112=VECTOR('',#5314,1.);
#4113=VECTOR('',#5321,1.);
#4114=VECTOR('',#5324,1.);
#4115=VECTOR('',#5325,1.);
#4116=VECTOR('',#5328,1.);
#4117=VECTOR('',#5329,1.);
#4118=VECTOR('',#5332,1.);
#4119=VECTOR('',#5333,1.);
#4120=VECTOR('',#5342,1.);
#4121=VECTOR('',#5343,1.);
#4122=VECTOR('',#5346,1.);
#4123=VECTOR('',#5347,1.);
#4124=VECTOR('',#5356,1.);
#4125=VECTOR('',#5357,1.);
#4126=VECTOR('',#5360,1.);
#4127=VECTOR('',#5361,1.);
#4128=VECTOR('',#5364,1.);
#4129=VECTOR('',#5365,1.);
#4130=VECTOR('',#5368,1.);
#4131=VECTOR('',#5369,1.);
#4132=VECTOR('',#5380,1.);
#4133=VECTOR('',#5381,1.);
#4134=VECTOR('',#5384,1.);
#4135=VECTOR('',#5385,1.);
#4136=VECTOR('',#5394,1.);
#4137=VECTOR('',#5395,1.);
#4138=VECTOR('',#5398,1.);
#4139=VECTOR('',#5399,1.);
#4140=VECTOR('',#5402,1.);
#4141=VECTOR('',#5403,1.);
#4142=VECTOR('',#5406,1.);
#4143=VECTOR('',#5407,1.);
#4144=VECTOR('',#5422,1.);
#4145=VECTOR('',#5423,1.);
#4146=VECTOR('',#5426,1.);
#4147=VECTOR('',#5427,1.);
#4148=VECTOR('',#5436,1.);
#4149=VECTOR('',#5437,1.);
#4150=VECTOR('',#5440,1.);
#4151=VECTOR('',#5441,1.);
#4152=VECTOR('',#5450,1.);
#4153=VECTOR('',#5451,1.);
#4154=VECTOR('',#5454,1.);
#4155=VECTOR('',#5455,1.);
#4156=VECTOR('',#5458,1.);
#4157=VECTOR('',#5459,1.);
#4158=VECTOR('',#5462,1.);
#4159=VECTOR('',#5463,1.);
#4160=VECTOR('',#5554,1.);
#4161=VECTOR('',#5563,1.);
#4162=VECTOR('',#5572,1.);
#4163=VECTOR('',#5585,1.);
#4164=VECTOR('',#5594,1.);
#4165=VECTOR('',#5603,1.);
#4166=VECTOR('',#5608,1.);
#4167=VECTOR('',#5617,1.);
#4168=VECTOR('',#5626,1.);
#4169=VECTOR('',#5639,1.);
#4170=VECTOR('',#5648,1.);
#4171=VECTOR('',#5657,1.);
#4172=AXIS2_PLACEMENT_3D('',#5662,#4590,#4591);
#4173=AXIS2_PLACEMENT_3D('',#5666,#4593,#4594);
#4174=AXIS2_PLACEMENT_3D('',#5677,#4595,#4596);
#4175=AXIS2_PLACEMENT_3D('',#5678,#4597,#4598);
#4176=AXIS2_PLACEMENT_3D('',#5681,#4599,#4600);
#4177=AXIS2_PLACEMENT_3D('',#5683,#4601,#4602);
#4178=AXIS2_PLACEMENT_3D('',#5685,#4603,#4604);
#4179=AXIS2_PLACEMENT_3D('',#5699,#4605,#4606);
#4180=AXIS2_PLACEMENT_3D('',#5703,#4608,#4609);
#4181=AXIS2_PLACEMENT_3D('',#5714,#4610,#4611);
#4182=AXIS2_PLACEMENT_3D('',#5715,#4612,#4613);
#4183=AXIS2_PLACEMENT_3D('',#5718,#4614,#4615);
#4184=AXIS2_PLACEMENT_3D('',#5720,#4616,#4617);
#4185=AXIS2_PLACEMENT_3D('',#5722,#4618,#4619);
#4186=AXIS2_PLACEMENT_3D('',#5736,#4620,#4621);
#4187=AXIS2_PLACEMENT_3D('',#5740,#4623,#4624);
#4188=AXIS2_PLACEMENT_3D('',#5751,#4625,#4626);
#4189=AXIS2_PLACEMENT_3D('',#5752,#4627,#4628);
#4190=AXIS2_PLACEMENT_3D('',#5755,#4629,#4630);
#4191=AXIS2_PLACEMENT_3D('',#5757,#4631,#4632);
#4192=AXIS2_PLACEMENT_3D('',#5759,#4633,#4634);
#4193=AXIS2_PLACEMENT_3D('',#5773,#4635,#4636);
#4194=AXIS2_PLACEMENT_3D('',#5774,#4637,#4638);
#4195=AXIS2_PLACEMENT_3D('',#5777,#4639,#4640);
#4196=AXIS2_PLACEMENT_3D('',#5779,#4641,#4642);
#4197=AXIS2_PLACEMENT_3D('',#5781,#4643,#4644);
#4198=AXIS2_PLACEMENT_3D('',#5795,#4645,#4646);
#4199=AXIS2_PLACEMENT_3D('',#5799,#4648,#4649);
#4200=AXIS2_PLACEMENT_3D('',#5810,#4650,#4651);
#4201=AXIS2_PLACEMENT_3D('',#5811,#4652,#4653);
#4202=AXIS2_PLACEMENT_3D('',#5814,#4654,#4655);
#4203=AXIS2_PLACEMENT_3D('',#5816,#4656,#4657);
#4204=AXIS2_PLACEMENT_3D('',#5818,#4658,#4659);
#4205=AXIS2_PLACEMENT_3D('',#5832,#4660,#4661);
#4206=AXIS2_PLACEMENT_3D('',#5836,#4663,#4664);
#4207=AXIS2_PLACEMENT_3D('',#5847,#4665,#4666);
#4208=AXIS2_PLACEMENT_3D('',#5848,#4667,#4668);
#4209=AXIS2_PLACEMENT_3D('',#5851,#4669,#4670);
#4210=AXIS2_PLACEMENT_3D('',#5853,#4671,#4672);
#4211=AXIS2_PLACEMENT_3D('',#5855,#4673,#4674);
#4212=AXIS2_PLACEMENT_3D('',#5869,#4675,#4676);
#4213=AXIS2_PLACEMENT_3D('',#5873,#4678,#4679);
#4214=AXIS2_PLACEMENT_3D('',#5884,#4680,#4681);
#4215=AXIS2_PLACEMENT_3D('',#5888,#4683,#4684);
#4216=AXIS2_PLACEMENT_3D('',#5899,#4685,#4686);
#4217=AXIS2_PLACEMENT_3D('',#5900,#4687,#4688);
#4218=AXIS2_PLACEMENT_3D('',#5903,#4689,#4690);
#4219=AXIS2_PLACEMENT_3D('',#5905,#4691,#4692);
#4220=AXIS2_PLACEMENT_3D('',#5907,#4693,#4694);
#4221=AXIS2_PLACEMENT_3D('',#5921,#4695,#4696);
#4222=AXIS2_PLACEMENT_3D('',#5925,#4698,#4699);
#4223=AXIS2_PLACEMENT_3D('',#5936,#4700,#4701);
#4224=AXIS2_PLACEMENT_3D('',#5937,#4702,#4703);
#4225=AXIS2_PLACEMENT_3D('',#5940,#4704,#4705);
#4226=AXIS2_PLACEMENT_3D('',#5942,#4706,#4707);
#4227=AXIS2_PLACEMENT_3D('',#5944,#4708,#4709);
#4228=AXIS2_PLACEMENT_3D('',#5958,#4710,#4711);
#4229=AXIS2_PLACEMENT_3D('',#5962,#4713,#4714);
#4230=AXIS2_PLACEMENT_3D('',#5973,#4715,#4716);
#4231=AXIS2_PLACEMENT_3D('',#5974,#4717,#4718);
#4232=AXIS2_PLACEMENT_3D('',#5977,#4719,#4720);
#4233=AXIS2_PLACEMENT_3D('',#5979,#4721,#4722);
#4234=AXIS2_PLACEMENT_3D('',#5981,#4723,#4724);
#4235=AXIS2_PLACEMENT_3D('',#5995,#4725,#4726);
#4236=AXIS2_PLACEMENT_3D('',#5996,#4727,#4728);
#4237=AXIS2_PLACEMENT_3D('',#5999,#4729,#4730);
#4238=AXIS2_PLACEMENT_3D('',#6001,#4731,#4732);
#4239=AXIS2_PLACEMENT_3D('',#6003,#4733,#4734);
#4240=AXIS2_PLACEMENT_3D('',#6017,#4735,#4736);
#4241=AXIS2_PLACEMENT_3D('',#6021,#4738,#4739);
#4242=AXIS2_PLACEMENT_3D('',#6032,#4740,#4741);
#4243=AXIS2_PLACEMENT_3D('',#6033,#4742,#4743);
#4244=AXIS2_PLACEMENT_3D('',#6036,#4744,#4745);
#4245=AXIS2_PLACEMENT_3D('',#6038,#4746,#4747);
#4246=AXIS2_PLACEMENT_3D('',#6040,#4748,#4749);
#4247=AXIS2_PLACEMENT_3D('',#6054,#4750,#4751);
#4248=AXIS2_PLACEMENT_3D('',#6058,#4753,#4754);
#4249=AXIS2_PLACEMENT_3D('',#6069,#4755,#4756);
#4250=AXIS2_PLACEMENT_3D('',#6070,#4757,#4758);
#4251=AXIS2_PLACEMENT_3D('',#6073,#4759,#4760);
#4252=AXIS2_PLACEMENT_3D('',#6075,#4761,#4762);
#4253=AXIS2_PLACEMENT_3D('',#6077,#4763,#4764);
#4254=AXIS2_PLACEMENT_3D('',#6091,#4765,#4766);
#4255=AXIS2_PLACEMENT_3D('',#6095,#4768,#4769);
#4256=AXIS2_PLACEMENT_3D('',#6106,#4770,#4771);
#4257=AXIS2_PLACEMENT_3D('',#6121,#4774,#4775);
#4258=AXIS2_PLACEMENT_3D('',#6136,#4778,#4779);
#4259=AXIS2_PLACEMENT_3D('',#6151,#4782,#4783);
#4260=AXIS2_PLACEMENT_3D('',#6166,#4786,#4787);
#4261=AXIS2_PLACEMENT_3D('',#6181,#4790,#4791);
#4262=AXIS2_PLACEMENT_3D('',#6196,#4794,#4795);
#4263=AXIS2_PLACEMENT_3D('',#6211,#4798,#4799);
#4264=AXIS2_PLACEMENT_3D('',#6226,#4802,#4803);
#4265=AXIS2_PLACEMENT_3D('',#6241,#4806,#4807);
#4266=AXIS2_PLACEMENT_3D('',#6256,#4810,#4811);
#4267=AXIS2_PLACEMENT_3D('',#6271,#4814,#4815);
#4268=AXIS2_PLACEMENT_3D('',#6286,#4818,#4819);
#4269=AXIS2_PLACEMENT_3D('',#6301,#4822,#4823);
#4270=AXIS2_PLACEMENT_3D('',#6316,#4826,#4827);
#4271=AXIS2_PLACEMENT_3D('',#6331,#4830,#4831);
#4272=AXIS2_PLACEMENT_3D('',#6346,#4834,#4835);
#4273=AXIS2_PLACEMENT_3D('',#6361,#4838,#4839);
#4274=AXIS2_PLACEMENT_3D('',#6376,#4842,#4843);
#4275=AXIS2_PLACEMENT_3D('',#6380,#4845,#4846);
#4276=AXIS2_PLACEMENT_3D('',#6384,#4848,#4849);
#4277=AXIS2_PLACEMENT_3D('',#6385,#4850,#4851);
#4278=AXIS2_PLACEMENT_3D('',#6389,#4853,#4854);
#4279=AXIS2_PLACEMENT_3D('',#6393,#4856,#4857);
#4280=AXIS2_PLACEMENT_3D('',#6394,#4858,#4859);
#4281=AXIS2_PLACEMENT_3D('',#6398,#4861,#4862);
#4282=AXIS2_PLACEMENT_3D('',#6402,#4864,#4865);
#4283=AXIS2_PLACEMENT_3D('',#6403,#4866,#4867);
#4284=AXIS2_PLACEMENT_3D('',#6407,#4869,#4870);
#4285=AXIS2_PLACEMENT_3D('',#6411,#4872,#4873);
#4286=AXIS2_PLACEMENT_3D('',#6412,#4874,#4875);
#4287=AXIS2_PLACEMENT_3D('',#6413,#4876,#4877);
#4288=AXIS2_PLACEMENT_3D('',#6416,#4878,#4879);
#4289=AXIS2_PLACEMENT_3D('',#6418,#4880,#4881);
#4290=AXIS2_PLACEMENT_3D('',#6420,#4882,#4883);
#4291=AXIS2_PLACEMENT_3D('',#6421,#4884,#4885);
#4292=AXIS2_PLACEMENT_3D('',#6422,#4886,#4887);
#4293=AXIS2_PLACEMENT_3D('',#6427,#4890,#4891);
#4294=AXIS2_PLACEMENT_3D('',#6428,#4892,#4893);
#4295=AXIS2_PLACEMENT_3D('',#6431,#4894,#4895);
#4296=AXIS2_PLACEMENT_3D('',#6433,#4896,#4897);
#4297=AXIS2_PLACEMENT_3D('',#6435,#4898,#4899);
#4298=AXIS2_PLACEMENT_3D('',#6436,#4900,#4901);
#4299=AXIS2_PLACEMENT_3D('',#6437,#4902,#4903);
#4300=AXIS2_PLACEMENT_3D('',#6440,#4904,#4905);
#4301=AXIS2_PLACEMENT_3D('',#6441,#4906,#4907);
#4302=AXIS2_PLACEMENT_3D('',#6442,#4908,#4909);
#4303=AXIS2_PLACEMENT_3D('',#6443,#4910,#4911);
#4304=AXIS2_PLACEMENT_3D('',#6448,#4914,#4915);
#4305=AXIS2_PLACEMENT_3D('',#6449,#4916,#4917);
#4306=AXIS2_PLACEMENT_3D('',#6451,#4918,#4919);
#4307=AXIS2_PLACEMENT_3D('',#6453,#4920,#4921);
#4308=AXIS2_PLACEMENT_3D('',#6454,#4922,#4923);
#4309=AXIS2_PLACEMENT_3D('',#6455,#4924,#4925);
#4310=AXIS2_PLACEMENT_3D('',#6458,#4926,#4927);
#4311=AXIS2_PLACEMENT_3D('',#6459,#4928,#4929);
#4312=AXIS2_PLACEMENT_3D('',#6464,#4932,#4933);
#4313=AXIS2_PLACEMENT_3D('',#6465,#4934,#4935);
#4314=AXIS2_PLACEMENT_3D('',#6466,#4936,#4937);
#4315=AXIS2_PLACEMENT_3D('',#6469,#4938,#4939);
#4316=AXIS2_PLACEMENT_3D('',#6470,#4940,#4941);
#4317=AXIS2_PLACEMENT_3D('',#6475,#4944,#4945);
#4318=AXIS2_PLACEMENT_3D('',#6476,#4946,#4947);
#4319=AXIS2_PLACEMENT_3D('',#6477,#4948,#4949);
#4320=AXIS2_PLACEMENT_3D('',#6482,#4951,#4952);
#4321=AXIS2_PLACEMENT_3D('',#6486,#4954,#4955);
#4322=AXIS2_PLACEMENT_3D('',#6490,#4957,#4958);
#4323=AXIS2_PLACEMENT_3D('',#6493,#4960,#4961);
#4324=AXIS2_PLACEMENT_3D('',#6494,#4962,#4963);
#4325=AXIS2_PLACEMENT_3D('',#6495,#4964,#4965);
#4326=AXIS2_PLACEMENT_3D('',#6501,#4969,#4970);
#4327=AXIS2_PLACEMENT_3D('',#6502,#4971,#4972);
#4328=AXIS2_PLACEMENT_3D('',#6505,#4974,#4975);
#4329=AXIS2_PLACEMENT_3D('',#6509,#4978,#4979);
#4330=AXIS2_PLACEMENT_3D('',#6510,#4980,#4981);
#4331=AXIS2_PLACEMENT_3D('',#6513,#4983,#4984);
#4332=AXIS2_PLACEMENT_3D('',#6517,#4987,#4988);
#4333=AXIS2_PLACEMENT_3D('',#6518,#4989,#4990);
#4334=AXIS2_PLACEMENT_3D('',#6521,#4992,#4993);
#4335=AXIS2_PLACEMENT_3D('',#6525,#4996,#4997);
#4336=AXIS2_PLACEMENT_3D('',#6526,#4998,#4999);
#4337=AXIS2_PLACEMENT_3D('',#6527,#5000,#5001);
#4338=AXIS2_PLACEMENT_3D('',#6528,#5002,#5003);
#4339=AXIS2_PLACEMENT_3D('',#6533,#5005,#5006);
#4340=AXIS2_PLACEMENT_3D('',#6537,#5008,#5009);
#4341=AXIS2_PLACEMENT_3D('',#6541,#5011,#5012);
#4342=AXIS2_PLACEMENT_3D('',#6544,#5014,#5015);
#4343=AXIS2_PLACEMENT_3D('',#6545,#5016,#5017);
#4344=AXIS2_PLACEMENT_3D('',#6546,#5018,#5019);
#4345=AXIS2_PLACEMENT_3D('',#6552,#5023,#5024);
#4346=AXIS2_PLACEMENT_3D('',#6553,#5025,#5026);
#4347=AXIS2_PLACEMENT_3D('',#6556,#5028,#5029);
#4348=AXIS2_PLACEMENT_3D('',#6560,#5032,#5033);
#4349=AXIS2_PLACEMENT_3D('',#6561,#5034,#5035);
#4350=AXIS2_PLACEMENT_3D('',#6564,#5037,#5038);
#4351=AXIS2_PLACEMENT_3D('',#6568,#5041,#5042);
#4352=AXIS2_PLACEMENT_3D('',#6569,#5043,#5044);
#4353=AXIS2_PLACEMENT_3D('',#6572,#5046,#5047);
#4354=AXIS2_PLACEMENT_3D('',#6576,#5050,#5051);
#4355=AXIS2_PLACEMENT_3D('',#6577,#5052,#5053);
#4356=AXIS2_PLACEMENT_3D('',#6578,#5054,#5055);
#4357=AXIS2_PLACEMENT_3D('',#6579,#5056,#5057);
#4358=AXIS2_PLACEMENT_3D('',#6584,#5059,#5060);
#4359=AXIS2_PLACEMENT_3D('',#6588,#5062,#5063);
#4360=AXIS2_PLACEMENT_3D('',#6592,#5065,#5066);
#4361=AXIS2_PLACEMENT_3D('',#6595,#5068,#5069);
#4362=AXIS2_PLACEMENT_3D('',#6596,#5070,#5071);
#4363=AXIS2_PLACEMENT_3D('',#6597,#5072,#5073);
#4364=AXIS2_PLACEMENT_3D('',#6598,#5074,#5075);
#4365=AXIS2_PLACEMENT_3D('',#6599,#5076,#5077);
#4366=AXIS2_PLACEMENT_3D('',#6600,#5078,#5079);
#4367=AXIS2_PLACEMENT_3D('',#6601,#5080,#5081);
#4368=AXIS2_PLACEMENT_3D('',#6607,#5085,#5086);
#4369=AXIS2_PLACEMENT_3D('',#6608,#5087,#5088);
#4370=AXIS2_PLACEMENT_3D('',#6611,#5090,#5091);
#4371=AXIS2_PLACEMENT_3D('',#6615,#5094,#5095);
#4372=AXIS2_PLACEMENT_3D('',#6616,#5096,#5097);
#4373=AXIS2_PLACEMENT_3D('',#6619,#5099,#5100);
#4374=AXIS2_PLACEMENT_3D('',#6623,#5103,#5104);
#4375=AXIS2_PLACEMENT_3D('',#6624,#5105,#5106);
#4376=AXIS2_PLACEMENT_3D('',#6627,#5108,#5109);
#4377=AXIS2_PLACEMENT_3D('',#6631,#5112,#5113);
#4378=AXIS2_PLACEMENT_3D('',#6632,#5114,#5115);
#4379=AXIS2_PLACEMENT_3D('',#6633,#5116,#5117);
#4380=AXIS2_PLACEMENT_3D('',#6634,#5118,#5119);
#4381=AXIS2_PLACEMENT_3D('',#6639,#5121,#5122);
#4382=AXIS2_PLACEMENT_3D('',#6643,#5124,#5125);
#4383=AXIS2_PLACEMENT_3D('',#6647,#5127,#5128);
#4384=AXIS2_PLACEMENT_3D('',#6650,#5130,#5131);
#4385=AXIS2_PLACEMENT_3D('',#6655,#5134,#5135);
#4386=AXIS2_PLACEMENT_3D('',#6656,#5136,#5137);
#4387=AXIS2_PLACEMENT_3D('',#6660,#5140,#5141);
#4388=AXIS2_PLACEMENT_3D('',#6663,#5143,#5144);
#4389=AXIS2_PLACEMENT_3D('',#6664,#5145,#5146);
#4390=AXIS2_PLACEMENT_3D('',#6669,#5149,#5150);
#4391=AXIS2_PLACEMENT_3D('',#6670,#5151,#5152);
#4392=AXIS2_PLACEMENT_3D('',#6674,#5155,#5156);
#4393=AXIS2_PLACEMENT_3D('',#6677,#5158,#5159);
#4394=AXIS2_PLACEMENT_3D('',#6678,#5160,#5161);
#4395=AXIS2_PLACEMENT_3D('',#6679,#5162,#5163);
#4396=AXIS2_PLACEMENT_3D('',#6684,#5165,#5166);
#4397=AXIS2_PLACEMENT_3D('',#6687,#5168,#5169);
#4398=AXIS2_PLACEMENT_3D('',#6693,#5173,#5174);
#4399=AXIS2_PLACEMENT_3D('',#6694,#5175,#5176);
#4400=AXIS2_PLACEMENT_3D('',#6698,#5178,#5179);
#4401=AXIS2_PLACEMENT_3D('',#6699,#5180,#5181);
#4402=AXIS2_PLACEMENT_3D('',#6700,#5182,#5183);
#4403=AXIS2_PLACEMENT_3D('',#6705,#5185,#5186);
#4404=AXIS2_PLACEMENT_3D('',#6708,#5188,#5189);
#4405=AXIS2_PLACEMENT_3D('',#6714,#5193,#5194);
#4406=AXIS2_PLACEMENT_3D('',#6715,#5195,#5196);
#4407=AXIS2_PLACEMENT_3D('',#6719,#5198,#5199);
#4408=AXIS2_PLACEMENT_3D('',#6720,#5200,#5201);
#4409=AXIS2_PLACEMENT_3D('',#6729,#5206,#5207);
#4410=AXIS2_PLACEMENT_3D('',#6730,#5208,#5209);
#4411=AXIS2_PLACEMENT_3D('',#6734,#5211,#5212);
#4412=AXIS2_PLACEMENT_3D('',#6735,#5213,#5214);
#4413=AXIS2_PLACEMENT_3D('',#6741,#5218,#5219);
#4414=AXIS2_PLACEMENT_3D('',#6742,#5220,#5221);
#4415=AXIS2_PLACEMENT_3D('',#6746,#5223,#5224);
#4416=AXIS2_PLACEMENT_3D('',#6747,#5225,#5226);
#4417=AXIS2_PLACEMENT_3D('',#6753,#5230,#5231);
#4418=AXIS2_PLACEMENT_3D('',#6754,#5232,#5233);
#4419=AXIS2_PLACEMENT_3D('',#6758,#5235,#5236);
#4420=AXIS2_PLACEMENT_3D('',#6759,#5237,#5238);
#4421=AXIS2_PLACEMENT_3D('',#6765,#5242,#5243);
#4422=AXIS2_PLACEMENT_3D('',#6766,#5244,#5245);
#4423=AXIS2_PLACEMENT_3D('',#6767,#5246,#5247);
#4424=AXIS2_PLACEMENT_3D('',#6768,#5248,#5249);
#4425=AXIS2_PLACEMENT_3D('',#6769,#5250,#5251);
#4426=AXIS2_PLACEMENT_3D('',#6774,#5253,#5254);
#4427=AXIS2_PLACEMENT_3D('',#6778,#5256,#5257);
#4428=AXIS2_PLACEMENT_3D('',#6782,#5259,#5260);
#4429=AXIS2_PLACEMENT_3D('',#6785,#5262,#5263);
#4430=AXIS2_PLACEMENT_3D('',#6788,#5266,#5267);
#4431=AXIS2_PLACEMENT_3D('',#6810,#5269,#5270);
#4432=AXIS2_PLACEMENT_3D('',#6812,#5272,#5273);
#4433=AXIS2_PLACEMENT_3D('',#6830,#5275,#5276);
#4434=AXIS2_PLACEMENT_3D('',#6832,#5278,#5279);
#4435=AXIS2_PLACEMENT_3D('',#6835,#5282,#5283);
#4436=AXIS2_PLACEMENT_3D('',#6838,#5286,#5287);
#4437=AXIS2_PLACEMENT_3D('',#6855,#5288,#5289);
#4438=AXIS2_PLACEMENT_3D('',#6876,#5290,#5291);
#4439=AXIS2_PLACEMENT_3D('',#6895,#5294,#5295);
#4440=AXIS2_PLACEMENT_3D('',#6899,#5297,#5298);
#4441=AXIS2_PLACEMENT_3D('',#6900,#5299,#5300);
#4442=AXIS2_PLACEMENT_3D('',#6901,#5301,#5302);
#4443=AXIS2_PLACEMENT_3D('',#6974,#5304,#5305);
#4444=AXIS2_PLACEMENT_3D('',#6993,#5308,#5309);
#4445=AXIS2_PLACEMENT_3D('',#7007,#5312,#5313);
#4446=AXIS2_PLACEMENT_3D('',#7011,#5315,#5316);
#4447=AXIS2_PLACEMENT_3D('',#7012,#5317,#5318);
#4448=AXIS2_PLACEMENT_3D('',#7013,#5319,#5320);
#4449=AXIS2_PLACEMENT_3D('',#7086,#5322,#5323);
#4450=AXIS2_PLACEMENT_3D('',#7127,#5326,#5327);
#4451=AXIS2_PLACEMENT_3D('',#7146,#5330,#5331);
#4452=AXIS2_PLACEMENT_3D('',#7222,#5334,#5335);
#4453=AXIS2_PLACEMENT_3D('',#7223,#5336,#5337);
#4454=AXIS2_PLACEMENT_3D('',#7224,#5338,#5339);
#4455=AXIS2_PLACEMENT_3D('',#7225,#5340,#5341);
#4456=AXIS2_PLACEMENT_3D('',#7244,#5344,#5345);
#4457=AXIS2_PLACEMENT_3D('',#7320,#5348,#5349);
#4458=AXIS2_PLACEMENT_3D('',#7321,#5350,#5351);
#4459=AXIS2_PLACEMENT_3D('',#7322,#5352,#5353);
#4460=AXIS2_PLACEMENT_3D('',#7323,#5354,#5355);
#4461=AXIS2_PLACEMENT_3D('',#7331,#5358,#5359);
#4462=AXIS2_PLACEMENT_3D('',#7350,#5362,#5363);
#4463=AXIS2_PLACEMENT_3D('',#7388,#5366,#5367);
#4464=AXIS2_PLACEMENT_3D('',#7464,#5370,#5371);
#4465=AXIS2_PLACEMENT_3D('',#7561,#5372,#5373);
#4466=AXIS2_PLACEMENT_3D('',#7562,#5374,#5375);
#4467=AXIS2_PLACEMENT_3D('',#7563,#5376,#5377);
#4468=AXIS2_PLACEMENT_3D('',#7564,#5378,#5379);
#4469=AXIS2_PLACEMENT_3D('',#7583,#5382,#5383);
#4470=AXIS2_PLACEMENT_3D('',#7659,#5386,#5387);
#4471=AXIS2_PLACEMENT_3D('',#7660,#5388,#5389);
#4472=AXIS2_PLACEMENT_3D('',#7661,#5390,#5391);
#4473=AXIS2_PLACEMENT_3D('',#7662,#5392,#5393);
#4474=AXIS2_PLACEMENT_3D('',#7681,#5396,#5397);
#4475=AXIS2_PLACEMENT_3D('',#7695,#5400,#5401);
#4476=AXIS2_PLACEMENT_3D('',#7771,#5404,#5405);
#4477=AXIS2_PLACEMENT_3D('',#7812,#5408,#5409);
#4478=AXIS2_PLACEMENT_3D('',#7813,#5410,#5411);
#4479=AXIS2_PLACEMENT_3D('',#7814,#5412,#5413);
#4480=AXIS2_PLACEMENT_3D('',#7815,#5414,#5415);
#4481=AXIS2_PLACEMENT_3D('',#7816,#5416,#5417);
#4482=AXIS2_PLACEMENT_3D('',#7817,#5418,#5419);
#4483=AXIS2_PLACEMENT_3D('',#7818,#5420,#5421);
#4484=AXIS2_PLACEMENT_3D('',#7837,#5424,#5425);
#4485=AXIS2_PLACEMENT_3D('',#7913,#5428,#5429);
#4486=AXIS2_PLACEMENT_3D('',#7914,#5430,#5431);
#4487=AXIS2_PLACEMENT_3D('',#7915,#5432,#5433);
#4488=AXIS2_PLACEMENT_3D('',#7916,#5434,#5435);
#4489=AXIS2_PLACEMENT_3D('',#7935,#5438,#5439);
#4490=AXIS2_PLACEMENT_3D('',#8011,#5442,#5443);
#4491=AXIS2_PLACEMENT_3D('',#8012,#5444,#5445);
#4492=AXIS2_PLACEMENT_3D('',#8013,#5446,#5447);
#4493=AXIS2_PLACEMENT_3D('',#8014,#5448,#5449);
#4494=AXIS2_PLACEMENT_3D('',#8022,#5452,#5453);
#4495=AXIS2_PLACEMENT_3D('',#8041,#5456,#5457);
#4496=AXIS2_PLACEMENT_3D('',#8079,#5460,#5461);
#4497=AXIS2_PLACEMENT_3D('',#8155,#5464,#5465);
#4498=AXIS2_PLACEMENT_3D('',#8156,#5466,#5467);
#4499=AXIS2_PLACEMENT_3D('',#8157,#5468,#5469);
#4500=AXIS2_PLACEMENT_3D('',#8158,#5470,#5471);
#4501=AXIS2_PLACEMENT_3D('',#8159,#5472,#5473);
#4502=AXIS2_PLACEMENT_3D('',#8160,#5474,#5475);
#4503=AXIS2_PLACEMENT_3D('',#8161,#5476,#5477);
#4504=AXIS2_PLACEMENT_3D('',#8258,#5478,#5479);
#4505=AXIS2_PLACEMENT_3D('',#8259,#5480,#5481);
#4506=AXIS2_PLACEMENT_3D('',#8260,#5482,#5483);
#4507=AXIS2_PLACEMENT_3D('',#8261,#5484,#5485);
#4508=AXIS2_PLACEMENT_3D('',#8262,#5486,#5487);
#4509=AXIS2_PLACEMENT_3D('',#8263,#5488,#5489);
#4510=AXIS2_PLACEMENT_3D('',#8264,#5490,#5491);
#4511=AXIS2_PLACEMENT_3D('',#8265,#5492,#5493);
#4512=AXIS2_PLACEMENT_3D('',#8266,#5494,#5495);
#4513=AXIS2_PLACEMENT_3D('',#8267,#5496,#5497);
#4514=AXIS2_PLACEMENT_3D('',#8268,#5498,#5499);
#4515=AXIS2_PLACEMENT_3D('',#8269,#5500,#5501);
#4516=AXIS2_PLACEMENT_3D('',#8270,#5502,#5503);
#4517=AXIS2_PLACEMENT_3D('',#8343,#5504,#5505);
#4518=AXIS2_PLACEMENT_3D('',#8344,#5506,#5507);
#4519=AXIS2_PLACEMENT_3D('',#8345,#5508,#5509);
#4520=AXIS2_PLACEMENT_3D('',#8346,#5510,#5511);
#4521=AXIS2_PLACEMENT_3D('',#8347,#5512,#5513);
#4522=AXIS2_PLACEMENT_3D('',#8348,#5514,#5515);
#4523=AXIS2_PLACEMENT_3D('',#8349,#5516,#5517);
#4524=AXIS2_PLACEMENT_3D('',#8350,#5518,#5519);
#4525=AXIS2_PLACEMENT_3D('',#8351,#5520,#5521);
#4526=AXIS2_PLACEMENT_3D('',#8352,#5522,#5523);
#4527=AXIS2_PLACEMENT_3D('',#8353,#5524,#5525);
#4528=AXIS2_PLACEMENT_3D('',#8354,#5526,#5527);
#4529=AXIS2_PLACEMENT_3D('',#8355,#5528,#5529);
#4530=AXIS2_PLACEMENT_3D('',#8356,#5530,#5531);
#4531=AXIS2_PLACEMENT_3D('',#8357,#5532,#5533);
#4532=AXIS2_PLACEMENT_3D('',#8358,#5534,#5535);
#4533=AXIS2_PLACEMENT_3D('',#8359,#5536,#5537);
#4534=AXIS2_PLACEMENT_3D('',#8360,#5538,#5539);
#4535=AXIS2_PLACEMENT_3D('',#8361,#5540,#5541);
#4536=AXIS2_PLACEMENT_3D('',#8362,#5542,#5543);
#4537=AXIS2_PLACEMENT_3D('',#8363,#5544,#5545);
#4538=AXIS2_PLACEMENT_3D('',#8364,#5546,#5547);
#4539=AXIS2_PLACEMENT_3D('',#8365,#5548,#5549);
#4540=AXIS2_PLACEMENT_3D('',#8366,#5550,#5551);
#4541=AXIS2_PLACEMENT_3D('',#8367,#5552,#5553);
#4542=AXIS2_PLACEMENT_3D('',#8369,#5555,#5556);
#4543=AXIS2_PLACEMENT_3D('',#8370,#5557,#5558);
#4544=AXIS2_PLACEMENT_3D('',#8371,#5559,#5560);
#4545=AXIS2_PLACEMENT_3D('',#8372,#5561,#5562);
#4546=AXIS2_PLACEMENT_3D('',#8374,#5564,#5565);
#4547=AXIS2_PLACEMENT_3D('',#8375,#5566,#5567);
#4548=AXIS2_PLACEMENT_3D('',#8376,#5568,#5569);
#4549=AXIS2_PLACEMENT_3D('',#8377,#5570,#5571);
#4550=AXIS2_PLACEMENT_3D('',#8379,#5573,#5574);
#4551=AXIS2_PLACEMENT_3D('',#8380,#5575,#5576);
#4552=AXIS2_PLACEMENT_3D('',#8381,#5577,#5578);
#4553=AXIS2_PLACEMENT_3D('',#8382,#5579,#5580);
#4554=AXIS2_PLACEMENT_3D('',#8383,#5581,#5582);
#4555=AXIS2_PLACEMENT_3D('',#8384,#5583,#5584);
#4556=AXIS2_PLACEMENT_3D('',#8386,#5586,#5587);
#4557=AXIS2_PLACEMENT_3D('',#8387,#5588,#5589);
#4558=AXIS2_PLACEMENT_3D('',#8388,#5590,#5591);
#4559=AXIS2_PLACEMENT_3D('',#8389,#5592,#5593);
#4560=AXIS2_PLACEMENT_3D('',#8391,#5595,#5596);
#4561=AXIS2_PLACEMENT_3D('',#8392,#5597,#5598);
#4562=AXIS2_PLACEMENT_3D('',#8393,#5599,#5600);
#4563=AXIS2_PLACEMENT_3D('',#8394,#5601,#5602);
#4564=AXIS2_PLACEMENT_3D('',#8396,#5604,#5605);
#4565=AXIS2_PLACEMENT_3D('',#8397,#5606,#5607);
#4566=AXIS2_PLACEMENT_3D('',#8399,#5609,#5610);
#4567=AXIS2_PLACEMENT_3D('',#8400,#5611,#5612);
#4568=AXIS2_PLACEMENT_3D('',#8401,#5613,#5614);
#4569=AXIS2_PLACEMENT_3D('',#8402,#5615,#5616);
#4570=AXIS2_PLACEMENT_3D('',#8404,#5618,#5619);
#4571=AXIS2_PLACEMENT_3D('',#8405,#5620,#5621);
#4572=AXIS2_PLACEMENT_3D('',#8406,#5622,#5623);
#4573=AXIS2_PLACEMENT_3D('',#8407,#5624,#5625);
#4574=AXIS2_PLACEMENT_3D('',#8409,#5627,#5628);
#4575=AXIS2_PLACEMENT_3D('',#8410,#5629,#5630);
#4576=AXIS2_PLACEMENT_3D('',#8411,#5631,#5632);
#4577=AXIS2_PLACEMENT_3D('',#8412,#5633,#5634);
#4578=AXIS2_PLACEMENT_3D('',#8413,#5635,#5636);
#4579=AXIS2_PLACEMENT_3D('',#8414,#5637,#5638);
#4580=AXIS2_PLACEMENT_3D('',#8416,#5640,#5641);
#4581=AXIS2_PLACEMENT_3D('',#8417,#5642,#5643);
#4582=AXIS2_PLACEMENT_3D('',#8418,#5644,#5645);
#4583=AXIS2_PLACEMENT_3D('',#8419,#5646,#5647);
#4584=AXIS2_PLACEMENT_3D('',#8421,#5649,#5650);
#4585=AXIS2_PLACEMENT_3D('',#8422,#5651,#5652);
#4586=AXIS2_PLACEMENT_3D('',#8423,#5653,#5654);
#4587=AXIS2_PLACEMENT_3D('',#8424,#5655,#5656);
#4588=AXIS2_PLACEMENT_3D('',#8426,#5658,#5659);
#4589=AXIS2_PLACEMENT_3D('',#8427,#5660,#5661);
#4590=DIRECTION('',(0.,0.,1.));
#4591=DIRECTION('',(1.,0.,0.));
#4592=DIRECTION('',(2.54618386665284E-17,0.978147600733805,-0.20791169081776));
#4593=DIRECTION('',(0.,-1.,0.));
#4594=DIRECTION('',(0.,0.,1.));
#4595=DIRECTION('',(0.,1.,0.));
#4596=DIRECTION('',(0.,-3.14667944383957E-16,1.));
#4597=DIRECTION('',(1.22464679914735E-16,0.,-1.));
#4598=DIRECTION('',(1.,0.,0.));
#4599=DIRECTION('',(0.,0.,1.));
#4600=DIRECTION('',(-1.,0.,0.));
#4601=DIRECTION('',(0.,-1.,0.));
#4602=DIRECTION('',(0.,0.,1.));
#4603=DIRECTION('',(0.,-1.,0.));
#4604=DIRECTION('',(0.,0.,1.));
#4605=DIRECTION('',(0.,0.,1.));
#4606=DIRECTION('',(-1.,0.,0.));
#4607=DIRECTION('',(2.54618386665284E-17,0.978147600733805,-0.20791169081776));
#4608=DIRECTION('',(0.,-1.,0.));
#4609=DIRECTION('',(0.,0.,1.));
#4610=DIRECTION('',(0.,1.,0.));
#4611=DIRECTION('',(0.,-3.14667944383957E-16,1.));
#4612=DIRECTION('',(1.22464679914735E-16,0.,-1.));
#4613=DIRECTION('',(1.,0.,0.));
#4614=DIRECTION('',(0.,0.,1.));
#4615=DIRECTION('',(-1.,0.,0.));
#4616=DIRECTION('',(0.,-1.,0.));
#4617=DIRECTION('',(0.,0.,1.));
#4618=DIRECTION('',(0.,-1.,0.));
#4619=DIRECTION('',(0.,0.,1.));
#4620=DIRECTION('',(0.,0.,0.999999999999999));
#4621=DIRECTION('',(-1.,0.,0.));
#4622=DIRECTION('',(2.54618386665284E-17,0.978147600733805,-0.20791169081776));
#4623=DIRECTION('',(0.,-1.,0.));
#4624=DIRECTION('',(0.,0.,1.));
#4625=DIRECTION('',(0.,1.,0.));
#4626=DIRECTION('',(0.,-3.14667944383957E-16,1.));
#4627=DIRECTION('',(1.22464679914735E-16,0.,-1.));
#4628=DIRECTION('',(1.,0.,0.));
#4629=DIRECTION('',(0.,0.,1.));
#4630=DIRECTION('',(-1.,0.,0.));
#4631=DIRECTION('',(0.,-1.,0.));
#4632=DIRECTION('',(0.,0.,1.));
#4633=DIRECTION('',(0.,-1.,0.));
#4634=DIRECTION('',(0.,0.,1.));
#4635=DIRECTION('',(0.,0.,1.));
#4636=DIRECTION('',(-1.,0.,0.));
#4637=DIRECTION('',(1.22464679914735E-16,0.,-1.));
#4638=DIRECTION('',(1.,0.,0.));
#4639=DIRECTION('',(0.,0.,1.));
#4640=DIRECTION('',(-1.,0.,0.));
#4641=DIRECTION('',(0.,1.,0.));
#4642=DIRECTION('',(0.,0.,-1.));
#4643=DIRECTION('',(0.,1.,0.));
#4644=DIRECTION('',(0.,0.,-1.));
#4645=DIRECTION('',(0.,0.,1.));
#4646=DIRECTION('',(-1.,0.,0.));
#4647=DIRECTION('',(0.,0.978147600733805,-0.20791169081776));
#4648=DIRECTION('',(0.,1.,0.));
#4649=DIRECTION('',(0.,0.,-1.));
#4650=DIRECTION('',(0.,1.,0.));
#4651=DIRECTION('',(0.,-3.14667944383957E-16,-1.));
#4652=DIRECTION('',(1.22464679914735E-16,0.,-1.));
#4653=DIRECTION('',(1.,0.,0.));
#4654=DIRECTION('',(0.,0.,1.));
#4655=DIRECTION('',(-1.,0.,0.));
#4656=DIRECTION('',(0.,1.,0.));
#4657=DIRECTION('',(0.,0.,-1.));
#4658=DIRECTION('',(0.,1.,0.));
#4659=DIRECTION('',(0.,0.,-1.));
#4660=DIRECTION('',(0.,0.,1.));
#4661=DIRECTION('',(-1.,0.,0.));
#4662=DIRECTION('',(0.,0.978147600733805,-0.20791169081776));
#4663=DIRECTION('',(0.,1.,0.));
#4664=DIRECTION('',(0.,0.,-1.));
#4665=DIRECTION('',(0.,1.,0.));
#4666=DIRECTION('',(0.,-3.14667944383957E-16,-1.));
#4667=DIRECTION('',(1.22464679914735E-16,0.,-1.));
#4668=DIRECTION('',(1.,0.,0.));
#4669=DIRECTION('',(0.,0.,1.));
#4670=DIRECTION('',(-1.,0.,0.));
#4671=DIRECTION('',(0.,1.,0.));
#4672=DIRECTION('',(0.,0.,-1.));
#4673=DIRECTION('',(0.,1.,0.));
#4674=DIRECTION('',(0.,0.,-1.));
#4675=DIRECTION('',(0.,0.,1.));
#4676=DIRECTION('',(-1.,0.,0.));
#4677=DIRECTION('',(0.,0.978147600733805,-0.20791169081776));
#4678=DIRECTION('',(0.,1.,0.));
#4679=DIRECTION('',(0.,0.,-1.));
#4680=DIRECTION('',(0.,1.,0.));
#4681=DIRECTION('',(0.,-3.14667944383957E-16,-1.));
#4682=DIRECTION('',(-2.54618386665284E-17,0.978147600733805,0.20791169081776));
#4683=DIRECTION('',(0.,-1.,0.));
#4684=DIRECTION('',(0.,0.,-1.));
#4685=DIRECTION('',(0.,1.,0.));
#4686=DIRECTION('',(0.,-2.74325900232168E-16,-1.));
#4687=DIRECTION('',(1.22464679914735E-16,0.,-1.));
#4688=DIRECTION('',(-1.,0.,0.));
#4689=DIRECTION('',(0.,0.,1.));
#4690=DIRECTION('',(1.,0.,0.));
#4691=DIRECTION('',(0.,-1.,0.));
#4692=DIRECTION('',(0.,0.,-1.));
#4693=DIRECTION('',(0.,-1.,0.));
#4694=DIRECTION('',(0.,0.,-1.));
#4695=DIRECTION('',(0.,0.,-1.));
#4696=DIRECTION('',(1.,0.,0.));
#4697=DIRECTION('',(-2.54618386665284E-17,0.978147600733805,0.20791169081776));
#4698=DIRECTION('',(0.,-1.,0.));
#4699=DIRECTION('',(0.,0.,-1.));
#4700=DIRECTION('',(0.,1.,0.));
#4701=DIRECTION('',(0.,-2.74325900232168E-16,-1.));
#4702=DIRECTION('',(1.22464679914735E-16,0.,-1.));
#4703=DIRECTION('',(-1.,0.,0.));
#4704=DIRECTION('',(0.,0.,1.));
#4705=DIRECTION('',(1.,0.,0.));
#4706=DIRECTION('',(0.,-1.,0.));
#4707=DIRECTION('',(0.,0.,-1.));
#4708=DIRECTION('',(0.,-1.,0.));
#4709=DIRECTION('',(0.,0.,-1.));
#4710=DIRECTION('',(0.,0.,-0.999999999999999));
#4711=DIRECTION('',(1.,0.,0.));
#4712=DIRECTION('',(-2.54618386665284E-17,0.978147600733805,0.20791169081776));
#4713=DIRECTION('',(0.,-1.,0.));
#4714=DIRECTION('',(0.,0.,-1.));
#4715=DIRECTION('',(0.,1.,0.));
#4716=DIRECTION('',(0.,-3.14667944383957E-16,-1.));
#4717=DIRECTION('',(1.22464679914735E-16,0.,-1.));
#4718=DIRECTION('',(-1.,0.,0.));
#4719=DIRECTION('',(0.,0.,1.));
#4720=DIRECTION('',(1.,0.,0.));
#4721=DIRECTION('',(0.,-1.,0.));
#4722=DIRECTION('',(0.,0.,-1.));
#4723=DIRECTION('',(0.,-1.,0.));
#4724=DIRECTION('',(0.,0.,-1.));
#4725=DIRECTION('',(0.,0.,-1.));
#4726=DIRECTION('',(1.,0.,0.));
#4727=DIRECTION('',(1.22464679914735E-16,0.,-1.));
#4728=DIRECTION('',(-1.,0.,0.));
#4729=DIRECTION('',(0.,0.,1.));
#4730=DIRECTION('',(1.,0.,0.));
#4731=DIRECTION('',(0.,1.,0.));
#4732=DIRECTION('',(0.,0.,1.));
#4733=DIRECTION('',(0.,1.,0.));
#4734=DIRECTION('',(0.,0.,1.));
#4735=DIRECTION('',(0.,0.,-1.));
#4736=DIRECTION('',(1.,0.,0.));
#4737=DIRECTION('',(0.,0.978147600733805,0.20791169081776));
#4738=DIRECTION('',(0.,1.,0.));
#4739=DIRECTION('',(0.,0.,1.));
#4740=DIRECTION('',(0.,1.,0.));
#4741=DIRECTION('',(0.,-2.74325900232168E-16,1.));
#4742=DIRECTION('',(1.22464679914735E-16,0.,-1.));
#4743=DIRECTION('',(-1.,0.,0.));
#4744=DIRECTION('',(0.,0.,1.));
#4745=DIRECTION('',(1.,0.,0.));
#4746=DIRECTION('',(0.,1.,0.));
#4747=DIRECTION('',(0.,0.,1.));
#4748=DIRECTION('',(0.,1.,0.));
#4749=DIRECTION('',(0.,0.,1.));
#4750=DIRECTION('',(0.,0.,-1.));
#4751=DIRECTION('',(1.,0.,0.));
#4752=DIRECTION('',(0.,0.978147600733805,0.20791169081776));
#4753=DIRECTION('',(0.,1.,0.));
#4754=DIRECTION('',(0.,0.,1.));
#4755=DIRECTION('',(0.,1.,0.));
#4756=DIRECTION('',(0.,-2.74325900232168E-16,1.));
#4757=DIRECTION('',(1.22464679914735E-16,0.,-1.));
#4758=DIRECTION('',(-1.,0.,0.));
#4759=DIRECTION('',(0.,0.,1.));
#4760=DIRECTION('',(1.,0.,0.));
#4761=DIRECTION('',(0.,1.,0.));
#4762=DIRECTION('',(0.,0.,1.));
#4763=DIRECTION('',(0.,1.,0.));
#4764=DIRECTION('',(0.,0.,1.));
#4765=DIRECTION('',(0.,0.,-1.));
#4766=DIRECTION('',(1.,0.,0.));
#4767=DIRECTION('',(0.,0.978147600733805,0.20791169081776));
#4768=DIRECTION('',(0.,1.,0.));
#4769=DIRECTION('',(0.,0.,1.));
#4770=DIRECTION('',(0.,1.,0.));
#4771=DIRECTION('',(0.,-3.14667944383957E-16,1.));
#4772=DIRECTION('',(-0.406736643075801,0.913545457642601,0.));
#4773=DIRECTION('',(-0.406736643075801,0.913545457642601,0.));
#4774=DIRECTION('',(-0.406736643075801,0.913545457642601,0.));
#4775=DIRECTION('',(-0.913545457642602,-0.406736643075799,0.));
#4776=DIRECTION('',(-0.406736643075801,0.913545457642601,0.));
#4777=DIRECTION('',(-0.406736643075801,0.913545457642601,0.));
#4778=DIRECTION('',(-0.406736643075801,0.913545457642601,0.));
#4779=DIRECTION('',(-0.913545457642602,-0.406736643075799,0.));
#4780=DIRECTION('',(-0.406736643075801,0.913545457642601,0.));
#4781=DIRECTION('',(-0.406736643075801,0.913545457642601,0.));
#4782=DIRECTION('',(-0.406736643075801,0.913545457642601,0.));
#4783=DIRECTION('',(-0.913545457642602,-0.406736643075799,0.));
#4784=DIRECTION('',(-0.406736643075801,0.913545457642601,0.));
#4785=DIRECTION('',(-0.406736643075801,0.913545457642601,0.));
#4786=DIRECTION('',(-0.406736643075801,0.913545457642601,0.));
#4787=DIRECTION('',(-0.913545457642602,-0.406736643075799,0.));
#4788=DIRECTION('',(-0.406736643075801,0.913545457642601,0.));
#4789=DIRECTION('',(-0.406736643075801,0.913545457642601,0.));
#4790=DIRECTION('',(-0.406736643075801,0.913545457642601,0.));
#4791=DIRECTION('',(-0.913545457642602,-0.406736643075799,0.));
#4792=DIRECTION('',(-0.406736643075801,-0.913545457642601,0.));
#4793=DIRECTION('',(-0.406736643075801,-0.913545457642601,0.));
#4794=DIRECTION('',(0.406736643075801,0.913545457642601,0.));
#4795=DIRECTION('',(-0.913545457642602,0.406736643075799,0.));
#4796=DIRECTION('',(-0.406736643075801,-0.913545457642601,0.));
#4797=DIRECTION('',(-0.406736643075801,-0.913545457642601,0.));
#4798=DIRECTION('',(0.406736643075801,0.913545457642601,0.));
#4799=DIRECTION('',(-0.913545457642602,0.406736643075799,0.));
#4800=DIRECTION('',(-0.406736643075801,-0.913545457642601,0.));
#4801=DIRECTION('',(-0.406736643075801,-0.913545457642601,0.));
#4802=DIRECTION('',(0.406736643075801,0.913545457642601,0.));
#4803=DIRECTION('',(-0.913545457642602,0.406736643075799,0.));
#4804=DIRECTION('',(-0.406736643075801,-0.913545457642601,0.));
#4805=DIRECTION('',(-0.406736643075801,-0.913545457642601,0.));
#4806=DIRECTION('',(0.406736643075801,0.913545457642601,0.));
#4807=DIRECTION('',(-0.913545457642602,0.406736643075799,0.));
#4808=DIRECTION('',(-0.406736643075801,-0.913545457642601,0.));
#4809=DIRECTION('',(-0.406736643075801,-0.913545457642601,0.));
#4810=DIRECTION('',(0.406736643075801,0.913545457642601,0.));
#4811=DIRECTION('',(-0.913545457642602,0.406736643075799,0.));
#4812=DIRECTION('',(0.,-0.913545457642601,0.406736643075801));
#4813=DIRECTION('',(0.,-0.913545457642601,0.406736643075801));
#4814=DIRECTION('',(0.,0.913545457642601,-0.406736643075801));
#4815=DIRECTION('',(0.,0.406736643075799,0.913545457642602));
#4816=DIRECTION('',(0.,-0.913545457642601,0.406736643075801));
#4817=DIRECTION('',(0.,-0.913545457642601,0.406736643075801));
#4818=DIRECTION('',(0.,0.913545457642601,-0.406736643075801));
#4819=DIRECTION('',(0.,0.406736643075805,0.913545457642599));
#4820=DIRECTION('',(0.,-0.913545457642601,0.406736643075801));
#4821=DIRECTION('',(0.,-0.913545457642601,0.406736643075801));
#4822=DIRECTION('',(0.,0.913545457642601,-0.406736643075801));
#4823=DIRECTION('',(0.,0.406736643075805,0.913545457642599));
#4824=DIRECTION('',(0.,-0.913545457642601,0.406736643075801));
#4825=DIRECTION('',(0.,-0.913545457642601,0.406736643075801));
#4826=DIRECTION('',(0.,0.913545457642601,-0.406736643075801));
#4827=DIRECTION('',(0.,0.406736643075799,0.913545457642602));
#4828=DIRECTION('',(0.,0.913545457642601,0.406736643075801));
#4829=DIRECTION('',(0.,0.913545457642601,0.406736643075801));
#4830=DIRECTION('',(0.,0.913545457642601,0.406736643075801));
#4831=DIRECTION('',(0.,-0.406736643075799,0.913545457642602));
#4832=DIRECTION('',(0.,0.913545457642601,0.406736643075801));
#4833=DIRECTION('',(0.,0.913545457642601,0.406736643075801));
#4834=DIRECTION('',(0.,0.913545457642601,0.406736643075801));
#4835=DIRECTION('',(0.,-0.406736643075805,0.913545457642599));
#4836=DIRECTION('',(0.,0.913545457642601,0.406736643075801));
#4837=DIRECTION('',(0.,0.913545457642601,0.406736643075801));
#4838=DIRECTION('',(0.,0.913545457642601,0.406736643075801));
#4839=DIRECTION('',(0.,-0.406736643075805,0.913545457642599));
#4840=DIRECTION('',(0.,0.913545457642601,0.406736643075801));
#4841=DIRECTION('',(0.,0.913545457642601,0.406736643075801));
#4842=DIRECTION('',(0.,0.913545457642601,0.406736643075801));
#4843=DIRECTION('',(0.,-0.406736643075799,0.913545457642602));
#4844=DIRECTION('',(0.,-1.,0.));
#4845=DIRECTION('',(0.,1.,0.));
#4846=DIRECTION('',(0.,0.,1.));
#4847=DIRECTION('',(0.,-1.,0.));
#4848=DIRECTION('',(0.,1.,0.));
#4849=DIRECTION('',(0.,0.,1.));
#4850=DIRECTION('',(0.,1.,0.));
#4851=DIRECTION('',(0.,0.,1.));
#4852=DIRECTION('',(0.,-1.,0.));
#4853=DIRECTION('',(0.,1.,0.));
#4854=DIRECTION('',(0.,0.,1.));
#4855=DIRECTION('',(0.,-1.,0.));
#4856=DIRECTION('',(0.,1.,0.));
#4857=DIRECTION('',(0.,0.,1.));
#4858=DIRECTION('',(0.,1.,0.));
#4859=DIRECTION('',(0.,0.,1.));
#4860=DIRECTION('',(0.,-1.,0.));
#4861=DIRECTION('',(0.,1.,0.));
#4862=DIRECTION('',(0.,0.,1.));
#4863=DIRECTION('',(0.,-1.,0.));
#4864=DIRECTION('',(0.,1.,0.));
#4865=DIRECTION('',(0.,0.,1.));
#4866=DIRECTION('',(0.,1.,0.));
#4867=DIRECTION('',(0.,0.,1.));
#4868=DIRECTION('',(0.,-1.,0.));
#4869=DIRECTION('',(0.,1.,0.));
#4870=DIRECTION('',(0.,0.,1.));
#4871=DIRECTION('',(0.,-1.,0.));
#4872=DIRECTION('',(0.,1.,0.));
#4873=DIRECTION('',(0.,0.,1.));
#4874=DIRECTION('',(0.,1.,0.));
#4875=DIRECTION('',(0.,0.,1.));
#4876=DIRECTION('',(1.,0.,0.));
#4877=DIRECTION('',(0.,0.,-1.));
#4878=DIRECTION('',(0.,-1.,0.));
#4879=DIRECTION('',(0.,0.,-1.));
#4880=DIRECTION('',(0.,0.,1.));
#4881=DIRECTION('',(1.,0.,0.));
#4882=DIRECTION('',(0.,1.,0.));
#4883=DIRECTION('',(0.,0.,1.));
#4884=DIRECTION('',(0.,1.,0.));
#4885=DIRECTION('',(0.,0.,1.));
#4886=DIRECTION('',(1.,0.,0.));
#4887=DIRECTION('',(0.,0.,-1.));
#4888=DIRECTION('',(1.,0.,0.));
#4889=DIRECTION('',(-1.,0.,0.));
#4890=DIRECTION('',(-1.,0.,0.));
#4891=DIRECTION('',(0.,0.,1.));
#4892=DIRECTION('',(1.,0.,0.));
#4893=DIRECTION('',(0.,0.,-1.));
#4894=DIRECTION('',(0.,1.,0.));
#4895=DIRECTION('',(0.,0.,1.));
#4896=DIRECTION('',(0.,0.,1.));
#4897=DIRECTION('',(1.,0.,0.));
#4898=DIRECTION('',(0.,-1.,0.));
#4899=DIRECTION('',(0.,0.,-1.));
#4900=DIRECTION('',(0.,1.,0.));
#4901=DIRECTION('',(0.,0.,0.999999999999999));
#4902=DIRECTION('',(0.,0.,1.));
#4903=DIRECTION('',(1.,0.,0.));
#4904=DIRECTION('',(0.,-1.,0.));
#4905=DIRECTION('',(0.,0.,-1.));
#4906=DIRECTION('',(0.,1.,0.));
#4907=DIRECTION('',(0.,0.,1.));
#4908=DIRECTION('',(0.,1.,0.));
#4909=DIRECTION('',(0.,0.,1.));
#4910=DIRECTION('',(1.,0.,0.));
#4911=DIRECTION('',(0.,0.,-1.));
#4912=DIRECTION('',(1.,0.,-1.52503162723236E-16));
#4913=DIRECTION('',(-1.,-1.17036813585261E-35,1.52503162723236E-16));
#4914=DIRECTION('',(1.,0.,-1.52503162723236E-16));
#4915=DIRECTION('',(0.,0.,-1.));
#4916=DIRECTION('',(0.,-1.,0.));
#4917=DIRECTION('',(0.,0.,-1.));
#4918=DIRECTION('',(0.,0.,1.));
#4919=DIRECTION('',(1.,0.,0.));
#4920=DIRECTION('',(0.,1.,0.));
#4921=DIRECTION('',(0.,0.,1.));
#4922=DIRECTION('',(0.,1.,0.));
#4923=DIRECTION('',(0.,0.,1.));
#4924=DIRECTION('',(0.,-1.,0.));
#4925=DIRECTION('',(0.,0.,-1.));
#4926=DIRECTION('',(0.,-1.,0.));
#4927=DIRECTION('',(0.,0.,-1.));
#4928=DIRECTION('',(0.,-1.,0.));
#4929=DIRECTION('',(0.,0.,-1.));
#4930=DIRECTION('',(0.,-1.,0.));
#4931=DIRECTION('',(0.,-1.,0.));
#4932=DIRECTION('',(0.,-1.,0.));
#4933=DIRECTION('',(0.,0.,-1.));
#4934=DIRECTION('',(0.,-1.,0.));
#4935=DIRECTION('',(0.,0.,-1.));
#4936=DIRECTION('',(0.,-1.,0.));
#4937=DIRECTION('',(0.,0.,-1.));
#4938=DIRECTION('',(0.,-1.,0.));
#4939=DIRECTION('',(0.,0.,-1.));
#4940=DIRECTION('',(0.,-1.,0.));
#4941=DIRECTION('',(0.,0.,-1.));
#4942=DIRECTION('',(0.,-1.,0.));
#4943=DIRECTION('',(0.,-1.,0.));
#4944=DIRECTION('',(0.,-1.,0.));
#4945=DIRECTION('',(0.,0.,-1.));
#4946=DIRECTION('',(0.,-1.,0.));
#4947=DIRECTION('',(0.,0.,-1.));
#4948=DIRECTION('',(0.,-1.,0.));
#4949=DIRECTION('',(0.,0.,-1.));
#4950=DIRECTION('',(0.,0.,1.));
#4951=DIRECTION('',(0.,-1.,0.));
#4952=DIRECTION('',(0.,0.,-1.));
#4953=DIRECTION('',(1.,0.,0.));
#4954=DIRECTION('',(0.,-1.,0.));
#4955=DIRECTION('',(0.,0.,-1.));
#4956=DIRECTION('',(0.,0.,-1.));
#4957=DIRECTION('',(0.,-1.,0.));
#4958=DIRECTION('',(0.,0.,-1.));
#4959=DIRECTION('',(-1.,0.,0.));
#4960=DIRECTION('',(0.,1.,0.));
#4961=DIRECTION('',(0.,0.,1.));
#4962=DIRECTION('',(0.,1.,0.));
#4963=DIRECTION('',(0.,0.,1.));
#4964=DIRECTION('',(0.,1.,0.));
#4965=DIRECTION('',(0.,0.,-1.));
#4966=DIRECTION('',(0.,0.,1.));
#4967=DIRECTION('',(0.,1.,0.));
#4968=DIRECTION('',(0.,1.,0.));
#4969=DIRECTION('',(-1.,0.,0.));
#4970=DIRECTION('',(0.,0.,1.));
#4971=DIRECTION('',(0.,-1.,0.));
#4972=DIRECTION('',(0.,0.,-1.));
#4973=DIRECTION('',(0.,1.,0.));
#4974=DIRECTION('',(0.,1.,0.));
#4975=DIRECTION('',(0.,0.,1.));
#4976=DIRECTION('',(1.,0.,0.));
#4977=DIRECTION('',(0.,1.,0.));
#4978=DIRECTION('',(0.,0.,1.));
#4979=DIRECTION('',(1.,0.,0.));
#4980=DIRECTION('',(0.,-1.,0.));
#4981=DIRECTION('',(0.,0.,-1.));
#4982=DIRECTION('',(0.,1.,0.));
#4983=DIRECTION('',(0.,1.,0.));
#4984=DIRECTION('',(0.,0.,1.));
#4985=DIRECTION('',(0.,0.,-1.));
#4986=DIRECTION('',(0.,1.,0.));
#4987=DIRECTION('',(1.,0.,0.));
#4988=DIRECTION('',(0.,0.,-1.));
#4989=DIRECTION('',(0.,-1.,0.));
#4990=DIRECTION('',(0.,0.,-1.));
#4991=DIRECTION('',(0.,1.,0.));
#4992=DIRECTION('',(0.,1.,0.));
#4993=DIRECTION('',(0.,0.,1.));
#4994=DIRECTION('',(-1.,0.,0.));
#4995=DIRECTION('',(0.,1.,0.));
#4996=DIRECTION('',(0.,0.,-1.));
#4997=DIRECTION('',(-1.,0.,0.));
#4998=DIRECTION('',(0.,-1.,0.));
#4999=DIRECTION('',(0.,0.,-1.));
#5000=DIRECTION('',(0.,1.,0.));
#5001=DIRECTION('',(0.,0.,1.));
#5002=DIRECTION('',(0.,1.,0.));
#5003=DIRECTION('',(0.,0.,1.));
#5004=DIRECTION('',(-1.,0.,0.));
#5005=DIRECTION('',(0.,1.,0.));
#5006=DIRECTION('',(0.,0.,1.));
#5007=DIRECTION('',(0.,0.,1.));
#5008=DIRECTION('',(0.,1.,0.));
#5009=DIRECTION('',(0.,0.,1.));
#5010=DIRECTION('',(1.,0.,0.));
#5011=DIRECTION('',(0.,1.,0.));
#5012=DIRECTION('',(0.,0.,1.));
#5013=DIRECTION('',(0.,0.,-1.));
#5014=DIRECTION('',(0.,1.,0.));
#5015=DIRECTION('',(0.,0.,1.));
#5016=DIRECTION('',(0.,1.,0.));
#5017=DIRECTION('',(0.,0.,1.));
#5018=DIRECTION('',(0.,1.,0.));
#5019=DIRECTION('',(0.,0.,1.));
#5020=DIRECTION('',(-1.,0.,0.));
#5021=DIRECTION('',(0.,1.,0.));
#5022=DIRECTION('',(0.,1.,0.));
#5023=DIRECTION('',(0.,0.,-1.));
#5024=DIRECTION('',(-1.,0.,0.));
#5025=DIRECTION('',(0.,1.,0.));
#5026=DIRECTION('',(0.,0.,1.));
#5027=DIRECTION('',(0.,1.,0.));
#5028=DIRECTION('',(0.,1.,0.));
#5029=DIRECTION('',(0.,0.,1.));
#5030=DIRECTION('',(0.,0.,1.));
#5031=DIRECTION('',(0.,1.,0.));
#5032=DIRECTION('',(-1.,0.,0.));
#5033=DIRECTION('',(0.,0.,1.));
#5034=DIRECTION('',(0.,1.,0.));
#5035=DIRECTION('',(0.,0.,1.));
#5036=DIRECTION('',(0.,1.,0.));
#5037=DIRECTION('',(0.,1.,0.));
#5038=DIRECTION('',(0.,0.,1.));
#5039=DIRECTION('',(1.,0.,0.));
#5040=DIRECTION('',(0.,1.,0.));
#5041=DIRECTION('',(0.,0.,1.));
#5042=DIRECTION('',(1.,0.,0.));
#5043=DIRECTION('',(0.,1.,0.));
#5044=DIRECTION('',(0.,0.,1.));
#5045=DIRECTION('',(0.,1.,0.));
#5046=DIRECTION('',(0.,1.,0.));
#5047=DIRECTION('',(0.,0.,1.));
#5048=DIRECTION('',(0.,0.,-1.));
#5049=DIRECTION('',(0.,1.,0.));
#5050=DIRECTION('',(1.,0.,0.));
#5051=DIRECTION('',(0.,0.,-1.));
#5052=DIRECTION('',(0.,1.,0.));
#5053=DIRECTION('',(0.,0.,1.));
#5054=DIRECTION('',(0.,1.,0.));
#5055=DIRECTION('',(0.,0.,1.));
#5056=DIRECTION('',(0.,-1.,0.));
#5057=DIRECTION('',(0.,0.,-1.));
#5058=DIRECTION('',(1.25025115385716E-16,0.,1.));
#5059=DIRECTION('',(0.,-1.,0.));
#5060=DIRECTION('',(0.,0.,-1.));
#5061=DIRECTION('',(-1.,0.,0.));
#5062=DIRECTION('',(0.,-1.,0.));
#5063=DIRECTION('',(0.,0.,-1.));
#5064=DIRECTION('',(0.,0.,-1.));
#5065=DIRECTION('',(0.,-1.,0.));
#5066=DIRECTION('',(0.,0.,-1.));
#5067=DIRECTION('',(1.,0.,0.));
#5068=DIRECTION('',(0.,-1.,0.));
#5069=DIRECTION('',(0.,0.,-1.));
#5070=DIRECTION('',(0.,-1.,0.));
#5071=DIRECTION('',(0.,0.,-1.));
#5072=DIRECTION('',(0.,1.,0.));
#5073=DIRECTION('',(0.,0.,1.));
#5074=DIRECTION('',(0.,1.,0.));
#5075=DIRECTION('',(0.,0.,1.));
#5076=DIRECTION('',(0.,1.,0.));
#5077=DIRECTION('',(0.,0.,1.));
#5078=DIRECTION('',(0.,1.,0.));
#5079=DIRECTION('',(0.,0.,1.));
#5080=DIRECTION('',(0.,1.,0.));
#5081=DIRECTION('',(0.,0.,1.));
#5082=DIRECTION('',(0.,-1.,0.));
#5083=DIRECTION('',(1.25025115385716E-16,0.,1.));
#5084=DIRECTION('',(0.,-1.,0.));
#5085=DIRECTION('',(1.,0.,-1.25025115385716E-16));
#5086=DIRECTION('',(-1.2490009027033E-16,0.,-1.));
#5087=DIRECTION('',(0.,-1.,0.));
#5088=DIRECTION('',(0.,0.,-1.));
#5089=DIRECTION('',(0.,-1.,0.));
#5090=DIRECTION('',(0.,-1.,0.));
#5091=DIRECTION('',(0.,0.,-1.));
#5092=DIRECTION('',(-1.,0.,0.));
#5093=DIRECTION('',(0.,-1.,0.));
#5094=DIRECTION('',(0.,0.,1.));
#5095=DIRECTION('',(1.,0.,0.));
#5096=DIRECTION('',(0.,-1.,0.));
#5097=DIRECTION('',(0.,0.,-1.));
#5098=DIRECTION('',(0.,-1.,0.));
#5099=DIRECTION('',(0.,-1.,0.));
#5100=DIRECTION('',(0.,0.,-1.));
#5101=DIRECTION('',(0.,0.,-1.));
#5102=DIRECTION('',(0.,-1.,0.));
#5103=DIRECTION('',(-1.,0.,0.));
#5104=DIRECTION('',(0.,0.,1.));
#5105=DIRECTION('',(0.,-1.,0.));
#5106=DIRECTION('',(0.,0.,-1.));
#5107=DIRECTION('',(0.,-1.,0.));
#5108=DIRECTION('',(0.,-1.,0.));
#5109=DIRECTION('',(0.,0.,-1.));
#5110=DIRECTION('',(1.,0.,0.));
#5111=DIRECTION('',(0.,-1.,0.));
#5112=DIRECTION('',(0.,0.,-1.));
#5113=DIRECTION('',(-1.,0.,0.));
#5114=DIRECTION('',(0.,-1.,0.));
#5115=DIRECTION('',(0.,0.,-1.));
#5116=DIRECTION('',(0.,-1.,0.));
#5117=DIRECTION('',(0.,0.,-1.));
#5118=DIRECTION('',(0.,-1.,0.));
#5119=DIRECTION('',(0.,0.,-1.));
#5120=DIRECTION('',(-1.,0.,0.));
#5121=DIRECTION('',(0.,-1.,0.));
#5122=DIRECTION('',(0.,0.,-1.));
#5123=DIRECTION('',(0.,0.,-1.));
#5124=DIRECTION('',(0.,-1.,0.));
#5125=DIRECTION('',(0.,0.,-1.));
#5126=DIRECTION('',(1.,0.,0.));
#5127=DIRECTION('',(0.,-1.,0.));
#5128=DIRECTION('',(0.,0.,-1.));
#5129=DIRECTION('',(1.25025115385716E-16,0.,1.));
#5130=DIRECTION('',(0.,-1.,0.));
#5131=DIRECTION('',(0.,0.,-1.));
#5132=DIRECTION('',(0.,0.996194698091746,0.0871557427476584));
#5133=DIRECTION('',(-0.0871557427476584,0.996194698091746,0.));
#5134=DIRECTION('',(0.,1.,0.));
#5135=DIRECTION('',(0.,0.,1.));
#5136=DIRECTION('',(0.,1.,0.));
#5137=DIRECTION('',(0.,-1.04332912235122E-15,1.));
#5138=DIRECTION('',(1.32915264185106E-17,0.996194698091746,0.0871557427476584));
#5139=DIRECTION('',(1.,0.,-1.52503162723236E-16));
#5140=DIRECTION('',(1.5192284214711E-16,-0.0871557427476584,0.996194698091746));
#5141=DIRECTION('',(0.,-0.996194698091746,-0.0871557427476584));
#5142=DIRECTION('',(0.0871557427476584,0.996194698091746,0.));
#5143=DIRECTION('',(0.,1.,0.));
#5144=DIRECTION('',(0.,0.,1.));
#5145=DIRECTION('',(0.,1.,0.));
#5146=DIRECTION('',(0.,-1.04332912235122E-15,1.));
#5147=DIRECTION('',(0.,0.996194698091746,-0.0871557427476584));
#5148=DIRECTION('',(0.0871557427476584,0.996194698091746,-1.08966567935537E-17));
#5149=DIRECTION('',(0.,1.,0.));
#5150=DIRECTION('',(0.,0.,1.));
#5151=DIRECTION('',(0.,1.,0.));
#5152=DIRECTION('',(0.,-1.04332912235122E-15,1.));
#5153=DIRECTION('',(0.,0.996194698091746,-0.0871557427476584));
#5154=DIRECTION('',(-1.,0.,0.));
#5155=DIRECTION('',(0.,-0.0871557427476584,-0.996194698091746));
#5156=DIRECTION('',(0.,0.996194698091745,-0.0871557427476584));
#5157=DIRECTION('',(-0.0871557427476584,0.996194698091746,0.));
#5158=DIRECTION('',(0.,1.,0.));
#5159=DIRECTION('',(0.,0.,1.));
#5160=DIRECTION('',(0.,1.,0.));
#5161=DIRECTION('',(0.,-1.04332912235122E-15,1.));
#5162=DIRECTION('',(0.,1.,0.));
#5163=DIRECTION('',(0.,0.,1.));
#5164=DIRECTION('',(0.,0.978147600733806,0.20791169081776));
#5165=DIRECTION('',(0.,1.,0.));
#5166=DIRECTION('',(0.,0.,1.));
#5167=DIRECTION('',(-0.20791169081776,0.978147600733806,0.));
#5168=DIRECTION('',(0.,1.,0.));
#5169=DIRECTION('',(0.,2.35596973706672E-16,1.));
#5170=DIRECTION('',(1.,0.,-1.52503162723236E-16));
#5171=DIRECTION('',(3.17071904168439E-17,0.978147600733806,0.20791169081776));
#5172=DIRECTION('',(1.,0.,-1.52503162723236E-16));
#5173=DIRECTION('',(1.4917060272205E-16,-0.207911690817759,0.978147600733806));
#5174=DIRECTION('',(0.,-0.978147600733806,-0.207911690817759));
#5175=DIRECTION('',(0.,1.,0.));
#5176=DIRECTION('',(0.,0.,1.));
#5177=DIRECTION('',(0.20791169081776,0.978147600733806,0.));
#5178=DIRECTION('',(0.,1.,0.));
#5179=DIRECTION('',(0.,0.,1.));
#5180=DIRECTION('',(0.,1.,0.));
#5181=DIRECTION('',(0.,2.35596973706672E-16,1.));
#5182=DIRECTION('',(0.,1.,0.));
#5183=DIRECTION('',(0.,0.,1.));
#5184=DIRECTION('',(0.,0.978147600733806,-0.20791169081776));
#5185=DIRECTION('',(0.,1.,0.));
#5186=DIRECTION('',(0.,0.,1.));
#5187=DIRECTION('',(0.20791169081776,0.978147600733806,-2.59941831345297E-17));
#5188=DIRECTION('',(0.,1.,0.));
#5189=DIRECTION('',(0.,2.35596973706672E-16,1.));
#5190=DIRECTION('',(-1.,0.,0.));
#5191=DIRECTION('',(0.,0.978147600733806,-0.20791169081776));
#5192=DIRECTION('',(-1.,0.,0.));
#5193=DIRECTION('',(0.,-0.207911690817759,-0.978147600733806));
#5194=DIRECTION('',(0.,0.978147600733805,-0.207911690817759));
#5195=DIRECTION('',(0.,1.,0.));
#5196=DIRECTION('',(0.,0.,1.));
#5197=DIRECTION('',(-0.20791169081776,0.978147600733806,-6.25549536348335E-17));
#5198=DIRECTION('',(0.,1.,0.));
#5199=DIRECTION('',(0.,0.,1.));
#5200=DIRECTION('',(0.,1.,0.));
#5201=DIRECTION('',(0.,2.35596973706672E-16,1.));
#5202=DIRECTION('',(-1.25025115385716E-16,0.,-1.));
#5203=DIRECTION('',(0.0871557427476584,0.996194698091746,-1.08966567935537E-17));
#5204=DIRECTION('',(-1.25025115385716E-16,0.,-1.));
#5205=DIRECTION('',(0.0871557427476584,0.996194698091746,2.3716253021264E-17));
#5206=DIRECTION('',(0.996194698091746,-0.0871557427476584,-1.24549357075559E-16));
#5207=DIRECTION('',(0.0871557427476584,0.996194698091746,0.));
#5208=DIRECTION('',(0.,1.,0.));
#5209=DIRECTION('',(0.,0.,1.));
#5210=DIRECTION('',(0.,0.996194698091746,-0.0871557427476584));
#5211=DIRECTION('',(0.,1.,0.));
#5212=DIRECTION('',(0.,0.,1.));
#5213=DIRECTION('',(0.,1.,0.));
#5214=DIRECTION('',(0.,-3.68473810772096E-16,1.));
#5215=DIRECTION('',(-1.,0.,0.));
#5216=DIRECTION('',(0.,0.996194698091746,-0.0871557427476584));
#5217=DIRECTION('',(-1.,0.,0.));
#5218=DIRECTION('',(0.,-0.0871557427476584,-0.996194698091746));
#5219=DIRECTION('',(0.,0.996194698091746,-0.0871557427476584));
#5220=DIRECTION('',(0.,1.,0.));
#5221=DIRECTION('',(0.,0.,1.));
#5222=DIRECTION('',(-0.0871557427476584,0.996194698091746,-2.3716253021264E-17));
#5223=DIRECTION('',(0.,1.,0.));
#5224=DIRECTION('',(0.,0.,1.));
#5225=DIRECTION('',(0.,1.,0.));
#5226=DIRECTION('',(0.,-3.68473810772096E-16,1.));
#5227=DIRECTION('',(0.,0.,1.));
#5228=DIRECTION('',(-0.0871557427476584,0.996194698091746,0.));
#5229=DIRECTION('',(0.,0.,1.));
#5230=DIRECTION('',(-0.996194698091746,-0.0871557427476584,0.));
#5231=DIRECTION('',(0.0871557427476584,-0.996194698091746,0.));
#5232=DIRECTION('',(0.,1.,0.));
#5233=DIRECTION('',(0.,0.,1.));
#5234=DIRECTION('',(0.,0.996194698091746,0.0871557427476584));
#5235=DIRECTION('',(0.,1.,0.));
#5236=DIRECTION('',(0.,0.,1.));
#5237=DIRECTION('',(0.,1.,0.));
#5238=DIRECTION('',(0.,-3.68473810772096E-16,1.));
#5239=DIRECTION('',(1.,0.,-1.52503162723236E-16));
#5240=DIRECTION('',(1.32915264185106E-17,0.996194698091746,0.0871557427476584));
#5241=DIRECTION('',(1.,0.,-1.52503162723236E-16));
#5242=DIRECTION('',(1.5192284214711E-16,-0.0871557427476584,0.996194698091746));
#5243=DIRECTION('',(0.,-0.996194698091746,-0.0871557427476584));
#5244=DIRECTION('',(0.,1.,0.));
#5245=DIRECTION('',(0.,0.,1.));
#5246=DIRECTION('',(0.,1.,0.));
#5247=DIRECTION('',(0.,0.,1.));
#5248=DIRECTION('',(0.,1.,0.));
#5249=DIRECTION('',(0.,-3.68473810772096E-16,1.));
#5250=DIRECTION('',(0.,1.,0.));
#5251=DIRECTION('',(0.,0.,1.));
#5252=DIRECTION('',(-1.25025115385716E-16,0.,-1.));
#5253=DIRECTION('',(0.,1.,0.));
#5254=DIRECTION('',(0.,0.,1.));
#5255=DIRECTION('',(-1.,0.,0.));
#5256=DIRECTION('',(0.,1.,0.));
#5257=DIRECTION('',(0.,0.,1.));
#5258=DIRECTION('',(0.,0.,1.));
#5259=DIRECTION('',(0.,1.,0.));
#5260=DIRECTION('',(0.,0.,1.));
#5261=DIRECTION('',(1.,0.,0.));
#5262=DIRECTION('',(0.,1.,0.));
#5263=DIRECTION('',(0.,0.,1.));
#5264=DIRECTION('',(0.,-1.,0.));
#5265=DIRECTION('',(0.,-1.,0.));
#5266=DIRECTION('',(0.,-1.,0.));
#5267=DIRECTION('',(0.,0.,-1.));
#5268=DIRECTION('',(0.,-1.,0.));
#5269=DIRECTION('',(1.,0.,0.));
#5270=DIRECTION('',(0.,0.,-1.));
#5271=DIRECTION('',(0.,-1.,0.));
#5272=DIRECTION('',(0.,-1.,0.));
#5273=DIRECTION('',(0.,0.,-1.));
#5274=DIRECTION('',(0.,-1.,0.));
#5275=DIRECTION('',(0.,0.,1.));
#5276=DIRECTION('',(1.,0.,0.));
#5277=DIRECTION('',(0.,-1.,0.));
#5278=DIRECTION('',(0.,-1.,0.));
#5279=DIRECTION('',(0.,0.,-1.));
#5280=DIRECTION('',(0.,-1.,0.));
#5281=DIRECTION('',(0.,-1.,0.));
#5282=DIRECTION('',(0.,-1.,0.));
#5283=DIRECTION('',(0.,0.,-1.));
#5284=DIRECTION('',(0.,0.,1.));
#5285=DIRECTION('',(-1.25025115385716E-16,0.,-1.));
#5286=DIRECTION('',(0.,1.,0.));
#5287=DIRECTION('',(0.,0.,1.));
#5288=DIRECTION('',(0.,0.,-1.));
#5289=DIRECTION('',(-1.,0.,0.));
#5290=DIRECTION('',(-1.,0.,1.25025115385716E-16));
#5291=DIRECTION('',(1.2490009027033E-16,0.,1.));
#5292=DIRECTION('',(1.25025115385716E-16,1.17036813585261E-35,1.));
#5293=DIRECTION('',(-1.25025115385716E-16,0.,-1.));
#5294=DIRECTION('',(0.996194698091746,-0.0871557427476584,-1.24549357075559E-16));
#5295=DIRECTION('',(0.0871557427476583,0.996194698091745,0.));
#5296=DIRECTION('',(-1.25025115385716E-16,0.,-1.));
#5297=DIRECTION('',(0.,-1.,0.));
#5298=DIRECTION('',(0.,0.,1.));
#5299=DIRECTION('',(0.,-1.,0.));
#5300=DIRECTION('',(0.,0.,1.));
#5301=DIRECTION('',(0.,1.,0.));
#5302=DIRECTION('',(0.,0.,1.));
#5303=DIRECTION('',(-1.25025115385716E-16,0.,-1.));
#5304=DIRECTION('',(0.978147600733806,-0.207911690817759,-1.22293016646005E-16));
#5305=DIRECTION('',(0.207911690817759,0.978147600733805,0.));
#5306=DIRECTION('',(1.25025115385716E-16,1.17036813585261E-35,1.));
#5307=DIRECTION('',(-1.25025115385716E-16,0.,-1.));
#5308=DIRECTION('',(0.996194698091746,-0.0871557427476584,-1.24549357075559E-16));
#5309=DIRECTION('',(0.0871557427476583,0.996194698091745,0.));
#5310=DIRECTION('',(-1.25025115385716E-16,0.,-1.));
#5311=DIRECTION('',(1.25025115385716E-16,1.17036813585261E-35,1.));
#5312=DIRECTION('',(0.996194698091746,-0.0871557427476584,-1.24549357075559E-16));
#5313=DIRECTION('',(0.0871557427476583,0.996194698091745,0.));
#5314=DIRECTION('',(-1.25025115385716E-16,0.,-1.));
#5315=DIRECTION('',(0.,-1.,0.));
#5316=DIRECTION('',(1.12380109828365E-14,0.,1.));
#5317=DIRECTION('',(0.,-1.,0.));
#5318=DIRECTION('',(-4.49520439313462E-15,0.,1.));
#5319=DIRECTION('',(0.,1.,0.));
#5320=DIRECTION('',(0.,0.,1.));
#5321=DIRECTION('',(-1.25025115385716E-16,0.,-1.));
#5322=DIRECTION('',(0.978147600733806,-0.207911690817759,-1.22293016646005E-16));
#5323=DIRECTION('',(0.207911690817759,0.978147600733805,0.));
#5324=DIRECTION('',(-1.25025115385716E-16,0.,-1.));
#5325=DIRECTION('',(-1.25025115385716E-16,0.,-1.));
#5326=DIRECTION('',(0.978147600733806,-0.207911690817759,-1.22293016646005E-16));
#5327=DIRECTION('',(0.207911690817759,0.978147600733805,0.));
#5328=DIRECTION('',(-1.25025115385716E-16,0.,-1.));
#5329=DIRECTION('',(1.25025115385716E-16,1.17036813585261E-35,1.));
#5330=DIRECTION('',(0.996194698091746,-0.0871557427476584,-1.24549357075559E-16));
#5331=DIRECTION('',(0.0871557427476583,0.996194698091745,0.));
#5332=DIRECTION('',(-1.25025115385716E-16,0.,-1.));
#5333=DIRECTION('',(-1.25025115385716E-16,0.,-1.));
#5334=DIRECTION('',(0.978147600733806,-0.207911690817759,-1.22293016646005E-16));
#5335=DIRECTION('',(0.207911690817759,0.978147600733805,0.));
#5336=DIRECTION('',(0.,-1.,0.));
#5337=DIRECTION('',(-2.24760219656731E-15,0.,1.));
#5338=DIRECTION('',(0.,-1.,0.));
#5339=DIRECTION('',(8.99040878626924E-15,0.,1.));
#5340=DIRECTION('',(0.,1.,0.));
#5341=DIRECTION('',(0.,0.,1.));
#5342=DIRECTION('',(-1.25025115385716E-16,0.,-1.));
#5343=DIRECTION('',(1.25025115385716E-16,1.17036813585261E-35,1.));
#5344=DIRECTION('',(0.996194698091746,-0.0871557427476584,-1.24549357075559E-16));
#5345=DIRECTION('',(0.0871557427476583,0.996194698091745,0.));
#5346=DIRECTION('',(-1.25025115385716E-16,0.,-1.));
#5347=DIRECTION('',(-1.25025115385716E-16,0.,-1.));
#5348=DIRECTION('',(0.978147600733806,-0.207911690817759,-1.22293016646005E-16));
#5349=DIRECTION('',(0.207911690817759,0.978147600733805,0.));
#5350=DIRECTION('',(0.,-1.,0.));
#5351=DIRECTION('',(-2.24760219656731E-15,0.,1.));
#5352=DIRECTION('',(0.,-1.,0.));
#5353=DIRECTION('',(4.49520439313462E-15,0.,1.));
#5354=DIRECTION('',(0.,1.,0.));
#5355=DIRECTION('',(0.,0.,1.));
#5356=DIRECTION('',(1.25025115385716E-16,1.17036813585261E-35,1.));
#5357=DIRECTION('',(-1.25025115385716E-16,0.,-1.));
#5358=DIRECTION('',(0.996194698091746,-0.0871557427476584,-1.24549357075559E-16));
#5359=DIRECTION('',(0.0871557427476583,0.996194698091745,0.));
#5360=DIRECTION('',(-1.25025115385716E-16,0.,-1.));
#5361=DIRECTION('',(1.25025115385716E-16,1.17036813585261E-35,1.));
#5362=DIRECTION('',(0.996194698091746,-0.0871557427476584,-1.24549357075559E-16));
#5363=DIRECTION('',(0.0871557427476583,0.996194698091745,0.));
#5364=DIRECTION('',(-1.25025115385716E-16,0.,-1.));
#5365=DIRECTION('',(-1.25025115385716E-16,0.,-1.));
#5366=DIRECTION('',(0.978147600733806,-0.207911690817759,-1.22293016646005E-16));
#5367=DIRECTION('',(0.207911690817759,0.978147600733805,0.));
#5368=DIRECTION('',(-1.25025115385716E-16,0.,-1.));
#5369=DIRECTION('',(-1.25025115385716E-16,0.,-1.));
#5370=DIRECTION('',(0.978147600733806,-0.207911690817759,-1.22293016646005E-16));
#5371=DIRECTION('',(0.207911690817759,0.978147600733805,0.));
#5372=DIRECTION('',(-1.25025115385716E-16,0.,-1.));
#5373=DIRECTION('',(-1.,0.,0.));
#5374=DIRECTION('',(0.,-1.,0.));
#5375=DIRECTION('',(2.24760219656731E-15,0.,1.));
#5376=DIRECTION('',(0.,-1.,0.));
#5377=DIRECTION('',(-8.99040878626924E-15,0.,1.));
#5378=DIRECTION('',(0.,1.,0.));
#5379=DIRECTION('',(0.,0.,1.));
#5380=DIRECTION('',(0.,0.,-1.));
#5381=DIRECTION('',(0.,0.,1.));
#5382=DIRECTION('',(-0.996194698091746,-0.0871557427476584,0.));
#5383=DIRECTION('',(0.0871557427476584,-0.996194698091746,0.));
#5384=DIRECTION('',(0.,0.,1.));
#5385=DIRECTION('',(0.,0.,1.));
#5386=DIRECTION('',(-0.978147600733806,-0.207911690817759,0.));
#5387=DIRECTION('',(0.207911690817759,-0.978147600733806,0.));
#5388=DIRECTION('',(0.,-1.,0.));
#5389=DIRECTION('',(-2.24760219656731E-15,0.,1.));
#5390=DIRECTION('',(0.,-1.,0.));
#5391=DIRECTION('',(0.,0.,1.));
#5392=DIRECTION('',(0.,1.,0.));
#5393=DIRECTION('',(0.,0.,1.));
#5394=DIRECTION('',(0.,0.,-1.));
#5395=DIRECTION('',(0.,0.,1.));
#5396=DIRECTION('',(-0.996194698091746,-0.0871557427476584,0.));
#5397=DIRECTION('',(0.0871557427476584,-0.996194698091746,0.));
#5398=DIRECTION('',(0.,0.,1.));
#5399=DIRECTION('',(0.,0.,-1.));
#5400=DIRECTION('',(-0.996194698091746,-0.0871557427476584,0.));
#5401=DIRECTION('',(0.0871557427476584,-0.996194698091746,0.));
#5402=DIRECTION('',(0.,0.,1.));
#5403=DIRECTION('',(0.,0.,1.));
#5404=DIRECTION('',(-0.978147600733806,-0.207911690817759,0.));
#5405=DIRECTION('',(0.207911690817759,-0.978147600733806,0.));
#5406=DIRECTION('',(0.,0.,1.));
#5407=DIRECTION('',(0.,0.,1.));
#5408=DIRECTION('',(-0.978147600733806,-0.207911690817759,0.));
#5409=DIRECTION('',(0.207911690817759,-0.978147600733806,0.));
#5410=DIRECTION('',(0.,-1.,0.));
#5411=DIRECTION('',(2.24760219656731E-15,0.,1.));
#5412=DIRECTION('',(0.,-1.,0.));
#5413=DIRECTION('',(0.,0.,1.));
#5414=DIRECTION('',(0.,1.,0.));
#5415=DIRECTION('',(0.,0.,1.));
#5416=DIRECTION('',(0.,-1.,0.));
#5417=DIRECTION('',(0.,0.,1.));
#5418=DIRECTION('',(0.,-1.,0.));
#5419=DIRECTION('',(1.12380109828365E-14,0.,1.));
#5420=DIRECTION('',(0.,1.,0.));
#5421=DIRECTION('',(0.,0.,1.));
#5422=DIRECTION('',(0.,0.,1.));
#5423=DIRECTION('',(0.,0.,-1.));
#5424=DIRECTION('',(-0.996194698091746,-0.0871557427476584,0.));
#5425=DIRECTION('',(0.0871557427476584,-0.996194698091746,0.));
#5426=DIRECTION('',(0.,0.,1.));
#5427=DIRECTION('',(0.,0.,1.));
#5428=DIRECTION('',(-0.978147600733806,-0.207911690817759,0.));
#5429=DIRECTION('',(0.207911690817759,-0.978147600733806,0.));
#5430=DIRECTION('',(0.,-1.,0.));
#5431=DIRECTION('',(0.,0.,1.));
#5432=DIRECTION('',(0.,-1.,0.));
#5433=DIRECTION('',(4.49520439313462E-15,0.,1.));
#5434=DIRECTION('',(0.,1.,0.));
#5435=DIRECTION('',(0.,0.,1.));
#5436=DIRECTION('',(0.,0.,1.));
#5437=DIRECTION('',(0.,0.,-1.));
#5438=DIRECTION('',(-0.996194698091746,-0.0871557427476584,0.));
#5439=DIRECTION('',(0.0871557427476584,-0.996194698091746,0.));
#5440=DIRECTION('',(0.,0.,1.));
#5441=DIRECTION('',(0.,0.,1.));
#5442=DIRECTION('',(-0.978147600733806,-0.207911690817759,0.));
#5443=DIRECTION('',(0.207911690817759,-0.978147600733806,0.));
#5444=DIRECTION('',(0.,-1.,0.));
#5445=DIRECTION('',(0.,0.,1.));
#5446=DIRECTION('',(0.,-1.,0.));
#5447=DIRECTION('',(4.49520439313462E-15,0.,1.));
#5448=DIRECTION('',(0.,1.,0.));
#5449=DIRECTION('',(0.,0.,1.));
#5450=DIRECTION('',(0.,0.,-1.));
#5451=DIRECTION('',(0.,0.,1.));
#5452=DIRECTION('',(-0.996194698091746,-0.0871557427476584,0.));
#5453=DIRECTION('',(0.0871557427476584,-0.996194698091746,0.));
#5454=DIRECTION('',(0.,0.,1.));
#5455=DIRECTION('',(0.,0.,-1.));
#5456=DIRECTION('',(-0.996194698091746,-0.0871557427476584,0.));
#5457=DIRECTION('',(0.0871557427476584,-0.996194698091746,0.));
#5458=DIRECTION('',(0.,0.,1.));
#5459=DIRECTION('',(0.,0.,1.));
#5460=DIRECTION('',(-0.978147600733806,-0.207911690817759,0.));
#5461=DIRECTION('',(0.207911690817759,-0.978147600733806,0.));
#5462=DIRECTION('',(0.,0.,1.));
#5463=DIRECTION('',(0.,0.,1.));
#5464=DIRECTION('',(-0.978147600733806,-0.207911690817759,0.));
#5465=DIRECTION('',(0.207911690817759,-0.978147600733806,0.));
#5466=DIRECTION('',(0.,-1.,0.));
#5467=DIRECTION('',(4.49520439313462E-15,0.,1.));
#5468=DIRECTION('',(0.,-1.,0.));
#5469=DIRECTION('',(-2.24760219656731E-15,0.,1.));
#5470=DIRECTION('',(0.,1.,0.));
#5471=DIRECTION('',(0.,0.,1.));
#5472=DIRECTION('',(0.,-1.,0.));
#5473=DIRECTION('',(0.,0.,1.));
#5474=DIRECTION('',(0.,-1.,0.));
#5475=DIRECTION('',(-4.49520439313462E-15,0.,1.));
#5476=DIRECTION('',(0.,1.,0.));
#5477=DIRECTION('',(0.,0.,1.));
#5478=DIRECTION('',(0.,0.,1.));
#5479=DIRECTION('',(1.,0.,0.));
#5480=DIRECTION('',(0.,-1.,0.));
#5481=DIRECTION('',(9.12834178561203E-16,0.,1.));
#5482=DIRECTION('',(0.,-1.,0.));
#5483=DIRECTION('',(-4.56417089280601E-15,0.,1.));
#5484=DIRECTION('',(0.,-1.,0.));
#5485=DIRECTION('',(-2.73850253568361E-15,0.,1.));
#5486=DIRECTION('',(0.,-1.,0.));
#5487=DIRECTION('',(0.,0.,1.));
#5488=DIRECTION('',(0.,-1.,0.));
#5489=DIRECTION('',(2.73850253568361E-15,0.,1.));
#5490=DIRECTION('',(0.,-1.,0.));
#5491=DIRECTION('',(-4.56417089280601E-15,0.,1.));
#5492=DIRECTION('',(0.,-1.,0.));
#5493=DIRECTION('',(-4.56417089280601E-15,0.,1.));
#5494=DIRECTION('',(0.,-1.,0.));
#5495=DIRECTION('',(0.,0.,1.));
#5496=DIRECTION('',(0.,-1.,0.));
#5497=DIRECTION('',(9.12834178561203E-16,0.,1.));
#5498=DIRECTION('',(0.,-1.,0.));
#5499=DIRECTION('',(0.,0.,1.));
#5500=DIRECTION('',(0.,-1.,0.));
#5501=DIRECTION('',(0.,0.,1.));
#5502=DIRECTION('',(0.,-1.,0.));
#5503=DIRECTION('',(0.,0.,1.));
#5504=DIRECTION('',(0.,1.,0.));
#5505=DIRECTION('',(0.,0.,1.));
#5506=DIRECTION('',(0.,-1.,0.));
#5507=DIRECTION('',(0.,0.,-1.));
#5508=DIRECTION('',(0.,-1.,0.));
#5509=DIRECTION('',(0.,0.,-1.));
#5510=DIRECTION('',(0.,1.,0.));
#5511=DIRECTION('',(0.,0.,1.));
#5512=DIRECTION('',(0.,1.,0.));
#5513=DIRECTION('',(0.,0.,1.));
#5514=DIRECTION('',(0.,1.,0.));
#5515=DIRECTION('',(0.,0.,1.));
#5516=DIRECTION('',(0.,1.,0.));
#5517=DIRECTION('',(0.,0.,1.));
#5518=DIRECTION('',(0.,0.913545457642601,0.406736643075801));
#5519=DIRECTION('',(0.,-0.406736643075799,0.913545457642602));
#5520=DIRECTION('',(0.,0.913545457642601,0.406736643075801));
#5521=DIRECTION('',(0.,-0.406736643075805,0.913545457642599));
#5522=DIRECTION('',(0.,0.913545457642601,0.406736643075801));
#5523=DIRECTION('',(0.,-0.406736643075805,0.913545457642599));
#5524=DIRECTION('',(0.,0.913545457642601,0.406736643075801));
#5525=DIRECTION('',(0.,-0.406736643075799,0.913545457642602));
#5526=DIRECTION('',(0.,0.913545457642601,-0.406736643075801));
#5527=DIRECTION('',(0.,0.406736643075799,0.913545457642602));
#5528=DIRECTION('',(0.,0.913545457642601,-0.406736643075801));
#5529=DIRECTION('',(0.,0.406736643075805,0.913545457642599));
#5530=DIRECTION('',(0.,0.913545457642601,-0.406736643075801));
#5531=DIRECTION('',(0.,0.406736643075805,0.913545457642599));
#5532=DIRECTION('',(0.,0.913545457642601,-0.406736643075801));
#5533=DIRECTION('',(0.,0.406736643075799,0.913545457642602));
#5534=DIRECTION('',(0.406736643075801,0.913545457642601,0.));
#5535=DIRECTION('',(-0.913545457642602,0.406736643075799,0.));
#5536=DIRECTION('',(0.406736643075801,0.913545457642601,0.));
#5537=DIRECTION('',(-0.913545457642602,0.406736643075799,0.));
#5538=DIRECTION('',(0.406736643075801,0.913545457642601,0.));
#5539=DIRECTION('',(-0.913545457642602,0.406736643075799,0.));
#5540=DIRECTION('',(0.406736643075801,0.913545457642601,0.));
#5541=DIRECTION('',(-0.913545457642602,0.406736643075799,0.));
#5542=DIRECTION('',(0.406736643075801,0.913545457642601,0.));
#5543=DIRECTION('',(-0.913545457642602,0.406736643075799,0.));
#5544=DIRECTION('',(-0.406736643075801,0.913545457642601,0.));
#5545=DIRECTION('',(-0.913545457642602,-0.406736643075799,0.));
#5546=DIRECTION('',(-0.406736643075801,0.913545457642601,0.));
#5547=DIRECTION('',(-0.913545457642602,-0.406736643075799,0.));
#5548=DIRECTION('',(-0.406736643075801,0.913545457642601,0.));
#5549=DIRECTION('',(-0.913545457642602,-0.406736643075799,0.));
#5550=DIRECTION('',(-0.406736643075801,0.913545457642601,0.));
#5551=DIRECTION('',(-0.913545457642602,-0.406736643075799,0.));
#5552=DIRECTION('',(-0.406736643075801,0.913545457642601,0.));
#5553=DIRECTION('',(-0.913545457642602,-0.406736643075799,0.));
#5554=DIRECTION('',(2.54618386665284E-17,0.978147600733805,-0.20791169081776));
#5555=DIRECTION('',(0.,1.,0.));
#5556=DIRECTION('',(0.,0.,1.));
#5557=DIRECTION('',(0.,1.,0.));
#5558=DIRECTION('',(0.,-3.14667944383957E-16,1.));
#5559=DIRECTION('',(0.,1.,0.));
#5560=DIRECTION('',(0.,-3.14667944383957E-16,1.));
#5561=DIRECTION('',(0.,0.,-1.));
#5562=DIRECTION('',(1.,0.,0.));
#5563=DIRECTION('',(2.54618386665284E-17,0.978147600733805,-0.20791169081776));
#5564=DIRECTION('',(0.,1.,0.));
#5565=DIRECTION('',(0.,0.,1.));
#5566=DIRECTION('',(0.,1.,0.));
#5567=DIRECTION('',(0.,-2.74325900232168E-16,1.));
#5568=DIRECTION('',(0.,1.,0.));
#5569=DIRECTION('',(0.,-2.74325900232168E-16,1.));
#5570=DIRECTION('',(0.,0.,-1.));
#5571=DIRECTION('',(1.,0.,0.));
#5572=DIRECTION('',(2.54618386665284E-17,0.978147600733805,-0.20791169081776));
#5573=DIRECTION('',(0.,1.,0.));
#5574=DIRECTION('',(0.,0.,1.));
#5575=DIRECTION('',(0.,1.,0.));
#5576=DIRECTION('',(0.,-2.74325900232168E-16,1.));
#5577=DIRECTION('',(0.,1.,0.));
#5578=DIRECTION('',(0.,-2.74325900232168E-16,1.));
#5579=DIRECTION('',(0.,0.,-1.));
#5580=DIRECTION('',(1.,0.,0.));
#5581=DIRECTION('',(0.,-1.,0.));
#5582=DIRECTION('',(0.,0.,-1.));
#5583=DIRECTION('',(0.,0.,-1.));
#5584=DIRECTION('',(1.,0.,0.));
#5585=DIRECTION('',(0.,0.978147600733805,-0.20791169081776));
#5586=DIRECTION('',(0.,1.,0.));
#5587=DIRECTION('',(0.,-3.14667944383957E-16,-1.));
#5588=DIRECTION('',(0.,1.,0.));
#5589=DIRECTION('',(0.,-3.14667944383957E-16,-1.));
#5590=DIRECTION('',(0.,-1.,0.));
#5591=DIRECTION('',(0.,0.,-1.));
#5592=DIRECTION('',(0.,0.,-0.999999999999999));
#5593=DIRECTION('',(1.,0.,0.));
#5594=DIRECTION('',(0.,0.978147600733805,-0.20791169081776));
#5595=DIRECTION('',(0.,1.,0.));
#5596=DIRECTION('',(0.,-2.74325900232168E-16,-1.));
#5597=DIRECTION('',(0.,1.,0.));
#5598=DIRECTION('',(0.,-2.74325900232168E-16,-1.));
#5599=DIRECTION('',(0.,-1.,0.));
#5600=DIRECTION('',(0.,0.,-1.));
#5601=DIRECTION('',(0.,0.,-1.));
#5602=DIRECTION('',(1.,0.,0.));
#5603=DIRECTION('',(0.,0.978147600733805,-0.20791169081776));
#5604=DIRECTION('',(0.,1.,0.));
#5605=DIRECTION('',(0.,-2.74325900232168E-16,-1.));
#5606=DIRECTION('',(0.,1.,0.));
#5607=DIRECTION('',(0.,-2.74325900232168E-16,-1.));
#5608=DIRECTION('',(-2.54618386665284E-17,0.978147600733805,0.20791169081776));
#5609=DIRECTION('',(0.,1.,0.));
#5610=DIRECTION('',(0.,0.,-1.));
#5611=DIRECTION('',(0.,1.,0.));
#5612=DIRECTION('',(0.,-3.14667944383957E-16,-1.));
#5613=DIRECTION('',(0.,1.,0.));
#5614=DIRECTION('',(0.,-3.14667944383957E-16,-1.));
#5615=DIRECTION('',(0.,0.,1.));
#5616=DIRECTION('',(-1.,0.,0.));
#5617=DIRECTION('',(-2.54618386665284E-17,0.978147600733805,0.20791169081776));
#5618=DIRECTION('',(0.,1.,0.));
#5619=DIRECTION('',(0.,0.,-1.));
#5620=DIRECTION('',(0.,1.,0.));
#5621=DIRECTION('',(0.,-3.14667944383957E-16,-1.));
#5622=DIRECTION('',(0.,1.,0.));
#5623=DIRECTION('',(0.,-3.14667944383957E-16,-1.));
#5624=DIRECTION('',(0.,0.,1.));
#5625=DIRECTION('',(-1.,0.,0.));
#5626=DIRECTION('',(-2.54618386665284E-17,0.978147600733805,0.20791169081776));
#5627=DIRECTION('',(0.,1.,0.));
#5628=DIRECTION('',(0.,0.,-1.));
#5629=DIRECTION('',(0.,1.,0.));
#5630=DIRECTION('',(0.,-3.14667944383957E-16,-1.));
#5631=DIRECTION('',(0.,1.,0.));
#5632=DIRECTION('',(0.,-3.14667944383957E-16,-1.));
#5633=DIRECTION('',(0.,0.,1.));
#5634=DIRECTION('',(-1.,0.,0.));
#5635=DIRECTION('',(0.,-1.,0.));
#5636=DIRECTION('',(0.,0.,1.));
#5637=DIRECTION('',(0.,0.,1.));
#5638=DIRECTION('',(-1.,0.,0.));
#5639=DIRECTION('',(0.,0.978147600733805,0.20791169081776));
#5640=DIRECTION('',(0.,1.,0.));
#5641=DIRECTION('',(0.,-3.14667944383957E-16,1.));
#5642=DIRECTION('',(0.,1.,0.));
#5643=DIRECTION('',(0.,-3.14667944383957E-16,1.));
#5644=DIRECTION('',(0.,-1.,0.));
#5645=DIRECTION('',(0.,0.,1.));
#5646=DIRECTION('',(0.,0.,0.999999999999999));
#5647=DIRECTION('',(-1.,0.,0.));
#5648=DIRECTION('',(0.,0.978147600733805,0.20791169081776));
#5649=DIRECTION('',(0.,1.,0.));
#5650=DIRECTION('',(0.,-3.14667944383957E-16,1.));
#5651=DIRECTION('',(0.,1.,0.));
#5652=DIRECTION('',(0.,-3.14667944383957E-16,1.));
#5653=DIRECTION('',(0.,-1.,0.));
#5654=DIRECTION('',(0.,0.,1.));
#5655=DIRECTION('',(0.,0.,1.));
#5656=DIRECTION('',(-1.,0.,0.));
#5657=DIRECTION('',(0.,0.978147600733805,0.20791169081776));
#5658=DIRECTION('',(0.,1.,0.));
#5659=DIRECTION('',(0.,-3.14667944383957E-16,1.));
#5660=DIRECTION('',(0.,1.,0.));
#5661=DIRECTION('',(0.,-3.14667944383957E-16,1.));
#5662=CARTESIAN_POINT('',(0.,0.,0.));
#5663=CARTESIAN_POINT('',(-54.3594208547236,7.98022077295564,-52.4453690018345));
#5664=CARTESIAN_POINT('',(-54.3594208547236,7.98022077295564,-52.4453690018345));
#5665=CARTESIAN_POINT('',(-54.3594208547236,10.0008784117545,-52.8748730418498));
#5666=CARTESIAN_POINT('',(-54.3594208547236,7.98022077295564,-50.));
#5667=CARTESIAN_POINT('',(-53.7910616903516,7.98022077295564,-52.3784022820808));
#5668=CARTESIAN_POINT('',(-53.7910616903516,7.98022077295563,-52.3784022820808));
#5669=CARTESIAN_POINT('',(-54.0685461652945,8.34264835138186,-52.5239172664408));
#5670=CARTESIAN_POINT('',(-54.2536797056845,8.79225154768331,-52.6162269054975));
#5671=CARTESIAN_POINT('',(-54.2965368232612,9.2821106431309,-52.7213677866011));
#5672=CARTESIAN_POINT('',(-54.2965368232612,9.28211064313089,-52.7213677866011));
#5673=CARTESIAN_POINT('',(-54.2965368232612,9.28211064313089,-52.7213677866011));
#5674=CARTESIAN_POINT('',(-54.3174936192198,9.52164791703546,-52.7727808567462));
#5675=CARTESIAN_POINT('',(-54.3384552240621,9.76124015673255,-52.8239363583178));
#5676=CARTESIAN_POINT('',(-54.3594208547236,10.0008784117545,-52.8748730418498));
#5677=CARTESIAN_POINT('',(-54.3594208547236,7.98022077295564,-50.));
#5678=CARTESIAN_POINT('',(-54.3594208547236,8.5,-50.));
#5679=CARTESIAN_POINT('',(-52.3204035687893,7.0534840105679,-49.9999999999999));
#5680=CARTESIAN_POINT('',(-54.3594208547236,6.,-50.));
#5681=CARTESIAN_POINT('',(-54.3594208547236,8.5,-50.));
#5682=CARTESIAN_POINT('',(-56.8047898565581,7.98022077295564,-50.));
#5683=CARTESIAN_POINT('',(-54.3594208547236,7.98022077295564,-50.));
#5684=CARTESIAN_POINT('',(-54.3594208547236,7.98022077295564,-47.5546309981655));
#5685=CARTESIAN_POINT('',(-54.3594208547236,7.98022077295564,-50.));
#5686=CARTESIAN_POINT('',(-53.7910616903516,7.98022077295564,-47.6215977179192));
#5687=CARTESIAN_POINT('',(-53.7910616903516,7.98022077295562,-47.6215977179191));
#5688=CARTESIAN_POINT('',(-53.7310126176839,7.90178957424382,-47.6530879116385));
#5689=CARTESIAN_POINT('',(-53.6172569714879,7.77411610234769,-47.7232019373621));
#5690=CARTESIAN_POINT('',(-53.5143554122163,7.6740795713385,-47.7962303061527));
#5691=CARTESIAN_POINT('',(-53.4756663731708,7.63848495373869,-47.8248838220062));
#5692=CARTESIAN_POINT('',(-53.3897319663272,7.56485442057292,-47.8929720572883));
#5693=CARTESIAN_POINT('',(-53.3234450967059,7.51276190936083,-47.9494984979749));
#5694=CARTESIAN_POINT('',(-53.1623385406437,7.39378073465201,-48.0941320800863));
#5695=CARTESIAN_POINT('',(-52.9458565499111,7.26826493236609,-48.3265865538534));
#5696=CARTESIAN_POINT('',(-52.5186695476602,7.08622176224276,-48.9391243005509));
#5697=CARTESIAN_POINT('',(-52.3204035687928,7.05348401057041,-49.4900850823343));
#5698=CARTESIAN_POINT('',(-52.3204035687928,7.0534840105704,-49.9999999999999));
#5699=CARTESIAN_POINT('',(-54.3594208547236,8.5,-50.));
#5700=CARTESIAN_POINT('',(-54.3594208547236,7.98022077295564,-32.4453690018345));
#5701=CARTESIAN_POINT('',(-54.3594208547236,7.98022077295564,-32.4453690018345));
#5702=CARTESIAN_POINT('',(-54.3594208547236,10.0008784117545,-32.8748730418498));
#5703=CARTESIAN_POINT('',(-54.3594208547236,7.98022077295564,-30.));
#5704=CARTESIAN_POINT('',(-53.7910616903516,7.98022077295564,-32.3784022820808));
#5705=CARTESIAN_POINT('',(-53.7910616903516,7.98022077295564,-32.3784022820808));
#5706=CARTESIAN_POINT('',(-54.0685461653563,8.34264835146255,-32.5239172664732));
#5707=CARTESIAN_POINT('',(-54.2536797056943,8.79225154779656,-32.6162269055218));
#5708=CARTESIAN_POINT('',(-54.2965368232612,9.28211064313089,-32.7213677866011));
#5709=CARTESIAN_POINT('',(-54.2965368232612,9.28211064313089,-32.721367786601));
#5710=CARTESIAN_POINT('',(-54.2965368232612,9.28211064313089,-32.721367786601));
#5711=CARTESIAN_POINT('',(-54.3174936192198,9.52164791703545,-32.7727808567462));
#5712=CARTESIAN_POINT('',(-54.3384552240621,9.76124015673254,-32.8239363583178));
#5713=CARTESIAN_POINT('',(-54.3594208547236,10.0008784117545,-32.8748730418498));
#5714=CARTESIAN_POINT('',(-54.3594208547236,7.98022077295564,-30.));
#5715=CARTESIAN_POINT('',(-54.3594208547236,8.5,-30.));
#5716=CARTESIAN_POINT('',(-52.3204035687893,7.0534840105679,-29.9999999999999));
#5717=CARTESIAN_POINT('',(-54.3594208547236,6.,-30.));
#5718=CARTESIAN_POINT('',(-54.3594208547236,8.5,-30.));
#5719=CARTESIAN_POINT('',(-56.8047898565581,7.98022077295564,-30.));
#5720=CARTESIAN_POINT('',(-54.3594208547236,7.98022077295564,-30.));
#5721=CARTESIAN_POINT('',(-54.3594208547236,7.98022077295564,-27.5546309981655));
#5722=CARTESIAN_POINT('',(-54.3594208547236,7.98022077295564,-30.));
#5723=CARTESIAN_POINT('',(-53.7910616903516,7.98022077295564,-27.6215977179191));
#5724=CARTESIAN_POINT('',(-53.7910616903516,7.98022077295563,-27.6215977179191));
#5725=CARTESIAN_POINT('',(-53.7310126176474,7.90178957419618,-27.6530879116576));
#5726=CARTESIAN_POINT('',(-53.6172569714902,7.77411610233534,-27.7232019373656));
#5727=CARTESIAN_POINT('',(-53.5143554122151,7.67407957134469,-27.7962303061509));
#5728=CARTESIAN_POINT('',(-53.4756663731685,7.63848495374839,-27.8248838220033));
#5729=CARTESIAN_POINT('',(-53.3897319663243,7.56485442058308,-27.8929720572851));
#5730=CARTESIAN_POINT('',(-53.3234450966529,7.5127619093273,-27.9494984980196));
#5731=CARTESIAN_POINT('',(-53.1623385408555,7.3937807347862,-28.0941320799073));
#5732=CARTESIAN_POINT('',(-52.9458565501506,7.26826493247893,-28.3265865535006));
#5733=CARTESIAN_POINT('',(-52.5186695471813,7.0862217620171,-28.9391243012565));
#5734=CARTESIAN_POINT('',(-52.3204035687928,7.05348401057041,-29.4900850824195));
#5735=CARTESIAN_POINT('',(-52.3204035687928,7.0534840105704,-29.9999999999999));
#5736=CARTESIAN_POINT('',(-54.3594208547236,8.5,-30.));
#5737=CARTESIAN_POINT('',(-54.3594208547236,7.98022077295564,-12.4453690018345));
#5738=CARTESIAN_POINT('',(-54.3594208547236,7.98022077295564,-12.4453690018345));
#5739=CARTESIAN_POINT('',(-54.3594208547236,10.0008784117545,-12.8748730418498));
#5740=CARTESIAN_POINT('',(-54.3594208547236,7.98022077295564,-10.));
#5741=CARTESIAN_POINT('',(-53.7910616903516,7.98022077295564,-12.3784022820808));
#5742=CARTESIAN_POINT('',(-53.7910616903516,7.98022077295564,-12.3784022820809));
#5743=CARTESIAN_POINT('',(-54.0685461654006,8.34264835152047,-12.5239172664965));
#5744=CARTESIAN_POINT('',(-54.2536797057014,8.79225154787779,-12.6162269055392));
#5745=CARTESIAN_POINT('',(-54.2965368232612,9.28211064313089,-12.7213677866011));
#5746=CARTESIAN_POINT('',(-54.2965368232612,9.28211064313089,-12.7213677866011));
#5747=CARTESIAN_POINT('',(-54.2965368232612,9.28211064313089,-12.7213677866011));
#5748=CARTESIAN_POINT('',(-54.3174936192198,9.52164791703546,-12.7727808567462));
#5749=CARTESIAN_POINT('',(-54.3384552240621,9.76124015673254,-12.8239363583178));
#5750=CARTESIAN_POINT('',(-54.3594208547236,10.0008784117545,-12.8748730418498));
#5751=CARTESIAN_POINT('',(-54.3594208547236,7.98022077295564,-10.));
#5752=CARTESIAN_POINT('',(-54.3594208547236,8.5,-10.));
#5753=CARTESIAN_POINT('',(-52.3204035687893,7.0534840105679,-9.99999999999993));
#5754=CARTESIAN_POINT('',(-54.3594208547236,6.,-10.));
#5755=CARTESIAN_POINT('',(-54.3594208547236,8.5,-10.));
#5756=CARTESIAN_POINT('',(-56.8047898565581,7.98022077295564,-10.));
#5757=CARTESIAN_POINT('',(-54.3594208547236,7.98022077295564,-10.));
#5758=CARTESIAN_POINT('',(-54.3594208547236,7.98022077295564,-7.5546309981655));
#5759=CARTESIAN_POINT('',(-54.3594208547236,7.98022077295564,-10.));
#5760=CARTESIAN_POINT('',(-53.7910616903516,7.98022077295564,-7.62159771791916));
#5761=CARTESIAN_POINT('',(-53.7910616903516,7.98022077295563,-7.62159771791913));
#5762=CARTESIAN_POINT('',(-53.7310126176494,7.90178957419869,-7.65308791165662));
#5763=CARTESIAN_POINT('',(-53.6172569715517,7.77411610239591,-7.72320193732169));
#5764=CARTESIAN_POINT('',(-53.5143554121843,7.6740795713144,-7.79623030617283));
#5765=CARTESIAN_POINT('',(-53.4756663731234,7.63848495370409,-7.82488382203919));
#5766=CARTESIAN_POINT('',(-53.3897319662804,7.56485442054038,-7.89297205732425));
#5767=CARTESIAN_POINT('',(-53.3234450967366,7.51276190938524,-7.94949849794642));
#5768=CARTESIAN_POINT('',(-53.1623385405207,7.39378073455441,-8.09413208020013));
#5769=CARTESIAN_POINT('',(-52.9458565506463,7.26826493269137,-8.3265865527887));
#5770=CARTESIAN_POINT('',(-52.5186695461898,7.0862217615922,-8.93912430268029));
#5771=CARTESIAN_POINT('',(-52.3204035687928,7.05348401057041,-9.49008508255636));
#5772=CARTESIAN_POINT('',(-52.3204035687928,7.0534840105704,-9.99999999999993));
#5773=CARTESIAN_POINT('',(-54.3594208547236,8.5,-10.));
#5774=CARTESIAN_POINT('',(-54.3594208547236,8.5,50.));
#5775=CARTESIAN_POINT('',(-52.3204035687893,7.0534840105679,50.0000000000001));
#5776=CARTESIAN_POINT('',(-54.3594208547236,6.,50.));
#5777=CARTESIAN_POINT('',(-54.3594208547236,8.5,50.));
#5778=CARTESIAN_POINT('',(-56.8047898565581,7.98022077295564,50.));
#5779=CARTESIAN_POINT('',(-54.3594208547236,7.98022077295564,50.));
#5780=CARTESIAN_POINT('',(-54.3594208547236,7.98022077295564,52.4453690018345));
#5781=CARTESIAN_POINT('',(-54.3594208547236,7.98022077295564,50.));
#5782=CARTESIAN_POINT('',(-53.7910616903516,7.98022077295563,52.3784022820809));
#5783=CARTESIAN_POINT('',(-53.7910616903516,7.98022077295563,52.3784022820809));
#5784=CARTESIAN_POINT('',(-53.7310126176685,7.90178957422374,52.3469120883535));
#5785=CARTESIAN_POINT('',(-53.6172569714779,7.77411610233185,52.2767980626287));
#5786=CARTESIAN_POINT('',(-53.5143554122213,7.67407957134645,52.203769693852));
#5787=CARTESIAN_POINT('',(-53.4756663731779,7.63848495375058,52.1751161780014));
#5788=CARTESIAN_POINT('',(-53.3897319663338,7.56485442058471,52.10702794272));
#5789=CARTESIAN_POINT('',(-53.3234450968162,7.51276190944533,52.0505015021257));
#5790=CARTESIAN_POINT('',(-53.1623385402023,7.39378073431407,51.9058679195114));
#5791=CARTESIAN_POINT('',(-52.945856550615,7.26826493269756,51.6734134471835));
#5792=CARTESIAN_POINT('',(-52.5186695462525,7.08622176157984,51.0608756973752));
#5793=CARTESIAN_POINT('',(-52.3204035687929,7.05348401057041,50.5099149174714));
#5794=CARTESIAN_POINT('',(-52.3204035687928,7.0534840105704,50.0000000000001));
#5795=CARTESIAN_POINT('',(-54.3594208547236,8.5,50.));
#5796=CARTESIAN_POINT('',(-54.3594208547236,7.98022077295564,47.5546309981655));
#5797=CARTESIAN_POINT('',(-54.3594208547236,7.98022077295564,47.5546309981655));
#5798=CARTESIAN_POINT('',(-54.3594208547236,10.0008784117545,47.1251269581502));
#5799=CARTESIAN_POINT('',(-54.3594208547236,7.98022077295564,50.));
#5800=CARTESIAN_POINT('',(-53.7910616903516,7.98022077295564,47.6215977179192));
#5801=CARTESIAN_POINT('',(-53.7910616903516,7.98022077295563,47.6215977179192));
#5802=CARTESIAN_POINT('',(-54.0685461652922,8.34264835137882,47.4760827335604));
#5803=CARTESIAN_POINT('',(-54.253679705684,8.79225154767893,47.3837730945035));
#5804=CARTESIAN_POINT('',(-54.2965368232612,9.28211064313088,47.278632213399));
#5805=CARTESIAN_POINT('',(-54.2965368232612,9.28211064313089,47.278632213399));
#5806=CARTESIAN_POINT('',(-54.2965368232612,9.28211064313089,47.278632213399));
#5807=CARTESIAN_POINT('',(-54.3174936192198,9.52164791703545,47.2272191432538));
#5808=CARTESIAN_POINT('',(-54.3384552240621,9.76124015673254,47.1760636416822));
#5809=CARTESIAN_POINT('',(-54.3594208547236,10.0008784117545,47.1251269581502));
#5810=CARTESIAN_POINT('',(-54.3594208547236,7.98022077295564,50.));
#5811=CARTESIAN_POINT('',(-54.3594208547236,8.5,30.));
#5812=CARTESIAN_POINT('',(-52.3204035687893,7.0534840105679,30.0000000000001));
#5813=CARTESIAN_POINT('',(-54.3594208547236,6.,30.));
#5814=CARTESIAN_POINT('',(-54.3594208547236,8.5,30.));
#5815=CARTESIAN_POINT('',(-56.8047898565581,7.98022077295564,30.));
#5816=CARTESIAN_POINT('',(-54.3594208547236,7.98022077295564,30.));
#5817=CARTESIAN_POINT('',(-54.3594208547236,7.98022077295564,32.4453690018345));
#5818=CARTESIAN_POINT('',(-54.3594208547236,7.98022077295564,30.));
#5819=CARTESIAN_POINT('',(-53.7910616903516,7.98022077295563,32.3784022820808));
#5820=CARTESIAN_POINT('',(-53.7910616903516,7.98022077295562,32.3784022820809));
#5821=CARTESIAN_POINT('',(-53.7310126176417,7.90178957418863,32.3469120883394));
#5822=CARTESIAN_POINT('',(-53.6172569715382,7.77411610237973,32.2767980626677));
#5823=CARTESIAN_POINT('',(-53.5143554121911,7.67407957132249,32.2037696938325));
#5824=CARTESIAN_POINT('',(-53.4756663731332,7.63848495371605,32.1751161779695));
#5825=CARTESIAN_POINT('',(-53.3897319662898,7.56485442055206,32.1070279426852));
#5826=CARTESIAN_POINT('',(-53.323445096608,7.51276190929224,32.0505015019391));
#5827=CARTESIAN_POINT('',(-53.1623385410351,7.39378073492639,31.9058679202577));
#5828=CARTESIAN_POINT('',(-52.9458565500057,7.2682649324019,31.6734134462783));
#5829=CARTESIAN_POINT('',(-52.518669547471,7.08622176217115,31.0608756991858));
#5830=CARTESIAN_POINT('',(-52.3204035687928,7.05348401057041,30.5099149174828));
#5831=CARTESIAN_POINT('',(-52.3204035687928,7.0534840105704,30.0000000000001));
#5832=CARTESIAN_POINT('',(-54.3594208547236,8.5,30.));
#5833=CARTESIAN_POINT('',(-54.3594208547236,7.98022077295564,27.5546309981655));
#5834=CARTESIAN_POINT('',(-54.3594208547236,7.98022077295564,27.5546309981655));
#5835=CARTESIAN_POINT('',(-54.3594208547236,10.0008784117545,27.1251269581502));
#5836=CARTESIAN_POINT('',(-54.3594208547236,7.98022077295564,30.));
#5837=CARTESIAN_POINT('',(-53.7910616903516,7.98022077295564,27.6215977179191));
#5838=CARTESIAN_POINT('',(-53.7910616903516,7.98022077295564,27.6215977179191));
#5839=CARTESIAN_POINT('',(-54.06854616541,8.34264835153266,27.4760827334986));
#5840=CARTESIAN_POINT('',(-54.2536797057029,8.79225154789489,27.3837730944571));
#5841=CARTESIAN_POINT('',(-54.2965368232612,9.28211064313089,27.2786322133989));
#5842=CARTESIAN_POINT('',(-54.2965368232612,9.28211064313089,27.278632213399));
#5843=CARTESIAN_POINT('',(-54.2965368232612,9.28211064313089,27.278632213399));
#5844=CARTESIAN_POINT('',(-54.3174936192198,9.52164791703546,27.2272191432538));
#5845=CARTESIAN_POINT('',(-54.3384552240621,9.76124015673254,27.1760636416822));
#5846=CARTESIAN_POINT('',(-54.3594208547236,10.0008784117545,27.1251269581502));
#5847=CARTESIAN_POINT('',(-54.3594208547236,7.98022077295564,30.));
#5848=CARTESIAN_POINT('',(-54.3594208547236,8.5,10.));
#5849=CARTESIAN_POINT('',(-52.3204035687893,7.0534840105679,10.0000000000001));
#5850=CARTESIAN_POINT('',(-54.3594208547236,6.,10.));
#5851=CARTESIAN_POINT('',(-54.3594208547236,8.5,10.));
#5852=CARTESIAN_POINT('',(-56.8047898565581,7.98022077295564,10.));
#5853=CARTESIAN_POINT('',(-54.3594208547236,7.98022077295564,10.));
#5854=CARTESIAN_POINT('',(-54.3594208547236,7.98022077295564,12.4453690018345));
#5855=CARTESIAN_POINT('',(-54.3594208547236,7.98022077295564,10.));
#5856=CARTESIAN_POINT('',(-53.7910616903516,7.98022077295563,12.3784022820808));
#5857=CARTESIAN_POINT('',(-53.7910616903516,7.98022077295562,12.3784022820809));
#5858=CARTESIAN_POINT('',(-53.7310126177048,7.90178957427115,12.3469120883725));
#5859=CARTESIAN_POINT('',(-53.6172569713516,7.77411610222359,12.2767980625442));
#5860=CARTESIAN_POINT('',(-53.5143554122845,7.67407957140056,12.2037696938942));
#5861=CARTESIAN_POINT('',(-53.4756663732712,7.63848495382902,12.1751161780703));
#5862=CARTESIAN_POINT('',(-53.3897319664254,7.56485442065943,12.1070279427953));
#5863=CARTESIAN_POINT('',(-53.323445096706,7.5127619093656,12.0505015020276));
#5864=CARTESIAN_POINT('',(-53.162338540643,7.39378073463297,11.9058679199038));
#5865=CARTESIAN_POINT('',(-52.9458565504257,7.26826493260261,11.6734134468996));
#5866=CARTESIAN_POINT('',(-52.518669546631,7.08622176176972,11.0608756979431));
#5867=CARTESIAN_POINT('',(-52.3204035687928,7.05348401057041,10.5099149174714));
#5868=CARTESIAN_POINT('',(-52.3204035687928,7.0534840105704,10.0000000000001));
#5869=CARTESIAN_POINT('',(-54.3594208547236,8.5,10.));
#5870=CARTESIAN_POINT('',(-54.3594208547236,7.98022077295564,7.5546309981655));
#5871=CARTESIAN_POINT('',(-54.3594208547236,7.98022077295564,7.5546309981655));
#5872=CARTESIAN_POINT('',(-54.3594208547236,10.0008784117545,7.12512695815016));
#5873=CARTESIAN_POINT('',(-54.3594208547236,7.98022077295564,10.));
#5874=CARTESIAN_POINT('',(-53.7910616903516,7.98022077295564,7.62159771791916));
#5875=CARTESIAN_POINT('',(-53.7910616903516,7.98022077295564,7.62159771791915));
#5876=CARTESIAN_POINT('',(-54.068546165298,8.34264835138641,7.47608273355735));
#5877=CARTESIAN_POINT('',(-54.253679705685,8.79225154768969,7.38377309450117));
#5878=CARTESIAN_POINT('',(-54.2965368232612,9.28211064313089,7.27863221339894));
#5879=CARTESIAN_POINT('',(-54.2965368232612,9.28211064313089,7.27863221339895));
#5880=CARTESIAN_POINT('',(-54.2965368232612,9.28211064313089,7.27863221339895));
#5881=CARTESIAN_POINT('',(-54.3174936192198,9.52164791703545,7.22721914325381));
#5882=CARTESIAN_POINT('',(-54.3384552240621,9.76124015673254,7.17606364168222));
#5883=CARTESIAN_POINT('',(-54.3594208547236,10.0008784117545,7.12512695815016));
#5884=CARTESIAN_POINT('',(-54.3594208547236,7.98022077295564,10.));
#5885=CARTESIAN_POINT('',(54.3594208547236,7.98022077295563,52.4453690018345));
#5886=CARTESIAN_POINT('',(54.3594208547236,7.98022077295563,52.4453690018345));
#5887=CARTESIAN_POINT('',(54.3594208547236,10.0008784117545,52.8748730418498));
#5888=CARTESIAN_POINT('',(54.3594208547236,7.98022077295563,50.));
#5889=CARTESIAN_POINT('',(53.7910616903516,7.98022077295563,52.3784022820808));
#5890=CARTESIAN_POINT('',(53.7910616903516,7.98022077295562,52.3784022820808));
#5891=CARTESIAN_POINT('',(54.0685461653505,8.34264835145498,52.5239172664702));
#5892=CARTESIAN_POINT('',(54.2536797056934,8.79225154778585,52.6162269055195));
#5893=CARTESIAN_POINT('',(54.2965368232612,9.2821106431309,52.7213677866011));
#5894=CARTESIAN_POINT('',(54.2965368232612,9.28211064313089,52.7213677866011));
#5895=CARTESIAN_POINT('',(54.2965368232612,9.28211064313089,52.7213677866011));
#5896=CARTESIAN_POINT('',(54.3174936192198,9.52164791703546,52.7727808567462));
#5897=CARTESIAN_POINT('',(54.3384552240621,9.76124015673255,52.8239363583178));
#5898=CARTESIAN_POINT('',(54.3594208547236,10.0008784117545,52.8748730418498));
#5899=CARTESIAN_POINT('',(54.3594208547236,7.98022077295563,50.));
#5900=CARTESIAN_POINT('',(54.3594208547236,8.5,50.));
#5901=CARTESIAN_POINT('',(54.3594208547236,6.,50.));
#5902=CARTESIAN_POINT('',(52.3204035687893,7.05348401056789,49.9999999999999));
#5903=CARTESIAN_POINT('',(54.3594208547236,8.5,50.));
#5904=CARTESIAN_POINT('',(56.8047898565581,7.98022077295563,50.));
#5905=CARTESIAN_POINT('',(54.3594208547236,7.98022077295563,50.));
#5906=CARTESIAN_POINT('',(54.3594208547236,7.98022077295563,47.5546309981655));
#5907=CARTESIAN_POINT('',(54.3594208547236,7.98022077295563,50.));
#5908=CARTESIAN_POINT('',(53.7910616903516,7.98022077295563,47.6215977179192));
#5909=CARTESIAN_POINT('',(53.7910616903516,7.98022077295562,47.6215977179191));
#5910=CARTESIAN_POINT('',(53.7310126176609,7.90178957421374,47.6530879116506));
#5911=CARTESIAN_POINT('',(53.6172569714653,7.77411610231652,47.7232019373814));
#5912=CARTESIAN_POINT('',(53.5143554122275,7.67407957135405,47.796230306143));
#5913=CARTESIAN_POINT('',(53.475666373187,7.63848495376185,47.8248838219905));
#5914=CARTESIAN_POINT('',(53.3897319663425,7.56485442059574,47.8929720572711));
#5915=CARTESIAN_POINT('',(53.3234450968062,7.51276190943989,47.9494984978823));
#5916=CARTESIAN_POINT('',(53.1623385402421,7.39378073433574,48.0941320804567));
#5917=CARTESIAN_POINT('',(52.9458565506066,7.26826493269923,48.3265865528239));
#5918=CARTESIAN_POINT('',(52.5186695462693,7.08622176157642,48.9391243026101));
#5919=CARTESIAN_POINT('',(52.3204035687928,7.05348401057041,49.4900850823826));
#5920=CARTESIAN_POINT('',(52.3204035687928,7.0534840105704,49.9999999999999));
#5921=CARTESIAN_POINT('',(54.3594208547236,8.5,50.));
#5922=CARTESIAN_POINT('',(54.3594208547236,7.98022077295563,32.4453690018345));
#5923=CARTESIAN_POINT('',(54.3594208547236,7.98022077295563,32.4453690018345));
#5924=CARTESIAN_POINT('',(54.3594208547236,10.0008784117545,32.8748730418498));
#5925=CARTESIAN_POINT('',(54.3594208547236,7.98022077295563,30.));
#5926=CARTESIAN_POINT('',(53.7910616903516,7.98022077295563,32.3784022820808));
#5927=CARTESIAN_POINT('',(53.7910616903516,7.98022077295563,32.3784022820808));
#5928=CARTESIAN_POINT('',(54.0685461654065,8.34264835152809,32.5239172664995));
#5929=CARTESIAN_POINT('',(54.2536797057024,8.79225154788844,32.6162269055415));
#5930=CARTESIAN_POINT('',(54.2965368232612,9.28211064313089,32.7213677866011));
#5931=CARTESIAN_POINT('',(54.2965368232612,9.28211064313089,32.721367786601));
#5932=CARTESIAN_POINT('',(54.2965368232612,9.28211064313089,32.721367786601));
#5933=CARTESIAN_POINT('',(54.3174936192198,9.52164791703547,32.7727808567462));
#5934=CARTESIAN_POINT('',(54.338455224062,9.76124015673257,32.8239363583178));
#5935=CARTESIAN_POINT('',(54.3594208547236,10.0008784117545,32.8748730418498));
#5936=CARTESIAN_POINT('',(54.3594208547236,7.98022077295563,30.));
#5937=CARTESIAN_POINT('',(54.3594208547236,8.5,30.));
#5938=CARTESIAN_POINT('',(54.3594208547236,6.,30.));
#5939=CARTESIAN_POINT('',(52.3204035687893,7.05348401056789,29.9999999999999));
#5940=CARTESIAN_POINT('',(54.3594208547236,8.5,30.));
#5941=CARTESIAN_POINT('',(56.8047898565581,7.98022077295563,30.));
#5942=CARTESIAN_POINT('',(54.3594208547236,7.98022077295563,30.));
#5943=CARTESIAN_POINT('',(54.3594208547236,7.98022077295563,27.5546309981655));
#5944=CARTESIAN_POINT('',(54.3594208547236,7.98022077295563,30.));
#5945=CARTESIAN_POINT('',(53.7910616903516,7.98022077295563,27.6215977179191));
#5946=CARTESIAN_POINT('',(53.7910616903516,7.98022077295562,27.6215977179191));
#5947=CARTESIAN_POINT('',(53.7310126176455,7.90178957419367,27.6530879116586));
#5948=CARTESIAN_POINT('',(53.6172569715252,7.77411610236852,27.7232019373411));
#5949=CARTESIAN_POINT('',(53.5143554121976,7.67407957132808,27.7962303061631));
#5950=CARTESIAN_POINT('',(53.4756663731429,7.63848495372416,27.8248838220233));
#5951=CARTESIAN_POINT('',(53.3897319662993,7.56485442055979,27.892972057307));
#5952=CARTESIAN_POINT('',(53.3234450968907,7.51276190950115,27.949498497807));
#5953=CARTESIAN_POINT('',(53.1623385399045,7.39378073409072,28.0941320807576));
#5954=CARTESIAN_POINT('',(52.9458565508234,7.26826493280331,28.3265865525027));
#5955=CARTESIAN_POINT('',(52.5186695458357,7.0862217613683,28.9391243032523));
#5956=CARTESIAN_POINT('',(52.3204035687928,7.05348401057041,29.4900850822727));
#5957=CARTESIAN_POINT('',(52.3204035687928,7.0534840105704,29.9999999999999));
#5958=CARTESIAN_POINT('',(54.3594208547236,8.5,30.));
#5959=CARTESIAN_POINT('',(54.3594208547236,7.98022077295564,12.4453690018345));
#5960=CARTESIAN_POINT('',(54.3594208547236,7.98022077295564,12.4453690018345));
#5961=CARTESIAN_POINT('',(54.3594208547236,10.0008784117545,12.8748730418499));
#5962=CARTESIAN_POINT('',(54.3594208547236,7.98022077295564,10.));
#5963=CARTESIAN_POINT('',(53.7910616903516,7.98022077295564,12.3784022820808));
#5964=CARTESIAN_POINT('',(53.7910616903516,7.98022077295564,12.3784022820809));
#5965=CARTESIAN_POINT('',(54.0685461652887,8.34264835137421,12.5239172664378));
#5966=CARTESIAN_POINT('',(54.2536797056835,8.7922515476727,12.6162269054952));
#5967=CARTESIAN_POINT('',(54.2965368232612,9.28211064313089,12.7213677866011));
#5968=CARTESIAN_POINT('',(54.2965368232612,9.28211064313089,12.7213677866011));
#5969=CARTESIAN_POINT('',(54.2965368232612,9.28211064313089,12.7213677866011));
#5970=CARTESIAN_POINT('',(54.3174936192198,9.52164791703548,12.7727808567462));
#5971=CARTESIAN_POINT('',(54.338455224062,9.76124015673259,12.8239363583178));
#5972=CARTESIAN_POINT('',(54.3594208547236,10.0008784117545,12.8748730418499));
#5973=CARTESIAN_POINT('',(54.3594208547236,7.98022077295564,10.));
#5974=CARTESIAN_POINT('',(54.3594208547236,8.5,10.));
#5975=CARTESIAN_POINT('',(54.3594208547236,6.,10.));
#5976=CARTESIAN_POINT('',(52.3204035687893,7.05348401056789,9.99999999999993));
#5977=CARTESIAN_POINT('',(54.3594208547236,8.5,10.));
#5978=CARTESIAN_POINT('',(56.8047898565581,7.98022077295564,10.));
#5979=CARTESIAN_POINT('',(54.3594208547236,7.98022077295564,10.));
#5980=CARTESIAN_POINT('',(54.3594208547236,7.98022077295564,7.5546309981655));
#5981=CARTESIAN_POINT('',(54.3594208547236,7.98022077295564,10.));
#5982=CARTESIAN_POINT('',(53.7910616903516,7.98022077295564,7.62159771791917));
#5983=CARTESIAN_POINT('',(53.7910616903516,7.98022077295563,7.62159771791913));
#5984=CARTESIAN_POINT('',(53.7310126176494,7.90178957419871,7.65308791165661));
#5985=CARTESIAN_POINT('',(53.617256971609,7.77411610245163,7.72320193728101));
#5986=CARTESIAN_POINT('',(53.5143554121557,7.67407957128653,7.79623030619318));
#5987=CARTESIAN_POINT('',(53.4756663730814,7.63848495366335,7.82488382207242));
#5988=CARTESIAN_POINT('',(53.3897319662395,7.56485442050115,7.89297205736052));
#5989=CARTESIAN_POINT('',(53.3234450967227,7.51276190937168,7.94949849796052));
#5990=CARTESIAN_POINT('',(53.162338540576,7.39378073460863,8.09413208014377));
#5991=CARTESIAN_POINT('',(52.9458565499262,7.26826493236956,8.3265865538344));
#5992=CARTESIAN_POINT('',(52.51866954763,7.08622176223582,8.93912430058895));
#5993=CARTESIAN_POINT('',(52.3204035687928,7.05348401057041,9.49008508281762));
#5994=CARTESIAN_POINT('',(52.3204035687928,7.0534840105704,9.99999999999993));
#5995=CARTESIAN_POINT('',(54.3594208547236,8.5,10.));
#5996=CARTESIAN_POINT('',(54.3594208547236,8.5,-50.));
#5997=CARTESIAN_POINT('',(54.3594208547236,6.,-50.));
#5998=CARTESIAN_POINT('',(52.3204035687893,7.0534840105679,-50.0000000000001));
#5999=CARTESIAN_POINT('',(54.3594208547236,8.5,-50.));
#6000=CARTESIAN_POINT('',(56.8047898565581,7.98022077295563,-50.));
#6001=CARTESIAN_POINT('',(54.3594208547236,7.98022077295563,-50.));
#6002=CARTESIAN_POINT('',(54.3594208547236,7.98022077295563,-52.4453690018345));
#6003=CARTESIAN_POINT('',(54.3594208547236,7.98022077295563,-50.));
#6004=CARTESIAN_POINT('',(53.7910616903516,7.98022077295563,-52.3784022820808));
#6005=CARTESIAN_POINT('',(53.7910616903516,7.98022077295561,-52.3784022820809));
#6006=CARTESIAN_POINT('',(53.7310126176302,7.90178957417366,-52.3469120883333));
#6007=CARTESIAN_POINT('',(53.6172569715684,7.77411610240444,-52.2767980626874));
#6008=CARTESIAN_POINT('',(53.514355412176,7.6740795713101,-52.2037696938226));
#6009=CARTESIAN_POINT('',(53.4756663731109,7.63848495369816,-52.1751161779533));
#6010=CARTESIAN_POINT('',(53.3897319662678,7.56485442053511,-52.1070279426676));
#6011=CARTESIAN_POINT('',(53.3234450968169,7.51276190944659,-52.0505015021267));
#6012=CARTESIAN_POINT('',(53.1623385401993,7.39378073430897,-51.9058679195073));
#6013=CARTESIAN_POINT('',(52.9458565502934,7.2682649325633,-51.6734134467249));
#6014=CARTESIAN_POINT('',(52.5186695468957,7.0862217618483,-51.0608756982925));
#6015=CARTESIAN_POINT('',(52.3204035687928,7.05348401057041,-50.5099149175804));
#6016=CARTESIAN_POINT('',(52.3204035687928,7.0534840105704,-50.0000000000001));
#6017=CARTESIAN_POINT('',(54.3594208547236,8.5,-50.));
#6018=CARTESIAN_POINT('',(54.3594208547236,7.98022077295563,-47.5546309981655));
#6019=CARTESIAN_POINT('',(54.3594208547236,7.98022077295563,-47.5546309981655));
#6020=CARTESIAN_POINT('',(54.3594208547236,10.0008784117546,-47.1251269581501));
#6021=CARTESIAN_POINT('',(54.3594208547236,7.98022077295563,-50.));
#6022=CARTESIAN_POINT('',(53.7910616903516,7.98022077295563,-47.6215977179192));
#6023=CARTESIAN_POINT('',(53.7910616903516,7.98022077295562,-47.6215977179192));
#6024=CARTESIAN_POINT('',(54.0685461653598,8.34264835146711,-47.4760827335249));
#6025=CARTESIAN_POINT('',(54.2536797056949,8.79225154780283,-47.3837730944769));
#6026=CARTESIAN_POINT('',(54.2965368232612,9.28211064313088,-47.2786322133989));
#6027=CARTESIAN_POINT('',(54.2965368232612,9.28211064313089,-47.278632213399));
#6028=CARTESIAN_POINT('',(54.2965368232612,9.28211064313089,-47.278632213399));
#6029=CARTESIAN_POINT('',(54.3174936192198,9.5216479170355,-47.2272191432538));
#6030=CARTESIAN_POINT('',(54.338455224062,9.76124015673264,-47.1760636416822));
#6031=CARTESIAN_POINT('',(54.3594208547236,10.0008784117546,-47.1251269581501));
#6032=CARTESIAN_POINT('',(54.3594208547236,7.98022077295563,-50.));
#6033=CARTESIAN_POINT('',(54.3594208547236,8.5,-30.));
#6034=CARTESIAN_POINT('',(54.3594208547236,6.,-30.));
#6035=CARTESIAN_POINT('',(52.3204035687893,7.0534840105679,-30.0000000000001));
#6036=CARTESIAN_POINT('',(54.3594208547236,8.5,-30.));
#6037=CARTESIAN_POINT('',(56.8047898565581,7.98022077295563,-30.));
#6038=CARTESIAN_POINT('',(54.3594208547236,7.98022077295563,-30.));
#6039=CARTESIAN_POINT('',(54.3594208547236,7.98022077295563,-32.4453690018345));
#6040=CARTESIAN_POINT('',(54.3594208547236,7.98022077295563,-30.));
#6041=CARTESIAN_POINT('',(53.7910616903516,7.98022077295563,-32.3784022820808));
#6042=CARTESIAN_POINT('',(53.7910616903516,7.98022077295562,-32.3784022820809));
#6043=CARTESIAN_POINT('',(53.7310126176474,7.90178957419617,-32.3469120883424));
#6044=CARTESIAN_POINT('',(53.6172569715887,7.77411610243113,-32.2767980627043));
#6045=CARTESIAN_POINT('',(53.5143554121658,7.67407957129678,-32.2037696938142));
#6046=CARTESIAN_POINT('',(53.4756663730963,7.63848495367838,-32.1751161779396));
#6047=CARTESIAN_POINT('',(53.3897319662539,7.56485442051566,-32.1070279426526));
#6048=CARTESIAN_POINT('',(53.3234450968926,7.5127619094986,-32.0505015021927));
#6049=CARTESIAN_POINT('',(53.1623385398966,7.39378073410094,-31.9058679192433));
#6050=CARTESIAN_POINT('',(52.9458565506932,7.26826493273338,-31.673413447298));
#6051=CARTESIAN_POINT('',(52.5186695460959,7.08622176150816,-31.0608756971463));
#6052=CARTESIAN_POINT('',(52.3204035687928,7.05348401057041,-30.5099149175981));
#6053=CARTESIAN_POINT('',(52.3204035687928,7.0534840105704,-30.0000000000001));
#6054=CARTESIAN_POINT('',(54.3594208547236,8.5,-30.));
#6055=CARTESIAN_POINT('',(54.3594208547236,7.98022077295563,-27.5546309981655));
#6056=CARTESIAN_POINT('',(54.3594208547236,7.98022077295563,-27.5546309981655));
#6057=CARTESIAN_POINT('',(54.3594208547236,10.0008784117546,-27.1251269581501));
#6058=CARTESIAN_POINT('',(54.3594208547236,7.98022077295563,-30.));
#6059=CARTESIAN_POINT('',(53.7910616903516,7.98022077295563,-27.6215977179191));
#6060=CARTESIAN_POINT('',(53.7910616903516,7.98022077295563,-27.6215977179191));
#6061=CARTESIAN_POINT('',(54.06854616541,8.34264835153269,-27.4760827334986));
#6062=CARTESIAN_POINT('',(54.253679705703,8.79225154789495,-27.3837730944571));
#6063=CARTESIAN_POINT('',(54.2965368232612,9.28211064313089,-27.2786322133989));
#6064=CARTESIAN_POINT('',(54.2965368232612,9.28211064313089,-27.278632213399));
#6065=CARTESIAN_POINT('',(54.2965368232612,9.28211064313089,-27.278632213399));
#6066=CARTESIAN_POINT('',(54.3174936192198,9.5216479170355,-27.2272191432538));
#6067=CARTESIAN_POINT('',(54.338455224062,9.76124015673262,-27.1760636416822));
#6068=CARTESIAN_POINT('',(54.3594208547236,10.0008784117546,-27.1251269581501));
#6069=CARTESIAN_POINT('',(54.3594208547236,7.98022077295563,-30.));
#6070=CARTESIAN_POINT('',(54.3594208547236,8.5,-10.));
#6071=CARTESIAN_POINT('',(54.3594208547236,6.,-10.));
#6072=CARTESIAN_POINT('',(52.3204035687893,7.05348401056789,-10.0000000000001));
#6073=CARTESIAN_POINT('',(54.3594208547236,8.5,-10.));
#6074=CARTESIAN_POINT('',(56.8047898565581,7.98022077295564,-10.));
#6075=CARTESIAN_POINT('',(54.3594208547236,7.98022077295564,-10.));
#6076=CARTESIAN_POINT('',(54.3594208547236,7.98022077295564,-12.4453690018345));
#6077=CARTESIAN_POINT('',(54.3594208547236,7.98022077295564,-10.));
#6078=CARTESIAN_POINT('',(53.7910616903516,7.98022077295563,-12.3784022820808));
#6079=CARTESIAN_POINT('',(53.7910616903516,7.98022077295562,-12.3784022820809));
#6080=CARTESIAN_POINT('',(53.7310126176513,7.90178957420117,-12.3469120883444));
#6081=CARTESIAN_POINT('',(53.6172569715099,7.77411610235598,-12.2767980626489));
#6082=CARTESIAN_POINT('',(53.5143554122053,7.67407957133435,-12.2037696938419));
#6083=CARTESIAN_POINT('',(53.4756663731542,7.63848495373321,-12.1751161779848));
#6084=CARTESIAN_POINT('',(53.3897319663104,7.56485442056837,-12.107027942702));
#6085=CARTESIAN_POINT('',(53.323445096737,7.51276190938768,-12.050501502055));
#6086=CARTESIAN_POINT('',(53.162338540519,7.39378073454461,-11.905867919794));
#6087=CARTESIAN_POINT('',(52.9458565502613,7.26826493253522,-11.6734134466662));
#6088=CARTESIAN_POINT('',(52.5186695469598,7.08622176190445,-11.0608756984098));
#6089=CARTESIAN_POINT('',(52.3204035687928,7.05348401057041,-10.509914917665));
#6090=CARTESIAN_POINT('',(52.3204035687928,7.0534840105704,-10.0000000000001));
#6091=CARTESIAN_POINT('',(54.3594208547236,8.5,-10.));
#6092=CARTESIAN_POINT('',(54.3594208547236,7.98022077295564,-7.5546309981655));
#6093=CARTESIAN_POINT('',(54.3594208547236,7.98022077295564,-7.5546309981655));
#6094=CARTESIAN_POINT('',(54.3594208547236,10.0008784117545,-7.12512695815014));
#6095=CARTESIAN_POINT('',(54.3594208547236,7.98022077295564,-10.));
#6096=CARTESIAN_POINT('',(53.7910616903516,7.98022077295564,-7.62159771791917));
#6097=CARTESIAN_POINT('',(53.7910616903516,7.98022077295563,-7.62159771791915));
#6098=CARTESIAN_POINT('',(54.0685461653039,8.34264835139405,-7.47608273355428));
#6099=CARTESIAN_POINT('',(54.253679705686,8.79225154770039,-7.38377309449887));
#6100=CARTESIAN_POINT('',(54.2965368232612,9.28211064313089,-7.27863221339894));
#6101=CARTESIAN_POINT('',(54.2965368232612,9.28211064313089,-7.27863221339895));
#6102=CARTESIAN_POINT('',(54.2965368232612,9.28211064313089,-7.27863221339895));
#6103=CARTESIAN_POINT('',(54.3174936192198,9.52164791703549,-7.2272191432538));
#6104=CARTESIAN_POINT('',(54.338455224062,9.7612401567326,-7.17606364168221));
#6105=CARTESIAN_POINT('',(54.3594208547236,10.0008784117545,-7.12512695815014));
#6106=CARTESIAN_POINT('',(54.3594208547236,7.98022077295564,-10.));
#6107=CARTESIAN_POINT('',(89.1364928262978,24.6175651726924,-20.));
#6108=CARTESIAN_POINT('',(74.,58.6146846884946,-20.));
#6109=CARTESIAN_POINT('',(69.8213884026524,68.,-20.));
#6110=CARTESIAN_POINT('',(74.,58.6146846884946,-20.));
#6111=CARTESIAN_POINT('',(74.,58.6146846884946,-19.3));
#6112=CARTESIAN_POINT('',(74.,56.8936693535926,-19.3));
#6113=CARTESIAN_POINT('',(74.,56.8936693535926,-20.));
#6114=CARTESIAN_POINT('',(74.,56.8936693535926,-20.));
#6115=CARTESIAN_POINT('',(88.497011005948,24.3328495225393,-20.));
#6116=CARTESIAN_POINT('',(69.0551430076981,68.,-20.));
#6117=CARTESIAN_POINT('',(69.8213884026524,68.,-20.));
#6118=CARTESIAN_POINT('',(69.8213884026523,68.,-19.3));
#6119=CARTESIAN_POINT('',(69.0551430076981,68.,-19.3));
#6120=CARTESIAN_POINT('',(69.0551430076981,68.,-20.));
#6121=CARTESIAN_POINT('',(88.8167519161229,24.4752073476158,-20.));
#6122=CARTESIAN_POINT('',(89.1364928262978,24.6175651726924,-40.));
#6123=CARTESIAN_POINT('',(74.,58.6146846884946,-40.));
#6124=CARTESIAN_POINT('',(69.8213884026524,68.,-40.));
#6125=CARTESIAN_POINT('',(74.,58.6146846884946,-40.));
#6126=CARTESIAN_POINT('',(74.,58.6146846884947,-39.3));
#6127=CARTESIAN_POINT('',(74.,56.8936693535927,-39.3));
#6128=CARTESIAN_POINT('',(74.,56.8936693535926,-40.));
#6129=CARTESIAN_POINT('',(74.,56.8936693535926,-40.));
#6130=CARTESIAN_POINT('',(88.497011005948,24.3328495225393,-40.));
#6131=CARTESIAN_POINT('',(69.0551430076981,68.,-40.));
#6132=CARTESIAN_POINT('',(69.8213884026524,68.,-40.));
#6133=CARTESIAN_POINT('',(69.8213884026523,68.,-39.3));
#6134=CARTESIAN_POINT('',(69.0551430076981,68.,-39.3));
#6135=CARTESIAN_POINT('',(69.0551430076981,68.,-40.));
#6136=CARTESIAN_POINT('',(88.8167519161229,24.4752073476158,-40.));
#6137=CARTESIAN_POINT('',(89.1364928262978,24.6175651726924,4.28626379701585E-17));
#6138=CARTESIAN_POINT('',(74.,58.6146846884946,4.28626379701585E-17));
#6139=CARTESIAN_POINT('',(69.8213884026524,68.,4.28626379701585E-17));
#6140=CARTESIAN_POINT('',(74.,58.6146846884946,4.28626379701585E-17));
#6141=CARTESIAN_POINT('',(74.,58.6146846884946,0.700000000000018));
#6142=CARTESIAN_POINT('',(74.,56.8936693535926,0.700000000000018));
#6143=CARTESIAN_POINT('',(74.,56.8936693535926,0.));
#6144=CARTESIAN_POINT('',(74.,56.8936693535926,0.));
#6145=CARTESIAN_POINT('',(88.497011005948,24.3328495225393,0.));
#6146=CARTESIAN_POINT('',(69.0551430076981,68.,0.));
#6147=CARTESIAN_POINT('',(69.8213884026524,68.,4.28626379701585E-17));
#6148=CARTESIAN_POINT('',(69.8213884026523,68.,0.700000000000018));
#6149=CARTESIAN_POINT('',(69.0551430076981,68.,0.700000000000018));
#6150=CARTESIAN_POINT('',(69.0551430076981,68.,0.));
#6151=CARTESIAN_POINT('',(88.8167519161229,24.4752073476158,0.));
#6152=CARTESIAN_POINT('',(89.1364928262978,24.6175651726924,20.));
#6153=CARTESIAN_POINT('',(74.,58.6146846884946,20.));
#6154=CARTESIAN_POINT('',(69.8213884026524,68.,20.));
#6155=CARTESIAN_POINT('',(74.,58.6146846884946,20.));
#6156=CARTESIAN_POINT('',(74.,58.6146846884946,20.7));
#6157=CARTESIAN_POINT('',(74.,56.8936693535926,20.7));
#6158=CARTESIAN_POINT('',(74.,56.8936693535926,20.));
#6159=CARTESIAN_POINT('',(74.,56.8936693535926,20.));
#6160=CARTESIAN_POINT('',(88.497011005948,24.3328495225393,20.));
#6161=CARTESIAN_POINT('',(69.0551430076981,68.,20.));
#6162=CARTESIAN_POINT('',(69.8213884026524,68.,20.));
#6163=CARTESIAN_POINT('',(69.8213884026523,68.,20.7));
#6164=CARTESIAN_POINT('',(69.0551430076981,68.,20.7));
#6165=CARTESIAN_POINT('',(69.0551430076981,68.,20.));
#6166=CARTESIAN_POINT('',(88.8167519161229,24.4752073476158,20.));
#6167=CARTESIAN_POINT('',(89.1364928262978,24.6175651726924,40.));
#6168=CARTESIAN_POINT('',(74.,58.6146846884946,40.));
#6169=CARTESIAN_POINT('',(69.8213884026524,68.,40.));
#6170=CARTESIAN_POINT('',(74.,58.6146846884946,40.));
#6171=CARTESIAN_POINT('',(74.,58.6146846884946,40.7));
#6172=CARTESIAN_POINT('',(74.,56.8936693535926,40.7));
#6173=CARTESIAN_POINT('',(74.,56.8936693535926,40.));
#6174=CARTESIAN_POINT('',(74.,56.8936693535926,40.));
#6175=CARTESIAN_POINT('',(88.497011005948,24.3328495225393,40.));
#6176=CARTESIAN_POINT('',(69.0551430076981,68.,40.));
#6177=CARTESIAN_POINT('',(69.8213884026524,68.,40.));
#6178=CARTESIAN_POINT('',(69.8213884026523,68.,40.7));
#6179=CARTESIAN_POINT('',(69.0551430076981,68.,40.7));
#6180=CARTESIAN_POINT('',(69.0551430076981,68.,40.));
#6181=CARTESIAN_POINT('',(88.8167519161229,24.4752073476158,40.));
#6182=CARTESIAN_POINT('',(-88.497011005948,24.3328495225393,-20.));
#6183=CARTESIAN_POINT('',(-69.0551430076981,68.,-20.));
#6184=CARTESIAN_POINT('',(-74.,56.8936693535926,-20.));
#6185=CARTESIAN_POINT('',(-74.,58.6146846884946,-20.));
#6186=CARTESIAN_POINT('',(-74.,58.6146846884946,-19.3));
#6187=CARTESIAN_POINT('',(-74.,56.8936693535926,-19.3));
#6188=CARTESIAN_POINT('',(-74.,56.8936693535926,-20.));
#6189=CARTESIAN_POINT('',(-74.,58.6146846884946,-20.));
#6190=CARTESIAN_POINT('',(-89.1364928262978,24.6175651726924,-20.));
#6191=CARTESIAN_POINT('',(-69.8213884026524,68.,-20.));
#6192=CARTESIAN_POINT('',(-69.8213884026524,68.,-20.));
#6193=CARTESIAN_POINT('',(-69.8213884026523,68.,-19.3));
#6194=CARTESIAN_POINT('',(-69.0551430076981,68.,-19.3));
#6195=CARTESIAN_POINT('',(-69.0551430076981,68.,-20.));
#6196=CARTESIAN_POINT('',(-88.8167519161229,24.4752073476158,-20.));
#6197=CARTESIAN_POINT('',(-88.497011005948,24.3328495225393,-40.));
#6198=CARTESIAN_POINT('',(-69.0551430076981,68.,-40.));
#6199=CARTESIAN_POINT('',(-74.,56.8936693535926,-40.));
#6200=CARTESIAN_POINT('',(-74.,58.6146846884946,-40.));
#6201=CARTESIAN_POINT('',(-74.,58.6146846884946,-39.3));
#6202=CARTESIAN_POINT('',(-74.,56.8936693535926,-39.3));
#6203=CARTESIAN_POINT('',(-74.,56.8936693535926,-40.));
#6204=CARTESIAN_POINT('',(-74.,58.6146846884946,-40.));
#6205=CARTESIAN_POINT('',(-89.1364928262978,24.6175651726924,-40.));
#6206=CARTESIAN_POINT('',(-69.8213884026524,68.,-40.));
#6207=CARTESIAN_POINT('',(-69.8213884026524,68.,-40.));
#6208=CARTESIAN_POINT('',(-69.8213884026523,68.,-39.3));
#6209=CARTESIAN_POINT('',(-69.0551430076981,68.,-39.3));
#6210=CARTESIAN_POINT('',(-69.0551430076981,68.,-40.));
#6211=CARTESIAN_POINT('',(-88.8167519161229,24.4752073476158,-40.));
#6212=CARTESIAN_POINT('',(-88.497011005948,24.3328495225393,4.28626379701585E-17));
#6213=CARTESIAN_POINT('',(-69.0551430076981,68.,4.28626379701585E-17));
#6214=CARTESIAN_POINT('',(-74.,56.8936693535926,4.28626379701585E-17));
#6215=CARTESIAN_POINT('',(-74.,58.6146846884946,0.));
#6216=CARTESIAN_POINT('',(-74.,58.6146846884946,0.700000000000018));
#6217=CARTESIAN_POINT('',(-74.,56.8936693535926,0.700000000000018));
#6218=CARTESIAN_POINT('',(-74.,56.8936693535926,4.28626379701585E-17));
#6219=CARTESIAN_POINT('',(-74.,58.6146846884946,0.));
#6220=CARTESIAN_POINT('',(-89.1364928262978,24.6175651726924,0.));
#6221=CARTESIAN_POINT('',(-69.8213884026524,68.,0.));
#6222=CARTESIAN_POINT('',(-69.8213884026524,68.,0.));
#6223=CARTESIAN_POINT('',(-69.8213884026523,68.,0.700000000000018));
#6224=CARTESIAN_POINT('',(-69.0551430076981,68.,0.700000000000018));
#6225=CARTESIAN_POINT('',(-69.0551430076981,68.,4.28626379701585E-17));
#6226=CARTESIAN_POINT('',(-88.8167519161229,24.4752073476158,0.));
#6227=CARTESIAN_POINT('',(-88.497011005948,24.3328495225393,20.));
#6228=CARTESIAN_POINT('',(-69.0551430076981,68.,20.));
#6229=CARTESIAN_POINT('',(-74.,56.8936693535926,20.));
#6230=CARTESIAN_POINT('',(-74.,58.6146846884946,20.));
#6231=CARTESIAN_POINT('',(-74.,58.6146846884946,20.7));
#6232=CARTESIAN_POINT('',(-74.,56.8936693535926,20.7));
#6233=CARTESIAN_POINT('',(-74.,56.8936693535926,20.));
#6234=CARTESIAN_POINT('',(-74.,58.6146846884946,20.));
#6235=CARTESIAN_POINT('',(-89.1364928262978,24.6175651726924,20.));
#6236=CARTESIAN_POINT('',(-69.8213884026524,68.,20.));
#6237=CARTESIAN_POINT('',(-69.8213884026524,68.,20.));
#6238=CARTESIAN_POINT('',(-69.8213884026523,68.,20.7));
#6239=CARTESIAN_POINT('',(-69.0551430076981,68.,20.7));
#6240=CARTESIAN_POINT('',(-69.0551430076981,68.,20.));
#6241=CARTESIAN_POINT('',(-88.8167519161229,24.4752073476158,20.));
#6242=CARTESIAN_POINT('',(-88.497011005948,24.3328495225393,40.));
#6243=CARTESIAN_POINT('',(-69.0551430076981,68.,40.));
#6244=CARTESIAN_POINT('',(-74.,56.8936693535926,40.));
#6245=CARTESIAN_POINT('',(-74.,58.6146846884946,40.));
#6246=CARTESIAN_POINT('',(-74.,58.6146846884946,40.7));
#6247=CARTESIAN_POINT('',(-74.,56.8936693535926,40.7));
#6248=CARTESIAN_POINT('',(-74.,56.8936693535926,40.));
#6249=CARTESIAN_POINT('',(-74.,58.6146846884946,40.));
#6250=CARTESIAN_POINT('',(-89.1364928262978,24.6175651726924,40.));
#6251=CARTESIAN_POINT('',(-69.8213884026524,68.,40.));
#6252=CARTESIAN_POINT('',(-69.8213884026524,68.,40.));
#6253=CARTESIAN_POINT('',(-69.8213884026523,68.,40.7));
#6254=CARTESIAN_POINT('',(-69.0551430076981,68.,40.7));
#6255=CARTESIAN_POINT('',(-69.0551430076981,68.,40.));
#6256=CARTESIAN_POINT('',(-88.8167519161229,24.4752073476158,40.));
#6257=CARTESIAN_POINT('',(30.,27.599989343991,97.0423866385239));
#6258=CARTESIAN_POINT('',(30.,68.,79.0551430076981));
#6259=CARTESIAN_POINT('',(30.,56.8936693535926,84.));
#6260=CARTESIAN_POINT('',(30.,56.8936693535926,84.));
#6261=CARTESIAN_POINT('',(30.7,56.8936693535926,84.));
#6262=CARTESIAN_POINT('',(30.7,58.6146846884946,84.));
#6263=CARTESIAN_POINT('',(30.,58.6146846884946,84.));
#6264=CARTESIAN_POINT('',(30.,58.6146846884946,84.));
#6265=CARTESIAN_POINT('',(30.,27.8847049941441,97.6818684588737));
#6266=CARTESIAN_POINT('',(30.,68.,79.8213884026524));
#6267=CARTESIAN_POINT('',(30.,68.,79.0551430076981));
#6268=CARTESIAN_POINT('',(30.7,68.,79.0551430076981));
#6269=CARTESIAN_POINT('',(30.7,68.,79.8213884026523));
#6270=CARTESIAN_POINT('',(30.,68.,79.8213884026524));
#6271=CARTESIAN_POINT('',(30.,27.7423471690675,97.3621275486988));
#6272=CARTESIAN_POINT('',(10.,27.599989343991,97.0423866385239));
#6273=CARTESIAN_POINT('',(10.,68.,79.0551430076981));
#6274=CARTESIAN_POINT('',(10.,56.8936693535926,84.));
#6275=CARTESIAN_POINT('',(10.,56.8936693535926,84.));
#6276=CARTESIAN_POINT('',(10.7,56.8936693535925,84.));
#6277=CARTESIAN_POINT('',(10.7,58.6146846884945,84.));
#6278=CARTESIAN_POINT('',(10.,58.6146846884946,84.));
#6279=CARTESIAN_POINT('',(10.,58.6146846884946,84.));
#6280=CARTESIAN_POINT('',(10.,27.8847049941441,97.6818684588737));
#6281=CARTESIAN_POINT('',(10.,68.,79.8213884026523));
#6282=CARTESIAN_POINT('',(10.,68.,79.0551430076981));
#6283=CARTESIAN_POINT('',(10.7,68.,79.0551430076981));
#6284=CARTESIAN_POINT('',(10.7,68.,79.8213884026523));
#6285=CARTESIAN_POINT('',(10.,68.,79.8213884026523));
#6286=CARTESIAN_POINT('',(10.,27.7423471690675,97.3621275486988));
#6287=CARTESIAN_POINT('',(-10.,27.599989343991,97.0423866385239));
#6288=CARTESIAN_POINT('',(-10.,68.,79.0551430076981));
#6289=CARTESIAN_POINT('',(-10.,56.8936693535926,84.));
#6290=CARTESIAN_POINT('',(-10.,56.8936693535926,84.));
#6291=CARTESIAN_POINT('',(-9.3,56.8936693535925,84.));
#6292=CARTESIAN_POINT('',(-9.3,58.6146846884945,84.));
#6293=CARTESIAN_POINT('',(-10.,58.6146846884946,84.));
#6294=CARTESIAN_POINT('',(-10.,58.6146846884946,84.));
#6295=CARTESIAN_POINT('',(-10.,27.8847049941441,97.6818684588737));
#6296=CARTESIAN_POINT('',(-10.,68.,79.8213884026523));
#6297=CARTESIAN_POINT('',(-10.,68.,79.0551430076981));
#6298=CARTESIAN_POINT('',(-9.3,68.,79.0551430076981));
#6299=CARTESIAN_POINT('',(-9.3,68.,79.8213884026523));
#6300=CARTESIAN_POINT('',(-10.,68.,79.8213884026523));
#6301=CARTESIAN_POINT('',(-10.,27.7423471690675,97.3621275486988));
#6302=CARTESIAN_POINT('',(-30.,27.599989343991,97.0423866385239));
#6303=CARTESIAN_POINT('',(-30.,68.,79.0551430076981));
#6304=CARTESIAN_POINT('',(-30.,56.8936693535926,84.));
#6305=CARTESIAN_POINT('',(-30.,56.8936693535926,84.));
#6306=CARTESIAN_POINT('',(-29.3,56.8936693535925,84.));
#6307=CARTESIAN_POINT('',(-29.3,58.6146846884945,84.));
#6308=CARTESIAN_POINT('',(-30.,58.6146846884946,84.));
#6309=CARTESIAN_POINT('',(-30.,58.6146846884946,84.));
#6310=CARTESIAN_POINT('',(-30.,27.8847049941441,97.6818684588737));
#6311=CARTESIAN_POINT('',(-30.,68.,79.8213884026524));
#6312=CARTESIAN_POINT('',(-30.,68.,79.0551430076981));
#6313=CARTESIAN_POINT('',(-29.3,68.,79.0551430076981));
#6314=CARTESIAN_POINT('',(-29.3,68.,79.8213884026523));
#6315=CARTESIAN_POINT('',(-30.,68.,79.8213884026524));
#6316=CARTESIAN_POINT('',(-30.,27.7423471690675,97.3621275486988));
#6317=CARTESIAN_POINT('',(30.,27.8847049941441,-97.6818684588737));
#6318=CARTESIAN_POINT('',(30.,58.6146846884946,-84.));
#6319=CARTESIAN_POINT('',(30.,68.,-79.8213884026524));
#6320=CARTESIAN_POINT('',(30.,56.8936693535926,-84.));
#6321=CARTESIAN_POINT('',(30.7,56.8936693535926,-84.));
#6322=CARTESIAN_POINT('',(30.7,58.6146846884946,-84.));
#6323=CARTESIAN_POINT('',(30.,58.6146846884946,-84.));
#6324=CARTESIAN_POINT('',(30.,56.8936693535926,-84.));
#6325=CARTESIAN_POINT('',(30.,27.599989343991,-97.0423866385239));
#6326=CARTESIAN_POINT('',(30.,68.,-79.0551430076981));
#6327=CARTESIAN_POINT('',(30.,68.,-79.0551430076981));
#6328=CARTESIAN_POINT('',(30.7,68.,-79.0551430076981));
#6329=CARTESIAN_POINT('',(30.7,68.,-79.8213884026523));
#6330=CARTESIAN_POINT('',(30.,68.,-79.8213884026524));
#6331=CARTESIAN_POINT('',(30.,27.7423471690675,-97.3621275486988));
#6332=CARTESIAN_POINT('',(10.,27.8847049941441,-97.6818684588737));
#6333=CARTESIAN_POINT('',(10.,58.6146846884946,-84.));
#6334=CARTESIAN_POINT('',(10.,68.,-79.8213884026523));
#6335=CARTESIAN_POINT('',(10.,56.8936693535926,-84.));
#6336=CARTESIAN_POINT('',(10.7,56.8936693535926,-84.));
#6337=CARTESIAN_POINT('',(10.7,58.6146846884946,-84.));
#6338=CARTESIAN_POINT('',(10.,58.6146846884946,-84.));
#6339=CARTESIAN_POINT('',(10.,56.8936693535926,-84.));
#6340=CARTESIAN_POINT('',(10.,27.599989343991,-97.0423866385239));
#6341=CARTESIAN_POINT('',(10.,68.,-79.0551430076981));
#6342=CARTESIAN_POINT('',(10.,68.,-79.0551430076981));
#6343=CARTESIAN_POINT('',(10.7,68.,-79.0551430076981));
#6344=CARTESIAN_POINT('',(10.7,68.,-79.8213884026523));
#6345=CARTESIAN_POINT('',(10.,68.,-79.8213884026523));
#6346=CARTESIAN_POINT('',(10.,27.7423471690675,-97.3621275486988));
#6347=CARTESIAN_POINT('',(-10.,27.8847049941441,-97.6818684588737));
#6348=CARTESIAN_POINT('',(-10.,58.6146846884946,-84.));
#6349=CARTESIAN_POINT('',(-10.,68.,-79.8213884026523));
#6350=CARTESIAN_POINT('',(-10.,56.8936693535926,-84.));
#6351=CARTESIAN_POINT('',(-9.3,56.8936693535926,-84.));
#6352=CARTESIAN_POINT('',(-9.3,58.6146846884946,-84.));
#6353=CARTESIAN_POINT('',(-10.,58.6146846884946,-84.));
#6354=CARTESIAN_POINT('',(-10.,56.8936693535926,-84.));
#6355=CARTESIAN_POINT('',(-10.,27.599989343991,-97.0423866385239));
#6356=CARTESIAN_POINT('',(-10.,68.,-79.0551430076981));
#6357=CARTESIAN_POINT('',(-10.,68.,-79.0551430076981));
#6358=CARTESIAN_POINT('',(-9.3,68.,-79.0551430076981));
#6359=CARTESIAN_POINT('',(-9.3,68.,-79.8213884026523));
#6360=CARTESIAN_POINT('',(-10.,68.,-79.8213884026523));
#6361=CARTESIAN_POINT('',(-10.,27.7423471690675,-97.3621275486988));
#6362=CARTESIAN_POINT('',(-30.,27.8847049941441,-97.6818684588737));
#6363=CARTESIAN_POINT('',(-30.,58.6146846884946,-84.));
#6364=CARTESIAN_POINT('',(-30.,68.,-79.8213884026524));
#6365=CARTESIAN_POINT('',(-30.,56.8936693535926,-84.));
#6366=CARTESIAN_POINT('',(-29.3,56.8936693535926,-84.));
#6367=CARTESIAN_POINT('',(-29.3,58.6146846884946,-84.));
#6368=CARTESIAN_POINT('',(-30.,58.6146846884946,-84.));
#6369=CARTESIAN_POINT('',(-30.,56.8936693535926,-84.));
#6370=CARTESIAN_POINT('',(-30.,27.599989343991,-97.0423866385239));
#6371=CARTESIAN_POINT('',(-30.,68.,-79.0551430076981));
#6372=CARTESIAN_POINT('',(-30.,68.,-79.0551430076981));
#6373=CARTESIAN_POINT('',(-29.3,68.,-79.0551430076981));
#6374=CARTESIAN_POINT('',(-29.3,68.,-79.8213884026523));
#6375=CARTESIAN_POINT('',(-30.,68.,-79.8213884026524));
#6376=CARTESIAN_POINT('',(-30.,27.7423471690675,-97.3621275486988));
#6377=CARTESIAN_POINT('',(-39.,1.00000000000003,-24.25));
#6378=CARTESIAN_POINT('',(-39.,1.00000000000003,-24.25));
#6379=CARTESIAN_POINT('',(-39.,0.,-24.25));
#6380=CARTESIAN_POINT('',(-39.,0.,-23.));
#6381=CARTESIAN_POINT('',(-39.,0.,-21.75));
#6382=CARTESIAN_POINT('',(-39.,1.00000000000003,-21.75));
#6383=CARTESIAN_POINT('',(-39.,1.00000000000003,-21.75));
#6384=CARTESIAN_POINT('',(-39.,1.00000000000003,-23.));
#6385=CARTESIAN_POINT('',(-39.,1.00000000000003,-23.));
#6386=CARTESIAN_POINT('',(39.,1.00000000000003,-9.25));
#6387=CARTESIAN_POINT('',(39.,1.00000000000003,-9.25));
#6388=CARTESIAN_POINT('',(39.,0.,-9.25));
#6389=CARTESIAN_POINT('',(39.,0.,-8.));
#6390=CARTESIAN_POINT('',(39.,0.,-6.75));
#6391=CARTESIAN_POINT('',(39.,1.00000000000003,-6.75));
#6392=CARTESIAN_POINT('',(39.,1.00000000000003,-6.75));
#6393=CARTESIAN_POINT('',(39.,1.00000000000003,-8.));
#6394=CARTESIAN_POINT('',(39.,1.00000000000003,-8.));
#6395=CARTESIAN_POINT('',(-39.,1.00000000000003,6.75));
#6396=CARTESIAN_POINT('',(-39.,1.00000000000003,6.75));
#6397=CARTESIAN_POINT('',(-39.,0.,6.75));
#6398=CARTESIAN_POINT('',(-39.,0.,8.));
#6399=CARTESIAN_POINT('',(-39.,0.,9.25));
#6400=CARTESIAN_POINT('',(-39.,1.00000000000003,9.25));
#6401=CARTESIAN_POINT('',(-39.,1.00000000000003,9.25));
#6402=CARTESIAN_POINT('',(-39.,1.00000000000003,8.));
#6403=CARTESIAN_POINT('',(-39.,1.00000000000003,8.));
#6404=CARTESIAN_POINT('',(39.,1.00000000000003,21.75));
#6405=CARTESIAN_POINT('',(39.,1.00000000000003,21.75));
#6406=CARTESIAN_POINT('',(39.,0.,21.75));
#6407=CARTESIAN_POINT('',(39.,0.,23.));
#6408=CARTESIAN_POINT('',(39.,0.,24.25));
#6409=CARTESIAN_POINT('',(39.,1.00000000000003,24.25));
#6410=CARTESIAN_POINT('',(39.,1.00000000000003,24.25));
#6411=CARTESIAN_POINT('',(39.,1.00000000000003,23.));
#6412=CARTESIAN_POINT('',(39.,1.00000000000003,23.));
#6413=CARTESIAN_POINT('',(-45.5,9.5,-61.8060500780318));
#6414=CARTESIAN_POINT('',(-45.5,7.,-61.8060500780318));
#6415=CARTESIAN_POINT('',(-45.5,9.28211064313089,-64.2965368232612));
#6416=CARTESIAN_POINT('',(-45.5,9.28211064313089,-55.5));
#6417=CARTESIAN_POINT('',(-54.2965368232612,9.28211064313089,-55.5));
#6418=CARTESIAN_POINT('',(-51.8060500780318,9.5,-55.5));
#6419=CARTESIAN_POINT('',(-51.8060500780318,7.,-55.5));
#6420=CARTESIAN_POINT('',(-45.5,7.,-55.5));
#6421=CARTESIAN_POINT('',(-45.5,9.5,-55.5));
#6422=CARTESIAN_POINT('',(45.5,9.5,-61.8060500780318));
#6423=CARTESIAN_POINT('',(45.5,7.,-61.8060500780318));
#6424=CARTESIAN_POINT('',(45.5,9.28211064313089,-64.2965368232612));
#6425=CARTESIAN_POINT('',(45.5,9.28211064313089,-64.2965368232612));
#6426=CARTESIAN_POINT('',(-45.5,7.,-61.8060500780318));
#6427=CARTESIAN_POINT('',(-45.5,9.5,-61.8060500780318));
#6428=CARTESIAN_POINT('',(-45.5,9.5,61.8060500780319));
#6429=CARTESIAN_POINT('',(-45.5,9.28211064313089,64.2965368232612));
#6430=CARTESIAN_POINT('',(-45.5,7.,61.8060500780319));
#6431=CARTESIAN_POINT('',(-45.5,7.,55.5));
#6432=CARTESIAN_POINT('',(-51.8060500780318,7.,55.5));
#6433=CARTESIAN_POINT('',(-51.8060500780318,9.5,55.5));
#6434=CARTESIAN_POINT('',(-54.2965368232612,9.28211064313089,55.5));
#6435=CARTESIAN_POINT('',(-45.5,9.28211064313089,55.5));
#6436=CARTESIAN_POINT('',(-45.5,9.5,55.5));
#6437=CARTESIAN_POINT('',(51.8060500780318,9.5,-55.5));
#6438=CARTESIAN_POINT('',(51.8060500780318,7.,-55.5));
#6439=CARTESIAN_POINT('',(54.2965368232612,9.28211064313089,-55.5));
#6440=CARTESIAN_POINT('',(45.5,9.28211064313089,-55.5));
#6441=CARTESIAN_POINT('',(45.5,7.,-55.5));
#6442=CARTESIAN_POINT('',(45.5,9.5,-55.5));
#6443=CARTESIAN_POINT('',(45.5,9.5,61.8060500780319));
#6444=CARTESIAN_POINT('',(45.5,9.28211064313089,64.2965368232612));
#6445=CARTESIAN_POINT('',(45.5,7.,61.8060500780319));
#6446=CARTESIAN_POINT('',(-45.5,7.,61.8060500780319));
#6447=CARTESIAN_POINT('',(-45.5,9.28211064313089,64.2965368232612));
#6448=CARTESIAN_POINT('',(-45.5,9.5,61.8060500780319));
#6449=CARTESIAN_POINT('',(45.5,9.28211064313089,55.5));
#6450=CARTESIAN_POINT('',(54.2965368232612,9.28211064313089,55.5));
#6451=CARTESIAN_POINT('',(51.8060500780318,9.5,55.5));
#6452=CARTESIAN_POINT('',(51.8060500780318,7.,55.5));
#6453=CARTESIAN_POINT('',(45.5,7.,55.5));
#6454=CARTESIAN_POINT('',(45.5,9.5,55.5));
#6455=CARTESIAN_POINT('',(0.,5.,-73.));
#6456=CARTESIAN_POINT('',(0.,5.,-76.));
#6457=CARTESIAN_POINT('',(3.67394039744206E-16,5.,-70.));
#6458=CARTESIAN_POINT('',(0.,5.,-73.));
#6459=CARTESIAN_POINT('',(0.,5.,-73.));
#6460=CARTESIAN_POINT('',(3.67394039744206E-16,5.,-70.));
#6461=CARTESIAN_POINT('',(3.67394039744206E-16,0.,-70.));
#6462=CARTESIAN_POINT('',(0.,5.,-76.));
#6463=CARTESIAN_POINT('',(0.,0.,-76.));
#6464=CARTESIAN_POINT('',(0.,0.,-73.));
#6465=CARTESIAN_POINT('',(0.,5.,-73.));
#6466=CARTESIAN_POINT('',(0.,5.,73.));
#6467=CARTESIAN_POINT('',(0.,5.,70.));
#6468=CARTESIAN_POINT('',(3.67394039744206E-16,5.,76.));
#6469=CARTESIAN_POINT('',(0.,5.,73.));
#6470=CARTESIAN_POINT('',(0.,5.,73.));
#6471=CARTESIAN_POINT('',(3.67394039744206E-16,5.,76.));
#6472=CARTESIAN_POINT('',(3.67394039744206E-16,0.,76.));
#6473=CARTESIAN_POINT('',(0.,5.,70.));
#6474=CARTESIAN_POINT('',(0.,0.,70.));
#6475=CARTESIAN_POINT('',(0.,0.,73.));
#6476=CARTESIAN_POINT('',(0.,5.,73.));
#6477=CARTESIAN_POINT('',(40.,1.00000000000003,-7.));
#6478=CARTESIAN_POINT('',(45.,1.00000000000003,-7.));
#6479=CARTESIAN_POINT('',(40.,1.00000000000003,-2.));
#6480=CARTESIAN_POINT('',(45.,1.00000000000003,-7.));
#6481=CARTESIAN_POINT('',(45.,1.00000000000003,-24.));
#6482=CARTESIAN_POINT('',(40.,1.00000000000003,-24.));
#6483=CARTESIAN_POINT('',(40.,1.00000000000003,-29.));
#6484=CARTESIAN_POINT('',(40.,1.00000000000003,-29.));
#6485=CARTESIAN_POINT('',(-40.,1.00000000000003,-29.));
#6486=CARTESIAN_POINT('',(-40.,1.00000000000003,-24.));
#6487=CARTESIAN_POINT('',(-45.,1.00000000000003,-24.));
#6488=CARTESIAN_POINT('',(-45.,1.00000000000003,-7.));
#6489=CARTESIAN_POINT('',(-45.,1.00000000000003,-7.));
#6490=CARTESIAN_POINT('',(-40.,1.00000000000003,-7.));
#6491=CARTESIAN_POINT('',(-40.,1.00000000000003,-2.));
#6492=CARTESIAN_POINT('',(40.,1.00000000000003,-2.));
#6493=CARTESIAN_POINT('',(39.,1.00000000000003,-8.));
#6494=CARTESIAN_POINT('',(-39.,1.00000000000003,-23.));
#6495=CARTESIAN_POINT('',(40.,1.00000000000003,-7.));
#6496=CARTESIAN_POINT('',(45.,7.,-7.));
#6497=CARTESIAN_POINT('',(45.,7.,-24.));
#6498=CARTESIAN_POINT('',(45.,7.,-7.));
#6499=CARTESIAN_POINT('',(45.,1.00000000000003,-24.));
#6500=CARTESIAN_POINT('',(45.,1.00000000000003,-7.));
#6501=CARTESIAN_POINT('',(45.,1.00000000000003,-7.));
#6502=CARTESIAN_POINT('',(40.,7.,-24.));
#6503=CARTESIAN_POINT('',(40.,7.,-29.));
#6504=CARTESIAN_POINT('',(40.,1.00000000000003,-29.));
#6505=CARTESIAN_POINT('',(40.,1.00000000000003,-24.));
#6506=CARTESIAN_POINT('',(40.,7.,-29.));
#6507=CARTESIAN_POINT('',(-40.,7.,-29.));
#6508=CARTESIAN_POINT('',(-40.,1.00000000000003,-29.));
#6509=CARTESIAN_POINT('',(40.,1.00000000000003,-29.));
#6510=CARTESIAN_POINT('',(-40.,7.,-24.));
#6511=CARTESIAN_POINT('',(-45.,7.,-24.));
#6512=CARTESIAN_POINT('',(-45.,1.00000000000003,-24.));
#6513=CARTESIAN_POINT('',(-40.,1.00000000000003,-24.));
#6514=CARTESIAN_POINT('',(-45.,7.,-7.));
#6515=CARTESIAN_POINT('',(-45.,7.,-7.));
#6516=CARTESIAN_POINT('',(-45.,1.00000000000003,-7.));
#6517=CARTESIAN_POINT('',(-45.,1.00000000000003,-7.));
#6518=CARTESIAN_POINT('',(-40.,7.,-7.));
#6519=CARTESIAN_POINT('',(-40.,7.,-2.));
#6520=CARTESIAN_POINT('',(-40.,1.00000000000003,-2.));
#6521=CARTESIAN_POINT('',(-40.,1.00000000000003,-7.));
#6522=CARTESIAN_POINT('',(40.,7.,-2.));
#6523=CARTESIAN_POINT('',(40.,7.,-2.));
#6524=CARTESIAN_POINT('',(40.,1.00000000000003,-2.));
#6525=CARTESIAN_POINT('',(40.,1.00000000000003,-2.));
#6526=CARTESIAN_POINT('',(40.,7.,-7.));
#6527=CARTESIAN_POINT('',(40.,1.00000000000003,-7.));
#6528=CARTESIAN_POINT('',(40.,1.00000000000003,7.));
#6529=CARTESIAN_POINT('',(45.,1.00000000000003,7.));
#6530=CARTESIAN_POINT('',(40.,1.00000000000003,2.));
#6531=CARTESIAN_POINT('',(40.,1.00000000000003,2.));
#6532=CARTESIAN_POINT('',(-40.,1.00000000000003,2.));
#6533=CARTESIAN_POINT('',(-40.,1.00000000000003,7.));
#6534=CARTESIAN_POINT('',(-45.,1.00000000000003,7.));
#6535=CARTESIAN_POINT('',(-45.,1.00000000000003,7.));
#6536=CARTESIAN_POINT('',(-45.,1.00000000000003,24.));
#6537=CARTESIAN_POINT('',(-40.,1.00000000000003,24.));
#6538=CARTESIAN_POINT('',(-40.,1.00000000000003,29.));
#6539=CARTESIAN_POINT('',(40.,1.00000000000003,29.));
#6540=CARTESIAN_POINT('',(40.,1.00000000000003,29.));
#6541=CARTESIAN_POINT('',(40.,1.00000000000003,24.));
#6542=CARTESIAN_POINT('',(45.,1.00000000000003,24.));
#6543=CARTESIAN_POINT('',(45.,1.00000000000003,7.));
#6544=CARTESIAN_POINT('',(39.,1.00000000000003,23.));
#6545=CARTESIAN_POINT('',(-39.,1.00000000000003,8.));
#6546=CARTESIAN_POINT('',(40.,1.00000000000003,7.));
#6547=CARTESIAN_POINT('',(40.,7.,2.));
#6548=CARTESIAN_POINT('',(40.,7.,2.));
#6549=CARTESIAN_POINT('',(-40.,7.,2.));
#6550=CARTESIAN_POINT('',(-40.,1.00000000000003,2.));
#6551=CARTESIAN_POINT('',(40.,1.00000000000003,2.));
#6552=CARTESIAN_POINT('',(40.,1.00000000000003,2.));
#6553=CARTESIAN_POINT('',(-40.,7.,7.));
#6554=CARTESIAN_POINT('',(-45.,7.,7.));
#6555=CARTESIAN_POINT('',(-45.,1.00000000000003,7.));
#6556=CARTESIAN_POINT('',(-40.,1.00000000000003,7.));
#6557=CARTESIAN_POINT('',(-45.,7.,7.));
#6558=CARTESIAN_POINT('',(-45.,7.,24.));
#6559=CARTESIAN_POINT('',(-45.,1.00000000000003,24.));
#6560=CARTESIAN_POINT('',(-45.,1.00000000000003,7.));
#6561=CARTESIAN_POINT('',(-40.,7.,24.));
#6562=CARTESIAN_POINT('',(-40.,7.,29.));
#6563=CARTESIAN_POINT('',(-40.,1.00000000000003,29.));
#6564=CARTESIAN_POINT('',(-40.,1.00000000000003,24.));
#6565=CARTESIAN_POINT('',(40.,7.,29.));
#6566=CARTESIAN_POINT('',(40.,7.,29.));
#6567=CARTESIAN_POINT('',(40.,1.00000000000003,29.));
#6568=CARTESIAN_POINT('',(40.,1.00000000000003,29.));
#6569=CARTESIAN_POINT('',(40.,7.,24.));
#6570=CARTESIAN_POINT('',(45.,7.,24.));
#6571=CARTESIAN_POINT('',(45.,1.00000000000003,24.));
#6572=CARTESIAN_POINT('',(40.,1.00000000000003,24.));
#6573=CARTESIAN_POINT('',(45.,7.,7.));
#6574=CARTESIAN_POINT('',(45.,7.,7.));
#6575=CARTESIAN_POINT('',(45.,1.00000000000003,7.));
#6576=CARTESIAN_POINT('',(45.,1.00000000000003,7.));
#6577=CARTESIAN_POINT('',(40.,7.,7.));
#6578=CARTESIAN_POINT('',(40.,1.00000000000003,7.));
#6579=CARTESIAN_POINT('',(45.5,0.,-55.5));
#6580=CARTESIAN_POINT('',(45.5,0.,-81.));
#6581=CARTESIAN_POINT('',(71.,0.,-55.5));
#6582=CARTESIAN_POINT('',(71.,0.,-55.5));
#6583=CARTESIAN_POINT('',(71.,0.,55.5));
#6584=CARTESIAN_POINT('',(45.5,0.,55.5));
#6585=CARTESIAN_POINT('',(45.5,0.,81.));
#6586=CARTESIAN_POINT('',(45.5,0.,81.));
#6587=CARTESIAN_POINT('',(-45.5,0.,81.));
#6588=CARTESIAN_POINT('',(-45.5,0.,55.5));
#6589=CARTESIAN_POINT('',(-71.,0.,55.5));
#6590=CARTESIAN_POINT('',(-71.,0.,55.5));
#6591=CARTESIAN_POINT('',(-71.,0.,-55.5));
#6592=CARTESIAN_POINT('',(-45.5,0.,-55.5));
#6593=CARTESIAN_POINT('',(-45.5,0.,-81.));
#6594=CARTESIAN_POINT('',(-45.5,0.,-81.));
#6595=CARTESIAN_POINT('',(0.,0.,73.));
#6596=CARTESIAN_POINT('',(0.,0.,-73.));
#6597=CARTESIAN_POINT('',(39.,0.,23.));
#6598=CARTESIAN_POINT('',(-39.,0.,8.));
#6599=CARTESIAN_POINT('',(39.,0.,-8.));
#6600=CARTESIAN_POINT('',(-39.,0.,-23.));
#6601=CARTESIAN_POINT('',(45.5,0.,55.5));
#6602=CARTESIAN_POINT('',(71.,7.,-55.5));
#6603=CARTESIAN_POINT('',(71.,7.,-55.5));
#6604=CARTESIAN_POINT('',(71.,7.,-55.5));
#6605=CARTESIAN_POINT('',(71.,7.,55.5));
#6606=CARTESIAN_POINT('',(71.,7.,55.5));
#6607=CARTESIAN_POINT('',(71.,7.,-55.5));
#6608=CARTESIAN_POINT('',(45.5,7.,55.5));
#6609=CARTESIAN_POINT('',(45.5,7.,81.));
#6610=CARTESIAN_POINT('',(45.5,7.,81.));
#6611=CARTESIAN_POINT('',(45.5,7.,55.5));
#6612=CARTESIAN_POINT('',(45.5,7.,81.));
#6613=CARTESIAN_POINT('',(-45.5,7.,81.));
#6614=CARTESIAN_POINT('',(-45.5,7.,81.));
#6615=CARTESIAN_POINT('',(45.5,7.,81.));
#6616=CARTESIAN_POINT('',(-45.5,7.,55.5));
#6617=CARTESIAN_POINT('',(-71.,7.,55.5));
#6618=CARTESIAN_POINT('',(-71.,7.,55.5));
#6619=CARTESIAN_POINT('',(-45.5,7.,55.5));
#6620=CARTESIAN_POINT('',(-71.,7.,55.5));
#6621=CARTESIAN_POINT('',(-71.,7.,-55.5));
#6622=CARTESIAN_POINT('',(-71.,7.,-55.5));
#6623=CARTESIAN_POINT('',(-71.,7.,55.5));
#6624=CARTESIAN_POINT('',(-45.5,7.,-55.5));
#6625=CARTESIAN_POINT('',(-45.5,7.,-81.));
#6626=CARTESIAN_POINT('',(-45.5,7.,-81.));
#6627=CARTESIAN_POINT('',(-45.5,7.,-55.5));
#6628=CARTESIAN_POINT('',(-45.5,7.,-81.));
#6629=CARTESIAN_POINT('',(45.5,7.,-81.));
#6630=CARTESIAN_POINT('',(45.5,7.,-81.));
#6631=CARTESIAN_POINT('',(-45.5,7.,-81.));
#6632=CARTESIAN_POINT('',(45.5,7.,-55.5));
#6633=CARTESIAN_POINT('',(45.5,7.,-55.5));
#6634=CARTESIAN_POINT('',(45.5,7.,55.5));
#6635=CARTESIAN_POINT('',(74.,7.,55.5));
#6636=CARTESIAN_POINT('',(45.5,7.,84.));
#6637=CARTESIAN_POINT('',(45.5,7.,84.));
#6638=CARTESIAN_POINT('',(-45.5,7.,84.));
#6639=CARTESIAN_POINT('',(-45.5,7.,55.5));
#6640=CARTESIAN_POINT('',(-74.,7.,55.5));
#6641=CARTESIAN_POINT('',(-74.,7.,55.5));
#6642=CARTESIAN_POINT('',(-74.,7.,-55.5));
#6643=CARTESIAN_POINT('',(-45.5,7.,-55.5));
#6644=CARTESIAN_POINT('',(-45.5,7.,-84.));
#6645=CARTESIAN_POINT('',(-45.5,7.,-84.));
#6646=CARTESIAN_POINT('',(45.5,7.,-84.));
#6647=CARTESIAN_POINT('',(45.5,7.,-55.5));
#6648=CARTESIAN_POINT('',(74.,7.,-55.5));
#6649=CARTESIAN_POINT('',(74.,7.,-55.5));
#6650=CARTESIAN_POINT('',(45.5,7.,55.5));
#6651=CARTESIAN_POINT('',(-45.5,11.,64.4468326671791));
#6652=CARTESIAN_POINT('',(-45.5,11.,64.4468326671791));
#6653=CARTESIAN_POINT('',(-54.4468326671791,11.,55.5));
#6654=CARTESIAN_POINT('',(-54.4468326671791,11.,55.5));
#6655=CARTESIAN_POINT('',(-45.5,11.,55.5));
#6656=CARTESIAN_POINT('',(-45.5,11.,55.5));
#6657=CARTESIAN_POINT('',(45.5,11.,64.4468326671791));
#6658=CARTESIAN_POINT('',(45.5,11.,64.4468326671791));
#6659=CARTESIAN_POINT('',(-45.5,11.,64.4468326671791));
#6660=CARTESIAN_POINT('',(-45.5,11.,64.4468326671791));
#6661=CARTESIAN_POINT('',(54.4468326671791,11.,55.5));
#6662=CARTESIAN_POINT('',(54.4468326671791,11.,55.5));
#6663=CARTESIAN_POINT('',(45.5,11.,55.5));
#6664=CARTESIAN_POINT('',(45.5,11.,55.5));
#6665=CARTESIAN_POINT('',(45.5,11.,-64.4468326671791));
#6666=CARTESIAN_POINT('',(45.5,11.,-64.4468326671791));
#6667=CARTESIAN_POINT('',(54.4468326671791,11.,-55.5));
#6668=CARTESIAN_POINT('',(54.4468326671791,11.,-55.5));
#6669=CARTESIAN_POINT('',(45.5,11.,-55.5));
#6670=CARTESIAN_POINT('',(45.5,11.,-55.5));
#6671=CARTESIAN_POINT('',(-45.5,11.,-64.4468326671791));
#6672=CARTESIAN_POINT('',(-45.5,11.,-64.4468326671791));
#6673=CARTESIAN_POINT('',(45.5,11.,-64.4468326671791));
#6674=CARTESIAN_POINT('',(45.5,11.,-64.4468326671791));
#6675=CARTESIAN_POINT('',(-54.4468326671791,11.,-55.5));
#6676=CARTESIAN_POINT('',(-54.4468326671791,11.,-55.5));
#6677=CARTESIAN_POINT('',(-45.5,11.,-55.5));
#6678=CARTESIAN_POINT('',(-45.5,11.,-55.5));
#6679=CARTESIAN_POINT('',(-45.5,68.,55.5));
#6680=CARTESIAN_POINT('',(-68.5625566823704,68.,55.5));
#6681=CARTESIAN_POINT('',(-45.5,68.,78.5625566823704));
#6682=CARTESIAN_POINT('',(-45.5,68.,78.5625566823704));
#6683=CARTESIAN_POINT('',(-45.5,11.,66.4468326671791));
#6684=CARTESIAN_POINT('',(-45.5,11.,55.5));
#6685=CARTESIAN_POINT('',(-56.4468326671791,11.,55.5));
#6686=CARTESIAN_POINT('',(-68.5625566823704,68.,55.5));
#6687=CARTESIAN_POINT('',(-45.5,68.,55.5));
#6688=CARTESIAN_POINT('',(-45.5,68.,78.5625566823704));
#6689=CARTESIAN_POINT('',(45.5,68.,78.5625566823704));
#6690=CARTESIAN_POINT('',(45.5,68.,78.5625566823704));
#6691=CARTESIAN_POINT('',(45.5,11.,66.4468326671791));
#6692=CARTESIAN_POINT('',(-45.5,11.,66.4468326671791));
#6693=CARTESIAN_POINT('',(-45.5,68.,78.5625566823704));
#6694=CARTESIAN_POINT('',(45.5,68.,55.5));
#6695=CARTESIAN_POINT('',(68.5625566823704,68.,55.5));
#6696=CARTESIAN_POINT('',(68.5625566823704,68.,55.5));
#6697=CARTESIAN_POINT('',(56.4468326671791,11.,55.5));
#6698=CARTESIAN_POINT('',(45.5,11.,55.5));
#6699=CARTESIAN_POINT('',(45.5,68.,55.5));
#6700=CARTESIAN_POINT('',(45.5,68.,-55.5));
#6701=CARTESIAN_POINT('',(68.5625566823704,68.,-55.5));
#6702=CARTESIAN_POINT('',(45.5,68.,-78.5625566823704));
#6703=CARTESIAN_POINT('',(45.5,68.,-78.5625566823704));
#6704=CARTESIAN_POINT('',(45.5,11.,-66.4468326671791));
#6705=CARTESIAN_POINT('',(45.5,11.,-55.5));
#6706=CARTESIAN_POINT('',(56.4468326671791,11.,-55.5));
#6707=CARTESIAN_POINT('',(68.5625566823704,68.,-55.5));
#6708=CARTESIAN_POINT('',(45.5,68.,-55.5));
#6709=CARTESIAN_POINT('',(45.5,68.,-78.5625566823704));
#6710=CARTESIAN_POINT('',(-45.5,68.,-78.5625566823704));
#6711=CARTESIAN_POINT('',(-45.5,68.,-78.5625566823704));
#6712=CARTESIAN_POINT('',(-45.5,11.,-66.4468326671791));
#6713=CARTESIAN_POINT('',(-45.5,11.,-66.4468326671791));
#6714=CARTESIAN_POINT('',(45.5,68.,-78.5625566823704));
#6715=CARTESIAN_POINT('',(-45.5,68.,-55.5));
#6716=CARTESIAN_POINT('',(-68.5625566823704,68.,-55.5));
#6717=CARTESIAN_POINT('',(-68.5625566823704,68.,-55.5));
#6718=CARTESIAN_POINT('',(-56.4468326671791,11.,-55.5));
#6719=CARTESIAN_POINT('',(-45.5,11.,-55.5));
#6720=CARTESIAN_POINT('',(-45.5,68.,-55.5));
#6721=CARTESIAN_POINT('',(71.,73.,55.5));
#6722=CARTESIAN_POINT('',(71.,73.,55.5));
#6723=CARTESIAN_POINT('',(71.,73.,-55.5));
#6724=CARTESIAN_POINT('',(71.,73.,-55.5));
#6725=CARTESIAN_POINT('',(70.5625566823704,68.,-55.5));
#6726=CARTESIAN_POINT('',(70.5625566823704,68.,55.5));
#6727=CARTESIAN_POINT('',(70.5625566823704,68.,55.5));
#6728=CARTESIAN_POINT('',(71.,73.,55.5));
#6729=CARTESIAN_POINT('',(71.,73.,55.5));
#6730=CARTESIAN_POINT('',(45.5,73.,-55.5));
#6731=CARTESIAN_POINT('',(45.5,73.,-81.));
#6732=CARTESIAN_POINT('',(45.5,73.,-81.));
#6733=CARTESIAN_POINT('',(45.5,68.,-80.5625566823704));
#6734=CARTESIAN_POINT('',(45.5,68.,-55.5));
#6735=CARTESIAN_POINT('',(45.5,73.,-55.5));
#6736=CARTESIAN_POINT('',(45.5,73.,-81.));
#6737=CARTESIAN_POINT('',(-45.5,73.,-81.));
#6738=CARTESIAN_POINT('',(-45.5,73.,-81.));
#6739=CARTESIAN_POINT('',(-45.5,68.,-80.5625566823704));
#6740=CARTESIAN_POINT('',(45.5,68.,-80.5625566823704));
#6741=CARTESIAN_POINT('',(45.5,73.,-81.));
#6742=CARTESIAN_POINT('',(-45.5,73.,-55.5));
#6743=CARTESIAN_POINT('',(-71.,73.,-55.5));
#6744=CARTESIAN_POINT('',(-71.,73.,-55.5));
#6745=CARTESIAN_POINT('',(-70.5625566823704,68.,-55.5));
#6746=CARTESIAN_POINT('',(-45.5,68.,-55.5));
#6747=CARTESIAN_POINT('',(-45.5,73.,-55.5));
#6748=CARTESIAN_POINT('',(-71.,73.,-55.5));
#6749=CARTESIAN_POINT('',(-71.,73.,55.5));
#6750=CARTESIAN_POINT('',(-71.,73.,55.5));
#6751=CARTESIAN_POINT('',(-70.5625566823704,68.,55.5));
#6752=CARTESIAN_POINT('',(-70.5625566823704,68.,55.5));
#6753=CARTESIAN_POINT('',(-71.,73.,-55.5));
#6754=CARTESIAN_POINT('',(-45.5,73.,55.5));
#6755=CARTESIAN_POINT('',(-45.5,73.,81.));
#6756=CARTESIAN_POINT('',(-45.5,73.,81.));
#6757=CARTESIAN_POINT('',(-45.5,68.,80.5625566823704));
#6758=CARTESIAN_POINT('',(-45.5,68.,55.5));
#6759=CARTESIAN_POINT('',(-45.5,73.,55.5));
#6760=CARTESIAN_POINT('',(-45.5,73.,81.));
#6761=CARTESIAN_POINT('',(45.5,73.,81.));
#6762=CARTESIAN_POINT('',(45.5,73.,81.));
#6763=CARTESIAN_POINT('',(45.5,68.,80.5625566823704));
#6764=CARTESIAN_POINT('',(45.5,68.,80.5625566823704));
#6765=CARTESIAN_POINT('',(-45.5,73.,81.));
#6766=CARTESIAN_POINT('',(45.5,73.,55.5));
#6767=CARTESIAN_POINT('',(45.5,68.,55.5));
#6768=CARTESIAN_POINT('',(45.5,73.,55.5));
#6769=CARTESIAN_POINT('',(45.5,73.,55.5));
#6770=CARTESIAN_POINT('',(45.5,73.,84.));
#6771=CARTESIAN_POINT('',(74.,73.,55.5));
#6772=CARTESIAN_POINT('',(74.,73.,-55.5));
#6773=CARTESIAN_POINT('',(74.,73.,-55.5));
#6774=CARTESIAN_POINT('',(45.5,73.,-55.5));
#6775=CARTESIAN_POINT('',(45.5,73.,-84.));
#6776=CARTESIAN_POINT('',(-45.5,73.,-84.));
#6777=CARTESIAN_POINT('',(-45.5,73.,-84.));
#6778=CARTESIAN_POINT('',(-45.5,73.,-55.5));
#6779=CARTESIAN_POINT('',(-74.,73.,-55.5));
#6780=CARTESIAN_POINT('',(-74.,73.,-55.5));
#6781=CARTESIAN_POINT('',(-74.,73.,55.5));
#6782=CARTESIAN_POINT('',(-45.5,73.,55.5));
#6783=CARTESIAN_POINT('',(-45.5,73.,84.));
#6784=CARTESIAN_POINT('',(-45.5,73.,84.));
#6785=CARTESIAN_POINT('',(45.5,73.,55.5));
#6786=CARTESIAN_POINT('',(-45.5,73.,84.));
#6787=CARTESIAN_POINT('',(-74.,73.,55.5));
#6788=CARTESIAN_POINT('',(-45.5,73.,55.5));
#6789=CARTESIAN_POINT('',(-74.,73.,-55.5));
#6790=CARTESIAN_POINT('',(-74.,56.8936693535926,40.));
#6791=CARTESIAN_POINT('',(-74.,56.8936693535926,39.3));
#6792=CARTESIAN_POINT('',(-74.,58.6146846884946,39.3));
#6793=CARTESIAN_POINT('',(-74.,58.6146846884946,40.));
#6794=CARTESIAN_POINT('',(-74.,56.8936693535926,20.));
#6795=CARTESIAN_POINT('',(-74.,56.8936693535926,19.3));
#6796=CARTESIAN_POINT('',(-74.,58.6146846884946,19.3));
#6797=CARTESIAN_POINT('',(-74.,58.6146846884946,20.));
#6798=CARTESIAN_POINT('',(-74.,56.8936693535926,4.28626379701585E-17));
#6799=CARTESIAN_POINT('',(-74.,56.8936693535926,-0.700000000000018));
#6800=CARTESIAN_POINT('',(-74.,58.6146846884946,-0.700000000000018));
#6801=CARTESIAN_POINT('',(-74.,58.6146846884946,0.));
#6802=CARTESIAN_POINT('',(-74.,56.8936693535926,-40.));
#6803=CARTESIAN_POINT('',(-74.,56.8936693535926,-40.7));
#6804=CARTESIAN_POINT('',(-74.,58.6146846884946,-40.7));
#6805=CARTESIAN_POINT('',(-74.,58.6146846884946,-40.));
#6806=CARTESIAN_POINT('',(-74.,56.8936693535926,-20.));
#6807=CARTESIAN_POINT('',(-74.,56.8936693535926,-20.7));
#6808=CARTESIAN_POINT('',(-74.,58.6146846884946,-20.7));
#6809=CARTESIAN_POINT('',(-74.,58.6146846884946,-20.));
#6810=CARTESIAN_POINT('',(-74.,73.,-55.5));
#6811=CARTESIAN_POINT('',(-45.5,73.,-84.));
#6812=CARTESIAN_POINT('',(-45.5,73.,-55.5));
#6813=CARTESIAN_POINT('',(45.5,73.,-84.));
#6814=CARTESIAN_POINT('',(-30.,58.6146846884946,-84.));
#6815=CARTESIAN_POINT('',(-30.7,58.6146846884946,-84.));
#6816=CARTESIAN_POINT('',(-30.7,56.8936693535926,-84.));
#6817=CARTESIAN_POINT('',(-30.,56.8936693535926,-84.));
#6818=CARTESIAN_POINT('',(-10.,58.6146846884946,-84.));
#6819=CARTESIAN_POINT('',(-10.7,58.6146846884946,-84.));
#6820=CARTESIAN_POINT('',(-10.7,56.8936693535926,-84.));
#6821=CARTESIAN_POINT('',(-10.,56.8936693535926,-84.));
#6822=CARTESIAN_POINT('',(10.,58.6146846884946,-84.));
#6823=CARTESIAN_POINT('',(9.3,58.6146846884946,-84.));
#6824=CARTESIAN_POINT('',(9.3,56.8936693535926,-84.));
#6825=CARTESIAN_POINT('',(10.,56.8936693535926,-84.));
#6826=CARTESIAN_POINT('',(30.,58.6146846884946,-84.));
#6827=CARTESIAN_POINT('',(29.3,58.6146846884946,-84.));
#6828=CARTESIAN_POINT('',(29.3,56.8936693535926,-84.));
#6829=CARTESIAN_POINT('',(30.,56.8936693535926,-84.));
#6830=CARTESIAN_POINT('',(-45.5,73.,-84.));
#6831=CARTESIAN_POINT('',(74.,73.,-55.5));
#6832=CARTESIAN_POINT('',(45.5,73.,-55.5));
#6833=CARTESIAN_POINT('',(74.,73.,55.5));
#6834=CARTESIAN_POINT('',(45.5,73.,84.));
#6835=CARTESIAN_POINT('',(45.5,73.,55.5));
#6836=CARTESIAN_POINT('',(-51.8060500780318,7.,-55.5));
#6837=CARTESIAN_POINT('',(51.8060500780318,7.,-55.5));
#6838=CARTESIAN_POINT('',(-45.5,7.,-55.5));
#6839=CARTESIAN_POINT('',(30.,58.6146846884946,84.));
#6840=CARTESIAN_POINT('',(29.3,58.6146846884946,84.));
#6841=CARTESIAN_POINT('',(29.3,56.8936693535926,84.));
#6842=CARTESIAN_POINT('',(30.,56.8936693535926,84.));
#6843=CARTESIAN_POINT('',(-10.,58.6146846884946,84.));
#6844=CARTESIAN_POINT('',(-10.7,58.6146846884945,84.));
#6845=CARTESIAN_POINT('',(-10.7,56.8936693535925,84.));
#6846=CARTESIAN_POINT('',(-10.,56.8936693535926,84.));
#6847=CARTESIAN_POINT('',(-30.,58.6146846884946,84.));
#6848=CARTESIAN_POINT('',(-30.7,58.6146846884945,84.));
#6849=CARTESIAN_POINT('',(-30.7,56.8936693535925,84.));
#6850=CARTESIAN_POINT('',(-30.,56.8936693535926,84.));
#6851=CARTESIAN_POINT('',(10.,58.6146846884946,84.));
#6852=CARTESIAN_POINT('',(9.3,58.6146846884945,84.));
#6853=CARTESIAN_POINT('',(9.3,56.8936693535925,84.));
#6854=CARTESIAN_POINT('',(10.,56.8936693535926,84.));
#6855=CARTESIAN_POINT('',(-45.5,73.,84.));
#6856=CARTESIAN_POINT('',(74.,56.8936693535926,-20.));
#6857=CARTESIAN_POINT('',(74.,56.8936693535926,-20.7));
#6858=CARTESIAN_POINT('',(74.,58.6146846884946,-20.7));
#6859=CARTESIAN_POINT('',(74.,58.6146846884946,-20.));
#6860=CARTESIAN_POINT('',(74.,56.8936693535926,0.));
#6861=CARTESIAN_POINT('',(74.,56.8936693535926,-0.700000000000018));
#6862=CARTESIAN_POINT('',(74.,58.6146846884946,-0.700000000000018));
#6863=CARTESIAN_POINT('',(74.,58.6146846884946,4.28626379701585E-17));
#6864=CARTESIAN_POINT('',(74.,56.8936693535926,40.));
#6865=CARTESIAN_POINT('',(74.,56.8936693535926,39.3));
#6866=CARTESIAN_POINT('',(74.,58.6146846884946,39.3));
#6867=CARTESIAN_POINT('',(74.,58.6146846884946,40.));
#6868=CARTESIAN_POINT('',(74.,56.8936693535926,20.));
#6869=CARTESIAN_POINT('',(74.,56.8936693535926,19.3));
#6870=CARTESIAN_POINT('',(74.,58.6146846884946,19.3));
#6871=CARTESIAN_POINT('',(74.,58.6146846884946,20.));
#6872=CARTESIAN_POINT('',(74.,56.8936693535926,-40.));
#6873=CARTESIAN_POINT('',(74.,56.8936693535927,-40.7));
#6874=CARTESIAN_POINT('',(74.,58.6146846884947,-40.7));
#6875=CARTESIAN_POINT('',(74.,58.6146846884946,-40.));
#6876=CARTESIAN_POINT('',(74.,73.,-55.5));
#6877=CARTESIAN_POINT('',(54.2965368232612,9.28211064313089,55.5));
#6878=CARTESIAN_POINT('',(54.2965368232612,9.28211064313089,-12.721367786601));
#6879=CARTESIAN_POINT('',(54.3594208547236,10.0008784117546,-12.8748730418499));
#6880=CARTESIAN_POINT('',(54.338455224062,9.76124015673261,-12.8239363583178));
#6881=CARTESIAN_POINT('',(54.3174936192198,9.52164791703549,-12.7727808567462));
#6882=CARTESIAN_POINT('',(54.2965368232612,9.28211064313089,-12.721367786601));
#6883=CARTESIAN_POINT('',(54.3594208547236,10.0008784117546,-12.8748730418499));
#6884=CARTESIAN_POINT('',(54.4468326671791,11.,-13.086005159613));
#6885=CARTESIAN_POINT('',(54.4176886598557,10.6668824719814,-13.0159959550741));
#6886=CARTESIAN_POINT('',(54.3885508584917,10.3338358784033,-12.9456453361431));
#6887=CARTESIAN_POINT('',(54.3594208547236,10.0008784117546,-12.8748730418499));
#6888=CARTESIAN_POINT('',(54.4468326671791,11.,-13.086005159613));
#6889=CARTESIAN_POINT('',(54.4468326671791,11.,55.5));
#6890=CARTESIAN_POINT('',(54.4468326671791,11.,-26.9139948403871));
#6891=CARTESIAN_POINT('',(54.3594208547236,10.0008784117546,-27.1251269581501));
#6892=CARTESIAN_POINT('',(54.3885508584917,10.3338358784033,-27.0543546638569));
#6893=CARTESIAN_POINT('',(54.4176886598557,10.6668824719814,-26.9840040449259));
#6894=CARTESIAN_POINT('',(54.4468326671791,11.,-26.9139948403871));
#6895=CARTESIAN_POINT('',(54.4468326671791,11.,55.5));
#6896=CARTESIAN_POINT('',(56.4468326671791,11.,-55.5));
#6897=CARTESIAN_POINT('',(56.4468326671791,11.,-12.274594600217));
#6898=CARTESIAN_POINT('',(56.4468326671791,11.,-27.725405399783));
#6899=CARTESIAN_POINT('',(54.3594208547236,11.,-30.));
#6900=CARTESIAN_POINT('',(54.3594208547236,11.,-10.));
#6901=CARTESIAN_POINT('',(-45.5,11.,-55.5));
#6902=CARTESIAN_POINT('',(56.4468326671791,11.,-27.7254053997831));
#6903=CARTESIAN_POINT('',(56.6551458956854,11.9800366870333,-27.6338382959207));
#6904=CARTESIAN_POINT('',(56.8851041007756,13.0628126044509,-27.5380447372282));
#6905=CARTESIAN_POINT('',(57.2630944876368,14.8410853261536,-27.3904208868583));
#6906=CARTESIAN_POINT('',(57.3945857052829,15.4595277076506,-27.3405400715405));
#6907=CARTESIAN_POINT('',(57.6000258151052,16.4257184912902,-27.2648425136772));
#6908=CARTESIAN_POINT('',(57.7047956760366,16.9184456859585,-27.2267728063347));
#6909=CARTESIAN_POINT('',(57.8126246261915,17.4256205848996,-27.1883795627298));
#6910=CARTESIAN_POINT('',(57.8851881305755,17.7669477851431,-27.1627118333284));
#6911=CARTESIAN_POINT('',(57.9310909951843,17.9828865304554,-27.1466003731087));
#6912=CARTESIAN_POINT('',(58.180173318857,19.1547257376551,-27.0596169041979));
#6913=CARTESIAN_POINT('',(58.4169449265149,20.2688735196622,-26.9799942854268));
#6914=CARTESIAN_POINT('',(58.7952948544313,22.048864589417,-26.8580149296235));
#6915=CARTESIAN_POINT('',(58.9252735012784,22.6603231787926,-26.8169253118399));
#6916=CARTESIAN_POINT('',(59.1260251574571,23.6047034120421,-26.7547078486133));
#6917=CARTESIAN_POINT('',(59.2278466479294,24.0836916159634,-26.7234528011731));
#6918=CARTESIAN_POINT('',(59.3318326810132,24.5728769508295,-26.6919847544308));
#6919=CARTESIAN_POINT('',(59.4016371322092,24.9012665365057,-26.6709590856755));
#6920=CARTESIAN_POINT('',(59.4459823805431,25.1098901020783,-26.6576762607876));
#6921=CARTESIAN_POINT('',(59.8910348112014,27.2036961858603,-26.5248530378662));
#6922=CARTESIAN_POINT('',(60.3526965099754,29.376520948788,-26.393754738668));
#6923=CARTESIAN_POINT('',(61.1099388701187,32.939033707526,-26.1913584154794));
#6924=CARTESIAN_POINT('',(61.3731305498015,34.177083896163,-26.1229083734716));
#6925=CARTESIAN_POINT('',(61.7840472966289,36.1099780827052,-26.0189330338068));
#6926=CARTESIAN_POINT('',(61.99353700294,37.0953799018729,-25.9666176646408));
#6927=CARTESIAN_POINT('',(62.2449789542707,38.2781861278877,-25.9050201426751));
#6928=CARTESIAN_POINT('',(62.3724564321818,38.8778819334749,-25.874079849512));
#6929=CARTESIAN_POINT('',(62.4274657158877,39.1366714271366,-25.8607892585019));
#6930=CARTESIAN_POINT('',(62.464222108236,39.3095926463671,-25.8519220734219));
#6931=CARTESIAN_POINT('',(62.4886666949889,39.4245943082725,-25.8460360487918));
#6932=CARTESIAN_POINT('',(64.0930515514392,46.9726284419978,-25.4601508119782));
#6933=CARTESIAN_POINT('',(66.1135351815338,56.4782597084038,-25.0293011931055));
#6934=CARTESIAN_POINT('',(68.5625566823703,68.,-24.5777186146022));
#6935=CARTESIAN_POINT('',(68.5625566823704,68.,-24.5777186146022));
#6936=CARTESIAN_POINT('',(68.5625566823703,68.,-15.4222813853978));
#6937=CARTESIAN_POINT('',(67.3380184381748,62.2390005061495,-15.1964850264843));
#6938=CARTESIAN_POINT('',(66.220180682851,56.9820313081702,-14.9772821869027));
#6939=CARTESIAN_POINT('',(64.7047556121659,49.852622955008,-14.6592331352822));
#6940=CARTESIAN_POINT('',(64.2264825318471,47.6021610779218,-14.5550996451307));
#6941=CARTESIAN_POINT('',(63.5493029595837,44.415479623244,-14.4026289538632));
#6942=CARTESIAN_POINT('',(63.3302795333155,43.3847543651767,-14.3524324289781));
#6943=CARTESIAN_POINT('',(63.011770686078,41.8859193183137,-14.278239619079));
#6944=CARTESIAN_POINT('',(62.8550226182602,41.1483150049417,-14.2414192048901));
#6945=CARTESIAN_POINT('',(62.6765273743274,40.3084497569451,-14.1989855406599));
#6946=CARTESIAN_POINT('',(62.5883728587398,39.8936854123478,-14.1779050250912));
#6947=CARTESIAN_POINT('',(62.5508264481498,39.7170367531063,-14.1689003213919));
#6948=CARTESIAN_POINT('',(62.5258475129083,39.5995170888216,-14.1629038753111));
#6949=CARTESIAN_POINT('',(62.5194070561029,39.5692163486241,-14.1613576700206));
#6950=CARTESIAN_POINT('',(61.9102112526862,36.7031742266206,-14.0148319728806));
#6951=CARTESIAN_POINT('',(61.362265710424,34.126125634193,-13.8760835906742));
#6952=CARTESIAN_POINT('',(60.605056076089,30.5637683980062,-13.6736957461254));
#6953=CARTESIAN_POINT('',(60.3634288711642,29.4268519280197,-13.6072175729956));
#6954=CARTESIAN_POINT('',(60.017121593905,27.7972811361536,-13.5093193509147));
#6955=CARTESIAN_POINT('',(59.8480001981077,27.001446718499,-13.4608275615287));
#6956=CARTESIAN_POINT('',(59.6577285180481,26.1061374432225,-13.4051555554182));
#6957=CARTESIAN_POINT('',(59.5776883106164,25.7295400849584,-13.3815018764645));
#6958=CARTESIAN_POINT('',(59.5246622044024,25.4800544276388,-13.3657799136508));
#6959=CARTESIAN_POINT('',(59.5075161900879,25.3993839357618,-13.360688218922));
#6960=CARTESIAN_POINT('',(59.1891030738837,23.9013672973426,-13.2656589810483));
#6961=CARTESIAN_POINT('',(58.9214304700848,22.6422836812294,-13.1826505092451));
#6962=CARTESIAN_POINT('',(58.5431006536731,20.8623883507823,-13.06067845382));
#6963=CARTESIAN_POINT('',(58.4208514329548,20.287211589587,-13.0204506220629));
#6964=CARTESIAN_POINT('',(58.243260551073,19.4516289712247,-12.9608498105801));
#6965=CARTESIAN_POINT('',(58.1559105587704,19.0406332929012,-12.9312351805315));
#6966=CARTESIAN_POINT('',(58.0707244423501,18.6398310608642,-12.9019221426318));
#6967=CARTESIAN_POINT('',(58.0144138768105,18.3748947831254,-12.8824500098696));
#6968=CARTESIAN_POINT('',(57.9957825160853,18.2872362420387,-12.8759909353909));
#6969=CARTESIAN_POINT('',(57.3674746299463,15.331277581243,-12.6565757442262));
#6970=CARTESIAN_POINT('',(56.8634772836578,12.9601588076379,-12.4577367901986));
#6971=CARTESIAN_POINT('',(56.4468326671791,11.,-12.2745946002169));
#6972=CARTESIAN_POINT('',(68.5625566823704,68.,-15.4222813853979));
#6973=CARTESIAN_POINT('',(68.5625566823704,68.,55.5));
#6974=CARTESIAN_POINT('',(68.5625566823704,68.,55.5));
#6975=CARTESIAN_POINT('',(54.2965368232612,9.28211064313089,55.5));
#6976=CARTESIAN_POINT('',(54.2965368232612,9.28211064313089,-32.721367786601));
#6977=CARTESIAN_POINT('',(54.3594208547236,10.0008784117546,-32.8748730418499));
#6978=CARTESIAN_POINT('',(54.338455224062,9.76124015673263,-32.8239363583178));
#6979=CARTESIAN_POINT('',(54.3174936192198,9.5216479170355,-32.7727808567462));
#6980=CARTESIAN_POINT('',(54.2965368232612,9.28211064313089,-32.721367786601));
#6981=CARTESIAN_POINT('',(54.3594208547236,10.0008784117546,-32.8748730418499));
#6982=CARTESIAN_POINT('',(54.4468326671791,11.,-33.086005159613));
#6983=CARTESIAN_POINT('',(54.4176886598557,10.6668824719815,-33.0159959550741));
#6984=CARTESIAN_POINT('',(54.3885508584917,10.3338358784033,-32.9456453361431));
#6985=CARTESIAN_POINT('',(54.3594208547236,10.0008784117546,-32.8748730418499));
#6986=CARTESIAN_POINT('',(54.4468326671791,11.,-33.086005159613));
#6987=CARTESIAN_POINT('',(54.4468326671791,11.,55.5));
#6988=CARTESIAN_POINT('',(54.4468326671791,11.,-46.913994840387));
#6989=CARTESIAN_POINT('',(54.3594208547236,10.0008784117546,-47.1251269581501));
#6990=CARTESIAN_POINT('',(54.3885508584917,10.3338358784034,-47.0543546638569));
#6991=CARTESIAN_POINT('',(54.4176886598557,10.6668824719815,-46.9840040449259));
#6992=CARTESIAN_POINT('',(54.4468326671791,11.,-46.913994840387));
#6993=CARTESIAN_POINT('',(54.4468326671791,11.,55.5));
#6994=CARTESIAN_POINT('',(54.4468326671791,11.,-53.086005159613));
#6995=CARTESIAN_POINT('',(54.4176886598557,10.6668824719815,-53.0159959550741));
#6996=CARTESIAN_POINT('',(54.3885508584917,10.3338358784034,-52.9456453361431));
#6997=CARTESIAN_POINT('',(54.3594208547236,10.0008784117546,-52.8748730418499));
#6998=CARTESIAN_POINT('',(54.4468326671791,11.,-53.086005159613));
#6999=CARTESIAN_POINT('',(54.3594208547236,10.0008784117546,-52.8748730418499));
#7000=CARTESIAN_POINT('',(54.4468326671791,11.,55.5));
#7001=CARTESIAN_POINT('',(54.2965368232612,9.28211064313089,55.5));
#7002=CARTESIAN_POINT('',(54.2965368232612,9.28211064313089,-52.7213677866011));
#7003=CARTESIAN_POINT('',(54.3594208547236,10.0008784117546,-52.8748730418499));
#7004=CARTESIAN_POINT('',(54.338455224062,9.76124015673265,-52.8239363583178));
#7005=CARTESIAN_POINT('',(54.3174936192198,9.52164791703551,-52.7727808567462));
#7006=CARTESIAN_POINT('',(54.2965368232612,9.28211064313089,-52.7213677866011));
#7007=CARTESIAN_POINT('',(54.4468326671791,11.,55.5));
#7008=CARTESIAN_POINT('',(56.4468326671791,11.,-55.5));
#7009=CARTESIAN_POINT('',(56.4468326671791,11.,-32.274594600217));
#7010=CARTESIAN_POINT('',(56.4468326671791,11.,-47.725405399783));
#7011=CARTESIAN_POINT('',(54.3594208547236,11.,-50.));
#7012=CARTESIAN_POINT('',(54.3594208547236,11.,-30.));
#7013=CARTESIAN_POINT('',(-45.5,11.,-55.5));
#7014=CARTESIAN_POINT('',(56.4468326671791,11.,-47.7254053997831));
#7015=CARTESIAN_POINT('',(56.6551458962243,11.980036689569,-47.6338382956838));
#7016=CARTESIAN_POINT('',(56.8851041016392,13.0628126082544,-47.5380447369555));
#7017=CARTESIAN_POINT('',(57.2630944885388,14.8410853299571,-47.3904208866523));
#7018=CARTESIAN_POINT('',(57.3945857061232,15.4595277111372,-47.3405400713764));
#7019=CARTESIAN_POINT('',(57.6000258157275,16.4257184938258,-47.2648425135792));
#7020=CARTESIAN_POINT('',(57.7047956765186,16.9184456878999,-47.2267728062706));
#7021=CARTESIAN_POINT('',(57.8126246264838,17.4256205860684,-47.1883795626956));
#7022=CARTESIAN_POINT('',(57.8851881307302,17.7669477857572,-47.1627118333125));
#7023=CARTESIAN_POINT('',(57.9310909951324,17.9828865301663,-47.1466003731422));
#7024=CARTESIAN_POINT('',(58.1801733192718,19.154725739968,-47.0596169039297));
#7025=CARTESIAN_POINT('',(58.4169449271544,20.2688735231315,-46.9799942850508));
#7026=CARTESIAN_POINT('',(58.7952948550827,22.0488645928863,-46.8580149292673));
#7027=CARTESIAN_POINT('',(58.9252735018796,22.6603231819728,-46.8169253115204));
#7028=CARTESIAN_POINT('',(59.1260251578978,23.604703414355,-46.754707848387));
#7029=CARTESIAN_POINT('',(59.2278466482684,24.0836916177342,-46.7234528010028));
#7030=CARTESIAN_POINT('',(59.331832681218,24.5728769518956,-46.6919847543295));
#7031=CARTESIAN_POINT('',(59.4016371323171,24.9012665370658,-46.6709590856229));
#7032=CARTESIAN_POINT('',(59.4459823806349,25.1098901025297,-46.6576762607526));
#7033=CARTESIAN_POINT('',(59.8910348097331,27.2036961786377,-46.5248530384265));
#7034=CARTESIAN_POINT('',(60.352696507703,29.3765209379541,-46.3937547393587));
#7035=CARTESIAN_POINT('',(61.1099388677985,32.9390336966921,-46.1913584160537));
#7036=CARTESIAN_POINT('',(61.3731305476581,34.177083886232,-46.1229083739556));
#7037=CARTESIAN_POINT('',(61.7840472950564,36.1099780754826,-46.0189330341223));
#7038=CARTESIAN_POINT('',(61.9935370017293,37.0953798963431,-45.9666176648639));
#7039=CARTESIAN_POINT('',(62.244978953619,38.2781861249253,-45.9050201427862));
#7040=CARTESIAN_POINT('',(62.3724564318443,38.8778819319444,-45.8740798495672));
#7041=CARTESIAN_POINT('',(62.4274657156924,39.1366714262513,-45.8607892585334));
#7042=CARTESIAN_POINT('',(62.4642221081371,39.3095926459192,-45.8519220734376));
#7043=CARTESIAN_POINT('',(62.4886666950092,39.4245943083743,-45.846036048784));
#7044=CARTESIAN_POINT('',(64.0930515488306,46.9726284289564,-45.460150812965));
#7045=CARTESIAN_POINT('',(66.1135351787618,56.4782596953625,-45.0293011936167));
#7046=CARTESIAN_POINT('',(68.5625566823703,68.,-44.5777186146022));
#7047=CARTESIAN_POINT('',(68.5625566823704,68.,-44.5777186146022));
#7048=CARTESIAN_POINT('',(68.5625566823703,68.,-35.4222813853978));
#7049=CARTESIAN_POINT('',(67.338018437668,62.2390005037656,-35.1964850263909));
#7050=CARTESIAN_POINT('',(66.2201806821037,56.9820313045943,-34.9772821867189));
#7051=CARTESIAN_POINT('',(64.7047556114297,49.8526229514321,-34.6592331350657));
#7052=CARTESIAN_POINT('',(64.2264825311766,47.6021610746438,-34.5550996449205));
#7053=CARTESIAN_POINT('',(63.5493029590998,44.4154796208601,-34.4026289537004));
#7054=CARTESIAN_POINT('',(63.3302795329085,43.3847543631653,-34.3524324288374));
#7055=CARTESIAN_POINT('',(63.0117706858078,41.8859193169728,-34.2782396189824));
#7056=CARTESIAN_POINT('',(62.8550226180637,41.1483150039639,-34.2414192048183));
#7057=CARTESIAN_POINT('',(62.6765273742261,40.3084497564399,-34.1989855406222));
#7058=CARTESIAN_POINT('',(62.5883728586884,39.8936854120911,-34.177905025072));
#7059=CARTESIAN_POINT('',(62.5508264481203,39.7170367529588,-34.1689003213808));
#7060=CARTESIAN_POINT('',(62.5258475128935,39.5995170887474,-34.1629038753055));
#7061=CARTESIAN_POINT('',(62.5194070561599,39.5692163488887,-34.1613576700327));
#7062=CARTESIAN_POINT('',(61.910211250864,36.7031742181522,-34.0148319724911));
#7063=CARTESIAN_POINT('',(61.3622657077535,34.1261256214905,-33.8760835899227));
#7064=CARTESIAN_POINT('',(60.6050560734708,30.5637683853037,-33.6736957452508));
#7065=CARTESIAN_POINT('',(60.3634288687839,29.4268519163757,-33.6072175721499));
#7066=CARTESIAN_POINT('',(60.0171215921911,27.7972811276853,-33.5093193502625));
#7067=CARTESIAN_POINT('',(59.8480001968043,27.0014467120154,-33.4608275610108));
#7068=CARTESIAN_POINT('',(59.6577285173541,26.1061374397491,-33.4051555551323));
#7069=CARTESIAN_POINT('',(59.5776883102108,25.729540082924,-33.3815018762952));
#7070=CARTESIAN_POINT('',(59.5246622041951,25.4800544265968,-33.3657799135632));
#7071=CARTESIAN_POINT('',(59.5075161900457,25.3993839355163,-33.3606882188912));
#7072=CARTESIAN_POINT('',(59.1891030742215,23.9013672993066,-33.2656589812945));
#7073=CARTESIAN_POINT('',(58.9214304705825,22.6422836841755,-33.1826505096263));
#7074=CARTESIAN_POINT('',(58.543100654163,20.8623883537283,-33.060678454211));
#7075=CARTESIAN_POINT('',(58.4208514334009,20.2872115922875,-33.0204506224249));
#7076=CARTESIAN_POINT('',(58.2432605513948,19.4516289731887,-32.9608498108465));
#7077=CARTESIAN_POINT('',(58.1559105590155,19.0406332944049,-32.9312351807371));
#7078=CARTESIAN_POINT('',(58.0707244424971,18.6398310617695,-32.9019221427562));
#7079=CARTESIAN_POINT('',(58.0144138768875,18.374894783601,-32.8824500099353));
#7080=CARTESIAN_POINT('',(57.9957825159804,18.2872362416239,-32.8759909353812));
#7081=CARTESIAN_POINT('',(57.3674746316252,15.331277587879,-32.6565757443814));
#7082=CARTESIAN_POINT('',(56.8634772850684,12.9601588142739,-32.4577367908186));
#7083=CARTESIAN_POINT('',(56.4468326671791,11.,-32.2745946002169));
#7084=CARTESIAN_POINT('',(68.5625566823704,68.,-35.4222813853978));
#7085=CARTESIAN_POINT('',(68.5625566823704,68.,55.5));
#7086=CARTESIAN_POINT('',(68.5625566823704,68.,55.5));
#7087=CARTESIAN_POINT('',(68.5625566823703,68.,-55.4222813853978));
#7088=CARTESIAN_POINT('',(67.3380184370158,62.2390005006968,-55.1964850262706));
#7089=CARTESIAN_POINT('',(66.2201806811417,56.9820312999911,-54.9772821864822));
#7090=CARTESIAN_POINT('',(64.7047556104821,49.8526229468289,-54.6592331347871));
#7091=CARTESIAN_POINT('',(64.2264825303134,47.6021610704242,-54.5550996446499));
#7092=CARTESIAN_POINT('',(63.5493029584768,44.4154796177913,-54.4026289534908));
#7093=CARTESIAN_POINT('',(63.3302795323846,43.384754360576,-54.3524324286562));
#7094=CARTESIAN_POINT('',(63.0117706854599,41.8859193152466,-54.2782396188581));
#7095=CARTESIAN_POINT('',(62.8550226178107,41.1483150027052,-54.241419204726));
#7096=CARTESIAN_POINT('',(62.6765273740957,40.3084497557896,-54.1989855405737));
#7097=CARTESIAN_POINT('',(62.5883728586223,39.8936854117607,-54.1779050250472));
#7098=CARTESIAN_POINT('',(62.5508264480823,39.7170367527689,-54.1689003213666));
#7099=CARTESIAN_POINT('',(62.5258475128743,39.5995170886518,-54.1629038752983));
#7100=CARTESIAN_POINT('',(62.5194070560975,39.569216348591,-54.1613576700158));
#7101=CARTESIAN_POINT('',(61.9102112528603,36.7031742276784,-54.014831973034));
#7102=CARTESIAN_POINT('',(61.3622657106827,34.1261256357797,-53.8760835909032));
#7103=CARTESIAN_POINT('',(60.6050560763451,30.563768399593,-53.6736957463552));
#7104=CARTESIAN_POINT('',(60.3634288713979,29.4268519294742,-53.6072175732068));
#7105=CARTESIAN_POINT('',(60.017121594074,27.7972811372114,-53.5093193510688));
#7106=CARTESIAN_POINT('',(59.8480001982365,27.0014467193089,-53.4608275616471));
#7107=CARTESIAN_POINT('',(59.6577285181169,26.1061374436563,-53.4051555554818));
#7108=CARTESIAN_POINT('',(59.5776883106566,25.7295400852125,-53.3815018765017));
#7109=CARTESIAN_POINT('',(59.524662204423,25.480054427769,-53.36577991367));
#7110=CARTESIAN_POINT('',(59.5075161899762,25.3993839352592,-53.3606882188976));
#7111=CARTESIAN_POINT('',(59.1891030747774,23.9013673013631,-53.2656589812437));
#7112=CARTESIAN_POINT('',(58.9214304713916,22.6422836872603,-53.1826505096126));
#7113=CARTESIAN_POINT('',(58.543100654953,20.8623883568131,-53.0606784542417));
#7114=CARTESIAN_POINT('',(58.420851434118,20.2872115951153,-53.0204506224688));
#7115=CARTESIAN_POINT('',(58.2432605519103,19.4516289752452,-52.9608498108916));
#7116=CARTESIAN_POINT('',(58.1559105594071,19.0406332959794,-52.9312351807781));
#7117=CARTESIAN_POINT('',(58.0707244427317,18.6398310627174,-52.9019221427835));
#7118=CARTESIAN_POINT('',(58.0144138770101,18.3748947840991,-52.8824500099509));
#7119=CARTESIAN_POINT('',(57.9957825160509,18.2872362419028,-52.8759909353877));
#7120=CARTESIAN_POINT('',(57.3674746304965,15.3312775834179,-52.6565757442771));
#7121=CARTESIAN_POINT('',(56.8634772841201,12.9601588098127,-52.4577367904018));
#7122=CARTESIAN_POINT('',(56.4468326671791,11.,-52.2745946002169));
#7123=CARTESIAN_POINT('',(68.5625566823704,68.,-55.4222813853978));
#7124=CARTESIAN_POINT('',(56.4468326671791,11.,-52.274594600217));
#7125=CARTESIAN_POINT('',(68.5625566823704,68.,55.5));
#7126=CARTESIAN_POINT('',(56.4468326671791,11.,-55.5));
#7127=CARTESIAN_POINT('',(68.5625566823704,68.,55.5));
#7128=CARTESIAN_POINT('',(54.4468326671791,11.,6.91399484038703));
#7129=CARTESIAN_POINT('',(54.4176886598557,10.6668824719814,6.98400404492586));
#7130=CARTESIAN_POINT('',(54.3885508584917,10.3338358784033,7.05435466385692));
#7131=CARTESIAN_POINT('',(54.3594208547236,10.0008784117545,7.12512695815015));
#7132=CARTESIAN_POINT('',(54.4468326671791,11.,6.91399484038703));
#7133=CARTESIAN_POINT('',(54.3594208547236,10.0008784117545,7.12512695815015));
#7134=CARTESIAN_POINT('',(54.4468326671791,11.,55.5));
#7135=CARTESIAN_POINT('',(54.4468326671791,11.,-6.91399484038703));
#7136=CARTESIAN_POINT('',(54.3594208547236,10.0008784117545,-7.12512695815014));
#7137=CARTESIAN_POINT('',(54.3885508584917,10.3338358784033,-7.05435466385692));
#7138=CARTESIAN_POINT('',(54.4176886598557,10.6668824719814,-6.98400404492586));
#7139=CARTESIAN_POINT('',(54.4468326671791,11.,-6.91399484038703));
#7140=CARTESIAN_POINT('',(54.2965368232612,9.28211064313089,55.5));
#7141=CARTESIAN_POINT('',(54.2965368232612,9.28211064313089,7.27863221339895));
#7142=CARTESIAN_POINT('',(54.3594208547236,10.0008784117545,7.12512695815015));
#7143=CARTESIAN_POINT('',(54.338455224062,9.76124015673259,7.17606364168221));
#7144=CARTESIAN_POINT('',(54.3174936192198,9.52164791703548,7.2272191432538));
#7145=CARTESIAN_POINT('',(54.2965368232612,9.28211064313089,7.27863221339895));
#7146=CARTESIAN_POINT('',(54.4468326671791,11.,55.5));
#7147=CARTESIAN_POINT('',(68.5625566823703,68.,4.57771861460221));
#7148=CARTESIAN_POINT('',(67.3380184364121,62.2390004978566,4.80351497384075));
#7149=CARTESIAN_POINT('',(66.2201806802514,56.9820312957307,5.02271781373682));
#7150=CARTESIAN_POINT('',(64.7047556096051,49.8526229425686,5.34076686547089));
#7151=CARTESIAN_POINT('',(64.2264825295145,47.6021610665189,5.44490035560056));
#7152=CARTESIAN_POINT('',(63.5493029579003,44.415479614951,5.59737104670328));
#7153=CARTESIAN_POINT('',(63.3302795318997,43.3847543581795,5.64756757151149));
#7154=CARTESIAN_POINT('',(63.011770685138,41.8859193136489,5.72176038125702));
#7155=CARTESIAN_POINT('',(62.8550226175766,41.1483150015402,5.75858079535953));
#7156=CARTESIAN_POINT('',(62.6765273739751,40.3084497551877,5.80101445947114));
#7157=CARTESIAN_POINT('',(62.588372858561,39.8936854114549,5.82209497497582));
#7158=CARTESIAN_POINT('',(62.5508264480471,39.7170367525931,5.83109967864675));
#7159=CARTESIAN_POINT('',(62.5258475128567,39.5995170885634,5.83709612470836));
#7160=CARTESIAN_POINT('',(62.519407056202,39.5692163490789,5.8386423299609));
#7161=CARTESIAN_POINT('',(61.910211249515,36.703174212064,5.98516802771252));
#7162=CARTESIAN_POINT('',(61.362265705779,34.1261256123582,6.12391641051908));
#7163=CARTESIAN_POINT('',(60.6050560715368,30.5637683761714,6.32630425529001));
#7164=CARTESIAN_POINT('',(60.3634288670262,29.4268519080044,6.39278242838118));
#7165=CARTESIAN_POINT('',(60.017121590926,27.797281121597,6.49068065015348));
#7166=CARTESIAN_POINT('',(59.8480001958426,27.0014467073541,6.53917243932249));
#7167=CARTESIAN_POINT('',(59.657728516842,26.106137437252,6.59484444505294));
#7168=CARTESIAN_POINT('',(59.5776883099116,25.7295400814613,6.61849812381479));
#7169=CARTESIAN_POINT('',(59.5246622040422,25.4800544258476,6.63422008649385));
#7170=CARTESIAN_POINT('',(59.5075161901504,25.399383935988,6.63931178108571));
#7171=CARTESIAN_POINT('',(59.1891030733833,23.9013672955327,6.73434101888997));
#7172=CARTESIAN_POINT('',(58.9214304693567,22.6422836785146,6.81734949071992));
#7173=CARTESIAN_POINT('',(58.5431006529625,20.8623883480674,6.93932154618604));
#7174=CARTESIAN_POINT('',(58.4208514323098,20.2872115870984,6.97954937795716));
#7175=CARTESIAN_POINT('',(58.2432605506094,19.4516289694148,7.03915018944662));
#7176=CARTESIAN_POINT('',(58.1559105584183,19.0406332915155,7.06876481949494));
#7177=CARTESIAN_POINT('',(58.0707244421392,18.6398310600299,7.09807785738644));
#7178=CARTESIAN_POINT('',(58.0144138767002,18.374894782687,7.11754999014111));
#7179=CARTESIAN_POINT('',(57.9957825160132,18.2872362417537,7.1240090646158));
#7180=CARTESIAN_POINT('',(57.3674746310997,15.3312775858022,7.34342425566715));
#7181=CARTESIAN_POINT('',(56.8634772846269,12.9601588121971,7.54226320937541));
#7182=CARTESIAN_POINT('',(56.4468326671791,11.,7.72540539978308));
#7183=CARTESIAN_POINT('',(68.5625566823704,68.,4.57771861460218));
#7184=CARTESIAN_POINT('',(56.4468326671791,11.,7.72540539978304));
#7185=CARTESIAN_POINT('',(68.5625566823704,68.,55.5));
#7186=CARTESIAN_POINT('',(68.5625566823704,68.,-4.57771861460217));
#7187=CARTESIAN_POINT('',(56.4468326671791,11.,-7.72540539978307));
#7188=CARTESIAN_POINT('',(56.6551458966095,11.980036691381,-7.63383829551452));
#7189=CARTESIAN_POINT('',(56.8851041022563,13.0628126109724,-7.53804473676067));
#7190=CARTESIAN_POINT('',(57.2630944891833,14.8410853326751,-7.39042088650514));
#7191=CARTESIAN_POINT('',(57.3945857067236,15.4595277136286,-7.34054007125918));
#7192=CARTESIAN_POINT('',(57.6000258161722,16.4257184956378,-7.26484251350926));
#7193=CARTESIAN_POINT('',(57.7047956768631,16.9184456892871,-7.22677280622481));
#7194=CARTESIAN_POINT('',(57.8126246266927,17.4256205869036,-7.18837956267107));
#7195=CARTESIAN_POINT('',(57.8851881308407,17.7669477861961,-7.16271183330116));
#7196=CARTESIAN_POINT('',(57.9310909949994,17.9828865295085,-7.14660037319966));
#7197=CARTESIAN_POINT('',(58.1801733203355,19.1547257452305,-7.0596169034701));
#7198=CARTESIAN_POINT('',(58.4169449287993,20.2688735310252,-6.9799942844502));
#7199=CARTESIAN_POINT('',(58.7952948567621,22.04886460078,-6.85801492873532));
#7200=CARTESIAN_POINT('',(58.9252735034311,22.6603231892087,-6.8169253110578));
#7201=CARTESIAN_POINT('',(59.1260251590363,23.6047034196175,-6.75470784807198));
#7202=CARTESIAN_POINT('',(59.2278466491451,24.0836916217633,-6.72345280077247));
#7203=CARTESIAN_POINT('',(59.3318326817477,24.5728769543212,-6.69198475419513));
#7204=CARTESIAN_POINT('',(59.4016371325964,24.9012665383403,-6.67095908555434));
#7205=CARTESIAN_POINT('',(59.4459823805502,25.1098901021151,-6.65767626078417));
#7206=CARTESIAN_POINT('',(59.8910348110878,27.2036961852715,-6.52485303792133));
#7207=CARTESIAN_POINT('',(60.3526965098002,29.3765209479049,-6.39375473874091));
#7208=CARTESIAN_POINT('',(61.1099388699401,32.9390337066428,-6.1913584155449));
#7209=CARTESIAN_POINT('',(61.3731305496366,34.1770838953535,-6.122908373529));
#7210=CARTESIAN_POINT('',(61.7840472965081,36.1099780821164,-6.01893303384619));
#7211=CARTESIAN_POINT('',(61.993537002847,37.0953799014221,-5.96661766466986));
#7212=CARTESIAN_POINT('',(62.2449789542206,38.2781861276463,-5.90502014269013));
#7213=CARTESIAN_POINT('',(62.3724564321559,38.8778819333502,-5.87407984951962));
#7214=CARTESIAN_POINT('',(62.4274657158727,39.1366714270644,-5.86078925850631));
#7215=CARTESIAN_POINT('',(62.4642221082284,39.3095926463306,-5.85192207342413));
#7216=CARTESIAN_POINT('',(62.488666694988,39.4245943082679,-5.84603604879213));
#7217=CARTESIAN_POINT('',(64.0930515515558,46.9726284425808,-5.46015081193411));
#7218=CARTESIAN_POINT('',(66.1135351816577,56.4782597089869,-5.02930119308271));
#7219=CARTESIAN_POINT('',(68.5625566823703,68.,-4.5777186146022));
#7220=CARTESIAN_POINT('',(56.4468326671791,11.,-7.72540539978303));
#7221=CARTESIAN_POINT('',(56.4468326671791,11.,-55.5));
#7222=CARTESIAN_POINT('',(68.5625566823704,68.,55.5));
#7223=CARTESIAN_POINT('',(54.3594208547236,11.,10.));
#7224=CARTESIAN_POINT('',(54.3594208547236,11.,-10.));
#7225=CARTESIAN_POINT('',(-45.5,11.,-55.5));
#7226=CARTESIAN_POINT('',(54.4468326671791,11.,26.9139948403871));
#7227=CARTESIAN_POINT('',(54.4176886598557,10.6668824719814,26.9840040449259));
#7228=CARTESIAN_POINT('',(54.3885508584917,10.3338358784033,27.0543546638569));
#7229=CARTESIAN_POINT('',(54.3594208547236,10.0008784117545,27.1251269581501));
#7230=CARTESIAN_POINT('',(54.4468326671791,11.,26.9139948403871));
#7231=CARTESIAN_POINT('',(54.3594208547236,10.0008784117545,27.1251269581501));
#7232=CARTESIAN_POINT('',(54.4468326671791,11.,55.5));
#7233=CARTESIAN_POINT('',(54.4468326671791,11.,13.086005159613));
#7234=CARTESIAN_POINT('',(54.3594208547236,10.0008784117545,12.8748730418499));
#7235=CARTESIAN_POINT('',(54.3885508584917,10.3338358784033,12.9456453361431));
#7236=CARTESIAN_POINT('',(54.4176886598557,10.6668824719814,13.0159959550741));
#7237=CARTESIAN_POINT('',(54.4468326671791,11.,13.086005159613));
#7238=CARTESIAN_POINT('',(54.2965368232612,9.28211064313089,55.5));
#7239=CARTESIAN_POINT('',(54.2965368232612,9.28211064313089,27.278632213399));
#7240=CARTESIAN_POINT('',(54.3594208547236,10.0008784117545,27.1251269581501));
#7241=CARTESIAN_POINT('',(54.338455224062,9.76124015673257,27.1760636416822));
#7242=CARTESIAN_POINT('',(54.3174936192198,9.52164791703547,27.2272191432538));
#7243=CARTESIAN_POINT('',(54.2965368232612,9.28211064313089,27.278632213399));
#7244=CARTESIAN_POINT('',(54.4468326671791,11.,55.5));
#7245=CARTESIAN_POINT('',(68.5625566823703,68.,24.5777186146022));
#7246=CARTESIAN_POINT('',(67.338018437668,62.2390005037653,24.8035149736092));
#7247=CARTESIAN_POINT('',(66.2201806821036,56.9820313045939,25.0227178132812));
#7248=CARTESIAN_POINT('',(64.7047556114296,49.8526229514316,25.3407668649343));
#7249=CARTESIAN_POINT('',(64.2264825311765,47.6021610746434,25.4449003550795));
#7250=CARTESIAN_POINT('',(63.5493029590997,44.4154796208598,25.5973710462996));
#7251=CARTESIAN_POINT('',(63.3302795329085,43.384754363165,25.6475675711627));
#7252=CARTESIAN_POINT('',(63.0117706858077,41.8859193169726,25.7217603810176));
#7253=CARTESIAN_POINT('',(62.8550226180637,41.1483150039638,25.7585807951817));
#7254=CARTESIAN_POINT('',(62.6765273742261,40.3084497564398,25.8010144593778));
#7255=CARTESIAN_POINT('',(62.5883728586884,39.8936854120911,25.8220949749281));
#7256=CARTESIAN_POINT('',(62.5508264481203,39.7170367529588,25.8310996786192));
#7257=CARTESIAN_POINT('',(62.5258475128935,39.5995170887474,25.8370961246945));
#7258=CARTESIAN_POINT('',(62.5194070561571,39.5692163488755,25.838642329968));
#7259=CARTESIAN_POINT('',(61.9102112509536,36.7031742185737,25.9851680274874));
#7260=CARTESIAN_POINT('',(61.3622657078849,34.1261256221228,26.1239164100372));
#7261=CARTESIAN_POINT('',(60.6050560735997,30.563768385936,26.3263042547032));
#7262=CARTESIAN_POINT('',(60.3634288689011,29.4268519169553,26.3927824278058));
#7263=CARTESIAN_POINT('',(60.0171215922755,27.7972811281068,26.4906806497036));
#7264=CARTESIAN_POINT('',(59.8480001968685,27.0014467123381,26.5391724389623));
#7265=CARTESIAN_POINT('',(59.6577285173882,26.106137439922,26.5948444448529));
#7266=CARTESIAN_POINT('',(59.5776883102307,25.7295400830252,26.6184981236961));
#7267=CARTESIAN_POINT('',(59.5246622042054,25.4800544266487,26.6342200864323));
#7268=CARTESIAN_POINT('',(59.5075161900465,25.3993839355227,26.6393117811075));
#7269=CARTESIAN_POINT('',(59.1891030742151,23.9013672992551,26.7343410187158));
#7270=CARTESIAN_POINT('',(58.921430470573,22.6422836840982,26.8173494903887));
#7271=CARTESIAN_POINT('',(58.5431006541535,20.862388353651,26.9393215458039));
#7272=CARTESIAN_POINT('',(58.4208514333923,20.2872115922167,26.9795493775887));
#7273=CARTESIAN_POINT('',(58.2432605513886,19.4516289731372,27.0391501891634));
#7274=CARTESIAN_POINT('',(58.1559105590107,19.0406332943654,27.0687648192704));
#7275=CARTESIAN_POINT('',(58.0707244424942,18.6398310617457,27.0980778572483));
#7276=CARTESIAN_POINT('',(58.014413876886,18.3748947835886,27.1175499900671));
#7277=CARTESIAN_POINT('',(57.9957825159853,18.2872362416435,27.1240090646184));
#7278=CARTESIAN_POINT('',(57.3674746315458,15.3312775875653,27.3434242556259));
#7279=CARTESIAN_POINT('',(56.8634772850017,12.9601588139602,27.5422632092107));
#7280=CARTESIAN_POINT('',(56.4468326671791,11.,27.7254053997831));
#7281=CARTESIAN_POINT('',(68.5625566823704,68.,24.5777186146022));
#7282=CARTESIAN_POINT('',(56.4468326671791,11.,27.725405399783));
#7283=CARTESIAN_POINT('',(68.5625566823704,68.,55.5));
#7284=CARTESIAN_POINT('',(68.5625566823704,68.,15.4222813853979));
#7285=CARTESIAN_POINT('',(56.4468326671791,11.,12.2745946002169));
#7286=CARTESIAN_POINT('',(56.6551458960371,11.9800366886877,12.3661617042338));
#7287=CARTESIAN_POINT('',(56.8851041013391,13.0628126069325,12.4619552629497));
#7288=CARTESIAN_POINT('',(57.2630944882253,14.8410853286352,12.6095791132761));
#7289=CARTESIAN_POINT('',(57.3945857058311,15.4595277099254,12.6594599285665));
#7290=CARTESIAN_POINT('',(57.6000258155112,16.4257184929445,12.7351574863867));
#7291=CARTESIAN_POINT('',(57.7047956763511,16.9184456872251,12.7732271937071));
#7292=CARTESIAN_POINT('',(57.8126246263822,17.4256205856621,12.8116204372925));
#7293=CARTESIAN_POINT('',(57.8851881306764,17.7669477855438,12.837288166682));
#7294=CARTESIAN_POINT('',(57.9310909952413,17.9828865306942,12.8533996269012));
#7295=CARTESIAN_POINT('',(58.1801733184008,19.1547257357446,12.9403830957232));
#7296=CARTESIAN_POINT('',(58.416944925807,20.2688735167964,13.020005714504));
#7297=CARTESIAN_POINT('',(58.7952948537064,22.0488645865512,13.141985070346));
#7298=CARTESIAN_POINT('',(58.9252735006078,22.6603231761657,13.1830746881465));
#7299=CARTESIAN_POINT('',(59.1260251569644,23.6047034101317,13.2452921513891));
#7300=CARTESIAN_POINT('',(59.2278466475496,24.0836916145007,13.276547198835));
#7301=CARTESIAN_POINT('',(59.3318326807836,24.5728769499489,13.3080152455765));
#7302=CARTESIAN_POINT('',(59.4016371320881,24.901266536043,13.3290409143296));
#7303=CARTESIAN_POINT('',(59.4459823806824,25.109890102775,13.3423237392701));
#7304=CARTESIAN_POINT('',(59.8910348089731,27.2036961747122,13.4751469612109));
#7305=CARTESIAN_POINT('',(60.3526965065294,29.3765209320659,13.6062452601639));
#7306=CARTESIAN_POINT('',(61.1099388666024,32.9390336908038,13.8086415835191));
#7307=CARTESIAN_POINT('',(61.3731305465539,34.1770838808344,13.8770916256711));
#7308=CARTESIAN_POINT('',(61.784047294247,36.1099780715571,13.9810669656217));
#7309=CARTESIAN_POINT('',(61.9935370011064,37.0953798933376,14.0333823349479));
#7310=CARTESIAN_POINT('',(62.244978953284,38.2781861233152,14.0949798571166));
#7311=CARTESIAN_POINT('',(62.3724564316708,38.8778819311124,14.1259201503834));
#7312=CARTESIAN_POINT('',(62.427465715592,39.1366714257702,14.1392107414383));
#7313=CARTESIAN_POINT('',(62.4642221080862,39.3095926456758,14.1480779265481));
#7314=CARTESIAN_POINT('',(62.4886666950044,39.4245943083504,14.1539639512141));
#7315=CARTESIAN_POINT('',(64.0930515494437,46.9726284320214,14.5398491872669));
#7316=CARTESIAN_POINT('',(66.1135351794132,56.4782596984275,14.9706988065034));
#7317=CARTESIAN_POINT('',(68.5625566823703,68.,15.4222813853978));
#7318=CARTESIAN_POINT('',(56.4468326671791,11.,12.274594600217));
#7319=CARTESIAN_POINT('',(56.4468326671791,11.,-55.5));
#7320=CARTESIAN_POINT('',(68.5625566823704,68.,55.5));
#7321=CARTESIAN_POINT('',(54.3594208547236,11.,30.));
#7322=CARTESIAN_POINT('',(54.3594208547236,11.,10.));
#7323=CARTESIAN_POINT('',(-45.5,11.,-55.5));
#7324=CARTESIAN_POINT('',(54.2965368232612,9.28211064313089,55.5));
#7325=CARTESIAN_POINT('',(54.4468326671791,11.,55.5));
#7326=CARTESIAN_POINT('',(54.4468326671791,11.,53.086005159613));
#7327=CARTESIAN_POINT('',(54.3594208547236,10.0008784117545,52.8748730418498));
#7328=CARTESIAN_POINT('',(54.3885508584917,10.3338358784033,52.9456453361431));
#7329=CARTESIAN_POINT('',(54.4176886598557,10.6668824719814,53.0159959550741));
#7330=CARTESIAN_POINT('',(54.4468326671791,11.,53.086005159613));
#7331=CARTESIAN_POINT('',(54.4468326671791,11.,55.5));
#7332=CARTESIAN_POINT('',(54.4468326671791,11.,46.913994840387));
#7333=CARTESIAN_POINT('',(54.4176886598557,10.6668824719814,46.9840040449259));
#7334=CARTESIAN_POINT('',(54.3885508584917,10.3338358784033,47.0543546638569));
#7335=CARTESIAN_POINT('',(54.3594208547236,10.0008784117545,47.1251269581502));
#7336=CARTESIAN_POINT('',(54.4468326671791,11.,46.913994840387));
#7337=CARTESIAN_POINT('',(54.3594208547236,10.0008784117545,47.1251269581502));
#7338=CARTESIAN_POINT('',(54.4468326671791,11.,55.5));
#7339=CARTESIAN_POINT('',(54.4468326671791,11.,33.086005159613));
#7340=CARTESIAN_POINT('',(54.3594208547236,10.0008784117545,32.8748730418498));
#7341=CARTESIAN_POINT('',(54.3885508584917,10.3338358784033,32.9456453361431));
#7342=CARTESIAN_POINT('',(54.4176886598557,10.6668824719814,33.0159959550741));
#7343=CARTESIAN_POINT('',(54.4468326671791,11.,33.086005159613));
#7344=CARTESIAN_POINT('',(54.2965368232612,9.28211064313089,55.5));
#7345=CARTESIAN_POINT('',(54.2965368232612,9.28211064313089,47.278632213399));
#7346=CARTESIAN_POINT('',(54.3594208547236,10.0008784117545,47.1251269581502));
#7347=CARTESIAN_POINT('',(54.338455224062,9.76124015673255,47.1760636416822));
#7348=CARTESIAN_POINT('',(54.3174936192198,9.52164791703545,47.2272191432538));
#7349=CARTESIAN_POINT('',(54.2965368232612,9.28211064313089,47.278632213399));
#7350=CARTESIAN_POINT('',(54.4468326671791,11.,55.5));
#7351=CARTESIAN_POINT('',(56.4468326671791,11.,52.2745946002169));
#7352=CARTESIAN_POINT('',(56.6551458971598,11.98003669397,52.3661617047274));
#7353=CARTESIAN_POINT('',(56.885104103138,13.0628126148559,52.4619552635178));
#7354=CARTESIAN_POINT('',(57.2630944901043,14.8410853365586,52.6095791137052));
#7355=CARTESIAN_POINT('',(57.3945857075816,15.4595277171885,52.6594599289083));
#7356=CARTESIAN_POINT('',(57.6000258168076,16.4257184982268,52.7351574865907));
#7357=CARTESIAN_POINT('',(57.7047956773552,16.9184456912693,52.7732271938407));
#7358=CARTESIAN_POINT('',(57.8126246269912,17.4256205880969,52.8116204373639));
#7359=CARTESIAN_POINT('',(57.8851881309986,17.7669477868231,52.837288166715));
#7360=CARTESIAN_POINT('',(57.9310909948055,17.9828865285502,52.8533996267169));
#7361=CARTESIAN_POINT('',(58.1801733218867,19.1547257528972,52.9403830971976));
#7362=CARTESIAN_POINT('',(58.416944931198,20.2688735425253,53.0200057164215));
#7363=CARTESIAN_POINT('',(58.7952948592112,22.0488646122801,53.1419850720361));
#7364=CARTESIAN_POINT('',(58.9252735056939,22.6603231997504,53.1830746896128));
#7365=CARTESIAN_POINT('',(59.1260251606968,23.6047034272842,53.2452921523844));
#7366=CARTESIAN_POINT('',(59.2278466504238,24.0836916276331,53.2765471995611));
#7367=CARTESIAN_POINT('',(59.3318326825203,24.5728769578551,53.3080152459995));
#7368=CARTESIAN_POINT('',(59.4016371330037,24.9012665401971,53.3290409145448));
#7369=CARTESIAN_POINT('',(59.4459823805474,25.1098901020774,53.3423237392055));
#7370=CARTESIAN_POINT('',(59.8910348111329,27.2036961858749,53.4751469622439));
#7371=CARTESIAN_POINT('',(60.3526965098647,29.37652094881,53.6062452615251));
#7372=CARTESIAN_POINT('',(61.1099388700015,32.9390337075479,53.8086415847377));
#7373=CARTESIAN_POINT('',(61.3731305496918,34.1770838961831,53.8770916267365));
#7374=CARTESIAN_POINT('',(61.7840472965471,36.1099780827198,53.9810669663526));
#7375=CARTESIAN_POINT('',(61.9935370028763,37.0953799018841,54.0333823354854));
#7376=CARTESIAN_POINT('',(62.2449789542361,38.2781861278937,54.0949798573944));
#7377=CARTESIAN_POINT('',(62.3724564321638,38.877881933478,54.1259201505245));
#7378=CARTESIAN_POINT('',(62.4274657158773,39.1366714271383,54.1392107415193));
#7379=CARTESIAN_POINT('',(62.4642221082307,39.309592646368,54.1480779265888));
#7380=CARTESIAN_POINT('',(62.4886666950186,39.4245943084212,54.1539639512195));
#7381=CARTESIAN_POINT('',(64.0930515476303,46.9726284229557,54.5398491865809));
#7382=CARTESIAN_POINT('',(66.1135351774863,56.4782596893618,54.9706988061481));
#7383=CARTESIAN_POINT('',(68.5625566823703,68.,55.4222813853978));
#7384=CARTESIAN_POINT('',(56.4468326671791,11.,52.274594600217));
#7385=CARTESIAN_POINT('',(68.5625566823704,68.,55.4222813853978));
#7386=CARTESIAN_POINT('',(56.4468326671791,11.,-55.5));
#7387=CARTESIAN_POINT('',(68.5625566823704,68.,55.5));
#7388=CARTESIAN_POINT('',(68.5625566823704,68.,55.5));
#7389=CARTESIAN_POINT('',(68.5625566823703,68.,44.5777186146022));
#7390=CARTESIAN_POINT('',(67.3380184332263,62.2390004828688,44.8035149744282));
#7391=CARTESIAN_POINT('',(66.2201806755533,56.9820312732491,45.0227178148926));
#7392=CARTESIAN_POINT('',(64.7047556049769,49.8526229200869,45.3407668668319));
#7393=CARTESIAN_POINT('',(64.2264825252988,47.6021610459107,45.4449003569222));
#7394=CARTESIAN_POINT('',(63.549302954858,44.4154795999633,45.5973710477271));
#7395=CARTESIAN_POINT('',(63.330279529341,43.3847543455336,45.6475675723963));
#7396=CARTESIAN_POINT('',(63.011770683439,41.8859193052183,45.7217603818642));
#7397=CARTESIAN_POINT('',(62.8550226163412,41.1483149953929,45.7585807958107));
#7398=CARTESIAN_POINT('',(62.6765273733383,40.3084497520115,45.8010144597079));
#7399=CARTESIAN_POINT('',(62.5883728582379,39.8936854098412,45.822094975097));
#7400=CARTESIAN_POINT('',(62.5508264478614,39.7170367516654,45.8310996787166));
#7401=CARTESIAN_POINT('',(62.5258475127633,39.5995170880969,45.8370961247436));
#7402=CARTESIAN_POINT('',(62.5194070562962,39.5692163495014,45.8386423299478));
#7403=CARTESIAN_POINT('',(61.9102112465022,36.7031741985457,45.9851680281306));
#7404=CARTESIAN_POINT('',(61.3622657013705,34.1261255920807,46.123916411456));
#7405=CARTESIAN_POINT('',(60.6050560672195,30.5637683558939,46.3263042564517));
#7406=CARTESIAN_POINT('',(60.3634288631028,29.4268518894168,46.3927824295262));
#7407=CARTESIAN_POINT('',(60.0171215881024,27.7972811080788,46.4906806510535));
#7408=CARTESIAN_POINT('',(59.848000193696,27.0014466970042,46.5391724400451));
#7409=CARTESIAN_POINT('',(59.6577285156992,26.1061374317073,46.5948444454553));
#7410=CARTESIAN_POINT('',(59.5776883092438,25.7295400782138,46.6184981240537));
#7411=CARTESIAN_POINT('',(59.524662203701,25.4800544241842,46.6342200866179));
#7412=CARTESIAN_POINT('',(59.5075161902917,25.3993839366111,46.6393117810597));
#7413=CARTESIAN_POINT('',(59.1891030722531,23.9013672905475,46.7343410190986));
#7414=CARTESIAN_POINT('',(58.9214304677049,22.6422836710369,46.8173494911304));
#7415=CARTESIAN_POINT('',(58.5431006513453,20.8623883405897,46.9393215466675));
#7416=CARTESIAN_POINT('',(58.4208514308402,20.2872115802438,46.9795493784238));
#7417=CARTESIAN_POINT('',(58.2432605495517,19.4516289644296,47.0391501898073));
#7418=CARTESIAN_POINT('',(58.1559105576141,19.0406332876987,47.0687648197817));
#7419=CARTESIAN_POINT('',(58.0707244416573,18.6398310577321,47.0980778575632));
#7420=CARTESIAN_POINT('',(58.0144138764481,18.3748947814797,47.117549990236));
#7421=CARTESIAN_POINT('',(57.9957825160361,18.2872362418443,47.1240090646137));
#7422=CARTESIAN_POINT('',(57.367474630733,15.3312775843526,47.343424255701));
#7423=CARTESIAN_POINT('',(56.8634772843188,12.9601588107474,47.5422632095109));
#7424=CARTESIAN_POINT('',(56.4468326671791,11.,47.7254053997831));
#7425=CARTESIAN_POINT('',(68.5625566823704,68.,44.5777186146022));
#7426=CARTESIAN_POINT('',(56.4468326671791,11.,47.7254053997831));
#7427=CARTESIAN_POINT('',(68.5625566823704,68.,55.5));
#7428=CARTESIAN_POINT('',(68.5625566823704,68.,35.4222813853978));
#7429=CARTESIAN_POINT('',(56.4468326671791,11.,32.2745946002169));
#7430=CARTESIAN_POINT('',(56.6551458964114,11.9800366904488,32.3661617043984));
#7431=CARTESIAN_POINT('',(56.8851041019389,13.0628126095741,32.4619552631391));
#7432=CARTESIAN_POINT('',(57.2630944888517,14.8410853312768,32.6095791134192));
#7433=CARTESIAN_POINT('',(57.3945857064147,15.4595277123468,32.6594599286805));
#7434=CARTESIAN_POINT('',(57.6000258159435,16.4257184947056,32.7351574864547));
#7435=CARTESIAN_POINT('',(57.7047956766859,16.9184456885734,32.7732271937516));
#7436=CARTESIAN_POINT('',(57.8126246265852,17.4256205864739,32.8116204373163));
#7437=CARTESIAN_POINT('',(57.8851881307839,17.7669477859703,32.837288166693));
#7438=CARTESIAN_POINT('',(57.9310909951705,17.9828865303296,32.8533996268657));
#7439=CARTESIAN_POINT('',(58.1801733189676,19.1547257386621,32.9403830960068));
#7440=CARTESIAN_POINT('',(58.4169449266826,20.2688735211727,33.0200057148857));
#7441=CARTESIAN_POINT('',(58.7952948545998,22.0488645909275,33.1419850706942));
#7442=CARTESIAN_POINT('',(58.9252735014329,22.6603231801773,33.1830746884535));
#7443=CARTESIAN_POINT('',(59.1260251575696,23.6047034130492,33.2452921516019));
#7444=CARTESIAN_POINT('',(59.2278466480155,24.0836916167344,33.2765471989927));
#7445=CARTESIAN_POINT('',(59.3318326810651,24.5728769512936,33.3080152456694));
#7446=CARTESIAN_POINT('',(59.4016371322365,24.9012665367496,33.3290409143773));
#7447=CARTESIAN_POINT('',(59.4459823806879,25.1098901028034,33.3423237392727));
#7448=CARTESIAN_POINT('',(59.8910348088855,27.2036961742575,33.4751469611683));
#7449=CARTESIAN_POINT('',(60.352696506394,29.3765209313838,33.6062452601075));
#7450=CARTESIAN_POINT('',(61.1099388664645,32.9390336901218,33.8086415834685));
#7451=CARTESIAN_POINT('',(61.3731305464266,34.1770838802092,33.8770916256268));
#7452=CARTESIAN_POINT('',(61.7840472941536,36.1099780711024,33.9810669655912));
#7453=CARTESIAN_POINT('',(61.9935370010346,37.0953798929895,34.0333823349254));
#7454=CARTESIAN_POINT('',(62.2449789532454,38.2781861231287,34.094979857105));
#7455=CARTESIAN_POINT('',(62.3724564316509,38.8778819310161,34.1259201503775));
#7456=CARTESIAN_POINT('',(62.4274657155804,39.1366714257145,34.1392107414349));
#7457=CARTESIAN_POINT('',(62.4642221080804,39.3095926456476,34.1480779265465));
#7458=CARTESIAN_POINT('',(62.4886666950037,39.4245943083468,34.1539639512139));
#7459=CARTESIAN_POINT('',(64.0930515495347,46.9726284324767,34.5398491873013));
#7460=CARTESIAN_POINT('',(66.11353517951,56.4782596988828,34.9706988065213));
#7461=CARTESIAN_POINT('',(68.5625566823703,68.,35.4222813853978));
#7462=CARTESIAN_POINT('',(56.4468326671791,11.,32.274594600217));
#7463=CARTESIAN_POINT('',(56.4468326671791,11.,-55.5));
#7464=CARTESIAN_POINT('',(68.5625566823704,68.,55.5));
#7465=CARTESIAN_POINT('',(54.2965368232612,9.28211064313088,47.2786322133989));
#7466=CARTESIAN_POINT('',(54.2539657682828,8.79552125814451,47.3830713003702));
#7467=CARTESIAN_POINT('',(54.0703311918936,8.34497980746729,47.4751466519362));
#7468=CARTESIAN_POINT('',(53.7910616903516,7.98022077295562,47.6215977179192));
#7469=CARTESIAN_POINT('',(52.3204035687928,7.0534840105704,29.9999999999999));
#7470=CARTESIAN_POINT('',(52.3204035687928,7.0534840105704,30.5100297180418));
#7471=CARTESIAN_POINT('',(52.512347422868,7.08092272777851,31.0495150536537));
#7472=CARTESIAN_POINT('',(52.8762314707962,7.23924577910616,31.5741527711261));
#7473=CARTESIAN_POINT('',(52.9441932055726,7.27228285120669,31.6617693462306));
#7474=CARTESIAN_POINT('',(53.1277207055903,7.37463590785326,31.8676473058814));
#7475=CARTESIAN_POINT('',(53.1877849275937,7.41268335358705,31.9286048000388));
#7476=CARTESIAN_POINT('',(53.3919425791646,7.56324061489853,32.1121014063691));
#7477=CARTESIAN_POINT('',(53.4429908401912,7.60495215396598,32.152965219586));
#7478=CARTESIAN_POINT('',(53.6500264875259,7.8057281829101,32.3002087146074));
#7479=CARTESIAN_POINT('',(53.7306093007336,7.90126279455396,32.3467005858631));
#7480=CARTESIAN_POINT('',(53.7910616903516,7.98022077295562,32.3784022820809));
#7481=CARTESIAN_POINT('',(54.2965368232612,9.28211064313089,27.2786322133989));
#7482=CARTESIAN_POINT('',(54.2539657683004,8.79552125834543,27.3830713003271));
#7483=CARTESIAN_POINT('',(54.0703311920033,8.34497980761064,27.4751466518787));
#7484=CARTESIAN_POINT('',(53.7910616903516,7.98022077295563,27.6215977179191));
#7485=CARTESIAN_POINT('',(52.3204035687928,7.0534840105704,9.99999999999993));
#7486=CARTESIAN_POINT('',(52.3204035687928,7.0534840105704,10.5100297181124));
#7487=CARTESIAN_POINT('',(52.512347422878,7.08092272776166,11.0495150536495));
#7488=CARTESIAN_POINT('',(52.8762314707937,7.23924577911038,11.5741527711271));
#7489=CARTESIAN_POINT('',(52.9441932056558,7.27228285125866,11.6617693463277));
#7490=CARTESIAN_POINT('',(53.1277207055072,7.37463590780129,11.8676473057844));
#7491=CARTESIAN_POINT('',(53.1877849275939,7.41268335358723,11.9286048000389));
#7492=CARTESIAN_POINT('',(53.3919425791645,7.56324061489836,12.112101406369));
#7493=CARTESIAN_POINT('',(53.4429908401912,7.6049521539659,12.152965219586));
#7494=CARTESIAN_POINT('',(53.6500264875259,7.80572818291019,12.3002087146074));
#7495=CARTESIAN_POINT('',(53.7306093007337,7.90126279455406,12.3467005858631));
#7496=CARTESIAN_POINT('',(53.7910616903516,7.98022077295563,12.3784022820809));
#7497=CARTESIAN_POINT('',(54.2965368232612,9.28211064313089,7.27863221339894));
#7498=CARTESIAN_POINT('',(54.2539657682903,8.79552125823091,7.38307130035168));
#7499=CARTESIAN_POINT('',(54.0703311919408,8.34497980752897,7.47514665191149));
#7500=CARTESIAN_POINT('',(53.7910616903516,7.98022077295563,7.62159771791915));
#7501=CARTESIAN_POINT('',(52.3204035687928,7.0534840105704,-10.0000000000001));
#7502=CARTESIAN_POINT('',(52.3204035687928,7.0534840105704,-9.48997028205266));
#7503=CARTESIAN_POINT('',(52.5123474228759,7.08092272776524,-8.95048494634957));
#7504=CARTESIAN_POINT('',(52.8762314707942,7.23924577910948,-8.42584722887312));
#7505=CARTESIAN_POINT('',(52.9441932057711,7.27228285132179,-8.33823065354374));
#7506=CARTESIAN_POINT('',(53.1277207053918,7.37463590773816,-8.13235269434418));
#7507=CARTESIAN_POINT('',(53.1877849276376,7.41268335363007,-8.07139519991646));
#7508=CARTESIAN_POINT('',(53.3919425791208,7.56324061485552,-7.8878985936756));
#7509=CARTESIAN_POINT('',(53.4429908401882,7.60495215396068,-7.84703478041698));
#7510=CARTESIAN_POINT('',(53.6500264875289,7.80572818291541,-7.6997912853896));
#7511=CARTESIAN_POINT('',(53.7306093007375,7.90126279455904,-7.65329941413486));
#7512=CARTESIAN_POINT('',(53.7910616903516,7.98022077295563,-7.62159771791913));
#7513=CARTESIAN_POINT('',(54.2965368232612,9.28211064313089,-12.7213677866011));
#7514=CARTESIAN_POINT('',(54.2539657683006,8.79552125834821,-12.6169286996735));
#7515=CARTESIAN_POINT('',(54.0703311920048,8.34497980761255,-12.5248533481221));
#7516=CARTESIAN_POINT('',(53.7910616903516,7.98022077295563,-12.3784022820808));
#7517=CARTESIAN_POINT('',(52.3204035687928,7.0534840105704,-30.0000000000001));
#7518=CARTESIAN_POINT('',(52.3204035687928,7.0534840105704,-29.4899702820619));
#7519=CARTESIAN_POINT('',(52.5123474228638,7.08092272778544,-28.9504849463446));
#7520=CARTESIAN_POINT('',(52.8762314707972,7.23924577910444,-28.4258472288744));
#7521=CARTESIAN_POINT('',(52.9441932057056,7.27228285127855,-28.3382306536217));
#7522=CARTESIAN_POINT('',(53.1277207054574,7.3746359077814,-28.1323526942662));
#7523=CARTESIAN_POINT('',(53.1877849277097,7.41268335368591,-28.0713951998503));
#7524=CARTESIAN_POINT('',(53.3919425790486,7.56324061479968,-27.8878985937418));
#7525=CARTESIAN_POINT('',(53.4429908402063,7.60495215399212,-27.8470347803991));
#7526=CARTESIAN_POINT('',(53.6500264875108,7.80572818288396,-27.6997912854074));
#7527=CARTESIAN_POINT('',(53.7306093007144,7.90126279452894,-27.653299414147));
#7528=CARTESIAN_POINT('',(53.7910616903516,7.98022077295562,-27.6215977179191));
#7529=CARTESIAN_POINT('',(54.2965368232612,9.28211064313089,-32.7213677866011));
#7530=CARTESIAN_POINT('',(54.2539657682815,8.79552125812955,-32.6169286996266));
#7531=CARTESIAN_POINT('',(54.0703311918854,8.34497980745665,-32.5248533480595));
#7532=CARTESIAN_POINT('',(53.7910616903516,7.98022077295563,-32.3784022820808));
#7533=CARTESIAN_POINT('',(52.3204035687928,7.0534840105704,-50.0000000000001));
#7534=CARTESIAN_POINT('',(52.3204035687928,7.0534840105704,-49.4899702818825));
#7535=CARTESIAN_POINT('',(52.5123474228625,7.08092272778776,-48.950484946344));
#7536=CARTESIAN_POINT('',(52.8762314707975,7.23924577910385,-48.4258472288745));
#7537=CARTESIAN_POINT('',(52.9441932055843,7.27228285121013,-48.3382306537583));
#7538=CARTESIAN_POINT('',(53.1277207055787,7.37463590784981,-48.1323526941296));
#7539=CARTESIAN_POINT('',(53.1877849275967,7.41268335359378,-48.0713951999563));
#7540=CARTESIAN_POINT('',(53.3919425791617,7.5632406148918,-47.8878985936358));
#7541=CARTESIAN_POINT('',(53.4429908401852,7.60495215395547,-47.8470347804199));
#7542=CARTESIAN_POINT('',(53.6500264875319,7.8057281829206,-47.6997912853867));
#7543=CARTESIAN_POINT('',(53.7306093007413,7.90126279456401,-47.6532994141329));
#7544=CARTESIAN_POINT('',(53.7910616903516,7.98022077295562,-47.6215977179191));
#7545=CARTESIAN_POINT('',(54.2965368232612,9.2821106431309,-52.7213677866011));
#7546=CARTESIAN_POINT('',(54.2539657683171,8.79552125853666,-52.6169286997139));
#7547=CARTESIAN_POINT('',(54.0703311921077,8.34497980774699,-52.5248533481761));
#7548=CARTESIAN_POINT('',(53.7910616903516,7.98022077295562,-52.3784022820808));
#7549=CARTESIAN_POINT('',(52.3204035687928,7.0534840105704,49.9999999999999));
#7550=CARTESIAN_POINT('',(52.3204035687928,7.0534840105704,50.5100297181078));
#7551=CARTESIAN_POINT('',(52.5123474228601,7.08092272779175,51.049515053657));
#7552=CARTESIAN_POINT('',(52.8762314707981,7.23924577910285,51.5741527711252));
#7553=CARTESIAN_POINT('',(52.9441932055089,7.27228285116679,51.6617693461563));
#7554=CARTESIAN_POINT('',(53.127720705654,7.37463590789315,51.8676473059558));
#7555=CARTESIAN_POINT('',(53.1877849275889,7.41268335358355,51.9286048000345));
#7556=CARTESIAN_POINT('',(53.3919425791695,7.56324061490203,52.1121014063735));
#7557=CARTESIAN_POINT('',(53.4429908401898,7.60495215396332,52.1529652195845));
#7558=CARTESIAN_POINT('',(53.6500264875274,7.80572818291275,52.3002087146089));
#7559=CARTESIAN_POINT('',(53.7306093007355,7.9012627945565,52.3467005858641));
#7560=CARTESIAN_POINT('',(53.7910616903516,7.98022077295561,52.3784022820809));
#7561=CARTESIAN_POINT('',(51.8060500780318,9.5,-55.5));
#7562=CARTESIAN_POINT('',(54.3594208547236,11.,50.));
#7563=CARTESIAN_POINT('',(54.3594208547236,11.,30.));
#7564=CARTESIAN_POINT('',(-45.5,11.,-55.5));
#7565=CARTESIAN_POINT('',(-54.2965368232612,9.28211064313089,-55.5));
#7566=CARTESIAN_POINT('',(-54.2965368232612,9.28211064313089,12.7213677866011));
#7567=CARTESIAN_POINT('',(-54.3594208547236,10.0008784117545,12.8748730418498));
#7568=CARTESIAN_POINT('',(-54.3384552240621,9.76124015673255,12.8239363583178));
#7569=CARTESIAN_POINT('',(-54.3174936192198,9.52164791703546,12.7727808567462));
#7570=CARTESIAN_POINT('',(-54.2965368232612,9.28211064313089,12.7213677866011));
#7571=CARTESIAN_POINT('',(-54.3594208547236,10.0008784117545,12.8748730418498));
#7572=CARTESIAN_POINT('',(-54.4468326671791,11.,13.086005159613));
#7573=CARTESIAN_POINT('',(-54.4176886598557,10.6668824719814,13.0159959550741));
#7574=CARTESIAN_POINT('',(-54.3885508584917,10.3338358784033,12.9456453361431));
#7575=CARTESIAN_POINT('',(-54.3594208547236,10.0008784117545,12.8748730418498));
#7576=CARTESIAN_POINT('',(-54.4468326671791,11.,13.086005159613));
#7577=CARTESIAN_POINT('',(-54.4468326671791,11.,-55.5));
#7578=CARTESIAN_POINT('',(-54.4468326671791,11.,26.9139948403871));
#7579=CARTESIAN_POINT('',(-54.3594208547236,10.0008784117545,27.1251269581502));
#7580=CARTESIAN_POINT('',(-54.3885508584917,10.3338358784033,27.0543546638569));
#7581=CARTESIAN_POINT('',(-54.4176886598557,10.6668824719814,26.9840040449259));
#7582=CARTESIAN_POINT('',(-54.4468326671791,11.,26.9139948403871));
#7583=CARTESIAN_POINT('',(-54.4468326671791,11.,-55.5));
#7584=CARTESIAN_POINT('',(-56.4468326671791,11.,27.7254053997831));
#7585=CARTESIAN_POINT('',(-56.6551458957843,11.9800366874987,27.6338382958773));
#7586=CARTESIAN_POINT('',(-56.8851041009341,13.0628126051489,27.5380447371782));
#7587=CARTESIAN_POINT('',(-57.2630944878023,14.8410853268517,27.3904208868205));
#7588=CARTESIAN_POINT('',(-57.3945857054371,15.4595277082905,27.3405400715104));
#7589=CARTESIAN_POINT('',(-57.6000258152194,16.4257184917555,27.2648425136592));
#7590=CARTESIAN_POINT('',(-57.7047956761251,16.9184456863148,27.226772806323));
#7591=CARTESIAN_POINT('',(-57.8126246262451,17.4256205851141,27.1883795627236));
#7592=CARTESIAN_POINT('',(-57.8851881306039,17.7669477852558,27.1627118333255));
#7593=CARTESIAN_POINT('',(-57.9310909952128,17.9828865305816,27.1466003731016));
#7594=CARTESIAN_POINT('',(-58.1801733186284,19.1547257366461,27.0596169042551));
#7595=CARTESIAN_POINT('',(-58.4169449261605,20.2688735181486,26.9799942854896));
#7596=CARTESIAN_POINT('',(-58.7952948540688,22.0488645879034,26.8580149296684));
#7597=CARTESIAN_POINT('',(-58.9252735009431,22.6603231774051,26.8169253118743));
#7598=CARTESIAN_POINT('',(-59.1260251572109,23.6047034110331,26.7547078486327));
#7599=CARTESIAN_POINT('',(-59.2278466477397,24.0836916151909,26.723452801185));
#7600=CARTESIAN_POINT('',(-59.3318326808985,24.5728769503644,26.6919847544369));
#7601=CARTESIAN_POINT('',(-59.4016371321487,24.9012665362613,26.6709590856781));
#7602=CARTESIAN_POINT('',(-59.4459823806364,25.1098901025326,26.6576762607537));
#7603=CARTESIAN_POINT('',(-59.8910348097096,27.2036961785913,26.5248530384086));
#7604=CARTESIAN_POINT('',(-60.3526965076657,29.3765209378846,26.3937547393253));
#7605=CARTESIAN_POINT('',(-61.1099388677596,32.9390336966225,26.1913584160148));
#7606=CARTESIAN_POINT('',(-61.3731305476218,34.1770838861682,26.1229083739178));
#7607=CARTESIAN_POINT('',(-61.7840472950295,36.1099780754362,26.018933034093));
#7608=CARTESIAN_POINT('',(-61.9935370017084,37.0953798963076,25.9666176648406));
#7609=CARTESIAN_POINT('',(-62.2449789536078,38.2781861249063,25.9050201427732));
#7610=CARTESIAN_POINT('',(-62.3724564318385,38.8778819319345,25.8740798495604));
#7611=CARTESIAN_POINT('',(-62.427465715689,39.1366714262457,25.8607892585294));
#7612=CARTESIAN_POINT('',(-62.4642221081353,39.3095926459164,25.8519220734356));
#7613=CARTESIAN_POINT('',(-62.4886666950152,39.4245943084044,25.8460360487818));
#7614=CARTESIAN_POINT('',(-64.0930515480608,46.9726284251079,25.4601508132562));
#7615=CARTESIAN_POINT('',(-66.1135351779437,56.478259691514,25.0293011937675));
#7616=CARTESIAN_POINT('',(-68.5625566823704,68.,24.5777186146023));
#7617=CARTESIAN_POINT('',(-56.4468326671791,11.,27.725405399783));
#7618=CARTESIAN_POINT('',(-68.5625566823704,68.,24.5777186146023));
#7619=CARTESIAN_POINT('',(-56.4468326671791,11.,-55.5));
#7620=CARTESIAN_POINT('',(-56.4468326671791,11.,12.2745946002169));
#7621=CARTESIAN_POINT('',(-68.5625566823704,68.,15.4222813853977));
#7622=CARTESIAN_POINT('',(-67.3380184386814,62.2390005085331,15.1964850265777));
#7623=CARTESIAN_POINT('',(-66.2201806835981,56.9820313117455,14.9772821870865));
#7624=CARTESIAN_POINT('',(-64.7047556129019,49.8526229585833,14.6592331354986));
#7625=CARTESIAN_POINT('',(-64.2264825325176,47.6021610811991,14.5550996453409));
#7626=CARTESIAN_POINT('',(-63.5493029600675,44.4154796256275,14.4026289540261));
#7627=CARTESIAN_POINT('',(-63.3302795337224,43.3847543671878,14.3524324291188));
#7628=CARTESIAN_POINT('',(-63.0117706863482,41.8859193196544,14.2782396191755));
#7629=CARTESIAN_POINT('',(-62.8550226184566,41.1483150059193,14.2414192049618));
#7630=CARTESIAN_POINT('',(-62.6765273744287,40.3084497574502,14.1989855406975));
#7631=CARTESIAN_POINT('',(-62.5883728587913,39.8936854126044,14.1779050251105));
#7632=CARTESIAN_POINT('',(-62.5508264481793,39.7170367532538,14.168900321403));
#7633=CARTESIAN_POINT('',(-62.5258475129231,39.5995170888958,14.1629038753167));
#7634=CARTESIAN_POINT('',(-62.5194070561371,39.5692163487882,14.1613576700303));
#7635=CARTESIAN_POINT('',(-61.9102112515912,36.7031742213648,14.0148319725685));
#7636=CARTESIAN_POINT('',(-61.3622657088168,34.1261256263094,13.876083590117));
#7637=CARTESIAN_POINT('',(-60.6050560745117,30.5637683901226,13.6736957455016));
#7638=CARTESIAN_POINT('',(-60.3634288697296,29.4268519207931,13.6072175723999));
#7639=CARTESIAN_POINT('',(-60.0171215928716,27.7972811308979,13.5093193504611));
#7640=CARTESIAN_POINT('',(-59.8480001973216,27.0014467144751,13.4608275611713));
#7641=CARTESIAN_POINT('',(-59.6577285176294,26.1061374410668,13.4051555552221));
#7642=CARTESIAN_POINT('',(-59.5776883103717,25.7295400836957,13.3815018763486));
#7643=CARTESIAN_POINT('',(-59.5246622042773,25.4800544269921,13.3657799135909));
#7644=CARTESIAN_POINT('',(-59.5075161901182,25.399383935864,13.3606882189153));
#7645=CARTESIAN_POINT('',(-59.1891030736409,23.9013672965246,13.2656589811017));
#7646=CARTESIAN_POINT('',(-58.9214304697319,22.6422836800025,13.1826505092951));
#7647=CARTESIAN_POINT('',(-58.543100653329,20.8623883495553,13.0606784538486));
#7648=CARTESIAN_POINT('',(-58.4208514326426,20.2872115884623,13.0204506220816));
#7649=CARTESIAN_POINT('',(-58.2432605508488,19.4516289704067,12.9608498105874));
#7650=CARTESIAN_POINT('',(-58.1559105586001,19.0406332922749,12.931235180534));
#7651=CARTESIAN_POINT('',(-58.0707244422481,18.6398310604871,12.9019221426321));
#7652=CARTESIAN_POINT('',(-58.0144138767572,18.3748947829273,12.8824500098692));
#7653=CARTESIAN_POINT('',(-57.9957825160378,18.2872362418509,12.8759909353865));
#7654=CARTESIAN_POINT('',(-57.3674746307064,15.3312775842475,12.6565757442965));
#7655=CARTESIAN_POINT('',(-56.8634772842965,12.9601588106423,12.4577367904793));
#7656=CARTESIAN_POINT('',(-56.4468326671791,11.,12.2745946002169));
#7657=CARTESIAN_POINT('',(-68.5625566823704,68.,15.4222813853977));
#7658=CARTESIAN_POINT('',(-68.5625566823704,68.,-55.5));
#7659=CARTESIAN_POINT('',(-68.5625566823704,68.,-55.5));
#7660=CARTESIAN_POINT('',(-54.3594208547236,11.,30.));
#7661=CARTESIAN_POINT('',(-54.3594208547236,11.,10.));
#7662=CARTESIAN_POINT('',(-45.5,11.,-55.5));
#7663=CARTESIAN_POINT('',(-54.2965368232612,9.28211064313089,-55.5));
#7664=CARTESIAN_POINT('',(-54.2965368232612,9.28211064313089,32.721367786601));
#7665=CARTESIAN_POINT('',(-54.3594208547236,10.0008784117545,32.8748730418498));
#7666=CARTESIAN_POINT('',(-54.3384552240621,9.76124015673254,32.8239363583178));
#7667=CARTESIAN_POINT('',(-54.3174936192198,9.52164791703546,32.7727808567462));
#7668=CARTESIAN_POINT('',(-54.2965368232612,9.28211064313089,32.721367786601));
#7669=CARTESIAN_POINT('',(-54.3594208547236,10.0008784117545,32.8748730418498));
#7670=CARTESIAN_POINT('',(-54.4468326671791,11.,33.086005159613));
#7671=CARTESIAN_POINT('',(-54.4176886598557,10.6668824719814,33.0159959550741));
#7672=CARTESIAN_POINT('',(-54.3885508584917,10.3338358784033,32.9456453361431));
#7673=CARTESIAN_POINT('',(-54.3594208547236,10.0008784117545,32.8748730418498));
#7674=CARTESIAN_POINT('',(-54.4468326671791,11.,33.086005159613));
#7675=CARTESIAN_POINT('',(-54.4468326671791,11.,-55.5));
#7676=CARTESIAN_POINT('',(-54.4468326671791,11.,46.913994840387));
#7677=CARTESIAN_POINT('',(-54.3594208547236,10.0008784117545,47.1251269581502));
#7678=CARTESIAN_POINT('',(-54.3885508584917,10.3338358784033,47.0543546638569));
#7679=CARTESIAN_POINT('',(-54.4176886598557,10.6668824719814,46.9840040449259));
#7680=CARTESIAN_POINT('',(-54.4468326671791,11.,46.913994840387));
#7681=CARTESIAN_POINT('',(-54.4468326671791,11.,-55.5));
#7682=CARTESIAN_POINT('',(-54.4468326671791,11.,53.086005159613));
#7683=CARTESIAN_POINT('',(-54.4176886598557,10.6668824719814,53.0159959550741));
#7684=CARTESIAN_POINT('',(-54.3885508584917,10.3338358784033,52.9456453361431));
#7685=CARTESIAN_POINT('',(-54.3594208547236,10.0008784117545,52.8748730418498));
#7686=CARTESIAN_POINT('',(-54.4468326671791,11.,53.086005159613));
#7687=CARTESIAN_POINT('',(-54.3594208547236,10.0008784117545,52.8748730418498));
#7688=CARTESIAN_POINT('',(-54.4468326671791,11.,-55.5));
#7689=CARTESIAN_POINT('',(-54.2965368232612,9.28211064313089,-55.5));
#7690=CARTESIAN_POINT('',(-54.2965368232612,9.28211064313089,52.7213677866011));
#7691=CARTESIAN_POINT('',(-54.3594208547236,10.0008784117545,52.8748730418498));
#7692=CARTESIAN_POINT('',(-54.3384552240621,9.76124015673255,52.8239363583178));
#7693=CARTESIAN_POINT('',(-54.3174936192198,9.52164791703546,52.7727808567462));
#7694=CARTESIAN_POINT('',(-54.2965368232612,9.28211064313089,52.7213677866011));
#7695=CARTESIAN_POINT('',(-54.4468326671791,11.,-55.5));
#7696=CARTESIAN_POINT('',(-56.4468326671791,11.,47.7254053997831));
#7697=CARTESIAN_POINT('',(-56.6551458959713,11.9800366883781,47.6338382957951));
#7698=CARTESIAN_POINT('',(-56.8851041012337,13.0628126064681,47.5380447370836));
#7699=CARTESIAN_POINT('',(-57.2630944881152,14.8410853281709,47.390420886749));
#7700=CARTESIAN_POINT('',(-57.3945857057286,15.4595277094997,47.3405400714535));
#7701=CARTESIAN_POINT('',(-57.6000258154353,16.425718492635,47.2648425136253));
#7702=CARTESIAN_POINT('',(-57.7047956762923,16.9184456869881,47.2267728063007));
#7703=CARTESIAN_POINT('',(-57.8126246263465,17.4256205855194,47.1883795627117));
#7704=CARTESIAN_POINT('',(-57.8851881306576,17.7669477854688,47.16271183332));
#7705=CARTESIAN_POINT('',(-57.9310909952742,17.9828865308547,47.1466003730855));
#7706=CARTESIAN_POINT('',(-58.1801733181373,19.1547257344609,47.0596169043839));
#7707=CARTESIAN_POINT('',(-58.4169449253994,20.2688735148707,46.9799942856339));
#7708=CARTESIAN_POINT('',(-58.7952948532901,22.0488645846255,46.8580149297744));
#7709=CARTESIAN_POINT('',(-58.9252735002231,22.6603231744005,46.8169253119575));
#7710=CARTESIAN_POINT('',(-59.1260251566821,23.6047034088479,46.7547078486811));
#7711=CARTESIAN_POINT('',(-59.2278466473322,24.0836916135178,46.7234528012159));
#7712=CARTESIAN_POINT('',(-59.3318326806522,24.5728769493571,46.6919847544531));
#7713=CARTESIAN_POINT('',(-59.4016371320188,24.9012665357321,46.6709590856855));
#7714=CARTESIAN_POINT('',(-59.4459823806819,25.1098901027785,46.6576762607278));
#7715=CARTESIAN_POINT('',(-59.8910348089819,27.2036961746573,46.5248530388238));
#7716=CARTESIAN_POINT('',(-60.3526965065443,29.3765209319835,46.3937547398949));
#7717=CARTESIAN_POINT('',(-61.1099388666187,32.9390336907214,46.1913584165455));
#7718=CARTESIAN_POINT('',(-61.3731305465694,34.1770838807589,46.1229083743903));
#7719=CARTESIAN_POINT('',(-61.7840472942587,36.1099780715022,46.018933034425));
#7720=CARTESIAN_POINT('',(-61.9935370011156,37.0953798932956,45.9666176650889));
#7721=CARTESIAN_POINT('',(-62.244978953289,38.2781861232927,45.9050201429036));
#7722=CARTESIAN_POINT('',(-62.3724564316735,38.8778819311008,45.8740798496271));
#7723=CARTESIAN_POINT('',(-62.4274657155935,39.1366714257635,45.8607892585679));
#7724=CARTESIAN_POINT('',(-62.464222108087,39.3095926456724,45.851922073455));
#7725=CARTESIAN_POINT('',(-62.4886666949963,39.4245943083097,45.846036048789));
#7726=CARTESIAN_POINT('',(-64.0930515504869,46.9726284372369,45.4601508123385));
#7727=CARTESIAN_POINT('',(-66.1135351805219,56.478259703643,45.0293011932921));
#7728=CARTESIAN_POINT('',(-68.5625566823704,68.0000000000001,44.5777186146023));
#7729=CARTESIAN_POINT('',(-56.4468326671791,11.,47.7254053997831));
#7730=CARTESIAN_POINT('',(-68.5625566823704,68.,44.5777186146023));
#7731=CARTESIAN_POINT('',(-56.4468326671791,11.,-55.5));
#7732=CARTESIAN_POINT('',(-56.4468326671791,11.,32.274594600217));
#7733=CARTESIAN_POINT('',(-68.5625566823704,68.,35.4222813853977));
#7734=CARTESIAN_POINT('',(-67.3380184380292,62.2390005054646,35.1964850264574));
#7735=CARTESIAN_POINT('',(-66.2201806826362,56.9820313071427,34.9772821868498));
#7736=CARTESIAN_POINT('',(-64.7047556119544,49.8526229539805,34.65923313522));
#7737=CARTESIAN_POINT('',(-64.2264825316545,47.6021610769799,34.5550996450703));
#7738=CARTESIAN_POINT('',(-63.5493029594447,44.415479622559,34.4026289538164));
#7739=CARTESIAN_POINT('',(-63.3302795331986,43.3847543645988,34.3524324289377));
#7740=CARTESIAN_POINT('',(-63.0117706860004,41.8859193179284,34.2782396190512));
#7741=CARTESIAN_POINT('',(-62.8550226182037,41.1483150046607,34.2414192048695));
#7742=CARTESIAN_POINT('',(-62.6765273742984,40.3084497567999,34.198985540649));
#7743=CARTESIAN_POINT('',(-62.5883728587251,39.8936854122741,34.1779050250857));
#7744=CARTESIAN_POINT('',(-62.5508264481414,39.7170367530639,34.1689003213887));
#7745=CARTESIAN_POINT('',(-62.525847512904,39.5995170888003,34.1629038753095));
#7746=CARTESIAN_POINT('',(-62.5194070561858,39.5692163490132,34.1613576700401));
#7747=CARTESIAN_POINT('',(-61.9102112500331,36.7031742141688,34.0148319722565));
#7748=CARTESIAN_POINT('',(-61.3622657065339,34.1261256155153,33.8760835895028));
#7749=CARTESIAN_POINT('',(-60.605056072274,30.5637683793285,33.6736957447803));
#7750=CARTESIAN_POINT('',(-60.3634288676954,29.4268519108985,33.6072175717003));
#7751=CARTESIAN_POINT('',(-60.017121591407,27.7972811237018,33.50931934992));
#7752=CARTESIAN_POINT('',(-59.8480001962079,27.0014467089655,33.4608275607409));
#7753=CARTESIAN_POINT('',(-59.6577285170364,26.1061374381152,33.4051555549841));
#7754=CARTESIAN_POINT('',(-59.5776883100251,25.729540081967,33.3815018762076));
#7755=CARTESIAN_POINT('',(-59.5246622041002,25.4800544261066,33.365779913518));
#7756=CARTESIAN_POINT('',(-59.5075161901943,25.399383936185,33.3606882189238));
#7757=CARTESIAN_POINT('',(-59.1891030730325,23.9013672939563,33.265658981034));
#7758=CARTESIAN_POINT('',(-58.9214304688437,22.64228367615,33.1826505091368));
#7759=CARTESIAN_POINT('',(-58.5431006524601,20.8623883457028,33.0606784536494));
#7760=CARTESIAN_POINT('',(-58.4208514318532,20.2872115849308,33.0204506218844));
#7761=CARTESIAN_POINT('',(-58.2432605502808,19.4516289678384,32.9608498104317));
#7762=CARTESIAN_POINT('',(-58.1559105581684,19.0406332903085,32.9312351804087));
#7763=CARTESIAN_POINT('',(-58.0707244419894,18.6398310593033,32.9019221425543));
#7764=CARTESIAN_POINT('',(-58.0144138766219,18.3748947823053,32.8824500098271));
#7765=CARTESIAN_POINT('',(-57.9957825160264,18.2872362418056,32.8759909353854));
#7766=CARTESIAN_POINT('',(-57.3674746308898,15.3312775849723,32.6565757443134));
#7767=CARTESIAN_POINT('',(-56.8634772844505,12.9601588113672,32.457736790547));
#7768=CARTESIAN_POINT('',(-56.4468326671791,11.,32.2745946002169));
#7769=CARTESIAN_POINT('',(-68.5625566823704,68.,35.4222813853977));
#7770=CARTESIAN_POINT('',(-68.5625566823704,68.,-55.5));
#7771=CARTESIAN_POINT('',(-68.5625566823704,68.,-55.5));
#7772=CARTESIAN_POINT('',(-68.5625566823703,68.,55.4222813853978));
#7773=CARTESIAN_POINT('',(-67.3380184392852,62.2390005113735,55.196485026689));
#7774=CARTESIAN_POINT('',(-66.2201806844885,56.9820313160062,54.9772821873055));
#7775=CARTESIAN_POINT('',(-64.704755613779,49.852622962844,54.6592331357566));
#7776=CARTESIAN_POINT('',(-64.2264825333165,47.6021610851047,54.5550996455913));
#7777=CARTESIAN_POINT('',(-63.5493029606441,44.415479628468,54.4026289542201));
#7778=CARTESIAN_POINT('',(-63.3302795342074,43.3847543695845,54.3524324292865));
#7779=CARTESIAN_POINT('',(-63.0117706866702,41.8859193212522,54.2782396192906));
#7780=CARTESIAN_POINT('',(-62.8550226186908,41.1483150070843,54.2414192050473));
#7781=CARTESIAN_POINT('',(-62.6765273745494,40.3084497580521,54.1989855407423));
#7782=CARTESIAN_POINT('',(-62.5883728588525,39.8936854129103,54.1779050251335));
#7783=CARTESIAN_POINT('',(-62.5508264482145,39.7170367534296,54.1689003214162));
#7784=CARTESIAN_POINT('',(-62.5258475129409,39.5995170889842,54.1629038753234));
#7785=CARTESIAN_POINT('',(-62.5194070560852,39.5692163485477,54.1613576700196));
#7786=CARTESIAN_POINT('',(-61.910211253254,36.7031742290632,54.0148319729103));
#7787=CARTESIAN_POINT('',(-61.3622657112533,34.1261256378569,53.8760835907843));
#7788=CARTESIAN_POINT('',(-60.6050560769001,30.5637684016701,53.6736957462825));
#7789=CARTESIAN_POINT('',(-60.3634288719009,29.4268519313783,53.6072175731564));
#7790=CARTESIAN_POINT('',(-60.0171215944349,27.7972811385962,53.5093193510456));
#7791=CARTESIAN_POINT('',(-59.8480001985104,27.0014467203691,53.4608275616358));
#7792=CARTESIAN_POINT('',(-59.6577285182625,26.1061374442243,53.4051555554787));
#7793=CARTESIAN_POINT('',(-59.5776883107416,25.7295400855451,53.3815018765006));
#7794=CARTESIAN_POINT('',(-59.5246622044664,25.4800544279394,53.3657799136697));
#7795=CARTESIAN_POINT('',(-59.5075161899665,25.3993839351907,53.3606882188858));
#7796=CARTESIAN_POINT('',(-59.1891030748548,23.9013673019112,53.2656589813381));
#7797=CARTESIAN_POINT('',(-58.9214304715065,22.6422836880824,53.1826505097534));
#7798=CARTESIAN_POINT('',(-58.5431006550666,20.8623883576353,53.0606784543823));
#7799=CARTESIAN_POINT('',(-58.4208514342217,20.2872115958689,53.0204506225977));
#7800=CARTESIAN_POINT('',(-58.2432605519853,19.4516289757933,52.9608498109854));
#7801=CARTESIAN_POINT('',(-58.1559105594642,19.0406332963991,52.93123518085));
#7802=CARTESIAN_POINT('',(-58.070724442766,18.63983106297,52.9019221428267));
#7803=CARTESIAN_POINT('',(-58.0144138770281,18.3748947842319,52.8824500099736));
#7804=CARTESIAN_POINT('',(-57.9957825160066,18.2872362417277,52.8759909353836));
#7805=CARTESIAN_POINT('',(-57.3674746312054,15.3312775862198,52.6565757443426));
#7806=CARTESIAN_POINT('',(-56.8634772847157,12.9601588126147,52.4577367906636));
#7807=CARTESIAN_POINT('',(-56.4468326671791,11.,52.2745946002169));
#7808=CARTESIAN_POINT('',(-68.5625566823704,68.,55.4222813853978));
#7809=CARTESIAN_POINT('',(-56.4468326671791,11.,52.274594600217));
#7810=CARTESIAN_POINT('',(-68.5625566823704,68.,-55.5));
#7811=CARTESIAN_POINT('',(-56.4468326671791,11.,-55.5));
#7812=CARTESIAN_POINT('',(-68.5625566823704,68.,-55.5));
#7813=CARTESIAN_POINT('',(-54.3594208547236,11.,50.));
#7814=CARTESIAN_POINT('',(-54.3594208547236,11.,30.));
#7815=CARTESIAN_POINT('',(-45.5,11.,-55.5));
#7816=CARTESIAN_POINT('',(-54.3594208547236,11.,50.));
#7817=CARTESIAN_POINT('',(54.3594208547236,11.,50.));
#7818=CARTESIAN_POINT('',(-45.5,11.,-55.5));
#7819=CARTESIAN_POINT('',(-54.4468326671791,11.,-6.91399484038703));
#7820=CARTESIAN_POINT('',(-54.4176886598557,10.6668824719814,-6.98400404492587));
#7821=CARTESIAN_POINT('',(-54.3885508584917,10.3338358784033,-7.05435466385693));
#7822=CARTESIAN_POINT('',(-54.3594208547236,10.0008784117545,-7.12512695815016));
#7823=CARTESIAN_POINT('',(-54.4468326671791,11.,-6.91399484038703));
#7824=CARTESIAN_POINT('',(-54.3594208547236,10.0008784117545,-7.12512695815016));
#7825=CARTESIAN_POINT('',(-54.4468326671791,11.,-55.5));
#7826=CARTESIAN_POINT('',(-54.4468326671791,11.,6.91399484038703));
#7827=CARTESIAN_POINT('',(-54.3594208547236,10.0008784117545,7.12512695815016));
#7828=CARTESIAN_POINT('',(-54.3885508584917,10.3338358784033,7.05435466385693));
#7829=CARTESIAN_POINT('',(-54.4176886598557,10.6668824719814,6.98400404492587));
#7830=CARTESIAN_POINT('',(-54.4468326671791,11.,6.91399484038703));
#7831=CARTESIAN_POINT('',(-54.2965368232612,9.28211064313089,-55.5));
#7832=CARTESIAN_POINT('',(-54.2965368232612,9.28211064313089,-7.27863221339895));
#7833=CARTESIAN_POINT('',(-54.3594208547236,10.0008784117545,-7.12512695815016));
#7834=CARTESIAN_POINT('',(-54.3384552240621,9.76124015673254,-7.17606364168222));
#7835=CARTESIAN_POINT('',(-54.3174936192198,9.52164791703546,-7.22721914325381));
#7836=CARTESIAN_POINT('',(-54.2965368232612,9.28211064313089,-7.27863221339895));
#7837=CARTESIAN_POINT('',(-54.4468326671791,11.,-55.5));
#7838=CARTESIAN_POINT('',(-68.5625566823704,68.,-4.57771861460225));
#7839=CARTESIAN_POINT('',(-67.3380184375225,62.2390005030806,-4.80351497363602));
#7840=CARTESIAN_POINT('',(-66.2201806818889,56.9820313035667,-5.02271781333399));
#7841=CARTESIAN_POINT('',(-64.7047556112182,49.8526229504045,-5.34076686499649));
#7842=CARTESIAN_POINT('',(-64.2264825309839,47.6021610737019,-5.44490035513992));
#7843=CARTESIAN_POINT('',(-63.5493029589607,44.415479620175,-5.59737104634642));
#7844=CARTESIAN_POINT('',(-63.3302795327916,43.3847543625873,-5.64756757120307));
#7845=CARTESIAN_POINT('',(-63.0117706857301,41.8859193165874,-5.72176038104537));
#7846=CARTESIAN_POINT('',(-62.8550226180072,41.1483150036829,-5.75858079520231));
#7847=CARTESIAN_POINT('',(-62.676527374197,40.3084497562947,-5.80101445938863));
#7848=CARTESIAN_POINT('',(-62.5883728586737,39.8936854120174,-5.8220949749336));
#7849=CARTESIAN_POINT('',(-62.5508264481118,39.7170367529164,-5.83109967862242));
#7850=CARTESIAN_POINT('',(-62.5258475128892,39.599517088726,-5.8370961246961));
#7851=CARTESIAN_POINT('',(-62.5194070561594,39.5692163488855,-5.83864232996783));
#7852=CARTESIAN_POINT('',(-61.9102112508792,36.7031742182536,-5.98516802749125));
#7853=CARTESIAN_POINT('',(-61.3622657077762,34.1261256216426,-6.1239164100516));
#7854=CARTESIAN_POINT('',(-60.6050560734934,30.5637683854558,-6.32630425472377));
#7855=CARTESIAN_POINT('',(-60.3634288688045,29.4268519165151,-6.3927824278269));
#7856=CARTESIAN_POINT('',(-60.017121592206,27.7972811277866,-6.49068064972073));
#7857=CARTESIAN_POINT('',(-59.8480001968157,27.001446712093,-6.53917243897637));
#7858=CARTESIAN_POINT('',(-59.6577285173602,26.1061374397907,-6.59484444486083));
#7859=CARTESIAN_POINT('',(-59.5776883102143,25.7295400829483,-6.61849812370082));
#7860=CARTESIAN_POINT('',(-59.524662204197,25.4800544266093,-6.63422008643477));
#7861=CARTESIAN_POINT('',(-59.5075161900465,25.3993839355227,-6.63931178110749));
#7862=CARTESIAN_POINT('',(-59.1891030742151,23.901367299255,-6.7343410187158));
#7863=CARTESIAN_POINT('',(-58.9214304705729,22.642283684098,-6.81734949038875));
#7864=CARTESIAN_POINT('',(-58.5431006541535,20.8623883536509,-6.93932154580394));
#7865=CARTESIAN_POINT('',(-58.4208514333922,20.2872115922165,-6.97954937758872));
#7866=CARTESIAN_POINT('',(-58.2432605513886,19.4516289731371,-7.03915018916336));
#7867=CARTESIAN_POINT('',(-58.1559105590107,19.0406332943653,-7.06876481927044));
#7868=CARTESIAN_POINT('',(-58.0707244424942,18.6398310617456,-7.09807785724831));
#7869=CARTESIAN_POINT('',(-58.014413876886,18.3748947835885,-7.11754999006708));
#7870=CARTESIAN_POINT('',(-57.9957825159853,18.2872362416436,-7.12400906461837));
#7871=CARTESIAN_POINT('',(-57.3674746315457,15.3312775875651,-7.34342425562596));
#7872=CARTESIAN_POINT('',(-56.8634772850017,12.96015881396,-7.54226320921073));
#7873=CARTESIAN_POINT('',(-56.4468326671791,11.,-7.72540539978309));
#7874=CARTESIAN_POINT('',(-68.5625566823704,68.,-4.57771861460223));
#7875=CARTESIAN_POINT('',(-56.4468326671791,11.,-7.72540539978306));
#7876=CARTESIAN_POINT('',(-68.5625566823704,68.,-55.5));
#7877=CARTESIAN_POINT('',(-68.5625566823704,68.,4.57771861460223));
#7878=CARTESIAN_POINT('',(-56.4468326671791,11.,7.72540539978309));
#7879=CARTESIAN_POINT('',(-56.6551458961582,11.9800366892577,7.63383829571291));
#7880=CARTESIAN_POINT('',(-56.8851041015332,13.0628126077875,7.53804473698901));
#7881=CARTESIAN_POINT('',(-57.263094488428,14.8410853294902,7.3904208866776));
#7882=CARTESIAN_POINT('',(-57.39458570602,15.4595277107091,7.34054007139656));
#7883=CARTESIAN_POINT('',(-57.6000258156512,16.4257184935146,7.26484251359129));
#7884=CARTESIAN_POINT('',(-57.7047956764595,16.9184456876615,7.2267728062785));
#7885=CARTESIAN_POINT('',(-57.8126246264479,17.4256205859249,7.18837956269978));
#7886=CARTESIAN_POINT('',(-57.8851881307112,17.7669477856819,7.16271183331447));
#7887=CARTESIAN_POINT('',(-57.9310909950647,17.9828865298531,7.146600373164));
#7888=CARTESIAN_POINT('',(-58.1801733198138,19.1547257424738,7.05961690375559));
#7889=CARTESIAN_POINT('',(-58.4169449279939,20.2688735268901,6.97999428484044));
#7890=CARTESIAN_POINT('',(-58.7952948559409,22.0488645966449,6.85801492909667));
#7891=CARTESIAN_POINT('',(-58.9252735026729,22.6603231854182,6.81692531137856));
#7892=CARTESIAN_POINT('',(-59.1260251584803,23.6047034168608,6.75470784829633));
#7893=CARTESIAN_POINT('',(-59.2278466487171,24.0836916196527,6.72345280093974));
#7894=CARTESIAN_POINT('',(-59.3318326814892,24.5728769530506,6.69198475429407));
#7895=CARTESIAN_POINT('',(-59.4016371324601,24.9012665376727,6.67095908560547));
#7896=CARTESIAN_POINT('',(-59.4459823805499,25.1098901021041,6.65767626078799));
#7897=CARTESIAN_POINT('',(-59.8910348110926,27.2036961854471,6.52485303786044));
#7898=CARTESIAN_POINT('',(-60.3526965098054,29.3765209481682,6.39375473864099));
#7899=CARTESIAN_POINT('',(-61.1099388699436,32.9390337069061,6.19135841543729));
#7900=CARTESIAN_POINT('',(-61.3731305496392,34.1770838955948,6.12290837342741));
#7901=CARTESIAN_POINT('',(-61.7840472965094,36.1099780822919,6.0189330337697));
#7902=CARTESIAN_POINT('',(-61.9935370028478,37.0953799015565,5.96661766460994));
#7903=CARTESIAN_POINT('',(-62.2449789542209,38.2781861277182,5.9050201426574));
#7904=CARTESIAN_POINT('',(-62.372456432156,38.8778819333873,5.87407984950255));
#7905=CARTESIAN_POINT('',(-62.4274657158728,39.1366714270859,5.8607892584964));
#7906=CARTESIAN_POINT('',(-62.4642221082284,39.3095926463415,5.85192207341911));
#7907=CARTESIAN_POINT('',(-62.4886666950004,39.42459430833,5.84603604878744));
#7908=CARTESIAN_POINT('',(-64.0930515499653,46.972628434629,5.4601508125358));
#7909=CARTESIAN_POINT('',(-66.1135351799675,56.478259701035,5.02930119339437));
#7910=CARTESIAN_POINT('',(-68.5625566823704,68.,4.57771861460226));
#7911=CARTESIAN_POINT('',(-56.4468326671791,11.,7.72540539978306));
#7912=CARTESIAN_POINT('',(-56.4468326671791,11.,-55.5));
#7913=CARTESIAN_POINT('',(-68.5625566823704,68.,-55.5));
#7914=CARTESIAN_POINT('',(-54.3594208547236,11.,-10.));
#7915=CARTESIAN_POINT('',(-54.3594208547236,11.,10.));
#7916=CARTESIAN_POINT('',(-45.5,11.,-55.5));
#7917=CARTESIAN_POINT('',(-54.4468326671791,11.,-26.9139948403871));
#7918=CARTESIAN_POINT('',(-54.4176886598557,10.6668824719814,-26.9840040449259));
#7919=CARTESIAN_POINT('',(-54.3885508584917,10.3338358784033,-27.0543546638569));
#7920=CARTESIAN_POINT('',(-54.3594208547236,10.0008784117545,-27.1251269581502));
#7921=CARTESIAN_POINT('',(-54.4468326671791,11.,-26.9139948403871));
#7922=CARTESIAN_POINT('',(-54.3594208547236,10.0008784117545,-27.1251269581502));
#7923=CARTESIAN_POINT('',(-54.4468326671791,11.,-55.5));
#7924=CARTESIAN_POINT('',(-54.4468326671791,11.,-13.086005159613));
#7925=CARTESIAN_POINT('',(-54.3594208547236,10.0008784117545,-12.8748730418498));
#7926=CARTESIAN_POINT('',(-54.3885508584917,10.3338358784033,-12.9456453361431));
#7927=CARTESIAN_POINT('',(-54.4176886598557,10.6668824719814,-13.0159959550741));
#7928=CARTESIAN_POINT('',(-54.4468326671791,11.,-13.086005159613));
#7929=CARTESIAN_POINT('',(-54.2965368232612,9.28211064313089,-55.5));
#7930=CARTESIAN_POINT('',(-54.2965368232612,9.28211064313089,-27.278632213399));
#7931=CARTESIAN_POINT('',(-54.3594208547236,10.0008784117545,-27.1251269581502));
#7932=CARTESIAN_POINT('',(-54.3384552240621,9.76124015673254,-27.1760636416822));
#7933=CARTESIAN_POINT('',(-54.3174936192198,9.52164791703546,-27.2272191432538));
#7934=CARTESIAN_POINT('',(-54.2965368232612,9.28211064313089,-27.278632213399));
#7935=CARTESIAN_POINT('',(-54.4468326671791,11.,-55.5));
#7936=CARTESIAN_POINT('',(-68.5625566823704,68.,-24.5777186146023));
#7937=CARTESIAN_POINT('',(-67.3380184375225,62.2390005030808,-24.803514973636));
#7938=CARTESIAN_POINT('',(-66.220180681889,56.9820313035671,-25.022717813334));
#7939=CARTESIAN_POINT('',(-64.7047556112183,49.8526229504049,-25.3407668649965));
#7940=CARTESIAN_POINT('',(-64.226482530984,47.6021610737022,-25.4449003551399));
#7941=CARTESIAN_POINT('',(-63.5493029589608,44.4154796201753,-25.5973710463464));
#7942=CARTESIAN_POINT('',(-63.3302795327916,43.3847543625875,-25.6475675712031));
#7943=CARTESIAN_POINT('',(-63.0117706857302,41.8859193165875,-25.7217603810454));
#7944=CARTESIAN_POINT('',(-62.8550226180072,41.148315003683,-25.7585807952023));
#7945=CARTESIAN_POINT('',(-62.676527374197,40.3084497562948,-25.8010144593886));
#7946=CARTESIAN_POINT('',(-62.5883728586737,39.8936854120174,-25.8220949749336));
#7947=CARTESIAN_POINT('',(-62.5508264481118,39.7170367529164,-25.8310996786224));
#7948=CARTESIAN_POINT('',(-62.5258475128892,39.5995170887261,-25.8370961246961));
#7949=CARTESIAN_POINT('',(-62.5194070561805,39.569216348985,-25.8386423299627));
#7950=CARTESIAN_POINT('',(-61.9102112502021,36.7031742150683,-25.9851680276541));
#7951=CARTESIAN_POINT('',(-61.3622657067833,34.1261256168646,-26.1239164103554));
#7952=CARTESIAN_POINT('',(-60.6050560725196,30.5637683806778,-26.3263042550715));
#7953=CARTESIAN_POINT('',(-60.3634288679191,29.4268519121353,-26.3927824281615));
#7954=CARTESIAN_POINT('',(-60.0171215915684,27.7972811246013,-26.4906806499774));
#7955=CARTESIAN_POINT('',(-59.8480001963308,27.0014467096542,-26.5391724391795));
#7956=CARTESIAN_POINT('',(-59.6577285171019,26.1061374384842,-26.5948444449727));
#7957=CARTESIAN_POINT('',(-59.5776883100634,25.7295400821831,-26.618498123767));
#7958=CARTESIAN_POINT('',(-59.5246622041198,25.4800544262173,-26.634220086469));
#7959=CARTESIAN_POINT('',(-59.5075161901362,25.3993839359245,-26.6393117810886));
#7960=CARTESIAN_POINT('',(-59.1891030734973,23.9013672960403,-26.7343410188671));
#7961=CARTESIAN_POINT('',(-58.9214304695233,22.642283679276,-26.8173494906759));
#7962=CARTESIAN_POINT('',(-58.5431006531257,20.8623883488288,-26.939321546135));
#7963=CARTESIAN_POINT('',(-58.4208514324581,20.2872115877963,-26.9795493779078));
#7964=CARTESIAN_POINT('',(-58.2432605507162,19.4516289699224,-27.0391501894086));
#7965=CARTESIAN_POINT('',(-58.1559105584995,19.0406332919041,-27.0687648194648));
#7966=CARTESIAN_POINT('',(-58.0707244421879,18.6398310602639,-27.0980778573679));
#7967=CARTESIAN_POINT('',(-58.0144138767257,18.37489478281,-27.1175499901312));
#7968=CARTESIAN_POINT('',(-57.9957825160099,18.2872362417407,-27.1240090646161));
#7969=CARTESIAN_POINT('',(-57.3674746311526,15.3312775860111,-27.3434242556623));
#7970=CARTESIAN_POINT('',(-56.8634772846713,12.9601588124059,-27.5422632093559));
#7971=CARTESIAN_POINT('',(-56.4468326671791,11.,-27.7254053997831));
#7972=CARTESIAN_POINT('',(-68.5625566823704,68.,-24.5777186146023));
#7973=CARTESIAN_POINT('',(-56.4468326671791,11.,-27.725405399783));
#7974=CARTESIAN_POINT('',(-68.5625566823704,68.,-55.5));
#7975=CARTESIAN_POINT('',(-68.5625566823704,68.,-15.4222813853977));
#7976=CARTESIAN_POINT('',(-56.4468326671791,11.,-12.2745946002169));
#7977=CARTESIAN_POINT('',(-56.6551458962464,11.9800366896726,-12.3661617043259));
#7978=CARTESIAN_POINT('',(-56.8851041016745,13.0628126084099,-12.4619552630556));
#7979=CARTESIAN_POINT('',(-57.2630944885756,14.8410853301126,-12.6095791133561));
#7980=CARTESIAN_POINT('',(-57.3945857061575,15.4595277112797,-12.6594599286303));
#7981=CARTESIAN_POINT('',(-57.600025815753,16.4257184939295,-12.7351574864247));
#7982=CARTESIAN_POINT('',(-57.7047956765384,16.9184456879792,-12.773227193732));
#7983=CARTESIAN_POINT('',(-57.8126246264958,17.4256205861161,-12.8116204373058));
#7984=CARTESIAN_POINT('',(-57.8851881307365,17.7669477857823,-12.8372881666881));
#7985=CARTESIAN_POINT('',(-57.9310909950979,17.9828865300023,-12.8533996268451));
#7986=CARTESIAN_POINT('',(-58.1801733195475,19.1547257412801,-12.9403830961716));
#7987=CARTESIAN_POINT('',(-58.4169449275812,20.2688735250996,-13.0200057150765));
#7988=CARTESIAN_POINT('',(-58.7952948555188,22.0488645948544,-13.1419850708408));
#7989=CARTESIAN_POINT('',(-58.9252735022826,22.660323183777,-13.1830746885717));
#7990=CARTESIAN_POINT('',(-59.1260251581936,23.6047034156671,-13.2452921516739));
#7991=CARTESIAN_POINT('',(-59.2278466484963,24.0836916187388,-13.2765471990408));
#7992=CARTESIAN_POINT('',(-59.3318326813557,24.5728769525004,-13.3080152456955));
#7993=CARTESIAN_POINT('',(-59.4016371323897,24.9012665373836,-13.3290409143897));
#7994=CARTESIAN_POINT('',(-59.4459823805642,25.1098901021876,-13.3423237392226));
#7995=CARTESIAN_POINT('',(-59.8910348108645,27.2036961841115,-13.4751469619696));
#7996=CARTESIAN_POINT('',(-60.3526965094554,29.3765209461648,-13.6062452611146));
#7997=CARTESIAN_POINT('',(-61.1099388695887,32.9390337049027,-13.8086415843251));
#7998=CARTESIAN_POINT('',(-61.3731305493123,34.1770838937584,-13.877091626357));
#7999=CARTESIAN_POINT('',(-61.7840472962704,36.1099780809563,-13.9810669660754));
#8000=CARTESIAN_POINT('',(-61.9935370026641,37.0953799005339,-14.0333823352723));
#8001=CARTESIAN_POINT('',(-62.2449789541223,38.2781861271704,-14.0949798572799));
#8002=CARTESIAN_POINT('',(-62.3724564321049,38.8778819331043,-14.1259201504652));
#8003=CARTESIAN_POINT('',(-62.4274657158432,39.1366714269222,-14.1392107414849));
#8004=CARTESIAN_POINT('',(-62.4642221082134,39.3095926462587,-14.1480779265715));
#8005=CARTESIAN_POINT('',(-62.488666694986,39.4245943082582,-14.1539639512071));
#8006=CARTESIAN_POINT('',(-64.0930515518039,46.9726284438209,-14.5398491881597));
#8007=CARTESIAN_POINT('',(-66.1135351819213,56.4782597102269,-14.9706988069659));
#8008=CARTESIAN_POINT('',(-68.5625566823704,68.,-15.4222813853977));
#8009=CARTESIAN_POINT('',(-56.4468326671791,11.,-12.2745946002169));
#8010=CARTESIAN_POINT('',(-56.4468326671791,11.,-55.5));
#8011=CARTESIAN_POINT('',(-68.5625566823704,68.,-55.5));
#8012=CARTESIAN_POINT('',(-54.3594208547236,11.,-30.));
#8013=CARTESIAN_POINT('',(-54.3594208547236,11.,-10.));
#8014=CARTESIAN_POINT('',(-45.5,11.,-55.5));
#8015=CARTESIAN_POINT('',(-54.2965368232612,9.28211064313089,-55.5));
#8016=CARTESIAN_POINT('',(-54.4468326671791,11.,-55.5));
#8017=CARTESIAN_POINT('',(-54.4468326671791,11.,-53.086005159613));
#8018=CARTESIAN_POINT('',(-54.3594208547236,10.0008784117545,-52.8748730418498));
#8019=CARTESIAN_POINT('',(-54.3885508584917,10.3338358784033,-52.9456453361431));
#8020=CARTESIAN_POINT('',(-54.4176886598557,10.6668824719814,-53.0159959550741));
#8021=CARTESIAN_POINT('',(-54.4468326671791,11.,-53.086005159613));
#8022=CARTESIAN_POINT('',(-54.4468326671791,11.,-55.5));
#8023=CARTESIAN_POINT('',(-54.4468326671791,11.,-46.913994840387));
#8024=CARTESIAN_POINT('',(-54.4176886598557,10.6668824719814,-46.9840040449259));
#8025=CARTESIAN_POINT('',(-54.3885508584917,10.3338358784033,-47.0543546638569));
#8026=CARTESIAN_POINT('',(-54.3594208547236,10.0008784117545,-47.1251269581502));
#8027=CARTESIAN_POINT('',(-54.4468326671791,11.,-46.913994840387));
#8028=CARTESIAN_POINT('',(-54.3594208547236,10.0008784117545,-47.1251269581502));
#8029=CARTESIAN_POINT('',(-54.4468326671791,11.,-55.5));
#8030=CARTESIAN_POINT('',(-54.4468326671791,11.,-33.086005159613));
#8031=CARTESIAN_POINT('',(-54.3594208547236,10.0008784117545,-32.8748730418498));
#8032=CARTESIAN_POINT('',(-54.3885508584917,10.3338358784033,-32.9456453361431));
#8033=CARTESIAN_POINT('',(-54.4176886598557,10.6668824719814,-33.0159959550741));
#8034=CARTESIAN_POINT('',(-54.4468326671791,11.,-33.086005159613));
#8035=CARTESIAN_POINT('',(-54.2965368232612,9.28211064313089,-55.5));
#8036=CARTESIAN_POINT('',(-54.2965368232612,9.28211064313089,-47.278632213399));
#8037=CARTESIAN_POINT('',(-54.3594208547236,10.0008784117545,-47.1251269581502));
#8038=CARTESIAN_POINT('',(-54.3384552240621,9.76124015673254,-47.1760636416822));
#8039=CARTESIAN_POINT('',(-54.3174936192198,9.52164791703545,-47.2272191432538));
#8040=CARTESIAN_POINT('',(-54.2965368232612,9.28211064313089,-47.278632213399));
#8041=CARTESIAN_POINT('',(-54.4468326671791,11.,-55.5));
#8042=CARTESIAN_POINT('',(-56.4468326671791,11.,-52.2745946002169));
#8043=CARTESIAN_POINT('',(-56.6551458965873,11.9800366912766,-52.3661617044757));
#8044=CARTESIAN_POINT('',(-56.8851041022208,13.0628126108158,-52.4619552632281));
#8045=CARTESIAN_POINT('',(-57.2630944891462,14.8410853325186,-52.6095791134864));
#8046=CARTESIAN_POINT('',(-57.394585706689,15.4595277134851,-52.6594599287341));
#8047=CARTESIAN_POINT('',(-57.6000258161467,16.4257184955335,-52.7351574864867));
#8048=CARTESIAN_POINT('',(-57.7047956768432,16.9184456892072,-52.7732271937726));
#8049=CARTESIAN_POINT('',(-57.8126246266807,17.4256205868554,-52.8116204373275));
#8050=CARTESIAN_POINT('',(-57.8851881308344,17.7669477861708,-52.8372881666982));
#8051=CARTESIAN_POINT('',(-57.9310909950383,17.9828865296933,-52.8533996268146));
#8052=CARTESIAN_POINT('',(-58.1801733200245,19.1547257437525,-52.9403830964162));
#8053=CARTESIAN_POINT('',(-58.4169449283179,20.2688735288082,-53.0200057154072));
#8054=CARTESIAN_POINT('',(-58.7952948562703,22.048864598563,-53.1419850711437));
#8055=CARTESIAN_POINT('',(-58.9252735029766,22.6603231871765,-53.1830746888393));
#8056=CARTESIAN_POINT('',(-59.1260251587027,23.6047034181395,-53.24529215186));
#8057=CARTESIAN_POINT('',(-59.2278466488881,24.0836916206317,-53.2765471991789));
#8058=CARTESIAN_POINT('',(-59.3318326815924,24.57287695364,-53.3080152457769));
#8059=CARTESIAN_POINT('',(-59.4016371325145,24.9012665379824,-53.3290409144317));
#8060=CARTESIAN_POINT('',(-59.4459823805759,25.1098901022468,-53.3423237392277));
#8061=CARTESIAN_POINT('',(-59.8910348106765,27.2036961831633,-53.4751469618889));
#8062=CARTESIAN_POINT('',(-60.3526965091647,29.3765209447425,-53.6062452610113));
#8063=CARTESIAN_POINT('',(-61.1099388692922,32.9390337034805,-53.8086415842355));
#8064=CARTESIAN_POINT('',(-61.3731305490385,34.1770838924547,-53.8770916262799));
#8065=CARTESIAN_POINT('',(-61.7840472960695,36.1099780800082,-53.9810669660235));
#8066=CARTESIAN_POINT('',(-61.9935370025095,37.095379899808,-54.0333823352347));
#8067=CARTESIAN_POINT('',(-62.2449789540391,38.2781861267816,-54.0949798572608));
#8068=CARTESIAN_POINT('',(-62.3724564320619,38.8778819329034,-54.1259201504555));
#8069=CARTESIAN_POINT('',(-62.4274657158183,39.136671426806,-54.1392107414794));
#8070=CARTESIAN_POINT('',(-62.4642221082008,39.3095926461999,-54.1480779265687));
#8071=CARTESIAN_POINT('',(-62.4886666949867,39.4245943082618,-54.1539639512074));
#8072=CARTESIAN_POINT('',(-64.0930515517127,46.9726284433651,-54.5398491881253));
#8073=CARTESIAN_POINT('',(-66.1135351818244,56.4782597097712,-54.9706988069481));
#8074=CARTESIAN_POINT('',(-68.5625566823703,68.,-55.4222813853978));
#8075=CARTESIAN_POINT('',(-56.4468326671791,11.,-52.274594600217));
#8076=CARTESIAN_POINT('',(-68.5625566823704,68.,-55.4222813853978));
#8077=CARTESIAN_POINT('',(-56.4468326671791,11.,-55.5));
#8078=CARTESIAN_POINT('',(-68.5625566823704,68.,-55.5));
#8079=CARTESIAN_POINT('',(-68.5625566823704,68.,-55.5));
#8080=CARTESIAN_POINT('',(-68.5625566823704,68.,-44.5777186146023));
#8081=CARTESIAN_POINT('',(-67.3380184385844,62.2390005080765,-44.8035149734402));
#8082=CARTESIAN_POINT('',(-66.220180683455,56.9820313110607,-45.0227178129487));
#8083=CARTESIAN_POINT('',(-64.7047556127609,49.8526229578985,-45.3407668645428));
#8084=CARTESIAN_POINT('',(-64.2264825323892,47.6021610805713,-45.4449003546994));
#8085=CARTESIAN_POINT('',(-63.5493029599748,44.415479625171,-45.5973710460051));
#8086=CARTESIAN_POINT('',(-63.3302795336445,43.3847543668026,-45.6475675709081));
#8087=CARTESIAN_POINT('',(-63.0117706862964,41.8859193193976,-45.721760380843));
#8088=CARTESIAN_POINT('',(-62.855022618419,41.1483150057321,-45.7585807950519));
#8089=CARTESIAN_POINT('',(-62.6765273744093,40.3084497573534,-45.8010144593097));
#8090=CARTESIAN_POINT('',(-62.5883728587814,39.8936854125553,-45.8220949748932));
#8091=CARTESIAN_POINT('',(-62.5508264481737,39.7170367532256,-45.8310996785991));
#8092=CARTESIAN_POINT('',(-62.5258475129204,39.5995170888816,-45.8370961246844));
#8093=CARTESIAN_POINT('',(-62.5194070562345,39.5692163492458,-45.8386423299466));
#8094=CARTESIAN_POINT('',(-61.9102112484751,36.7031742067246,-45.9851680281717));
#8095=CARTESIAN_POINT('',(-61.3622657042476,34.126125604349,-46.1239164112684));
#8096=CARTESIAN_POINT('',(-60.6050560700306,30.5637683681622,-46.3263042560872));
#8097=CARTESIAN_POINT('',(-60.3634288656551,29.4268519006627,-46.3927824291295));
#8098=CARTESIAN_POINT('',(-60.0171215899374,27.7972811162576,-46.4906806507128));
#8099=CARTESIAN_POINT('',(-59.84800019509,27.0014467032661,-46.5391724397583));
#8100=CARTESIAN_POINT('',(-59.657728516441,26.106137435062,-46.5948444452899));
#8101=CARTESIAN_POINT('',(-59.5776883096771,25.7295400801786,-46.6184981239544));
#8102=CARTESIAN_POINT('',(-59.5246622039224,25.4800544251906,-46.6342200865657));
#8103=CARTESIAN_POINT('',(-59.5075161902366,25.3993839363291,-46.639311781085));
#8104=CARTESIAN_POINT('',(-59.1891030726936,23.9013672928036,-46.7343410188958));
#8105=CARTESIAN_POINT('',(-58.9214304683513,22.642283674421,-46.8173494907997));
#8106=CARTESIAN_POINT('',(-58.5431006519799,20.8623883439738,-46.9393215463166));
#8107=CARTESIAN_POINT('',(-58.4208514314175,20.2872115833459,-46.9795493780949));
#8108=CARTESIAN_POINT('',(-58.2432605499677,19.4516289666857,-47.0391501895619));
#8109=CARTESIAN_POINT('',(-58.1559105579306,19.040633289426,-47.0687648195907));
#8110=CARTESIAN_POINT('',(-58.0707244418471,18.639831058772,-47.098077857447));
#8111=CARTESIAN_POINT('',(-58.0144138765475,18.3748947820261,-47.1175499901744));
#8112=CARTESIAN_POINT('',(-57.9957825159624,18.2872362415529,-47.1240090646205));
#8113=CARTESIAN_POINT('',(-57.3674746319127,15.3312775890155,-47.343424255592));
#8114=CARTESIAN_POINT('',(-56.86347728531,12.9601588154104,-47.5422632090752));
#8115=CARTESIAN_POINT('',(-56.4468326671791,11.,-47.7254053997831));
#8116=CARTESIAN_POINT('',(-68.5625566823704,68.,-44.5777186146023));
#8117=CARTESIAN_POINT('',(-56.4468326671791,11.,-47.7254053997831));
#8118=CARTESIAN_POINT('',(-68.5625566823704,68.,-55.5));
#8119=CARTESIAN_POINT('',(-68.5625566823704,68.,-35.4222813853977));
#8120=CARTESIAN_POINT('',(-56.4468326671791,11.,-32.2745946002169));
#8121=CARTESIAN_POINT('',(-56.6551458964224,11.9800366905008,-32.3661617044032));
#8122=CARTESIAN_POINT('',(-56.8851041019566,13.0628126096522,-32.4619552631447));
#8123=CARTESIAN_POINT('',(-57.2630944888702,14.8410853313549,-32.6095791134234));
#8124=CARTESIAN_POINT('',(-57.394585706432,15.4595277124184,-32.6594599286839));
#8125=CARTESIAN_POINT('',(-57.6000258159562,16.4257184947577,-32.7351574864567));
#8126=CARTESIAN_POINT('',(-57.7047956766958,16.9184456886133,-32.7732271937529));
#8127=CARTESIAN_POINT('',(-57.8126246265912,17.4256205864979,-32.811620437317));
#8128=CARTESIAN_POINT('',(-57.885188130787,17.7669477859829,-32.8372881666933));
#8129=CARTESIAN_POINT('',(-57.9310909950091,17.9828865295694,-32.853399626809));
#8130=CARTESIAN_POINT('',(-58.1801733202585,19.154725744743,-32.9403830964602));
#8131=CARTESIAN_POINT('',(-58.416944928681,20.268873530294,-33.0200057154483));
#8132=CARTESIAN_POINT('',(-58.7952948566421,22.0488646000488,-33.1419850711652));
#8133=CARTESIAN_POINT('',(-58.9252735033205,22.6603231885385,-33.1830746888518));
#8134=CARTESIAN_POINT('',(-59.1260251589554,23.60470341913,-33.2452921518628));
#8135=CARTESIAN_POINT('',(-59.2278466490829,24.0836916213901,-33.2765471991779));
#8136=CARTESIAN_POINT('',(-59.3318326817102,24.5728769540966,-33.3080152457751));
#8137=CARTESIAN_POINT('',(-59.4016371325766,24.9012665382223,-33.3290409144301));
#8138=CARTESIAN_POINT('',(-59.4459823805879,25.1098901022828,-33.3423237392234));
#8139=CARTESIAN_POINT('',(-59.8910348104853,27.2036961825882,-33.4751469619576));
#8140=CARTESIAN_POINT('',(-60.3526965088637,29.3765209438798,-33.6062452611557));
#8141=CARTESIAN_POINT('',(-61.1099388689807,32.9390337026178,-33.8086415844143));
#8142=CARTESIAN_POINT('',(-61.3731305487492,34.1770838916638,-33.8770916264567));
#8143=CARTESIAN_POINT('',(-61.7840472958559,36.109978079433,-33.9810669661634));
#8144=CARTESIAN_POINT('',(-61.9935370023444,37.0953798993677,-34.0333823353477));
#8145=CARTESIAN_POINT('',(-62.2449789539499,38.2781861265456,-34.094979857324));
#8146=CARTESIAN_POINT('',(-62.3724564320156,38.8778819327815,-34.1259201504889));
#8147=CARTESIAN_POINT('',(-62.4274657157915,39.1366714267355,-34.1392107414989));
#8148=CARTESIAN_POINT('',(-62.4642221081873,39.3095926461642,-34.1480779265786));
#8149=CARTESIAN_POINT('',(-62.4886666950193,39.4245943084248,-34.1539639512197));
#8150=CARTESIAN_POINT('',(-64.093051547539,46.9726284224993,-34.5398491865464));
#8151=CARTESIAN_POINT('',(-66.1135351773893,56.4782596889054,-34.9706988061302));
#8152=CARTESIAN_POINT('',(-68.5625566823704,68.,-35.4222813853977));
#8153=CARTESIAN_POINT('',(-56.4468326671791,11.,-32.274594600217));
#8154=CARTESIAN_POINT('',(-56.4468326671791,11.,-55.5));
#8155=CARTESIAN_POINT('',(-68.5625566823704,68.,-55.5));
#8156=CARTESIAN_POINT('',(-54.3594208547236,11.,-50.));
#8157=CARTESIAN_POINT('',(54.3594208547236,11.,-50.));
#8158=CARTESIAN_POINT('',(-45.5,11.,-55.5));
#8159=CARTESIAN_POINT('',(-54.3594208547236,11.,-50.));
#8160=CARTESIAN_POINT('',(-54.3594208547236,11.,-30.));
#8161=CARTESIAN_POINT('',(-45.5,11.,-55.5));
#8162=CARTESIAN_POINT('',(-54.2965368232612,9.28211064313088,-47.278632213399));
#8163=CARTESIAN_POINT('',(-54.2539657683208,8.79552125857965,-47.3830713002768));
#8164=CARTESIAN_POINT('',(-54.0703311921312,8.34497980777769,-47.4751466518116));
#8165=CARTESIAN_POINT('',(-53.7910616903516,7.98022077295563,-47.6215977179192));
#8166=CARTESIAN_POINT('',(-52.3204035687928,7.0534840105704,-29.9999999999999));
#8167=CARTESIAN_POINT('',(-52.3204035687928,7.0534840105704,-30.510029717629));
#8168=CARTESIAN_POINT('',(-52.5123474228807,7.08092272775722,-31.0495150536484));
#8169=CARTESIAN_POINT('',(-52.876231470793,7.23924577911151,-31.5741527711274));
#8170=CARTESIAN_POINT('',(-52.9441932056478,7.27228285125569,-31.6617693463197));
#8171=CARTESIAN_POINT('',(-53.1277207055151,7.37463590780426,-31.8676473057924));
#8172=CARTESIAN_POINT('',(-53.1877849275377,7.41268335354347,-31.9286047999873));
#8173=CARTESIAN_POINT('',(-53.3919425792206,7.56324061494214,-32.1121014064206));
#8174=CARTESIAN_POINT('',(-53.4429908401777,7.60495215394244,-32.1529652195727));
#8175=CARTESIAN_POINT('',(-53.6500264875394,7.80572818293367,-32.3002087146208));
#8176=CARTESIAN_POINT('',(-53.7306093007508,7.90126279457652,-32.3467005858722));
#8177=CARTESIAN_POINT('',(-53.7910616903516,7.98022077295563,-32.3784022820809));
#8178=CARTESIAN_POINT('',(-54.2965368232612,9.28211064313089,-27.2786322133989));
#8179=CARTESIAN_POINT('',(-54.2539657683003,8.79552125834543,-27.3830713003271));
#8180=CARTESIAN_POINT('',(-54.0703311920033,8.34497980761059,-27.4751466518787));
#8181=CARTESIAN_POINT('',(-53.7910616903516,7.98022077295564,-27.6215977179191));
#8182=CARTESIAN_POINT('',(-52.3204035687928,7.0534840105704,-9.99999999999993));
#8183=CARTESIAN_POINT('',(-52.3204035687928,7.0534840105704,-10.5100297180233));
#8184=CARTESIAN_POINT('',(-52.5123474228607,7.0809227277907,-11.0495150536567));
#8185=CARTESIAN_POINT('',(-52.876231470798,7.23924577910312,-11.5741527711253));
#8186=CARTESIAN_POINT('',(-52.9441932056331,7.27228285123636,-11.6617693462957));
#8187=CARTESIAN_POINT('',(-53.1277207055299,7.3746359078236,-11.8676473058163));
#8188=CARTESIAN_POINT('',(-53.1877849276418,7.41268335363207,-11.9286048000868));
#8189=CARTESIAN_POINT('',(-53.3919425791166,7.56324061485353,-12.1121014063212));
#8190=CARTESIAN_POINT('',(-53.4429908401913,7.60495215396598,-12.152965219586));
#8191=CARTESIAN_POINT('',(-53.6500264875259,7.80572818291012,-12.3002087146074));
#8192=CARTESIAN_POINT('',(-53.7306093007336,7.90126279455398,-12.3467005858631));
#8193=CARTESIAN_POINT('',(-53.7910616903516,7.98022077295563,-12.3784022820809));
#8194=CARTESIAN_POINT('',(-54.2965368232612,9.28211064313089,-7.27863221339894));
#8195=CARTESIAN_POINT('',(-54.2539657682913,8.79552125824206,-7.38307130034929));
#8196=CARTESIAN_POINT('',(-54.0703311919469,8.34497980753691,-7.4751466519083));
#8197=CARTESIAN_POINT('',(-53.7910616903516,7.98022077295564,-7.62159771791915));
#8198=CARTESIAN_POINT('',(-52.3204035687928,7.0534840105704,10.0000000000001));
#8199=CARTESIAN_POINT('',(-52.3204035687928,7.0534840105704,9.48997028186244));
#8200=CARTESIAN_POINT('',(-52.512347422864,7.08092272778523,8.95048494634463));
#8201=CARTESIAN_POINT('',(-52.8762314707972,7.23924577910449,8.42584722887436));
#8202=CARTESIAN_POINT('',(-52.9441932056598,7.27228285125309,8.33823065367305));
#8203=CARTESIAN_POINT('',(-53.1277207055032,7.37463590780687,8.13235269421486));
#8204=CARTESIAN_POINT('',(-53.1877849276368,7.4126833536284,8.0713951999177));
#8205=CARTESIAN_POINT('',(-53.3919425791215,7.56324061485719,7.88789859367437));
#8206=CARTESIAN_POINT('',(-53.4429908401898,7.60495215396336,7.84703478041545));
#8207=CARTESIAN_POINT('',(-53.6500264875274,7.80572818291273,7.69979128539113));
#8208=CARTESIAN_POINT('',(-53.7306093007355,7.90126279455648,7.6532994141359));
#8209=CARTESIAN_POINT('',(-53.7910616903516,7.98022077295563,7.62159771791913));
#8210=CARTESIAN_POINT('',(-54.2965368232612,9.28211064313089,12.7213677866011));
#8211=CARTESIAN_POINT('',(-54.2539657683189,8.79552125855786,12.6169286997185));
#8212=CARTESIAN_POINT('',(-54.0703311921193,8.34497980776217,12.5248533481821));
#8213=CARTESIAN_POINT('',(-53.7910616903516,7.98022077295563,12.3784022820808));
#8214=CARTESIAN_POINT('',(-52.3204035687928,7.0534840105704,30.0000000000001));
#8215=CARTESIAN_POINT('',(-52.3204035687928,7.0534840105704,29.4899702821111));
#8216=CARTESIAN_POINT('',(-52.5123474228654,7.0809227277829,28.9504849463452));
#8217=CARTESIAN_POINT('',(-52.8762314707968,7.23924577910507,28.4258472288742));
#8218=CARTESIAN_POINT('',(-52.944193205649,7.27228285124783,28.3382306536847));
#8219=CARTESIAN_POINT('',(-53.127720705514,7.37463590781212,28.1323526942033));
#8220=CARTESIAN_POINT('',(-53.1877849275936,7.41268335359478,28.0713951999574));
#8221=CARTESIAN_POINT('',(-53.3919425791647,7.56324061489082,27.8878985936347));
#8222=CARTESIAN_POINT('',(-53.4429908401792,7.60495215394507,27.8470347804258));
#8223=CARTESIAN_POINT('',(-53.6500264875379,7.80572818293102,27.6997912853807));
#8224=CARTESIAN_POINT('',(-53.7306093007489,7.90126279457399,27.6532994141289));
#8225=CARTESIAN_POINT('',(-53.7910616903516,7.98022077295563,27.6215977179191));
#8226=CARTESIAN_POINT('',(-54.2965368232612,9.28211064313089,32.7213677866011));
#8227=CARTESIAN_POINT('',(-54.2539657682805,8.79552125811885,32.6169286996243));
#8228=CARTESIAN_POINT('',(-54.0703311918796,8.34497980744906,32.5248533480564));
#8229=CARTESIAN_POINT('',(-53.7910616903516,7.98022077295563,32.3784022820808));
#8230=CARTESIAN_POINT('',(-52.3204035687928,7.0534840105704,50.0000000000001));
#8231=CARTESIAN_POINT('',(-52.3204035687928,7.0534840105704,49.4899702822584));
#8232=CARTESIAN_POINT('',(-52.5123474228701,7.0809227277749,48.9504849463472));
#8233=CARTESIAN_POINT('',(-52.8762314707956,7.23924577910706,48.4258472288737));
#8234=CARTESIAN_POINT('',(-52.9441932055562,7.2722828511987,48.338230653787));
#8235=CARTESIAN_POINT('',(-53.1277207056068,7.37463590786125,48.1323526941009));
#8236=CARTESIAN_POINT('',(-53.1877849276092,7.4126833535958,48.0713951999486));
#8237=CARTESIAN_POINT('',(-53.3919425791491,7.56324061488978,47.8878985936435));
#8238=CARTESIAN_POINT('',(-53.4429908402003,7.6049521539816,47.8470347804051));
#8239=CARTESIAN_POINT('',(-53.6500264875168,7.80572818289448,47.6997912854015));
#8240=CARTESIAN_POINT('',(-53.7306093007221,7.90126279453901,47.6532994141429));
#8241=CARTESIAN_POINT('',(-53.7910616903516,7.98022077295562,47.6215977179191));
#8242=CARTESIAN_POINT('',(-54.2965368232612,9.2821106431309,52.7213677866011));
#8243=CARTESIAN_POINT('',(-54.2539657682982,8.79552125832044,52.6169286996675));
#8244=CARTESIAN_POINT('',(-54.0703311919896,8.34497980759276,52.5248533481141));
#8245=CARTESIAN_POINT('',(-53.7910616903516,7.98022077295564,52.3784022820809));
#8246=CARTESIAN_POINT('',(-52.3204035687928,7.0534840105704,-49.9999999999999));
#8247=CARTESIAN_POINT('',(-52.3204035687928,7.0534840105704,-50.5100297178179));
#8248=CARTESIAN_POINT('',(-52.5123474228625,7.08092272778776,-51.049515053656));
#8249=CARTESIAN_POINT('',(-52.8762314707975,7.23924577910385,-51.5741527711255));
#8250=CARTESIAN_POINT('',(-52.9441932055276,7.27228285117855,-51.6617693461781));
#8251=CARTESIAN_POINT('',(-53.1277207056353,7.3746359078814,-51.8676473059339));
#8252=CARTESIAN_POINT('',(-53.1877849275495,7.41268335355447,-51.928604799999));
#8253=CARTESIAN_POINT('',(-53.3919425792088,7.56324061493112,-52.1121014064089));
#8254=CARTESIAN_POINT('',(-53.4429908401777,7.60495215394248,-52.1529652195727));
#8255=CARTESIAN_POINT('',(-53.6500264875394,7.8057281829336,-52.3002087146207));
#8256=CARTESIAN_POINT('',(-53.7306093007508,7.90126279457645,-52.3467005858721));
#8257=CARTESIAN_POINT('',(-53.7910616903516,7.98022077295562,-52.3784022820809));
#8258=CARTESIAN_POINT('',(-51.8060500780318,9.5,-55.5));
#8259=CARTESIAN_POINT('',(-54.3594208547236,68.,-50.));
#8260=CARTESIAN_POINT('',(54.3594208547236,68.,-50.));
#8261=CARTESIAN_POINT('',(54.3594208547236,68.,-30.));
#8262=CARTESIAN_POINT('',(54.3594208547236,68.,-10.));
#8263=CARTESIAN_POINT('',(54.3594208547236,68.,10.));
#8264=CARTESIAN_POINT('',(54.3594208547236,68.,30.));
#8265=CARTESIAN_POINT('',(54.3594208547236,68.,50.));
#8266=CARTESIAN_POINT('',(-54.3594208547236,68.,50.));
#8267=CARTESIAN_POINT('',(-54.3594208547236,68.,30.));
#8268=CARTESIAN_POINT('',(-54.3594208547236,68.,10.));
#8269=CARTESIAN_POINT('',(-54.3594208547236,68.,-10.));
#8270=CARTESIAN_POINT('',(-54.3594208547236,68.,-30.));
#8271=CARTESIAN_POINT('',(69.0551430076981,68.,-20.));
#8272=CARTESIAN_POINT('',(69.0551430076981,68.,-20.7));
#8273=CARTESIAN_POINT('',(69.8213884026523,68.,-20.7));
#8274=CARTESIAN_POINT('',(69.8213884026524,68.,-20.));
#8275=CARTESIAN_POINT('',(69.0551430076981,68.,0.));
#8276=CARTESIAN_POINT('',(69.0551430076981,68.,-0.700000000000018));
#8277=CARTESIAN_POINT('',(69.8213884026523,68.,-0.700000000000018));
#8278=CARTESIAN_POINT('',(69.8213884026524,68.,4.28626379701585E-17));
#8279=CARTESIAN_POINT('',(69.0551430076981,68.,40.));
#8280=CARTESIAN_POINT('',(69.0551430076981,68.,39.3));
#8281=CARTESIAN_POINT('',(69.8213884026523,68.,39.3));
#8282=CARTESIAN_POINT('',(69.8213884026524,68.,40.));
#8283=CARTESIAN_POINT('',(-69.0551430076981,68.,-20.));
#8284=CARTESIAN_POINT('',(-69.0551430076981,68.,-20.7));
#8285=CARTESIAN_POINT('',(-69.8213884026523,68.,-20.7));
#8286=CARTESIAN_POINT('',(-69.8213884026524,68.,-20.));
#8287=CARTESIAN_POINT('',(-69.0551430076981,68.,-40.));
#8288=CARTESIAN_POINT('',(-69.0551430076981,68.,-40.7));
#8289=CARTESIAN_POINT('',(-69.8213884026523,68.,-40.7));
#8290=CARTESIAN_POINT('',(-69.8213884026524,68.,-40.));
#8291=CARTESIAN_POINT('',(-69.0551430076981,68.,4.28626379701585E-17));
#8292=CARTESIAN_POINT('',(-69.0551430076981,68.,-0.700000000000018));
#8293=CARTESIAN_POINT('',(-69.8213884026523,68.,-0.700000000000018));
#8294=CARTESIAN_POINT('',(-69.8213884026524,68.,0.));
#8295=CARTESIAN_POINT('',(-69.0551430076981,68.,20.));
#8296=CARTESIAN_POINT('',(-69.0551430076981,68.,19.3));
#8297=CARTESIAN_POINT('',(-69.8213884026523,68.,19.3));
#8298=CARTESIAN_POINT('',(-69.8213884026524,68.,20.));
#8299=CARTESIAN_POINT('',(-69.0551430076981,68.,40.));
#8300=CARTESIAN_POINT('',(-69.0551430076981,68.,39.3));
#8301=CARTESIAN_POINT('',(-69.8213884026523,68.,39.3));
#8302=CARTESIAN_POINT('',(-69.8213884026524,68.,40.));
#8303=CARTESIAN_POINT('',(10.,68.,79.8213884026523));
#8304=CARTESIAN_POINT('',(9.3,68.,79.8213884026523));
#8305=CARTESIAN_POINT('',(9.3,68.,79.0551430076981));
#8306=CARTESIAN_POINT('',(10.,68.,79.0551430076981));
#8307=CARTESIAN_POINT('',(-30.,68.,79.8213884026524));
#8308=CARTESIAN_POINT('',(-30.7,68.,79.8213884026523));
#8309=CARTESIAN_POINT('',(-30.7,68.,79.0551430076981));
#8310=CARTESIAN_POINT('',(-30.,68.,79.0551430076981));
#8311=CARTESIAN_POINT('',(30.,68.,-79.8213884026524));
#8312=CARTESIAN_POINT('',(29.3,68.,-79.8213884026523));
#8313=CARTESIAN_POINT('',(29.3,68.,-79.0551430076981));
#8314=CARTESIAN_POINT('',(30.,68.,-79.0551430076981));
#8315=CARTESIAN_POINT('',(10.,68.,-79.8213884026523));
#8316=CARTESIAN_POINT('',(9.3,68.,-79.8213884026523));
#8317=CARTESIAN_POINT('',(9.3,68.,-79.0551430076981));
#8318=CARTESIAN_POINT('',(10.,68.,-79.0551430076981));
#8319=CARTESIAN_POINT('',(-10.,68.,-79.8213884026523));
#8320=CARTESIAN_POINT('',(-10.7,68.,-79.8213884026523));
#8321=CARTESIAN_POINT('',(-10.7,68.,-79.0551430076981));
#8322=CARTESIAN_POINT('',(-10.,68.,-79.0551430076981));
#8323=CARTESIAN_POINT('',(-30.,68.,-79.8213884026524));
#8324=CARTESIAN_POINT('',(-30.7,68.,-79.8213884026523));
#8325=CARTESIAN_POINT('',(-30.7,68.,-79.0551430076981));
#8326=CARTESIAN_POINT('',(-30.,68.,-79.0551430076981));
#8327=CARTESIAN_POINT('',(-10.,68.,79.8213884026523));
#8328=CARTESIAN_POINT('',(-10.7,68.,79.8213884026523));
#8329=CARTESIAN_POINT('',(-10.7,68.,79.0551430076981));
#8330=CARTESIAN_POINT('',(-10.,68.,79.0551430076981));
#8331=CARTESIAN_POINT('',(30.,68.,79.8213884026524));
#8332=CARTESIAN_POINT('',(29.3,68.,79.8213884026523));
#8333=CARTESIAN_POINT('',(29.3,68.,79.0551430076981));
#8334=CARTESIAN_POINT('',(30.,68.,79.0551430076981));
#8335=CARTESIAN_POINT('',(69.0551430076981,68.,20.));
#8336=CARTESIAN_POINT('',(69.0551430076981,68.,19.3));
#8337=CARTESIAN_POINT('',(69.8213884026523,68.,19.3));
#8338=CARTESIAN_POINT('',(69.8213884026524,68.,20.));
#8339=CARTESIAN_POINT('',(69.0551430076981,68.,-40.));
#8340=CARTESIAN_POINT('',(69.0551430076981,68.,-40.7));
#8341=CARTESIAN_POINT('',(69.8213884026523,68.,-40.7));
#8342=CARTESIAN_POINT('',(69.8213884026524,68.,-40.));
#8343=CARTESIAN_POINT('',(45.5,68.,55.5));
#8344=CARTESIAN_POINT('',(0.,5.,73.));
#8345=CARTESIAN_POINT('',(0.,5.,-73.));
#8346=CARTESIAN_POINT('',(39.,1.00000000000003,23.));
#8347=CARTESIAN_POINT('',(-39.,1.00000000000003,8.));
#8348=CARTESIAN_POINT('',(39.,1.00000000000003,-8.));
#8349=CARTESIAN_POINT('',(-39.,1.00000000000003,-23.));
#8350=CARTESIAN_POINT('',(-30.,27.7423471690675,-97.3621275486988));
#8351=CARTESIAN_POINT('',(-10.,27.7423471690675,-97.3621275486988));
#8352=CARTESIAN_POINT('',(10.,27.7423471690675,-97.3621275486988));
#8353=CARTESIAN_POINT('',(30.,27.7423471690675,-97.3621275486988));
#8354=CARTESIAN_POINT('',(-30.,27.7423471690675,97.3621275486988));
#8355=CARTESIAN_POINT('',(-10.,27.7423471690675,97.3621275486988));
#8356=CARTESIAN_POINT('',(10.,27.7423471690675,97.3621275486988));
#8357=CARTESIAN_POINT('',(30.,27.7423471690675,97.3621275486988));
#8358=CARTESIAN_POINT('',(-88.8167519161229,24.4752073476158,40.));
#8359=CARTESIAN_POINT('',(-88.8167519161229,24.4752073476158,20.));
#8360=CARTESIAN_POINT('',(-88.8167519161229,24.4752073476158,0.));
#8361=CARTESIAN_POINT('',(-88.8167519161229,24.4752073476158,-40.));
#8362=CARTESIAN_POINT('',(-88.8167519161229,24.4752073476158,-20.));
#8363=CARTESIAN_POINT('',(88.8167519161229,24.4752073476158,40.));
#8364=CARTESIAN_POINT('',(88.8167519161229,24.4752073476158,20.));
#8365=CARTESIAN_POINT('',(88.8167519161229,24.4752073476158,0.));
#8366=CARTESIAN_POINT('',(88.8167519161229,24.4752073476158,-40.));
#8367=CARTESIAN_POINT('',(88.8167519161229,24.4752073476158,-20.));
#8368=CARTESIAN_POINT('',(54.3594208547236,7.98022077295564,-12.4453690018345));
#8369=CARTESIAN_POINT('',(54.3594208547236,7.98022077295564,-10.));
#8370=CARTESIAN_POINT('',(54.3594208547236,7.98022077295564,-10.));
#8371=CARTESIAN_POINT('',(54.3594208547236,7.98022077295564,-10.));
#8372=CARTESIAN_POINT('',(54.3594208547236,8.5,-10.));
#8373=CARTESIAN_POINT('',(54.3594208547236,7.98022077295563,-32.4453690018345));
#8374=CARTESIAN_POINT('',(54.3594208547236,7.98022077295563,-30.));
#8375=CARTESIAN_POINT('',(54.3594208547236,7.98022077295563,-30.));
#8376=CARTESIAN_POINT('',(54.3594208547236,7.98022077295563,-30.));
#8377=CARTESIAN_POINT('',(54.3594208547236,8.5,-30.));
#8378=CARTESIAN_POINT('',(54.3594208547236,7.98022077295563,-52.4453690018345));
#8379=CARTESIAN_POINT('',(54.3594208547236,7.98022077295563,-50.));
#8380=CARTESIAN_POINT('',(54.3594208547236,7.98022077295563,-50.));
#8381=CARTESIAN_POINT('',(54.3594208547236,7.98022077295563,-50.));
#8382=CARTESIAN_POINT('',(54.3594208547236,8.5,-50.));
#8383=CARTESIAN_POINT('',(54.3594208547236,7.98022077295564,10.));
#8384=CARTESIAN_POINT('',(54.3594208547236,8.5,10.));
#8385=CARTESIAN_POINT('',(54.3594208547236,7.98022077295564,7.5546309981655));
#8386=CARTESIAN_POINT('',(54.3594208547236,7.98022077295564,10.));
#8387=CARTESIAN_POINT('',(54.3594208547236,7.98022077295564,10.));
#8388=CARTESIAN_POINT('',(54.3594208547236,7.98022077295563,30.));
#8389=CARTESIAN_POINT('',(54.3594208547236,8.5,30.));
#8390=CARTESIAN_POINT('',(54.3594208547236,7.98022077295563,27.5546309981655));
#8391=CARTESIAN_POINT('',(54.3594208547236,7.98022077295563,30.));
#8392=CARTESIAN_POINT('',(54.3594208547236,7.98022077295563,30.));
#8393=CARTESIAN_POINT('',(54.3594208547236,7.98022077295563,50.));
#8394=CARTESIAN_POINT('',(54.3594208547236,8.5,50.));
#8395=CARTESIAN_POINT('',(54.3594208547236,7.98022077295563,47.5546309981655));
#8396=CARTESIAN_POINT('',(54.3594208547236,7.98022077295563,50.));
#8397=CARTESIAN_POINT('',(54.3594208547236,7.98022077295563,50.));
#8398=CARTESIAN_POINT('',(-54.3594208547236,7.98022077295564,12.4453690018345));
#8399=CARTESIAN_POINT('',(-54.3594208547236,7.98022077295564,10.));
#8400=CARTESIAN_POINT('',(-54.3594208547236,7.98022077295564,10.));
#8401=CARTESIAN_POINT('',(-54.3594208547236,7.98022077295564,10.));
#8402=CARTESIAN_POINT('',(-54.3594208547236,8.5,10.));
#8403=CARTESIAN_POINT('',(-54.3594208547236,7.98022077295564,32.4453690018345));
#8404=CARTESIAN_POINT('',(-54.3594208547236,7.98022077295564,30.));
#8405=CARTESIAN_POINT('',(-54.3594208547236,7.98022077295564,30.));
#8406=CARTESIAN_POINT('',(-54.3594208547236,7.98022077295564,30.));
#8407=CARTESIAN_POINT('',(-54.3594208547236,8.5,30.));
#8408=CARTESIAN_POINT('',(-54.3594208547236,7.98022077295564,52.4453690018345));
#8409=CARTESIAN_POINT('',(-54.3594208547236,7.98022077295564,50.));
#8410=CARTESIAN_POINT('',(-54.3594208547236,7.98022077295564,50.));
#8411=CARTESIAN_POINT('',(-54.3594208547236,7.98022077295564,50.));
#8412=CARTESIAN_POINT('',(-54.3594208547236,8.5,50.));
#8413=CARTESIAN_POINT('',(-54.3594208547236,7.98022077295564,-10.));
#8414=CARTESIAN_POINT('',(-54.3594208547236,8.5,-10.));
#8415=CARTESIAN_POINT('',(-54.3594208547236,7.98022077295564,-7.5546309981655));
#8416=CARTESIAN_POINT('',(-54.3594208547236,7.98022077295564,-10.));
#8417=CARTESIAN_POINT('',(-54.3594208547236,7.98022077295564,-10.));
#8418=CARTESIAN_POINT('',(-54.3594208547236,7.98022077295564,-30.));
#8419=CARTESIAN_POINT('',(-54.3594208547236,8.5,-30.));
#8420=CARTESIAN_POINT('',(-54.3594208547236,7.98022077295564,-27.5546309981655));
#8421=CARTESIAN_POINT('',(-54.3594208547236,7.98022077295564,-30.));
#8422=CARTESIAN_POINT('',(-54.3594208547236,7.98022077295564,-30.));
#8423=CARTESIAN_POINT('',(-54.3594208547236,7.98022077295564,-50.));
#8424=CARTESIAN_POINT('',(-54.3594208547236,8.5,-50.));
#8425=CARTESIAN_POINT('',(-54.3594208547236,7.98022077295564,-47.5546309981655));
#8426=CARTESIAN_POINT('',(-54.3594208547236,7.98022077295564,-50.));
#8427=CARTESIAN_POINT('',(-54.3594208547236,7.98022077295564,-50.));
#8428=MECHANICAL_DESIGN_GEOMETRIC_PRESENTATION_REPRESENTATION('',(#24),
#8429);
#8429=(
GEOMETRIC_REPRESENTATION_CONTEXT(3)
GLOBAL_UNCERTAINTY_ASSIGNED_CONTEXT((#8430))
GLOBAL_UNIT_ASSIGNED_CONTEXT((#8436,#8432,#8431))
REPRESENTATION_CONTEXT('2_stp','TOP_LEVEL_ASSEMBLY_PART')
);
#8430=UNCERTAINTY_MEASURE_WITH_UNIT(LENGTH_MEASURE(0.0508),#8436,
'DISTANCE_ACCURACY_VALUE','Maximum Tolerance applied to model');
#8431=(
NAMED_UNIT(*)
SI_UNIT($,.STERADIAN.)
SOLID_ANGLE_UNIT()
);
#8432=(
CONVERSION_BASED_UNIT('DEGREE',#8434)
NAMED_UNIT(#8433)
PLANE_ANGLE_UNIT()
);
#8433=DIMENSIONAL_EXPONENTS(0.,0.,0.,0.,0.,0.,0.);
#8434=PLANE_ANGLE_MEASURE_WITH_UNIT(PLANE_ANGLE_MEASURE(0.0174532925),#8435);
#8435=(
NAMED_UNIT(*)
PLANE_ANGLE_UNIT()
SI_UNIT($,.RADIAN.)
);
#8436=(
LENGTH_UNIT()
NAMED_UNIT(*)
SI_UNIT(.MILLI.,.METRE.)
);
ENDSEC;
END-ISO-10303-21;
