ISO-10303-21;
HEADER;
FILE_DESCRIPTION(('CATIA V6 STEP','CAx-IF Rec.Pracs.--- Model Styling and Organization---1.5--- 2016-08-15','CAx-IF Rec.Pracs.---Supplemental Geometry---1.0---2011-11-01','CAx-IF Rec.Pracs.--- Composite Materials ---1.1---2010-07-15'),'2;1');

FILE_NAME('E:\\2025\\\X2\5E02573A\X0\\\\X2\5BA26237\X0\\\\X2\68484F8B\X0\\\\X2\6D4B8BD56A21578B5E93\X0\\\46\X2\6A21578B65744F536D4B8BD5\X0\\\\X2\7B2C4E008F6E6D4B8BD5\X0\1.0\X2\6D4B8BD5\X0\1.8\\STP\\04.stp','2025-04-01T06:22:43+00:00',('none'),('none'),'3DEXPERIENCE PlatformUnofficial Packaging Version','3DEXPERIENCE Platform STEP AP214 v2','none');

FILE_SCHEMA(('AUTOMOTIVE_DESIGN { 1 0 10303 214 1 1 1 1 }'));

ENDSEC;
DATA;
#16=PRODUCT('04','04','',(#2)) ;
#2=PRODUCT_CONTEXT(' ',#1,'mechanical') ;
#1=APPLICATION_CONTEXT('automotive design') ;
#18=PRODUCT_DEFINITION('04',' ',#17,#3) ;
#3=PRODUCT_DEFINITION_CONTEXT('part definition',#1,' ') ;
#19=PRODUCT_DEFINITION_SHAPE(' ',' ',#18) ;
#4470=MECHANICAL_DESIGN_GEOMETRIC_PRESENTATION_REPRESENTATION(' ',(#23),#12) ;
#13=SHAPE_REPRESENTATION(' ',(#15,#21),#12) ;
#15=AXIS2_PLACEMENT_3D('',#14,$,$) ;
#28=AXIS2_PLACEMENT_3D('Cylinder Axis2P3D',#25,#26,#27) ;
#32=AXIS2_PLACEMENT_3D('Circle Axis2P3D',#30,#31,$) ;
#48=AXIS2_PLACEMENT_3D('Circle Axis2P3D',#46,#47,$) ;
#68=AXIS2_PLACEMENT_3D('Plane Axis2P3D',#65,#66,#67) ;
#163=AXIS2_PLACEMENT_3D('Circle Axis2P3D',#161,#162,$) ;
#176=AXIS2_PLACEMENT_3D('Plane Axis2P3D',#173,#174,#175) ;
#220=AXIS2_PLACEMENT_3D('Circle Axis2P3D',#218,#219,$) ;
#234=AXIS2_PLACEMENT_3D('Circle Axis2P3D',#232,#233,$) ;
#265=AXIS2_PLACEMENT_3D('Circle Axis2P3D',#263,#264,$) ;
#300=AXIS2_PLACEMENT_3D('Circle Axis2P3D',#298,#299,$) ;
#314=AXIS2_PLACEMENT_3D('Circle Axis2P3D',#312,#313,$) ;
#369=AXIS2_PLACEMENT_3D('Circle Axis2P3D',#367,#368,$) ;
#435=AXIS2_PLACEMENT_3D('Circle Axis2P3D',#433,#434,$) ;
#1036=AXIS2_PLACEMENT_3D('Cylinder Axis2P3D',#1033,#1034,#1035) ;
#1047=AXIS2_PLACEMENT_3D('Circle Axis2P3D',#1045,#1046,$) ;
#1066=AXIS2_PLACEMENT_3D('Circle Axis2P3D',#1064,#1065,$) ;
#1079=AXIS2_PLACEMENT_3D('Plane Axis2P3D',#1076,#1077,#1078) ;
#1110=AXIS2_PLACEMENT_3D('Plane Axis2P3D',#1107,#1108,#1109) ;
#1157=AXIS2_PLACEMENT_3D('Plane Axis2P3D',#1154,#1155,#1156) ;
#1213=AXIS2_PLACEMENT_3D('Cylinder Axis2P3D',#1210,#1211,#1212) ;
#1217=AXIS2_PLACEMENT_3D('Circle Axis2P3D',#1215,#1216,$) ;
#1237=AXIS2_PLACEMENT_3D('Plane Axis2P3D',#1234,#1235,#1236) ;
#1261=AXIS2_PLACEMENT_3D('Cylinder Axis2P3D',#1258,#1259,#1260) ;
#1265=AXIS2_PLACEMENT_3D('Circle Axis2P3D',#1263,#1264,$) ;
#1285=AXIS2_PLACEMENT_3D('Plane Axis2P3D',#1282,#1283,#1284) ;
#1309=AXIS2_PLACEMENT_3D('Cylinder Axis2P3D',#1306,#1307,#1308) ;
#1313=AXIS2_PLACEMENT_3D('Circle Axis2P3D',#1311,#1312,$) ;
#1333=AXIS2_PLACEMENT_3D('Plane Axis2P3D',#1330,#1331,#1332) ;
#1357=AXIS2_PLACEMENT_3D('Cylinder Axis2P3D',#1354,#1355,#1356) ;
#1361=AXIS2_PLACEMENT_3D('Circle Axis2P3D',#1359,#1360,$) ;
#1381=AXIS2_PLACEMENT_3D('Plane Axis2P3D',#1378,#1379,#1380) ;
#1437=AXIS2_PLACEMENT_3D('Cylinder Axis2P3D',#1434,#1435,#1436) ;
#1441=AXIS2_PLACEMENT_3D('Circle Axis2P3D',#1439,#1440,$) ;
#1461=AXIS2_PLACEMENT_3D('Plane Axis2P3D',#1458,#1459,#1460) ;
#1478=AXIS2_PLACEMENT_3D('Plane Axis2P3D',#1475,#1476,#1477) ;
#1589=AXIS2_PLACEMENT_3D('Plane Axis2P3D',#1586,#1587,#1588) ;
#1613=AXIS2_PLACEMENT_3D('Cylinder Axis2P3D',#1610,#1611,#1612) ;
#1617=AXIS2_PLACEMENT_3D('Circle Axis2P3D',#1615,#1616,$) ;
#1637=AXIS2_PLACEMENT_3D('Plane Axis2P3D',#1634,#1635,#1636) ;
#1661=AXIS2_PLACEMENT_3D('Cylinder Axis2P3D',#1658,#1659,#1660) ;
#1665=AXIS2_PLACEMENT_3D('Circle Axis2P3D',#1663,#1664,$) ;
#1685=AXIS2_PLACEMENT_3D('Plane Axis2P3D',#1682,#1683,#1684) ;
#1702=AXIS2_PLACEMENT_3D('Plane Axis2P3D',#1699,#1700,#1701) ;
#1761=AXIS2_PLACEMENT_3D('Cylinder Axis2P3D',#1758,#1759,#1760) ;
#1765=AXIS2_PLACEMENT_3D('Circle Axis2P3D',#1763,#1764,$) ;
#1785=AXIS2_PLACEMENT_3D('Plane Axis2P3D',#1782,#1783,#1784) ;
#1841=AXIS2_PLACEMENT_3D('Cylinder Axis2P3D',#1838,#1839,#1840) ;
#1845=AXIS2_PLACEMENT_3D('Circle Axis2P3D',#1843,#1844,$) ;
#1884=AXIS2_PLACEMENT_3D('Cylinder Axis2P3D',#1881,#1882,#1883) ;
#1888=AXIS2_PLACEMENT_3D('Circle Axis2P3D',#1886,#1887,$) ;
#1908=AXIS2_PLACEMENT_3D('Plane Axis2P3D',#1905,#1906,#1907) ;
#1932=AXIS2_PLACEMENT_3D('Cylinder Axis2P3D',#1929,#1930,#1931) ;
#1936=AXIS2_PLACEMENT_3D('Circle Axis2P3D',#1934,#1935,$) ;
#1975=AXIS2_PLACEMENT_3D('Cylinder Axis2P3D',#1972,#1973,#1974) ;
#1979=AXIS2_PLACEMENT_3D('Circle Axis2P3D',#1977,#1978,$) ;
#1999=AXIS2_PLACEMENT_3D('Plane Axis2P3D',#1996,#1997,#1998) ;
#2048=AXIS2_PLACEMENT_3D('Cylinder Axis2P3D',#2045,#2046,#2047) ;
#2059=AXIS2_PLACEMENT_3D('Circle Axis2P3D',#2057,#2058,$) ;
#2078=AXIS2_PLACEMENT_3D('Circle Axis2P3D',#2076,#2077,$) ;
#2091=AXIS2_PLACEMENT_3D('Cylinder Axis2P3D',#2088,#2089,#2090) ;
#2102=AXIS2_PLACEMENT_3D('Circle Axis2P3D',#2100,#2101,$) ;
#2121=AXIS2_PLACEMENT_3D('Circle Axis2P3D',#2119,#2120,$) ;
#2134=AXIS2_PLACEMENT_3D('Cylinder Axis2P3D',#2131,#2132,#2133) ;
#2145=AXIS2_PLACEMENT_3D('Circle Axis2P3D',#2143,#2144,$) ;
#2164=AXIS2_PLACEMENT_3D('Circle Axis2P3D',#2162,#2163,$) ;
#2177=AXIS2_PLACEMENT_3D('Cylinder Axis2P3D',#2174,#2175,#2176) ;
#2188=AXIS2_PLACEMENT_3D('Circle Axis2P3D',#2186,#2187,$) ;
#2207=AXIS2_PLACEMENT_3D('Circle Axis2P3D',#2205,#2206,$) ;
#2220=AXIS2_PLACEMENT_3D('Cylinder Axis2P3D',#2217,#2218,#2219) ;
#2231=AXIS2_PLACEMENT_3D('Circle Axis2P3D',#2229,#2230,$) ;
#2250=AXIS2_PLACEMENT_3D('Circle Axis2P3D',#2248,#2249,$) ;
#2263=AXIS2_PLACEMENT_3D('Cylinder Axis2P3D',#2260,#2261,#2262) ;
#2274=AXIS2_PLACEMENT_3D('Circle Axis2P3D',#2272,#2273,$) ;
#2293=AXIS2_PLACEMENT_3D('Circle Axis2P3D',#2291,#2292,$) ;
#2306=AXIS2_PLACEMENT_3D('Cylinder Axis2P3D',#2303,#2304,#2305) ;
#2317=AXIS2_PLACEMENT_3D('Circle Axis2P3D',#2315,#2316,$) ;
#2336=AXIS2_PLACEMENT_3D('Circle Axis2P3D',#2334,#2335,$) ;
#2349=AXIS2_PLACEMENT_3D('Cylinder Axis2P3D',#2346,#2347,#2348) ;
#2360=AXIS2_PLACEMENT_3D('Circle Axis2P3D',#2358,#2359,$) ;
#2379=AXIS2_PLACEMENT_3D('Circle Axis2P3D',#2377,#2378,$) ;
#2392=AXIS2_PLACEMENT_3D('Cylinder Axis2P3D',#2389,#2390,#2391) ;
#2403=AXIS2_PLACEMENT_3D('Circle Axis2P3D',#2401,#2402,$) ;
#2422=AXIS2_PLACEMENT_3D('Circle Axis2P3D',#2420,#2421,$) ;
#2435=AXIS2_PLACEMENT_3D('Plane Axis2P3D',#2432,#2433,#2434) ;
#2449=AXIS2_PLACEMENT_3D('Circle Axis2P3D',#2447,#2448,$) ;
#2458=AXIS2_PLACEMENT_3D('Circle Axis2P3D',#2456,#2457,$) ;
#2467=AXIS2_PLACEMENT_3D('Circle Axis2P3D',#2465,#2466,$) ;
#2476=AXIS2_PLACEMENT_3D('Circle Axis2P3D',#2474,#2475,$) ;
#2485=AXIS2_PLACEMENT_3D('Circle Axis2P3D',#2483,#2484,$) ;
#2494=AXIS2_PLACEMENT_3D('Circle Axis2P3D',#2492,#2493,$) ;
#2503=AXIS2_PLACEMENT_3D('Circle Axis2P3D',#2501,#2502,$) ;
#2512=AXIS2_PLACEMENT_3D('Circle Axis2P3D',#2510,#2511,$) ;
#2521=AXIS2_PLACEMENT_3D('Circle Axis2P3D',#2519,#2520,$) ;
#2530=AXIS2_PLACEMENT_3D('Circle Axis2P3D',#2528,#2529,$) ;
#2539=AXIS2_PLACEMENT_3D('Circle Axis2P3D',#2537,#2538,$) ;
#2548=AXIS2_PLACEMENT_3D('Circle Axis2P3D',#2546,#2547,$) ;
#2557=AXIS2_PLACEMENT_3D('Circle Axis2P3D',#2555,#2556,$) ;
#2566=AXIS2_PLACEMENT_3D('Circle Axis2P3D',#2564,#2565,$) ;
#2575=AXIS2_PLACEMENT_3D('Circle Axis2P3D',#2573,#2574,$) ;
#2584=AXIS2_PLACEMENT_3D('Circle Axis2P3D',#2582,#2583,$) ;
#2593=AXIS2_PLACEMENT_3D('Circle Axis2P3D',#2591,#2592,$) ;
#2602=AXIS2_PLACEMENT_3D('Circle Axis2P3D',#2600,#2601,$) ;
#2613=AXIS2_PLACEMENT_3D('Plane Axis2P3D',#2610,#2611,#2612) ;
#2626=AXIS2_PLACEMENT_3D('Circle Axis2P3D',#2624,#2625,$) ;
#2631=AXIS2_PLACEMENT_3D('Circle Axis2P3D',#2629,#2630,$) ;
#2648=AXIS2_PLACEMENT_3D('Cylinder Axis2P3D',#2645,#2646,#2647) ;
#2659=AXIS2_PLACEMENT_3D('Circle Axis2P3D',#2657,#2658,$) ;
#2672=AXIS2_PLACEMENT_3D('Plane Axis2P3D',#2669,#2670,#2671) ;
#2685=AXIS2_PLACEMENT_3D('Circle Axis2P3D',#2683,#2684,$) ;
#2697=AXIS2_PLACEMENT_3D('Circle Axis2P3D',#2695,#2696,$) ;
#2702=AXIS2_PLACEMENT_3D('Circle Axis2P3D',#2700,#2701,$) ;
#2719=AXIS2_PLACEMENT_3D('Cylinder Axis2P3D',#2716,#2717,#2718) ;
#2730=AXIS2_PLACEMENT_3D('Circle Axis2P3D',#2728,#2729,$) ;
#2743=AXIS2_PLACEMENT_3D('Plane Axis2P3D',#2740,#2741,#2742) ;
#2754=AXIS2_PLACEMENT_3D('Circle Axis2P3D',#2752,#2753,$) ;
#2775=AXIS2_PLACEMENT_3D('Cylinder Axis2P3D',#2772,#2773,#2774) ;
#2792=AXIS2_PLACEMENT_3D('Cylinder Axis2P3D',#2789,#2790,#2791) ;
#2809=AXIS2_PLACEMENT_3D('Plane Axis2P3D',#2806,#2807,#2808) ;
#2840=AXIS2_PLACEMENT_3D('Plane Axis2P3D',#2837,#2838,#2839) ;
#2853=AXIS2_PLACEMENT_3D('Circle Axis2P3D',#2851,#2852,$) ;
#2865=AXIS2_PLACEMENT_3D('Circle Axis2P3D',#2863,#2864,$) ;
#2879=AXIS2_PLACEMENT_3D('Circle Axis2P3D',#2877,#2878,$) ;
#2896=AXIS2_PLACEMENT_3D('Plane Axis2P3D',#2893,#2894,#2895) ;
#2920=AXIS2_PLACEMENT_3D('Plane Axis2P3D',#2917,#2918,#2919) ;
#3078=AXIS2_PLACEMENT_3D('Plane Axis2P3D',#3075,#3076,#3077) ;
#3102=AXIS2_PLACEMENT_3D('Plane Axis2P3D',#3099,#3100,#3101) ;
#3191=AXIS2_PLACEMENT_3D('Plane Axis2P3D',#3188,#3189,#3190) ;
#3216=AXIS2_PLACEMENT_3D('Circle Axis2P3D',#3214,#3215,$) ;
#3221=AXIS2_PLACEMENT_3D('Circle Axis2P3D',#3219,#3220,$) ;
#3238=AXIS2_PLACEMENT_3D('Cylinder Axis2P3D',#3235,#3236,#3237) ;
#3242=AXIS2_PLACEMENT_3D('Circle Axis2P3D',#3240,#3241,$) ;
#3334=AXIS2_PLACEMENT_3D('Cylinder Axis2P3D',#3331,#3332,#3333) ;
#3345=AXIS2_PLACEMENT_3D('Circle Axis2P3D',#3343,#3344,$) ;
#3364=AXIS2_PLACEMENT_3D('Circle Axis2P3D',#3362,#3363,$) ;
#3385=AXIS2_PLACEMENT_3D('Cylinder Axis2P3D',#3382,#3383,#3384) ;
#3402=AXIS2_PLACEMENT_3D('Cylinder Axis2P3D',#3399,#3400,#3401) ;
#4004=AXIS2_PLACEMENT_3D('Cylinder Axis2P3D',#4001,#4002,#4003) ;
#4033=AXIS2_PLACEMENT_3D('Cylinder Axis2P3D',#4030,#4031,#4032) ;
#4062=AXIS2_PLACEMENT_3D('Cylinder Axis2P3D',#4059,#4060,#4061) ;
#4091=AXIS2_PLACEMENT_3D('Cylinder Axis2P3D',#4088,#4089,#4090) ;
#4120=AXIS2_PLACEMENT_3D('Cylinder Axis2P3D',#4117,#4118,#4119) ;
#4149=AXIS2_PLACEMENT_3D('Cylinder Axis2P3D',#4146,#4147,#4148) ;
#4178=AXIS2_PLACEMENT_3D('Cylinder Axis2P3D',#4175,#4176,#4177) ;
#4207=AXIS2_PLACEMENT_3D('Cylinder Axis2P3D',#4204,#4205,#4206) ;
#4236=AXIS2_PLACEMENT_3D('Cylinder Axis2P3D',#4233,#4234,#4235) ;
#4265=AXIS2_PLACEMENT_3D('Plane Axis2P3D',#4262,#4263,#4264) ;
#4277=AXIS2_PLACEMENT_3D('Plane Axis2P3D',#4274,#4275,#4276) ;
#4289=AXIS2_PLACEMENT_3D('Cylinder Axis2P3D',#4286,#4287,#4288) ;
#4306=AXIS2_PLACEMENT_3D('Plane Axis2P3D',#4303,#4304,#4305) ;
#4328=AXIS2_PLACEMENT_3D('Cylinder Axis2P3D',#4325,#4326,#4327) ;
#4340=AXIS2_PLACEMENT_3D('Plane Axis2P3D',#4337,#4338,#4339) ;
#4357=AXIS2_PLACEMENT_3D('Cylinder Axis2P3D',#4354,#4355,#4356) ;
#4369=AXIS2_PLACEMENT_3D('Cylinder Axis2P3D',#4366,#4367,#4368) ;
#4386=AXIS2_PLACEMENT_3D('Plane Axis2P3D',#4383,#4384,#4385) ;
#4403=AXIS2_PLACEMENT_3D('Cylinder Axis2P3D',#4400,#4401,#4402) ;
#4420=AXIS2_PLACEMENT_3D('Plane Axis2P3D',#4417,#4418,#4419) ;
#4437=AXIS2_PLACEMENT_3D('Cylinder Axis2P3D',#4434,#4435,#4436) ;
#4449=AXIS2_PLACEMENT_3D('Plane Axis2P3D',#4446,#4447,#4448) ;
#4461=AXIS2_PLACEMENT_3D('Plane Axis2P3D',#4458,#4459,#4460) ;
#14=CARTESIAN_POINT('',(0.,0.,0.)) ;
#25=CARTESIAN_POINT('Axis2P3D Location',(-160.128427631,-220.816898145,45.)) ;
#30=CARTESIAN_POINT('Axis2P3D Location',(-160.128427631,-220.816898145,37.5)) ;
#34=CARTESIAN_POINT('Vertex',(-172.020927631,-220.816898145,37.5)) ;
#36=CARTESIAN_POINT('Vertex',(-148.235927631,-220.816898145,37.5)) ;
#39=CARTESIAN_POINT('Line Origine',(-172.020927631,-220.816898145,45.)) ;
#43=CARTESIAN_POINT('Vertex',(-172.020927631,-220.816898145,45.)) ;
#46=CARTESIAN_POINT('Axis2P3D Location',(-160.128427631,-220.816898145,45.)) ;
#50=CARTESIAN_POINT('Vertex',(-148.235927631,-220.816898145,45.)) ;
#53=CARTESIAN_POINT('Line Origine',(-148.235927631,-220.816898145,45.)) ;
#65=CARTESIAN_POINT('Axis2P3D Location',(-153.378427631,-220.816898145,37.5)) ;
#71=CARTESIAN_POINT('Control Point',(-148.235927631,-220.816898145,37.5)) ;
#72=CARTESIAN_POINT('Control Point',(-148.235927631,-219.634304957,37.5)) ;
#73=CARTESIAN_POINT('Control Point',(-148.382924336,-218.451712206,37.5)) ;
#74=CARTESIAN_POINT('Control Point',(-148.676961471,-217.293422719,37.5)) ;
#75=CARTESIAN_POINT('Control Point',(-149.546694416,-215.074389718,37.5)) ;
#76=CARTESIAN_POINT('Control Point',(-150.933218875,-213.135811757,37.5)) ;
#77=CARTESIAN_POINT('Control Point',(-151.744125633,-212.258017592,37.5)) ;
#78=CARTESIAN_POINT('Control Point',(-153.566967364,-210.722507621,37.5)) ;
#79=CARTESIAN_POINT('Control Point',(-155.710257267,-209.67999001,37.5)) ;
#80=CARTESIAN_POINT('Control Point',(-156.84166165,-209.295260861,37.5)) ;
#81=CARTESIAN_POINT('Control Point',(-159.176186447,-208.815118375,37.5)) ;
#82=CARTESIAN_POINT('Control Point',(-161.557215227,-208.921120818,37.5)) ;
#83=CARTESIAN_POINT('Control Point',(-162.735132387,-209.12262405,37.5)) ;
#84=CARTESIAN_POINT('Control Point',(-165.016003576,-209.81412203,37.5)) ;
#85=CARTESIAN_POINT('Control Point',(-167.058172992,-211.042974604,37.5)) ;
#86=CARTESIAN_POINT('Control Point',(-167.997354399,-211.781913482,37.5)) ;
#87=CARTESIAN_POINT('Control Point',(-169.672228249,-213.477596361,37.5)) ;
#88=CARTESIAN_POINT('Control Point',(-170.880999423,-215.531715835,37.5)) ;
#89=CARTESIAN_POINT('Control Point',(-171.354009631,-216.629146353,37.5)) ;
#90=CARTESIAN_POINT('Control Point',(-171.791219324,-218.138118454,37.5)) ;
#91=CARTESIAN_POINT('Control Point',(-171.976149832,-219.68737591,37.5)) ;
#92=CARTESIAN_POINT('Control Point',(-172.006032824,-220.064012456,37.5)) ;
#93=CARTESIAN_POINT('Control Point',(-172.020927631,-220.440455323,37.5)) ;
#94=CARTESIAN_POINT('Control Point',(-172.020927631,-220.816898145,37.5)) ;
#101=CARTESIAN_POINT('Control Point',(-153.378427631,-220.816898145,37.5)) ;
#102=CARTESIAN_POINT('Control Point',(-153.378427631,-220.18050786,37.5)) ;
#103=CARTESIAN_POINT('Control Point',(-153.45342626,-219.544117967,37.5)) ;
#104=CARTESIAN_POINT('Control Point',(-153.60344156,-218.919486367,37.5)) ;
#105=CARTESIAN_POINT('Control Point',(-154.047822768,-217.717406127,37.5)) ;
#106=CARTESIAN_POINT('Control Point',(-154.759477771,-216.651566215,37.5)) ;
#107=CARTESIAN_POINT('Control Point',(-155.176800084,-216.163190019,37.5)) ;
#108=CARTESIAN_POINT('Control Point',(-156.118623613,-215.294029506,37.5)) ;
#109=CARTESIAN_POINT('Control Point',(-157.236697818,-214.667628972,37.5)) ;
#110=CARTESIAN_POINT('Control Point',(-157.830293565,-214.422041266,37.5)) ;
#111=CARTESIAN_POINT('Control Point',(-159.064112515,-214.075396857,37.5)) ;
#112=CARTESIAN_POINT('Control Point',(-160.344712165,-214.025077057,37.5)) ;
#113=CARTESIAN_POINT('Control Point',(-160.98509594,-214.075849703,37.5)) ;
#114=CARTESIAN_POINT('Control Point',(-162.241768309,-214.327337493,37.5)) ;
#115=CARTESIAN_POINT('Control Point',(-163.405546785,-214.864075055,37.5)) ;
#116=CARTESIAN_POINT('Control Point',(-163.953026946,-215.200132638,37.5)) ;
#117=CARTESIAN_POINT('Control Point',(-164.958425544,-215.994893745,37.5)) ;
#118=CARTESIAN_POINT('Control Point',(-165.751519282,-217.001606156,37.5)) ;
#119=CARTESIAN_POINT('Control Point',(-166.086669967,-217.549641964,37.5)) ;
#120=CARTESIAN_POINT('Control Point',(-166.531719789,-218.518836921,37.5)) ;
#121=CARTESIAN_POINT('Control Point',(-166.77912778,-219.552031389,37.5)) ;
#122=CARTESIAN_POINT('Control Point',(-166.845328235,-219.971352609,37.5)) ;
#123=CARTESIAN_POINT('Control Point',(-166.878427631,-220.394125464,37.5)) ;
#124=CARTESIAN_POINT('Control Point',(-166.878427631,-220.816898145,37.5)) ;
#125=CARTESIAN_POINT('Vertex',(-153.378427631,-220.816898145,37.5)) ;
#127=CARTESIAN_POINT('Vertex',(-166.878427631,-220.816898145,37.5)) ;
#131=CARTESIAN_POINT('Control Point',(-166.878427631,-220.816898145,37.5)) ;
#132=CARTESIAN_POINT('Control Point',(-166.878427631,-221.45328843,37.5)) ;
#133=CARTESIAN_POINT('Control Point',(-166.803429002,-222.089678323,37.5)) ;
#134=CARTESIAN_POINT('Control Point',(-166.653413702,-222.714309923,37.5)) ;
#135=CARTESIAN_POINT('Control Point',(-166.209032494,-223.916390163,37.5)) ;
#136=CARTESIAN_POINT('Control Point',(-165.497377491,-224.982230075,37.5)) ;
#137=CARTESIAN_POINT('Control Point',(-165.080055178,-225.470606271,37.5)) ;
#138=CARTESIAN_POINT('Control Point',(-164.13823165,-226.339766784,37.5)) ;
#139=CARTESIAN_POINT('Control Point',(-163.020157445,-226.966167318,37.5)) ;
#140=CARTESIAN_POINT('Control Point',(-162.426561697,-227.211755024,37.5)) ;
#141=CARTESIAN_POINT('Control Point',(-161.192742747,-227.558399433,37.5)) ;
#142=CARTESIAN_POINT('Control Point',(-159.912143097,-227.608719233,37.5)) ;
#143=CARTESIAN_POINT('Control Point',(-159.271759322,-227.557946587,37.5)) ;
#144=CARTESIAN_POINT('Control Point',(-158.015086953,-227.306458797,37.5)) ;
#145=CARTESIAN_POINT('Control Point',(-156.851308477,-226.769721235,37.5)) ;
#146=CARTESIAN_POINT('Control Point',(-156.303828316,-226.433663652,37.5)) ;
#147=CARTESIAN_POINT('Control Point',(-155.298429718,-225.638902545,37.5)) ;
#148=CARTESIAN_POINT('Control Point',(-154.50533598,-224.632190134,37.5)) ;
#149=CARTESIAN_POINT('Control Point',(-154.170185295,-224.084154326,37.5)) ;
#150=CARTESIAN_POINT('Control Point',(-153.725135473,-223.114959369,37.5)) ;
#151=CARTESIAN_POINT('Control Point',(-153.477727482,-222.081764901,37.5)) ;
#152=CARTESIAN_POINT('Control Point',(-153.411527027,-221.662443681,37.5)) ;
#153=CARTESIAN_POINT('Control Point',(-153.378427631,-221.239670826,37.5)) ;
#154=CARTESIAN_POINT('Control Point',(-153.378427631,-220.816898145,37.5)) ;
#161=CARTESIAN_POINT('Axis2P3D Location',(-160.128427631,-220.816898145,45.)) ;
#173=CARTESIAN_POINT('Axis2P3D Location',(-200.,0.,45.)) ;
#178=CARTESIAN_POINT('Line Origine',(2.84217094304E-14,5.,45.)) ;
#182=CARTESIAN_POINT('Vertex',(200.,5.,45.)) ;
#184=CARTESIAN_POINT('Vertex',(-200.,5.,45.)) ;
#187=CARTESIAN_POINT('Line Origine',(-200.,-11.5297058541,45.)) ;
#191=CARTESIAN_POINT('Vertex',(-200.,-28.0594117083,45.)) ;
#194=CARTESIAN_POINT('Line Origine',(-138.419533567,-15.7433184218,45.)) ;
#198=CARTESIAN_POINT('Vertex',(-76.8390671332,-3.4272251348,45.)) ;
#202=CARTESIAN_POINT('Control Point',(-72.5245121606,-3.,45.)) ;
#203=CARTESIAN_POINT('Control Point',(-73.3930523787,-3.,45.)) ;
#204=CARTESIAN_POINT('Control Point',(-74.2615925279,-3.04286148355,45.)) ;
#205=CARTESIAN_POINT('Control Point',(-75.1273137292,-3.12858476268,45.)) ;
#206=CARTESIAN_POINT('Control Point',(-75.9873933792,-3.25689038448,45.)) ;
#207=CARTESIAN_POINT('Control Point',(-76.8390671331,-3.42722513527,45.)) ;
#208=CARTESIAN_POINT('Vertex',(-72.5245121606,-3.,45.)) ;
#211=CARTESIAN_POINT('Line Origine',(-41.7622560803,-3.,45.)) ;
#215=CARTESIAN_POINT('Vertex',(-11.,-3.,45.)) ;
#218=CARTESIAN_POINT('Axis2P3D Location',(-10.9999999998,-10.9999999998,45.)) ;
#222=CARTESIAN_POINT('Vertex',(-3.,-11.,45.)) ;
#225=CARTESIAN_POINT('Line Origine',(-3.,-75.,45.)) ;
#229=CARTESIAN_POINT('Vertex',(-3.,-139.,45.)) ;
#232=CARTESIAN_POINT('Axis2P3D Location',(-10.9999999998,-139.,45.)) ;
#236=CARTESIAN_POINT('Vertex',(-11.,-147.,45.)) ;
#239=CARTESIAN_POINT('Line Origine',(-45.0491502816,-147.,45.)) ;
#243=CARTESIAN_POINT('Vertex',(-79.0983005625,-147.,45.)) ;
#247=CARTESIAN_POINT('Control Point',(-88.9369996637,-144.677398201,45.)) ;
#248=CARTESIAN_POINT('Control Point',(-87.1123396015,-145.589728232,45.)) ;
#249=CARTESIAN_POINT('Control Point',(-85.1819308776,-146.29056009,45.)) ;
#250=CARTESIAN_POINT('Control Point',(-83.1783648781,-146.763538044,45.)) ;
#251=CARTESIAN_POINT('Control Point',(-81.1383325306,-147.,45.)) ;
#252=CARTESIAN_POINT('Control Point',(-79.0983005632,-147.,45.)) ;
#253=CARTESIAN_POINT('Vertex',(-88.9369996637,-144.677398201,45.)) ;
#256=CARTESIAN_POINT('Line Origine',(-118.658359214,-129.816718427,45.)) ;
#260=CARTESIAN_POINT('Vertex',(-148.379718764,-114.956038652,45.)) ;
#263=CARTESIAN_POINT('Axis2P3D Location',(-160.901699442,-140.000000017,45.)) ;
#267=CARTESIAN_POINT('Vertex',(-160.901699437,-112.,45.)) ;
#270=CARTESIAN_POINT('Line Origine',(-180.450849718,-112.,45.)) ;
#274=CARTESIAN_POINT('Vertex',(-200.,-112.,45.)) ;
#277=CARTESIAN_POINT('Line Origine',(-200.,-179.5,45.)) ;
#281=CARTESIAN_POINT('Vertex',(-200.,-247.,45.)) ;
#284=CARTESIAN_POINT('Line Origine',(-138.049150282,-247.,45.)) ;
#288=CARTESIAN_POINT('Vertex',(-76.0983005632,-247.,45.)) ;
#291=CARTESIAN_POINT('Line Origine',(-76.0983005632,-202.5,45.)) ;
#295=CARTESIAN_POINT('Vertex',(-76.0983005632,-158.,45.)) ;
#298=CARTESIAN_POINT('Axis2P3D Location',(-68.0983005633,-158.,45.)) ;
#302=CARTESIAN_POINT('Vertex',(-68.0983005632,-150.,45.)) ;
#305=CARTESIAN_POINT('Line Origine',(2.84217094304E-14,-150.,45.)) ;
#309=CARTESIAN_POINT('Vertex',(68.0983005632,-150.,45.)) ;
#312=CARTESIAN_POINT('Axis2P3D Location',(68.0983005633,-158.,45.)) ;
#316=CARTESIAN_POINT('Vertex',(76.0983005632,-158.,45.)) ;
#319=CARTESIAN_POINT('Line Origine',(76.0983005632,-202.5,45.)) ;
#323=CARTESIAN_POINT('Vertex',(76.0983005632,-247.,45.)) ;
#326=CARTESIAN_POINT('Line Origine',(138.049150282,-247.,45.)) ;
#330=CARTESIAN_POINT('Vertex',(200.,-247.,45.)) ;
#333=CARTESIAN_POINT('Line Origine',(200.,-179.5,45.)) ;
#337=CARTESIAN_POINT('Vertex',(200.,-112.,45.)) ;
#340=CARTESIAN_POINT('Line Origine',(180.450849718,-112.,45.)) ;
#344=CARTESIAN_POINT('Vertex',(160.901699437,-112.,45.)) ;
#348=CARTESIAN_POINT('Control Point',(160.901699437,-112.,45.)) ;
#349=CARTESIAN_POINT('Control Point',(158.30942528,-112.,45.)) ;
#350=CARTESIAN_POINT('Control Point',(155.717151502,-112.29999488,45.)) ;
#351=CARTESIAN_POINT('Control Point',(153.171067585,-112.900052398,45.)) ;
#352=CARTESIAN_POINT('Control Point',(150.713739394,-113.790636668,45.)) ;
#353=CARTESIAN_POINT('Control Point',(148.390802626,-114.950499274,45.)) ;
#354=CARTESIAN_POINT('Control Point',(148.387107665,-114.952345053,45.)) ;
#355=CARTESIAN_POINT('Control Point',(148.383413044,-114.954191512,45.)) ;
#356=CARTESIAN_POINT('Control Point',(148.379718764,-114.956038652,45.)) ;
#357=CARTESIAN_POINT('Vertex',(148.379718764,-114.956038652,45.)) ;
#360=CARTESIAN_POINT('Line Origine',(118.658359214,-129.816718427,45.)) ;
#364=CARTESIAN_POINT('Vertex',(88.9369996637,-144.677398201,45.)) ;
#367=CARTESIAN_POINT('Axis2P3D Location',(79.0983005668,-125.000000025,45.)) ;
#371=CARTESIAN_POINT('Vertex',(79.0983005632,-147.,45.)) ;
#374=CARTESIAN_POINT('Line Origine',(45.0491502816,-147.,45.)) ;
#378=CARTESIAN_POINT('Vertex',(11.,-147.,45.)) ;
#382=CARTESIAN_POINT('Control Point',(3.,-139.,45.)) ;
#383=CARTESIAN_POINT('Control Point',(3.,-139.831373371,45.)) ;
#384=CARTESIAN_POINT('Control Point',(3.10799713789,-140.662746265,45.)) ;
#385=CARTESIAN_POINT('Control Point',(3.32402946086,-141.475462336,45.)) ;
#386=CARTESIAN_POINT('Control Point',(3.96217525859,-143.025995591,45.)) ;
#387=CARTESIAN_POINT('Control Point',(4.97529061841,-144.362024915,45.)) ;
#388=CARTESIAN_POINT('Control Point',(5.5663599733,-144.960200798,45.)) ;
#389=CARTESIAN_POINT('Control Point',(6.89018849306,-145.989210754,45.)) ;
#390=CARTESIAN_POINT('Control Point',(8.43298334068,-146.645839377,45.)) ;
#391=CARTESIAN_POINT('Control Point',(9.24305958649,-146.871568959,45.)) ;
#392=CARTESIAN_POINT('Control Point',(10.092173336,-146.992205734,45.)) ;
#393=CARTESIAN_POINT('Control Point',(10.9426372342,-146.999828619,45.)) ;
#394=CARTESIAN_POINT('Control Point',(10.9617581937,-146.999942874,45.)) ;
#395=CARTESIAN_POINT('Control Point',(10.980879097,-147.,45.)) ;
#396=CARTESIAN_POINT('Control Point',(11.,-147.,45.)) ;
#397=CARTESIAN_POINT('Vertex',(3.,-139.,45.)) ;
#400=CARTESIAN_POINT('Line Origine',(3.,-75.,45.)) ;
#404=CARTESIAN_POINT('Vertex',(3.,-11.,45.)) ;
#408=CARTESIAN_POINT('Control Point',(11.,-3.,45.)) ;
#409=CARTESIAN_POINT('Control Point',(10.1686266287,-3.,45.)) ;
#410=CARTESIAN_POINT('Control Point',(9.33725373464,-3.1079971379,45.)) ;
#411=CARTESIAN_POINT('Control Point',(8.52453766407,-3.32402946083,45.)) ;
#412=CARTESIAN_POINT('Control Point',(6.97400440861,-3.96217525861,45.)) ;
#413=CARTESIAN_POINT('Control Point',(5.63797508473,-4.97529061854,45.)) ;
#414=CARTESIAN_POINT('Control Point',(5.03979920262,-5.56635997314,45.)) ;
#415=CARTESIAN_POINT('Control Point',(4.01078924634,-6.89018849289,45.)) ;
#416=CARTESIAN_POINT('Control Point',(3.35416062287,-8.43298334051,45.)) ;
#417=CARTESIAN_POINT('Control Point',(3.12843104058,-9.24305958667,45.)) ;
#418=CARTESIAN_POINT('Control Point',(3.00779426551,-10.0921733361,45.)) ;
#419=CARTESIAN_POINT('Control Point',(3.0001713809,-10.9426372342,45.)) ;
#420=CARTESIAN_POINT('Control Point',(3.0000571264,-10.9617581937,45.)) ;
#421=CARTESIAN_POINT('Control Point',(3.,-10.980879097,45.)) ;
#422=CARTESIAN_POINT('Control Point',(3.,-11.,45.)) ;
#423=CARTESIAN_POINT('Vertex',(11.,-3.,45.)) ;
#426=CARTESIAN_POINT('Line Origine',(41.7622560803,-3.,45.)) ;
#430=CARTESIAN_POINT('Vertex',(72.5245121606,-3.,45.)) ;
#433=CARTESIAN_POINT('Axis2P3D Location',(72.5245121517,-25.0000000611,45.)) ;
#437=CARTESIAN_POINT('Vertex',(76.8390671331,-3.42722513527,45.)) ;
#440=CARTESIAN_POINT('Line Origine',(138.419533567,-15.7433184218,45.)) ;
#444=CARTESIAN_POINT('Vertex',(200.,-28.0594117083,45.)) ;
#447=CARTESIAN_POINT('Line Origine',(200.,-11.5297058541,45.)) ;
#493=CARTESIAN_POINT('Control Point',(-86.080814274,-220.816898145,45.)) ;
#494=CARTESIAN_POINT('Control Point',(-86.080814274,-219.634304957,45.)) ;
#495=CARTESIAN_POINT('Control Point',(-86.2278109786,-218.451712207,45.)) ;
#496=CARTESIAN_POINT('Control Point',(-86.5218481144,-217.293422717,45.)) ;
#497=CARTESIAN_POINT('Control Point',(-87.3915810588,-215.074389718,45.)) ;
#498=CARTESIAN_POINT('Control Point',(-88.7781055169,-213.135811759,45.)) ;
#499=CARTESIAN_POINT('Control Point',(-89.5890122779,-212.25801759,45.)) ;
#500=CARTESIAN_POINT('Control Point',(-91.4118540101,-210.722507618,45.)) ;
#501=CARTESIAN_POINT('Control Point',(-93.5551439148,-209.679990008,45.)) ;
#502=CARTESIAN_POINT('Control Point',(-94.6865482878,-209.295260863,45.)) ;
#503=CARTESIAN_POINT('Control Point',(-97.0210730907,-208.815118376,45.)) ;
#504=CARTESIAN_POINT('Control Point',(-99.402101876,-208.92112082,45.)) ;
#505=CARTESIAN_POINT('Control Point',(-100.580019024,-209.122624048,45.)) ;
#506=CARTESIAN_POINT('Control Point',(-102.860890216,-209.814122028,45.)) ;
#507=CARTESIAN_POINT('Control Point',(-104.903059634,-211.042974603,45.)) ;
#508=CARTESIAN_POINT('Control Point',(-105.842241043,-211.781913483,45.)) ;
#509=CARTESIAN_POINT('Control Point',(-107.517114892,-213.477596361,45.)) ;
#510=CARTESIAN_POINT('Control Point',(-108.725886066,-215.531715835,45.)) ;
#511=CARTESIAN_POINT('Control Point',(-109.198896274,-216.629146353,45.)) ;
#512=CARTESIAN_POINT('Control Point',(-109.636105967,-218.138118454,45.)) ;
#513=CARTESIAN_POINT('Control Point',(-109.821036475,-219.68737591,45.)) ;
#514=CARTESIAN_POINT('Control Point',(-109.850919467,-220.064012456,45.)) ;
#515=CARTESIAN_POINT('Control Point',(-109.865814274,-220.440455322,45.)) ;
#516=CARTESIAN_POINT('Control Point',(-109.865814274,-220.816898145,45.)) ;
#517=CARTESIAN_POINT('Vertex',(-86.0808142743,-220.816898145,45.)) ;
#519=CARTESIAN_POINT('Vertex',(-109.865814274,-220.816898145,45.)) ;
#523=CARTESIAN_POINT('Control Point',(-109.865814274,-220.816898145,45.)) ;
#524=CARTESIAN_POINT('Control Point',(-109.865814274,-221.99949133,45.)) ;
#525=CARTESIAN_POINT('Control Point',(-109.71881757,-223.182084078,45.)) ;
#526=CARTESIAN_POINT('Control Point',(-109.424780434,-224.340373576,45.)) ;
#527=CARTESIAN_POINT('Control Point',(-108.555047491,-226.55940657,45.)) ;
#528=CARTESIAN_POINT('Control Point',(-107.168523037,-228.497984525,45.)) ;
#529=CARTESIAN_POINT('Control Point',(-106.357616265,-229.375778706,45.)) ;
#530=CARTESIAN_POINT('Control Point',(-104.53477454,-230.91128867,45.)) ;
#531=CARTESIAN_POINT('Control Point',(-102.391484645,-231.953806278,45.)) ;
#532=CARTESIAN_POINT('Control Point',(-101.260080249,-232.338535431,45.)) ;
#533=CARTESIAN_POINT('Control Point',(-98.925555458,-232.818677914,45.)) ;
#534=CARTESIAN_POINT('Control Point',(-96.544526685,-232.712675472,45.)) ;
#535=CARTESIAN_POINT('Control Point',(-95.366609514,-232.51117224,45.)) ;
#536=CARTESIAN_POINT('Control Point',(-93.0857383294,-231.819674262,45.)) ;
#537=CARTESIAN_POINT('Control Point',(-91.0435689178,-230.590821691,45.)) ;
#538=CARTESIAN_POINT('Control Point',(-90.1043875022,-229.851882803,45.)) ;
#539=CARTESIAN_POINT('Control Point',(-88.4295136553,-228.156199927,45.)) ;
#540=CARTESIAN_POINT('Control Point',(-87.2207424824,-226.102080455,45.)) ;
#541=CARTESIAN_POINT('Control Point',(-86.7477322739,-225.004649936,45.)) ;
#542=CARTESIAN_POINT('Control Point',(-86.310522581,-223.495677835,45.)) ;
#543=CARTESIAN_POINT('Control Point',(-86.1255920731,-221.946420379,45.)) ;
#544=CARTESIAN_POINT('Control Point',(-86.0957090815,-221.569783834,45.)) ;
#545=CARTESIAN_POINT('Control Point',(-86.080814274,-221.193340967,45.)) ;
#546=CARTESIAN_POINT('Control Point',(-86.080814274,-220.816898145,45.)) ;
#553=CARTESIAN_POINT('Control Point',(-104.516652983,-167.616335018,45.)) ;
#554=CARTESIAN_POINT('Control Point',(-104.516652983,-166.433741829,45.)) ;
#555=CARTESIAN_POINT('Control Point',(-104.663649687,-165.251149078,45.)) ;
#556=CARTESIAN_POINT('Control Point',(-104.95768682,-164.092859592,45.)) ;
#557=CARTESIAN_POINT('Control Point',(-105.827419765,-161.87382659,45.)) ;
#558=CARTESIAN_POINT('Control Point',(-107.213944225,-159.935248629,45.)) ;
#559=CARTESIAN_POINT('Control Point',(-108.024850984,-159.057454464,45.)) ;
#560=CARTESIAN_POINT('Control Point',(-109.847692716,-157.521944493,45.)) ;
#561=CARTESIAN_POINT('Control Point',(-111.990982619,-156.479426883,45.)) ;
#562=CARTESIAN_POINT('Control Point',(-113.122387,-156.094697733,45.)) ;
#563=CARTESIAN_POINT('Control Point',(-115.456911797,-155.614555248,45.)) ;
#564=CARTESIAN_POINT('Control Point',(-117.837940577,-155.720557691,45.)) ;
#565=CARTESIAN_POINT('Control Point',(-119.015857738,-155.922060923,45.)) ;
#566=CARTESIAN_POINT('Control Point',(-121.296728928,-156.613558902,45.)) ;
#567=CARTESIAN_POINT('Control Point',(-123.338898344,-157.842411476,45.)) ;
#568=CARTESIAN_POINT('Control Point',(-124.278079749,-158.581350355,45.)) ;
#569=CARTESIAN_POINT('Control Point',(-125.952953598,-160.277033233,45.)) ;
#570=CARTESIAN_POINT('Control Point',(-127.161724773,-162.331152707,45.)) ;
#571=CARTESIAN_POINT('Control Point',(-127.634734983,-163.428583226,45.)) ;
#572=CARTESIAN_POINT('Control Point',(-128.071944676,-164.937555327,45.)) ;
#573=CARTESIAN_POINT('Control Point',(-128.256875184,-166.486812783,45.)) ;
#574=CARTESIAN_POINT('Control Point',(-128.286758173,-166.863449329,45.)) ;
#575=CARTESIAN_POINT('Control Point',(-128.301652981,-167.239892195,45.)) ;
#576=CARTESIAN_POINT('Control Point',(-128.301652981,-167.616335018,45.)) ;
#577=CARTESIAN_POINT('Vertex',(-104.516652982,-167.616335018,45.)) ;
#579=CARTESIAN_POINT('Vertex',(-128.301652982,-167.616335018,45.)) ;
#583=CARTESIAN_POINT('Control Point',(-128.301652981,-167.616335018,45.)) ;
#584=CARTESIAN_POINT('Control Point',(-128.301652981,-168.798928206,45.)) ;
#585=CARTESIAN_POINT('Control Point',(-128.154656276,-169.981520957,45.)) ;
#586=CARTESIAN_POINT('Control Point',(-127.860619143,-171.139810444,45.)) ;
#587=CARTESIAN_POINT('Control Point',(-126.990886198,-173.358843445,45.)) ;
#588=CARTESIAN_POINT('Control Point',(-125.604361739,-175.297421405,45.)) ;
#589=CARTESIAN_POINT('Control Point',(-124.793454978,-176.175215571,45.)) ;
#590=CARTESIAN_POINT('Control Point',(-122.970613248,-177.710725542,45.)) ;
#591=CARTESIAN_POINT('Control Point',(-120.827323345,-178.753243152,45.)) ;
#592=CARTESIAN_POINT('Control Point',(-119.695918963,-179.137972302,45.)) ;
#593=CARTESIAN_POINT('Control Point',(-117.361394166,-179.618114787,45.)) ;
#594=CARTESIAN_POINT('Control Point',(-114.980365387,-179.512112344,45.)) ;
#595=CARTESIAN_POINT('Control Point',(-113.802448225,-179.310609113,45.)) ;
#596=CARTESIAN_POINT('Control Point',(-111.521577035,-178.619111133,45.)) ;
#597=CARTESIAN_POINT('Control Point',(-109.47940762,-177.390258559,45.)) ;
#598=CARTESIAN_POINT('Control Point',(-108.540226215,-176.65131968,45.)) ;
#599=CARTESIAN_POINT('Control Point',(-106.865352365,-174.955636802,45.)) ;
#600=CARTESIAN_POINT('Control Point',(-105.656581191,-172.901517327,45.)) ;
#601=CARTESIAN_POINT('Control Point',(-105.183570981,-171.80408681,45.)) ;
#602=CARTESIAN_POINT('Control Point',(-104.746361288,-170.295114709,45.)) ;
#603=CARTESIAN_POINT('Control Point',(-104.56143078,-168.745857252,45.)) ;
#604=CARTESIAN_POINT('Control Point',(-104.53154779,-168.369220706,45.)) ;
#605=CARTESIAN_POINT('Control Point',(-104.516652983,-167.99277784,45.)) ;
#606=CARTESIAN_POINT('Control Point',(-104.516652983,-167.616335018,45.)) ;
#613=CARTESIAN_POINT('Control Point',(-148.23592763,-153.92114055,45.)) ;
#614=CARTESIAN_POINT('Control Point',(-148.23592763,-152.738547365,45.)) ;
#615=CARTESIAN_POINT('Control Point',(-148.382924334,-151.555954617,45.)) ;
#616=CARTESIAN_POINT('Control Point',(-148.676961473,-150.397665115,45.)) ;
#617=CARTESIAN_POINT('Control Point',(-149.546694416,-148.178632121,45.)) ;
#618=CARTESIAN_POINT('Control Point',(-150.933218871,-146.240054165,45.)) ;
#619=CARTESIAN_POINT('Control Point',(-151.744125639,-145.36225999,45.)) ;
#620=CARTESIAN_POINT('Control Point',(-153.566967367,-143.826750023,45.)) ;
#621=CARTESIAN_POINT('Control Point',(-155.710257266,-142.784232414,45.)) ;
#622=CARTESIAN_POINT('Control Point',(-156.841661652,-142.399503265,45.)) ;
#623=CARTESIAN_POINT('Control Point',(-159.176186446,-141.919360781,45.)) ;
#624=CARTESIAN_POINT('Control Point',(-161.557215223,-142.025363223,45.)) ;
#625=CARTESIAN_POINT('Control Point',(-162.735132391,-142.226866454,45.)) ;
#626=CARTESIAN_POINT('Control Point',(-165.016003577,-142.918364433,45.)) ;
#627=CARTESIAN_POINT('Control Point',(-167.05817299,-144.147217005,45.)) ;
#628=CARTESIAN_POINT('Control Point',(-167.997354401,-144.88615589,45.)) ;
#629=CARTESIAN_POINT('Control Point',(-169.672228249,-146.581838767,45.)) ;
#630=CARTESIAN_POINT('Control Point',(-170.880999422,-148.63595824,45.)) ;
#631=CARTESIAN_POINT('Control Point',(-171.354009632,-149.733388758,45.)) ;
#632=CARTESIAN_POINT('Control Point',(-171.791219325,-151.242360859,45.)) ;
#633=CARTESIAN_POINT('Control Point',(-171.976149833,-152.791618315,45.)) ;
#634=CARTESIAN_POINT('Control Point',(-172.006032823,-153.168254861,45.)) ;
#635=CARTESIAN_POINT('Control Point',(-172.02092763,-153.544697727,45.)) ;
#636=CARTESIAN_POINT('Control Point',(-172.02092763,-153.92114055,45.)) ;
#637=CARTESIAN_POINT('Vertex',(-148.235927631,-153.921140549,45.)) ;
#639=CARTESIAN_POINT('Vertex',(-172.020927631,-153.921140549,45.)) ;
#643=CARTESIAN_POINT('Control Point',(-172.02092763,-153.92114055,45.)) ;
#644=CARTESIAN_POINT('Control Point',(-172.02092763,-155.103733737,45.)) ;
#645=CARTESIAN_POINT('Control Point',(-171.873930926,-156.286326486,45.)) ;
#646=CARTESIAN_POINT('Control Point',(-171.579893791,-157.444615978,45.)) ;
#647=CARTESIAN_POINT('Control Point',(-170.710160848,-159.663648976,45.)) ;
#648=CARTESIAN_POINT('Control Point',(-169.32363639,-161.602226934,45.)) ;
#649=CARTESIAN_POINT('Control Point',(-168.512729625,-162.480021106,45.)) ;
#650=CARTESIAN_POINT('Control Point',(-166.689887895,-164.015531076,45.)) ;
#651=CARTESIAN_POINT('Control Point',(-164.546597992,-165.058048686,45.)) ;
#652=CARTESIAN_POINT('Control Point',(-163.415193615,-165.442777832,45.)) ;
#653=CARTESIAN_POINT('Control Point',(-161.080668815,-165.922920318,45.)) ;
#654=CARTESIAN_POINT('Control Point',(-158.699640033,-165.816917874,45.)) ;
#655=CARTESIAN_POINT('Control Point',(-157.521722878,-165.615414646,45.)) ;
#656=CARTESIAN_POINT('Control Point',(-155.240851685,-164.923916666,45.)) ;
#657=CARTESIAN_POINT('Control Point',(-153.198682266,-163.695064089,45.)) ;
#658=CARTESIAN_POINT('Control Point',(-152.259500867,-162.956125213,45.)) ;
#659=CARTESIAN_POINT('Control Point',(-150.584627014,-161.260442332,45.)) ;
#660=CARTESIAN_POINT('Control Point',(-149.375855839,-159.206322855,45.)) ;
#661=CARTESIAN_POINT('Control Point',(-148.902845631,-158.108892344,45.)) ;
#662=CARTESIAN_POINT('Control Point',(-148.465635937,-156.599920242,45.)) ;
#663=CARTESIAN_POINT('Control Point',(-148.280705429,-155.050662784,45.)) ;
#664=CARTESIAN_POINT('Control Point',(-148.250822438,-154.674026239,45.)) ;
#665=CARTESIAN_POINT('Control Point',(-148.23592763,-154.297583372,45.)) ;
#666=CARTESIAN_POINT('Control Point',(-148.23592763,-153.92114055,45.)) ;
#673=CARTESIAN_POINT('Control Point',(109.865814274,-220.816898145,45.)) ;
#674=CARTESIAN_POINT('Control Point',(109.865814274,-219.63430496,45.)) ;
#675=CARTESIAN_POINT('Control Point',(109.71881757,-218.451712212,45.)) ;
#676=CARTESIAN_POINT('Control Point',(109.424780434,-217.293422713,45.)) ;
#677=CARTESIAN_POINT('Control Point',(108.55504749,-215.074389718,45.)) ;
#678=CARTESIAN_POINT('Control Point',(107.168523035,-213.135811762,45.)) ;
#679=CARTESIAN_POINT('Control Point',(106.357616268,-212.258017587,45.)) ;
#680=CARTESIAN_POINT('Control Point',(104.534774537,-210.722507618,45.)) ;
#681=CARTESIAN_POINT('Control Point',(102.391484635,-209.679990008,45.)) ;
#682=CARTESIAN_POINT('Control Point',(101.26008026,-209.295260863,45.)) ;
#683=CARTESIAN_POINT('Control Point',(98.9255554581,-208.815118376,45.)) ;
#684=CARTESIAN_POINT('Control Point',(96.5445266734,-208.92112082,45.)) ;
#685=CARTESIAN_POINT('Control Point',(95.3666095252,-209.122624048,45.)) ;
#686=CARTESIAN_POINT('Control Point',(93.0857383329,-209.814122027,45.)) ;
#687=CARTESIAN_POINT('Control Point',(91.0435689153,-211.042974602,45.)) ;
#688=CARTESIAN_POINT('Control Point',(90.1043875043,-211.781913484,45.)) ;
#689=CARTESIAN_POINT('Control Point',(88.4295136566,-213.477596361,45.)) ;
#690=CARTESIAN_POINT('Control Point',(87.2207424832,-215.531715833,45.)) ;
#691=CARTESIAN_POINT('Control Point',(86.7477322735,-216.629146355,45.)) ;
#692=CARTESIAN_POINT('Control Point',(86.3105225809,-218.138118455,45.)) ;
#693=CARTESIAN_POINT('Control Point',(86.1255920731,-219.68737591,45.)) ;
#694=CARTESIAN_POINT('Control Point',(86.0957090815,-220.064012456,45.)) ;
#695=CARTESIAN_POINT('Control Point',(86.080814274,-220.440455322,45.)) ;
#696=CARTESIAN_POINT('Control Point',(86.080814274,-220.816898145,45.)) ;
#697=CARTESIAN_POINT('Vertex',(109.865814274,-220.816898145,45.)) ;
#699=CARTESIAN_POINT('Vertex',(86.0808142743,-220.816898145,45.)) ;
#703=CARTESIAN_POINT('Control Point',(86.080814274,-220.816898145,45.)) ;
#704=CARTESIAN_POINT('Control Point',(86.080814274,-221.999491333,45.)) ;
#705=CARTESIAN_POINT('Control Point',(86.2278109786,-223.182084083,45.)) ;
#706=CARTESIAN_POINT('Control Point',(86.5218481142,-224.340373572,45.)) ;
#707=CARTESIAN_POINT('Control Point',(87.391581058,-226.55940657,45.)) ;
#708=CARTESIAN_POINT('Control Point',(88.7781055153,-228.497984529,45.)) ;
#709=CARTESIAN_POINT('Control Point',(89.58901228,-229.375778703,45.)) ;
#710=CARTESIAN_POINT('Control Point',(91.4118540069,-230.91128867,45.)) ;
#711=CARTESIAN_POINT('Control Point',(93.5551439044,-231.953806279,45.)) ;
#712=CARTESIAN_POINT('Control Point',(94.6865482992,-232.33853543,45.)) ;
#713=CARTESIAN_POINT('Control Point',(97.0210730907,-232.818677914,45.)) ;
#714=CARTESIAN_POINT('Control Point',(99.4021018641,-232.712675472,45.)) ;
#715=CARTESIAN_POINT('Control Point',(100.580019035,-232.51117224,45.)) ;
#716=CARTESIAN_POINT('Control Point',(102.86089022,-231.819674261,45.)) ;
#717=CARTESIAN_POINT('Control Point',(104.903059632,-230.59082169,45.)) ;
#718=CARTESIAN_POINT('Control Point',(105.842241045,-229.851882804,45.)) ;
#719=CARTESIAN_POINT('Control Point',(107.517114893,-228.156199927,45.)) ;
#720=CARTESIAN_POINT('Control Point',(108.725886067,-226.102080453,45.)) ;
#721=CARTESIAN_POINT('Control Point',(109.198896274,-225.004649938,45.)) ;
#722=CARTESIAN_POINT('Control Point',(109.636105967,-223.495677837,45.)) ;
#723=CARTESIAN_POINT('Control Point',(109.821036475,-221.946420379,45.)) ;
#724=CARTESIAN_POINT('Control Point',(109.850919467,-221.569783834,45.)) ;
#725=CARTESIAN_POINT('Control Point',(109.865814274,-221.193340967,45.)) ;
#726=CARTESIAN_POINT('Control Point',(109.865814274,-220.816898145,45.)) ;
#733=CARTESIAN_POINT('Control Point',(128.301652981,-167.616335018,45.)) ;
#734=CARTESIAN_POINT('Control Point',(128.301652981,-166.433741829,45.)) ;
#735=CARTESIAN_POINT('Control Point',(128.154656276,-165.251149078,45.)) ;
#736=CARTESIAN_POINT('Control Point',(127.860619143,-164.092859591,45.)) ;
#737=CARTESIAN_POINT('Control Point',(126.990886198,-161.87382659,45.)) ;
#738=CARTESIAN_POINT('Control Point',(125.604361739,-159.93524863,45.)) ;
#739=CARTESIAN_POINT('Control Point',(124.793454979,-159.057454464,45.)) ;
#740=CARTESIAN_POINT('Control Point',(122.970613248,-157.521944493,45.)) ;
#741=CARTESIAN_POINT('Control Point',(120.827323345,-156.479426883,45.)) ;
#742=CARTESIAN_POINT('Control Point',(119.695918964,-156.094697733,45.)) ;
#743=CARTESIAN_POINT('Control Point',(117.361394166,-155.614555248,45.)) ;
#744=CARTESIAN_POINT('Control Point',(114.980365387,-155.720557691,45.)) ;
#745=CARTESIAN_POINT('Control Point',(113.802448226,-155.922060923,45.)) ;
#746=CARTESIAN_POINT('Control Point',(111.521577035,-156.613558902,45.)) ;
#747=CARTESIAN_POINT('Control Point',(109.47940762,-157.842411477,45.)) ;
#748=CARTESIAN_POINT('Control Point',(108.540226215,-158.581350355,45.)) ;
#749=CARTESIAN_POINT('Control Point',(106.865352365,-160.277033233,45.)) ;
#750=CARTESIAN_POINT('Control Point',(105.656581191,-162.331152708,45.)) ;
#751=CARTESIAN_POINT('Control Point',(105.183570981,-163.428583226,45.)) ;
#752=CARTESIAN_POINT('Control Point',(104.746361288,-164.937555327,45.)) ;
#753=CARTESIAN_POINT('Control Point',(104.56143078,-166.486812783,45.)) ;
#754=CARTESIAN_POINT('Control Point',(104.53154779,-166.863449329,45.)) ;
#755=CARTESIAN_POINT('Control Point',(104.516652983,-167.239892195,45.)) ;
#756=CARTESIAN_POINT('Control Point',(104.516652983,-167.616335018,45.)) ;
#757=CARTESIAN_POINT('Vertex',(128.301652982,-167.616335018,45.)) ;
#759=CARTESIAN_POINT('Vertex',(104.516652982,-167.616335018,45.)) ;
#763=CARTESIAN_POINT('Control Point',(104.516652983,-167.616335018,45.)) ;
#764=CARTESIAN_POINT('Control Point',(104.516652983,-168.798928206,45.)) ;
#765=CARTESIAN_POINT('Control Point',(104.663649687,-169.981520957,45.)) ;
#766=CARTESIAN_POINT('Control Point',(104.957686821,-171.139810443,45.)) ;
#767=CARTESIAN_POINT('Control Point',(105.827419765,-173.358843445,45.)) ;
#768=CARTESIAN_POINT('Control Point',(107.213944225,-175.297421406,45.)) ;
#769=CARTESIAN_POINT('Control Point',(108.024850985,-176.175215571,45.)) ;
#770=CARTESIAN_POINT('Control Point',(109.847692716,-177.710725542,45.)) ;
#771=CARTESIAN_POINT('Control Point',(111.990982619,-178.753243152,45.)) ;
#772=CARTESIAN_POINT('Control Point',(113.122387,-179.137972302,45.)) ;
#773=CARTESIAN_POINT('Control Point',(115.456911797,-179.618114787,45.)) ;
#774=CARTESIAN_POINT('Control Point',(117.837940576,-179.512112344,45.)) ;
#775=CARTESIAN_POINT('Control Point',(119.015857739,-179.310609112,45.)) ;
#776=CARTESIAN_POINT('Control Point',(121.296728928,-178.619111133,45.)) ;
#777=CARTESIAN_POINT('Control Point',(123.338898343,-177.390258559,45.)) ;
#778=CARTESIAN_POINT('Control Point',(124.278079749,-176.65131968,45.)) ;
#779=CARTESIAN_POINT('Control Point',(125.952953598,-174.955636802,45.)) ;
#780=CARTESIAN_POINT('Control Point',(127.161724773,-172.901517328,45.)) ;
#781=CARTESIAN_POINT('Control Point',(127.634734983,-171.804086809,45.)) ;
#782=CARTESIAN_POINT('Control Point',(128.071944676,-170.295114708,45.)) ;
#783=CARTESIAN_POINT('Control Point',(128.256875184,-168.745857252,45.)) ;
#784=CARTESIAN_POINT('Control Point',(128.286758173,-168.369220706,45.)) ;
#785=CARTESIAN_POINT('Control Point',(128.301652981,-167.99277784,45.)) ;
#786=CARTESIAN_POINT('Control Point',(128.301652981,-167.616335018,45.)) ;
#793=CARTESIAN_POINT('Control Point',(172.02092763,-153.92114055,45.)) ;
#794=CARTESIAN_POINT('Control Point',(172.02092763,-152.738547363,45.)) ;
#795=CARTESIAN_POINT('Control Point',(171.873930926,-151.555954613,45.)) ;
#796=CARTESIAN_POINT('Control Point',(171.579893792,-150.39766512,45.)) ;
#797=CARTESIAN_POINT('Control Point',(170.710160848,-148.178632124,45.)) ;
#798=CARTESIAN_POINT('Control Point',(169.323636393,-146.240054167,45.)) ;
#799=CARTESIAN_POINT('Control Point',(168.512729622,-145.362259989,45.)) ;
#800=CARTESIAN_POINT('Control Point',(166.689887895,-143.826750023,45.)) ;
#801=CARTESIAN_POINT('Control Point',(164.546597998,-142.784232415,45.)) ;
#802=CARTESIAN_POINT('Control Point',(163.41519361,-142.399503265,45.)) ;
#803=CARTESIAN_POINT('Control Point',(161.080668816,-141.919360781,45.)) ;
#804=CARTESIAN_POINT('Control Point',(158.699640039,-142.025363223,45.)) ;
#805=CARTESIAN_POINT('Control Point',(157.521722872,-142.226866454,45.)) ;
#806=CARTESIAN_POINT('Control Point',(155.240851684,-142.918364433,45.)) ;
#807=CARTESIAN_POINT('Control Point',(153.19868227,-144.147217006,45.)) ;
#808=CARTESIAN_POINT('Control Point',(152.259500863,-144.886155888,45.)) ;
#809=CARTESIAN_POINT('Control Point',(150.584627013,-146.581838767,45.)) ;
#810=CARTESIAN_POINT('Control Point',(149.375855839,-148.635958243,45.)) ;
#811=CARTESIAN_POINT('Control Point',(148.902845631,-149.733388755,45.)) ;
#812=CARTESIAN_POINT('Control Point',(148.465635937,-151.242360857,45.)) ;
#813=CARTESIAN_POINT('Control Point',(148.280705429,-152.791618315,45.)) ;
#814=CARTESIAN_POINT('Control Point',(148.250822438,-153.168254861,45.)) ;
#815=CARTESIAN_POINT('Control Point',(148.23592763,-153.544697727,45.)) ;
#816=CARTESIAN_POINT('Control Point',(148.23592763,-153.92114055,45.)) ;
#817=CARTESIAN_POINT('Vertex',(172.020927631,-153.921140549,45.)) ;
#819=CARTESIAN_POINT('Vertex',(148.235927631,-153.921140549,45.)) ;
#823=CARTESIAN_POINT('Control Point',(148.23592763,-153.92114055,45.)) ;
#824=CARTESIAN_POINT('Control Point',(148.23592763,-155.103733734,45.)) ;
#825=CARTESIAN_POINT('Control Point',(148.382924334,-156.286326482,45.)) ;
#826=CARTESIAN_POINT('Control Point',(148.676961473,-157.444615983,45.)) ;
#827=CARTESIAN_POINT('Control Point',(149.546694417,-159.663648979,45.)) ;
#828=CARTESIAN_POINT('Control Point',(150.933218873,-161.602226936,45.)) ;
#829=CARTESIAN_POINT('Control Point',(151.744125636,-162.480021105,45.)) ;
#830=CARTESIAN_POINT('Control Point',(153.566967367,-164.015531076,45.)) ;
#831=CARTESIAN_POINT('Control Point',(155.710257271,-165.058048686,45.)) ;
#832=CARTESIAN_POINT('Control Point',(156.841661646,-165.442777832,45.)) ;
#833=CARTESIAN_POINT('Control Point',(159.176186446,-165.922920318,45.)) ;
#834=CARTESIAN_POINT('Control Point',(161.557215229,-165.816917874,45.)) ;
#835=CARTESIAN_POINT('Control Point',(162.735132385,-165.615414646,45.)) ;
#836=CARTESIAN_POINT('Control Point',(165.016003577,-164.923916666,45.)) ;
#837=CARTESIAN_POINT('Control Point',(167.058172994,-163.69506409,45.)) ;
#838=CARTESIAN_POINT('Control Point',(167.997354397,-162.956125211,45.)) ;
#839=CARTESIAN_POINT('Control Point',(169.672228247,-161.260442333,45.)) ;
#840=CARTESIAN_POINT('Control Point',(170.880999422,-159.206322858,45.)) ;
#841=CARTESIAN_POINT('Control Point',(171.354009632,-158.108892341,45.)) ;
#842=CARTESIAN_POINT('Control Point',(171.791219325,-156.599920241,45.)) ;
#843=CARTESIAN_POINT('Control Point',(171.976149833,-155.050662784,45.)) ;
#844=CARTESIAN_POINT('Control Point',(172.006032823,-154.674026239,45.)) ;
#845=CARTESIAN_POINT('Control Point',(172.02092763,-154.297583372,45.)) ;
#846=CARTESIAN_POINT('Control Point',(172.02092763,-153.92114055,45.)) ;
#853=CARTESIAN_POINT('Control Point',(172.02092763,-220.816898145,45.)) ;
#854=CARTESIAN_POINT('Control Point',(172.02092763,-219.634304957,45.)) ;
#855=CARTESIAN_POINT('Control Point',(171.873930926,-218.451712207,45.)) ;
#856=CARTESIAN_POINT('Control Point',(171.579893792,-217.293422717,45.)) ;
#857=CARTESIAN_POINT('Control Point',(170.710160847,-215.074389718,45.)) ;
#858=CARTESIAN_POINT('Control Point',(169.323636389,-213.135811759,45.)) ;
#859=CARTESIAN_POINT('Control Point',(168.512729627,-212.25801759,45.)) ;
#860=CARTESIAN_POINT('Control Point',(166.689887894,-210.722507618,45.)) ;
#861=CARTESIAN_POINT('Control Point',(164.54659799,-209.679990008,45.)) ;
#862=CARTESIAN_POINT('Control Point',(163.415193618,-209.295260863,45.)) ;
#863=CARTESIAN_POINT('Control Point',(161.080668815,-208.815118376,45.)) ;
#864=CARTESIAN_POINT('Control Point',(158.69964003,-208.92112082,45.)) ;
#865=CARTESIAN_POINT('Control Point',(157.521722881,-209.122624048,45.)) ;
#866=CARTESIAN_POINT('Control Point',(155.240851688,-209.814122028,45.)) ;
#867=CARTESIAN_POINT('Control Point',(153.19868227,-211.042974603,45.)) ;
#868=CARTESIAN_POINT('Control Point',(152.259500864,-211.781913483,45.)) ;
#869=CARTESIAN_POINT('Control Point',(150.584627014,-213.477596361,45.)) ;
#870=CARTESIAN_POINT('Control Point',(149.37585584,-215.531715835,45.)) ;
#871=CARTESIAN_POINT('Control Point',(148.90284563,-216.629146353,45.)) ;
#872=CARTESIAN_POINT('Control Point',(148.465635937,-218.138118454,45.)) ;
#873=CARTESIAN_POINT('Control Point',(148.280705429,-219.68737591,45.)) ;
#874=CARTESIAN_POINT('Control Point',(148.250822438,-220.064012456,45.)) ;
#875=CARTESIAN_POINT('Control Point',(148.23592763,-220.440455322,45.)) ;
#876=CARTESIAN_POINT('Control Point',(148.23592763,-220.816898145,45.)) ;
#877=CARTESIAN_POINT('Vertex',(172.020927631,-220.816898145,45.)) ;
#879=CARTESIAN_POINT('Vertex',(148.235927631,-220.816898145,45.)) ;
#883=CARTESIAN_POINT('Control Point',(148.23592763,-220.816898145,45.)) ;
#884=CARTESIAN_POINT('Control Point',(148.23592763,-221.99949133,45.)) ;
#885=CARTESIAN_POINT('Control Point',(148.382924334,-223.182084078,45.)) ;
#886=CARTESIAN_POINT('Control Point',(148.676961472,-224.340373576,45.)) ;
#887=CARTESIAN_POINT('Control Point',(149.546694416,-226.559406573,45.)) ;
#888=CARTESIAN_POINT('Control Point',(150.933218873,-228.49798453,45.)) ;
#889=CARTESIAN_POINT('Control Point',(151.744125637,-229.375778702,45.)) ;
#890=CARTESIAN_POINT('Control Point',(153.566967364,-230.91128867,45.)) ;
#891=CARTESIAN_POINT('Control Point',(155.710257263,-231.953806279,45.)) ;
#892=CARTESIAN_POINT('Control Point',(156.841661654,-232.33853543,45.)) ;
#893=CARTESIAN_POINT('Control Point',(159.176186446,-232.818677914,45.)) ;
#894=CARTESIAN_POINT('Control Point',(161.55721522,-232.712675472,45.)) ;
#895=CARTESIAN_POINT('Control Point',(162.735132394,-232.51117224,45.)) ;
#896=CARTESIAN_POINT('Control Point',(165.016003577,-231.819674261,45.)) ;
#897=CARTESIAN_POINT('Control Point',(167.058172988,-230.590821691,45.)) ;
#898=CARTESIAN_POINT('Control Point',(167.997354402,-229.851882803,45.)) ;
#899=CARTESIAN_POINT('Control Point',(169.672228249,-228.156199927,45.)) ;
#900=CARTESIAN_POINT('Control Point',(170.880999422,-226.102080455,45.)) ;
#901=CARTESIAN_POINT('Control Point',(171.354009632,-225.004649936,45.)) ;
#902=CARTESIAN_POINT('Control Point',(171.791219325,-223.495677835,45.)) ;
#903=CARTESIAN_POINT('Control Point',(171.976149833,-221.946420379,45.)) ;
#904=CARTESIAN_POINT('Control Point',(172.006032823,-221.569783834,45.)) ;
#905=CARTESIAN_POINT('Control Point',(172.02092763,-221.193340967,45.)) ;
#906=CARTESIAN_POINT('Control Point',(172.02092763,-220.816898145,45.)) ;
#913=CARTESIAN_POINT('Control Point',(-166.671766339,-8.01464563608,45.)) ;
#914=CARTESIAN_POINT('Control Point',(-166.671766339,-6.83205245034,45.)) ;
#915=CARTESIAN_POINT('Control Point',(-166.818763043,-5.6494597016,45.)) ;
#916=CARTESIAN_POINT('Control Point',(-167.112800179,-4.49117020361,45.)) ;
#917=CARTESIAN_POINT('Control Point',(-167.982533121,-2.27213720967,45.)) ;
#918=CARTESIAN_POINT('Control Point',(-169.369057575,-0.333559254394,45.)) ;
#919=CARTESIAN_POINT('Control Point',(-170.179964349,0.544234925686,45.)) ;
#920=CARTESIAN_POINT('Control Point',(-172.002806075,2.0797448912,45.)) ;
#921=CARTESIAN_POINT('Control Point',(-174.146095972,3.12226249927,45.)) ;
#922=CARTESIAN_POINT('Control Point',(-175.277500359,3.50699164895,45.)) ;
#923=CARTESIAN_POINT('Control Point',(-177.612025154,3.98713413335,45.)) ;
#924=CARTESIAN_POINT('Control Point',(-179.993053932,3.88113169073,45.)) ;
#925=CARTESIAN_POINT('Control Point',(-181.170971095,3.67962846052,45.)) ;
#926=CARTESIAN_POINT('Control Point',(-183.451842283,2.98813048153,45.)) ;
#927=CARTESIAN_POINT('Control Point',(-185.494011697,1.75927790866,45.)) ;
#928=CARTESIAN_POINT('Control Point',(-186.433193109,1.02033902416,45.)) ;
#929=CARTESIAN_POINT('Control Point',(-188.108066957,-0.675343853189,45.)) ;
#930=CARTESIAN_POINT('Control Point',(-189.316838131,-2.72946332586,45.)) ;
#931=CARTESIAN_POINT('Control Point',(-189.789848339,-3.82689384491,45.)) ;
#932=CARTESIAN_POINT('Control Point',(-190.227058032,-5.33586594541,45.)) ;
#933=CARTESIAN_POINT('Control Point',(-190.41198854,-6.88512340155,45.)) ;
#934=CARTESIAN_POINT('Control Point',(-190.441871532,-7.26175994721,45.)) ;
#935=CARTESIAN_POINT('Control Point',(-190.456766339,-7.63820281379,45.)) ;
#936=CARTESIAN_POINT('Control Point',(-190.456766339,-8.01464563608,45.)) ;
#937=CARTESIAN_POINT('Vertex',(-166.671766339,-8.01464563534,45.)) ;
#939=CARTESIAN_POINT('Vertex',(-190.456766339,-8.01464563534,45.)) ;
#943=CARTESIAN_POINT('Control Point',(-190.456766339,-8.01464563608,45.)) ;
#944=CARTESIAN_POINT('Control Point',(-190.456766339,-9.19723882196,45.)) ;
#945=CARTESIAN_POINT('Control Point',(-190.309769635,-10.3798315708,45.)) ;
#946=CARTESIAN_POINT('Control Point',(-190.015732497,-11.5381210664,45.)) ;
#947=CARTESIAN_POINT('Control Point',(-189.145999553,-13.7571540648,45.)) ;
#948=CARTESIAN_POINT('Control Point',(-187.759475095,-15.6957320234,45.)) ;
#949=CARTESIAN_POINT('Control Point',(-186.948568334,-16.5735261901,45.)) ;
#950=CARTESIAN_POINT('Control Point',(-185.125726603,-18.1090361614,45.)) ;
#951=CARTESIAN_POINT('Control Point',(-182.982436699,-19.1515537722,45.)) ;
#952=CARTESIAN_POINT('Control Point',(-181.851032323,-19.536282918,45.)) ;
#953=CARTESIAN_POINT('Control Point',(-179.516507524,-20.0164254039,45.)) ;
#954=CARTESIAN_POINT('Control Point',(-177.135478742,-19.910422961,45.)) ;
#955=CARTESIAN_POINT('Control Point',(-175.957561582,-19.7089197313,45.)) ;
#956=CARTESIAN_POINT('Control Point',(-173.676690393,-19.017421752,45.)) ;
#957=CARTESIAN_POINT('Control Point',(-171.634520978,-17.7885691782,45.)) ;
#958=CARTESIAN_POINT('Control Point',(-170.69533957,-17.0496302955,45.)) ;
#959=CARTESIAN_POINT('Control Point',(-169.020465719,-15.3539474152,45.)) ;
#960=CARTESIAN_POINT('Control Point',(-167.811694544,-13.2998279381,45.)) ;
#961=CARTESIAN_POINT('Control Point',(-167.338684341,-12.2023974324,45.)) ;
#962=CARTESIAN_POINT('Control Point',(-166.901474646,-10.6934253287,45.)) ;
#963=CARTESIAN_POINT('Control Point',(-166.716544138,-9.14416786912,45.)) ;
#964=CARTESIAN_POINT('Control Point',(-166.686661146,-8.76753132458,45.)) ;
#965=CARTESIAN_POINT('Control Point',(-166.671766339,-8.39108845819,45.)) ;
#966=CARTESIAN_POINT('Control Point',(-166.671766339,-8.01464563608,45.)) ;
#973=CARTESIAN_POINT('Control Point',(190.456766339,-8.01464563608,45.)) ;
#974=CARTESIAN_POINT('Control Point',(190.456766339,-6.83205244966,45.)) ;
#975=CARTESIAN_POINT('Control Point',(190.309769635,-5.64945970025,45.)) ;
#976=CARTESIAN_POINT('Control Point',(190.015732498,-4.49117020489,45.)) ;
#977=CARTESIAN_POINT('Control Point',(189.145999554,-2.27213720689,45.)) ;
#978=CARTESIAN_POINT('Control Point',(187.759475096,-0.333559248576,45.)) ;
#979=CARTESIAN_POINT('Control Point',(186.948568333,0.544234921075,45.)) ;
#980=CARTESIAN_POINT('Control Point',(185.125726603,2.07974489061,45.)) ;
#981=CARTESIAN_POINT('Control Point',(182.982436701,3.12226250059,45.)) ;
#982=CARTESIAN_POINT('Control Point',(181.85103232,3.50699164834,45.)) ;
#983=CARTESIAN_POINT('Control Point',(179.516507524,3.98713413326,45.)) ;
#984=CARTESIAN_POINT('Control Point',(177.135478746,3.8811316908,45.)) ;
#985=CARTESIAN_POINT('Control Point',(175.957561579,3.67962846007,45.)) ;
#986=CARTESIAN_POINT('Control Point',(173.676690393,2.98813048124,45.)) ;
#987=CARTESIAN_POINT('Control Point',(171.63452098,1.75927790903,45.)) ;
#988=CARTESIAN_POINT('Control Point',(170.695339568,1.02033902365,45.)) ;
#989=CARTESIAN_POINT('Control Point',(169.020465718,-0.675343855594,45.)) ;
#990=CARTESIAN_POINT('Control Point',(167.811694544,-2.72946333094,45.)) ;
#991=CARTESIAN_POINT('Control Point',(167.33868434,-3.82689383925,45.)) ;
#992=CARTESIAN_POINT('Control Point',(166.901474646,-5.3358659425,45.)) ;
#993=CARTESIAN_POINT('Control Point',(166.716544138,-6.88512340155,45.)) ;
#994=CARTESIAN_POINT('Control Point',(166.686661146,-7.26175994721,45.)) ;
#995=CARTESIAN_POINT('Control Point',(166.671766339,-7.63820281379,45.)) ;
#996=CARTESIAN_POINT('Control Point',(166.671766339,-8.01464563608,45.)) ;
#997=CARTESIAN_POINT('Vertex',(190.456766339,-8.01464563534,45.)) ;
#999=CARTESIAN_POINT('Vertex',(166.671766339,-8.01464563534,45.)) ;
#1003=CARTESIAN_POINT('Control Point',(166.671766339,-8.01464563608,45.)) ;
#1004=CARTESIAN_POINT('Control Point',(166.671766339,-9.19723882122,45.)) ;
#1005=CARTESIAN_POINT('Control Point',(166.818763043,-10.3798315694,45.)) ;
#1006=CARTESIAN_POINT('Control Point',(167.112800179,-11.5381210678,45.)) ;
#1007=CARTESIAN_POINT('Control Point',(167.982533122,-13.7571540621,45.)) ;
#1008=CARTESIAN_POINT('Control Point',(169.369057577,-15.6957320175,45.)) ;
#1009=CARTESIAN_POINT('Control Point',(170.179964347,-16.5735261947,45.)) ;
#1010=CARTESIAN_POINT('Control Point',(172.002806075,-18.109036162,45.)) ;
#1011=CARTESIAN_POINT('Control Point',(174.146095975,-19.1515537709,45.)) ;
#1012=CARTESIAN_POINT('Control Point',(175.277500356,-19.5362829186,45.)) ;
#1013=CARTESIAN_POINT('Control Point',(177.612025154,-20.016425404,45.)) ;
#1014=CARTESIAN_POINT('Control Point',(179.993053935,-19.9104229609,45.)) ;
#1015=CARTESIAN_POINT('Control Point',(181.170971092,-19.7089197317,45.)) ;
#1016=CARTESIAN_POINT('Control Point',(183.451842283,-19.0174217523,45.)) ;
#1017=CARTESIAN_POINT('Control Point',(185.494011699,-17.7885691778,45.)) ;
#1018=CARTESIAN_POINT('Control Point',(186.433193108,-17.0496302961,45.)) ;
#1019=CARTESIAN_POINT('Control Point',(188.108066957,-15.3539474177,45.)) ;
#1020=CARTESIAN_POINT('Control Point',(189.316838131,-13.2998279434,45.)) ;
#1021=CARTESIAN_POINT('Control Point',(189.789848339,-12.2023974265,45.)) ;
#1022=CARTESIAN_POINT('Control Point',(190.227058032,-10.6934253257,45.)) ;
#1023=CARTESIAN_POINT('Control Point',(190.41198854,-9.14416786912,45.)) ;
#1024=CARTESIAN_POINT('Control Point',(190.441871532,-8.76753132458,45.)) ;
#1025=CARTESIAN_POINT('Control Point',(190.456766339,-8.39108845819,45.)) ;
#1026=CARTESIAN_POINT('Control Point',(190.456766339,-8.01464563608,45.)) ;
#1033=CARTESIAN_POINT('Axis2P3D Location',(-160.128427631,-220.816898145,45.)) ;
#1038=CARTESIAN_POINT('Line Origine',(-166.878427631,-220.816898145,45.)) ;
#1042=CARTESIAN_POINT('Vertex',(-166.878427631,-220.816898145,-5.)) ;
#1045=CARTESIAN_POINT('Axis2P3D Location',(-160.128427631,-220.816898145,-5.)) ;
#1049=CARTESIAN_POINT('Vertex',(-153.378427631,-220.816898145,-5.)) ;
#1052=CARTESIAN_POINT('Line Origine',(-153.378427631,-220.816898145,45.)) ;
#1064=CARTESIAN_POINT('Axis2P3D Location',(-160.128427631,-220.816898145,-5.)) ;
#1076=CARTESIAN_POINT('Axis2P3D Location',(-200.,5.,-5.)) ;
#1081=CARTESIAN_POINT('Line Origine',(200.,5.,20.)) ;
#1085=CARTESIAN_POINT('Vertex',(200.,5.,-5.)) ;
#1088=CARTESIAN_POINT('Line Origine',(2.84217094304E-14,5.,-5.)) ;
#1092=CARTESIAN_POINT('Vertex',(-200.,5.,-5.)) ;
#1095=CARTESIAN_POINT('Line Origine',(-200.,5.,20.)) ;
#1107=CARTESIAN_POINT('Axis2P3D Location',(-200.,-115.,45.)) ;
#1112=CARTESIAN_POINT('Line Origine',(-200.,-112.,24.)) ;
#1116=CARTESIAN_POINT('Vertex',(-200.,-112.,3.)) ;
#1119=CARTESIAN_POINT('Line Origine',(-200.,-70.0297058541,3.)) ;
#1123=CARTESIAN_POINT('Vertex',(-200.,-28.0594117083,3.)) ;
#1126=CARTESIAN_POINT('Line Origine',(-200.,-28.0594117083,24.)) ;
#1131=CARTESIAN_POINT('Line Origine',(-200.,-121.,-5.)) ;
#1135=CARTESIAN_POINT('Vertex',(-200.,-247.,-5.)) ;
#1138=CARTESIAN_POINT('Line Origine',(-200.,-247.,20.)) ;
#1154=CARTESIAN_POINT('Axis2P3D Location',(-199.411651595,-27.9417420271,45.)) ;
#1159=CARTESIAN_POINT('Line Origine',(-160.383477544,-20.1361072169,3.)) ;
#1163=CARTESIAN_POINT('Vertex',(-120.766955088,-12.2128027258,3.)) ;
#1166=CARTESIAN_POINT('Line Origine',(-120.766955088,-12.2128027258,14.)) ;
#1170=CARTESIAN_POINT('Vertex',(-120.766955088,-12.2128027258,25.)) ;
#1173=CARTESIAN_POINT('Line Origine',(-110.266955088,-10.1128027257,25.)) ;
#1177=CARTESIAN_POINT('Vertex',(-99.7669550872,-8.0128027256,25.)) ;
#1180=CARTESIAN_POINT('Line Origine',(-99.7669550872,-8.0128027256,17.5)) ;
#1184=CARTESIAN_POINT('Vertex',(-99.7669550872,-8.0128027256,10.)) ;
#1187=CARTESIAN_POINT('Line Origine',(-88.3030111102,-5.7200139302,10.)) ;
#1191=CARTESIAN_POINT('Vertex',(-76.8390671332,-3.4272251348,10.)) ;
#1194=CARTESIAN_POINT('Line Origine',(-76.8390671332,-3.4272251348,27.5)) ;
#1210=CARTESIAN_POINT('Axis2P3D Location',(-72.5245121602,-25.,45.)) ;
#1215=CARTESIAN_POINT('Axis2P3D Location',(-72.5245121602,-25.,10.)) ;
#1219=CARTESIAN_POINT('Vertex',(-72.5245121606,-3.,10.)) ;
#1222=CARTESIAN_POINT('Line Origine',(-72.5245121602,-3.,45.)) ;
#1234=CARTESIAN_POINT('Axis2P3D Location',(-75.,-3.,45.)) ;
#1239=CARTESIAN_POINT('Line Origine',(-41.7622560803,-3.,10.)) ;
#1243=CARTESIAN_POINT('Vertex',(-11.,-3.,10.)) ;
#1246=CARTESIAN_POINT('Line Origine',(-11.,-3.,27.5)) ;
#1258=CARTESIAN_POINT('Axis2P3D Location',(-11.,-11.,45.)) ;
#1263=CARTESIAN_POINT('Axis2P3D Location',(-11.,-11.,10.)) ;
#1267=CARTESIAN_POINT('Vertex',(-3.,-11.,10.)) ;
#1270=CARTESIAN_POINT('Line Origine',(-3.,-11.,45.)) ;
#1282=CARTESIAN_POINT('Axis2P3D Location',(-3.,0.,45.)) ;
#1287=CARTESIAN_POINT('Line Origine',(-3.,-75.,10.)) ;
#1291=CARTESIAN_POINT('Vertex',(-3.,-139.,10.)) ;
#1294=CARTESIAN_POINT('Line Origine',(-3.,-139.,27.5)) ;
#1306=CARTESIAN_POINT('Axis2P3D Location',(-11.,-139.,45.)) ;
#1311=CARTESIAN_POINT('Axis2P3D Location',(-11.,-139.,10.)) ;
#1315=CARTESIAN_POINT('Vertex',(-11.,-147.,10.)) ;
#1318=CARTESIAN_POINT('Line Origine',(-11.,-147.,45.)) ;
#1330=CARTESIAN_POINT('Axis2P3D Location',(0.,-147.,45.)) ;
#1335=CARTESIAN_POINT('Line Origine',(-45.0491502816,-147.,10.)) ;
#1339=CARTESIAN_POINT('Vertex',(-79.0983005632,-147.,10.)) ;
#1342=CARTESIAN_POINT('Line Origine',(-79.0983005632,-147.,27.5)) ;
#1354=CARTESIAN_POINT('Axis2P3D Location',(-79.0983005625,-125.,45.)) ;
#1359=CARTESIAN_POINT('Axis2P3D Location',(-79.0983005625,-125.,10.)) ;
#1363=CARTESIAN_POINT('Vertex',(-88.9369996629,-144.677398202,10.)) ;
#1366=CARTESIAN_POINT('Line Origine',(-88.9369996635,-144.677398202,45.)) ;
#1378=CARTESIAN_POINT('Axis2P3D Location',(-83.6583592135,-147.316718427,45.)) ;
#1383=CARTESIAN_POINT('Line Origine',(-95.3563672166,-141.467714425,10.)) ;
#1387=CARTESIAN_POINT('Vertex',(-101.77573477,-138.258030649,10.)) ;
#1390=CARTESIAN_POINT('Line Origine',(-101.77573477,-138.258030649,17.5)) ;
#1394=CARTESIAN_POINT('Vertex',(-101.77573477,-138.258030649,25.)) ;
#1397=CARTESIAN_POINT('Line Origine',(-112.27573477,-133.008030649,25.)) ;
#1401=CARTESIAN_POINT('Vertex',(-122.77573477,-127.758030649,25.)) ;
#1404=CARTESIAN_POINT('Line Origine',(-122.77573477,-127.758030649,14.)) ;
#1408=CARTESIAN_POINT('Vertex',(-122.77573477,-127.758030649,3.)) ;
#1411=CARTESIAN_POINT('Line Origine',(-135.577726767,-121.35703465,3.)) ;
#1415=CARTESIAN_POINT('Vertex',(-148.379718764,-114.956038652,3.)) ;
#1418=CARTESIAN_POINT('Line Origine',(-148.379718764,-114.956038652,24.)) ;
#1434=CARTESIAN_POINT('Axis2P3D Location',(-160.901699437,-140.,45.)) ;
#1439=CARTESIAN_POINT('Axis2P3D Location',(-160.901699437,-140.,3.)) ;
#1443=CARTESIAN_POINT('Vertex',(-160.901699437,-112.,3.)) ;
#1446=CARTESIAN_POINT('Line Origine',(-160.901699437,-112.,45.)) ;
#1458=CARTESIAN_POINT('Axis2P3D Location',(-155.,-112.,45.)) ;
#1463=CARTESIAN_POINT('Line Origine',(-180.450849718,-112.,3.)) ;
#1475=CARTESIAN_POINT('Axis2P3D Location',(79.0983005625,-247.,45.)) ;
#1480=CARTESIAN_POINT('Line Origine',(38.0983005625,-247.,19.)) ;
#1484=CARTESIAN_POINT('Vertex',(38.0983005625,-247.,9.)) ;
#1486=CARTESIAN_POINT('Vertex',(38.0983005625,-247.,29.)) ;
#1489=CARTESIAN_POINT('Line Origine',(2.65060862148E-10,-247.,9.)) ;
#1493=CARTESIAN_POINT('Vertex',(-38.098300562,-247.,9.)) ;
#1496=CARTESIAN_POINT('Line Origine',(-38.098300562,-247.,19.)) ;
#1500=CARTESIAN_POINT('Vertex',(-38.098300562,-247.,29.)) ;
#1503=CARTESIAN_POINT('Line Origine',(-42.098300562,-247.,29.)) ;
#1507=CARTESIAN_POINT('Vertex',(-46.098300562,-247.,29.)) ;
#1510=CARTESIAN_POINT('Line Origine',(-46.098300562,-247.,21.)) ;
#1514=CARTESIAN_POINT('Vertex',(-46.0983005625,-247.,13.)) ;
#1517=CARTESIAN_POINT('Line Origine',(-61.098300562,-247.,13.)) ;
#1521=CARTESIAN_POINT('Vertex',(-76.0983005625,-247.,13.)) ;
#1524=CARTESIAN_POINT('Line Origine',(-76.098300562,-247.,29.)) ;
#1529=CARTESIAN_POINT('Line Origine',(-6.66261712468E-10,-247.,-5.)) ;
#1533=CARTESIAN_POINT('Vertex',(200.,-247.,-5.)) ;
#1536=CARTESIAN_POINT('Line Origine',(199.999999999,-247.,20.)) ;
#1541=CARTESIAN_POINT('Line Origine',(76.0983005625,-247.,29.)) ;
#1545=CARTESIAN_POINT('Vertex',(76.098300562,-247.,13.)) ;
#1548=CARTESIAN_POINT('Line Origine',(61.0983005625,-247.,13.)) ;
#1552=CARTESIAN_POINT('Vertex',(46.098300562,-247.,13.)) ;
#1555=CARTESIAN_POINT('Line Origine',(46.0983005625,-247.,21.)) ;
#1559=CARTESIAN_POINT('Vertex',(46.0983005625,-247.,29.)) ;
#1562=CARTESIAN_POINT('Line Origine',(42.0983005625,-247.,29.)) ;
#1586=CARTESIAN_POINT('Axis2P3D Location',(-76.0983005625,-150.,45.)) ;
#1591=CARTESIAN_POINT('Line Origine',(-76.0983005625,-202.5,13.)) ;
#1595=CARTESIAN_POINT('Vertex',(-76.0983005625,-158.,13.)) ;
#1598=CARTESIAN_POINT('Line Origine',(-76.0983005625,-158.,29.)) ;
#1610=CARTESIAN_POINT('Axis2P3D Location',(-68.0983005625,-158.,13.7686184168)) ;
#1615=CARTESIAN_POINT('Axis2P3D Location',(-68.0983005625,-158.,13.0000000008)) ;
#1619=CARTESIAN_POINT('Vertex',(-68.0983005625,-150.,13.)) ;
#1622=CARTESIAN_POINT('Line Origine',(-68.0983005625,-150.,13.768618416)) ;
#1634=CARTESIAN_POINT('Axis2P3D Location',(76.0983005625,-150.,13.7686184168)) ;
#1639=CARTESIAN_POINT('Line Origine',(2.65060862148E-10,-150.,13.0000000008)) ;
#1643=CARTESIAN_POINT('Vertex',(68.098300562,-150.,13.)) ;
#1646=CARTESIAN_POINT('Line Origine',(68.0983005625,-150.,29.0000000008)) ;
#1658=CARTESIAN_POINT('Axis2P3D Location',(68.0983005625,-158.,13.7686184168)) ;
#1663=CARTESIAN_POINT('Axis2P3D Location',(68.0983005625,-158.,13.0000000008)) ;
#1667=CARTESIAN_POINT('Vertex',(76.098300562,-158.,13.)) ;
#1670=CARTESIAN_POINT('Line Origine',(76.0983005625,-158.,13.768618416)) ;
#1682=CARTESIAN_POINT('Axis2P3D Location',(76.0983005625,-150.,13.7686184168)) ;
#1687=CARTESIAN_POINT('Line Origine',(76.0983005625,-202.5,13.0000000008)) ;
#1699=CARTESIAN_POINT('Axis2P3D Location',(200.,-115.,45.)) ;
#1704=CARTESIAN_POINT('Line Origine',(200.,-28.0594117083,24.)) ;
#1708=CARTESIAN_POINT('Vertex',(200.,-28.0594117083,3.)) ;
#1711=CARTESIAN_POINT('Line Origine',(200.,-70.0297058541,3.)) ;
#1715=CARTESIAN_POINT('Vertex',(200.,-112.,3.)) ;
#1718=CARTESIAN_POINT('Line Origine',(200.,-112.,24.)) ;
#1723=CARTESIAN_POINT('Line Origine',(200.,-121.,-5.)) ;
#1739=CARTESIAN_POINT('Line Origine',(180.450849718,-112.,3.)) ;
#1743=CARTESIAN_POINT('Vertex',(160.901699437,-112.,3.)) ;
#1746=CARTESIAN_POINT('Line Origine',(160.901699437,-112.,24.)) ;
#1758=CARTESIAN_POINT('Axis2P3D Location',(160.901699437,-140.,45.)) ;
#1763=CARTESIAN_POINT('Axis2P3D Location',(160.901699437,-140.,3.)) ;
#1767=CARTESIAN_POINT('Vertex',(148.379718764,-114.956038652,3.)) ;
#1770=CARTESIAN_POINT('Line Origine',(148.379718763,-114.956038652,45.)) ;
#1782=CARTESIAN_POINT('Axis2P3D Location',(83.6583592135,-147.316718427,45.)) ;
#1787=CARTESIAN_POINT('Line Origine',(88.9369996629,-144.677398202,27.5)) ;
#1791=CARTESIAN_POINT('Vertex',(88.9369996629,-144.677398202,10.)) ;
#1794=CARTESIAN_POINT('Line Origine',(135.577726767,-121.35703465,3.)) ;
#1798=CARTESIAN_POINT('Vertex',(122.77573477,-127.758030649,3.)) ;
#1801=CARTESIAN_POINT('Line Origine',(122.77573477,-127.758030649,14.)) ;
#1805=CARTESIAN_POINT('Vertex',(122.77573477,-127.758030649,25.)) ;
#1808=CARTESIAN_POINT('Line Origine',(112.27573477,-133.008030649,25.)) ;
#1812=CARTESIAN_POINT('Vertex',(101.77573477,-138.258030649,25.)) ;
#1815=CARTESIAN_POINT('Line Origine',(101.77573477,-138.258030649,17.5)) ;
#1819=CARTESIAN_POINT('Vertex',(101.77573477,-138.258030649,10.)) ;
#1822=CARTESIAN_POINT('Line Origine',(95.3563672166,-141.467714425,10.)) ;
#1838=CARTESIAN_POINT('Axis2P3D Location',(79.0983005625,-125.,45.)) ;
#1843=CARTESIAN_POINT('Axis2P3D Location',(79.0983005625,-125.,10.)) ;
#1847=CARTESIAN_POINT('Vertex',(79.0983005632,-147.,10.)) ;
#1850=CARTESIAN_POINT('Line Origine',(79.0983005625,-147.,45.)) ;
#1862=CARTESIAN_POINT('Line Origine',(45.0491502816,-147.,10.)) ;
#1866=CARTESIAN_POINT('Vertex',(11.,-147.,10.)) ;
#1869=CARTESIAN_POINT('Line Origine',(11.,-147.,27.5)) ;
#1881=CARTESIAN_POINT('Axis2P3D Location',(11.,-139.,45.)) ;
#1886=CARTESIAN_POINT('Axis2P3D Location',(11.,-139.,10.)) ;
#1890=CARTESIAN_POINT('Vertex',(3.,-139.,10.)) ;
#1893=CARTESIAN_POINT('Line Origine',(3.,-139.,45.)) ;
#1905=CARTESIAN_POINT('Axis2P3D Location',(3.,0.,45.)) ;
#1910=CARTESIAN_POINT('Line Origine',(3.,-75.,10.)) ;
#1914=CARTESIAN_POINT('Vertex',(3.,-11.,10.)) ;
#1917=CARTESIAN_POINT('Line Origine',(3.,-11.,27.5)) ;
#1929=CARTESIAN_POINT('Axis2P3D Location',(11.,-11.,45.)) ;
#1934=CARTESIAN_POINT('Axis2P3D Location',(11.,-11.,10.)) ;
#1938=CARTESIAN_POINT('Vertex',(11.,-3.,10.)) ;
#1941=CARTESIAN_POINT('Line Origine',(11.,-3.,45.)) ;
#1953=CARTESIAN_POINT('Line Origine',(41.7622560803,-3.,10.)) ;
#1957=CARTESIAN_POINT('Vertex',(72.5245121606,-3.,10.)) ;
#1960=CARTESIAN_POINT('Line Origine',(72.5245121606,-3.,27.5)) ;
#1972=CARTESIAN_POINT('Axis2P3D Location',(72.5245121602,-25.,45.)) ;
#1977=CARTESIAN_POINT('Axis2P3D Location',(72.5245121602,-25.,10.)) ;
#1981=CARTESIAN_POINT('Vertex',(76.8390671332,-3.4272251348,10.)) ;
#1984=CARTESIAN_POINT('Line Origine',(76.8390671332,-3.4272251348,45.)) ;
#1996=CARTESIAN_POINT('Axis2P3D Location',(199.411651595,-27.9417420271,45.)) ;
#2001=CARTESIAN_POINT('Line Origine',(88.3030111102,-5.7200139302,10.)) ;
#2005=CARTESIAN_POINT('Vertex',(99.7669550872,-8.0128027256,10.)) ;
#2008=CARTESIAN_POINT('Line Origine',(99.7669550872,-8.0128027256,17.5)) ;
#2012=CARTESIAN_POINT('Vertex',(99.7669550872,-8.0128027256,25.)) ;
#2015=CARTESIAN_POINT('Line Origine',(110.266955088,-10.1128027257,25.)) ;
#2019=CARTESIAN_POINT('Vertex',(120.766955088,-12.2128027258,25.)) ;
#2022=CARTESIAN_POINT('Line Origine',(120.766955088,-12.2128027258,14.)) ;
#2026=CARTESIAN_POINT('Vertex',(120.766955088,-12.2128027258,3.)) ;
#2029=CARTESIAN_POINT('Line Origine',(160.383477544,-20.1361072169,3.)) ;
#2045=CARTESIAN_POINT('Axis2P3D Location',(-97.9733142743,-220.816898145,45.)) ;
#2050=CARTESIAN_POINT('Line Origine',(-109.865814274,-220.816898145,45.)) ;
#2054=CARTESIAN_POINT('Vertex',(-109.865814274,-220.816898145,37.5)) ;
#2057=CARTESIAN_POINT('Axis2P3D Location',(-97.9733142743,-220.816898145,37.5)) ;
#2061=CARTESIAN_POINT('Vertex',(-86.0808142743,-220.816898145,37.5)) ;
#2064=CARTESIAN_POINT('Line Origine',(-86.0808142743,-220.816898145,45.)) ;
#2076=CARTESIAN_POINT('Axis2P3D Location',(-97.9733142743,-220.816898145,37.5)) ;
#2088=CARTESIAN_POINT('Axis2P3D Location',(-116.409152982,-167.616335018,45.)) ;
#2093=CARTESIAN_POINT('Line Origine',(-128.301652982,-167.616335018,45.)) ;
#2097=CARTESIAN_POINT('Vertex',(-128.301652982,-167.616335018,37.5)) ;
#2100=CARTESIAN_POINT('Axis2P3D Location',(-116.409152982,-167.616335018,37.5)) ;
#2104=CARTESIAN_POINT('Vertex',(-104.516652982,-167.616335018,37.5)) ;
#2107=CARTESIAN_POINT('Line Origine',(-104.516652982,-167.616335018,45.)) ;
#2119=CARTESIAN_POINT('Axis2P3D Location',(-116.409152982,-167.616335018,37.5)) ;
#2131=CARTESIAN_POINT('Axis2P3D Location',(-160.128427631,-153.921140549,45.)) ;
#2136=CARTESIAN_POINT('Line Origine',(-172.020927631,-153.921140549,45.)) ;
#2140=CARTESIAN_POINT('Vertex',(-172.020927631,-153.921140549,37.5)) ;
#2143=CARTESIAN_POINT('Axis2P3D Location',(-160.128427631,-153.921140549,37.5)) ;
#2147=CARTESIAN_POINT('Vertex',(-148.235927631,-153.921140549,37.5)) ;
#2150=CARTESIAN_POINT('Line Origine',(-148.235927631,-153.921140549,45.)) ;
#2162=CARTESIAN_POINT('Axis2P3D Location',(-160.128427631,-153.921140549,37.5)) ;
#2174=CARTESIAN_POINT('Axis2P3D Location',(97.9733142743,-220.816898145,45.)) ;
#2179=CARTESIAN_POINT('Line Origine',(86.0808142743,-220.816898145,45.)) ;
#2183=CARTESIAN_POINT('Vertex',(86.0808142743,-220.816898145,37.5)) ;
#2186=CARTESIAN_POINT('Axis2P3D Location',(97.9733142743,-220.816898145,37.5)) ;
#2190=CARTESIAN_POINT('Vertex',(109.865814274,-220.816898145,37.5)) ;
#2193=CARTESIAN_POINT('Line Origine',(109.865814274,-220.816898145,45.)) ;
#2205=CARTESIAN_POINT('Axis2P3D Location',(97.9733142743,-220.816898145,37.5)) ;
#2217=CARTESIAN_POINT('Axis2P3D Location',(116.409152982,-167.616335018,45.)) ;
#2222=CARTESIAN_POINT('Line Origine',(104.516652982,-167.616335018,45.)) ;
#2226=CARTESIAN_POINT('Vertex',(104.516652982,-167.616335018,37.5)) ;
#2229=CARTESIAN_POINT('Axis2P3D Location',(116.409152982,-167.616335018,37.5)) ;
#2233=CARTESIAN_POINT('Vertex',(128.301652982,-167.616335018,37.5)) ;
#2236=CARTESIAN_POINT('Line Origine',(128.301652982,-167.616335018,45.)) ;
#2248=CARTESIAN_POINT('Axis2P3D Location',(116.409152982,-167.616335018,37.5)) ;
#2260=CARTESIAN_POINT('Axis2P3D Location',(160.128427631,-153.921140549,45.)) ;
#2265=CARTESIAN_POINT('Line Origine',(148.235927631,-153.921140549,45.)) ;
#2269=CARTESIAN_POINT('Vertex',(148.235927631,-153.921140549,37.5)) ;
#2272=CARTESIAN_POINT('Axis2P3D Location',(160.128427631,-153.921140549,37.5)) ;
#2276=CARTESIAN_POINT('Vertex',(172.020927631,-153.921140549,37.5)) ;
#2279=CARTESIAN_POINT('Line Origine',(172.020927631,-153.921140549,45.)) ;
#2291=CARTESIAN_POINT('Axis2P3D Location',(160.128427631,-153.921140549,37.5)) ;
#2303=CARTESIAN_POINT('Axis2P3D Location',(160.128427631,-220.816898145,45.)) ;
#2308=CARTESIAN_POINT('Line Origine',(148.235927631,-220.816898145,45.)) ;
#2312=CARTESIAN_POINT('Vertex',(148.235927631,-220.816898145,37.5)) ;
#2315=CARTESIAN_POINT('Axis2P3D Location',(160.128427631,-220.816898145,37.5)) ;
#2319=CARTESIAN_POINT('Vertex',(172.020927631,-220.816898145,37.5)) ;
#2322=CARTESIAN_POINT('Line Origine',(172.020927631,-220.816898145,45.)) ;
#2334=CARTESIAN_POINT('Axis2P3D Location',(160.128427631,-220.816898145,37.5)) ;
#2346=CARTESIAN_POINT('Axis2P3D Location',(-178.564266339,-8.01464563534,45.)) ;
#2351=CARTESIAN_POINT('Line Origine',(-190.456766339,-8.01464563534,45.)) ;
#2355=CARTESIAN_POINT('Vertex',(-190.456766339,-8.01464563534,37.5)) ;
#2358=CARTESIAN_POINT('Axis2P3D Location',(-178.564266339,-8.01464563534,37.5)) ;
#2362=CARTESIAN_POINT('Vertex',(-166.671766339,-8.01464563534,37.5)) ;
#2365=CARTESIAN_POINT('Line Origine',(-166.671766339,-8.01464563534,45.)) ;
#2377=CARTESIAN_POINT('Axis2P3D Location',(-178.564266339,-8.01464563534,37.5)) ;
#2389=CARTESIAN_POINT('Axis2P3D Location',(178.564266339,-8.01464563534,45.)) ;
#2394=CARTESIAN_POINT('Line Origine',(166.671766339,-8.01464563534,45.)) ;
#2398=CARTESIAN_POINT('Vertex',(166.671766339,-8.01464563534,37.5)) ;
#2401=CARTESIAN_POINT('Axis2P3D Location',(178.564266339,-8.01464563534,37.5)) ;
#2405=CARTESIAN_POINT('Vertex',(190.456766339,-8.01464563534,37.5)) ;
#2408=CARTESIAN_POINT('Line Origine',(190.456766339,-8.01464563534,45.)) ;
#2420=CARTESIAN_POINT('Axis2P3D Location',(178.564266339,-8.01464563534,37.5)) ;
#2432=CARTESIAN_POINT('Axis2P3D Location',(-72.5245121602,-25.,-5.)) ;
#2447=CARTESIAN_POINT('Axis2P3D Location',(-97.9733142737,-220.816898145,-5.)) ;
#2451=CARTESIAN_POINT('Vertex',(-91.2233142743,-220.816898145,-5.)) ;
#2453=CARTESIAN_POINT('Vertex',(-104.723314274,-220.816898145,-5.)) ;
#2456=CARTESIAN_POINT('Axis2P3D Location',(-97.9733142737,-220.816898145,-5.)) ;
#2465=CARTESIAN_POINT('Axis2P3D Location',(-116.409152982,-167.616335018,-5.)) ;
#2469=CARTESIAN_POINT('Vertex',(-109.659152982,-167.616335018,-5.)) ;
#2471=CARTESIAN_POINT('Vertex',(-123.159152982,-167.616335018,-5.)) ;
#2474=CARTESIAN_POINT('Axis2P3D Location',(-116.409152982,-167.616335018,-5.)) ;
#2483=CARTESIAN_POINT('Axis2P3D Location',(-160.128427632,-153.92114055,-5.)) ;
#2487=CARTESIAN_POINT('Vertex',(-153.378427631,-153.921140549,-5.)) ;
#2489=CARTESIAN_POINT('Vertex',(-166.878427631,-153.921140549,-5.)) ;
#2492=CARTESIAN_POINT('Axis2P3D Location',(-160.128427632,-153.92114055,-5.)) ;
#2501=CARTESIAN_POINT('Axis2P3D Location',(97.9733142745,-220.816898145,-5.)) ;
#2505=CARTESIAN_POINT('Vertex',(104.723314274,-220.816898145,-5.)) ;
#2507=CARTESIAN_POINT('Vertex',(91.2233142743,-220.816898145,-5.)) ;
#2510=CARTESIAN_POINT('Axis2P3D Location',(97.9733142745,-220.816898145,-5.)) ;
#2519=CARTESIAN_POINT('Axis2P3D Location',(116.409152981,-167.616335018,-5.)) ;
#2523=CARTESIAN_POINT('Vertex',(123.159152982,-167.616335018,-5.)) ;
#2525=CARTESIAN_POINT('Vertex',(109.659152982,-167.616335018,-5.)) ;
#2528=CARTESIAN_POINT('Axis2P3D Location',(116.409152981,-167.616335018,-5.)) ;
#2537=CARTESIAN_POINT('Axis2P3D Location',(160.128427631,-153.92114055,-5.)) ;
#2541=CARTESIAN_POINT('Vertex',(166.878427631,-153.921140549,-5.)) ;
#2543=CARTESIAN_POINT('Vertex',(153.378427631,-153.921140549,-5.)) ;
#2546=CARTESIAN_POINT('Axis2P3D Location',(160.128427631,-153.92114055,-5.)) ;
#2555=CARTESIAN_POINT('Axis2P3D Location',(160.128427631,-220.816898145,-5.)) ;
#2559=CARTESIAN_POINT('Vertex',(166.878427631,-220.816898145,-5.)) ;
#2561=CARTESIAN_POINT('Vertex',(153.378427631,-220.816898145,-5.)) ;
#2564=CARTESIAN_POINT('Axis2P3D Location',(160.128427631,-220.816898145,-5.)) ;
#2573=CARTESIAN_POINT('Axis2P3D Location',(-178.564266339,-8.01464563608,-5.)) ;
#2577=CARTESIAN_POINT('Vertex',(-171.814266339,-8.01464563534,-5.)) ;
#2579=CARTESIAN_POINT('Vertex',(-185.314266339,-8.01464563534,-5.)) ;
#2582=CARTESIAN_POINT('Axis2P3D Location',(-178.564266339,-8.01464563608,-5.)) ;
#2591=CARTESIAN_POINT('Axis2P3D Location',(178.564266339,-8.01464563608,-5.)) ;
#2595=CARTESIAN_POINT('Vertex',(185.314266339,-8.01464563534,-5.)) ;
#2597=CARTESIAN_POINT('Vertex',(171.814266339,-8.01464563534,-5.)) ;
#2600=CARTESIAN_POINT('Axis2P3D Location',(178.564266339,-8.01464563608,-5.)) ;
#2610=CARTESIAN_POINT('Axis2P3D Location',(4.91339831677E-14,-488.864034205,3.)) ;
#2615=CARTESIAN_POINT('Line Origine',(-111.198026007,-70.3300306255,3.)) ;
#2619=CARTESIAN_POINT('Vertex',(-111.198026006,-120.60261312,2.99999999994)) ;
#2621=CARTESIAN_POINT('Vertex',(-111.198026006,-20.0574481309,2.99999999994)) ;
#2624=CARTESIAN_POINT('Axis2P3D Location',(-119.198026005,-20.0574481285,3.)) ;
#2629=CARTESIAN_POINT('Axis2P3D Location',(-119.198026006,-120.602613121,3.)) ;
#2645=CARTESIAN_POINT('Axis2P3D Location',(-119.198026006,-20.0574481311,45.)) ;
#2650=CARTESIAN_POINT('Line Origine',(-111.198026006,-20.0574481311,45.)) ;
#2654=CARTESIAN_POINT('Vertex',(-111.198026006,-20.0574481305,25.)) ;
#2657=CARTESIAN_POINT('Axis2P3D Location',(-119.198026006,-20.0574481311,25.)) ;
#2669=CARTESIAN_POINT('Axis2P3D Location',(-111.198026006,-136.268229342,25.)) ;
#2674=CARTESIAN_POINT('Line Origine',(-106.198026006,-73.4800306255,25.)) ;
#2678=CARTESIAN_POINT('Vertex',(-106.198026006,-15.8574481312,25.)) ;
#2680=CARTESIAN_POINT('Vertex',(-106.198026006,-131.10261312,25.)) ;
#2683=CARTESIAN_POINT('Axis2P3D Location',(-98.1980260098,-15.8574481284,25.)) ;
#2688=CARTESIAN_POINT('Line Origine',(-111.198026006,-70.3300306252,25.)) ;
#2692=CARTESIAN_POINT('Vertex',(-111.198026006,-120.60261312,25.)) ;
#2695=CARTESIAN_POINT('Axis2P3D Location',(-119.198026005,-120.602613122,25.)) ;
#2700=CARTESIAN_POINT('Axis2P3D Location',(-98.1980260098,-131.102613122,25.)) ;
#2716=CARTESIAN_POINT('Axis2P3D Location',(-98.1980260062,-15.8574481311,-500000.)) ;
#2721=CARTESIAN_POINT('Line Origine',(-106.198026006,-15.8574481311,-500000.)) ;
#2725=CARTESIAN_POINT('Vertex',(-106.198026006,-15.8574481317,9.99999999994)) ;
#2728=CARTESIAN_POINT('Axis2P3D Location',(-98.1980260062,-15.8574481311,9.99999999994)) ;
#2740=CARTESIAN_POINT('Axis2P3D Location',(4.91339831677E-14,-488.864034205,10.)) ;
#2745=CARTESIAN_POINT('Line Origine',(-106.198026007,-73.4800306259,10.)) ;
#2749=CARTESIAN_POINT('Vertex',(-106.198026006,-131.10261312,9.99999999994)) ;
#2752=CARTESIAN_POINT('Axis2P3D Location',(-98.1980260051,-131.102613119,10.)) ;
#2772=CARTESIAN_POINT('Axis2P3D Location',(-98.1980260062,-131.102613121,-500000.)) ;
#2777=CARTESIAN_POINT('Line Origine',(-106.198026006,-131.102613121,-500000.)) ;
#2789=CARTESIAN_POINT('Axis2P3D Location',(-119.198026006,-120.602613121,45.)) ;
#2794=CARTESIAN_POINT('Line Origine',(-111.198026006,-120.602613121,45.)) ;
#2806=CARTESIAN_POINT('Axis2P3D Location',(38.0983005625,-342.260131565,9.)) ;
#2811=CARTESIAN_POINT('Line Origine',(38.0983005625,-230.467687158,29.)) ;
#2815=CARTESIAN_POINT('Vertex',(38.098300562,-213.935374314,29.)) ;
#2818=CARTESIAN_POINT('Line Origine',(38.0983005625,-213.935374315,19.)) ;
#2822=CARTESIAN_POINT('Vertex',(38.0983005625,-213.935374315,9.)) ;
#2825=CARTESIAN_POINT('Line Origine',(38.0983005625,-230.467687158,9.)) ;
#2837=CARTESIAN_POINT('Axis2P3D Location',(-9.5835779899,-342.260131565,9.)) ;
#2842=CARTESIAN_POINT('Line Origine',(-19.049150281,-190.23563635,9.)) ;
#2846=CARTESIAN_POINT('Vertex',(-10.9999999998,-185.588457268,9.)) ;
#2848=CARTESIAN_POINT('Vertex',(-27.0983005621,-194.882815431,9.)) ;
#2851=CARTESIAN_POINT('Axis2P3D Location',(-16.0983005644,-213.935374313,9.)) ;
#2855=CARTESIAN_POINT('Vertex',(-38.0983005625,-213.935374315,9.)) ;
#2858=CARTESIAN_POINT('Line Origine',(-38.0983005625,-230.467687158,9.)) ;
#2863=CARTESIAN_POINT('Axis2P3D Location',(16.0983005638,-213.935374313,9.)) ;
#2867=CARTESIAN_POINT('Vertex',(27.098300562,-194.882815431,9.)) ;
#2870=CARTESIAN_POINT('Line Origine',(19.0491502813,-190.23563635,9.)) ;
#2874=CARTESIAN_POINT('Vertex',(11.,-185.588457268,9.)) ;
#2877=CARTESIAN_POINT('Axis2P3D Location',(6.28215701681E-10,-204.641016144,9.)) ;
#2893=CARTESIAN_POINT('Axis2P3D Location',(-38.0983005625,-342.260131565,9.)) ;
#2898=CARTESIAN_POINT('Line Origine',(-38.0983005625,-230.467687158,29.)) ;
#2902=CARTESIAN_POINT('Vertex',(-38.0983005625,-213.935374315,29.)) ;
#2905=CARTESIAN_POINT('Line Origine',(-38.0983005625,-213.935374315,19.)) ;
#2917=CARTESIAN_POINT('Axis2P3D Location',(-46.0983005625,-247.,29.)) ;
#2923=CARTESIAN_POINT('Control Point',(38.098300562,-213.935374314,29.)) ;
#2924=CARTESIAN_POINT('Control Point',(38.098300562,-211.867350467,29.)) ;
#2925=CARTESIAN_POINT('Control Point',(37.8553049577,-209.79932701,29.)) ;
#2926=CARTESIAN_POINT('Control Point',(37.3692555497,-207.76928901,29.)) ;
#2927=CARTESIAN_POINT('Control Point',(35.9293524784,-203.861634525,29.)) ;
#2928=CARTESIAN_POINT('Control Point',(33.6228656733,-200.394187318,29.)) ;
#2929=CARTESIAN_POINT('Control Point',(32.2701276851,-198.804408002,29.)) ;
#2930=CARTESIAN_POINT('Control Point',(30.3952930765,-197.065709572,29.)) ;
#2931=CARTESIAN_POINT('Control Point',(28.3043530795,-195.622923108,29.)) ;
#2932=CARTESIAN_POINT('Control Point',(27.9085978914,-195.365224496,29.)) ;
#2933=CARTESIAN_POINT('Control Point',(27.5066066778,-195.118551078,29.)) ;
#2934=CARTESIAN_POINT('Control Point',(27.098300562,-194.882815432,29.)) ;
#2935=CARTESIAN_POINT('Vertex',(27.0983005625,-194.882815431,29.)) ;
#2938=CARTESIAN_POINT('Line Origine',(46.098300562,-230.467687157,29.)) ;
#2942=CARTESIAN_POINT('Vertex',(46.0983005625,-213.935374315,29.)) ;
#2946=CARTESIAN_POINT('Control Point',(46.098300562,-213.935374314,29.)) ;
#2947=CARTESIAN_POINT('Control Point',(46.098300562,-210.983796361,29.)) ;
#2948=CARTESIAN_POINT('Control Point',(45.7353083779,-208.032218835,29.)) ;
#2949=CARTESIAN_POINT('Control Point',(45.009220104,-205.140022231,29.)) ;
#2950=CARTESIAN_POINT('Control Point',(42.8608661625,-199.593952597,29.)) ;
#2951=CARTESIAN_POINT('Control Point',(39.432717923,-194.733696176,29.)) ;
#2952=CARTESIAN_POINT('Control Point',(37.4266509613,-192.527409529,29.)) ;
#2953=CARTESIAN_POINT('Control Point',(34.8795811069,-190.341253247,29.)) ;
#2954=CARTESIAN_POINT('Control Point',(32.0764008639,-188.540160753,29.)) ;
#2955=CARTESIAN_POINT('Control Point',(31.7533584487,-188.339755087,29.)) ;
#2956=CARTESIAN_POINT('Control Point',(31.4273331473,-188.144579253,29.)) ;
#2957=CARTESIAN_POINT('Control Point',(31.098300562,-187.954612201,29.)) ;
#2958=CARTESIAN_POINT('Vertex',(31.0983005625,-187.954612201,29.)) ;
#2961=CARTESIAN_POINT('Line Origine',(23.0491502813,-183.307433119,29.)) ;
#2965=CARTESIAN_POINT('Vertex',(15.0000000002,-178.660254038,29.)) ;
#2969=CARTESIAN_POINT('Control Point',(15.0000000007,-178.660254037,29.)) ;
#2970=CARTESIAN_POINT('Control Point',(12.4438585147,-177.184465062,29.)) ;
#2971=CARTESIAN_POINT('Control Point',(9.70622130753,-176.023036753,29.)) ;
#2972=CARTESIAN_POINT('Control Point',(6.83846142603,-175.205749339,29.)) ;
#2973=CARTESIAN_POINT('Control Point',(0.961247262081,-174.293243613,29.)) ;
#2974=CARTESIAN_POINT('Control Point',(-4.961932387,-174.831978866,29.)) ;
#2975=CARTESIAN_POINT('Control Point',(-7.87566614249,-175.466140491,29.)) ;
#2976=CARTESIAN_POINT('Control Point',(-11.0424679494,-176.57888955,29.)) ;
#2977=CARTESIAN_POINT('Control Point',(-14.0038499267,-178.105968606,29.)) ;
#2978=CARTESIAN_POINT('Control Point',(-14.3389275326,-178.285528709,29.)) ;
#2979=CARTESIAN_POINT('Control Point',(-14.6709674141,-178.470286985,29.)) ;
#2980=CARTESIAN_POINT('Control Point',(-14.9999999993,-178.660254037,29.)) ;
#2981=CARTESIAN_POINT('Vertex',(-15.,-178.660254038,29.)) ;
#2984=CARTESIAN_POINT('Line Origine',(-23.0491502809,-183.307433119,29.)) ;
#2988=CARTESIAN_POINT('Vertex',(-31.0983005623,-187.954612201,29.)) ;
#2992=CARTESIAN_POINT('Control Point',(-31.0983005625,-187.954612201,29.)) ;
#2993=CARTESIAN_POINT('Control Point',(-33.6544420509,-189.430401177,29.)) ;
#2994=CARTESIAN_POINT('Control Point',(-36.0290870769,-191.220550393,29.)) ;
#2995=CARTESIAN_POINT('Control Point',(-38.1707586734,-193.295459588,29.)) ;
#2996=CARTESIAN_POINT('Control Point',(-41.8996188955,-197.929023493,29.)) ;
#2997=CARTESIAN_POINT('Control Point',(-44.3946503055,-203.328015166,29.)) ;
#2998=CARTESIAN_POINT('Control Point',(-45.30231711,-206.168463442,29.)) ;
#2999=CARTESIAN_POINT('Control Point',(-45.9220490598,-209.467368781,29.)) ;
#3000=CARTESIAN_POINT('Control Point',(-46.080250792,-212.795540329,29.)) ;
#3001=CARTESIAN_POINT('Control Point',(-46.0922859824,-213.1755061,29.)) ;
#3002=CARTESIAN_POINT('Control Point',(-46.0983005625,-213.555440211,29.)) ;
#3003=CARTESIAN_POINT('Control Point',(-46.0983005625,-213.935374314,29.)) ;
#3004=CARTESIAN_POINT('Vertex',(-46.0983005625,-213.935374314,29.)) ;
#3007=CARTESIAN_POINT('Line Origine',(-46.0983005625,-230.467687157,29.)) ;
#3013=CARTESIAN_POINT('Control Point',(-27.0983005625,-194.882815432,29.)) ;
#3014=CARTESIAN_POINT('Control Point',(-28.8892617491,-195.916827355,29.)) ;
#3015=CARTESIAN_POINT('Control Point',(-30.5587247955,-197.161279449,29.)) ;
#3016=CARTESIAN_POINT('Control Point',(-32.0737645727,-198.597229586,29.)) ;
#3017=CARTESIAN_POINT('Control Point',(-34.7379410894,-201.798049466,29.)) ;
#3018=CARTESIAN_POINT('Control Point',(-36.587595053,-205.529249235,29.)) ;
#3019=CARTESIAN_POINT('Control Point',(-37.2880153354,-207.495644359,29.)) ;
#3020=CARTESIAN_POINT('Control Point',(-37.8563550403,-209.988647972,29.)) ;
#3021=CARTESIAN_POINT('Control Point',(-38.0603747724,-212.520848359,29.)) ;
#3022=CARTESIAN_POINT('Control Point',(-38.0856707228,-212.99243171,29.)) ;
#3023=CARTESIAN_POINT('Control Point',(-38.0983005625,-213.463903022,29.)) ;
#3024=CARTESIAN_POINT('Control Point',(-38.0983005625,-213.935374314,29.)) ;
#3025=CARTESIAN_POINT('Vertex',(-27.0983005625,-194.882815432,29.)) ;
#3028=CARTESIAN_POINT('Line Origine',(-19.0491502809,-190.23563635,29.)) ;
#3032=CARTESIAN_POINT('Vertex',(-11.,-185.588457268,29.)) ;
#3036=CARTESIAN_POINT('Control Point',(11.0000000007,-185.588457268,29.)) ;
#3037=CARTESIAN_POINT('Control Point',(9.20903881338,-184.554445344,29.)) ;
#3038=CARTESIAN_POINT('Control Point',(7.29658016223,-183.730873982,29.)) ;
#3039=CARTESIAN_POINT('Control Point',(5.29549097736,-183.136786118,29.)) ;
#3040=CARTESIAN_POINT('Control Point',(1.19141138544,-182.429951514,29.)) ;
#3041=CARTESIAN_POINT('Control Point',(-2.96472938677,-182.693704078,29.)) ;
#3042=CARTESIAN_POINT('Control Point',(-5.01788764322,-183.07031988,29.)) ;
#3043=CARTESIAN_POINT('Control Point',(-7.46106195987,-183.824625064,29.)) ;
#3044=CARTESIAN_POINT('Control Point',(-9.75602169164,-184.914038989,29.)) ;
#3045=CARTESIAN_POINT('Control Point',(-10.1770728303,-185.127923728,29.)) ;
#3046=CARTESIAN_POINT('Control Point',(-10.5916938835,-185.352721622,29.)) ;
#3047=CARTESIAN_POINT('Control Point',(-10.9999999993,-185.588457268,29.)) ;
#3048=CARTESIAN_POINT('Vertex',(11.0000000007,-185.588457268,29.)) ;
#3051=CARTESIAN_POINT('Line Origine',(19.0491502813,-190.23563635,29.)) ;
#3075=CARTESIAN_POINT('Axis2P3D Location',(-46.0983005625,-247.,29.)) ;
#3080=CARTESIAN_POINT('Line Origine',(-46.0983005625,-213.935374314,21.)) ;
#3084=CARTESIAN_POINT('Vertex',(-46.0983005625,-213.935374314,13.)) ;
#3087=CARTESIAN_POINT('Line Origine',(-46.0983005625,-230.467687157,13.)) ;
#3099=CARTESIAN_POINT('Axis2P3D Location',(-68.0983005625,-158.,13.)) ;
#3104=CARTESIAN_POINT('Line Origine',(23.0491502813,-183.307433119,13.)) ;
#3108=CARTESIAN_POINT('Vertex',(31.098300562,-187.954612201,13.)) ;
#3110=CARTESIAN_POINT('Vertex',(15.,-178.660254038,13.)) ;
#3114=CARTESIAN_POINT('Control Point',(31.098300562,-187.954612201,13.)) ;
#3115=CARTESIAN_POINT('Control Point',(33.6544420517,-189.430401178,13.)) ;
#3116=CARTESIAN_POINT('Control Point',(36.0290870789,-191.220550394,13.)) ;
#3117=CARTESIAN_POINT('Control Point',(38.1707586709,-193.295459585,13.)) ;
#3118=CARTESIAN_POINT('Control Point',(41.8996188958,-197.929023494,13.)) ;
#3119=CARTESIAN_POINT('Control Point',(44.3946503068,-203.32801517,13.)) ;
#3120=CARTESIAN_POINT('Control Point',(45.3023171086,-206.168463438,13.)) ;
#3121=CARTESIAN_POINT('Control Point',(45.9220490592,-209.467368779,13.)) ;
#3122=CARTESIAN_POINT('Control Point',(46.0802507914,-212.795540329,13.)) ;
#3123=CARTESIAN_POINT('Control Point',(46.0922859819,-213.1755061,13.)) ;
#3124=CARTESIAN_POINT('Control Point',(46.098300562,-213.555440211,13.)) ;
#3125=CARTESIAN_POINT('Control Point',(46.098300562,-213.935374314,13.)) ;
#3126=CARTESIAN_POINT('Vertex',(46.0983005625,-213.935374315,13.)) ;
#3129=CARTESIAN_POINT('Line Origine',(46.098300562,-230.467687157,13.)) ;
#3135=CARTESIAN_POINT('Control Point',(-46.0983005625,-213.935374314,13.)) ;
#3136=CARTESIAN_POINT('Control Point',(-46.0983005625,-210.983796363,13.)) ;
#3137=CARTESIAN_POINT('Control Point',(-45.7353083792,-208.03221884,13.)) ;
#3138=CARTESIAN_POINT('Control Point',(-45.0092201027,-205.140022227,13.)) ;
#3139=CARTESIAN_POINT('Control Point',(-42.8608661623,-199.593952597,13.)) ;
#3140=CARTESIAN_POINT('Control Point',(-39.4327179254,-194.733696178,13.)) ;
#3141=CARTESIAN_POINT('Control Point',(-37.4266509593,-192.527409527,13.)) ;
#3142=CARTESIAN_POINT('Control Point',(-34.8795811061,-190.341253246,13.)) ;
#3143=CARTESIAN_POINT('Control Point',(-32.0764008644,-188.540160753,13.)) ;
#3144=CARTESIAN_POINT('Control Point',(-31.7533584492,-188.339755087,13.)) ;
#3145=CARTESIAN_POINT('Control Point',(-31.4273331478,-188.144579253,13.)) ;
#3146=CARTESIAN_POINT('Control Point',(-31.0983005625,-187.954612201,13.)) ;
#3147=CARTESIAN_POINT('Vertex',(-31.0983005625,-187.954612201,13.)) ;
#3150=CARTESIAN_POINT('Line Origine',(-23.0491502809,-183.307433119,13.)) ;
#3154=CARTESIAN_POINT('Vertex',(-14.9999999993,-178.660254037,13.)) ;
#3158=CARTESIAN_POINT('Control Point',(-14.9999999993,-178.660254037,13.)) ;
#3159=CARTESIAN_POINT('Control Point',(-12.443858512,-177.184465061,13.)) ;
#3160=CARTESIAN_POINT('Control Point',(-9.70622130336,-176.023036752,13.)) ;
#3161=CARTESIAN_POINT('Control Point',(-6.83846142775,-175.20574934,13.)) ;
#3162=CARTESIAN_POINT('Control Point',(-0.961247262649,-174.293243613,13.)) ;
#3163=CARTESIAN_POINT('Control Point',(4.9619323877,-174.831978866,13.)) ;
#3164=CARTESIAN_POINT('Control Point',(7.87566614261,-175.466140491,13.)) ;
#3165=CARTESIAN_POINT('Control Point',(11.0424679494,-176.57888955,13.)) ;
#3166=CARTESIAN_POINT('Control Point',(14.0038499265,-178.105968606,13.)) ;
#3167=CARTESIAN_POINT('Control Point',(14.3389275337,-178.285528709,13.)) ;
#3168=CARTESIAN_POINT('Control Point',(14.6709674153,-178.470286985,13.)) ;
#3169=CARTESIAN_POINT('Control Point',(15.0000000007,-178.660254037,13.)) ;
#3188=CARTESIAN_POINT('Axis2P3D Location',(46.0983005625,-196.614866239,29.)) ;
#3193=CARTESIAN_POINT('Line Origine',(46.0983005625,-213.935374315,21.)) ;
#3205=CARTESIAN_POINT('Line Origine',(111.198026007,-70.3300306255,3.)) ;
#3209=CARTESIAN_POINT('Vertex',(111.198026006,-20.0574481309,2.99999999994)) ;
#3211=CARTESIAN_POINT('Vertex',(111.198026006,-120.60261312,2.99999999994)) ;
#3214=CARTESIAN_POINT('Axis2P3D Location',(119.198026006,-120.602613121,3.)) ;
#3219=CARTESIAN_POINT('Axis2P3D Location',(119.198026005,-20.0574481285,3.)) ;
#3235=CARTESIAN_POINT('Axis2P3D Location',(119.198026006,-120.602613121,45.)) ;
#3240=CARTESIAN_POINT('Axis2P3D Location',(119.198026006,-120.602613121,25.)) ;
#3244=CARTESIAN_POINT('Vertex',(111.198026006,-120.60261312,24.9999999999)) ;
#3247=CARTESIAN_POINT('Line Origine',(111.198026006,-120.602613121,45.)) ;
#3259=CARTESIAN_POINT('Line Origine',(106.198026006,-73.4800306255,25.)) ;
#3263=CARTESIAN_POINT('Vertex',(106.198026006,-15.8574481317,24.9999999999)) ;
#3265=CARTESIAN_POINT('Vertex',(106.198026006,-131.10261312,24.9999999999)) ;
#3269=CARTESIAN_POINT('Control Point',(101.77573477,-138.258030648,25.)) ;
#3270=CARTESIAN_POINT('Control Point',(102.519337721,-137.886229173,25.)) ;
#3271=CARTESIAN_POINT('Control Point',(103.214642456,-137.417832334,25.)) ;
#3272=CARTESIAN_POINT('Control Point',(103.844945211,-136.861149479,25.)) ;
#3273=CARTESIAN_POINT('Control Point',(104.94639684,-135.596954973,25.)) ;
#3274=CARTESIAN_POINT('Control Point',(105.688298833,-134.093306568,25.)) ;
#3275=CARTESIAN_POINT('Control Point',(105.958989356,-133.297125679,25.)) ;
#3276=CARTESIAN_POINT('Control Point',(106.144616237,-132.3675476,25.)) ;
#3277=CARTESIAN_POINT('Control Point',(106.192489478,-131.428599736,25.)) ;
#3278=CARTESIAN_POINT('Control Point',(106.196181206,-131.31993059,25.)) ;
#3279=CARTESIAN_POINT('Control Point',(106.198026006,-131.211271851,25.)) ;
#3280=CARTESIAN_POINT('Control Point',(106.198026006,-131.10261312,25.)) ;
#3282=CARTESIAN_POINT('Line Origine',(111.198026006,-70.3300306252,25.)) ;
#3286=CARTESIAN_POINT('Vertex',(111.198026006,-20.0574481309,24.9999999999)) ;
#3290=CARTESIAN_POINT('Control Point',(120.766955088,-12.2128027253,25.)) ;
#3291=CARTESIAN_POINT('Control Point',(119.951726427,-12.0497569932,25.)) ;
#3292=CARTESIAN_POINT('Control Point',(119.115318253,-11.9926112607,25.)) ;
#3293=CARTESIAN_POINT('Control Point',(118.276017148,-12.0450616474,25.)) ;
#3294=CARTESIAN_POINT('Control Point',(116.630443517,-12.3667304952,25.)) ;
#3295=CARTESIAN_POINT('Control Point',(115.121670714,-13.09815493,25.)) ;
#3296=CARTESIAN_POINT('Control Point',(114.419192759,-13.5604341799,25.)) ;
#3297=CARTESIAN_POINT('Control Point',(113.150541351,-14.6567493868,25.)) ;
#3298=CARTESIAN_POINT('Control Point',(112.20409705,-16.0408087302,25.)) ;
#3299=CARTESIAN_POINT('Control Point',(111.82388196,-16.7908846332,25.)) ;
#3300=CARTESIAN_POINT('Control Point',(111.433397106,-17.8999709769,25.)) ;
#3301=CARTESIAN_POINT('Control Point',(111.250712812,-19.0532054592,25.)) ;
#3302=CARTESIAN_POINT('Control Point',(111.215524367,-19.3881513786,25.)) ;
#3303=CARTESIAN_POINT('Control Point',(111.198026006,-19.7227997932,25.)) ;
#3304=CARTESIAN_POINT('Control Point',(111.198026006,-20.0574481305,25.)) ;
#3307=CARTESIAN_POINT('Control Point',(106.198026006,-15.8574481312,25.)) ;
#3308=CARTESIAN_POINT('Control Point',(106.198026006,-15.0260747598,25.)) ;
#3309=CARTESIAN_POINT('Control Point',(106.090028868,-14.1947018657,25.)) ;
#3310=CARTESIAN_POINT('Control Point',(105.873996545,-13.3819857955,25.)) ;
#3311=CARTESIAN_POINT('Control Point',(105.235850748,-11.8314525397,25.)) ;
#3312=CARTESIAN_POINT('Control Point',(104.222735387,-10.4954232155,25.)) ;
#3313=CARTESIAN_POINT('Control Point',(103.631666033,-9.8972473342,25.)) ;
#3314=CARTESIAN_POINT('Control Point',(102.544062804,-9.051854948,25.)) ;
#3315=CARTESIAN_POINT('Control Point',(101.308666242,-8.45780476206,25.)) ;
#3316=CARTESIAN_POINT('Control Point',(100.806771666,-8.26631833372,25.)) ;
#3317=CARTESIAN_POINT('Control Point',(100.291243308,-8.11766037009,25.)) ;
#3318=CARTESIAN_POINT('Control Point',(99.7669550879,-8.01280272606,25.)) ;
#3331=CARTESIAN_POINT('Axis2P3D Location',(98.1980260062,-131.102613121,-500000.)) ;
#3336=CARTESIAN_POINT('Line Origine',(106.198026006,-131.102613121,-500000.)) ;
#3340=CARTESIAN_POINT('Vertex',(106.198026006,-131.10261312,9.99999999994)) ;
#3343=CARTESIAN_POINT('Axis2P3D Location',(98.1980260062,-131.102613121,9.99999999994)) ;
#3355=CARTESIAN_POINT('Line Origine',(106.198026007,-73.4800306259,10.)) ;
#3359=CARTESIAN_POINT('Vertex',(106.198026006,-15.8574481317,9.99999999994)) ;
#3362=CARTESIAN_POINT('Axis2P3D Location',(98.1980260066,-15.8574481325,10.)) ;
#3382=CARTESIAN_POINT('Axis2P3D Location',(98.1980260062,-15.8574481311,-500000.)) ;
#3387=CARTESIAN_POINT('Line Origine',(106.198026006,-15.8574481311,-500000.)) ;
#3399=CARTESIAN_POINT('Axis2P3D Location',(119.198026006,-20.0574481311,45.)) ;
#3404=CARTESIAN_POINT('Line Origine',(111.198026006,-20.0574481311,45.)) ;
#3421=CARTESIAN_POINT('Control Point',(-91.2233142743,-220.816898145,37.5)) ;
#3422=CARTESIAN_POINT('Control Point',(-91.2233142743,-220.18050786,37.5)) ;
#3423=CARTESIAN_POINT('Control Point',(-91.298312903,-219.544117967,37.5)) ;
#3424=CARTESIAN_POINT('Control Point',(-91.4483282037,-218.919486366,37.5)) ;
#3425=CARTESIAN_POINT('Control Point',(-91.8927094109,-217.717406127,37.5)) ;
#3426=CARTESIAN_POINT('Control Point',(-92.6043644144,-216.651566215,37.5)) ;
#3427=CARTESIAN_POINT('Control Point',(-93.0216867276,-216.163190019,37.5)) ;
#3428=CARTESIAN_POINT('Control Point',(-93.9635102557,-215.294029506,37.5)) ;
#3429=CARTESIAN_POINT('Control Point',(-95.0815844608,-214.667628972,37.5)) ;
#3430=CARTESIAN_POINT('Control Point',(-95.6751802081,-214.422041266,37.5)) ;
#3431=CARTESIAN_POINT('Control Point',(-96.9089991579,-214.075396857,37.5)) ;
#3432=CARTESIAN_POINT('Control Point',(-98.1895988083,-214.025077057,37.5)) ;
#3433=CARTESIAN_POINT('Control Point',(-98.8299825829,-214.075849703,37.5)) ;
#3434=CARTESIAN_POINT('Control Point',(-100.086654952,-214.327337493,37.5)) ;
#3435=CARTESIAN_POINT('Control Point',(-101.250433428,-214.864075055,37.5)) ;
#3436=CARTESIAN_POINT('Control Point',(-101.797913589,-215.200132638,37.5)) ;
#3437=CARTESIAN_POINT('Control Point',(-102.803312187,-215.994893745,37.5)) ;
#3438=CARTESIAN_POINT('Control Point',(-103.596405926,-217.001606156,37.5)) ;
#3439=CARTESIAN_POINT('Control Point',(-103.93155661,-217.549641964,37.5)) ;
#3440=CARTESIAN_POINT('Control Point',(-104.376606432,-218.518836921,37.5)) ;
#3441=CARTESIAN_POINT('Control Point',(-104.624014423,-219.552031389,37.5)) ;
#3442=CARTESIAN_POINT('Control Point',(-104.690214878,-219.971352609,37.5)) ;
#3443=CARTESIAN_POINT('Control Point',(-104.723314274,-220.394125464,37.5)) ;
#3444=CARTESIAN_POINT('Control Point',(-104.723314274,-220.816898145,37.5)) ;
#3445=CARTESIAN_POINT('Vertex',(-91.2233142743,-220.816898145,37.5)) ;
#3447=CARTESIAN_POINT('Vertex',(-104.723314274,-220.816898145,37.5)) ;
#3451=CARTESIAN_POINT('Control Point',(-104.723314274,-220.816898145,37.5)) ;
#3452=CARTESIAN_POINT('Control Point',(-104.723314274,-221.45328843,37.5)) ;
#3453=CARTESIAN_POINT('Control Point',(-104.648315645,-222.089678323,37.5)) ;
#3454=CARTESIAN_POINT('Control Point',(-104.498300345,-222.714309923,37.5)) ;
#3455=CARTESIAN_POINT('Control Point',(-104.053919138,-223.916390163,37.5)) ;
#3456=CARTESIAN_POINT('Control Point',(-103.342264134,-224.982230075,37.5)) ;
#3457=CARTESIAN_POINT('Control Point',(-102.924941821,-225.470606271,37.5)) ;
#3458=CARTESIAN_POINT('Control Point',(-101.983118293,-226.339766784,37.5)) ;
#3459=CARTESIAN_POINT('Control Point',(-100.865044088,-226.966167318,37.5)) ;
#3460=CARTESIAN_POINT('Control Point',(-100.27144834,-227.211755024,37.5)) ;
#3461=CARTESIAN_POINT('Control Point',(-99.0376293907,-227.558399433,37.5)) ;
#3462=CARTESIAN_POINT('Control Point',(-97.7570297403,-227.608719233,37.5)) ;
#3463=CARTESIAN_POINT('Control Point',(-97.1166459656,-227.557946587,37.5)) ;
#3464=CARTESIAN_POINT('Control Point',(-95.8599735964,-227.306458797,37.5)) ;
#3465=CARTESIAN_POINT('Control Point',(-94.6961951204,-226.769721235,37.5)) ;
#3466=CARTESIAN_POINT('Control Point',(-94.1487149595,-226.433663652,37.5)) ;
#3467=CARTESIAN_POINT('Control Point',(-93.1433163615,-225.638902545,37.5)) ;
#3468=CARTESIAN_POINT('Control Point',(-92.3502226229,-224.632190134,37.5)) ;
#3469=CARTESIAN_POINT('Control Point',(-92.0150719381,-224.084154326,37.5)) ;
#3470=CARTESIAN_POINT('Control Point',(-91.5700221166,-223.114959369,37.5)) ;
#3471=CARTESIAN_POINT('Control Point',(-91.3226141251,-222.081764901,37.5)) ;
#3472=CARTESIAN_POINT('Control Point',(-91.2564136706,-221.662443681,37.5)) ;
#3473=CARTESIAN_POINT('Control Point',(-91.2233142743,-221.239670826,37.5)) ;
#3474=CARTESIAN_POINT('Control Point',(-91.2233142743,-220.816898145,37.5)) ;
#3486=CARTESIAN_POINT('Control Point',(-109.659152982,-167.616335018,37.5)) ;
#3487=CARTESIAN_POINT('Control Point',(-109.659152982,-166.979944732,37.5)) ;
#3488=CARTESIAN_POINT('Control Point',(-109.734151611,-166.34355484,37.5)) ;
#3489=CARTESIAN_POINT('Control Point',(-109.884166911,-165.718923239,37.5)) ;
#3490=CARTESIAN_POINT('Control Point',(-110.328548118,-164.516842999,37.5)) ;
#3491=CARTESIAN_POINT('Control Point',(-111.040203122,-163.451003088,37.5)) ;
#3492=CARTESIAN_POINT('Control Point',(-111.457525435,-162.962626892,37.5)) ;
#3493=CARTESIAN_POINT('Control Point',(-112.399348963,-162.093466378,37.5)) ;
#3494=CARTESIAN_POINT('Control Point',(-113.517423168,-161.467065844,37.5)) ;
#3495=CARTESIAN_POINT('Control Point',(-114.111018916,-161.221478139,37.5)) ;
#3496=CARTESIAN_POINT('Control Point',(-115.344837865,-160.87483373,37.5)) ;
#3497=CARTESIAN_POINT('Control Point',(-116.625437516,-160.82451393,37.5)) ;
#3498=CARTESIAN_POINT('Control Point',(-117.26582129,-160.875286576,37.5)) ;
#3499=CARTESIAN_POINT('Control Point',(-118.52249366,-161.126774365,37.5)) ;
#3500=CARTESIAN_POINT('Control Point',(-119.686272136,-161.663511928,37.5)) ;
#3501=CARTESIAN_POINT('Control Point',(-120.233752297,-161.999569511,37.5)) ;
#3502=CARTESIAN_POINT('Control Point',(-121.239150895,-162.794330617,37.5)) ;
#3503=CARTESIAN_POINT('Control Point',(-122.032244633,-163.801043029,37.5)) ;
#3504=CARTESIAN_POINT('Control Point',(-122.367395318,-164.349078837,37.5)) ;
#3505=CARTESIAN_POINT('Control Point',(-122.812445139,-165.318273794,37.5)) ;
#3506=CARTESIAN_POINT('Control Point',(-123.059853131,-166.351468261,37.5)) ;
#3507=CARTESIAN_POINT('Control Point',(-123.126053585,-166.770789481,37.5)) ;
#3508=CARTESIAN_POINT('Control Point',(-123.159152982,-167.193562336,37.5)) ;
#3509=CARTESIAN_POINT('Control Point',(-123.159152982,-167.616335018,37.5)) ;
#3510=CARTESIAN_POINT('Vertex',(-109.659152982,-167.616335018,37.5)) ;
#3512=CARTESIAN_POINT('Vertex',(-123.159152982,-167.616335018,37.5)) ;
#3516=CARTESIAN_POINT('Control Point',(-123.159152982,-167.616335018,37.5)) ;
#3517=CARTESIAN_POINT('Control Point',(-123.159152982,-168.252725303,37.5)) ;
#3518=CARTESIAN_POINT('Control Point',(-123.084154353,-168.889115196,37.5)) ;
#3519=CARTESIAN_POINT('Control Point',(-122.934139052,-169.513746796,37.5)) ;
#3520=CARTESIAN_POINT('Control Point',(-122.489757845,-170.715827036,37.5)) ;
#3521=CARTESIAN_POINT('Control Point',(-121.778102842,-171.781666947,37.5)) ;
#3522=CARTESIAN_POINT('Control Point',(-121.360780528,-172.270043143,37.5)) ;
#3523=CARTESIAN_POINT('Control Point',(-120.418957,-173.139203657,37.5)) ;
#3524=CARTESIAN_POINT('Control Point',(-119.300882795,-173.765604191,37.5)) ;
#3525=CARTESIAN_POINT('Control Point',(-118.707287048,-174.011191897,37.5)) ;
#3526=CARTESIAN_POINT('Control Point',(-117.473468098,-174.357836305,37.5)) ;
#3527=CARTESIAN_POINT('Control Point',(-116.192868448,-174.408156105,37.5)) ;
#3528=CARTESIAN_POINT('Control Point',(-115.552484673,-174.357383459,37.5)) ;
#3529=CARTESIAN_POINT('Control Point',(-114.295812304,-174.10589567,37.5)) ;
#3530=CARTESIAN_POINT('Control Point',(-113.132033828,-173.569158107,37.5)) ;
#3531=CARTESIAN_POINT('Control Point',(-112.584553667,-173.233100525,37.5)) ;
#3532=CARTESIAN_POINT('Control Point',(-111.579155069,-172.438339418,37.5)) ;
#3533=CARTESIAN_POINT('Control Point',(-110.78606133,-171.431627006,37.5)) ;
#3534=CARTESIAN_POINT('Control Point',(-110.450910646,-170.883591198,37.5)) ;
#3535=CARTESIAN_POINT('Control Point',(-110.005860824,-169.914396242,37.5)) ;
#3536=CARTESIAN_POINT('Control Point',(-109.758452833,-168.881201774,37.5)) ;
#3537=CARTESIAN_POINT('Control Point',(-109.692252378,-168.461880554,37.5)) ;
#3538=CARTESIAN_POINT('Control Point',(-109.659152982,-168.039107699,37.5)) ;
#3539=CARTESIAN_POINT('Control Point',(-109.659152982,-167.616335018,37.5)) ;
#3551=CARTESIAN_POINT('Control Point',(-153.378427631,-153.921140549,37.5)) ;
#3552=CARTESIAN_POINT('Control Point',(-153.378427631,-153.284750264,37.5)) ;
#3553=CARTESIAN_POINT('Control Point',(-153.45342626,-152.648360371,37.5)) ;
#3554=CARTESIAN_POINT('Control Point',(-153.60344156,-152.023728771,37.5)) ;
#3555=CARTESIAN_POINT('Control Point',(-154.047822768,-150.821648531,37.5)) ;
#3556=CARTESIAN_POINT('Control Point',(-154.759477771,-149.755808619,37.5)) ;
#3557=CARTESIAN_POINT('Control Point',(-155.176800084,-149.267432424,37.5)) ;
#3558=CARTESIAN_POINT('Control Point',(-156.118623613,-148.39827191,37.5)) ;
#3559=CARTESIAN_POINT('Control Point',(-157.236697818,-147.771871376,37.5)) ;
#3560=CARTESIAN_POINT('Control Point',(-157.830293565,-147.52628367,37.5)) ;
#3561=CARTESIAN_POINT('Control Point',(-159.064112515,-147.179639261,37.5)) ;
#3562=CARTESIAN_POINT('Control Point',(-160.344712165,-147.129319461,37.5)) ;
#3563=CARTESIAN_POINT('Control Point',(-160.98509594,-147.180092107,37.5)) ;
#3564=CARTESIAN_POINT('Control Point',(-162.241768309,-147.431579897,37.5)) ;
#3565=CARTESIAN_POINT('Control Point',(-163.405546785,-147.968317459,37.5)) ;
#3566=CARTESIAN_POINT('Control Point',(-163.953026946,-148.304375042,37.5)) ;
#3567=CARTESIAN_POINT('Control Point',(-164.958425544,-149.099136149,37.5)) ;
#3568=CARTESIAN_POINT('Control Point',(-165.751519282,-150.10584856,37.5)) ;
#3569=CARTESIAN_POINT('Control Point',(-166.086669967,-150.653884369,37.5)) ;
#3570=CARTESIAN_POINT('Control Point',(-166.531719789,-151.623079325,37.5)) ;
#3571=CARTESIAN_POINT('Control Point',(-166.77912778,-152.656273793,37.5)) ;
#3572=CARTESIAN_POINT('Control Point',(-166.845328235,-153.075595013,37.5)) ;
#3573=CARTESIAN_POINT('Control Point',(-166.878427631,-153.498367868,37.5)) ;
#3574=CARTESIAN_POINT('Control Point',(-166.878427631,-153.921140549,37.5)) ;
#3575=CARTESIAN_POINT('Vertex',(-153.378427631,-153.921140549,37.5)) ;
#3577=CARTESIAN_POINT('Vertex',(-166.878427631,-153.921140549,37.5)) ;
#3581=CARTESIAN_POINT('Control Point',(-166.878427631,-153.921140549,37.5)) ;
#3582=CARTESIAN_POINT('Control Point',(-166.878427631,-154.557530835,37.5)) ;
#3583=CARTESIAN_POINT('Control Point',(-166.803429002,-155.193920727,37.5)) ;
#3584=CARTESIAN_POINT('Control Point',(-166.653413702,-155.818552328,37.5)) ;
#3585=CARTESIAN_POINT('Control Point',(-166.209032494,-157.020632568,37.5)) ;
#3586=CARTESIAN_POINT('Control Point',(-165.497377491,-158.086472479,37.5)) ;
#3587=CARTESIAN_POINT('Control Point',(-165.080055178,-158.574848675,37.5)) ;
#3588=CARTESIAN_POINT('Control Point',(-164.13823165,-159.444009188,37.5)) ;
#3589=CARTESIAN_POINT('Control Point',(-163.020157445,-160.070409722,37.5)) ;
#3590=CARTESIAN_POINT('Control Point',(-162.426561697,-160.315997428,37.5)) ;
#3591=CARTESIAN_POINT('Control Point',(-161.192742747,-160.662641837,37.5)) ;
#3592=CARTESIAN_POINT('Control Point',(-159.912143097,-160.712961637,37.5)) ;
#3593=CARTESIAN_POINT('Control Point',(-159.271759322,-160.662188991,37.5)) ;
#3594=CARTESIAN_POINT('Control Point',(-158.015086953,-160.410701201,37.5)) ;
#3595=CARTESIAN_POINT('Control Point',(-156.851308477,-159.873963639,37.5)) ;
#3596=CARTESIAN_POINT('Control Point',(-156.303828316,-159.537906056,37.5)) ;
#3597=CARTESIAN_POINT('Control Point',(-155.298429718,-158.74314495,37.5)) ;
#3598=CARTESIAN_POINT('Control Point',(-154.50533598,-157.736432538,37.5)) ;
#3599=CARTESIAN_POINT('Control Point',(-154.170185295,-157.18839673,37.5)) ;
#3600=CARTESIAN_POINT('Control Point',(-153.725135473,-156.219201773,37.5)) ;
#3601=CARTESIAN_POINT('Control Point',(-153.477727482,-155.186007306,37.5)) ;
#3602=CARTESIAN_POINT('Control Point',(-153.411527027,-154.766686085,37.5)) ;
#3603=CARTESIAN_POINT('Control Point',(-153.378427631,-154.343913231,37.5)) ;
#3604=CARTESIAN_POINT('Control Point',(-153.378427631,-153.921140549,37.5)) ;
#3616=CARTESIAN_POINT('Control Point',(104.723314274,-220.816898145,37.5)) ;
#3617=CARTESIAN_POINT('Control Point',(104.723314274,-220.18050786,37.5)) ;
#3618=CARTESIAN_POINT('Control Point',(104.648315645,-219.544117967,37.5)) ;
#3619=CARTESIAN_POINT('Control Point',(104.498300345,-218.919486366,37.5)) ;
#3620=CARTESIAN_POINT('Control Point',(104.053919138,-217.717406127,37.5)) ;
#3621=CARTESIAN_POINT('Control Point',(103.342264134,-216.651566215,37.5)) ;
#3622=CARTESIAN_POINT('Control Point',(102.924941821,-216.163190019,37.5)) ;
#3623=CARTESIAN_POINT('Control Point',(101.983118293,-215.294029506,37.5)) ;
#3624=CARTESIAN_POINT('Control Point',(100.865044088,-214.667628972,37.5)) ;
#3625=CARTESIAN_POINT('Control Point',(100.27144834,-214.422041266,37.5)) ;
#3626=CARTESIAN_POINT('Control Point',(99.0376293906,-214.075396857,37.5)) ;
#3627=CARTESIAN_POINT('Control Point',(97.7570297402,-214.025077057,37.5)) ;
#3628=CARTESIAN_POINT('Control Point',(97.1166459656,-214.075849703,37.5)) ;
#3629=CARTESIAN_POINT('Control Point',(95.8599735965,-214.327337493,37.5)) ;
#3630=CARTESIAN_POINT('Control Point',(94.6961951205,-214.864075055,37.5)) ;
#3631=CARTESIAN_POINT('Control Point',(94.1487149595,-215.200132638,37.5)) ;
#3632=CARTESIAN_POINT('Control Point',(93.1433163615,-215.994893745,37.5)) ;
#3633=CARTESIAN_POINT('Control Point',(92.3502226229,-217.001606156,37.5)) ;
#3634=CARTESIAN_POINT('Control Point',(92.0150719381,-217.549641964,37.5)) ;
#3635=CARTESIAN_POINT('Control Point',(91.5700221166,-218.518836921,37.5)) ;
#3636=CARTESIAN_POINT('Control Point',(91.3226141251,-219.552031389,37.5)) ;
#3637=CARTESIAN_POINT('Control Point',(91.2564136706,-219.971352609,37.5)) ;
#3638=CARTESIAN_POINT('Control Point',(91.2233142743,-220.394125464,37.5)) ;
#3639=CARTESIAN_POINT('Control Point',(91.2233142743,-220.816898145,37.5)) ;
#3640=CARTESIAN_POINT('Vertex',(104.723314274,-220.816898145,37.5)) ;
#3642=CARTESIAN_POINT('Vertex',(91.2233142743,-220.816898145,37.5)) ;
#3646=CARTESIAN_POINT('Control Point',(91.2233142743,-220.816898145,37.5)) ;
#3647=CARTESIAN_POINT('Control Point',(91.2233142743,-221.45328843,37.5)) ;
#3648=CARTESIAN_POINT('Control Point',(91.298312903,-222.089678323,37.5)) ;
#3649=CARTESIAN_POINT('Control Point',(91.4483282036,-222.714309923,37.5)) ;
#3650=CARTESIAN_POINT('Control Point',(91.8927094108,-223.916390163,37.5)) ;
#3651=CARTESIAN_POINT('Control Point',(92.6043644143,-224.982230075,37.5)) ;
#3652=CARTESIAN_POINT('Control Point',(93.0216867276,-225.470606271,37.5)) ;
#3653=CARTESIAN_POINT('Control Point',(93.9635102558,-226.339766784,37.5)) ;
#3654=CARTESIAN_POINT('Control Point',(95.0815844608,-226.966167318,37.5)) ;
#3655=CARTESIAN_POINT('Control Point',(95.6751802081,-227.211755024,37.5)) ;
#3656=CARTESIAN_POINT('Control Point',(96.9089991578,-227.558399433,37.5)) ;
#3657=CARTESIAN_POINT('Control Point',(98.1895988082,-227.608719233,37.5)) ;
#3658=CARTESIAN_POINT('Control Point',(98.829982583,-227.557946587,37.5)) ;
#3659=CARTESIAN_POINT('Control Point',(100.086654952,-227.306458797,37.5)) ;
#3660=CARTESIAN_POINT('Control Point',(101.250433428,-226.769721235,37.5)) ;
#3661=CARTESIAN_POINT('Control Point',(101.797913589,-226.433663652,37.5)) ;
#3662=CARTESIAN_POINT('Control Point',(102.803312187,-225.638902545,37.5)) ;
#3663=CARTESIAN_POINT('Control Point',(103.596405926,-224.632190134,37.5)) ;
#3664=CARTESIAN_POINT('Control Point',(103.93155661,-224.084154326,37.5)) ;
#3665=CARTESIAN_POINT('Control Point',(104.376606432,-223.114959369,37.5)) ;
#3666=CARTESIAN_POINT('Control Point',(104.624014423,-222.081764901,37.5)) ;
#3667=CARTESIAN_POINT('Control Point',(104.690214878,-221.662443681,37.5)) ;
#3668=CARTESIAN_POINT('Control Point',(104.723314274,-221.239670826,37.5)) ;
#3669=CARTESIAN_POINT('Control Point',(104.723314274,-220.816898145,37.5)) ;
#3681=CARTESIAN_POINT('Control Point',(123.159152982,-167.616335018,37.5)) ;
#3682=CARTESIAN_POINT('Control Point',(123.159152982,-166.979944732,37.5)) ;
#3683=CARTESIAN_POINT('Control Point',(123.084154353,-166.34355484,37.5)) ;
#3684=CARTESIAN_POINT('Control Point',(122.934139052,-165.718923239,37.5)) ;
#3685=CARTESIAN_POINT('Control Point',(122.489757845,-164.516842999,37.5)) ;
#3686=CARTESIAN_POINT('Control Point',(121.778102842,-163.451003088,37.5)) ;
#3687=CARTESIAN_POINT('Control Point',(121.360780528,-162.962626892,37.5)) ;
#3688=CARTESIAN_POINT('Control Point',(120.418957,-162.093466378,37.5)) ;
#3689=CARTESIAN_POINT('Control Point',(119.300882795,-161.467065844,37.5)) ;
#3690=CARTESIAN_POINT('Control Point',(118.707287048,-161.221478139,37.5)) ;
#3691=CARTESIAN_POINT('Control Point',(117.473468098,-160.87483373,37.5)) ;
#3692=CARTESIAN_POINT('Control Point',(116.192868448,-160.82451393,37.5)) ;
#3693=CARTESIAN_POINT('Control Point',(115.552484673,-160.875286576,37.5)) ;
#3694=CARTESIAN_POINT('Control Point',(114.295812304,-161.126774365,37.5)) ;
#3695=CARTESIAN_POINT('Control Point',(113.132033828,-161.663511928,37.5)) ;
#3696=CARTESIAN_POINT('Control Point',(112.584553667,-161.999569511,37.5)) ;
#3697=CARTESIAN_POINT('Control Point',(111.579155069,-162.794330617,37.5)) ;
#3698=CARTESIAN_POINT('Control Point',(110.78606133,-163.801043029,37.5)) ;
#3699=CARTESIAN_POINT('Control Point',(110.450910646,-164.349078837,37.5)) ;
#3700=CARTESIAN_POINT('Control Point',(110.005860824,-165.318273794,37.5)) ;
#3701=CARTESIAN_POINT('Control Point',(109.758452833,-166.351468261,37.5)) ;
#3702=CARTESIAN_POINT('Control Point',(109.692252378,-166.770789481,37.5)) ;
#3703=CARTESIAN_POINT('Control Point',(109.659152982,-167.193562336,37.5)) ;
#3704=CARTESIAN_POINT('Control Point',(109.659152982,-167.616335018,37.5)) ;
#3705=CARTESIAN_POINT('Vertex',(123.159152982,-167.616335018,37.5)) ;
#3707=CARTESIAN_POINT('Vertex',(109.659152982,-167.616335018,37.5)) ;
#3711=CARTESIAN_POINT('Control Point',(109.659152982,-167.616335018,37.5)) ;
#3712=CARTESIAN_POINT('Control Point',(109.659152982,-168.252725303,37.5)) ;
#3713=CARTESIAN_POINT('Control Point',(109.734151611,-168.889115196,37.5)) ;
#3714=CARTESIAN_POINT('Control Point',(109.884166911,-169.513746796,37.5)) ;
#3715=CARTESIAN_POINT('Control Point',(110.328548118,-170.715827036,37.5)) ;
#3716=CARTESIAN_POINT('Control Point',(111.040203122,-171.781666947,37.5)) ;
#3717=CARTESIAN_POINT('Control Point',(111.457525435,-172.270043143,37.5)) ;
#3718=CARTESIAN_POINT('Control Point',(112.399348963,-173.139203657,37.5)) ;
#3719=CARTESIAN_POINT('Control Point',(113.517423168,-173.765604191,37.5)) ;
#3720=CARTESIAN_POINT('Control Point',(114.111018916,-174.011191897,37.5)) ;
#3721=CARTESIAN_POINT('Control Point',(115.344837865,-174.357836305,37.5)) ;
#3722=CARTESIAN_POINT('Control Point',(116.625437516,-174.408156105,37.5)) ;
#3723=CARTESIAN_POINT('Control Point',(117.26582129,-174.357383459,37.5)) ;
#3724=CARTESIAN_POINT('Control Point',(118.52249366,-174.10589567,37.5)) ;
#3725=CARTESIAN_POINT('Control Point',(119.686272136,-173.569158107,37.5)) ;
#3726=CARTESIAN_POINT('Control Point',(120.233752296,-173.233100525,37.5)) ;
#3727=CARTESIAN_POINT('Control Point',(121.239150895,-172.438339418,37.5)) ;
#3728=CARTESIAN_POINT('Control Point',(122.032244633,-171.431627006,37.5)) ;
#3729=CARTESIAN_POINT('Control Point',(122.367395318,-170.883591198,37.5)) ;
#3730=CARTESIAN_POINT('Control Point',(122.812445139,-169.914396242,37.5)) ;
#3731=CARTESIAN_POINT('Control Point',(123.059853131,-168.881201774,37.5)) ;
#3732=CARTESIAN_POINT('Control Point',(123.126053585,-168.461880554,37.5)) ;
#3733=CARTESIAN_POINT('Control Point',(123.159152982,-168.039107699,37.5)) ;
#3734=CARTESIAN_POINT('Control Point',(123.159152982,-167.616335018,37.5)) ;
#3746=CARTESIAN_POINT('Control Point',(166.878427631,-153.921140549,37.5)) ;
#3747=CARTESIAN_POINT('Control Point',(166.878427631,-153.284750264,37.5)) ;
#3748=CARTESIAN_POINT('Control Point',(166.803429002,-152.648360371,37.5)) ;
#3749=CARTESIAN_POINT('Control Point',(166.653413702,-152.023728771,37.5)) ;
#3750=CARTESIAN_POINT('Control Point',(166.209032494,-150.821648531,37.5)) ;
#3751=CARTESIAN_POINT('Control Point',(165.497377491,-149.755808619,37.5)) ;
#3752=CARTESIAN_POINT('Control Point',(165.080055178,-149.267432424,37.5)) ;
#3753=CARTESIAN_POINT('Control Point',(164.13823165,-148.39827191,37.5)) ;
#3754=CARTESIAN_POINT('Control Point',(163.020157445,-147.771871376,37.5)) ;
#3755=CARTESIAN_POINT('Control Point',(162.426561697,-147.52628367,37.5)) ;
#3756=CARTESIAN_POINT('Control Point',(161.192742747,-147.179639261,37.5)) ;
#3757=CARTESIAN_POINT('Control Point',(159.912143097,-147.129319461,37.5)) ;
#3758=CARTESIAN_POINT('Control Point',(159.271759322,-147.180092107,37.5)) ;
#3759=CARTESIAN_POINT('Control Point',(158.015086953,-147.431579897,37.5)) ;
#3760=CARTESIAN_POINT('Control Point',(156.851308477,-147.968317459,37.5)) ;
#3761=CARTESIAN_POINT('Control Point',(156.303828316,-148.304375042,37.5)) ;
#3762=CARTESIAN_POINT('Control Point',(155.298429718,-149.099136149,37.5)) ;
#3763=CARTESIAN_POINT('Control Point',(154.50533598,-150.10584856,37.5)) ;
#3764=CARTESIAN_POINT('Control Point',(154.170185295,-150.653884369,37.5)) ;
#3765=CARTESIAN_POINT('Control Point',(153.725135473,-151.623079325,37.5)) ;
#3766=CARTESIAN_POINT('Control Point',(153.477727482,-152.656273793,37.5)) ;
#3767=CARTESIAN_POINT('Control Point',(153.411527027,-153.075595013,37.5)) ;
#3768=CARTESIAN_POINT('Control Point',(153.378427631,-153.498367868,37.5)) ;
#3769=CARTESIAN_POINT('Control Point',(153.378427631,-153.921140549,37.5)) ;
#3770=CARTESIAN_POINT('Vertex',(166.878427631,-153.921140549,37.5)) ;
#3772=CARTESIAN_POINT('Vertex',(153.378427631,-153.921140549,37.5)) ;
#3776=CARTESIAN_POINT('Control Point',(153.378427631,-153.921140549,37.5)) ;
#3777=CARTESIAN_POINT('Control Point',(153.378427631,-154.557530835,37.5)) ;
#3778=CARTESIAN_POINT('Control Point',(153.45342626,-155.193920727,37.5)) ;
#3779=CARTESIAN_POINT('Control Point',(153.60344156,-155.818552328,37.5)) ;
#3780=CARTESIAN_POINT('Control Point',(154.047822768,-157.020632568,37.5)) ;
#3781=CARTESIAN_POINT('Control Point',(154.759477771,-158.086472479,37.5)) ;
#3782=CARTESIAN_POINT('Control Point',(155.176800084,-158.574848675,37.5)) ;
#3783=CARTESIAN_POINT('Control Point',(156.118623613,-159.444009188,37.5)) ;
#3784=CARTESIAN_POINT('Control Point',(157.236697818,-160.070409722,37.5)) ;
#3785=CARTESIAN_POINT('Control Point',(157.830293565,-160.315997428,37.5)) ;
#3786=CARTESIAN_POINT('Control Point',(159.064112515,-160.662641837,37.5)) ;
#3787=CARTESIAN_POINT('Control Point',(160.344712165,-160.712961637,37.5)) ;
#3788=CARTESIAN_POINT('Control Point',(160.98509594,-160.662188991,37.5)) ;
#3789=CARTESIAN_POINT('Control Point',(162.241768309,-160.410701201,37.5)) ;
#3790=CARTESIAN_POINT('Control Point',(163.405546785,-159.873963639,37.5)) ;
#3791=CARTESIAN_POINT('Control Point',(163.953026946,-159.537906056,37.5)) ;
#3792=CARTESIAN_POINT('Control Point',(164.958425544,-158.74314495,37.5)) ;
#3793=CARTESIAN_POINT('Control Point',(165.751519282,-157.736432538,37.5)) ;
#3794=CARTESIAN_POINT('Control Point',(166.086669967,-157.18839673,37.5)) ;
#3795=CARTESIAN_POINT('Control Point',(166.531719789,-156.219201773,37.5)) ;
#3796=CARTESIAN_POINT('Control Point',(166.77912778,-155.186007306,37.5)) ;
#3797=CARTESIAN_POINT('Control Point',(166.845328235,-154.766686085,37.5)) ;
#3798=CARTESIAN_POINT('Control Point',(166.878427631,-154.343913231,37.5)) ;
#3799=CARTESIAN_POINT('Control Point',(166.878427631,-153.921140549,37.5)) ;
#3811=CARTESIAN_POINT('Control Point',(166.878427631,-220.816898145,37.5)) ;
#3812=CARTESIAN_POINT('Control Point',(166.878427631,-220.18050786,37.5)) ;
#3813=CARTESIAN_POINT('Control Point',(166.803429002,-219.544117967,37.5)) ;
#3814=CARTESIAN_POINT('Control Point',(166.653413702,-218.919486367,37.5)) ;
#3815=CARTESIAN_POINT('Control Point',(166.209032494,-217.717406127,37.5)) ;
#3816=CARTESIAN_POINT('Control Point',(165.497377491,-216.651566215,37.5)) ;
#3817=CARTESIAN_POINT('Control Point',(165.080055178,-216.163190019,37.5)) ;
#3818=CARTESIAN_POINT('Control Point',(164.13823165,-215.294029506,37.5)) ;
#3819=CARTESIAN_POINT('Control Point',(163.020157445,-214.667628972,37.5)) ;
#3820=CARTESIAN_POINT('Control Point',(162.426561697,-214.422041266,37.5)) ;
#3821=CARTESIAN_POINT('Control Point',(161.192742747,-214.075396857,37.5)) ;
#3822=CARTESIAN_POINT('Control Point',(159.912143097,-214.025077057,37.5)) ;
#3823=CARTESIAN_POINT('Control Point',(159.271759322,-214.075849703,37.5)) ;
#3824=CARTESIAN_POINT('Control Point',(158.015086953,-214.327337493,37.5)) ;
#3825=CARTESIAN_POINT('Control Point',(156.851308477,-214.864075055,37.5)) ;
#3826=CARTESIAN_POINT('Control Point',(156.303828316,-215.200132638,37.5)) ;
#3827=CARTESIAN_POINT('Control Point',(155.298429718,-215.994893745,37.5)) ;
#3828=CARTESIAN_POINT('Control Point',(154.50533598,-217.001606156,37.5)) ;
#3829=CARTESIAN_POINT('Control Point',(154.170185295,-217.549641964,37.5)) ;
#3830=CARTESIAN_POINT('Control Point',(153.725135473,-218.518836921,37.5)) ;
#3831=CARTESIAN_POINT('Control Point',(153.477727482,-219.552031389,37.5)) ;
#3832=CARTESIAN_POINT('Control Point',(153.411527027,-219.971352609,37.5)) ;
#3833=CARTESIAN_POINT('Control Point',(153.378427631,-220.394125464,37.5)) ;
#3834=CARTESIAN_POINT('Control Point',(153.378427631,-220.816898145,37.5)) ;
#3835=CARTESIAN_POINT('Vertex',(166.878427631,-220.816898145,37.5)) ;
#3837=CARTESIAN_POINT('Vertex',(153.378427631,-220.816898145,37.5)) ;
#3841=CARTESIAN_POINT('Control Point',(153.378427631,-220.816898145,37.5)) ;
#3842=CARTESIAN_POINT('Control Point',(153.378427631,-221.45328843,37.5)) ;
#3843=CARTESIAN_POINT('Control Point',(153.45342626,-222.089678323,37.5)) ;
#3844=CARTESIAN_POINT('Control Point',(153.60344156,-222.714309923,37.5)) ;
#3845=CARTESIAN_POINT('Control Point',(154.047822768,-223.916390163,37.5)) ;
#3846=CARTESIAN_POINT('Control Point',(154.759477771,-224.982230075,37.5)) ;
#3847=CARTESIAN_POINT('Control Point',(155.176800084,-225.470606271,37.5)) ;
#3848=CARTESIAN_POINT('Control Point',(156.118623613,-226.339766784,37.5)) ;
#3849=CARTESIAN_POINT('Control Point',(157.236697818,-226.966167318,37.5)) ;
#3850=CARTESIAN_POINT('Control Point',(157.830293565,-227.211755024,37.5)) ;
#3851=CARTESIAN_POINT('Control Point',(159.064112515,-227.558399433,37.5)) ;
#3852=CARTESIAN_POINT('Control Point',(160.344712165,-227.608719233,37.5)) ;
#3853=CARTESIAN_POINT('Control Point',(160.98509594,-227.557946587,37.5)) ;
#3854=CARTESIAN_POINT('Control Point',(162.241768309,-227.306458797,37.5)) ;
#3855=CARTESIAN_POINT('Control Point',(163.405546785,-226.769721235,37.5)) ;
#3856=CARTESIAN_POINT('Control Point',(163.953026946,-226.433663652,37.5)) ;
#3857=CARTESIAN_POINT('Control Point',(164.958425544,-225.638902545,37.5)) ;
#3858=CARTESIAN_POINT('Control Point',(165.751519282,-224.632190134,37.5)) ;
#3859=CARTESIAN_POINT('Control Point',(166.086669967,-224.084154326,37.5)) ;
#3860=CARTESIAN_POINT('Control Point',(166.531719789,-223.114959369,37.5)) ;
#3861=CARTESIAN_POINT('Control Point',(166.77912778,-222.081764901,37.5)) ;
#3862=CARTESIAN_POINT('Control Point',(166.845328235,-221.662443681,37.5)) ;
#3863=CARTESIAN_POINT('Control Point',(166.878427631,-221.239670826,37.5)) ;
#3864=CARTESIAN_POINT('Control Point',(166.878427631,-220.816898145,37.5)) ;
#3876=CARTESIAN_POINT('Control Point',(-171.814266339,-8.01464563534,37.5)) ;
#3877=CARTESIAN_POINT('Control Point',(-171.814266339,-7.37825534986,37.5)) ;
#3878=CARTESIAN_POINT('Control Point',(-171.889264967,-6.74186545721,37.5)) ;
#3879=CARTESIAN_POINT('Control Point',(-172.039280268,-6.11723385691,37.5)) ;
#3880=CARTESIAN_POINT('Control Point',(-172.483661475,-4.91515361691,37.5)) ;
#3881=CARTESIAN_POINT('Control Point',(-173.195316479,-3.84931370545,37.5)) ;
#3882=CARTESIAN_POINT('Control Point',(-173.612638792,-3.36093750971,37.5)) ;
#3883=CARTESIAN_POINT('Control Point',(-174.55446232,-2.49177699598,37.5)) ;
#3884=CARTESIAN_POINT('Control Point',(-175.672536525,-1.86537646206,37.5)) ;
#3885=CARTESIAN_POINT('Control Point',(-176.266132272,-1.61978875635,37.5)) ;
#3886=CARTESIAN_POINT('Control Point',(-177.499951222,-1.27314434754,37.5)) ;
#3887=CARTESIAN_POINT('Control Point',(-178.780550873,-1.22282454768,37.5)) ;
#3888=CARTESIAN_POINT('Control Point',(-179.420934647,-1.27359719357,37.5)) ;
#3889=CARTESIAN_POINT('Control Point',(-180.677607016,-1.52508498307,37.5)) ;
#3890=CARTESIAN_POINT('Control Point',(-181.841385492,-2.06182254548,37.5)) ;
#3891=CARTESIAN_POINT('Control Point',(-182.388865653,-2.39788012839,37.5)) ;
#3892=CARTESIAN_POINT('Control Point',(-183.394264251,-3.192641235,37.5)) ;
#3893=CARTESIAN_POINT('Control Point',(-184.18735799,-4.1993536464,37.5)) ;
#3894=CARTESIAN_POINT('Control Point',(-184.522508675,-4.74738945468,37.5)) ;
#3895=CARTESIAN_POINT('Control Point',(-184.967558496,-5.71658441142,37.5)) ;
#3896=CARTESIAN_POINT('Control Point',(-185.214966488,-6.74977887896,37.5)) ;
#3897=CARTESIAN_POINT('Control Point',(-185.281166942,-7.16910009905,37.5)) ;
#3898=CARTESIAN_POINT('Control Point',(-185.314266339,-7.59187295388,37.5)) ;
#3899=CARTESIAN_POINT('Control Point',(-185.314266339,-8.01464563534,37.5)) ;
#3900=CARTESIAN_POINT('Vertex',(-171.814266339,-8.01464563534,37.5)) ;
#3902=CARTESIAN_POINT('Vertex',(-185.314266339,-8.01464563534,37.5)) ;
#3906=CARTESIAN_POINT('Control Point',(-185.314266339,-8.01464563534,37.5)) ;
#3907=CARTESIAN_POINT('Control Point',(-185.314266339,-8.65103592082,37.5)) ;
#3908=CARTESIAN_POINT('Control Point',(-185.23926771,-9.28742581347,37.5)) ;
#3909=CARTESIAN_POINT('Control Point',(-185.089252409,-9.91205741376,37.5)) ;
#3910=CARTESIAN_POINT('Control Point',(-184.644871202,-11.1141376538,37.5)) ;
#3911=CARTESIAN_POINT('Control Point',(-183.933216198,-12.1799775652,37.5)) ;
#3912=CARTESIAN_POINT('Control Point',(-183.515893885,-12.6683537609,37.5)) ;
#3913=CARTESIAN_POINT('Control Point',(-182.574070357,-13.5375142747,37.5)) ;
#3914=CARTESIAN_POINT('Control Point',(-181.455996152,-14.1639148086,37.5)) ;
#3915=CARTESIAN_POINT('Control Point',(-180.862400405,-14.4095025143,37.5)) ;
#3916=CARTESIAN_POINT('Control Point',(-179.628581455,-14.7561469231,37.5)) ;
#3917=CARTESIAN_POINT('Control Point',(-178.347981805,-14.806466723,37.5)) ;
#3918=CARTESIAN_POINT('Control Point',(-177.70759803,-14.7556940771,37.5)) ;
#3919=CARTESIAN_POINT('Control Point',(-176.450925661,-14.5042062876,37.5)) ;
#3920=CARTESIAN_POINT('Control Point',(-175.287147185,-13.9674687252,37.5)) ;
#3921=CARTESIAN_POINT('Control Point',(-174.739667024,-13.6314111423,37.5)) ;
#3922=CARTESIAN_POINT('Control Point',(-173.734268426,-12.8366500357,37.5)) ;
#3923=CARTESIAN_POINT('Control Point',(-172.941174687,-11.8299376242,37.5)) ;
#3924=CARTESIAN_POINT('Control Point',(-172.606024002,-11.2819018161,37.5)) ;
#3925=CARTESIAN_POINT('Control Point',(-172.160974181,-10.3127068593,37.5)) ;
#3926=CARTESIAN_POINT('Control Point',(-171.913566189,-9.2795123917,37.5)) ;
#3927=CARTESIAN_POINT('Control Point',(-171.847365735,-8.86019117163,37.5)) ;
#3928=CARTESIAN_POINT('Control Point',(-171.814266339,-8.4374183168,37.5)) ;
#3929=CARTESIAN_POINT('Control Point',(-171.814266339,-8.01464563534,37.5)) ;
#3941=CARTESIAN_POINT('Control Point',(185.314266339,-8.01464563534,37.5)) ;
#3942=CARTESIAN_POINT('Control Point',(185.314266339,-7.37825534986,37.5)) ;
#3943=CARTESIAN_POINT('Control Point',(185.23926771,-6.74186545721,37.5)) ;
#3944=CARTESIAN_POINT('Control Point',(185.089252409,-6.11723385691,37.5)) ;
#3945=CARTESIAN_POINT('Control Point',(184.644871202,-4.91515361691,37.5)) ;
#3946=CARTESIAN_POINT('Control Point',(183.933216198,-3.84931370545,37.5)) ;
#3947=CARTESIAN_POINT('Control Point',(183.515893885,-3.36093750971,37.5)) ;
#3948=CARTESIAN_POINT('Control Point',(182.574070357,-2.49177699598,37.5)) ;
#3949=CARTESIAN_POINT('Control Point',(181.455996152,-1.86537646206,37.5)) ;
#3950=CARTESIAN_POINT('Control Point',(180.862400405,-1.61978875635,37.5)) ;
#3951=CARTESIAN_POINT('Control Point',(179.628581455,-1.27314434754,37.5)) ;
#3952=CARTESIAN_POINT('Control Point',(178.347981805,-1.22282454768,37.5)) ;
#3953=CARTESIAN_POINT('Control Point',(177.70759803,-1.27359719357,37.5)) ;
#3954=CARTESIAN_POINT('Control Point',(176.450925661,-1.52508498307,37.5)) ;
#3955=CARTESIAN_POINT('Control Point',(175.287147185,-2.06182254548,37.5)) ;
#3956=CARTESIAN_POINT('Control Point',(174.739667024,-2.39788012839,37.5)) ;
#3957=CARTESIAN_POINT('Control Point',(173.734268426,-3.192641235,37.5)) ;
#3958=CARTESIAN_POINT('Control Point',(172.941174687,-4.1993536464,37.5)) ;
#3959=CARTESIAN_POINT('Control Point',(172.606024002,-4.74738945468,37.5)) ;
#3960=CARTESIAN_POINT('Control Point',(172.160974181,-5.71658441142,37.5)) ;
#3961=CARTESIAN_POINT('Control Point',(171.913566189,-6.74977887896,37.5)) ;
#3962=CARTESIAN_POINT('Control Point',(171.847365735,-7.16910009905,37.5)) ;
#3963=CARTESIAN_POINT('Control Point',(171.814266339,-7.59187295388,37.5)) ;
#3964=CARTESIAN_POINT('Control Point',(171.814266339,-8.01464563534,37.5)) ;
#3965=CARTESIAN_POINT('Vertex',(185.314266339,-8.01464563534,37.5)) ;
#3967=CARTESIAN_POINT('Vertex',(171.814266339,-8.01464563534,37.5)) ;
#3971=CARTESIAN_POINT('Control Point',(171.814266339,-8.01464563534,37.5)) ;
#3972=CARTESIAN_POINT('Control Point',(171.814266339,-8.65103592082,37.5)) ;
#3973=CARTESIAN_POINT('Control Point',(171.889264967,-9.28742581347,37.5)) ;
#3974=CARTESIAN_POINT('Control Point',(172.039280268,-9.91205741376,37.5)) ;
#3975=CARTESIAN_POINT('Control Point',(172.483661475,-11.1141376538,37.5)) ;
#3976=CARTESIAN_POINT('Control Point',(173.195316479,-12.1799775652,37.5)) ;
#3977=CARTESIAN_POINT('Control Point',(173.612638792,-12.668353761,37.5)) ;
#3978=CARTESIAN_POINT('Control Point',(174.55446232,-13.5375142747,37.5)) ;
#3979=CARTESIAN_POINT('Control Point',(175.672536525,-14.1639148086,37.5)) ;
#3980=CARTESIAN_POINT('Control Point',(176.266132272,-14.4095025143,37.5)) ;
#3981=CARTESIAN_POINT('Control Point',(177.499951222,-14.7561469231,37.5)) ;
#3982=CARTESIAN_POINT('Control Point',(178.780550873,-14.806466723,37.5)) ;
#3983=CARTESIAN_POINT('Control Point',(179.420934647,-14.7556940771,37.5)) ;
#3984=CARTESIAN_POINT('Control Point',(180.677607016,-14.5042062876,37.5)) ;
#3985=CARTESIAN_POINT('Control Point',(181.841385492,-13.9674687252,37.5)) ;
#3986=CARTESIAN_POINT('Control Point',(182.388865653,-13.6314111423,37.5)) ;
#3987=CARTESIAN_POINT('Control Point',(183.394264251,-12.8366500357,37.5)) ;
#3988=CARTESIAN_POINT('Control Point',(184.18735799,-11.8299376242,37.5)) ;
#3989=CARTESIAN_POINT('Control Point',(184.522508675,-11.2819018161,37.5)) ;
#3990=CARTESIAN_POINT('Control Point',(184.967558496,-10.3127068593,37.5)) ;
#3991=CARTESIAN_POINT('Control Point',(185.214966488,-9.2795123917,37.5)) ;
#3992=CARTESIAN_POINT('Control Point',(185.281166942,-8.86019117163,37.5)) ;
#3993=CARTESIAN_POINT('Control Point',(185.314266339,-8.4374183168,37.5)) ;
#3994=CARTESIAN_POINT('Control Point',(185.314266339,-8.01464563534,37.5)) ;
#4001=CARTESIAN_POINT('Axis2P3D Location',(-97.9733142743,-220.816898145,45.)) ;
#4006=CARTESIAN_POINT('Line Origine',(-104.723314274,-220.816898145,45.)) ;
#4011=CARTESIAN_POINT('Line Origine',(-91.2233142743,-220.816898145,45.)) ;
#4030=CARTESIAN_POINT('Axis2P3D Location',(-116.409152982,-167.616335018,45.)) ;
#4035=CARTESIAN_POINT('Line Origine',(-123.159152982,-167.616335018,45.)) ;
#4040=CARTESIAN_POINT('Line Origine',(-109.659152982,-167.616335018,45.)) ;
#4059=CARTESIAN_POINT('Axis2P3D Location',(-160.128427631,-153.921140549,45.)) ;
#4064=CARTESIAN_POINT('Line Origine',(-166.878427631,-153.921140549,45.)) ;
#4069=CARTESIAN_POINT('Line Origine',(-153.378427631,-153.921140549,45.)) ;
#4088=CARTESIAN_POINT('Axis2P3D Location',(97.9733142743,-220.816898145,45.)) ;
#4093=CARTESIAN_POINT('Line Origine',(91.2233142743,-220.816898145,45.)) ;
#4098=CARTESIAN_POINT('Line Origine',(104.723314274,-220.816898145,45.)) ;
#4117=CARTESIAN_POINT('Axis2P3D Location',(116.409152982,-167.616335018,45.)) ;
#4122=CARTESIAN_POINT('Line Origine',(109.659152982,-167.616335018,45.)) ;
#4127=CARTESIAN_POINT('Line Origine',(123.159152982,-167.616335018,45.)) ;
#4146=CARTESIAN_POINT('Axis2P3D Location',(160.128427631,-153.921140549,45.)) ;
#4151=CARTESIAN_POINT('Line Origine',(153.378427631,-153.921140549,45.)) ;
#4156=CARTESIAN_POINT('Line Origine',(166.878427631,-153.921140549,45.)) ;
#4175=CARTESIAN_POINT('Axis2P3D Location',(160.128427631,-220.816898145,45.)) ;
#4180=CARTESIAN_POINT('Line Origine',(153.378427631,-220.816898145,45.)) ;
#4185=CARTESIAN_POINT('Line Origine',(166.878427631,-220.816898145,45.)) ;
#4204=CARTESIAN_POINT('Axis2P3D Location',(-178.564266339,-8.01464563534,45.)) ;
#4209=CARTESIAN_POINT('Line Origine',(-185.314266339,-8.01464563534,45.)) ;
#4214=CARTESIAN_POINT('Line Origine',(-171.814266339,-8.01464563534,45.)) ;
#4233=CARTESIAN_POINT('Axis2P3D Location',(178.564266339,-8.01464563534,45.)) ;
#4238=CARTESIAN_POINT('Line Origine',(171.814266339,-8.01464563534,45.)) ;
#4243=CARTESIAN_POINT('Line Origine',(185.314266339,-8.01464563534,45.)) ;
#4262=CARTESIAN_POINT('Axis2P3D Location',(-111.198026006,-8.39988653632,-500000.)) ;
#4274=CARTESIAN_POINT('Axis2P3D Location',(-106.198026006,-8.39988653632,-500000.)) ;
#4286=CARTESIAN_POINT('Axis2P3D Location',(16.0983005625,-213.935374315,9.)) ;
#4291=CARTESIAN_POINT('Line Origine',(27.0983005625,-194.882815431,9.)) ;
#4303=CARTESIAN_POINT('Axis2P3D Location',(-77.7785084897,-224.143047121,9.)) ;
#4308=CARTESIAN_POINT('Line Origine',(-27.0983005621,-194.882815431,19.)) ;
#4313=CARTESIAN_POINT('Line Origine',(-10.9999999998,-185.588457268,19.)) ;
#4325=CARTESIAN_POINT('Axis2P3D Location',(-16.0983005625,-213.935374315,9.)) ;
#4337=CARTESIAN_POINT('Axis2P3D Location',(63.4031415048,-215.843425122,9.)) ;
#4342=CARTESIAN_POINT('Line Origine',(10.9999999997,-185.588457268,19.)) ;
#4354=CARTESIAN_POINT('Axis2P3D Location',(-1.38777878078E-14,-204.641016151,9.)) ;
#4366=CARTESIAN_POINT('Axis2P3D Location',(16.0983005625,-213.935374315,29.)) ;
#4371=CARTESIAN_POINT('Line Origine',(31.0983005625,-187.954612201,29.)) ;
#4383=CARTESIAN_POINT('Axis2P3D Location',(-1.35896363179E-14,-170.,29.)) ;
#4388=CARTESIAN_POINT('Line Origine',(15.0000000002,-178.660254038,21.)) ;
#4400=CARTESIAN_POINT('Axis2P3D Location',(-1.38777878078E-14,-204.641016151,29.)) ;
#4405=CARTESIAN_POINT('Line Origine',(-15.,-178.660254038,29.)) ;
#4417=CARTESIAN_POINT('Axis2P3D Location',(-46.0983005625,-196.614866239,29.)) ;
#4422=CARTESIAN_POINT('Line Origine',(-31.0983005623,-187.954612201,21.)) ;
#4434=CARTESIAN_POINT('Axis2P3D Location',(-16.0983005625,-213.935374315,29.)) ;
#4446=CARTESIAN_POINT('Axis2P3D Location',(111.198026006,-8.39988653632,-500000.)) ;
#4458=CARTESIAN_POINT('Axis2P3D Location',(106.198026006,-8.39988653632,-500000.)) ;
#26=DIRECTION('Axis2P3D Direction',(0.,-0.,1.)) ;
#27=DIRECTION('Axis2P3D XDirection',(1.,-5.97471293471E-16,0.)) ;
#31=DIRECTION('Axis2P3D Direction',(0.,-0.,1.)) ;
#40=DIRECTION('Vector Direction',(0.,0.,1.)) ;
#47=DIRECTION('Axis2P3D Direction',(0.,-0.,1.)) ;
#54=DIRECTION('Vector Direction',(0.,0.,1.)) ;
#66=DIRECTION('Axis2P3D Direction',(0.,0.,-1.)) ;
#67=DIRECTION('Axis2P3D XDirection',(-1.,0.,0.)) ;
#162=DIRECTION('Axis2P3D Direction',(0.,-0.,1.)) ;
#174=DIRECTION('Axis2P3D Direction',(0.,0.,-1.)) ;
#175=DIRECTION('Axis2P3D XDirection',(-1.,0.,0.)) ;
#179=DIRECTION('Vector Direction',(-1.,0.,0.)) ;
#188=DIRECTION('Vector Direction',(0.,-1.,0.)) ;
#195=DIRECTION('Vector Direction',(-0.980580675691,-0.196116135135,0.)) ;
#212=DIRECTION('Vector Direction',(-1.,0.,0.)) ;
#219=DIRECTION('Axis2P3D Direction',(0.,0.,-1.)) ;
#226=DIRECTION('Vector Direction',(0.,1.,0.)) ;
#233=DIRECTION('Axis2P3D Direction',(0.,0.,-1.)) ;
#240=DIRECTION('Vector Direction',(1.,0.,0.)) ;
#257=DIRECTION('Vector Direction',(0.894427191006,-0.447213595489,0.)) ;
#264=DIRECTION('Axis2P3D Direction',(0.,0.,-1.)) ;
#271=DIRECTION('Vector Direction',(1.,0.,0.)) ;
#278=DIRECTION('Vector Direction',(0.,-1.,0.)) ;
#285=DIRECTION('Vector Direction',(-1.,0.,0.)) ;
#292=DIRECTION('Vector Direction',(0.,-1.,0.)) ;
#299=DIRECTION('Axis2P3D Direction',(0.,0.,-1.)) ;
#306=DIRECTION('Vector Direction',(-1.,0.,0.)) ;
#313=DIRECTION('Axis2P3D Direction',(0.,0.,-1.)) ;
#320=DIRECTION('Vector Direction',(0.,-1.,0.)) ;
#327=DIRECTION('Vector Direction',(-1.,0.,0.)) ;
#334=DIRECTION('Vector Direction',(0.,-1.,0.)) ;
#341=DIRECTION('Vector Direction',(-1.,0.,0.)) ;
#361=DIRECTION('Vector Direction',(-0.894427191006,-0.447213595489,0.)) ;
#368=DIRECTION('Axis2P3D Direction',(0.,0.,-1.)) ;
#375=DIRECTION('Vector Direction',(-1.,0.,0.)) ;
#401=DIRECTION('Vector Direction',(0.,1.,0.)) ;
#427=DIRECTION('Vector Direction',(1.,0.,0.)) ;
#434=DIRECTION('Axis2P3D Direction',(0.,0.,-1.)) ;
#441=DIRECTION('Vector Direction',(0.980580675691,-0.196116135135,0.)) ;
#448=DIRECTION('Vector Direction',(0.,-1.,0.)) ;
#1034=DIRECTION('Axis2P3D Direction',(0.,-0.,1.)) ;
#1035=DIRECTION('Axis2P3D XDirection',(1.,0.,0.)) ;
#1039=DIRECTION('Vector Direction',(0.,0.,1.)) ;
#1046=DIRECTION('Axis2P3D Direction',(0.,-0.,1.)) ;
#1053=DIRECTION('Vector Direction',(0.,0.,1.)) ;
#1065=DIRECTION('Axis2P3D Direction',(0.,-0.,1.)) ;
#1077=DIRECTION('Axis2P3D Direction',(-2.16840434497E-18,1.,0.)) ;
#1078=DIRECTION('Axis2P3D XDirection',(-1.,-2.16840434497E-18,0.)) ;
#1082=DIRECTION('Vector Direction',(0.,0.,1.)) ;
#1089=DIRECTION('Vector Direction',(-1.,-2.22044604925E-18,0.)) ;
#1096=DIRECTION('Vector Direction',(0.,0.,1.)) ;
#1108=DIRECTION('Axis2P3D Direction',(1.,-0.,0.)) ;
#1109=DIRECTION('Axis2P3D XDirection',(0.,0.,-1.)) ;
#1113=DIRECTION('Vector Direction',(0.,0.,-1.)) ;
#1120=DIRECTION('Vector Direction',(0.,-1.,0.)) ;
#1127=DIRECTION('Vector Direction',(0.,0.,-1.)) ;
#1132=DIRECTION('Vector Direction',(0.,-1.,0.)) ;
#1139=DIRECTION('Vector Direction',(0.,0.,1.)) ;
#1155=DIRECTION('Axis2P3D Direction',(0.196116135138,-0.980580675691,0.)) ;
#1156=DIRECTION('Axis2P3D XDirection',(0.980580675691,0.196116135138,0.)) ;
#1160=DIRECTION('Vector Direction',(0.980580675691,0.196116135138,0.)) ;
#1167=DIRECTION('Vector Direction',(0.,0.,1.)) ;
#1174=DIRECTION('Vector Direction',(-0.980580675691,-0.196116135138,0.)) ;
#1181=DIRECTION('Vector Direction',(0.,0.,-1.)) ;
#1188=DIRECTION('Vector Direction',(0.980580675691,0.196116135138,0.)) ;
#1195=DIRECTION('Vector Direction',(0.,0.,-1.)) ;
#1211=DIRECTION('Axis2P3D Direction',(0.,0.,-1.)) ;
#1212=DIRECTION('Axis2P3D XDirection',(-1.,0.,0.)) ;
#1216=DIRECTION('Axis2P3D Direction',(0.,0.,-1.)) ;
#1223=DIRECTION('Vector Direction',(0.,0.,-1.)) ;
#1235=DIRECTION('Axis2P3D Direction',(0.,-1.,0.)) ;
#1236=DIRECTION('Axis2P3D XDirection',(0.,0.,-1.)) ;
#1240=DIRECTION('Vector Direction',(1.,0.,0.)) ;
#1247=DIRECTION('Vector Direction',(0.,0.,1.)) ;
#1259=DIRECTION('Axis2P3D Direction',(0.,0.,1.)) ;
#1260=DIRECTION('Axis2P3D XDirection',(1.,0.,0.)) ;
#1264=DIRECTION('Axis2P3D Direction',(0.,0.,1.)) ;
#1271=DIRECTION('Vector Direction',(0.,0.,1.)) ;
#1283=DIRECTION('Axis2P3D Direction',(-1.,0.,0.)) ;
#1284=DIRECTION('Axis2P3D XDirection',(0.,0.,1.)) ;
#1288=DIRECTION('Vector Direction',(0.,-1.,0.)) ;
#1295=DIRECTION('Vector Direction',(0.,0.,1.)) ;
#1307=DIRECTION('Axis2P3D Direction',(0.,0.,1.)) ;
#1308=DIRECTION('Axis2P3D XDirection',(-1.,1.22464679915E-16,0.)) ;
#1312=DIRECTION('Axis2P3D Direction',(0.,0.,1.)) ;
#1319=DIRECTION('Vector Direction',(0.,0.,1.)) ;
#1331=DIRECTION('Axis2P3D Direction',(0.,1.,0.)) ;
#1332=DIRECTION('Axis2P3D XDirection',(0.,0.,1.)) ;
#1336=DIRECTION('Vector Direction',(-1.,0.,0.)) ;
#1343=DIRECTION('Vector Direction',(0.,0.,-1.)) ;
#1355=DIRECTION('Axis2P3D Direction',(0.,0.,-1.)) ;
#1356=DIRECTION('Axis2P3D XDirection',(1.,1.22464679915E-16,0.)) ;
#1360=DIRECTION('Axis2P3D Direction',(0.,0.,-1.)) ;
#1367=DIRECTION('Vector Direction',(0.,0.,-1.)) ;
#1379=DIRECTION('Axis2P3D Direction',(0.4472135955,0.894427191,-0.)) ;
#1380=DIRECTION('Axis2P3D XDirection',(-0.894427191,0.4472135955,0.)) ;
#1384=DIRECTION('Vector Direction',(-0.894427191,0.4472135955,0.)) ;
#1391=DIRECTION('Vector Direction',(0.,0.,1.)) ;
#1398=DIRECTION('Vector Direction',(0.894427191,-0.4472135955,0.)) ;
#1405=DIRECTION('Vector Direction',(0.,0.,-1.)) ;
#1412=DIRECTION('Vector Direction',(-0.894427191,0.4472135955,0.)) ;
#1419=DIRECTION('Vector Direction',(0.,0.,-1.)) ;
#1435=DIRECTION('Axis2P3D Direction',(0.,0.,1.)) ;
#1436=DIRECTION('Axis2P3D XDirection',(1.,0.,0.)) ;
#1440=DIRECTION('Axis2P3D Direction',(0.,0.,1.)) ;
#1447=DIRECTION('Vector Direction',(0.,0.,1.)) ;
#1459=DIRECTION('Axis2P3D Direction',(0.,1.,0.)) ;
#1460=DIRECTION('Axis2P3D XDirection',(0.,0.,1.)) ;
#1464=DIRECTION('Vector Direction',(-1.,0.,0.)) ;
#1476=DIRECTION('Axis2P3D Direction',(0.,-1.,0.)) ;
#1477=DIRECTION('Axis2P3D XDirection',(0.,0.,-1.)) ;
#1481=DIRECTION('Vector Direction',(0.,0.,1.)) ;
#1490=DIRECTION('Vector Direction',(1.,0.,0.)) ;
#1497=DIRECTION('Vector Direction',(0.,0.,1.)) ;
#1504=DIRECTION('Vector Direction',(1.,0.,0.)) ;
#1511=DIRECTION('Vector Direction',(0.,0.,-1.)) ;
#1518=DIRECTION('Vector Direction',(1.,0.,0.)) ;
#1525=DIRECTION('Vector Direction',(0.,0.,-1.)) ;
#1530=DIRECTION('Vector Direction',(1.,0.,0.)) ;
#1537=DIRECTION('Vector Direction',(0.,0.,1.)) ;
#1542=DIRECTION('Vector Direction',(0.,0.,1.)) ;
#1549=DIRECTION('Vector Direction',(1.,0.,0.)) ;
#1556=DIRECTION('Vector Direction',(0.,0.,-1.)) ;
#1563=DIRECTION('Vector Direction',(1.,0.,0.)) ;
#1587=DIRECTION('Axis2P3D Direction',(-1.,0.,0.)) ;
#1588=DIRECTION('Axis2P3D XDirection',(0.,0.,1.)) ;
#1592=DIRECTION('Vector Direction',(0.,-1.,0.)) ;
#1599=DIRECTION('Vector Direction',(0.,0.,1.)) ;
#1611=DIRECTION('Axis2P3D Direction',(0.,0.,-1.)) ;
#1612=DIRECTION('Axis2P3D XDirection',(-1.,0.,0.)) ;
#1616=DIRECTION('Axis2P3D Direction',(0.,0.,-1.)) ;
#1623=DIRECTION('Vector Direction',(0.,0.,-1.)) ;
#1635=DIRECTION('Axis2P3D Direction',(0.,-1.,0.)) ;
#1636=DIRECTION('Axis2P3D XDirection',(0.,0.,-1.)) ;
#1640=DIRECTION('Vector Direction',(-1.,0.,0.)) ;
#1647=DIRECTION('Vector Direction',(0.,0.,1.)) ;
#1659=DIRECTION('Axis2P3D Direction',(0.,0.,1.)) ;
#1660=DIRECTION('Axis2P3D XDirection',(1.,0.,0.)) ;
#1664=DIRECTION('Axis2P3D Direction',(0.,0.,1.)) ;
#1671=DIRECTION('Vector Direction',(0.,0.,1.)) ;
#1683=DIRECTION('Axis2P3D Direction',(1.,-0.,0.)) ;
#1684=DIRECTION('Axis2P3D XDirection',(0.,0.,-1.)) ;
#1688=DIRECTION('Vector Direction',(0.,1.,0.)) ;
#1700=DIRECTION('Axis2P3D Direction',(-1.,-0.,-0.)) ;
#1701=DIRECTION('Axis2P3D XDirection',(0.,0.,-1.)) ;
#1705=DIRECTION('Vector Direction',(0.,0.,-1.)) ;
#1712=DIRECTION('Vector Direction',(0.,1.,0.)) ;
#1719=DIRECTION('Vector Direction',(0.,0.,-1.)) ;
#1724=DIRECTION('Vector Direction',(0.,1.,0.)) ;
#1740=DIRECTION('Vector Direction',(-1.,0.,0.)) ;
#1747=DIRECTION('Vector Direction',(0.,0.,1.)) ;
#1759=DIRECTION('Axis2P3D Direction',(0.,0.,1.)) ;
#1760=DIRECTION('Axis2P3D XDirection',(1.,-1.22464679915E-16,0.)) ;
#1764=DIRECTION('Axis2P3D Direction',(0.,0.,1.)) ;
#1771=DIRECTION('Vector Direction',(0.,0.,1.)) ;
#1783=DIRECTION('Axis2P3D Direction',(-0.4472135955,0.894427191,0.)) ;
#1784=DIRECTION('Axis2P3D XDirection',(0.894427191,0.4472135955,0.)) ;
#1788=DIRECTION('Vector Direction',(0.,0.,1.)) ;
#1795=DIRECTION('Vector Direction',(-0.894427191,-0.4472135955,0.)) ;
#1802=DIRECTION('Vector Direction',(0.,0.,-1.)) ;
#1809=DIRECTION('Vector Direction',(-0.894427191,-0.4472135955,0.)) ;
#1816=DIRECTION('Vector Direction',(0.,0.,1.)) ;
#1823=DIRECTION('Vector Direction',(-0.894427191,-0.4472135955,0.)) ;
#1839=DIRECTION('Axis2P3D Direction',(0.,0.,-1.)) ;
#1840=DIRECTION('Axis2P3D XDirection',(1.,0.,0.)) ;
#1844=DIRECTION('Axis2P3D Direction',(0.,0.,-1.)) ;
#1851=DIRECTION('Vector Direction',(0.,0.,-1.)) ;
#1863=DIRECTION('Vector Direction',(-1.,0.,0.)) ;
#1870=DIRECTION('Vector Direction',(0.,0.,-1.)) ;
#1882=DIRECTION('Axis2P3D Direction',(0.,0.,1.)) ;
#1883=DIRECTION('Axis2P3D XDirection',(-1.,0.,0.)) ;
#1887=DIRECTION('Axis2P3D Direction',(0.,0.,1.)) ;
#1894=DIRECTION('Vector Direction',(0.,0.,1.)) ;
#1906=DIRECTION('Axis2P3D Direction',(1.,0.,-0.)) ;
#1907=DIRECTION('Axis2P3D XDirection',(0.,0.,1.)) ;
#1911=DIRECTION('Vector Direction',(0.,1.,0.)) ;
#1918=DIRECTION('Vector Direction',(0.,0.,-1.)) ;
#1930=DIRECTION('Axis2P3D Direction',(0.,0.,1.)) ;
#1931=DIRECTION('Axis2P3D XDirection',(1.,-1.22464679915E-16,0.)) ;
#1935=DIRECTION('Axis2P3D Direction',(0.,0.,1.)) ;
#1942=DIRECTION('Vector Direction',(0.,0.,1.)) ;
#1954=DIRECTION('Vector Direction',(1.,0.,0.)) ;
#1961=DIRECTION('Vector Direction',(0.,0.,1.)) ;
#1973=DIRECTION('Axis2P3D Direction',(0.,0.,-1.)) ;
#1974=DIRECTION('Axis2P3D XDirection',(-1.,-1.22464679915E-16,0.)) ;
#1978=DIRECTION('Axis2P3D Direction',(0.,0.,-1.)) ;
#1985=DIRECTION('Vector Direction',(0.,0.,-1.)) ;
#1997=DIRECTION('Axis2P3D Direction',(-0.196116135138,-0.980580675691,-0.)) ;
#1998=DIRECTION('Axis2P3D XDirection',(-0.980580675691,0.196116135138,0.)) ;
#2002=DIRECTION('Vector Direction',(0.980580675691,-0.196116135138,0.)) ;
#2009=DIRECTION('Vector Direction',(0.,0.,-1.)) ;
#2016=DIRECTION('Vector Direction',(0.980580675691,-0.196116135138,0.)) ;
#2023=DIRECTION('Vector Direction',(0.,0.,1.)) ;
#2030=DIRECTION('Vector Direction',(0.980580675691,-0.196116135138,0.)) ;
#2046=DIRECTION('Axis2P3D Direction',(0.,-0.,1.)) ;
#2047=DIRECTION('Axis2P3D XDirection',(1.,0.,0.)) ;
#2051=DIRECTION('Vector Direction',(0.,0.,1.)) ;
#2058=DIRECTION('Axis2P3D Direction',(0.,-0.,1.)) ;
#2065=DIRECTION('Vector Direction',(0.,0.,1.)) ;
#2077=DIRECTION('Axis2P3D Direction',(0.,-0.,1.)) ;
#2089=DIRECTION('Axis2P3D Direction',(0.,-0.,1.)) ;
#2090=DIRECTION('Axis2P3D XDirection',(1.,0.,0.)) ;
#2094=DIRECTION('Vector Direction',(0.,0.,1.)) ;
#2101=DIRECTION('Axis2P3D Direction',(0.,-0.,1.)) ;
#2108=DIRECTION('Vector Direction',(0.,0.,1.)) ;
#2120=DIRECTION('Axis2P3D Direction',(0.,-0.,1.)) ;
#2132=DIRECTION('Axis2P3D Direction',(0.,-0.,1.)) ;
#2133=DIRECTION('Axis2P3D XDirection',(1.,0.,0.)) ;
#2137=DIRECTION('Vector Direction',(0.,0.,1.)) ;
#2144=DIRECTION('Axis2P3D Direction',(0.,-0.,1.)) ;
#2151=DIRECTION('Vector Direction',(0.,0.,1.)) ;
#2163=DIRECTION('Axis2P3D Direction',(0.,-0.,1.)) ;
#2175=DIRECTION('Axis2P3D Direction',(0.,-0.,1.)) ;
#2176=DIRECTION('Axis2P3D XDirection',(1.,0.,0.)) ;
#2180=DIRECTION('Vector Direction',(0.,0.,1.)) ;
#2187=DIRECTION('Axis2P3D Direction',(0.,-0.,1.)) ;
#2194=DIRECTION('Vector Direction',(0.,0.,1.)) ;
#2206=DIRECTION('Axis2P3D Direction',(0.,-0.,1.)) ;
#2218=DIRECTION('Axis2P3D Direction',(0.,-0.,1.)) ;
#2219=DIRECTION('Axis2P3D XDirection',(1.,0.,0.)) ;
#2223=DIRECTION('Vector Direction',(0.,0.,1.)) ;
#2230=DIRECTION('Axis2P3D Direction',(0.,-0.,1.)) ;
#2237=DIRECTION('Vector Direction',(0.,0.,1.)) ;
#2249=DIRECTION('Axis2P3D Direction',(0.,-0.,1.)) ;
#2261=DIRECTION('Axis2P3D Direction',(0.,-0.,1.)) ;
#2262=DIRECTION('Axis2P3D XDirection',(1.,0.,0.)) ;
#2266=DIRECTION('Vector Direction',(0.,0.,1.)) ;
#2273=DIRECTION('Axis2P3D Direction',(0.,-0.,1.)) ;
#2280=DIRECTION('Vector Direction',(0.,0.,1.)) ;
#2292=DIRECTION('Axis2P3D Direction',(0.,-0.,1.)) ;
#2304=DIRECTION('Axis2P3D Direction',(0.,-0.,1.)) ;
#2305=DIRECTION('Axis2P3D XDirection',(1.,0.,0.)) ;
#2309=DIRECTION('Vector Direction',(0.,0.,1.)) ;
#2316=DIRECTION('Axis2P3D Direction',(0.,-0.,1.)) ;
#2323=DIRECTION('Vector Direction',(0.,0.,1.)) ;
#2335=DIRECTION('Axis2P3D Direction',(0.,-0.,1.)) ;
#2347=DIRECTION('Axis2P3D Direction',(0.,-0.,1.)) ;
#2348=DIRECTION('Axis2P3D XDirection',(1.,0.,0.)) ;
#2352=DIRECTION('Vector Direction',(0.,0.,1.)) ;
#2359=DIRECTION('Axis2P3D Direction',(0.,-0.,1.)) ;
#2366=DIRECTION('Vector Direction',(0.,0.,1.)) ;
#2378=DIRECTION('Axis2P3D Direction',(0.,-0.,1.)) ;
#2390=DIRECTION('Axis2P3D Direction',(0.,-0.,1.)) ;
#2391=DIRECTION('Axis2P3D XDirection',(1.,0.,0.)) ;
#2395=DIRECTION('Vector Direction',(0.,0.,1.)) ;
#2402=DIRECTION('Axis2P3D Direction',(0.,-0.,1.)) ;
#2409=DIRECTION('Vector Direction',(0.,0.,1.)) ;
#2421=DIRECTION('Axis2P3D Direction',(0.,-0.,1.)) ;
#2433=DIRECTION('Axis2P3D Direction',(0.,0.,1.)) ;
#2434=DIRECTION('Axis2P3D XDirection',(1.,0.,0.)) ;
#2448=DIRECTION('Axis2P3D Direction',(0.,0.,1.)) ;
#2457=DIRECTION('Axis2P3D Direction',(0.,0.,1.)) ;
#2466=DIRECTION('Axis2P3D Direction',(0.,0.,1.)) ;
#2475=DIRECTION('Axis2P3D Direction',(0.,0.,1.)) ;
#2484=DIRECTION('Axis2P3D Direction',(0.,0.,1.)) ;
#2493=DIRECTION('Axis2P3D Direction',(0.,0.,1.)) ;
#2502=DIRECTION('Axis2P3D Direction',(0.,0.,1.)) ;
#2511=DIRECTION('Axis2P3D Direction',(0.,0.,1.)) ;
#2520=DIRECTION('Axis2P3D Direction',(0.,0.,1.)) ;
#2529=DIRECTION('Axis2P3D Direction',(0.,0.,1.)) ;
#2538=DIRECTION('Axis2P3D Direction',(0.,0.,1.)) ;
#2547=DIRECTION('Axis2P3D Direction',(0.,0.,1.)) ;
#2556=DIRECTION('Axis2P3D Direction',(0.,0.,1.)) ;
#2565=DIRECTION('Axis2P3D Direction',(0.,0.,1.)) ;
#2574=DIRECTION('Axis2P3D Direction',(0.,0.,1.)) ;
#2583=DIRECTION('Axis2P3D Direction',(0.,0.,1.)) ;
#2592=DIRECTION('Axis2P3D Direction',(0.,0.,1.)) ;
#2601=DIRECTION('Axis2P3D Direction',(0.,0.,1.)) ;
#2611=DIRECTION('Axis2P3D Direction',(0.,0.,1.)) ;
#2612=DIRECTION('Axis2P3D XDirection',(1.,0.,0.)) ;
#2616=DIRECTION('Vector Direction',(0.,1.,0.)) ;
#2625=DIRECTION('Axis2P3D Direction',(0.,0.,1.)) ;
#2630=DIRECTION('Axis2P3D Direction',(0.,0.,1.)) ;
#2646=DIRECTION('Axis2P3D Direction',(0.,0.,-1.)) ;
#2647=DIRECTION('Axis2P3D XDirection',(-1.,0.,0.)) ;
#2651=DIRECTION('Vector Direction',(0.,0.,-1.)) ;
#2658=DIRECTION('Axis2P3D Direction',(0.,0.,-1.)) ;
#2670=DIRECTION('Axis2P3D Direction',(0.,0.,-1.)) ;
#2671=DIRECTION('Axis2P3D XDirection',(-1.,0.,0.)) ;
#2675=DIRECTION('Vector Direction',(0.,-1.,0.)) ;
#2684=DIRECTION('Axis2P3D Direction',(0.,0.,-1.)) ;
#2689=DIRECTION('Vector Direction',(0.,-1.,0.)) ;
#2696=DIRECTION('Axis2P3D Direction',(0.,0.,-1.)) ;
#2701=DIRECTION('Axis2P3D Direction',(0.,0.,-1.)) ;
#2717=DIRECTION('Axis2P3D Direction',(0.,0.,1.)) ;
#2718=DIRECTION('Axis2P3D XDirection',(1.,0.,0.)) ;
#2722=DIRECTION('Vector Direction',(0.,0.,1.)) ;
#2729=DIRECTION('Axis2P3D Direction',(0.,0.,1.)) ;
#2741=DIRECTION('Axis2P3D Direction',(0.,0.,1.)) ;
#2742=DIRECTION('Axis2P3D XDirection',(1.,0.,0.)) ;
#2746=DIRECTION('Vector Direction',(0.,-1.,0.)) ;
#2753=DIRECTION('Axis2P3D Direction',(0.,0.,1.)) ;
#2773=DIRECTION('Axis2P3D Direction',(0.,0.,-1.)) ;
#2774=DIRECTION('Axis2P3D XDirection',(1.,1.22464679915E-16,0.)) ;
#2778=DIRECTION('Vector Direction',(0.,0.,-1.)) ;
#2790=DIRECTION('Axis2P3D Direction',(0.,0.,1.)) ;
#2791=DIRECTION('Axis2P3D XDirection',(-1.,1.22464679915E-16,0.)) ;
#2795=DIRECTION('Vector Direction',(0.,0.,1.)) ;
#2807=DIRECTION('Axis2P3D Direction',(1.,-0.,0.)) ;
#2808=DIRECTION('Axis2P3D XDirection',(0.,0.,-1.)) ;
#2812=DIRECTION('Vector Direction',(0.,1.,0.)) ;
#2819=DIRECTION('Vector Direction',(0.,0.,1.)) ;
#2826=DIRECTION('Vector Direction',(0.,1.,0.)) ;
#2838=DIRECTION('Axis2P3D Direction',(0.,0.,1.)) ;
#2839=DIRECTION('Axis2P3D XDirection',(1.,0.,0.)) ;
#2843=DIRECTION('Vector Direction',(-0.866025403818,-0.499999999942,0.)) ;
#2852=DIRECTION('Axis2P3D Direction',(0.,0.,1.)) ;
#2859=DIRECTION('Vector Direction',(0.,-1.,0.)) ;
#2864=DIRECTION('Axis2P3D Direction',(0.,0.,1.)) ;
#2871=DIRECTION('Vector Direction',(-0.866025403793,0.499999999986,0.)) ;
#2878=DIRECTION('Axis2P3D Direction',(0.,0.,1.)) ;
#2894=DIRECTION('Axis2P3D Direction',(-1.,0.,0.)) ;
#2895=DIRECTION('Axis2P3D XDirection',(0.,0.,1.)) ;
#2899=DIRECTION('Vector Direction',(0.,-1.,0.)) ;
#2906=DIRECTION('Vector Direction',(0.,0.,1.)) ;
#2918=DIRECTION('Axis2P3D Direction',(0.,0.,-1.)) ;
#2919=DIRECTION('Axis2P3D XDirection',(-1.,0.,0.)) ;
#2939=DIRECTION('Vector Direction',(0.,1.,0.)) ;
#2962=DIRECTION('Vector Direction',(-0.866025403749,0.500000000061,0.)) ;
#2985=DIRECTION('Vector Direction',(-0.866025403774,-0.500000000017,0.)) ;
#3008=DIRECTION('Vector Direction',(0.,-1.,0.)) ;
#3029=DIRECTION('Vector Direction',(-0.866025403774,-0.500000000017,0.)) ;
#3052=DIRECTION('Vector Direction',(-0.866025403749,0.500000000061,0.)) ;
#3076=DIRECTION('Axis2P3D Direction',(1.,2.75434176153E-16,-0.)) ;
#3077=DIRECTION('Axis2P3D XDirection',(-2.75434176153E-16,1.,0.)) ;
#3081=DIRECTION('Vector Direction',(0.,0.,-1.)) ;
#3088=DIRECTION('Vector Direction',(2.14895139751E-16,-1.,0.)) ;
#3100=DIRECTION('Axis2P3D Direction',(0.,0.,1.)) ;
#3101=DIRECTION('Axis2P3D XDirection',(1.,0.,0.)) ;
#3105=DIRECTION('Vector Direction',(-0.866025403749,0.500000000061,0.)) ;
#3130=DIRECTION('Vector Direction',(0.,1.,0.)) ;
#3151=DIRECTION('Vector Direction',(-0.866025403774,-0.500000000017,0.)) ;
#3189=DIRECTION('Axis2P3D Direction',(-1.,-5.50868352305E-16,0.)) ;
#3190=DIRECTION('Axis2P3D XDirection',(5.50868352305E-16,-1.,0.)) ;
#3194=DIRECTION('Vector Direction',(0.,0.,1.)) ;
#3206=DIRECTION('Vector Direction',(0.,-1.,0.)) ;
#3215=DIRECTION('Axis2P3D Direction',(0.,0.,1.)) ;
#3220=DIRECTION('Axis2P3D Direction',(0.,0.,1.)) ;
#3236=DIRECTION('Axis2P3D Direction',(0.,0.,1.)) ;
#3237=DIRECTION('Axis2P3D XDirection',(-1.,0.,0.)) ;
#3241=DIRECTION('Axis2P3D Direction',(0.,0.,1.)) ;
#3248=DIRECTION('Vector Direction',(0.,0.,1.)) ;
#3260=DIRECTION('Vector Direction',(0.,-1.,0.)) ;
#3283=DIRECTION('Vector Direction',(0.,-1.,0.)) ;
#3332=DIRECTION('Axis2P3D Direction',(0.,0.,-1.)) ;
#3333=DIRECTION('Axis2P3D XDirection',(1.,0.,0.)) ;
#3337=DIRECTION('Vector Direction',(0.,0.,-1.)) ;
#3344=DIRECTION('Axis2P3D Direction',(0.,0.,-1.)) ;
#3356=DIRECTION('Vector Direction',(0.,1.,0.)) ;
#3363=DIRECTION('Axis2P3D Direction',(0.,0.,1.)) ;
#3383=DIRECTION('Axis2P3D Direction',(0.,0.,1.)) ;
#3384=DIRECTION('Axis2P3D XDirection',(1.,-1.22464679915E-16,0.)) ;
#3388=DIRECTION('Vector Direction',(0.,0.,1.)) ;
#3400=DIRECTION('Axis2P3D Direction',(0.,0.,-1.)) ;
#3401=DIRECTION('Axis2P3D XDirection',(-1.,-1.22464679915E-16,0.)) ;
#3405=DIRECTION('Vector Direction',(0.,0.,-1.)) ;
#4002=DIRECTION('Axis2P3D Direction',(0.,-0.,1.)) ;
#4003=DIRECTION('Axis2P3D XDirection',(1.,0.,0.)) ;
#4007=DIRECTION('Vector Direction',(0.,0.,1.)) ;
#4012=DIRECTION('Vector Direction',(0.,0.,1.)) ;
#4031=DIRECTION('Axis2P3D Direction',(0.,-0.,1.)) ;
#4032=DIRECTION('Axis2P3D XDirection',(1.,0.,0.)) ;
#4036=DIRECTION('Vector Direction',(0.,0.,1.)) ;
#4041=DIRECTION('Vector Direction',(0.,0.,1.)) ;
#4060=DIRECTION('Axis2P3D Direction',(0.,-0.,1.)) ;
#4061=DIRECTION('Axis2P3D XDirection',(1.,0.,0.)) ;
#4065=DIRECTION('Vector Direction',(0.,0.,1.)) ;
#4070=DIRECTION('Vector Direction',(0.,0.,1.)) ;
#4089=DIRECTION('Axis2P3D Direction',(0.,-0.,1.)) ;
#4090=DIRECTION('Axis2P3D XDirection',(1.,0.,0.)) ;
#4094=DIRECTION('Vector Direction',(0.,0.,1.)) ;
#4099=DIRECTION('Vector Direction',(0.,0.,1.)) ;
#4118=DIRECTION('Axis2P3D Direction',(0.,-0.,1.)) ;
#4119=DIRECTION('Axis2P3D XDirection',(1.,0.,0.)) ;
#4123=DIRECTION('Vector Direction',(0.,0.,1.)) ;
#4128=DIRECTION('Vector Direction',(0.,0.,1.)) ;
#4147=DIRECTION('Axis2P3D Direction',(0.,-0.,1.)) ;
#4148=DIRECTION('Axis2P3D XDirection',(1.,0.,0.)) ;
#4152=DIRECTION('Vector Direction',(0.,0.,1.)) ;
#4157=DIRECTION('Vector Direction',(0.,0.,1.)) ;
#4176=DIRECTION('Axis2P3D Direction',(0.,-0.,1.)) ;
#4177=DIRECTION('Axis2P3D XDirection',(1.,0.,0.)) ;
#4181=DIRECTION('Vector Direction',(0.,0.,1.)) ;
#4186=DIRECTION('Vector Direction',(0.,0.,1.)) ;
#4205=DIRECTION('Axis2P3D Direction',(0.,-0.,1.)) ;
#4206=DIRECTION('Axis2P3D XDirection',(1.,0.,0.)) ;
#4210=DIRECTION('Vector Direction',(0.,0.,1.)) ;
#4215=DIRECTION('Vector Direction',(0.,0.,1.)) ;
#4234=DIRECTION('Axis2P3D Direction',(0.,-0.,1.)) ;
#4235=DIRECTION('Axis2P3D XDirection',(1.,0.,0.)) ;
#4239=DIRECTION('Vector Direction',(0.,0.,1.)) ;
#4244=DIRECTION('Vector Direction',(0.,0.,1.)) ;
#4263=DIRECTION('Axis2P3D Direction',(-1.,-1.08531850053E-16,0.)) ;
#4264=DIRECTION('Axis2P3D XDirection',(1.08531850053E-16,-1.,0.)) ;
#4275=DIRECTION('Axis2P3D Direction',(-1.,-1.08531850053E-16,0.)) ;
#4276=DIRECTION('Axis2P3D XDirection',(1.08531850053E-16,-1.,0.)) ;
#4287=DIRECTION('Axis2P3D Direction',(0.,-0.,1.)) ;
#4288=DIRECTION('Axis2P3D XDirection',(1.,0.,0.)) ;
#4292=DIRECTION('Vector Direction',(0.,0.,1.)) ;
#4304=DIRECTION('Axis2P3D Direction',(-0.5,0.866025403784,0.)) ;
#4305=DIRECTION('Axis2P3D XDirection',(-0.866025403784,-0.5,0.)) ;
#4309=DIRECTION('Vector Direction',(0.,0.,1.)) ;
#4314=DIRECTION('Vector Direction',(0.,0.,1.)) ;
#4326=DIRECTION('Axis2P3D Direction',(0.,-0.,1.)) ;
#4327=DIRECTION('Axis2P3D XDirection',(1.,0.,0.)) ;
#4338=DIRECTION('Axis2P3D Direction',(0.5,0.866025403784,-0.)) ;
#4339=DIRECTION('Axis2P3D XDirection',(-0.866025403784,0.5,0.)) ;
#4343=DIRECTION('Vector Direction',(0.,0.,1.)) ;
#4355=DIRECTION('Axis2P3D Direction',(0.,-0.,1.)) ;
#4356=DIRECTION('Axis2P3D XDirection',(1.,0.,0.)) ;
#4367=DIRECTION('Axis2P3D Direction',(0.,0.,-1.)) ;
#4368=DIRECTION('Axis2P3D XDirection',(-1.,0.,0.)) ;
#4372=DIRECTION('Vector Direction',(0.,0.,-1.)) ;
#4384=DIRECTION('Axis2P3D Direction',(-0.5,-0.866025403784,0.)) ;
#4385=DIRECTION('Axis2P3D XDirection',(0.866025403784,-0.5,0.)) ;
#4389=DIRECTION('Vector Direction',(0.,0.,1.)) ;
#4401=DIRECTION('Axis2P3D Direction',(0.,0.,-1.)) ;
#4402=DIRECTION('Axis2P3D XDirection',(-1.,0.,0.)) ;
#4406=DIRECTION('Vector Direction',(0.,0.,-1.)) ;
#4418=DIRECTION('Axis2P3D Direction',(0.5,-0.866025403784,0.)) ;
#4419=DIRECTION('Axis2P3D XDirection',(0.866025403784,0.5,0.)) ;
#4423=DIRECTION('Vector Direction',(0.,0.,1.)) ;
#4435=DIRECTION('Axis2P3D Direction',(0.,0.,-1.)) ;
#4436=DIRECTION('Axis2P3D XDirection',(-1.,0.,0.)) ;
#4447=DIRECTION('Axis2P3D Direction',(1.,-1.08531850053E-16,0.)) ;
#4448=DIRECTION('Axis2P3D XDirection',(-1.08531850053E-16,-1.,0.)) ;
#4459=DIRECTION('Axis2P3D Direction',(1.,-1.08531850053E-16,0.)) ;
#4460=DIRECTION('Axis2P3D XDirection',(-1.08531850053E-16,-1.,0.)) ;
#6=PRODUCT_RELATED_PRODUCT_CATEGORY('part',$,(#16)) ;
#5=PRODUCT_CATEGORY('part','specification') ;
#23=STYLED_ITEM(' ',(#22),#21) ;
#22=PRESENTATION_STYLE_ASSIGNMENT(()) ;
#41=VECTOR('Line Direction',#40,1.) ;
#55=VECTOR('Line Direction',#54,1.) ;
#180=VECTOR('Line Direction',#179,1.) ;
#189=VECTOR('Line Direction',#188,1.) ;
#196=VECTOR('Line Direction',#195,1.) ;
#213=VECTOR('Line Direction',#212,1.) ;
#227=VECTOR('Line Direction',#226,1.) ;
#241=VECTOR('Line Direction',#240,1.) ;
#258=VECTOR('Line Direction',#257,1.) ;
#272=VECTOR('Line Direction',#271,1.) ;
#279=VECTOR('Line Direction',#278,1.) ;
#286=VECTOR('Line Direction',#285,1.) ;
#293=VECTOR('Line Direction',#292,1.) ;
#307=VECTOR('Line Direction',#306,1.) ;
#321=VECTOR('Line Direction',#320,1.) ;
#328=VECTOR('Line Direction',#327,1.) ;
#335=VECTOR('Line Direction',#334,1.) ;
#342=VECTOR('Line Direction',#341,1.) ;
#362=VECTOR('Line Direction',#361,1.) ;
#376=VECTOR('Line Direction',#375,1.) ;
#402=VECTOR('Line Direction',#401,1.) ;
#428=VECTOR('Line Direction',#427,1.) ;
#442=VECTOR('Line Direction',#441,1.) ;
#449=VECTOR('Line Direction',#448,1.) ;
#1040=VECTOR('Line Direction',#1039,1.) ;
#1054=VECTOR('Line Direction',#1053,1.) ;
#1083=VECTOR('Line Direction',#1082,1.) ;
#1090=VECTOR('Line Direction',#1089,1.) ;
#1097=VECTOR('Line Direction',#1096,1.) ;
#1114=VECTOR('Line Direction',#1113,1.) ;
#1121=VECTOR('Line Direction',#1120,1.) ;
#1128=VECTOR('Line Direction',#1127,1.) ;
#1133=VECTOR('Line Direction',#1132,1.) ;
#1140=VECTOR('Line Direction',#1139,1.) ;
#1161=VECTOR('Line Direction',#1160,1.) ;
#1168=VECTOR('Line Direction',#1167,1.) ;
#1175=VECTOR('Line Direction',#1174,1.) ;
#1182=VECTOR('Line Direction',#1181,1.) ;
#1189=VECTOR('Line Direction',#1188,1.) ;
#1196=VECTOR('Line Direction',#1195,1.) ;
#1224=VECTOR('Line Direction',#1223,1.) ;
#1241=VECTOR('Line Direction',#1240,1.) ;
#1248=VECTOR('Line Direction',#1247,1.) ;
#1272=VECTOR('Line Direction',#1271,1.) ;
#1289=VECTOR('Line Direction',#1288,1.) ;
#1296=VECTOR('Line Direction',#1295,1.) ;
#1320=VECTOR('Line Direction',#1319,1.) ;
#1337=VECTOR('Line Direction',#1336,1.) ;
#1344=VECTOR('Line Direction',#1343,1.) ;
#1368=VECTOR('Line Direction',#1367,1.) ;
#1385=VECTOR('Line Direction',#1384,1.) ;
#1392=VECTOR('Line Direction',#1391,1.) ;
#1399=VECTOR('Line Direction',#1398,1.) ;
#1406=VECTOR('Line Direction',#1405,1.) ;
#1413=VECTOR('Line Direction',#1412,1.) ;
#1420=VECTOR('Line Direction',#1419,1.) ;
#1448=VECTOR('Line Direction',#1447,1.) ;
#1465=VECTOR('Line Direction',#1464,1.) ;
#1482=VECTOR('Line Direction',#1481,1.) ;
#1491=VECTOR('Line Direction',#1490,1.) ;
#1498=VECTOR('Line Direction',#1497,1.) ;
#1505=VECTOR('Line Direction',#1504,1.) ;
#1512=VECTOR('Line Direction',#1511,1.) ;
#1519=VECTOR('Line Direction',#1518,1.) ;
#1526=VECTOR('Line Direction',#1525,1.) ;
#1531=VECTOR('Line Direction',#1530,1.) ;
#1538=VECTOR('Line Direction',#1537,1.) ;
#1543=VECTOR('Line Direction',#1542,1.) ;
#1550=VECTOR('Line Direction',#1549,1.) ;
#1557=VECTOR('Line Direction',#1556,1.) ;
#1564=VECTOR('Line Direction',#1563,1.) ;
#1593=VECTOR('Line Direction',#1592,1.) ;
#1600=VECTOR('Line Direction',#1599,1.) ;
#1624=VECTOR('Line Direction',#1623,1.) ;
#1641=VECTOR('Line Direction',#1640,1.) ;
#1648=VECTOR('Line Direction',#1647,1.) ;
#1672=VECTOR('Line Direction',#1671,1.) ;
#1689=VECTOR('Line Direction',#1688,1.) ;
#1706=VECTOR('Line Direction',#1705,1.) ;
#1713=VECTOR('Line Direction',#1712,1.) ;
#1720=VECTOR('Line Direction',#1719,1.) ;
#1725=VECTOR('Line Direction',#1724,1.) ;
#1741=VECTOR('Line Direction',#1740,1.) ;
#1748=VECTOR('Line Direction',#1747,1.) ;
#1772=VECTOR('Line Direction',#1771,1.) ;
#1789=VECTOR('Line Direction',#1788,1.) ;
#1796=VECTOR('Line Direction',#1795,1.) ;
#1803=VECTOR('Line Direction',#1802,1.) ;
#1810=VECTOR('Line Direction',#1809,1.) ;
#1817=VECTOR('Line Direction',#1816,1.) ;
#1824=VECTOR('Line Direction',#1823,1.) ;
#1852=VECTOR('Line Direction',#1851,1.) ;
#1864=VECTOR('Line Direction',#1863,1.) ;
#1871=VECTOR('Line Direction',#1870,1.) ;
#1895=VECTOR('Line Direction',#1894,1.) ;
#1912=VECTOR('Line Direction',#1911,1.) ;
#1919=VECTOR('Line Direction',#1918,1.) ;
#1943=VECTOR('Line Direction',#1942,1.) ;
#1955=VECTOR('Line Direction',#1954,1.) ;
#1962=VECTOR('Line Direction',#1961,1.) ;
#1986=VECTOR('Line Direction',#1985,1.) ;
#2003=VECTOR('Line Direction',#2002,1.) ;
#2010=VECTOR('Line Direction',#2009,1.) ;
#2017=VECTOR('Line Direction',#2016,1.) ;
#2024=VECTOR('Line Direction',#2023,1.) ;
#2031=VECTOR('Line Direction',#2030,1.) ;
#2052=VECTOR('Line Direction',#2051,1.) ;
#2066=VECTOR('Line Direction',#2065,1.) ;
#2095=VECTOR('Line Direction',#2094,1.) ;
#2109=VECTOR('Line Direction',#2108,1.) ;
#2138=VECTOR('Line Direction',#2137,1.) ;
#2152=VECTOR('Line Direction',#2151,1.) ;
#2181=VECTOR('Line Direction',#2180,1.) ;
#2195=VECTOR('Line Direction',#2194,1.) ;
#2224=VECTOR('Line Direction',#2223,1.) ;
#2238=VECTOR('Line Direction',#2237,1.) ;
#2267=VECTOR('Line Direction',#2266,1.) ;
#2281=VECTOR('Line Direction',#2280,1.) ;
#2310=VECTOR('Line Direction',#2309,1.) ;
#2324=VECTOR('Line Direction',#2323,1.) ;
#2353=VECTOR('Line Direction',#2352,1.) ;
#2367=VECTOR('Line Direction',#2366,1.) ;
#2396=VECTOR('Line Direction',#2395,1.) ;
#2410=VECTOR('Line Direction',#2409,1.) ;
#2617=VECTOR('Line Direction',#2616,1.) ;
#2652=VECTOR('Line Direction',#2651,1.) ;
#2676=VECTOR('Line Direction',#2675,1.) ;
#2690=VECTOR('Line Direction',#2689,1.) ;
#2723=VECTOR('Line Direction',#2722,1.) ;
#2747=VECTOR('Line Direction',#2746,1.) ;
#2779=VECTOR('Line Direction',#2778,1.) ;
#2796=VECTOR('Line Direction',#2795,1.) ;
#2813=VECTOR('Line Direction',#2812,1.) ;
#2820=VECTOR('Line Direction',#2819,1.) ;
#2827=VECTOR('Line Direction',#2826,1.) ;
#2844=VECTOR('Line Direction',#2843,1.) ;
#2860=VECTOR('Line Direction',#2859,1.) ;
#2872=VECTOR('Line Direction',#2871,1.) ;
#2900=VECTOR('Line Direction',#2899,1.) ;
#2907=VECTOR('Line Direction',#2906,1.) ;
#2940=VECTOR('Line Direction',#2939,1.) ;
#2963=VECTOR('Line Direction',#2962,1.) ;
#2986=VECTOR('Line Direction',#2985,1.) ;
#3009=VECTOR('Line Direction',#3008,1.) ;
#3030=VECTOR('Line Direction',#3029,1.) ;
#3053=VECTOR('Line Direction',#3052,1.) ;
#3082=VECTOR('Line Direction',#3081,1.) ;
#3089=VECTOR('Line Direction',#3088,1.) ;
#3106=VECTOR('Line Direction',#3105,1.) ;
#3131=VECTOR('Line Direction',#3130,1.) ;
#3152=VECTOR('Line Direction',#3151,1.) ;
#3195=VECTOR('Line Direction',#3194,1.) ;
#3207=VECTOR('Line Direction',#3206,1.) ;
#3249=VECTOR('Line Direction',#3248,1.) ;
#3261=VECTOR('Line Direction',#3260,1.) ;
#3284=VECTOR('Line Direction',#3283,1.) ;
#3338=VECTOR('Line Direction',#3337,1.) ;
#3357=VECTOR('Line Direction',#3356,1.) ;
#3389=VECTOR('Line Direction',#3388,1.) ;
#3406=VECTOR('Line Direction',#3405,1.) ;
#4008=VECTOR('Line Direction',#4007,1.) ;
#4013=VECTOR('Line Direction',#4012,1.) ;
#4037=VECTOR('Line Direction',#4036,1.) ;
#4042=VECTOR('Line Direction',#4041,1.) ;
#4066=VECTOR('Line Direction',#4065,1.) ;
#4071=VECTOR('Line Direction',#4070,1.) ;
#4095=VECTOR('Line Direction',#4094,1.) ;
#4100=VECTOR('Line Direction',#4099,1.) ;
#4124=VECTOR('Line Direction',#4123,1.) ;
#4129=VECTOR('Line Direction',#4128,1.) ;
#4153=VECTOR('Line Direction',#4152,1.) ;
#4158=VECTOR('Line Direction',#4157,1.) ;
#4182=VECTOR('Line Direction',#4181,1.) ;
#4187=VECTOR('Line Direction',#4186,1.) ;
#4211=VECTOR('Line Direction',#4210,1.) ;
#4216=VECTOR('Line Direction',#4215,1.) ;
#4240=VECTOR('Line Direction',#4239,1.) ;
#4245=VECTOR('Line Direction',#4244,1.) ;
#4293=VECTOR('Line Direction',#4292,1.) ;
#4310=VECTOR('Line Direction',#4309,1.) ;
#4315=VECTOR('Line Direction',#4314,1.) ;
#4344=VECTOR('Line Direction',#4343,1.) ;
#4373=VECTOR('Line Direction',#4372,1.) ;
#4390=VECTOR('Line Direction',#4389,1.) ;
#4407=VECTOR('Line Direction',#4406,1.) ;
#4424=VECTOR('Line Direction',#4423,1.) ;
#11=UNCERTAINTY_MEASURE_WITH_UNIT(LENGTH_MEASURE(0.005),#8,'distance_accuracy_value','CONFUSED CURVE UNCERTAINTY') ;
#59=ORIENTED_EDGE('',*,*,#38,.F.) ;
#60=ORIENTED_EDGE('',*,*,#45,.T.) ;
#61=ORIENTED_EDGE('',*,*,#52,.T.) ;
#62=ORIENTED_EDGE('',*,*,#57,.F.) ;
#97=ORIENTED_EDGE('',*,*,#95,.T.) ;
#98=ORIENTED_EDGE('',*,*,#38,.T.) ;
#157=ORIENTED_EDGE('',*,*,#129,.F.) ;
#158=ORIENTED_EDGE('',*,*,#155,.F.) ;
#167=ORIENTED_EDGE('',*,*,#45,.F.) ;
#168=ORIENTED_EDGE('',*,*,#95,.F.) ;
#169=ORIENTED_EDGE('',*,*,#57,.T.) ;
#170=ORIENTED_EDGE('',*,*,#165,.T.) ;
#453=ORIENTED_EDGE('',*,*,#186,.T.) ;
#454=ORIENTED_EDGE('',*,*,#193,.T.) ;
#455=ORIENTED_EDGE('',*,*,#200,.F.) ;
#456=ORIENTED_EDGE('',*,*,#210,.F.) ;
#457=ORIENTED_EDGE('',*,*,#217,.F.) ;
#458=ORIENTED_EDGE('',*,*,#224,.T.) ;
#459=ORIENTED_EDGE('',*,*,#231,.F.) ;
#460=ORIENTED_EDGE('',*,*,#238,.T.) ;
#461=ORIENTED_EDGE('',*,*,#245,.F.) ;
#462=ORIENTED_EDGE('',*,*,#255,.F.) ;
#463=ORIENTED_EDGE('',*,*,#262,.F.) ;
#464=ORIENTED_EDGE('',*,*,#269,.F.) ;
#465=ORIENTED_EDGE('',*,*,#276,.F.) ;
#466=ORIENTED_EDGE('',*,*,#283,.T.) ;
#467=ORIENTED_EDGE('',*,*,#290,.F.) ;
#468=ORIENTED_EDGE('',*,*,#297,.F.) ;
#469=ORIENTED_EDGE('',*,*,#304,.T.) ;
#470=ORIENTED_EDGE('',*,*,#311,.F.) ;
#471=ORIENTED_EDGE('',*,*,#318,.T.) ;
#472=ORIENTED_EDGE('',*,*,#325,.T.) ;
#473=ORIENTED_EDGE('',*,*,#332,.F.) ;
#474=ORIENTED_EDGE('',*,*,#339,.F.) ;
#475=ORIENTED_EDGE('',*,*,#346,.T.) ;
#476=ORIENTED_EDGE('',*,*,#359,.T.) ;
#477=ORIENTED_EDGE('',*,*,#366,.T.) ;
#478=ORIENTED_EDGE('',*,*,#373,.T.) ;
#479=ORIENTED_EDGE('',*,*,#380,.T.) ;
#480=ORIENTED_EDGE('',*,*,#399,.F.) ;
#481=ORIENTED_EDGE('',*,*,#406,.T.) ;
#482=ORIENTED_EDGE('',*,*,#425,.F.) ;
#483=ORIENTED_EDGE('',*,*,#432,.T.) ;
#484=ORIENTED_EDGE('',*,*,#439,.T.) ;
#485=ORIENTED_EDGE('',*,*,#446,.T.) ;
#486=ORIENTED_EDGE('',*,*,#451,.F.) ;
#489=ORIENTED_EDGE('',*,*,#165,.F.) ;
#490=ORIENTED_EDGE('',*,*,#52,.F.) ;
#549=ORIENTED_EDGE('',*,*,#521,.F.) ;
#550=ORIENTED_EDGE('',*,*,#547,.F.) ;
#609=ORIENTED_EDGE('',*,*,#581,.F.) ;
#610=ORIENTED_EDGE('',*,*,#607,.F.) ;
#669=ORIENTED_EDGE('',*,*,#641,.F.) ;
#670=ORIENTED_EDGE('',*,*,#667,.F.) ;
#729=ORIENTED_EDGE('',*,*,#701,.F.) ;
#730=ORIENTED_EDGE('',*,*,#727,.F.) ;
#789=ORIENTED_EDGE('',*,*,#761,.F.) ;
#790=ORIENTED_EDGE('',*,*,#787,.F.) ;
#849=ORIENTED_EDGE('',*,*,#821,.F.) ;
#850=ORIENTED_EDGE('',*,*,#847,.F.) ;
#909=ORIENTED_EDGE('',*,*,#881,.F.) ;
#910=ORIENTED_EDGE('',*,*,#907,.F.) ;
#969=ORIENTED_EDGE('',*,*,#941,.F.) ;
#970=ORIENTED_EDGE('',*,*,#967,.F.) ;
#1029=ORIENTED_EDGE('',*,*,#1001,.F.) ;
#1030=ORIENTED_EDGE('',*,*,#1027,.F.) ;
#1058=ORIENTED_EDGE('',*,*,#1044,.F.) ;
#1059=ORIENTED_EDGE('',*,*,#1051,.F.) ;
#1060=ORIENTED_EDGE('',*,*,#1056,.T.) ;
#1061=ORIENTED_EDGE('',*,*,#129,.T.) ;
#1070=ORIENTED_EDGE('',*,*,#1068,.F.) ;
#1071=ORIENTED_EDGE('',*,*,#1044,.T.) ;
#1072=ORIENTED_EDGE('',*,*,#155,.T.) ;
#1073=ORIENTED_EDGE('',*,*,#1056,.F.) ;
#1101=ORIENTED_EDGE('',*,*,#186,.F.) ;
#1102=ORIENTED_EDGE('',*,*,#1087,.F.) ;
#1103=ORIENTED_EDGE('',*,*,#1094,.T.) ;
#1104=ORIENTED_EDGE('',*,*,#1099,.T.) ;
#1144=ORIENTED_EDGE('',*,*,#1118,.T.) ;
#1145=ORIENTED_EDGE('',*,*,#1125,.F.) ;
#1146=ORIENTED_EDGE('',*,*,#1130,.F.) ;
#1147=ORIENTED_EDGE('',*,*,#193,.F.) ;
#1148=ORIENTED_EDGE('',*,*,#1099,.F.) ;
#1149=ORIENTED_EDGE('',*,*,#1137,.T.) ;
#1150=ORIENTED_EDGE('',*,*,#1142,.T.) ;
#1151=ORIENTED_EDGE('',*,*,#283,.F.) ;
#1200=ORIENTED_EDGE('',*,*,#200,.T.) ;
#1201=ORIENTED_EDGE('',*,*,#1130,.T.) ;
#1202=ORIENTED_EDGE('',*,*,#1165,.T.) ;
#1203=ORIENTED_EDGE('',*,*,#1172,.T.) ;
#1204=ORIENTED_EDGE('',*,*,#1179,.F.) ;
#1205=ORIENTED_EDGE('',*,*,#1186,.T.) ;
#1206=ORIENTED_EDGE('',*,*,#1193,.T.) ;
#1207=ORIENTED_EDGE('',*,*,#1198,.F.) ;
#1228=ORIENTED_EDGE('',*,*,#210,.T.) ;
#1229=ORIENTED_EDGE('',*,*,#1198,.T.) ;
#1230=ORIENTED_EDGE('',*,*,#1221,.T.) ;
#1231=ORIENTED_EDGE('',*,*,#1226,.T.) ;
#1252=ORIENTED_EDGE('',*,*,#1226,.F.) ;
#1253=ORIENTED_EDGE('',*,*,#1245,.T.) ;
#1254=ORIENTED_EDGE('',*,*,#1250,.T.) ;
#1255=ORIENTED_EDGE('',*,*,#217,.T.) ;
#1276=ORIENTED_EDGE('',*,*,#224,.F.) ;
#1277=ORIENTED_EDGE('',*,*,#1250,.F.) ;
#1278=ORIENTED_EDGE('',*,*,#1269,.T.) ;
#1279=ORIENTED_EDGE('',*,*,#1274,.F.) ;
#1300=ORIENTED_EDGE('',*,*,#1274,.T.) ;
#1301=ORIENTED_EDGE('',*,*,#1293,.T.) ;
#1302=ORIENTED_EDGE('',*,*,#1298,.T.) ;
#1303=ORIENTED_EDGE('',*,*,#231,.T.) ;
#1324=ORIENTED_EDGE('',*,*,#238,.F.) ;
#1325=ORIENTED_EDGE('',*,*,#1298,.F.) ;
#1326=ORIENTED_EDGE('',*,*,#1317,.T.) ;
#1327=ORIENTED_EDGE('',*,*,#1322,.F.) ;
#1348=ORIENTED_EDGE('',*,*,#245,.T.) ;
#1349=ORIENTED_EDGE('',*,*,#1322,.T.) ;
#1350=ORIENTED_EDGE('',*,*,#1341,.T.) ;
#1351=ORIENTED_EDGE('',*,*,#1346,.F.) ;
#1372=ORIENTED_EDGE('',*,*,#255,.T.) ;
#1373=ORIENTED_EDGE('',*,*,#1346,.T.) ;
#1374=ORIENTED_EDGE('',*,*,#1365,.T.) ;
#1375=ORIENTED_EDGE('',*,*,#1370,.T.) ;
#1424=ORIENTED_EDGE('',*,*,#262,.T.) ;
#1425=ORIENTED_EDGE('',*,*,#1370,.F.) ;
#1426=ORIENTED_EDGE('',*,*,#1389,.T.) ;
#1427=ORIENTED_EDGE('',*,*,#1396,.T.) ;
#1428=ORIENTED_EDGE('',*,*,#1403,.F.) ;
#1429=ORIENTED_EDGE('',*,*,#1410,.T.) ;
#1430=ORIENTED_EDGE('',*,*,#1417,.T.) ;
#1431=ORIENTED_EDGE('',*,*,#1422,.F.) ;
#1452=ORIENTED_EDGE('',*,*,#269,.T.) ;
#1453=ORIENTED_EDGE('',*,*,#1422,.T.) ;
#1454=ORIENTED_EDGE('',*,*,#1445,.T.) ;
#1455=ORIENTED_EDGE('',*,*,#1450,.T.) ;
#1469=ORIENTED_EDGE('',*,*,#1450,.F.) ;
#1470=ORIENTED_EDGE('',*,*,#1467,.T.) ;
#1471=ORIENTED_EDGE('',*,*,#1118,.F.) ;
#1472=ORIENTED_EDGE('',*,*,#276,.T.) ;
#1568=ORIENTED_EDGE('',*,*,#1488,.F.) ;
#1569=ORIENTED_EDGE('',*,*,#1495,.F.) ;
#1570=ORIENTED_EDGE('',*,*,#1502,.T.) ;
#1571=ORIENTED_EDGE('',*,*,#1509,.F.) ;
#1572=ORIENTED_EDGE('',*,*,#1516,.T.) ;
#1573=ORIENTED_EDGE('',*,*,#1523,.F.) ;
#1574=ORIENTED_EDGE('',*,*,#1528,.F.) ;
#1575=ORIENTED_EDGE('',*,*,#290,.T.) ;
#1576=ORIENTED_EDGE('',*,*,#1142,.F.) ;
#1577=ORIENTED_EDGE('',*,*,#1535,.T.) ;
#1578=ORIENTED_EDGE('',*,*,#1540,.T.) ;
#1579=ORIENTED_EDGE('',*,*,#332,.T.) ;
#1580=ORIENTED_EDGE('',*,*,#1547,.F.) ;
#1581=ORIENTED_EDGE('',*,*,#1554,.F.) ;
#1582=ORIENTED_EDGE('',*,*,#1561,.F.) ;
#1583=ORIENTED_EDGE('',*,*,#1566,.F.) ;
#1604=ORIENTED_EDGE('',*,*,#1528,.T.) ;
#1605=ORIENTED_EDGE('',*,*,#1597,.F.) ;
#1606=ORIENTED_EDGE('',*,*,#1602,.T.) ;
#1607=ORIENTED_EDGE('',*,*,#297,.T.) ;
#1628=ORIENTED_EDGE('',*,*,#304,.F.) ;
#1629=ORIENTED_EDGE('',*,*,#1602,.F.) ;
#1630=ORIENTED_EDGE('',*,*,#1621,.F.) ;
#1631=ORIENTED_EDGE('',*,*,#1626,.F.) ;
#1652=ORIENTED_EDGE('',*,*,#1645,.F.) ;
#1653=ORIENTED_EDGE('',*,*,#1650,.T.) ;
#1654=ORIENTED_EDGE('',*,*,#311,.T.) ;
#1655=ORIENTED_EDGE('',*,*,#1626,.T.) ;
#1676=ORIENTED_EDGE('',*,*,#1650,.F.) ;
#1677=ORIENTED_EDGE('',*,*,#1669,.F.) ;
#1678=ORIENTED_EDGE('',*,*,#1674,.F.) ;
#1679=ORIENTED_EDGE('',*,*,#318,.F.) ;
#1693=ORIENTED_EDGE('',*,*,#325,.F.) ;
#1694=ORIENTED_EDGE('',*,*,#1674,.T.) ;
#1695=ORIENTED_EDGE('',*,*,#1691,.F.) ;
#1696=ORIENTED_EDGE('',*,*,#1547,.T.) ;
#1729=ORIENTED_EDGE('',*,*,#1710,.T.) ;
#1730=ORIENTED_EDGE('',*,*,#1717,.F.) ;
#1731=ORIENTED_EDGE('',*,*,#1722,.F.) ;
#1732=ORIENTED_EDGE('',*,*,#339,.T.) ;
#1733=ORIENTED_EDGE('',*,*,#1540,.F.) ;
#1734=ORIENTED_EDGE('',*,*,#1727,.T.) ;
#1735=ORIENTED_EDGE('',*,*,#1087,.T.) ;
#1736=ORIENTED_EDGE('',*,*,#451,.T.) ;
#1752=ORIENTED_EDGE('',*,*,#1722,.T.) ;
#1753=ORIENTED_EDGE('',*,*,#1745,.T.) ;
#1754=ORIENTED_EDGE('',*,*,#1750,.T.) ;
#1755=ORIENTED_EDGE('',*,*,#346,.F.) ;
#1776=ORIENTED_EDGE('',*,*,#359,.F.) ;
#1777=ORIENTED_EDGE('',*,*,#1750,.F.) ;
#1778=ORIENTED_EDGE('',*,*,#1769,.T.) ;
#1779=ORIENTED_EDGE('',*,*,#1774,.F.) ;
#1828=ORIENTED_EDGE('',*,*,#1793,.T.) ;
#1829=ORIENTED_EDGE('',*,*,#366,.F.) ;
#1830=ORIENTED_EDGE('',*,*,#1774,.T.) ;
#1831=ORIENTED_EDGE('',*,*,#1800,.T.) ;
#1832=ORIENTED_EDGE('',*,*,#1807,.F.) ;
#1833=ORIENTED_EDGE('',*,*,#1814,.T.) ;
#1834=ORIENTED_EDGE('',*,*,#1821,.F.) ;
#1835=ORIENTED_EDGE('',*,*,#1826,.T.) ;
#1856=ORIENTED_EDGE('',*,*,#373,.F.) ;
#1857=ORIENTED_EDGE('',*,*,#1793,.F.) ;
#1858=ORIENTED_EDGE('',*,*,#1849,.T.) ;
#1859=ORIENTED_EDGE('',*,*,#1854,.F.) ;
#1875=ORIENTED_EDGE('',*,*,#380,.F.) ;
#1876=ORIENTED_EDGE('',*,*,#1854,.T.) ;
#1877=ORIENTED_EDGE('',*,*,#1868,.T.) ;
#1878=ORIENTED_EDGE('',*,*,#1873,.F.) ;
#1899=ORIENTED_EDGE('',*,*,#399,.T.) ;
#1900=ORIENTED_EDGE('',*,*,#1873,.T.) ;
#1901=ORIENTED_EDGE('',*,*,#1892,.T.) ;
#1902=ORIENTED_EDGE('',*,*,#1897,.T.) ;
#1923=ORIENTED_EDGE('',*,*,#1897,.F.) ;
#1924=ORIENTED_EDGE('',*,*,#1916,.T.) ;
#1925=ORIENTED_EDGE('',*,*,#1921,.F.) ;
#1926=ORIENTED_EDGE('',*,*,#406,.F.) ;
#1947=ORIENTED_EDGE('',*,*,#425,.T.) ;
#1948=ORIENTED_EDGE('',*,*,#1921,.T.) ;
#1949=ORIENTED_EDGE('',*,*,#1940,.T.) ;
#1950=ORIENTED_EDGE('',*,*,#1945,.T.) ;
#1966=ORIENTED_EDGE('',*,*,#1945,.F.) ;
#1967=ORIENTED_EDGE('',*,*,#1959,.T.) ;
#1968=ORIENTED_EDGE('',*,*,#1964,.T.) ;
#1969=ORIENTED_EDGE('',*,*,#432,.F.) ;
#1990=ORIENTED_EDGE('',*,*,#439,.F.) ;
#1991=ORIENTED_EDGE('',*,*,#1964,.F.) ;
#1992=ORIENTED_EDGE('',*,*,#1983,.T.) ;
#1993=ORIENTED_EDGE('',*,*,#1988,.F.) ;
#2035=ORIENTED_EDGE('',*,*,#1710,.F.) ;
#2036=ORIENTED_EDGE('',*,*,#446,.F.) ;
#2037=ORIENTED_EDGE('',*,*,#1988,.T.) ;
#2038=ORIENTED_EDGE('',*,*,#2007,.T.) ;
#2039=ORIENTED_EDGE('',*,*,#2014,.F.) ;
#2040=ORIENTED_EDGE('',*,*,#2021,.T.) ;
#2041=ORIENTED_EDGE('',*,*,#2028,.F.) ;
#2042=ORIENTED_EDGE('',*,*,#2033,.T.) ;
#2070=ORIENTED_EDGE('',*,*,#2056,.F.) ;
#2071=ORIENTED_EDGE('',*,*,#2063,.F.) ;
#2072=ORIENTED_EDGE('',*,*,#2068,.T.) ;
#2073=ORIENTED_EDGE('',*,*,#521,.T.) ;
#2082=ORIENTED_EDGE('',*,*,#2080,.F.) ;
#2083=ORIENTED_EDGE('',*,*,#2056,.T.) ;
#2084=ORIENTED_EDGE('',*,*,#547,.T.) ;
#2085=ORIENTED_EDGE('',*,*,#2068,.F.) ;
#2113=ORIENTED_EDGE('',*,*,#2099,.F.) ;
#2114=ORIENTED_EDGE('',*,*,#2106,.F.) ;
#2115=ORIENTED_EDGE('',*,*,#2111,.T.) ;
#2116=ORIENTED_EDGE('',*,*,#581,.T.) ;
#2125=ORIENTED_EDGE('',*,*,#2123,.F.) ;
#2126=ORIENTED_EDGE('',*,*,#2099,.T.) ;
#2127=ORIENTED_EDGE('',*,*,#607,.T.) ;
#2128=ORIENTED_EDGE('',*,*,#2111,.F.) ;
#2156=ORIENTED_EDGE('',*,*,#2142,.F.) ;
#2157=ORIENTED_EDGE('',*,*,#2149,.F.) ;
#2158=ORIENTED_EDGE('',*,*,#2154,.T.) ;
#2159=ORIENTED_EDGE('',*,*,#641,.T.) ;
#2168=ORIENTED_EDGE('',*,*,#2166,.F.) ;
#2169=ORIENTED_EDGE('',*,*,#2142,.T.) ;
#2170=ORIENTED_EDGE('',*,*,#667,.T.) ;
#2171=ORIENTED_EDGE('',*,*,#2154,.F.) ;
#2199=ORIENTED_EDGE('',*,*,#2185,.F.) ;
#2200=ORIENTED_EDGE('',*,*,#2192,.F.) ;
#2201=ORIENTED_EDGE('',*,*,#2197,.T.) ;
#2202=ORIENTED_EDGE('',*,*,#701,.T.) ;
#2211=ORIENTED_EDGE('',*,*,#2209,.F.) ;
#2212=ORIENTED_EDGE('',*,*,#2185,.T.) ;
#2213=ORIENTED_EDGE('',*,*,#727,.T.) ;
#2214=ORIENTED_EDGE('',*,*,#2197,.F.) ;
#2242=ORIENTED_EDGE('',*,*,#2228,.F.) ;
#2243=ORIENTED_EDGE('',*,*,#2235,.F.) ;
#2244=ORIENTED_EDGE('',*,*,#2240,.T.) ;
#2245=ORIENTED_EDGE('',*,*,#761,.T.) ;
#2254=ORIENTED_EDGE('',*,*,#2252,.F.) ;
#2255=ORIENTED_EDGE('',*,*,#2228,.T.) ;
#2256=ORIENTED_EDGE('',*,*,#787,.T.) ;
#2257=ORIENTED_EDGE('',*,*,#2240,.F.) ;
#2285=ORIENTED_EDGE('',*,*,#2271,.F.) ;
#2286=ORIENTED_EDGE('',*,*,#2278,.F.) ;
#2287=ORIENTED_EDGE('',*,*,#2283,.T.) ;
#2288=ORIENTED_EDGE('',*,*,#821,.T.) ;
#2297=ORIENTED_EDGE('',*,*,#2295,.F.) ;
#2298=ORIENTED_EDGE('',*,*,#2271,.T.) ;
#2299=ORIENTED_EDGE('',*,*,#847,.T.) ;
#2300=ORIENTED_EDGE('',*,*,#2283,.F.) ;
#2328=ORIENTED_EDGE('',*,*,#2314,.F.) ;
#2329=ORIENTED_EDGE('',*,*,#2321,.F.) ;
#2330=ORIENTED_EDGE('',*,*,#2326,.T.) ;
#2331=ORIENTED_EDGE('',*,*,#881,.T.) ;
#2340=ORIENTED_EDGE('',*,*,#2338,.F.) ;
#2341=ORIENTED_EDGE('',*,*,#2314,.T.) ;
#2342=ORIENTED_EDGE('',*,*,#907,.T.) ;
#2343=ORIENTED_EDGE('',*,*,#2326,.F.) ;
#2371=ORIENTED_EDGE('',*,*,#2357,.F.) ;
#2372=ORIENTED_EDGE('',*,*,#2364,.F.) ;
#2373=ORIENTED_EDGE('',*,*,#2369,.T.) ;
#2374=ORIENTED_EDGE('',*,*,#941,.T.) ;
#2383=ORIENTED_EDGE('',*,*,#2381,.F.) ;
#2384=ORIENTED_EDGE('',*,*,#2357,.T.) ;
#2385=ORIENTED_EDGE('',*,*,#967,.T.) ;
#2386=ORIENTED_EDGE('',*,*,#2369,.F.) ;
#2414=ORIENTED_EDGE('',*,*,#2400,.F.) ;
#2415=ORIENTED_EDGE('',*,*,#2407,.F.) ;
#2416=ORIENTED_EDGE('',*,*,#2412,.T.) ;
#2417=ORIENTED_EDGE('',*,*,#1001,.T.) ;
#2426=ORIENTED_EDGE('',*,*,#2424,.F.) ;
#2427=ORIENTED_EDGE('',*,*,#2400,.T.) ;
#2428=ORIENTED_EDGE('',*,*,#1027,.T.) ;
#2429=ORIENTED_EDGE('',*,*,#2412,.F.) ;
#2438=ORIENTED_EDGE('',*,*,#1137,.F.) ;
#2439=ORIENTED_EDGE('',*,*,#1094,.F.) ;
#2440=ORIENTED_EDGE('',*,*,#1727,.F.) ;
#2441=ORIENTED_EDGE('',*,*,#1535,.F.) ;
#2444=ORIENTED_EDGE('',*,*,#1051,.T.) ;
#2445=ORIENTED_EDGE('',*,*,#1068,.T.) ;
#2462=ORIENTED_EDGE('',*,*,#2455,.T.) ;
#2463=ORIENTED_EDGE('',*,*,#2460,.T.) ;
#2480=ORIENTED_EDGE('',*,*,#2473,.T.) ;
#2481=ORIENTED_EDGE('',*,*,#2478,.T.) ;
#2498=ORIENTED_EDGE('',*,*,#2491,.T.) ;
#2499=ORIENTED_EDGE('',*,*,#2496,.T.) ;
#2516=ORIENTED_EDGE('',*,*,#2509,.T.) ;
#2517=ORIENTED_EDGE('',*,*,#2514,.T.) ;
#2534=ORIENTED_EDGE('',*,*,#2527,.T.) ;
#2535=ORIENTED_EDGE('',*,*,#2532,.T.) ;
#2552=ORIENTED_EDGE('',*,*,#2545,.T.) ;
#2553=ORIENTED_EDGE('',*,*,#2550,.T.) ;
#2570=ORIENTED_EDGE('',*,*,#2563,.T.) ;
#2571=ORIENTED_EDGE('',*,*,#2568,.T.) ;
#2588=ORIENTED_EDGE('',*,*,#2581,.T.) ;
#2589=ORIENTED_EDGE('',*,*,#2586,.T.) ;
#2606=ORIENTED_EDGE('',*,*,#2599,.T.) ;
#2607=ORIENTED_EDGE('',*,*,#2604,.T.) ;
#2635=ORIENTED_EDGE('',*,*,#2623,.T.) ;
#2636=ORIENTED_EDGE('',*,*,#2628,.T.) ;
#2637=ORIENTED_EDGE('',*,*,#1165,.F.) ;
#2638=ORIENTED_EDGE('',*,*,#1125,.T.) ;
#2639=ORIENTED_EDGE('',*,*,#1467,.F.) ;
#2640=ORIENTED_EDGE('',*,*,#1445,.F.) ;
#2641=ORIENTED_EDGE('',*,*,#1417,.F.) ;
#2642=ORIENTED_EDGE('',*,*,#2633,.T.) ;
#2663=ORIENTED_EDGE('',*,*,#1172,.F.) ;
#2664=ORIENTED_EDGE('',*,*,#2628,.F.) ;
#2665=ORIENTED_EDGE('',*,*,#2656,.F.) ;
#2666=ORIENTED_EDGE('',*,*,#2661,.F.) ;
#2706=ORIENTED_EDGE('',*,*,#2682,.F.) ;
#2707=ORIENTED_EDGE('',*,*,#2687,.T.) ;
#2708=ORIENTED_EDGE('',*,*,#1179,.T.) ;
#2709=ORIENTED_EDGE('',*,*,#2661,.T.) ;
#2710=ORIENTED_EDGE('',*,*,#2694,.T.) ;
#2711=ORIENTED_EDGE('',*,*,#2699,.T.) ;
#2712=ORIENTED_EDGE('',*,*,#1403,.T.) ;
#2713=ORIENTED_EDGE('',*,*,#2704,.T.) ;
#2734=ORIENTED_EDGE('',*,*,#2727,.F.) ;
#2735=ORIENTED_EDGE('',*,*,#2732,.F.) ;
#2736=ORIENTED_EDGE('',*,*,#1186,.F.) ;
#2737=ORIENTED_EDGE('',*,*,#2687,.F.) ;
#2758=ORIENTED_EDGE('',*,*,#2751,.T.) ;
#2759=ORIENTED_EDGE('',*,*,#2756,.T.) ;
#2760=ORIENTED_EDGE('',*,*,#1389,.F.) ;
#2761=ORIENTED_EDGE('',*,*,#1365,.F.) ;
#2762=ORIENTED_EDGE('',*,*,#1341,.F.) ;
#2763=ORIENTED_EDGE('',*,*,#1317,.F.) ;
#2764=ORIENTED_EDGE('',*,*,#1293,.F.) ;
#2765=ORIENTED_EDGE('',*,*,#1269,.F.) ;
#2766=ORIENTED_EDGE('',*,*,#1245,.F.) ;
#2767=ORIENTED_EDGE('',*,*,#1221,.F.) ;
#2768=ORIENTED_EDGE('',*,*,#1193,.F.) ;
#2769=ORIENTED_EDGE('',*,*,#2732,.T.) ;
#2783=ORIENTED_EDGE('',*,*,#2704,.F.) ;
#2784=ORIENTED_EDGE('',*,*,#1396,.F.) ;
#2785=ORIENTED_EDGE('',*,*,#2756,.F.) ;
#2786=ORIENTED_EDGE('',*,*,#2781,.F.) ;
#2800=ORIENTED_EDGE('',*,*,#2699,.F.) ;
#2801=ORIENTED_EDGE('',*,*,#2798,.F.) ;
#2802=ORIENTED_EDGE('',*,*,#2633,.F.) ;
#2803=ORIENTED_EDGE('',*,*,#1410,.F.) ;
#2831=ORIENTED_EDGE('',*,*,#2817,.T.) ;
#2832=ORIENTED_EDGE('',*,*,#2824,.F.) ;
#2833=ORIENTED_EDGE('',*,*,#2829,.F.) ;
#2834=ORIENTED_EDGE('',*,*,#1488,.T.) ;
#2883=ORIENTED_EDGE('',*,*,#2850,.T.) ;
#2884=ORIENTED_EDGE('',*,*,#2857,.T.) ;
#2885=ORIENTED_EDGE('',*,*,#2862,.T.) ;
#2886=ORIENTED_EDGE('',*,*,#1495,.T.) ;
#2887=ORIENTED_EDGE('',*,*,#2829,.T.) ;
#2888=ORIENTED_EDGE('',*,*,#2869,.T.) ;
#2889=ORIENTED_EDGE('',*,*,#2876,.T.) ;
#2890=ORIENTED_EDGE('',*,*,#2881,.T.) ;
#2911=ORIENTED_EDGE('',*,*,#2904,.T.) ;
#2912=ORIENTED_EDGE('',*,*,#1502,.F.) ;
#2913=ORIENTED_EDGE('',*,*,#2862,.F.) ;
#2914=ORIENTED_EDGE('',*,*,#2909,.T.) ;
#3057=ORIENTED_EDGE('',*,*,#2937,.F.) ;
#3058=ORIENTED_EDGE('',*,*,#2817,.F.) ;
#3059=ORIENTED_EDGE('',*,*,#1566,.T.) ;
#3060=ORIENTED_EDGE('',*,*,#2944,.T.) ;
#3061=ORIENTED_EDGE('',*,*,#2960,.T.) ;
#3062=ORIENTED_EDGE('',*,*,#2967,.T.) ;
#3063=ORIENTED_EDGE('',*,*,#2983,.T.) ;
#3064=ORIENTED_EDGE('',*,*,#2990,.T.) ;
#3065=ORIENTED_EDGE('',*,*,#3006,.T.) ;
#3066=ORIENTED_EDGE('',*,*,#3011,.T.) ;
#3067=ORIENTED_EDGE('',*,*,#1509,.T.) ;
#3068=ORIENTED_EDGE('',*,*,#2904,.F.) ;
#3069=ORIENTED_EDGE('',*,*,#3027,.F.) ;
#3070=ORIENTED_EDGE('',*,*,#3034,.F.) ;
#3071=ORIENTED_EDGE('',*,*,#3050,.F.) ;
#3072=ORIENTED_EDGE('',*,*,#3055,.F.) ;
#3093=ORIENTED_EDGE('',*,*,#3011,.F.) ;
#3094=ORIENTED_EDGE('',*,*,#3086,.T.) ;
#3095=ORIENTED_EDGE('',*,*,#3091,.T.) ;
#3096=ORIENTED_EDGE('',*,*,#1516,.F.) ;
#3172=ORIENTED_EDGE('',*,*,#3112,.F.) ;
#3173=ORIENTED_EDGE('',*,*,#3128,.T.) ;
#3174=ORIENTED_EDGE('',*,*,#3133,.F.) ;
#3175=ORIENTED_EDGE('',*,*,#1554,.T.) ;
#3176=ORIENTED_EDGE('',*,*,#1691,.T.) ;
#3177=ORIENTED_EDGE('',*,*,#1669,.T.) ;
#3178=ORIENTED_EDGE('',*,*,#1645,.T.) ;
#3179=ORIENTED_EDGE('',*,*,#1621,.T.) ;
#3180=ORIENTED_EDGE('',*,*,#1597,.T.) ;
#3181=ORIENTED_EDGE('',*,*,#1523,.T.) ;
#3182=ORIENTED_EDGE('',*,*,#3091,.F.) ;
#3183=ORIENTED_EDGE('',*,*,#3149,.T.) ;
#3184=ORIENTED_EDGE('',*,*,#3156,.F.) ;
#3185=ORIENTED_EDGE('',*,*,#3170,.T.) ;
#3199=ORIENTED_EDGE('',*,*,#3133,.T.) ;
#3200=ORIENTED_EDGE('',*,*,#3197,.T.) ;
#3201=ORIENTED_EDGE('',*,*,#2944,.F.) ;
#3202=ORIENTED_EDGE('',*,*,#1561,.T.) ;
#3225=ORIENTED_EDGE('',*,*,#3213,.T.) ;
#3226=ORIENTED_EDGE('',*,*,#3218,.T.) ;
#3227=ORIENTED_EDGE('',*,*,#1800,.F.) ;
#3228=ORIENTED_EDGE('',*,*,#1769,.F.) ;
#3229=ORIENTED_EDGE('',*,*,#1745,.F.) ;
#3230=ORIENTED_EDGE('',*,*,#1717,.T.) ;
#3231=ORIENTED_EDGE('',*,*,#2033,.F.) ;
#3232=ORIENTED_EDGE('',*,*,#3223,.T.) ;
#3253=ORIENTED_EDGE('',*,*,#3246,.T.) ;
#3254=ORIENTED_EDGE('',*,*,#1807,.T.) ;
#3255=ORIENTED_EDGE('',*,*,#3218,.F.) ;
#3256=ORIENTED_EDGE('',*,*,#3251,.T.) ;
#3321=ORIENTED_EDGE('',*,*,#3267,.T.) ;
#3322=ORIENTED_EDGE('',*,*,#3281,.F.) ;
#3323=ORIENTED_EDGE('',*,*,#1814,.F.) ;
#3324=ORIENTED_EDGE('',*,*,#3246,.F.) ;
#3325=ORIENTED_EDGE('',*,*,#3288,.F.) ;
#3326=ORIENTED_EDGE('',*,*,#3305,.F.) ;
#3327=ORIENTED_EDGE('',*,*,#2021,.F.) ;
#3328=ORIENTED_EDGE('',*,*,#3319,.F.) ;
#3349=ORIENTED_EDGE('',*,*,#3281,.T.) ;
#3350=ORIENTED_EDGE('',*,*,#3342,.T.) ;
#3351=ORIENTED_EDGE('',*,*,#3347,.F.) ;
#3352=ORIENTED_EDGE('',*,*,#1821,.T.) ;
#3368=ORIENTED_EDGE('',*,*,#3361,.T.) ;
#3369=ORIENTED_EDGE('',*,*,#3366,.T.) ;
#3370=ORIENTED_EDGE('',*,*,#2007,.F.) ;
#3371=ORIENTED_EDGE('',*,*,#1983,.F.) ;
#3372=ORIENTED_EDGE('',*,*,#1959,.F.) ;
#3373=ORIENTED_EDGE('',*,*,#1940,.F.) ;
#3374=ORIENTED_EDGE('',*,*,#1916,.F.) ;
#3375=ORIENTED_EDGE('',*,*,#1892,.F.) ;
#3376=ORIENTED_EDGE('',*,*,#1868,.F.) ;
#3377=ORIENTED_EDGE('',*,*,#1849,.F.) ;
#3378=ORIENTED_EDGE('',*,*,#1826,.F.) ;
#3379=ORIENTED_EDGE('',*,*,#3347,.T.) ;
#3393=ORIENTED_EDGE('',*,*,#2014,.T.) ;
#3394=ORIENTED_EDGE('',*,*,#3366,.F.) ;
#3395=ORIENTED_EDGE('',*,*,#3391,.T.) ;
#3396=ORIENTED_EDGE('',*,*,#3319,.T.) ;
#3410=ORIENTED_EDGE('',*,*,#3408,.T.) ;
#3411=ORIENTED_EDGE('',*,*,#3223,.F.) ;
#3412=ORIENTED_EDGE('',*,*,#2028,.T.) ;
#3413=ORIENTED_EDGE('',*,*,#3305,.T.) ;
#3417=ORIENTED_EDGE('',*,*,#2063,.T.) ;
#3418=ORIENTED_EDGE('',*,*,#2080,.T.) ;
#3477=ORIENTED_EDGE('',*,*,#3449,.F.) ;
#3478=ORIENTED_EDGE('',*,*,#3475,.F.) ;
#3482=ORIENTED_EDGE('',*,*,#2106,.T.) ;
#3483=ORIENTED_EDGE('',*,*,#2123,.T.) ;
#3542=ORIENTED_EDGE('',*,*,#3514,.F.) ;
#3543=ORIENTED_EDGE('',*,*,#3540,.F.) ;
#3547=ORIENTED_EDGE('',*,*,#2149,.T.) ;
#3548=ORIENTED_EDGE('',*,*,#2166,.T.) ;
#3607=ORIENTED_EDGE('',*,*,#3579,.F.) ;
#3608=ORIENTED_EDGE('',*,*,#3605,.F.) ;
#3612=ORIENTED_EDGE('',*,*,#2192,.T.) ;
#3613=ORIENTED_EDGE('',*,*,#2209,.T.) ;
#3672=ORIENTED_EDGE('',*,*,#3644,.F.) ;
#3673=ORIENTED_EDGE('',*,*,#3670,.F.) ;
#3677=ORIENTED_EDGE('',*,*,#2235,.T.) ;
#3678=ORIENTED_EDGE('',*,*,#2252,.T.) ;
#3737=ORIENTED_EDGE('',*,*,#3709,.F.) ;
#3738=ORIENTED_EDGE('',*,*,#3735,.F.) ;
#3742=ORIENTED_EDGE('',*,*,#2278,.T.) ;
#3743=ORIENTED_EDGE('',*,*,#2295,.T.) ;
#3802=ORIENTED_EDGE('',*,*,#3774,.F.) ;
#3803=ORIENTED_EDGE('',*,*,#3800,.F.) ;
#3807=ORIENTED_EDGE('',*,*,#2321,.T.) ;
#3808=ORIENTED_EDGE('',*,*,#2338,.T.) ;
#3867=ORIENTED_EDGE('',*,*,#3839,.F.) ;
#3868=ORIENTED_EDGE('',*,*,#3865,.F.) ;
#3872=ORIENTED_EDGE('',*,*,#2364,.T.) ;
#3873=ORIENTED_EDGE('',*,*,#2381,.T.) ;
#3932=ORIENTED_EDGE('',*,*,#3904,.F.) ;
#3933=ORIENTED_EDGE('',*,*,#3930,.F.) ;
#3937=ORIENTED_EDGE('',*,*,#2407,.T.) ;
#3938=ORIENTED_EDGE('',*,*,#2424,.T.) ;
#3997=ORIENTED_EDGE('',*,*,#3969,.F.) ;
#3998=ORIENTED_EDGE('',*,*,#3995,.F.) ;
#4017=ORIENTED_EDGE('',*,*,#4010,.F.) ;
#4018=ORIENTED_EDGE('',*,*,#2455,.F.) ;
#4019=ORIENTED_EDGE('',*,*,#4015,.T.) ;
#4020=ORIENTED_EDGE('',*,*,#3449,.T.) ;
#4024=ORIENTED_EDGE('',*,*,#2460,.F.) ;
#4025=ORIENTED_EDGE('',*,*,#4010,.T.) ;
#4026=ORIENTED_EDGE('',*,*,#3475,.T.) ;
#4027=ORIENTED_EDGE('',*,*,#4015,.F.) ;
#4046=ORIENTED_EDGE('',*,*,#4039,.F.) ;
#4047=ORIENTED_EDGE('',*,*,#2473,.F.) ;
#4048=ORIENTED_EDGE('',*,*,#4044,.T.) ;
#4049=ORIENTED_EDGE('',*,*,#3514,.T.) ;
#4053=ORIENTED_EDGE('',*,*,#2478,.F.) ;
#4054=ORIENTED_EDGE('',*,*,#4039,.T.) ;
#4055=ORIENTED_EDGE('',*,*,#3540,.T.) ;
#4056=ORIENTED_EDGE('',*,*,#4044,.F.) ;
#4075=ORIENTED_EDGE('',*,*,#4068,.F.) ;
#4076=ORIENTED_EDGE('',*,*,#2491,.F.) ;
#4077=ORIENTED_EDGE('',*,*,#4073,.T.) ;
#4078=ORIENTED_EDGE('',*,*,#3579,.T.) ;
#4082=ORIENTED_EDGE('',*,*,#2496,.F.) ;
#4083=ORIENTED_EDGE('',*,*,#4068,.T.) ;
#4084=ORIENTED_EDGE('',*,*,#3605,.T.) ;
#4085=ORIENTED_EDGE('',*,*,#4073,.F.) ;
#4104=ORIENTED_EDGE('',*,*,#4097,.F.) ;
#4105=ORIENTED_EDGE('',*,*,#2509,.F.) ;
#4106=ORIENTED_EDGE('',*,*,#4102,.T.) ;
#4107=ORIENTED_EDGE('',*,*,#3644,.T.) ;
#4111=ORIENTED_EDGE('',*,*,#2514,.F.) ;
#4112=ORIENTED_EDGE('',*,*,#4097,.T.) ;
#4113=ORIENTED_EDGE('',*,*,#3670,.T.) ;
#4114=ORIENTED_EDGE('',*,*,#4102,.F.) ;
#4133=ORIENTED_EDGE('',*,*,#4126,.F.) ;
#4134=ORIENTED_EDGE('',*,*,#2527,.F.) ;
#4135=ORIENTED_EDGE('',*,*,#4131,.T.) ;
#4136=ORIENTED_EDGE('',*,*,#3709,.T.) ;
#4140=ORIENTED_EDGE('',*,*,#2532,.F.) ;
#4141=ORIENTED_EDGE('',*,*,#4126,.T.) ;
#4142=ORIENTED_EDGE('',*,*,#3735,.T.) ;
#4143=ORIENTED_EDGE('',*,*,#4131,.F.) ;
#4162=ORIENTED_EDGE('',*,*,#4155,.F.) ;
#4163=ORIENTED_EDGE('',*,*,#2545,.F.) ;
#4164=ORIENTED_EDGE('',*,*,#4160,.T.) ;
#4165=ORIENTED_EDGE('',*,*,#3774,.T.) ;
#4169=ORIENTED_EDGE('',*,*,#2550,.F.) ;
#4170=ORIENTED_EDGE('',*,*,#4155,.T.) ;
#4171=ORIENTED_EDGE('',*,*,#3800,.T.) ;
#4172=ORIENTED_EDGE('',*,*,#4160,.F.) ;
#4191=ORIENTED_EDGE('',*,*,#4184,.F.) ;
#4192=ORIENTED_EDGE('',*,*,#2563,.F.) ;
#4193=ORIENTED_EDGE('',*,*,#4189,.T.) ;
#4194=ORIENTED_EDGE('',*,*,#3839,.T.) ;
#4198=ORIENTED_EDGE('',*,*,#2568,.F.) ;
#4199=ORIENTED_EDGE('',*,*,#4184,.T.) ;
#4200=ORIENTED_EDGE('',*,*,#3865,.T.) ;
#4201=ORIENTED_EDGE('',*,*,#4189,.F.) ;
#4220=ORIENTED_EDGE('',*,*,#4213,.F.) ;
#4221=ORIENTED_EDGE('',*,*,#2581,.F.) ;
#4222=ORIENTED_EDGE('',*,*,#4218,.T.) ;
#4223=ORIENTED_EDGE('',*,*,#3904,.T.) ;
#4227=ORIENTED_EDGE('',*,*,#2586,.F.) ;
#4228=ORIENTED_EDGE('',*,*,#4213,.T.) ;
#4229=ORIENTED_EDGE('',*,*,#3930,.T.) ;
#4230=ORIENTED_EDGE('',*,*,#4218,.F.) ;
#4249=ORIENTED_EDGE('',*,*,#4242,.F.) ;
#4250=ORIENTED_EDGE('',*,*,#2599,.F.) ;
#4251=ORIENTED_EDGE('',*,*,#4247,.T.) ;
#4252=ORIENTED_EDGE('',*,*,#3969,.T.) ;
#4256=ORIENTED_EDGE('',*,*,#2604,.F.) ;
#4257=ORIENTED_EDGE('',*,*,#4242,.T.) ;
#4258=ORIENTED_EDGE('',*,*,#3995,.T.) ;
#4259=ORIENTED_EDGE('',*,*,#4247,.F.) ;
#4268=ORIENTED_EDGE('',*,*,#2656,.T.) ;
#4269=ORIENTED_EDGE('',*,*,#2623,.F.) ;
#4270=ORIENTED_EDGE('',*,*,#2798,.T.) ;
#4271=ORIENTED_EDGE('',*,*,#2694,.F.) ;
#4280=ORIENTED_EDGE('',*,*,#2682,.T.) ;
#4281=ORIENTED_EDGE('',*,*,#2781,.T.) ;
#4282=ORIENTED_EDGE('',*,*,#2751,.F.) ;
#4283=ORIENTED_EDGE('',*,*,#2727,.T.) ;
#4297=ORIENTED_EDGE('',*,*,#2937,.T.) ;
#4298=ORIENTED_EDGE('',*,*,#4295,.F.) ;
#4299=ORIENTED_EDGE('',*,*,#2869,.F.) ;
#4300=ORIENTED_EDGE('',*,*,#2824,.T.) ;
#4319=ORIENTED_EDGE('',*,*,#3034,.T.) ;
#4320=ORIENTED_EDGE('',*,*,#4312,.F.) ;
#4321=ORIENTED_EDGE('',*,*,#2850,.F.) ;
#4322=ORIENTED_EDGE('',*,*,#4317,.T.) ;
#4331=ORIENTED_EDGE('',*,*,#3027,.T.) ;
#4332=ORIENTED_EDGE('',*,*,#2909,.F.) ;
#4333=ORIENTED_EDGE('',*,*,#2857,.F.) ;
#4334=ORIENTED_EDGE('',*,*,#4312,.T.) ;
#4348=ORIENTED_EDGE('',*,*,#3055,.T.) ;
#4349=ORIENTED_EDGE('',*,*,#4346,.F.) ;
#4350=ORIENTED_EDGE('',*,*,#2876,.F.) ;
#4351=ORIENTED_EDGE('',*,*,#4295,.T.) ;
#4360=ORIENTED_EDGE('',*,*,#3050,.T.) ;
#4361=ORIENTED_EDGE('',*,*,#4317,.F.) ;
#4362=ORIENTED_EDGE('',*,*,#2881,.F.) ;
#4363=ORIENTED_EDGE('',*,*,#4346,.T.) ;
#4377=ORIENTED_EDGE('',*,*,#2960,.F.) ;
#4378=ORIENTED_EDGE('',*,*,#3197,.F.) ;
#4379=ORIENTED_EDGE('',*,*,#3128,.F.) ;
#4380=ORIENTED_EDGE('',*,*,#4375,.F.) ;
#4394=ORIENTED_EDGE('',*,*,#2967,.F.) ;
#4395=ORIENTED_EDGE('',*,*,#4375,.T.) ;
#4396=ORIENTED_EDGE('',*,*,#3112,.T.) ;
#4397=ORIENTED_EDGE('',*,*,#4392,.T.) ;
#4411=ORIENTED_EDGE('',*,*,#2983,.F.) ;
#4412=ORIENTED_EDGE('',*,*,#4392,.F.) ;
#4413=ORIENTED_EDGE('',*,*,#3170,.F.) ;
#4414=ORIENTED_EDGE('',*,*,#4409,.F.) ;
#4428=ORIENTED_EDGE('',*,*,#2990,.F.) ;
#4429=ORIENTED_EDGE('',*,*,#4409,.T.) ;
#4430=ORIENTED_EDGE('',*,*,#3156,.T.) ;
#4431=ORIENTED_EDGE('',*,*,#4426,.T.) ;
#4440=ORIENTED_EDGE('',*,*,#3006,.F.) ;
#4441=ORIENTED_EDGE('',*,*,#4426,.F.) ;
#4442=ORIENTED_EDGE('',*,*,#3149,.F.) ;
#4443=ORIENTED_EDGE('',*,*,#3086,.F.) ;
#4452=ORIENTED_EDGE('',*,*,#3251,.F.) ;
#4453=ORIENTED_EDGE('',*,*,#3213,.F.) ;
#4454=ORIENTED_EDGE('',*,*,#3408,.F.) ;
#4455=ORIENTED_EDGE('',*,*,#3288,.T.) ;
#4464=ORIENTED_EDGE('',*,*,#3267,.F.) ;
#4465=ORIENTED_EDGE('',*,*,#3391,.F.) ;
#4466=ORIENTED_EDGE('',*,*,#3361,.F.) ;
#4467=ORIENTED_EDGE('',*,*,#3342,.F.) ;
#159=FACE_BOUND('',#156,.T.) ;
#491=FACE_BOUND('',#488,.T.) ;
#551=FACE_BOUND('',#548,.T.) ;
#611=FACE_BOUND('',#608,.T.) ;
#671=FACE_BOUND('',#668,.T.) ;
#731=FACE_BOUND('',#728,.T.) ;
#791=FACE_BOUND('',#788,.T.) ;
#851=FACE_BOUND('',#848,.T.) ;
#911=FACE_BOUND('',#908,.T.) ;
#971=FACE_BOUND('',#968,.T.) ;
#1031=FACE_BOUND('',#1028,.T.) ;
#2446=FACE_BOUND('',#2443,.T.) ;
#2464=FACE_BOUND('',#2461,.T.) ;
#2482=FACE_BOUND('',#2479,.T.) ;
#2500=FACE_BOUND('',#2497,.T.) ;
#2518=FACE_BOUND('',#2515,.T.) ;
#2536=FACE_BOUND('',#2533,.T.) ;
#2554=FACE_BOUND('',#2551,.T.) ;
#2572=FACE_BOUND('',#2569,.T.) ;
#2590=FACE_BOUND('',#2587,.T.) ;
#2608=FACE_BOUND('',#2605,.T.) ;
#3479=FACE_BOUND('',#3476,.T.) ;
#3544=FACE_BOUND('',#3541,.T.) ;
#3609=FACE_BOUND('',#3606,.T.) ;
#3674=FACE_BOUND('',#3671,.T.) ;
#3739=FACE_BOUND('',#3736,.T.) ;
#3804=FACE_BOUND('',#3801,.T.) ;
#3869=FACE_BOUND('',#3866,.T.) ;
#3934=FACE_BOUND('',#3931,.T.) ;
#3999=FACE_BOUND('',#3996,.T.) ;
#24=CLOSED_SHELL('Closed Shell',(#64,#160,#172,#1032,#1063,#1075,#1106,#1153,#1209,#1233,#1257,#1281,#1305,#1329,#1353,#1377,#1433,#1457,#1474,#1585,#1609,#1633,#1657,#1681,#1698,#1738,#1757,#1781,#1837,#1861,#1880,#1904,#1928,#1952,#1971,#1995,#2044,#2075,#2087,#2118,#2130,#2161,#2173,#2204,#2216,#2247,#2259,#2290,#2302,#2333,#2345,#2376,#2388,#2419,#2431,#2609,#2644,#2668,#2715,#2739,#2771,#2788,#2805,#2836,#2892,#2916,#3074,#3098,#3187,#3204,#3234,#3258,#3330,#3354,#3381,#3398,#3415,#3480,#3545,#3610,#3675,#3740,#3805,#3870,#3935,#4000,#4022,#4029,#4051,#4058,#4080,#4087,#4109,#4116,#4138,#4145,#4167,#4174,#4196,#4203,#4225,#4232,#4254,#4261,#4273,#4285,#4302,#4324,#4336,#4353,#4365,#4382,#4399,#4416,#4433,#4445,#4457,#4469)) ;
#64=ADVANCED_FACE('',(#63),#29,.F.) ;
#160=ADVANCED_FACE('',(#99,#159),#69,.F.) ;
#172=ADVANCED_FACE('',(#171),#29,.F.) ;
#1032=ADVANCED_FACE('',(#487,#491,#551,#611,#671,#731,#791,#851,#911,#971,#1031),#177,.F.) ;
#1063=ADVANCED_FACE('',(#1062),#1037,.F.) ;
#1075=ADVANCED_FACE('',(#1074),#1037,.F.) ;
#1106=ADVANCED_FACE('',(#1105),#1080,.T.) ;
#1153=ADVANCED_FACE('',(#1152),#1111,.F.) ;
#1209=ADVANCED_FACE('',(#1208),#1158,.T.) ;
#1233=ADVANCED_FACE('',(#1232),#1214,.F.) ;
#1257=ADVANCED_FACE('',(#1256),#1238,.T.) ;
#1281=ADVANCED_FACE('',(#1280),#1262,.F.) ;
#1305=ADVANCED_FACE('',(#1304),#1286,.T.) ;
#1329=ADVANCED_FACE('',(#1328),#1310,.F.) ;
#1353=ADVANCED_FACE('',(#1352),#1334,.T.) ;
#1377=ADVANCED_FACE('',(#1376),#1358,.F.) ;
#1433=ADVANCED_FACE('',(#1432),#1382,.T.) ;
#1457=ADVANCED_FACE('',(#1456),#1438,.T.) ;
#1474=ADVANCED_FACE('',(#1473),#1462,.T.) ;
#1585=ADVANCED_FACE('',(#1584),#1479,.T.) ;
#1609=ADVANCED_FACE('',(#1608),#1590,.F.) ;
#1633=ADVANCED_FACE('',(#1632),#1614,.F.) ;
#1657=ADVANCED_FACE('',(#1656),#1638,.T.) ;
#1681=ADVANCED_FACE('',(#1680),#1662,.F.) ;
#1698=ADVANCED_FACE('',(#1697),#1686,.F.) ;
#1738=ADVANCED_FACE('',(#1737),#1703,.F.) ;
#1757=ADVANCED_FACE('',(#1756),#1462,.T.) ;
#1781=ADVANCED_FACE('',(#1780),#1762,.T.) ;
#1837=ADVANCED_FACE('',(#1836),#1786,.T.) ;
#1861=ADVANCED_FACE('',(#1860),#1842,.F.) ;
#1880=ADVANCED_FACE('',(#1879),#1334,.T.) ;
#1904=ADVANCED_FACE('',(#1903),#1885,.F.) ;
#1928=ADVANCED_FACE('',(#1927),#1909,.T.) ;
#1952=ADVANCED_FACE('',(#1951),#1933,.F.) ;
#1971=ADVANCED_FACE('',(#1970),#1238,.T.) ;
#1995=ADVANCED_FACE('',(#1994),#1976,.F.) ;
#2044=ADVANCED_FACE('',(#2043),#2000,.T.) ;
#2075=ADVANCED_FACE('',(#2074),#2049,.F.) ;
#2087=ADVANCED_FACE('',(#2086),#2049,.F.) ;
#2118=ADVANCED_FACE('',(#2117),#2092,.F.) ;
#2130=ADVANCED_FACE('',(#2129),#2092,.F.) ;
#2161=ADVANCED_FACE('',(#2160),#2135,.F.) ;
#2173=ADVANCED_FACE('',(#2172),#2135,.F.) ;
#2204=ADVANCED_FACE('',(#2203),#2178,.F.) ;
#2216=ADVANCED_FACE('',(#2215),#2178,.F.) ;
#2247=ADVANCED_FACE('',(#2246),#2221,.F.) ;
#2259=ADVANCED_FACE('',(#2258),#2221,.F.) ;
#2290=ADVANCED_FACE('',(#2289),#2264,.F.) ;
#2302=ADVANCED_FACE('',(#2301),#2264,.F.) ;
#2333=ADVANCED_FACE('',(#2332),#2307,.F.) ;
#2345=ADVANCED_FACE('',(#2344),#2307,.F.) ;
#2376=ADVANCED_FACE('',(#2375),#2350,.F.) ;
#2388=ADVANCED_FACE('',(#2387),#2350,.F.) ;
#2419=ADVANCED_FACE('',(#2418),#2393,.F.) ;
#2431=ADVANCED_FACE('',(#2430),#2393,.F.) ;
#2609=ADVANCED_FACE('',(#2442,#2446,#2464,#2482,#2500,#2518,#2536,#2554,#2572,#2590,#2608),#2436,.F.) ;
#2644=ADVANCED_FACE('',(#2643),#2614,.T.) ;
#2668=ADVANCED_FACE('',(#2667),#2649,.F.) ;
#2715=ADVANCED_FACE('',(#2714),#2673,.F.) ;
#2739=ADVANCED_FACE('',(#2738),#2720,.F.) ;
#2771=ADVANCED_FACE('',(#2770),#2744,.T.) ;
#2788=ADVANCED_FACE('',(#2787),#2776,.F.) ;
#2805=ADVANCED_FACE('',(#2804),#2793,.F.) ;
#2836=ADVANCED_FACE('',(#2835),#2810,.F.) ;
#2892=ADVANCED_FACE('',(#2891),#2841,.T.) ;
#2916=ADVANCED_FACE('',(#2915),#2897,.F.) ;
#3074=ADVANCED_FACE('',(#3073),#2921,.F.) ;
#3098=ADVANCED_FACE('',(#3097),#3079,.F.) ;
#3187=ADVANCED_FACE('',(#3186),#3103,.T.) ;
#3204=ADVANCED_FACE('',(#3203),#3192,.F.) ;
#3234=ADVANCED_FACE('',(#3233),#2614,.T.) ;
#3258=ADVANCED_FACE('',(#3257),#3239,.F.) ;
#3330=ADVANCED_FACE('',(#3329),#2673,.F.) ;
#3354=ADVANCED_FACE('',(#3353),#3335,.F.) ;
#3381=ADVANCED_FACE('',(#3380),#2744,.T.) ;
#3398=ADVANCED_FACE('',(#3397),#3386,.F.) ;
#3415=ADVANCED_FACE('',(#3414),#3403,.F.) ;
#3480=ADVANCED_FACE('',(#3419,#3479),#69,.F.) ;
#3545=ADVANCED_FACE('',(#3484,#3544),#69,.F.) ;
#3610=ADVANCED_FACE('',(#3549,#3609),#69,.F.) ;
#3675=ADVANCED_FACE('',(#3614,#3674),#69,.F.) ;
#3740=ADVANCED_FACE('',(#3679,#3739),#69,.F.) ;
#3805=ADVANCED_FACE('',(#3744,#3804),#69,.F.) ;
#3870=ADVANCED_FACE('',(#3809,#3869),#69,.F.) ;
#3935=ADVANCED_FACE('',(#3874,#3934),#69,.F.) ;
#4000=ADVANCED_FACE('',(#3939,#3999),#69,.F.) ;
#4022=ADVANCED_FACE('',(#4021),#4005,.F.) ;
#4029=ADVANCED_FACE('',(#4028),#4005,.F.) ;
#4051=ADVANCED_FACE('',(#4050),#4034,.F.) ;
#4058=ADVANCED_FACE('',(#4057),#4034,.F.) ;
#4080=ADVANCED_FACE('',(#4079),#4063,.F.) ;
#4087=ADVANCED_FACE('',(#4086),#4063,.F.) ;
#4109=ADVANCED_FACE('',(#4108),#4092,.F.) ;
#4116=ADVANCED_FACE('',(#4115),#4092,.F.) ;
#4138=ADVANCED_FACE('',(#4137),#4121,.F.) ;
#4145=ADVANCED_FACE('',(#4144),#4121,.F.) ;
#4167=ADVANCED_FACE('',(#4166),#4150,.F.) ;
#4174=ADVANCED_FACE('',(#4173),#4150,.F.) ;
#4196=ADVANCED_FACE('',(#4195),#4179,.F.) ;
#4203=ADVANCED_FACE('',(#4202),#4179,.F.) ;
#4225=ADVANCED_FACE('',(#4224),#4208,.F.) ;
#4232=ADVANCED_FACE('',(#4231),#4208,.F.) ;
#4254=ADVANCED_FACE('',(#4253),#4237,.F.) ;
#4261=ADVANCED_FACE('',(#4260),#4237,.F.) ;
#4273=ADVANCED_FACE('',(#4272),#4266,.T.) ;
#4285=ADVANCED_FACE('',(#4284),#4278,.F.) ;
#4302=ADVANCED_FACE('',(#4301),#4290,.F.) ;
#4324=ADVANCED_FACE('',(#4323),#4307,.F.) ;
#4336=ADVANCED_FACE('',(#4335),#4329,.F.) ;
#4353=ADVANCED_FACE('',(#4352),#4341,.F.) ;
#4365=ADVANCED_FACE('',(#4364),#4358,.F.) ;
#4382=ADVANCED_FACE('',(#4381),#4370,.T.) ;
#4399=ADVANCED_FACE('',(#4398),#4387,.F.) ;
#4416=ADVANCED_FACE('',(#4415),#4404,.T.) ;
#4433=ADVANCED_FACE('',(#4432),#4421,.F.) ;
#4445=ADVANCED_FACE('',(#4444),#4438,.T.) ;
#4457=ADVANCED_FACE('',(#4456),#4450,.T.) ;
#4469=ADVANCED_FACE('',(#4468),#4462,.F.) ;
#4=APPLICATION_PROTOCOL_DEFINITION('international standard','automotive_design',2001,#1) ;
#70=B_SPLINE_CURVE_WITH_KNOTS('',5,(#71,#72,#73,#74,#75,#76,#77,#78,#79,#80,#81,#82,#83,#84,#85,#86,#87,#88,#89,#90,#91,#92,#93,#94),.UNSPECIFIED.,.F.,.U.,(6,3,3,3,3,3,3,6),(0.,8.36219662776,16.7243932576,25.0865898703,33.4487864843,41.810983105,50.173179713,52.8350324367),.UNSPECIFIED.) ;
#100=B_SPLINE_CURVE_WITH_KNOTS('',5,(#101,#102,#103,#104,#105,#106,#107,#108,#109,#110,#111,#112,#113,#114,#115,#116,#117,#118,#119,#120,#121,#122,#123,#124),.UNSPECIFIED.,.F.,.U.,(6,3,3,3,3,3,3,6),(0.,4.49995886351,8.99991773168,13.4998765844,17.9998354259,22.4997942917,26.999753148,29.9892074478),.UNSPECIFIED.) ;
#130=B_SPLINE_CURVE_WITH_KNOTS('',5,(#131,#132,#133,#134,#135,#136,#137,#138,#139,#140,#141,#142,#143,#144,#145,#146,#147,#148,#149,#150,#151,#152,#153,#154),.UNSPECIFIED.,.F.,.U.,(6,3,3,3,3,3,3,6),(0.,4.49995886322,8.99991773142,13.4998765839,17.9998354251,22.4997942914,26.9997531481,29.9892074478),.UNSPECIFIED.) ;
#201=B_SPLINE_CURVE_WITH_KNOTS('',5,(#202,#203,#204,#205,#206,#207),.UNSPECIFIED.,.F.,.U.,(6,6),(0.,6.14150677968),.UNSPECIFIED.) ;
#246=B_SPLINE_CURVE_WITH_KNOTS('',5,(#247,#248,#249,#250,#251,#252),.UNSPECIFIED.,.F.,.U.,(6,6),(0.,14.4252043803),.UNSPECIFIED.) ;
#347=B_SPLINE_CURVE_WITH_KNOTS('',5,(#348,#349,#350,#351,#352,#353,#354,#355,#356),.UNSPECIFIED.,.F.,.U.,(6,3,6),(0.,18.3301463511,18.3593522018),.UNSPECIFIED.) ;
#381=B_SPLINE_CURVE_WITH_KNOTS('',5,(#382,#383,#384,#385,#386,#387,#388,#389,#390,#391,#392,#393,#394,#395,#396),.UNSPECIFIED.,.F.,.U.,(6,3,3,3,6),(0.,5.87869748533,11.757394978,17.636092473,17.7712976749),.UNSPECIFIED.) ;
#407=B_SPLINE_CURVE_WITH_KNOTS('',5,(#408,#409,#410,#411,#412,#413,#414,#415,#416,#417,#418,#419,#420,#421,#422),.UNSPECIFIED.,.F.,.U.,(6,3,3,3,6),(0.,5.8786974856,11.757394979,17.6360924734,17.7712976752),.UNSPECIFIED.) ;
#492=B_SPLINE_CURVE_WITH_KNOTS('',5,(#493,#494,#495,#496,#497,#498,#499,#500,#501,#502,#503,#504,#505,#506,#507,#508,#509,#510,#511,#512,#513,#514,#515,#516),.UNSPECIFIED.,.F.,.U.,(6,3,3,3,3,3,3,6),(0.,8.36219662212,16.7243932436,25.0865898757,33.4487865118,41.8109831295,50.1731797389,52.8350324626),.UNSPECIFIED.) ;
#522=B_SPLINE_CURVE_WITH_KNOTS('',5,(#523,#524,#525,#526,#527,#528,#529,#530,#531,#532,#533,#534,#535,#536,#537,#538,#539,#540,#541,#542,#543,#544,#545,#546),.UNSPECIFIED.,.F.,.U.,(6,3,3,3,3,3,3,6),(0.,8.36219660661,16.7243932051,25.0865897902,33.4487863877,41.810982989,50.1731795954,52.8350323191),.UNSPECIFIED.) ;
#552=B_SPLINE_CURVE_WITH_KNOTS('',5,(#553,#554,#555,#556,#557,#558,#559,#560,#561,#562,#563,#564,#565,#566,#567,#568,#569,#570,#571,#572,#573,#574,#575,#576),.UNSPECIFIED.,.F.,.U.,(6,3,3,3,3,3,3,6),(0.,8.36219662921,16.7243932604,25.0865898749,33.4487864892,41.8109831093,50.1731797158,52.8350324395),.UNSPECIFIED.) ;
#582=B_SPLINE_CURVE_WITH_KNOTS('',5,(#583,#584,#585,#586,#587,#588,#589,#590,#591,#592,#593,#594,#595,#596,#597,#598,#599,#600,#601,#602,#603,#604,#605,#606),.UNSPECIFIED.,.F.,.U.,(6,3,3,3,3,3,3,6),(0.,8.362196626,16.7243932539,25.086589866,33.4487864792,41.8109831,50.1731797092,52.8350324328),.UNSPECIFIED.) ;
#612=B_SPLINE_CURVE_WITH_KNOTS('',5,(#613,#614,#615,#616,#617,#618,#619,#620,#621,#622,#623,#624,#625,#626,#627,#628,#629,#630,#631,#632,#633,#634,#635,#636),.UNSPECIFIED.,.F.,.U.,(6,3,3,3,3,3,3,6),(0.,8.36219660351,16.7243932106,25.0865898153,33.4487864179,41.8109830264,50.173179636,52.8350323596),.UNSPECIFIED.) ;
#642=B_SPLINE_CURVE_WITH_KNOTS('',5,(#643,#644,#645,#646,#647,#648,#649,#650,#651,#652,#653,#654,#655,#656,#657,#658,#659,#660,#661,#662,#663,#664,#665,#666),.UNSPECIFIED.,.F.,.U.,(6,3,3,3,3,3,3,6),(0.,8.36219661838,16.7243932328,25.0865898539,33.4487864803,41.8109831131,50.1731797312,52.8350324549),.UNSPECIFIED.) ;
#672=B_SPLINE_CURVE_WITH_KNOTS('',5,(#673,#674,#675,#676,#677,#678,#679,#680,#681,#682,#683,#684,#685,#686,#687,#688,#689,#690,#691,#692,#693,#694,#695,#696),.UNSPECIFIED.,.F.,.U.,(6,3,3,3,3,3,3,6),(0.,8.36219660402,16.7243932128,25.0865898384,33.4487864769,41.8109830886,50.1731796894,52.8350324131),.UNSPECIFIED.) ;
#702=B_SPLINE_CURVE_WITH_KNOTS('',5,(#703,#704,#705,#706,#707,#708,#709,#710,#711,#712,#713,#714,#715,#716,#717,#718,#719,#720,#721,#722,#723,#724,#725,#726),.UNSPECIFIED.,.F.,.U.,(6,3,3,3,3,3,3,6),(0.,8.3621966247,16.7243932365,25.0865898279,33.4487864223,41.8109830286,50.1731796432,52.8350323669),.UNSPECIFIED.) ;
#732=B_SPLINE_CURVE_WITH_KNOTS('',5,(#733,#734,#735,#736,#737,#738,#739,#740,#741,#742,#743,#744,#745,#746,#747,#748,#749,#750,#751,#752,#753,#754,#755,#756),.UNSPECIFIED.,.F.,.U.,(6,3,3,3,3,3,3,6),(0.,8.36219662699,16.7243932568,25.0865898706,33.4487864854,41.8109831074,50.1731797165,52.8350324401),.UNSPECIFIED.) ;
#762=B_SPLINE_CURVE_WITH_KNOTS('',5,(#763,#764,#765,#766,#767,#768,#769,#770,#771,#772,#773,#774,#775,#776,#777,#778,#779,#780,#781,#782,#783,#784,#785,#786),.UNSPECIFIED.,.F.,.U.,(6,3,3,3,3,3,3,6),(0.,8.36219662865,16.7243932582,25.0865898715,33.4487864846,41.8109831042,50.1731797105,52.8350324341),.UNSPECIFIED.) ;
#792=B_SPLINE_CURVE_WITH_KNOTS('',5,(#793,#794,#795,#796,#797,#798,#799,#800,#801,#802,#803,#804,#805,#806,#807,#808,#809,#810,#811,#812,#813,#814,#815,#816),.UNSPECIFIED.,.F.,.U.,(6,3,3,3,3,3,3,6),(0.,8.36219661955,16.7243932196,25.0865898204,33.4487864241,41.8109830399,50.173179659,52.8350323828),.UNSPECIFIED.) ;
#822=B_SPLINE_CURVE_WITH_KNOTS('',5,(#823,#824,#825,#826,#827,#828,#829,#830,#831,#832,#833,#834,#835,#836,#837,#838,#839,#840,#841,#842,#843,#844,#845,#846),.UNSPECIFIED.,.F.,.U.,(6,3,3,3,3,3,3,6),(0.,8.36219660158,16.724393223,25.0865898482,33.4487864727,41.8109830982,50.1731797055,52.8350324292),.UNSPECIFIED.) ;
#852=B_SPLINE_CURVE_WITH_KNOTS('',5,(#853,#854,#855,#856,#857,#858,#859,#860,#861,#862,#863,#864,#865,#866,#867,#868,#869,#870,#871,#872,#873,#874,#875,#876),.UNSPECIFIED.,.F.,.U.,(6,3,3,3,3,3,3,6),(0.,8.36219662136,16.7243932433,25.0865898747,33.4487865101,41.8109831288,50.1731797387,52.8350324624),.UNSPECIFIED.) ;
#882=B_SPLINE_CURVE_WITH_KNOTS('',5,(#883,#884,#885,#886,#887,#888,#889,#890,#891,#892,#893,#894,#895,#896,#897,#898,#899,#900,#901,#902,#903,#904,#905,#906),.UNSPECIFIED.,.F.,.U.,(6,3,3,3,3,3,3,6),(0.,8.36219660738,16.7243932262,25.0865898208,33.4487864135,41.8109830137,50.1731796193,52.8350323429),.UNSPECIFIED.) ;
#912=B_SPLINE_CURVE_WITH_KNOTS('',5,(#913,#914,#915,#916,#917,#918,#919,#920,#921,#922,#923,#924,#925,#926,#927,#928,#929,#930,#931,#932,#933,#934,#935,#936),.UNSPECIFIED.,.F.,.U.,(6,3,3,3,3,3,3,6),(0.,8.36219661024,16.7243932049,25.0865898075,33.4487864189,41.810983028,50.1731796343,52.835032358),.UNSPECIFIED.) ;
#942=B_SPLINE_CURVE_WITH_KNOTS('',5,(#943,#944,#945,#946,#947,#948,#949,#950,#951,#952,#953,#954,#955,#956,#957,#958,#959,#960,#961,#962,#963,#964,#965,#966),.UNSPECIFIED.,.F.,.U.,(6,3,3,3,3,3,3,6),(0.,8.36219661121,16.724393238,25.0865898616,33.4487864786,41.8109830931,50.173179725,52.8350324475),.UNSPECIFIED.) ;
#972=B_SPLINE_CURVE_WITH_KNOTS('',5,(#973,#974,#975,#976,#977,#978,#979,#980,#981,#982,#983,#984,#985,#986,#987,#988,#989,#990,#991,#992,#993,#994,#995,#996),.UNSPECIFIED.,.F.,.U.,(6,3,3,3,3,3,3,6),(0.,8.36219661504,16.7243932348,25.0865898479,33.448786454,41.8109830606,50.1731796876,52.8350324113),.UNSPECIFIED.) ;
#1002=B_SPLINE_CURVE_WITH_KNOTS('',5,(#1003,#1004,#1005,#1006,#1007,#1008,#1009,#1010,#1011,#1012,#1013,#1014,#1015,#1016,#1017,#1018,#1019,#1020,#1021,#1022,#1023,#1024,#1025,#1026),.UNSPECIFIED.,.F.,.U.,(6,3,3,3,3,3,3,6),(0.,8.362196606,16.7243932077,25.0865898211,33.4487864435,41.8109830608,50.1731796713,52.8350323937),.UNSPECIFIED.) ;
#2922=B_SPLINE_CURVE_WITH_KNOTS('',5,(#2923,#2924,#2925,#2926,#2927,#2928,#2929,#2930,#2931,#2932,#2933,#2934),.UNSPECIFIED.,.F.,.U.,(6,3,3,6),(0.,14.6231368606,29.2462737085,32.5800791843),.UNSPECIFIED.) ;
#2945=B_SPLINE_CURVE_WITH_KNOTS('',5,(#2946,#2947,#2948,#2949,#2950,#2951,#2952,#2953,#2954,#2955,#2956,#2957),.UNSPECIFIED.,.F.,.U.,(6,3,3,6),(0.,20.8708078593,41.7416157068,44.4281555161),.UNSPECIFIED.) ;
#2968=B_SPLINE_CURVE_WITH_KNOTS('',5,(#2969,#2970,#2971,#2972,#2973,#2974,#2975,#2976,#2977,#2978,#2979,#2980),.UNSPECIFIED.,.F.,.U.,(6,3,3,6),(0.,20.870807837,41.7416157014,44.4281555102),.UNSPECIFIED.) ;
#2991=B_SPLINE_CURVE_WITH_KNOTS('',5,(#2992,#2993,#2994,#2995,#2996,#2997,#2998,#2999,#3000,#3001,#3002,#3003),.UNSPECIFIED.,.F.,.U.,(6,3,3,6),(0.,20.8708078565,41.7416156961,44.4281555055),.UNSPECIFIED.) ;
#3012=B_SPLINE_CURVE_WITH_KNOTS('',5,(#3013,#3014,#3015,#3016,#3017,#3018,#3019,#3020,#3021,#3022,#3023,#3024),.UNSPECIFIED.,.F.,.U.,(6,3,3,6),(0.,14.6231368543,29.2462736974,32.5800791722),.UNSPECIFIED.) ;
#3035=B_SPLINE_CURVE_WITH_KNOTS('',5,(#3036,#3037,#3038,#3039,#3040,#3041,#3042,#3043,#3044,#3045,#3046,#3047),.UNSPECIFIED.,.F.,.U.,(6,3,3,6),(0.,14.6231368599,29.246273728,32.5800792034),.UNSPECIFIED.) ;
#3113=B_SPLINE_CURVE_WITH_KNOTS('',5,(#3114,#3115,#3116,#3117,#3118,#3119,#3120,#3121,#3122,#3123,#3124,#3125),.UNSPECIFIED.,.F.,.U.,(6,3,3,6),(0.,20.8708078674,41.7416157231,44.4281555325),.UNSPECIFIED.) ;
#3134=B_SPLINE_CURVE_WITH_KNOTS('',5,(#3135,#3136,#3137,#3138,#3139,#3140,#3141,#3142,#3143,#3144,#3145,#3146),.UNSPECIFIED.,.F.,.U.,(6,3,3,6),(0.,20.8708078424,41.7416156783,44.4281554875),.UNSPECIFIED.) ;
#3157=B_SPLINE_CURVE_WITH_KNOTS('',5,(#3158,#3159,#3160,#3161,#3162,#3163,#3164,#3165,#3166,#3167,#3168,#3169),.UNSPECIFIED.,.F.,.U.,(6,3,3,6),(0.,20.8708078479,41.74161571,44.42815552),.UNSPECIFIED.) ;
#3268=B_SPLINE_CURVE_WITH_KNOTS('',5,(#3269,#3270,#3271,#3272,#3273,#3274,#3275,#3276,#3277,#3278,#3279,#3280),.UNSPECIFIED.,.F.,.U.,(6,3,3,6),(0.,5.87869749536,11.7573949877,12.5257282441),.UNSPECIFIED.) ;
#3289=B_SPLINE_CURVE_WITH_KNOTS('',5,(#3290,#3291,#3292,#3293,#3294,#3295,#3296,#3297,#3298,#3299,#3300,#3301,#3302,#3303,#3304),.UNSPECIFIED.,.F.,.U.,(6,3,3,3,6),(0.,5.87869747475,11.7573949548,17.6360924399,20.0024135258),.UNSPECIFIED.) ;
#3306=B_SPLINE_CURVE_WITH_KNOTS('',5,(#3307,#3308,#3309,#3310,#3311,#3312,#3313,#3314,#3315,#3316,#3317,#3318),.UNSPECIFIED.,.F.,.U.,(6,3,3,6),(0.,5.87869748628,11.7573949816,15.5380911034),.UNSPECIFIED.) ;
#3420=B_SPLINE_CURVE_WITH_KNOTS('',5,(#3421,#3422,#3423,#3424,#3425,#3426,#3427,#3428,#3429,#3430,#3431,#3432,#3433,#3434,#3435,#3436,#3437,#3438,#3439,#3440,#3441,#3442,#3443,#3444),.UNSPECIFIED.,.F.,.U.,(6,3,3,3,3,3,3,6),(0.,4.49995886305,8.99991773122,13.4998765838,17.9998354253,22.4997942912,26.9997531481,29.9892074478),.UNSPECIFIED.) ;
#3450=B_SPLINE_CURVE_WITH_KNOTS('',5,(#3451,#3452,#3453,#3454,#3455,#3456,#3457,#3458,#3459,#3460,#3461,#3462,#3463,#3464,#3465,#3466,#3467,#3468,#3469,#3470,#3471,#3472,#3473,#3474),.UNSPECIFIED.,.F.,.U.,(6,3,3,3,3,3,3,6),(0.,4.49995886337,8.99991773133,13.4998765839,17.9998354251,22.4997942912,26.9997531478,29.9892074475),.UNSPECIFIED.) ;
#3485=B_SPLINE_CURVE_WITH_KNOTS('',5,(#3486,#3487,#3488,#3489,#3490,#3491,#3492,#3493,#3494,#3495,#3496,#3497,#3498,#3499,#3500,#3501,#3502,#3503,#3504,#3505,#3506,#3507,#3508,#3509),.UNSPECIFIED.,.F.,.U.,(6,3,3,3,3,3,3,6),(0.,4.49995886305,8.99991773121,13.4998765838,17.9998354253,22.4997942912,26.9997531481,29.9892074478),.UNSPECIFIED.) ;
#3515=B_SPLINE_CURVE_WITH_KNOTS('',5,(#3516,#3517,#3518,#3519,#3520,#3521,#3522,#3523,#3524,#3525,#3526,#3527,#3528,#3529,#3530,#3531,#3532,#3533,#3534,#3535,#3536,#3537,#3538,#3539),.UNSPECIFIED.,.F.,.U.,(6,3,3,3,3,3,3,6),(0.,4.49995886338,8.99991773133,13.4998765839,17.9998354251,22.4997942912,26.9997531478,29.9892074475),.UNSPECIFIED.) ;
#3550=B_SPLINE_CURVE_WITH_KNOTS('',5,(#3551,#3552,#3553,#3554,#3555,#3556,#3557,#3558,#3559,#3560,#3561,#3562,#3563,#3564,#3565,#3566,#3567,#3568,#3569,#3570,#3571,#3572,#3573,#3574),.UNSPECIFIED.,.F.,.U.,(6,3,3,3,3,3,3,6),(0.,4.49995886351,8.99991773168,13.4998765844,17.9998354259,22.4997942917,26.999753148,29.9892074478),.UNSPECIFIED.) ;
#3580=B_SPLINE_CURVE_WITH_KNOTS('',5,(#3581,#3582,#3583,#3584,#3585,#3586,#3587,#3588,#3589,#3590,#3591,#3592,#3593,#3594,#3595,#3596,#3597,#3598,#3599,#3600,#3601,#3602,#3603,#3604),.UNSPECIFIED.,.F.,.U.,(6,3,3,3,3,3,3,6),(0.,4.49995886322,8.99991773142,13.4998765839,17.9998354251,22.4997942914,26.9997531481,29.9892074478),.UNSPECIFIED.) ;
#3615=B_SPLINE_CURVE_WITH_KNOTS('',5,(#3616,#3617,#3618,#3619,#3620,#3621,#3622,#3623,#3624,#3625,#3626,#3627,#3628,#3629,#3630,#3631,#3632,#3633,#3634,#3635,#3636,#3637,#3638,#3639),.UNSPECIFIED.,.F.,.U.,(6,3,3,3,3,3,3,6),(0.,4.49995886305,8.99991773122,13.4998765838,17.9998354253,22.4997942912,26.9997531481,29.9892074478),.UNSPECIFIED.) ;
#3645=B_SPLINE_CURVE_WITH_KNOTS('',5,(#3646,#3647,#3648,#3649,#3650,#3651,#3652,#3653,#3654,#3655,#3656,#3657,#3658,#3659,#3660,#3661,#3662,#3663,#3664,#3665,#3666,#3667,#3668,#3669),.UNSPECIFIED.,.F.,.U.,(6,3,3,3,3,3,3,6),(0.,4.49995886337,8.99991773133,13.4998765839,17.9998354251,22.4997942912,26.9997531478,29.9892074475),.UNSPECIFIED.) ;
#3680=B_SPLINE_CURVE_WITH_KNOTS('',5,(#3681,#3682,#3683,#3684,#3685,#3686,#3687,#3688,#3689,#3690,#3691,#3692,#3693,#3694,#3695,#3696,#3697,#3698,#3699,#3700,#3701,#3702,#3703,#3704),.UNSPECIFIED.,.F.,.U.,(6,3,3,3,3,3,3,6),(0.,4.49995886305,8.99991773121,13.4998765838,17.9998354253,22.4997942913,26.9997531482,29.9892074479),.UNSPECIFIED.) ;
#3710=B_SPLINE_CURVE_WITH_KNOTS('',5,(#3711,#3712,#3713,#3714,#3715,#3716,#3717,#3718,#3719,#3720,#3721,#3722,#3723,#3724,#3725,#3726,#3727,#3728,#3729,#3730,#3731,#3732,#3733,#3734),.UNSPECIFIED.,.F.,.U.,(6,3,3,3,3,3,3,6),(0.,4.49995886306,8.99991773101,13.4998765836,17.9998354248,22.4997942909,26.9997531475,29.9892074472),.UNSPECIFIED.) ;
#3745=B_SPLINE_CURVE_WITH_KNOTS('',5,(#3746,#3747,#3748,#3749,#3750,#3751,#3752,#3753,#3754,#3755,#3756,#3757,#3758,#3759,#3760,#3761,#3762,#3763,#3764,#3765,#3766,#3767,#3768,#3769),.UNSPECIFIED.,.F.,.U.,(6,3,3,3,3,3,3,6),(0.,4.49995886351,8.99991773168,13.4998765844,17.9998354259,22.4997942917,26.999753148,29.9892074478),.UNSPECIFIED.) ;
#3775=B_SPLINE_CURVE_WITH_KNOTS('',5,(#3776,#3777,#3778,#3779,#3780,#3781,#3782,#3783,#3784,#3785,#3786,#3787,#3788,#3789,#3790,#3791,#3792,#3793,#3794,#3795,#3796,#3797,#3798,#3799),.UNSPECIFIED.,.F.,.U.,(6,3,3,3,3,3,3,6),(0.,4.49995886322,8.99991773142,13.4998765839,17.9998354251,22.4997942914,26.9997531481,29.9892074478),.UNSPECIFIED.) ;
#3810=B_SPLINE_CURVE_WITH_KNOTS('',5,(#3811,#3812,#3813,#3814,#3815,#3816,#3817,#3818,#3819,#3820,#3821,#3822,#3823,#3824,#3825,#3826,#3827,#3828,#3829,#3830,#3831,#3832,#3833,#3834),.UNSPECIFIED.,.F.,.U.,(6,3,3,3,3,3,3,6),(0.,4.49995886351,8.99991773168,13.4998765844,17.9998354259,22.4997942917,26.999753148,29.9892074478),.UNSPECIFIED.) ;
#3840=B_SPLINE_CURVE_WITH_KNOTS('',5,(#3841,#3842,#3843,#3844,#3845,#3846,#3847,#3848,#3849,#3850,#3851,#3852,#3853,#3854,#3855,#3856,#3857,#3858,#3859,#3860,#3861,#3862,#3863,#3864),.UNSPECIFIED.,.F.,.U.,(6,3,3,3,3,3,3,6),(0.,4.49995886322,8.99991773142,13.4998765839,17.9998354251,22.4997942914,26.9997531481,29.9892074478),.UNSPECIFIED.) ;
#3875=B_SPLINE_CURVE_WITH_KNOTS('',5,(#3876,#3877,#3878,#3879,#3880,#3881,#3882,#3883,#3884,#3885,#3886,#3887,#3888,#3889,#3890,#3891,#3892,#3893,#3894,#3895,#3896,#3897,#3898,#3899),.UNSPECIFIED.,.F.,.U.,(6,3,3,3,3,3,3,6),(0.,4.49995886343,8.99991773145,13.4998765844,17.9998354259,22.4997942917,26.9997531481,29.9892074478),.UNSPECIFIED.) ;
#3905=B_SPLINE_CURVE_WITH_KNOTS('',5,(#3906,#3907,#3908,#3909,#3910,#3911,#3912,#3913,#3914,#3915,#3916,#3917,#3918,#3919,#3920,#3921,#3922,#3923,#3924,#3925,#3926,#3927,#3928,#3929),.UNSPECIFIED.,.F.,.U.,(6,3,3,3,3,3,3,6),(0.,4.49995886345,8.99991773152,13.4998765842,17.9998354257,22.4997942918,26.9997531485,29.9892074482),.UNSPECIFIED.) ;
#3940=B_SPLINE_CURVE_WITH_KNOTS('',5,(#3941,#3942,#3943,#3944,#3945,#3946,#3947,#3948,#3949,#3950,#3951,#3952,#3953,#3954,#3955,#3956,#3957,#3958,#3959,#3960,#3961,#3962,#3963,#3964),.UNSPECIFIED.,.F.,.U.,(6,3,3,3,3,3,3,6),(0.,4.49995886343,8.99991773145,13.4998765844,17.9998354259,22.4997942917,26.9997531481,29.9892074478),.UNSPECIFIED.) ;
#3970=B_SPLINE_CURVE_WITH_KNOTS('',5,(#3971,#3972,#3973,#3974,#3975,#3976,#3977,#3978,#3979,#3980,#3981,#3982,#3983,#3984,#3985,#3986,#3987,#3988,#3989,#3990,#3991,#3992,#3993,#3994),.UNSPECIFIED.,.F.,.U.,(6,3,3,3,3,3,3,6),(0.,4.49995886344,8.99991773147,13.4998765842,17.9998354257,22.4997942918,26.9997531485,29.9892074482),.UNSPECIFIED.) ;
#21=MANIFOLD_SOLID_BREP('',#24) ;
#33=CIRCLE('generated circle',#32,11.8925) ;
#49=CIRCLE('generated circle',#48,11.8925) ;
#164=CIRCLE('generated circle',#163,11.8925) ;
#221=CIRCLE('generated circle',#220,7.99999999985) ;
#235=CIRCLE('generated circle',#234,7.99999999985) ;
#266=CIRCLE('generated circle',#265,28.0000000165) ;
#301=CIRCLE('generated circle',#300,7.99999999985) ;
#315=CIRCLE('generated circle',#314,7.99999999985) ;
#370=CIRCLE('generated circle',#369,21.9999999747) ;
#436=CIRCLE('generated circle',#435,22.0000000611) ;
#1048=CIRCLE('generated circle',#1047,6.75) ;
#1067=CIRCLE('generated circle',#1066,6.75) ;
#1218=CIRCLE('generated circle',#1217,22.) ;
#1266=CIRCLE('generated circle',#1265,8.) ;
#1314=CIRCLE('generated circle',#1313,8.) ;
#1362=CIRCLE('generated circle',#1361,22.) ;
#1442=CIRCLE('generated circle',#1441,28.) ;
#1618=CIRCLE('generated circle',#1617,8.) ;
#1666=CIRCLE('generated circle',#1665,8.) ;
#1766=CIRCLE('generated circle',#1765,28.) ;
#1846=CIRCLE('generated circle',#1845,22.) ;
#1889=CIRCLE('generated circle',#1888,8.) ;
#1937=CIRCLE('generated circle',#1936,8.) ;
#1980=CIRCLE('generated circle',#1979,22.) ;
#2060=CIRCLE('generated circle',#2059,11.8925) ;
#2079=CIRCLE('generated circle',#2078,11.8925) ;
#2103=CIRCLE('generated circle',#2102,11.8925) ;
#2122=CIRCLE('generated circle',#2121,11.8925) ;
#2146=CIRCLE('generated circle',#2145,11.8925) ;
#2165=CIRCLE('generated circle',#2164,11.8925) ;
#2189=CIRCLE('generated circle',#2188,11.8925) ;
#2208=CIRCLE('generated circle',#2207,11.8925) ;
#2232=CIRCLE('generated circle',#2231,11.8925) ;
#2251=CIRCLE('generated circle',#2250,11.8925) ;
#2275=CIRCLE('generated circle',#2274,11.8925) ;
#2294=CIRCLE('generated circle',#2293,11.8925) ;
#2318=CIRCLE('generated circle',#2317,11.8925) ;
#2337=CIRCLE('generated circle',#2336,11.8925) ;
#2361=CIRCLE('generated circle',#2360,11.8925) ;
#2380=CIRCLE('generated circle',#2379,11.8925) ;
#2404=CIRCLE('generated circle',#2403,11.8925) ;
#2423=CIRCLE('generated circle',#2422,11.8925) ;
#2450=CIRCLE('generated circle',#2449,6.75) ;
#2459=CIRCLE('generated circle',#2458,6.75) ;
#2468=CIRCLE('generated circle',#2467,6.75) ;
#2477=CIRCLE('generated circle',#2476,6.75) ;
#2486=CIRCLE('generated circle',#2485,6.75) ;
#2495=CIRCLE('generated circle',#2494,6.75) ;
#2504=CIRCLE('generated circle',#2503,6.75) ;
#2513=CIRCLE('generated circle',#2512,6.75) ;
#2522=CIRCLE('generated circle',#2521,6.75) ;
#2531=CIRCLE('generated circle',#2530,6.75) ;
#2540=CIRCLE('generated circle',#2539,6.75) ;
#2549=CIRCLE('generated circle',#2548,6.75) ;
#2558=CIRCLE('generated circle',#2557,6.75) ;
#2567=CIRCLE('generated circle',#2566,6.75) ;
#2576=CIRCLE('generated circle',#2575,6.75) ;
#2585=CIRCLE('generated circle',#2584,6.75) ;
#2594=CIRCLE('generated circle',#2593,6.75) ;
#2603=CIRCLE('generated circle',#2602,6.75) ;
#2627=CIRCLE('generated circle',#2626,7.99999999758) ;
#2632=CIRCLE('generated circle',#2631,7.99999999929) ;
#2660=CIRCLE('generated circle',#2659,8.) ;
#2686=CIRCLE('generated circle',#2685,7.99999999631) ;
#2698=CIRCLE('generated circle',#2697,7.99999999862) ;
#2703=CIRCLE('generated circle',#2702,7.99999999637) ;
#2731=CIRCLE('generated circle',#2730,8.) ;
#2755=CIRCLE('generated circle',#2754,8.00000000194) ;
#2854=CIRCLE('generated circle',#2853,21.9999999982) ;
#2866=CIRCLE('generated circle',#2865,21.9999999982) ;
#2880=CIRCLE('generated circle',#2879,21.9999999929) ;
#3217=CIRCLE('generated circle',#3216,7.99999999929) ;
#3222=CIRCLE('generated circle',#3221,7.99999999758) ;
#3243=CIRCLE('generated circle',#3242,8.) ;
#3346=CIRCLE('generated circle',#3345,8.) ;
#3365=CIRCLE('generated circle',#3364,8.00000000042) ;
#29=CYLINDRICAL_SURFACE('generated cylinder',#28,11.8925) ;
#1037=CYLINDRICAL_SURFACE('generated cylinder',#1036,6.75) ;
#1214=CYLINDRICAL_SURFACE('generated cylinder',#1213,22.) ;
#1262=CYLINDRICAL_SURFACE('generated cylinder',#1261,8.) ;
#1310=CYLINDRICAL_SURFACE('generated cylinder',#1309,8.) ;
#1358=CYLINDRICAL_SURFACE('generated cylinder',#1357,22.) ;
#1438=CYLINDRICAL_SURFACE('generated cylinder',#1437,28.) ;
#1614=CYLINDRICAL_SURFACE('generated cylinder',#1613,8.) ;
#1662=CYLINDRICAL_SURFACE('generated cylinder',#1661,8.) ;
#1762=CYLINDRICAL_SURFACE('generated cylinder',#1761,28.) ;
#1842=CYLINDRICAL_SURFACE('generated cylinder',#1841,22.) ;
#1885=CYLINDRICAL_SURFACE('generated cylinder',#1884,8.) ;
#1933=CYLINDRICAL_SURFACE('generated cylinder',#1932,8.) ;
#1976=CYLINDRICAL_SURFACE('generated cylinder',#1975,22.) ;
#2049=CYLINDRICAL_SURFACE('generated cylinder',#2048,11.8925) ;
#2092=CYLINDRICAL_SURFACE('generated cylinder',#2091,11.8925) ;
#2135=CYLINDRICAL_SURFACE('generated cylinder',#2134,11.8925) ;
#2178=CYLINDRICAL_SURFACE('generated cylinder',#2177,11.8925) ;
#2221=CYLINDRICAL_SURFACE('generated cylinder',#2220,11.8925) ;
#2264=CYLINDRICAL_SURFACE('generated cylinder',#2263,11.8925) ;
#2307=CYLINDRICAL_SURFACE('generated cylinder',#2306,11.8925) ;
#2350=CYLINDRICAL_SURFACE('generated cylinder',#2349,11.8925) ;
#2393=CYLINDRICAL_SURFACE('generated cylinder',#2392,11.8925) ;
#2649=CYLINDRICAL_SURFACE('generated cylinder',#2648,8.) ;
#2720=CYLINDRICAL_SURFACE('generated cylinder',#2719,8.) ;
#2776=CYLINDRICAL_SURFACE('generated cylinder',#2775,8.) ;
#2793=CYLINDRICAL_SURFACE('generated cylinder',#2792,8.) ;
#3239=CYLINDRICAL_SURFACE('generated cylinder',#3238,8.) ;
#3335=CYLINDRICAL_SURFACE('generated cylinder',#3334,8.) ;
#3386=CYLINDRICAL_SURFACE('generated cylinder',#3385,8.) ;
#3403=CYLINDRICAL_SURFACE('generated cylinder',#3402,8.) ;
#4005=CYLINDRICAL_SURFACE('generated cylinder',#4004,6.75) ;
#4034=CYLINDRICAL_SURFACE('generated cylinder',#4033,6.75) ;
#4063=CYLINDRICAL_SURFACE('generated cylinder',#4062,6.75) ;
#4092=CYLINDRICAL_SURFACE('generated cylinder',#4091,6.75) ;
#4121=CYLINDRICAL_SURFACE('generated cylinder',#4120,6.75) ;
#4150=CYLINDRICAL_SURFACE('generated cylinder',#4149,6.75) ;
#4179=CYLINDRICAL_SURFACE('generated cylinder',#4178,6.75) ;
#4208=CYLINDRICAL_SURFACE('generated cylinder',#4207,6.75) ;
#4237=CYLINDRICAL_SURFACE('generated cylinder',#4236,6.75) ;
#4290=CYLINDRICAL_SURFACE('generated cylinder',#4289,22.) ;
#4329=CYLINDRICAL_SURFACE('generated cylinder',#4328,22.) ;
#4358=CYLINDRICAL_SURFACE('generated cylinder',#4357,22.) ;
#4370=CYLINDRICAL_SURFACE('generated cylinder',#4369,30.) ;
#4404=CYLINDRICAL_SURFACE('generated cylinder',#4403,30.) ;
#4438=CYLINDRICAL_SURFACE('generated cylinder',#4437,30.) ;
#38=EDGE_CURVE('',#35,#37,#33,.T.) ;
#45=EDGE_CURVE('',#35,#44,#42,.T.) ;
#52=EDGE_CURVE('',#44,#51,#49,.T.) ;
#57=EDGE_CURVE('',#37,#51,#56,.T.) ;
#95=EDGE_CURVE('',#37,#35,#70,.T.) ;
#129=EDGE_CURVE('',#126,#128,#100,.T.) ;
#155=EDGE_CURVE('',#128,#126,#130,.T.) ;
#165=EDGE_CURVE('',#51,#44,#164,.T.) ;
#186=EDGE_CURVE('',#183,#185,#181,.T.) ;
#193=EDGE_CURVE('',#185,#192,#190,.T.) ;
#200=EDGE_CURVE('',#199,#192,#197,.T.) ;
#210=EDGE_CURVE('',#209,#199,#201,.T.) ;
#217=EDGE_CURVE('',#216,#209,#214,.T.) ;
#224=EDGE_CURVE('',#216,#223,#221,.T.) ;
#231=EDGE_CURVE('',#230,#223,#228,.T.) ;
#238=EDGE_CURVE('',#230,#237,#235,.T.) ;
#245=EDGE_CURVE('',#244,#237,#242,.T.) ;
#255=EDGE_CURVE('',#254,#244,#246,.T.) ;
#262=EDGE_CURVE('',#261,#254,#259,.T.) ;
#269=EDGE_CURVE('',#268,#261,#266,.T.) ;
#276=EDGE_CURVE('',#275,#268,#273,.T.) ;
#283=EDGE_CURVE('',#275,#282,#280,.T.) ;
#290=EDGE_CURVE('',#289,#282,#287,.T.) ;
#297=EDGE_CURVE('',#296,#289,#294,.T.) ;
#304=EDGE_CURVE('',#296,#303,#301,.T.) ;
#311=EDGE_CURVE('',#310,#303,#308,.T.) ;
#318=EDGE_CURVE('',#310,#317,#315,.T.) ;
#325=EDGE_CURVE('',#317,#324,#322,.T.) ;
#332=EDGE_CURVE('',#331,#324,#329,.T.) ;
#339=EDGE_CURVE('',#338,#331,#336,.T.) ;
#346=EDGE_CURVE('',#338,#345,#343,.T.) ;
#359=EDGE_CURVE('',#345,#358,#347,.T.) ;
#366=EDGE_CURVE('',#358,#365,#363,.T.) ;
#373=EDGE_CURVE('',#365,#372,#370,.T.) ;
#380=EDGE_CURVE('',#372,#379,#377,.T.) ;
#399=EDGE_CURVE('',#398,#379,#381,.T.) ;
#406=EDGE_CURVE('',#398,#405,#403,.T.) ;
#425=EDGE_CURVE('',#424,#405,#407,.T.) ;
#432=EDGE_CURVE('',#424,#431,#429,.T.) ;
#439=EDGE_CURVE('',#431,#438,#436,.T.) ;
#446=EDGE_CURVE('',#438,#445,#443,.T.) ;
#451=EDGE_CURVE('',#183,#445,#450,.T.) ;
#521=EDGE_CURVE('',#518,#520,#492,.T.) ;
#547=EDGE_CURVE('',#520,#518,#522,.T.) ;
#581=EDGE_CURVE('',#578,#580,#552,.T.) ;
#607=EDGE_CURVE('',#580,#578,#582,.T.) ;
#641=EDGE_CURVE('',#638,#640,#612,.T.) ;
#667=EDGE_CURVE('',#640,#638,#642,.T.) ;
#701=EDGE_CURVE('',#698,#700,#672,.T.) ;
#727=EDGE_CURVE('',#700,#698,#702,.T.) ;
#761=EDGE_CURVE('',#758,#760,#732,.T.) ;
#787=EDGE_CURVE('',#760,#758,#762,.T.) ;
#821=EDGE_CURVE('',#818,#820,#792,.T.) ;
#847=EDGE_CURVE('',#820,#818,#822,.T.) ;
#881=EDGE_CURVE('',#878,#880,#852,.T.) ;
#907=EDGE_CURVE('',#880,#878,#882,.T.) ;
#941=EDGE_CURVE('',#938,#940,#912,.T.) ;
#967=EDGE_CURVE('',#940,#938,#942,.T.) ;
#1001=EDGE_CURVE('',#998,#1000,#972,.T.) ;
#1027=EDGE_CURVE('',#1000,#998,#1002,.T.) ;
#1044=EDGE_CURVE('',#1043,#128,#1041,.T.) ;
#1051=EDGE_CURVE('',#1050,#1043,#1048,.T.) ;
#1056=EDGE_CURVE('',#1050,#126,#1055,.T.) ;
#1068=EDGE_CURVE('',#1043,#1050,#1067,.T.) ;
#1087=EDGE_CURVE('',#1086,#183,#1084,.T.) ;
#1094=EDGE_CURVE('',#1086,#1093,#1091,.T.) ;
#1099=EDGE_CURVE('',#1093,#185,#1098,.T.) ;
#1118=EDGE_CURVE('',#275,#1117,#1115,.T.) ;
#1125=EDGE_CURVE('',#1124,#1117,#1122,.T.) ;
#1130=EDGE_CURVE('',#192,#1124,#1129,.T.) ;
#1137=EDGE_CURVE('',#1093,#1136,#1134,.T.) ;
#1142=EDGE_CURVE('',#1136,#282,#1141,.T.) ;
#1165=EDGE_CURVE('',#1124,#1164,#1162,.T.) ;
#1172=EDGE_CURVE('',#1164,#1171,#1169,.T.) ;
#1179=EDGE_CURVE('',#1178,#1171,#1176,.T.) ;
#1186=EDGE_CURVE('',#1178,#1185,#1183,.T.) ;
#1193=EDGE_CURVE('',#1185,#1192,#1190,.T.) ;
#1198=EDGE_CURVE('',#199,#1192,#1197,.T.) ;
#1221=EDGE_CURVE('',#1192,#1220,#1218,.T.) ;
#1226=EDGE_CURVE('',#1220,#209,#1225,.F.) ;
#1245=EDGE_CURVE('',#1220,#1244,#1242,.T.) ;
#1250=EDGE_CURVE('',#1244,#216,#1249,.T.) ;
#1269=EDGE_CURVE('',#1244,#1268,#1266,.F.) ;
#1274=EDGE_CURVE('',#223,#1268,#1273,.F.) ;
#1293=EDGE_CURVE('',#1268,#1292,#1290,.T.) ;
#1298=EDGE_CURVE('',#1292,#230,#1297,.T.) ;
#1317=EDGE_CURVE('',#1292,#1316,#1314,.F.) ;
#1322=EDGE_CURVE('',#237,#1316,#1321,.F.) ;
#1341=EDGE_CURVE('',#1316,#1340,#1338,.T.) ;
#1346=EDGE_CURVE('',#244,#1340,#1345,.T.) ;
#1365=EDGE_CURVE('',#1340,#1364,#1362,.T.) ;
#1370=EDGE_CURVE('',#1364,#254,#1369,.F.) ;
#1389=EDGE_CURVE('',#1364,#1388,#1386,.T.) ;
#1396=EDGE_CURVE('',#1388,#1395,#1393,.T.) ;
#1403=EDGE_CURVE('',#1402,#1395,#1400,.T.) ;
#1410=EDGE_CURVE('',#1402,#1409,#1407,.T.) ;
#1417=EDGE_CURVE('',#1409,#1416,#1414,.T.) ;
#1422=EDGE_CURVE('',#261,#1416,#1421,.T.) ;
#1445=EDGE_CURVE('',#1416,#1444,#1442,.T.) ;
#1450=EDGE_CURVE('',#1444,#268,#1449,.T.) ;
#1467=EDGE_CURVE('',#1444,#1117,#1466,.T.) ;
#1488=EDGE_CURVE('',#1485,#1487,#1483,.T.) ;
#1495=EDGE_CURVE('',#1494,#1485,#1492,.T.) ;
#1502=EDGE_CURVE('',#1494,#1501,#1499,.T.) ;
#1509=EDGE_CURVE('',#1508,#1501,#1506,.T.) ;
#1516=EDGE_CURVE('',#1508,#1515,#1513,.T.) ;
#1523=EDGE_CURVE('',#1522,#1515,#1520,.T.) ;
#1528=EDGE_CURVE('',#289,#1522,#1527,.T.) ;
#1535=EDGE_CURVE('',#1136,#1534,#1532,.T.) ;
#1540=EDGE_CURVE('',#1534,#331,#1539,.T.) ;
#1547=EDGE_CURVE('',#1546,#324,#1544,.T.) ;
#1554=EDGE_CURVE('',#1553,#1546,#1551,.T.) ;
#1561=EDGE_CURVE('',#1560,#1553,#1558,.T.) ;
#1566=EDGE_CURVE('',#1487,#1560,#1565,.T.) ;
#1597=EDGE_CURVE('',#1596,#1522,#1594,.T.) ;
#1602=EDGE_CURVE('',#1596,#296,#1601,.T.) ;
#1621=EDGE_CURVE('',#1620,#1596,#1618,.F.) ;
#1626=EDGE_CURVE('',#303,#1620,#1625,.T.) ;
#1645=EDGE_CURVE('',#1644,#1620,#1642,.T.) ;
#1650=EDGE_CURVE('',#1644,#310,#1649,.T.) ;
#1669=EDGE_CURVE('',#1668,#1644,#1666,.T.) ;
#1674=EDGE_CURVE('',#317,#1668,#1673,.F.) ;
#1691=EDGE_CURVE('',#1546,#1668,#1690,.T.) ;
#1710=EDGE_CURVE('',#445,#1709,#1707,.T.) ;
#1717=EDGE_CURVE('',#1716,#1709,#1714,.T.) ;
#1722=EDGE_CURVE('',#338,#1716,#1721,.T.) ;
#1727=EDGE_CURVE('',#1534,#1086,#1726,.T.) ;
#1745=EDGE_CURVE('',#1716,#1744,#1742,.T.) ;
#1750=EDGE_CURVE('',#1744,#345,#1749,.T.) ;
#1769=EDGE_CURVE('',#1744,#1768,#1766,.T.) ;
#1774=EDGE_CURVE('',#358,#1768,#1773,.F.) ;
#1793=EDGE_CURVE('',#1792,#365,#1790,.T.) ;
#1800=EDGE_CURVE('',#1768,#1799,#1797,.T.) ;
#1807=EDGE_CURVE('',#1806,#1799,#1804,.T.) ;
#1814=EDGE_CURVE('',#1806,#1813,#1811,.T.) ;
#1821=EDGE_CURVE('',#1820,#1813,#1818,.T.) ;
#1826=EDGE_CURVE('',#1820,#1792,#1825,.T.) ;
#1849=EDGE_CURVE('',#1792,#1848,#1846,.T.) ;
#1854=EDGE_CURVE('',#372,#1848,#1853,.T.) ;
#1868=EDGE_CURVE('',#1848,#1867,#1865,.T.) ;
#1873=EDGE_CURVE('',#379,#1867,#1872,.T.) ;
#1892=EDGE_CURVE('',#1867,#1891,#1889,.F.) ;
#1897=EDGE_CURVE('',#1891,#398,#1896,.T.) ;
#1916=EDGE_CURVE('',#1891,#1915,#1913,.T.) ;
#1921=EDGE_CURVE('',#405,#1915,#1920,.T.) ;
#1940=EDGE_CURVE('',#1915,#1939,#1937,.F.) ;
#1945=EDGE_CURVE('',#1939,#424,#1944,.T.) ;
#1959=EDGE_CURVE('',#1939,#1958,#1956,.T.) ;
#1964=EDGE_CURVE('',#1958,#431,#1963,.T.) ;
#1983=EDGE_CURVE('',#1958,#1982,#1980,.T.) ;
#1988=EDGE_CURVE('',#438,#1982,#1987,.T.) ;
#2007=EDGE_CURVE('',#1982,#2006,#2004,.T.) ;
#2014=EDGE_CURVE('',#2013,#2006,#2011,.T.) ;
#2021=EDGE_CURVE('',#2013,#2020,#2018,.T.) ;
#2028=EDGE_CURVE('',#2027,#2020,#2025,.T.) ;
#2033=EDGE_CURVE('',#2027,#1709,#2032,.T.) ;
#2056=EDGE_CURVE('',#2055,#520,#2053,.T.) ;
#2063=EDGE_CURVE('',#2062,#2055,#2060,.T.) ;
#2068=EDGE_CURVE('',#2062,#518,#2067,.T.) ;
#2080=EDGE_CURVE('',#2055,#2062,#2079,.T.) ;
#2099=EDGE_CURVE('',#2098,#580,#2096,.T.) ;
#2106=EDGE_CURVE('',#2105,#2098,#2103,.T.) ;
#2111=EDGE_CURVE('',#2105,#578,#2110,.T.) ;
#2123=EDGE_CURVE('',#2098,#2105,#2122,.T.) ;
#2142=EDGE_CURVE('',#2141,#640,#2139,.T.) ;
#2149=EDGE_CURVE('',#2148,#2141,#2146,.T.) ;
#2154=EDGE_CURVE('',#2148,#638,#2153,.T.) ;
#2166=EDGE_CURVE('',#2141,#2148,#2165,.T.) ;
#2185=EDGE_CURVE('',#2184,#700,#2182,.T.) ;
#2192=EDGE_CURVE('',#2191,#2184,#2189,.T.) ;
#2197=EDGE_CURVE('',#2191,#698,#2196,.T.) ;
#2209=EDGE_CURVE('',#2184,#2191,#2208,.T.) ;
#2228=EDGE_CURVE('',#2227,#760,#2225,.T.) ;
#2235=EDGE_CURVE('',#2234,#2227,#2232,.T.) ;
#2240=EDGE_CURVE('',#2234,#758,#2239,.T.) ;
#2252=EDGE_CURVE('',#2227,#2234,#2251,.T.) ;
#2271=EDGE_CURVE('',#2270,#820,#2268,.T.) ;
#2278=EDGE_CURVE('',#2277,#2270,#2275,.T.) ;
#2283=EDGE_CURVE('',#2277,#818,#2282,.T.) ;
#2295=EDGE_CURVE('',#2270,#2277,#2294,.T.) ;
#2314=EDGE_CURVE('',#2313,#880,#2311,.T.) ;
#2321=EDGE_CURVE('',#2320,#2313,#2318,.T.) ;
#2326=EDGE_CURVE('',#2320,#878,#2325,.T.) ;
#2338=EDGE_CURVE('',#2313,#2320,#2337,.T.) ;
#2357=EDGE_CURVE('',#2356,#940,#2354,.T.) ;
#2364=EDGE_CURVE('',#2363,#2356,#2361,.T.) ;
#2369=EDGE_CURVE('',#2363,#938,#2368,.T.) ;
#2381=EDGE_CURVE('',#2356,#2363,#2380,.T.) ;
#2400=EDGE_CURVE('',#2399,#1000,#2397,.T.) ;
#2407=EDGE_CURVE('',#2406,#2399,#2404,.T.) ;
#2412=EDGE_CURVE('',#2406,#998,#2411,.T.) ;
#2424=EDGE_CURVE('',#2399,#2406,#2423,.T.) ;
#2455=EDGE_CURVE('',#2452,#2454,#2450,.T.) ;
#2460=EDGE_CURVE('',#2454,#2452,#2459,.T.) ;
#2473=EDGE_CURVE('',#2470,#2472,#2468,.T.) ;
#2478=EDGE_CURVE('',#2472,#2470,#2477,.T.) ;
#2491=EDGE_CURVE('',#2488,#2490,#2486,.T.) ;
#2496=EDGE_CURVE('',#2490,#2488,#2495,.T.) ;
#2509=EDGE_CURVE('',#2506,#2508,#2504,.T.) ;
#2514=EDGE_CURVE('',#2508,#2506,#2513,.T.) ;
#2527=EDGE_CURVE('',#2524,#2526,#2522,.T.) ;
#2532=EDGE_CURVE('',#2526,#2524,#2531,.T.) ;
#2545=EDGE_CURVE('',#2542,#2544,#2540,.T.) ;
#2550=EDGE_CURVE('',#2544,#2542,#2549,.T.) ;
#2563=EDGE_CURVE('',#2560,#2562,#2558,.T.) ;
#2568=EDGE_CURVE('',#2562,#2560,#2567,.T.) ;
#2581=EDGE_CURVE('',#2578,#2580,#2576,.T.) ;
#2586=EDGE_CURVE('',#2580,#2578,#2585,.T.) ;
#2599=EDGE_CURVE('',#2596,#2598,#2594,.T.) ;
#2604=EDGE_CURVE('',#2598,#2596,#2603,.T.) ;
#2623=EDGE_CURVE('',#2620,#2622,#2618,.T.) ;
#2628=EDGE_CURVE('',#2622,#1164,#2627,.T.) ;
#2633=EDGE_CURVE('',#1409,#2620,#2632,.T.) ;
#2656=EDGE_CURVE('',#2655,#2622,#2653,.T.) ;
#2661=EDGE_CURVE('',#1171,#2655,#2660,.T.) ;
#2682=EDGE_CURVE('',#2679,#2681,#2677,.T.) ;
#2687=EDGE_CURVE('',#2679,#1178,#2686,.T.) ;
#2694=EDGE_CURVE('',#2655,#2693,#2691,.T.) ;
#2699=EDGE_CURVE('',#2693,#1402,#2698,.T.) ;
#2704=EDGE_CURVE('',#1395,#2681,#2703,.T.) ;
#2727=EDGE_CURVE('',#2726,#2679,#2724,.T.) ;
#2732=EDGE_CURVE('',#1185,#2726,#2731,.T.) ;
#2751=EDGE_CURVE('',#2726,#2750,#2748,.T.) ;
#2756=EDGE_CURVE('',#2750,#1388,#2755,.T.) ;
#2781=EDGE_CURVE('',#2681,#2750,#2780,.T.) ;
#2798=EDGE_CURVE('',#2620,#2693,#2797,.T.) ;
#2817=EDGE_CURVE('',#1487,#2816,#2814,.T.) ;
#2824=EDGE_CURVE('',#2823,#2816,#2821,.T.) ;
#2829=EDGE_CURVE('',#1485,#2823,#2828,.T.) ;
#2850=EDGE_CURVE('',#2847,#2849,#2845,.T.) ;
#2857=EDGE_CURVE('',#2849,#2856,#2854,.T.) ;
#2862=EDGE_CURVE('',#2856,#1494,#2861,.T.) ;
#2869=EDGE_CURVE('',#2823,#2868,#2866,.T.) ;
#2876=EDGE_CURVE('',#2868,#2875,#2873,.T.) ;
#2881=EDGE_CURVE('',#2875,#2847,#2880,.T.) ;
#2904=EDGE_CURVE('',#2903,#1501,#2901,.T.) ;
#2909=EDGE_CURVE('',#2856,#2903,#2908,.T.) ;
#2937=EDGE_CURVE('',#2816,#2936,#2922,.T.) ;
#2944=EDGE_CURVE('',#1560,#2943,#2941,.T.) ;
#2960=EDGE_CURVE('',#2943,#2959,#2945,.T.) ;
#2967=EDGE_CURVE('',#2959,#2966,#2964,.T.) ;
#2983=EDGE_CURVE('',#2966,#2982,#2968,.T.) ;
#2990=EDGE_CURVE('',#2982,#2989,#2987,.T.) ;
#3006=EDGE_CURVE('',#2989,#3005,#2991,.T.) ;
#3011=EDGE_CURVE('',#3005,#1508,#3010,.T.) ;
#3027=EDGE_CURVE('',#3026,#2903,#3012,.T.) ;
#3034=EDGE_CURVE('',#3033,#3026,#3031,.T.) ;
#3050=EDGE_CURVE('',#3049,#3033,#3035,.T.) ;
#3055=EDGE_CURVE('',#2936,#3049,#3054,.T.) ;
#3086=EDGE_CURVE('',#3005,#3085,#3083,.T.) ;
#3091=EDGE_CURVE('',#3085,#1515,#3090,.T.) ;
#3112=EDGE_CURVE('',#3109,#3111,#3107,.T.) ;
#3128=EDGE_CURVE('',#3109,#3127,#3113,.T.) ;
#3133=EDGE_CURVE('',#1553,#3127,#3132,.T.) ;
#3149=EDGE_CURVE('',#3085,#3148,#3134,.T.) ;
#3156=EDGE_CURVE('',#3155,#3148,#3153,.T.) ;
#3170=EDGE_CURVE('',#3155,#3111,#3157,.T.) ;
#3197=EDGE_CURVE('',#3127,#2943,#3196,.T.) ;
#3213=EDGE_CURVE('',#3210,#3212,#3208,.T.) ;
#3218=EDGE_CURVE('',#3212,#1799,#3217,.T.) ;
#3223=EDGE_CURVE('',#2027,#3210,#3222,.T.) ;
#3246=EDGE_CURVE('',#3245,#1806,#3243,.T.) ;
#3251=EDGE_CURVE('',#3212,#3245,#3250,.T.) ;
#3267=EDGE_CURVE('',#3264,#3266,#3262,.T.) ;
#3281=EDGE_CURVE('',#1813,#3266,#3268,.T.) ;
#3288=EDGE_CURVE('',#3287,#3245,#3285,.T.) ;
#3305=EDGE_CURVE('',#2020,#3287,#3289,.T.) ;
#3319=EDGE_CURVE('',#3264,#2013,#3306,.T.) ;
#3342=EDGE_CURVE('',#3266,#3341,#3339,.T.) ;
#3347=EDGE_CURVE('',#1820,#3341,#3346,.F.) ;
#3361=EDGE_CURVE('',#3341,#3360,#3358,.T.) ;
#3366=EDGE_CURVE('',#3360,#2006,#3365,.T.) ;
#3391=EDGE_CURVE('',#3360,#3264,#3390,.T.) ;
#3408=EDGE_CURVE('',#3287,#3210,#3407,.T.) ;
#3449=EDGE_CURVE('',#3446,#3448,#3420,.T.) ;
#3475=EDGE_CURVE('',#3448,#3446,#3450,.T.) ;
#3514=EDGE_CURVE('',#3511,#3513,#3485,.T.) ;
#3540=EDGE_CURVE('',#3513,#3511,#3515,.T.) ;
#3579=EDGE_CURVE('',#3576,#3578,#3550,.T.) ;
#3605=EDGE_CURVE('',#3578,#3576,#3580,.T.) ;
#3644=EDGE_CURVE('',#3641,#3643,#3615,.T.) ;
#3670=EDGE_CURVE('',#3643,#3641,#3645,.T.) ;
#3709=EDGE_CURVE('',#3706,#3708,#3680,.T.) ;
#3735=EDGE_CURVE('',#3708,#3706,#3710,.T.) ;
#3774=EDGE_CURVE('',#3771,#3773,#3745,.T.) ;
#3800=EDGE_CURVE('',#3773,#3771,#3775,.T.) ;
#3839=EDGE_CURVE('',#3836,#3838,#3810,.T.) ;
#3865=EDGE_CURVE('',#3838,#3836,#3840,.T.) ;
#3904=EDGE_CURVE('',#3901,#3903,#3875,.T.) ;
#3930=EDGE_CURVE('',#3903,#3901,#3905,.T.) ;
#3969=EDGE_CURVE('',#3966,#3968,#3940,.T.) ;
#3995=EDGE_CURVE('',#3968,#3966,#3970,.T.) ;
#4010=EDGE_CURVE('',#2454,#3448,#4009,.T.) ;
#4015=EDGE_CURVE('',#2452,#3446,#4014,.T.) ;
#4039=EDGE_CURVE('',#2472,#3513,#4038,.T.) ;
#4044=EDGE_CURVE('',#2470,#3511,#4043,.T.) ;
#4068=EDGE_CURVE('',#2490,#3578,#4067,.T.) ;
#4073=EDGE_CURVE('',#2488,#3576,#4072,.T.) ;
#4097=EDGE_CURVE('',#2508,#3643,#4096,.T.) ;
#4102=EDGE_CURVE('',#2506,#3641,#4101,.T.) ;
#4126=EDGE_CURVE('',#2526,#3708,#4125,.T.) ;
#4131=EDGE_CURVE('',#2524,#3706,#4130,.T.) ;
#4155=EDGE_CURVE('',#2544,#3773,#4154,.T.) ;
#4160=EDGE_CURVE('',#2542,#3771,#4159,.T.) ;
#4184=EDGE_CURVE('',#2562,#3838,#4183,.T.) ;
#4189=EDGE_CURVE('',#2560,#3836,#4188,.T.) ;
#4213=EDGE_CURVE('',#2580,#3903,#4212,.T.) ;
#4218=EDGE_CURVE('',#2578,#3901,#4217,.T.) ;
#4242=EDGE_CURVE('',#2598,#3968,#4241,.T.) ;
#4247=EDGE_CURVE('',#2596,#3966,#4246,.T.) ;
#4295=EDGE_CURVE('',#2868,#2936,#4294,.T.) ;
#4312=EDGE_CURVE('',#2849,#3026,#4311,.T.) ;
#4317=EDGE_CURVE('',#2847,#3033,#4316,.T.) ;
#4346=EDGE_CURVE('',#2875,#3049,#4345,.T.) ;
#4375=EDGE_CURVE('',#2959,#3109,#4374,.T.) ;
#4392=EDGE_CURVE('',#3111,#2966,#4391,.T.) ;
#4409=EDGE_CURVE('',#2982,#3155,#4408,.T.) ;
#4426=EDGE_CURVE('',#3148,#2989,#4425,.T.) ;
#58=EDGE_LOOP('',(#59,#60,#61,#62)) ;
#96=EDGE_LOOP('',(#97,#98)) ;
#156=EDGE_LOOP('',(#157,#158)) ;
#166=EDGE_LOOP('',(#167,#168,#169,#170)) ;
#452=EDGE_LOOP('',(#453,#454,#455,#456,#457,#458,#459,#460,#461,#462,#463,#464,#465,#466,#467,#468,#469,#470,#471,#472,#473,#474,#475,#476,#477,#478,#479,#480,#481,#482,#483,#484,#485,#486)) ;
#488=EDGE_LOOP('',(#489,#490)) ;
#548=EDGE_LOOP('',(#549,#550)) ;
#608=EDGE_LOOP('',(#609,#610)) ;
#668=EDGE_LOOP('',(#669,#670)) ;
#728=EDGE_LOOP('',(#729,#730)) ;
#788=EDGE_LOOP('',(#789,#790)) ;
#848=EDGE_LOOP('',(#849,#850)) ;
#908=EDGE_LOOP('',(#909,#910)) ;
#968=EDGE_LOOP('',(#969,#970)) ;
#1028=EDGE_LOOP('',(#1029,#1030)) ;
#1057=EDGE_LOOP('',(#1058,#1059,#1060,#1061)) ;
#1069=EDGE_LOOP('',(#1070,#1071,#1072,#1073)) ;
#1100=EDGE_LOOP('',(#1101,#1102,#1103,#1104)) ;
#1143=EDGE_LOOP('',(#1144,#1145,#1146,#1147,#1148,#1149,#1150,#1151)) ;
#1199=EDGE_LOOP('',(#1200,#1201,#1202,#1203,#1204,#1205,#1206,#1207)) ;
#1227=EDGE_LOOP('',(#1228,#1229,#1230,#1231)) ;
#1251=EDGE_LOOP('',(#1252,#1253,#1254,#1255)) ;
#1275=EDGE_LOOP('',(#1276,#1277,#1278,#1279)) ;
#1299=EDGE_LOOP('',(#1300,#1301,#1302,#1303)) ;
#1323=EDGE_LOOP('',(#1324,#1325,#1326,#1327)) ;
#1347=EDGE_LOOP('',(#1348,#1349,#1350,#1351)) ;
#1371=EDGE_LOOP('',(#1372,#1373,#1374,#1375)) ;
#1423=EDGE_LOOP('',(#1424,#1425,#1426,#1427,#1428,#1429,#1430,#1431)) ;
#1451=EDGE_LOOP('',(#1452,#1453,#1454,#1455)) ;
#1468=EDGE_LOOP('',(#1469,#1470,#1471,#1472)) ;
#1567=EDGE_LOOP('',(#1568,#1569,#1570,#1571,#1572,#1573,#1574,#1575,#1576,#1577,#1578,#1579,#1580,#1581,#1582,#1583)) ;
#1603=EDGE_LOOP('',(#1604,#1605,#1606,#1607)) ;
#1627=EDGE_LOOP('',(#1628,#1629,#1630,#1631)) ;
#1651=EDGE_LOOP('',(#1652,#1653,#1654,#1655)) ;
#1675=EDGE_LOOP('',(#1676,#1677,#1678,#1679)) ;
#1692=EDGE_LOOP('',(#1693,#1694,#1695,#1696)) ;
#1728=EDGE_LOOP('',(#1729,#1730,#1731,#1732,#1733,#1734,#1735,#1736)) ;
#1751=EDGE_LOOP('',(#1752,#1753,#1754,#1755)) ;
#1775=EDGE_LOOP('',(#1776,#1777,#1778,#1779)) ;
#1827=EDGE_LOOP('',(#1828,#1829,#1830,#1831,#1832,#1833,#1834,#1835)) ;
#1855=EDGE_LOOP('',(#1856,#1857,#1858,#1859)) ;
#1874=EDGE_LOOP('',(#1875,#1876,#1877,#1878)) ;
#1898=EDGE_LOOP('',(#1899,#1900,#1901,#1902)) ;
#1922=EDGE_LOOP('',(#1923,#1924,#1925,#1926)) ;
#1946=EDGE_LOOP('',(#1947,#1948,#1949,#1950)) ;
#1965=EDGE_LOOP('',(#1966,#1967,#1968,#1969)) ;
#1989=EDGE_LOOP('',(#1990,#1991,#1992,#1993)) ;
#2034=EDGE_LOOP('',(#2035,#2036,#2037,#2038,#2039,#2040,#2041,#2042)) ;
#2069=EDGE_LOOP('',(#2070,#2071,#2072,#2073)) ;
#2081=EDGE_LOOP('',(#2082,#2083,#2084,#2085)) ;
#2112=EDGE_LOOP('',(#2113,#2114,#2115,#2116)) ;
#2124=EDGE_LOOP('',(#2125,#2126,#2127,#2128)) ;
#2155=EDGE_LOOP('',(#2156,#2157,#2158,#2159)) ;
#2167=EDGE_LOOP('',(#2168,#2169,#2170,#2171)) ;
#2198=EDGE_LOOP('',(#2199,#2200,#2201,#2202)) ;
#2210=EDGE_LOOP('',(#2211,#2212,#2213,#2214)) ;
#2241=EDGE_LOOP('',(#2242,#2243,#2244,#2245)) ;
#2253=EDGE_LOOP('',(#2254,#2255,#2256,#2257)) ;
#2284=EDGE_LOOP('',(#2285,#2286,#2287,#2288)) ;
#2296=EDGE_LOOP('',(#2297,#2298,#2299,#2300)) ;
#2327=EDGE_LOOP('',(#2328,#2329,#2330,#2331)) ;
#2339=EDGE_LOOP('',(#2340,#2341,#2342,#2343)) ;
#2370=EDGE_LOOP('',(#2371,#2372,#2373,#2374)) ;
#2382=EDGE_LOOP('',(#2383,#2384,#2385,#2386)) ;
#2413=EDGE_LOOP('',(#2414,#2415,#2416,#2417)) ;
#2425=EDGE_LOOP('',(#2426,#2427,#2428,#2429)) ;
#2437=EDGE_LOOP('',(#2438,#2439,#2440,#2441)) ;
#2443=EDGE_LOOP('',(#2444,#2445)) ;
#2461=EDGE_LOOP('',(#2462,#2463)) ;
#2479=EDGE_LOOP('',(#2480,#2481)) ;
#2497=EDGE_LOOP('',(#2498,#2499)) ;
#2515=EDGE_LOOP('',(#2516,#2517)) ;
#2533=EDGE_LOOP('',(#2534,#2535)) ;
#2551=EDGE_LOOP('',(#2552,#2553)) ;
#2569=EDGE_LOOP('',(#2570,#2571)) ;
#2587=EDGE_LOOP('',(#2588,#2589)) ;
#2605=EDGE_LOOP('',(#2606,#2607)) ;
#2634=EDGE_LOOP('',(#2635,#2636,#2637,#2638,#2639,#2640,#2641,#2642)) ;
#2662=EDGE_LOOP('',(#2663,#2664,#2665,#2666)) ;
#2705=EDGE_LOOP('',(#2706,#2707,#2708,#2709,#2710,#2711,#2712,#2713)) ;
#2733=EDGE_LOOP('',(#2734,#2735,#2736,#2737)) ;
#2757=EDGE_LOOP('',(#2758,#2759,#2760,#2761,#2762,#2763,#2764,#2765,#2766,#2767,#2768,#2769)) ;
#2782=EDGE_LOOP('',(#2783,#2784,#2785,#2786)) ;
#2799=EDGE_LOOP('',(#2800,#2801,#2802,#2803)) ;
#2830=EDGE_LOOP('',(#2831,#2832,#2833,#2834)) ;
#2882=EDGE_LOOP('',(#2883,#2884,#2885,#2886,#2887,#2888,#2889,#2890)) ;
#2910=EDGE_LOOP('',(#2911,#2912,#2913,#2914)) ;
#3056=EDGE_LOOP('',(#3057,#3058,#3059,#3060,#3061,#3062,#3063,#3064,#3065,#3066,#3067,#3068,#3069,#3070,#3071,#3072)) ;
#3092=EDGE_LOOP('',(#3093,#3094,#3095,#3096)) ;
#3171=EDGE_LOOP('',(#3172,#3173,#3174,#3175,#3176,#3177,#3178,#3179,#3180,#3181,#3182,#3183,#3184,#3185)) ;
#3198=EDGE_LOOP('',(#3199,#3200,#3201,#3202)) ;
#3224=EDGE_LOOP('',(#3225,#3226,#3227,#3228,#3229,#3230,#3231,#3232)) ;
#3252=EDGE_LOOP('',(#3253,#3254,#3255,#3256)) ;
#3320=EDGE_LOOP('',(#3321,#3322,#3323,#3324,#3325,#3326,#3327,#3328)) ;
#3348=EDGE_LOOP('',(#3349,#3350,#3351,#3352)) ;
#3367=EDGE_LOOP('',(#3368,#3369,#3370,#3371,#3372,#3373,#3374,#3375,#3376,#3377,#3378,#3379)) ;
#3392=EDGE_LOOP('',(#3393,#3394,#3395,#3396)) ;
#3409=EDGE_LOOP('',(#3410,#3411,#3412,#3413)) ;
#3416=EDGE_LOOP('',(#3417,#3418)) ;
#3476=EDGE_LOOP('',(#3477,#3478)) ;
#3481=EDGE_LOOP('',(#3482,#3483)) ;
#3541=EDGE_LOOP('',(#3542,#3543)) ;
#3546=EDGE_LOOP('',(#3547,#3548)) ;
#3606=EDGE_LOOP('',(#3607,#3608)) ;
#3611=EDGE_LOOP('',(#3612,#3613)) ;
#3671=EDGE_LOOP('',(#3672,#3673)) ;
#3676=EDGE_LOOP('',(#3677,#3678)) ;
#3736=EDGE_LOOP('',(#3737,#3738)) ;
#3741=EDGE_LOOP('',(#3742,#3743)) ;
#3801=EDGE_LOOP('',(#3802,#3803)) ;
#3806=EDGE_LOOP('',(#3807,#3808)) ;
#3866=EDGE_LOOP('',(#3867,#3868)) ;
#3871=EDGE_LOOP('',(#3872,#3873)) ;
#3931=EDGE_LOOP('',(#3932,#3933)) ;
#3936=EDGE_LOOP('',(#3937,#3938)) ;
#3996=EDGE_LOOP('',(#3997,#3998)) ;
#4016=EDGE_LOOP('',(#4017,#4018,#4019,#4020)) ;
#4023=EDGE_LOOP('',(#4024,#4025,#4026,#4027)) ;
#4045=EDGE_LOOP('',(#4046,#4047,#4048,#4049)) ;
#4052=EDGE_LOOP('',(#4053,#4054,#4055,#4056)) ;
#4074=EDGE_LOOP('',(#4075,#4076,#4077,#4078)) ;
#4081=EDGE_LOOP('',(#4082,#4083,#4084,#4085)) ;
#4103=EDGE_LOOP('',(#4104,#4105,#4106,#4107)) ;
#4110=EDGE_LOOP('',(#4111,#4112,#4113,#4114)) ;
#4132=EDGE_LOOP('',(#4133,#4134,#4135,#4136)) ;
#4139=EDGE_LOOP('',(#4140,#4141,#4142,#4143)) ;
#4161=EDGE_LOOP('',(#4162,#4163,#4164,#4165)) ;
#4168=EDGE_LOOP('',(#4169,#4170,#4171,#4172)) ;
#4190=EDGE_LOOP('',(#4191,#4192,#4193,#4194)) ;
#4197=EDGE_LOOP('',(#4198,#4199,#4200,#4201)) ;
#4219=EDGE_LOOP('',(#4220,#4221,#4222,#4223)) ;
#4226=EDGE_LOOP('',(#4227,#4228,#4229,#4230)) ;
#4248=EDGE_LOOP('',(#4249,#4250,#4251,#4252)) ;
#4255=EDGE_LOOP('',(#4256,#4257,#4258,#4259)) ;
#4267=EDGE_LOOP('',(#4268,#4269,#4270,#4271)) ;
#4279=EDGE_LOOP('',(#4280,#4281,#4282,#4283)) ;
#4296=EDGE_LOOP('',(#4297,#4298,#4299,#4300)) ;
#4318=EDGE_LOOP('',(#4319,#4320,#4321,#4322)) ;
#4330=EDGE_LOOP('',(#4331,#4332,#4333,#4334)) ;
#4347=EDGE_LOOP('',(#4348,#4349,#4350,#4351)) ;
#4359=EDGE_LOOP('',(#4360,#4361,#4362,#4363)) ;
#4376=EDGE_LOOP('',(#4377,#4378,#4379,#4380)) ;
#4393=EDGE_LOOP('',(#4394,#4395,#4396,#4397)) ;
#4410=EDGE_LOOP('',(#4411,#4412,#4413,#4414)) ;
#4427=EDGE_LOOP('',(#4428,#4429,#4430,#4431)) ;
#4439=EDGE_LOOP('',(#4440,#4441,#4442,#4443)) ;
#4451=EDGE_LOOP('',(#4452,#4453,#4454,#4455)) ;
#4463=EDGE_LOOP('',(#4464,#4465,#4466,#4467)) ;
#63=FACE_OUTER_BOUND('',#58,.T.) ;
#99=FACE_OUTER_BOUND('',#96,.T.) ;
#171=FACE_OUTER_BOUND('',#166,.T.) ;
#487=FACE_OUTER_BOUND('',#452,.T.) ;
#1062=FACE_OUTER_BOUND('',#1057,.T.) ;
#1074=FACE_OUTER_BOUND('',#1069,.T.) ;
#1105=FACE_OUTER_BOUND('',#1100,.T.) ;
#1152=FACE_OUTER_BOUND('',#1143,.T.) ;
#1208=FACE_OUTER_BOUND('',#1199,.T.) ;
#1232=FACE_OUTER_BOUND('',#1227,.T.) ;
#1256=FACE_OUTER_BOUND('',#1251,.T.) ;
#1280=FACE_OUTER_BOUND('',#1275,.T.) ;
#1304=FACE_OUTER_BOUND('',#1299,.T.) ;
#1328=FACE_OUTER_BOUND('',#1323,.T.) ;
#1352=FACE_OUTER_BOUND('',#1347,.T.) ;
#1376=FACE_OUTER_BOUND('',#1371,.T.) ;
#1432=FACE_OUTER_BOUND('',#1423,.T.) ;
#1456=FACE_OUTER_BOUND('',#1451,.T.) ;
#1473=FACE_OUTER_BOUND('',#1468,.T.) ;
#1584=FACE_OUTER_BOUND('',#1567,.T.) ;
#1608=FACE_OUTER_BOUND('',#1603,.T.) ;
#1632=FACE_OUTER_BOUND('',#1627,.T.) ;
#1656=FACE_OUTER_BOUND('',#1651,.T.) ;
#1680=FACE_OUTER_BOUND('',#1675,.T.) ;
#1697=FACE_OUTER_BOUND('',#1692,.T.) ;
#1737=FACE_OUTER_BOUND('',#1728,.T.) ;
#1756=FACE_OUTER_BOUND('',#1751,.T.) ;
#1780=FACE_OUTER_BOUND('',#1775,.T.) ;
#1836=FACE_OUTER_BOUND('',#1827,.T.) ;
#1860=FACE_OUTER_BOUND('',#1855,.T.) ;
#1879=FACE_OUTER_BOUND('',#1874,.T.) ;
#1903=FACE_OUTER_BOUND('',#1898,.T.) ;
#1927=FACE_OUTER_BOUND('',#1922,.T.) ;
#1951=FACE_OUTER_BOUND('',#1946,.T.) ;
#1970=FACE_OUTER_BOUND('',#1965,.T.) ;
#1994=FACE_OUTER_BOUND('',#1989,.T.) ;
#2043=FACE_OUTER_BOUND('',#2034,.T.) ;
#2074=FACE_OUTER_BOUND('',#2069,.T.) ;
#2086=FACE_OUTER_BOUND('',#2081,.T.) ;
#2117=FACE_OUTER_BOUND('',#2112,.T.) ;
#2129=FACE_OUTER_BOUND('',#2124,.T.) ;
#2160=FACE_OUTER_BOUND('',#2155,.T.) ;
#2172=FACE_OUTER_BOUND('',#2167,.T.) ;
#2203=FACE_OUTER_BOUND('',#2198,.T.) ;
#2215=FACE_OUTER_BOUND('',#2210,.T.) ;
#2246=FACE_OUTER_BOUND('',#2241,.T.) ;
#2258=FACE_OUTER_BOUND('',#2253,.T.) ;
#2289=FACE_OUTER_BOUND('',#2284,.T.) ;
#2301=FACE_OUTER_BOUND('',#2296,.T.) ;
#2332=FACE_OUTER_BOUND('',#2327,.T.) ;
#2344=FACE_OUTER_BOUND('',#2339,.T.) ;
#2375=FACE_OUTER_BOUND('',#2370,.T.) ;
#2387=FACE_OUTER_BOUND('',#2382,.T.) ;
#2418=FACE_OUTER_BOUND('',#2413,.T.) ;
#2430=FACE_OUTER_BOUND('',#2425,.T.) ;
#2442=FACE_OUTER_BOUND('',#2437,.T.) ;
#2643=FACE_OUTER_BOUND('',#2634,.T.) ;
#2667=FACE_OUTER_BOUND('',#2662,.T.) ;
#2714=FACE_OUTER_BOUND('',#2705,.T.) ;
#2738=FACE_OUTER_BOUND('',#2733,.T.) ;
#2770=FACE_OUTER_BOUND('',#2757,.T.) ;
#2787=FACE_OUTER_BOUND('',#2782,.T.) ;
#2804=FACE_OUTER_BOUND('',#2799,.T.) ;
#2835=FACE_OUTER_BOUND('',#2830,.T.) ;
#2891=FACE_OUTER_BOUND('',#2882,.T.) ;
#2915=FACE_OUTER_BOUND('',#2910,.T.) ;
#3073=FACE_OUTER_BOUND('',#3056,.T.) ;
#3097=FACE_OUTER_BOUND('',#3092,.T.) ;
#3186=FACE_OUTER_BOUND('',#3171,.T.) ;
#3203=FACE_OUTER_BOUND('',#3198,.T.) ;
#3233=FACE_OUTER_BOUND('',#3224,.T.) ;
#3257=FACE_OUTER_BOUND('',#3252,.T.) ;
#3329=FACE_OUTER_BOUND('',#3320,.T.) ;
#3353=FACE_OUTER_BOUND('',#3348,.T.) ;
#3380=FACE_OUTER_BOUND('',#3367,.T.) ;
#3397=FACE_OUTER_BOUND('',#3392,.T.) ;
#3414=FACE_OUTER_BOUND('',#3409,.T.) ;
#3419=FACE_OUTER_BOUND('',#3416,.T.) ;
#3484=FACE_OUTER_BOUND('',#3481,.T.) ;
#3549=FACE_OUTER_BOUND('',#3546,.T.) ;
#3614=FACE_OUTER_BOUND('',#3611,.T.) ;
#3679=FACE_OUTER_BOUND('',#3676,.T.) ;
#3744=FACE_OUTER_BOUND('',#3741,.T.) ;
#3809=FACE_OUTER_BOUND('',#3806,.T.) ;
#3874=FACE_OUTER_BOUND('',#3871,.T.) ;
#3939=FACE_OUTER_BOUND('',#3936,.T.) ;
#4021=FACE_OUTER_BOUND('',#4016,.T.) ;
#4028=FACE_OUTER_BOUND('',#4023,.T.) ;
#4050=FACE_OUTER_BOUND('',#4045,.T.) ;
#4057=FACE_OUTER_BOUND('',#4052,.T.) ;
#4079=FACE_OUTER_BOUND('',#4074,.T.) ;
#4086=FACE_OUTER_BOUND('',#4081,.T.) ;
#4108=FACE_OUTER_BOUND('',#4103,.T.) ;
#4115=FACE_OUTER_BOUND('',#4110,.T.) ;
#4137=FACE_OUTER_BOUND('',#4132,.T.) ;
#4144=FACE_OUTER_BOUND('',#4139,.T.) ;
#4166=FACE_OUTER_BOUND('',#4161,.T.) ;
#4173=FACE_OUTER_BOUND('',#4168,.T.) ;
#4195=FACE_OUTER_BOUND('',#4190,.T.) ;
#4202=FACE_OUTER_BOUND('',#4197,.T.) ;
#4224=FACE_OUTER_BOUND('',#4219,.T.) ;
#4231=FACE_OUTER_BOUND('',#4226,.T.) ;
#4253=FACE_OUTER_BOUND('',#4248,.T.) ;
#4260=FACE_OUTER_BOUND('',#4255,.T.) ;
#4272=FACE_OUTER_BOUND('',#4267,.T.) ;
#4284=FACE_OUTER_BOUND('',#4279,.T.) ;
#4301=FACE_OUTER_BOUND('',#4296,.T.) ;
#4323=FACE_OUTER_BOUND('',#4318,.T.) ;
#4335=FACE_OUTER_BOUND('',#4330,.T.) ;
#4352=FACE_OUTER_BOUND('',#4347,.T.) ;
#4364=FACE_OUTER_BOUND('',#4359,.T.) ;
#4381=FACE_OUTER_BOUND('',#4376,.T.) ;
#4398=FACE_OUTER_BOUND('',#4393,.T.) ;
#4415=FACE_OUTER_BOUND('',#4410,.T.) ;
#4432=FACE_OUTER_BOUND('',#4427,.T.) ;
#4444=FACE_OUTER_BOUND('',#4439,.T.) ;
#4456=FACE_OUTER_BOUND('',#4451,.T.) ;
#4468=FACE_OUTER_BOUND('',#4463,.T.) ;
#42=LINE('Line',#39,#41) ;
#56=LINE('Line',#53,#55) ;
#181=LINE('Line',#178,#180) ;
#190=LINE('Line',#187,#189) ;
#197=LINE('Line',#194,#196) ;
#214=LINE('Line',#211,#213) ;
#228=LINE('Line',#225,#227) ;
#242=LINE('Line',#239,#241) ;
#259=LINE('Line',#256,#258) ;
#273=LINE('Line',#270,#272) ;
#280=LINE('Line',#277,#279) ;
#287=LINE('Line',#284,#286) ;
#294=LINE('Line',#291,#293) ;
#308=LINE('Line',#305,#307) ;
#322=LINE('Line',#319,#321) ;
#329=LINE('Line',#326,#328) ;
#336=LINE('Line',#333,#335) ;
#343=LINE('Line',#340,#342) ;
#363=LINE('Line',#360,#362) ;
#377=LINE('Line',#374,#376) ;
#403=LINE('Line',#400,#402) ;
#429=LINE('Line',#426,#428) ;
#443=LINE('Line',#440,#442) ;
#450=LINE('Line',#447,#449) ;
#1041=LINE('Line',#1038,#1040) ;
#1055=LINE('Line',#1052,#1054) ;
#1084=LINE('Line',#1081,#1083) ;
#1091=LINE('Line',#1088,#1090) ;
#1098=LINE('Line',#1095,#1097) ;
#1115=LINE('Line',#1112,#1114) ;
#1122=LINE('Line',#1119,#1121) ;
#1129=LINE('Line',#1126,#1128) ;
#1134=LINE('Line',#1131,#1133) ;
#1141=LINE('Line',#1138,#1140) ;
#1162=LINE('Line',#1159,#1161) ;
#1169=LINE('Line',#1166,#1168) ;
#1176=LINE('Line',#1173,#1175) ;
#1183=LINE('Line',#1180,#1182) ;
#1190=LINE('Line',#1187,#1189) ;
#1197=LINE('Line',#1194,#1196) ;
#1225=LINE('Line',#1222,#1224) ;
#1242=LINE('Line',#1239,#1241) ;
#1249=LINE('Line',#1246,#1248) ;
#1273=LINE('Line',#1270,#1272) ;
#1290=LINE('Line',#1287,#1289) ;
#1297=LINE('Line',#1294,#1296) ;
#1321=LINE('Line',#1318,#1320) ;
#1338=LINE('Line',#1335,#1337) ;
#1345=LINE('Line',#1342,#1344) ;
#1369=LINE('Line',#1366,#1368) ;
#1386=LINE('Line',#1383,#1385) ;
#1393=LINE('Line',#1390,#1392) ;
#1400=LINE('Line',#1397,#1399) ;
#1407=LINE('Line',#1404,#1406) ;
#1414=LINE('Line',#1411,#1413) ;
#1421=LINE('Line',#1418,#1420) ;
#1449=LINE('Line',#1446,#1448) ;
#1466=LINE('Line',#1463,#1465) ;
#1483=LINE('Line',#1480,#1482) ;
#1492=LINE('Line',#1489,#1491) ;
#1499=LINE('Line',#1496,#1498) ;
#1506=LINE('Line',#1503,#1505) ;
#1513=LINE('Line',#1510,#1512) ;
#1520=LINE('Line',#1517,#1519) ;
#1527=LINE('Line',#1524,#1526) ;
#1532=LINE('Line',#1529,#1531) ;
#1539=LINE('Line',#1536,#1538) ;
#1544=LINE('Line',#1541,#1543) ;
#1551=LINE('Line',#1548,#1550) ;
#1558=LINE('Line',#1555,#1557) ;
#1565=LINE('Line',#1562,#1564) ;
#1594=LINE('Line',#1591,#1593) ;
#1601=LINE('Line',#1598,#1600) ;
#1625=LINE('Line',#1622,#1624) ;
#1642=LINE('Line',#1639,#1641) ;
#1649=LINE('Line',#1646,#1648) ;
#1673=LINE('Line',#1670,#1672) ;
#1690=LINE('Line',#1687,#1689) ;
#1707=LINE('Line',#1704,#1706) ;
#1714=LINE('Line',#1711,#1713) ;
#1721=LINE('Line',#1718,#1720) ;
#1726=LINE('Line',#1723,#1725) ;
#1742=LINE('Line',#1739,#1741) ;
#1749=LINE('Line',#1746,#1748) ;
#1773=LINE('Line',#1770,#1772) ;
#1790=LINE('Line',#1787,#1789) ;
#1797=LINE('Line',#1794,#1796) ;
#1804=LINE('Line',#1801,#1803) ;
#1811=LINE('Line',#1808,#1810) ;
#1818=LINE('Line',#1815,#1817) ;
#1825=LINE('Line',#1822,#1824) ;
#1853=LINE('Line',#1850,#1852) ;
#1865=LINE('Line',#1862,#1864) ;
#1872=LINE('Line',#1869,#1871) ;
#1896=LINE('Line',#1893,#1895) ;
#1913=LINE('Line',#1910,#1912) ;
#1920=LINE('Line',#1917,#1919) ;
#1944=LINE('Line',#1941,#1943) ;
#1956=LINE('Line',#1953,#1955) ;
#1963=LINE('Line',#1960,#1962) ;
#1987=LINE('Line',#1984,#1986) ;
#2004=LINE('Line',#2001,#2003) ;
#2011=LINE('Line',#2008,#2010) ;
#2018=LINE('Line',#2015,#2017) ;
#2025=LINE('Line',#2022,#2024) ;
#2032=LINE('Line',#2029,#2031) ;
#2053=LINE('Line',#2050,#2052) ;
#2067=LINE('Line',#2064,#2066) ;
#2096=LINE('Line',#2093,#2095) ;
#2110=LINE('Line',#2107,#2109) ;
#2139=LINE('Line',#2136,#2138) ;
#2153=LINE('Line',#2150,#2152) ;
#2182=LINE('Line',#2179,#2181) ;
#2196=LINE('Line',#2193,#2195) ;
#2225=LINE('Line',#2222,#2224) ;
#2239=LINE('Line',#2236,#2238) ;
#2268=LINE('Line',#2265,#2267) ;
#2282=LINE('Line',#2279,#2281) ;
#2311=LINE('Line',#2308,#2310) ;
#2325=LINE('Line',#2322,#2324) ;
#2354=LINE('Line',#2351,#2353) ;
#2368=LINE('Line',#2365,#2367) ;
#2397=LINE('Line',#2394,#2396) ;
#2411=LINE('Line',#2408,#2410) ;
#2618=LINE('Line',#2615,#2617) ;
#2653=LINE('Line',#2650,#2652) ;
#2677=LINE('Line',#2674,#2676) ;
#2691=LINE('Line',#2688,#2690) ;
#2724=LINE('Line',#2721,#2723) ;
#2748=LINE('Line',#2745,#2747) ;
#2780=LINE('Line',#2777,#2779) ;
#2797=LINE('Line',#2794,#2796) ;
#2814=LINE('Line',#2811,#2813) ;
#2821=LINE('Line',#2818,#2820) ;
#2828=LINE('Line',#2825,#2827) ;
#2845=LINE('Line',#2842,#2844) ;
#2861=LINE('Line',#2858,#2860) ;
#2873=LINE('Line',#2870,#2872) ;
#2901=LINE('Line',#2898,#2900) ;
#2908=LINE('Line',#2905,#2907) ;
#2941=LINE('Line',#2938,#2940) ;
#2964=LINE('Line',#2961,#2963) ;
#2987=LINE('Line',#2984,#2986) ;
#3010=LINE('Line',#3007,#3009) ;
#3031=LINE('Line',#3028,#3030) ;
#3054=LINE('Line',#3051,#3053) ;
#3083=LINE('Line',#3080,#3082) ;
#3090=LINE('Line',#3087,#3089) ;
#3107=LINE('Line',#3104,#3106) ;
#3132=LINE('Line',#3129,#3131) ;
#3153=LINE('Line',#3150,#3152) ;
#3196=LINE('Line',#3193,#3195) ;
#3208=LINE('Line',#3205,#3207) ;
#3250=LINE('Line',#3247,#3249) ;
#3262=LINE('Line',#3259,#3261) ;
#3285=LINE('Line',#3282,#3284) ;
#3339=LINE('Line',#3336,#3338) ;
#3358=LINE('Line',#3355,#3357) ;
#3390=LINE('Line',#3387,#3389) ;
#3407=LINE('Line',#3404,#3406) ;
#4009=LINE('Line',#4006,#4008) ;
#4014=LINE('Line',#4011,#4013) ;
#4038=LINE('Line',#4035,#4037) ;
#4043=LINE('Line',#4040,#4042) ;
#4067=LINE('Line',#4064,#4066) ;
#4072=LINE('Line',#4069,#4071) ;
#4096=LINE('Line',#4093,#4095) ;
#4101=LINE('Line',#4098,#4100) ;
#4125=LINE('Line',#4122,#4124) ;
#4130=LINE('Line',#4127,#4129) ;
#4154=LINE('Line',#4151,#4153) ;
#4159=LINE('Line',#4156,#4158) ;
#4183=LINE('Line',#4180,#4182) ;
#4188=LINE('Line',#4185,#4187) ;
#4212=LINE('Line',#4209,#4211) ;
#4217=LINE('Line',#4214,#4216) ;
#4241=LINE('Line',#4238,#4240) ;
#4246=LINE('Line',#4243,#4245) ;
#4294=LINE('Line',#4291,#4293) ;
#4311=LINE('Line',#4308,#4310) ;
#4316=LINE('Line',#4313,#4315) ;
#4345=LINE('Line',#4342,#4344) ;
#4374=LINE('Line',#4371,#4373) ;
#4391=LINE('Line',#4388,#4390) ;
#4408=LINE('Line',#4405,#4407) ;
#4425=LINE('Line',#4422,#4424) ;
#69=PLANE('',#68) ;
#177=PLANE('',#176) ;
#1080=PLANE('',#1079) ;
#1111=PLANE('',#1110) ;
#1158=PLANE('',#1157) ;
#1238=PLANE('',#1237) ;
#1286=PLANE('',#1285) ;
#1334=PLANE('',#1333) ;
#1382=PLANE('',#1381) ;
#1462=PLANE('',#1461) ;
#1479=PLANE('',#1478) ;
#1590=PLANE('',#1589) ;
#1638=PLANE('',#1637) ;
#1686=PLANE('',#1685) ;
#1703=PLANE('',#1702) ;
#1786=PLANE('',#1785) ;
#1909=PLANE('',#1908) ;
#2000=PLANE('',#1999) ;
#2436=PLANE('',#2435) ;
#2614=PLANE('',#2613) ;
#2673=PLANE('',#2672) ;
#2744=PLANE('',#2743) ;
#2810=PLANE('',#2809) ;
#2841=PLANE('',#2840) ;
#2897=PLANE('',#2896) ;
#2921=PLANE('',#2920) ;
#3079=PLANE('',#3078) ;
#3103=PLANE('',#3102) ;
#3192=PLANE('',#3191) ;
#4266=PLANE('',#4265) ;
#4278=PLANE('',#4277) ;
#4307=PLANE('',#4306) ;
#4341=PLANE('',#4340) ;
#4387=PLANE('',#4386) ;
#4421=PLANE('',#4420) ;
#4450=PLANE('',#4449) ;
#4462=PLANE('',#4461) ;
#7=PRODUCT_CATEGORY_RELATIONSHIP(' ',' ',#5,#6) ;
#17=PRODUCT_DEFINITION_FORMATION_WITH_SPECIFIED_SOURCE('',' ',#16,.NOT_KNOWN.) ;
#20=SHAPE_DEFINITION_REPRESENTATION(#19,#13) ;
#35=VERTEX_POINT('',#34) ;
#37=VERTEX_POINT('',#36) ;
#44=VERTEX_POINT('',#43) ;
#51=VERTEX_POINT('',#50) ;
#126=VERTEX_POINT('',#125) ;
#128=VERTEX_POINT('',#127) ;
#183=VERTEX_POINT('',#182) ;
#185=VERTEX_POINT('',#184) ;
#192=VERTEX_POINT('',#191) ;
#199=VERTEX_POINT('',#198) ;
#209=VERTEX_POINT('',#208) ;
#216=VERTEX_POINT('',#215) ;
#223=VERTEX_POINT('',#222) ;
#230=VERTEX_POINT('',#229) ;
#237=VERTEX_POINT('',#236) ;
#244=VERTEX_POINT('',#243) ;
#254=VERTEX_POINT('',#253) ;
#261=VERTEX_POINT('',#260) ;
#268=VERTEX_POINT('',#267) ;
#275=VERTEX_POINT('',#274) ;
#282=VERTEX_POINT('',#281) ;
#289=VERTEX_POINT('',#288) ;
#296=VERTEX_POINT('',#295) ;
#303=VERTEX_POINT('',#302) ;
#310=VERTEX_POINT('',#309) ;
#317=VERTEX_POINT('',#316) ;
#324=VERTEX_POINT('',#323) ;
#331=VERTEX_POINT('',#330) ;
#338=VERTEX_POINT('',#337) ;
#345=VERTEX_POINT('',#344) ;
#358=VERTEX_POINT('',#357) ;
#365=VERTEX_POINT('',#364) ;
#372=VERTEX_POINT('',#371) ;
#379=VERTEX_POINT('',#378) ;
#398=VERTEX_POINT('',#397) ;
#405=VERTEX_POINT('',#404) ;
#424=VERTEX_POINT('',#423) ;
#431=VERTEX_POINT('',#430) ;
#438=VERTEX_POINT('',#437) ;
#445=VERTEX_POINT('',#444) ;
#518=VERTEX_POINT('',#517) ;
#520=VERTEX_POINT('',#519) ;
#578=VERTEX_POINT('',#577) ;
#580=VERTEX_POINT('',#579) ;
#638=VERTEX_POINT('',#637) ;
#640=VERTEX_POINT('',#639) ;
#698=VERTEX_POINT('',#697) ;
#700=VERTEX_POINT('',#699) ;
#758=VERTEX_POINT('',#757) ;
#760=VERTEX_POINT('',#759) ;
#818=VERTEX_POINT('',#817) ;
#820=VERTEX_POINT('',#819) ;
#878=VERTEX_POINT('',#877) ;
#880=VERTEX_POINT('',#879) ;
#938=VERTEX_POINT('',#937) ;
#940=VERTEX_POINT('',#939) ;
#998=VERTEX_POINT('',#997) ;
#1000=VERTEX_POINT('',#999) ;
#1043=VERTEX_POINT('',#1042) ;
#1050=VERTEX_POINT('',#1049) ;
#1086=VERTEX_POINT('',#1085) ;
#1093=VERTEX_POINT('',#1092) ;
#1117=VERTEX_POINT('',#1116) ;
#1124=VERTEX_POINT('',#1123) ;
#1136=VERTEX_POINT('',#1135) ;
#1164=VERTEX_POINT('',#1163) ;
#1171=VERTEX_POINT('',#1170) ;
#1178=VERTEX_POINT('',#1177) ;
#1185=VERTEX_POINT('',#1184) ;
#1192=VERTEX_POINT('',#1191) ;
#1220=VERTEX_POINT('',#1219) ;
#1244=VERTEX_POINT('',#1243) ;
#1268=VERTEX_POINT('',#1267) ;
#1292=VERTEX_POINT('',#1291) ;
#1316=VERTEX_POINT('',#1315) ;
#1340=VERTEX_POINT('',#1339) ;
#1364=VERTEX_POINT('',#1363) ;
#1388=VERTEX_POINT('',#1387) ;
#1395=VERTEX_POINT('',#1394) ;
#1402=VERTEX_POINT('',#1401) ;
#1409=VERTEX_POINT('',#1408) ;
#1416=VERTEX_POINT('',#1415) ;
#1444=VERTEX_POINT('',#1443) ;
#1485=VERTEX_POINT('',#1484) ;
#1487=VERTEX_POINT('',#1486) ;
#1494=VERTEX_POINT('',#1493) ;
#1501=VERTEX_POINT('',#1500) ;
#1508=VERTEX_POINT('',#1507) ;
#1515=VERTEX_POINT('',#1514) ;
#1522=VERTEX_POINT('',#1521) ;
#1534=VERTEX_POINT('',#1533) ;
#1546=VERTEX_POINT('',#1545) ;
#1553=VERTEX_POINT('',#1552) ;
#1560=VERTEX_POINT('',#1559) ;
#1596=VERTEX_POINT('',#1595) ;
#1620=VERTEX_POINT('',#1619) ;
#1644=VERTEX_POINT('',#1643) ;
#1668=VERTEX_POINT('',#1667) ;
#1709=VERTEX_POINT('',#1708) ;
#1716=VERTEX_POINT('',#1715) ;
#1744=VERTEX_POINT('',#1743) ;
#1768=VERTEX_POINT('',#1767) ;
#1792=VERTEX_POINT('',#1791) ;
#1799=VERTEX_POINT('',#1798) ;
#1806=VERTEX_POINT('',#1805) ;
#1813=VERTEX_POINT('',#1812) ;
#1820=VERTEX_POINT('',#1819) ;
#1848=VERTEX_POINT('',#1847) ;
#1867=VERTEX_POINT('',#1866) ;
#1891=VERTEX_POINT('',#1890) ;
#1915=VERTEX_POINT('',#1914) ;
#1939=VERTEX_POINT('',#1938) ;
#1958=VERTEX_POINT('',#1957) ;
#1982=VERTEX_POINT('',#1981) ;
#2006=VERTEX_POINT('',#2005) ;
#2013=VERTEX_POINT('',#2012) ;
#2020=VERTEX_POINT('',#2019) ;
#2027=VERTEX_POINT('',#2026) ;
#2055=VERTEX_POINT('',#2054) ;
#2062=VERTEX_POINT('',#2061) ;
#2098=VERTEX_POINT('',#2097) ;
#2105=VERTEX_POINT('',#2104) ;
#2141=VERTEX_POINT('',#2140) ;
#2148=VERTEX_POINT('',#2147) ;
#2184=VERTEX_POINT('',#2183) ;
#2191=VERTEX_POINT('',#2190) ;
#2227=VERTEX_POINT('',#2226) ;
#2234=VERTEX_POINT('',#2233) ;
#2270=VERTEX_POINT('',#2269) ;
#2277=VERTEX_POINT('',#2276) ;
#2313=VERTEX_POINT('',#2312) ;
#2320=VERTEX_POINT('',#2319) ;
#2356=VERTEX_POINT('',#2355) ;
#2363=VERTEX_POINT('',#2362) ;
#2399=VERTEX_POINT('',#2398) ;
#2406=VERTEX_POINT('',#2405) ;
#2452=VERTEX_POINT('',#2451) ;
#2454=VERTEX_POINT('',#2453) ;
#2470=VERTEX_POINT('',#2469) ;
#2472=VERTEX_POINT('',#2471) ;
#2488=VERTEX_POINT('',#2487) ;
#2490=VERTEX_POINT('',#2489) ;
#2506=VERTEX_POINT('',#2505) ;
#2508=VERTEX_POINT('',#2507) ;
#2524=VERTEX_POINT('',#2523) ;
#2526=VERTEX_POINT('',#2525) ;
#2542=VERTEX_POINT('',#2541) ;
#2544=VERTEX_POINT('',#2543) ;
#2560=VERTEX_POINT('',#2559) ;
#2562=VERTEX_POINT('',#2561) ;
#2578=VERTEX_POINT('',#2577) ;
#2580=VERTEX_POINT('',#2579) ;
#2596=VERTEX_POINT('',#2595) ;
#2598=VERTEX_POINT('',#2597) ;
#2620=VERTEX_POINT('',#2619) ;
#2622=VERTEX_POINT('',#2621) ;
#2655=VERTEX_POINT('',#2654) ;
#2679=VERTEX_POINT('',#2678) ;
#2681=VERTEX_POINT('',#2680) ;
#2693=VERTEX_POINT('',#2692) ;
#2726=VERTEX_POINT('',#2725) ;
#2750=VERTEX_POINT('',#2749) ;
#2816=VERTEX_POINT('',#2815) ;
#2823=VERTEX_POINT('',#2822) ;
#2847=VERTEX_POINT('',#2846) ;
#2849=VERTEX_POINT('',#2848) ;
#2856=VERTEX_POINT('',#2855) ;
#2868=VERTEX_POINT('',#2867) ;
#2875=VERTEX_POINT('',#2874) ;
#2903=VERTEX_POINT('',#2902) ;
#2936=VERTEX_POINT('',#2935) ;
#2943=VERTEX_POINT('',#2942) ;
#2959=VERTEX_POINT('',#2958) ;
#2966=VERTEX_POINT('',#2965) ;
#2982=VERTEX_POINT('',#2981) ;
#2989=VERTEX_POINT('',#2988) ;
#3005=VERTEX_POINT('',#3004) ;
#3026=VERTEX_POINT('',#3025) ;
#3033=VERTEX_POINT('',#3032) ;
#3049=VERTEX_POINT('',#3048) ;
#3085=VERTEX_POINT('',#3084) ;
#3109=VERTEX_POINT('',#3108) ;
#3111=VERTEX_POINT('',#3110) ;
#3127=VERTEX_POINT('',#3126) ;
#3148=VERTEX_POINT('',#3147) ;
#3155=VERTEX_POINT('',#3154) ;
#3210=VERTEX_POINT('',#3209) ;
#3212=VERTEX_POINT('',#3211) ;
#3245=VERTEX_POINT('',#3244) ;
#3264=VERTEX_POINT('',#3263) ;
#3266=VERTEX_POINT('',#3265) ;
#3287=VERTEX_POINT('',#3286) ;
#3341=VERTEX_POINT('',#3340) ;
#3360=VERTEX_POINT('',#3359) ;
#3446=VERTEX_POINT('',#3445) ;
#3448=VERTEX_POINT('',#3447) ;
#3511=VERTEX_POINT('',#3510) ;
#3513=VERTEX_POINT('',#3512) ;
#3576=VERTEX_POINT('',#3575) ;
#3578=VERTEX_POINT('',#3577) ;
#3641=VERTEX_POINT('',#3640) ;
#3643=VERTEX_POINT('',#3642) ;
#3706=VERTEX_POINT('',#3705) ;
#3708=VERTEX_POINT('',#3707) ;
#3771=VERTEX_POINT('',#3770) ;
#3773=VERTEX_POINT('',#3772) ;
#3836=VERTEX_POINT('',#3835) ;
#3838=VERTEX_POINT('',#3837) ;
#3901=VERTEX_POINT('',#3900) ;
#3903=VERTEX_POINT('',#3902) ;
#3966=VERTEX_POINT('',#3965) ;
#3968=VERTEX_POINT('',#3967) ;
#8=(LENGTH_UNIT()NAMED_UNIT(*)SI_UNIT(.MILLI.,.METRE.)) ;
#9=(NAMED_UNIT(*)PLANE_ANGLE_UNIT()SI_UNIT($,.RADIAN.)) ;
#10=(NAMED_UNIT(*)SI_UNIT($,.STERADIAN.)SOLID_ANGLE_UNIT()) ;
#12=(GEOMETRIC_REPRESENTATION_CONTEXT(3)GLOBAL_UNCERTAINTY_ASSIGNED_CONTEXT((#11))GLOBAL_UNIT_ASSIGNED_CONTEXT((#8,#9,#10))REPRESENTATION_CONTEXT(' ',' ')) ;
ENDSEC;
END-ISO-10303-21;
