ISO-10303-21;
HEADER;
/* Generated by software containing ST-Developer
 * from STEP Tools, Inc. (www.steptools.com) 
 */
/* OPTION: using custom schema-name function */

FILE_DESCRIPTION(
/* description */ (''),
/* implementation_level */ '2;1');

FILE_NAME(
/* name */ '5_stp.stp',
/* time_stamp */ '2026-05-11T15:15:01+08:00',
/* author */ (''),
/* organization */ (''),
/* preprocessor_version */ 'ST-DEVELOPER v20',
/* originating_system */ 'SIEMENS PLM Software NX2412.1700',
/* authorisation */ '');

FILE_SCHEMA (('AUTOMOTIVE_DESIGN { 1 0 10303 214 3 1 1 1 }'));
ENDSEC;

DATA;
#10=SHAPE_REPRESENTATION_RELATIONSHIP('None',
'relationship between 5_stp-None and 5_stp-None',#22,#11);
#11=ADVANCED_BREP_SHAPE_REPRESENTATION('5_stp-None',(#32),#5466);
#12=SHAPE_DEFINITION_REPRESENTATION(#13,#22);
#13=PRODUCT_DEFINITION_SHAPE('','',#14);
#14=PRODUCT_DEFINITION(' ','',#16,#15);
#15=PRODUCT_DEFINITION_CONTEXT('part definition',#21,'design');
#16=PRODUCT_DEFINITION_FORMATION_WITH_SPECIFIED_SOURCE(' ',' ',#18,
 .NOT_KNOWN.);
#17=PRODUCT_RELATED_PRODUCT_CATEGORY('part','',(#18));
#18=PRODUCT('5_stp','5_stp',' ',(#19));
#19=PRODUCT_CONTEXT(' ',#21,'mechanical');
#20=APPLICATION_PROTOCOL_DEFINITION('international standard',
'automotive_design',2010,#21);
#21=APPLICATION_CONTEXT(
'core data for automotive mechanical design processes');
#22=SHAPE_REPRESENTATION('5_stp-None',(#3162),#5466);
#23=PRESENTATION_LAYER_ASSIGNMENT('1','Layer 1',(#32));
#24=STYLED_ITEM('',(#25),#32);
#25=PRESENTATION_STYLE_ASSIGNMENT((#26));
#26=SURFACE_STYLE_USAGE(.BOTH.,#27);
#27=SURFACE_SIDE_STYLE('',(#28));
#28=SURFACE_STYLE_FILL_AREA(#29);
#29=FILL_AREA_STYLE('',(#30));
#30=FILL_AREA_STYLE_COLOUR('',#31);
#31=COLOUR_RGB('medium steel',0.611764705882353,0.658823529411765,0.670588235294118);
#32=MANIFOLD_SOLID_BREP('CUT-EXTRUDE6',#33);
#33=CLOSED_SHELL('',(#163,#164,#165,#166,#167,#168,#169,#170,#171,#172,
#173,#174,#175,#176,#177,#178,#179,#180,#181,#182,#183,#184,#185,#186,#187,
#188,#189,#190,#191,#192,#193,#194,#195,#196,#197,#198,#199,#200,#201,#202,
#203,#204,#205,#206,#207,#208,#209,#210,#211,#212,#213,#214,#215,#216,#217,
#218,#219,#220,#221,#222,#223,#224,#225,#226,#227,#228,#229,#230,#231,#232,
#233,#234,#235,#236,#237,#238,#239,#240,#241,#242,#243,#244,#245,#246,#247,
#248,#249,#250,#251,#252,#253,#254,#255,#256,#257,#258,#259,#260,#261,#262,
#263,#264,#265,#266,#267,#268,#269,#270,#271,#272,#273,#274,#275,#276,#277,
#278,#279,#280,#281,#282,#283,#284,#285,#286,#287,#288,#289,#290,#291,#292,
#293,#294,#295,#296,#297,#298,#299,#300,#301,#302,#303,#304,#305,#306,#307,
#308,#309,#310,#311,#312,#313,#314,#315,#316,#317,#318,#319,#320,#321,#322,
#323,#324,#325,#326,#327,#328,#329,#330,#331,#332,#333,#334,#335,#336,#337,
#338));
#34=CONICAL_SURFACE('',#3188,1.025,44.9999999999996);
#35=CONICAL_SURFACE('',#3193,1.025,44.9999999999996);
#36=CONICAL_SURFACE('',#3198,2.025,44.9999999999999);
#37=CONICAL_SURFACE('',#3201,1.65,58.9999999999999);
#38=CONICAL_SURFACE('',#3216,1.125,44.9999999999996);
#39=CONICAL_SURFACE('',#3219,0.875000000000001,58.9999999999999);
#40=CONICAL_SURFACE('',#3222,1.125,44.9999999999997);
#41=CONICAL_SURFACE('',#3225,0.874999999999997,58.9999999999997);
#42=CONICAL_SURFACE('',#3228,1.125,44.9999999999996);
#43=CONICAL_SURFACE('',#3231,0.875000000000001,58.9999999999999);
#44=CONICAL_SURFACE('',#3234,1.125,44.9999999999996);
#45=CONICAL_SURFACE('',#3237,0.875000000000001,58.9999999999999);
#46=CONICAL_SURFACE('',#3240,1.125,44.9999999999996);
#47=CONICAL_SURFACE('',#3243,0.875000000000001,58.9999999999999);
#48=CONICAL_SURFACE('',#3246,1.125,44.9999999999997);
#49=CONICAL_SURFACE('',#3249,0.874999999999997,58.9999999999997);
#50=CONICAL_SURFACE('',#3332,3.15,45.);
#51=CONICAL_SURFACE('',#3337,3.15,45.);
#52=CONICAL_SURFACE('',#3342,3.15,44.9999999999999);
#53=CONICAL_SURFACE('',#3482,3.15,44.9999999999999);
#54=CONICAL_SURFACE('',#3485,3.15,45.);
#55=CONICAL_SURFACE('',#3488,3.15,45.);
#56=CONICAL_SURFACE('',#3491,0.874999999999997,58.9999999999997);
#57=CONICAL_SURFACE('',#3494,1.125,44.9999999999997);
#58=CONICAL_SURFACE('',#3496,0.875000000000001,58.9999999999999);
#59=CONICAL_SURFACE('',#3499,1.125,44.9999999999996);
#60=CONICAL_SURFACE('',#3501,0.875000000000001,58.9999999999999);
#61=CONICAL_SURFACE('',#3504,1.125,44.9999999999996);
#62=CONICAL_SURFACE('',#3506,0.875000000000001,58.9999999999999);
#63=CONICAL_SURFACE('',#3509,1.125,44.9999999999996);
#64=CONICAL_SURFACE('',#3511,0.874999999999997,58.9999999999997);
#65=CONICAL_SURFACE('',#3514,1.125,44.9999999999997);
#66=CONICAL_SURFACE('',#3516,0.875000000000001,58.9999999999999);
#67=CONICAL_SURFACE('',#3519,1.125,44.9999999999996);
#68=CONICAL_SURFACE('',#3522,1.65,58.9999999999999);
#69=CONICAL_SURFACE('',#3525,2.025,44.9999999999999);
#70=CONICAL_SURFACE('',#3528,1.025,44.9999999999996);
#71=CONICAL_SURFACE('',#3531,1.025,44.9999999999996);
#72=PLANE('',#3169);
#73=PLANE('',#3170);
#74=PLANE('',#3177);
#75=PLANE('',#3178);
#76=PLANE('',#3185);
#77=PLANE('',#3207);
#78=PLANE('',#3292);
#79=PLANE('',#3293);
#80=PLANE('',#3306);
#81=PLANE('',#3307);
#82=PLANE('',#3308);
#83=PLANE('',#3309);
#84=PLANE('',#3317);
#85=PLANE('',#3326);
#86=PLANE('',#3327);
#87=PLANE('',#3328);
#88=PLANE('',#3329);
#89=PLANE('',#3350);
#90=PLANE('',#3354);
#91=PLANE('',#3362);
#92=PLANE('',#3365);
#93=PLANE('',#3366);
#94=PLANE('',#3367);
#95=PLANE('',#3368);
#96=PLANE('',#3369);
#97=PLANE('',#3370);
#98=PLANE('',#3371);
#99=PLANE('',#3372);
#100=PLANE('',#3373);
#101=PLANE('',#3374);
#102=PLANE('',#3375);
#103=PLANE('',#3376);
#104=PLANE('',#3401);
#105=PLANE('',#3423);
#106=PLANE('',#3439);
#107=PLANE('',#3440);
#108=PLANE('',#3441);
#109=PLANE('',#3442);
#110=PLANE('',#3443);
#111=PLANE('',#3449);
#112=PLANE('',#3450);
#113=PLANE('',#3451);
#114=PLANE('',#3452);
#115=PLANE('',#3453);
#116=PLANE('',#3454);
#117=PLANE('',#3455);
#118=PLANE('',#3456);
#119=PLANE('',#3458);
#120=PLANE('',#3459);
#121=PLANE('',#3460);
#122=PLANE('',#3463);
#123=PLANE('',#3472);
#124=FACE_BOUND('',#589,.T.);
#125=FACE_BOUND('',#590,.T.);
#126=FACE_BOUND('',#606,.T.);
#127=FACE_BOUND('',#607,.T.);
#128=FACE_BOUND('',#653,.T.);
#129=FACE_BOUND('',#654,.T.);
#130=FACE_BOUND('',#655,.T.);
#131=FACE_BOUND('',#656,.T.);
#132=FACE_BOUND('',#671,.T.);
#133=FACE_BOUND('',#672,.T.);
#134=FACE_BOUND('',#673,.T.);
#135=FACE_BOUND('',#674,.T.);
#136=FACE_BOUND('',#676,.T.);
#137=FACE_BOUND('',#677,.T.);
#138=FACE_BOUND('',#706,.T.);
#139=FACE_BOUND('',#707,.T.);
#140=FACE_BOUND('',#708,.T.);
#141=FACE_BOUND('',#709,.T.);
#142=FACE_BOUND('',#713,.T.);
#143=FACE_BOUND('',#714,.T.);
#144=FACE_BOUND('',#715,.T.);
#145=FACE_BOUND('',#716,.T.);
#146=FACE_BOUND('',#717,.T.);
#147=FACE_BOUND('',#718,.T.);
#148=FACE_BOUND('',#719,.T.);
#149=FACE_BOUND('',#720,.T.);
#150=FACE_BOUND('',#725,.T.);
#151=FACE_BOUND('',#726,.T.);
#152=FACE_BOUND('',#727,.T.);
#153=FACE_BOUND('',#728,.T.);
#154=FACE_BOUND('',#729,.T.);
#155=FACE_BOUND('',#730,.T.);
#156=FACE_BOUND('',#731,.T.);
#157=FACE_BOUND('',#735,.T.);
#158=FACE_BOUND('',#736,.T.);
#159=FACE_BOUND('',#739,.T.);
#160=FACE_BOUND('',#740,.T.);
#161=FACE_BOUND('',#745,.T.);
#162=FACE_BOUND('',#746,.T.);
#163=ADVANCED_FACE('NONE',(#425),#339,.F.);
#164=ADVANCED_FACE('NONE',(#124,#125),#72,.T.);
#165=ADVANCED_FACE('NONE',(#426),#73,.F.);
#166=ADVANCED_FACE('NONE',(#427),#340,.F.);
#167=ADVANCED_FACE('NONE',(#428),#341,.F.);
#168=ADVANCED_FACE('NONE',(#429),#74,.F.);
#169=ADVANCED_FACE('NONE',(#430),#75,.F.);
#170=ADVANCED_FACE('NONE',(#431),#342,.F.);
#171=ADVANCED_FACE('NONE',(#432),#343,.F.);
#172=ADVANCED_FACE('NONE',(#433),#76,.F.);
#173=ADVANCED_FACE('NONE',(#434),#34,.F.);
#174=ADVANCED_FACE('NONE',(#435),#344,.F.);
#175=ADVANCED_FACE('NONE',(#436),#35,.F.);
#176=ADVANCED_FACE('NONE',(#437),#345,.F.);
#177=ADVANCED_FACE('NONE',(#438),#36,.F.);
#178=ADVANCED_FACE('NONE',(#439),#346,.F.);
#179=ADVANCED_FACE('NONE',(#440),#37,.F.);
#180=ADVANCED_FACE('NONE',(#126,#127),#77,.T.);
#181=ADVANCED_FACE('NONE',(#441),#347,.F.);
#182=ADVANCED_FACE('NONE',(#442),#348,.T.);
#183=ADVANCED_FACE('NONE',(#443),#349,.F.);
#184=ADVANCED_FACE('NONE',(#444),#38,.F.);
#185=ADVANCED_FACE('NONE',(#445),#350,.F.);
#186=ADVANCED_FACE('NONE',(#446),#39,.F.);
#187=ADVANCED_FACE('NONE',(#447),#40,.F.);
#188=ADVANCED_FACE('NONE',(#448),#351,.F.);
#189=ADVANCED_FACE('NONE',(#449),#41,.F.);
#190=ADVANCED_FACE('NONE',(#450),#42,.F.);
#191=ADVANCED_FACE('NONE',(#451),#352,.F.);
#192=ADVANCED_FACE('NONE',(#452),#43,.F.);
#193=ADVANCED_FACE('NONE',(#453),#44,.F.);
#194=ADVANCED_FACE('NONE',(#454),#353,.F.);
#195=ADVANCED_FACE('NONE',(#455),#45,.F.);
#196=ADVANCED_FACE('NONE',(#456),#46,.F.);
#197=ADVANCED_FACE('NONE',(#457),#354,.F.);
#198=ADVANCED_FACE('NONE',(#458),#47,.F.);
#199=ADVANCED_FACE('NONE',(#459),#48,.F.);
#200=ADVANCED_FACE('NONE',(#460),#355,.F.);
#201=ADVANCED_FACE('NONE',(#461),#49,.F.);
#202=ADVANCED_FACE('NONE',(#462),#356,.F.);
#203=ADVANCED_FACE('NONE',(#463),#357,.T.);
#204=ADVANCED_FACE('NONE',(#464),#358,.F.);
#205=ADVANCED_FACE('NONE',(#465),#359,.T.);
#206=ADVANCED_FACE('NONE',(#466),#360,.F.);
#207=ADVANCED_FACE('NONE',(#467),#361,.F.);
#208=ADVANCED_FACE('NONE',(#468),#362,.F.);
#209=ADVANCED_FACE('NONE',(#469),#363,.F.);
#210=ADVANCED_FACE('NONE',(#470),#364,.F.);
#211=ADVANCED_FACE('NONE',(#471),#365,.F.);
#212=ADVANCED_FACE('NONE',(#472),#366,.F.);
#213=ADVANCED_FACE('NONE',(#473),#367,.F.);
#214=ADVANCED_FACE('NONE',(#474),#368,.F.);
#215=ADVANCED_FACE('NONE',(#475),#369,.F.);
#216=ADVANCED_FACE('NONE',(#476),#78,.F.);
#217=ADVANCED_FACE('NONE',(#477),#79,.F.);
#218=ADVANCED_FACE('NONE',(#478),#370,.F.);
#219=ADVANCED_FACE('NONE',(#479),#371,.F.);
#220=ADVANCED_FACE('NONE',(#480),#372,.F.);
#221=ADVANCED_FACE('NONE',(#481),#373,.F.);
#222=ADVANCED_FACE('NONE',(#482),#80,.F.);
#223=ADVANCED_FACE('NONE',(#483),#81,.F.);
#224=ADVANCED_FACE('NONE',(#484),#82,.F.);
#225=ADVANCED_FACE('NONE',(#485),#83,.F.);
#226=ADVANCED_FACE('NONE',(#128,#129,#130,#131),#84,.F.);
#227=ADVANCED_FACE('NONE',(#486),#374,.F.);
#228=ADVANCED_FACE('NONE',(#487),#375,.F.);
#229=ADVANCED_FACE('NONE',(#488),#376,.F.);
#230=ADVANCED_FACE('NONE',(#489),#377,.F.);
#231=ADVANCED_FACE('NONE',(#490),#85,.F.);
#232=ADVANCED_FACE('NONE',(#491),#86,.F.);
#233=ADVANCED_FACE('NONE',(#492),#87,.F.);
#234=ADVANCED_FACE('NONE',(#493),#88,.F.);
#235=ADVANCED_FACE('NONE',(#494),#50,.F.);
#236=ADVANCED_FACE('NONE',(#495),#378,.F.);
#237=ADVANCED_FACE('NONE',(#496),#51,.F.);
#238=ADVANCED_FACE('NONE',(#497),#379,.F.);
#239=ADVANCED_FACE('NONE',(#498),#52,.F.);
#240=ADVANCED_FACE('NONE',(#499),#380,.F.);
#241=ADVANCED_FACE('NONE',(#132,#133),#89,.T.);
#242=ADVANCED_FACE('NONE',(#134,#135),#90,.T.);
#243=ADVANCED_FACE('NONE',(#500),#381,.T.);
#244=ADVANCED_FACE('NONE',(#136,#137),#91,.T.);
#245=ADVANCED_FACE('NONE',(#501),#382,.T.);
#246=ADVANCED_FACE('NONE',(#502),#92,.T.);
#247=ADVANCED_FACE('NONE',(#503),#93,.F.);
#248=ADVANCED_FACE('NONE',(#504),#94,.F.);
#249=ADVANCED_FACE('NONE',(#505),#95,.F.);
#250=ADVANCED_FACE('NONE',(#506),#96,.T.);
#251=ADVANCED_FACE('NONE',(#507),#97,.F.);
#252=ADVANCED_FACE('NONE',(#508),#98,.F.);
#253=ADVANCED_FACE('NONE',(#509),#99,.F.);
#254=ADVANCED_FACE('NONE',(#510),#100,.T.);
#255=ADVANCED_FACE('NONE',(#511),#101,.F.);
#256=ADVANCED_FACE('NONE',(#512),#102,.F.);
#257=ADVANCED_FACE('NONE',(#513),#103,.F.);
#258=ADVANCED_FACE('NONE',(#514),#383,.F.);
#259=ADVANCED_FACE('NONE',(#515),#384,.F.);
#260=ADVANCED_FACE('NONE',(#516),#385,.F.);
#261=ADVANCED_FACE('NONE',(#517),#386,.F.);
#262=ADVANCED_FACE('NONE',(#518),#387,.F.);
#263=ADVANCED_FACE('NONE',(#519),#388,.F.);
#264=ADVANCED_FACE('NONE',(#520),#389,.T.);
#265=ADVANCED_FACE('NONE',(#521),#390,.F.);
#266=ADVANCED_FACE('NONE',(#522),#104,.T.);
#267=ADVANCED_FACE('NONE',(#523),#391,.F.);
#268=ADVANCED_FACE('NONE',(#524),#392,.T.);
#269=ADVANCED_FACE('NONE',(#525),#393,.F.);
#270=ADVANCED_FACE('NONE',(#526),#394,.F.);
#271=ADVANCED_FACE('NONE',(#527),#395,.T.);
#272=ADVANCED_FACE('NONE',(#528),#396,.F.);
#273=ADVANCED_FACE('NONE',(#138,#139,#140,#141),#105,.F.);
#274=ADVANCED_FACE('NONE',(#529),#397,.F.);
#275=ADVANCED_FACE('NONE',(#530),#398,.T.);
#276=ADVANCED_FACE('NONE',(#531),#399,.F.);
#277=ADVANCED_FACE('NONE',(#142,#143,#144,#145,#146,#147,#148,#149),#106,
 .T.);
#278=ADVANCED_FACE('NONE',(#532),#107,.F.);
#279=ADVANCED_FACE('NONE',(#533),#108,.F.);
#280=ADVANCED_FACE('NONE',(#534),#109,.F.);
#281=ADVANCED_FACE('NONE',(#535),#110,.F.);
#282=ADVANCED_FACE('NONE',(#150,#151,#152,#153,#154),#111,.T.);
#283=ADVANCED_FACE('NONE',(#155,#156),#112,.F.);
#284=ADVANCED_FACE('NONE',(#536),#113,.F.);
#285=ADVANCED_FACE('NONE',(#537),#114,.F.);
#286=ADVANCED_FACE('NONE',(#538),#115,.F.);
#287=ADVANCED_FACE('NONE',(#157,#158),#116,.F.);
#288=ADVANCED_FACE('NONE',(#539),#117,.F.);
#289=ADVANCED_FACE('NONE',(#540),#118,.F.);
#290=ADVANCED_FACE('NONE',(#159,#160),#119,.F.);
#291=ADVANCED_FACE('NONE',(#541),#120,.F.);
#292=ADVANCED_FACE('NONE',(#542),#121,.T.);
#293=ADVANCED_FACE('NONE',(#543),#400,.T.);
#294=ADVANCED_FACE('NONE',(#544),#122,.T.);
#295=ADVANCED_FACE('NONE',(#161,#162),#123,.T.);
#296=ADVANCED_FACE('NONE',(#545),#401,.F.);
#297=ADVANCED_FACE('NONE',(#546),#402,.F.);
#298=ADVANCED_FACE('NONE',(#547),#403,.T.);
#299=ADVANCED_FACE('NONE',(#548),#404,.T.);
#300=ADVANCED_FACE('NONE',(#549),#405,.T.);
#301=ADVANCED_FACE('NONE',(#550),#406,.T.);
#302=ADVANCED_FACE('NONE',(#551),#407,.T.);
#303=ADVANCED_FACE('NONE',(#552),#408,.F.);
#304=ADVANCED_FACE('NONE',(#553),#53,.F.);
#305=ADVANCED_FACE('NONE',(#554),#409,.F.);
#306=ADVANCED_FACE('NONE',(#555),#54,.F.);
#307=ADVANCED_FACE('NONE',(#556),#410,.F.);
#308=ADVANCED_FACE('NONE',(#557),#55,.F.);
#309=ADVANCED_FACE('NONE',(#558),#411,.F.);
#310=ADVANCED_FACE('NONE',(#559),#56,.F.);
#311=ADVANCED_FACE('NONE',(#560),#412,.F.);
#312=ADVANCED_FACE('NONE',(#561),#57,.F.);
#313=ADVANCED_FACE('NONE',(#562),#58,.F.);
#314=ADVANCED_FACE('NONE',(#563),#413,.F.);
#315=ADVANCED_FACE('NONE',(#564),#59,.F.);
#316=ADVANCED_FACE('NONE',(#565),#60,.F.);
#317=ADVANCED_FACE('NONE',(#566),#414,.F.);
#318=ADVANCED_FACE('NONE',(#567),#61,.F.);
#319=ADVANCED_FACE('NONE',(#568),#62,.F.);
#320=ADVANCED_FACE('NONE',(#569),#415,.F.);
#321=ADVANCED_FACE('NONE',(#570),#63,.F.);
#322=ADVANCED_FACE('NONE',(#571),#64,.F.);
#323=ADVANCED_FACE('NONE',(#572),#416,.F.);
#324=ADVANCED_FACE('NONE',(#573),#65,.F.);
#325=ADVANCED_FACE('NONE',(#574),#66,.F.);
#326=ADVANCED_FACE('NONE',(#575),#417,.F.);
#327=ADVANCED_FACE('NONE',(#576),#67,.F.);
#328=ADVANCED_FACE('NONE',(#577),#418,.T.);
#329=ADVANCED_FACE('NONE',(#578),#68,.F.);
#330=ADVANCED_FACE('NONE',(#579),#419,.F.);
#331=ADVANCED_FACE('NONE',(#580),#69,.F.);
#332=ADVANCED_FACE('NONE',(#581),#420,.F.);
#333=ADVANCED_FACE('NONE',(#582),#70,.F.);
#334=ADVANCED_FACE('NONE',(#583),#421,.F.);
#335=ADVANCED_FACE('NONE',(#584),#71,.F.);
#336=ADVANCED_FACE('NONE',(#585),#422,.F.);
#337=ADVANCED_FACE('NONE',(#586),#423,.F.);
#338=ADVANCED_FACE('NONE',(#587),#424,.F.);
#339=CYLINDRICAL_SURFACE('',#3165,14.);
#340=CYLINDRICAL_SURFACE('',#3173,4.00000000000001);
#341=CYLINDRICAL_SURFACE('',#3176,4.);
#342=CYLINDRICAL_SURFACE('',#3181,4.);
#343=CYLINDRICAL_SURFACE('',#3184,3.99999999999999);
#344=CYLINDRICAL_SURFACE('',#3190,0.799999999999999);
#345=CYLINDRICAL_SURFACE('',#3195,0.799999999999999);
#346=CYLINDRICAL_SURFACE('',#3200,1.65);
#347=CYLINDRICAL_SURFACE('',#3209,4.);
#348=CYLINDRICAL_SURFACE('',#3211,4.);
#349=CYLINDRICAL_SURFACE('',#3213,4.);
#350=CYLINDRICAL_SURFACE('',#3218,0.875000000000001);
#351=CYLINDRICAL_SURFACE('',#3224,0.874999999999998);
#352=CYLINDRICAL_SURFACE('',#3230,0.875000000000001);
#353=CYLINDRICAL_SURFACE('',#3236,0.875000000000001);
#354=CYLINDRICAL_SURFACE('',#3242,0.875000000000001);
#355=CYLINDRICAL_SURFACE('',#3248,0.874999999999998);
#356=CYLINDRICAL_SURFACE('',#3252,4.);
#357=CYLINDRICAL_SURFACE('',#3255,5.);
#358=CYLINDRICAL_SURFACE('',#3258,4.00000000000003);
#359=CYLINDRICAL_SURFACE('',#3261,5.);
#360=CYLINDRICAL_SURFACE('',#3264,4.00000000000003);
#361=CYLINDRICAL_SURFACE('',#3267,4.);
#362=CYLINDRICAL_SURFACE('',#3270,4.);
#363=CYLINDRICAL_SURFACE('',#3273,4.);
#364=CYLINDRICAL_SURFACE('',#3276,4.);
#365=CYLINDRICAL_SURFACE('',#3279,4.);
#366=CYLINDRICAL_SURFACE('',#3282,4.);
#367=CYLINDRICAL_SURFACE('',#3285,4.);
#368=CYLINDRICAL_SURFACE('',#3288,4.);
#369=CYLINDRICAL_SURFACE('',#3291,4.);
#370=CYLINDRICAL_SURFACE('',#3296,1.);
#371=CYLINDRICAL_SURFACE('',#3299,1.);
#372=CYLINDRICAL_SURFACE('',#3302,1.);
#373=CYLINDRICAL_SURFACE('',#3305,1.);
#374=CYLINDRICAL_SURFACE('',#3319,3.);
#375=CYLINDRICAL_SURFACE('',#3321,3.);
#376=CYLINDRICAL_SURFACE('',#3323,3.);
#377=CYLINDRICAL_SURFACE('',#3325,3.);
#378=CYLINDRICAL_SURFACE('',#3334,1.6);
#379=CYLINDRICAL_SURFACE('',#3339,1.6);
#380=CYLINDRICAL_SURFACE('',#3344,1.59999999999999);
#381=CYLINDRICAL_SURFACE('',#3356,4.);
#382=CYLINDRICAL_SURFACE('',#3364,4.00000000000002);
#383=CYLINDRICAL_SURFACE('',#3379,4.);
#384=CYLINDRICAL_SURFACE('',#3382,4.);
#385=CYLINDRICAL_SURFACE('',#3385,4.);
#386=CYLINDRICAL_SURFACE('',#3388,4.);
#387=CYLINDRICAL_SURFACE('',#3391,4.);
#388=CYLINDRICAL_SURFACE('',#3394,4.);
#389=CYLINDRICAL_SURFACE('',#3397,3.99999999999999);
#390=CYLINDRICAL_SURFACE('',#3400,4.);
#391=CYLINDRICAL_SURFACE('',#3404,4.);
#392=CYLINDRICAL_SURFACE('',#3407,3.99999999999999);
#393=CYLINDRICAL_SURFACE('',#3410,4.);
#394=CYLINDRICAL_SURFACE('',#3413,4.);
#395=CYLINDRICAL_SURFACE('',#3416,4.);
#396=CYLINDRICAL_SURFACE('',#3419,4.);
#397=CYLINDRICAL_SURFACE('',#3426,4.);
#398=CYLINDRICAL_SURFACE('',#3429,4.);
#399=CYLINDRICAL_SURFACE('',#3432,4.);
#400=CYLINDRICAL_SURFACE('',#3462,4.);
#401=CYLINDRICAL_SURFACE('',#3473,10.);
#402=CYLINDRICAL_SURFACE('',#3474,10.);
#403=CYLINDRICAL_SURFACE('',#3475,4.);
#404=CYLINDRICAL_SURFACE('',#3476,4.);
#405=CYLINDRICAL_SURFACE('',#3477,4.00000000000002);
#406=CYLINDRICAL_SURFACE('',#3478,4.00000000000002);
#407=CYLINDRICAL_SURFACE('',#3479,4.);
#408=CYLINDRICAL_SURFACE('',#3481,1.59999999999999);
#409=CYLINDRICAL_SURFACE('',#3484,1.6);
#410=CYLINDRICAL_SURFACE('',#3487,1.6);
#411=CYLINDRICAL_SURFACE('',#3489,3.);
#412=CYLINDRICAL_SURFACE('',#3493,0.874999999999998);
#413=CYLINDRICAL_SURFACE('',#3498,0.875000000000001);
#414=CYLINDRICAL_SURFACE('',#3503,0.875000000000001);
#415=CYLINDRICAL_SURFACE('',#3508,0.875000000000001);
#416=CYLINDRICAL_SURFACE('',#3513,0.874999999999998);
#417=CYLINDRICAL_SURFACE('',#3518,0.875000000000001);
#418=CYLINDRICAL_SURFACE('',#3520,4.);
#419=CYLINDRICAL_SURFACE('',#3524,1.65);
#420=CYLINDRICAL_SURFACE('',#3527,0.799999999999999);
#421=CYLINDRICAL_SURFACE('',#3530,0.799999999999999);
#422=CYLINDRICAL_SURFACE('',#3532,3.99999999999999);
#423=CYLINDRICAL_SURFACE('',#3533,4.00000000000001);
#424=CYLINDRICAL_SURFACE('',#3534,14.);
#425=FACE_OUTER_BOUND('',#588,.T.);
#426=FACE_OUTER_BOUND('',#591,.T.);
#427=FACE_OUTER_BOUND('',#592,.T.);
#428=FACE_OUTER_BOUND('',#593,.T.);
#429=FACE_OUTER_BOUND('',#594,.T.);
#430=FACE_OUTER_BOUND('',#595,.T.);
#431=FACE_OUTER_BOUND('',#596,.T.);
#432=FACE_OUTER_BOUND('',#597,.T.);
#433=FACE_OUTER_BOUND('',#598,.T.);
#434=FACE_OUTER_BOUND('',#599,.T.);
#435=FACE_OUTER_BOUND('',#600,.T.);
#436=FACE_OUTER_BOUND('',#601,.T.);
#437=FACE_OUTER_BOUND('',#602,.T.);
#438=FACE_OUTER_BOUND('',#603,.T.);
#439=FACE_OUTER_BOUND('',#604,.T.);
#440=FACE_OUTER_BOUND('',#605,.T.);
#441=FACE_OUTER_BOUND('',#608,.T.);
#442=FACE_OUTER_BOUND('',#609,.T.);
#443=FACE_OUTER_BOUND('',#610,.T.);
#444=FACE_OUTER_BOUND('',#611,.T.);
#445=FACE_OUTER_BOUND('',#612,.T.);
#446=FACE_OUTER_BOUND('',#613,.T.);
#447=FACE_OUTER_BOUND('',#614,.T.);
#448=FACE_OUTER_BOUND('',#615,.T.);
#449=FACE_OUTER_BOUND('',#616,.T.);
#450=FACE_OUTER_BOUND('',#617,.T.);
#451=FACE_OUTER_BOUND('',#618,.T.);
#452=FACE_OUTER_BOUND('',#619,.T.);
#453=FACE_OUTER_BOUND('',#620,.T.);
#454=FACE_OUTER_BOUND('',#621,.T.);
#455=FACE_OUTER_BOUND('',#622,.T.);
#456=FACE_OUTER_BOUND('',#623,.T.);
#457=FACE_OUTER_BOUND('',#624,.T.);
#458=FACE_OUTER_BOUND('',#625,.T.);
#459=FACE_OUTER_BOUND('',#626,.T.);
#460=FACE_OUTER_BOUND('',#627,.T.);
#461=FACE_OUTER_BOUND('',#628,.T.);
#462=FACE_OUTER_BOUND('',#629,.T.);
#463=FACE_OUTER_BOUND('',#630,.T.);
#464=FACE_OUTER_BOUND('',#631,.T.);
#465=FACE_OUTER_BOUND('',#632,.T.);
#466=FACE_OUTER_BOUND('',#633,.T.);
#467=FACE_OUTER_BOUND('',#634,.T.);
#468=FACE_OUTER_BOUND('',#635,.T.);
#469=FACE_OUTER_BOUND('',#636,.T.);
#470=FACE_OUTER_BOUND('',#637,.T.);
#471=FACE_OUTER_BOUND('',#638,.T.);
#472=FACE_OUTER_BOUND('',#639,.T.);
#473=FACE_OUTER_BOUND('',#640,.T.);
#474=FACE_OUTER_BOUND('',#641,.T.);
#475=FACE_OUTER_BOUND('',#642,.T.);
#476=FACE_OUTER_BOUND('',#643,.T.);
#477=FACE_OUTER_BOUND('',#644,.T.);
#478=FACE_OUTER_BOUND('',#645,.T.);
#479=FACE_OUTER_BOUND('',#646,.T.);
#480=FACE_OUTER_BOUND('',#647,.T.);
#481=FACE_OUTER_BOUND('',#648,.T.);
#482=FACE_OUTER_BOUND('',#649,.T.);
#483=FACE_OUTER_BOUND('',#650,.T.);
#484=FACE_OUTER_BOUND('',#651,.T.);
#485=FACE_OUTER_BOUND('',#652,.T.);
#486=FACE_OUTER_BOUND('',#657,.T.);
#487=FACE_OUTER_BOUND('',#658,.T.);
#488=FACE_OUTER_BOUND('',#659,.T.);
#489=FACE_OUTER_BOUND('',#660,.T.);
#490=FACE_OUTER_BOUND('',#661,.T.);
#491=FACE_OUTER_BOUND('',#662,.T.);
#492=FACE_OUTER_BOUND('',#663,.T.);
#493=FACE_OUTER_BOUND('',#664,.T.);
#494=FACE_OUTER_BOUND('',#665,.T.);
#495=FACE_OUTER_BOUND('',#666,.T.);
#496=FACE_OUTER_BOUND('',#667,.T.);
#497=FACE_OUTER_BOUND('',#668,.T.);
#498=FACE_OUTER_BOUND('',#669,.T.);
#499=FACE_OUTER_BOUND('',#670,.T.);
#500=FACE_OUTER_BOUND('',#675,.T.);
#501=FACE_OUTER_BOUND('',#678,.T.);
#502=FACE_OUTER_BOUND('',#679,.T.);
#503=FACE_OUTER_BOUND('',#680,.T.);
#504=FACE_OUTER_BOUND('',#681,.T.);
#505=FACE_OUTER_BOUND('',#682,.T.);
#506=FACE_OUTER_BOUND('',#683,.T.);
#507=FACE_OUTER_BOUND('',#684,.T.);
#508=FACE_OUTER_BOUND('',#685,.T.);
#509=FACE_OUTER_BOUND('',#686,.T.);
#510=FACE_OUTER_BOUND('',#687,.T.);
#511=FACE_OUTER_BOUND('',#688,.T.);
#512=FACE_OUTER_BOUND('',#689,.T.);
#513=FACE_OUTER_BOUND('',#690,.T.);
#514=FACE_OUTER_BOUND('',#691,.T.);
#515=FACE_OUTER_BOUND('',#692,.T.);
#516=FACE_OUTER_BOUND('',#693,.T.);
#517=FACE_OUTER_BOUND('',#694,.T.);
#518=FACE_OUTER_BOUND('',#695,.T.);
#519=FACE_OUTER_BOUND('',#696,.T.);
#520=FACE_OUTER_BOUND('',#697,.T.);
#521=FACE_OUTER_BOUND('',#698,.T.);
#522=FACE_OUTER_BOUND('',#699,.T.);
#523=FACE_OUTER_BOUND('',#700,.T.);
#524=FACE_OUTER_BOUND('',#701,.T.);
#525=FACE_OUTER_BOUND('',#702,.T.);
#526=FACE_OUTER_BOUND('',#703,.T.);
#527=FACE_OUTER_BOUND('',#704,.T.);
#528=FACE_OUTER_BOUND('',#705,.T.);
#529=FACE_OUTER_BOUND('',#710,.T.);
#530=FACE_OUTER_BOUND('',#711,.T.);
#531=FACE_OUTER_BOUND('',#712,.T.);
#532=FACE_OUTER_BOUND('',#721,.T.);
#533=FACE_OUTER_BOUND('',#722,.T.);
#534=FACE_OUTER_BOUND('',#723,.T.);
#535=FACE_OUTER_BOUND('',#724,.T.);
#536=FACE_OUTER_BOUND('',#732,.T.);
#537=FACE_OUTER_BOUND('',#733,.T.);
#538=FACE_OUTER_BOUND('',#734,.T.);
#539=FACE_OUTER_BOUND('',#737,.T.);
#540=FACE_OUTER_BOUND('',#738,.T.);
#541=FACE_OUTER_BOUND('',#741,.T.);
#542=FACE_OUTER_BOUND('',#742,.T.);
#543=FACE_OUTER_BOUND('',#743,.T.);
#544=FACE_OUTER_BOUND('',#744,.T.);
#545=FACE_OUTER_BOUND('',#747,.T.);
#546=FACE_OUTER_BOUND('',#748,.T.);
#547=FACE_OUTER_BOUND('',#749,.T.);
#548=FACE_OUTER_BOUND('',#750,.T.);
#549=FACE_OUTER_BOUND('',#751,.T.);
#550=FACE_OUTER_BOUND('',#752,.T.);
#551=FACE_OUTER_BOUND('',#753,.T.);
#552=FACE_OUTER_BOUND('',#754,.T.);
#553=FACE_OUTER_BOUND('',#755,.T.);
#554=FACE_OUTER_BOUND('',#756,.T.);
#555=FACE_OUTER_BOUND('',#757,.T.);
#556=FACE_OUTER_BOUND('',#758,.T.);
#557=FACE_OUTER_BOUND('',#759,.T.);
#558=FACE_OUTER_BOUND('',#760,.T.);
#559=FACE_OUTER_BOUND('',#761,.T.);
#560=FACE_OUTER_BOUND('',#762,.T.);
#561=FACE_OUTER_BOUND('',#763,.T.);
#562=FACE_OUTER_BOUND('',#764,.T.);
#563=FACE_OUTER_BOUND('',#765,.T.);
#564=FACE_OUTER_BOUND('',#766,.T.);
#565=FACE_OUTER_BOUND('',#767,.T.);
#566=FACE_OUTER_BOUND('',#768,.T.);
#567=FACE_OUTER_BOUND('',#769,.T.);
#568=FACE_OUTER_BOUND('',#770,.T.);
#569=FACE_OUTER_BOUND('',#771,.T.);
#570=FACE_OUTER_BOUND('',#772,.T.);
#571=FACE_OUTER_BOUND('',#773,.T.);
#572=FACE_OUTER_BOUND('',#774,.T.);
#573=FACE_OUTER_BOUND('',#775,.T.);
#574=FACE_OUTER_BOUND('',#776,.T.);
#575=FACE_OUTER_BOUND('',#777,.T.);
#576=FACE_OUTER_BOUND('',#778,.T.);
#577=FACE_OUTER_BOUND('',#779,.T.);
#578=FACE_OUTER_BOUND('',#780,.T.);
#579=FACE_OUTER_BOUND('',#781,.T.);
#580=FACE_OUTER_BOUND('',#782,.T.);
#581=FACE_OUTER_BOUND('',#783,.T.);
#582=FACE_OUTER_BOUND('',#784,.T.);
#583=FACE_OUTER_BOUND('',#785,.T.);
#584=FACE_OUTER_BOUND('',#786,.T.);
#585=FACE_OUTER_BOUND('',#787,.T.);
#586=FACE_OUTER_BOUND('',#788,.T.);
#587=FACE_OUTER_BOUND('',#789,.T.);
#588=EDGE_LOOP('',(#986,#987,#988,#989));
#589=EDGE_LOOP('',(#990,#991));
#590=EDGE_LOOP('',(#992,#993));
#591=EDGE_LOOP('',(#994,#995,#996,#997));
#592=EDGE_LOOP('',(#998,#999,#1000,#1001));
#593=EDGE_LOOP('',(#1002,#1003,#1004,#1005));
#594=EDGE_LOOP('',(#1006,#1007,#1008,#1009));
#595=EDGE_LOOP('',(#1010,#1011,#1012,#1013));
#596=EDGE_LOOP('',(#1014,#1015,#1016,#1017));
#597=EDGE_LOOP('',(#1018,#1019,#1020,#1021));
#598=EDGE_LOOP('',(#1022,#1023,#1024,#1025));
#599=EDGE_LOOP('',(#1026,#1027,#1028,#1029));
#600=EDGE_LOOP('',(#1030,#1031,#1032,#1033));
#601=EDGE_LOOP('',(#1034,#1035,#1036,#1037));
#602=EDGE_LOOP('',(#1038,#1039,#1040,#1041));
#603=EDGE_LOOP('',(#1042,#1043,#1044,#1045));
#604=EDGE_LOOP('',(#1046,#1047,#1048,#1049));
#605=EDGE_LOOP('',(#1050,#1051,#1052));
#606=EDGE_LOOP('',(#1053,#1054,#1055,#1056,#1057));
#607=EDGE_LOOP('',(#1058,#1059));
#608=EDGE_LOOP('',(#1060,#1061,#1062,#1063));
#609=EDGE_LOOP('',(#1064,#1065,#1066,#1067));
#610=EDGE_LOOP('',(#1068,#1069,#1070,#1071));
#611=EDGE_LOOP('',(#1072,#1073,#1074,#1075));
#612=EDGE_LOOP('',(#1076,#1077,#1078,#1079));
#613=EDGE_LOOP('',(#1080,#1081,#1082));
#614=EDGE_LOOP('',(#1083,#1084,#1085,#1086));
#615=EDGE_LOOP('',(#1087,#1088,#1089,#1090));
#616=EDGE_LOOP('',(#1091,#1092,#1093));
#617=EDGE_LOOP('',(#1094,#1095,#1096,#1097));
#618=EDGE_LOOP('',(#1098,#1099,#1100,#1101));
#619=EDGE_LOOP('',(#1102,#1103,#1104));
#620=EDGE_LOOP('',(#1105,#1106,#1107,#1108));
#621=EDGE_LOOP('',(#1109,#1110,#1111,#1112));
#622=EDGE_LOOP('',(#1113,#1114,#1115));
#623=EDGE_LOOP('',(#1116,#1117,#1118,#1119));
#624=EDGE_LOOP('',(#1120,#1121,#1122,#1123));
#625=EDGE_LOOP('',(#1124,#1125,#1126));
#626=EDGE_LOOP('',(#1127,#1128,#1129,#1130));
#627=EDGE_LOOP('',(#1131,#1132,#1133,#1134));
#628=EDGE_LOOP('',(#1135,#1136,#1137));
#629=EDGE_LOOP('',(#1138,#1139,#1140,#1141));
#630=EDGE_LOOP('',(#1142,#1143,#1144,#1145));
#631=EDGE_LOOP('',(#1146,#1147,#1148,#1149));
#632=EDGE_LOOP('',(#1150,#1151,#1152,#1153));
#633=EDGE_LOOP('',(#1154,#1155,#1156,#1157));
#634=EDGE_LOOP('',(#1158,#1159,#1160,#1161));
#635=EDGE_LOOP('',(#1162,#1163,#1164,#1165));
#636=EDGE_LOOP('',(#1166,#1167,#1168,#1169));
#637=EDGE_LOOP('',(#1170,#1171,#1172,#1173));
#638=EDGE_LOOP('',(#1174,#1175,#1176,#1177));
#639=EDGE_LOOP('',(#1178,#1179,#1180,#1181));
#640=EDGE_LOOP('',(#1182,#1183,#1184,#1185));
#641=EDGE_LOOP('',(#1186,#1187,#1188,#1189));
#642=EDGE_LOOP('',(#1190,#1191,#1192,#1193));
#643=EDGE_LOOP('',(#1194,#1195,#1196,#1197));
#644=EDGE_LOOP('',(#1198,#1199,#1200,#1201));
#645=EDGE_LOOP('',(#1202,#1203,#1204,#1205));
#646=EDGE_LOOP('',(#1206,#1207,#1208,#1209));
#647=EDGE_LOOP('',(#1210,#1211,#1212,#1213));
#648=EDGE_LOOP('',(#1214,#1215,#1216,#1217));
#649=EDGE_LOOP('',(#1218,#1219,#1220,#1221));
#650=EDGE_LOOP('',(#1222,#1223,#1224,#1225));
#651=EDGE_LOOP('',(#1226,#1227,#1228,#1229));
#652=EDGE_LOOP('',(#1230,#1231,#1232,#1233));
#653=EDGE_LOOP('',(#1234,#1235,#1236,#1237,#1238,#1239,#1240,#1241,#1242));
#654=EDGE_LOOP('',(#1243,#1244,#1245,#1246,#1247,#1248,#1249,#1250));
#655=EDGE_LOOP('',(#1251,#1252));
#656=EDGE_LOOP('',(#1253,#1254));
#657=EDGE_LOOP('',(#1255,#1256,#1257,#1258));
#658=EDGE_LOOP('',(#1259,#1260,#1261,#1262));
#659=EDGE_LOOP('',(#1263,#1264,#1265,#1266));
#660=EDGE_LOOP('',(#1267,#1268,#1269,#1270));
#661=EDGE_LOOP('',(#1271,#1272,#1273,#1274));
#662=EDGE_LOOP('',(#1275,#1276,#1277,#1278));
#663=EDGE_LOOP('',(#1279,#1280,#1281,#1282));
#664=EDGE_LOOP('',(#1283,#1284,#1285,#1286));
#665=EDGE_LOOP('',(#1287,#1288,#1289,#1290));
#666=EDGE_LOOP('',(#1291,#1292,#1293,#1294));
#667=EDGE_LOOP('',(#1295,#1296,#1297,#1298));
#668=EDGE_LOOP('',(#1299,#1300,#1301,#1302));
#669=EDGE_LOOP('',(#1303,#1304,#1305,#1306));
#670=EDGE_LOOP('',(#1307,#1308,#1309,#1310));
#671=EDGE_LOOP('',(#1311,#1312,#1313,#1314,#1315,#1316,#1317,#1318,#1319));
#672=EDGE_LOOP('',(#1320,#1321));
#673=EDGE_LOOP('',(#1322,#1323));
#674=EDGE_LOOP('',(#1324,#1325));
#675=EDGE_LOOP('',(#1326,#1327,#1328,#1329));
#676=EDGE_LOOP('',(#1330,#1331,#1332,#1333,#1334,#1335,#1336,#1337,#1338));
#677=EDGE_LOOP('',(#1339,#1340));
#678=EDGE_LOOP('',(#1341,#1342,#1343,#1344));
#679=EDGE_LOOP('',(#1345,#1346,#1347,#1348,#1349,#1350));
#680=EDGE_LOOP('',(#1351,#1352,#1353,#1354));
#681=EDGE_LOOP('',(#1355,#1356,#1357,#1358));
#682=EDGE_LOOP('',(#1359,#1360,#1361,#1362));
#683=EDGE_LOOP('',(#1363,#1364,#1365,#1366,#1367,#1368));
#684=EDGE_LOOP('',(#1369,#1370,#1371,#1372));
#685=EDGE_LOOP('',(#1373,#1374,#1375,#1376));
#686=EDGE_LOOP('',(#1377,#1378,#1379,#1380));
#687=EDGE_LOOP('',(#1381,#1382,#1383,#1384,#1385,#1386));
#688=EDGE_LOOP('',(#1387,#1388,#1389,#1390));
#689=EDGE_LOOP('',(#1391,#1392,#1393,#1394));
#690=EDGE_LOOP('',(#1395,#1396,#1397,#1398));
#691=EDGE_LOOP('',(#1399,#1400,#1401,#1402));
#692=EDGE_LOOP('',(#1403,#1404,#1405,#1406));
#693=EDGE_LOOP('',(#1407,#1408,#1409,#1410));
#694=EDGE_LOOP('',(#1411,#1412,#1413,#1414));
#695=EDGE_LOOP('',(#1415,#1416,#1417,#1418));
#696=EDGE_LOOP('',(#1419,#1420,#1421,#1422));
#697=EDGE_LOOP('',(#1423,#1424,#1425,#1426));
#698=EDGE_LOOP('',(#1427,#1428,#1429,#1430));
#699=EDGE_LOOP('',(#1431,#1432,#1433,#1434,#1435,#1436,#1437,#1438));
#700=EDGE_LOOP('',(#1439,#1440,#1441,#1442));
#701=EDGE_LOOP('',(#1443,#1444,#1445,#1446));
#702=EDGE_LOOP('',(#1447,#1448,#1449,#1450));
#703=EDGE_LOOP('',(#1451,#1452,#1453,#1454));
#704=EDGE_LOOP('',(#1455,#1456,#1457,#1458));
#705=EDGE_LOOP('',(#1459,#1460,#1461,#1462));
#706=EDGE_LOOP('',(#1463,#1464,#1465,#1466));
#707=EDGE_LOOP('',(#1467,#1468,#1469,#1470,#1471,#1472,#1473,#1474,#1475));
#708=EDGE_LOOP('',(#1476,#1477));
#709=EDGE_LOOP('',(#1478,#1479));
#710=EDGE_LOOP('',(#1480,#1481,#1482,#1483));
#711=EDGE_LOOP('',(#1484,#1485,#1486,#1487));
#712=EDGE_LOOP('',(#1488,#1489,#1490,#1491));
#713=EDGE_LOOP('',(#1492,#1493,#1494,#1495,#1496,#1497,#1498,#1499));
#714=EDGE_LOOP('',(#1500,#1501,#1502,#1503,#1504,#1505,#1506,#1507,#1508,
#1509,#1510,#1511,#1512,#1513,#1514,#1515,#1516,#1517,#1518,#1519,#1520,
#1521,#1522,#1523));
#715=EDGE_LOOP('',(#1524,#1525));
#716=EDGE_LOOP('',(#1526,#1527));
#717=EDGE_LOOP('',(#1528,#1529));
#718=EDGE_LOOP('',(#1530,#1531));
#719=EDGE_LOOP('',(#1532,#1533));
#720=EDGE_LOOP('',(#1534,#1535));
#721=EDGE_LOOP('',(#1536,#1537,#1538,#1539));
#722=EDGE_LOOP('',(#1540,#1541,#1542,#1543));
#723=EDGE_LOOP('',(#1544,#1545,#1546,#1547));
#724=EDGE_LOOP('',(#1548,#1549,#1550,#1551));
#725=EDGE_LOOP('',(#1552,#1553,#1554,#1555));
#726=EDGE_LOOP('',(#1556,#1557));
#727=EDGE_LOOP('',(#1558,#1559));
#728=EDGE_LOOP('',(#1560,#1561));
#729=EDGE_LOOP('',(#1562,#1563));
#730=EDGE_LOOP('',(#1564,#1565,#1566,#1567));
#731=EDGE_LOOP('',(#1568,#1569,#1570,#1571,#1572,#1573,#1574,#1575));
#732=EDGE_LOOP('',(#1576,#1577,#1578,#1579));
#733=EDGE_LOOP('',(#1580,#1581,#1582,#1583));
#734=EDGE_LOOP('',(#1584,#1585,#1586,#1587));
#735=EDGE_LOOP('',(#1588,#1589,#1590,#1591));
#736=EDGE_LOOP('',(#1592,#1593,#1594,#1595,#1596,#1597,#1598,#1599));
#737=EDGE_LOOP('',(#1600,#1601,#1602,#1603,#1604,#1605,#1606,#1607));
#738=EDGE_LOOP('',(#1608,#1609,#1610,#1611));
#739=EDGE_LOOP('',(#1612,#1613,#1614,#1615,#1616,#1617,#1618,#1619,#1620,
#1621,#1622,#1623,#1624,#1625,#1626));
#740=EDGE_LOOP('',(#1627,#1628));
#741=EDGE_LOOP('',(#1629,#1630,#1631,#1632,#1633,#1634,#1635,#1636,#1637,
#1638));
#742=EDGE_LOOP('',(#1639,#1640,#1641,#1642,#1643,#1644,#1645,#1646,#1647,
#1648,#1649,#1650));
#743=EDGE_LOOP('',(#1651,#1652,#1653,#1654));
#744=EDGE_LOOP('',(#1655,#1656,#1657,#1658,#1659,#1660,#1661,#1662,#1663,
#1664));
#745=EDGE_LOOP('',(#1665,#1666,#1667,#1668,#1669,#1670,#1671,#1672,#1673,
#1674,#1675,#1676,#1677,#1678,#1679,#1680,#1681,#1682,#1683,#1684,#1685,
#1686,#1687,#1688,#1689,#1690,#1691,#1692,#1693,#1694,#1695,#1696,#1697,
#1698,#1699,#1700,#1701,#1702,#1703,#1704,#1705,#1706,#1707,#1708,#1709,
#1710,#1711,#1712,#1713,#1714,#1715,#1716,#1717,#1718,#1719,#1720,#1721,
#1722,#1723,#1724,#1725,#1726,#1727,#1728));
#746=EDGE_LOOP('',(#1729,#1730));
#747=EDGE_LOOP('',(#1731,#1732,#1733,#1734));
#748=EDGE_LOOP('',(#1735,#1736,#1737,#1738));
#749=EDGE_LOOP('',(#1739,#1740,#1741,#1742));
#750=EDGE_LOOP('',(#1743,#1744,#1745,#1746));
#751=EDGE_LOOP('',(#1747,#1748,#1749,#1750));
#752=EDGE_LOOP('',(#1751,#1752,#1753,#1754));
#753=EDGE_LOOP('',(#1755,#1756,#1757,#1758));
#754=EDGE_LOOP('',(#1759,#1760,#1761,#1762));
#755=EDGE_LOOP('',(#1763,#1764,#1765,#1766));
#756=EDGE_LOOP('',(#1767,#1768,#1769,#1770));
#757=EDGE_LOOP('',(#1771,#1772,#1773,#1774));
#758=EDGE_LOOP('',(#1775,#1776,#1777,#1778));
#759=EDGE_LOOP('',(#1779,#1780,#1781,#1782));
#760=EDGE_LOOP('',(#1783,#1784,#1785,#1786));
#761=EDGE_LOOP('',(#1787,#1788,#1789));
#762=EDGE_LOOP('',(#1790,#1791,#1792,#1793));
#763=EDGE_LOOP('',(#1794,#1795,#1796,#1797));
#764=EDGE_LOOP('',(#1798,#1799,#1800));
#765=EDGE_LOOP('',(#1801,#1802,#1803,#1804));
#766=EDGE_LOOP('',(#1805,#1806,#1807,#1808));
#767=EDGE_LOOP('',(#1809,#1810,#1811));
#768=EDGE_LOOP('',(#1812,#1813,#1814,#1815));
#769=EDGE_LOOP('',(#1816,#1817,#1818,#1819));
#770=EDGE_LOOP('',(#1820,#1821,#1822));
#771=EDGE_LOOP('',(#1823,#1824,#1825,#1826));
#772=EDGE_LOOP('',(#1827,#1828,#1829,#1830));
#773=EDGE_LOOP('',(#1831,#1832,#1833));
#774=EDGE_LOOP('',(#1834,#1835,#1836,#1837));
#775=EDGE_LOOP('',(#1838,#1839,#1840,#1841));
#776=EDGE_LOOP('',(#1842,#1843,#1844));
#777=EDGE_LOOP('',(#1845,#1846,#1847,#1848));
#778=EDGE_LOOP('',(#1849,#1850,#1851,#1852));
#779=EDGE_LOOP('',(#1853,#1854,#1855,#1856));
#780=EDGE_LOOP('',(#1857,#1858,#1859));
#781=EDGE_LOOP('',(#1860,#1861,#1862,#1863));
#782=EDGE_LOOP('',(#1864,#1865,#1866,#1867));
#783=EDGE_LOOP('',(#1868,#1869,#1870,#1871));
#784=EDGE_LOOP('',(#1872,#1873,#1874,#1875));
#785=EDGE_LOOP('',(#1876,#1877,#1878,#1879));
#786=EDGE_LOOP('',(#1880,#1881,#1882,#1883));
#787=EDGE_LOOP('',(#1884,#1885,#1886,#1887));
#788=EDGE_LOOP('',(#1888,#1889,#1890,#1891));
#789=EDGE_LOOP('',(#1892,#1893,#1894,#1895));
#790=CIRCLE('',#3163,14.);
#791=CIRCLE('',#3164,14.);
#792=CIRCLE('',#3166,10.);
#793=CIRCLE('',#3167,10.);
#794=CIRCLE('',#3168,14.);
#795=CIRCLE('',#3171,4.00000000000001);
#796=CIRCLE('',#3172,4.00000000000001);
#797=CIRCLE('',#3174,4.);
#798=CIRCLE('',#3175,4.);
#799=CIRCLE('',#3179,4.);
#800=CIRCLE('',#3180,4.);
#801=CIRCLE('',#3182,3.99999999999999);
#802=CIRCLE('',#3183,3.99999999999999);
#803=CIRCLE('',#3186,0.799999999999999);
#804=CIRCLE('',#3187,1.025);
#805=CIRCLE('',#3189,0.799999999999999);
#806=CIRCLE('',#3191,0.799999999999999);
#807=CIRCLE('',#3192,1.025);
#808=CIRCLE('',#3194,0.799999999999999);
#809=CIRCLE('',#3196,1.65);
#810=CIRCLE('',#3197,2.025);
#811=CIRCLE('',#3199,1.65);
#812=CIRCLE('',#3202,4.);
#813=CIRCLE('',#3203,4.);
#814=CIRCLE('',#3204,4.);
#815=CIRCLE('',#3205,4.);
#816=CIRCLE('',#3206,2.025);
#817=CIRCLE('',#3208,4.);
#818=CIRCLE('',#3210,4.);
#819=CIRCLE('',#3212,4.);
#820=CIRCLE('',#3214,0.875000000000001);
#821=CIRCLE('',#3215,1.125);
#822=CIRCLE('',#3217,0.875000000000001);
#823=CIRCLE('',#3220,0.874999999999999);
#824=CIRCLE('',#3221,1.125);
#825=CIRCLE('',#3223,0.874999999999997);
#826=CIRCLE('',#3226,0.875000000000001);
#827=CIRCLE('',#3227,1.125);
#828=CIRCLE('',#3229,0.875000000000001);
#829=CIRCLE('',#3232,0.875000000000001);
#830=CIRCLE('',#3233,1.125);
#831=CIRCLE('',#3235,0.875000000000001);
#832=CIRCLE('',#3238,0.875000000000001);
#833=CIRCLE('',#3239,1.125);
#834=CIRCLE('',#3241,0.875000000000001);
#835=CIRCLE('',#3244,0.874999999999999);
#836=CIRCLE('',#3245,1.125);
#837=CIRCLE('',#3247,0.874999999999997);
#838=CIRCLE('',#3250,4.);
#839=CIRCLE('',#3251,4.);
#840=CIRCLE('',#3253,5.);
#841=CIRCLE('',#3254,5.);
#842=CIRCLE('',#3256,4.00000000000003);
#843=CIRCLE('',#3257,4.00000000000003);
#844=CIRCLE('',#3259,5.);
#845=CIRCLE('',#3260,5.);
#846=CIRCLE('',#3262,4.00000000000003);
#847=CIRCLE('',#3263,4.00000000000003);
#848=CIRCLE('',#3265,4.);
#849=CIRCLE('',#3266,4.);
#850=CIRCLE('',#3268,4.);
#851=CIRCLE('',#3269,4.);
#852=CIRCLE('',#3271,4.);
#853=CIRCLE('',#3272,4.);
#854=CIRCLE('',#3274,4.);
#855=CIRCLE('',#3275,4.);
#856=CIRCLE('',#3277,4.);
#857=CIRCLE('',#3278,4.);
#858=CIRCLE('',#3280,4.);
#859=CIRCLE('',#3281,4.);
#860=CIRCLE('',#3283,4.);
#861=CIRCLE('',#3284,4.);
#862=CIRCLE('',#3286,4.);
#863=CIRCLE('',#3287,4.);
#864=CIRCLE('',#3289,4.);
#865=CIRCLE('',#3290,4.);
#866=CIRCLE('',#3294,1.);
#867=CIRCLE('',#3295,1.);
#868=CIRCLE('',#3297,1.);
#869=CIRCLE('',#3298,1.);
#870=CIRCLE('',#3300,1.);
#871=CIRCLE('',#3301,1.);
#872=CIRCLE('',#3303,1.);
#873=CIRCLE('',#3304,1.);
#874=CIRCLE('',#3310,3.);
#875=CIRCLE('',#3311,3.);
#876=CIRCLE('',#3312,3.);
#877=CIRCLE('',#3313,3.);
#878=CIRCLE('',#3314,3.);
#879=CIRCLE('',#3315,1.025);
#880=CIRCLE('',#3316,1.025);
#881=CIRCLE('',#3318,3.);
#882=CIRCLE('',#3320,3.);
#883=CIRCLE('',#3322,3.);
#884=CIRCLE('',#3324,3.);
#885=CIRCLE('',#3330,1.6);
#886=CIRCLE('',#3331,3.15);
#887=CIRCLE('',#3333,1.6);
#888=CIRCLE('',#3335,1.6);
#889=CIRCLE('',#3336,3.15);
#890=CIRCLE('',#3338,1.6);
#891=CIRCLE('',#3340,1.6);
#892=CIRCLE('',#3341,3.15);
#893=CIRCLE('',#3343,1.59999999999999);
#894=CIRCLE('',#3345,4.);
#895=CIRCLE('',#3346,4.);
#896=CIRCLE('',#3347,4.);
#897=CIRCLE('',#3348,4.00000000000001);
#898=CIRCLE('',#3349,3.15);
#899=CIRCLE('',#3351,4.);
#900=CIRCLE('',#3352,4.);
#901=CIRCLE('',#3353,3.15);
#902=CIRCLE('',#3355,4.);
#903=CIRCLE('',#3357,4.00000000000002);
#904=CIRCLE('',#3358,4.00000000000002);
#905=CIRCLE('',#3359,4.00000000000002);
#906=CIRCLE('',#3360,3.99999999999999);
#907=CIRCLE('',#3361,3.15);
#908=CIRCLE('',#3363,4.00000000000002);
#909=CIRCLE('',#3377,4.);
#910=CIRCLE('',#3378,4.);
#911=CIRCLE('',#3380,4.);
#912=CIRCLE('',#3381,4.);
#913=CIRCLE('',#3383,4.);
#914=CIRCLE('',#3384,4.);
#915=CIRCLE('',#3386,4.);
#916=CIRCLE('',#3387,4.);
#917=CIRCLE('',#3389,4.);
#918=CIRCLE('',#3390,4.);
#919=CIRCLE('',#3392,3.99999999999999);
#920=CIRCLE('',#3393,4.);
#921=CIRCLE('',#3395,3.99999999999999);
#922=CIRCLE('',#3396,3.99999999999999);
#923=CIRCLE('',#3398,4.00000000000002);
#924=CIRCLE('',#3399,4.);
#925=CIRCLE('',#3402,4.);
#926=CIRCLE('',#3403,4.);
#927=CIRCLE('',#3405,3.99999999999999);
#928=CIRCLE('',#3406,3.99999999999999);
#929=CIRCLE('',#3408,4.);
#930=CIRCLE('',#3409,4.);
#931=CIRCLE('',#3411,4.);
#932=CIRCLE('',#3412,4.);
#933=CIRCLE('',#3414,4.);
#934=CIRCLE('',#3415,4.);
#935=CIRCLE('',#3417,4.);
#936=CIRCLE('',#3418,4.);
#937=CIRCLE('',#3420,3.);
#938=CIRCLE('',#3421,0.799999999999999);
#939=CIRCLE('',#3422,0.799999999999999);
#940=CIRCLE('',#3424,4.);
#941=CIRCLE('',#3425,4.);
#942=CIRCLE('',#3427,4.);
#943=CIRCLE('',#3428,4.);
#944=CIRCLE('',#3430,4.);
#945=CIRCLE('',#3431,4.);
#946=CIRCLE('',#3433,1.125);
#947=CIRCLE('',#3434,1.125);
#948=CIRCLE('',#3435,1.125);
#949=CIRCLE('',#3436,1.125);
#950=CIRCLE('',#3437,1.125);
#951=CIRCLE('',#3438,1.125);
#952=CIRCLE('',#3444,1.59999999999999);
#953=CIRCLE('',#3445,1.6);
#954=CIRCLE('',#3446,1.6);
#955=CIRCLE('',#3447,10.);
#956=CIRCLE('',#3448,10.);
#957=CIRCLE('',#3457,14.);
#958=CIRCLE('',#3461,4.);
#959=CIRCLE('',#3464,4.);
#960=CIRCLE('',#3465,4.);
#961=CIRCLE('',#3466,4.00000000000001);
#962=CIRCLE('',#3467,4.00000000000002);
#963=CIRCLE('',#3468,4.00000000000002);
#964=CIRCLE('',#3469,3.99999999999999);
#965=CIRCLE('',#3470,4.);
#966=CIRCLE('',#3471,4.);
#967=CIRCLE('',#3480,1.6);
#968=CIRCLE('',#3483,1.6);
#969=CIRCLE('',#3486,1.6);
#970=CIRCLE('',#3490,0.874999999999997);
#971=CIRCLE('',#3492,0.874999999999999);
#972=CIRCLE('',#3495,0.875000000000001);
#973=CIRCLE('',#3497,0.875000000000001);
#974=CIRCLE('',#3500,0.875000000000001);
#975=CIRCLE('',#3502,0.875000000000001);
#976=CIRCLE('',#3505,0.875000000000001);
#977=CIRCLE('',#3507,0.875000000000001);
#978=CIRCLE('',#3510,0.874999999999997);
#979=CIRCLE('',#3512,0.874999999999999);
#980=CIRCLE('',#3515,0.875000000000001);
#981=CIRCLE('',#3517,0.875000000000001);
#982=CIRCLE('',#3521,1.65);
#983=CIRCLE('',#3523,1.65);
#984=CIRCLE('',#3526,0.799999999999999);
#985=CIRCLE('',#3529,0.799999999999999);
#986=ORIENTED_EDGE('',*,*,#2189,.T.);
#987=ORIENTED_EDGE('',*,*,#2190,.F.);
#988=ORIENTED_EDGE('',*,*,#2191,.F.);
#989=ORIENTED_EDGE('',*,*,#2192,.T.);
#990=ORIENTED_EDGE('',*,*,#2193,.T.);
#991=ORIENTED_EDGE('',*,*,#2194,.T.);
#992=ORIENTED_EDGE('',*,*,#2190,.T.);
#993=ORIENTED_EDGE('',*,*,#2195,.T.);
#994=ORIENTED_EDGE('',*,*,#2196,.F.);
#995=ORIENTED_EDGE('',*,*,#2197,.T.);
#996=ORIENTED_EDGE('',*,*,#2198,.T.);
#997=ORIENTED_EDGE('',*,*,#2199,.F.);
#998=ORIENTED_EDGE('',*,*,#2200,.F.);
#999=ORIENTED_EDGE('',*,*,#2201,.F.);
#1000=ORIENTED_EDGE('',*,*,#2202,.T.);
#1001=ORIENTED_EDGE('',*,*,#2203,.T.);
#1002=ORIENTED_EDGE('',*,*,#2204,.F.);
#1003=ORIENTED_EDGE('',*,*,#2205,.T.);
#1004=ORIENTED_EDGE('',*,*,#2206,.T.);
#1005=ORIENTED_EDGE('',*,*,#2207,.F.);
#1006=ORIENTED_EDGE('',*,*,#2208,.F.);
#1007=ORIENTED_EDGE('',*,*,#2209,.T.);
#1008=ORIENTED_EDGE('',*,*,#2210,.T.);
#1009=ORIENTED_EDGE('',*,*,#2205,.F.);
#1010=ORIENTED_EDGE('',*,*,#2211,.F.);
#1011=ORIENTED_EDGE('',*,*,#2212,.T.);
#1012=ORIENTED_EDGE('',*,*,#2213,.T.);
#1013=ORIENTED_EDGE('',*,*,#2214,.F.);
#1014=ORIENTED_EDGE('',*,*,#2215,.F.);
#1015=ORIENTED_EDGE('',*,*,#2214,.T.);
#1016=ORIENTED_EDGE('',*,*,#2216,.T.);
#1017=ORIENTED_EDGE('',*,*,#2217,.F.);
#1018=ORIENTED_EDGE('',*,*,#2218,.F.);
#1019=ORIENTED_EDGE('',*,*,#2219,.F.);
#1020=ORIENTED_EDGE('',*,*,#2220,.T.);
#1021=ORIENTED_EDGE('',*,*,#2221,.T.);
#1022=ORIENTED_EDGE('',*,*,#2222,.F.);
#1023=ORIENTED_EDGE('',*,*,#2223,.T.);
#1024=ORIENTED_EDGE('',*,*,#2224,.T.);
#1025=ORIENTED_EDGE('',*,*,#2225,.F.);
#1026=ORIENTED_EDGE('',*,*,#2226,.T.);
#1027=ORIENTED_EDGE('',*,*,#2227,.F.);
#1028=ORIENTED_EDGE('',*,*,#2228,.F.);
#1029=ORIENTED_EDGE('',*,*,#2229,.T.);
#1030=ORIENTED_EDGE('',*,*,#2230,.T.);
#1031=ORIENTED_EDGE('',*,*,#2231,.F.);
#1032=ORIENTED_EDGE('',*,*,#2232,.F.);
#1033=ORIENTED_EDGE('',*,*,#2227,.T.);
#1034=ORIENTED_EDGE('',*,*,#2233,.T.);
#1035=ORIENTED_EDGE('',*,*,#2234,.F.);
#1036=ORIENTED_EDGE('',*,*,#2235,.F.);
#1037=ORIENTED_EDGE('',*,*,#2236,.T.);
#1038=ORIENTED_EDGE('',*,*,#2237,.T.);
#1039=ORIENTED_EDGE('',*,*,#2238,.F.);
#1040=ORIENTED_EDGE('',*,*,#2239,.F.);
#1041=ORIENTED_EDGE('',*,*,#2234,.T.);
#1042=ORIENTED_EDGE('',*,*,#2240,.T.);
#1043=ORIENTED_EDGE('',*,*,#2241,.F.);
#1044=ORIENTED_EDGE('',*,*,#2242,.F.);
#1045=ORIENTED_EDGE('',*,*,#2243,.T.);
#1046=ORIENTED_EDGE('',*,*,#2244,.T.);
#1047=ORIENTED_EDGE('',*,*,#2245,.F.);
#1048=ORIENTED_EDGE('',*,*,#2246,.F.);
#1049=ORIENTED_EDGE('',*,*,#2241,.T.);
#1050=ORIENTED_EDGE('',*,*,#2247,.F.);
#1051=ORIENTED_EDGE('',*,*,#2248,.T.);
#1052=ORIENTED_EDGE('',*,*,#2245,.T.);
#1053=ORIENTED_EDGE('',*,*,#2249,.T.);
#1054=ORIENTED_EDGE('',*,*,#2250,.T.);
#1055=ORIENTED_EDGE('',*,*,#2251,.T.);
#1056=ORIENTED_EDGE('',*,*,#2252,.T.);
#1057=ORIENTED_EDGE('',*,*,#2253,.T.);
#1058=ORIENTED_EDGE('',*,*,#2243,.F.);
#1059=ORIENTED_EDGE('',*,*,#2254,.F.);
#1060=ORIENTED_EDGE('',*,*,#2253,.F.);
#1061=ORIENTED_EDGE('',*,*,#2255,.T.);
#1062=ORIENTED_EDGE('',*,*,#2256,.T.);
#1063=ORIENTED_EDGE('',*,*,#2257,.F.);
#1064=ORIENTED_EDGE('',*,*,#2258,.F.);
#1065=ORIENTED_EDGE('',*,*,#2251,.F.);
#1066=ORIENTED_EDGE('',*,*,#2259,.T.);
#1067=ORIENTED_EDGE('',*,*,#2260,.T.);
#1068=ORIENTED_EDGE('',*,*,#2250,.F.);
#1069=ORIENTED_EDGE('',*,*,#2261,.T.);
#1070=ORIENTED_EDGE('',*,*,#2262,.T.);
#1071=ORIENTED_EDGE('',*,*,#2259,.F.);
#1072=ORIENTED_EDGE('',*,*,#2263,.T.);
#1073=ORIENTED_EDGE('',*,*,#2264,.F.);
#1074=ORIENTED_EDGE('',*,*,#2265,.F.);
#1075=ORIENTED_EDGE('',*,*,#2266,.T.);
#1076=ORIENTED_EDGE('',*,*,#2267,.T.);
#1077=ORIENTED_EDGE('',*,*,#2268,.F.);
#1078=ORIENTED_EDGE('',*,*,#2269,.F.);
#1079=ORIENTED_EDGE('',*,*,#2264,.T.);
#1080=ORIENTED_EDGE('',*,*,#2270,.F.);
#1081=ORIENTED_EDGE('',*,*,#2271,.T.);
#1082=ORIENTED_EDGE('',*,*,#2268,.T.);
#1083=ORIENTED_EDGE('',*,*,#2272,.T.);
#1084=ORIENTED_EDGE('',*,*,#2273,.F.);
#1085=ORIENTED_EDGE('',*,*,#2274,.F.);
#1086=ORIENTED_EDGE('',*,*,#2275,.T.);
#1087=ORIENTED_EDGE('',*,*,#2276,.T.);
#1088=ORIENTED_EDGE('',*,*,#2277,.F.);
#1089=ORIENTED_EDGE('',*,*,#2278,.F.);
#1090=ORIENTED_EDGE('',*,*,#2273,.T.);
#1091=ORIENTED_EDGE('',*,*,#2279,.F.);
#1092=ORIENTED_EDGE('',*,*,#2280,.T.);
#1093=ORIENTED_EDGE('',*,*,#2277,.T.);
#1094=ORIENTED_EDGE('',*,*,#2281,.T.);
#1095=ORIENTED_EDGE('',*,*,#2282,.F.);
#1096=ORIENTED_EDGE('',*,*,#2283,.F.);
#1097=ORIENTED_EDGE('',*,*,#2284,.T.);
#1098=ORIENTED_EDGE('',*,*,#2285,.T.);
#1099=ORIENTED_EDGE('',*,*,#2286,.F.);
#1100=ORIENTED_EDGE('',*,*,#2287,.F.);
#1101=ORIENTED_EDGE('',*,*,#2282,.T.);
#1102=ORIENTED_EDGE('',*,*,#2288,.F.);
#1103=ORIENTED_EDGE('',*,*,#2289,.T.);
#1104=ORIENTED_EDGE('',*,*,#2286,.T.);
#1105=ORIENTED_EDGE('',*,*,#2290,.T.);
#1106=ORIENTED_EDGE('',*,*,#2291,.F.);
#1107=ORIENTED_EDGE('',*,*,#2292,.F.);
#1108=ORIENTED_EDGE('',*,*,#2293,.T.);
#1109=ORIENTED_EDGE('',*,*,#2294,.T.);
#1110=ORIENTED_EDGE('',*,*,#2295,.F.);
#1111=ORIENTED_EDGE('',*,*,#2296,.F.);
#1112=ORIENTED_EDGE('',*,*,#2291,.T.);
#1113=ORIENTED_EDGE('',*,*,#2297,.F.);
#1114=ORIENTED_EDGE('',*,*,#2298,.T.);
#1115=ORIENTED_EDGE('',*,*,#2295,.T.);
#1116=ORIENTED_EDGE('',*,*,#2299,.T.);
#1117=ORIENTED_EDGE('',*,*,#2300,.F.);
#1118=ORIENTED_EDGE('',*,*,#2301,.F.);
#1119=ORIENTED_EDGE('',*,*,#2302,.T.);
#1120=ORIENTED_EDGE('',*,*,#2303,.T.);
#1121=ORIENTED_EDGE('',*,*,#2304,.F.);
#1122=ORIENTED_EDGE('',*,*,#2305,.F.);
#1123=ORIENTED_EDGE('',*,*,#2300,.T.);
#1124=ORIENTED_EDGE('',*,*,#2306,.F.);
#1125=ORIENTED_EDGE('',*,*,#2307,.T.);
#1126=ORIENTED_EDGE('',*,*,#2304,.T.);
#1127=ORIENTED_EDGE('',*,*,#2308,.T.);
#1128=ORIENTED_EDGE('',*,*,#2309,.F.);
#1129=ORIENTED_EDGE('',*,*,#2310,.F.);
#1130=ORIENTED_EDGE('',*,*,#2311,.T.);
#1131=ORIENTED_EDGE('',*,*,#2312,.T.);
#1132=ORIENTED_EDGE('',*,*,#2313,.F.);
#1133=ORIENTED_EDGE('',*,*,#2314,.F.);
#1134=ORIENTED_EDGE('',*,*,#2309,.T.);
#1135=ORIENTED_EDGE('',*,*,#2315,.F.);
#1136=ORIENTED_EDGE('',*,*,#2316,.T.);
#1137=ORIENTED_EDGE('',*,*,#2313,.T.);
#1138=ORIENTED_EDGE('',*,*,#2317,.F.);
#1139=ORIENTED_EDGE('',*,*,#2318,.T.);
#1140=ORIENTED_EDGE('',*,*,#2319,.T.);
#1141=ORIENTED_EDGE('',*,*,#2320,.T.);
#1142=ORIENTED_EDGE('',*,*,#2321,.F.);
#1143=ORIENTED_EDGE('',*,*,#2322,.T.);
#1144=ORIENTED_EDGE('',*,*,#2317,.T.);
#1145=ORIENTED_EDGE('',*,*,#2323,.T.);
#1146=ORIENTED_EDGE('',*,*,#2324,.F.);
#1147=ORIENTED_EDGE('',*,*,#2325,.T.);
#1148=ORIENTED_EDGE('',*,*,#2321,.T.);
#1149=ORIENTED_EDGE('',*,*,#2326,.T.);
#1150=ORIENTED_EDGE('',*,*,#2327,.F.);
#1151=ORIENTED_EDGE('',*,*,#2328,.T.);
#1152=ORIENTED_EDGE('',*,*,#2329,.F.);
#1153=ORIENTED_EDGE('',*,*,#2330,.F.);
#1154=ORIENTED_EDGE('',*,*,#2331,.F.);
#1155=ORIENTED_EDGE('',*,*,#2332,.T.);
#1156=ORIENTED_EDGE('',*,*,#2333,.F.);
#1157=ORIENTED_EDGE('',*,*,#2328,.F.);
#1158=ORIENTED_EDGE('',*,*,#2334,.F.);
#1159=ORIENTED_EDGE('',*,*,#2330,.T.);
#1160=ORIENTED_EDGE('',*,*,#2335,.F.);
#1161=ORIENTED_EDGE('',*,*,#2336,.F.);
#1162=ORIENTED_EDGE('',*,*,#2337,.F.);
#1163=ORIENTED_EDGE('',*,*,#2338,.F.);
#1164=ORIENTED_EDGE('',*,*,#2339,.F.);
#1165=ORIENTED_EDGE('',*,*,#2340,.F.);
#1166=ORIENTED_EDGE('',*,*,#2341,.F.);
#1167=ORIENTED_EDGE('',*,*,#2342,.F.);
#1168=ORIENTED_EDGE('',*,*,#2343,.F.);
#1169=ORIENTED_EDGE('',*,*,#2344,.F.);
#1170=ORIENTED_EDGE('',*,*,#2345,.F.);
#1171=ORIENTED_EDGE('',*,*,#2346,.F.);
#1172=ORIENTED_EDGE('',*,*,#2347,.F.);
#1173=ORIENTED_EDGE('',*,*,#2348,.F.);
#1174=ORIENTED_EDGE('',*,*,#2349,.F.);
#1175=ORIENTED_EDGE('',*,*,#2350,.F.);
#1176=ORIENTED_EDGE('',*,*,#2351,.F.);
#1177=ORIENTED_EDGE('',*,*,#2352,.F.);
#1178=ORIENTED_EDGE('',*,*,#2353,.F.);
#1179=ORIENTED_EDGE('',*,*,#2354,.F.);
#1180=ORIENTED_EDGE('',*,*,#2355,.F.);
#1181=ORIENTED_EDGE('',*,*,#2356,.F.);
#1182=ORIENTED_EDGE('',*,*,#2357,.F.);
#1183=ORIENTED_EDGE('',*,*,#2358,.F.);
#1184=ORIENTED_EDGE('',*,*,#2359,.F.);
#1185=ORIENTED_EDGE('',*,*,#2360,.F.);
#1186=ORIENTED_EDGE('',*,*,#2361,.F.);
#1187=ORIENTED_EDGE('',*,*,#2362,.F.);
#1188=ORIENTED_EDGE('',*,*,#2363,.F.);
#1189=ORIENTED_EDGE('',*,*,#2364,.F.);
#1190=ORIENTED_EDGE('',*,*,#2365,.F.);
#1191=ORIENTED_EDGE('',*,*,#2366,.F.);
#1192=ORIENTED_EDGE('',*,*,#2367,.F.);
#1193=ORIENTED_EDGE('',*,*,#2368,.F.);
#1194=ORIENTED_EDGE('',*,*,#2369,.T.);
#1195=ORIENTED_EDGE('',*,*,#2366,.T.);
#1196=ORIENTED_EDGE('',*,*,#2370,.F.);
#1197=ORIENTED_EDGE('',*,*,#2371,.T.);
#1198=ORIENTED_EDGE('',*,*,#2372,.F.);
#1199=ORIENTED_EDGE('',*,*,#2364,.T.);
#1200=ORIENTED_EDGE('',*,*,#2373,.T.);
#1201=ORIENTED_EDGE('',*,*,#2371,.F.);
#1202=ORIENTED_EDGE('',*,*,#2374,.F.);
#1203=ORIENTED_EDGE('',*,*,#2375,.F.);
#1204=ORIENTED_EDGE('',*,*,#2376,.F.);
#1205=ORIENTED_EDGE('',*,*,#2377,.F.);
#1206=ORIENTED_EDGE('',*,*,#2378,.F.);
#1207=ORIENTED_EDGE('',*,*,#2379,.F.);
#1208=ORIENTED_EDGE('',*,*,#2380,.F.);
#1209=ORIENTED_EDGE('',*,*,#2381,.F.);
#1210=ORIENTED_EDGE('',*,*,#2382,.F.);
#1211=ORIENTED_EDGE('',*,*,#2383,.F.);
#1212=ORIENTED_EDGE('',*,*,#2384,.F.);
#1213=ORIENTED_EDGE('',*,*,#2385,.F.);
#1214=ORIENTED_EDGE('',*,*,#2386,.F.);
#1215=ORIENTED_EDGE('',*,*,#2387,.F.);
#1216=ORIENTED_EDGE('',*,*,#2388,.F.);
#1217=ORIENTED_EDGE('',*,*,#2389,.F.);
#1218=ORIENTED_EDGE('',*,*,#2390,.F.);
#1219=ORIENTED_EDGE('',*,*,#2389,.T.);
#1220=ORIENTED_EDGE('',*,*,#2391,.T.);
#1221=ORIENTED_EDGE('',*,*,#2383,.T.);
#1222=ORIENTED_EDGE('',*,*,#2392,.F.);
#1223=ORIENTED_EDGE('',*,*,#2385,.T.);
#1224=ORIENTED_EDGE('',*,*,#2393,.T.);
#1225=ORIENTED_EDGE('',*,*,#2379,.T.);
#1226=ORIENTED_EDGE('',*,*,#2394,.F.);
#1227=ORIENTED_EDGE('',*,*,#2381,.T.);
#1228=ORIENTED_EDGE('',*,*,#2395,.T.);
#1229=ORIENTED_EDGE('',*,*,#2375,.T.);
#1230=ORIENTED_EDGE('',*,*,#2396,.T.);
#1231=ORIENTED_EDGE('',*,*,#2387,.T.);
#1232=ORIENTED_EDGE('',*,*,#2397,.F.);
#1233=ORIENTED_EDGE('',*,*,#2377,.T.);
#1234=ORIENTED_EDGE('',*,*,#2398,.F.);
#1235=ORIENTED_EDGE('',*,*,#2399,.F.);
#1236=ORIENTED_EDGE('',*,*,#2400,.F.);
#1237=ORIENTED_EDGE('',*,*,#2401,.F.);
#1238=ORIENTED_EDGE('',*,*,#2402,.F.);
#1239=ORIENTED_EDGE('',*,*,#2403,.F.);
#1240=ORIENTED_EDGE('',*,*,#2404,.F.);
#1241=ORIENTED_EDGE('',*,*,#2405,.F.);
#1242=ORIENTED_EDGE('',*,*,#2406,.F.);
#1243=ORIENTED_EDGE('',*,*,#2397,.T.);
#1244=ORIENTED_EDGE('',*,*,#2386,.T.);
#1245=ORIENTED_EDGE('',*,*,#2390,.T.);
#1246=ORIENTED_EDGE('',*,*,#2382,.T.);
#1247=ORIENTED_EDGE('',*,*,#2392,.T.);
#1248=ORIENTED_EDGE('',*,*,#2378,.T.);
#1249=ORIENTED_EDGE('',*,*,#2394,.T.);
#1250=ORIENTED_EDGE('',*,*,#2374,.T.);
#1251=ORIENTED_EDGE('',*,*,#2236,.F.);
#1252=ORIENTED_EDGE('',*,*,#2407,.F.);
#1253=ORIENTED_EDGE('',*,*,#2229,.F.);
#1254=ORIENTED_EDGE('',*,*,#2408,.F.);
#1255=ORIENTED_EDGE('',*,*,#2409,.F.);
#1256=ORIENTED_EDGE('',*,*,#2401,.T.);
#1257=ORIENTED_EDGE('',*,*,#2410,.F.);
#1258=ORIENTED_EDGE('',*,*,#2411,.F.);
#1259=ORIENTED_EDGE('',*,*,#2412,.F.);
#1260=ORIENTED_EDGE('',*,*,#2399,.T.);
#1261=ORIENTED_EDGE('',*,*,#2413,.F.);
#1262=ORIENTED_EDGE('',*,*,#2414,.F.);
#1263=ORIENTED_EDGE('',*,*,#2415,.F.);
#1264=ORIENTED_EDGE('',*,*,#2416,.F.);
#1265=ORIENTED_EDGE('',*,*,#2417,.F.);
#1266=ORIENTED_EDGE('',*,*,#2404,.T.);
#1267=ORIENTED_EDGE('',*,*,#2418,.F.);
#1268=ORIENTED_EDGE('',*,*,#2406,.T.);
#1269=ORIENTED_EDGE('',*,*,#2419,.F.);
#1270=ORIENTED_EDGE('',*,*,#2420,.F.);
#1271=ORIENTED_EDGE('',*,*,#2419,.T.);
#1272=ORIENTED_EDGE('',*,*,#2405,.T.);
#1273=ORIENTED_EDGE('',*,*,#2417,.T.);
#1274=ORIENTED_EDGE('',*,*,#2421,.T.);
#1275=ORIENTED_EDGE('',*,*,#2413,.T.);
#1276=ORIENTED_EDGE('',*,*,#2398,.T.);
#1277=ORIENTED_EDGE('',*,*,#2418,.T.);
#1278=ORIENTED_EDGE('',*,*,#2422,.T.);
#1279=ORIENTED_EDGE('',*,*,#2410,.T.);
#1280=ORIENTED_EDGE('',*,*,#2400,.T.);
#1281=ORIENTED_EDGE('',*,*,#2412,.T.);
#1282=ORIENTED_EDGE('',*,*,#2423,.T.);
#1283=ORIENTED_EDGE('',*,*,#2424,.T.);
#1284=ORIENTED_EDGE('',*,*,#2402,.T.);
#1285=ORIENTED_EDGE('',*,*,#2409,.T.);
#1286=ORIENTED_EDGE('',*,*,#2425,.T.);
#1287=ORIENTED_EDGE('',*,*,#2426,.T.);
#1288=ORIENTED_EDGE('',*,*,#2427,.F.);
#1289=ORIENTED_EDGE('',*,*,#2428,.F.);
#1290=ORIENTED_EDGE('',*,*,#2429,.T.);
#1291=ORIENTED_EDGE('',*,*,#2430,.T.);
#1292=ORIENTED_EDGE('',*,*,#2431,.F.);
#1293=ORIENTED_EDGE('',*,*,#2432,.F.);
#1294=ORIENTED_EDGE('',*,*,#2427,.T.);
#1295=ORIENTED_EDGE('',*,*,#2433,.T.);
#1296=ORIENTED_EDGE('',*,*,#2434,.F.);
#1297=ORIENTED_EDGE('',*,*,#2435,.F.);
#1298=ORIENTED_EDGE('',*,*,#2436,.T.);
#1299=ORIENTED_EDGE('',*,*,#2437,.T.);
#1300=ORIENTED_EDGE('',*,*,#2438,.F.);
#1301=ORIENTED_EDGE('',*,*,#2439,.F.);
#1302=ORIENTED_EDGE('',*,*,#2434,.T.);
#1303=ORIENTED_EDGE('',*,*,#2440,.T.);
#1304=ORIENTED_EDGE('',*,*,#2441,.F.);
#1305=ORIENTED_EDGE('',*,*,#2442,.F.);
#1306=ORIENTED_EDGE('',*,*,#2443,.T.);
#1307=ORIENTED_EDGE('',*,*,#2444,.T.);
#1308=ORIENTED_EDGE('',*,*,#2445,.F.);
#1309=ORIENTED_EDGE('',*,*,#2446,.F.);
#1310=ORIENTED_EDGE('',*,*,#2441,.T.);
#1311=ORIENTED_EDGE('',*,*,#2447,.T.);
#1312=ORIENTED_EDGE('',*,*,#2448,.T.);
#1313=ORIENTED_EDGE('',*,*,#2449,.T.);
#1314=ORIENTED_EDGE('',*,*,#2208,.T.);
#1315=ORIENTED_EDGE('',*,*,#2204,.T.);
#1316=ORIENTED_EDGE('',*,*,#2450,.T.);
#1317=ORIENTED_EDGE('',*,*,#2201,.T.);
#1318=ORIENTED_EDGE('',*,*,#2451,.T.);
#1319=ORIENTED_EDGE('',*,*,#2196,.T.);
#1320=ORIENTED_EDGE('',*,*,#2429,.F.);
#1321=ORIENTED_EDGE('',*,*,#2452,.F.);
#1322=ORIENTED_EDGE('',*,*,#2453,.T.);
#1323=ORIENTED_EDGE('',*,*,#2454,.T.);
#1324=ORIENTED_EDGE('',*,*,#2436,.F.);
#1325=ORIENTED_EDGE('',*,*,#2455,.F.);
#1326=ORIENTED_EDGE('',*,*,#2456,.F.);
#1327=ORIENTED_EDGE('',*,*,#2453,.F.);
#1328=ORIENTED_EDGE('',*,*,#2457,.T.);
#1329=ORIENTED_EDGE('',*,*,#2458,.T.);
#1330=ORIENTED_EDGE('',*,*,#2459,.T.);
#1331=ORIENTED_EDGE('',*,*,#2460,.T.);
#1332=ORIENTED_EDGE('',*,*,#2461,.T.);
#1333=ORIENTED_EDGE('',*,*,#2211,.T.);
#1334=ORIENTED_EDGE('',*,*,#2215,.T.);
#1335=ORIENTED_EDGE('',*,*,#2462,.T.);
#1336=ORIENTED_EDGE('',*,*,#2219,.T.);
#1337=ORIENTED_EDGE('',*,*,#2463,.T.);
#1338=ORIENTED_EDGE('',*,*,#2222,.T.);
#1339=ORIENTED_EDGE('',*,*,#2443,.F.);
#1340=ORIENTED_EDGE('',*,*,#2464,.F.);
#1341=ORIENTED_EDGE('',*,*,#2465,.F.);
#1342=ORIENTED_EDGE('',*,*,#2459,.F.);
#1343=ORIENTED_EDGE('',*,*,#2225,.T.);
#1344=ORIENTED_EDGE('',*,*,#2466,.T.);
#1345=ORIENTED_EDGE('',*,*,#2467,.T.);
#1346=ORIENTED_EDGE('',*,*,#2353,.T.);
#1347=ORIENTED_EDGE('',*,*,#2468,.T.);
#1348=ORIENTED_EDGE('',*,*,#2469,.T.);
#1349=ORIENTED_EDGE('',*,*,#2470,.T.);
#1350=ORIENTED_EDGE('',*,*,#2357,.T.);
#1351=ORIENTED_EDGE('',*,*,#2471,.T.);
#1352=ORIENTED_EDGE('',*,*,#2358,.T.);
#1353=ORIENTED_EDGE('',*,*,#2470,.F.);
#1354=ORIENTED_EDGE('',*,*,#2472,.T.);
#1355=ORIENTED_EDGE('',*,*,#2473,.T.);
#1356=ORIENTED_EDGE('',*,*,#2472,.F.);
#1357=ORIENTED_EDGE('',*,*,#2469,.F.);
#1358=ORIENTED_EDGE('',*,*,#2474,.T.);
#1359=ORIENTED_EDGE('',*,*,#2468,.F.);
#1360=ORIENTED_EDGE('',*,*,#2356,.T.);
#1361=ORIENTED_EDGE('',*,*,#2475,.T.);
#1362=ORIENTED_EDGE('',*,*,#2474,.F.);
#1363=ORIENTED_EDGE('',*,*,#2476,.T.);
#1364=ORIENTED_EDGE('',*,*,#2341,.T.);
#1365=ORIENTED_EDGE('',*,*,#2477,.T.);
#1366=ORIENTED_EDGE('',*,*,#2478,.T.);
#1367=ORIENTED_EDGE('',*,*,#2479,.T.);
#1368=ORIENTED_EDGE('',*,*,#2337,.T.);
#1369=ORIENTED_EDGE('',*,*,#2480,.T.);
#1370=ORIENTED_EDGE('',*,*,#2338,.T.);
#1371=ORIENTED_EDGE('',*,*,#2479,.F.);
#1372=ORIENTED_EDGE('',*,*,#2481,.T.);
#1373=ORIENTED_EDGE('',*,*,#2482,.T.);
#1374=ORIENTED_EDGE('',*,*,#2481,.F.);
#1375=ORIENTED_EDGE('',*,*,#2478,.F.);
#1376=ORIENTED_EDGE('',*,*,#2483,.T.);
#1377=ORIENTED_EDGE('',*,*,#2477,.F.);
#1378=ORIENTED_EDGE('',*,*,#2344,.T.);
#1379=ORIENTED_EDGE('',*,*,#2484,.T.);
#1380=ORIENTED_EDGE('',*,*,#2483,.F.);
#1381=ORIENTED_EDGE('',*,*,#2485,.T.);
#1382=ORIENTED_EDGE('',*,*,#2349,.T.);
#1383=ORIENTED_EDGE('',*,*,#2486,.T.);
#1384=ORIENTED_EDGE('',*,*,#2487,.T.);
#1385=ORIENTED_EDGE('',*,*,#2488,.T.);
#1386=ORIENTED_EDGE('',*,*,#2345,.T.);
#1387=ORIENTED_EDGE('',*,*,#2489,.T.);
#1388=ORIENTED_EDGE('',*,*,#2346,.T.);
#1389=ORIENTED_EDGE('',*,*,#2488,.F.);
#1390=ORIENTED_EDGE('',*,*,#2490,.T.);
#1391=ORIENTED_EDGE('',*,*,#2491,.T.);
#1392=ORIENTED_EDGE('',*,*,#2490,.F.);
#1393=ORIENTED_EDGE('',*,*,#2487,.F.);
#1394=ORIENTED_EDGE('',*,*,#2492,.T.);
#1395=ORIENTED_EDGE('',*,*,#2486,.F.);
#1396=ORIENTED_EDGE('',*,*,#2352,.T.);
#1397=ORIENTED_EDGE('',*,*,#2493,.T.);
#1398=ORIENTED_EDGE('',*,*,#2492,.F.);
#1399=ORIENTED_EDGE('',*,*,#2494,.F.);
#1400=ORIENTED_EDGE('',*,*,#2495,.F.);
#1401=ORIENTED_EDGE('',*,*,#2496,.F.);
#1402=ORIENTED_EDGE('',*,*,#2497,.F.);
#1403=ORIENTED_EDGE('',*,*,#2498,.F.);
#1404=ORIENTED_EDGE('',*,*,#2499,.F.);
#1405=ORIENTED_EDGE('',*,*,#2500,.F.);
#1406=ORIENTED_EDGE('',*,*,#2501,.F.);
#1407=ORIENTED_EDGE('',*,*,#2502,.F.);
#1408=ORIENTED_EDGE('',*,*,#2503,.F.);
#1409=ORIENTED_EDGE('',*,*,#2504,.F.);
#1410=ORIENTED_EDGE('',*,*,#2505,.F.);
#1411=ORIENTED_EDGE('',*,*,#2506,.F.);
#1412=ORIENTED_EDGE('',*,*,#2507,.F.);
#1413=ORIENTED_EDGE('',*,*,#2508,.F.);
#1414=ORIENTED_EDGE('',*,*,#2509,.F.);
#1415=ORIENTED_EDGE('',*,*,#2510,.F.);
#1416=ORIENTED_EDGE('',*,*,#2511,.F.);
#1417=ORIENTED_EDGE('',*,*,#2512,.F.);
#1418=ORIENTED_EDGE('',*,*,#2513,.F.);
#1419=ORIENTED_EDGE('',*,*,#2514,.F.);
#1420=ORIENTED_EDGE('',*,*,#2515,.T.);
#1421=ORIENTED_EDGE('',*,*,#2516,.F.);
#1422=ORIENTED_EDGE('',*,*,#2517,.F.);
#1423=ORIENTED_EDGE('',*,*,#2518,.F.);
#1424=ORIENTED_EDGE('',*,*,#2519,.T.);
#1425=ORIENTED_EDGE('',*,*,#2520,.F.);
#1426=ORIENTED_EDGE('',*,*,#2515,.F.);
#1427=ORIENTED_EDGE('',*,*,#2521,.F.);
#1428=ORIENTED_EDGE('',*,*,#2522,.T.);
#1429=ORIENTED_EDGE('',*,*,#2523,.F.);
#1430=ORIENTED_EDGE('',*,*,#2519,.F.);
#1431=ORIENTED_EDGE('',*,*,#2261,.F.);
#1432=ORIENTED_EDGE('',*,*,#2249,.F.);
#1433=ORIENTED_EDGE('',*,*,#2257,.T.);
#1434=ORIENTED_EDGE('',*,*,#2524,.F.);
#1435=ORIENTED_EDGE('',*,*,#2525,.T.);
#1436=ORIENTED_EDGE('',*,*,#2526,.F.);
#1437=ORIENTED_EDGE('',*,*,#2522,.F.);
#1438=ORIENTED_EDGE('',*,*,#2527,.F.);
#1439=ORIENTED_EDGE('',*,*,#2525,.F.);
#1440=ORIENTED_EDGE('',*,*,#2528,.F.);
#1441=ORIENTED_EDGE('',*,*,#2529,.T.);
#1442=ORIENTED_EDGE('',*,*,#2530,.T.);
#1443=ORIENTED_EDGE('',*,*,#2529,.F.);
#1444=ORIENTED_EDGE('',*,*,#2531,.F.);
#1445=ORIENTED_EDGE('',*,*,#2532,.T.);
#1446=ORIENTED_EDGE('',*,*,#2533,.T.);
#1447=ORIENTED_EDGE('',*,*,#2532,.F.);
#1448=ORIENTED_EDGE('',*,*,#2534,.F.);
#1449=ORIENTED_EDGE('',*,*,#2535,.T.);
#1450=ORIENTED_EDGE('',*,*,#2536,.T.);
#1451=ORIENTED_EDGE('',*,*,#2537,.T.);
#1452=ORIENTED_EDGE('',*,*,#2538,.T.);
#1453=ORIENTED_EDGE('',*,*,#2539,.F.);
#1454=ORIENTED_EDGE('',*,*,#2540,.F.);
#1455=ORIENTED_EDGE('',*,*,#2541,.T.);
#1456=ORIENTED_EDGE('',*,*,#2542,.T.);
#1457=ORIENTED_EDGE('',*,*,#2543,.F.);
#1458=ORIENTED_EDGE('',*,*,#2538,.F.);
#1459=ORIENTED_EDGE('',*,*,#2544,.T.);
#1460=ORIENTED_EDGE('',*,*,#2545,.T.);
#1461=ORIENTED_EDGE('',*,*,#2546,.F.);
#1462=ORIENTED_EDGE('',*,*,#2542,.F.);
#1463=ORIENTED_EDGE('',*,*,#2547,.T.);
#1464=ORIENTED_EDGE('',*,*,#2548,.T.);
#1465=ORIENTED_EDGE('',*,*,#2545,.F.);
#1466=ORIENTED_EDGE('',*,*,#2549,.F.);
#1467=ORIENTED_EDGE('',*,*,#2421,.F.);
#1468=ORIENTED_EDGE('',*,*,#2416,.T.);
#1469=ORIENTED_EDGE('',*,*,#2550,.T.);
#1470=ORIENTED_EDGE('',*,*,#2425,.F.);
#1471=ORIENTED_EDGE('',*,*,#2411,.T.);
#1472=ORIENTED_EDGE('',*,*,#2423,.F.);
#1473=ORIENTED_EDGE('',*,*,#2414,.T.);
#1474=ORIENTED_EDGE('',*,*,#2422,.F.);
#1475=ORIENTED_EDGE('',*,*,#2420,.T.);
#1476=ORIENTED_EDGE('',*,*,#2238,.T.);
#1477=ORIENTED_EDGE('',*,*,#2551,.T.);
#1478=ORIENTED_EDGE('',*,*,#2231,.T.);
#1479=ORIENTED_EDGE('',*,*,#2552,.T.);
#1480=ORIENTED_EDGE('',*,*,#2553,.T.);
#1481=ORIENTED_EDGE('',*,*,#2554,.T.);
#1482=ORIENTED_EDGE('',*,*,#2547,.F.);
#1483=ORIENTED_EDGE('',*,*,#2555,.F.);
#1484=ORIENTED_EDGE('',*,*,#2556,.T.);
#1485=ORIENTED_EDGE('',*,*,#2557,.T.);
#1486=ORIENTED_EDGE('',*,*,#2553,.F.);
#1487=ORIENTED_EDGE('',*,*,#2558,.F.);
#1488=ORIENTED_EDGE('',*,*,#2559,.T.);
#1489=ORIENTED_EDGE('',*,*,#2560,.T.);
#1490=ORIENTED_EDGE('',*,*,#2556,.F.);
#1491=ORIENTED_EDGE('',*,*,#2561,.F.);
#1492=ORIENTED_EDGE('',*,*,#2562,.T.);
#1493=ORIENTED_EDGE('',*,*,#2510,.T.);
#1494=ORIENTED_EDGE('',*,*,#2563,.T.);
#1495=ORIENTED_EDGE('',*,*,#2498,.T.);
#1496=ORIENTED_EDGE('',*,*,#2564,.T.);
#1497=ORIENTED_EDGE('',*,*,#2502,.T.);
#1498=ORIENTED_EDGE('',*,*,#2565,.T.);
#1499=ORIENTED_EDGE('',*,*,#2506,.T.);
#1500=ORIENTED_EDGE('',*,*,#2566,.F.);
#1501=ORIENTED_EDGE('',*,*,#2516,.T.);
#1502=ORIENTED_EDGE('',*,*,#2520,.T.);
#1503=ORIENTED_EDGE('',*,*,#2523,.T.);
#1504=ORIENTED_EDGE('',*,*,#2526,.T.);
#1505=ORIENTED_EDGE('',*,*,#2530,.F.);
#1506=ORIENTED_EDGE('',*,*,#2533,.F.);
#1507=ORIENTED_EDGE('',*,*,#2536,.F.);
#1508=ORIENTED_EDGE('',*,*,#2567,.T.);
#1509=ORIENTED_EDGE('',*,*,#2326,.F.);
#1510=ORIENTED_EDGE('',*,*,#2323,.F.);
#1511=ORIENTED_EDGE('',*,*,#2320,.F.);
#1512=ORIENTED_EDGE('',*,*,#2568,.T.);
#1513=ORIENTED_EDGE('',*,*,#2539,.T.);
#1514=ORIENTED_EDGE('',*,*,#2543,.T.);
#1515=ORIENTED_EDGE('',*,*,#2546,.T.);
#1516=ORIENTED_EDGE('',*,*,#2548,.F.);
#1517=ORIENTED_EDGE('',*,*,#2554,.F.);
#1518=ORIENTED_EDGE('',*,*,#2557,.F.);
#1519=ORIENTED_EDGE('',*,*,#2560,.F.);
#1520=ORIENTED_EDGE('',*,*,#2569,.F.);
#1521=ORIENTED_EDGE('',*,*,#2335,.T.);
#1522=ORIENTED_EDGE('',*,*,#2329,.T.);
#1523=ORIENTED_EDGE('',*,*,#2333,.T.);
#1524=ORIENTED_EDGE('',*,*,#2311,.F.);
#1525=ORIENTED_EDGE('',*,*,#2570,.F.);
#1526=ORIENTED_EDGE('',*,*,#2302,.F.);
#1527=ORIENTED_EDGE('',*,*,#2571,.F.);
#1528=ORIENTED_EDGE('',*,*,#2293,.F.);
#1529=ORIENTED_EDGE('',*,*,#2572,.F.);
#1530=ORIENTED_EDGE('',*,*,#2284,.F.);
#1531=ORIENTED_EDGE('',*,*,#2573,.F.);
#1532=ORIENTED_EDGE('',*,*,#2275,.F.);
#1533=ORIENTED_EDGE('',*,*,#2574,.F.);
#1534=ORIENTED_EDGE('',*,*,#2266,.F.);
#1535=ORIENTED_EDGE('',*,*,#2575,.F.);
#1536=ORIENTED_EDGE('',*,*,#2576,.T.);
#1537=ORIENTED_EDGE('',*,*,#2507,.T.);
#1538=ORIENTED_EDGE('',*,*,#2565,.F.);
#1539=ORIENTED_EDGE('',*,*,#2505,.T.);
#1540=ORIENTED_EDGE('',*,*,#2577,.T.);
#1541=ORIENTED_EDGE('',*,*,#2511,.T.);
#1542=ORIENTED_EDGE('',*,*,#2562,.F.);
#1543=ORIENTED_EDGE('',*,*,#2509,.T.);
#1544=ORIENTED_EDGE('',*,*,#2563,.F.);
#1545=ORIENTED_EDGE('',*,*,#2513,.T.);
#1546=ORIENTED_EDGE('',*,*,#2578,.T.);
#1547=ORIENTED_EDGE('',*,*,#2499,.T.);
#1548=ORIENTED_EDGE('',*,*,#2579,.T.);
#1549=ORIENTED_EDGE('',*,*,#2503,.T.);
#1550=ORIENTED_EDGE('',*,*,#2564,.F.);
#1551=ORIENTED_EDGE('',*,*,#2501,.T.);
#1552=ORIENTED_EDGE('',*,*,#2580,.F.);
#1553=ORIENTED_EDGE('',*,*,#2581,.F.);
#1554=ORIENTED_EDGE('',*,*,#2582,.F.);
#1555=ORIENTED_EDGE('',*,*,#2583,.F.);
#1556=ORIENTED_EDGE('',*,*,#2445,.T.);
#1557=ORIENTED_EDGE('',*,*,#2584,.T.);
#1558=ORIENTED_EDGE('',*,*,#2438,.T.);
#1559=ORIENTED_EDGE('',*,*,#2585,.T.);
#1560=ORIENTED_EDGE('',*,*,#2431,.T.);
#1561=ORIENTED_EDGE('',*,*,#2586,.T.);
#1562=ORIENTED_EDGE('',*,*,#2587,.F.);
#1563=ORIENTED_EDGE('',*,*,#2588,.F.);
#1564=ORIENTED_EDGE('',*,*,#2589,.T.);
#1565=ORIENTED_EDGE('',*,*,#2590,.T.);
#1566=ORIENTED_EDGE('',*,*,#2591,.T.);
#1567=ORIENTED_EDGE('',*,*,#2592,.T.);
#1568=ORIENTED_EDGE('',*,*,#2576,.F.);
#1569=ORIENTED_EDGE('',*,*,#2504,.T.);
#1570=ORIENTED_EDGE('',*,*,#2579,.F.);
#1571=ORIENTED_EDGE('',*,*,#2500,.T.);
#1572=ORIENTED_EDGE('',*,*,#2578,.F.);
#1573=ORIENTED_EDGE('',*,*,#2512,.T.);
#1574=ORIENTED_EDGE('',*,*,#2577,.F.);
#1575=ORIENTED_EDGE('',*,*,#2508,.T.);
#1576=ORIENTED_EDGE('',*,*,#2581,.T.);
#1577=ORIENTED_EDGE('',*,*,#2593,.F.);
#1578=ORIENTED_EDGE('',*,*,#2592,.F.);
#1579=ORIENTED_EDGE('',*,*,#2594,.T.);
#1580=ORIENTED_EDGE('',*,*,#2582,.T.);
#1581=ORIENTED_EDGE('',*,*,#2594,.F.);
#1582=ORIENTED_EDGE('',*,*,#2591,.F.);
#1583=ORIENTED_EDGE('',*,*,#2595,.T.);
#1584=ORIENTED_EDGE('',*,*,#2583,.T.);
#1585=ORIENTED_EDGE('',*,*,#2595,.F.);
#1586=ORIENTED_EDGE('',*,*,#2590,.F.);
#1587=ORIENTED_EDGE('',*,*,#2596,.T.);
#1588=ORIENTED_EDGE('',*,*,#2580,.T.);
#1589=ORIENTED_EDGE('',*,*,#2596,.F.);
#1590=ORIENTED_EDGE('',*,*,#2589,.F.);
#1591=ORIENTED_EDGE('',*,*,#2593,.T.);
#1592=ORIENTED_EDGE('',*,*,#2391,.F.);
#1593=ORIENTED_EDGE('',*,*,#2388,.T.);
#1594=ORIENTED_EDGE('',*,*,#2396,.F.);
#1595=ORIENTED_EDGE('',*,*,#2376,.T.);
#1596=ORIENTED_EDGE('',*,*,#2395,.F.);
#1597=ORIENTED_EDGE('',*,*,#2380,.T.);
#1598=ORIENTED_EDGE('',*,*,#2393,.F.);
#1599=ORIENTED_EDGE('',*,*,#2384,.T.);
#1600=ORIENTED_EDGE('',*,*,#2566,.T.);
#1601=ORIENTED_EDGE('',*,*,#2332,.F.);
#1602=ORIENTED_EDGE('',*,*,#2597,.F.);
#1603=ORIENTED_EDGE('',*,*,#2342,.T.);
#1604=ORIENTED_EDGE('',*,*,#2476,.F.);
#1605=ORIENTED_EDGE('',*,*,#2340,.T.);
#1606=ORIENTED_EDGE('',*,*,#2598,.F.);
#1607=ORIENTED_EDGE('',*,*,#2517,.T.);
#1608=ORIENTED_EDGE('',*,*,#2599,.T.);
#1609=ORIENTED_EDGE('',*,*,#2362,.T.);
#1610=ORIENTED_EDGE('',*,*,#2600,.F.);
#1611=ORIENTED_EDGE('',*,*,#2497,.T.);
#1612=ORIENTED_EDGE('',*,*,#2601,.F.);
#1613=ORIENTED_EDGE('',*,*,#2367,.T.);
#1614=ORIENTED_EDGE('',*,*,#2369,.F.);
#1615=ORIENTED_EDGE('',*,*,#2373,.F.);
#1616=ORIENTED_EDGE('',*,*,#2363,.T.);
#1617=ORIENTED_EDGE('',*,*,#2599,.F.);
#1618=ORIENTED_EDGE('',*,*,#2496,.T.);
#1619=ORIENTED_EDGE('',*,*,#2602,.T.);
#1620=ORIENTED_EDGE('',*,*,#2561,.T.);
#1621=ORIENTED_EDGE('',*,*,#2558,.T.);
#1622=ORIENTED_EDGE('',*,*,#2555,.T.);
#1623=ORIENTED_EDGE('',*,*,#2549,.T.);
#1624=ORIENTED_EDGE('',*,*,#2544,.F.);
#1625=ORIENTED_EDGE('',*,*,#2541,.F.);
#1626=ORIENTED_EDGE('',*,*,#2537,.F.);
#1627=ORIENTED_EDGE('',*,*,#2192,.F.);
#1628=ORIENTED_EDGE('',*,*,#2603,.F.);
#1629=ORIENTED_EDGE('',*,*,#2336,.T.);
#1630=ORIENTED_EDGE('',*,*,#2569,.T.);
#1631=ORIENTED_EDGE('',*,*,#2559,.F.);
#1632=ORIENTED_EDGE('',*,*,#2602,.F.);
#1633=ORIENTED_EDGE('',*,*,#2495,.T.);
#1634=ORIENTED_EDGE('',*,*,#2604,.F.);
#1635=ORIENTED_EDGE('',*,*,#2350,.T.);
#1636=ORIENTED_EDGE('',*,*,#2485,.F.);
#1637=ORIENTED_EDGE('',*,*,#2348,.T.);
#1638=ORIENTED_EDGE('',*,*,#2605,.F.);
#1639=ORIENTED_EDGE('',*,*,#2220,.F.);
#1640=ORIENTED_EDGE('',*,*,#2462,.F.);
#1641=ORIENTED_EDGE('',*,*,#2217,.T.);
#1642=ORIENTED_EDGE('',*,*,#2606,.F.);
#1643=ORIENTED_EDGE('',*,*,#2354,.T.);
#1644=ORIENTED_EDGE('',*,*,#2467,.F.);
#1645=ORIENTED_EDGE('',*,*,#2360,.T.);
#1646=ORIENTED_EDGE('',*,*,#2607,.F.);
#1647=ORIENTED_EDGE('',*,*,#2324,.T.);
#1648=ORIENTED_EDGE('',*,*,#2567,.F.);
#1649=ORIENTED_EDGE('',*,*,#2535,.F.);
#1650=ORIENTED_EDGE('',*,*,#2608,.F.);
#1651=ORIENTED_EDGE('',*,*,#2609,.F.);
#1652=ORIENTED_EDGE('',*,*,#2447,.F.);
#1653=ORIENTED_EDGE('',*,*,#2199,.T.);
#1654=ORIENTED_EDGE('',*,*,#2610,.T.);
#1655=ORIENTED_EDGE('',*,*,#2450,.F.);
#1656=ORIENTED_EDGE('',*,*,#2207,.T.);
#1657=ORIENTED_EDGE('',*,*,#2611,.F.);
#1658=ORIENTED_EDGE('',*,*,#2368,.T.);
#1659=ORIENTED_EDGE('',*,*,#2601,.T.);
#1660=ORIENTED_EDGE('',*,*,#2540,.T.);
#1661=ORIENTED_EDGE('',*,*,#2568,.F.);
#1662=ORIENTED_EDGE('',*,*,#2319,.F.);
#1663=ORIENTED_EDGE('',*,*,#2612,.F.);
#1664=ORIENTED_EDGE('',*,*,#2202,.F.);
#1665=ORIENTED_EDGE('',*,*,#2206,.F.);
#1666=ORIENTED_EDGE('',*,*,#2210,.F.);
#1667=ORIENTED_EDGE('',*,*,#2613,.F.);
#1668=ORIENTED_EDGE('',*,*,#2614,.F.);
#1669=ORIENTED_EDGE('',*,*,#2610,.F.);
#1670=ORIENTED_EDGE('',*,*,#2198,.F.);
#1671=ORIENTED_EDGE('',*,*,#2615,.F.);
#1672=ORIENTED_EDGE('',*,*,#2203,.F.);
#1673=ORIENTED_EDGE('',*,*,#2612,.T.);
#1674=ORIENTED_EDGE('',*,*,#2318,.F.);
#1675=ORIENTED_EDGE('',*,*,#2322,.F.);
#1676=ORIENTED_EDGE('',*,*,#2325,.F.);
#1677=ORIENTED_EDGE('',*,*,#2607,.T.);
#1678=ORIENTED_EDGE('',*,*,#2359,.T.);
#1679=ORIENTED_EDGE('',*,*,#2471,.F.);
#1680=ORIENTED_EDGE('',*,*,#2473,.F.);
#1681=ORIENTED_EDGE('',*,*,#2475,.F.);
#1682=ORIENTED_EDGE('',*,*,#2355,.T.);
#1683=ORIENTED_EDGE('',*,*,#2606,.T.);
#1684=ORIENTED_EDGE('',*,*,#2216,.F.);
#1685=ORIENTED_EDGE('',*,*,#2213,.F.);
#1686=ORIENTED_EDGE('',*,*,#2616,.F.);
#1687=ORIENTED_EDGE('',*,*,#2617,.F.);
#1688=ORIENTED_EDGE('',*,*,#2466,.F.);
#1689=ORIENTED_EDGE('',*,*,#2224,.F.);
#1690=ORIENTED_EDGE('',*,*,#2618,.F.);
#1691=ORIENTED_EDGE('',*,*,#2221,.F.);
#1692=ORIENTED_EDGE('',*,*,#2608,.T.);
#1693=ORIENTED_EDGE('',*,*,#2534,.T.);
#1694=ORIENTED_EDGE('',*,*,#2531,.T.);
#1695=ORIENTED_EDGE('',*,*,#2528,.T.);
#1696=ORIENTED_EDGE('',*,*,#2524,.T.);
#1697=ORIENTED_EDGE('',*,*,#2256,.F.);
#1698=ORIENTED_EDGE('',*,*,#2619,.F.);
#1699=ORIENTED_EDGE('',*,*,#2260,.F.);
#1700=ORIENTED_EDGE('',*,*,#2262,.F.);
#1701=ORIENTED_EDGE('',*,*,#2527,.T.);
#1702=ORIENTED_EDGE('',*,*,#2521,.T.);
#1703=ORIENTED_EDGE('',*,*,#2518,.T.);
#1704=ORIENTED_EDGE('',*,*,#2514,.T.);
#1705=ORIENTED_EDGE('',*,*,#2598,.T.);
#1706=ORIENTED_EDGE('',*,*,#2339,.T.);
#1707=ORIENTED_EDGE('',*,*,#2480,.F.);
#1708=ORIENTED_EDGE('',*,*,#2482,.F.);
#1709=ORIENTED_EDGE('',*,*,#2484,.F.);
#1710=ORIENTED_EDGE('',*,*,#2343,.T.);
#1711=ORIENTED_EDGE('',*,*,#2597,.T.);
#1712=ORIENTED_EDGE('',*,*,#2331,.T.);
#1713=ORIENTED_EDGE('',*,*,#2327,.T.);
#1714=ORIENTED_EDGE('',*,*,#2334,.T.);
#1715=ORIENTED_EDGE('',*,*,#2605,.T.);
#1716=ORIENTED_EDGE('',*,*,#2347,.T.);
#1717=ORIENTED_EDGE('',*,*,#2489,.F.);
#1718=ORIENTED_EDGE('',*,*,#2491,.F.);
#1719=ORIENTED_EDGE('',*,*,#2493,.F.);
#1720=ORIENTED_EDGE('',*,*,#2351,.T.);
#1721=ORIENTED_EDGE('',*,*,#2604,.T.);
#1722=ORIENTED_EDGE('',*,*,#2494,.T.);
#1723=ORIENTED_EDGE('',*,*,#2600,.T.);
#1724=ORIENTED_EDGE('',*,*,#2361,.T.);
#1725=ORIENTED_EDGE('',*,*,#2372,.T.);
#1726=ORIENTED_EDGE('',*,*,#2370,.T.);
#1727=ORIENTED_EDGE('',*,*,#2365,.T.);
#1728=ORIENTED_EDGE('',*,*,#2611,.T.);
#1729=ORIENTED_EDGE('',*,*,#2458,.F.);
#1730=ORIENTED_EDGE('',*,*,#2620,.F.);
#1731=ORIENTED_EDGE('',*,*,#2621,.T.);
#1732=ORIENTED_EDGE('',*,*,#2588,.T.);
#1733=ORIENTED_EDGE('',*,*,#2622,.F.);
#1734=ORIENTED_EDGE('',*,*,#2194,.F.);
#1735=ORIENTED_EDGE('',*,*,#2587,.T.);
#1736=ORIENTED_EDGE('',*,*,#2621,.F.);
#1737=ORIENTED_EDGE('',*,*,#2193,.F.);
#1738=ORIENTED_EDGE('',*,*,#2622,.T.);
#1739=ORIENTED_EDGE('',*,*,#2449,.F.);
#1740=ORIENTED_EDGE('',*,*,#2623,.T.);
#1741=ORIENTED_EDGE('',*,*,#2613,.T.);
#1742=ORIENTED_EDGE('',*,*,#2209,.F.);
#1743=ORIENTED_EDGE('',*,*,#2448,.F.);
#1744=ORIENTED_EDGE('',*,*,#2609,.T.);
#1745=ORIENTED_EDGE('',*,*,#2614,.T.);
#1746=ORIENTED_EDGE('',*,*,#2623,.F.);
#1747=ORIENTED_EDGE('',*,*,#2461,.F.);
#1748=ORIENTED_EDGE('',*,*,#2624,.T.);
#1749=ORIENTED_EDGE('',*,*,#2616,.T.);
#1750=ORIENTED_EDGE('',*,*,#2212,.F.);
#1751=ORIENTED_EDGE('',*,*,#2460,.F.);
#1752=ORIENTED_EDGE('',*,*,#2465,.T.);
#1753=ORIENTED_EDGE('',*,*,#2617,.T.);
#1754=ORIENTED_EDGE('',*,*,#2624,.F.);
#1755=ORIENTED_EDGE('',*,*,#2454,.F.);
#1756=ORIENTED_EDGE('',*,*,#2456,.T.);
#1757=ORIENTED_EDGE('',*,*,#2620,.T.);
#1758=ORIENTED_EDGE('',*,*,#2457,.F.);
#1759=ORIENTED_EDGE('',*,*,#2584,.F.);
#1760=ORIENTED_EDGE('',*,*,#2444,.F.);
#1761=ORIENTED_EDGE('',*,*,#2625,.T.);
#1762=ORIENTED_EDGE('',*,*,#2446,.T.);
#1763=ORIENTED_EDGE('',*,*,#2625,.F.);
#1764=ORIENTED_EDGE('',*,*,#2440,.F.);
#1765=ORIENTED_EDGE('',*,*,#2464,.T.);
#1766=ORIENTED_EDGE('',*,*,#2442,.T.);
#1767=ORIENTED_EDGE('',*,*,#2585,.F.);
#1768=ORIENTED_EDGE('',*,*,#2437,.F.);
#1769=ORIENTED_EDGE('',*,*,#2626,.T.);
#1770=ORIENTED_EDGE('',*,*,#2439,.T.);
#1771=ORIENTED_EDGE('',*,*,#2626,.F.);
#1772=ORIENTED_EDGE('',*,*,#2433,.F.);
#1773=ORIENTED_EDGE('',*,*,#2455,.T.);
#1774=ORIENTED_EDGE('',*,*,#2435,.T.);
#1775=ORIENTED_EDGE('',*,*,#2586,.F.);
#1776=ORIENTED_EDGE('',*,*,#2430,.F.);
#1777=ORIENTED_EDGE('',*,*,#2627,.T.);
#1778=ORIENTED_EDGE('',*,*,#2432,.T.);
#1779=ORIENTED_EDGE('',*,*,#2627,.F.);
#1780=ORIENTED_EDGE('',*,*,#2426,.F.);
#1781=ORIENTED_EDGE('',*,*,#2452,.T.);
#1782=ORIENTED_EDGE('',*,*,#2428,.T.);
#1783=ORIENTED_EDGE('',*,*,#2550,.F.);
#1784=ORIENTED_EDGE('',*,*,#2415,.T.);
#1785=ORIENTED_EDGE('',*,*,#2403,.T.);
#1786=ORIENTED_EDGE('',*,*,#2424,.F.);
#1787=ORIENTED_EDGE('',*,*,#2316,.F.);
#1788=ORIENTED_EDGE('',*,*,#2315,.T.);
#1789=ORIENTED_EDGE('',*,*,#2628,.T.);
#1790=ORIENTED_EDGE('',*,*,#2628,.F.);
#1791=ORIENTED_EDGE('',*,*,#2312,.F.);
#1792=ORIENTED_EDGE('',*,*,#2629,.T.);
#1793=ORIENTED_EDGE('',*,*,#2314,.T.);
#1794=ORIENTED_EDGE('',*,*,#2629,.F.);
#1795=ORIENTED_EDGE('',*,*,#2308,.F.);
#1796=ORIENTED_EDGE('',*,*,#2570,.T.);
#1797=ORIENTED_EDGE('',*,*,#2310,.T.);
#1798=ORIENTED_EDGE('',*,*,#2307,.F.);
#1799=ORIENTED_EDGE('',*,*,#2306,.T.);
#1800=ORIENTED_EDGE('',*,*,#2630,.T.);
#1801=ORIENTED_EDGE('',*,*,#2630,.F.);
#1802=ORIENTED_EDGE('',*,*,#2303,.F.);
#1803=ORIENTED_EDGE('',*,*,#2631,.T.);
#1804=ORIENTED_EDGE('',*,*,#2305,.T.);
#1805=ORIENTED_EDGE('',*,*,#2631,.F.);
#1806=ORIENTED_EDGE('',*,*,#2299,.F.);
#1807=ORIENTED_EDGE('',*,*,#2571,.T.);
#1808=ORIENTED_EDGE('',*,*,#2301,.T.);
#1809=ORIENTED_EDGE('',*,*,#2298,.F.);
#1810=ORIENTED_EDGE('',*,*,#2297,.T.);
#1811=ORIENTED_EDGE('',*,*,#2632,.T.);
#1812=ORIENTED_EDGE('',*,*,#2632,.F.);
#1813=ORIENTED_EDGE('',*,*,#2294,.F.);
#1814=ORIENTED_EDGE('',*,*,#2633,.T.);
#1815=ORIENTED_EDGE('',*,*,#2296,.T.);
#1816=ORIENTED_EDGE('',*,*,#2633,.F.);
#1817=ORIENTED_EDGE('',*,*,#2290,.F.);
#1818=ORIENTED_EDGE('',*,*,#2572,.T.);
#1819=ORIENTED_EDGE('',*,*,#2292,.T.);
#1820=ORIENTED_EDGE('',*,*,#2289,.F.);
#1821=ORIENTED_EDGE('',*,*,#2288,.T.);
#1822=ORIENTED_EDGE('',*,*,#2634,.T.);
#1823=ORIENTED_EDGE('',*,*,#2634,.F.);
#1824=ORIENTED_EDGE('',*,*,#2285,.F.);
#1825=ORIENTED_EDGE('',*,*,#2635,.T.);
#1826=ORIENTED_EDGE('',*,*,#2287,.T.);
#1827=ORIENTED_EDGE('',*,*,#2635,.F.);
#1828=ORIENTED_EDGE('',*,*,#2281,.F.);
#1829=ORIENTED_EDGE('',*,*,#2573,.T.);
#1830=ORIENTED_EDGE('',*,*,#2283,.T.);
#1831=ORIENTED_EDGE('',*,*,#2280,.F.);
#1832=ORIENTED_EDGE('',*,*,#2279,.T.);
#1833=ORIENTED_EDGE('',*,*,#2636,.T.);
#1834=ORIENTED_EDGE('',*,*,#2636,.F.);
#1835=ORIENTED_EDGE('',*,*,#2276,.F.);
#1836=ORIENTED_EDGE('',*,*,#2637,.T.);
#1837=ORIENTED_EDGE('',*,*,#2278,.T.);
#1838=ORIENTED_EDGE('',*,*,#2637,.F.);
#1839=ORIENTED_EDGE('',*,*,#2272,.F.);
#1840=ORIENTED_EDGE('',*,*,#2574,.T.);
#1841=ORIENTED_EDGE('',*,*,#2274,.T.);
#1842=ORIENTED_EDGE('',*,*,#2271,.F.);
#1843=ORIENTED_EDGE('',*,*,#2270,.T.);
#1844=ORIENTED_EDGE('',*,*,#2638,.T.);
#1845=ORIENTED_EDGE('',*,*,#2638,.F.);
#1846=ORIENTED_EDGE('',*,*,#2267,.F.);
#1847=ORIENTED_EDGE('',*,*,#2639,.T.);
#1848=ORIENTED_EDGE('',*,*,#2269,.T.);
#1849=ORIENTED_EDGE('',*,*,#2639,.F.);
#1850=ORIENTED_EDGE('',*,*,#2263,.F.);
#1851=ORIENTED_EDGE('',*,*,#2575,.T.);
#1852=ORIENTED_EDGE('',*,*,#2265,.T.);
#1853=ORIENTED_EDGE('',*,*,#2252,.F.);
#1854=ORIENTED_EDGE('',*,*,#2258,.T.);
#1855=ORIENTED_EDGE('',*,*,#2619,.T.);
#1856=ORIENTED_EDGE('',*,*,#2255,.F.);
#1857=ORIENTED_EDGE('',*,*,#2248,.F.);
#1858=ORIENTED_EDGE('',*,*,#2247,.T.);
#1859=ORIENTED_EDGE('',*,*,#2640,.T.);
#1860=ORIENTED_EDGE('',*,*,#2640,.F.);
#1861=ORIENTED_EDGE('',*,*,#2244,.F.);
#1862=ORIENTED_EDGE('',*,*,#2641,.T.);
#1863=ORIENTED_EDGE('',*,*,#2246,.T.);
#1864=ORIENTED_EDGE('',*,*,#2641,.F.);
#1865=ORIENTED_EDGE('',*,*,#2240,.F.);
#1866=ORIENTED_EDGE('',*,*,#2254,.T.);
#1867=ORIENTED_EDGE('',*,*,#2242,.T.);
#1868=ORIENTED_EDGE('',*,*,#2551,.F.);
#1869=ORIENTED_EDGE('',*,*,#2237,.F.);
#1870=ORIENTED_EDGE('',*,*,#2642,.T.);
#1871=ORIENTED_EDGE('',*,*,#2239,.T.);
#1872=ORIENTED_EDGE('',*,*,#2642,.F.);
#1873=ORIENTED_EDGE('',*,*,#2233,.F.);
#1874=ORIENTED_EDGE('',*,*,#2407,.T.);
#1875=ORIENTED_EDGE('',*,*,#2235,.T.);
#1876=ORIENTED_EDGE('',*,*,#2552,.F.);
#1877=ORIENTED_EDGE('',*,*,#2230,.F.);
#1878=ORIENTED_EDGE('',*,*,#2643,.T.);
#1879=ORIENTED_EDGE('',*,*,#2232,.T.);
#1880=ORIENTED_EDGE('',*,*,#2643,.F.);
#1881=ORIENTED_EDGE('',*,*,#2226,.F.);
#1882=ORIENTED_EDGE('',*,*,#2408,.T.);
#1883=ORIENTED_EDGE('',*,*,#2228,.T.);
#1884=ORIENTED_EDGE('',*,*,#2463,.F.);
#1885=ORIENTED_EDGE('',*,*,#2218,.T.);
#1886=ORIENTED_EDGE('',*,*,#2618,.T.);
#1887=ORIENTED_EDGE('',*,*,#2223,.F.);
#1888=ORIENTED_EDGE('',*,*,#2451,.F.);
#1889=ORIENTED_EDGE('',*,*,#2200,.T.);
#1890=ORIENTED_EDGE('',*,*,#2615,.T.);
#1891=ORIENTED_EDGE('',*,*,#2197,.F.);
#1892=ORIENTED_EDGE('',*,*,#2195,.F.);
#1893=ORIENTED_EDGE('',*,*,#2189,.F.);
#1894=ORIENTED_EDGE('',*,*,#2603,.T.);
#1895=ORIENTED_EDGE('',*,*,#2191,.T.);
#1896=VERTEX_POINT('',#4542);
#1897=VERTEX_POINT('',#4543);
#1898=VERTEX_POINT('',#4545);
#1899=VERTEX_POINT('',#4547);
#1900=VERTEX_POINT('',#4551);
#1901=VERTEX_POINT('',#4552);
#1902=VERTEX_POINT('',#4557);
#1903=VERTEX_POINT('',#4558);
#1904=VERTEX_POINT('',#4560);
#1905=VERTEX_POINT('',#4562);
#1906=VERTEX_POINT('',#4566);
#1907=VERTEX_POINT('',#4567);
#1908=VERTEX_POINT('',#4569);
#1909=VERTEX_POINT('',#4571);
#1910=VERTEX_POINT('',#4575);
#1911=VERTEX_POINT('',#4576);
#1912=VERTEX_POINT('',#4578);
#1913=VERTEX_POINT('',#4580);
#1914=VERTEX_POINT('',#4584);
#1915=VERTEX_POINT('',#4586);
#1916=VERTEX_POINT('',#4590);
#1917=VERTEX_POINT('',#4591);
#1918=VERTEX_POINT('',#4593);
#1919=VERTEX_POINT('',#4595);
#1920=VERTEX_POINT('',#4599);
#1921=VERTEX_POINT('',#4601);
#1922=VERTEX_POINT('',#4605);
#1923=VERTEX_POINT('',#4606);
#1924=VERTEX_POINT('',#4608);
#1925=VERTEX_POINT('',#4610);
#1926=VERTEX_POINT('',#4614);
#1927=VERTEX_POINT('',#4615);
#1928=VERTEX_POINT('',#4617);
#1929=VERTEX_POINT('',#4619);
#1930=VERTEX_POINT('',#4623);
#1931=VERTEX_POINT('',#4624);
#1932=VERTEX_POINT('',#4626);
#1933=VERTEX_POINT('',#4628);
#1934=VERTEX_POINT('',#4632);
#1935=VERTEX_POINT('',#4634);
#1936=VERTEX_POINT('',#4638);
#1937=VERTEX_POINT('',#4639);
#1938=VERTEX_POINT('',#4641);
#1939=VERTEX_POINT('',#4643);
#1940=VERTEX_POINT('',#4647);
#1941=VERTEX_POINT('',#4649);
#1942=VERTEX_POINT('',#4653);
#1943=VERTEX_POINT('',#4654);
#1944=VERTEX_POINT('',#4656);
#1945=VERTEX_POINT('',#4658);
#1946=VERTEX_POINT('',#4662);
#1947=VERTEX_POINT('',#4664);
#1948=VERTEX_POINT('',#4668);
#1949=VERTEX_POINT('',#4672);
#1950=VERTEX_POINT('',#4673);
#1951=VERTEX_POINT('',#4675);
#1952=VERTEX_POINT('',#4677);
#1953=VERTEX_POINT('',#4679);
#1954=VERTEX_POINT('',#4684);
#1955=VERTEX_POINT('',#4686);
#1956=VERTEX_POINT('',#4690);
#1957=VERTEX_POINT('',#4692);
#1958=VERTEX_POINT('',#4696);
#1959=VERTEX_POINT('',#4700);
#1960=VERTEX_POINT('',#4701);
#1961=VERTEX_POINT('',#4703);
#1962=VERTEX_POINT('',#4705);
#1963=VERTEX_POINT('',#4709);
#1964=VERTEX_POINT('',#4711);
#1965=VERTEX_POINT('',#4715);
#1966=VERTEX_POINT('',#4719);
#1967=VERTEX_POINT('',#4720);
#1968=VERTEX_POINT('',#4722);
#1969=VERTEX_POINT('',#4724);
#1970=VERTEX_POINT('',#4728);
#1971=VERTEX_POINT('',#4730);
#1972=VERTEX_POINT('',#4734);
#1973=VERTEX_POINT('',#4738);
#1974=VERTEX_POINT('',#4739);
#1975=VERTEX_POINT('',#4741);
#1976=VERTEX_POINT('',#4743);
#1977=VERTEX_POINT('',#4747);
#1978=VERTEX_POINT('',#4749);
#1979=VERTEX_POINT('',#4753);
#1980=VERTEX_POINT('',#4757);
#1981=VERTEX_POINT('',#4758);
#1982=VERTEX_POINT('',#4760);
#1983=VERTEX_POINT('',#4762);
#1984=VERTEX_POINT('',#4766);
#1985=VERTEX_POINT('',#4768);
#1986=VERTEX_POINT('',#4772);
#1987=VERTEX_POINT('',#4776);
#1988=VERTEX_POINT('',#4777);
#1989=VERTEX_POINT('',#4779);
#1990=VERTEX_POINT('',#4781);
#1991=VERTEX_POINT('',#4785);
#1992=VERTEX_POINT('',#4787);
#1993=VERTEX_POINT('',#4791);
#1994=VERTEX_POINT('',#4795);
#1995=VERTEX_POINT('',#4796);
#1996=VERTEX_POINT('',#4798);
#1997=VERTEX_POINT('',#4800);
#1998=VERTEX_POINT('',#4804);
#1999=VERTEX_POINT('',#4806);
#2000=VERTEX_POINT('',#4810);
#2001=VERTEX_POINT('',#4814);
#2002=VERTEX_POINT('',#4815);
#2003=VERTEX_POINT('',#4817);
#2004=VERTEX_POINT('',#4819);
#2005=VERTEX_POINT('',#4823);
#2006=VERTEX_POINT('',#4824);
#2007=VERTEX_POINT('',#4829);
#2008=VERTEX_POINT('',#4830);
#2009=VERTEX_POINT('',#4835);
#2010=VERTEX_POINT('',#4836);
#2011=VERTEX_POINT('',#4838);
#2012=VERTEX_POINT('',#4840);
#2013=VERTEX_POINT('',#4844);
#2014=VERTEX_POINT('',#4846);
#2015=VERTEX_POINT('',#4850);
#2016=VERTEX_POINT('',#4852);
#2017=VERTEX_POINT('',#4856);
#2018=VERTEX_POINT('',#4857);
#2019=VERTEX_POINT('',#4859);
#2020=VERTEX_POINT('',#4861);
#2021=VERTEX_POINT('',#4865);
#2022=VERTEX_POINT('',#4866);
#2023=VERTEX_POINT('',#4868);
#2024=VERTEX_POINT('',#4870);
#2025=VERTEX_POINT('',#4874);
#2026=VERTEX_POINT('',#4875);
#2027=VERTEX_POINT('',#4877);
#2028=VERTEX_POINT('',#4879);
#2029=VERTEX_POINT('',#4883);
#2030=VERTEX_POINT('',#4884);
#2031=VERTEX_POINT('',#4886);
#2032=VERTEX_POINT('',#4888);
#2033=VERTEX_POINT('',#4892);
#2034=VERTEX_POINT('',#4893);
#2035=VERTEX_POINT('',#4895);
#2036=VERTEX_POINT('',#4897);
#2037=VERTEX_POINT('',#4901);
#2038=VERTEX_POINT('',#4902);
#2039=VERTEX_POINT('',#4904);
#2040=VERTEX_POINT('',#4906);
#2041=VERTEX_POINT('',#4910);
#2042=VERTEX_POINT('',#4911);
#2043=VERTEX_POINT('',#4913);
#2044=VERTEX_POINT('',#4915);
#2045=VERTEX_POINT('',#4919);
#2046=VERTEX_POINT('',#4920);
#2047=VERTEX_POINT('',#4922);
#2048=VERTEX_POINT('',#4924);
#2049=VERTEX_POINT('',#4928);
#2050=VERTEX_POINT('',#4930);
#2051=VERTEX_POINT('',#4937);
#2052=VERTEX_POINT('',#4938);
#2053=VERTEX_POINT('',#4940);
#2054=VERTEX_POINT('',#4942);
#2055=VERTEX_POINT('',#4946);
#2056=VERTEX_POINT('',#4947);
#2057=VERTEX_POINT('',#4949);
#2058=VERTEX_POINT('',#4951);
#2059=VERTEX_POINT('',#4955);
#2060=VERTEX_POINT('',#4956);
#2061=VERTEX_POINT('',#4958);
#2062=VERTEX_POINT('',#4960);
#2063=VERTEX_POINT('',#4964);
#2064=VERTEX_POINT('',#4965);
#2065=VERTEX_POINT('',#4967);
#2066=VERTEX_POINT('',#4969);
#2067=VERTEX_POINT('',#4985);
#2068=VERTEX_POINT('',#4986);
#2069=VERTEX_POINT('',#4988);
#2070=VERTEX_POINT('',#4990);
#2071=VERTEX_POINT('',#4992);
#2072=VERTEX_POINT('',#4994);
#2073=VERTEX_POINT('',#4996);
#2074=VERTEX_POINT('',#4998);
#2075=VERTEX_POINT('',#5000);
#2076=VERTEX_POINT('',#5006);
#2077=VERTEX_POINT('',#5008);
#2078=VERTEX_POINT('',#5012);
#2079=VERTEX_POINT('',#5014);
#2080=VERTEX_POINT('',#5018);
#2081=VERTEX_POINT('',#5020);
#2082=VERTEX_POINT('',#5024);
#2083=VERTEX_POINT('',#5026);
#2084=VERTEX_POINT('',#5036);
#2085=VERTEX_POINT('',#5040);
#2086=VERTEX_POINT('',#5041);
#2087=VERTEX_POINT('',#5043);
#2088=VERTEX_POINT('',#5045);
#2089=VERTEX_POINT('',#5049);
#2090=VERTEX_POINT('',#5051);
#2091=VERTEX_POINT('',#5055);
#2092=VERTEX_POINT('',#5056);
#2093=VERTEX_POINT('',#5058);
#2094=VERTEX_POINT('',#5060);
#2095=VERTEX_POINT('',#5064);
#2096=VERTEX_POINT('',#5066);
#2097=VERTEX_POINT('',#5070);
#2098=VERTEX_POINT('',#5071);
#2099=VERTEX_POINT('',#5073);
#2100=VERTEX_POINT('',#5075);
#2101=VERTEX_POINT('',#5079);
#2102=VERTEX_POINT('',#5081);
#2103=VERTEX_POINT('',#5085);
#2104=VERTEX_POINT('',#5087);
#2105=VERTEX_POINT('',#5094);
#2106=VERTEX_POINT('',#5095);
#2107=VERTEX_POINT('',#5100);
#2108=VERTEX_POINT('',#5102);
#2109=VERTEX_POINT('',#5106);
#2110=VERTEX_POINT('',#5108);
#2111=VERTEX_POINT('',#5115);
#2112=VERTEX_POINT('',#5120);
#2113=VERTEX_POINT('',#5122);
#2114=VERTEX_POINT('',#5126);
#2115=VERTEX_POINT('',#5130);
#2116=VERTEX_POINT('',#5137);
#2117=VERTEX_POINT('',#5139);
#2118=VERTEX_POINT('',#5143);
#2119=VERTEX_POINT('',#5147);
#2120=VERTEX_POINT('',#5154);
#2121=VERTEX_POINT('',#5156);
#2122=VERTEX_POINT('',#5160);
#2123=VERTEX_POINT('',#5164);
#2124=VERTEX_POINT('',#5170);
#2125=VERTEX_POINT('',#5171);
#2126=VERTEX_POINT('',#5173);
#2127=VERTEX_POINT('',#5175);
#2128=VERTEX_POINT('',#5179);
#2129=VERTEX_POINT('',#5180);
#2130=VERTEX_POINT('',#5182);
#2131=VERTEX_POINT('',#5184);
#2132=VERTEX_POINT('',#5188);
#2133=VERTEX_POINT('',#5189);
#2134=VERTEX_POINT('',#5191);
#2135=VERTEX_POINT('',#5193);
#2136=VERTEX_POINT('',#5197);
#2137=VERTEX_POINT('',#5198);
#2138=VERTEX_POINT('',#5200);
#2139=VERTEX_POINT('',#5202);
#2140=VERTEX_POINT('',#5206);
#2141=VERTEX_POINT('',#5207);
#2142=VERTEX_POINT('',#5209);
#2143=VERTEX_POINT('',#5211);
#2144=VERTEX_POINT('',#5215);
#2145=VERTEX_POINT('',#5216);
#2146=VERTEX_POINT('',#5218);
#2147=VERTEX_POINT('',#5220);
#2148=VERTEX_POINT('',#5224);
#2149=VERTEX_POINT('',#5226);
#2150=VERTEX_POINT('',#5230);
#2151=VERTEX_POINT('',#5232);
#2152=VERTEX_POINT('',#5236);
#2153=VERTEX_POINT('',#5238);
#2154=VERTEX_POINT('',#5243);
#2155=VERTEX_POINT('',#5245);
#2156=VERTEX_POINT('',#5249);
#2157=VERTEX_POINT('',#5251);
#2158=VERTEX_POINT('',#5255);
#2159=VERTEX_POINT('',#5257);
#2160=VERTEX_POINT('',#5261);
#2161=VERTEX_POINT('',#5262);
#2162=VERTEX_POINT('',#5264);
#2163=VERTEX_POINT('',#5266);
#2164=VERTEX_POINT('',#5270);
#2165=VERTEX_POINT('',#5272);
#2166=VERTEX_POINT('',#5276);
#2167=VERTEX_POINT('',#5278);
#2168=VERTEX_POINT('',#5282);
#2169=VERTEX_POINT('',#5283);
#2170=VERTEX_POINT('',#5291);
#2171=VERTEX_POINT('',#5292);
#2172=VERTEX_POINT('',#5297);
#2173=VERTEX_POINT('',#5298);
#2174=VERTEX_POINT('',#5303);
#2175=VERTEX_POINT('',#5304);
#2176=VERTEX_POINT('',#5332);
#2177=VERTEX_POINT('',#5333);
#2178=VERTEX_POINT('',#5335);
#2179=VERTEX_POINT('',#5337);
#2180=VERTEX_POINT('',#5343);
#2181=VERTEX_POINT('',#5344);
#2182=VERTEX_POINT('',#5348);
#2183=VERTEX_POINT('',#5349);
#2184=VERTEX_POINT('',#5351);
#2185=VERTEX_POINT('',#5353);
#2186=VERTEX_POINT('',#5382);
#2187=VERTEX_POINT('',#5389);
#2188=VERTEX_POINT('',#5393);
#2189=EDGE_CURVE('NONE',#1896,#1897,#2644,.T.);
#2190=EDGE_CURVE('NONE',#1898,#1897,#790,.T.);
#2191=EDGE_CURVE('NONE',#1899,#1898,#2645,.T.);
#2192=EDGE_CURVE('NONE',#1899,#1896,#791,.T.);
#2193=EDGE_CURVE('NONE',#1900,#1901,#792,.T.);
#2194=EDGE_CURVE('NONE',#1901,#1900,#793,.T.);
#2195=EDGE_CURVE('NONE',#1897,#1898,#794,.T.);
#2196=EDGE_CURVE('NONE',#1902,#1903,#2646,.T.);
#2197=EDGE_CURVE('NONE',#1902,#1904,#2647,.T.);
#2198=EDGE_CURVE('NONE',#1904,#1905,#2648,.T.);
#2199=EDGE_CURVE('NONE',#1903,#1905,#2649,.T.);
#2200=EDGE_CURVE('NONE',#1906,#1907,#2650,.T.);
#2201=EDGE_CURVE('NONE',#1908,#1906,#795,.T.);
#2202=EDGE_CURVE('NONE',#1908,#1909,#2651,.T.);
#2203=EDGE_CURVE('NONE',#1909,#1907,#796,.T.);
#2204=EDGE_CURVE('NONE',#1910,#1911,#797,.T.);
#2205=EDGE_CURVE('NONE',#1910,#1912,#2652,.T.);
#2206=EDGE_CURVE('NONE',#1912,#1913,#798,.T.);
#2207=EDGE_CURVE('NONE',#1911,#1913,#2653,.T.);
#2208=EDGE_CURVE('NONE',#1914,#1910,#2654,.T.);
#2209=EDGE_CURVE('NONE',#1914,#1915,#2655,.T.);
#2210=EDGE_CURVE('NONE',#1915,#1912,#2656,.T.);
#2211=EDGE_CURVE('NONE',#1916,#1917,#2657,.T.);
#2212=EDGE_CURVE('NONE',#1916,#1918,#2658,.T.);
#2213=EDGE_CURVE('NONE',#1918,#1919,#2659,.T.);
#2214=EDGE_CURVE('NONE',#1917,#1919,#2660,.T.);
#2215=EDGE_CURVE('NONE',#1917,#1920,#799,.T.);
#2216=EDGE_CURVE('NONE',#1919,#1921,#800,.T.);
#2217=EDGE_CURVE('NONE',#1920,#1921,#2661,.T.);
#2218=EDGE_CURVE('NONE',#1922,#1923,#2662,.T.);
#2219=EDGE_CURVE('NONE',#1924,#1922,#801,.T.);
#2220=EDGE_CURVE('NONE',#1924,#1925,#2663,.T.);
#2221=EDGE_CURVE('NONE',#1925,#1923,#802,.T.);
#2222=EDGE_CURVE('NONE',#1926,#1927,#2664,.T.);
#2223=EDGE_CURVE('NONE',#1926,#1928,#2665,.T.);
#2224=EDGE_CURVE('NONE',#1928,#1929,#2666,.T.);
#2225=EDGE_CURVE('NONE',#1927,#1929,#2667,.T.);
#2226=EDGE_CURVE('NONE',#1930,#1931,#2668,.T.);
#2227=EDGE_CURVE('NONE',#1932,#1931,#803,.T.);
#2228=EDGE_CURVE('NONE',#1933,#1932,#2669,.T.);
#2229=EDGE_CURVE('NONE',#1933,#1930,#804,.T.);
#2230=EDGE_CURVE('NONE',#1931,#1934,#2670,.T.);
#2231=EDGE_CURVE('NONE',#1935,#1934,#805,.T.);
#2232=EDGE_CURVE('NONE',#1932,#1935,#2671,.T.);
#2233=EDGE_CURVE('NONE',#1936,#1937,#2672,.T.);
#2234=EDGE_CURVE('NONE',#1938,#1937,#806,.T.);
#2235=EDGE_CURVE('NONE',#1939,#1938,#2673,.T.);
#2236=EDGE_CURVE('NONE',#1939,#1936,#807,.T.);
#2237=EDGE_CURVE('NONE',#1937,#1940,#2674,.T.);
#2238=EDGE_CURVE('NONE',#1941,#1940,#808,.T.);
#2239=EDGE_CURVE('NONE',#1938,#1941,#2675,.T.);
#2240=EDGE_CURVE('NONE',#1942,#1943,#2676,.T.);
#2241=EDGE_CURVE('NONE',#1944,#1943,#809,.T.);
#2242=EDGE_CURVE('NONE',#1945,#1944,#2677,.T.);
#2243=EDGE_CURVE('NONE',#1945,#1942,#810,.T.);
#2244=EDGE_CURVE('NONE',#1943,#1946,#2678,.T.);
#2245=EDGE_CURVE('NONE',#1947,#1946,#811,.T.);
#2246=EDGE_CURVE('NONE',#1944,#1947,#2679,.T.);
#2247=EDGE_CURVE('NONE',#1948,#1946,#2680,.T.);
#2248=EDGE_CURVE('NONE',#1948,#1947,#2681,.T.);
#2249=EDGE_CURVE('NONE',#1949,#1950,#2682,.T.);
#2250=EDGE_CURVE('NONE',#1950,#1951,#812,.T.);
#2251=EDGE_CURVE('NONE',#1951,#1952,#813,.T.);
#2252=EDGE_CURVE('NONE',#1952,#1953,#814,.T.);
#2253=EDGE_CURVE('NONE',#1953,#1949,#815,.T.);
#2254=EDGE_CURVE('NONE',#1942,#1945,#816,.T.);
#2255=EDGE_CURVE('NONE',#1953,#1954,#2683,.T.);
#2256=EDGE_CURVE('NONE',#1954,#1955,#817,.T.);
#2257=EDGE_CURVE('NONE',#1949,#1955,#2684,.T.);
#2258=EDGE_CURVE('NONE',#1952,#1956,#2685,.T.);
#2259=EDGE_CURVE('NONE',#1951,#1957,#2686,.T.);
#2260=EDGE_CURVE('NONE',#1957,#1956,#818,.T.);
#2261=EDGE_CURVE('NONE',#1950,#1958,#2687,.T.);
#2262=EDGE_CURVE('NONE',#1958,#1957,#819,.T.);
#2263=EDGE_CURVE('NONE',#1959,#1960,#2688,.T.);
#2264=EDGE_CURVE('NONE',#1961,#1960,#820,.T.);
#2265=EDGE_CURVE('NONE',#1962,#1961,#2689,.T.);
#2266=EDGE_CURVE('NONE',#1962,#1959,#821,.T.);
#2267=EDGE_CURVE('NONE',#1960,#1963,#2690,.T.);
#2268=EDGE_CURVE('NONE',#1964,#1963,#822,.T.);
#2269=EDGE_CURVE('NONE',#1961,#1964,#2691,.T.);
#2270=EDGE_CURVE('NONE',#1965,#1963,#2692,.T.);
#2271=EDGE_CURVE('NONE',#1965,#1964,#2693,.T.);
#2272=EDGE_CURVE('NONE',#1966,#1967,#2694,.T.);
#2273=EDGE_CURVE('NONE',#1968,#1967,#823,.T.);
#2274=EDGE_CURVE('NONE',#1969,#1968,#2695,.T.);
#2275=EDGE_CURVE('NONE',#1969,#1966,#824,.T.);
#2276=EDGE_CURVE('NONE',#1967,#1970,#2696,.T.);
#2277=EDGE_CURVE('NONE',#1971,#1970,#825,.T.);
#2278=EDGE_CURVE('NONE',#1968,#1971,#2697,.T.);
#2279=EDGE_CURVE('NONE',#1972,#1970,#2698,.T.);
#2280=EDGE_CURVE('NONE',#1972,#1971,#2699,.T.);
#2281=EDGE_CURVE('NONE',#1973,#1974,#2700,.T.);
#2282=EDGE_CURVE('NONE',#1975,#1974,#826,.T.);
#2283=EDGE_CURVE('NONE',#1976,#1975,#2701,.T.);
#2284=EDGE_CURVE('NONE',#1976,#1973,#827,.T.);
#2285=EDGE_CURVE('NONE',#1974,#1977,#2702,.T.);
#2286=EDGE_CURVE('NONE',#1978,#1977,#828,.T.);
#2287=EDGE_CURVE('NONE',#1975,#1978,#2703,.T.);
#2288=EDGE_CURVE('NONE',#1979,#1977,#2704,.T.);
#2289=EDGE_CURVE('NONE',#1979,#1978,#2705,.T.);
#2290=EDGE_CURVE('NONE',#1980,#1981,#2706,.T.);
#2291=EDGE_CURVE('NONE',#1982,#1981,#829,.T.);
#2292=EDGE_CURVE('NONE',#1983,#1982,#2707,.T.);
#2293=EDGE_CURVE('NONE',#1983,#1980,#830,.T.);
#2294=EDGE_CURVE('NONE',#1981,#1984,#2708,.T.);
#2295=EDGE_CURVE('NONE',#1985,#1984,#831,.T.);
#2296=EDGE_CURVE('NONE',#1982,#1985,#2709,.T.);
#2297=EDGE_CURVE('NONE',#1986,#1984,#2710,.T.);
#2298=EDGE_CURVE('NONE',#1986,#1985,#2711,.T.);
#2299=EDGE_CURVE('NONE',#1987,#1988,#2712,.T.);
#2300=EDGE_CURVE('NONE',#1989,#1988,#832,.T.);
#2301=EDGE_CURVE('NONE',#1990,#1989,#2713,.T.);
#2302=EDGE_CURVE('NONE',#1990,#1987,#833,.T.);
#2303=EDGE_CURVE('NONE',#1988,#1991,#2714,.T.);
#2304=EDGE_CURVE('NONE',#1992,#1991,#834,.T.);
#2305=EDGE_CURVE('NONE',#1989,#1992,#2715,.T.);
#2306=EDGE_CURVE('NONE',#1993,#1991,#2716,.T.);
#2307=EDGE_CURVE('NONE',#1993,#1992,#2717,.T.);
#2308=EDGE_CURVE('NONE',#1994,#1995,#2718,.T.);
#2309=EDGE_CURVE('NONE',#1996,#1995,#835,.T.);
#2310=EDGE_CURVE('NONE',#1997,#1996,#2719,.T.);
#2311=EDGE_CURVE('NONE',#1997,#1994,#836,.T.);
#2312=EDGE_CURVE('NONE',#1995,#1998,#2720,.T.);
#2313=EDGE_CURVE('NONE',#1999,#1998,#837,.T.);
#2314=EDGE_CURVE('NONE',#1996,#1999,#2721,.T.);
#2315=EDGE_CURVE('NONE',#2000,#1998,#2722,.T.);
#2316=EDGE_CURVE('NONE',#2000,#1999,#2723,.T.);
#2317=EDGE_CURVE('NONE',#2001,#2002,#2724,.T.);
#2318=EDGE_CURVE('NONE',#2001,#2003,#838,.T.);
#2319=EDGE_CURVE('NONE',#2003,#2004,#2725,.T.);
#2320=EDGE_CURVE('NONE',#2004,#2002,#839,.T.);
#2321=EDGE_CURVE('NONE',#2005,#2006,#2726,.T.);
#2322=EDGE_CURVE('NONE',#2005,#2001,#840,.T.);
#2323=EDGE_CURVE('NONE',#2002,#2006,#841,.T.);
#2324=EDGE_CURVE('NONE',#2007,#2008,#2727,.T.);
#2325=EDGE_CURVE('NONE',#2007,#2005,#842,.T.);
#2326=EDGE_CURVE('NONE',#2006,#2008,#843,.T.);
#2327=EDGE_CURVE('NONE',#2009,#2010,#844,.T.);
#2328=EDGE_CURVE('NONE',#2009,#2011,#2728,.T.);
#2329=EDGE_CURVE('NONE',#2012,#2011,#845,.T.);
#2330=EDGE_CURVE('NONE',#2010,#2012,#2729,.T.);
#2331=EDGE_CURVE('NONE',#2013,#2009,#846,.T.);
#2332=EDGE_CURVE('NONE',#2013,#2014,#2730,.T.);
#2333=EDGE_CURVE('NONE',#2011,#2014,#847,.T.);
#2334=EDGE_CURVE('NONE',#2010,#2015,#848,.T.);
#2335=EDGE_CURVE('NONE',#2016,#2012,#849,.T.);
#2336=EDGE_CURVE('NONE',#2015,#2016,#2731,.T.);
#2337=EDGE_CURVE('NONE',#2017,#2018,#850,.T.);
#2338=EDGE_CURVE('NONE',#2019,#2017,#2732,.T.);
#2339=EDGE_CURVE('NONE',#2020,#2019,#851,.T.);
#2340=EDGE_CURVE('NONE',#2018,#2020,#2733,.T.);
#2341=EDGE_CURVE('NONE',#2021,#2022,#852,.T.);
#2342=EDGE_CURVE('NONE',#2023,#2021,#2734,.T.);
#2343=EDGE_CURVE('NONE',#2024,#2023,#853,.T.);
#2344=EDGE_CURVE('NONE',#2022,#2024,#2735,.T.);
#2345=EDGE_CURVE('NONE',#2025,#2026,#854,.T.);
#2346=EDGE_CURVE('NONE',#2027,#2025,#2736,.T.);
#2347=EDGE_CURVE('NONE',#2028,#2027,#855,.T.);
#2348=EDGE_CURVE('NONE',#2026,#2028,#2737,.T.);
#2349=EDGE_CURVE('NONE',#2029,#2030,#856,.T.);
#2350=EDGE_CURVE('NONE',#2031,#2029,#2738,.T.);
#2351=EDGE_CURVE('NONE',#2032,#2031,#857,.T.);
#2352=EDGE_CURVE('NONE',#2030,#2032,#2739,.T.);
#2353=EDGE_CURVE('NONE',#2033,#2034,#858,.T.);
#2354=EDGE_CURVE('NONE',#2035,#2033,#2740,.T.);
#2355=EDGE_CURVE('NONE',#2036,#2035,#859,.T.);
#2356=EDGE_CURVE('NONE',#2034,#2036,#2741,.T.);
#2357=EDGE_CURVE('NONE',#2037,#2038,#860,.T.);
#2358=EDGE_CURVE('NONE',#2039,#2037,#2742,.T.);
#2359=EDGE_CURVE('NONE',#2040,#2039,#861,.T.);
#2360=EDGE_CURVE('NONE',#2038,#2040,#2743,.T.);
#2361=EDGE_CURVE('NONE',#2041,#2042,#862,.T.);
#2362=EDGE_CURVE('NONE',#2043,#2041,#2744,.T.);
#2363=EDGE_CURVE('NONE',#2044,#2043,#863,.T.);
#2364=EDGE_CURVE('NONE',#2042,#2044,#2745,.T.);
#2365=EDGE_CURVE('NONE',#2045,#2046,#864,.T.);
#2366=EDGE_CURVE('NONE',#2047,#2045,#2746,.T.);
#2367=EDGE_CURVE('NONE',#2048,#2047,#865,.T.);
#2368=EDGE_CURVE('NONE',#2046,#2048,#2747,.T.);
#2369=EDGE_CURVE('NONE',#2049,#2047,#2748,.T.);
#2370=EDGE_CURVE('NONE',#2050,#2045,#2749,.T.);
#2371=EDGE_CURVE('NONE',#2050,#2049,#2750,.T.);
#2372=EDGE_CURVE('NONE',#2042,#2050,#2751,.T.);
#2373=EDGE_CURVE('NONE',#2044,#2049,#2752,.T.);
#2374=EDGE_CURVE('NONE',#2051,#2052,#866,.T.);
#2375=EDGE_CURVE('NONE',#2053,#2051,#2753,.T.);
#2376=EDGE_CURVE('NONE',#2054,#2053,#867,.T.);
#2377=EDGE_CURVE('NONE',#2052,#2054,#2754,.T.);
#2378=EDGE_CURVE('NONE',#2055,#2056,#868,.T.);
#2379=EDGE_CURVE('NONE',#2057,#2055,#2755,.T.);
#2380=EDGE_CURVE('NONE',#2058,#2057,#869,.T.);
#2381=EDGE_CURVE('NONE',#2056,#2058,#2756,.T.);
#2382=EDGE_CURVE('NONE',#2059,#2060,#870,.T.);
#2383=EDGE_CURVE('NONE',#2061,#2059,#2757,.T.);
#2384=EDGE_CURVE('NONE',#2062,#2061,#871,.T.);
#2385=EDGE_CURVE('NONE',#2060,#2062,#2758,.T.);
#2386=EDGE_CURVE('NONE',#2063,#2064,#872,.T.);
#2387=EDGE_CURVE('NONE',#2065,#2063,#2759,.T.);
#2388=EDGE_CURVE('NONE',#2066,#2065,#873,.T.);
#2389=EDGE_CURVE('NONE',#2064,#2066,#2760,.T.);
#2390=EDGE_CURVE('NONE',#2064,#2059,#2761,.T.);
#2391=EDGE_CURVE('NONE',#2066,#2061,#2762,.T.);
#2392=EDGE_CURVE('NONE',#2060,#2055,#2763,.T.);
#2393=EDGE_CURVE('NONE',#2062,#2057,#2764,.T.);
#2394=EDGE_CURVE('NONE',#2056,#2051,#2765,.T.);
#2395=EDGE_CURVE('NONE',#2058,#2053,#2766,.T.);
#2396=EDGE_CURVE('NONE',#2054,#2065,#2767,.T.);
#2397=EDGE_CURVE('NONE',#2052,#2063,#2768,.T.);
#2398=EDGE_CURVE('NONE',#2067,#2068,#2769,.T.);
#2399=EDGE_CURVE('NONE',#2069,#2067,#874,.T.);
#2400=EDGE_CURVE('NONE',#2070,#2069,#2770,.T.);
#2401=EDGE_CURVE('NONE',#2071,#2070,#875,.T.);
#2402=EDGE_CURVE('NONE',#2072,#2071,#2771,.T.);
#2403=EDGE_CURVE('NONE',#2073,#2072,#876,.T.);
#2404=EDGE_CURVE('NONE',#2074,#2073,#877,.T.);
#2405=EDGE_CURVE('NONE',#2075,#2074,#2772,.T.);
#2406=EDGE_CURVE('NONE',#2068,#2075,#878,.T.);
#2407=EDGE_CURVE('NONE',#1936,#1939,#879,.T.);
#2408=EDGE_CURVE('NONE',#1930,#1933,#880,.T.);
#2409=EDGE_CURVE('NONE',#2071,#2076,#2773,.T.);
#2410=EDGE_CURVE('NONE',#2077,#2070,#2774,.T.);
#2411=EDGE_CURVE('NONE',#2076,#2077,#881,.T.);
#2412=EDGE_CURVE('NONE',#2069,#2078,#2775,.T.);
#2413=EDGE_CURVE('NONE',#2079,#2067,#2776,.T.);
#2414=EDGE_CURVE('NONE',#2078,#2079,#882,.T.);
#2415=EDGE_CURVE('NONE',#2080,#2073,#2777,.T.);
#2416=EDGE_CURVE('NONE',#2081,#2080,#883,.T.);
#2417=EDGE_CURVE('NONE',#2074,#2081,#2778,.T.);
#2418=EDGE_CURVE('NONE',#2068,#2082,#2779,.T.);
#2419=EDGE_CURVE('NONE',#2083,#2075,#2780,.T.);
#2420=EDGE_CURVE('NONE',#2082,#2083,#884,.T.);
#2421=EDGE_CURVE('NONE',#2081,#2083,#2781,.T.);
#2422=EDGE_CURVE('NONE',#2082,#2079,#2782,.T.);
#2423=EDGE_CURVE('NONE',#2078,#2077,#2783,.T.);
#2424=EDGE_CURVE('NONE',#2084,#2072,#2784,.T.);
#2425=EDGE_CURVE('NONE',#2076,#2084,#2785,.T.);
#2426=EDGE_CURVE('NONE',#2085,#2086,#2786,.T.);
#2427=EDGE_CURVE('NONE',#2087,#2086,#885,.T.);
#2428=EDGE_CURVE('NONE',#2088,#2087,#2787,.T.);
#2429=EDGE_CURVE('NONE',#2088,#2085,#886,.T.);
#2430=EDGE_CURVE('NONE',#2086,#2089,#2788,.T.);
#2431=EDGE_CURVE('NONE',#2090,#2089,#887,.T.);
#2432=EDGE_CURVE('NONE',#2087,#2090,#2789,.T.);
#2433=EDGE_CURVE('NONE',#2091,#2092,#2790,.T.);
#2434=EDGE_CURVE('NONE',#2093,#2092,#888,.T.);
#2435=EDGE_CURVE('NONE',#2094,#2093,#2791,.T.);
#2436=EDGE_CURVE('NONE',#2094,#2091,#889,.T.);
#2437=EDGE_CURVE('NONE',#2092,#2095,#2792,.T.);
#2438=EDGE_CURVE('NONE',#2096,#2095,#890,.T.);
#2439=EDGE_CURVE('NONE',#2093,#2096,#2793,.T.);
#2440=EDGE_CURVE('NONE',#2097,#2098,#2794,.T.);
#2441=EDGE_CURVE('NONE',#2099,#2098,#891,.T.);
#2442=EDGE_CURVE('NONE',#2100,#2099,#2795,.T.);
#2443=EDGE_CURVE('NONE',#2100,#2097,#892,.T.);
#2444=EDGE_CURVE('NONE',#2098,#2101,#2796,.T.);
#2445=EDGE_CURVE('NONE',#2102,#2101,#893,.T.);
#2446=EDGE_CURVE('NONE',#2099,#2102,#2797,.T.);
#2447=EDGE_CURVE('NONE',#1903,#2103,#894,.T.);
#2448=EDGE_CURVE('NONE',#2103,#2104,#895,.T.);
#2449=EDGE_CURVE('NONE',#2104,#1914,#896,.T.);
#2450=EDGE_CURVE('NONE',#1911,#1908,#2798,.T.);
#2451=EDGE_CURVE('NONE',#1906,#1902,#897,.T.);
#2452=EDGE_CURVE('NONE',#2085,#2088,#898,.T.);
#2453=EDGE_CURVE('NONE',#2105,#2106,#899,.T.);
#2454=EDGE_CURVE('NONE',#2106,#2105,#900,.T.);
#2455=EDGE_CURVE('NONE',#2091,#2094,#901,.T.);
#2456=EDGE_CURVE('NONE',#2106,#2107,#2799,.T.);
#2457=EDGE_CURVE('NONE',#2105,#2108,#2800,.T.);
#2458=EDGE_CURVE('NONE',#2108,#2107,#902,.T.);
#2459=EDGE_CURVE('NONE',#1927,#2109,#903,.T.);
#2460=EDGE_CURVE('NONE',#2109,#2110,#904,.T.);
#2461=EDGE_CURVE('NONE',#2110,#1916,#905,.T.);
#2462=EDGE_CURVE('NONE',#1920,#1924,#2801,.T.);
#2463=EDGE_CURVE('NONE',#1922,#1926,#906,.T.);
#2464=EDGE_CURVE('NONE',#2097,#2100,#907,.T.);
#2465=EDGE_CURVE('NONE',#2109,#2111,#2802,.T.);
#2466=EDGE_CURVE('NONE',#1929,#2111,#908,.T.);
#2467=EDGE_CURVE('NONE',#2038,#2033,#2803,.T.);
#2468=EDGE_CURVE('NONE',#2034,#2112,#2804,.T.);
#2469=EDGE_CURVE('NONE',#2112,#2113,#2805,.T.);
#2470=EDGE_CURVE('NONE',#2113,#2037,#2806,.T.);
#2471=EDGE_CURVE('NONE',#2114,#2039,#2807,.T.);
#2472=EDGE_CURVE('NONE',#2113,#2114,#2808,.T.);
#2473=EDGE_CURVE('NONE',#2115,#2114,#2809,.T.);
#2474=EDGE_CURVE('NONE',#2112,#2115,#2810,.T.);
#2475=EDGE_CURVE('NONE',#2036,#2115,#2811,.T.);
#2476=EDGE_CURVE('NONE',#2018,#2021,#2812,.T.);
#2477=EDGE_CURVE('NONE',#2022,#2116,#2813,.T.);
#2478=EDGE_CURVE('NONE',#2116,#2117,#2814,.T.);
#2479=EDGE_CURVE('NONE',#2117,#2017,#2815,.T.);
#2480=EDGE_CURVE('NONE',#2118,#2019,#2816,.T.);
#2481=EDGE_CURVE('NONE',#2117,#2118,#2817,.T.);
#2482=EDGE_CURVE('NONE',#2119,#2118,#2818,.T.);
#2483=EDGE_CURVE('NONE',#2116,#2119,#2819,.T.);
#2484=EDGE_CURVE('NONE',#2024,#2119,#2820,.T.);
#2485=EDGE_CURVE('NONE',#2026,#2029,#2821,.T.);
#2486=EDGE_CURVE('NONE',#2030,#2120,#2822,.T.);
#2487=EDGE_CURVE('NONE',#2120,#2121,#2823,.T.);
#2488=EDGE_CURVE('NONE',#2121,#2025,#2824,.T.);
#2489=EDGE_CURVE('NONE',#2122,#2027,#2825,.T.);
#2490=EDGE_CURVE('NONE',#2121,#2122,#2826,.T.);
#2491=EDGE_CURVE('NONE',#2123,#2122,#2827,.T.);
#2492=EDGE_CURVE('NONE',#2120,#2123,#2828,.T.);
#2493=EDGE_CURVE('NONE',#2032,#2123,#2829,.T.);
#2494=EDGE_CURVE('NONE',#2124,#2125,#909,.T.);
#2495=EDGE_CURVE('NONE',#2126,#2124,#2830,.T.);
#2496=EDGE_CURVE('NONE',#2127,#2126,#910,.T.);
#2497=EDGE_CURVE('NONE',#2125,#2127,#2831,.T.);
#2498=EDGE_CURVE('NONE',#2128,#2129,#911,.T.);
#2499=EDGE_CURVE('NONE',#2130,#2128,#2832,.T.);
#2500=EDGE_CURVE('NONE',#2131,#2130,#912,.T.);
#2501=EDGE_CURVE('NONE',#2129,#2131,#2833,.T.);
#2502=EDGE_CURVE('NONE',#2132,#2133,#913,.T.);
#2503=EDGE_CURVE('NONE',#2134,#2132,#2834,.T.);
#2504=EDGE_CURVE('NONE',#2135,#2134,#914,.T.);
#2505=EDGE_CURVE('NONE',#2133,#2135,#2835,.T.);
#2506=EDGE_CURVE('NONE',#2136,#2137,#915,.T.);
#2507=EDGE_CURVE('NONE',#2138,#2136,#2836,.T.);
#2508=EDGE_CURVE('NONE',#2139,#2138,#916,.T.);
#2509=EDGE_CURVE('NONE',#2137,#2139,#2837,.T.);
#2510=EDGE_CURVE('NONE',#2140,#2141,#917,.T.);
#2511=EDGE_CURVE('NONE',#2142,#2140,#2838,.T.);
#2512=EDGE_CURVE('NONE',#2143,#2142,#918,.T.);
#2513=EDGE_CURVE('NONE',#2141,#2143,#2839,.T.);
#2514=EDGE_CURVE('NONE',#2144,#2145,#919,.T.);
#2515=EDGE_CURVE('NONE',#2144,#2146,#2840,.T.);
#2516=EDGE_CURVE('NONE',#2147,#2146,#920,.T.);
#2517=EDGE_CURVE('NONE',#2145,#2147,#2841,.T.);
#2518=EDGE_CURVE('NONE',#2148,#2144,#921,.T.);
#2519=EDGE_CURVE('NONE',#2148,#2149,#2842,.T.);
#2520=EDGE_CURVE('NONE',#2146,#2149,#922,.T.);
#2521=EDGE_CURVE('NONE',#2150,#2148,#923,.T.);
#2522=EDGE_CURVE('NONE',#2150,#2151,#2843,.T.);
#2523=EDGE_CURVE('NONE',#2149,#2151,#924,.T.);
#2524=EDGE_CURVE('NONE',#2152,#1955,#2844,.T.);
#2525=EDGE_CURVE('NONE',#2152,#2153,#2845,.T.);
#2526=EDGE_CURVE('NONE',#2151,#2153,#2846,.T.);
#2527=EDGE_CURVE('NONE',#1958,#2150,#2847,.T.);
#2528=EDGE_CURVE('NONE',#2154,#2152,#925,.T.);
#2529=EDGE_CURVE('NONE',#2154,#2155,#2848,.T.);
#2530=EDGE_CURVE('NONE',#2155,#2153,#926,.T.);
#2531=EDGE_CURVE('NONE',#2156,#2154,#927,.T.);
#2532=EDGE_CURVE('NONE',#2156,#2157,#2849,.T.);
#2533=EDGE_CURVE('NONE',#2157,#2155,#928,.T.);
#2534=EDGE_CURVE('NONE',#2158,#2156,#929,.T.);
#2535=EDGE_CURVE('NONE',#2158,#2159,#2850,.T.);
#2536=EDGE_CURVE('NONE',#2159,#2157,#930,.T.);
#2537=EDGE_CURVE('NONE',#2160,#2161,#931,.T.);
#2538=EDGE_CURVE('NONE',#2161,#2162,#2851,.T.);
#2539=EDGE_CURVE('NONE',#2163,#2162,#932,.T.);
#2540=EDGE_CURVE('NONE',#2160,#2163,#2852,.T.);
#2541=EDGE_CURVE('NONE',#2161,#2164,#933,.T.);
#2542=EDGE_CURVE('NONE',#2164,#2165,#2853,.T.);
#2543=EDGE_CURVE('NONE',#2162,#2165,#934,.T.);
#2544=EDGE_CURVE('NONE',#2164,#2166,#935,.T.);
#2545=EDGE_CURVE('NONE',#2166,#2167,#2854,.T.);
#2546=EDGE_CURVE('NONE',#2165,#2167,#936,.T.);
#2547=EDGE_CURVE('NONE',#2168,#2169,#2855,.T.);
#2548=EDGE_CURVE('NONE',#2169,#2167,#2856,.T.);
#2549=EDGE_CURVE('NONE',#2168,#2166,#2857,.T.);
#2550=EDGE_CURVE('NONE',#2080,#2084,#937,.T.);
#2551=EDGE_CURVE('NONE',#1940,#1941,#938,.T.);
#2552=EDGE_CURVE('NONE',#1934,#1935,#939,.T.);
#2553=EDGE_CURVE('NONE',#2170,#2171,#2858,.T.);
#2554=EDGE_CURVE('NONE',#2171,#2169,#940,.T.);
#2555=EDGE_CURVE('NONE',#2170,#2168,#941,.T.);
#2556=EDGE_CURVE('NONE',#2172,#2173,#2859,.T.);
#2557=EDGE_CURVE('NONE',#2173,#2171,#942,.T.);
#2558=EDGE_CURVE('NONE',#2172,#2170,#943,.T.);
#2559=EDGE_CURVE('NONE',#2174,#2175,#2860,.T.);
#2560=EDGE_CURVE('NONE',#2175,#2173,#944,.T.);
#2561=EDGE_CURVE('NONE',#2174,#2172,#945,.T.);
#2562=EDGE_CURVE('NONE',#2137,#2140,#2861,.T.);
#2563=EDGE_CURVE('NONE',#2141,#2128,#2862,.T.);
#2564=EDGE_CURVE('NONE',#2129,#2132,#2863,.T.);
#2565=EDGE_CURVE('NONE',#2133,#2136,#2864,.T.);
#2566=EDGE_CURVE('NONE',#2147,#2014,#2865,.T.);
#2567=EDGE_CURVE('NONE',#2159,#2008,#2866,.T.);
#2568=EDGE_CURVE('NONE',#2004,#2163,#2867,.T.);
#2569=EDGE_CURVE('NONE',#2016,#2175,#2868,.T.);
#2570=EDGE_CURVE('NONE',#1994,#1997,#946,.T.);
#2571=EDGE_CURVE('NONE',#1987,#1990,#947,.T.);
#2572=EDGE_CURVE('NONE',#1980,#1983,#948,.T.);
#2573=EDGE_CURVE('NONE',#1973,#1976,#949,.T.);
#2574=EDGE_CURVE('NONE',#1966,#1969,#950,.T.);
#2575=EDGE_CURVE('NONE',#1959,#1962,#951,.T.);
#2576=EDGE_CURVE('NONE',#2135,#2138,#2869,.T.);
#2577=EDGE_CURVE('NONE',#2139,#2142,#2870,.T.);
#2578=EDGE_CURVE('NONE',#2143,#2130,#2871,.T.);
#2579=EDGE_CURVE('NONE',#2131,#2134,#2872,.T.);
#2580=EDGE_CURVE('NONE',#2176,#2177,#2873,.T.);
#2581=EDGE_CURVE('NONE',#2178,#2176,#2874,.T.);
#2582=EDGE_CURVE('NONE',#2179,#2178,#2875,.T.);
#2583=EDGE_CURVE('NONE',#2177,#2179,#2876,.T.);
#2584=EDGE_CURVE('NONE',#2101,#2102,#952,.T.);
#2585=EDGE_CURVE('NONE',#2095,#2096,#953,.T.);
#2586=EDGE_CURVE('NONE',#2089,#2090,#954,.T.);
#2587=EDGE_CURVE('NONE',#2180,#2181,#955,.T.);
#2588=EDGE_CURVE('NONE',#2181,#2180,#956,.T.);
#2589=EDGE_CURVE('NONE',#2182,#2183,#2877,.T.);
#2590=EDGE_CURVE('NONE',#2183,#2184,#2878,.T.);
#2591=EDGE_CURVE('NONE',#2184,#2185,#2879,.T.);
#2592=EDGE_CURVE('NONE',#2185,#2182,#2880,.T.);
#2593=EDGE_CURVE('NONE',#2182,#2176,#2881,.T.);
#2594=EDGE_CURVE('NONE',#2185,#2178,#2882,.T.);
#2595=EDGE_CURVE('NONE',#2184,#2179,#2883,.T.);
#2596=EDGE_CURVE('NONE',#2183,#2177,#2884,.T.);
#2597=EDGE_CURVE('NONE',#2023,#2013,#2885,.T.);
#2598=EDGE_CURVE('NONE',#2145,#2020,#2886,.T.);
#2599=EDGE_CURVE('NONE',#2127,#2043,#2887,.T.);
#2600=EDGE_CURVE('NONE',#2125,#2041,#2888,.T.);
#2601=EDGE_CURVE('NONE',#2048,#2160,#2889,.T.);
#2602=EDGE_CURVE('NONE',#2126,#2174,#2890,.T.);
#2603=EDGE_CURVE('NONE',#1896,#1899,#957,.T.);
#2604=EDGE_CURVE('NONE',#2031,#2124,#2891,.T.);
#2605=EDGE_CURVE('NONE',#2015,#2028,#2892,.T.);
#2606=EDGE_CURVE('NONE',#2035,#1921,#2893,.T.);
#2607=EDGE_CURVE('NONE',#2007,#2040,#2894,.T.);
#2608=EDGE_CURVE('NONE',#1925,#2158,#2895,.T.);
#2609=EDGE_CURVE('NONE',#2103,#2186,#2896,.T.);
#2610=EDGE_CURVE('NONE',#1905,#2186,#958,.T.);
#2611=EDGE_CURVE('NONE',#2046,#1913,#2897,.T.);
#2612=EDGE_CURVE('NONE',#1909,#2003,#2898,.T.);
#2613=EDGE_CURVE('NONE',#2187,#1915,#959,.T.);
#2614=EDGE_CURVE('NONE',#2186,#2187,#960,.T.);
#2615=EDGE_CURVE('NONE',#1907,#1904,#961,.T.);
#2616=EDGE_CURVE('NONE',#2188,#1918,#962,.T.);
#2617=EDGE_CURVE('NONE',#2111,#2188,#963,.T.);
#2618=EDGE_CURVE('NONE',#1923,#1928,#964,.T.);
#2619=EDGE_CURVE('NONE',#1956,#1954,#965,.T.);
#2620=EDGE_CURVE('NONE',#2107,#2108,#966,.T.);
#2621=EDGE_CURVE('NONE',#1901,#2181,#2899,.T.);
#2622=EDGE_CURVE('NONE',#1900,#2180,#2900,.T.);
#2623=EDGE_CURVE('NONE',#2104,#2187,#2901,.T.);
#2624=EDGE_CURVE('NONE',#2110,#2188,#2902,.T.);
#2625=EDGE_CURVE('NONE',#2098,#2099,#967,.T.);
#2626=EDGE_CURVE('NONE',#2092,#2093,#968,.T.);
#2627=EDGE_CURVE('NONE',#2086,#2087,#969,.T.);
#2628=EDGE_CURVE('NONE',#1998,#1999,#970,.T.);
#2629=EDGE_CURVE('NONE',#1995,#1996,#971,.T.);
#2630=EDGE_CURVE('NONE',#1991,#1992,#972,.T.);
#2631=EDGE_CURVE('NONE',#1988,#1989,#973,.T.);
#2632=EDGE_CURVE('NONE',#1984,#1985,#974,.T.);
#2633=EDGE_CURVE('NONE',#1981,#1982,#975,.T.);
#2634=EDGE_CURVE('NONE',#1977,#1978,#976,.T.);
#2635=EDGE_CURVE('NONE',#1974,#1975,#977,.T.);
#2636=EDGE_CURVE('NONE',#1970,#1971,#978,.T.);
#2637=EDGE_CURVE('NONE',#1967,#1968,#979,.T.);
#2638=EDGE_CURVE('NONE',#1963,#1964,#980,.T.);
#2639=EDGE_CURVE('NONE',#1960,#1961,#981,.T.);
#2640=EDGE_CURVE('NONE',#1946,#1947,#982,.T.);
#2641=EDGE_CURVE('NONE',#1943,#1944,#983,.T.);
#2642=EDGE_CURVE('NONE',#1937,#1938,#984,.T.);
#2643=EDGE_CURVE('NONE',#1931,#1932,#985,.T.);
#2644=LINE('',#4541,#2903);
#2645=LINE('',#4546,#2904);
#2646=LINE('',#4556,#2905);
#2647=LINE('',#4559,#2906);
#2648=LINE('',#4561,#2907);
#2649=LINE('',#4563,#2908);
#2650=LINE('',#4565,#2909);
#2651=LINE('',#4570,#2910);
#2652=LINE('',#4577,#2911);
#2653=LINE('',#4581,#2912);
#2654=LINE('',#4583,#2913);
#2655=LINE('',#4585,#2914);
#2656=LINE('',#4587,#2915);
#2657=LINE('',#4589,#2916);
#2658=LINE('',#4592,#2917);
#2659=LINE('',#4594,#2918);
#2660=LINE('',#4596,#2919);
#2661=LINE('',#4602,#2920);
#2662=LINE('',#4604,#2921);
#2663=LINE('',#4609,#2922);
#2664=LINE('',#4613,#2923);
#2665=LINE('',#4616,#2924);
#2666=LINE('',#4618,#2925);
#2667=LINE('',#4620,#2926);
#2668=LINE('',#4622,#2927);
#2669=LINE('',#4627,#2928);
#2670=LINE('',#4631,#2929);
#2671=LINE('',#4635,#2930);
#2672=LINE('',#4637,#2931);
#2673=LINE('',#4642,#2932);
#2674=LINE('',#4646,#2933);
#2675=LINE('',#4650,#2934);
#2676=LINE('',#4652,#2935);
#2677=LINE('',#4657,#2936);
#2678=LINE('',#4661,#2937);
#2679=LINE('',#4665,#2938);
#2680=LINE('',#4667,#2939);
#2681=LINE('',#4669,#2940);
#2682=LINE('',#4671,#2941);
#2683=LINE('',#4683,#2942);
#2684=LINE('',#4687,#2943);
#2685=LINE('',#4689,#2944);
#2686=LINE('',#4691,#2945);
#2687=LINE('',#4695,#2946);
#2688=LINE('',#4699,#2947);
#2689=LINE('',#4704,#2948);
#2690=LINE('',#4708,#2949);
#2691=LINE('',#4712,#2950);
#2692=LINE('',#4714,#2951);
#2693=LINE('',#4716,#2952);
#2694=LINE('',#4718,#2953);
#2695=LINE('',#4723,#2954);
#2696=LINE('',#4727,#2955);
#2697=LINE('',#4731,#2956);
#2698=LINE('',#4733,#2957);
#2699=LINE('',#4735,#2958);
#2700=LINE('',#4737,#2959);
#2701=LINE('',#4742,#2960);
#2702=LINE('',#4746,#2961);
#2703=LINE('',#4750,#2962);
#2704=LINE('',#4752,#2963);
#2705=LINE('',#4754,#2964);
#2706=LINE('',#4756,#2965);
#2707=LINE('',#4761,#2966);
#2708=LINE('',#4765,#2967);
#2709=LINE('',#4769,#2968);
#2710=LINE('',#4771,#2969);
#2711=LINE('',#4773,#2970);
#2712=LINE('',#4775,#2971);
#2713=LINE('',#4780,#2972);
#2714=LINE('',#4784,#2973);
#2715=LINE('',#4788,#2974);
#2716=LINE('',#4790,#2975);
#2717=LINE('',#4792,#2976);
#2718=LINE('',#4794,#2977);
#2719=LINE('',#4799,#2978);
#2720=LINE('',#4803,#2979);
#2721=LINE('',#4807,#2980);
#2722=LINE('',#4809,#2981);
#2723=LINE('',#4811,#2982);
#2724=LINE('',#4813,#2983);
#2725=LINE('',#4818,#2984);
#2726=LINE('',#4822,#2985);
#2727=LINE('',#4828,#2986);
#2728=LINE('',#4837,#2987);
#2729=LINE('',#4841,#2988);
#2730=LINE('',#4845,#2989);
#2731=LINE('',#4853,#2990);
#2732=LINE('',#4858,#2991);
#2733=LINE('',#4862,#2992);
#2734=LINE('',#4867,#2993);
#2735=LINE('',#4871,#2994);
#2736=LINE('',#4876,#2995);
#2737=LINE('',#4880,#2996);
#2738=LINE('',#4885,#2997);
#2739=LINE('',#4889,#2998);
#2740=LINE('',#4894,#2999);
#2741=LINE('',#4898,#3000);
#2742=LINE('',#4903,#3001);
#2743=LINE('',#4907,#3002);
#2744=LINE('',#4912,#3003);
#2745=LINE('',#4916,#3004);
#2746=LINE('',#4921,#3005);
#2747=LINE('',#4925,#3006);
#2748=LINE('',#4927,#3007);
#2749=LINE('',#4929,#3008);
#2750=LINE('',#4931,#3009);
#2751=LINE('',#4933,#3010);
#2752=LINE('',#4934,#3011);
#2753=LINE('',#4939,#3012);
#2754=LINE('',#4943,#3013);
#2755=LINE('',#4948,#3014);
#2756=LINE('',#4952,#3015);
#2757=LINE('',#4957,#3016);
#2758=LINE('',#4961,#3017);
#2759=LINE('',#4966,#3018);
#2760=LINE('',#4970,#3019);
#2761=LINE('',#4972,#3020);
#2762=LINE('',#4973,#3021);
#2763=LINE('',#4975,#3022);
#2764=LINE('',#4976,#3023);
#2765=LINE('',#4978,#3024);
#2766=LINE('',#4979,#3025);
#2767=LINE('',#4981,#3026);
#2768=LINE('',#4982,#3027);
#2769=LINE('',#4984,#3028);
#2770=LINE('',#4989,#3029);
#2771=LINE('',#4993,#3030);
#2772=LINE('',#4999,#3031);
#2773=LINE('',#5005,#3032);
#2774=LINE('',#5007,#3033);
#2775=LINE('',#5011,#3034);
#2776=LINE('',#5013,#3035);
#2777=LINE('',#5017,#3036);
#2778=LINE('',#5021,#3037);
#2779=LINE('',#5023,#3038);
#2780=LINE('',#5025,#3039);
#2781=LINE('',#5029,#3040);
#2782=LINE('',#5031,#3041);
#2783=LINE('',#5033,#3042);
#2784=LINE('',#5035,#3043);
#2785=LINE('',#5037,#3044);
#2786=LINE('',#5039,#3045);
#2787=LINE('',#5044,#3046);
#2788=LINE('',#5048,#3047);
#2789=LINE('',#5052,#3048);
#2790=LINE('',#5054,#3049);
#2791=LINE('',#5059,#3050);
#2792=LINE('',#5063,#3051);
#2793=LINE('',#5067,#3052);
#2794=LINE('',#5069,#3053);
#2795=LINE('',#5074,#3054);
#2796=LINE('',#5078,#3055);
#2797=LINE('',#5082,#3056);
#2798=LINE('',#5089,#3057);
#2799=LINE('',#5099,#3058);
#2800=LINE('',#5101,#3059);
#2801=LINE('',#5110,#3060);
#2802=LINE('',#5114,#3061);
#2803=LINE('',#5118,#3062);
#2804=LINE('',#5119,#3063);
#2805=LINE('',#5121,#3064);
#2806=LINE('',#5123,#3065);
#2807=LINE('',#5125,#3066);
#2808=LINE('',#5127,#3067);
#2809=LINE('',#5129,#3068);
#2810=LINE('',#5131,#3069);
#2811=LINE('',#5133,#3070);
#2812=LINE('',#5135,#3071);
#2813=LINE('',#5136,#3072);
#2814=LINE('',#5138,#3073);
#2815=LINE('',#5140,#3074);
#2816=LINE('',#5142,#3075);
#2817=LINE('',#5144,#3076);
#2818=LINE('',#5146,#3077);
#2819=LINE('',#5148,#3078);
#2820=LINE('',#5150,#3079);
#2821=LINE('',#5152,#3080);
#2822=LINE('',#5153,#3081);
#2823=LINE('',#5155,#3082);
#2824=LINE('',#5157,#3083);
#2825=LINE('',#5159,#3084);
#2826=LINE('',#5161,#3085);
#2827=LINE('',#5163,#3086);
#2828=LINE('',#5165,#3087);
#2829=LINE('',#5167,#3088);
#2830=LINE('',#5172,#3089);
#2831=LINE('',#5176,#3090);
#2832=LINE('',#5181,#3091);
#2833=LINE('',#5185,#3092);
#2834=LINE('',#5190,#3093);
#2835=LINE('',#5194,#3094);
#2836=LINE('',#5199,#3095);
#2837=LINE('',#5203,#3096);
#2838=LINE('',#5208,#3097);
#2839=LINE('',#5212,#3098);
#2840=LINE('',#5217,#3099);
#2841=LINE('',#5221,#3100);
#2842=LINE('',#5225,#3101);
#2843=LINE('',#5231,#3102);
#2844=LINE('',#5235,#3103);
#2845=LINE('',#5237,#3104);
#2846=LINE('',#5239,#3105);
#2847=LINE('',#5240,#3106);
#2848=LINE('',#5244,#3107);
#2849=LINE('',#5250,#3108);
#2850=LINE('',#5256,#3109);
#2851=LINE('',#5263,#3110);
#2852=LINE('',#5267,#3111);
#2853=LINE('',#5271,#3112);
#2854=LINE('',#5277,#3113);
#2855=LINE('',#5281,#3114);
#2856=LINE('',#5284,#3115);
#2857=LINE('',#5285,#3116);
#2858=LINE('',#5290,#3117);
#2859=LINE('',#5296,#3118);
#2860=LINE('',#5302,#3119);
#2861=LINE('',#5308,#3120);
#2862=LINE('',#5309,#3121);
#2863=LINE('',#5310,#3122);
#2864=LINE('',#5311,#3123);
#2865=LINE('',#5312,#3124);
#2866=LINE('',#5313,#3125);
#2867=LINE('',#5314,#3126);
#2868=LINE('',#5315,#3127);
#2869=LINE('',#5323,#3128);
#2870=LINE('',#5325,#3129);
#2871=LINE('',#5327,#3130);
#2872=LINE('',#5329,#3131);
#2873=LINE('',#5331,#3132);
#2874=LINE('',#5334,#3133);
#2875=LINE('',#5336,#3134);
#2876=LINE('',#5338,#3135);
#2877=LINE('',#5347,#3136);
#2878=LINE('',#5350,#3137);
#2879=LINE('',#5352,#3138);
#2880=LINE('',#5354,#3139);
#2881=LINE('',#5356,#3140);
#2882=LINE('',#5357,#3141);
#2883=LINE('',#5359,#3142);
#2884=LINE('',#5361,#3143);
#2885=LINE('',#5364,#3144);
#2886=LINE('',#5365,#3145);
#2887=LINE('',#5367,#3146);
#2888=LINE('',#5368,#3147);
#2889=LINE('',#5370,#3148);
#2890=LINE('',#5371,#3149);
#2891=LINE('',#5374,#3150);
#2892=LINE('',#5375,#3151);
#2893=LINE('',#5377,#3152);
#2894=LINE('',#5378,#3153);
#2895=LINE('',#5379,#3154);
#2896=LINE('',#5381,#3155);
#2897=LINE('',#5385,#3156);
#2898=LINE('',#5386,#3157);
#2899=LINE('',#5399,#3158);
#2900=LINE('',#5400,#3159);
#2901=LINE('',#5403,#3160);
#2902=LINE('',#5406,#3161);
#2903=VECTOR('',#3537,1.);
#2904=VECTOR('',#3540,1.);
#2905=VECTOR('',#3553,1.);
#2906=VECTOR('',#3554,1.);
#2907=VECTOR('',#3555,1.);
#2908=VECTOR('',#3556,1.);
#2909=VECTOR('',#3559,1.);
#2910=VECTOR('',#3562,1.);
#2911=VECTOR('',#3569,1.);
#2912=VECTOR('',#3572,1.);
#2913=VECTOR('',#3575,1.);
#2914=VECTOR('',#3576,1.);
#2915=VECTOR('',#3577,1.);
#2916=VECTOR('',#3580,1.);
#2917=VECTOR('',#3581,1.);
#2918=VECTOR('',#3582,1.);
#2919=VECTOR('',#3583,1.);
#2920=VECTOR('',#3590,1.);
#2921=VECTOR('',#3593,1.);
#2922=VECTOR('',#3596,1.);
#2923=VECTOR('',#3601,1.);
#2924=VECTOR('',#3602,1.);
#2925=VECTOR('',#3603,1.);
#2926=VECTOR('',#3604,1.);
#2927=VECTOR('',#3607,1.);
#2928=VECTOR('',#3610,1.);
#2929=VECTOR('',#3615,1.);
#2930=VECTOR('',#3618,1.);
#2931=VECTOR('',#3621,1.);
#2932=VECTOR('',#3624,1.);
#2933=VECTOR('',#3629,1.);
#2934=VECTOR('',#3632,1.);
#2935=VECTOR('',#3635,1.);
#2936=VECTOR('',#3638,1.);
#2937=VECTOR('',#3643,1.);
#2938=VECTOR('',#3646,1.);
#2939=VECTOR('',#3649,1.);
#2940=VECTOR('',#3650,1.);
#2941=VECTOR('',#3653,1.);
#2942=VECTOR('',#3666,1.);
#2943=VECTOR('',#3669,1.);
#2944=VECTOR('',#3672,1.);
#2945=VECTOR('',#3673,1.);
#2946=VECTOR('',#3678,1.);
#2947=VECTOR('',#3683,1.);
#2948=VECTOR('',#3686,1.);
#2949=VECTOR('',#3691,1.);
#2950=VECTOR('',#3694,1.);
#2951=VECTOR('',#3697,1.);
#2952=VECTOR('',#3698,1.);
#2953=VECTOR('',#3701,1.);
#2954=VECTOR('',#3704,1.);
#2955=VECTOR('',#3709,1.);
#2956=VECTOR('',#3712,1.);
#2957=VECTOR('',#3715,1.);
#2958=VECTOR('',#3716,1.);
#2959=VECTOR('',#3719,1.);
#2960=VECTOR('',#3722,1.);
#2961=VECTOR('',#3727,1.);
#2962=VECTOR('',#3730,1.);
#2963=VECTOR('',#3733,1.);
#2964=VECTOR('',#3734,1.);
#2965=VECTOR('',#3737,1.);
#2966=VECTOR('',#3740,1.);
#2967=VECTOR('',#3745,1.);
#2968=VECTOR('',#3748,1.);
#2969=VECTOR('',#3751,1.);
#2970=VECTOR('',#3752,1.);
#2971=VECTOR('',#3755,1.);
#2972=VECTOR('',#3758,1.);
#2973=VECTOR('',#3763,1.);
#2974=VECTOR('',#3766,1.);
#2975=VECTOR('',#3769,1.);
#2976=VECTOR('',#3770,1.);
#2977=VECTOR('',#3773,1.);
#2978=VECTOR('',#3776,1.);
#2979=VECTOR('',#3781,1.);
#2980=VECTOR('',#3784,1.);
#2981=VECTOR('',#3787,1.);
#2982=VECTOR('',#3788,1.);
#2983=VECTOR('',#3791,1.);
#2984=VECTOR('',#3794,1.);
#2985=VECTOR('',#3799,1.);
#2986=VECTOR('',#3806,1.);
#2987=VECTOR('',#3815,1.);
#2988=VECTOR('',#3818,1.);
#2989=VECTOR('',#3823,1.);
#2990=VECTOR('',#3832,1.);
#2991=VECTOR('',#3837,1.);
#2992=VECTOR('',#3840,1.);
#2993=VECTOR('',#3845,1.);
#2994=VECTOR('',#3848,1.);
#2995=VECTOR('',#3853,1.);
#2996=VECTOR('',#3856,1.);
#2997=VECTOR('',#3861,1.);
#2998=VECTOR('',#3864,1.);
#2999=VECTOR('',#3869,1.);
#3000=VECTOR('',#3872,1.);
#3001=VECTOR('',#3877,1.);
#3002=VECTOR('',#3880,1.);
#3003=VECTOR('',#3885,1.);
#3004=VECTOR('',#3888,1.);
#3005=VECTOR('',#3893,1.);
#3006=VECTOR('',#3896,1.);
#3007=VECTOR('',#3899,1.);
#3008=VECTOR('',#3900,1.);
#3009=VECTOR('',#3901,1.);
#3010=VECTOR('',#3904,1.);
#3011=VECTOR('',#3905,1.);
#3012=VECTOR('',#3910,1.);
#3013=VECTOR('',#3913,1.);
#3014=VECTOR('',#3918,1.);
#3015=VECTOR('',#3921,1.);
#3016=VECTOR('',#3926,1.);
#3017=VECTOR('',#3929,1.);
#3018=VECTOR('',#3934,1.);
#3019=VECTOR('',#3937,1.);
#3020=VECTOR('',#3940,1.);
#3021=VECTOR('',#3941,1.);
#3022=VECTOR('',#3944,1.);
#3023=VECTOR('',#3945,1.);
#3024=VECTOR('',#3948,1.);
#3025=VECTOR('',#3949,1.);
#3026=VECTOR('',#3952,1.);
#3027=VECTOR('',#3953,1.);
#3028=VECTOR('',#3956,1.);
#3029=VECTOR('',#3959,1.);
#3030=VECTOR('',#3962,1.);
#3031=VECTOR('',#3967,1.);
#3032=VECTOR('',#3976,1.);
#3033=VECTOR('',#3977,1.);
#3034=VECTOR('',#3982,1.);
#3035=VECTOR('',#3983,1.);
#3036=VECTOR('',#3988,1.);
#3037=VECTOR('',#3991,1.);
#3038=VECTOR('',#3994,1.);
#3039=VECTOR('',#3995,1.);
#3040=VECTOR('',#4000,1.);
#3041=VECTOR('',#4003,1.);
#3042=VECTOR('',#4006,1.);
#3043=VECTOR('',#4009,1.);
#3044=VECTOR('',#4010,1.);
#3045=VECTOR('',#4013,1.);
#3046=VECTOR('',#4016,1.);
#3047=VECTOR('',#4021,1.);
#3048=VECTOR('',#4024,1.);
#3049=VECTOR('',#4027,1.);
#3050=VECTOR('',#4030,1.);
#3051=VECTOR('',#4035,1.);
#3052=VECTOR('',#4038,1.);
#3053=VECTOR('',#4041,1.);
#3054=VECTOR('',#4044,1.);
#3055=VECTOR('',#4049,1.);
#3056=VECTOR('',#4052,1.);
#3057=VECTOR('',#4061,1.);
#3058=VECTOR('',#4076,1.);
#3059=VECTOR('',#4077,1.);
#3060=VECTOR('',#4088,1.);
#3061=VECTOR('',#4095,1.);
#3062=VECTOR('',#4100,1.);
#3063=VECTOR('',#4101,1.);
#3064=VECTOR('',#4102,1.);
#3065=VECTOR('',#4103,1.);
#3066=VECTOR('',#4106,1.);
#3067=VECTOR('',#4107,1.);
#3068=VECTOR('',#4110,1.);
#3069=VECTOR('',#4111,1.);
#3070=VECTOR('',#4114,1.);
#3071=VECTOR('',#4117,1.);
#3072=VECTOR('',#4118,1.);
#3073=VECTOR('',#4119,1.);
#3074=VECTOR('',#4120,1.);
#3075=VECTOR('',#4123,1.);
#3076=VECTOR('',#4124,1.);
#3077=VECTOR('',#4127,1.);
#3078=VECTOR('',#4128,1.);
#3079=VECTOR('',#4131,1.);
#3080=VECTOR('',#4134,1.);
#3081=VECTOR('',#4135,1.);
#3082=VECTOR('',#4136,1.);
#3083=VECTOR('',#4137,1.);
#3084=VECTOR('',#4140,1.);
#3085=VECTOR('',#4141,1.);
#3086=VECTOR('',#4144,1.);
#3087=VECTOR('',#4145,1.);
#3088=VECTOR('',#4148,1.);
#3089=VECTOR('',#4153,1.);
#3090=VECTOR('',#4156,1.);
#3091=VECTOR('',#4161,1.);
#3092=VECTOR('',#4164,1.);
#3093=VECTOR('',#4169,1.);
#3094=VECTOR('',#4172,1.);
#3095=VECTOR('',#4177,1.);
#3096=VECTOR('',#4180,1.);
#3097=VECTOR('',#4185,1.);
#3098=VECTOR('',#4188,1.);
#3099=VECTOR('',#4193,1.);
#3100=VECTOR('',#4196,1.);
#3101=VECTOR('',#4201,1.);
#3102=VECTOR('',#4208,1.);
#3103=VECTOR('',#4213,1.);
#3104=VECTOR('',#4214,1.);
#3105=VECTOR('',#4215,1.);
#3106=VECTOR('',#4216,1.);
#3107=VECTOR('',#4221,1.);
#3108=VECTOR('',#4228,1.);
#3109=VECTOR('',#4235,1.);
#3110=VECTOR('',#4242,1.);
#3111=VECTOR('',#4245,1.);
#3112=VECTOR('',#4250,1.);
#3113=VECTOR('',#4257,1.);
#3114=VECTOR('',#4262,1.);
#3115=VECTOR('',#4263,1.);
#3116=VECTOR('',#4264,1.);
#3117=VECTOR('',#4273,1.);
#3118=VECTOR('',#4280,1.);
#3119=VECTOR('',#4287,1.);
#3120=VECTOR('',#4294,1.);
#3121=VECTOR('',#4295,1.);
#3122=VECTOR('',#4296,1.);
#3123=VECTOR('',#4297,1.);
#3124=VECTOR('',#4298,1.);
#3125=VECTOR('',#4299,1.);
#3126=VECTOR('',#4300,1.);
#3127=VECTOR('',#4301,1.);
#3128=VECTOR('',#4316,1.);
#3129=VECTOR('',#4319,1.);
#3130=VECTOR('',#4322,1.);
#3131=VECTOR('',#4325,1.);
#3132=VECTOR('',#4328,1.);
#3133=VECTOR('',#4329,1.);
#3134=VECTOR('',#4330,1.);
#3135=VECTOR('',#4331,1.);
#3136=VECTOR('',#4344,1.);
#3137=VECTOR('',#4345,1.);
#3138=VECTOR('',#4346,1.);
#3139=VECTOR('',#4347,1.);
#3140=VECTOR('',#4350,1.);
#3141=VECTOR('',#4351,1.);
#3142=VECTOR('',#4354,1.);
#3143=VECTOR('',#4357,1.);
#3144=VECTOR('',#4362,1.);
#3145=VECTOR('',#4363,1.);
#3146=VECTOR('',#4366,1.);
#3147=VECTOR('',#4367,1.);
#3148=VECTOR('',#4370,1.);
#3149=VECTOR('',#4371,1.);
#3150=VECTOR('',#4376,1.);
#3151=VECTOR('',#4377,1.);
#3152=VECTOR('',#4380,1.);
#3153=VECTOR('',#4381,1.);
#3154=VECTOR('',#4382,1.);
#3155=VECTOR('',#4385,1.);
#3156=VECTOR('',#4390,1.);
#3157=VECTOR('',#4391,1.);
#3158=VECTOR('',#4412,1.);
#3159=VECTOR('',#4413,1.);
#3160=VECTOR('',#4418,1.);
#3161=VECTOR('',#4423,1.);
#3162=AXIS2_PLACEMENT_3D('',#4540,#3535,#3536);
#3163=AXIS2_PLACEMENT_3D('',#4544,#3538,#3539);
#3164=AXIS2_PLACEMENT_3D('',#4548,#3541,#3542);
#3165=AXIS2_PLACEMENT_3D('',#4549,#3543,#3544);
#3166=AXIS2_PLACEMENT_3D('',#4550,#3545,#3546);
#3167=AXIS2_PLACEMENT_3D('',#4553,#3547,#3548);
#3168=AXIS2_PLACEMENT_3D('',#4554,#3549,#3550);
#3169=AXIS2_PLACEMENT_3D('',#4555,#3551,#3552);
#3170=AXIS2_PLACEMENT_3D('',#4564,#3557,#3558);
#3171=AXIS2_PLACEMENT_3D('',#4568,#3560,#3561);
#3172=AXIS2_PLACEMENT_3D('',#4572,#3563,#3564);
#3173=AXIS2_PLACEMENT_3D('',#4573,#3565,#3566);
#3174=AXIS2_PLACEMENT_3D('',#4574,#3567,#3568);
#3175=AXIS2_PLACEMENT_3D('',#4579,#3570,#3571);
#3176=AXIS2_PLACEMENT_3D('',#4582,#3573,#3574);
#3177=AXIS2_PLACEMENT_3D('',#4588,#3578,#3579);
#3178=AXIS2_PLACEMENT_3D('',#4597,#3584,#3585);
#3179=AXIS2_PLACEMENT_3D('',#4598,#3586,#3587);
#3180=AXIS2_PLACEMENT_3D('',#4600,#3588,#3589);
#3181=AXIS2_PLACEMENT_3D('',#4603,#3591,#3592);
#3182=AXIS2_PLACEMENT_3D('',#4607,#3594,#3595);
#3183=AXIS2_PLACEMENT_3D('',#4611,#3597,#3598);
#3184=AXIS2_PLACEMENT_3D('',#4612,#3599,#3600);
#3185=AXIS2_PLACEMENT_3D('',#4621,#3605,#3606);
#3186=AXIS2_PLACEMENT_3D('',#4625,#3608,#3609);
#3187=AXIS2_PLACEMENT_3D('',#4629,#3611,#3612);
#3188=AXIS2_PLACEMENT_3D('',#4630,#3613,#3614);
#3189=AXIS2_PLACEMENT_3D('',#4633,#3616,#3617);
#3190=AXIS2_PLACEMENT_3D('',#4636,#3619,#3620);
#3191=AXIS2_PLACEMENT_3D('',#4640,#3622,#3623);
#3192=AXIS2_PLACEMENT_3D('',#4644,#3625,#3626);
#3193=AXIS2_PLACEMENT_3D('',#4645,#3627,#3628);
#3194=AXIS2_PLACEMENT_3D('',#4648,#3630,#3631);
#3195=AXIS2_PLACEMENT_3D('',#4651,#3633,#3634);
#3196=AXIS2_PLACEMENT_3D('',#4655,#3636,#3637);
#3197=AXIS2_PLACEMENT_3D('',#4659,#3639,#3640);
#3198=AXIS2_PLACEMENT_3D('',#4660,#3641,#3642);
#3199=AXIS2_PLACEMENT_3D('',#4663,#3644,#3645);
#3200=AXIS2_PLACEMENT_3D('',#4666,#3647,#3648);
#3201=AXIS2_PLACEMENT_3D('',#4670,#3651,#3652);
#3202=AXIS2_PLACEMENT_3D('',#4674,#3654,#3655);
#3203=AXIS2_PLACEMENT_3D('',#4676,#3656,#3657);
#3204=AXIS2_PLACEMENT_3D('',#4678,#3658,#3659);
#3205=AXIS2_PLACEMENT_3D('',#4680,#3660,#3661);
#3206=AXIS2_PLACEMENT_3D('',#4681,#3662,#3663);
#3207=AXIS2_PLACEMENT_3D('',#4682,#3664,#3665);
#3208=AXIS2_PLACEMENT_3D('',#4685,#3667,#3668);
#3209=AXIS2_PLACEMENT_3D('',#4688,#3670,#3671);
#3210=AXIS2_PLACEMENT_3D('',#4693,#3674,#3675);
#3211=AXIS2_PLACEMENT_3D('',#4694,#3676,#3677);
#3212=AXIS2_PLACEMENT_3D('',#4697,#3679,#3680);
#3213=AXIS2_PLACEMENT_3D('',#4698,#3681,#3682);
#3214=AXIS2_PLACEMENT_3D('',#4702,#3684,#3685);
#3215=AXIS2_PLACEMENT_3D('',#4706,#3687,#3688);
#3216=AXIS2_PLACEMENT_3D('',#4707,#3689,#3690);
#3217=AXIS2_PLACEMENT_3D('',#4710,#3692,#3693);
#3218=AXIS2_PLACEMENT_3D('',#4713,#3695,#3696);
#3219=AXIS2_PLACEMENT_3D('',#4717,#3699,#3700);
#3220=AXIS2_PLACEMENT_3D('',#4721,#3702,#3703);
#3221=AXIS2_PLACEMENT_3D('',#4725,#3705,#3706);
#3222=AXIS2_PLACEMENT_3D('',#4726,#3707,#3708);
#3223=AXIS2_PLACEMENT_3D('',#4729,#3710,#3711);
#3224=AXIS2_PLACEMENT_3D('',#4732,#3713,#3714);
#3225=AXIS2_PLACEMENT_3D('',#4736,#3717,#3718);
#3226=AXIS2_PLACEMENT_3D('',#4740,#3720,#3721);
#3227=AXIS2_PLACEMENT_3D('',#4744,#3723,#3724);
#3228=AXIS2_PLACEMENT_3D('',#4745,#3725,#3726);
#3229=AXIS2_PLACEMENT_3D('',#4748,#3728,#3729);
#3230=AXIS2_PLACEMENT_3D('',#4751,#3731,#3732);
#3231=AXIS2_PLACEMENT_3D('',#4755,#3735,#3736);
#3232=AXIS2_PLACEMENT_3D('',#4759,#3738,#3739);
#3233=AXIS2_PLACEMENT_3D('',#4763,#3741,#3742);
#3234=AXIS2_PLACEMENT_3D('',#4764,#3743,#3744);
#3235=AXIS2_PLACEMENT_3D('',#4767,#3746,#3747);
#3236=AXIS2_PLACEMENT_3D('',#4770,#3749,#3750);
#3237=AXIS2_PLACEMENT_3D('',#4774,#3753,#3754);
#3238=AXIS2_PLACEMENT_3D('',#4778,#3756,#3757);
#3239=AXIS2_PLACEMENT_3D('',#4782,#3759,#3760);
#3240=AXIS2_PLACEMENT_3D('',#4783,#3761,#3762);
#3241=AXIS2_PLACEMENT_3D('',#4786,#3764,#3765);
#3242=AXIS2_PLACEMENT_3D('',#4789,#3767,#3768);
#3243=AXIS2_PLACEMENT_3D('',#4793,#3771,#3772);
#3244=AXIS2_PLACEMENT_3D('',#4797,#3774,#3775);
#3245=AXIS2_PLACEMENT_3D('',#4801,#3777,#3778);
#3246=AXIS2_PLACEMENT_3D('',#4802,#3779,#3780);
#3247=AXIS2_PLACEMENT_3D('',#4805,#3782,#3783);
#3248=AXIS2_PLACEMENT_3D('',#4808,#3785,#3786);
#3249=AXIS2_PLACEMENT_3D('',#4812,#3789,#3790);
#3250=AXIS2_PLACEMENT_3D('',#4816,#3792,#3793);
#3251=AXIS2_PLACEMENT_3D('',#4820,#3795,#3796);
#3252=AXIS2_PLACEMENT_3D('',#4821,#3797,#3798);
#3253=AXIS2_PLACEMENT_3D('',#4825,#3800,#3801);
#3254=AXIS2_PLACEMENT_3D('',#4826,#3802,#3803);
#3255=AXIS2_PLACEMENT_3D('',#4827,#3804,#3805);
#3256=AXIS2_PLACEMENT_3D('',#4831,#3807,#3808);
#3257=AXIS2_PLACEMENT_3D('',#4832,#3809,#3810);
#3258=AXIS2_PLACEMENT_3D('',#4833,#3811,#3812);
#3259=AXIS2_PLACEMENT_3D('',#4834,#3813,#3814);
#3260=AXIS2_PLACEMENT_3D('',#4839,#3816,#3817);
#3261=AXIS2_PLACEMENT_3D('',#4842,#3819,#3820);
#3262=AXIS2_PLACEMENT_3D('',#4843,#3821,#3822);
#3263=AXIS2_PLACEMENT_3D('',#4847,#3824,#3825);
#3264=AXIS2_PLACEMENT_3D('',#4848,#3826,#3827);
#3265=AXIS2_PLACEMENT_3D('',#4849,#3828,#3829);
#3266=AXIS2_PLACEMENT_3D('',#4851,#3830,#3831);
#3267=AXIS2_PLACEMENT_3D('',#4854,#3833,#3834);
#3268=AXIS2_PLACEMENT_3D('',#4855,#3835,#3836);
#3269=AXIS2_PLACEMENT_3D('',#4860,#3838,#3839);
#3270=AXIS2_PLACEMENT_3D('',#4863,#3841,#3842);
#3271=AXIS2_PLACEMENT_3D('',#4864,#3843,#3844);
#3272=AXIS2_PLACEMENT_3D('',#4869,#3846,#3847);
#3273=AXIS2_PLACEMENT_3D('',#4872,#3849,#3850);
#3274=AXIS2_PLACEMENT_3D('',#4873,#3851,#3852);
#3275=AXIS2_PLACEMENT_3D('',#4878,#3854,#3855);
#3276=AXIS2_PLACEMENT_3D('',#4881,#3857,#3858);
#3277=AXIS2_PLACEMENT_3D('',#4882,#3859,#3860);
#3278=AXIS2_PLACEMENT_3D('',#4887,#3862,#3863);
#3279=AXIS2_PLACEMENT_3D('',#4890,#3865,#3866);
#3280=AXIS2_PLACEMENT_3D('',#4891,#3867,#3868);
#3281=AXIS2_PLACEMENT_3D('',#4896,#3870,#3871);
#3282=AXIS2_PLACEMENT_3D('',#4899,#3873,#3874);
#3283=AXIS2_PLACEMENT_3D('',#4900,#3875,#3876);
#3284=AXIS2_PLACEMENT_3D('',#4905,#3878,#3879);
#3285=AXIS2_PLACEMENT_3D('',#4908,#3881,#3882);
#3286=AXIS2_PLACEMENT_3D('',#4909,#3883,#3884);
#3287=AXIS2_PLACEMENT_3D('',#4914,#3886,#3887);
#3288=AXIS2_PLACEMENT_3D('',#4917,#3889,#3890);
#3289=AXIS2_PLACEMENT_3D('',#4918,#3891,#3892);
#3290=AXIS2_PLACEMENT_3D('',#4923,#3894,#3895);
#3291=AXIS2_PLACEMENT_3D('',#4926,#3897,#3898);
#3292=AXIS2_PLACEMENT_3D('',#4932,#3902,#3903);
#3293=AXIS2_PLACEMENT_3D('',#4935,#3906,#3907);
#3294=AXIS2_PLACEMENT_3D('',#4936,#3908,#3909);
#3295=AXIS2_PLACEMENT_3D('',#4941,#3911,#3912);
#3296=AXIS2_PLACEMENT_3D('',#4944,#3914,#3915);
#3297=AXIS2_PLACEMENT_3D('',#4945,#3916,#3917);
#3298=AXIS2_PLACEMENT_3D('',#4950,#3919,#3920);
#3299=AXIS2_PLACEMENT_3D('',#4953,#3922,#3923);
#3300=AXIS2_PLACEMENT_3D('',#4954,#3924,#3925);
#3301=AXIS2_PLACEMENT_3D('',#4959,#3927,#3928);
#3302=AXIS2_PLACEMENT_3D('',#4962,#3930,#3931);
#3303=AXIS2_PLACEMENT_3D('',#4963,#3932,#3933);
#3304=AXIS2_PLACEMENT_3D('',#4968,#3935,#3936);
#3305=AXIS2_PLACEMENT_3D('',#4971,#3938,#3939);
#3306=AXIS2_PLACEMENT_3D('',#4974,#3942,#3943);
#3307=AXIS2_PLACEMENT_3D('',#4977,#3946,#3947);
#3308=AXIS2_PLACEMENT_3D('',#4980,#3950,#3951);
#3309=AXIS2_PLACEMENT_3D('',#4983,#3954,#3955);
#3310=AXIS2_PLACEMENT_3D('',#4987,#3957,#3958);
#3311=AXIS2_PLACEMENT_3D('',#4991,#3960,#3961);
#3312=AXIS2_PLACEMENT_3D('',#4995,#3963,#3964);
#3313=AXIS2_PLACEMENT_3D('',#4997,#3965,#3966);
#3314=AXIS2_PLACEMENT_3D('',#5001,#3968,#3969);
#3315=AXIS2_PLACEMENT_3D('',#5002,#3970,#3971);
#3316=AXIS2_PLACEMENT_3D('',#5003,#3972,#3973);
#3317=AXIS2_PLACEMENT_3D('',#5004,#3974,#3975);
#3318=AXIS2_PLACEMENT_3D('',#5009,#3978,#3979);
#3319=AXIS2_PLACEMENT_3D('',#5010,#3980,#3981);
#3320=AXIS2_PLACEMENT_3D('',#5015,#3984,#3985);
#3321=AXIS2_PLACEMENT_3D('',#5016,#3986,#3987);
#3322=AXIS2_PLACEMENT_3D('',#5019,#3989,#3990);
#3323=AXIS2_PLACEMENT_3D('',#5022,#3992,#3993);
#3324=AXIS2_PLACEMENT_3D('',#5027,#3996,#3997);
#3325=AXIS2_PLACEMENT_3D('',#5028,#3998,#3999);
#3326=AXIS2_PLACEMENT_3D('',#5030,#4001,#4002);
#3327=AXIS2_PLACEMENT_3D('',#5032,#4004,#4005);
#3328=AXIS2_PLACEMENT_3D('',#5034,#4007,#4008);
#3329=AXIS2_PLACEMENT_3D('',#5038,#4011,#4012);
#3330=AXIS2_PLACEMENT_3D('',#5042,#4014,#4015);
#3331=AXIS2_PLACEMENT_3D('',#5046,#4017,#4018);
#3332=AXIS2_PLACEMENT_3D('',#5047,#4019,#4020);
#3333=AXIS2_PLACEMENT_3D('',#5050,#4022,#4023);
#3334=AXIS2_PLACEMENT_3D('',#5053,#4025,#4026);
#3335=AXIS2_PLACEMENT_3D('',#5057,#4028,#4029);
#3336=AXIS2_PLACEMENT_3D('',#5061,#4031,#4032);
#3337=AXIS2_PLACEMENT_3D('',#5062,#4033,#4034);
#3338=AXIS2_PLACEMENT_3D('',#5065,#4036,#4037);
#3339=AXIS2_PLACEMENT_3D('',#5068,#4039,#4040);
#3340=AXIS2_PLACEMENT_3D('',#5072,#4042,#4043);
#3341=AXIS2_PLACEMENT_3D('',#5076,#4045,#4046);
#3342=AXIS2_PLACEMENT_3D('',#5077,#4047,#4048);
#3343=AXIS2_PLACEMENT_3D('',#5080,#4050,#4051);
#3344=AXIS2_PLACEMENT_3D('',#5083,#4053,#4054);
#3345=AXIS2_PLACEMENT_3D('',#5084,#4055,#4056);
#3346=AXIS2_PLACEMENT_3D('',#5086,#4057,#4058);
#3347=AXIS2_PLACEMENT_3D('',#5088,#4059,#4060);
#3348=AXIS2_PLACEMENT_3D('',#5090,#4062,#4063);
#3349=AXIS2_PLACEMENT_3D('',#5091,#4064,#4065);
#3350=AXIS2_PLACEMENT_3D('',#5092,#4066,#4067);
#3351=AXIS2_PLACEMENT_3D('',#5093,#4068,#4069);
#3352=AXIS2_PLACEMENT_3D('',#5096,#4070,#4071);
#3353=AXIS2_PLACEMENT_3D('',#5097,#4072,#4073);
#3354=AXIS2_PLACEMENT_3D('',#5098,#4074,#4075);
#3355=AXIS2_PLACEMENT_3D('',#5103,#4078,#4079);
#3356=AXIS2_PLACEMENT_3D('',#5104,#4080,#4081);
#3357=AXIS2_PLACEMENT_3D('',#5105,#4082,#4083);
#3358=AXIS2_PLACEMENT_3D('',#5107,#4084,#4085);
#3359=AXIS2_PLACEMENT_3D('',#5109,#4086,#4087);
#3360=AXIS2_PLACEMENT_3D('',#5111,#4089,#4090);
#3361=AXIS2_PLACEMENT_3D('',#5112,#4091,#4092);
#3362=AXIS2_PLACEMENT_3D('',#5113,#4093,#4094);
#3363=AXIS2_PLACEMENT_3D('',#5116,#4096,#4097);
#3364=AXIS2_PLACEMENT_3D('',#5117,#4098,#4099);
#3365=AXIS2_PLACEMENT_3D('',#5124,#4104,#4105);
#3366=AXIS2_PLACEMENT_3D('',#5128,#4108,#4109);
#3367=AXIS2_PLACEMENT_3D('',#5132,#4112,#4113);
#3368=AXIS2_PLACEMENT_3D('',#5134,#4115,#4116);
#3369=AXIS2_PLACEMENT_3D('',#5141,#4121,#4122);
#3370=AXIS2_PLACEMENT_3D('',#5145,#4125,#4126);
#3371=AXIS2_PLACEMENT_3D('',#5149,#4129,#4130);
#3372=AXIS2_PLACEMENT_3D('',#5151,#4132,#4133);
#3373=AXIS2_PLACEMENT_3D('',#5158,#4138,#4139);
#3374=AXIS2_PLACEMENT_3D('',#5162,#4142,#4143);
#3375=AXIS2_PLACEMENT_3D('',#5166,#4146,#4147);
#3376=AXIS2_PLACEMENT_3D('',#5168,#4149,#4150);
#3377=AXIS2_PLACEMENT_3D('',#5169,#4151,#4152);
#3378=AXIS2_PLACEMENT_3D('',#5174,#4154,#4155);
#3379=AXIS2_PLACEMENT_3D('',#5177,#4157,#4158);
#3380=AXIS2_PLACEMENT_3D('',#5178,#4159,#4160);
#3381=AXIS2_PLACEMENT_3D('',#5183,#4162,#4163);
#3382=AXIS2_PLACEMENT_3D('',#5186,#4165,#4166);
#3383=AXIS2_PLACEMENT_3D('',#5187,#4167,#4168);
#3384=AXIS2_PLACEMENT_3D('',#5192,#4170,#4171);
#3385=AXIS2_PLACEMENT_3D('',#5195,#4173,#4174);
#3386=AXIS2_PLACEMENT_3D('',#5196,#4175,#4176);
#3387=AXIS2_PLACEMENT_3D('',#5201,#4178,#4179);
#3388=AXIS2_PLACEMENT_3D('',#5204,#4181,#4182);
#3389=AXIS2_PLACEMENT_3D('',#5205,#4183,#4184);
#3390=AXIS2_PLACEMENT_3D('',#5210,#4186,#4187);
#3391=AXIS2_PLACEMENT_3D('',#5213,#4189,#4190);
#3392=AXIS2_PLACEMENT_3D('',#5214,#4191,#4192);
#3393=AXIS2_PLACEMENT_3D('',#5219,#4194,#4195);
#3394=AXIS2_PLACEMENT_3D('',#5222,#4197,#4198);
#3395=AXIS2_PLACEMENT_3D('',#5223,#4199,#4200);
#3396=AXIS2_PLACEMENT_3D('',#5227,#4202,#4203);
#3397=AXIS2_PLACEMENT_3D('',#5228,#4204,#4205);
#3398=AXIS2_PLACEMENT_3D('',#5229,#4206,#4207);
#3399=AXIS2_PLACEMENT_3D('',#5233,#4209,#4210);
#3400=AXIS2_PLACEMENT_3D('',#5234,#4211,#4212);
#3401=AXIS2_PLACEMENT_3D('',#5241,#4217,#4218);
#3402=AXIS2_PLACEMENT_3D('',#5242,#4219,#4220);
#3403=AXIS2_PLACEMENT_3D('',#5246,#4222,#4223);
#3404=AXIS2_PLACEMENT_3D('',#5247,#4224,#4225);
#3405=AXIS2_PLACEMENT_3D('',#5248,#4226,#4227);
#3406=AXIS2_PLACEMENT_3D('',#5252,#4229,#4230);
#3407=AXIS2_PLACEMENT_3D('',#5253,#4231,#4232);
#3408=AXIS2_PLACEMENT_3D('',#5254,#4233,#4234);
#3409=AXIS2_PLACEMENT_3D('',#5258,#4236,#4237);
#3410=AXIS2_PLACEMENT_3D('',#5259,#4238,#4239);
#3411=AXIS2_PLACEMENT_3D('',#5260,#4240,#4241);
#3412=AXIS2_PLACEMENT_3D('',#5265,#4243,#4244);
#3413=AXIS2_PLACEMENT_3D('',#5268,#4246,#4247);
#3414=AXIS2_PLACEMENT_3D('',#5269,#4248,#4249);
#3415=AXIS2_PLACEMENT_3D('',#5273,#4251,#4252);
#3416=AXIS2_PLACEMENT_3D('',#5274,#4253,#4254);
#3417=AXIS2_PLACEMENT_3D('',#5275,#4255,#4256);
#3418=AXIS2_PLACEMENT_3D('',#5279,#4258,#4259);
#3419=AXIS2_PLACEMENT_3D('',#5280,#4260,#4261);
#3420=AXIS2_PLACEMENT_3D('',#5286,#4265,#4266);
#3421=AXIS2_PLACEMENT_3D('',#5287,#4267,#4268);
#3422=AXIS2_PLACEMENT_3D('',#5288,#4269,#4270);
#3423=AXIS2_PLACEMENT_3D('',#5289,#4271,#4272);
#3424=AXIS2_PLACEMENT_3D('',#5293,#4274,#4275);
#3425=AXIS2_PLACEMENT_3D('',#5294,#4276,#4277);
#3426=AXIS2_PLACEMENT_3D('',#5295,#4278,#4279);
#3427=AXIS2_PLACEMENT_3D('',#5299,#4281,#4282);
#3428=AXIS2_PLACEMENT_3D('',#5300,#4283,#4284);
#3429=AXIS2_PLACEMENT_3D('',#5301,#4285,#4286);
#3430=AXIS2_PLACEMENT_3D('',#5305,#4288,#4289);
#3431=AXIS2_PLACEMENT_3D('',#5306,#4290,#4291);
#3432=AXIS2_PLACEMENT_3D('',#5307,#4292,#4293);
#3433=AXIS2_PLACEMENT_3D('',#5316,#4302,#4303);
#3434=AXIS2_PLACEMENT_3D('',#5317,#4304,#4305);
#3435=AXIS2_PLACEMENT_3D('',#5318,#4306,#4307);
#3436=AXIS2_PLACEMENT_3D('',#5319,#4308,#4309);
#3437=AXIS2_PLACEMENT_3D('',#5320,#4310,#4311);
#3438=AXIS2_PLACEMENT_3D('',#5321,#4312,#4313);
#3439=AXIS2_PLACEMENT_3D('',#5322,#4314,#4315);
#3440=AXIS2_PLACEMENT_3D('',#5324,#4317,#4318);
#3441=AXIS2_PLACEMENT_3D('',#5326,#4320,#4321);
#3442=AXIS2_PLACEMENT_3D('',#5328,#4323,#4324);
#3443=AXIS2_PLACEMENT_3D('',#5330,#4326,#4327);
#3444=AXIS2_PLACEMENT_3D('',#5339,#4332,#4333);
#3445=AXIS2_PLACEMENT_3D('',#5340,#4334,#4335);
#3446=AXIS2_PLACEMENT_3D('',#5341,#4336,#4337);
#3447=AXIS2_PLACEMENT_3D('',#5342,#4338,#4339);
#3448=AXIS2_PLACEMENT_3D('',#5345,#4340,#4341);
#3449=AXIS2_PLACEMENT_3D('',#5346,#4342,#4343);
#3450=AXIS2_PLACEMENT_3D('',#5355,#4348,#4349);
#3451=AXIS2_PLACEMENT_3D('',#5358,#4352,#4353);
#3452=AXIS2_PLACEMENT_3D('',#5360,#4355,#4356);
#3453=AXIS2_PLACEMENT_3D('',#5362,#4358,#4359);
#3454=AXIS2_PLACEMENT_3D('',#5363,#4360,#4361);
#3455=AXIS2_PLACEMENT_3D('',#5366,#4364,#4365);
#3456=AXIS2_PLACEMENT_3D('',#5369,#4368,#4369);
#3457=AXIS2_PLACEMENT_3D('',#5372,#4372,#4373);
#3458=AXIS2_PLACEMENT_3D('',#5373,#4374,#4375);
#3459=AXIS2_PLACEMENT_3D('',#5376,#4378,#4379);
#3460=AXIS2_PLACEMENT_3D('',#5380,#4383,#4384);
#3461=AXIS2_PLACEMENT_3D('',#5383,#4386,#4387);
#3462=AXIS2_PLACEMENT_3D('',#5384,#4388,#4389);
#3463=AXIS2_PLACEMENT_3D('',#5387,#4392,#4393);
#3464=AXIS2_PLACEMENT_3D('',#5388,#4394,#4395);
#3465=AXIS2_PLACEMENT_3D('',#5390,#4396,#4397);
#3466=AXIS2_PLACEMENT_3D('',#5391,#4398,#4399);
#3467=AXIS2_PLACEMENT_3D('',#5392,#4400,#4401);
#3468=AXIS2_PLACEMENT_3D('',#5394,#4402,#4403);
#3469=AXIS2_PLACEMENT_3D('',#5395,#4404,#4405);
#3470=AXIS2_PLACEMENT_3D('',#5396,#4406,#4407);
#3471=AXIS2_PLACEMENT_3D('',#5397,#4408,#4409);
#3472=AXIS2_PLACEMENT_3D('',#5398,#4410,#4411);
#3473=AXIS2_PLACEMENT_3D('',#5401,#4414,#4415);
#3474=AXIS2_PLACEMENT_3D('',#5402,#4416,#4417);
#3475=AXIS2_PLACEMENT_3D('',#5404,#4419,#4420);
#3476=AXIS2_PLACEMENT_3D('',#5405,#4421,#4422);
#3477=AXIS2_PLACEMENT_3D('',#5407,#4424,#4425);
#3478=AXIS2_PLACEMENT_3D('',#5408,#4426,#4427);
#3479=AXIS2_PLACEMENT_3D('',#5409,#4428,#4429);
#3480=AXIS2_PLACEMENT_3D('',#5410,#4430,#4431);
#3481=AXIS2_PLACEMENT_3D('',#5411,#4432,#4433);
#3482=AXIS2_PLACEMENT_3D('',#5412,#4434,#4435);
#3483=AXIS2_PLACEMENT_3D('',#5413,#4436,#4437);
#3484=AXIS2_PLACEMENT_3D('',#5414,#4438,#4439);
#3485=AXIS2_PLACEMENT_3D('',#5415,#4440,#4441);
#3486=AXIS2_PLACEMENT_3D('',#5416,#4442,#4443);
#3487=AXIS2_PLACEMENT_3D('',#5417,#4444,#4445);
#3488=AXIS2_PLACEMENT_3D('',#5418,#4446,#4447);
#3489=AXIS2_PLACEMENT_3D('',#5419,#4448,#4449);
#3490=AXIS2_PLACEMENT_3D('',#5420,#4450,#4451);
#3491=AXIS2_PLACEMENT_3D('',#5421,#4452,#4453);
#3492=AXIS2_PLACEMENT_3D('',#5422,#4454,#4455);
#3493=AXIS2_PLACEMENT_3D('',#5423,#4456,#4457);
#3494=AXIS2_PLACEMENT_3D('',#5424,#4458,#4459);
#3495=AXIS2_PLACEMENT_3D('',#5425,#4460,#4461);
#3496=AXIS2_PLACEMENT_3D('',#5426,#4462,#4463);
#3497=AXIS2_PLACEMENT_3D('',#5427,#4464,#4465);
#3498=AXIS2_PLACEMENT_3D('',#5428,#4466,#4467);
#3499=AXIS2_PLACEMENT_3D('',#5429,#4468,#4469);
#3500=AXIS2_PLACEMENT_3D('',#5430,#4470,#4471);
#3501=AXIS2_PLACEMENT_3D('',#5431,#4472,#4473);
#3502=AXIS2_PLACEMENT_3D('',#5432,#4474,#4475);
#3503=AXIS2_PLACEMENT_3D('',#5433,#4476,#4477);
#3504=AXIS2_PLACEMENT_3D('',#5434,#4478,#4479);
#3505=AXIS2_PLACEMENT_3D('',#5435,#4480,#4481);
#3506=AXIS2_PLACEMENT_3D('',#5436,#4482,#4483);
#3507=AXIS2_PLACEMENT_3D('',#5437,#4484,#4485);
#3508=AXIS2_PLACEMENT_3D('',#5438,#4486,#4487);
#3509=AXIS2_PLACEMENT_3D('',#5439,#4488,#4489);
#3510=AXIS2_PLACEMENT_3D('',#5440,#4490,#4491);
#3511=AXIS2_PLACEMENT_3D('',#5441,#4492,#4493);
#3512=AXIS2_PLACEMENT_3D('',#5442,#4494,#4495);
#3513=AXIS2_PLACEMENT_3D('',#5443,#4496,#4497);
#3514=AXIS2_PLACEMENT_3D('',#5444,#4498,#4499);
#3515=AXIS2_PLACEMENT_3D('',#5445,#4500,#4501);
#3516=AXIS2_PLACEMENT_3D('',#5446,#4502,#4503);
#3517=AXIS2_PLACEMENT_3D('',#5447,#4504,#4505);
#3518=AXIS2_PLACEMENT_3D('',#5448,#4506,#4507);
#3519=AXIS2_PLACEMENT_3D('',#5449,#4508,#4509);
#3520=AXIS2_PLACEMENT_3D('',#5450,#4510,#4511);
#3521=AXIS2_PLACEMENT_3D('',#5451,#4512,#4513);
#3522=AXIS2_PLACEMENT_3D('',#5452,#4514,#4515);
#3523=AXIS2_PLACEMENT_3D('',#5453,#4516,#4517);
#3524=AXIS2_PLACEMENT_3D('',#5454,#4518,#4519);
#3525=AXIS2_PLACEMENT_3D('',#5455,#4520,#4521);
#3526=AXIS2_PLACEMENT_3D('',#5456,#4522,#4523);
#3527=AXIS2_PLACEMENT_3D('',#5457,#4524,#4525);
#3528=AXIS2_PLACEMENT_3D('',#5458,#4526,#4527);
#3529=AXIS2_PLACEMENT_3D('',#5459,#4528,#4529);
#3530=AXIS2_PLACEMENT_3D('',#5460,#4530,#4531);
#3531=AXIS2_PLACEMENT_3D('',#5461,#4532,#4533);
#3532=AXIS2_PLACEMENT_3D('',#5462,#4534,#4535);
#3533=AXIS2_PLACEMENT_3D('',#5463,#4536,#4537);
#3534=AXIS2_PLACEMENT_3D('',#5464,#4538,#4539);
#3535=DIRECTION('',(0.,0.,1.));
#3536=DIRECTION('',(1.,0.,0.));
#3537=DIRECTION('',(0.,0.,-1.));
#3538=DIRECTION('',(0.,0.,1.));
#3539=DIRECTION('',(1.,0.,0.));
#3540=DIRECTION('',(0.,0.,-1.));
#3541=DIRECTION('',(0.,0.,1.));
#3542=DIRECTION('',(1.,0.,0.));
#3543=DIRECTION('',(0.,0.,1.));
#3544=DIRECTION('',(1.,0.,0.));
#3545=DIRECTION('',(0.,0.,-1.));
#3546=DIRECTION('',(1.,0.,0.));
#3547=DIRECTION('',(0.,0.,-1.));
#3548=DIRECTION('',(1.,0.,0.));
#3549=DIRECTION('',(0.,0.,1.));
#3550=DIRECTION('',(1.,0.,0.));
#3551=DIRECTION('',(0.,0.,1.));
#3552=DIRECTION('',(1.,0.,0.));
#3553=DIRECTION('',(0.0937093471358306,0.995599597357982,0.));
#3554=DIRECTION('',(0.,0.,-1.));
#3555=DIRECTION('',(0.0937093471358306,0.995599597357982,0.));
#3556=DIRECTION('',(0.,0.,-1.));
#3557=DIRECTION('',(-0.995599597357982,0.0937093471358306,0.));
#3558=DIRECTION('',(-0.0937093471358306,-0.995599597357982,0.));
#3559=DIRECTION('',(0.,0.,-1.));
#3560=DIRECTION('',(0.,0.,-1.));
#3561=DIRECTION('',(1.,0.,0.));
#3562=DIRECTION('',(0.,0.,-1.));
#3563=DIRECTION('',(0.,0.,-1.));
#3564=DIRECTION('',(1.,0.,0.));
#3565=DIRECTION('',(0.,0.,-1.));
#3566=DIRECTION('',(-1.,0.,0.));
#3567=DIRECTION('',(0.,0.,-1.));
#3568=DIRECTION('',(1.,0.,0.));
#3569=DIRECTION('',(0.,0.,-1.));
#3570=DIRECTION('',(0.,0.,-1.));
#3571=DIRECTION('',(-1.,0.,0.));
#3572=DIRECTION('',(0.,0.,-1.));
#3573=DIRECTION('',(0.,0.,-1.));
#3574=DIRECTION('',(-1.,0.,0.));
#3575=DIRECTION('',(0.0937093471358295,-0.995599597357982,0.));
#3576=DIRECTION('',(0.,0.,-1.));
#3577=DIRECTION('',(0.0937093471358295,-0.995599597357982,0.));
#3578=DIRECTION('',(0.995599597357982,0.0937093471358295,0.));
#3579=DIRECTION('',(-0.0937093471358295,0.995599597357982,0.));
#3580=DIRECTION('',(0.142384127125227,-0.989811477172692,0.));
#3581=DIRECTION('',(0.,0.,-1.));
#3582=DIRECTION('',(0.142384127125227,-0.989811477172692,0.));
#3583=DIRECTION('',(0.,0.,-1.));
#3584=DIRECTION('',(0.989811477172692,0.142384127125227,0.));
#3585=DIRECTION('',(-0.142384127125227,0.989811477172692,0.));
#3586=DIRECTION('',(0.,0.,-1.));
#3587=DIRECTION('',(1.,0.,0.));
#3588=DIRECTION('',(0.,0.,-1.));
#3589=DIRECTION('',(-1.,0.,0.));
#3590=DIRECTION('',(0.,0.,-1.));
#3591=DIRECTION('',(0.,0.,-1.));
#3592=DIRECTION('',(-1.,0.,0.));
#3593=DIRECTION('',(0.,0.,-1.));
#3594=DIRECTION('',(0.,0.,-1.));
#3595=DIRECTION('',(1.,0.,0.));
#3596=DIRECTION('',(0.,0.,-1.));
#3597=DIRECTION('',(0.,0.,-1.));
#3598=DIRECTION('',(1.,0.,0.));
#3599=DIRECTION('',(0.,0.,-1.));
#3600=DIRECTION('',(-1.,0.,0.));
#3601=DIRECTION('',(0.142384127125228,0.989811477172692,0.));
#3602=DIRECTION('',(0.,0.,-1.));
#3603=DIRECTION('',(0.142384127125228,0.989811477172692,0.));
#3604=DIRECTION('',(0.,0.,-1.));
#3605=DIRECTION('',(-0.989811477172692,0.142384127125228,0.));
#3606=DIRECTION('',(-0.142384127125228,-0.989811477172692,0.));
#3607=DIRECTION('',(0.707106781186553,-8.65956056235487E-17,0.707106781186542));
#3608=DIRECTION('',(-1.,0.,0.));
#3609=DIRECTION('',(0.,0.,1.));
#3610=DIRECTION('',(0.707106781186553,0.,-0.707106781186542));
#3611=DIRECTION('',(-1.,0.,0.));
#3612=DIRECTION('',(0.,0.,1.));
#3613=DIRECTION('',(-1.,0.,0.));
#3614=DIRECTION('',(-2.77271552814658E-17,0.,1.));
#3615=DIRECTION('',(1.,0.,0.));
#3616=DIRECTION('',(-1.,-2.00709669506788E-16,0.));
#3617=DIRECTION('',(0.,-1.,0.));
#3618=DIRECTION('',(1.,0.,0.));
#3619=DIRECTION('',(-1.,0.,0.));
#3620=DIRECTION('',(0.,0.,1.));
#3621=DIRECTION('',(0.707106781186553,-8.65956056235487E-17,0.707106781186542));
#3622=DIRECTION('',(-1.,0.,0.));
#3623=DIRECTION('',(0.,0.,1.));
#3624=DIRECTION('',(0.707106781186553,0.,-0.707106781186542));
#3625=DIRECTION('',(-1.,0.,0.));
#3626=DIRECTION('',(0.,0.,1.));
#3627=DIRECTION('',(-1.,0.,0.));
#3628=DIRECTION('',(-2.77271552814658E-17,0.,1.));
#3629=DIRECTION('',(1.,0.,0.));
#3630=DIRECTION('',(-1.,-2.00709669506788E-16,0.));
#3631=DIRECTION('',(0.,-1.,0.));
#3632=DIRECTION('',(1.,0.,0.));
#3633=DIRECTION('',(-1.,0.,0.));
#3634=DIRECTION('',(0.,0.,1.));
#3635=DIRECTION('',(0.707106781186546,-8.65956056235491E-17,-0.707106781186549));
#3636=DIRECTION('',(0.,0.,1.));
#3637=DIRECTION('',(1.,0.,0.));
#3638=DIRECTION('',(-0.707106781186546,0.,-0.707106781186549));
#3639=DIRECTION('',(0.,0.,1.));
#3640=DIRECTION('',(1.,0.,0.));
#3641=DIRECTION('',(0.,0.,1.));
#3642=DIRECTION('',(1.,0.,1.03873065600767E-17));
#3643=DIRECTION('',(0.,0.,-1.));
#3644=DIRECTION('',(0.,0.,1.));
#3645=DIRECTION('',(1.,0.,0.));
#3646=DIRECTION('',(0.,0.,-1.));
#3647=DIRECTION('',(0.,0.,1.));
#3648=DIRECTION('',(1.,0.,0.));
#3649=DIRECTION('',(-0.857167300702112,1.04972719113862E-16,0.515038074910055));
#3650=DIRECTION('',(0.857167300702112,0.,0.515038074910055));
#3651=DIRECTION('',(0.,0.,1.));
#3652=DIRECTION('',(1.,0.,7.28906262869219E-18));
#3653=DIRECTION('',(0.,1.,0.));
#3654=DIRECTION('',(0.,0.,-1.));
#3655=DIRECTION('',(1.,0.,0.));
#3656=DIRECTION('',(0.,0.,1.));
#3657=DIRECTION('',(1.,0.,0.));
#3658=DIRECTION('',(0.,0.,1.));
#3659=DIRECTION('',(1.,0.,0.));
#3660=DIRECTION('',(0.,0.,-1.));
#3661=DIRECTION('',(1.,0.,0.));
#3662=DIRECTION('',(0.,0.,1.));
#3663=DIRECTION('',(1.,0.,0.));
#3664=DIRECTION('',(0.,0.,1.));
#3665=DIRECTION('',(1.,0.,0.));
#3666=DIRECTION('',(0.,0.,-1.));
#3667=DIRECTION('',(0.,0.,-1.));
#3668=DIRECTION('',(1.,0.,0.));
#3669=DIRECTION('',(0.,0.,-1.));
#3670=DIRECTION('',(0.,0.,-1.));
#3671=DIRECTION('',(-1.,0.,0.));
#3672=DIRECTION('',(0.,0.,-1.));
#3673=DIRECTION('',(0.,0.,-1.));
#3674=DIRECTION('',(0.,0.,1.));
#3675=DIRECTION('',(-1.,0.,0.));
#3676=DIRECTION('',(0.,0.,-1.));
#3677=DIRECTION('',(-1.,0.,0.));
#3678=DIRECTION('',(0.,0.,-1.));
#3679=DIRECTION('',(0.,0.,-1.));
#3680=DIRECTION('',(1.,0.,0.));
#3681=DIRECTION('',(0.,0.,-1.));
#3682=DIRECTION('',(-1.,0.,0.));
#3683=DIRECTION('',(0.707106781186543,-8.65956056235487E-17,-0.707106781186552));
#3684=DIRECTION('',(0.,0.,1.));
#3685=DIRECTION('',(1.,0.,0.));
#3686=DIRECTION('',(-0.707106781186543,0.,-0.707106781186552));
#3687=DIRECTION('',(0.,0.,1.));
#3688=DIRECTION('',(1.,0.,0.));
#3689=DIRECTION('',(0.,0.,1.));
#3690=DIRECTION('',(1.,0.,-9.01042534656464E-17));
#3691=DIRECTION('',(0.,0.,-1.));
#3692=DIRECTION('',(0.,0.,1.));
#3693=DIRECTION('',(1.,0.,0.));
#3694=DIRECTION('',(0.,0.,-1.));
#3695=DIRECTION('',(0.,0.,1.));
#3696=DIRECTION('',(1.,0.,0.));
#3697=DIRECTION('',(-0.857167300702111,1.04972719113862E-16,0.515038074910056));
#3698=DIRECTION('',(0.857167300702111,0.,0.515038074910056));
#3699=DIRECTION('',(0.,0.,1.));
#3700=DIRECTION('',(1.,0.,-8.33423442383842E-18));
#3701=DIRECTION('',(0.707106781186544,-8.65956056235489E-17,-0.707106781186551));
#3702=DIRECTION('',(0.,0.,1.));
#3703=DIRECTION('',(1.,0.,0.));
#3704=DIRECTION('',(-0.707106781186544,0.,-0.707106781186551));
#3705=DIRECTION('',(0.,0.,1.));
#3706=DIRECTION('',(1.,0.,0.));
#3707=DIRECTION('',(0.,0.,1.));
#3708=DIRECTION('',(1.,0.,-9.01042534656461E-17));
#3709=DIRECTION('',(0.,0.,-1.));
#3710=DIRECTION('',(0.,0.,1.));
#3711=DIRECTION('',(1.,0.,0.));
#3712=DIRECTION('',(0.,0.,-1.));
#3713=DIRECTION('',(0.,0.,1.));
#3714=DIRECTION('',(1.,0.,0.));
#3715=DIRECTION('',(-0.85716730070211,1.04972719113862E-16,0.515038074910059));
#3716=DIRECTION('',(0.85716730070211,0.,0.515038074910059));
#3717=DIRECTION('',(0.,0.,1.));
#3718=DIRECTION('',(1.,0.,-8.33423442383847E-18));
#3719=DIRECTION('',(0.707106781186543,-8.65956056235487E-17,-0.707106781186552));
#3720=DIRECTION('',(0.,0.,1.));
#3721=DIRECTION('',(1.,0.,0.));
#3722=DIRECTION('',(-0.707106781186543,0.,-0.707106781186552));
#3723=DIRECTION('',(0.,0.,1.));
#3724=DIRECTION('',(1.,0.,0.));
#3725=DIRECTION('',(0.,0.,1.));
#3726=DIRECTION('',(1.,0.,-9.01042534656464E-17));
#3727=DIRECTION('',(0.,0.,-1.));
#3728=DIRECTION('',(0.,0.,1.));
#3729=DIRECTION('',(1.,0.,0.));
#3730=DIRECTION('',(0.,0.,-1.));
#3731=DIRECTION('',(0.,0.,1.));
#3732=DIRECTION('',(1.,0.,0.));
#3733=DIRECTION('',(-0.857167300702111,1.04972719113862E-16,0.515038074910056));
#3734=DIRECTION('',(0.857167300702111,0.,0.515038074910056));
#3735=DIRECTION('',(0.,0.,1.));
#3736=DIRECTION('',(1.,0.,-8.33423442383842E-18));
#3737=DIRECTION('',(0.707106781186543,-8.65956056235487E-17,-0.707106781186552));
#3738=DIRECTION('',(0.,0.,1.));
#3739=DIRECTION('',(1.,0.,0.));
#3740=DIRECTION('',(-0.707106781186543,0.,-0.707106781186552));
#3741=DIRECTION('',(0.,0.,1.));
#3742=DIRECTION('',(1.,0.,0.));
#3743=DIRECTION('',(0.,0.,1.));
#3744=DIRECTION('',(1.,0.,-9.01042534656464E-17));
#3745=DIRECTION('',(0.,0.,-1.));
#3746=DIRECTION('',(0.,0.,1.));
#3747=DIRECTION('',(1.,0.,0.));
#3748=DIRECTION('',(0.,0.,-1.));
#3749=DIRECTION('',(0.,0.,1.));
#3750=DIRECTION('',(1.,0.,0.));
#3751=DIRECTION('',(-0.857167300702111,1.04972719113862E-16,0.515038074910056));
#3752=DIRECTION('',(0.857167300702111,0.,0.515038074910056));
#3753=DIRECTION('',(0.,0.,1.));
#3754=DIRECTION('',(1.,0.,-8.33423442383842E-18));
#3755=DIRECTION('',(0.707106781186543,-8.65956056235487E-17,-0.707106781186552));
#3756=DIRECTION('',(0.,0.,1.));
#3757=DIRECTION('',(1.,0.,0.));
#3758=DIRECTION('',(-0.707106781186543,0.,-0.707106781186552));
#3759=DIRECTION('',(0.,0.,1.));
#3760=DIRECTION('',(1.,0.,0.));
#3761=DIRECTION('',(0.,0.,1.));
#3762=DIRECTION('',(1.,0.,-9.01042534656464E-17));
#3763=DIRECTION('',(0.,0.,-1.));
#3764=DIRECTION('',(0.,0.,1.));
#3765=DIRECTION('',(1.,0.,0.));
#3766=DIRECTION('',(0.,0.,-1.));
#3767=DIRECTION('',(0.,0.,1.));
#3768=DIRECTION('',(1.,0.,0.));
#3769=DIRECTION('',(-0.857167300702111,1.04972719113862E-16,0.515038074910056));
#3770=DIRECTION('',(0.857167300702111,0.,0.515038074910056));
#3771=DIRECTION('',(0.,0.,1.));
#3772=DIRECTION('',(1.,0.,-8.33423442383842E-18));
#3773=DIRECTION('',(0.707106781186544,-8.65956056235489E-17,-0.707106781186551));
#3774=DIRECTION('',(0.,0.,1.));
#3775=DIRECTION('',(1.,0.,0.));
#3776=DIRECTION('',(-0.707106781186544,0.,-0.707106781186551));
#3777=DIRECTION('',(0.,0.,1.));
#3778=DIRECTION('',(1.,0.,0.));
#3779=DIRECTION('',(0.,0.,1.));
#3780=DIRECTION('',(1.,0.,-9.01042534656461E-17));
#3781=DIRECTION('',(0.,0.,-1.));
#3782=DIRECTION('',(0.,0.,1.));
#3783=DIRECTION('',(1.,0.,0.));
#3784=DIRECTION('',(0.,0.,-1.));
#3785=DIRECTION('',(0.,0.,1.));
#3786=DIRECTION('',(1.,0.,0.));
#3787=DIRECTION('',(-0.85716730070211,1.04972719113862E-16,0.515038074910059));
#3788=DIRECTION('',(0.85716730070211,0.,0.515038074910059));
#3789=DIRECTION('',(0.,0.,1.));
#3790=DIRECTION('',(1.,0.,-8.33423442383847E-18));
#3791=DIRECTION('',(0.,0.,1.));
#3792=DIRECTION('',(0.,0.,-1.));
#3793=DIRECTION('',(1.,0.,0.));
#3794=DIRECTION('',(0.,0.,1.));
#3795=DIRECTION('',(0.,0.,1.));
#3796=DIRECTION('',(-1.,0.,0.));
#3797=DIRECTION('',(0.,0.,1.));
#3798=DIRECTION('',(1.,0.,0.));
#3799=DIRECTION('',(0.,0.,1.));
#3800=DIRECTION('',(0.,0.,1.));
#3801=DIRECTION('',(1.,0.,0.));
#3802=DIRECTION('',(0.,0.,-1.));
#3803=DIRECTION('',(1.,0.,0.));
#3804=DIRECTION('',(0.,0.,1.));
#3805=DIRECTION('',(1.,0.,0.));
#3806=DIRECTION('',(0.,0.,1.));
#3807=DIRECTION('',(0.,0.,-1.));
#3808=DIRECTION('',(1.,0.,0.));
#3809=DIRECTION('',(0.,0.,1.));
#3810=DIRECTION('',(-1.,0.,0.));
#3811=DIRECTION('',(0.,0.,1.));
#3812=DIRECTION('',(1.,0.,0.));
#3813=DIRECTION('',(0.,0.,-1.));
#3814=DIRECTION('',(1.,0.,0.));
#3815=DIRECTION('',(0.,0.,1.));
#3816=DIRECTION('',(0.,0.,1.));
#3817=DIRECTION('',(1.,0.,0.));
#3818=DIRECTION('',(0.,0.,1.));
#3819=DIRECTION('',(0.,0.,1.));
#3820=DIRECTION('',(1.,0.,0.));
#3821=DIRECTION('',(0.,0.,1.));
#3822=DIRECTION('',(1.,0.,0.));
#3823=DIRECTION('',(0.,0.,1.));
#3824=DIRECTION('',(0.,0.,-1.));
#3825=DIRECTION('',(-1.,0.,0.));
#3826=DIRECTION('',(0.,0.,1.));
#3827=DIRECTION('',(1.,0.,0.));
#3828=DIRECTION('',(0.,0.,1.));
#3829=DIRECTION('',(1.,0.,0.));
#3830=DIRECTION('',(0.,0.,-1.));
#3831=DIRECTION('',(-1.,0.,0.));
#3832=DIRECTION('',(0.,0.,1.));
#3833=DIRECTION('',(0.,0.,1.));
#3834=DIRECTION('',(1.,0.,0.));
#3835=DIRECTION('',(0.,0.,-1.));
#3836=DIRECTION('',(1.,0.,0.));
#3837=DIRECTION('',(0.,0.,1.));
#3838=DIRECTION('',(0.,0.,1.));
#3839=DIRECTION('',(1.,0.,0.));
#3840=DIRECTION('',(0.,0.,-1.));
#3841=DIRECTION('',(0.,0.,1.));
#3842=DIRECTION('',(1.,0.,0.));
#3843=DIRECTION('',(0.,0.,-1.));
#3844=DIRECTION('',(1.,0.,0.));
#3845=DIRECTION('',(0.,0.,1.));
#3846=DIRECTION('',(0.,0.,1.));
#3847=DIRECTION('',(1.,0.,0.));
#3848=DIRECTION('',(0.,0.,-1.));
#3849=DIRECTION('',(0.,0.,1.));
#3850=DIRECTION('',(1.,0.,0.));
#3851=DIRECTION('',(0.,0.,-1.));
#3852=DIRECTION('',(1.,0.,0.));
#3853=DIRECTION('',(0.,0.,1.));
#3854=DIRECTION('',(0.,0.,1.));
#3855=DIRECTION('',(1.,0.,0.));
#3856=DIRECTION('',(0.,0.,-1.));
#3857=DIRECTION('',(0.,0.,1.));
#3858=DIRECTION('',(1.,0.,0.));
#3859=DIRECTION('',(0.,0.,-1.));
#3860=DIRECTION('',(1.,0.,0.));
#3861=DIRECTION('',(0.,0.,1.));
#3862=DIRECTION('',(0.,0.,1.));
#3863=DIRECTION('',(1.,0.,0.));
#3864=DIRECTION('',(0.,0.,-1.));
#3865=DIRECTION('',(0.,0.,1.));
#3866=DIRECTION('',(1.,0.,0.));
#3867=DIRECTION('',(0.,0.,-1.));
#3868=DIRECTION('',(1.,0.,0.));
#3869=DIRECTION('',(0.,0.,1.));
#3870=DIRECTION('',(0.,0.,1.));
#3871=DIRECTION('',(1.,0.,0.));
#3872=DIRECTION('',(0.,0.,-1.));
#3873=DIRECTION('',(0.,0.,-1.));
#3874=DIRECTION('',(-1.,0.,0.));
#3875=DIRECTION('',(0.,0.,-1.));
#3876=DIRECTION('',(1.,0.,0.));
#3877=DIRECTION('',(0.,0.,1.));
#3878=DIRECTION('',(0.,0.,1.));
#3879=DIRECTION('',(1.,0.,0.));
#3880=DIRECTION('',(0.,0.,-1.));
#3881=DIRECTION('',(0.,0.,-1.));
#3882=DIRECTION('',(-1.,0.,0.));
#3883=DIRECTION('',(0.,0.,-1.));
#3884=DIRECTION('',(1.,0.,0.));
#3885=DIRECTION('',(0.,0.,1.));
#3886=DIRECTION('',(0.,0.,1.));
#3887=DIRECTION('',(-1.,0.,0.));
#3888=DIRECTION('',(0.,0.,-1.));
#3889=DIRECTION('',(0.,0.,1.));
#3890=DIRECTION('',(1.,0.,0.));
#3891=DIRECTION('',(0.,0.,-1.));
#3892=DIRECTION('',(1.,0.,0.));
#3893=DIRECTION('',(0.,0.,1.));
#3894=DIRECTION('',(0.,0.,1.));
#3895=DIRECTION('',(-1.,0.,0.));
#3896=DIRECTION('',(0.,0.,-1.));
#3897=DIRECTION('',(0.,0.,-1.));
#3898=DIRECTION('',(-1.,0.,0.));
#3899=DIRECTION('',(0.,-1.,0.));
#3900=DIRECTION('',(0.,-1.,0.));
#3901=DIRECTION('',(0.,0.,-1.));
#3902=DIRECTION('',(1.,0.,0.));
#3903=DIRECTION('',(0.,0.,-1.));
#3904=DIRECTION('',(-1.,0.,0.));
#3905=DIRECTION('',(-1.,0.,0.));
#3906=DIRECTION('',(0.,-1.,0.));
#3907=DIRECTION('',(0.,0.,-1.));
#3908=DIRECTION('',(-1.,0.,0.));
#3909=DIRECTION('',(0.,0.,-1.));
#3910=DIRECTION('',(1.,0.,0.));
#3911=DIRECTION('',(1.,0.,0.));
#3912=DIRECTION('',(0.,0.,-1.));
#3913=DIRECTION('',(-1.,0.,0.));
#3914=DIRECTION('',(1.,0.,0.));
#3915=DIRECTION('',(0.,0.,-1.));
#3916=DIRECTION('',(-1.,0.,0.));
#3917=DIRECTION('',(0.,0.,-1.));
#3918=DIRECTION('',(1.,0.,0.));
#3919=DIRECTION('',(1.,0.,0.));
#3920=DIRECTION('',(0.,0.,-1.));
#3921=DIRECTION('',(-1.,0.,0.));
#3922=DIRECTION('',(1.,0.,0.));
#3923=DIRECTION('',(0.,0.,-1.));
#3924=DIRECTION('',(-1.,0.,0.));
#3925=DIRECTION('',(0.,0.,-1.));
#3926=DIRECTION('',(1.,0.,0.));
#3927=DIRECTION('',(1.,0.,0.));
#3928=DIRECTION('',(0.,0.,-1.));
#3929=DIRECTION('',(-1.,0.,0.));
#3930=DIRECTION('',(1.,0.,0.));
#3931=DIRECTION('',(0.,0.,-1.));
#3932=DIRECTION('',(-1.,0.,0.));
#3933=DIRECTION('',(0.,-6.93889390390723E-15,-1.));
#3934=DIRECTION('',(1.,0.,0.));
#3935=DIRECTION('',(1.,0.,0.));
#3936=DIRECTION('',(0.,0.,-1.));
#3937=DIRECTION('',(-1.,0.,0.));
#3938=DIRECTION('',(1.,0.,0.));
#3939=DIRECTION('',(0.,0.,-1.));
#3940=DIRECTION('',(0.,0.,1.));
#3941=DIRECTION('',(0.,0.,1.));
#3942=DIRECTION('',(0.,-1.,0.));
#3943=DIRECTION('',(0.,0.,-1.));
#3944=DIRECTION('',(0.,1.,0.));
#3945=DIRECTION('',(0.,1.,0.));
#3946=DIRECTION('',(0.,0.,1.));
#3947=DIRECTION('',(1.,0.,0.));
#3948=DIRECTION('',(0.,0.,-1.));
#3949=DIRECTION('',(0.,0.,-1.));
#3950=DIRECTION('',(0.,1.,0.));
#3951=DIRECTION('',(0.,0.,1.));
#3952=DIRECTION('',(0.,-1.,0.));
#3953=DIRECTION('',(0.,-1.,0.));
#3954=DIRECTION('',(0.,0.,-1.));
#3955=DIRECTION('',(-1.,0.,0.));
#3956=DIRECTION('',(0.,-1.,0.));
#3957=DIRECTION('',(-1.,0.,0.));
#3958=DIRECTION('',(0.,2.31296463463574E-15,-1.));
#3959=DIRECTION('',(0.,-0.242535625036333,-0.970142500145332));
#3960=DIRECTION('',(-1.,0.,0.));
#3961=DIRECTION('',(0.,0.,-1.));
#3962=DIRECTION('',(0.,1.,0.));
#3963=DIRECTION('',(-1.,0.,0.));
#3964=DIRECTION('',(0.,0.,-1.));
#3965=DIRECTION('',(-1.,0.,0.));
#3966=DIRECTION('',(0.,2.31296463463574E-15,-1.));
#3967=DIRECTION('',(0.,-0.242535625036333,0.970142500145332));
#3968=DIRECTION('',(-1.,0.,0.));
#3969=DIRECTION('',(0.,0.,-1.));
#3970=DIRECTION('',(-1.,0.,0.));
#3971=DIRECTION('',(0.,0.,1.));
#3972=DIRECTION('',(-1.,0.,0.));
#3973=DIRECTION('',(0.,0.,1.));
#3974=DIRECTION('',(1.,0.,0.));
#3975=DIRECTION('',(0.,0.,-1.));
#3976=DIRECTION('',(1.,2.00709669506788E-16,0.));
#3977=DIRECTION('',(-1.,-2.00709669506788E-16,7.03407620273929E-34));
#3978=DIRECTION('',(-1.,-2.00709669506788E-16,0.));
#3979=DIRECTION('',(0.,-1.,0.));
#3980=DIRECTION('',(-1.,-2.00709669506788E-16,0.));
#3981=DIRECTION('',(0.,-1.,0.));
#3982=DIRECTION('',(1.,2.00709669506788E-16,-7.03407620273929E-34));
#3983=DIRECTION('',(-1.,-2.00709669506788E-16,0.));
#3984=DIRECTION('',(-1.,-2.00709669506788E-16,0.));
#3985=DIRECTION('',(0.,-1.,0.));
#3986=DIRECTION('',(-1.,-2.00709669506788E-16,0.));
#3987=DIRECTION('',(0.,-1.,0.));
#3988=DIRECTION('',(-1.,-2.00709669506788E-16,0.));
#3989=DIRECTION('',(-1.,-2.00709669506788E-16,0.));
#3990=DIRECTION('',(0.,-1.,0.));
#3991=DIRECTION('',(1.,2.00709669506788E-16,7.03407620273929E-34));
#3992=DIRECTION('',(-1.,-2.00709669506788E-16,0.));
#3993=DIRECTION('',(0.,-1.,0.));
#3994=DIRECTION('',(1.,2.00709669506788E-16,0.));
#3995=DIRECTION('',(-1.,-2.00709669506788E-16,-7.03407620273929E-34));
#3996=DIRECTION('',(-1.,-2.00709669506788E-16,0.));
#3997=DIRECTION('',(0.,-1.,0.));
#3998=DIRECTION('',(-1.,-2.00709669506788E-16,0.));
#3999=DIRECTION('',(0.,-1.,0.));
#4000=DIRECTION('',(0.,0.242535625036333,-0.970142500145332));
#4001=DIRECTION('',(1.94716980578658E-16,-0.970142500145332,-0.242535625036333));
#4002=DIRECTION('',(0.,0.242535625036333,-0.970142500145332));
#4003=DIRECTION('',(0.,1.,0.));
#4004=DIRECTION('',(0.,0.,-1.));
#4005=DIRECTION('',(-1.,0.,0.));
#4006=DIRECTION('',(0.,0.242535625036333,0.970142500145332));
#4007=DIRECTION('',(-1.94716980578658E-16,0.970142500145332,-0.242535625036333));
#4008=DIRECTION('',(0.,0.242535625036333,0.970142500145332));
#4009=DIRECTION('',(-1.,-2.00709669506788E-16,0.));
#4010=DIRECTION('',(0.,-1.,0.));
#4011=DIRECTION('',(0.,0.,1.));
#4012=DIRECTION('',(1.,0.,0.));
#4013=DIRECTION('',(0.707106781186547,-8.65956056235493E-17,-0.707106781186548));
#4014=DIRECTION('',(0.,0.,1.));
#4015=DIRECTION('',(1.,0.,0.));
#4016=DIRECTION('',(-0.707106781186547,0.,-0.707106781186548));
#4017=DIRECTION('',(0.,0.,1.));
#4018=DIRECTION('',(1.,0.,0.));
#4019=DIRECTION('',(0.,0.,1.));
#4020=DIRECTION('',(1.,0.,-1.02027299090497E-16));
#4021=DIRECTION('',(0.,0.,-1.));
#4022=DIRECTION('',(0.,0.,1.));
#4023=DIRECTION('',(1.,0.,0.));
#4024=DIRECTION('',(0.,0.,-1.));
#4025=DIRECTION('',(0.,0.,1.));
#4026=DIRECTION('',(1.,0.,0.));
#4027=DIRECTION('',(0.707106781186547,-8.65956056235493E-17,-0.707106781186548));
#4028=DIRECTION('',(0.,0.,1.));
#4029=DIRECTION('',(1.,0.,0.));
#4030=DIRECTION('',(-0.707106781186547,0.,-0.707106781186548));
#4031=DIRECTION('',(0.,0.,1.));
#4032=DIRECTION('',(1.,0.,0.));
#4033=DIRECTION('',(0.,0.,1.));
#4034=DIRECTION('',(1.,0.,-1.02027299090497E-16));
#4035=DIRECTION('',(0.,0.,-1.));
#4036=DIRECTION('',(0.,0.,1.));
#4037=DIRECTION('',(1.,0.,0.));
#4038=DIRECTION('',(0.,0.,-1.));
#4039=DIRECTION('',(0.,0.,1.));
#4040=DIRECTION('',(1.,0.,0.));
#4041=DIRECTION('',(0.707106781186546,-8.65956056235491E-17,-0.707106781186549));
#4042=DIRECTION('',(0.,0.,1.));
#4043=DIRECTION('',(1.,0.,0.));
#4044=DIRECTION('',(-0.707106781186546,0.,-0.707106781186549));
#4045=DIRECTION('',(0.,0.,1.));
#4046=DIRECTION('',(1.,0.,0.));
#4047=DIRECTION('',(0.,0.,1.));
#4048=DIRECTION('',(1.,0.,-1.02027299090497E-16));
#4049=DIRECTION('',(0.,0.,-1.));
#4050=DIRECTION('',(0.,0.,1.));
#4051=DIRECTION('',(1.,0.,0.));
#4052=DIRECTION('',(0.,0.,-1.));
#4053=DIRECTION('',(0.,0.,1.));
#4054=DIRECTION('',(1.,0.,0.));
#4055=DIRECTION('',(0.,0.,1.));
#4056=DIRECTION('',(1.,0.,0.));
#4057=DIRECTION('',(0.,0.,1.));
#4058=DIRECTION('',(1.,0.,0.));
#4059=DIRECTION('',(0.,0.,1.));
#4060=DIRECTION('',(1.,0.,0.));
#4061=DIRECTION('',(1.,0.,0.));
#4062=DIRECTION('',(0.,0.,-1.));
#4063=DIRECTION('',(1.,0.,0.));
#4064=DIRECTION('',(0.,0.,1.));
#4065=DIRECTION('',(1.,0.,0.));
#4066=DIRECTION('',(0.,0.,1.));
#4067=DIRECTION('',(1.,0.,0.));
#4068=DIRECTION('',(0.,0.,1.));
#4069=DIRECTION('',(1.,0.,0.));
#4070=DIRECTION('',(0.,0.,1.));
#4071=DIRECTION('',(1.,0.,0.));
#4072=DIRECTION('',(0.,0.,1.));
#4073=DIRECTION('',(1.,0.,0.));
#4074=DIRECTION('',(0.,0.,1.));
#4075=DIRECTION('',(1.,0.,0.));
#4076=DIRECTION('',(0.,0.,-1.));
#4077=DIRECTION('',(0.,0.,-1.));
#4078=DIRECTION('',(0.,0.,1.));
#4079=DIRECTION('',(1.,0.,0.));
#4080=DIRECTION('',(0.,0.,-1.));
#4081=DIRECTION('',(-1.,0.,0.));
#4082=DIRECTION('',(0.,0.,1.));
#4083=DIRECTION('',(1.,0.,0.));
#4084=DIRECTION('',(0.,0.,1.));
#4085=DIRECTION('',(1.,0.,0.));
#4086=DIRECTION('',(0.,0.,1.));
#4087=DIRECTION('',(1.,0.,0.));
#4088=DIRECTION('',(1.,5.33761069531325E-16,0.));
#4089=DIRECTION('',(0.,0.,-1.));
#4090=DIRECTION('',(1.,8.67361737988406E-15,0.));
#4091=DIRECTION('',(0.,0.,1.));
#4092=DIRECTION('',(1.,0.,0.));
#4093=DIRECTION('',(0.,0.,1.));
#4094=DIRECTION('',(1.,0.,0.));
#4095=DIRECTION('',(0.,0.,-1.));
#4096=DIRECTION('',(0.,0.,1.));
#4097=DIRECTION('',(1.,0.,0.));
#4098=DIRECTION('',(0.,0.,-1.));
#4099=DIRECTION('',(-1.,0.,0.));
#4100=DIRECTION('',(1.,0.,0.));
#4101=DIRECTION('',(-2.31296463463574E-16,1.,0.));
#4102=DIRECTION('',(-1.,-2.31296463463574E-16,0.));
#4103=DIRECTION('',(0.,-1.,0.));
#4104=DIRECTION('',(0.,0.,1.));
#4105=DIRECTION('',(1.,0.,0.));
#4106=DIRECTION('',(0.,-1.,0.));
#4107=DIRECTION('',(0.,0.,-1.));
#4108=DIRECTION('',(1.,0.,0.));
#4109=DIRECTION('',(0.,0.,-1.));
#4110=DIRECTION('',(-1.,-2.31296463463574E-16,0.));
#4111=DIRECTION('',(0.,0.,-1.));
#4112=DIRECTION('',(2.31296463463574E-16,-1.,0.));
#4113=DIRECTION('',(1.,2.32452945780892E-16,0.));
#4114=DIRECTION('',(-2.31296463463574E-16,1.,0.));
#4115=DIRECTION('',(-1.,-2.31296463463574E-16,0.));
#4116=DIRECTION('',(2.32452945780892E-16,-1.,0.));
#4117=DIRECTION('',(-1.,0.,0.));
#4118=DIRECTION('',(-6.93889390390723E-16,-1.,0.));
#4119=DIRECTION('',(1.,0.,0.));
#4120=DIRECTION('',(0.,1.,0.));
#4121=DIRECTION('',(0.,0.,1.));
#4122=DIRECTION('',(1.,0.,0.));
#4123=DIRECTION('',(0.,1.,0.));
#4124=DIRECTION('',(0.,0.,-1.));
#4125=DIRECTION('',(-1.,0.,0.));
#4126=DIRECTION('',(0.,0.,1.));
#4127=DIRECTION('',(1.,0.,0.));
#4128=DIRECTION('',(0.,0.,-1.));
#4129=DIRECTION('',(0.,1.,0.));
#4130=DIRECTION('',(0.,0.,1.));
#4131=DIRECTION('',(-6.93889390390723E-16,-1.,0.));
#4132=DIRECTION('',(1.,-6.93889390390723E-16,0.));
#4133=DIRECTION('',(6.93889390390723E-16,1.,0.));
#4134=DIRECTION('',(-1.,0.,0.));
#4135=DIRECTION('',(0.,-1.,0.));
#4136=DIRECTION('',(1.,2.31296463463574E-16,0.));
#4137=DIRECTION('',(-1.73472347597681E-16,1.,0.));
#4138=DIRECTION('',(0.,0.,1.));
#4139=DIRECTION('',(1.,0.,0.));
#4140=DIRECTION('',(-1.73472347597681E-16,1.,0.));
#4141=DIRECTION('',(0.,0.,-1.));
#4142=DIRECTION('',(-1.,-1.73472347597681E-16,0.));
#4143=DIRECTION('',(1.73472347597681E-16,-1.,0.));
#4144=DIRECTION('',(1.,2.31296463463574E-16,0.));
#4145=DIRECTION('',(0.,0.,-1.));
#4146=DIRECTION('',(-2.31296463463574E-16,1.,0.));
#4147=DIRECTION('',(-1.,-2.32452945780892E-16,0.));
#4148=DIRECTION('',(0.,-1.,0.));
#4149=DIRECTION('',(1.,0.,0.));
#4150=DIRECTION('',(0.,0.,-1.));
#4151=DIRECTION('',(0.,0.,-1.));
#4152=DIRECTION('',(1.,0.,0.));
#4153=DIRECTION('',(0.,0.,1.));
#4154=DIRECTION('',(0.,0.,1.));
#4155=DIRECTION('',(-1.,0.,0.));
#4156=DIRECTION('',(0.,0.,-1.));
#4157=DIRECTION('',(0.,0.,1.));
#4158=DIRECTION('',(1.,0.,0.));
#4159=DIRECTION('',(0.,0.,1.));
#4160=DIRECTION('',(1.,0.,0.));
#4161=DIRECTION('',(0.,0.,-1.));
#4162=DIRECTION('',(0.,0.,-1.));
#4163=DIRECTION('',(-1.,0.,0.));
#4164=DIRECTION('',(0.,0.,1.));
#4165=DIRECTION('',(0.,0.,-1.));
#4166=DIRECTION('',(-1.,0.,0.));
#4167=DIRECTION('',(0.,0.,1.));
#4168=DIRECTION('',(1.,0.,0.));
#4169=DIRECTION('',(0.,0.,-1.));
#4170=DIRECTION('',(0.,0.,-1.));
#4171=DIRECTION('',(-1.,0.,0.));
#4172=DIRECTION('',(0.,0.,1.));
#4173=DIRECTION('',(0.,0.,-1.));
#4174=DIRECTION('',(-1.,0.,0.));
#4175=DIRECTION('',(0.,0.,1.));
#4176=DIRECTION('',(1.,0.,0.));
#4177=DIRECTION('',(0.,0.,-1.));
#4178=DIRECTION('',(0.,0.,-1.));
#4179=DIRECTION('',(-1.,0.,0.));
#4180=DIRECTION('',(0.,0.,1.));
#4181=DIRECTION('',(0.,0.,-1.));
#4182=DIRECTION('',(-1.,0.,0.));
#4183=DIRECTION('',(0.,0.,1.));
#4184=DIRECTION('',(1.,0.,0.));
#4185=DIRECTION('',(0.,0.,-1.));
#4186=DIRECTION('',(0.,0.,-1.));
#4187=DIRECTION('',(-1.,0.,0.));
#4188=DIRECTION('',(0.,0.,1.));
#4189=DIRECTION('',(0.,0.,-1.));
#4190=DIRECTION('',(-1.,0.,0.));
#4191=DIRECTION('',(0.,0.,1.));
#4192=DIRECTION('',(1.,0.,0.));
#4193=DIRECTION('',(0.,0.,1.));
#4194=DIRECTION('',(0.,0.,-1.));
#4195=DIRECTION('',(1.,-6.93889390390722E-15,0.));
#4196=DIRECTION('',(0.,0.,1.));
#4197=DIRECTION('',(0.,0.,1.));
#4198=DIRECTION('',(1.,0.,0.));
#4199=DIRECTION('',(0.,0.,-1.));
#4200=DIRECTION('',(1.,0.,0.));
#4201=DIRECTION('',(0.,0.,1.));
#4202=DIRECTION('',(0.,0.,1.));
#4203=DIRECTION('',(1.,0.,0.));
#4204=DIRECTION('',(0.,0.,1.));
#4205=DIRECTION('',(1.,0.,0.));
#4206=DIRECTION('',(0.,0.,1.));
#4207=DIRECTION('',(1.,0.,0.));
#4208=DIRECTION('',(0.,0.,1.));
#4209=DIRECTION('',(0.,0.,-1.));
#4210=DIRECTION('',(1.,1.73472347597681E-15,0.));
#4211=DIRECTION('',(0.,0.,1.));
#4212=DIRECTION('',(1.,0.,0.));
#4213=DIRECTION('',(0.,1.,0.));
#4214=DIRECTION('',(0.,0.,1.));
#4215=DIRECTION('',(2.00709669506788E-16,-1.,0.));
#4216=DIRECTION('',(0.,1.,0.));
#4217=DIRECTION('',(-1.,-2.00709669506788E-16,0.));
#4218=DIRECTION('',(1.94289029309402E-16,-1.,0.));
#4219=DIRECTION('',(0.,0.,1.));
#4220=DIRECTION('',(1.,0.,0.));
#4221=DIRECTION('',(0.,0.,1.));
#4222=DIRECTION('',(0.,0.,1.));
#4223=DIRECTION('',(1.,0.,0.));
#4224=DIRECTION('',(0.,0.,1.));
#4225=DIRECTION('',(1.,0.,0.));
#4226=DIRECTION('',(0.,0.,-1.));
#4227=DIRECTION('',(1.,0.,0.));
#4228=DIRECTION('',(0.,0.,1.));
#4229=DIRECTION('',(0.,0.,-1.));
#4230=DIRECTION('',(1.,-3.46944695195362E-15,0.));
#4231=DIRECTION('',(0.,0.,1.));
#4232=DIRECTION('',(1.,0.,0.));
#4233=DIRECTION('',(0.,0.,1.));
#4234=DIRECTION('',(1.,0.,0.));
#4235=DIRECTION('',(0.,0.,1.));
#4236=DIRECTION('',(0.,0.,1.));
#4237=DIRECTION('',(1.,0.,0.));
#4238=DIRECTION('',(0.,0.,1.));
#4239=DIRECTION('',(1.,0.,0.));
#4240=DIRECTION('',(0.,0.,-1.));
#4241=DIRECTION('',(-1.,0.,0.));
#4242=DIRECTION('',(0.,0.,1.));
#4243=DIRECTION('',(0.,0.,-1.));
#4244=DIRECTION('',(1.,-1.73472347597681E-15,0.));
#4245=DIRECTION('',(0.,0.,1.));
#4246=DIRECTION('',(0.,0.,1.));
#4247=DIRECTION('',(1.,0.,0.));
#4248=DIRECTION('',(0.,0.,1.));
#4249=DIRECTION('',(-1.,-3.46944695195361E-15,0.));
#4250=DIRECTION('',(0.,0.,1.));
#4251=DIRECTION('',(0.,0.,1.));
#4252=DIRECTION('',(1.,0.,0.));
#4253=DIRECTION('',(0.,0.,1.));
#4254=DIRECTION('',(1.,0.,0.));
#4255=DIRECTION('',(0.,0.,-1.));
#4256=DIRECTION('',(-1.,0.,0.));
#4257=DIRECTION('',(0.,0.,1.));
#4258=DIRECTION('',(0.,0.,-1.));
#4259=DIRECTION('',(1.,0.,0.));
#4260=DIRECTION('',(0.,0.,1.));
#4261=DIRECTION('',(1.,0.,0.));
#4262=DIRECTION('',(0.,0.,1.));
#4263=DIRECTION('',(2.00709669506788E-16,-1.,0.));
#4264=DIRECTION('',(2.00709669506788E-16,-1.,0.));
#4265=DIRECTION('',(-1.,-2.00709669506788E-16,0.));
#4266=DIRECTION('',(0.,-1.,0.));
#4267=DIRECTION('',(-1.,-2.00709669506788E-16,0.));
#4268=DIRECTION('',(0.,-1.,0.));
#4269=DIRECTION('',(-1.,-2.00709669506788E-16,0.));
#4270=DIRECTION('',(0.,-1.,0.));
#4271=DIRECTION('',(-1.,-2.00709669506788E-16,0.));
#4272=DIRECTION('',(1.94289029309402E-16,-1.,0.));
#4273=DIRECTION('',(0.,0.,1.));
#4274=DIRECTION('',(0.,0.,1.));
#4275=DIRECTION('',(1.,0.,0.));
#4276=DIRECTION('',(0.,0.,1.));
#4277=DIRECTION('',(-1.,1.73472347597681E-15,0.));
#4278=DIRECTION('',(0.,0.,1.));
#4279=DIRECTION('',(1.,0.,0.));
#4280=DIRECTION('',(0.,0.,1.));
#4281=DIRECTION('',(0.,0.,-1.));
#4282=DIRECTION('',(1.,0.,0.));
#4283=DIRECTION('',(0.,0.,-1.));
#4284=DIRECTION('',(-1.,0.,0.));
#4285=DIRECTION('',(0.,0.,1.));
#4286=DIRECTION('',(1.,0.,0.));
#4287=DIRECTION('',(0.,0.,1.));
#4288=DIRECTION('',(0.,0.,1.));
#4289=DIRECTION('',(1.,0.,0.));
#4290=DIRECTION('',(0.,0.,1.));
#4291=DIRECTION('',(-1.,1.73472347597681E-15,0.));
#4292=DIRECTION('',(0.,0.,1.));
#4293=DIRECTION('',(1.,0.,0.));
#4294=DIRECTION('',(1.,1.4685489743719E-16,0.));
#4295=DIRECTION('',(-1.55930200087803E-16,1.,0.));
#4296=DIRECTION('',(-1.,-1.4685489743719E-16,0.));
#4297=DIRECTION('',(0.,-1.,0.));
#4298=DIRECTION('',(-1.,-1.23071062143815E-16,0.));
#4299=DIRECTION('',(-1.,-4.10236873812716E-17,0.));
#4300=DIRECTION('',(-1.,-4.10236873812716E-17,0.));
#4301=DIRECTION('',(-1.,-1.23071062143815E-16,0.));
#4302=DIRECTION('',(0.,0.,1.));
#4303=DIRECTION('',(1.,0.,0.));
#4304=DIRECTION('',(0.,0.,1.));
#4305=DIRECTION('',(1.,0.,0.));
#4306=DIRECTION('',(0.,0.,1.));
#4307=DIRECTION('',(1.,0.,0.));
#4308=DIRECTION('',(0.,0.,1.));
#4309=DIRECTION('',(1.,0.,0.));
#4310=DIRECTION('',(0.,0.,1.));
#4311=DIRECTION('',(1.,0.,0.));
#4312=DIRECTION('',(0.,0.,1.));
#4313=DIRECTION('',(1.,0.,0.));
#4314=DIRECTION('',(0.,0.,1.));
#4315=DIRECTION('',(1.,0.,0.));
#4316=DIRECTION('',(0.,-1.,0.));
#4317=DIRECTION('',(-1.,0.,0.));
#4318=DIRECTION('',(0.,0.,1.));
#4319=DIRECTION('',(1.,1.4685489743719E-16,0.));
#4320=DIRECTION('',(1.4685489743719E-16,-1.,0.));
#4321=DIRECTION('',(1.,1.45716771982052E-16,0.));
#4322=DIRECTION('',(-1.55930200087803E-16,1.,0.));
#4323=DIRECTION('',(1.,1.55930200087803E-16,0.));
#4324=DIRECTION('',(-1.52655665885959E-16,1.,0.));
#4325=DIRECTION('',(-1.,-1.4685489743719E-16,0.));
#4326=DIRECTION('',(-1.4685489743719E-16,1.,0.));
#4327=DIRECTION('',(-1.,-1.45716771982052E-16,0.));
#4328=DIRECTION('',(0.,-1.,0.));
#4329=DIRECTION('',(-1.,-1.42336285208353E-16,0.));
#4330=DIRECTION('',(-1.46081976924363E-16,1.,0.));
#4331=DIRECTION('',(1.,1.42336285208353E-16,0.));
#4332=DIRECTION('',(0.,0.,1.));
#4333=DIRECTION('',(1.,0.,0.));
#4334=DIRECTION('',(0.,0.,1.));
#4335=DIRECTION('',(1.,0.,0.));
#4336=DIRECTION('',(0.,0.,1.));
#4337=DIRECTION('',(1.,0.,0.));
#4338=DIRECTION('',(0.,0.,-1.));
#4339=DIRECTION('',(-1.,0.,0.));
#4340=DIRECTION('',(0.,0.,-1.));
#4341=DIRECTION('',(-1.,0.,0.));
#4342=DIRECTION('',(0.,0.,-1.));
#4343=DIRECTION('',(-1.,0.,0.));
#4344=DIRECTION('',(0.,-1.,0.));
#4345=DIRECTION('',(1.,1.42336285208353E-16,0.));
#4346=DIRECTION('',(-1.46081976924363E-16,1.,0.));
#4347=DIRECTION('',(-1.,-1.42336285208353E-16,0.));
#4348=DIRECTION('',(0.,0.,-1.));
#4349=DIRECTION('',(-1.,0.,0.));
#4350=DIRECTION('',(0.,0.,-1.));
#4351=DIRECTION('',(0.,0.,-1.));
#4352=DIRECTION('',(1.42336285208353E-16,-1.,0.));
#4353=DIRECTION('',(1.,1.45716771982052E-16,0.));
#4354=DIRECTION('',(0.,0.,-1.));
#4355=DIRECTION('',(-1.,-1.46081976924363E-16,0.));
#4356=DIRECTION('',(1.52655665885959E-16,-1.,0.));
#4357=DIRECTION('',(0.,0.,-1.));
#4358=DIRECTION('',(-1.42336285208353E-16,1.,0.));
#4359=DIRECTION('',(-1.,-1.45716771982052E-16,0.));
#4360=DIRECTION('',(1.,0.,0.));
#4361=DIRECTION('',(0.,0.,-1.));
#4362=DIRECTION('',(-1.,-2.03977431580476E-16,0.));
#4363=DIRECTION('',(-1.,-2.03977431580476E-16,0.));
#4364=DIRECTION('',(-1.23071062143815E-16,1.,0.));
#4365=DIRECTION('',(-1.,-1.2490009027033E-16,0.));
#4366=DIRECTION('',(8.36011313723763E-17,-1.,0.));
#4367=DIRECTION('',(8.36011313723763E-17,-1.,0.));
#4368=DIRECTION('',(1.,8.36011313723763E-17,0.));
#4369=DIRECTION('',(-8.32667268468867E-17,1.,0.));
#4370=DIRECTION('',(-1.,-4.10236873812716E-17,0.));
#4371=DIRECTION('',(-1.,-1.23071062143815E-16,0.));
#4372=DIRECTION('',(0.,0.,1.));
#4373=DIRECTION('',(1.,0.,0.));
#4374=DIRECTION('',(0.,0.,-1.));
#4375=DIRECTION('',(-1.,0.,0.));
#4376=DIRECTION('',(-1.,-2.03977431580476E-16,0.));
#4377=DIRECTION('',(-1.,-2.03977431580476E-16,0.));
#4378=DIRECTION('',(-1.23071062143815E-16,1.,0.));
#4379=DIRECTION('',(-1.,-1.2490009027033E-16,0.));
#4380=DIRECTION('',(1.,1.01988715790238E-16,0.));
#4381=DIRECTION('',(1.,1.01988715790238E-16,0.));
#4382=DIRECTION('',(1.,1.01988715790238E-16,0.));
#4383=DIRECTION('',(-4.10236873812716E-17,1.,0.));
#4384=DIRECTION('',(-1.,-4.16333634234434E-17,0.));
#4385=DIRECTION('',(0.,0.,-1.));
#4386=DIRECTION('',(0.,0.,1.));
#4387=DIRECTION('',(1.,0.,0.));
#4388=DIRECTION('',(0.,0.,-1.));
#4389=DIRECTION('',(-1.,0.,0.));
#4390=DIRECTION('',(1.,1.01988715790238E-16,0.));
#4391=DIRECTION('',(1.,1.01988715790238E-16,0.));
#4392=DIRECTION('',(-4.10236873812716E-17,1.,0.));
#4393=DIRECTION('',(-1.,-4.16333634234434E-17,0.));
#4394=DIRECTION('',(0.,0.,1.));
#4395=DIRECTION('',(1.,0.,0.));
#4396=DIRECTION('',(0.,0.,1.));
#4397=DIRECTION('',(1.,0.,0.));
#4398=DIRECTION('',(0.,0.,-1.));
#4399=DIRECTION('',(1.,0.,0.));
#4400=DIRECTION('',(0.,0.,1.));
#4401=DIRECTION('',(1.,0.,0.));
#4402=DIRECTION('',(0.,0.,1.));
#4403=DIRECTION('',(1.,0.,0.));
#4404=DIRECTION('',(0.,0.,-1.));
#4405=DIRECTION('',(1.,0.,0.));
#4406=DIRECTION('',(0.,0.,1.));
#4407=DIRECTION('',(-1.,0.,0.));
#4408=DIRECTION('',(0.,0.,1.));
#4409=DIRECTION('',(1.,0.,0.));
#4410=DIRECTION('',(0.,0.,1.));
#4411=DIRECTION('',(1.,0.,0.));
#4412=DIRECTION('',(0.,0.,-1.));
#4413=DIRECTION('',(0.,0.,-1.));
#4414=DIRECTION('',(0.,0.,1.));
#4415=DIRECTION('',(1.,0.,0.));
#4416=DIRECTION('',(0.,0.,1.));
#4417=DIRECTION('',(1.,0.,0.));
#4418=DIRECTION('',(0.,0.,-1.));
#4419=DIRECTION('',(0.,0.,-1.));
#4420=DIRECTION('',(-1.,0.,0.));
#4421=DIRECTION('',(0.,0.,-1.));
#4422=DIRECTION('',(-1.,0.,0.));
#4423=DIRECTION('',(0.,0.,-1.));
#4424=DIRECTION('',(0.,0.,-1.));
#4425=DIRECTION('',(-1.,0.,0.));
#4426=DIRECTION('',(0.,0.,-1.));
#4427=DIRECTION('',(-1.,0.,0.));
#4428=DIRECTION('',(0.,0.,-1.));
#4429=DIRECTION('',(-1.,0.,0.));
#4430=DIRECTION('',(0.,0.,1.));
#4431=DIRECTION('',(1.,0.,0.));
#4432=DIRECTION('',(0.,0.,1.));
#4433=DIRECTION('',(1.,0.,0.));
#4434=DIRECTION('',(0.,0.,1.));
#4435=DIRECTION('',(1.,0.,-1.02027299090497E-16));
#4436=DIRECTION('',(0.,0.,1.));
#4437=DIRECTION('',(1.,0.,0.));
#4438=DIRECTION('',(0.,0.,1.));
#4439=DIRECTION('',(1.,0.,0.));
#4440=DIRECTION('',(0.,0.,1.));
#4441=DIRECTION('',(1.,0.,-1.02027299090497E-16));
#4442=DIRECTION('',(0.,0.,1.));
#4443=DIRECTION('',(1.,0.,0.));
#4444=DIRECTION('',(0.,0.,1.));
#4445=DIRECTION('',(1.,0.,0.));
#4446=DIRECTION('',(0.,0.,1.));
#4447=DIRECTION('',(1.,0.,-1.02027299090497E-16));
#4448=DIRECTION('',(-1.,-2.00709669506788E-16,0.));
#4449=DIRECTION('',(0.,-1.,0.));
#4450=DIRECTION('',(0.,0.,1.));
#4451=DIRECTION('',(1.,0.,0.));
#4452=DIRECTION('',(0.,0.,1.));
#4453=DIRECTION('',(1.,0.,-8.33423442383847E-18));
#4454=DIRECTION('',(0.,0.,1.));
#4455=DIRECTION('',(1.,0.,0.));
#4456=DIRECTION('',(0.,0.,1.));
#4457=DIRECTION('',(1.,0.,0.));
#4458=DIRECTION('',(0.,0.,1.));
#4459=DIRECTION('',(1.,0.,-9.01042534656461E-17));
#4460=DIRECTION('',(0.,0.,1.));
#4461=DIRECTION('',(1.,0.,0.));
#4462=DIRECTION('',(0.,0.,1.));
#4463=DIRECTION('',(1.,0.,-8.33423442383842E-18));
#4464=DIRECTION('',(0.,0.,1.));
#4465=DIRECTION('',(1.,0.,0.));
#4466=DIRECTION('',(0.,0.,1.));
#4467=DIRECTION('',(1.,0.,0.));
#4468=DIRECTION('',(0.,0.,1.));
#4469=DIRECTION('',(1.,0.,-9.01042534656464E-17));
#4470=DIRECTION('',(0.,0.,1.));
#4471=DIRECTION('',(1.,0.,0.));
#4472=DIRECTION('',(0.,0.,1.));
#4473=DIRECTION('',(1.,0.,-8.33423442383842E-18));
#4474=DIRECTION('',(0.,0.,1.));
#4475=DIRECTION('',(1.,0.,0.));
#4476=DIRECTION('',(0.,0.,1.));
#4477=DIRECTION('',(1.,0.,0.));
#4478=DIRECTION('',(0.,0.,1.));
#4479=DIRECTION('',(1.,0.,-9.01042534656464E-17));
#4480=DIRECTION('',(0.,0.,1.));
#4481=DIRECTION('',(1.,0.,0.));
#4482=DIRECTION('',(0.,0.,1.));
#4483=DIRECTION('',(1.,0.,-8.33423442383842E-18));
#4484=DIRECTION('',(0.,0.,1.));
#4485=DIRECTION('',(1.,0.,0.));
#4486=DIRECTION('',(0.,0.,1.));
#4487=DIRECTION('',(1.,0.,0.));
#4488=DIRECTION('',(0.,0.,1.));
#4489=DIRECTION('',(1.,0.,-9.01042534656464E-17));
#4490=DIRECTION('',(0.,0.,1.));
#4491=DIRECTION('',(1.,0.,0.));
#4492=DIRECTION('',(0.,0.,1.));
#4493=DIRECTION('',(1.,0.,-8.33423442383847E-18));
#4494=DIRECTION('',(0.,0.,1.));
#4495=DIRECTION('',(1.,0.,0.));
#4496=DIRECTION('',(0.,0.,1.));
#4497=DIRECTION('',(1.,0.,0.));
#4498=DIRECTION('',(0.,0.,1.));
#4499=DIRECTION('',(1.,0.,-9.01042534656461E-17));
#4500=DIRECTION('',(0.,0.,1.));
#4501=DIRECTION('',(1.,0.,0.));
#4502=DIRECTION('',(0.,0.,1.));
#4503=DIRECTION('',(1.,0.,-8.33423442383842E-18));
#4504=DIRECTION('',(0.,0.,1.));
#4505=DIRECTION('',(1.,0.,0.));
#4506=DIRECTION('',(0.,0.,1.));
#4507=DIRECTION('',(1.,0.,0.));
#4508=DIRECTION('',(0.,0.,1.));
#4509=DIRECTION('',(1.,0.,-9.01042534656464E-17));
#4510=DIRECTION('',(0.,0.,-1.));
#4511=DIRECTION('',(-1.,0.,0.));
#4512=DIRECTION('',(0.,0.,1.));
#4513=DIRECTION('',(1.,0.,0.));
#4514=DIRECTION('',(0.,0.,1.));
#4515=DIRECTION('',(1.,0.,7.28906262869219E-18));
#4516=DIRECTION('',(0.,0.,1.));
#4517=DIRECTION('',(1.,0.,0.));
#4518=DIRECTION('',(0.,0.,1.));
#4519=DIRECTION('',(1.,0.,0.));
#4520=DIRECTION('',(0.,0.,1.));
#4521=DIRECTION('',(1.,0.,1.03873065600767E-17));
#4522=DIRECTION('',(-1.,0.,0.));
#4523=DIRECTION('',(0.,0.,1.));
#4524=DIRECTION('',(-1.,0.,0.));
#4525=DIRECTION('',(0.,0.,1.));
#4526=DIRECTION('',(-1.,0.,0.));
#4527=DIRECTION('',(-2.77271552814658E-17,0.,1.));
#4528=DIRECTION('',(-1.,0.,0.));
#4529=DIRECTION('',(0.,0.,1.));
#4530=DIRECTION('',(-1.,0.,0.));
#4531=DIRECTION('',(0.,0.,1.));
#4532=DIRECTION('',(-1.,0.,0.));
#4533=DIRECTION('',(-2.77271552814658E-17,0.,1.));
#4534=DIRECTION('',(0.,0.,-1.));
#4535=DIRECTION('',(-1.,0.,0.));
#4536=DIRECTION('',(0.,0.,-1.));
#4537=DIRECTION('',(-1.,0.,0.));
#4538=DIRECTION('',(0.,0.,1.));
#4539=DIRECTION('',(1.,0.,0.));
#4540=CARTESIAN_POINT('',(0.,0.,0.));
#4541=CARTESIAN_POINT('',(-85.5,12.5,2.));
#4542=CARTESIAN_POINT('',(-85.5,12.5,3.));
#4543=CARTESIAN_POINT('',(-85.5,12.5,2.));
#4544=CARTESIAN_POINT('',(-71.5,12.5,2.));
#4545=CARTESIAN_POINT('',(-57.5,12.5,2.));
#4546=CARTESIAN_POINT('',(-57.5,12.5,2.));
#4547=CARTESIAN_POINT('',(-57.5,12.5,3.));
#4548=CARTESIAN_POINT('',(-71.5,12.5,3.));
#4549=CARTESIAN_POINT('',(-71.5,12.5,2.));
#4550=CARTESIAN_POINT('',(-71.5,12.5,2.));
#4551=CARTESIAN_POINT('',(-61.5,12.5,2.));
#4552=CARTESIAN_POINT('',(-81.5,12.5,2.));
#4553=CARTESIAN_POINT('',(-71.5,12.5,2.));
#4554=CARTESIAN_POINT('',(-71.5,12.5,2.));
#4555=CARTESIAN_POINT('',(-71.5,12.5,2.));
#4556=CARTESIAN_POINT('',(-25.0176016105681,-26.8748373885433,11.));
#4557=CARTESIAN_POINT('',(-25.9823983894319,-37.1251626114567,11.));
#4558=CARTESIAN_POINT('',(-25.0176016105681,-26.8748373885433,11.));
#4559=CARTESIAN_POINT('',(-25.9823983894319,-37.1251626114567,34.0217288664427));
#4560=CARTESIAN_POINT('',(-25.9823983894319,-37.1251626114567,9.));
#4561=CARTESIAN_POINT('',(-25.0176016105681,-26.8748373885433,9.));
#4562=CARTESIAN_POINT('',(-25.0176016105681,-26.8748373885433,9.));
#4563=CARTESIAN_POINT('',(-25.0176016105681,-26.8748373885433,34.0217288664427));
#4564=CARTESIAN_POINT('',(-25.0176016105681,-26.8748373885433,34.0217288664427));
#4565=CARTESIAN_POINT('',(-26.,-37.5,34.0217288664427));
#4566=CARTESIAN_POINT('',(-26.,-37.5,11.));
#4567=CARTESIAN_POINT('',(-26.,-37.5,9.));
#4568=CARTESIAN_POINT('',(-22.,-37.5,11.));
#4569=CARTESIAN_POINT('',(-22.,-41.5,11.));
#4570=CARTESIAN_POINT('',(-22.,-41.5,34.0217288664427));
#4571=CARTESIAN_POINT('',(-22.,-41.5,9.));
#4572=CARTESIAN_POINT('',(-22.,-37.5,9.));
#4573=CARTESIAN_POINT('',(-22.,-37.5,34.0217288664427));
#4574=CARTESIAN_POINT('',(-36.,-37.5,11.));
#4575=CARTESIAN_POINT('',(-32.0176016105681,-37.1251626114567,11.));
#4576=CARTESIAN_POINT('',(-36.,-41.5,11.));
#4577=CARTESIAN_POINT('',(-32.0176016105681,-37.1251626114567,34.0217288664427));
#4578=CARTESIAN_POINT('',(-32.0176016105681,-37.1251626114567,9.));
#4579=CARTESIAN_POINT('',(-36.,-37.5,9.));
#4580=CARTESIAN_POINT('',(-36.,-41.5,9.));
#4581=CARTESIAN_POINT('',(-36.,-41.5,34.0217288664427));
#4582=CARTESIAN_POINT('',(-36.,-37.5,34.0217288664427));
#4583=CARTESIAN_POINT('',(-32.9823983894319,-26.8748373885433,11.));
#4584=CARTESIAN_POINT('',(-32.9823983894319,-26.8748373885433,11.));
#4585=CARTESIAN_POINT('',(-32.9823983894319,-26.8748373885433,34.0217288664427));
#4586=CARTESIAN_POINT('',(-32.9823983894319,-26.8748373885433,9.));
#4587=CARTESIAN_POINT('',(-32.9823983894319,-26.8748373885433,9.));
#4588=CARTESIAN_POINT('',(-32.9823983894319,-26.8748373885433,34.0217288664427));
#4589=CARTESIAN_POINT('',(60.0407540913093,-27.0695365085009,11.));
#4590=CARTESIAN_POINT('',(60.0407540913093,-27.0695365085009,11.));
#4591=CARTESIAN_POINT('',(61.4592459086908,-36.9304634914991,11.));
#4592=CARTESIAN_POINT('',(60.0407540913093,-27.0695365085009,34.0217288664427));
#4593=CARTESIAN_POINT('',(60.0407540913093,-27.0695365085009,9.));
#4594=CARTESIAN_POINT('',(60.0407540913093,-27.0695365085009,9.));
#4595=CARTESIAN_POINT('',(61.4592459086908,-36.9304634914991,9.));
#4596=CARTESIAN_POINT('',(61.4592459086908,-36.9304634914991,34.0217288664427));
#4597=CARTESIAN_POINT('',(60.0407540913093,-27.0695365085009,34.0217288664427));
#4598=CARTESIAN_POINT('',(57.5,-37.5,11.));
#4599=CARTESIAN_POINT('',(57.5,-41.5,11.));
#4600=CARTESIAN_POINT('',(57.5,-37.5,9.));
#4601=CARTESIAN_POINT('',(57.5,-41.5,9.));
#4602=CARTESIAN_POINT('',(57.5,-41.5,34.0217288664427));
#4603=CARTESIAN_POINT('',(57.5,-37.5,34.0217288664427));
#4604=CARTESIAN_POINT('',(66.5,-37.5,34.0217288664427));
#4605=CARTESIAN_POINT('',(66.5,-37.5,11.));
#4606=CARTESIAN_POINT('',(66.5,-37.5,9.));
#4607=CARTESIAN_POINT('',(70.5,-37.5,11.));
#4608=CARTESIAN_POINT('',(70.5,-41.5,11.));
#4609=CARTESIAN_POINT('',(70.5,-41.5,34.0217288664427));
#4610=CARTESIAN_POINT('',(70.5,-41.5,9.));
#4611=CARTESIAN_POINT('',(70.5,-37.5,9.));
#4612=CARTESIAN_POINT('',(70.5,-37.5,34.0217288664427));
#4613=CARTESIAN_POINT('',(67.9592459086908,-27.0695365085009,11.));
#4614=CARTESIAN_POINT('',(66.5407540913093,-36.9304634914991,11.));
#4615=CARTESIAN_POINT('',(67.9592459086908,-27.0695365085009,11.));
#4616=CARTESIAN_POINT('',(66.5407540913093,-36.9304634914991,34.0217288664427));
#4617=CARTESIAN_POINT('',(66.5407540913093,-36.9304634914991,9.));
#4618=CARTESIAN_POINT('',(67.9592459086908,-27.0695365085009,9.));
#4619=CARTESIAN_POINT('',(67.9592459086908,-27.0695365085009,9.));
#4620=CARTESIAN_POINT('',(67.9592459086908,-27.0695365085009,34.0217288664427));
#4621=CARTESIAN_POINT('',(67.9592459086908,-27.0695365085009,34.0217288664427));
#4622=CARTESIAN_POINT('',(-96.5,30.,7.97500000000001));
#4623=CARTESIAN_POINT('',(-96.5,30.,7.97500000000001));
#4624=CARTESIAN_POINT('',(-96.275,30.,8.20000000000001));
#4625=CARTESIAN_POINT('',(-96.275,30.,9.00000000000001));
#4626=CARTESIAN_POINT('',(-96.275,30.,9.8));
#4627=CARTESIAN_POINT('',(-96.5,30.,10.025));
#4628=CARTESIAN_POINT('',(-96.5,30.,10.025));
#4629=CARTESIAN_POINT('',(-96.5,30.,9.00000000000001));
#4630=CARTESIAN_POINT('',(-96.5,30.,9.00000000000001));
#4631=CARTESIAN_POINT('',(-96.5,30.,8.20000000000001));
#4632=CARTESIAN_POINT('',(-91.5,30.,8.20000000000001));
#4633=CARTESIAN_POINT('',(-91.5,30.,9.00000000000001));
#4634=CARTESIAN_POINT('',(-91.5,30.,9.8));
#4635=CARTESIAN_POINT('',(-96.5,30.,9.8));
#4636=CARTESIAN_POINT('',(-96.5,30.,9.00000000000001));
#4637=CARTESIAN_POINT('',(-96.5,-30.,7.97500000000001));
#4638=CARTESIAN_POINT('',(-96.5,-30.,7.97500000000001));
#4639=CARTESIAN_POINT('',(-96.275,-30.,8.20000000000002));
#4640=CARTESIAN_POINT('',(-96.275,-30.,9.00000000000001));
#4641=CARTESIAN_POINT('',(-96.275,-30.,9.80000000000001));
#4642=CARTESIAN_POINT('',(-96.5,-30.,10.025));
#4643=CARTESIAN_POINT('',(-96.5,-30.,10.025));
#4644=CARTESIAN_POINT('',(-96.5,-30.,9.00000000000001));
#4645=CARTESIAN_POINT('',(-96.5,-30.,9.00000000000001));
#4646=CARTESIAN_POINT('',(-96.5,-30.,8.20000000000002));
#4647=CARTESIAN_POINT('',(-91.5,-30.,8.20000000000002));
#4648=CARTESIAN_POINT('',(-91.5,-30.,9.00000000000001));
#4649=CARTESIAN_POINT('',(-91.5,-30.,9.80000000000001));
#4650=CARTESIAN_POINT('',(-96.5,-30.,9.80000000000001));
#4651=CARTESIAN_POINT('',(-96.5,-30.,9.00000000000001));
#4652=CARTESIAN_POINT('',(85.475,2.47990976827339E-16,14.));
#4653=CARTESIAN_POINT('',(85.475,2.47990976827339E-16,14.));
#4654=CARTESIAN_POINT('',(85.85,2.02066721859313E-16,13.625));
#4655=CARTESIAN_POINT('',(87.5,0.,13.625));
#4656=CARTESIAN_POINT('',(89.15,0.,13.625));
#4657=CARTESIAN_POINT('',(89.525,0.,14.));
#4658=CARTESIAN_POINT('',(89.525,0.,14.));
#4659=CARTESIAN_POINT('',(87.5,0.,14.));
#4660=CARTESIAN_POINT('',(87.5,0.,14.));
#4661=CARTESIAN_POINT('',(85.85,2.02066721859313E-16,14.));
#4662=CARTESIAN_POINT('',(85.85,2.02066721859313E-16,3.9));
#4663=CARTESIAN_POINT('',(87.5,0.,3.9));
#4664=CARTESIAN_POINT('',(89.15,0.,3.9));
#4665=CARTESIAN_POINT('',(89.15,0.,14.));
#4666=CARTESIAN_POINT('',(87.5,0.,14.));
#4667=CARTESIAN_POINT('',(85.85,2.02066721859313E-16,3.9));
#4668=CARTESIAN_POINT('',(87.5,0.,2.90857997860452));
#4669=CARTESIAN_POINT('',(89.15,0.,3.9));
#4670=CARTESIAN_POINT('',(87.5,0.,3.9));
#4671=CARTESIAN_POINT('',(91.5,8.,14.));
#4672=CARTESIAN_POINT('',(91.5,-8.,14.));
#4673=CARTESIAN_POINT('',(91.5,8.,14.));
#4674=CARTESIAN_POINT('',(87.5,8.,14.));
#4675=CARTESIAN_POINT('',(87.5,4.,14.));
#4676=CARTESIAN_POINT('',(87.5,0.,14.));
#4677=CARTESIAN_POINT('',(83.5,0.,14.));
#4678=CARTESIAN_POINT('',(87.5,0.,14.));
#4679=CARTESIAN_POINT('',(87.5,-4.,14.));
#4680=CARTESIAN_POINT('',(87.5,-8.,14.));
#4681=CARTESIAN_POINT('',(87.5,0.,14.));
#4682=CARTESIAN_POINT('',(0.,0.,14.));
#4683=CARTESIAN_POINT('',(87.5,-4.,34.8885438199983));
#4684=CARTESIAN_POINT('',(87.5,-4.,9.));
#4685=CARTESIAN_POINT('',(87.5,-8.,9.));
#4686=CARTESIAN_POINT('',(91.5,-8.,9.));
#4687=CARTESIAN_POINT('',(91.5,-8.,34.8885438199983));
#4688=CARTESIAN_POINT('',(87.5,-8.,34.8885438199983));
#4689=CARTESIAN_POINT('',(83.5,0.,34.8885438199983));
#4690=CARTESIAN_POINT('',(83.5,0.,9.));
#4691=CARTESIAN_POINT('',(87.5,4.,34.8885438199983));
#4692=CARTESIAN_POINT('',(87.5,4.,9.));
#4693=CARTESIAN_POINT('',(87.5,0.,9.));
#4694=CARTESIAN_POINT('',(87.5,0.,34.8885438199983));
#4695=CARTESIAN_POINT('',(91.5,8.,34.8885438199983));
#4696=CARTESIAN_POINT('',(91.5,8.,9.));
#4697=CARTESIAN_POINT('',(87.5,8.,9.));
#4698=CARTESIAN_POINT('',(87.5,8.,34.8885438199983));
#4699=CARTESIAN_POINT('',(-91.625,40.5,23.));
#4700=CARTESIAN_POINT('',(-91.625,40.5,23.));
#4701=CARTESIAN_POINT('',(-91.375,40.5,22.75));
#4702=CARTESIAN_POINT('',(-90.5,40.5,22.75));
#4703=CARTESIAN_POINT('',(-89.625,40.5,22.75));
#4704=CARTESIAN_POINT('',(-89.375,40.5,23.));
#4705=CARTESIAN_POINT('',(-89.375,40.5,23.));
#4706=CARTESIAN_POINT('',(-90.5,40.5,23.));
#4707=CARTESIAN_POINT('',(-90.5,40.5,23.));
#4708=CARTESIAN_POINT('',(-91.375,40.5,23.));
#4709=CARTESIAN_POINT('',(-91.375,40.5,17.25));
#4710=CARTESIAN_POINT('',(-90.5,40.5,17.25));
#4711=CARTESIAN_POINT('',(-89.625,40.5,17.25));
#4712=CARTESIAN_POINT('',(-89.625,40.5,23.));
#4713=CARTESIAN_POINT('',(-90.5,40.5,23.));
#4714=CARTESIAN_POINT('',(-91.375,40.5,17.25));
#4715=CARTESIAN_POINT('',(-90.5,40.5,16.7242469583509));
#4716=CARTESIAN_POINT('',(-89.625,40.5,17.25));
#4717=CARTESIAN_POINT('',(-90.5,40.5,17.25));
#4718=CARTESIAN_POINT('',(-5.625,37.5,23.));
#4719=CARTESIAN_POINT('',(-5.625,37.5,23.));
#4720=CARTESIAN_POINT('',(-5.375,37.5,22.75));
#4721=CARTESIAN_POINT('',(-4.5,37.5,22.75));
#4722=CARTESIAN_POINT('',(-3.625,37.5,22.75));
#4723=CARTESIAN_POINT('',(-3.375,37.5,23.));
#4724=CARTESIAN_POINT('',(-3.375,37.5,23.));
#4725=CARTESIAN_POINT('',(-4.5,37.5,23.));
#4726=CARTESIAN_POINT('',(-4.5,37.5,23.));
#4727=CARTESIAN_POINT('',(-5.375,37.5,23.));
#4728=CARTESIAN_POINT('',(-5.375,37.5,17.25));
#4729=CARTESIAN_POINT('',(-4.5,37.5,17.25));
#4730=CARTESIAN_POINT('',(-3.625,37.5,17.25));
#4731=CARTESIAN_POINT('',(-3.625,37.5,23.));
#4732=CARTESIAN_POINT('',(-4.5,37.5,23.));
#4733=CARTESIAN_POINT('',(-5.375,37.5,17.25));
#4734=CARTESIAN_POINT('',(-4.5,37.5,16.7242469583509));
#4735=CARTESIAN_POINT('',(-3.625,37.5,17.25));
#4736=CARTESIAN_POINT('',(-4.5,37.5,17.25));
#4737=CARTESIAN_POINT('',(89.375,40.5,23.));
#4738=CARTESIAN_POINT('',(89.375,40.5,23.));
#4739=CARTESIAN_POINT('',(89.625,40.5,22.75));
#4740=CARTESIAN_POINT('',(90.5,40.5,22.75));
#4741=CARTESIAN_POINT('',(91.375,40.5,22.75));
#4742=CARTESIAN_POINT('',(91.625,40.5,23.));
#4743=CARTESIAN_POINT('',(91.625,40.5,23.));
#4744=CARTESIAN_POINT('',(90.5,40.5,23.));
#4745=CARTESIAN_POINT('',(90.5,40.5,23.));
#4746=CARTESIAN_POINT('',(89.625,40.5,23.));
#4747=CARTESIAN_POINT('',(89.625,40.5,17.25));
#4748=CARTESIAN_POINT('',(90.5,40.5,17.25));
#4749=CARTESIAN_POINT('',(91.375,40.5,17.25));
#4750=CARTESIAN_POINT('',(91.375,40.5,23.));
#4751=CARTESIAN_POINT('',(90.5,40.5,23.));
#4752=CARTESIAN_POINT('',(89.625,40.5,17.25));
#4753=CARTESIAN_POINT('',(90.5,40.5,16.7242469583509));
#4754=CARTESIAN_POINT('',(91.375,40.5,17.25));
#4755=CARTESIAN_POINT('',(90.5,40.5,17.25));
#4756=CARTESIAN_POINT('',(89.375,-40.5,23.));
#4757=CARTESIAN_POINT('',(89.375,-40.5,23.));
#4758=CARTESIAN_POINT('',(89.625,-40.5,22.75));
#4759=CARTESIAN_POINT('',(90.5,-40.5,22.75));
#4760=CARTESIAN_POINT('',(91.375,-40.5,22.75));
#4761=CARTESIAN_POINT('',(91.625,-40.5,23.));
#4762=CARTESIAN_POINT('',(91.625,-40.5,23.));
#4763=CARTESIAN_POINT('',(90.5,-40.5,23.));
#4764=CARTESIAN_POINT('',(90.5,-40.5,23.));
#4765=CARTESIAN_POINT('',(89.625,-40.5,23.));
#4766=CARTESIAN_POINT('',(89.625,-40.5,17.25));
#4767=CARTESIAN_POINT('',(90.5,-40.5,17.25));
#4768=CARTESIAN_POINT('',(91.375,-40.5,17.25));
#4769=CARTESIAN_POINT('',(91.375,-40.5,23.));
#4770=CARTESIAN_POINT('',(90.5,-40.5,23.));
#4771=CARTESIAN_POINT('',(89.625,-40.5,17.25));
#4772=CARTESIAN_POINT('',(90.5,-40.5,16.7242469583509));
#4773=CARTESIAN_POINT('',(91.375,-40.5,17.25));
#4774=CARTESIAN_POINT('',(90.5,-40.5,17.25));
#4775=CARTESIAN_POINT('',(-91.625,-40.5,23.));
#4776=CARTESIAN_POINT('',(-91.625,-40.5,23.));
#4777=CARTESIAN_POINT('',(-91.375,-40.5,22.75));
#4778=CARTESIAN_POINT('',(-90.5,-40.5,22.75));
#4779=CARTESIAN_POINT('',(-89.625,-40.5,22.75));
#4780=CARTESIAN_POINT('',(-89.375,-40.5,23.));
#4781=CARTESIAN_POINT('',(-89.375,-40.5,23.));
#4782=CARTESIAN_POINT('',(-90.5,-40.5,23.));
#4783=CARTESIAN_POINT('',(-90.5,-40.5,23.));
#4784=CARTESIAN_POINT('',(-91.375,-40.5,23.));
#4785=CARTESIAN_POINT('',(-91.375,-40.5,17.25));
#4786=CARTESIAN_POINT('',(-90.5,-40.5,17.25));
#4787=CARTESIAN_POINT('',(-89.625,-40.5,17.25));
#4788=CARTESIAN_POINT('',(-89.625,-40.5,23.));
#4789=CARTESIAN_POINT('',(-90.5,-40.5,23.));
#4790=CARTESIAN_POINT('',(-91.375,-40.5,17.25));
#4791=CARTESIAN_POINT('',(-90.5,-40.5,16.7242469583509));
#4792=CARTESIAN_POINT('',(-89.625,-40.5,17.25));
#4793=CARTESIAN_POINT('',(-90.5,-40.5,17.25));
#4794=CARTESIAN_POINT('',(-5.625,-37.5,23.));
#4795=CARTESIAN_POINT('',(-5.625,-37.5,23.));
#4796=CARTESIAN_POINT('',(-5.375,-37.5,22.75));
#4797=CARTESIAN_POINT('',(-4.5,-37.5,22.75));
#4798=CARTESIAN_POINT('',(-3.625,-37.5,22.75));
#4799=CARTESIAN_POINT('',(-3.375,-37.5,23.));
#4800=CARTESIAN_POINT('',(-3.375,-37.5,23.));
#4801=CARTESIAN_POINT('',(-4.5,-37.5,23.));
#4802=CARTESIAN_POINT('',(-4.5,-37.5,23.));
#4803=CARTESIAN_POINT('',(-5.375,-37.5,23.));
#4804=CARTESIAN_POINT('',(-5.375,-37.5,17.25));
#4805=CARTESIAN_POINT('',(-4.5,-37.5,17.25));
#4806=CARTESIAN_POINT('',(-3.625,-37.5,17.25));
#4807=CARTESIAN_POINT('',(-3.625,-37.5,23.));
#4808=CARTESIAN_POINT('',(-4.5,-37.5,23.));
#4809=CARTESIAN_POINT('',(-5.375,-37.5,17.25));
#4810=CARTESIAN_POINT('',(-4.5,-37.5,16.7242469583509));
#4811=CARTESIAN_POINT('',(-3.625,-37.5,17.25));
#4812=CARTESIAN_POINT('',(-4.5,-37.5,17.25));
#4813=CARTESIAN_POINT('',(-9.5,-37.5,-11.1246117974981));
#4814=CARTESIAN_POINT('',(-9.5,-37.5,9.));
#4815=CARTESIAN_POINT('',(-9.5,-37.5,23.));
#4816=CARTESIAN_POINT('',(-13.5,-37.5,9.));
#4817=CARTESIAN_POINT('',(-13.5,-41.5,9.));
#4818=CARTESIAN_POINT('',(-13.5,-41.5,-11.1246117974981));
#4819=CARTESIAN_POINT('',(-13.5,-41.5,23.));
#4820=CARTESIAN_POINT('',(-13.5,-37.5,23.));
#4821=CARTESIAN_POINT('',(-13.5,-37.5,-11.1246117974981));
#4822=CARTESIAN_POINT('',(0.499999999999996,-37.5,-11.1246117974981));
#4823=CARTESIAN_POINT('',(0.499999999999996,-37.5,9.));
#4824=CARTESIAN_POINT('',(0.499999999999996,-37.5,23.));
#4825=CARTESIAN_POINT('',(-4.5,-37.5,9.));
#4826=CARTESIAN_POINT('',(-4.5,-37.5,23.));
#4827=CARTESIAN_POINT('',(-4.5,-37.5,-11.1246117974981));
#4828=CARTESIAN_POINT('',(4.50000000000003,-41.5,-11.1246117974981));
#4829=CARTESIAN_POINT('',(4.50000000000003,-41.5,9.));
#4830=CARTESIAN_POINT('',(4.50000000000003,-41.5,23.));
#4831=CARTESIAN_POINT('',(4.50000000000003,-37.5,9.));
#4832=CARTESIAN_POINT('',(4.50000000000003,-37.5,23.));
#4833=CARTESIAN_POINT('',(4.50000000000003,-37.5,-11.1246117974981));
#4834=CARTESIAN_POINT('',(-4.5,37.5,9.));
#4835=CARTESIAN_POINT('',(0.500000000000001,37.5,9.));
#4836=CARTESIAN_POINT('',(-9.5,37.5,9.));
#4837=CARTESIAN_POINT('',(0.499999999999996,37.5,-11.1246117974981));
#4838=CARTESIAN_POINT('',(0.499999999999996,37.5,23.));
#4839=CARTESIAN_POINT('',(-4.5,37.5,23.));
#4840=CARTESIAN_POINT('',(-9.5,37.5,23.));
#4841=CARTESIAN_POINT('',(-9.5,37.5,-11.1246117974981));
#4842=CARTESIAN_POINT('',(-4.5,37.5,-11.1246117974981));
#4843=CARTESIAN_POINT('',(4.50000000000003,37.5,9.));
#4844=CARTESIAN_POINT('',(4.50000000000003,41.5,9.));
#4845=CARTESIAN_POINT('',(4.50000000000003,41.5,-11.1246117974981));
#4846=CARTESIAN_POINT('',(4.50000000000003,41.5,23.));
#4847=CARTESIAN_POINT('',(4.50000000000003,37.5,23.));
#4848=CARTESIAN_POINT('',(4.50000000000003,37.5,-11.1246117974981));
#4849=CARTESIAN_POINT('',(-13.5,37.5,9.));
#4850=CARTESIAN_POINT('',(-13.5,41.5,9.));
#4851=CARTESIAN_POINT('',(-13.5,37.5,23.));
#4852=CARTESIAN_POINT('',(-13.5,41.5,23.));
#4853=CARTESIAN_POINT('',(-13.5,41.5,-11.1246117974981));
#4854=CARTESIAN_POINT('',(-13.5,37.5,-11.1246117974981));
#4855=CARTESIAN_POINT('',(75.5,37.5,11.));
#4856=CARTESIAN_POINT('',(71.5,37.5,11.));
#4857=CARTESIAN_POINT('',(75.5,41.5,11.));
#4858=CARTESIAN_POINT('',(71.5,37.5,11.));
#4859=CARTESIAN_POINT('',(71.5,37.5,9.));
#4860=CARTESIAN_POINT('',(75.5,37.5,9.00000000000001));
#4861=CARTESIAN_POINT('',(75.5,41.5,9.));
#4862=CARTESIAN_POINT('',(75.5,41.5,9.00000000000001));
#4863=CARTESIAN_POINT('',(75.5,37.5,-200.942777924463));
#4864=CARTESIAN_POINT('',(52.5,37.5,11.));
#4865=CARTESIAN_POINT('',(52.5,41.5,11.));
#4866=CARTESIAN_POINT('',(56.5,37.5,11.));
#4867=CARTESIAN_POINT('',(52.5,41.5,11.));
#4868=CARTESIAN_POINT('',(52.5,41.5,9.));
#4869=CARTESIAN_POINT('',(52.5,37.5,9.));
#4870=CARTESIAN_POINT('',(56.5,37.5,9.));
#4871=CARTESIAN_POINT('',(56.5,37.5,9.));
#4872=CARTESIAN_POINT('',(52.5,37.5,11.));
#4873=CARTESIAN_POINT('',(-17.5,37.5,11.));
#4874=CARTESIAN_POINT('',(-21.5,37.5,11.));
#4875=CARTESIAN_POINT('',(-17.5,41.5,11.));
#4876=CARTESIAN_POINT('',(-21.5,37.5,11.));
#4877=CARTESIAN_POINT('',(-21.5,37.5,9.));
#4878=CARTESIAN_POINT('',(-17.5,37.5,9.00000000000001));
#4879=CARTESIAN_POINT('',(-17.5,41.5,9.));
#4880=CARTESIAN_POINT('',(-17.5,41.5,9.00000000000001));
#4881=CARTESIAN_POINT('',(-17.5,37.5,-200.942777924463));
#4882=CARTESIAN_POINT('',(-40.5,37.5,11.));
#4883=CARTESIAN_POINT('',(-40.5,41.5,11.));
#4884=CARTESIAN_POINT('',(-36.5,37.5,11.));
#4885=CARTESIAN_POINT('',(-40.5,41.5,11.));
#4886=CARTESIAN_POINT('',(-40.5,41.5,9.));
#4887=CARTESIAN_POINT('',(-40.5,37.5,9.));
#4888=CARTESIAN_POINT('',(-36.5,37.5,9.));
#4889=CARTESIAN_POINT('',(-36.5,37.5,9.));
#4890=CARTESIAN_POINT('',(-40.5,37.5,11.));
#4891=CARTESIAN_POINT('',(29.,-37.5,11.));
#4892=CARTESIAN_POINT('',(29.,-41.5,11.));
#4893=CARTESIAN_POINT('',(25.,-37.5,11.));
#4894=CARTESIAN_POINT('',(29.,-41.5,-200.942777924463));
#4895=CARTESIAN_POINT('',(29.,-41.5,9.));
#4896=CARTESIAN_POINT('',(29.,-37.5,9.));
#4897=CARTESIAN_POINT('',(25.,-37.5,9.));
#4898=CARTESIAN_POINT('',(25.,-37.5,11.));
#4899=CARTESIAN_POINT('',(29.,-37.5,11.));
#4900=CARTESIAN_POINT('',(6.00000000000001,-37.5,11.));
#4901=CARTESIAN_POINT('',(10.,-37.5,11.));
#4902=CARTESIAN_POINT('',(6.00000000000002,-41.5,11.));
#4903=CARTESIAN_POINT('',(10.,-37.5,11.));
#4904=CARTESIAN_POINT('',(10.,-37.5,9.));
#4905=CARTESIAN_POINT('',(6.00000000000001,-37.5,9.00000000000001));
#4906=CARTESIAN_POINT('',(6.00000000000001,-41.5,9.));
#4907=CARTESIAN_POINT('',(6.00000000000001,-41.5,-200.942777924463));
#4908=CARTESIAN_POINT('',(6.00000000000001,-37.5,-200.942777924463));
#4909=CARTESIAN_POINT('',(-55.5,-12.5,9.));
#4910=CARTESIAN_POINT('',(-51.5,-12.5,9.));
#4911=CARTESIAN_POINT('',(-55.5,-16.5,9.));
#4912=CARTESIAN_POINT('',(-51.5,-12.5,9.));
#4913=CARTESIAN_POINT('',(-51.5,-12.5,3.));
#4914=CARTESIAN_POINT('',(-55.5,-12.5,3.));
#4915=CARTESIAN_POINT('',(-55.5,-16.5,3.));
#4916=CARTESIAN_POINT('',(-55.5,-16.5,3.));
#4917=CARTESIAN_POINT('',(-55.5,-12.5,40.1220103613815));
#4918=CARTESIAN_POINT('',(-74.0358983848622,-37.5,9.00000000000001));
#4919=CARTESIAN_POINT('',(-70.0358983848622,-37.5,9.));
#4920=CARTESIAN_POINT('',(-74.0358983848622,-41.5,9.));
#4921=CARTESIAN_POINT('',(-70.0358983848622,-37.5,40.1220103613815));
#4922=CARTESIAN_POINT('',(-70.0358983848622,-37.5,3.));
#4923=CARTESIAN_POINT('',(-74.0358983848622,-37.5,3.));
#4924=CARTESIAN_POINT('',(-74.0358983848622,-41.5,3.));
#4925=CARTESIAN_POINT('',(-74.0358983848622,-41.5,-200.942777924463));
#4926=CARTESIAN_POINT('',(-74.0358983848622,-37.5,-200.942777924463));
#4927=CARTESIAN_POINT('',(-70.0358983848622,-41.5,3.));
#4928=CARTESIAN_POINT('',(-70.0358983848622,-16.5,3.));
#4929=CARTESIAN_POINT('',(-70.0358983848622,-41.5,9.));
#4930=CARTESIAN_POINT('',(-70.0358983848622,-16.5,9.));
#4931=CARTESIAN_POINT('',(-70.0358983848622,-16.5,40.1220103613815));
#4932=CARTESIAN_POINT('',(-70.0358983848622,-41.5,40.1220103613815));
#4933=CARTESIAN_POINT('',(-70.0358983848622,-16.5,9.));
#4934=CARTESIAN_POINT('',(-70.0358983848622,-16.5,3.));
#4935=CARTESIAN_POINT('',(-70.0358983848622,-16.5,40.1220103613815));
#4936=CARTESIAN_POINT('',(-96.5,33.1576707807867,3.00000000000001));
#4937=CARTESIAN_POINT('',(-96.5,34.1576707807867,3.00000000000001));
#4938=CARTESIAN_POINT('',(-96.5,33.1576707807867,2.00000000000001));
#4939=CARTESIAN_POINT('',(-96.5,34.1576707807867,3.00000000000001));
#4940=CARTESIAN_POINT('',(-97.5,34.1576707807867,3.00000000000001));
#4941=CARTESIAN_POINT('',(-97.5,33.1576707807867,3.00000000000001));
#4942=CARTESIAN_POINT('',(-97.5,33.1576707807867,2.00000000000001));
#4943=CARTESIAN_POINT('',(-97.5,33.1576707807867,2.00000000000001));
#4944=CARTESIAN_POINT('',(-96.5,33.1576707807867,3.00000000000001));
#4945=CARTESIAN_POINT('',(-96.5,33.1576707807867,15.));
#4946=CARTESIAN_POINT('',(-96.5,33.1576707807867,16.));
#4947=CARTESIAN_POINT('',(-96.5,34.1576707807867,15.));
#4948=CARTESIAN_POINT('',(-96.5,33.1576707807867,16.));
#4949=CARTESIAN_POINT('',(-97.5,33.1576707807867,16.));
#4950=CARTESIAN_POINT('',(-97.5,33.1576707807867,15.));
#4951=CARTESIAN_POINT('',(-97.5,34.1576707807867,15.));
#4952=CARTESIAN_POINT('',(-97.5,34.1576707807867,15.));
#4953=CARTESIAN_POINT('',(-96.5,33.1576707807867,15.));
#4954=CARTESIAN_POINT('',(-96.5,-33.1576707807867,15.));
#4955=CARTESIAN_POINT('',(-96.5,-34.1576707807867,15.));
#4956=CARTESIAN_POINT('',(-96.5,-33.1576707807867,16.));
#4957=CARTESIAN_POINT('',(-96.5,-34.1576707807867,15.));
#4958=CARTESIAN_POINT('',(-97.5,-34.1576707807867,15.));
#4959=CARTESIAN_POINT('',(-97.5,-33.1576707807867,15.));
#4960=CARTESIAN_POINT('',(-97.5,-33.1576707807867,16.));
#4961=CARTESIAN_POINT('',(-97.5,-33.1576707807867,16.));
#4962=CARTESIAN_POINT('',(-96.5,-33.1576707807867,15.));
#4963=CARTESIAN_POINT('',(-96.5,-33.1576707807867,3.00000000000001));
#4964=CARTESIAN_POINT('',(-96.5,-33.1576707807867,2.00000000000001));
#4965=CARTESIAN_POINT('',(-96.5,-34.1576707807867,3.00000000000001));
#4966=CARTESIAN_POINT('',(-96.5,-33.1576707807867,2.00000000000001));
#4967=CARTESIAN_POINT('',(-97.5,-33.1576707807867,2.00000000000001));
#4968=CARTESIAN_POINT('',(-97.5,-33.1576707807867,3.00000000000001));
#4969=CARTESIAN_POINT('',(-97.5,-34.1576707807867,3.00000000000001));
#4970=CARTESIAN_POINT('',(-97.5,-34.1576707807867,3.00000000000001));
#4971=CARTESIAN_POINT('',(-96.5,-33.1576707807867,3.00000000000001));
#4972=CARTESIAN_POINT('',(-96.5,-34.1576707807867,16.));
#4973=CARTESIAN_POINT('',(-97.5,-34.1576707807867,16.));
#4974=CARTESIAN_POINT('',(-96.5,-34.1576707807867,16.));
#4975=CARTESIAN_POINT('',(-96.5,34.1576707807867,16.));
#4976=CARTESIAN_POINT('',(-97.5,34.1576707807867,16.));
#4977=CARTESIAN_POINT('',(-96.5,34.1576707807867,16.));
#4978=CARTESIAN_POINT('',(-96.5,34.1576707807867,16.));
#4979=CARTESIAN_POINT('',(-97.5,34.1576707807867,16.));
#4980=CARTESIAN_POINT('',(-96.5,34.1576707807867,16.));
#4981=CARTESIAN_POINT('',(-97.5,34.1576707807867,2.00000000000001));
#4982=CARTESIAN_POINT('',(-96.5,34.1576707807867,2.00000000000001));
#4983=CARTESIAN_POINT('',(-96.5,34.1576707807867,2.00000000000001));
#4984=CARTESIAN_POINT('',(-96.5,22.5,4.00000000000001));
#4985=CARTESIAN_POINT('',(-96.5,20.1576707807867,4.00000000000001));
#4986=CARTESIAN_POINT('',(-96.5,-20.1576707807868,4.00000000000001));
#4987=CARTESIAN_POINT('',(-96.5,20.1576707807867,7.00000000000001));
#4988=CARTESIAN_POINT('',(-96.5,23.0680982812227,6.27239312489101));
#4989=CARTESIAN_POINT('',(-96.5,22.5,4.00000000000001));
#4990=CARTESIAN_POINT('',(-96.5,24.0680982812227,10.272393124891));
#4991=CARTESIAN_POINT('',(-96.5,21.1576707807867,11.));
#4992=CARTESIAN_POINT('',(-96.5,21.1576707807867,14.));
#4993=CARTESIAN_POINT('',(-96.5,-25.,14.));
#4994=CARTESIAN_POINT('',(-96.5,-21.1576707807868,14.));
#4995=CARTESIAN_POINT('',(-96.5,-21.1576707807868,11.));
#4996=CARTESIAN_POINT('',(-96.5,-24.1576707807868,11.));
#4997=CARTESIAN_POINT('',(-96.5,-21.1576707807868,11.));
#4998=CARTESIAN_POINT('',(-96.5,-24.0680982812228,10.272393124891));
#4999=CARTESIAN_POINT('',(-96.5,-22.5,4.00000000000001));
#5000=CARTESIAN_POINT('',(-96.5,-23.0680982812228,6.27239312489101));
#5001=CARTESIAN_POINT('',(-96.5,-20.1576707807868,7.00000000000001));
#5002=CARTESIAN_POINT('',(-96.5,-30.,9.00000000000001));
#5003=CARTESIAN_POINT('',(-96.5,30.,9.00000000000001));
#5004=CARTESIAN_POINT('',(-96.5,0.,0.));
#5005=CARTESIAN_POINT('',(-91.5,21.1576707807867,14.));
#5006=CARTESIAN_POINT('',(-91.5,21.1576707807867,14.));
#5007=CARTESIAN_POINT('',(-97.5,24.0680982812227,10.272393124891));
#5008=CARTESIAN_POINT('',(-91.5,24.0680982812227,10.272393124891));
#5009=CARTESIAN_POINT('',(-91.5,21.1576707807867,11.));
#5010=CARTESIAN_POINT('',(-97.5,21.1576707807867,11.));
#5011=CARTESIAN_POINT('',(-91.5,23.0680982812227,6.27239312489101));
#5012=CARTESIAN_POINT('',(-91.5,23.0680982812227,6.27239312489101));
#5013=CARTESIAN_POINT('',(-97.5,20.1576707807867,4.00000000000001));
#5014=CARTESIAN_POINT('',(-91.5,20.1576707807867,4.00000000000001));
#5015=CARTESIAN_POINT('',(-91.5,20.1576707807867,7.00000000000001));
#5016=CARTESIAN_POINT('',(-97.5,20.1576707807867,7.00000000000001));
#5017=CARTESIAN_POINT('',(-97.5,-24.1576707807868,11.));
#5018=CARTESIAN_POINT('',(-91.5,-24.1576707807868,11.));
#5019=CARTESIAN_POINT('',(-91.5,-21.1576707807868,11.));
#5020=CARTESIAN_POINT('',(-91.5,-24.0680982812228,10.272393124891));
#5021=CARTESIAN_POINT('',(-91.5,-24.0680982812228,10.272393124891));
#5022=CARTESIAN_POINT('',(-97.5,-21.1576707807868,11.));
#5023=CARTESIAN_POINT('',(-91.5,-20.1576707807868,4.00000000000001));
#5024=CARTESIAN_POINT('',(-91.5,-20.1576707807868,4.00000000000001));
#5025=CARTESIAN_POINT('',(-97.5,-23.0680982812228,6.27239312489101));
#5026=CARTESIAN_POINT('',(-91.5,-23.0680982812228,6.27239312489101));
#5027=CARTESIAN_POINT('',(-91.5,-20.1576707807868,7.00000000000001));
#5028=CARTESIAN_POINT('',(-97.5,-20.1576707807868,7.00000000000001));
#5029=CARTESIAN_POINT('',(-91.5,-22.5,4.00000000000001));
#5030=CARTESIAN_POINT('',(-97.5,-22.5,4.00000000000001));
#5031=CARTESIAN_POINT('',(-91.5,22.5,4.00000000000001));
#5032=CARTESIAN_POINT('',(-97.5,22.5,4.00000000000001));
#5033=CARTESIAN_POINT('',(-91.5,22.5,4.00000000000001));
#5034=CARTESIAN_POINT('',(-97.5,22.5,4.00000000000001));
#5035=CARTESIAN_POINT('',(-97.5,-21.1576707807868,14.));
#5036=CARTESIAN_POINT('',(-91.5,-21.1576707807868,14.));
#5037=CARTESIAN_POINT('',(-91.5,-25.,14.));
#5038=CARTESIAN_POINT('',(-97.5,-25.,14.));
#5039=CARTESIAN_POINT('',(-32.15,-26.5,11.));
#5040=CARTESIAN_POINT('',(-32.15,-26.5,11.));
#5041=CARTESIAN_POINT('',(-30.6,-26.5,9.45));
#5042=CARTESIAN_POINT('',(-29.,-26.5,9.45));
#5043=CARTESIAN_POINT('',(-27.4,-26.5,9.45));
#5044=CARTESIAN_POINT('',(-25.85,-26.5,11.));
#5045=CARTESIAN_POINT('',(-25.85,-26.5,11.));
#5046=CARTESIAN_POINT('',(-29.,-26.5,11.));
#5047=CARTESIAN_POINT('',(-29.,-26.5,11.));
#5048=CARTESIAN_POINT('',(-30.6,-26.5,11.));
#5049=CARTESIAN_POINT('',(-30.6,-26.5,0.));
#5050=CARTESIAN_POINT('',(-29.,-26.5,0.));
#5051=CARTESIAN_POINT('',(-27.4,-26.5,0.));
#5052=CARTESIAN_POINT('',(-27.4,-26.5,11.));
#5053=CARTESIAN_POINT('',(-29.,-26.5,11.));
#5054=CARTESIAN_POINT('',(14.35,21.5,11.));
#5055=CARTESIAN_POINT('',(14.35,21.5,11.));
#5056=CARTESIAN_POINT('',(15.9,21.5,9.45));
#5057=CARTESIAN_POINT('',(17.5,21.5,9.45));
#5058=CARTESIAN_POINT('',(19.1,21.5,9.45));
#5059=CARTESIAN_POINT('',(20.65,21.5,11.));
#5060=CARTESIAN_POINT('',(20.65,21.5,11.));
#5061=CARTESIAN_POINT('',(17.5,21.5,11.));
#5062=CARTESIAN_POINT('',(17.5,21.5,11.));
#5063=CARTESIAN_POINT('',(15.9,21.5,11.));
#5064=CARTESIAN_POINT('',(15.9,21.5,0.));
#5065=CARTESIAN_POINT('',(17.5,21.5,0.));
#5066=CARTESIAN_POINT('',(19.1,21.5,0.));
#5067=CARTESIAN_POINT('',(19.1,21.5,11.));
#5068=CARTESIAN_POINT('',(17.5,21.5,11.));
#5069=CARTESIAN_POINT('',(60.85,-26.5,11.));
#5070=CARTESIAN_POINT('',(60.85,-26.5,11.));
#5071=CARTESIAN_POINT('',(62.4,-26.5,9.45));
#5072=CARTESIAN_POINT('',(64.,-26.5,9.45));
#5073=CARTESIAN_POINT('',(65.6,-26.5,9.45));
#5074=CARTESIAN_POINT('',(67.15,-26.5,11.));
#5075=CARTESIAN_POINT('',(67.15,-26.5,11.));
#5076=CARTESIAN_POINT('',(64.,-26.5,11.));
#5077=CARTESIAN_POINT('',(64.,-26.5,11.));
#5078=CARTESIAN_POINT('',(62.4,-26.5,11.));
#5079=CARTESIAN_POINT('',(62.4,-26.5,0.));
#5080=CARTESIAN_POINT('',(64.,-26.5,0.));
#5081=CARTESIAN_POINT('',(65.6,-26.5,0.));
#5082=CARTESIAN_POINT('',(65.6,-26.5,11.));
#5083=CARTESIAN_POINT('',(64.,-26.5,11.));
#5084=CARTESIAN_POINT('',(-29.,-26.5,11.));
#5085=CARTESIAN_POINT('',(-25.,-26.5,11.));
#5086=CARTESIAN_POINT('',(-29.,-26.5,11.));
#5087=CARTESIAN_POINT('',(-33.,-26.5,11.));
#5088=CARTESIAN_POINT('',(-29.,-26.5,11.));
#5089=CARTESIAN_POINT('',(-36.,-41.5,11.));
#5090=CARTESIAN_POINT('',(-22.,-37.5,11.));
#5091=CARTESIAN_POINT('',(-29.,-26.5,11.));
#5092=CARTESIAN_POINT('',(-29.,-26.5,11.));
#5093=CARTESIAN_POINT('',(17.5,21.5,11.));
#5094=CARTESIAN_POINT('',(13.5,21.5,11.));
#5095=CARTESIAN_POINT('',(21.5,21.5,11.));
#5096=CARTESIAN_POINT('',(17.5,21.5,11.));
#5097=CARTESIAN_POINT('',(17.5,21.5,11.));
#5098=CARTESIAN_POINT('',(17.5,21.5,11.));
#5099=CARTESIAN_POINT('',(21.5,21.5,11.));
#5100=CARTESIAN_POINT('',(21.5,21.5,9.));
#5101=CARTESIAN_POINT('',(13.5,21.5,11.));
#5102=CARTESIAN_POINT('',(13.5,21.5,9.));
#5103=CARTESIAN_POINT('',(17.5,21.5,9.));
#5104=CARTESIAN_POINT('',(17.5,21.5,11.));
#5105=CARTESIAN_POINT('',(64.,-26.5,11.));
#5106=CARTESIAN_POINT('',(68.,-26.5,11.));
#5107=CARTESIAN_POINT('',(64.,-26.5,11.));
#5108=CARTESIAN_POINT('',(60.,-26.5,11.));
#5109=CARTESIAN_POINT('',(64.,-26.5,11.));
#5110=CARTESIAN_POINT('',(70.5,-41.5,11.));
#5111=CARTESIAN_POINT('',(70.5,-37.5,11.));
#5112=CARTESIAN_POINT('',(64.,-26.5,11.));
#5113=CARTESIAN_POINT('',(64.,-26.5,11.));
#5114=CARTESIAN_POINT('',(68.,-26.5,11.));
#5115=CARTESIAN_POINT('',(68.,-26.5,9.));
#5116=CARTESIAN_POINT('',(64.,-26.5,9.));
#5117=CARTESIAN_POINT('',(64.,-26.5,11.));
#5118=CARTESIAN_POINT('',(25.,-41.5,11.));
#5119=CARTESIAN_POINT('',(25.,-41.5,11.));
#5120=CARTESIAN_POINT('',(25.,-26.5,11.));
#5121=CARTESIAN_POINT('',(25.,-26.5,11.));
#5122=CARTESIAN_POINT('',(10.,-26.5,11.));
#5123=CARTESIAN_POINT('',(10.,-41.5,11.));
#5124=CARTESIAN_POINT('',(0.,0.,11.));
#5125=CARTESIAN_POINT('',(10.,-41.5,9.));
#5126=CARTESIAN_POINT('',(10.,-26.5,9.));
#5127=CARTESIAN_POINT('',(10.,-26.5,11.));
#5128=CARTESIAN_POINT('',(10.,-41.5,11.));
#5129=CARTESIAN_POINT('',(25.,-26.5,9.));
#5130=CARTESIAN_POINT('',(25.,-26.5,9.));
#5131=CARTESIAN_POINT('',(25.,-26.5,11.));
#5132=CARTESIAN_POINT('',(25.,-26.5,11.));
#5133=CARTESIAN_POINT('',(25.,-41.5,9.));
#5134=CARTESIAN_POINT('',(25.,-41.5,11.));
#5135=CARTESIAN_POINT('',(56.5,41.5,11.));
#5136=CARTESIAN_POINT('',(56.5,41.5,11.));
#5137=CARTESIAN_POINT('',(56.5,21.5,11.));
#5138=CARTESIAN_POINT('',(56.5,21.5,11.));
#5139=CARTESIAN_POINT('',(71.5,21.5,11.));
#5140=CARTESIAN_POINT('',(71.5,41.5,11.));
#5141=CARTESIAN_POINT('',(0.,0.,11.));
#5142=CARTESIAN_POINT('',(71.5,41.5,9.));
#5143=CARTESIAN_POINT('',(71.5,21.5,9.));
#5144=CARTESIAN_POINT('',(71.5,21.5,11.));
#5145=CARTESIAN_POINT('',(71.5,41.5,11.));
#5146=CARTESIAN_POINT('',(56.5,21.5,9.));
#5147=CARTESIAN_POINT('',(56.5,21.5,9.));
#5148=CARTESIAN_POINT('',(56.5,21.5,11.));
#5149=CARTESIAN_POINT('',(56.5,21.5,11.));
#5150=CARTESIAN_POINT('',(56.5,41.5,9.));
#5151=CARTESIAN_POINT('',(56.5,41.5,11.));
#5152=CARTESIAN_POINT('',(-36.5,41.5,11.));
#5153=CARTESIAN_POINT('',(-36.5,41.5,11.));
#5154=CARTESIAN_POINT('',(-36.5,21.5,11.));
#5155=CARTESIAN_POINT('',(-36.5,21.5,11.));
#5156=CARTESIAN_POINT('',(-21.5,21.5,11.));
#5157=CARTESIAN_POINT('',(-21.5,41.5,11.));
#5158=CARTESIAN_POINT('',(0.,0.,11.));
#5159=CARTESIAN_POINT('',(-21.5,41.5,9.));
#5160=CARTESIAN_POINT('',(-21.5,21.5,9.));
#5161=CARTESIAN_POINT('',(-21.5,21.5,11.));
#5162=CARTESIAN_POINT('',(-21.5,41.5,11.));
#5163=CARTESIAN_POINT('',(-36.5,21.5,9.));
#5164=CARTESIAN_POINT('',(-36.5,21.5,9.));
#5165=CARTESIAN_POINT('',(-36.5,21.5,11.));
#5166=CARTESIAN_POINT('',(-36.5,21.5,11.));
#5167=CARTESIAN_POINT('',(-36.5,41.5,9.));
#5168=CARTESIAN_POINT('',(-36.5,41.5,11.));
#5169=CARTESIAN_POINT('',(-55.5,37.5,9.));
#5170=CARTESIAN_POINT('',(-55.5,41.5,9.));
#5171=CARTESIAN_POINT('',(-51.5,37.5,9.));
#5172=CARTESIAN_POINT('',(-55.5,41.5,9.00000000000001));
#5173=CARTESIAN_POINT('',(-55.5,41.5,3.));
#5174=CARTESIAN_POINT('',(-55.5,37.5,3.));
#5175=CARTESIAN_POINT('',(-51.5,37.5,3.));
#5176=CARTESIAN_POINT('',(-51.5,37.5,3.));
#5177=CARTESIAN_POINT('',(-55.5,37.5,9.));
#5178=CARTESIAN_POINT('',(90.5,40.5,23.));
#5179=CARTESIAN_POINT('',(94.5,40.5,23.));
#5180=CARTESIAN_POINT('',(90.5,44.5,23.));
#5181=CARTESIAN_POINT('',(94.5,40.5,23.));
#5182=CARTESIAN_POINT('',(94.5,40.5,24.));
#5183=CARTESIAN_POINT('',(90.5,40.5,24.));
#5184=CARTESIAN_POINT('',(90.5,44.5,24.));
#5185=CARTESIAN_POINT('',(90.5,44.5,24.));
#5186=CARTESIAN_POINT('',(90.5,40.5,23.));
#5187=CARTESIAN_POINT('',(-90.5,40.5,23.));
#5188=CARTESIAN_POINT('',(-90.5,44.5,23.));
#5189=CARTESIAN_POINT('',(-94.5,40.5,23.));
#5190=CARTESIAN_POINT('',(-90.5,44.5,23.));
#5191=CARTESIAN_POINT('',(-90.5,44.5,24.));
#5192=CARTESIAN_POINT('',(-90.5,40.5,24.));
#5193=CARTESIAN_POINT('',(-94.5,40.5,24.));
#5194=CARTESIAN_POINT('',(-94.5,40.5,24.));
#5195=CARTESIAN_POINT('',(-90.5,40.5,23.));
#5196=CARTESIAN_POINT('',(-90.5,-40.5,23.));
#5197=CARTESIAN_POINT('',(-94.5,-40.5,23.));
#5198=CARTESIAN_POINT('',(-90.5,-44.5,23.));
#5199=CARTESIAN_POINT('',(-94.5,-40.5,23.));
#5200=CARTESIAN_POINT('',(-94.5,-40.5,24.));
#5201=CARTESIAN_POINT('',(-90.5,-40.5,24.));
#5202=CARTESIAN_POINT('',(-90.5,-44.5,24.));
#5203=CARTESIAN_POINT('',(-90.5,-44.5,24.));
#5204=CARTESIAN_POINT('',(-90.5,-40.5,23.));
#5205=CARTESIAN_POINT('',(90.5,-40.5,23.));
#5206=CARTESIAN_POINT('',(90.5,-44.5,23.));
#5207=CARTESIAN_POINT('',(94.5,-40.5,23.));
#5208=CARTESIAN_POINT('',(90.5,-44.5,23.));
#5209=CARTESIAN_POINT('',(90.5,-44.5,24.));
#5210=CARTESIAN_POINT('',(90.5,-40.5,24.));
#5211=CARTESIAN_POINT('',(94.5,-40.5,24.));
#5212=CARTESIAN_POINT('',(94.5,-40.5,24.));
#5213=CARTESIAN_POINT('',(90.5,-40.5,23.));
#5214=CARTESIAN_POINT('',(84.5717967697245,37.5,9.));
#5215=CARTESIAN_POINT('',(88.0358983848622,39.5,9.00000000000001));
#5216=CARTESIAN_POINT('',(84.5717967697245,41.5,9.));
#5217=CARTESIAN_POINT('',(88.0358983848622,39.5,-200.942777924463));
#5218=CARTESIAN_POINT('',(88.0358983848622,39.5,23.));
#5219=CARTESIAN_POINT('',(84.5717967697245,37.5,23.));
#5220=CARTESIAN_POINT('',(84.5717967697245,41.5,23.));
#5221=CARTESIAN_POINT('',(84.5717967697245,41.5,-200.942777924463));
#5222=CARTESIAN_POINT('',(84.5717967697245,37.5,-200.942777924463));
#5223=CARTESIAN_POINT('',(91.5,41.5,9.));
#5224=CARTESIAN_POINT('',(89.5,38.0358983848622,9.00000000000001));
#5225=CARTESIAN_POINT('',(89.5,38.0358983848622,-200.942777924463));
#5226=CARTESIAN_POINT('',(89.5,38.0358983848622,23.));
#5227=CARTESIAN_POINT('',(91.5,41.5,23.));
#5228=CARTESIAN_POINT('',(91.5,41.5,-200.942777924463));
#5229=CARTESIAN_POINT('',(87.5,34.5717967697245,9.));
#5230=CARTESIAN_POINT('',(91.5,34.5717967697245,9.00000000000001));
#5231=CARTESIAN_POINT('',(91.5,34.5717967697245,-200.942777924463));
#5232=CARTESIAN_POINT('',(91.5,34.5717967697245,23.));
#5233=CARTESIAN_POINT('',(87.5,34.5717967697245,23.));
#5234=CARTESIAN_POINT('',(87.5,34.5717967697245,-200.942777924463));
#5235=CARTESIAN_POINT('',(91.5,-34.5717967697244,9.));
#5236=CARTESIAN_POINT('',(91.5,-34.5717967697244,9.00000000000001));
#5237=CARTESIAN_POINT('',(91.5,-34.5717967697244,-200.942777924463));
#5238=CARTESIAN_POINT('',(91.5,-34.5717967697244,23.));
#5239=CARTESIAN_POINT('',(91.5,1.83649347598711E-14,23.));
#5240=CARTESIAN_POINT('',(91.5,-34.5717967697244,9.));
#5241=CARTESIAN_POINT('',(91.5,1.83649347598711E-14,-200.942777924463));
#5242=CARTESIAN_POINT('',(87.5,-34.5717967697244,9.));
#5243=CARTESIAN_POINT('',(89.5,-38.0358983848622,9.00000000000001));
#5244=CARTESIAN_POINT('',(89.5,-38.0358983848622,-200.942777924463));
#5245=CARTESIAN_POINT('',(89.5,-38.0358983848622,23.));
#5246=CARTESIAN_POINT('',(87.5,-34.5717967697244,23.));
#5247=CARTESIAN_POINT('',(87.5,-34.5717967697244,-200.942777924463));
#5248=CARTESIAN_POINT('',(91.5,-41.5,9.));
#5249=CARTESIAN_POINT('',(88.0358983848622,-39.5,9.00000000000001));
#5250=CARTESIAN_POINT('',(88.0358983848622,-39.5,-200.942777924463));
#5251=CARTESIAN_POINT('',(88.0358983848622,-39.5,23.));
#5252=CARTESIAN_POINT('',(91.5,-41.5,23.));
#5253=CARTESIAN_POINT('',(91.5,-41.5,-200.942777924463));
#5254=CARTESIAN_POINT('',(84.5717967697245,-37.5,9.));
#5255=CARTESIAN_POINT('',(84.5717967697245,-41.5,9.00000000000001));
#5256=CARTESIAN_POINT('',(84.5717967697245,-41.5,-200.942777924463));
#5257=CARTESIAN_POINT('',(84.5717967697245,-41.5,23.));
#5258=CARTESIAN_POINT('',(84.5717967697245,-37.5,23.));
#5259=CARTESIAN_POINT('',(84.5717967697245,-37.5,-200.942777924463));
#5260=CARTESIAN_POINT('',(-84.5717967697245,-37.5,3.));
#5261=CARTESIAN_POINT('',(-84.5717967697245,-41.5,3.));
#5262=CARTESIAN_POINT('',(-88.0358983848622,-39.5,3.));
#5263=CARTESIAN_POINT('',(-88.0358983848622,-39.5,-200.942777924463));
#5264=CARTESIAN_POINT('',(-88.0358983848622,-39.5,23.));
#5265=CARTESIAN_POINT('',(-84.5717967697245,-37.5,23.));
#5266=CARTESIAN_POINT('',(-84.5717967697245,-41.5,23.));
#5267=CARTESIAN_POINT('',(-84.5717967697245,-41.5,-200.942777924463));
#5268=CARTESIAN_POINT('',(-84.5717967697245,-37.5,-200.942777924463));
#5269=CARTESIAN_POINT('',(-91.5,-41.5,3.));
#5270=CARTESIAN_POINT('',(-89.5,-38.0358983848622,3.));
#5271=CARTESIAN_POINT('',(-89.5,-38.0358983848622,-200.942777924463));
#5272=CARTESIAN_POINT('',(-89.5,-38.0358983848622,23.));
#5273=CARTESIAN_POINT('',(-91.5,-41.5,23.));
#5274=CARTESIAN_POINT('',(-91.5,-41.5,-200.942777924463));
#5275=CARTESIAN_POINT('',(-87.5,-34.5717967697245,3.));
#5276=CARTESIAN_POINT('',(-91.5,-34.5717967697245,3.));
#5277=CARTESIAN_POINT('',(-91.5,-34.5717967697245,-200.942777924463));
#5278=CARTESIAN_POINT('',(-91.5,-34.5717967697245,23.));
#5279=CARTESIAN_POINT('',(-87.5,-34.5717967697245,23.));
#5280=CARTESIAN_POINT('',(-87.5,-34.5717967697245,-200.942777924463));
#5281=CARTESIAN_POINT('',(-91.5,34.5717967697245,-200.942777924463));
#5282=CARTESIAN_POINT('',(-91.5,34.5717967697245,3.));
#5283=CARTESIAN_POINT('',(-91.5,34.5717967697245,23.));
#5284=CARTESIAN_POINT('',(-91.5,-1.83649347598711E-14,23.));
#5285=CARTESIAN_POINT('',(-91.5,-1.83649347598711E-14,3.));
#5286=CARTESIAN_POINT('',(-91.5,-21.1576707807868,11.));
#5287=CARTESIAN_POINT('',(-91.5,-30.,9.00000000000001));
#5288=CARTESIAN_POINT('',(-91.5,30.,9.00000000000001));
#5289=CARTESIAN_POINT('',(-91.5,-1.83649347598711E-14,-200.942777924463));
#5290=CARTESIAN_POINT('',(-89.5,38.0358983848622,-200.942777924463));
#5291=CARTESIAN_POINT('',(-89.5,38.0358983848622,3.));
#5292=CARTESIAN_POINT('',(-89.5,38.0358983848622,23.));
#5293=CARTESIAN_POINT('',(-87.5,34.5717967697245,23.));
#5294=CARTESIAN_POINT('',(-87.5,34.5717967697245,3.));
#5295=CARTESIAN_POINT('',(-87.5,34.5717967697245,-200.942777924463));
#5296=CARTESIAN_POINT('',(-88.0358983848622,39.5,-200.942777924463));
#5297=CARTESIAN_POINT('',(-88.0358983848622,39.5,3.));
#5298=CARTESIAN_POINT('',(-88.0358983848622,39.5,23.));
#5299=CARTESIAN_POINT('',(-91.5,41.5,23.));
#5300=CARTESIAN_POINT('',(-91.5,41.5,3.));
#5301=CARTESIAN_POINT('',(-91.5,41.5,-200.942777924463));
#5302=CARTESIAN_POINT('',(-84.5717967697245,41.5,-200.942777924463));
#5303=CARTESIAN_POINT('',(-84.5717967697245,41.5,3.));
#5304=CARTESIAN_POINT('',(-84.5717967697245,41.5,23.));
#5305=CARTESIAN_POINT('',(-84.5717967697245,37.5,23.));
#5306=CARTESIAN_POINT('',(-84.5717967697245,37.5,3.));
#5307=CARTESIAN_POINT('',(-84.5717967697245,37.5,-200.942777924463));
#5308=CARTESIAN_POINT('',(-94.5,-44.5,23.));
#5309=CARTESIAN_POINT('',(94.5,-44.5,23.));
#5310=CARTESIAN_POINT('',(94.5,44.5,23.));
#5311=CARTESIAN_POINT('',(-94.5,44.5,23.));
#5312=CARTESIAN_POINT('',(-5.10744907896832E-15,41.5,23.));
#5313=CARTESIAN_POINT('',(1.70248302632277E-15,-41.5,23.));
#5314=CARTESIAN_POINT('',(1.70248302632277E-15,-41.5,23.));
#5315=CARTESIAN_POINT('',(-5.10744907896832E-15,41.5,23.));
#5316=CARTESIAN_POINT('',(-4.5,-37.5,23.));
#5317=CARTESIAN_POINT('',(-90.5,-40.5,23.));
#5318=CARTESIAN_POINT('',(90.5,-40.5,23.));
#5319=CARTESIAN_POINT('',(90.5,40.5,23.));
#5320=CARTESIAN_POINT('',(-4.5,37.5,23.));
#5321=CARTESIAN_POINT('',(-90.5,40.5,23.));
#5322=CARTESIAN_POINT('',(0.,0.,23.));
#5323=CARTESIAN_POINT('',(-94.5,44.5,24.));
#5324=CARTESIAN_POINT('',(-94.5,44.5,23.));
#5325=CARTESIAN_POINT('',(-94.5,-44.5,24.));
#5326=CARTESIAN_POINT('',(-94.5,-44.5,23.));
#5327=CARTESIAN_POINT('',(94.5,-44.5,24.));
#5328=CARTESIAN_POINT('',(94.5,-44.5,23.));
#5329=CARTESIAN_POINT('',(94.5,44.5,24.));
#5330=CARTESIAN_POINT('',(94.5,44.5,23.));
#5331=CARTESIAN_POINT('',(-97.5,47.5,0.));
#5332=CARTESIAN_POINT('',(-97.5,47.5,0.));
#5333=CARTESIAN_POINT('',(-97.5,-47.5,0.));
#5334=CARTESIAN_POINT('',(97.5,47.5,0.));
#5335=CARTESIAN_POINT('',(97.5,47.5,0.));
#5336=CARTESIAN_POINT('',(97.5,47.5,0.));
#5337=CARTESIAN_POINT('',(97.5,-47.5,0.));
#5338=CARTESIAN_POINT('',(97.5,-47.5,0.));
#5339=CARTESIAN_POINT('',(64.,-26.5,0.));
#5340=CARTESIAN_POINT('',(17.5,21.5,0.));
#5341=CARTESIAN_POINT('',(-29.,-26.5,0.));
#5342=CARTESIAN_POINT('',(-71.5,12.5,0.));
#5343=CARTESIAN_POINT('',(-61.5,12.5,0.));
#5344=CARTESIAN_POINT('',(-81.5,12.5,0.));
#5345=CARTESIAN_POINT('',(-71.5,12.5,0.));
#5346=CARTESIAN_POINT('',(0.,0.,0.));
#5347=CARTESIAN_POINT('',(-97.5,47.5,24.));
#5348=CARTESIAN_POINT('',(-97.5,47.5,24.));
#5349=CARTESIAN_POINT('',(-97.5,-47.5,24.));
#5350=CARTESIAN_POINT('',(97.5,-47.5,24.));
#5351=CARTESIAN_POINT('',(97.5,-47.5,24.));
#5352=CARTESIAN_POINT('',(97.5,47.5,24.));
#5353=CARTESIAN_POINT('',(97.5,47.5,24.));
#5354=CARTESIAN_POINT('',(97.5,47.5,24.));
#5355=CARTESIAN_POINT('',(0.,0.,24.));
#5356=CARTESIAN_POINT('',(-97.5,47.5,24.));
#5357=CARTESIAN_POINT('',(97.5,47.5,24.));
#5358=CARTESIAN_POINT('',(97.5,47.5,24.));
#5359=CARTESIAN_POINT('',(97.5,-47.5,24.));
#5360=CARTESIAN_POINT('',(97.5,47.5,24.));
#5361=CARTESIAN_POINT('',(-97.5,-47.5,24.));
#5362=CARTESIAN_POINT('',(97.5,-47.5,24.));
#5363=CARTESIAN_POINT('',(-97.5,47.5,24.));
#5364=CARTESIAN_POINT('',(84.5717967697245,41.5,9.));
#5365=CARTESIAN_POINT('',(84.5717967697245,41.5,9.));
#5366=CARTESIAN_POINT('',(-5.10744907896832E-15,41.5,-200.942777924463));
#5367=CARTESIAN_POINT('',(-51.5,-41.5,3.));
#5368=CARTESIAN_POINT('',(-51.5,-41.5,9.));
#5369=CARTESIAN_POINT('',(-51.5,-41.5,9.));
#5370=CARTESIAN_POINT('',(1.70248302632277E-15,-41.5,3.));
#5371=CARTESIAN_POINT('',(-5.10744907896832E-15,41.5,3.));
#5372=CARTESIAN_POINT('',(-71.5,12.5,3.));
#5373=CARTESIAN_POINT('',(0.,0.,3.));
#5374=CARTESIAN_POINT('',(84.5717967697245,41.5,9.));
#5375=CARTESIAN_POINT('',(84.5717967697245,41.5,9.));
#5376=CARTESIAN_POINT('',(-5.10744907896832E-15,41.5,-200.942777924463));
#5377=CARTESIAN_POINT('',(-51.5,-41.5,9.));
#5378=CARTESIAN_POINT('',(-51.5,-41.5,9.));
#5379=CARTESIAN_POINT('',(-51.5,-41.5,9.));
#5380=CARTESIAN_POINT('',(1.70248302632277E-15,-41.5,-200.942777924463));
#5381=CARTESIAN_POINT('',(-25.,-26.5,11.));
#5382=CARTESIAN_POINT('',(-25.,-26.5,9.));
#5383=CARTESIAN_POINT('',(-29.,-26.5,9.));
#5384=CARTESIAN_POINT('',(-29.,-26.5,11.));
#5385=CARTESIAN_POINT('',(-51.5,-41.5,9.));
#5386=CARTESIAN_POINT('',(-51.5,-41.5,9.));
#5387=CARTESIAN_POINT('',(1.70248302632277E-15,-41.5,-200.942777924463));
#5388=CARTESIAN_POINT('',(-29.,-26.5,9.));
#5389=CARTESIAN_POINT('',(-33.,-26.5,9.));
#5390=CARTESIAN_POINT('',(-29.,-26.5,9.));
#5391=CARTESIAN_POINT('',(-22.,-37.5,9.));
#5392=CARTESIAN_POINT('',(64.,-26.5,9.));
#5393=CARTESIAN_POINT('',(60.,-26.5,9.));
#5394=CARTESIAN_POINT('',(64.,-26.5,9.));
#5395=CARTESIAN_POINT('',(70.5,-37.5,9.));
#5396=CARTESIAN_POINT('',(87.5,0.,9.));
#5397=CARTESIAN_POINT('',(17.5,21.5,9.));
#5398=CARTESIAN_POINT('',(84.5717967697245,37.5,9.));
#5399=CARTESIAN_POINT('',(-81.5,12.5,-25.5));
#5400=CARTESIAN_POINT('',(-61.5,12.5,-25.5));
#5401=CARTESIAN_POINT('',(-71.5,12.5,-25.5));
#5402=CARTESIAN_POINT('',(-71.5,12.5,-25.5));
#5403=CARTESIAN_POINT('',(-33.,-26.5,11.));
#5404=CARTESIAN_POINT('',(-29.,-26.5,11.));
#5405=CARTESIAN_POINT('',(-29.,-26.5,11.));
#5406=CARTESIAN_POINT('',(60.,-26.5,11.));
#5407=CARTESIAN_POINT('',(64.,-26.5,11.));
#5408=CARTESIAN_POINT('',(64.,-26.5,11.));
#5409=CARTESIAN_POINT('',(17.5,21.5,11.));
#5410=CARTESIAN_POINT('',(64.,-26.5,9.45));
#5411=CARTESIAN_POINT('',(64.,-26.5,11.));
#5412=CARTESIAN_POINT('',(64.,-26.5,11.));
#5413=CARTESIAN_POINT('',(17.5,21.5,9.45));
#5414=CARTESIAN_POINT('',(17.5,21.5,11.));
#5415=CARTESIAN_POINT('',(17.5,21.5,11.));
#5416=CARTESIAN_POINT('',(-29.,-26.5,9.45));
#5417=CARTESIAN_POINT('',(-29.,-26.5,11.));
#5418=CARTESIAN_POINT('',(-29.,-26.5,11.));
#5419=CARTESIAN_POINT('',(-97.5,-21.1576707807868,11.));
#5420=CARTESIAN_POINT('',(-4.5,-37.5,17.25));
#5421=CARTESIAN_POINT('',(-4.5,-37.5,17.25));
#5422=CARTESIAN_POINT('',(-4.5,-37.5,22.75));
#5423=CARTESIAN_POINT('',(-4.5,-37.5,23.));
#5424=CARTESIAN_POINT('',(-4.5,-37.5,23.));
#5425=CARTESIAN_POINT('',(-90.5,-40.5,17.25));
#5426=CARTESIAN_POINT('',(-90.5,-40.5,17.25));
#5427=CARTESIAN_POINT('',(-90.5,-40.5,22.75));
#5428=CARTESIAN_POINT('',(-90.5,-40.5,23.));
#5429=CARTESIAN_POINT('',(-90.5,-40.5,23.));
#5430=CARTESIAN_POINT('',(90.5,-40.5,17.25));
#5431=CARTESIAN_POINT('',(90.5,-40.5,17.25));
#5432=CARTESIAN_POINT('',(90.5,-40.5,22.75));
#5433=CARTESIAN_POINT('',(90.5,-40.5,23.));
#5434=CARTESIAN_POINT('',(90.5,-40.5,23.));
#5435=CARTESIAN_POINT('',(90.5,40.5,17.25));
#5436=CARTESIAN_POINT('',(90.5,40.5,17.25));
#5437=CARTESIAN_POINT('',(90.5,40.5,22.75));
#5438=CARTESIAN_POINT('',(90.5,40.5,23.));
#5439=CARTESIAN_POINT('',(90.5,40.5,23.));
#5440=CARTESIAN_POINT('',(-4.5,37.5,17.25));
#5441=CARTESIAN_POINT('',(-4.5,37.5,17.25));
#5442=CARTESIAN_POINT('',(-4.5,37.5,22.75));
#5443=CARTESIAN_POINT('',(-4.5,37.5,23.));
#5444=CARTESIAN_POINT('',(-4.5,37.5,23.));
#5445=CARTESIAN_POINT('',(-90.5,40.5,17.25));
#5446=CARTESIAN_POINT('',(-90.5,40.5,17.25));
#5447=CARTESIAN_POINT('',(-90.5,40.5,22.75));
#5448=CARTESIAN_POINT('',(-90.5,40.5,23.));
#5449=CARTESIAN_POINT('',(-90.5,40.5,23.));
#5450=CARTESIAN_POINT('',(87.5,0.,34.8885438199983));
#5451=CARTESIAN_POINT('',(87.5,0.,3.9));
#5452=CARTESIAN_POINT('',(87.5,0.,3.9));
#5453=CARTESIAN_POINT('',(87.5,0.,13.625));
#5454=CARTESIAN_POINT('',(87.5,0.,14.));
#5455=CARTESIAN_POINT('',(87.5,0.,14.));
#5456=CARTESIAN_POINT('',(-96.275,-30.,9.00000000000001));
#5457=CARTESIAN_POINT('',(-96.5,-30.,9.00000000000001));
#5458=CARTESIAN_POINT('',(-96.5,-30.,9.00000000000001));
#5459=CARTESIAN_POINT('',(-96.275,30.,9.00000000000001));
#5460=CARTESIAN_POINT('',(-96.5,30.,9.00000000000001));
#5461=CARTESIAN_POINT('',(-96.5,30.,9.00000000000001));
#5462=CARTESIAN_POINT('',(70.5,-37.5,34.0217288664427));
#5463=CARTESIAN_POINT('',(-22.,-37.5,34.0217288664427));
#5464=CARTESIAN_POINT('',(-71.5,12.5,2.));
#5465=MECHANICAL_DESIGN_GEOMETRIC_PRESENTATION_REPRESENTATION('',(#24),
#5466);
#5466=(
GEOMETRIC_REPRESENTATION_CONTEXT(3)
GLOBAL_UNCERTAINTY_ASSIGNED_CONTEXT((#5467))
GLOBAL_UNIT_ASSIGNED_CONTEXT((#5473,#5469,#5468))
REPRESENTATION_CONTEXT('5_stp','TOP_LEVEL_ASSEMBLY_PART')
);
#5467=UNCERTAINTY_MEASURE_WITH_UNIT(LENGTH_MEASURE(0.001),#5473,
'DISTANCE_ACCURACY_VALUE','Maximum Tolerance applied to model');
#5468=(
NAMED_UNIT(*)
SI_UNIT($,.STERADIAN.)
SOLID_ANGLE_UNIT()
);
#5469=(
CONVERSION_BASED_UNIT('DEGREE',#5471)
NAMED_UNIT(#5470)
PLANE_ANGLE_UNIT()
);
#5470=DIMENSIONAL_EXPONENTS(0.,0.,0.,0.,0.,0.,0.);
#5471=PLANE_ANGLE_MEASURE_WITH_UNIT(PLANE_ANGLE_MEASURE(0.0174532925),#5472);
#5472=(
NAMED_UNIT(*)
PLANE_ANGLE_UNIT()
SI_UNIT($,.RADIAN.)
);
#5473=(
LENGTH_UNIT()
NAMED_UNIT(*)
SI_UNIT(.MILLI.,.METRE.)
);
ENDSEC;
END-ISO-10303-21;
