ISO-10303-21;
HEADER;
/* Generated by software containing ST-Developer
 * from STEP Tools, Inc. (www.steptools.com) 
 */
/* OPTION: using custom schema-name function */

FILE_DESCRIPTION(
/* description */ (''),
/* implementation_level */ '2;1');

FILE_NAME(
/* name */ '6_stp.stp',
/* time_stamp */ '2026-05-11T15:23:01+08:00',
/* author */ (''),
/* organization */ (''),
/* preprocessor_version */ 'ST-DEVELOPER v20',
/* originating_system */ 'SIEMENS PLM Software NX2412.1700',
/* authorisation */ '');

FILE_SCHEMA (('AUTOMOTIVE_DESIGN { 1 0 10303 214 3 1 1 1 }'));
ENDSEC;

DATA;
#10=SHAPE_REPRESENTATION_RELATIONSHIP('None',
'relationship between 6_stp-None and 6_stp-None',#22,#11);
#11=ADVANCED_BREP_SHAPE_REPRESENTATION('6_stp-None',(#32),#3746);
#12=SHAPE_DEFINITION_REPRESENTATION(#13,#22);
#13=PRODUCT_DEFINITION_SHAPE('','',#14);
#14=PRODUCT_DEFINITION(' ','',#16,#15);
#15=PRODUCT_DEFINITION_CONTEXT('part definition',#21,'design');
#16=PRODUCT_DEFINITION_FORMATION_WITH_SPECIFIED_SOURCE(' ',' ',#18,
 .NOT_KNOWN.);
#17=PRODUCT_RELATED_PRODUCT_CATEGORY('part','',(#18));
#18=PRODUCT('6_stp','6_stp',' ',(#19));
#19=PRODUCT_CONTEXT(' ',#21,'mechanical');
#20=APPLICATION_PROTOCOL_DEFINITION('international standard',
'automotive_design',2010,#21);
#21=APPLICATION_CONTEXT(
'core data for automotive mechanical design processes');
#22=SHAPE_REPRESENTATION('6_stp-None',(#2233),#3746);
#23=PRESENTATION_LAYER_ASSIGNMENT('1','Layer 1',(#32));
#24=STYLED_ITEM('',(#25),#32);
#25=PRESENTATION_STYLE_ASSIGNMENT((#26));
#26=SURFACE_STYLE_USAGE(.BOTH.,#27);
#27=SURFACE_SIDE_STYLE('',(#28));
#28=SURFACE_STYLE_FILL_AREA(#29);
#29=FILL_AREA_STYLE('',(#30));
#30=FILL_AREA_STYLE_COLOUR('',#31);
#31=COLOUR_RGB('medium steel',0.611764705882353,0.658823529411765,0.670588235294118);
#32=MANIFOLD_SOLID_BREP('VERRUNDUNG10',#33);
#33=CLOSED_SHELL('',(#121,#122,#123,#124,#125,#126,#127,#128,#129,#130,
#131,#132,#133,#134,#135,#136,#137,#138,#139,#140,#141,#142,#143,#144,#145,
#146,#147,#148,#149,#150,#151,#152,#153,#154,#155,#156,#157,#158,#159,#160,
#161,#162,#163,#164,#165,#166,#167,#168,#169,#170,#171,#172,#173,#174,#175,
#176,#177,#178,#179,#180,#181,#182,#183,#184,#185,#186,#187,#188,#189,#190,
#191,#192,#193,#194,#195,#196,#197,#198,#199,#200,#201,#202,#203,#204,#205,
#206,#207,#208,#209,#210,#211,#212,#213,#214,#215,#216,#217,#218,#219,#220,
#221,#222,#223,#224,#225,#226,#227,#228,#229,#230,#231));
#34=FACE_BOUND('',#435,.T.);
#35=FACE_BOUND('',#436,.T.);
#36=FACE_BOUND('',#439,.T.);
#37=FACE_BOUND('',#440,.T.);
#38=FACE_BOUND('',#443,.T.);
#39=FACE_BOUND('',#444,.T.);
#40=FACE_BOUND('',#448,.T.);
#41=FACE_BOUND('',#449,.T.);
#42=FACE_BOUND('',#478,.T.);
#43=FACE_BOUND('',#479,.T.);
#44=FACE_BOUND('',#480,.T.);
#45=FACE_BOUND('',#481,.T.);
#46=FACE_BOUND('',#484,.T.);
#47=FACE_BOUND('',#485,.T.);
#48=FACE_BOUND('',#486,.T.);
#49=FACE_BOUND('',#487,.T.);
#50=FACE_BOUND('',#490,.T.);
#51=FACE_BOUND('',#491,.T.);
#52=FACE_BOUND('',#492,.T.);
#53=FACE_BOUND('',#493,.T.);
#54=FACE_BOUND('',#494,.T.);
#55=FACE_BOUND('',#495,.T.);
#56=FACE_BOUND('',#496,.T.);
#57=FACE_BOUND('',#497,.T.);
#58=FACE_BOUND('',#498,.T.);
#59=FACE_BOUND('',#499,.T.);
#60=FACE_BOUND('',#502,.T.);
#61=FACE_BOUND('',#503,.T.);
#62=PLANE('',#2252);
#63=PLANE('',#2253);
#64=PLANE('',#2254);
#65=PLANE('',#2255);
#66=PLANE('',#2256);
#67=PLANE('',#2257);
#68=PLANE('',#2258);
#69=PLANE('',#2277);
#70=PLANE('',#2278);
#71=PLANE('',#2279);
#72=PLANE('',#2280);
#73=PLANE('',#2281);
#74=PLANE('',#2282);
#75=PLANE('',#2283);
#76=PLANE('',#2284);
#77=PLANE('',#2303);
#78=PLANE('',#2304);
#79=PLANE('',#2305);
#80=PLANE('',#2306);
#81=PLANE('',#2307);
#82=PLANE('',#2308);
#83=PLANE('',#2309);
#84=PLANE('',#2310);
#85=PLANE('',#2335);
#86=PLANE('',#2344);
#87=PLANE('',#2351);
#88=PLANE('',#2352);
#89=PLANE('',#2353);
#90=PLANE('',#2358);
#91=PLANE('',#2359);
#92=PLANE('',#2360);
#93=PLANE('',#2373);
#94=PLANE('',#2374);
#95=PLANE('',#2375);
#96=PLANE('',#2376);
#97=PLANE('',#2384);
#98=PLANE('',#2385);
#99=PLANE('',#2388);
#100=PLANE('',#2390);
#101=PLANE('',#2391);
#102=PLANE('',#2394);
#103=PLANE('',#2401);
#104=PLANE('',#2402);
#105=PLANE('',#2403);
#106=PLANE('',#2404);
#107=PLANE('',#2414);
#108=PLANE('',#2415);
#109=PLANE('',#2416);
#110=PLANE('',#2420);
#111=PLANE('',#2421);
#112=PLANE('',#2422);
#113=PLANE('',#2431);
#114=PLANE('',#2432);
#115=PLANE('',#2433);
#116=PLANE('',#2434);
#117=PLANE('',#2435);
#118=PLANE('',#2436);
#119=PLANE('',#2437);
#120=PLANE('',#2438);
#121=ADVANCED_FACE('NONE',(#284),#232,.F.);
#122=ADVANCED_FACE('NONE',(#285),#233,.F.);
#123=ADVANCED_FACE('NONE',(#286),#234,.T.);
#124=ADVANCED_FACE('NONE',(#287),#235,.T.);
#125=ADVANCED_FACE('NONE',(#288),#236,.F.);
#126=ADVANCED_FACE('NONE',(#289),#237,.F.);
#127=ADVANCED_FACE('NONE',(#290),#62,.T.);
#128=ADVANCED_FACE('NONE',(#291),#63,.F.);
#129=ADVANCED_FACE('NONE',(#292),#64,.F.);
#130=ADVANCED_FACE('NONE',(#293),#65,.F.);
#131=ADVANCED_FACE('NONE',(#294),#66,.F.);
#132=ADVANCED_FACE('NONE',(#295),#67,.F.);
#133=ADVANCED_FACE('NONE',(#296),#68,.F.);
#134=ADVANCED_FACE('NONE',(#297),#238,.F.);
#135=ADVANCED_FACE('NONE',(#298),#239,.F.);
#136=ADVANCED_FACE('NONE',(#299),#240,.T.);
#137=ADVANCED_FACE('NONE',(#300),#241,.F.);
#138=ADVANCED_FACE('NONE',(#301),#242,.T.);
#139=ADVANCED_FACE('NONE',(#302),#243,.T.);
#140=ADVANCED_FACE('NONE',(#303),#69,.F.);
#141=ADVANCED_FACE('NONE',(#304),#70,.T.);
#142=ADVANCED_FACE('NONE',(#305),#71,.T.);
#143=ADVANCED_FACE('NONE',(#306),#72,.T.);
#144=ADVANCED_FACE('NONE',(#307),#73,.T.);
#145=ADVANCED_FACE('NONE',(#308),#74,.T.);
#146=ADVANCED_FACE('NONE',(#309),#75,.T.);
#147=ADVANCED_FACE('NONE',(#310),#76,.T.);
#148=ADVANCED_FACE('NONE',(#311),#244,.F.);
#149=ADVANCED_FACE('NONE',(#312),#245,.F.);
#150=ADVANCED_FACE('NONE',(#313),#246,.T.);
#151=ADVANCED_FACE('NONE',(#314),#247,.F.);
#152=ADVANCED_FACE('NONE',(#315),#248,.T.);
#153=ADVANCED_FACE('NONE',(#316),#249,.T.);
#154=ADVANCED_FACE('NONE',(#317),#77,.F.);
#155=ADVANCED_FACE('NONE',(#318),#78,.F.);
#156=ADVANCED_FACE('NONE',(#319),#79,.F.);
#157=ADVANCED_FACE('NONE',(#320),#80,.F.);
#158=ADVANCED_FACE('NONE',(#321),#81,.F.);
#159=ADVANCED_FACE('NONE',(#322),#82,.F.);
#160=ADVANCED_FACE('NONE',(#323),#83,.F.);
#161=ADVANCED_FACE('NONE',(#324),#84,.F.);
#162=ADVANCED_FACE('NONE',(#325),#250,.F.);
#163=ADVANCED_FACE('NONE',(#326),#251,.F.);
#164=ADVANCED_FACE('NONE',(#327),#252,.F.);
#165=ADVANCED_FACE('NONE',(#328),#253,.F.);
#166=ADVANCED_FACE('NONE',(#329),#254,.F.);
#167=ADVANCED_FACE('NONE',(#330),#255,.F.);
#168=ADVANCED_FACE('NONE',(#331),#256,.F.);
#169=ADVANCED_FACE('NONE',(#34,#35),#85,.F.);
#170=ADVANCED_FACE('NONE',(#332),#257,.F.);
#171=ADVANCED_FACE('NONE',(#333),#258,.F.);
#172=ADVANCED_FACE('NONE',(#36,#37),#86,.F.);
#173=ADVANCED_FACE('NONE',(#334),#259,.F.);
#174=ADVANCED_FACE('NONE',(#335),#260,.T.);
#175=ADVANCED_FACE('NONE',(#38,#39),#87,.T.);
#176=ADVANCED_FACE('NONE',(#336),#88,.T.);
#177=ADVANCED_FACE('NONE',(#337),#89,.T.);
#178=ADVANCED_FACE('NONE',(#338),#261,.T.);
#179=ADVANCED_FACE('NONE',(#40,#41),#90,.T.);
#180=ADVANCED_FACE('NONE',(#339),#91,.F.);
#181=ADVANCED_FACE('NONE',(#340),#92,.F.);
#182=ADVANCED_FACE('NONE',(#341),#262,.F.);
#183=ADVANCED_FACE('NONE',(#342),#263,.F.);
#184=ADVANCED_FACE('NONE',(#343),#264,.F.);
#185=ADVANCED_FACE('NONE',(#344),#265,.F.);
#186=ADVANCED_FACE('NONE',(#345),#93,.F.);
#187=ADVANCED_FACE('NONE',(#346),#94,.F.);
#188=ADVANCED_FACE('NONE',(#347),#95,.F.);
#189=ADVANCED_FACE('NONE',(#348),#96,.F.);
#190=ADVANCED_FACE('NONE',(#349),#266,.F.);
#191=ADVANCED_FACE('NONE',(#350),#267,.F.);
#192=ADVANCED_FACE('NONE',(#351),#97,.T.);
#193=ADVANCED_FACE('NONE',(#352),#98,.T.);
#194=ADVANCED_FACE('NONE',(#353),#268,.F.);
#195=ADVANCED_FACE('NONE',(#354),#99,.T.);
#196=ADVANCED_FACE('NONE',(#355),#100,.T.);
#197=ADVANCED_FACE('NONE',(#356),#101,.F.);
#198=ADVANCED_FACE('NONE',(#357),#269,.F.);
#199=ADVANCED_FACE('NONE',(#358),#102,.F.);
#200=ADVANCED_FACE('NONE',(#359),#270,.F.);
#201=ADVANCED_FACE('NONE',(#360),#271,.F.);
#202=ADVANCED_FACE('NONE',(#361),#103,.T.);
#203=ADVANCED_FACE('NONE',(#362),#104,.F.);
#204=ADVANCED_FACE('NONE',(#363),#105,.F.);
#205=ADVANCED_FACE('NONE',(#364),#106,.F.);
#206=ADVANCED_FACE('NONE',(#365),#272,.F.);
#207=ADVANCED_FACE('NONE',(#366),#273,.F.);
#208=ADVANCED_FACE('NONE',(#42,#43,#44,#45),#107,.F.);
#209=ADVANCED_FACE('NONE',(#367),#108,.F.);
#210=ADVANCED_FACE('NONE',(#368),#109,.F.);
#211=ADVANCED_FACE('NONE',(#46,#47,#48,#49),#110,.T.);
#212=ADVANCED_FACE('NONE',(#369),#111,.F.);
#213=ADVANCED_FACE('NONE',(#370),#112,.F.);
#214=ADVANCED_FACE('NONE',(#50,#51,#52,#53,#54,#55,#56,#57,#58,#59),#113,
 .F.);
#215=ADVANCED_FACE('NONE',(#371),#114,.T.);
#216=ADVANCED_FACE('NONE',(#372),#115,.F.);
#217=ADVANCED_FACE('NONE',(#60,#61),#116,.F.);
#218=ADVANCED_FACE('NONE',(#373),#117,.F.);
#219=ADVANCED_FACE('NONE',(#374),#118,.F.);
#220=ADVANCED_FACE('NONE',(#375),#119,.F.);
#221=ADVANCED_FACE('NONE',(#376),#120,.F.);
#222=ADVANCED_FACE('NONE',(#377),#274,.F.);
#223=ADVANCED_FACE('NONE',(#378),#275,.F.);
#224=ADVANCED_FACE('NONE',(#379),#276,.F.);
#225=ADVANCED_FACE('NONE',(#380),#277,.F.);
#226=ADVANCED_FACE('NONE',(#381),#278,.F.);
#227=ADVANCED_FACE('NONE',(#382),#279,.F.);
#228=ADVANCED_FACE('NONE',(#383),#280,.F.);
#229=ADVANCED_FACE('NONE',(#384),#281,.F.);
#230=ADVANCED_FACE('NONE',(#385),#282,.F.);
#231=ADVANCED_FACE('NONE',(#386),#283,.F.);
#232=CYLINDRICAL_SURFACE('',#2236,20.);
#233=CYLINDRICAL_SURFACE('',#2239,20.);
#234=CYLINDRICAL_SURFACE('',#2242,20.);
#235=CYLINDRICAL_SURFACE('',#2245,20.);
#236=CYLINDRICAL_SURFACE('',#2248,20.);
#237=CYLINDRICAL_SURFACE('',#2251,20.);
#238=CYLINDRICAL_SURFACE('',#2261,6.);
#239=CYLINDRICAL_SURFACE('',#2264,6.);
#240=CYLINDRICAL_SURFACE('',#2267,6.);
#241=CYLINDRICAL_SURFACE('',#2270,6.);
#242=CYLINDRICAL_SURFACE('',#2273,6.);
#243=CYLINDRICAL_SURFACE('',#2276,6.);
#244=CYLINDRICAL_SURFACE('',#2287,6.);
#245=CYLINDRICAL_SURFACE('',#2290,6.);
#246=CYLINDRICAL_SURFACE('',#2293,6.);
#247=CYLINDRICAL_SURFACE('',#2296,6.);
#248=CYLINDRICAL_SURFACE('',#2299,6.);
#249=CYLINDRICAL_SURFACE('',#2302,6.);
#250=CYLINDRICAL_SURFACE('',#2313,5.25);
#251=CYLINDRICAL_SURFACE('',#2316,4.);
#252=CYLINDRICAL_SURFACE('',#2319,4.);
#253=CYLINDRICAL_SURFACE('',#2322,5.25);
#254=CYLINDRICAL_SURFACE('',#2325,4.);
#255=CYLINDRICAL_SURFACE('',#2328,4.);
#256=CYLINDRICAL_SURFACE('',#2331,13.);
#257=CYLINDRICAL_SURFACE('',#2337,8.74999999999999);
#258=CYLINDRICAL_SURFACE('',#2340,13.);
#259=CYLINDRICAL_SURFACE('',#2346,8.74999999999999);
#260=CYLINDRICAL_SURFACE('',#2349,8.);
#261=CYLINDRICAL_SURFACE('',#2356,8.);
#262=CYLINDRICAL_SURFACE('',#2363,8.);
#263=CYLINDRICAL_SURFACE('',#2366,8.);
#264=CYLINDRICAL_SURFACE('',#2369,8.);
#265=CYLINDRICAL_SURFACE('',#2372,8.);
#266=CYLINDRICAL_SURFACE('',#2379,15.);
#267=CYLINDRICAL_SURFACE('',#2382,15.);
#268=CYLINDRICAL_SURFACE('',#2387,10.);
#269=CYLINDRICAL_SURFACE('',#2393,10.);
#270=CYLINDRICAL_SURFACE('',#2397,8.);
#271=CYLINDRICAL_SURFACE('',#2400,8.);
#272=CYLINDRICAL_SURFACE('',#2407,15.);
#273=CYLINDRICAL_SURFACE('',#2410,15.);
#274=CYLINDRICAL_SURFACE('',#2439,8.74999999999999);
#275=CYLINDRICAL_SURFACE('',#2440,13.);
#276=CYLINDRICAL_SURFACE('',#2441,8.74999999999999);
#277=CYLINDRICAL_SURFACE('',#2442,13.);
#278=CYLINDRICAL_SURFACE('',#2443,4.);
#279=CYLINDRICAL_SURFACE('',#2444,4.);
#280=CYLINDRICAL_SURFACE('',#2445,5.25);
#281=CYLINDRICAL_SURFACE('',#2446,4.);
#282=CYLINDRICAL_SURFACE('',#2447,4.);
#283=CYLINDRICAL_SURFACE('',#2448,5.25);
#284=FACE_OUTER_BOUND('',#387,.T.);
#285=FACE_OUTER_BOUND('',#388,.T.);
#286=FACE_OUTER_BOUND('',#389,.T.);
#287=FACE_OUTER_BOUND('',#390,.T.);
#288=FACE_OUTER_BOUND('',#391,.T.);
#289=FACE_OUTER_BOUND('',#392,.T.);
#290=FACE_OUTER_BOUND('',#393,.T.);
#291=FACE_OUTER_BOUND('',#394,.T.);
#292=FACE_OUTER_BOUND('',#395,.T.);
#293=FACE_OUTER_BOUND('',#396,.T.);
#294=FACE_OUTER_BOUND('',#397,.T.);
#295=FACE_OUTER_BOUND('',#398,.T.);
#296=FACE_OUTER_BOUND('',#399,.T.);
#297=FACE_OUTER_BOUND('',#400,.T.);
#298=FACE_OUTER_BOUND('',#401,.T.);
#299=FACE_OUTER_BOUND('',#402,.T.);
#300=FACE_OUTER_BOUND('',#403,.T.);
#301=FACE_OUTER_BOUND('',#404,.T.);
#302=FACE_OUTER_BOUND('',#405,.T.);
#303=FACE_OUTER_BOUND('',#406,.T.);
#304=FACE_OUTER_BOUND('',#407,.T.);
#305=FACE_OUTER_BOUND('',#408,.T.);
#306=FACE_OUTER_BOUND('',#409,.T.);
#307=FACE_OUTER_BOUND('',#410,.T.);
#308=FACE_OUTER_BOUND('',#411,.T.);
#309=FACE_OUTER_BOUND('',#412,.T.);
#310=FACE_OUTER_BOUND('',#413,.T.);
#311=FACE_OUTER_BOUND('',#414,.T.);
#312=FACE_OUTER_BOUND('',#415,.T.);
#313=FACE_OUTER_BOUND('',#416,.T.);
#314=FACE_OUTER_BOUND('',#417,.T.);
#315=FACE_OUTER_BOUND('',#418,.T.);
#316=FACE_OUTER_BOUND('',#419,.T.);
#317=FACE_OUTER_BOUND('',#420,.T.);
#318=FACE_OUTER_BOUND('',#421,.T.);
#319=FACE_OUTER_BOUND('',#422,.T.);
#320=FACE_OUTER_BOUND('',#423,.T.);
#321=FACE_OUTER_BOUND('',#424,.T.);
#322=FACE_OUTER_BOUND('',#425,.T.);
#323=FACE_OUTER_BOUND('',#426,.T.);
#324=FACE_OUTER_BOUND('',#427,.T.);
#325=FACE_OUTER_BOUND('',#428,.T.);
#326=FACE_OUTER_BOUND('',#429,.T.);
#327=FACE_OUTER_BOUND('',#430,.T.);
#328=FACE_OUTER_BOUND('',#431,.T.);
#329=FACE_OUTER_BOUND('',#432,.T.);
#330=FACE_OUTER_BOUND('',#433,.T.);
#331=FACE_OUTER_BOUND('',#434,.T.);
#332=FACE_OUTER_BOUND('',#437,.T.);
#333=FACE_OUTER_BOUND('',#438,.T.);
#334=FACE_OUTER_BOUND('',#441,.T.);
#335=FACE_OUTER_BOUND('',#442,.T.);
#336=FACE_OUTER_BOUND('',#445,.T.);
#337=FACE_OUTER_BOUND('',#446,.T.);
#338=FACE_OUTER_BOUND('',#447,.T.);
#339=FACE_OUTER_BOUND('',#450,.T.);
#340=FACE_OUTER_BOUND('',#451,.T.);
#341=FACE_OUTER_BOUND('',#452,.T.);
#342=FACE_OUTER_BOUND('',#453,.T.);
#343=FACE_OUTER_BOUND('',#454,.T.);
#344=FACE_OUTER_BOUND('',#455,.T.);
#345=FACE_OUTER_BOUND('',#456,.T.);
#346=FACE_OUTER_BOUND('',#457,.T.);
#347=FACE_OUTER_BOUND('',#458,.T.);
#348=FACE_OUTER_BOUND('',#459,.T.);
#349=FACE_OUTER_BOUND('',#460,.T.);
#350=FACE_OUTER_BOUND('',#461,.T.);
#351=FACE_OUTER_BOUND('',#462,.T.);
#352=FACE_OUTER_BOUND('',#463,.T.);
#353=FACE_OUTER_BOUND('',#464,.T.);
#354=FACE_OUTER_BOUND('',#465,.T.);
#355=FACE_OUTER_BOUND('',#466,.T.);
#356=FACE_OUTER_BOUND('',#467,.T.);
#357=FACE_OUTER_BOUND('',#468,.T.);
#358=FACE_OUTER_BOUND('',#469,.T.);
#359=FACE_OUTER_BOUND('',#470,.T.);
#360=FACE_OUTER_BOUND('',#471,.T.);
#361=FACE_OUTER_BOUND('',#472,.T.);
#362=FACE_OUTER_BOUND('',#473,.T.);
#363=FACE_OUTER_BOUND('',#474,.T.);
#364=FACE_OUTER_BOUND('',#475,.T.);
#365=FACE_OUTER_BOUND('',#476,.T.);
#366=FACE_OUTER_BOUND('',#477,.T.);
#367=FACE_OUTER_BOUND('',#482,.T.);
#368=FACE_OUTER_BOUND('',#483,.T.);
#369=FACE_OUTER_BOUND('',#488,.T.);
#370=FACE_OUTER_BOUND('',#489,.T.);
#371=FACE_OUTER_BOUND('',#500,.T.);
#372=FACE_OUTER_BOUND('',#501,.T.);
#373=FACE_OUTER_BOUND('',#504,.T.);
#374=FACE_OUTER_BOUND('',#505,.T.);
#375=FACE_OUTER_BOUND('',#506,.T.);
#376=FACE_OUTER_BOUND('',#507,.T.);
#377=FACE_OUTER_BOUND('',#508,.T.);
#378=FACE_OUTER_BOUND('',#509,.T.);
#379=FACE_OUTER_BOUND('',#510,.T.);
#380=FACE_OUTER_BOUND('',#511,.T.);
#381=FACE_OUTER_BOUND('',#512,.T.);
#382=FACE_OUTER_BOUND('',#513,.T.);
#383=FACE_OUTER_BOUND('',#514,.T.);
#384=FACE_OUTER_BOUND('',#515,.T.);
#385=FACE_OUTER_BOUND('',#516,.T.);
#386=FACE_OUTER_BOUND('',#517,.T.);
#387=EDGE_LOOP('',(#952,#953,#954,#955));
#388=EDGE_LOOP('',(#956,#957,#958,#959));
#389=EDGE_LOOP('',(#960,#961,#962,#963));
#390=EDGE_LOOP('',(#964,#965,#966,#967));
#391=EDGE_LOOP('',(#968,#969,#970,#971));
#392=EDGE_LOOP('',(#972,#973,#974,#975));
#393=EDGE_LOOP('',(#976,#977,#978,#979,#980,#981,#982,#983,#984,#985,#986,
#987,#988));
#394=EDGE_LOOP('',(#989,#990,#991,#992));
#395=EDGE_LOOP('',(#993,#994,#995,#996));
#396=EDGE_LOOP('',(#997,#998,#999,#1000));
#397=EDGE_LOOP('',(#1001,#1002,#1003,#1004));
#398=EDGE_LOOP('',(#1005,#1006,#1007,#1008));
#399=EDGE_LOOP('',(#1009,#1010,#1011,#1012));
#400=EDGE_LOOP('',(#1013,#1014,#1015,#1016));
#401=EDGE_LOOP('',(#1017,#1018,#1019,#1020));
#402=EDGE_LOOP('',(#1021,#1022,#1023,#1024));
#403=EDGE_LOOP('',(#1025,#1026,#1027,#1028));
#404=EDGE_LOOP('',(#1029,#1030,#1031,#1032));
#405=EDGE_LOOP('',(#1033,#1034,#1035,#1036));
#406=EDGE_LOOP('',(#1037,#1038,#1039,#1040,#1041,#1042,#1043,#1044,#1045,
#1046,#1047,#1048,#1049,#1050,#1051,#1052));
#407=EDGE_LOOP('',(#1053,#1054,#1055,#1056));
#408=EDGE_LOOP('',(#1057,#1058,#1059,#1060));
#409=EDGE_LOOP('',(#1061,#1062,#1063,#1064));
#410=EDGE_LOOP('',(#1065,#1066,#1067,#1068));
#411=EDGE_LOOP('',(#1069,#1070,#1071,#1072));
#412=EDGE_LOOP('',(#1073,#1074,#1075,#1076));
#413=EDGE_LOOP('',(#1077,#1078,#1079,#1080));
#414=EDGE_LOOP('',(#1081,#1082,#1083,#1084));
#415=EDGE_LOOP('',(#1085,#1086,#1087,#1088));
#416=EDGE_LOOP('',(#1089,#1090,#1091,#1092));
#417=EDGE_LOOP('',(#1093,#1094,#1095,#1096));
#418=EDGE_LOOP('',(#1097,#1098,#1099,#1100));
#419=EDGE_LOOP('',(#1101,#1102,#1103,#1104));
#420=EDGE_LOOP('',(#1105,#1106,#1107,#1108,#1109,#1110,#1111,#1112,#1113,
#1114,#1115,#1116,#1117,#1118,#1119,#1120));
#421=EDGE_LOOP('',(#1121,#1122,#1123,#1124));
#422=EDGE_LOOP('',(#1125,#1126,#1127,#1128));
#423=EDGE_LOOP('',(#1129,#1130,#1131,#1132));
#424=EDGE_LOOP('',(#1133,#1134,#1135,#1136));
#425=EDGE_LOOP('',(#1137,#1138,#1139,#1140));
#426=EDGE_LOOP('',(#1141,#1142,#1143,#1144));
#427=EDGE_LOOP('',(#1145,#1146,#1147,#1148));
#428=EDGE_LOOP('',(#1149,#1150,#1151,#1152));
#429=EDGE_LOOP('',(#1153,#1154,#1155,#1156));
#430=EDGE_LOOP('',(#1157,#1158,#1159,#1160));
#431=EDGE_LOOP('',(#1161,#1162,#1163,#1164));
#432=EDGE_LOOP('',(#1165,#1166,#1167,#1168));
#433=EDGE_LOOP('',(#1169,#1170,#1171,#1172));
#434=EDGE_LOOP('',(#1173,#1174,#1175,#1176));
#435=EDGE_LOOP('',(#1177,#1178));
#436=EDGE_LOOP('',(#1179,#1180));
#437=EDGE_LOOP('',(#1181,#1182,#1183,#1184));
#438=EDGE_LOOP('',(#1185,#1186,#1187,#1188));
#439=EDGE_LOOP('',(#1189,#1190));
#440=EDGE_LOOP('',(#1191,#1192));
#441=EDGE_LOOP('',(#1193,#1194,#1195,#1196));
#442=EDGE_LOOP('',(#1197,#1198,#1199,#1200));
#443=EDGE_LOOP('',(#1201,#1202,#1203,#1204,#1205));
#444=EDGE_LOOP('',(#1206,#1207));
#445=EDGE_LOOP('',(#1208,#1209,#1210,#1211));
#446=EDGE_LOOP('',(#1212,#1213,#1214,#1215));
#447=EDGE_LOOP('',(#1216,#1217,#1218,#1219));
#448=EDGE_LOOP('',(#1220,#1221,#1222,#1223,#1224));
#449=EDGE_LOOP('',(#1225,#1226));
#450=EDGE_LOOP('',(#1227,#1228,#1229,#1230));
#451=EDGE_LOOP('',(#1231,#1232,#1233,#1234));
#452=EDGE_LOOP('',(#1235,#1236,#1237,#1238));
#453=EDGE_LOOP('',(#1239,#1240,#1241,#1242));
#454=EDGE_LOOP('',(#1243,#1244,#1245,#1246));
#455=EDGE_LOOP('',(#1247,#1248,#1249,#1250));
#456=EDGE_LOOP('',(#1251,#1252,#1253,#1254));
#457=EDGE_LOOP('',(#1255,#1256,#1257,#1258));
#458=EDGE_LOOP('',(#1259,#1260,#1261,#1262));
#459=EDGE_LOOP('',(#1263,#1264,#1265,#1266));
#460=EDGE_LOOP('',(#1267,#1268,#1269,#1270));
#461=EDGE_LOOP('',(#1271,#1272,#1273,#1274));
#462=EDGE_LOOP('',(#1275,#1276,#1277,#1278,#1279,#1280,#1281));
#463=EDGE_LOOP('',(#1282,#1283,#1284,#1285));
#464=EDGE_LOOP('',(#1286,#1287,#1288,#1289));
#465=EDGE_LOOP('',(#1290,#1291,#1292,#1293));
#466=EDGE_LOOP('',(#1294,#1295,#1296,#1297,#1298,#1299,#1300));
#467=EDGE_LOOP('',(#1301,#1302,#1303,#1304));
#468=EDGE_LOOP('',(#1305,#1306,#1307,#1308));
#469=EDGE_LOOP('',(#1309,#1310,#1311,#1312));
#470=EDGE_LOOP('',(#1313,#1314,#1315,#1316));
#471=EDGE_LOOP('',(#1317,#1318,#1319,#1320));
#472=EDGE_LOOP('',(#1321,#1322,#1323,#1324,#1325,#1326));
#473=EDGE_LOOP('',(#1327,#1328,#1329,#1330));
#474=EDGE_LOOP('',(#1331,#1332,#1333,#1334));
#475=EDGE_LOOP('',(#1335,#1336,#1337,#1338));
#476=EDGE_LOOP('',(#1339,#1340,#1341,#1342));
#477=EDGE_LOOP('',(#1343,#1344,#1345,#1346));
#478=EDGE_LOOP('',(#1347,#1348,#1349,#1350,#1351));
#479=EDGE_LOOP('',(#1352,#1353));
#480=EDGE_LOOP('',(#1354,#1355));
#481=EDGE_LOOP('',(#1356,#1357));
#482=EDGE_LOOP('',(#1358,#1359,#1360,#1361));
#483=EDGE_LOOP('',(#1362,#1363,#1364,#1365));
#484=EDGE_LOOP('',(#1366,#1367,#1368,#1369,#1370));
#485=EDGE_LOOP('',(#1371,#1372));
#486=EDGE_LOOP('',(#1373,#1374));
#487=EDGE_LOOP('',(#1375,#1376));
#488=EDGE_LOOP('',(#1377,#1378,#1379,#1380));
#489=EDGE_LOOP('',(#1381,#1382,#1383,#1384));
#490=EDGE_LOOP('',(#1385,#1386,#1387,#1388,#1389,#1390,#1391,#1392,#1393,
#1394,#1395,#1396,#1397,#1398,#1399,#1400,#1401));
#491=EDGE_LOOP('',(#1402,#1403,#1404,#1405,#1406,#1407,#1408,#1409));
#492=EDGE_LOOP('',(#1410,#1411));
#493=EDGE_LOOP('',(#1412,#1413));
#494=EDGE_LOOP('',(#1414,#1415));
#495=EDGE_LOOP('',(#1416,#1417));
#496=EDGE_LOOP('',(#1418,#1419));
#497=EDGE_LOOP('',(#1420,#1421));
#498=EDGE_LOOP('',(#1422,#1423));
#499=EDGE_LOOP('',(#1424,#1425));
#500=EDGE_LOOP('',(#1426,#1427,#1428,#1429,#1430,#1431,#1432,#1433,#1434,
#1435,#1436,#1437,#1438,#1439,#1440,#1441,#1442,#1443,#1444,#1445,#1446,
#1447));
#501=EDGE_LOOP('',(#1448,#1449,#1450,#1451,#1452,#1453,#1454,#1455,#1456,
#1457,#1458,#1459,#1460,#1461,#1462,#1463,#1464,#1465,#1466,#1467,#1468,
#1469));
#502=EDGE_LOOP('',(#1470,#1471,#1472,#1473,#1474,#1475,#1476,#1477,#1478,
#1479));
#503=EDGE_LOOP('',(#1480,#1481,#1482,#1483,#1484,#1485,#1486,#1487));
#504=EDGE_LOOP('',(#1488,#1489,#1490,#1491,#1492,#1493,#1494,#1495,#1496,
#1497,#1498,#1499));
#505=EDGE_LOOP('',(#1500,#1501,#1502,#1503,#1504,#1505,#1506,#1507,#1508,
#1509,#1510,#1511));
#506=EDGE_LOOP('',(#1512,#1513,#1514,#1515,#1516,#1517,#1518,#1519,#1520,
#1521,#1522,#1523,#1524,#1525,#1526,#1527,#1528,#1529,#1530,#1531,#1532,
#1533));
#507=EDGE_LOOP('',(#1534,#1535,#1536,#1537,#1538,#1539,#1540,#1541,#1542,
#1543,#1544,#1545,#1546,#1547,#1548,#1549,#1550,#1551,#1552,#1553));
#508=EDGE_LOOP('',(#1554,#1555,#1556,#1557));
#509=EDGE_LOOP('',(#1558,#1559,#1560,#1561));
#510=EDGE_LOOP('',(#1562,#1563,#1564,#1565));
#511=EDGE_LOOP('',(#1566,#1567,#1568,#1569));
#512=EDGE_LOOP('',(#1570,#1571,#1572,#1573));
#513=EDGE_LOOP('',(#1574,#1575,#1576,#1577));
#514=EDGE_LOOP('',(#1578,#1579,#1580,#1581));
#515=EDGE_LOOP('',(#1582,#1583,#1584,#1585));
#516=EDGE_LOOP('',(#1586,#1587,#1588,#1589));
#517=EDGE_LOOP('',(#1590,#1591,#1592,#1593));
#518=LINE('',#3102,#735);
#519=LINE('',#3106,#736);
#520=LINE('',#3111,#737);
#521=LINE('',#3115,#738);
#522=LINE('',#3120,#739);
#523=LINE('',#3124,#740);
#524=LINE('',#3129,#741);
#525=LINE('',#3133,#742);
#526=LINE('',#3138,#743);
#527=LINE('',#3142,#744);
#528=LINE('',#3146,#745);
#529=LINE('',#3150,#746);
#530=LINE('',#3151,#747);
#531=LINE('',#3152,#748);
#532=LINE('',#3154,#749);
#533=LINE('',#3156,#750);
#534=LINE('',#3157,#751);
#535=LINE('',#3158,#752);
#536=LINE('',#3160,#753);
#537=LINE('',#3162,#754);
#538=LINE('',#3164,#755);
#539=LINE('',#3166,#756);
#540=LINE('',#3168,#757);
#541=LINE('',#3170,#758);
#542=LINE('',#3172,#759);
#543=LINE('',#3174,#760);
#544=LINE('',#3179,#761);
#545=LINE('',#3183,#762);
#546=LINE('',#3188,#763);
#547=LINE('',#3192,#764);
#548=LINE('',#3197,#765);
#549=LINE('',#3201,#766);
#550=LINE('',#3206,#767);
#551=LINE('',#3210,#768);
#552=LINE('',#3215,#769);
#553=LINE('',#3219,#770);
#554=LINE('',#3224,#771);
#555=LINE('',#3228,#772);
#556=LINE('',#3230,#773);
#557=LINE('',#3231,#774);
#558=LINE('',#3232,#775);
#559=LINE('',#3234,#776);
#560=LINE('',#3236,#777);
#561=LINE('',#3238,#778);
#562=LINE('',#3240,#779);
#563=LINE('',#3241,#780);
#564=LINE('',#3242,#781);
#565=LINE('',#3243,#782);
#566=LINE('',#3245,#783);
#567=LINE('',#3247,#784);
#568=LINE('',#3249,#785);
#569=LINE('',#3251,#786);
#570=LINE('',#3253,#787);
#571=LINE('',#3255,#788);
#572=LINE('',#3257,#789);
#573=LINE('',#3259,#790);
#574=LINE('',#3261,#791);
#575=LINE('',#3266,#792);
#576=LINE('',#3270,#793);
#577=LINE('',#3275,#794);
#578=LINE('',#3279,#795);
#579=LINE('',#3284,#796);
#580=LINE('',#3288,#797);
#581=LINE('',#3293,#798);
#582=LINE('',#3297,#799);
#583=LINE('',#3302,#800);
#584=LINE('',#3306,#801);
#585=LINE('',#3311,#802);
#586=LINE('',#3315,#803);
#587=LINE('',#3317,#804);
#588=LINE('',#3318,#805);
#589=LINE('',#3319,#806);
#590=LINE('',#3320,#807);
#591=LINE('',#3321,#808);
#592=LINE('',#3322,#809);
#593=LINE('',#3324,#810);
#594=LINE('',#3326,#811);
#595=LINE('',#3328,#812);
#596=LINE('',#3330,#813);
#597=LINE('',#3332,#814);
#598=LINE('',#3334,#815);
#599=LINE('',#3336,#816);
#600=LINE('',#3338,#817);
#601=LINE('',#3340,#818);
#602=LINE('',#3342,#819);
#603=LINE('',#3344,#820);
#604=LINE('',#3346,#821);
#605=LINE('',#3348,#822);
#606=LINE('',#3350,#823);
#607=LINE('',#3355,#824);
#608=LINE('',#3359,#825);
#609=LINE('',#3364,#826);
#610=LINE('',#3368,#827);
#611=LINE('',#3373,#828);
#612=LINE('',#3377,#829);
#613=LINE('',#3382,#830);
#614=LINE('',#3386,#831);
#615=LINE('',#3391,#832);
#616=LINE('',#3395,#833);
#617=LINE('',#3400,#834);
#618=LINE('',#3404,#835);
#619=LINE('',#3409,#836);
#620=LINE('',#3419,#837);
#621=LINE('',#3423,#838);
#622=LINE('',#3425,#839);
#623=LINE('',#3430,#840);
#624=LINE('',#3440,#841);
#625=LINE('',#3444,#842);
#626=LINE('',#3449,#843);
#627=LINE('',#3453,#844);
#628=LINE('',#3455,#845);
#629=LINE('',#3457,#846);
#630=LINE('',#3459,#847);
#631=LINE('',#3461,#848);
#632=LINE('',#3464,#849);
#633=LINE('',#3466,#850);
#634=LINE('',#3468,#851);
#635=LINE('',#3470,#852);
#636=LINE('',#3475,#853);
#637=LINE('',#3479,#854);
#638=LINE('',#3481,#855);
#639=LINE('',#3483,#856);
#640=LINE('',#3485,#857);
#641=LINE('',#3487,#858);
#642=LINE('',#3490,#859);
#643=LINE('',#3492,#860);
#644=LINE('',#3494,#861);
#645=LINE('',#3496,#862);
#646=LINE('',#3501,#863);
#647=LINE('',#3505,#864);
#648=LINE('',#3510,#865);
#649=LINE('',#3514,#866);
#650=LINE('',#3519,#867);
#651=LINE('',#3523,#868);
#652=LINE('',#3528,#869);
#653=LINE('',#3532,#870);
#654=LINE('',#3534,#871);
#655=LINE('',#3535,#872);
#656=LINE('',#3537,#873);
#657=LINE('',#3538,#874);
#658=LINE('',#3540,#875);
#659=LINE('',#3541,#876);
#660=LINE('',#3543,#877);
#661=LINE('',#3544,#878);
#662=LINE('',#3549,#879);
#663=LINE('',#3553,#880);
#664=LINE('',#3558,#881);
#665=LINE('',#3562,#882);
#666=LINE('',#3564,#883);
#667=LINE('',#3567,#884);
#668=LINE('',#3569,#885);
#669=LINE('',#3570,#886);
#670=LINE('',#3574,#887);
#671=LINE('',#3576,#888);
#672=LINE('',#3579,#889);
#673=LINE('',#3580,#890);
#674=LINE('',#3584,#891);
#675=LINE('',#3586,#892);
#676=LINE('',#3588,#893);
#677=LINE('',#3591,#894);
#678=LINE('',#3595,#895);
#679=LINE('',#3596,#896);
#680=LINE('',#3598,#897);
#681=LINE('',#3600,#898);
#682=LINE('',#3602,#899);
#683=LINE('',#3606,#900);
#684=LINE('',#3608,#901);
#685=LINE('',#3610,#902);
#686=LINE('',#3615,#903);
#687=LINE('',#3619,#904);
#688=LINE('',#3624,#905);
#689=LINE('',#3628,#906);
#690=LINE('',#3630,#907);
#691=LINE('',#3631,#908);
#692=LINE('',#3633,#909);
#693=LINE('',#3635,#910);
#694=LINE('',#3637,#911);
#695=LINE('',#3639,#912);
#696=LINE('',#3641,#913);
#697=LINE('',#3643,#914);
#698=LINE('',#3645,#915);
#699=LINE('',#3650,#916);
#700=LINE('',#3654,#917);
#701=LINE('',#3659,#918);
#702=LINE('',#3663,#919);
#703=LINE('',#3665,#920);
#704=LINE('',#3667,#921);
#705=LINE('',#3669,#922);
#706=LINE('',#3671,#923);
#707=LINE('',#3676,#924);
#708=LINE('',#3678,#925);
#709=LINE('',#3680,#926);
#710=LINE('',#3682,#927);
#711=LINE('',#3684,#928);
#712=LINE('',#3686,#929);
#713=LINE('',#3688,#930);
#714=LINE('',#3690,#931);
#715=LINE('',#3695,#932);
#716=LINE('',#3697,#933);
#717=LINE('',#3699,#934);
#718=LINE('',#3701,#935);
#719=LINE('',#3703,#936);
#720=LINE('',#3704,#937);
#721=LINE('',#3705,#938);
#722=LINE('',#3715,#939);
#723=LINE('',#3716,#940);
#724=LINE('',#3717,#941);
#725=LINE('',#3718,#942);
#726=LINE('',#3719,#943);
#727=LINE('',#3721,#944);
#728=LINE('',#3722,#945);
#729=LINE('',#3723,#946);
#730=LINE('',#3725,#947);
#731=LINE('',#3726,#948);
#732=LINE('',#3728,#949);
#733=LINE('',#3730,#950);
#734=LINE('',#3732,#951);
#735=VECTOR('',#2453,1.);
#736=VECTOR('',#2456,1.);
#737=VECTOR('',#2461,1.);
#738=VECTOR('',#2464,1.);
#739=VECTOR('',#2469,1.);
#740=VECTOR('',#2472,1.);
#741=VECTOR('',#2477,1.);
#742=VECTOR('',#2480,1.);
#743=VECTOR('',#2485,1.);
#744=VECTOR('',#2488,1.);
#745=VECTOR('',#2493,1.);
#746=VECTOR('',#2498,1.);
#747=VECTOR('',#2499,1.);
#748=VECTOR('',#2500,1.);
#749=VECTOR('',#2501,1.);
#750=VECTOR('',#2502,1.);
#751=VECTOR('',#2503,1.);
#752=VECTOR('',#2504,1.);
#753=VECTOR('',#2507,1.);
#754=VECTOR('',#2508,1.);
#755=VECTOR('',#2511,1.);
#756=VECTOR('',#2514,1.);
#757=VECTOR('',#2517,1.);
#758=VECTOR('',#2520,1.);
#759=VECTOR('',#2523,1.);
#760=VECTOR('',#2524,1.);
#761=VECTOR('',#2529,1.);
#762=VECTOR('',#2532,1.);
#763=VECTOR('',#2537,1.);
#764=VECTOR('',#2540,1.);
#765=VECTOR('',#2545,1.);
#766=VECTOR('',#2548,1.);
#767=VECTOR('',#2553,1.);
#768=VECTOR('',#2556,1.);
#769=VECTOR('',#2561,1.);
#770=VECTOR('',#2564,1.);
#771=VECTOR('',#2569,1.);
#772=VECTOR('',#2572,1.);
#773=VECTOR('',#2575,1.);
#774=VECTOR('',#2576,1.);
#775=VECTOR('',#2577,1.);
#776=VECTOR('',#2578,1.);
#777=VECTOR('',#2579,1.);
#778=VECTOR('',#2580,1.);
#779=VECTOR('',#2581,1.);
#780=VECTOR('',#2582,1.);
#781=VECTOR('',#2583,1.);
#782=VECTOR('',#2584,1.);
#783=VECTOR('',#2587,1.);
#784=VECTOR('',#2588,1.);
#785=VECTOR('',#2591,1.);
#786=VECTOR('',#2594,1.);
#787=VECTOR('',#2597,1.);
#788=VECTOR('',#2600,1.);
#789=VECTOR('',#2603,1.);
#790=VECTOR('',#2606,1.);
#791=VECTOR('',#2607,1.);
#792=VECTOR('',#2612,1.);
#793=VECTOR('',#2615,1.);
#794=VECTOR('',#2620,1.);
#795=VECTOR('',#2623,1.);
#796=VECTOR('',#2628,1.);
#797=VECTOR('',#2631,1.);
#798=VECTOR('',#2636,1.);
#799=VECTOR('',#2639,1.);
#800=VECTOR('',#2644,1.);
#801=VECTOR('',#2647,1.);
#802=VECTOR('',#2652,1.);
#803=VECTOR('',#2655,1.);
#804=VECTOR('',#2658,1.);
#805=VECTOR('',#2659,1.);
#806=VECTOR('',#2660,1.);
#807=VECTOR('',#2661,1.);
#808=VECTOR('',#2662,1.);
#809=VECTOR('',#2663,1.);
#810=VECTOR('',#2664,1.);
#811=VECTOR('',#2665,1.);
#812=VECTOR('',#2666,1.);
#813=VECTOR('',#2667,1.);
#814=VECTOR('',#2670,1.);
#815=VECTOR('',#2671,1.);
#816=VECTOR('',#2674,1.);
#817=VECTOR('',#2677,1.);
#818=VECTOR('',#2680,1.);
#819=VECTOR('',#2683,1.);
#820=VECTOR('',#2686,1.);
#821=VECTOR('',#2689,1.);
#822=VECTOR('',#2690,1.);
#823=VECTOR('',#2693,1.);
#824=VECTOR('',#2696,1.);
#825=VECTOR('',#2701,1.);
#826=VECTOR('',#2704,1.);
#827=VECTOR('',#2709,1.);
#828=VECTOR('',#2712,1.);
#829=VECTOR('',#2717,1.);
#830=VECTOR('',#2720,1.);
#831=VECTOR('',#2725,1.);
#832=VECTOR('',#2728,1.);
#833=VECTOR('',#2733,1.);
#834=VECTOR('',#2736,1.);
#835=VECTOR('',#2741,1.);
#836=VECTOR('',#2744,1.);
#837=VECTOR('',#2757,1.);
#838=VECTOR('',#2760,1.);
#839=VECTOR('',#2763,1.);
#840=VECTOR('',#2766,1.);
#841=VECTOR('',#2779,1.);
#842=VECTOR('',#2782,1.);
#843=VECTOR('',#2787,1.);
#844=VECTOR('',#2790,1.);
#845=VECTOR('',#2793,1.);
#846=VECTOR('',#2794,1.);
#847=VECTOR('',#2795,1.);
#848=VECTOR('',#2796,1.);
#849=VECTOR('',#2801,1.);
#850=VECTOR('',#2802,1.);
#851=VECTOR('',#2805,1.);
#852=VECTOR('',#2806,1.);
#853=VECTOR('',#2811,1.);
#854=VECTOR('',#2814,1.);
#855=VECTOR('',#2817,1.);
#856=VECTOR('',#2818,1.);
#857=VECTOR('',#2819,1.);
#858=VECTOR('',#2820,1.);
#859=VECTOR('',#2825,1.);
#860=VECTOR('',#2826,1.);
#861=VECTOR('',#2829,1.);
#862=VECTOR('',#2830,1.);
#863=VECTOR('',#2835,1.);
#864=VECTOR('',#2838,1.);
#865=VECTOR('',#2843,1.);
#866=VECTOR('',#2846,1.);
#867=VECTOR('',#2851,1.);
#868=VECTOR('',#2854,1.);
#869=VECTOR('',#2859,1.);
#870=VECTOR('',#2862,1.);
#871=VECTOR('',#2865,1.);
#872=VECTOR('',#2866,1.);
#873=VECTOR('',#2869,1.);
#874=VECTOR('',#2870,1.);
#875=VECTOR('',#2873,1.);
#876=VECTOR('',#2874,1.);
#877=VECTOR('',#2877,1.);
#878=VECTOR('',#2878,1.);
#879=VECTOR('',#2883,1.);
#880=VECTOR('',#2886,1.);
#881=VECTOR('',#2891,1.);
#882=VECTOR('',#2894,1.);
#883=VECTOR('',#2897,1.);
#884=VECTOR('',#2898,1.);
#885=VECTOR('',#2899,1.);
#886=VECTOR('',#2900,1.);
#887=VECTOR('',#2903,1.);
#888=VECTOR('',#2906,1.);
#889=VECTOR('',#2907,1.);
#890=VECTOR('',#2908,1.);
#891=VECTOR('',#2913,1.);
#892=VECTOR('',#2916,1.);
#893=VECTOR('',#2919,1.);
#894=VECTOR('',#2920,1.);
#895=VECTOR('',#2923,1.);
#896=VECTOR('',#2924,1.);
#897=VECTOR('',#2925,1.);
#898=VECTOR('',#2928,1.);
#899=VECTOR('',#2929,1.);
#900=VECTOR('',#2934,1.);
#901=VECTOR('',#2937,1.);
#902=VECTOR('',#2938,1.);
#903=VECTOR('',#2943,1.);
#904=VECTOR('',#2946,1.);
#905=VECTOR('',#2951,1.);
#906=VECTOR('',#2954,1.);
#907=VECTOR('',#2957,1.);
#908=VECTOR('',#2958,1.);
#909=VECTOR('',#2959,1.);
#910=VECTOR('',#2960,1.);
#911=VECTOR('',#2963,1.);
#912=VECTOR('',#2964,1.);
#913=VECTOR('',#2967,1.);
#914=VECTOR('',#2970,1.);
#915=VECTOR('',#2971,1.);
#916=VECTOR('',#2976,1.);
#917=VECTOR('',#2979,1.);
#918=VECTOR('',#2984,1.);
#919=VECTOR('',#2987,1.);
#920=VECTOR('',#2990,1.);
#921=VECTOR('',#2991,1.);
#922=VECTOR('',#2992,1.);
#923=VECTOR('',#2993,1.);
#924=VECTOR('',#3002,1.);
#925=VECTOR('',#3003,1.);
#926=VECTOR('',#3006,1.);
#927=VECTOR('',#3007,1.);
#928=VECTOR('',#3010,1.);
#929=VECTOR('',#3011,1.);
#930=VECTOR('',#3012,1.);
#931=VECTOR('',#3013,1.);
#932=VECTOR('',#3022,1.);
#933=VECTOR('',#3023,1.);
#934=VECTOR('',#3026,1.);
#935=VECTOR('',#3027,1.);
#936=VECTOR('',#3030,1.);
#937=VECTOR('',#3031,1.);
#938=VECTOR('',#3032,1.);
#939=VECTOR('',#3051,1.);
#940=VECTOR('',#3052,1.);
#941=VECTOR('',#3053,1.);
#942=VECTOR('',#3054,1.);
#943=VECTOR('',#3055,1.);
#944=VECTOR('',#3058,1.);
#945=VECTOR('',#3059,1.);
#946=VECTOR('',#3060,1.);
#947=VECTOR('',#3063,1.);
#948=VECTOR('',#3064,1.);
#949=VECTOR('',#3067,1.);
#950=VECTOR('',#3070,1.);
#951=VECTOR('',#3073,1.);
#952=ORIENTED_EDGE('',*,*,#1808,.F.);
#953=ORIENTED_EDGE('',*,*,#1809,.F.);
#954=ORIENTED_EDGE('',*,*,#1810,.F.);
#955=ORIENTED_EDGE('',*,*,#1811,.F.);
#956=ORIENTED_EDGE('',*,*,#1812,.F.);
#957=ORIENTED_EDGE('',*,*,#1813,.F.);
#958=ORIENTED_EDGE('',*,*,#1814,.F.);
#959=ORIENTED_EDGE('',*,*,#1815,.F.);
#960=ORIENTED_EDGE('',*,*,#1816,.F.);
#961=ORIENTED_EDGE('',*,*,#1817,.F.);
#962=ORIENTED_EDGE('',*,*,#1818,.F.);
#963=ORIENTED_EDGE('',*,*,#1819,.F.);
#964=ORIENTED_EDGE('',*,*,#1820,.F.);
#965=ORIENTED_EDGE('',*,*,#1821,.F.);
#966=ORIENTED_EDGE('',*,*,#1822,.F.);
#967=ORIENTED_EDGE('',*,*,#1823,.F.);
#968=ORIENTED_EDGE('',*,*,#1824,.F.);
#969=ORIENTED_EDGE('',*,*,#1825,.T.);
#970=ORIENTED_EDGE('',*,*,#1826,.F.);
#971=ORIENTED_EDGE('',*,*,#1827,.F.);
#972=ORIENTED_EDGE('',*,*,#1825,.F.);
#973=ORIENTED_EDGE('',*,*,#1828,.F.);
#974=ORIENTED_EDGE('',*,*,#1829,.F.);
#975=ORIENTED_EDGE('',*,*,#1830,.F.);
#976=ORIENTED_EDGE('',*,*,#1828,.T.);
#977=ORIENTED_EDGE('',*,*,#1824,.T.);
#978=ORIENTED_EDGE('',*,*,#1831,.T.);
#979=ORIENTED_EDGE('',*,*,#1816,.T.);
#980=ORIENTED_EDGE('',*,*,#1832,.T.);
#981=ORIENTED_EDGE('',*,*,#1812,.T.);
#982=ORIENTED_EDGE('',*,*,#1833,.T.);
#983=ORIENTED_EDGE('',*,*,#1834,.T.);
#984=ORIENTED_EDGE('',*,*,#1835,.T.);
#985=ORIENTED_EDGE('',*,*,#1808,.T.);
#986=ORIENTED_EDGE('',*,*,#1836,.T.);
#987=ORIENTED_EDGE('',*,*,#1820,.T.);
#988=ORIENTED_EDGE('',*,*,#1837,.T.);
#989=ORIENTED_EDGE('',*,*,#1838,.T.);
#990=ORIENTED_EDGE('',*,*,#1809,.T.);
#991=ORIENTED_EDGE('',*,*,#1835,.F.);
#992=ORIENTED_EDGE('',*,*,#1839,.T.);
#993=ORIENTED_EDGE('',*,*,#1840,.T.);
#994=ORIENTED_EDGE('',*,*,#1821,.T.);
#995=ORIENTED_EDGE('',*,*,#1836,.F.);
#996=ORIENTED_EDGE('',*,*,#1811,.T.);
#997=ORIENTED_EDGE('',*,*,#1841,.T.);
#998=ORIENTED_EDGE('',*,*,#1829,.T.);
#999=ORIENTED_EDGE('',*,*,#1837,.F.);
#1000=ORIENTED_EDGE('',*,*,#1823,.T.);
#1001=ORIENTED_EDGE('',*,*,#1831,.F.);
#1002=ORIENTED_EDGE('',*,*,#1827,.T.);
#1003=ORIENTED_EDGE('',*,*,#1842,.T.);
#1004=ORIENTED_EDGE('',*,*,#1817,.T.);
#1005=ORIENTED_EDGE('',*,*,#1832,.F.);
#1006=ORIENTED_EDGE('',*,*,#1819,.T.);
#1007=ORIENTED_EDGE('',*,*,#1843,.T.);
#1008=ORIENTED_EDGE('',*,*,#1813,.T.);
#1009=ORIENTED_EDGE('',*,*,#1833,.F.);
#1010=ORIENTED_EDGE('',*,*,#1815,.T.);
#1011=ORIENTED_EDGE('',*,*,#1844,.T.);
#1012=ORIENTED_EDGE('',*,*,#1845,.F.);
#1013=ORIENTED_EDGE('',*,*,#1846,.F.);
#1014=ORIENTED_EDGE('',*,*,#1847,.F.);
#1015=ORIENTED_EDGE('',*,*,#1848,.F.);
#1016=ORIENTED_EDGE('',*,*,#1849,.F.);
#1017=ORIENTED_EDGE('',*,*,#1850,.F.);
#1018=ORIENTED_EDGE('',*,*,#1851,.F.);
#1019=ORIENTED_EDGE('',*,*,#1852,.F.);
#1020=ORIENTED_EDGE('',*,*,#1853,.F.);
#1021=ORIENTED_EDGE('',*,*,#1854,.F.);
#1022=ORIENTED_EDGE('',*,*,#1855,.F.);
#1023=ORIENTED_EDGE('',*,*,#1856,.F.);
#1024=ORIENTED_EDGE('',*,*,#1857,.F.);
#1025=ORIENTED_EDGE('',*,*,#1858,.F.);
#1026=ORIENTED_EDGE('',*,*,#1859,.F.);
#1027=ORIENTED_EDGE('',*,*,#1860,.F.);
#1028=ORIENTED_EDGE('',*,*,#1861,.F.);
#1029=ORIENTED_EDGE('',*,*,#1862,.F.);
#1030=ORIENTED_EDGE('',*,*,#1863,.F.);
#1031=ORIENTED_EDGE('',*,*,#1864,.F.);
#1032=ORIENTED_EDGE('',*,*,#1865,.F.);
#1033=ORIENTED_EDGE('',*,*,#1866,.F.);
#1034=ORIENTED_EDGE('',*,*,#1867,.F.);
#1035=ORIENTED_EDGE('',*,*,#1868,.F.);
#1036=ORIENTED_EDGE('',*,*,#1869,.F.);
#1037=ORIENTED_EDGE('',*,*,#1870,.F.);
#1038=ORIENTED_EDGE('',*,*,#1858,.T.);
#1039=ORIENTED_EDGE('',*,*,#1871,.F.);
#1040=ORIENTED_EDGE('',*,*,#1862,.T.);
#1041=ORIENTED_EDGE('',*,*,#1872,.F.);
#1042=ORIENTED_EDGE('',*,*,#1873,.F.);
#1043=ORIENTED_EDGE('',*,*,#1874,.F.);
#1044=ORIENTED_EDGE('',*,*,#1875,.F.);
#1045=ORIENTED_EDGE('',*,*,#1876,.F.);
#1046=ORIENTED_EDGE('',*,*,#1866,.T.);
#1047=ORIENTED_EDGE('',*,*,#1877,.F.);
#1048=ORIENTED_EDGE('',*,*,#1846,.T.);
#1049=ORIENTED_EDGE('',*,*,#1878,.F.);
#1050=ORIENTED_EDGE('',*,*,#1850,.T.);
#1051=ORIENTED_EDGE('',*,*,#1879,.F.);
#1052=ORIENTED_EDGE('',*,*,#1854,.T.);
#1053=ORIENTED_EDGE('',*,*,#1880,.F.);
#1054=ORIENTED_EDGE('',*,*,#1867,.T.);
#1055=ORIENTED_EDGE('',*,*,#1876,.T.);
#1056=ORIENTED_EDGE('',*,*,#1881,.T.);
#1057=ORIENTED_EDGE('',*,*,#1877,.T.);
#1058=ORIENTED_EDGE('',*,*,#1869,.T.);
#1059=ORIENTED_EDGE('',*,*,#1882,.F.);
#1060=ORIENTED_EDGE('',*,*,#1847,.T.);
#1061=ORIENTED_EDGE('',*,*,#1883,.F.);
#1062=ORIENTED_EDGE('',*,*,#1851,.T.);
#1063=ORIENTED_EDGE('',*,*,#1878,.T.);
#1064=ORIENTED_EDGE('',*,*,#1849,.T.);
#1065=ORIENTED_EDGE('',*,*,#1884,.F.);
#1066=ORIENTED_EDGE('',*,*,#1855,.T.);
#1067=ORIENTED_EDGE('',*,*,#1879,.T.);
#1068=ORIENTED_EDGE('',*,*,#1853,.T.);
#1069=ORIENTED_EDGE('',*,*,#1885,.F.);
#1070=ORIENTED_EDGE('',*,*,#1859,.T.);
#1071=ORIENTED_EDGE('',*,*,#1870,.T.);
#1072=ORIENTED_EDGE('',*,*,#1857,.T.);
#1073=ORIENTED_EDGE('',*,*,#1886,.F.);
#1074=ORIENTED_EDGE('',*,*,#1863,.T.);
#1075=ORIENTED_EDGE('',*,*,#1871,.T.);
#1076=ORIENTED_EDGE('',*,*,#1861,.T.);
#1077=ORIENTED_EDGE('',*,*,#1872,.T.);
#1078=ORIENTED_EDGE('',*,*,#1865,.T.);
#1079=ORIENTED_EDGE('',*,*,#1887,.F.);
#1080=ORIENTED_EDGE('',*,*,#1888,.F.);
#1081=ORIENTED_EDGE('',*,*,#1889,.F.);
#1082=ORIENTED_EDGE('',*,*,#1890,.F.);
#1083=ORIENTED_EDGE('',*,*,#1891,.F.);
#1084=ORIENTED_EDGE('',*,*,#1892,.F.);
#1085=ORIENTED_EDGE('',*,*,#1893,.F.);
#1086=ORIENTED_EDGE('',*,*,#1894,.F.);
#1087=ORIENTED_EDGE('',*,*,#1895,.F.);
#1088=ORIENTED_EDGE('',*,*,#1896,.F.);
#1089=ORIENTED_EDGE('',*,*,#1897,.F.);
#1090=ORIENTED_EDGE('',*,*,#1898,.F.);
#1091=ORIENTED_EDGE('',*,*,#1899,.F.);
#1092=ORIENTED_EDGE('',*,*,#1900,.F.);
#1093=ORIENTED_EDGE('',*,*,#1901,.F.);
#1094=ORIENTED_EDGE('',*,*,#1902,.F.);
#1095=ORIENTED_EDGE('',*,*,#1903,.F.);
#1096=ORIENTED_EDGE('',*,*,#1904,.F.);
#1097=ORIENTED_EDGE('',*,*,#1905,.F.);
#1098=ORIENTED_EDGE('',*,*,#1906,.F.);
#1099=ORIENTED_EDGE('',*,*,#1907,.F.);
#1100=ORIENTED_EDGE('',*,*,#1908,.F.);
#1101=ORIENTED_EDGE('',*,*,#1909,.F.);
#1102=ORIENTED_EDGE('',*,*,#1910,.F.);
#1103=ORIENTED_EDGE('',*,*,#1911,.F.);
#1104=ORIENTED_EDGE('',*,*,#1912,.F.);
#1105=ORIENTED_EDGE('',*,*,#1913,.T.);
#1106=ORIENTED_EDGE('',*,*,#1901,.T.);
#1107=ORIENTED_EDGE('',*,*,#1914,.T.);
#1108=ORIENTED_EDGE('',*,*,#1897,.T.);
#1109=ORIENTED_EDGE('',*,*,#1915,.T.);
#1110=ORIENTED_EDGE('',*,*,#1893,.T.);
#1111=ORIENTED_EDGE('',*,*,#1916,.T.);
#1112=ORIENTED_EDGE('',*,*,#1889,.T.);
#1113=ORIENTED_EDGE('',*,*,#1917,.T.);
#1114=ORIENTED_EDGE('',*,*,#1909,.T.);
#1115=ORIENTED_EDGE('',*,*,#1918,.T.);
#1116=ORIENTED_EDGE('',*,*,#1919,.T.);
#1117=ORIENTED_EDGE('',*,*,#1920,.T.);
#1118=ORIENTED_EDGE('',*,*,#1921,.T.);
#1119=ORIENTED_EDGE('',*,*,#1922,.T.);
#1120=ORIENTED_EDGE('',*,*,#1905,.T.);
#1121=ORIENTED_EDGE('',*,*,#1923,.T.);
#1122=ORIENTED_EDGE('',*,*,#1906,.T.);
#1123=ORIENTED_EDGE('',*,*,#1922,.F.);
#1124=ORIENTED_EDGE('',*,*,#1924,.T.);
#1125=ORIENTED_EDGE('',*,*,#1913,.F.);
#1126=ORIENTED_EDGE('',*,*,#1908,.T.);
#1127=ORIENTED_EDGE('',*,*,#1925,.T.);
#1128=ORIENTED_EDGE('',*,*,#1902,.T.);
#1129=ORIENTED_EDGE('',*,*,#1914,.F.);
#1130=ORIENTED_EDGE('',*,*,#1904,.T.);
#1131=ORIENTED_EDGE('',*,*,#1926,.T.);
#1132=ORIENTED_EDGE('',*,*,#1898,.T.);
#1133=ORIENTED_EDGE('',*,*,#1915,.F.);
#1134=ORIENTED_EDGE('',*,*,#1900,.T.);
#1135=ORIENTED_EDGE('',*,*,#1927,.T.);
#1136=ORIENTED_EDGE('',*,*,#1894,.T.);
#1137=ORIENTED_EDGE('',*,*,#1916,.F.);
#1138=ORIENTED_EDGE('',*,*,#1896,.T.);
#1139=ORIENTED_EDGE('',*,*,#1928,.T.);
#1140=ORIENTED_EDGE('',*,*,#1890,.T.);
#1141=ORIENTED_EDGE('',*,*,#1929,.T.);
#1142=ORIENTED_EDGE('',*,*,#1910,.T.);
#1143=ORIENTED_EDGE('',*,*,#1917,.F.);
#1144=ORIENTED_EDGE('',*,*,#1892,.T.);
#1145=ORIENTED_EDGE('',*,*,#1918,.F.);
#1146=ORIENTED_EDGE('',*,*,#1912,.T.);
#1147=ORIENTED_EDGE('',*,*,#1930,.T.);
#1148=ORIENTED_EDGE('',*,*,#1931,.F.);
#1149=ORIENTED_EDGE('',*,*,#1932,.T.);
#1150=ORIENTED_EDGE('',*,*,#1933,.F.);
#1151=ORIENTED_EDGE('',*,*,#1934,.F.);
#1152=ORIENTED_EDGE('',*,*,#1935,.T.);
#1153=ORIENTED_EDGE('',*,*,#1936,.T.);
#1154=ORIENTED_EDGE('',*,*,#1937,.F.);
#1155=ORIENTED_EDGE('',*,*,#1938,.F.);
#1156=ORIENTED_EDGE('',*,*,#1939,.T.);
#1157=ORIENTED_EDGE('',*,*,#1940,.T.);
#1158=ORIENTED_EDGE('',*,*,#1941,.F.);
#1159=ORIENTED_EDGE('',*,*,#1942,.F.);
#1160=ORIENTED_EDGE('',*,*,#1943,.T.);
#1161=ORIENTED_EDGE('',*,*,#1944,.T.);
#1162=ORIENTED_EDGE('',*,*,#1945,.F.);
#1163=ORIENTED_EDGE('',*,*,#1946,.F.);
#1164=ORIENTED_EDGE('',*,*,#1947,.T.);
#1165=ORIENTED_EDGE('',*,*,#1948,.T.);
#1166=ORIENTED_EDGE('',*,*,#1949,.F.);
#1167=ORIENTED_EDGE('',*,*,#1950,.F.);
#1168=ORIENTED_EDGE('',*,*,#1951,.T.);
#1169=ORIENTED_EDGE('',*,*,#1952,.T.);
#1170=ORIENTED_EDGE('',*,*,#1953,.F.);
#1171=ORIENTED_EDGE('',*,*,#1954,.F.);
#1172=ORIENTED_EDGE('',*,*,#1955,.T.);
#1173=ORIENTED_EDGE('',*,*,#1956,.T.);
#1174=ORIENTED_EDGE('',*,*,#1957,.F.);
#1175=ORIENTED_EDGE('',*,*,#1958,.F.);
#1176=ORIENTED_EDGE('',*,*,#1959,.T.);
#1177=ORIENTED_EDGE('',*,*,#1957,.T.);
#1178=ORIENTED_EDGE('',*,*,#1960,.T.);
#1179=ORIENTED_EDGE('',*,*,#1961,.F.);
#1180=ORIENTED_EDGE('',*,*,#1962,.F.);
#1181=ORIENTED_EDGE('',*,*,#1963,.T.);
#1182=ORIENTED_EDGE('',*,*,#1964,.F.);
#1183=ORIENTED_EDGE('',*,*,#1965,.F.);
#1184=ORIENTED_EDGE('',*,*,#1961,.T.);
#1185=ORIENTED_EDGE('',*,*,#1966,.T.);
#1186=ORIENTED_EDGE('',*,*,#1967,.F.);
#1187=ORIENTED_EDGE('',*,*,#1968,.F.);
#1188=ORIENTED_EDGE('',*,*,#1969,.T.);
#1189=ORIENTED_EDGE('',*,*,#1967,.T.);
#1190=ORIENTED_EDGE('',*,*,#1970,.T.);
#1191=ORIENTED_EDGE('',*,*,#1971,.F.);
#1192=ORIENTED_EDGE('',*,*,#1972,.F.);
#1193=ORIENTED_EDGE('',*,*,#1973,.T.);
#1194=ORIENTED_EDGE('',*,*,#1974,.F.);
#1195=ORIENTED_EDGE('',*,*,#1975,.F.);
#1196=ORIENTED_EDGE('',*,*,#1971,.T.);
#1197=ORIENTED_EDGE('',*,*,#1976,.F.);
#1198=ORIENTED_EDGE('',*,*,#1977,.F.);
#1199=ORIENTED_EDGE('',*,*,#1978,.F.);
#1200=ORIENTED_EDGE('',*,*,#1979,.F.);
#1201=ORIENTED_EDGE('',*,*,#1980,.F.);
#1202=ORIENTED_EDGE('',*,*,#1976,.T.);
#1203=ORIENTED_EDGE('',*,*,#1981,.F.);
#1204=ORIENTED_EDGE('',*,*,#1982,.F.);
#1205=ORIENTED_EDGE('',*,*,#1983,.F.);
#1206=ORIENTED_EDGE('',*,*,#1969,.F.);
#1207=ORIENTED_EDGE('',*,*,#1984,.F.);
#1208=ORIENTED_EDGE('',*,*,#1981,.T.);
#1209=ORIENTED_EDGE('',*,*,#1979,.T.);
#1210=ORIENTED_EDGE('',*,*,#1985,.F.);
#1211=ORIENTED_EDGE('',*,*,#1986,.F.);
#1212=ORIENTED_EDGE('',*,*,#1987,.F.);
#1213=ORIENTED_EDGE('',*,*,#1977,.T.);
#1214=ORIENTED_EDGE('',*,*,#1980,.T.);
#1215=ORIENTED_EDGE('',*,*,#1988,.T.);
#1216=ORIENTED_EDGE('',*,*,#1989,.F.);
#1217=ORIENTED_EDGE('',*,*,#1990,.F.);
#1218=ORIENTED_EDGE('',*,*,#1991,.F.);
#1219=ORIENTED_EDGE('',*,*,#1992,.F.);
#1220=ORIENTED_EDGE('',*,*,#1993,.T.);
#1221=ORIENTED_EDGE('',*,*,#1989,.T.);
#1222=ORIENTED_EDGE('',*,*,#1994,.T.);
#1223=ORIENTED_EDGE('',*,*,#1995,.T.);
#1224=ORIENTED_EDGE('',*,*,#1996,.T.);
#1225=ORIENTED_EDGE('',*,*,#1959,.F.);
#1226=ORIENTED_EDGE('',*,*,#1997,.F.);
#1227=ORIENTED_EDGE('',*,*,#1994,.F.);
#1228=ORIENTED_EDGE('',*,*,#1992,.T.);
#1229=ORIENTED_EDGE('',*,*,#1998,.T.);
#1230=ORIENTED_EDGE('',*,*,#1999,.F.);
#1231=ORIENTED_EDGE('',*,*,#2000,.T.);
#1232=ORIENTED_EDGE('',*,*,#1990,.T.);
#1233=ORIENTED_EDGE('',*,*,#1993,.F.);
#1234=ORIENTED_EDGE('',*,*,#2001,.T.);
#1235=ORIENTED_EDGE('',*,*,#2002,.F.);
#1236=ORIENTED_EDGE('',*,*,#2003,.F.);
#1237=ORIENTED_EDGE('',*,*,#2004,.F.);
#1238=ORIENTED_EDGE('',*,*,#2005,.F.);
#1239=ORIENTED_EDGE('',*,*,#2006,.F.);
#1240=ORIENTED_EDGE('',*,*,#2007,.F.);
#1241=ORIENTED_EDGE('',*,*,#2008,.F.);
#1242=ORIENTED_EDGE('',*,*,#2009,.F.);
#1243=ORIENTED_EDGE('',*,*,#2010,.F.);
#1244=ORIENTED_EDGE('',*,*,#2011,.F.);
#1245=ORIENTED_EDGE('',*,*,#2012,.F.);
#1246=ORIENTED_EDGE('',*,*,#2013,.F.);
#1247=ORIENTED_EDGE('',*,*,#2014,.F.);
#1248=ORIENTED_EDGE('',*,*,#2015,.F.);
#1249=ORIENTED_EDGE('',*,*,#2016,.F.);
#1250=ORIENTED_EDGE('',*,*,#2017,.F.);
#1251=ORIENTED_EDGE('',*,*,#2018,.T.);
#1252=ORIENTED_EDGE('',*,*,#2007,.T.);
#1253=ORIENTED_EDGE('',*,*,#2019,.F.);
#1254=ORIENTED_EDGE('',*,*,#2005,.T.);
#1255=ORIENTED_EDGE('',*,*,#2020,.T.);
#1256=ORIENTED_EDGE('',*,*,#2015,.T.);
#1257=ORIENTED_EDGE('',*,*,#2021,.F.);
#1258=ORIENTED_EDGE('',*,*,#2009,.T.);
#1259=ORIENTED_EDGE('',*,*,#2022,.F.);
#1260=ORIENTED_EDGE('',*,*,#2017,.T.);
#1261=ORIENTED_EDGE('',*,*,#2023,.T.);
#1262=ORIENTED_EDGE('',*,*,#2011,.T.);
#1263=ORIENTED_EDGE('',*,*,#2024,.F.);
#1264=ORIENTED_EDGE('',*,*,#2013,.T.);
#1265=ORIENTED_EDGE('',*,*,#2025,.T.);
#1266=ORIENTED_EDGE('',*,*,#2003,.T.);
#1267=ORIENTED_EDGE('',*,*,#2026,.F.);
#1268=ORIENTED_EDGE('',*,*,#2027,.T.);
#1269=ORIENTED_EDGE('',*,*,#2028,.F.);
#1270=ORIENTED_EDGE('',*,*,#2029,.F.);
#1271=ORIENTED_EDGE('',*,*,#2030,.F.);
#1272=ORIENTED_EDGE('',*,*,#2031,.F.);
#1273=ORIENTED_EDGE('',*,*,#2032,.F.);
#1274=ORIENTED_EDGE('',*,*,#2033,.F.);
#1275=ORIENTED_EDGE('',*,*,#2034,.F.);
#1276=ORIENTED_EDGE('',*,*,#2035,.F.);
#1277=ORIENTED_EDGE('',*,*,#2036,.F.);
#1278=ORIENTED_EDGE('',*,*,#2030,.T.);
#1279=ORIENTED_EDGE('',*,*,#2037,.F.);
#1280=ORIENTED_EDGE('',*,*,#2038,.F.);
#1281=ORIENTED_EDGE('',*,*,#2039,.F.);
#1282=ORIENTED_EDGE('',*,*,#2040,.F.);
#1283=ORIENTED_EDGE('',*,*,#2041,.F.);
#1284=ORIENTED_EDGE('',*,*,#2039,.T.);
#1285=ORIENTED_EDGE('',*,*,#2042,.T.);
#1286=ORIENTED_EDGE('',*,*,#2043,.F.);
#1287=ORIENTED_EDGE('',*,*,#2042,.F.);
#1288=ORIENTED_EDGE('',*,*,#2038,.T.);
#1289=ORIENTED_EDGE('',*,*,#2044,.T.);
#1290=ORIENTED_EDGE('',*,*,#2045,.F.);
#1291=ORIENTED_EDGE('',*,*,#2044,.F.);
#1292=ORIENTED_EDGE('',*,*,#2037,.T.);
#1293=ORIENTED_EDGE('',*,*,#2033,.T.);
#1294=ORIENTED_EDGE('',*,*,#2046,.T.);
#1295=ORIENTED_EDGE('',*,*,#2047,.T.);
#1296=ORIENTED_EDGE('',*,*,#2048,.T.);
#1297=ORIENTED_EDGE('',*,*,#2049,.T.);
#1298=ORIENTED_EDGE('',*,*,#2026,.T.);
#1299=ORIENTED_EDGE('',*,*,#2050,.T.);
#1300=ORIENTED_EDGE('',*,*,#2051,.T.);
#1301=ORIENTED_EDGE('',*,*,#2052,.T.);
#1302=ORIENTED_EDGE('',*,*,#2027,.F.);
#1303=ORIENTED_EDGE('',*,*,#2049,.F.);
#1304=ORIENTED_EDGE('',*,*,#2053,.T.);
#1305=ORIENTED_EDGE('',*,*,#2054,.T.);
#1306=ORIENTED_EDGE('',*,*,#2053,.F.);
#1307=ORIENTED_EDGE('',*,*,#2048,.F.);
#1308=ORIENTED_EDGE('',*,*,#2055,.T.);
#1309=ORIENTED_EDGE('',*,*,#2056,.T.);
#1310=ORIENTED_EDGE('',*,*,#2055,.F.);
#1311=ORIENTED_EDGE('',*,*,#2047,.F.);
#1312=ORIENTED_EDGE('',*,*,#2057,.T.);
#1313=ORIENTED_EDGE('',*,*,#2058,.F.);
#1314=ORIENTED_EDGE('',*,*,#2059,.F.);
#1315=ORIENTED_EDGE('',*,*,#2060,.F.);
#1316=ORIENTED_EDGE('',*,*,#2061,.F.);
#1317=ORIENTED_EDGE('',*,*,#2062,.F.);
#1318=ORIENTED_EDGE('',*,*,#2063,.F.);
#1319=ORIENTED_EDGE('',*,*,#2064,.F.);
#1320=ORIENTED_EDGE('',*,*,#2065,.F.);
#1321=ORIENTED_EDGE('',*,*,#2066,.T.);
#1322=ORIENTED_EDGE('',*,*,#2062,.T.);
#1323=ORIENTED_EDGE('',*,*,#2067,.T.);
#1324=ORIENTED_EDGE('',*,*,#2068,.T.);
#1325=ORIENTED_EDGE('',*,*,#2069,.T.);
#1326=ORIENTED_EDGE('',*,*,#2058,.T.);
#1327=ORIENTED_EDGE('',*,*,#2070,.T.);
#1328=ORIENTED_EDGE('',*,*,#2059,.T.);
#1329=ORIENTED_EDGE('',*,*,#2069,.F.);
#1330=ORIENTED_EDGE('',*,*,#2071,.T.);
#1331=ORIENTED_EDGE('',*,*,#2072,.T.);
#1332=ORIENTED_EDGE('',*,*,#2063,.T.);
#1333=ORIENTED_EDGE('',*,*,#2066,.F.);
#1334=ORIENTED_EDGE('',*,*,#2061,.T.);
#1335=ORIENTED_EDGE('',*,*,#2067,.F.);
#1336=ORIENTED_EDGE('',*,*,#2065,.T.);
#1337=ORIENTED_EDGE('',*,*,#2073,.T.);
#1338=ORIENTED_EDGE('',*,*,#2074,.F.);
#1339=ORIENTED_EDGE('',*,*,#2075,.F.);
#1340=ORIENTED_EDGE('',*,*,#2076,.F.);
#1341=ORIENTED_EDGE('',*,*,#2077,.F.);
#1342=ORIENTED_EDGE('',*,*,#2078,.F.);
#1343=ORIENTED_EDGE('',*,*,#2079,.F.);
#1344=ORIENTED_EDGE('',*,*,#2080,.F.);
#1345=ORIENTED_EDGE('',*,*,#2081,.F.);
#1346=ORIENTED_EDGE('',*,*,#2082,.F.);
#1347=ORIENTED_EDGE('',*,*,#2083,.T.);
#1348=ORIENTED_EDGE('',*,*,#2079,.T.);
#1349=ORIENTED_EDGE('',*,*,#2084,.T.);
#1350=ORIENTED_EDGE('',*,*,#2085,.T.);
#1351=ORIENTED_EDGE('',*,*,#2086,.T.);
#1352=ORIENTED_EDGE('',*,*,#1955,.F.);
#1353=ORIENTED_EDGE('',*,*,#2087,.F.);
#1354=ORIENTED_EDGE('',*,*,#1951,.F.);
#1355=ORIENTED_EDGE('',*,*,#2088,.F.);
#1356=ORIENTED_EDGE('',*,*,#1947,.F.);
#1357=ORIENTED_EDGE('',*,*,#2089,.F.);
#1358=ORIENTED_EDGE('',*,*,#2090,.T.);
#1359=ORIENTED_EDGE('',*,*,#2080,.T.);
#1360=ORIENTED_EDGE('',*,*,#2083,.F.);
#1361=ORIENTED_EDGE('',*,*,#2091,.T.);
#1362=ORIENTED_EDGE('',*,*,#2084,.F.);
#1363=ORIENTED_EDGE('',*,*,#2082,.T.);
#1364=ORIENTED_EDGE('',*,*,#2092,.T.);
#1365=ORIENTED_EDGE('',*,*,#2093,.F.);
#1366=ORIENTED_EDGE('',*,*,#2094,.T.);
#1367=ORIENTED_EDGE('',*,*,#2075,.T.);
#1368=ORIENTED_EDGE('',*,*,#2095,.T.);
#1369=ORIENTED_EDGE('',*,*,#2096,.T.);
#1370=ORIENTED_EDGE('',*,*,#2097,.T.);
#1371=ORIENTED_EDGE('',*,*,#1943,.F.);
#1372=ORIENTED_EDGE('',*,*,#2098,.F.);
#1373=ORIENTED_EDGE('',*,*,#1939,.F.);
#1374=ORIENTED_EDGE('',*,*,#2099,.F.);
#1375=ORIENTED_EDGE('',*,*,#1935,.F.);
#1376=ORIENTED_EDGE('',*,*,#2100,.F.);
#1377=ORIENTED_EDGE('',*,*,#2101,.T.);
#1378=ORIENTED_EDGE('',*,*,#2076,.T.);
#1379=ORIENTED_EDGE('',*,*,#2094,.F.);
#1380=ORIENTED_EDGE('',*,*,#2102,.T.);
#1381=ORIENTED_EDGE('',*,*,#2095,.F.);
#1382=ORIENTED_EDGE('',*,*,#2078,.T.);
#1383=ORIENTED_EDGE('',*,*,#2103,.T.);
#1384=ORIENTED_EDGE('',*,*,#2104,.F.);
#1385=ORIENTED_EDGE('',*,*,#1841,.F.);
#1386=ORIENTED_EDGE('',*,*,#1822,.T.);
#1387=ORIENTED_EDGE('',*,*,#1840,.F.);
#1388=ORIENTED_EDGE('',*,*,#1810,.T.);
#1389=ORIENTED_EDGE('',*,*,#1838,.F.);
#1390=ORIENTED_EDGE('',*,*,#2105,.F.);
#1391=ORIENTED_EDGE('',*,*,#1920,.F.);
#1392=ORIENTED_EDGE('',*,*,#2106,.F.);
#1393=ORIENTED_EDGE('',*,*,#1874,.T.);
#1394=ORIENTED_EDGE('',*,*,#2107,.F.);
#1395=ORIENTED_EDGE('',*,*,#1844,.F.);
#1396=ORIENTED_EDGE('',*,*,#1814,.T.);
#1397=ORIENTED_EDGE('',*,*,#1843,.F.);
#1398=ORIENTED_EDGE('',*,*,#1818,.T.);
#1399=ORIENTED_EDGE('',*,*,#1842,.F.);
#1400=ORIENTED_EDGE('',*,*,#1826,.T.);
#1401=ORIENTED_EDGE('',*,*,#1830,.T.);
#1402=ORIENTED_EDGE('',*,*,#2021,.T.);
#1403=ORIENTED_EDGE('',*,*,#2014,.T.);
#1404=ORIENTED_EDGE('',*,*,#2022,.T.);
#1405=ORIENTED_EDGE('',*,*,#2010,.T.);
#1406=ORIENTED_EDGE('',*,*,#2024,.T.);
#1407=ORIENTED_EDGE('',*,*,#2002,.T.);
#1408=ORIENTED_EDGE('',*,*,#2019,.T.);
#1409=ORIENTED_EDGE('',*,*,#2006,.T.);
#1410=ORIENTED_EDGE('',*,*,#1974,.T.);
#1411=ORIENTED_EDGE('',*,*,#2108,.T.);
#1412=ORIENTED_EDGE('',*,*,#1964,.T.);
#1413=ORIENTED_EDGE('',*,*,#2109,.T.);
#1414=ORIENTED_EDGE('',*,*,#1953,.T.);
#1415=ORIENTED_EDGE('',*,*,#2110,.T.);
#1416=ORIENTED_EDGE('',*,*,#1949,.T.);
#1417=ORIENTED_EDGE('',*,*,#2111,.T.);
#1418=ORIENTED_EDGE('',*,*,#1945,.T.);
#1419=ORIENTED_EDGE('',*,*,#2112,.T.);
#1420=ORIENTED_EDGE('',*,*,#1941,.T.);
#1421=ORIENTED_EDGE('',*,*,#2113,.T.);
#1422=ORIENTED_EDGE('',*,*,#1937,.T.);
#1423=ORIENTED_EDGE('',*,*,#2114,.T.);
#1424=ORIENTED_EDGE('',*,*,#1933,.T.);
#1425=ORIENTED_EDGE('',*,*,#2115,.T.);
#1426=ORIENTED_EDGE('',*,*,#1985,.T.);
#1427=ORIENTED_EDGE('',*,*,#1978,.T.);
#1428=ORIENTED_EDGE('',*,*,#1987,.T.);
#1429=ORIENTED_EDGE('',*,*,#2116,.T.);
#1430=ORIENTED_EDGE('',*,*,#2103,.F.);
#1431=ORIENTED_EDGE('',*,*,#2077,.T.);
#1432=ORIENTED_EDGE('',*,*,#2101,.F.);
#1433=ORIENTED_EDGE('',*,*,#2117,.T.);
#1434=ORIENTED_EDGE('',*,*,#2073,.F.);
#1435=ORIENTED_EDGE('',*,*,#2064,.T.);
#1436=ORIENTED_EDGE('',*,*,#2072,.F.);
#1437=ORIENTED_EDGE('',*,*,#2060,.T.);
#1438=ORIENTED_EDGE('',*,*,#2070,.F.);
#1439=ORIENTED_EDGE('',*,*,#2118,.T.);
#1440=ORIENTED_EDGE('',*,*,#2092,.F.);
#1441=ORIENTED_EDGE('',*,*,#2081,.T.);
#1442=ORIENTED_EDGE('',*,*,#2090,.F.);
#1443=ORIENTED_EDGE('',*,*,#2119,.T.);
#1444=ORIENTED_EDGE('',*,*,#1998,.F.);
#1445=ORIENTED_EDGE('',*,*,#1991,.T.);
#1446=ORIENTED_EDGE('',*,*,#2000,.F.);
#1447=ORIENTED_EDGE('',*,*,#2120,.F.);
#1448=ORIENTED_EDGE('',*,*,#1930,.F.);
#1449=ORIENTED_EDGE('',*,*,#1911,.T.);
#1450=ORIENTED_EDGE('',*,*,#1929,.F.);
#1451=ORIENTED_EDGE('',*,*,#1891,.T.);
#1452=ORIENTED_EDGE('',*,*,#1928,.F.);
#1453=ORIENTED_EDGE('',*,*,#1895,.T.);
#1454=ORIENTED_EDGE('',*,*,#1927,.F.);
#1455=ORIENTED_EDGE('',*,*,#1899,.T.);
#1456=ORIENTED_EDGE('',*,*,#1926,.F.);
#1457=ORIENTED_EDGE('',*,*,#1903,.T.);
#1458=ORIENTED_EDGE('',*,*,#1925,.F.);
#1459=ORIENTED_EDGE('',*,*,#1907,.T.);
#1460=ORIENTED_EDGE('',*,*,#1923,.F.);
#1461=ORIENTED_EDGE('',*,*,#2121,.F.);
#1462=ORIENTED_EDGE('',*,*,#2096,.F.);
#1463=ORIENTED_EDGE('',*,*,#2104,.T.);
#1464=ORIENTED_EDGE('',*,*,#2116,.F.);
#1465=ORIENTED_EDGE('',*,*,#1988,.F.);
#1466=ORIENTED_EDGE('',*,*,#1983,.T.);
#1467=ORIENTED_EDGE('',*,*,#2122,.F.);
#1468=ORIENTED_EDGE('',*,*,#2035,.T.);
#1469=ORIENTED_EDGE('',*,*,#2123,.T.);
#1470=ORIENTED_EDGE('',*,*,#2045,.T.);
#1471=ORIENTED_EDGE('',*,*,#2032,.T.);
#1472=ORIENTED_EDGE('',*,*,#2124,.T.);
#1473=ORIENTED_EDGE('',*,*,#2028,.T.);
#1474=ORIENTED_EDGE('',*,*,#2052,.F.);
#1475=ORIENTED_EDGE('',*,*,#2054,.F.);
#1476=ORIENTED_EDGE('',*,*,#2056,.F.);
#1477=ORIENTED_EDGE('',*,*,#2125,.T.);
#1478=ORIENTED_EDGE('',*,*,#2040,.T.);
#1479=ORIENTED_EDGE('',*,*,#2043,.T.);
#1480=ORIENTED_EDGE('',*,*,#2018,.F.);
#1481=ORIENTED_EDGE('',*,*,#2004,.T.);
#1482=ORIENTED_EDGE('',*,*,#2025,.F.);
#1483=ORIENTED_EDGE('',*,*,#2012,.T.);
#1484=ORIENTED_EDGE('',*,*,#2023,.F.);
#1485=ORIENTED_EDGE('',*,*,#2016,.T.);
#1486=ORIENTED_EDGE('',*,*,#2020,.F.);
#1487=ORIENTED_EDGE('',*,*,#2008,.T.);
#1488=ORIENTED_EDGE('',*,*,#2124,.F.);
#1489=ORIENTED_EDGE('',*,*,#2031,.T.);
#1490=ORIENTED_EDGE('',*,*,#2036,.T.);
#1491=ORIENTED_EDGE('',*,*,#2122,.T.);
#1492=ORIENTED_EDGE('',*,*,#1982,.T.);
#1493=ORIENTED_EDGE('',*,*,#1986,.T.);
#1494=ORIENTED_EDGE('',*,*,#2120,.T.);
#1495=ORIENTED_EDGE('',*,*,#2001,.F.);
#1496=ORIENTED_EDGE('',*,*,#1996,.F.);
#1497=ORIENTED_EDGE('',*,*,#2126,.F.);
#1498=ORIENTED_EDGE('',*,*,#2050,.F.);
#1499=ORIENTED_EDGE('',*,*,#2029,.T.);
#1500=ORIENTED_EDGE('',*,*,#1881,.F.);
#1501=ORIENTED_EDGE('',*,*,#1875,.T.);
#1502=ORIENTED_EDGE('',*,*,#2106,.T.);
#1503=ORIENTED_EDGE('',*,*,#1919,.F.);
#1504=ORIENTED_EDGE('',*,*,#1931,.T.);
#1505=ORIENTED_EDGE('',*,*,#2123,.F.);
#1506=ORIENTED_EDGE('',*,*,#2034,.T.);
#1507=ORIENTED_EDGE('',*,*,#2041,.T.);
#1508=ORIENTED_EDGE('',*,*,#2125,.F.);
#1509=ORIENTED_EDGE('',*,*,#2057,.F.);
#1510=ORIENTED_EDGE('',*,*,#2046,.F.);
#1511=ORIENTED_EDGE('',*,*,#2127,.T.);
#1512=ORIENTED_EDGE('',*,*,#1882,.T.);
#1513=ORIENTED_EDGE('',*,*,#1868,.T.);
#1514=ORIENTED_EDGE('',*,*,#1880,.T.);
#1515=ORIENTED_EDGE('',*,*,#2127,.F.);
#1516=ORIENTED_EDGE('',*,*,#2051,.F.);
#1517=ORIENTED_EDGE('',*,*,#2126,.T.);
#1518=ORIENTED_EDGE('',*,*,#1995,.F.);
#1519=ORIENTED_EDGE('',*,*,#1999,.T.);
#1520=ORIENTED_EDGE('',*,*,#2119,.F.);
#1521=ORIENTED_EDGE('',*,*,#2091,.F.);
#1522=ORIENTED_EDGE('',*,*,#2086,.F.);
#1523=ORIENTED_EDGE('',*,*,#2128,.T.);
#1524=ORIENTED_EDGE('',*,*,#1887,.T.);
#1525=ORIENTED_EDGE('',*,*,#1864,.T.);
#1526=ORIENTED_EDGE('',*,*,#1886,.T.);
#1527=ORIENTED_EDGE('',*,*,#1860,.T.);
#1528=ORIENTED_EDGE('',*,*,#1885,.T.);
#1529=ORIENTED_EDGE('',*,*,#1856,.T.);
#1530=ORIENTED_EDGE('',*,*,#1884,.T.);
#1531=ORIENTED_EDGE('',*,*,#1852,.T.);
#1532=ORIENTED_EDGE('',*,*,#1883,.T.);
#1533=ORIENTED_EDGE('',*,*,#1848,.T.);
#1534=ORIENTED_EDGE('',*,*,#1834,.F.);
#1535=ORIENTED_EDGE('',*,*,#1845,.T.);
#1536=ORIENTED_EDGE('',*,*,#2107,.T.);
#1537=ORIENTED_EDGE('',*,*,#1873,.T.);
#1538=ORIENTED_EDGE('',*,*,#1888,.T.);
#1539=ORIENTED_EDGE('',*,*,#2128,.F.);
#1540=ORIENTED_EDGE('',*,*,#2085,.F.);
#1541=ORIENTED_EDGE('',*,*,#2093,.T.);
#1542=ORIENTED_EDGE('',*,*,#2118,.F.);
#1543=ORIENTED_EDGE('',*,*,#2071,.F.);
#1544=ORIENTED_EDGE('',*,*,#2068,.F.);
#1545=ORIENTED_EDGE('',*,*,#2074,.T.);
#1546=ORIENTED_EDGE('',*,*,#2117,.F.);
#1547=ORIENTED_EDGE('',*,*,#2102,.F.);
#1548=ORIENTED_EDGE('',*,*,#2097,.F.);
#1549=ORIENTED_EDGE('',*,*,#2121,.T.);
#1550=ORIENTED_EDGE('',*,*,#1924,.F.);
#1551=ORIENTED_EDGE('',*,*,#1921,.F.);
#1552=ORIENTED_EDGE('',*,*,#2105,.T.);
#1553=ORIENTED_EDGE('',*,*,#1839,.F.);
#1554=ORIENTED_EDGE('',*,*,#2108,.F.);
#1555=ORIENTED_EDGE('',*,*,#1973,.F.);
#1556=ORIENTED_EDGE('',*,*,#1972,.T.);
#1557=ORIENTED_EDGE('',*,*,#1975,.T.);
#1558=ORIENTED_EDGE('',*,*,#1970,.F.);
#1559=ORIENTED_EDGE('',*,*,#1966,.F.);
#1560=ORIENTED_EDGE('',*,*,#1984,.T.);
#1561=ORIENTED_EDGE('',*,*,#1968,.T.);
#1562=ORIENTED_EDGE('',*,*,#2109,.F.);
#1563=ORIENTED_EDGE('',*,*,#1963,.F.);
#1564=ORIENTED_EDGE('',*,*,#1962,.T.);
#1565=ORIENTED_EDGE('',*,*,#1965,.T.);
#1566=ORIENTED_EDGE('',*,*,#1960,.F.);
#1567=ORIENTED_EDGE('',*,*,#1956,.F.);
#1568=ORIENTED_EDGE('',*,*,#1997,.T.);
#1569=ORIENTED_EDGE('',*,*,#1958,.T.);
#1570=ORIENTED_EDGE('',*,*,#2110,.F.);
#1571=ORIENTED_EDGE('',*,*,#1952,.F.);
#1572=ORIENTED_EDGE('',*,*,#2087,.T.);
#1573=ORIENTED_EDGE('',*,*,#1954,.T.);
#1574=ORIENTED_EDGE('',*,*,#2111,.F.);
#1575=ORIENTED_EDGE('',*,*,#1948,.F.);
#1576=ORIENTED_EDGE('',*,*,#2088,.T.);
#1577=ORIENTED_EDGE('',*,*,#1950,.T.);
#1578=ORIENTED_EDGE('',*,*,#2112,.F.);
#1579=ORIENTED_EDGE('',*,*,#1944,.F.);
#1580=ORIENTED_EDGE('',*,*,#2089,.T.);
#1581=ORIENTED_EDGE('',*,*,#1946,.T.);
#1582=ORIENTED_EDGE('',*,*,#2113,.F.);
#1583=ORIENTED_EDGE('',*,*,#1940,.F.);
#1584=ORIENTED_EDGE('',*,*,#2098,.T.);
#1585=ORIENTED_EDGE('',*,*,#1942,.T.);
#1586=ORIENTED_EDGE('',*,*,#2114,.F.);
#1587=ORIENTED_EDGE('',*,*,#1936,.F.);
#1588=ORIENTED_EDGE('',*,*,#2099,.T.);
#1589=ORIENTED_EDGE('',*,*,#1938,.T.);
#1590=ORIENTED_EDGE('',*,*,#2115,.F.);
#1591=ORIENTED_EDGE('',*,*,#1932,.F.);
#1592=ORIENTED_EDGE('',*,*,#2100,.T.);
#1593=ORIENTED_EDGE('',*,*,#1934,.T.);
#1594=VERTEX_POINT('',#3100);
#1595=VERTEX_POINT('',#3101);
#1596=VERTEX_POINT('',#3103);
#1597=VERTEX_POINT('',#3105);
#1598=VERTEX_POINT('',#3109);
#1599=VERTEX_POINT('',#3110);
#1600=VERTEX_POINT('',#3112);
#1601=VERTEX_POINT('',#3114);
#1602=VERTEX_POINT('',#3118);
#1603=VERTEX_POINT('',#3119);
#1604=VERTEX_POINT('',#3121);
#1605=VERTEX_POINT('',#3123);
#1606=VERTEX_POINT('',#3127);
#1607=VERTEX_POINT('',#3128);
#1608=VERTEX_POINT('',#3130);
#1609=VERTEX_POINT('',#3132);
#1610=VERTEX_POINT('',#3136);
#1611=VERTEX_POINT('',#3137);
#1612=VERTEX_POINT('',#3139);
#1613=VERTEX_POINT('',#3141);
#1614=VERTEX_POINT('',#3145);
#1615=VERTEX_POINT('',#3147);
#1616=VERTEX_POINT('',#3153);
#1617=VERTEX_POINT('',#3155);
#1618=VERTEX_POINT('',#3161);
#1619=VERTEX_POINT('',#3173);
#1620=VERTEX_POINT('',#3177);
#1621=VERTEX_POINT('',#3178);
#1622=VERTEX_POINT('',#3180);
#1623=VERTEX_POINT('',#3182);
#1624=VERTEX_POINT('',#3186);
#1625=VERTEX_POINT('',#3187);
#1626=VERTEX_POINT('',#3189);
#1627=VERTEX_POINT('',#3191);
#1628=VERTEX_POINT('',#3195);
#1629=VERTEX_POINT('',#3196);
#1630=VERTEX_POINT('',#3198);
#1631=VERTEX_POINT('',#3200);
#1632=VERTEX_POINT('',#3204);
#1633=VERTEX_POINT('',#3205);
#1634=VERTEX_POINT('',#3207);
#1635=VERTEX_POINT('',#3209);
#1636=VERTEX_POINT('',#3213);
#1637=VERTEX_POINT('',#3214);
#1638=VERTEX_POINT('',#3216);
#1639=VERTEX_POINT('',#3218);
#1640=VERTEX_POINT('',#3222);
#1641=VERTEX_POINT('',#3223);
#1642=VERTEX_POINT('',#3225);
#1643=VERTEX_POINT('',#3227);
#1644=VERTEX_POINT('',#3233);
#1645=VERTEX_POINT('',#3235);
#1646=VERTEX_POINT('',#3237);
#1647=VERTEX_POINT('',#3239);
#1648=VERTEX_POINT('',#3246);
#1649=VERTEX_POINT('',#3260);
#1650=VERTEX_POINT('',#3264);
#1651=VERTEX_POINT('',#3265);
#1652=VERTEX_POINT('',#3267);
#1653=VERTEX_POINT('',#3269);
#1654=VERTEX_POINT('',#3273);
#1655=VERTEX_POINT('',#3274);
#1656=VERTEX_POINT('',#3276);
#1657=VERTEX_POINT('',#3278);
#1658=VERTEX_POINT('',#3282);
#1659=VERTEX_POINT('',#3283);
#1660=VERTEX_POINT('',#3285);
#1661=VERTEX_POINT('',#3287);
#1662=VERTEX_POINT('',#3291);
#1663=VERTEX_POINT('',#3292);
#1664=VERTEX_POINT('',#3294);
#1665=VERTEX_POINT('',#3296);
#1666=VERTEX_POINT('',#3300);
#1667=VERTEX_POINT('',#3301);
#1668=VERTEX_POINT('',#3303);
#1669=VERTEX_POINT('',#3305);
#1670=VERTEX_POINT('',#3309);
#1671=VERTEX_POINT('',#3310);
#1672=VERTEX_POINT('',#3312);
#1673=VERTEX_POINT('',#3314);
#1674=VERTEX_POINT('',#3323);
#1675=VERTEX_POINT('',#3325);
#1676=VERTEX_POINT('',#3327);
#1677=VERTEX_POINT('',#3329);
#1678=VERTEX_POINT('',#3333);
#1679=VERTEX_POINT('',#3347);
#1680=VERTEX_POINT('',#3351);
#1681=VERTEX_POINT('',#3352);
#1682=VERTEX_POINT('',#3354);
#1683=VERTEX_POINT('',#3356);
#1684=VERTEX_POINT('',#3360);
#1685=VERTEX_POINT('',#3361);
#1686=VERTEX_POINT('',#3363);
#1687=VERTEX_POINT('',#3365);
#1688=VERTEX_POINT('',#3369);
#1689=VERTEX_POINT('',#3370);
#1690=VERTEX_POINT('',#3372);
#1691=VERTEX_POINT('',#3374);
#1692=VERTEX_POINT('',#3378);
#1693=VERTEX_POINT('',#3379);
#1694=VERTEX_POINT('',#3381);
#1695=VERTEX_POINT('',#3383);
#1696=VERTEX_POINT('',#3387);
#1697=VERTEX_POINT('',#3388);
#1698=VERTEX_POINT('',#3390);
#1699=VERTEX_POINT('',#3392);
#1700=VERTEX_POINT('',#3396);
#1701=VERTEX_POINT('',#3397);
#1702=VERTEX_POINT('',#3399);
#1703=VERTEX_POINT('',#3401);
#1704=VERTEX_POINT('',#3405);
#1705=VERTEX_POINT('',#3406);
#1706=VERTEX_POINT('',#3408);
#1707=VERTEX_POINT('',#3410);
#1708=VERTEX_POINT('',#3415);
#1709=VERTEX_POINT('',#3416);
#1710=VERTEX_POINT('',#3420);
#1711=VERTEX_POINT('',#3422);
#1712=VERTEX_POINT('',#3426);
#1713=VERTEX_POINT('',#3427);
#1714=VERTEX_POINT('',#3429);
#1715=VERTEX_POINT('',#3431);
#1716=VERTEX_POINT('',#3436);
#1717=VERTEX_POINT('',#3437);
#1718=VERTEX_POINT('',#3441);
#1719=VERTEX_POINT('',#3443);
#1720=VERTEX_POINT('',#3447);
#1721=VERTEX_POINT('',#3448);
#1722=VERTEX_POINT('',#3450);
#1723=VERTEX_POINT('',#3452);
#1724=VERTEX_POINT('',#3456);
#1725=VERTEX_POINT('',#3458);
#1726=VERTEX_POINT('',#3460);
#1727=VERTEX_POINT('',#3465);
#1728=VERTEX_POINT('',#3469);
#1729=VERTEX_POINT('',#3473);
#1730=VERTEX_POINT('',#3474);
#1731=VERTEX_POINT('',#3476);
#1732=VERTEX_POINT('',#3478);
#1733=VERTEX_POINT('',#3482);
#1734=VERTEX_POINT('',#3484);
#1735=VERTEX_POINT('',#3486);
#1736=VERTEX_POINT('',#3491);
#1737=VERTEX_POINT('',#3495);
#1738=VERTEX_POINT('',#3499);
#1739=VERTEX_POINT('',#3500);
#1740=VERTEX_POINT('',#3502);
#1741=VERTEX_POINT('',#3504);
#1742=VERTEX_POINT('',#3508);
#1743=VERTEX_POINT('',#3509);
#1744=VERTEX_POINT('',#3511);
#1745=VERTEX_POINT('',#3513);
#1746=VERTEX_POINT('',#3517);
#1747=VERTEX_POINT('',#3518);
#1748=VERTEX_POINT('',#3520);
#1749=VERTEX_POINT('',#3522);
#1750=VERTEX_POINT('',#3526);
#1751=VERTEX_POINT('',#3527);
#1752=VERTEX_POINT('',#3529);
#1753=VERTEX_POINT('',#3531);
#1754=VERTEX_POINT('',#3547);
#1755=VERTEX_POINT('',#3548);
#1756=VERTEX_POINT('',#3550);
#1757=VERTEX_POINT('',#3552);
#1758=VERTEX_POINT('',#3556);
#1759=VERTEX_POINT('',#3557);
#1760=VERTEX_POINT('',#3559);
#1761=VERTEX_POINT('',#3561);
#1762=VERTEX_POINT('',#3565);
#1763=VERTEX_POINT('',#3566);
#1764=VERTEX_POINT('',#3568);
#1765=VERTEX_POINT('',#3571);
#1766=VERTEX_POINT('',#3573);
#1767=VERTEX_POINT('',#3577);
#1768=VERTEX_POINT('',#3578);
#1769=VERTEX_POINT('',#3583);
#1770=VERTEX_POINT('',#3589);
#1771=VERTEX_POINT('',#3590);
#1772=VERTEX_POINT('',#3592);
#1773=VERTEX_POINT('',#3594);
#1774=VERTEX_POINT('',#3597);
#1775=VERTEX_POINT('',#3601);
#1776=VERTEX_POINT('',#3605);
#1777=VERTEX_POINT('',#3609);
#1778=VERTEX_POINT('',#3613);
#1779=VERTEX_POINT('',#3614);
#1780=VERTEX_POINT('',#3616);
#1781=VERTEX_POINT('',#3618);
#1782=VERTEX_POINT('',#3622);
#1783=VERTEX_POINT('',#3623);
#1784=VERTEX_POINT('',#3625);
#1785=VERTEX_POINT('',#3627);
#1786=VERTEX_POINT('',#3632);
#1787=VERTEX_POINT('',#3634);
#1788=VERTEX_POINT('',#3638);
#1789=VERTEX_POINT('',#3644);
#1790=VERTEX_POINT('',#3648);
#1791=VERTEX_POINT('',#3649);
#1792=VERTEX_POINT('',#3651);
#1793=VERTEX_POINT('',#3653);
#1794=VERTEX_POINT('',#3657);
#1795=VERTEX_POINT('',#3658);
#1796=VERTEX_POINT('',#3660);
#1797=VERTEX_POINT('',#3662);
#1798=VERTEX_POINT('',#3666);
#1799=VERTEX_POINT('',#3668);
#1800=VERTEX_POINT('',#3670);
#1801=VERTEX_POINT('',#3677);
#1802=VERTEX_POINT('',#3681);
#1803=VERTEX_POINT('',#3685);
#1804=VERTEX_POINT('',#3687);
#1805=VERTEX_POINT('',#3689);
#1806=VERTEX_POINT('',#3696);
#1807=VERTEX_POINT('',#3700);
#1808=EDGE_CURVE('NONE',#1594,#1595,#2129,.T.);
#1809=EDGE_CURVE('NONE',#1596,#1594,#518,.T.);
#1810=EDGE_CURVE('NONE',#1597,#1596,#2130,.T.);
#1811=EDGE_CURVE('NONE',#1595,#1597,#519,.T.);
#1812=EDGE_CURVE('NONE',#1598,#1599,#2131,.T.);
#1813=EDGE_CURVE('NONE',#1600,#1598,#520,.T.);
#1814=EDGE_CURVE('NONE',#1601,#1600,#2132,.T.);
#1815=EDGE_CURVE('NONE',#1599,#1601,#521,.T.);
#1816=EDGE_CURVE('NONE',#1602,#1603,#2133,.T.);
#1817=EDGE_CURVE('NONE',#1604,#1602,#522,.T.);
#1818=EDGE_CURVE('NONE',#1605,#1604,#2134,.T.);
#1819=EDGE_CURVE('NONE',#1603,#1605,#523,.T.);
#1820=EDGE_CURVE('NONE',#1606,#1607,#2135,.T.);
#1821=EDGE_CURVE('NONE',#1608,#1606,#524,.T.);
#1822=EDGE_CURVE('NONE',#1609,#1608,#2136,.T.);
#1823=EDGE_CURVE('NONE',#1607,#1609,#525,.T.);
#1824=EDGE_CURVE('NONE',#1610,#1611,#2137,.T.);
#1825=EDGE_CURVE('NONE',#1610,#1612,#526,.T.);
#1826=EDGE_CURVE('NONE',#1613,#1612,#2138,.T.);
#1827=EDGE_CURVE('NONE',#1611,#1613,#527,.T.);
#1828=EDGE_CURVE('NONE',#1614,#1610,#2139,.T.);
#1829=EDGE_CURVE('NONE',#1615,#1614,#528,.T.);
#1830=EDGE_CURVE('NONE',#1612,#1615,#2140,.T.);
#1831=EDGE_CURVE('NONE',#1611,#1602,#529,.T.);
#1832=EDGE_CURVE('NONE',#1603,#1598,#530,.T.);
#1833=EDGE_CURVE('NONE',#1599,#1616,#531,.T.);
#1834=EDGE_CURVE('NONE',#1616,#1617,#532,.T.);
#1835=EDGE_CURVE('NONE',#1617,#1594,#533,.T.);
#1836=EDGE_CURVE('NONE',#1595,#1606,#534,.T.);
#1837=EDGE_CURVE('NONE',#1607,#1614,#535,.T.);
#1838=EDGE_CURVE('NONE',#1618,#1596,#536,.T.);
#1839=EDGE_CURVE('NONE',#1617,#1618,#537,.T.);
#1840=EDGE_CURVE('NONE',#1597,#1608,#538,.T.);
#1841=EDGE_CURVE('NONE',#1609,#1615,#539,.T.);
#1842=EDGE_CURVE('NONE',#1613,#1604,#540,.T.);
#1843=EDGE_CURVE('NONE',#1605,#1600,#541,.T.);
#1844=EDGE_CURVE('NONE',#1601,#1619,#542,.T.);
#1845=EDGE_CURVE('NONE',#1616,#1619,#543,.T.);
#1846=EDGE_CURVE('NONE',#1620,#1621,#2141,.T.);
#1847=EDGE_CURVE('NONE',#1622,#1620,#544,.T.);
#1848=EDGE_CURVE('NONE',#1623,#1622,#2142,.T.);
#1849=EDGE_CURVE('NONE',#1621,#1623,#545,.T.);
#1850=EDGE_CURVE('NONE',#1624,#1625,#2143,.T.);
#1851=EDGE_CURVE('NONE',#1626,#1624,#546,.T.);
#1852=EDGE_CURVE('NONE',#1627,#1626,#2144,.T.);
#1853=EDGE_CURVE('NONE',#1625,#1627,#547,.T.);
#1854=EDGE_CURVE('NONE',#1628,#1629,#2145,.T.);
#1855=EDGE_CURVE('NONE',#1630,#1628,#548,.T.);
#1856=EDGE_CURVE('NONE',#1631,#1630,#2146,.T.);
#1857=EDGE_CURVE('NONE',#1629,#1631,#549,.T.);
#1858=EDGE_CURVE('NONE',#1632,#1633,#2147,.T.);
#1859=EDGE_CURVE('NONE',#1634,#1632,#550,.T.);
#1860=EDGE_CURVE('NONE',#1635,#1634,#2148,.T.);
#1861=EDGE_CURVE('NONE',#1633,#1635,#551,.T.);
#1862=EDGE_CURVE('NONE',#1636,#1637,#2149,.T.);
#1863=EDGE_CURVE('NONE',#1638,#1636,#552,.T.);
#1864=EDGE_CURVE('NONE',#1639,#1638,#2150,.T.);
#1865=EDGE_CURVE('NONE',#1637,#1639,#553,.T.);
#1866=EDGE_CURVE('NONE',#1640,#1641,#2151,.T.);
#1867=EDGE_CURVE('NONE',#1642,#1640,#554,.T.);
#1868=EDGE_CURVE('NONE',#1643,#1642,#2152,.T.);
#1869=EDGE_CURVE('NONE',#1641,#1643,#555,.T.);
#1870=EDGE_CURVE('NONE',#1632,#1629,#556,.T.);
#1871=EDGE_CURVE('NONE',#1636,#1633,#557,.T.);
#1872=EDGE_CURVE('NONE',#1644,#1637,#558,.T.);
#1873=EDGE_CURVE('NONE',#1645,#1644,#559,.T.);
#1874=EDGE_CURVE('NONE',#1646,#1645,#560,.T.);
#1875=EDGE_CURVE('NONE',#1647,#1646,#561,.T.);
#1876=EDGE_CURVE('NONE',#1640,#1647,#562,.T.);
#1877=EDGE_CURVE('NONE',#1620,#1641,#563,.T.);
#1878=EDGE_CURVE('NONE',#1624,#1621,#564,.T.);
#1879=EDGE_CURVE('NONE',#1628,#1625,#565,.T.);
#1880=EDGE_CURVE('NONE',#1642,#1648,#566,.T.);
#1881=EDGE_CURVE('NONE',#1647,#1648,#567,.T.);
#1882=EDGE_CURVE('NONE',#1622,#1643,#568,.T.);
#1883=EDGE_CURVE('NONE',#1626,#1623,#569,.T.);
#1884=EDGE_CURVE('NONE',#1630,#1627,#570,.T.);
#1885=EDGE_CURVE('NONE',#1634,#1631,#571,.T.);
#1886=EDGE_CURVE('NONE',#1638,#1635,#572,.T.);
#1887=EDGE_CURVE('NONE',#1649,#1639,#573,.T.);
#1888=EDGE_CURVE('NONE',#1644,#1649,#574,.T.);
#1889=EDGE_CURVE('NONE',#1650,#1651,#2153,.T.);
#1890=EDGE_CURVE('NONE',#1652,#1650,#575,.T.);
#1891=EDGE_CURVE('NONE',#1653,#1652,#2154,.T.);
#1892=EDGE_CURVE('NONE',#1651,#1653,#576,.T.);
#1893=EDGE_CURVE('NONE',#1654,#1655,#2155,.T.);
#1894=EDGE_CURVE('NONE',#1656,#1654,#577,.T.);
#1895=EDGE_CURVE('NONE',#1657,#1656,#2156,.T.);
#1896=EDGE_CURVE('NONE',#1655,#1657,#578,.T.);
#1897=EDGE_CURVE('NONE',#1658,#1659,#2157,.T.);
#1898=EDGE_CURVE('NONE',#1660,#1658,#579,.T.);
#1899=EDGE_CURVE('NONE',#1661,#1660,#2158,.T.);
#1900=EDGE_CURVE('NONE',#1659,#1661,#580,.T.);
#1901=EDGE_CURVE('NONE',#1662,#1663,#2159,.T.);
#1902=EDGE_CURVE('NONE',#1664,#1662,#581,.T.);
#1903=EDGE_CURVE('NONE',#1665,#1664,#2160,.T.);
#1904=EDGE_CURVE('NONE',#1663,#1665,#582,.T.);
#1905=EDGE_CURVE('NONE',#1666,#1667,#2161,.T.);
#1906=EDGE_CURVE('NONE',#1668,#1666,#583,.T.);
#1907=EDGE_CURVE('NONE',#1669,#1668,#2162,.T.);
#1908=EDGE_CURVE('NONE',#1667,#1669,#584,.T.);
#1909=EDGE_CURVE('NONE',#1670,#1671,#2163,.T.);
#1910=EDGE_CURVE('NONE',#1672,#1670,#585,.T.);
#1911=EDGE_CURVE('NONE',#1673,#1672,#2164,.T.);
#1912=EDGE_CURVE('NONE',#1671,#1673,#586,.T.);
#1913=EDGE_CURVE('NONE',#1667,#1662,#587,.T.);
#1914=EDGE_CURVE('NONE',#1663,#1658,#588,.T.);
#1915=EDGE_CURVE('NONE',#1659,#1654,#589,.T.);
#1916=EDGE_CURVE('NONE',#1655,#1650,#590,.T.);
#1917=EDGE_CURVE('NONE',#1651,#1670,#591,.T.);
#1918=EDGE_CURVE('NONE',#1671,#1674,#592,.T.);
#1919=EDGE_CURVE('NONE',#1674,#1675,#593,.T.);
#1920=EDGE_CURVE('NONE',#1675,#1676,#594,.T.);
#1921=EDGE_CURVE('NONE',#1676,#1677,#595,.T.);
#1922=EDGE_CURVE('NONE',#1677,#1666,#596,.T.);
#1923=EDGE_CURVE('NONE',#1678,#1668,#597,.T.);
#1924=EDGE_CURVE('NONE',#1677,#1678,#598,.T.);
#1925=EDGE_CURVE('NONE',#1669,#1664,#599,.T.);
#1926=EDGE_CURVE('NONE',#1665,#1660,#600,.T.);
#1927=EDGE_CURVE('NONE',#1661,#1656,#601,.T.);
#1928=EDGE_CURVE('NONE',#1657,#1652,#602,.T.);
#1929=EDGE_CURVE('NONE',#1653,#1672,#603,.T.);
#1930=EDGE_CURVE('NONE',#1673,#1679,#604,.T.);
#1931=EDGE_CURVE('NONE',#1674,#1679,#605,.T.);
#1932=EDGE_CURVE('NONE',#1680,#1681,#606,.T.);
#1933=EDGE_CURVE('NONE',#1682,#1681,#2165,.T.);
#1934=EDGE_CURVE('NONE',#1683,#1682,#607,.T.);
#1935=EDGE_CURVE('NONE',#1683,#1680,#2166,.T.);
#1936=EDGE_CURVE('NONE',#1684,#1685,#608,.T.);
#1937=EDGE_CURVE('NONE',#1686,#1685,#2167,.T.);
#1938=EDGE_CURVE('NONE',#1687,#1686,#609,.T.);
#1939=EDGE_CURVE('NONE',#1687,#1684,#2168,.T.);
#1940=EDGE_CURVE('NONE',#1688,#1689,#610,.T.);
#1941=EDGE_CURVE('NONE',#1690,#1689,#2169,.T.);
#1942=EDGE_CURVE('NONE',#1691,#1690,#611,.T.);
#1943=EDGE_CURVE('NONE',#1691,#1688,#2170,.T.);
#1944=EDGE_CURVE('NONE',#1692,#1693,#612,.T.);
#1945=EDGE_CURVE('NONE',#1694,#1693,#2171,.T.);
#1946=EDGE_CURVE('NONE',#1695,#1694,#613,.T.);
#1947=EDGE_CURVE('NONE',#1695,#1692,#2172,.T.);
#1948=EDGE_CURVE('NONE',#1696,#1697,#614,.T.);
#1949=EDGE_CURVE('NONE',#1698,#1697,#2173,.T.);
#1950=EDGE_CURVE('NONE',#1699,#1698,#615,.T.);
#1951=EDGE_CURVE('NONE',#1699,#1696,#2174,.T.);
#1952=EDGE_CURVE('NONE',#1700,#1701,#616,.T.);
#1953=EDGE_CURVE('NONE',#1702,#1701,#2175,.T.);
#1954=EDGE_CURVE('NONE',#1703,#1702,#617,.T.);
#1955=EDGE_CURVE('NONE',#1703,#1700,#2176,.T.);
#1956=EDGE_CURVE('NONE',#1704,#1705,#618,.T.);
#1957=EDGE_CURVE('NONE',#1706,#1705,#2177,.T.);
#1958=EDGE_CURVE('NONE',#1707,#1706,#619,.T.);
#1959=EDGE_CURVE('NONE',#1707,#1704,#2178,.T.);
#1960=EDGE_CURVE('NONE',#1705,#1706,#2179,.T.);
#1961=EDGE_CURVE('NONE',#1708,#1709,#2180,.T.);
#1962=EDGE_CURVE('NONE',#1709,#1708,#2181,.T.);
#1963=EDGE_CURVE('NONE',#1709,#1710,#620,.T.);
#1964=EDGE_CURVE('NONE',#1711,#1710,#2182,.T.);
#1965=EDGE_CURVE('NONE',#1708,#1711,#621,.T.);
#1966=EDGE_CURVE('NONE',#1712,#1713,#622,.T.);
#1967=EDGE_CURVE('NONE',#1714,#1713,#2183,.T.);
#1968=EDGE_CURVE('NONE',#1715,#1714,#623,.T.);
#1969=EDGE_CURVE('NONE',#1715,#1712,#2184,.T.);
#1970=EDGE_CURVE('NONE',#1713,#1714,#2185,.T.);
#1971=EDGE_CURVE('NONE',#1716,#1717,#2186,.T.);
#1972=EDGE_CURVE('NONE',#1717,#1716,#2187,.T.);
#1973=EDGE_CURVE('NONE',#1717,#1718,#624,.T.);
#1974=EDGE_CURVE('NONE',#1719,#1718,#2188,.T.);
#1975=EDGE_CURVE('NONE',#1716,#1719,#625,.T.);
#1976=EDGE_CURVE('NONE',#1720,#1721,#2189,.T.);
#1977=EDGE_CURVE('NONE',#1722,#1720,#626,.T.);
#1978=EDGE_CURVE('NONE',#1723,#1722,#2190,.T.);
#1979=EDGE_CURVE('NONE',#1721,#1723,#627,.T.);
#1980=EDGE_CURVE('NONE',#1720,#1724,#628,.T.);
#1981=EDGE_CURVE('NONE',#1725,#1721,#629,.T.);
#1982=EDGE_CURVE('NONE',#1726,#1725,#630,.T.);
#1983=EDGE_CURVE('NONE',#1724,#1726,#631,.T.);
#1984=EDGE_CURVE('NONE',#1712,#1715,#2191,.T.);
#1985=EDGE_CURVE('NONE',#1727,#1723,#632,.T.);
#1986=EDGE_CURVE('NONE',#1725,#1727,#633,.T.);
#1987=EDGE_CURVE('NONE',#1722,#1728,#634,.T.);
#1988=EDGE_CURVE('NONE',#1724,#1728,#635,.T.);
#1989=EDGE_CURVE('NONE',#1729,#1730,#2192,.T.);
#1990=EDGE_CURVE('NONE',#1731,#1729,#636,.T.);
#1991=EDGE_CURVE('NONE',#1732,#1731,#2193,.T.);
#1992=EDGE_CURVE('NONE',#1730,#1732,#637,.T.);
#1993=EDGE_CURVE('NONE',#1733,#1729,#638,.T.);
#1994=EDGE_CURVE('NONE',#1730,#1734,#639,.T.);
#1995=EDGE_CURVE('NONE',#1734,#1735,#640,.T.);
#1996=EDGE_CURVE('NONE',#1735,#1733,#641,.T.);
#1997=EDGE_CURVE('NONE',#1704,#1707,#2194,.T.);
#1998=EDGE_CURVE('NONE',#1732,#1736,#642,.T.);
#1999=EDGE_CURVE('NONE',#1734,#1736,#643,.T.);
#2000=EDGE_CURVE('NONE',#1737,#1731,#644,.T.);
#2001=EDGE_CURVE('NONE',#1733,#1737,#645,.T.);
#2002=EDGE_CURVE('NONE',#1738,#1739,#2195,.T.);
#2003=EDGE_CURVE('NONE',#1740,#1738,#646,.T.);
#2004=EDGE_CURVE('NONE',#1741,#1740,#2196,.T.);
#2005=EDGE_CURVE('NONE',#1739,#1741,#647,.T.);
#2006=EDGE_CURVE('NONE',#1742,#1743,#2197,.T.);
#2007=EDGE_CURVE('NONE',#1744,#1742,#648,.T.);
#2008=EDGE_CURVE('NONE',#1745,#1744,#2198,.T.);
#2009=EDGE_CURVE('NONE',#1743,#1745,#649,.T.);
#2010=EDGE_CURVE('NONE',#1746,#1747,#2199,.T.);
#2011=EDGE_CURVE('NONE',#1748,#1746,#650,.T.);
#2012=EDGE_CURVE('NONE',#1749,#1748,#2200,.T.);
#2013=EDGE_CURVE('NONE',#1747,#1749,#651,.T.);
#2014=EDGE_CURVE('NONE',#1750,#1751,#2201,.T.);
#2015=EDGE_CURVE('NONE',#1752,#1750,#652,.T.);
#2016=EDGE_CURVE('NONE',#1753,#1752,#2202,.T.);
#2017=EDGE_CURVE('NONE',#1751,#1753,#653,.T.);
#2018=EDGE_CURVE('NONE',#1741,#1744,#654,.T.);
#2019=EDGE_CURVE('NONE',#1739,#1742,#655,.T.);
#2020=EDGE_CURVE('NONE',#1745,#1752,#656,.T.);
#2021=EDGE_CURVE('NONE',#1743,#1750,#657,.T.);
#2022=EDGE_CURVE('NONE',#1751,#1746,#658,.T.);
#2023=EDGE_CURVE('NONE',#1753,#1748,#659,.T.);
#2024=EDGE_CURVE('NONE',#1747,#1738,#660,.T.);
#2025=EDGE_CURVE('NONE',#1749,#1740,#661,.T.);
#2026=EDGE_CURVE('NONE',#1754,#1755,#2203,.T.);
#2027=EDGE_CURVE('NONE',#1754,#1756,#662,.T.);
#2028=EDGE_CURVE('NONE',#1757,#1756,#2204,.T.);
#2029=EDGE_CURVE('NONE',#1755,#1757,#663,.T.);
#2030=EDGE_CURVE('NONE',#1758,#1759,#2205,.T.);
#2031=EDGE_CURVE('NONE',#1760,#1758,#664,.T.);
#2032=EDGE_CURVE('NONE',#1761,#1760,#2206,.T.);
#2033=EDGE_CURVE('NONE',#1759,#1761,#665,.T.);
#2034=EDGE_CURVE('NONE',#1762,#1763,#666,.T.);
#2035=EDGE_CURVE('NONE',#1764,#1762,#667,.T.);
#2036=EDGE_CURVE('NONE',#1758,#1764,#668,.T.);
#2037=EDGE_CURVE('NONE',#1765,#1759,#669,.T.);
#2038=EDGE_CURVE('NONE',#1766,#1765,#2207,.T.);
#2039=EDGE_CURVE('NONE',#1763,#1766,#670,.T.);
#2040=EDGE_CURVE('NONE',#1767,#1768,#671,.T.);
#2041=EDGE_CURVE('NONE',#1763,#1767,#672,.T.);
#2042=EDGE_CURVE('NONE',#1766,#1768,#673,.T.);
#2043=EDGE_CURVE('NONE',#1768,#1769,#2208,.T.);
#2044=EDGE_CURVE('NONE',#1765,#1769,#674,.T.);
#2045=EDGE_CURVE('NONE',#1769,#1761,#675,.T.);
#2046=EDGE_CURVE('NONE',#1770,#1771,#676,.T.);
#2047=EDGE_CURVE('NONE',#1771,#1772,#677,.T.);
#2048=EDGE_CURVE('NONE',#1772,#1773,#2209,.T.);
#2049=EDGE_CURVE('NONE',#1773,#1754,#678,.T.);
#2050=EDGE_CURVE('NONE',#1755,#1774,#679,.T.);
#2051=EDGE_CURVE('NONE',#1774,#1770,#680,.T.);
#2052=EDGE_CURVE('NONE',#1775,#1756,#681,.T.);
#2053=EDGE_CURVE('NONE',#1773,#1775,#682,.T.);
#2054=EDGE_CURVE('NONE',#1776,#1775,#2210,.T.);
#2055=EDGE_CURVE('NONE',#1772,#1776,#683,.T.);
#2056=EDGE_CURVE('NONE',#1777,#1776,#684,.T.);
#2057=EDGE_CURVE('NONE',#1771,#1777,#685,.T.);
#2058=EDGE_CURVE('NONE',#1778,#1779,#2211,.T.);
#2059=EDGE_CURVE('NONE',#1780,#1778,#686,.T.);
#2060=EDGE_CURVE('NONE',#1781,#1780,#2212,.T.);
#2061=EDGE_CURVE('NONE',#1779,#1781,#687,.T.);
#2062=EDGE_CURVE('NONE',#1782,#1783,#2213,.T.);
#2063=EDGE_CURVE('NONE',#1784,#1782,#688,.T.);
#2064=EDGE_CURVE('NONE',#1785,#1784,#2214,.T.);
#2065=EDGE_CURVE('NONE',#1783,#1785,#689,.T.);
#2066=EDGE_CURVE('NONE',#1779,#1782,#690,.T.);
#2067=EDGE_CURVE('NONE',#1783,#1786,#691,.T.);
#2068=EDGE_CURVE('NONE',#1786,#1787,#692,.T.);
#2069=EDGE_CURVE('NONE',#1787,#1778,#693,.T.);
#2070=EDGE_CURVE('NONE',#1788,#1780,#694,.T.);
#2071=EDGE_CURVE('NONE',#1787,#1788,#695,.T.);
#2072=EDGE_CURVE('NONE',#1781,#1784,#696,.T.);
#2073=EDGE_CURVE('NONE',#1785,#1789,#697,.T.);
#2074=EDGE_CURVE('NONE',#1786,#1789,#698,.T.);
#2075=EDGE_CURVE('NONE',#1790,#1791,#2215,.T.);
#2076=EDGE_CURVE('NONE',#1792,#1790,#699,.T.);
#2077=EDGE_CURVE('NONE',#1793,#1792,#2216,.T.);
#2078=EDGE_CURVE('NONE',#1791,#1793,#700,.T.);
#2079=EDGE_CURVE('NONE',#1794,#1795,#2217,.T.);
#2080=EDGE_CURVE('NONE',#1796,#1794,#701,.T.);
#2081=EDGE_CURVE('NONE',#1797,#1796,#2218,.T.);
#2082=EDGE_CURVE('NONE',#1795,#1797,#702,.T.);
#2083=EDGE_CURVE('NONE',#1798,#1794,#703,.T.);
#2084=EDGE_CURVE('NONE',#1795,#1799,#704,.T.);
#2085=EDGE_CURVE('NONE',#1799,#1800,#705,.T.);
#2086=EDGE_CURVE('NONE',#1800,#1798,#706,.T.);
#2087=EDGE_CURVE('NONE',#1700,#1703,#2219,.T.);
#2088=EDGE_CURVE('NONE',#1696,#1699,#2220,.T.);
#2089=EDGE_CURVE('NONE',#1692,#1695,#2221,.T.);
#2090=EDGE_CURVE('NONE',#1801,#1796,#707,.T.);
#2091=EDGE_CURVE('NONE',#1798,#1801,#708,.T.);
#2092=EDGE_CURVE('NONE',#1797,#1802,#709,.T.);
#2093=EDGE_CURVE('NONE',#1799,#1802,#710,.T.);
#2094=EDGE_CURVE('NONE',#1803,#1790,#711,.T.);
#2095=EDGE_CURVE('NONE',#1791,#1804,#712,.T.);
#2096=EDGE_CURVE('NONE',#1804,#1805,#713,.T.);
#2097=EDGE_CURVE('NONE',#1805,#1803,#714,.T.);
#2098=EDGE_CURVE('NONE',#1688,#1691,#2222,.T.);
#2099=EDGE_CURVE('NONE',#1684,#1687,#2223,.T.);
#2100=EDGE_CURVE('NONE',#1680,#1683,#2224,.T.);
#2101=EDGE_CURVE('NONE',#1806,#1792,#715,.T.);
#2102=EDGE_CURVE('NONE',#1803,#1806,#716,.T.);
#2103=EDGE_CURVE('NONE',#1793,#1807,#717,.T.);
#2104=EDGE_CURVE('NONE',#1804,#1807,#718,.T.);
#2105=EDGE_CURVE('NONE',#1676,#1618,#719,.T.);
#2106=EDGE_CURVE('NONE',#1646,#1675,#720,.T.);
#2107=EDGE_CURVE('NONE',#1619,#1645,#721,.T.);
#2108=EDGE_CURVE('NONE',#1718,#1719,#2225,.T.);
#2109=EDGE_CURVE('NONE',#1710,#1711,#2226,.T.);
#2110=EDGE_CURVE('NONE',#1701,#1702,#2227,.T.);
#2111=EDGE_CURVE('NONE',#1697,#1698,#2228,.T.);
#2112=EDGE_CURVE('NONE',#1693,#1694,#2229,.T.);
#2113=EDGE_CURVE('NONE',#1689,#1690,#2230,.T.);
#2114=EDGE_CURVE('NONE',#1685,#1686,#2231,.T.);
#2115=EDGE_CURVE('NONE',#1681,#1682,#2232,.T.);
#2116=EDGE_CURVE('NONE',#1728,#1807,#722,.T.);
#2117=EDGE_CURVE('NONE',#1806,#1789,#723,.T.);
#2118=EDGE_CURVE('NONE',#1788,#1802,#724,.T.);
#2119=EDGE_CURVE('NONE',#1801,#1736,#725,.T.);
#2120=EDGE_CURVE('NONE',#1727,#1737,#726,.T.);
#2121=EDGE_CURVE('NONE',#1805,#1678,#727,.T.);
#2122=EDGE_CURVE('NONE',#1764,#1726,#728,.T.);
#2123=EDGE_CURVE('NONE',#1762,#1679,#729,.T.);
#2124=EDGE_CURVE('NONE',#1760,#1757,#730,.T.);
#2125=EDGE_CURVE('NONE',#1777,#1767,#731,.T.);
#2126=EDGE_CURVE('NONE',#1774,#1735,#732,.T.);
#2127=EDGE_CURVE('NONE',#1770,#1648,#733,.T.);
#2128=EDGE_CURVE('NONE',#1800,#1649,#734,.T.);
#2129=CIRCLE('',#2234,20.);
#2130=CIRCLE('',#2235,20.);
#2131=CIRCLE('',#2237,20.);
#2132=CIRCLE('',#2238,20.);
#2133=CIRCLE('',#2240,20.);
#2134=CIRCLE('',#2241,20.);
#2135=CIRCLE('',#2243,20.);
#2136=CIRCLE('',#2244,20.);
#2137=CIRCLE('',#2246,20.);
#2138=CIRCLE('',#2247,20.);
#2139=CIRCLE('',#2249,20.);
#2140=CIRCLE('',#2250,20.);
#2141=CIRCLE('',#2259,6.);
#2142=CIRCLE('',#2260,6.);
#2143=CIRCLE('',#2262,6.);
#2144=CIRCLE('',#2263,6.);
#2145=CIRCLE('',#2265,6.);
#2146=CIRCLE('',#2266,6.);
#2147=CIRCLE('',#2268,6.);
#2148=CIRCLE('',#2269,6.);
#2149=CIRCLE('',#2271,6.);
#2150=CIRCLE('',#2272,6.);
#2151=CIRCLE('',#2274,6.);
#2152=CIRCLE('',#2275,6.);
#2153=CIRCLE('',#2285,6.);
#2154=CIRCLE('',#2286,6.);
#2155=CIRCLE('',#2288,6.);
#2156=CIRCLE('',#2289,6.);
#2157=CIRCLE('',#2291,6.);
#2158=CIRCLE('',#2292,6.);
#2159=CIRCLE('',#2294,6.);
#2160=CIRCLE('',#2295,6.);
#2161=CIRCLE('',#2297,6.);
#2162=CIRCLE('',#2298,6.);
#2163=CIRCLE('',#2300,6.);
#2164=CIRCLE('',#2301,6.);
#2165=CIRCLE('',#2311,5.25);
#2166=CIRCLE('',#2312,5.25);
#2167=CIRCLE('',#2314,4.);
#2168=CIRCLE('',#2315,3.99999999999999);
#2169=CIRCLE('',#2317,4.);
#2170=CIRCLE('',#2318,3.99999999999999);
#2171=CIRCLE('',#2320,5.25);
#2172=CIRCLE('',#2321,5.25);
#2173=CIRCLE('',#2323,4.);
#2174=CIRCLE('',#2324,3.99999999999999);
#2175=CIRCLE('',#2326,4.);
#2176=CIRCLE('',#2327,3.99999999999999);
#2177=CIRCLE('',#2329,13.);
#2178=CIRCLE('',#2330,13.);
#2179=CIRCLE('',#2332,13.);
#2180=CIRCLE('',#2333,8.75000000000001);
#2181=CIRCLE('',#2334,8.75000000000001);
#2182=CIRCLE('',#2336,8.74999999999999);
#2183=CIRCLE('',#2338,13.);
#2184=CIRCLE('',#2339,13.);
#2185=CIRCLE('',#2341,13.);
#2186=CIRCLE('',#2342,8.75000000000001);
#2187=CIRCLE('',#2343,8.75000000000001);
#2188=CIRCLE('',#2345,8.74999999999999);
#2189=CIRCLE('',#2347,8.);
#2190=CIRCLE('',#2348,8.);
#2191=CIRCLE('',#2350,13.);
#2192=CIRCLE('',#2354,8.);
#2193=CIRCLE('',#2355,8.);
#2194=CIRCLE('',#2357,13.);
#2195=CIRCLE('',#2361,8.);
#2196=CIRCLE('',#2362,8.);
#2197=CIRCLE('',#2364,8.);
#2198=CIRCLE('',#2365,8.);
#2199=CIRCLE('',#2367,8.);
#2200=CIRCLE('',#2368,8.);
#2201=CIRCLE('',#2370,8.);
#2202=CIRCLE('',#2371,8.);
#2203=CIRCLE('',#2377,15.);
#2204=CIRCLE('',#2378,15.);
#2205=CIRCLE('',#2380,15.);
#2206=CIRCLE('',#2381,15.);
#2207=CIRCLE('',#2383,10.);
#2208=CIRCLE('',#2386,10.);
#2209=CIRCLE('',#2389,10.);
#2210=CIRCLE('',#2392,10.);
#2211=CIRCLE('',#2395,8.);
#2212=CIRCLE('',#2396,8.);
#2213=CIRCLE('',#2398,8.);
#2214=CIRCLE('',#2399,8.);
#2215=CIRCLE('',#2405,15.);
#2216=CIRCLE('',#2406,15.);
#2217=CIRCLE('',#2408,15.);
#2218=CIRCLE('',#2409,15.);
#2219=CIRCLE('',#2411,3.99999999999999);
#2220=CIRCLE('',#2412,3.99999999999999);
#2221=CIRCLE('',#2413,5.25);
#2222=CIRCLE('',#2417,3.99999999999999);
#2223=CIRCLE('',#2418,3.99999999999999);
#2224=CIRCLE('',#2419,5.25);
#2225=CIRCLE('',#2423,8.74999999999999);
#2226=CIRCLE('',#2424,8.74999999999999);
#2227=CIRCLE('',#2425,4.);
#2228=CIRCLE('',#2426,4.);
#2229=CIRCLE('',#2427,5.25);
#2230=CIRCLE('',#2428,4.);
#2231=CIRCLE('',#2429,4.);
#2232=CIRCLE('',#2430,5.25);
#2233=AXIS2_PLACEMENT_3D('',#3098,#2449,#2450);
#2234=AXIS2_PLACEMENT_3D('',#3099,#2451,#2452);
#2235=AXIS2_PLACEMENT_3D('',#3104,#2454,#2455);
#2236=AXIS2_PLACEMENT_3D('',#3107,#2457,#2458);
#2237=AXIS2_PLACEMENT_3D('',#3108,#2459,#2460);
#2238=AXIS2_PLACEMENT_3D('',#3113,#2462,#2463);
#2239=AXIS2_PLACEMENT_3D('',#3116,#2465,#2466);
#2240=AXIS2_PLACEMENT_3D('',#3117,#2467,#2468);
#2241=AXIS2_PLACEMENT_3D('',#3122,#2470,#2471);
#2242=AXIS2_PLACEMENT_3D('',#3125,#2473,#2474);
#2243=AXIS2_PLACEMENT_3D('',#3126,#2475,#2476);
#2244=AXIS2_PLACEMENT_3D('',#3131,#2478,#2479);
#2245=AXIS2_PLACEMENT_3D('',#3134,#2481,#2482);
#2246=AXIS2_PLACEMENT_3D('',#3135,#2483,#2484);
#2247=AXIS2_PLACEMENT_3D('',#3140,#2486,#2487);
#2248=AXIS2_PLACEMENT_3D('',#3143,#2489,#2490);
#2249=AXIS2_PLACEMENT_3D('',#3144,#2491,#2492);
#2250=AXIS2_PLACEMENT_3D('',#3148,#2494,#2495);
#2251=AXIS2_PLACEMENT_3D('',#3149,#2496,#2497);
#2252=AXIS2_PLACEMENT_3D('',#3159,#2505,#2506);
#2253=AXIS2_PLACEMENT_3D('',#3163,#2509,#2510);
#2254=AXIS2_PLACEMENT_3D('',#3165,#2512,#2513);
#2255=AXIS2_PLACEMENT_3D('',#3167,#2515,#2516);
#2256=AXIS2_PLACEMENT_3D('',#3169,#2518,#2519);
#2257=AXIS2_PLACEMENT_3D('',#3171,#2521,#2522);
#2258=AXIS2_PLACEMENT_3D('',#3175,#2525,#2526);
#2259=AXIS2_PLACEMENT_3D('',#3176,#2527,#2528);
#2260=AXIS2_PLACEMENT_3D('',#3181,#2530,#2531);
#2261=AXIS2_PLACEMENT_3D('',#3184,#2533,#2534);
#2262=AXIS2_PLACEMENT_3D('',#3185,#2535,#2536);
#2263=AXIS2_PLACEMENT_3D('',#3190,#2538,#2539);
#2264=AXIS2_PLACEMENT_3D('',#3193,#2541,#2542);
#2265=AXIS2_PLACEMENT_3D('',#3194,#2543,#2544);
#2266=AXIS2_PLACEMENT_3D('',#3199,#2546,#2547);
#2267=AXIS2_PLACEMENT_3D('',#3202,#2549,#2550);
#2268=AXIS2_PLACEMENT_3D('',#3203,#2551,#2552);
#2269=AXIS2_PLACEMENT_3D('',#3208,#2554,#2555);
#2270=AXIS2_PLACEMENT_3D('',#3211,#2557,#2558);
#2271=AXIS2_PLACEMENT_3D('',#3212,#2559,#2560);
#2272=AXIS2_PLACEMENT_3D('',#3217,#2562,#2563);
#2273=AXIS2_PLACEMENT_3D('',#3220,#2565,#2566);
#2274=AXIS2_PLACEMENT_3D('',#3221,#2567,#2568);
#2275=AXIS2_PLACEMENT_3D('',#3226,#2570,#2571);
#2276=AXIS2_PLACEMENT_3D('',#3229,#2573,#2574);
#2277=AXIS2_PLACEMENT_3D('',#3244,#2585,#2586);
#2278=AXIS2_PLACEMENT_3D('',#3248,#2589,#2590);
#2279=AXIS2_PLACEMENT_3D('',#3250,#2592,#2593);
#2280=AXIS2_PLACEMENT_3D('',#3252,#2595,#2596);
#2281=AXIS2_PLACEMENT_3D('',#3254,#2598,#2599);
#2282=AXIS2_PLACEMENT_3D('',#3256,#2601,#2602);
#2283=AXIS2_PLACEMENT_3D('',#3258,#2604,#2605);
#2284=AXIS2_PLACEMENT_3D('',#3262,#2608,#2609);
#2285=AXIS2_PLACEMENT_3D('',#3263,#2610,#2611);
#2286=AXIS2_PLACEMENT_3D('',#3268,#2613,#2614);
#2287=AXIS2_PLACEMENT_3D('',#3271,#2616,#2617);
#2288=AXIS2_PLACEMENT_3D('',#3272,#2618,#2619);
#2289=AXIS2_PLACEMENT_3D('',#3277,#2621,#2622);
#2290=AXIS2_PLACEMENT_3D('',#3280,#2624,#2625);
#2291=AXIS2_PLACEMENT_3D('',#3281,#2626,#2627);
#2292=AXIS2_PLACEMENT_3D('',#3286,#2629,#2630);
#2293=AXIS2_PLACEMENT_3D('',#3289,#2632,#2633);
#2294=AXIS2_PLACEMENT_3D('',#3290,#2634,#2635);
#2295=AXIS2_PLACEMENT_3D('',#3295,#2637,#2638);
#2296=AXIS2_PLACEMENT_3D('',#3298,#2640,#2641);
#2297=AXIS2_PLACEMENT_3D('',#3299,#2642,#2643);
#2298=AXIS2_PLACEMENT_3D('',#3304,#2645,#2646);
#2299=AXIS2_PLACEMENT_3D('',#3307,#2648,#2649);
#2300=AXIS2_PLACEMENT_3D('',#3308,#2650,#2651);
#2301=AXIS2_PLACEMENT_3D('',#3313,#2653,#2654);
#2302=AXIS2_PLACEMENT_3D('',#3316,#2656,#2657);
#2303=AXIS2_PLACEMENT_3D('',#3331,#2668,#2669);
#2304=AXIS2_PLACEMENT_3D('',#3335,#2672,#2673);
#2305=AXIS2_PLACEMENT_3D('',#3337,#2675,#2676);
#2306=AXIS2_PLACEMENT_3D('',#3339,#2678,#2679);
#2307=AXIS2_PLACEMENT_3D('',#3341,#2681,#2682);
#2308=AXIS2_PLACEMENT_3D('',#3343,#2684,#2685);
#2309=AXIS2_PLACEMENT_3D('',#3345,#2687,#2688);
#2310=AXIS2_PLACEMENT_3D('',#3349,#2691,#2692);
#2311=AXIS2_PLACEMENT_3D('',#3353,#2694,#2695);
#2312=AXIS2_PLACEMENT_3D('',#3357,#2697,#2698);
#2313=AXIS2_PLACEMENT_3D('',#3358,#2699,#2700);
#2314=AXIS2_PLACEMENT_3D('',#3362,#2702,#2703);
#2315=AXIS2_PLACEMENT_3D('',#3366,#2705,#2706);
#2316=AXIS2_PLACEMENT_3D('',#3367,#2707,#2708);
#2317=AXIS2_PLACEMENT_3D('',#3371,#2710,#2711);
#2318=AXIS2_PLACEMENT_3D('',#3375,#2713,#2714);
#2319=AXIS2_PLACEMENT_3D('',#3376,#2715,#2716);
#2320=AXIS2_PLACEMENT_3D('',#3380,#2718,#2719);
#2321=AXIS2_PLACEMENT_3D('',#3384,#2721,#2722);
#2322=AXIS2_PLACEMENT_3D('',#3385,#2723,#2724);
#2323=AXIS2_PLACEMENT_3D('',#3389,#2726,#2727);
#2324=AXIS2_PLACEMENT_3D('',#3393,#2729,#2730);
#2325=AXIS2_PLACEMENT_3D('',#3394,#2731,#2732);
#2326=AXIS2_PLACEMENT_3D('',#3398,#2734,#2735);
#2327=AXIS2_PLACEMENT_3D('',#3402,#2737,#2738);
#2328=AXIS2_PLACEMENT_3D('',#3403,#2739,#2740);
#2329=AXIS2_PLACEMENT_3D('',#3407,#2742,#2743);
#2330=AXIS2_PLACEMENT_3D('',#3411,#2745,#2746);
#2331=AXIS2_PLACEMENT_3D('',#3412,#2747,#2748);
#2332=AXIS2_PLACEMENT_3D('',#3413,#2749,#2750);
#2333=AXIS2_PLACEMENT_3D('',#3414,#2751,#2752);
#2334=AXIS2_PLACEMENT_3D('',#3417,#2753,#2754);
#2335=AXIS2_PLACEMENT_3D('',#3418,#2755,#2756);
#2336=AXIS2_PLACEMENT_3D('',#3421,#2758,#2759);
#2337=AXIS2_PLACEMENT_3D('',#3424,#2761,#2762);
#2338=AXIS2_PLACEMENT_3D('',#3428,#2764,#2765);
#2339=AXIS2_PLACEMENT_3D('',#3432,#2767,#2768);
#2340=AXIS2_PLACEMENT_3D('',#3433,#2769,#2770);
#2341=AXIS2_PLACEMENT_3D('',#3434,#2771,#2772);
#2342=AXIS2_PLACEMENT_3D('',#3435,#2773,#2774);
#2343=AXIS2_PLACEMENT_3D('',#3438,#2775,#2776);
#2344=AXIS2_PLACEMENT_3D('',#3439,#2777,#2778);
#2345=AXIS2_PLACEMENT_3D('',#3442,#2780,#2781);
#2346=AXIS2_PLACEMENT_3D('',#3445,#2783,#2784);
#2347=AXIS2_PLACEMENT_3D('',#3446,#2785,#2786);
#2348=AXIS2_PLACEMENT_3D('',#3451,#2788,#2789);
#2349=AXIS2_PLACEMENT_3D('',#3454,#2791,#2792);
#2350=AXIS2_PLACEMENT_3D('',#3462,#2797,#2798);
#2351=AXIS2_PLACEMENT_3D('',#3463,#2799,#2800);
#2352=AXIS2_PLACEMENT_3D('',#3467,#2803,#2804);
#2353=AXIS2_PLACEMENT_3D('',#3471,#2807,#2808);
#2354=AXIS2_PLACEMENT_3D('',#3472,#2809,#2810);
#2355=AXIS2_PLACEMENT_3D('',#3477,#2812,#2813);
#2356=AXIS2_PLACEMENT_3D('',#3480,#2815,#2816);
#2357=AXIS2_PLACEMENT_3D('',#3488,#2821,#2822);
#2358=AXIS2_PLACEMENT_3D('',#3489,#2823,#2824);
#2359=AXIS2_PLACEMENT_3D('',#3493,#2827,#2828);
#2360=AXIS2_PLACEMENT_3D('',#3497,#2831,#2832);
#2361=AXIS2_PLACEMENT_3D('',#3498,#2833,#2834);
#2362=AXIS2_PLACEMENT_3D('',#3503,#2836,#2837);
#2363=AXIS2_PLACEMENT_3D('',#3506,#2839,#2840);
#2364=AXIS2_PLACEMENT_3D('',#3507,#2841,#2842);
#2365=AXIS2_PLACEMENT_3D('',#3512,#2844,#2845);
#2366=AXIS2_PLACEMENT_3D('',#3515,#2847,#2848);
#2367=AXIS2_PLACEMENT_3D('',#3516,#2849,#2850);
#2368=AXIS2_PLACEMENT_3D('',#3521,#2852,#2853);
#2369=AXIS2_PLACEMENT_3D('',#3524,#2855,#2856);
#2370=AXIS2_PLACEMENT_3D('',#3525,#2857,#2858);
#2371=AXIS2_PLACEMENT_3D('',#3530,#2860,#2861);
#2372=AXIS2_PLACEMENT_3D('',#3533,#2863,#2864);
#2373=AXIS2_PLACEMENT_3D('',#3536,#2867,#2868);
#2374=AXIS2_PLACEMENT_3D('',#3539,#2871,#2872);
#2375=AXIS2_PLACEMENT_3D('',#3542,#2875,#2876);
#2376=AXIS2_PLACEMENT_3D('',#3545,#2879,#2880);
#2377=AXIS2_PLACEMENT_3D('',#3546,#2881,#2882);
#2378=AXIS2_PLACEMENT_3D('',#3551,#2884,#2885);
#2379=AXIS2_PLACEMENT_3D('',#3554,#2887,#2888);
#2380=AXIS2_PLACEMENT_3D('',#3555,#2889,#2890);
#2381=AXIS2_PLACEMENT_3D('',#3560,#2892,#2893);
#2382=AXIS2_PLACEMENT_3D('',#3563,#2895,#2896);
#2383=AXIS2_PLACEMENT_3D('',#3572,#2901,#2902);
#2384=AXIS2_PLACEMENT_3D('',#3575,#2904,#2905);
#2385=AXIS2_PLACEMENT_3D('',#3581,#2909,#2910);
#2386=AXIS2_PLACEMENT_3D('',#3582,#2911,#2912);
#2387=AXIS2_PLACEMENT_3D('',#3585,#2914,#2915);
#2388=AXIS2_PLACEMENT_3D('',#3587,#2917,#2918);
#2389=AXIS2_PLACEMENT_3D('',#3593,#2921,#2922);
#2390=AXIS2_PLACEMENT_3D('',#3599,#2926,#2927);
#2391=AXIS2_PLACEMENT_3D('',#3603,#2930,#2931);
#2392=AXIS2_PLACEMENT_3D('',#3604,#2932,#2933);
#2393=AXIS2_PLACEMENT_3D('',#3607,#2935,#2936);
#2394=AXIS2_PLACEMENT_3D('',#3611,#2939,#2940);
#2395=AXIS2_PLACEMENT_3D('',#3612,#2941,#2942);
#2396=AXIS2_PLACEMENT_3D('',#3617,#2944,#2945);
#2397=AXIS2_PLACEMENT_3D('',#3620,#2947,#2948);
#2398=AXIS2_PLACEMENT_3D('',#3621,#2949,#2950);
#2399=AXIS2_PLACEMENT_3D('',#3626,#2952,#2953);
#2400=AXIS2_PLACEMENT_3D('',#3629,#2955,#2956);
#2401=AXIS2_PLACEMENT_3D('',#3636,#2961,#2962);
#2402=AXIS2_PLACEMENT_3D('',#3640,#2965,#2966);
#2403=AXIS2_PLACEMENT_3D('',#3642,#2968,#2969);
#2404=AXIS2_PLACEMENT_3D('',#3646,#2972,#2973);
#2405=AXIS2_PLACEMENT_3D('',#3647,#2974,#2975);
#2406=AXIS2_PLACEMENT_3D('',#3652,#2977,#2978);
#2407=AXIS2_PLACEMENT_3D('',#3655,#2980,#2981);
#2408=AXIS2_PLACEMENT_3D('',#3656,#2982,#2983);
#2409=AXIS2_PLACEMENT_3D('',#3661,#2985,#2986);
#2410=AXIS2_PLACEMENT_3D('',#3664,#2988,#2989);
#2411=AXIS2_PLACEMENT_3D('',#3672,#2994,#2995);
#2412=AXIS2_PLACEMENT_3D('',#3673,#2996,#2997);
#2413=AXIS2_PLACEMENT_3D('',#3674,#2998,#2999);
#2414=AXIS2_PLACEMENT_3D('',#3675,#3000,#3001);
#2415=AXIS2_PLACEMENT_3D('',#3679,#3004,#3005);
#2416=AXIS2_PLACEMENT_3D('',#3683,#3008,#3009);
#2417=AXIS2_PLACEMENT_3D('',#3691,#3014,#3015);
#2418=AXIS2_PLACEMENT_3D('',#3692,#3016,#3017);
#2419=AXIS2_PLACEMENT_3D('',#3693,#3018,#3019);
#2420=AXIS2_PLACEMENT_3D('',#3694,#3020,#3021);
#2421=AXIS2_PLACEMENT_3D('',#3698,#3024,#3025);
#2422=AXIS2_PLACEMENT_3D('',#3702,#3028,#3029);
#2423=AXIS2_PLACEMENT_3D('',#3706,#3033,#3034);
#2424=AXIS2_PLACEMENT_3D('',#3707,#3035,#3036);
#2425=AXIS2_PLACEMENT_3D('',#3708,#3037,#3038);
#2426=AXIS2_PLACEMENT_3D('',#3709,#3039,#3040);
#2427=AXIS2_PLACEMENT_3D('',#3710,#3041,#3042);
#2428=AXIS2_PLACEMENT_3D('',#3711,#3043,#3044);
#2429=AXIS2_PLACEMENT_3D('',#3712,#3045,#3046);
#2430=AXIS2_PLACEMENT_3D('',#3713,#3047,#3048);
#2431=AXIS2_PLACEMENT_3D('',#3714,#3049,#3050);
#2432=AXIS2_PLACEMENT_3D('',#3720,#3056,#3057);
#2433=AXIS2_PLACEMENT_3D('',#3724,#3061,#3062);
#2434=AXIS2_PLACEMENT_3D('',#3727,#3065,#3066);
#2435=AXIS2_PLACEMENT_3D('',#3729,#3068,#3069);
#2436=AXIS2_PLACEMENT_3D('',#3731,#3071,#3072);
#2437=AXIS2_PLACEMENT_3D('',#3733,#3074,#3075);
#2438=AXIS2_PLACEMENT_3D('',#3734,#3076,#3077);
#2439=AXIS2_PLACEMENT_3D('',#3735,#3078,#3079);
#2440=AXIS2_PLACEMENT_3D('',#3736,#3080,#3081);
#2441=AXIS2_PLACEMENT_3D('',#3737,#3082,#3083);
#2442=AXIS2_PLACEMENT_3D('',#3738,#3084,#3085);
#2443=AXIS2_PLACEMENT_3D('',#3739,#3086,#3087);
#2444=AXIS2_PLACEMENT_3D('',#3740,#3088,#3089);
#2445=AXIS2_PLACEMENT_3D('',#3741,#3090,#3091);
#2446=AXIS2_PLACEMENT_3D('',#3742,#3092,#3093);
#2447=AXIS2_PLACEMENT_3D('',#3743,#3094,#3095);
#2448=AXIS2_PLACEMENT_3D('',#3744,#3096,#3097);
#2449=DIRECTION('',(0.,0.,1.));
#2450=DIRECTION('',(1.,0.,0.));
#2451=DIRECTION('',(0.,-1.,0.));
#2452=DIRECTION('',(0.,0.,-1.));
#2453=DIRECTION('',(0.,1.,0.));
#2454=DIRECTION('',(0.,1.,0.));
#2455=DIRECTION('',(0.,0.,1.));
#2456=DIRECTION('',(0.,-1.,0.));
#2457=DIRECTION('',(0.,1.,0.));
#2458=DIRECTION('',(0.,0.,1.));
#2459=DIRECTION('',(0.,-1.,0.));
#2460=DIRECTION('',(0.,0.,-1.));
#2461=DIRECTION('',(0.,1.,0.));
#2462=DIRECTION('',(0.,1.,0.));
#2463=DIRECTION('',(0.,0.,1.));
#2464=DIRECTION('',(0.,-1.,0.));
#2465=DIRECTION('',(0.,1.,0.));
#2466=DIRECTION('',(0.,0.,1.));
#2467=DIRECTION('',(0.,1.,0.));
#2468=DIRECTION('',(0.,0.,-1.));
#2469=DIRECTION('',(0.,1.,0.));
#2470=DIRECTION('',(0.,-1.,0.));
#2471=DIRECTION('',(2.60208521396521E-15,0.,1.));
#2472=DIRECTION('',(0.,-1.,0.));
#2473=DIRECTION('',(0.,-1.,0.));
#2474=DIRECTION('',(0.,0.,-1.));
#2475=DIRECTION('',(0.,1.,0.));
#2476=DIRECTION('',(-1.73472347597681E-15,0.,-1.));
#2477=DIRECTION('',(0.,1.,0.));
#2478=DIRECTION('',(0.,-1.,0.));
#2479=DIRECTION('',(0.,0.,1.));
#2480=DIRECTION('',(0.,-1.,0.));
#2481=DIRECTION('',(0.,-1.,0.));
#2482=DIRECTION('',(0.,0.,-1.));
#2483=DIRECTION('',(0.,-1.,0.));
#2484=DIRECTION('',(0.,0.,-1.));
#2485=DIRECTION('',(0.,-1.,0.));
#2486=DIRECTION('',(0.,1.,0.));
#2487=DIRECTION('',(0.,0.,1.));
#2488=DIRECTION('',(0.,-1.,0.));
#2489=DIRECTION('',(0.,-1.,0.));
#2490=DIRECTION('',(0.,0.,-1.));
#2491=DIRECTION('',(0.,-1.,0.));
#2492=DIRECTION('',(0.,0.,-1.));
#2493=DIRECTION('',(0.,1.,0.));
#2494=DIRECTION('',(0.,1.,0.));
#2495=DIRECTION('',(0.,0.,1.));
#2496=DIRECTION('',(0.,-1.,0.));
#2497=DIRECTION('',(0.,0.,-1.));
#2498=DIRECTION('',(1.,0.,1.15648231731787E-16));
#2499=DIRECTION('',(0.707106781186546,0.,-0.707106781186549));
#2500=DIRECTION('',(1.,0.,0.));
#2501=DIRECTION('',(-1.73472347597681E-16,0.,1.));
#2502=DIRECTION('',(-1.,0.,-2.31296463463574E-16));
#2503=DIRECTION('',(-0.707106781186546,0.,-0.707106781186549));
#2504=DIRECTION('',(-1.,0.,0.));
#2505=DIRECTION('',(0.,-1.,0.));
#2506=DIRECTION('',(0.,0.,-1.));
#2507=DIRECTION('',(-1.,0.,-2.31296463463574E-16));
#2508=DIRECTION('',(0.,-1.,0.));
#2509=DIRECTION('',(-2.31296463463574E-16,0.,1.));
#2510=DIRECTION('',(1.,0.,2.28983498828939E-16));
#2511=DIRECTION('',(-0.707106781186546,0.,-0.707106781186549));
#2512=DIRECTION('',(-0.707106781186549,0.,0.707106781186546));
#2513=DIRECTION('',(0.707106781186546,0.,0.707106781186549));
#2514=DIRECTION('',(-1.,0.,0.));
#2515=DIRECTION('',(0.,0.,1.));
#2516=DIRECTION('',(1.,0.,0.));
#2517=DIRECTION('',(1.,0.,1.15648231731787E-16));
#2518=DIRECTION('',(1.15648231731787E-16,0.,-1.));
#2519=DIRECTION('',(-1.,0.,-1.14491749414469E-16));
#2520=DIRECTION('',(0.707106781186546,0.,-0.707106781186549));
#2521=DIRECTION('',(-0.707106781186549,0.,-0.707106781186546));
#2522=DIRECTION('',(-0.707106781186546,0.,0.707106781186549));
#2523=DIRECTION('',(1.,0.,0.));
#2524=DIRECTION('',(0.,-1.,0.));
#2525=DIRECTION('',(0.,0.,-1.));
#2526=DIRECTION('',(-1.,0.,0.));
#2527=DIRECTION('',(0.,0.,-1.));
#2528=DIRECTION('',(1.,0.,0.));
#2529=DIRECTION('',(0.,0.,1.));
#2530=DIRECTION('',(0.,0.,1.));
#2531=DIRECTION('',(1.,0.,0.));
#2532=DIRECTION('',(0.,0.,-1.));
#2533=DIRECTION('',(0.,0.,1.));
#2534=DIRECTION('',(1.,0.,0.));
#2535=DIRECTION('',(0.,0.,-1.));
#2536=DIRECTION('',(1.,0.,0.));
#2537=DIRECTION('',(0.,0.,1.));
#2538=DIRECTION('',(0.,0.,1.));
#2539=DIRECTION('',(1.,0.,0.));
#2540=DIRECTION('',(0.,0.,-1.));
#2541=DIRECTION('',(0.,0.,1.));
#2542=DIRECTION('',(1.,0.,0.));
#2543=DIRECTION('',(0.,0.,1.));
#2544=DIRECTION('',(1.,0.,0.));
#2545=DIRECTION('',(0.,0.,1.));
#2546=DIRECTION('',(0.,0.,-1.));
#2547=DIRECTION('',(1.,1.15648231731787E-15,0.));
#2548=DIRECTION('',(0.,0.,-1.));
#2549=DIRECTION('',(0.,0.,-1.));
#2550=DIRECTION('',(-1.,0.,0.));
#2551=DIRECTION('',(0.,0.,-1.));
#2552=DIRECTION('',(1.,2.31296463463574E-15,0.));
#2553=DIRECTION('',(0.,0.,1.));
#2554=DIRECTION('',(0.,0.,1.));
#2555=DIRECTION('',(1.,0.,0.));
#2556=DIRECTION('',(0.,0.,-1.));
#2557=DIRECTION('',(0.,0.,1.));
#2558=DIRECTION('',(1.,0.,0.));
#2559=DIRECTION('',(0.,0.,1.));
#2560=DIRECTION('',(1.,0.,0.));
#2561=DIRECTION('',(0.,0.,1.));
#2562=DIRECTION('',(0.,0.,-1.));
#2563=DIRECTION('',(1.,0.,0.));
#2564=DIRECTION('',(0.,0.,-1.));
#2565=DIRECTION('',(0.,0.,-1.));
#2566=DIRECTION('',(-1.,0.,0.));
#2567=DIRECTION('',(0.,0.,1.));
#2568=DIRECTION('',(1.,0.,0.));
#2569=DIRECTION('',(0.,0.,1.));
#2570=DIRECTION('',(0.,0.,-1.));
#2571=DIRECTION('',(1.,0.,0.));
#2572=DIRECTION('',(0.,0.,-1.));
#2573=DIRECTION('',(0.,0.,-1.));
#2574=DIRECTION('',(-1.,0.,0.));
#2575=DIRECTION('',(-1.,0.,0.));
#2576=DIRECTION('',(-1.38777878078145E-16,1.,0.));
#2577=DIRECTION('',(-1.,3.30423519233678E-17,0.));
#2578=DIRECTION('',(0.,1.,0.));
#2579=DIRECTION('',(1.,0.,0.));
#2580=DIRECTION('',(0.,-1.,0.));
#2581=DIRECTION('',(-1.,0.,0.));
#2582=DIRECTION('',(1.15648231731787E-16,-1.,0.));
#2583=DIRECTION('',(-1.,0.,0.));
#2584=DIRECTION('',(0.,1.,0.));
#2585=DIRECTION('',(0.,0.,1.));
#2586=DIRECTION('',(-1.,0.,0.));
#2587=DIRECTION('',(-1.,0.,0.));
#2588=DIRECTION('',(0.,0.,-1.));
#2589=DIRECTION('',(0.,-1.,0.));
#2590=DIRECTION('',(0.,0.,-1.));
#2591=DIRECTION('',(1.15648231731787E-16,-1.,0.));
#2592=DIRECTION('',(1.,1.15648231731787E-16,0.));
#2593=DIRECTION('',(-1.14491749414469E-16,1.,0.));
#2594=DIRECTION('',(-1.,0.,0.));
#2595=DIRECTION('',(0.,-1.,0.));
#2596=DIRECTION('',(0.,0.,-1.));
#2597=DIRECTION('',(0.,1.,0.));
#2598=DIRECTION('',(-1.,0.,0.));
#2599=DIRECTION('',(0.,0.,1.));
#2600=DIRECTION('',(-1.,0.,0.));
#2601=DIRECTION('',(0.,-1.,0.));
#2602=DIRECTION('',(0.,0.,-1.));
#2603=DIRECTION('',(-1.38777878078145E-16,1.,0.));
#2604=DIRECTION('',(-1.,-1.38777878078145E-16,0.));
#2605=DIRECTION('',(1.38777878078145E-16,-1.,0.));
#2606=DIRECTION('',(-1.,3.30423519233678E-17,0.));
#2607=DIRECTION('',(0.,0.,-1.));
#2608=DIRECTION('',(-3.30423519233678E-17,-1.,0.));
#2609=DIRECTION('',(1.,-3.46944695195361E-17,0.));
#2610=DIRECTION('',(0.,0.,1.));
#2611=DIRECTION('',(-1.,2.31296463463574E-15,0.));
#2612=DIRECTION('',(0.,0.,-1.));
#2613=DIRECTION('',(0.,0.,-1.));
#2614=DIRECTION('',(-1.,0.,0.));
#2615=DIRECTION('',(0.,0.,1.));
#2616=DIRECTION('',(0.,0.,-1.));
#2617=DIRECTION('',(-1.,0.,0.));
#2618=DIRECTION('',(0.,0.,1.));
#2619=DIRECTION('',(-1.,0.,0.));
#2620=DIRECTION('',(0.,0.,-1.));
#2621=DIRECTION('',(0.,0.,-1.));
#2622=DIRECTION('',(-1.,0.,0.));
#2623=DIRECTION('',(0.,0.,1.));
#2624=DIRECTION('',(0.,0.,-1.));
#2625=DIRECTION('',(-1.,0.,0.));
#2626=DIRECTION('',(0.,0.,-1.));
#2627=DIRECTION('',(-1.,0.,0.));
#2628=DIRECTION('',(0.,0.,-1.));
#2629=DIRECTION('',(0.,0.,1.));
#2630=DIRECTION('',(-1.,0.,0.));
#2631=DIRECTION('',(0.,0.,1.));
#2632=DIRECTION('',(0.,0.,1.));
#2633=DIRECTION('',(1.,0.,0.));
#2634=DIRECTION('',(0.,0.,1.));
#2635=DIRECTION('',(-1.,0.,0.));
#2636=DIRECTION('',(0.,0.,-1.));
#2637=DIRECTION('',(0.,0.,-1.));
#2638=DIRECTION('',(-1.,0.,0.));
#2639=DIRECTION('',(0.,0.,1.));
#2640=DIRECTION('',(0.,0.,-1.));
#2641=DIRECTION('',(-1.,0.,0.));
#2642=DIRECTION('',(0.,0.,-1.));
#2643=DIRECTION('',(-1.,0.,0.));
#2644=DIRECTION('',(0.,0.,-1.));
#2645=DIRECTION('',(0.,0.,1.));
#2646=DIRECTION('',(-1.,0.,0.));
#2647=DIRECTION('',(0.,0.,1.));
#2648=DIRECTION('',(0.,0.,1.));
#2649=DIRECTION('',(1.,0.,0.));
#2650=DIRECTION('',(0.,0.,-1.));
#2651=DIRECTION('',(-1.,0.,0.));
#2652=DIRECTION('',(0.,0.,-1.));
#2653=DIRECTION('',(0.,0.,1.));
#2654=DIRECTION('',(-1.,0.,0.));
#2655=DIRECTION('',(0.,0.,1.));
#2656=DIRECTION('',(0.,0.,1.));
#2657=DIRECTION('',(1.,0.,0.));
#2658=DIRECTION('',(-1.38777878078145E-16,1.,0.));
#2659=DIRECTION('',(-1.,0.,0.));
#2660=DIRECTION('',(0.,1.,0.));
#2661=DIRECTION('',(-1.,0.,0.));
#2662=DIRECTION('',(1.15648231731787E-16,-1.,0.));
#2663=DIRECTION('',(-1.,0.,0.));
#2664=DIRECTION('',(0.,-1.,0.));
#2665=DIRECTION('',(1.,0.,0.));
#2666=DIRECTION('',(0.,1.,0.));
#2667=DIRECTION('',(-1.,3.30423519233678E-17,0.));
#2668=DIRECTION('',(0.,0.,-1.));
#2669=DIRECTION('',(-1.,0.,0.));
#2670=DIRECTION('',(-1.,3.30423519233678E-17,0.));
#2671=DIRECTION('',(0.,0.,1.));
#2672=DIRECTION('',(3.30423519233678E-17,1.,0.));
#2673=DIRECTION('',(-1.,3.46944695195361E-17,0.));
#2674=DIRECTION('',(-1.38777878078145E-16,1.,0.));
#2675=DIRECTION('',(1.,1.38777878078145E-16,0.));
#2676=DIRECTION('',(-1.38777878078145E-16,1.,0.));
#2677=DIRECTION('',(-1.,0.,0.));
#2678=DIRECTION('',(0.,1.,0.));
#2679=DIRECTION('',(0.,0.,1.));
#2680=DIRECTION('',(0.,1.,0.));
#2681=DIRECTION('',(1.,0.,0.));
#2682=DIRECTION('',(0.,0.,-1.));
#2683=DIRECTION('',(-1.,0.,0.));
#2684=DIRECTION('',(0.,1.,0.));
#2685=DIRECTION('',(0.,0.,1.));
#2686=DIRECTION('',(1.15648231731787E-16,-1.,0.));
#2687=DIRECTION('',(-1.,-1.15648231731787E-16,0.));
#2688=DIRECTION('',(1.14491749414469E-16,-1.,0.));
#2689=DIRECTION('',(-1.,0.,0.));
#2690=DIRECTION('',(0.,0.,1.));
#2691=DIRECTION('',(0.,1.,0.));
#2692=DIRECTION('',(0.,0.,1.));
#2693=DIRECTION('',(0.,-1.,0.));
#2694=DIRECTION('',(0.,1.,0.));
#2695=DIRECTION('',(0.,0.,1.));
#2696=DIRECTION('',(0.,-1.,0.));
#2697=DIRECTION('',(0.,1.,0.));
#2698=DIRECTION('',(0.,0.,1.));
#2699=DIRECTION('',(0.,1.,0.));
#2700=DIRECTION('',(0.,0.,1.));
#2701=DIRECTION('',(0.,-1.,0.));
#2702=DIRECTION('',(0.,1.,0.));
#2703=DIRECTION('',(0.,0.,1.));
#2704=DIRECTION('',(0.,-1.,0.));
#2705=DIRECTION('',(0.,1.,0.));
#2706=DIRECTION('',(0.,0.,1.));
#2707=DIRECTION('',(0.,1.,0.));
#2708=DIRECTION('',(0.,0.,1.));
#2709=DIRECTION('',(0.,-1.,0.));
#2710=DIRECTION('',(0.,1.,0.));
#2711=DIRECTION('',(0.,0.,1.));
#2712=DIRECTION('',(0.,-1.,0.));
#2713=DIRECTION('',(0.,1.,0.));
#2714=DIRECTION('',(0.,0.,1.));
#2715=DIRECTION('',(0.,1.,0.));
#2716=DIRECTION('',(0.,0.,1.));
#2717=DIRECTION('',(0.,-1.,0.));
#2718=DIRECTION('',(0.,1.,0.));
#2719=DIRECTION('',(0.,0.,1.));
#2720=DIRECTION('',(0.,-1.,0.));
#2721=DIRECTION('',(0.,1.,0.));
#2722=DIRECTION('',(0.,0.,1.));
#2723=DIRECTION('',(0.,1.,0.));
#2724=DIRECTION('',(0.,0.,1.));
#2725=DIRECTION('',(0.,-1.,0.));
#2726=DIRECTION('',(0.,1.,0.));
#2727=DIRECTION('',(0.,0.,1.));
#2728=DIRECTION('',(0.,-1.,0.));
#2729=DIRECTION('',(0.,1.,0.));
#2730=DIRECTION('',(0.,0.,1.));
#2731=DIRECTION('',(0.,1.,0.));
#2732=DIRECTION('',(0.,0.,1.));
#2733=DIRECTION('',(0.,-1.,0.));
#2734=DIRECTION('',(0.,1.,0.));
#2735=DIRECTION('',(0.,0.,1.));
#2736=DIRECTION('',(0.,-1.,0.));
#2737=DIRECTION('',(0.,1.,0.));
#2738=DIRECTION('',(0.,0.,1.));
#2739=DIRECTION('',(0.,1.,0.));
#2740=DIRECTION('',(0.,0.,1.));
#2741=DIRECTION('',(0.,-1.,0.));
#2742=DIRECTION('',(0.,1.,0.));
#2743=DIRECTION('',(0.,0.,1.));
#2744=DIRECTION('',(0.,-1.,0.));
#2745=DIRECTION('',(0.,1.,0.));
#2746=DIRECTION('',(0.,0.,1.));
#2747=DIRECTION('',(0.,1.,0.));
#2748=DIRECTION('',(0.,0.,1.));
#2749=DIRECTION('',(0.,1.,0.));
#2750=DIRECTION('',(0.,0.,1.));
#2751=DIRECTION('',(0.,1.,0.));
#2752=DIRECTION('',(0.,0.,1.));
#2753=DIRECTION('',(0.,1.,0.));
#2754=DIRECTION('',(0.,0.,1.));
#2755=DIRECTION('',(0.,-1.,0.));
#2756=DIRECTION('',(0.,0.,-1.));
#2757=DIRECTION('',(0.,-1.,0.));
#2758=DIRECTION('',(0.,1.,0.));
#2759=DIRECTION('',(0.,0.,1.));
#2760=DIRECTION('',(0.,-1.,0.));
#2761=DIRECTION('',(0.,1.,0.));
#2762=DIRECTION('',(0.,0.,1.));
#2763=DIRECTION('',(0.,-1.,0.));
#2764=DIRECTION('',(0.,1.,0.));
#2765=DIRECTION('',(0.,0.,1.));
#2766=DIRECTION('',(0.,-1.,0.));
#2767=DIRECTION('',(0.,1.,0.));
#2768=DIRECTION('',(0.,0.,1.));
#2769=DIRECTION('',(0.,1.,0.));
#2770=DIRECTION('',(0.,0.,1.));
#2771=DIRECTION('',(0.,1.,0.));
#2772=DIRECTION('',(0.,0.,1.));
#2773=DIRECTION('',(0.,1.,0.));
#2774=DIRECTION('',(0.,0.,1.));
#2775=DIRECTION('',(0.,1.,0.));
#2776=DIRECTION('',(0.,0.,1.));
#2777=DIRECTION('',(0.,-1.,0.));
#2778=DIRECTION('',(0.,0.,-1.));
#2779=DIRECTION('',(0.,-1.,0.));
#2780=DIRECTION('',(0.,1.,0.));
#2781=DIRECTION('',(0.,0.,1.));
#2782=DIRECTION('',(0.,-1.,0.));
#2783=DIRECTION('',(0.,1.,0.));
#2784=DIRECTION('',(0.,0.,1.));
#2785=DIRECTION('',(0.,1.,0.));
#2786=DIRECTION('',(0.,0.,1.));
#2787=DIRECTION('',(0.,1.,0.));
#2788=DIRECTION('',(0.,-1.,0.));
#2789=DIRECTION('',(0.,0.,1.));
#2790=DIRECTION('',(0.,-1.,0.));
#2791=DIRECTION('',(0.,-1.,0.));
#2792=DIRECTION('',(0.,0.,-1.));
#2793=DIRECTION('',(0.,0.,1.));
#2794=DIRECTION('',(1.,0.,0.));
#2795=DIRECTION('',(0.,0.,-1.));
#2796=DIRECTION('',(-1.,0.,0.));
#2797=DIRECTION('',(0.,1.,0.));
#2798=DIRECTION('',(0.,0.,1.));
#2799=DIRECTION('',(0.,1.,0.));
#2800=DIRECTION('',(0.,0.,-1.));
#2801=DIRECTION('',(1.,0.,0.));
#2802=DIRECTION('',(0.,-1.,0.));
#2803=DIRECTION('',(0.,0.,-1.));
#2804=DIRECTION('',(-1.,0.,0.));
#2805=DIRECTION('',(0.,0.,1.));
#2806=DIRECTION('',(0.,-1.,0.));
#2807=DIRECTION('',(1.,0.,0.));
#2808=DIRECTION('',(0.,0.,-1.));
#2809=DIRECTION('',(0.,1.,0.));
#2810=DIRECTION('',(0.,0.,1.));
#2811=DIRECTION('',(0.,1.,0.));
#2812=DIRECTION('',(0.,-1.,0.));
#2813=DIRECTION('',(0.,0.,1.));
#2814=DIRECTION('',(0.,-1.,0.));
#2815=DIRECTION('',(0.,-1.,0.));
#2816=DIRECTION('',(0.,0.,-1.));
#2817=DIRECTION('',(1.,0.,0.));
#2818=DIRECTION('',(0.,0.,-1.));
#2819=DIRECTION('',(-1.,0.,0.));
#2820=DIRECTION('',(0.,0.,1.));
#2821=DIRECTION('',(0.,1.,0.));
#2822=DIRECTION('',(0.,0.,1.));
#2823=DIRECTION('',(0.,1.,0.));
#2824=DIRECTION('',(0.,0.,1.));
#2825=DIRECTION('',(0.,0.,-1.));
#2826=DIRECTION('',(0.,-1.,0.));
#2827=DIRECTION('',(-1.,0.,0.));
#2828=DIRECTION('',(0.,0.,1.));
#2829=DIRECTION('',(1.,0.,0.));
#2830=DIRECTION('',(0.,-1.,0.));
#2831=DIRECTION('',(0.,0.,-1.));
#2832=DIRECTION('',(-1.,0.,0.));
#2833=DIRECTION('',(0.,1.,0.));
#2834=DIRECTION('',(0.,0.,1.));
#2835=DIRECTION('',(0.,-1.,0.));
#2836=DIRECTION('',(0.,-1.,0.));
#2837=DIRECTION('',(0.,0.,-1.));
#2838=DIRECTION('',(0.,1.,0.));
#2839=DIRECTION('',(0.,-1.,0.));
#2840=DIRECTION('',(0.,0.,-1.));
#2841=DIRECTION('',(0.,1.,0.));
#2842=DIRECTION('',(0.,0.,1.));
#2843=DIRECTION('',(0.,-1.,0.));
#2844=DIRECTION('',(0.,-1.,0.));
#2845=DIRECTION('',(0.,0.,-1.));
#2846=DIRECTION('',(0.,1.,0.));
#2847=DIRECTION('',(0.,-1.,0.));
#2848=DIRECTION('',(0.,0.,-1.));
#2849=DIRECTION('',(0.,1.,0.));
#2850=DIRECTION('',(0.,0.,1.));
#2851=DIRECTION('',(0.,-1.,0.));
#2852=DIRECTION('',(0.,-1.,0.));
#2853=DIRECTION('',(0.,0.,-1.));
#2854=DIRECTION('',(0.,1.,0.));
#2855=DIRECTION('',(0.,-1.,0.));
#2856=DIRECTION('',(0.,0.,-1.));
#2857=DIRECTION('',(0.,1.,0.));
#2858=DIRECTION('',(0.,0.,1.));
#2859=DIRECTION('',(0.,-1.,0.));
#2860=DIRECTION('',(0.,-1.,0.));
#2861=DIRECTION('',(0.,0.,-1.));
#2862=DIRECTION('',(0.,1.,0.));
#2863=DIRECTION('',(0.,-1.,0.));
#2864=DIRECTION('',(0.,0.,-1.));
#2865=DIRECTION('',(-1.,0.,0.));
#2866=DIRECTION('',(-1.,0.,0.));
#2867=DIRECTION('',(0.,0.,-1.));
#2868=DIRECTION('',(-1.,0.,0.));
#2869=DIRECTION('',(0.,0.,1.));
#2870=DIRECTION('',(0.,0.,1.));
#2871=DIRECTION('',(-1.,0.,0.));
#2872=DIRECTION('',(0.,0.,1.));
#2873=DIRECTION('',(1.,0.,0.));
#2874=DIRECTION('',(1.,0.,0.));
#2875=DIRECTION('',(0.,0.,1.));
#2876=DIRECTION('',(1.,0.,0.));
#2877=DIRECTION('',(0.,0.,-1.));
#2878=DIRECTION('',(0.,0.,-1.));
#2879=DIRECTION('',(1.,0.,0.));
#2880=DIRECTION('',(0.,0.,-1.));
#2881=DIRECTION('',(0.,-1.,0.));
#2882=DIRECTION('',(0.,0.,1.));
#2883=DIRECTION('',(0.,-1.,0.));
#2884=DIRECTION('',(0.,1.,0.));
#2885=DIRECTION('',(0.,0.,-1.));
#2886=DIRECTION('',(0.,-1.,0.));
#2887=DIRECTION('',(0.,1.,0.));
#2888=DIRECTION('',(0.,0.,1.));
#2889=DIRECTION('',(0.,-1.,0.));
#2890=DIRECTION('',(0.,0.,1.));
#2891=DIRECTION('',(0.,1.,0.));
#2892=DIRECTION('',(0.,1.,0.));
#2893=DIRECTION('',(0.,0.,-1.));
#2894=DIRECTION('',(0.,-1.,0.));
#2895=DIRECTION('',(0.,-1.,0.));
#2896=DIRECTION('',(0.,0.,-1.));
#2897=DIRECTION('',(0.,0.,-1.));
#2898=DIRECTION('',(-1.,0.,0.));
#2899=DIRECTION('',(0.,0.,1.));
#2900=DIRECTION('',(0.,0.,-1.));
#2901=DIRECTION('',(0.,1.,0.));
#2902=DIRECTION('',(0.,0.,-1.));
#2903=DIRECTION('',(1.,0.,2.1350442781253E-16));
#2904=DIRECTION('',(0.,1.,0.));
#2905=DIRECTION('',(0.,0.,-1.));
#2906=DIRECTION('',(1.,0.,2.1350442781253E-16));
#2907=DIRECTION('',(0.,-1.,0.));
#2908=DIRECTION('',(0.,-1.,0.));
#2909=DIRECTION('',(2.1350442781253E-16,0.,-1.));
#2910=DIRECTION('',(-1.,0.,-2.15105711021124E-16));
#2911=DIRECTION('',(0.,1.,0.));
#2912=DIRECTION('',(0.,0.,-1.));
#2913=DIRECTION('',(0.,-1.,0.));
#2914=DIRECTION('',(0.,-1.,0.));
#2915=DIRECTION('',(0.,0.,-1.));
#2916=DIRECTION('',(0.,0.,-1.));
#2917=DIRECTION('',(-1.,0.,0.));
#2918=DIRECTION('',(0.,0.,1.));
#2919=DIRECTION('',(0.,0.,1.));
#2920=DIRECTION('',(1.,0.,-2.1350442781253E-16));
#2921=DIRECTION('',(0.,-1.,0.));
#2922=DIRECTION('',(0.,0.,1.));
#2923=DIRECTION('',(0.,0.,1.));
#2924=DIRECTION('',(0.,0.,-1.));
#2925=DIRECTION('',(-1.,0.,0.));
#2926=DIRECTION('',(0.,1.,0.));
#2927=DIRECTION('',(0.,0.,1.));
#2928=DIRECTION('',(0.,0.,1.));
#2929=DIRECTION('',(0.,-1.,0.));
#2930=DIRECTION('',(1.,0.,0.));
#2931=DIRECTION('',(0.,0.,-1.));
#2932=DIRECTION('',(0.,-1.,0.));
#2933=DIRECTION('',(0.,0.,1.));
#2934=DIRECTION('',(0.,-1.,0.));
#2935=DIRECTION('',(0.,-1.,0.));
#2936=DIRECTION('',(0.,0.,-1.));
#2937=DIRECTION('',(1.,0.,-2.1350442781253E-16));
#2938=DIRECTION('',(0.,-1.,0.));
#2939=DIRECTION('',(-2.1350442781253E-16,0.,-1.));
#2940=DIRECTION('',(-1.,0.,2.15105711021124E-16));
#2941=DIRECTION('',(0.,1.,0.));
#2942=DIRECTION('',(0.,0.,1.));
#2943=DIRECTION('',(0.,-1.,0.));
#2944=DIRECTION('',(0.,-1.,0.));
#2945=DIRECTION('',(0.,0.,1.));
#2946=DIRECTION('',(0.,1.,0.));
#2947=DIRECTION('',(0.,-1.,0.));
#2948=DIRECTION('',(0.,0.,-1.));
#2949=DIRECTION('',(0.,1.,0.));
#2950=DIRECTION('',(0.,0.,1.));
#2951=DIRECTION('',(0.,-1.,0.));
#2952=DIRECTION('',(0.,-1.,0.));
#2953=DIRECTION('',(0.,0.,1.));
#2954=DIRECTION('',(0.,1.,0.));
#2955=DIRECTION('',(0.,-1.,0.));
#2956=DIRECTION('',(0.,0.,-1.));
#2957=DIRECTION('',(5.78241158658936E-17,0.,1.));
#2958=DIRECTION('',(1.,0.,0.));
#2959=DIRECTION('',(0.,0.,-1.));
#2960=DIRECTION('',(-1.,0.,0.));
#2961=DIRECTION('',(0.,1.,0.));
#2962=DIRECTION('',(0.,0.,1.));
#2963=DIRECTION('',(-1.,0.,0.));
#2964=DIRECTION('',(0.,1.,0.));
#2965=DIRECTION('',(0.,0.,-1.));
#2966=DIRECTION('',(-1.,0.,0.));
#2967=DIRECTION('',(5.78241158658936E-17,0.,1.));
#2968=DIRECTION('',(-1.,0.,5.78241158658936E-17));
#2969=DIRECTION('',(5.72458747072346E-17,0.,1.));
#2970=DIRECTION('',(1.,0.,0.));
#2971=DIRECTION('',(0.,1.,0.));
#2972=DIRECTION('',(0.,0.,1.));
#2973=DIRECTION('',(1.,0.,0.));
#2974=DIRECTION('',(0.,1.,0.));
#2975=DIRECTION('',(0.,0.,1.));
#2976=DIRECTION('',(0.,-1.,0.));
#2977=DIRECTION('',(0.,-1.,0.));
#2978=DIRECTION('',(0.,0.,1.));
#2979=DIRECTION('',(0.,1.,0.));
#2980=DIRECTION('',(0.,-1.,0.));
#2981=DIRECTION('',(0.,0.,-1.));
#2982=DIRECTION('',(0.,1.,0.));
#2983=DIRECTION('',(0.,0.,-1.));
#2984=DIRECTION('',(0.,-1.,0.));
#2985=DIRECTION('',(0.,-1.,0.));
#2986=DIRECTION('',(0.,0.,1.));
#2987=DIRECTION('',(0.,1.,0.));
#2988=DIRECTION('',(0.,-1.,0.));
#2989=DIRECTION('',(0.,0.,-1.));
#2990=DIRECTION('',(1.73472347597681E-16,0.,1.));
#2991=DIRECTION('',(1.,0.,-1.38777878078145E-16));
#2992=DIRECTION('',(3.46944695195361E-16,0.,-1.));
#2993=DIRECTION('',(-1.,0.,2.77555756156289E-16));
#2994=DIRECTION('',(0.,1.,0.));
#2995=DIRECTION('',(0.,0.,1.));
#2996=DIRECTION('',(0.,1.,0.));
#2997=DIRECTION('',(0.,0.,1.));
#2998=DIRECTION('',(0.,1.,0.));
#2999=DIRECTION('',(0.,0.,1.));
#3000=DIRECTION('',(0.,-1.,0.));
#3001=DIRECTION('',(0.,0.,-1.));
#3002=DIRECTION('',(1.73472347597681E-16,0.,1.));
#3003=DIRECTION('',(0.,1.,0.));
#3004=DIRECTION('',(-1.,0.,1.73472347597681E-16));
#3005=DIRECTION('',(1.73472347597681E-16,0.,1.));
#3006=DIRECTION('',(1.,0.,-1.38777878078145E-16));
#3007=DIRECTION('',(0.,1.,0.));
#3008=DIRECTION('',(1.38777878078145E-16,0.,1.));
#3009=DIRECTION('',(1.,0.,-1.38777878078145E-16));
#3010=DIRECTION('',(-1.,0.,6.93889390390723E-17));
#3011=DIRECTION('',(0.,0.,1.));
#3012=DIRECTION('',(1.,0.,-1.38777878078145E-16));
#3013=DIRECTION('',(0.,0.,-1.));
#3014=DIRECTION('',(0.,1.,0.));
#3015=DIRECTION('',(0.,0.,1.));
#3016=DIRECTION('',(0.,1.,0.));
#3017=DIRECTION('',(0.,0.,1.));
#3018=DIRECTION('',(0.,1.,0.));
#3019=DIRECTION('',(0.,0.,1.));
#3020=DIRECTION('',(0.,1.,0.));
#3021=DIRECTION('',(0.,0.,1.));
#3022=DIRECTION('',(-1.,0.,6.93889390390723E-17));
#3023=DIRECTION('',(0.,1.,0.));
#3024=DIRECTION('',(-6.93889390390723E-17,0.,-1.));
#3025=DIRECTION('',(-1.,0.,6.93889390390723E-17));
#3026=DIRECTION('',(0.,0.,1.));
#3027=DIRECTION('',(0.,1.,0.));
#3028=DIRECTION('',(-1.,0.,0.));
#3029=DIRECTION('',(0.,0.,1.));
#3030=DIRECTION('',(-1.85037170770859E-16,0.,-1.));
#3031=DIRECTION('',(1.85037170770859E-16,0.,1.));
#3032=DIRECTION('',(-1.85037170770859E-16,0.,-1.));
#3033=DIRECTION('',(0.,1.,0.));
#3034=DIRECTION('',(0.,0.,1.));
#3035=DIRECTION('',(0.,1.,0.));
#3036=DIRECTION('',(0.,0.,1.));
#3037=DIRECTION('',(0.,1.,0.));
#3038=DIRECTION('',(0.,0.,1.));
#3039=DIRECTION('',(0.,1.,0.));
#3040=DIRECTION('',(0.,0.,1.));
#3041=DIRECTION('',(0.,1.,0.));
#3042=DIRECTION('',(0.,0.,1.));
#3043=DIRECTION('',(0.,1.,0.));
#3044=DIRECTION('',(0.,0.,1.));
#3045=DIRECTION('',(0.,1.,0.));
#3046=DIRECTION('',(0.,0.,1.));
#3047=DIRECTION('',(0.,1.,0.));
#3048=DIRECTION('',(0.,0.,1.));
#3049=DIRECTION('',(0.,1.,0.));
#3050=DIRECTION('',(0.,0.,1.));
#3051=DIRECTION('',(1.,0.,0.));
#3052=DIRECTION('',(-1.85037170770859E-16,0.,-1.));
#3053=DIRECTION('',(-1.85037170770859E-16,0.,-1.));
#3054=DIRECTION('',(-1.,0.,0.));
#3055=DIRECTION('',(0.,0.,-1.));
#3056=DIRECTION('',(0.,1.,0.));
#3057=DIRECTION('',(0.,0.,1.));
#3058=DIRECTION('',(0.,-1.,0.));
#3059=DIRECTION('',(0.,1.,0.));
#3060=DIRECTION('',(0.,-1.,0.));
#3061=DIRECTION('',(0.,0.,-1.));
#3062=DIRECTION('',(-1.,0.,0.));
#3063=DIRECTION('',(0.,0.,-1.));
#3064=DIRECTION('',(0.,0.,1.));
#3065=DIRECTION('',(0.,-1.,0.));
#3066=DIRECTION('',(0.,0.,-1.));
#3067=DIRECTION('',(0.,1.,0.));
#3068=DIRECTION('',(1.,0.,0.));
#3069=DIRECTION('',(0.,0.,-1.));
#3070=DIRECTION('',(0.,-1.,0.));
#3071=DIRECTION('',(1.,0.,-1.85037170770859E-16));
#3072=DIRECTION('',(-1.94289029309402E-16,0.,-1.));
#3073=DIRECTION('',(0.,-1.,0.));
#3074=DIRECTION('',(0.,0.,1.));
#3075=DIRECTION('',(1.,0.,0.));
#3076=DIRECTION('',(-1.,0.,1.85037170770859E-16));
#3077=DIRECTION('',(1.94289029309402E-16,0.,1.));
#3078=DIRECTION('',(0.,1.,0.));
#3079=DIRECTION('',(0.,0.,1.));
#3080=DIRECTION('',(0.,1.,0.));
#3081=DIRECTION('',(0.,0.,1.));
#3082=DIRECTION('',(0.,1.,0.));
#3083=DIRECTION('',(0.,0.,1.));
#3084=DIRECTION('',(0.,1.,0.));
#3085=DIRECTION('',(0.,0.,1.));
#3086=DIRECTION('',(0.,1.,0.));
#3087=DIRECTION('',(0.,0.,1.));
#3088=DIRECTION('',(0.,1.,0.));
#3089=DIRECTION('',(0.,0.,1.));
#3090=DIRECTION('',(0.,1.,0.));
#3091=DIRECTION('',(0.,0.,1.));
#3092=DIRECTION('',(0.,1.,0.));
#3093=DIRECTION('',(0.,0.,1.));
#3094=DIRECTION('',(0.,1.,0.));
#3095=DIRECTION('',(0.,0.,1.));
#3096=DIRECTION('',(0.,1.,0.));
#3097=DIRECTION('',(0.,0.,1.));
#3098=CARTESIAN_POINT('',(0.,0.,0.));
#3099=CARTESIAN_POINT('',(13.284271247462,10.,20.));
#3100=CARTESIAN_POINT('',(13.284271247462,10.,40.));
#3101=CARTESIAN_POINT('',(-0.857864376269027,10.,34.1421356237309));
#3102=CARTESIAN_POINT('',(13.284271247462,10.,40.));
#3103=CARTESIAN_POINT('',(13.284271247462,0.,40.));
#3104=CARTESIAN_POINT('',(13.284271247462,0.,20.));
#3105=CARTESIAN_POINT('',(-0.857864376269027,0.,34.1421356237309));
#3106=CARTESIAN_POINT('',(-0.857864376269027,0.,34.1421356237309));
#3107=CARTESIAN_POINT('',(13.284271247462,10.,20.));
#3108=CARTESIAN_POINT('',(13.284271247462,10.,-20.));
#3109=CARTESIAN_POINT('',(-0.857864376269019,10.,-34.1421356237309));
#3110=CARTESIAN_POINT('',(13.284271247462,10.,-40.));
#3111=CARTESIAN_POINT('',(-0.857864376269024,10.,-34.1421356237309));
#3112=CARTESIAN_POINT('',(-0.857864376269019,0.,-34.1421356237309));
#3113=CARTESIAN_POINT('',(13.284271247462,0.,-20.));
#3114=CARTESIAN_POINT('',(13.284271247462,0.,-40.));
#3115=CARTESIAN_POINT('',(13.284271247462,0.,-40.));
#3116=CARTESIAN_POINT('',(13.284271247462,10.,-20.));
#3117=CARTESIAN_POINT('',(-23.2842712474618,10.,-40.));
#3118=CARTESIAN_POINT('',(-23.2842712474618,10.,-20.));
#3119=CARTESIAN_POINT('',(-9.1421356237308,10.,-25.8578643762691));
#3120=CARTESIAN_POINT('',(-23.2842712474618,10.,-20.));
#3121=CARTESIAN_POINT('',(-23.2842712474618,0.,-20.));
#3122=CARTESIAN_POINT('',(-23.2842712474618,0.,-40.));
#3123=CARTESIAN_POINT('',(-9.1421356237308,0.,-25.8578643762691));
#3124=CARTESIAN_POINT('',(-9.1421356237308,10.,-25.8578643762691));
#3125=CARTESIAN_POINT('',(-23.2842712474618,10.,-40.));
#3126=CARTESIAN_POINT('',(-23.2842712474618,10.,40.));
#3127=CARTESIAN_POINT('',(-9.14213562373081,10.,25.8578643762691));
#3128=CARTESIAN_POINT('',(-23.2842712474618,10.,20.));
#3129=CARTESIAN_POINT('',(-9.14213562373081,10.,25.8578643762691));
#3130=CARTESIAN_POINT('',(-9.14213562373081,0.,25.8578643762691));
#3131=CARTESIAN_POINT('',(-23.2842712474618,0.,40.));
#3132=CARTESIAN_POINT('',(-23.2842712474618,0.,20.));
#3133=CARTESIAN_POINT('',(-23.2842712474618,10.,20.));
#3134=CARTESIAN_POINT('',(-23.2842712474618,10.,40.));
#3135=CARTESIAN_POINT('',(-32.639320225002,10.,-1.93871909527403E-14));
#3136=CARTESIAN_POINT('',(-52.639320225002,10.,-1.73472347597681E-14));
#3137=CARTESIAN_POINT('',(-32.639320225002,10.,-20.));
#3138=CARTESIAN_POINT('',(-52.639320225002,10.,-1.73472347597681E-14));
#3139=CARTESIAN_POINT('',(-52.639320225002,0.,-2.34671033386848E-14));
#3140=CARTESIAN_POINT('',(-32.639320225002,0.,-1.93871909527403E-14));
#3141=CARTESIAN_POINT('',(-32.639320225002,0.,-20.));
#3142=CARTESIAN_POINT('',(-32.639320225002,0.,-20.));
#3143=CARTESIAN_POINT('',(-32.639320225002,10.,-1.93871909527403E-14));
#3144=CARTESIAN_POINT('',(-32.639320225002,10.,-1.73472347597681E-14));
#3145=CARTESIAN_POINT('',(-32.639320225002,10.,20.));
#3146=CARTESIAN_POINT('',(-32.639320225002,10.,20.));
#3147=CARTESIAN_POINT('',(-32.639320225002,0.,20.));
#3148=CARTESIAN_POINT('',(-32.639320225002,0.,-1.73472347597681E-14));
#3149=CARTESIAN_POINT('',(-32.639320225002,10.,-1.73472347597681E-14));
#3150=CARTESIAN_POINT('',(-14.9999999999999,10.,-20.));
#3151=CARTESIAN_POINT('',(-14.9999999999999,10.,-20.));
#3152=CARTESIAN_POINT('',(5.00000000000003,10.,-40.));
#3153=CARTESIAN_POINT('',(125.,10.,-40.));
#3154=CARTESIAN_POINT('',(125.,10.,40.));
#3155=CARTESIAN_POINT('',(125.,10.,40.));
#3156=CARTESIAN_POINT('',(125.,10.,40.));
#3157=CARTESIAN_POINT('',(5.00000000000002,10.,40.));
#3158=CARTESIAN_POINT('',(-14.9999999999999,10.,20.));
#3159=CARTESIAN_POINT('',(-22.639320225002,10.,-1.73472347597681E-14));
#3160=CARTESIAN_POINT('',(125.,0.,40.));
#3161=CARTESIAN_POINT('',(125.,0.,40.));
#3162=CARTESIAN_POINT('',(125.,10.,40.));
#3163=CARTESIAN_POINT('',(125.,10.,40.));
#3164=CARTESIAN_POINT('',(5.00000000000002,0.,40.));
#3165=CARTESIAN_POINT('',(5.00000000000002,10.,40.));
#3166=CARTESIAN_POINT('',(-14.9999999999999,0.,20.));
#3167=CARTESIAN_POINT('',(-14.9999999999999,10.,20.));
#3168=CARTESIAN_POINT('',(-14.9999999999999,0.,-20.));
#3169=CARTESIAN_POINT('',(-14.9999999999999,10.,-20.));
#3170=CARTESIAN_POINT('',(-14.9999999999999,0.,-20.));
#3171=CARTESIAN_POINT('',(-14.9999999999999,10.,-20.));
#3172=CARTESIAN_POINT('',(5.00000000000003,0.,-40.));
#3173=CARTESIAN_POINT('',(125.,0.,-40.));
#3174=CARTESIAN_POINT('',(125.,10.,-40.));
#3175=CARTESIAN_POINT('',(5.00000000000003,10.,-40.));
#3176=CARTESIAN_POINT('',(-24.,54.,-70.));
#3177=CARTESIAN_POINT('',(-30.,54.,-70.));
#3178=CARTESIAN_POINT('',(-24.,60.,-70.));
#3179=CARTESIAN_POINT('',(-30.,54.,-70.));
#3180=CARTESIAN_POINT('',(-30.,54.,-75.));
#3181=CARTESIAN_POINT('',(-24.,54.,-75.));
#3182=CARTESIAN_POINT('',(-24.,60.,-75.));
#3183=CARTESIAN_POINT('',(-24.,60.,-75.));
#3184=CARTESIAN_POINT('',(-24.,54.,-70.));
#3185=CARTESIAN_POINT('',(-3.37060120162823,54.,-70.));
#3186=CARTESIAN_POINT('',(-3.37060120162823,60.,-70.));
#3187=CARTESIAN_POINT('',(2.62939879837177,54.,-70.));
#3188=CARTESIAN_POINT('',(-3.37060120162823,60.,-70.));
#3189=CARTESIAN_POINT('',(-3.37060120162823,60.,-75.));
#3190=CARTESIAN_POINT('',(-3.37060120162823,54.,-75.));
#3191=CARTESIAN_POINT('',(2.62939879837177,54.,-75.));
#3192=CARTESIAN_POINT('',(2.62939879837177,54.,-75.));
#3193=CARTESIAN_POINT('',(-3.37060120162823,54.,-70.));
#3194=CARTESIAN_POINT('',(8.62939879837177,51.,-70.));
#3195=CARTESIAN_POINT('',(2.62939879837177,51.,-70.));
#3196=CARTESIAN_POINT('',(8.62939879837177,45.,-70.));
#3197=CARTESIAN_POINT('',(2.62939879837177,51.,-70.));
#3198=CARTESIAN_POINT('',(2.62939879837177,51.,-75.));
#3199=CARTESIAN_POINT('',(8.62939879837177,51.,-75.));
#3200=CARTESIAN_POINT('',(8.62939879837177,45.,-75.));
#3201=CARTESIAN_POINT('',(8.62939879837177,45.,-70.));
#3202=CARTESIAN_POINT('',(8.62939879837177,51.,-70.));
#3203=CARTESIAN_POINT('',(14.,39.,-70.));
#3204=CARTESIAN_POINT('',(14.,45.,-70.));
#3205=CARTESIAN_POINT('',(20.,39.,-70.));
#3206=CARTESIAN_POINT('',(14.,45.,-70.));
#3207=CARTESIAN_POINT('',(14.,45.,-75.));
#3208=CARTESIAN_POINT('',(14.,39.,-75.));
#3209=CARTESIAN_POINT('',(20.,39.,-75.));
#3210=CARTESIAN_POINT('',(20.,39.,-75.));
#3211=CARTESIAN_POINT('',(14.,39.,-70.));
#3212=CARTESIAN_POINT('',(26.,26.,-70.));
#3213=CARTESIAN_POINT('',(20.,26.,-70.));
#3214=CARTESIAN_POINT('',(26.,20.,-70.));
#3215=CARTESIAN_POINT('',(20.,26.,-70.));
#3216=CARTESIAN_POINT('',(20.,26.,-75.));
#3217=CARTESIAN_POINT('',(26.,26.,-75.));
#3218=CARTESIAN_POINT('',(26.,20.,-75.));
#3219=CARTESIAN_POINT('',(26.,20.,-70.));
#3220=CARTESIAN_POINT('',(26.,26.,-70.));
#3221=CARTESIAN_POINT('',(-36.,36.,-70.));
#3222=CARTESIAN_POINT('',(-36.,30.,-70.));
#3223=CARTESIAN_POINT('',(-30.,36.,-70.));
#3224=CARTESIAN_POINT('',(-36.,30.,-70.));
#3225=CARTESIAN_POINT('',(-36.,30.,-75.));
#3226=CARTESIAN_POINT('',(-36.,36.,-75.));
#3227=CARTESIAN_POINT('',(-30.,36.,-75.));
#3228=CARTESIAN_POINT('',(-30.,36.,-70.));
#3229=CARTESIAN_POINT('',(-36.,36.,-70.));
#3230=CARTESIAN_POINT('',(2.62939879837177,45.,-70.));
#3231=CARTESIAN_POINT('',(20.,45.,-70.));
#3232=CARTESIAN_POINT('',(20.,20.,-70.));
#3233=CARTESIAN_POINT('',(125.,20.,-70.));
#3234=CARTESIAN_POINT('',(125.,20.,-70.));
#3235=CARTESIAN_POINT('',(125.,0.,-70.));
#3236=CARTESIAN_POINT('',(125.,0.,-70.));
#3237=CARTESIAN_POINT('',(-125.,0.,-70.));
#3238=CARTESIAN_POINT('',(-125.,0.,-70.));
#3239=CARTESIAN_POINT('',(-125.,30.,-70.));
#3240=CARTESIAN_POINT('',(-125.,30.,-70.));
#3241=CARTESIAN_POINT('',(-30.,30.,-70.));
#3242=CARTESIAN_POINT('',(-30.,60.,-70.));
#3243=CARTESIAN_POINT('',(2.62939879837177,60.,-70.));
#3244=CARTESIAN_POINT('',(0.,0.,-70.));
#3245=CARTESIAN_POINT('',(-125.,30.,-75.));
#3246=CARTESIAN_POINT('',(-125.,30.,-75.));
#3247=CARTESIAN_POINT('',(-125.,30.,-70.));
#3248=CARTESIAN_POINT('',(-125.,30.,-70.));
#3249=CARTESIAN_POINT('',(-30.,30.,-75.));
#3250=CARTESIAN_POINT('',(-30.,30.,-70.));
#3251=CARTESIAN_POINT('',(-30.,60.,-75.));
#3252=CARTESIAN_POINT('',(-30.,60.,-70.));
#3253=CARTESIAN_POINT('',(2.62939879837177,60.,-75.));
#3254=CARTESIAN_POINT('',(2.62939879837177,60.,-70.));
#3255=CARTESIAN_POINT('',(2.62939879837177,45.,-75.));
#3256=CARTESIAN_POINT('',(2.62939879837177,45.,-70.));
#3257=CARTESIAN_POINT('',(20.,45.,-75.));
#3258=CARTESIAN_POINT('',(20.,45.,-70.));
#3259=CARTESIAN_POINT('',(20.,20.,-75.));
#3260=CARTESIAN_POINT('',(125.,20.,-75.));
#3261=CARTESIAN_POINT('',(125.,20.,-70.));
#3262=CARTESIAN_POINT('',(20.,20.,-70.));
#3263=CARTESIAN_POINT('',(-24.,54.,70.));
#3264=CARTESIAN_POINT('',(-24.,60.,70.));
#3265=CARTESIAN_POINT('',(-30.,54.,70.));
#3266=CARTESIAN_POINT('',(-24.,60.,70.));
#3267=CARTESIAN_POINT('',(-24.,60.,75.));
#3268=CARTESIAN_POINT('',(-24.,54.,75.));
#3269=CARTESIAN_POINT('',(-30.,54.,75.));
#3270=CARTESIAN_POINT('',(-30.,54.,75.));
#3271=CARTESIAN_POINT('',(-24.,54.,70.));
#3272=CARTESIAN_POINT('',(-3.37060120162823,54.,70.));
#3273=CARTESIAN_POINT('',(2.62939879837177,54.,70.));
#3274=CARTESIAN_POINT('',(-3.37060120162823,60.,70.));
#3275=CARTESIAN_POINT('',(2.62939879837177,54.,70.));
#3276=CARTESIAN_POINT('',(2.62939879837177,54.,75.));
#3277=CARTESIAN_POINT('',(-3.37060120162823,54.,75.));
#3278=CARTESIAN_POINT('',(-3.37060120162823,60.,75.));
#3279=CARTESIAN_POINT('',(-3.37060120162823,60.,75.));
#3280=CARTESIAN_POINT('',(-3.37060120162823,54.,70.));
#3281=CARTESIAN_POINT('',(8.62939879837177,51.,70.));
#3282=CARTESIAN_POINT('',(8.62939879837177,45.,70.));
#3283=CARTESIAN_POINT('',(2.62939879837177,51.,70.));
#3284=CARTESIAN_POINT('',(8.62939879837177,45.,70.));
#3285=CARTESIAN_POINT('',(8.62939879837177,45.,75.));
#3286=CARTESIAN_POINT('',(8.62939879837177,51.,75.));
#3287=CARTESIAN_POINT('',(2.62939879837177,51.,75.));
#3288=CARTESIAN_POINT('',(2.62939879837177,51.,70.));
#3289=CARTESIAN_POINT('',(8.62939879837177,51.,70.));
#3290=CARTESIAN_POINT('',(14.,39.,70.));
#3291=CARTESIAN_POINT('',(20.,39.,70.));
#3292=CARTESIAN_POINT('',(14.,45.,70.));
#3293=CARTESIAN_POINT('',(20.,39.,70.));
#3294=CARTESIAN_POINT('',(20.,39.,75.));
#3295=CARTESIAN_POINT('',(14.,39.,75.));
#3296=CARTESIAN_POINT('',(14.,45.,75.));
#3297=CARTESIAN_POINT('',(14.,45.,75.));
#3298=CARTESIAN_POINT('',(14.,39.,70.));
#3299=CARTESIAN_POINT('',(26.,26.,70.));
#3300=CARTESIAN_POINT('',(26.,20.,70.));
#3301=CARTESIAN_POINT('',(20.,26.,70.));
#3302=CARTESIAN_POINT('',(26.,20.,70.));
#3303=CARTESIAN_POINT('',(26.,20.,75.));
#3304=CARTESIAN_POINT('',(26.,26.,75.));
#3305=CARTESIAN_POINT('',(20.,26.,75.));
#3306=CARTESIAN_POINT('',(20.,26.,70.));
#3307=CARTESIAN_POINT('',(26.,26.,70.));
#3308=CARTESIAN_POINT('',(-36.,36.,70.));
#3309=CARTESIAN_POINT('',(-30.,36.,70.));
#3310=CARTESIAN_POINT('',(-36.,30.,70.));
#3311=CARTESIAN_POINT('',(-30.,36.,70.));
#3312=CARTESIAN_POINT('',(-30.,36.,75.));
#3313=CARTESIAN_POINT('',(-36.,36.,75.));
#3314=CARTESIAN_POINT('',(-36.,30.,75.));
#3315=CARTESIAN_POINT('',(-36.,30.,70.));
#3316=CARTESIAN_POINT('',(-36.,36.,70.));
#3317=CARTESIAN_POINT('',(20.,45.,70.));
#3318=CARTESIAN_POINT('',(2.62939879837177,45.,70.));
#3319=CARTESIAN_POINT('',(2.62939879837177,60.,70.));
#3320=CARTESIAN_POINT('',(-30.,60.,70.));
#3321=CARTESIAN_POINT('',(-30.,30.,70.));
#3322=CARTESIAN_POINT('',(-125.,30.,70.));
#3323=CARTESIAN_POINT('',(-125.,30.,70.));
#3324=CARTESIAN_POINT('',(-125.,0.,70.));
#3325=CARTESIAN_POINT('',(-125.,0.,70.));
#3326=CARTESIAN_POINT('',(125.,0.,70.));
#3327=CARTESIAN_POINT('',(125.,0.,70.));
#3328=CARTESIAN_POINT('',(125.,20.,70.));
#3329=CARTESIAN_POINT('',(125.,20.,70.));
#3330=CARTESIAN_POINT('',(20.,20.,70.));
#3331=CARTESIAN_POINT('',(0.,0.,70.));
#3332=CARTESIAN_POINT('',(20.,20.,75.));
#3333=CARTESIAN_POINT('',(125.,20.,75.));
#3334=CARTESIAN_POINT('',(125.,20.,70.));
#3335=CARTESIAN_POINT('',(20.,20.,70.));
#3336=CARTESIAN_POINT('',(20.,45.,75.));
#3337=CARTESIAN_POINT('',(20.,45.,70.));
#3338=CARTESIAN_POINT('',(2.62939879837177,45.,75.));
#3339=CARTESIAN_POINT('',(2.62939879837177,45.,70.));
#3340=CARTESIAN_POINT('',(2.62939879837177,60.,75.));
#3341=CARTESIAN_POINT('',(2.62939879837177,60.,70.));
#3342=CARTESIAN_POINT('',(-30.,60.,75.));
#3343=CARTESIAN_POINT('',(-30.,60.,70.));
#3344=CARTESIAN_POINT('',(-30.,30.,75.));
#3345=CARTESIAN_POINT('',(-30.,30.,70.));
#3346=CARTESIAN_POINT('',(-125.,30.,75.));
#3347=CARTESIAN_POINT('',(-125.,30.,75.));
#3348=CARTESIAN_POINT('',(-125.,30.,70.));
#3349=CARTESIAN_POINT('',(-125.,30.,70.));
#3350=CARTESIAN_POINT('',(75.,25.,49.75));
#3351=CARTESIAN_POINT('',(75.,25.,49.75));
#3352=CARTESIAN_POINT('',(75.,0.,49.75));
#3353=CARTESIAN_POINT('',(75.,0.,55.));
#3354=CARTESIAN_POINT('',(75.,0.,60.25));
#3355=CARTESIAN_POINT('',(75.,25.,60.25));
#3356=CARTESIAN_POINT('',(75.,25.,60.25));
#3357=CARTESIAN_POINT('',(75.,25.,55.));
#3358=CARTESIAN_POINT('',(75.,25.,55.));
#3359=CARTESIAN_POINT('',(100.,25.,51.));
#3360=CARTESIAN_POINT('',(100.,25.,51.));
#3361=CARTESIAN_POINT('',(100.,0.,51.));
#3362=CARTESIAN_POINT('',(100.,0.,55.));
#3363=CARTESIAN_POINT('',(100.,0.,59.));
#3364=CARTESIAN_POINT('',(100.,25.,59.));
#3365=CARTESIAN_POINT('',(100.,25.,59.));
#3366=CARTESIAN_POINT('',(100.,25.,55.));
#3367=CARTESIAN_POINT('',(100.,25.,55.));
#3368=CARTESIAN_POINT('',(50.,25.,51.));
#3369=CARTESIAN_POINT('',(50.,25.,51.));
#3370=CARTESIAN_POINT('',(50.,0.,51.));
#3371=CARTESIAN_POINT('',(50.,0.,55.));
#3372=CARTESIAN_POINT('',(50.,0.,59.));
#3373=CARTESIAN_POINT('',(50.,25.,59.));
#3374=CARTESIAN_POINT('',(50.,25.,59.));
#3375=CARTESIAN_POINT('',(50.,25.,55.));
#3376=CARTESIAN_POINT('',(50.,25.,55.));
#3377=CARTESIAN_POINT('',(75.,25.,-60.25));
#3378=CARTESIAN_POINT('',(75.,25.,-60.25));
#3379=CARTESIAN_POINT('',(75.,0.,-60.25));
#3380=CARTESIAN_POINT('',(75.,0.,-55.));
#3381=CARTESIAN_POINT('',(75.,0.,-49.75));
#3382=CARTESIAN_POINT('',(75.,25.,-49.75));
#3383=CARTESIAN_POINT('',(75.,25.,-49.75));
#3384=CARTESIAN_POINT('',(75.,25.,-55.));
#3385=CARTESIAN_POINT('',(75.,25.,-55.));
#3386=CARTESIAN_POINT('',(100.,25.,-59.));
#3387=CARTESIAN_POINT('',(100.,25.,-59.));
#3388=CARTESIAN_POINT('',(100.,0.,-59.));
#3389=CARTESIAN_POINT('',(100.,0.,-55.));
#3390=CARTESIAN_POINT('',(100.,0.,-51.));
#3391=CARTESIAN_POINT('',(100.,25.,-51.));
#3392=CARTESIAN_POINT('',(100.,25.,-51.));
#3393=CARTESIAN_POINT('',(100.,25.,-55.));
#3394=CARTESIAN_POINT('',(100.,25.,-55.));
#3395=CARTESIAN_POINT('',(50.,25.,-59.));
#3396=CARTESIAN_POINT('',(50.,25.,-59.));
#3397=CARTESIAN_POINT('',(50.,0.,-59.));
#3398=CARTESIAN_POINT('',(50.,0.,-55.));
#3399=CARTESIAN_POINT('',(50.,0.,-51.));
#3400=CARTESIAN_POINT('',(50.,25.,-51.));
#3401=CARTESIAN_POINT('',(50.,25.,-51.));
#3402=CARTESIAN_POINT('',(50.,25.,-55.));
#3403=CARTESIAN_POINT('',(50.,25.,-55.));
#3404=CARTESIAN_POINT('',(-15.,65.,-63.));
#3405=CARTESIAN_POINT('',(-15.,65.,-63.));
#3406=CARTESIAN_POINT('',(-15.,54.4,-63.));
#3407=CARTESIAN_POINT('',(-15.,54.4,-50.));
#3408=CARTESIAN_POINT('',(-15.,54.4,-37.));
#3409=CARTESIAN_POINT('',(-15.,65.,-37.));
#3410=CARTESIAN_POINT('',(-15.,65.,-37.));
#3411=CARTESIAN_POINT('',(-15.,65.,-50.));
#3412=CARTESIAN_POINT('',(-15.,65.,-50.));
#3413=CARTESIAN_POINT('',(-15.,54.4,-50.));
#3414=CARTESIAN_POINT('',(-15.,54.4,-50.));
#3415=CARTESIAN_POINT('',(-15.,54.4,-41.25));
#3416=CARTESIAN_POINT('',(-15.,54.4,-58.75));
#3417=CARTESIAN_POINT('',(-15.,54.4,-50.));
#3418=CARTESIAN_POINT('',(-6.25,54.4,-50.));
#3419=CARTESIAN_POINT('',(-15.,65.,-58.75));
#3420=CARTESIAN_POINT('',(-15.,0.,-58.75));
#3421=CARTESIAN_POINT('',(-15.,0.,-50.));
#3422=CARTESIAN_POINT('',(-15.,0.,-41.25));
#3423=CARTESIAN_POINT('',(-15.,65.,-41.25));
#3424=CARTESIAN_POINT('',(-15.,65.,-50.));
#3425=CARTESIAN_POINT('',(-15.,65.,37.));
#3426=CARTESIAN_POINT('',(-15.,65.,37.));
#3427=CARTESIAN_POINT('',(-15.,54.4,37.));
#3428=CARTESIAN_POINT('',(-15.,54.4,50.));
#3429=CARTESIAN_POINT('',(-15.,54.4,63.));
#3430=CARTESIAN_POINT('',(-15.,65.,63.));
#3431=CARTESIAN_POINT('',(-15.,65.,63.));
#3432=CARTESIAN_POINT('',(-15.,65.,50.));
#3433=CARTESIAN_POINT('',(-15.,65.,50.));
#3434=CARTESIAN_POINT('',(-15.,54.4,50.));
#3435=CARTESIAN_POINT('',(-15.,54.4,50.));
#3436=CARTESIAN_POINT('',(-15.,54.4,58.75));
#3437=CARTESIAN_POINT('',(-15.,54.4,41.25));
#3438=CARTESIAN_POINT('',(-15.,54.4,50.));
#3439=CARTESIAN_POINT('',(-6.24999999999999,54.4,50.));
#3440=CARTESIAN_POINT('',(-15.,65.,41.25));
#3441=CARTESIAN_POINT('',(-15.,0.,41.25));
#3442=CARTESIAN_POINT('',(-15.,0.,50.));
#3443=CARTESIAN_POINT('',(-15.,0.,58.75));
#3444=CARTESIAN_POINT('',(-15.,65.,58.75));
#3445=CARTESIAN_POINT('',(-15.,65.,50.));
#3446=CARTESIAN_POINT('',(-0.370601201628233,65.,36.2156743171811));
#3447=CARTESIAN_POINT('',(7.62939879837177,65.,36.2156743171811));
#3448=CARTESIAN_POINT('',(-0.370601201628233,65.,28.2156743171811));
#3449=CARTESIAN_POINT('',(7.62939879837177,65.,36.2156743171811));
#3450=CARTESIAN_POINT('',(7.62939879837177,50.,36.2156743171811));
#3451=CARTESIAN_POINT('',(-0.370601201628233,50.,36.2156743171811));
#3452=CARTESIAN_POINT('',(-0.370601201628233,50.,28.2156743171811));
#3453=CARTESIAN_POINT('',(-0.370601201628233,65.,28.2156743171811));
#3454=CARTESIAN_POINT('',(-0.370601201628233,65.,36.2156743171811));
#3455=CARTESIAN_POINT('',(7.62939879837177,65.,75.));
#3456=CARTESIAN_POINT('',(7.62939879837177,65.,75.));
#3457=CARTESIAN_POINT('',(-35.,65.,28.2156743171811));
#3458=CARTESIAN_POINT('',(-35.,65.,28.2156743171811));
#3459=CARTESIAN_POINT('',(-35.,65.,75.));
#3460=CARTESIAN_POINT('',(-35.,65.,75.));
#3461=CARTESIAN_POINT('',(-35.,65.,75.));
#3462=CARTESIAN_POINT('',(-15.,65.,50.));
#3463=CARTESIAN_POINT('',(0.,65.,0.));
#3464=CARTESIAN_POINT('',(-35.,50.,28.2156743171811));
#3465=CARTESIAN_POINT('',(-35.,50.,28.2156743171811));
#3466=CARTESIAN_POINT('',(-35.,65.,28.2156743171811));
#3467=CARTESIAN_POINT('',(-35.,65.,28.2156743171811));
#3468=CARTESIAN_POINT('',(7.62939879837177,50.,75.));
#3469=CARTESIAN_POINT('',(7.62939879837177,50.,75.));
#3470=CARTESIAN_POINT('',(7.62939879837177,65.,75.));
#3471=CARTESIAN_POINT('',(7.62939879837177,65.,75.));
#3472=CARTESIAN_POINT('',(-0.370601201628233,65.,-36.2156743171811));
#3473=CARTESIAN_POINT('',(-0.370601201628233,65.,-28.2156743171811));
#3474=CARTESIAN_POINT('',(7.62939879837177,65.,-36.2156743171811));
#3475=CARTESIAN_POINT('',(-0.370601201628233,65.,-28.2156743171811));
#3476=CARTESIAN_POINT('',(-0.370601201628233,50.,-28.2156743171811));
#3477=CARTESIAN_POINT('',(-0.370601201628233,50.,-36.2156743171811));
#3478=CARTESIAN_POINT('',(7.62939879837177,50.,-36.2156743171811));
#3479=CARTESIAN_POINT('',(7.62939879837177,65.,-36.2156743171811));
#3480=CARTESIAN_POINT('',(-0.370601201628233,65.,-36.2156743171811));
#3481=CARTESIAN_POINT('',(-35.,65.,-28.2156743171811));
#3482=CARTESIAN_POINT('',(-35.,65.,-28.2156743171811));
#3483=CARTESIAN_POINT('',(7.62939879837177,65.,-75.));
#3484=CARTESIAN_POINT('',(7.62939879837177,65.,-75.));
#3485=CARTESIAN_POINT('',(-35.,65.,-75.));
#3486=CARTESIAN_POINT('',(-35.,65.,-75.));
#3487=CARTESIAN_POINT('',(-35.,65.,-75.));
#3488=CARTESIAN_POINT('',(-15.,65.,-50.));
#3489=CARTESIAN_POINT('',(0.,65.,0.));
#3490=CARTESIAN_POINT('',(7.62939879837177,50.,-75.));
#3491=CARTESIAN_POINT('',(7.62939879837177,50.,-75.));
#3492=CARTESIAN_POINT('',(7.62939879837177,65.,-75.));
#3493=CARTESIAN_POINT('',(7.62939879837177,65.,-75.));
#3494=CARTESIAN_POINT('',(-35.,50.,-28.2156743171811));
#3495=CARTESIAN_POINT('',(-35.,50.,-28.2156743171811));
#3496=CARTESIAN_POINT('',(-35.,65.,-28.2156743171811));
#3497=CARTESIAN_POINT('',(-35.,65.,-28.2156743171811));
#3498=CARTESIAN_POINT('',(-68.,0.,-32.));
#3499=CARTESIAN_POINT('',(-60.,0.,-32.));
#3500=CARTESIAN_POINT('',(-68.,0.,-40.));
#3501=CARTESIAN_POINT('',(-60.,0.,-32.));
#3502=CARTESIAN_POINT('',(-60.,20.,-32.));
#3503=CARTESIAN_POINT('',(-68.,20.,-32.));
#3504=CARTESIAN_POINT('',(-68.,20.,-40.));
#3505=CARTESIAN_POINT('',(-68.,20.,-40.));
#3506=CARTESIAN_POINT('',(-68.,0.,-32.));
#3507=CARTESIAN_POINT('',(-102.,0.,-32.));
#3508=CARTESIAN_POINT('',(-102.,0.,-40.));
#3509=CARTESIAN_POINT('',(-110.,0.,-32.));
#3510=CARTESIAN_POINT('',(-102.,0.,-40.));
#3511=CARTESIAN_POINT('',(-102.,20.,-40.));
#3512=CARTESIAN_POINT('',(-102.,20.,-32.));
#3513=CARTESIAN_POINT('',(-110.,20.,-32.));
#3514=CARTESIAN_POINT('',(-110.,20.,-32.));
#3515=CARTESIAN_POINT('',(-102.,0.,-32.));
#3516=CARTESIAN_POINT('',(-68.,0.,32.));
#3517=CARTESIAN_POINT('',(-68.,0.,40.));
#3518=CARTESIAN_POINT('',(-60.,0.,32.));
#3519=CARTESIAN_POINT('',(-68.,0.,40.));
#3520=CARTESIAN_POINT('',(-68.,20.,40.));
#3521=CARTESIAN_POINT('',(-68.,20.,32.));
#3522=CARTESIAN_POINT('',(-60.,20.,32.));
#3523=CARTESIAN_POINT('',(-60.,20.,32.));
#3524=CARTESIAN_POINT('',(-68.,0.,32.));
#3525=CARTESIAN_POINT('',(-102.,0.,32.));
#3526=CARTESIAN_POINT('',(-110.,0.,32.));
#3527=CARTESIAN_POINT('',(-102.,0.,40.));
#3528=CARTESIAN_POINT('',(-110.,0.,32.));
#3529=CARTESIAN_POINT('',(-110.,20.,32.));
#3530=CARTESIAN_POINT('',(-102.,20.,32.));
#3531=CARTESIAN_POINT('',(-102.,20.,40.));
#3532=CARTESIAN_POINT('',(-102.,20.,40.));
#3533=CARTESIAN_POINT('',(-102.,0.,32.));
#3534=CARTESIAN_POINT('',(-110.,20.,-40.));
#3535=CARTESIAN_POINT('',(-110.,0.,-40.));
#3536=CARTESIAN_POINT('',(-110.,0.,-40.));
#3537=CARTESIAN_POINT('',(-110.,20.,40.));
#3538=CARTESIAN_POINT('',(-110.,0.,40.));
#3539=CARTESIAN_POINT('',(-110.,0.,40.));
#3540=CARTESIAN_POINT('',(-110.,0.,40.));
#3541=CARTESIAN_POINT('',(-110.,20.,40.));
#3542=CARTESIAN_POINT('',(-110.,0.,40.));
#3543=CARTESIAN_POINT('',(-60.,0.,40.));
#3544=CARTESIAN_POINT('',(-60.,20.,40.));
#3545=CARTESIAN_POINT('',(-60.,0.,40.));
#3546=CARTESIAN_POINT('',(-50.,35.,-30.));
#3547=CARTESIAN_POINT('',(-50.,35.,-45.));
#3548=CARTESIAN_POINT('',(-35.,35.,-30.));
#3549=CARTESIAN_POINT('',(-50.,35.,-45.));
#3550=CARTESIAN_POINT('',(-50.,20.,-45.));
#3551=CARTESIAN_POINT('',(-50.,20.,-30.));
#3552=CARTESIAN_POINT('',(-35.,20.,-30.));
#3553=CARTESIAN_POINT('',(-35.,20.,-30.));
#3554=CARTESIAN_POINT('',(-50.,20.,-30.));
#3555=CARTESIAN_POINT('',(-50.,35.,30.));
#3556=CARTESIAN_POINT('',(-35.,35.,30.));
#3557=CARTESIAN_POINT('',(-50.,35.,45.));
#3558=CARTESIAN_POINT('',(-35.,20.,30.));
#3559=CARTESIAN_POINT('',(-35.,20.,30.));
#3560=CARTESIAN_POINT('',(-50.,20.,30.));
#3561=CARTESIAN_POINT('',(-50.,20.,45.));
#3562=CARTESIAN_POINT('',(-50.,35.,45.));
#3563=CARTESIAN_POINT('',(-50.,35.,30.));
#3564=CARTESIAN_POINT('',(-125.,35.,60.));
#3565=CARTESIAN_POINT('',(-125.,35.,75.));
#3566=CARTESIAN_POINT('',(-125.,35.,60.));
#3567=CARTESIAN_POINT('',(-125.,35.,75.));
#3568=CARTESIAN_POINT('',(-35.,35.,75.));
#3569=CARTESIAN_POINT('',(-35.,35.,75.));
#3570=CARTESIAN_POINT('',(-50.,35.,50.));
#3571=CARTESIAN_POINT('',(-50.,35.,50.));
#3572=CARTESIAN_POINT('',(-60.,35.,50.));
#3573=CARTESIAN_POINT('',(-60.,35.,60.));
#3574=CARTESIAN_POINT('',(-60.,35.,60.));
#3575=CARTESIAN_POINT('',(-60.,35.,50.));
#3576=CARTESIAN_POINT('',(-60.,20.,60.));
#3577=CARTESIAN_POINT('',(-125.,20.,60.));
#3578=CARTESIAN_POINT('',(-60.,20.,60.));
#3579=CARTESIAN_POINT('',(-125.,35.,60.));
#3580=CARTESIAN_POINT('',(-60.,35.,60.));
#3581=CARTESIAN_POINT('',(-60.,35.,60.));
#3582=CARTESIAN_POINT('',(-60.,20.,50.));
#3583=CARTESIAN_POINT('',(-50.,20.,50.));
#3584=CARTESIAN_POINT('',(-50.,35.,50.));
#3585=CARTESIAN_POINT('',(-60.,35.,50.));
#3586=CARTESIAN_POINT('',(-50.,20.,50.));
#3587=CARTESIAN_POINT('',(-50.,35.,50.));
#3588=CARTESIAN_POINT('',(-125.,35.,-60.));
#3589=CARTESIAN_POINT('',(-125.,35.,-75.));
#3590=CARTESIAN_POINT('',(-125.,35.,-60.));
#3591=CARTESIAN_POINT('',(-60.,35.,-60.));
#3592=CARTESIAN_POINT('',(-60.,35.,-60.));
#3593=CARTESIAN_POINT('',(-60.,35.,-50.));
#3594=CARTESIAN_POINT('',(-50.,35.,-50.));
#3595=CARTESIAN_POINT('',(-50.,35.,-50.));
#3596=CARTESIAN_POINT('',(-35.,35.,-75.));
#3597=CARTESIAN_POINT('',(-35.,35.,-75.));
#3598=CARTESIAN_POINT('',(-125.,35.,-75.));
#3599=CARTESIAN_POINT('',(-60.,35.,-50.));
#3600=CARTESIAN_POINT('',(-50.,20.,-50.));
#3601=CARTESIAN_POINT('',(-50.,20.,-50.));
#3602=CARTESIAN_POINT('',(-50.,35.,-50.));
#3603=CARTESIAN_POINT('',(-50.,35.,-50.));
#3604=CARTESIAN_POINT('',(-60.,20.,-50.));
#3605=CARTESIAN_POINT('',(-60.,20.,-60.));
#3606=CARTESIAN_POINT('',(-60.,35.,-60.));
#3607=CARTESIAN_POINT('',(-60.,35.,-50.));
#3608=CARTESIAN_POINT('',(-60.,20.,-60.));
#3609=CARTESIAN_POINT('',(-125.,20.,-60.));
#3610=CARTESIAN_POINT('',(-125.,35.,-60.));
#3611=CARTESIAN_POINT('',(-60.,35.,-60.));
#3612=CARTESIAN_POINT('',(-6.99999999999998,15.,-7.));
#3613=CARTESIAN_POINT('',(-6.99999999999999,15.,-15.));
#3614=CARTESIAN_POINT('',(-15.,15.,-7.));
#3615=CARTESIAN_POINT('',(-6.99999999999998,15.,-15.));
#3616=CARTESIAN_POINT('',(-6.99999999999999,50.,-15.));
#3617=CARTESIAN_POINT('',(-6.99999999999998,50.,-7.));
#3618=CARTESIAN_POINT('',(-15.,50.,-7.));
#3619=CARTESIAN_POINT('',(-15.,50.,-7.));
#3620=CARTESIAN_POINT('',(-6.99999999999998,15.,-7.));
#3621=CARTESIAN_POINT('',(-6.99999999999998,15.,7.));
#3622=CARTESIAN_POINT('',(-15.,15.,7.));
#3623=CARTESIAN_POINT('',(-6.99999999999998,15.,15.));
#3624=CARTESIAN_POINT('',(-15.,15.,7.));
#3625=CARTESIAN_POINT('',(-15.,50.,7.));
#3626=CARTESIAN_POINT('',(-6.99999999999998,50.,7.));
#3627=CARTESIAN_POINT('',(-6.99999999999998,50.,15.));
#3628=CARTESIAN_POINT('',(-6.99999999999998,50.,15.));
#3629=CARTESIAN_POINT('',(-6.99999999999998,15.,7.));
#3630=CARTESIAN_POINT('',(-15.,15.,-15.));
#3631=CARTESIAN_POINT('',(-15.,15.,15.));
#3632=CARTESIAN_POINT('',(125.,15.,15.));
#3633=CARTESIAN_POINT('',(125.,15.,-15.));
#3634=CARTESIAN_POINT('',(125.,15.,-15.));
#3635=CARTESIAN_POINT('',(-15.,15.,-15.));
#3636=CARTESIAN_POINT('',(0.,15.,0.));
#3637=CARTESIAN_POINT('',(-15.,50.,-15.));
#3638=CARTESIAN_POINT('',(125.,50.,-15.));
#3639=CARTESIAN_POINT('',(125.,15.,-15.));
#3640=CARTESIAN_POINT('',(-15.,15.,-15.));
#3641=CARTESIAN_POINT('',(-15.,50.,-15.));
#3642=CARTESIAN_POINT('',(-15.,15.,-15.));
#3643=CARTESIAN_POINT('',(-15.,50.,15.));
#3644=CARTESIAN_POINT('',(125.,50.,15.));
#3645=CARTESIAN_POINT('',(125.,15.,15.));
#3646=CARTESIAN_POINT('',(-15.,15.,15.));
#3647=CARTESIAN_POINT('',(40.,25.,50.));
#3648=CARTESIAN_POINT('',(40.,25.,35.));
#3649=CARTESIAN_POINT('',(25.,25.,50.));
#3650=CARTESIAN_POINT('',(40.,25.,35.));
#3651=CARTESIAN_POINT('',(40.,50.,35.));
#3652=CARTESIAN_POINT('',(40.,50.,50.));
#3653=CARTESIAN_POINT('',(25.,50.,50.));
#3654=CARTESIAN_POINT('',(25.,50.,50.));
#3655=CARTESIAN_POINT('',(40.,25.,50.));
#3656=CARTESIAN_POINT('',(40.,25.,-50.));
#3657=CARTESIAN_POINT('',(25.,25.,-50.));
#3658=CARTESIAN_POINT('',(40.,25.,-35.));
#3659=CARTESIAN_POINT('',(25.,25.,-50.));
#3660=CARTESIAN_POINT('',(25.,50.,-50.));
#3661=CARTESIAN_POINT('',(40.,50.,-50.));
#3662=CARTESIAN_POINT('',(40.,50.,-35.));
#3663=CARTESIAN_POINT('',(40.,50.,-35.));
#3664=CARTESIAN_POINT('',(40.,25.,-50.));
#3665=CARTESIAN_POINT('',(25.,25.,-75.));
#3666=CARTESIAN_POINT('',(25.,25.,-75.));
#3667=CARTESIAN_POINT('',(125.,25.,-35.));
#3668=CARTESIAN_POINT('',(125.,25.,-35.));
#3669=CARTESIAN_POINT('',(125.,25.,-75.));
#3670=CARTESIAN_POINT('',(125.,25.,-75.));
#3671=CARTESIAN_POINT('',(125.,25.,-75.));
#3672=CARTESIAN_POINT('',(50.,25.,-55.));
#3673=CARTESIAN_POINT('',(100.,25.,-55.));
#3674=CARTESIAN_POINT('',(75.,25.,-55.));
#3675=CARTESIAN_POINT('',(0.,25.,0.));
#3676=CARTESIAN_POINT('',(25.,50.,-75.));
#3677=CARTESIAN_POINT('',(25.,50.,-75.));
#3678=CARTESIAN_POINT('',(25.,25.,-75.));
#3679=CARTESIAN_POINT('',(25.,25.,-75.));
#3680=CARTESIAN_POINT('',(125.,50.,-35.));
#3681=CARTESIAN_POINT('',(125.,50.,-35.));
#3682=CARTESIAN_POINT('',(125.,25.,-35.));
#3683=CARTESIAN_POINT('',(125.,25.,-35.));
#3684=CARTESIAN_POINT('',(125.,25.,35.));
#3685=CARTESIAN_POINT('',(125.,25.,35.));
#3686=CARTESIAN_POINT('',(25.,25.,75.));
#3687=CARTESIAN_POINT('',(25.,25.,75.));
#3688=CARTESIAN_POINT('',(125.,25.,75.));
#3689=CARTESIAN_POINT('',(125.,25.,75.));
#3690=CARTESIAN_POINT('',(125.,25.,75.));
#3691=CARTESIAN_POINT('',(50.,25.,55.));
#3692=CARTESIAN_POINT('',(100.,25.,55.));
#3693=CARTESIAN_POINT('',(75.,25.,55.));
#3694=CARTESIAN_POINT('',(0.,25.,0.));
#3695=CARTESIAN_POINT('',(125.,50.,35.));
#3696=CARTESIAN_POINT('',(125.,50.,35.));
#3697=CARTESIAN_POINT('',(125.,25.,35.));
#3698=CARTESIAN_POINT('',(125.,25.,35.));
#3699=CARTESIAN_POINT('',(25.,50.,75.));
#3700=CARTESIAN_POINT('',(25.,50.,75.));
#3701=CARTESIAN_POINT('',(25.,25.,75.));
#3702=CARTESIAN_POINT('',(25.,25.,75.));
#3703=CARTESIAN_POINT('',(125.,0.,-75.));
#3704=CARTESIAN_POINT('',(-125.,0.,-75.));
#3705=CARTESIAN_POINT('',(125.,0.,-75.));
#3706=CARTESIAN_POINT('',(-15.,0.,50.));
#3707=CARTESIAN_POINT('',(-15.,0.,-50.));
#3708=CARTESIAN_POINT('',(50.,0.,-55.));
#3709=CARTESIAN_POINT('',(100.,0.,-55.));
#3710=CARTESIAN_POINT('',(75.,0.,-55.));
#3711=CARTESIAN_POINT('',(50.,0.,55.));
#3712=CARTESIAN_POINT('',(100.,0.,55.));
#3713=CARTESIAN_POINT('',(75.,0.,55.));
#3714=CARTESIAN_POINT('',(0.,0.,0.));
#3715=CARTESIAN_POINT('',(-125.,50.,75.));
#3716=CARTESIAN_POINT('',(125.,50.,-75.));
#3717=CARTESIAN_POINT('',(125.,50.,-75.));
#3718=CARTESIAN_POINT('',(-125.,50.,-75.));
#3719=CARTESIAN_POINT('',(-35.,50.,75.));
#3720=CARTESIAN_POINT('',(0.,50.,0.));
#3721=CARTESIAN_POINT('',(125.,50.,75.));
#3722=CARTESIAN_POINT('',(-35.,20.,75.));
#3723=CARTESIAN_POINT('',(-125.,50.,75.));
#3724=CARTESIAN_POINT('',(-125.,50.,75.));
#3725=CARTESIAN_POINT('',(-35.,20.,75.));
#3726=CARTESIAN_POINT('',(-125.,20.,75.));
#3727=CARTESIAN_POINT('',(0.,20.,0.));
#3728=CARTESIAN_POINT('',(-35.,20.,-75.));
#3729=CARTESIAN_POINT('',(-35.,20.,75.));
#3730=CARTESIAN_POINT('',(-125.,50.,-75.));
#3731=CARTESIAN_POINT('',(-125.,50.,-75.));
#3732=CARTESIAN_POINT('',(125.,50.,-75.));
#3733=CARTESIAN_POINT('',(-125.,50.,-75.));
#3734=CARTESIAN_POINT('',(125.,50.,-75.));
#3735=CARTESIAN_POINT('',(-15.,65.,50.));
#3736=CARTESIAN_POINT('',(-15.,65.,50.));
#3737=CARTESIAN_POINT('',(-15.,65.,-50.));
#3738=CARTESIAN_POINT('',(-15.,65.,-50.));
#3739=CARTESIAN_POINT('',(50.,25.,-55.));
#3740=CARTESIAN_POINT('',(100.,25.,-55.));
#3741=CARTESIAN_POINT('',(75.,25.,-55.));
#3742=CARTESIAN_POINT('',(50.,25.,55.));
#3743=CARTESIAN_POINT('',(100.,25.,55.));
#3744=CARTESIAN_POINT('',(75.,25.,55.));
#3745=MECHANICAL_DESIGN_GEOMETRIC_PRESENTATION_REPRESENTATION('',(#24),
#3746);
#3746=(
GEOMETRIC_REPRESENTATION_CONTEXT(3)
GLOBAL_UNCERTAINTY_ASSIGNED_CONTEXT((#3747))
GLOBAL_UNIT_ASSIGNED_CONTEXT((#3753,#3749,#3748))
REPRESENTATION_CONTEXT('6_stp','TOP_LEVEL_ASSEMBLY_PART')
);
#3747=UNCERTAINTY_MEASURE_WITH_UNIT(LENGTH_MEASURE(0.001),#3753,
'DISTANCE_ACCURACY_VALUE','Maximum Tolerance applied to model');
#3748=(
NAMED_UNIT(*)
SI_UNIT($,.STERADIAN.)
SOLID_ANGLE_UNIT()
);
#3749=(
CONVERSION_BASED_UNIT('DEGREE',#3751)
NAMED_UNIT(#3750)
PLANE_ANGLE_UNIT()
);
#3750=DIMENSIONAL_EXPONENTS(0.,0.,0.,0.,0.,0.,0.);
#3751=PLANE_ANGLE_MEASURE_WITH_UNIT(PLANE_ANGLE_MEASURE(0.0174532925),#3752);
#3752=(
NAMED_UNIT(*)
PLANE_ANGLE_UNIT()
SI_UNIT($,.RADIAN.)
);
#3753=(
LENGTH_UNIT()
NAMED_UNIT(*)
SI_UNIT(.MILLI.,.METRE.)
);
ENDSEC;
END-ISO-10303-21;
