ISO-10303-21;
HEADER;
/* Generated by software containing ST-Developer
 * from STEP Tools, Inc. (www.steptools.com) 
 */
/* OPTION: using custom schema-name function */

FILE_DESCRIPTION(
/* description */ (''),
/* implementation_level */ '2;1');

FILE_NAME(
/* name */ '\X2\FF0872796B8AFF09\X0\7-14_stp.stp',
/* time_stamp */ '2026-05-11T15:47:21+08:00',
/* author */ (''),
/* organization */ (''),
/* preprocessor_version */ 'ST-DEVELOPER v20',
/* originating_system */ 'SIEMENS PLM Software NX2412.1700',
/* authorisation */ '');

FILE_SCHEMA (('AUTOMOTIVE_DESIGN { 1 0 10303 214 3 1 1 1 }'));
ENDSEC;

DATA;
#10=SHAPE_REPRESENTATION_RELATIONSHIP('None',
'relationship between \X2\FF0872796B8AFF09\X0\7-14_stp-None and \X2\FF0872796B8AFF09\X0\7
-14_stp-None',#22,#11);
#11=ADVANCED_BREP_SHAPE_REPRESENTATION('\X2\FF0872796B8AFF09\X0\7-14_s
tp-None',(#32),#11103);
#12=SHAPE_DEFINITION_REPRESENTATION(#13,#22);
#13=PRODUCT_DEFINITION_SHAPE('','',#14);
#14=PRODUCT_DEFINITION(' ','',#16,#15);
#15=PRODUCT_DEFINITION_CONTEXT('part definition',#21,'design');
#16=PRODUCT_DEFINITION_FORMATION_WITH_SPECIFIED_SOURCE(' ',' ',#18,
 .NOT_KNOWN.);
#17=PRODUCT_RELATED_PRODUCT_CATEGORY('part','',(#18));
#18=PRODUCT('\X2\FF0872796B8AFF09\X0\7-14_stp','\X2\FF0872796B8AFF09\X0\7
-14_stp',' ',(#19));
#19=PRODUCT_CONTEXT(' ',#21,'mechanical');
#20=APPLICATION_PROTOCOL_DEFINITION('international standard',
'automotive_design',2010,#21);
#21=APPLICATION_CONTEXT(
'core data for automotive mechanical design processes');
#22=SHAPE_REPRESENTATION('\X2\FF0872796B8AFF09\X0\7-14_stp-None',(#6446),
#11103);
#23=PRESENTATION_LAYER_ASSIGNMENT('1','Layer 1',(#32));
#24=STYLED_ITEM('',(#25),#32);
#25=PRESENTATION_STYLE_ASSIGNMENT((#26));
#26=SURFACE_STYLE_USAGE(.BOTH.,#27);
#27=SURFACE_SIDE_STYLE('',(#28));
#28=SURFACE_STYLE_FILL_AREA(#29);
#29=FILL_AREA_STYLE('',(#30));
#30=FILL_AREA_STYLE_COLOUR('',#31);
#31=COLOUR_RGB('pale blue',0.537254901960784,0.713725490196078,1.);
#32=MANIFOLD_SOLID_BREP('',#33);
#33=CLOSED_SHELL('',(#256,#257,#258,#259,#260,#261,#262,#263,#264,#265,
#266,#267,#268,#269,#270,#271,#272,#273,#274,#275,#276,#277,#278,#279,#280,
#281,#282,#283,#284,#285,#286,#287,#288,#289,#290,#291,#292,#293,#294,#295,
#296,#297,#298,#299,#300,#301,#302,#303,#304,#305,#306,#307,#308,#309,#310,
#311,#312,#313,#314,#315,#316,#317,#318,#319,#320,#321,#322,#323,#324,#325,
#326,#327,#328,#329,#330,#331,#332,#333,#334,#335,#336,#337,#338,#339,#340,
#341,#342,#343,#344,#345,#346,#347,#348,#349,#350,#351,#352,#353,#354,#355,
#356,#357,#358,#359,#360,#361,#362,#363,#364,#365,#366,#367,#368,#369,#370,
#371,#372,#373,#374,#375,#376,#377,#378,#379,#380,#381,#382,#383,#384,#385,
#386,#387,#388,#389,#390,#391,#392,#393,#394,#395,#396,#397,#398,#399,#400,
#401,#402,#403,#404,#405,#406,#407,#408,#409,#410,#411,#412,#413,#414,#415,
#416,#417,#418,#419,#420,#421,#422,#423,#424,#425,#426,#427,#428,#429,#430,
#431,#432,#433,#434,#435,#436,#437,#438,#439,#440,#441,#442,#443,#444,#445,
#446,#447,#448,#449,#450,#451,#452,#453,#454,#455,#456,#457,#458,#459,#460,
#461,#462,#463,#464,#465,#466,#467,#468,#469,#470,#471,#472,#473,#474,#475,
#476,#477,#478,#479,#480,#481,#482,#483,#484,#485,#486,#487,#488,#489,#490,
#491,#492,#493,#494,#495,#496,#497,#498,#499,#500,#501,#502,#503,#504,#505,
#506,#507,#508,#509,#510,#511,#512,#513,#514,#515,#516,#517,#518,#519,#520,
#521,#522,#523,#524,#525,#526,#527,#528,#529,#530,#531,#532,#533,#534,#535,
#536,#537,#538,#539,#540,#541,#542,#543,#544,#545,#546,#547,#548,#549,#550,
#551,#552,#553,#554,#555,#556,#557,#558,#559,#560,#561,#562,#563,#564,#565,
#566,#567,#568,#569,#570,#571,#572,#573,#574,#575,#576,#577,#578,#579,#580,
#581,#582,#583,#584,#585,#586,#587,#588,#589,#590,#591,#592,#593,#594,#595,
#596,#597,#598,#599,#600,#601,#602,#603));
#34=ELLIPSE('',#6863,5.56300970237595,5.);
#35=ELLIPSE('',#7129,3.61595630654437,3.25);
#36=B_SPLINE_CURVE_WITH_KNOTS('',3,(#10372,#10373,#10374,#10375),
 .UNSPECIFIED.,.F.,.F.,(4,4),(0.,1.),.UNSPECIFIED.);
#37=FACE_BOUND('',#1136,.T.);
#38=FACE_BOUND('',#1137,.T.);
#39=FACE_BOUND('',#1215,.T.);
#40=FACE_BOUND('',#1216,.T.);
#41=FACE_BOUND('',#1217,.T.);
#42=FACE_BOUND('',#1218,.T.);
#43=FACE_BOUND('',#1219,.T.);
#44=FACE_BOUND('',#1220,.T.);
#45=FACE_BOUND('',#1221,.T.);
#46=FACE_BOUND('',#1222,.T.);
#47=FACE_BOUND('',#1223,.T.);
#48=FACE_BOUND('',#1224,.T.);
#49=FACE_BOUND('',#1225,.T.);
#50=FACE_BOUND('',#1226,.T.);
#51=FACE_BOUND('',#1227,.T.);
#52=FACE_BOUND('',#1228,.T.);
#53=FACE_BOUND('',#1229,.T.);
#54=FACE_BOUND('',#1230,.T.);
#55=FACE_BOUND('',#1231,.T.);
#56=FACE_BOUND('',#1232,.T.);
#57=FACE_BOUND('',#1233,.T.);
#58=FACE_BOUND('',#1234,.T.);
#59=FACE_BOUND('',#1235,.T.);
#60=FACE_BOUND('',#1268,.T.);
#61=FACE_BOUND('',#1269,.T.);
#62=FACE_BOUND('',#1270,.T.);
#63=FACE_BOUND('',#1271,.T.);
#64=FACE_BOUND('',#1272,.T.);
#65=FACE_BOUND('',#1273,.T.);
#66=FACE_BOUND('',#1274,.T.);
#67=FACE_BOUND('',#1275,.T.);
#68=FACE_BOUND('',#1276,.T.);
#69=FACE_BOUND('',#1277,.T.);
#70=FACE_BOUND('',#1278,.T.);
#71=FACE_BOUND('',#1279,.T.);
#72=FACE_BOUND('',#1280,.T.);
#73=FACE_BOUND('',#1281,.T.);
#74=FACE_BOUND('',#1282,.T.);
#75=FACE_BOUND('',#1283,.T.);
#76=FACE_BOUND('',#1284,.T.);
#77=FACE_BOUND('',#1285,.T.);
#78=FACE_BOUND('',#1286,.T.);
#79=FACE_BOUND('',#1287,.T.);
#80=FACE_BOUND('',#1288,.T.);
#81=FACE_BOUND('',#1289,.T.);
#82=FACE_BOUND('',#1351,.T.);
#83=FACE_BOUND('',#1352,.T.);
#84=FACE_BOUND('',#1385,.T.);
#85=FACE_BOUND('',#1386,.T.);
#86=FACE_BOUND('',#1409,.T.);
#87=FACE_BOUND('',#1410,.T.);
#88=FACE_BOUND('',#1486,.T.);
#89=FACE_BOUND('',#1487,.T.);
#90=FACE_BOUND('',#1500,.T.);
#91=FACE_BOUND('',#1501,.T.);
#92=FACE_BOUND('',#1510,.T.);
#93=FACE_BOUND('',#1511,.T.);
#94=FACE_BOUND('',#1512,.T.);
#95=FACE_BOUND('',#1513,.T.);
#96=FACE_BOUND('',#1514,.T.);
#97=FACE_BOUND('',#1515,.T.);
#98=PLANE('',#6459);
#99=PLANE('',#6460);
#100=PLANE('',#6470);
#101=PLANE('',#6471);
#102=PLANE('',#6478);
#103=PLANE('',#6481);
#104=PLANE('',#6486);
#105=PLANE('',#6499);
#106=PLANE('',#6500);
#107=PLANE('',#6501);
#108=PLANE('',#6504);
#109=PLANE('',#6509);
#110=PLANE('',#6510);
#111=PLANE('',#6514);
#112=PLANE('',#6521);
#113=PLANE('',#6526);
#114=PLANE('',#6531);
#115=PLANE('',#6532);
#116=PLANE('',#6546);
#117=PLANE('',#6549);
#118=PLANE('',#6550);
#119=PLANE('',#6553);
#120=PLANE('',#6556);
#121=PLANE('',#6566);
#122=PLANE('',#6570);
#123=PLANE('',#6573);
#124=PLANE('',#6578);
#125=PLANE('',#6585);
#126=PLANE('',#6593);
#127=PLANE('',#6594);
#128=PLANE('',#6597);
#129=PLANE('',#6598);
#130=PLANE('',#6602);
#131=PLANE('',#6603);
#132=PLANE('',#6607);
#133=PLANE('',#6613);
#134=PLANE('',#6620);
#135=PLANE('',#6696);
#136=PLANE('',#6701);
#137=PLANE('',#6704);
#138=PLANE('',#6707);
#139=PLANE('',#6710);
#140=PLANE('',#6713);
#141=PLANE('',#6718);
#142=PLANE('',#6725);
#143=PLANE('',#6728);
#144=PLANE('',#6731);
#145=PLANE('',#6732);
#146=PLANE('',#6735);
#147=PLANE('',#6738);
#148=PLANE('',#6741);
#149=PLANE('',#6822);
#150=PLANE('',#6826);
#151=PLANE('',#6829);
#152=PLANE('',#6836);
#153=PLANE('',#6839);
#154=PLANE('',#6846);
#155=PLANE('',#6849);
#156=PLANE('',#6852);
#157=PLANE('',#6855);
#158=PLANE('',#6858);
#159=PLANE('',#6859);
#160=PLANE('',#6861);
#161=PLANE('',#6865);
#162=PLANE('',#6867);
#163=PLANE('',#6872);
#164=PLANE('',#6875);
#165=PLANE('',#6878);
#166=PLANE('',#6885);
#167=PLANE('',#6888);
#168=PLANE('',#6891);
#169=PLANE('',#6898);
#170=PLANE('',#6901);
#171=PLANE('',#6904);
#172=PLANE('',#6911);
#173=PLANE('',#6914);
#174=PLANE('',#6917);
#175=PLANE('',#6921);
#176=PLANE('',#6924);
#177=PLANE('',#6927);
#178=PLANE('',#6934);
#179=PLANE('',#6941);
#180=PLANE('',#6944);
#181=PLANE('',#6947);
#182=PLANE('',#6950);
#183=PLANE('',#6953);
#184=PLANE('',#6956);
#185=PLANE('',#6963);
#186=PLANE('',#6966);
#187=PLANE('',#6969);
#188=PLANE('',#6979);
#189=PLANE('',#6982);
#190=PLANE('',#6985);
#191=PLANE('',#6986);
#192=PLANE('',#6989);
#193=PLANE('',#6992);
#194=PLANE('',#6995);
#195=PLANE('',#7002);
#196=PLANE('',#7005);
#197=PLANE('',#7010);
#198=PLANE('',#7017);
#199=PLANE('',#7020);
#200=PLANE('',#7027);
#201=PLANE('',#7030);
#202=PLANE('',#7033);
#203=PLANE('',#7036);
#204=PLANE('',#7039);
#205=PLANE('',#7046);
#206=PLANE('',#7049);
#207=PLANE('',#7052);
#208=PLANE('',#7055);
#209=PLANE('',#7062);
#210=PLANE('',#7067);
#211=PLANE('',#7074);
#212=PLANE('',#7077);
#213=PLANE('',#7078);
#214=PLANE('',#7081);
#215=PLANE('',#7084);
#216=PLANE('',#7087);
#217=PLANE('',#7094);
#218=PLANE('',#7097);
#219=PLANE('',#7100);
#220=PLANE('',#7103);
#221=PLANE('',#7106);
#222=PLANE('',#7117);
#223=PLANE('',#7120);
#224=PLANE('',#7123);
#225=PLANE('',#7126);
#226=PLANE('',#7127);
#227=PLANE('',#7128);
#228=PLANE('',#7130);
#229=PLANE('',#7131);
#230=PLANE('',#7132);
#231=PLANE('',#7133);
#232=PLANE('',#7134);
#233=PLANE('',#7135);
#234=PLANE('',#7136);
#235=PLANE('',#7137);
#236=PLANE('',#7138);
#237=PLANE('',#7139);
#238=PLANE('',#7140);
#239=PLANE('',#7141);
#240=PLANE('',#7142);
#241=PLANE('',#7144);
#242=PLANE('',#7145);
#243=PLANE('',#7146);
#244=PLANE('',#7147);
#245=PLANE('',#7148);
#246=PLANE('',#7149);
#247=PLANE('',#7150);
#248=PLANE('',#7151);
#249=PLANE('',#7152);
#250=PLANE('',#7157);
#251=PLANE('',#7158);
#252=PLANE('',#7159);
#253=PLANE('',#7160);
#254=PLANE('',#7161);
#255=PLANE('',#7169);
#256=ADVANCED_FACE('',(#794),#604,.T.);
#257=ADVANCED_FACE('',(#795),#605,.T.);
#258=ADVANCED_FACE('',(#796),#606,.T.);
#259=ADVANCED_FACE('',(#797),#607,.T.);
#260=ADVANCED_FACE('',(#798),#98,.F.);
#261=ADVANCED_FACE('',(#799),#99,.F.);
#262=ADVANCED_FACE('',(#37,#38),#608,.F.);
#263=ADVANCED_FACE('',(#800),#609,.F.);
#264=ADVANCED_FACE('',(#801),#610,.F.);
#265=ADVANCED_FACE('',(#802),#100,.T.);
#266=ADVANCED_FACE('',(#803),#101,.T.);
#267=ADVANCED_FACE('',(#804),#611,.F.);
#268=ADVANCED_FACE('',(#805),#102,.T.);
#269=ADVANCED_FACE('',(#806),#612,.F.);
#270=ADVANCED_FACE('',(#807),#103,.F.);
#271=ADVANCED_FACE('',(#808),#613,.T.);
#272=ADVANCED_FACE('',(#809),#614,.F.);
#273=ADVANCED_FACE('',(#810),#104,.T.);
#274=ADVANCED_FACE('',(#811),#615,.F.);
#275=ADVANCED_FACE('',(#812),#616,.F.);
#276=ADVANCED_FACE('',(#813),#617,.F.);
#277=ADVANCED_FACE('',(#814),#105,.T.);
#278=ADVANCED_FACE('',(#815),#106,.T.);
#279=ADVANCED_FACE('',(#816),#107,.T.);
#280=ADVANCED_FACE('',(#817),#618,.F.);
#281=ADVANCED_FACE('',(#818),#108,.F.);
#282=ADVANCED_FACE('',(#819),#619,.T.);
#283=ADVANCED_FACE('',(#820),#620,.F.);
#284=ADVANCED_FACE('',(#821),#109,.T.);
#285=ADVANCED_FACE('',(#822),#110,.F.);
#286=ADVANCED_FACE('',(#823),#621,.F.);
#287=ADVANCED_FACE('',(#824),#111,.T.);
#288=ADVANCED_FACE('',(#825),#622,.F.);
#289=ADVANCED_FACE('',(#826),#623,.T.);
#290=ADVANCED_FACE('',(#827),#112,.T.);
#291=ADVANCED_FACE('',(#828),#113,.T.);
#292=ADVANCED_FACE('',(#829),#624,.F.);
#293=ADVANCED_FACE('',(#830),#625,.F.);
#294=ADVANCED_FACE('',(#831),#114,.T.);
#295=ADVANCED_FACE('',(#832),#115,.T.);
#296=ADVANCED_FACE('',(#833),#626,.F.);
#297=ADVANCED_FACE('',(#834),#627,.F.);
#298=ADVANCED_FACE('',(#835),#628,.F.);
#299=ADVANCED_FACE('',(#836),#629,.F.);
#300=ADVANCED_FACE('',(#837),#630,.F.);
#301=ADVANCED_FACE('',(#838),#116,.F.);
#302=ADVANCED_FACE('',(#839),#117,.T.);
#303=ADVANCED_FACE('',(#840),#118,.F.);
#304=ADVANCED_FACE('',(#841),#631,.T.);
#305=ADVANCED_FACE('',(#842),#119,.T.);
#306=ADVANCED_FACE('',(#843),#632,.F.);
#307=ADVANCED_FACE('',(#844),#120,.T.);
#308=ADVANCED_FACE('',(#845),#633,.F.);
#309=ADVANCED_FACE('',(#846),#634,.F.);
#310=ADVANCED_FACE('',(#847),#635,.F.);
#311=ADVANCED_FACE('',(#848),#121,.T.);
#312=ADVANCED_FACE('',(#849),#122,.T.);
#313=ADVANCED_FACE('',(#850),#636,.T.);
#314=ADVANCED_FACE('',(#851),#123,.T.);
#315=ADVANCED_FACE('',(#852),#637,.F.);
#316=ADVANCED_FACE('',(#853),#638,.F.);
#317=ADVANCED_FACE('',(#854),#124,.F.);
#318=ADVANCED_FACE('',(#855),#639,.F.);
#319=ADVANCED_FACE('',(#856),#640,.F.);
#320=ADVANCED_FACE('',(#857),#125,.F.);
#321=ADVANCED_FACE('',(#858),#641,.F.);
#322=ADVANCED_FACE('',(#859),#642,.T.);
#323=ADVANCED_FACE('',(#860),#126,.T.);
#324=ADVANCED_FACE('',(#861),#127,.F.);
#325=ADVANCED_FACE('',(#862),#643,.F.);
#326=ADVANCED_FACE('',(#863),#128,.T.);
#327=ADVANCED_FACE('',(#864),#129,.T.);
#328=ADVANCED_FACE('',(#865),#644,.F.);
#329=ADVANCED_FACE('',(#866),#130,.T.);
#330=ADVANCED_FACE('',(#867),#131,.F.);
#331=ADVANCED_FACE('',(#868),#645,.F.);
#332=ADVANCED_FACE('',(#869),#132,.T.);
#333=ADVANCED_FACE('',(#870),#133,.T.);
#334=ADVANCED_FACE('',(#871),#646,.F.);
#335=ADVANCED_FACE('',(#872),#647,.F.);
#336=ADVANCED_FACE('',(#873),#648,.F.);
#337=ADVANCED_FACE('',(#874),#134,.T.);
#338=ADVANCED_FACE('',(#875),#649,.T.);
#339=ADVANCED_FACE('',(#876),#650,.F.);
#340=ADVANCED_FACE('',(#39,#40,#41,#42,#43,#44,#45,#46,#47,#48,#49,#50,
#51,#52,#53,#54,#55,#56,#57,#58,#59),#135,.F.);
#341=ADVANCED_FACE('',(#877),#651,.T.);
#342=ADVANCED_FACE('',(#878),#652,.F.);
#343=ADVANCED_FACE('',(#879),#136,.F.);
#344=ADVANCED_FACE('',(#880),#653,.F.);
#345=ADVANCED_FACE('',(#881),#137,.T.);
#346=ADVANCED_FACE('',(#882),#654,.F.);
#347=ADVANCED_FACE('',(#883),#138,.T.);
#348=ADVANCED_FACE('',(#884),#655,.F.);
#349=ADVANCED_FACE('',(#885),#139,.T.);
#350=ADVANCED_FACE('',(#886),#656,.F.);
#351=ADVANCED_FACE('',(#887),#140,.T.);
#352=ADVANCED_FACE('',(#888),#657,.F.);
#353=ADVANCED_FACE('',(#889),#658,.F.);
#354=ADVANCED_FACE('',(#890),#141,.T.);
#355=ADVANCED_FACE('',(#891),#659,.F.);
#356=ADVANCED_FACE('',(#892),#660,.T.);
#357=ADVANCED_FACE('',(#893),#661,.F.);
#358=ADVANCED_FACE('',(#894),#142,.F.);
#359=ADVANCED_FACE('',(#895),#662,.F.);
#360=ADVANCED_FACE('',(#896),#143,.T.);
#361=ADVANCED_FACE('',(#897),#663,.F.);
#362=ADVANCED_FACE('',(#898),#144,.T.);
#363=ADVANCED_FACE('',(#899),#145,.F.);
#364=ADVANCED_FACE('',(#900),#664,.F.);
#365=ADVANCED_FACE('',(#901),#146,.T.);
#366=ADVANCED_FACE('',(#902),#665,.F.);
#367=ADVANCED_FACE('',(#903),#147,.T.);
#368=ADVANCED_FACE('',(#904),#666,.F.);
#369=ADVANCED_FACE('',(#905),#148,.T.);
#370=ADVANCED_FACE('',(#906),#667,.F.);
#371=ADVANCED_FACE('',(#907),#668,.T.);
#372=ADVANCED_FACE('',(#908),#669,.F.);
#373=ADVANCED_FACE('',(#60,#61,#62,#63,#64,#65,#66,#67,#68,#69,#70,#71,
#72,#73,#74,#75,#76,#77,#78,#79),#149,.T.);
#374=ADVANCED_FACE('',(#80,#81),#670,.F.);
#375=ADVANCED_FACE('',(#909),#671,.F.);
#376=ADVANCED_FACE('',(#910),#150,.T.);
#377=ADVANCED_FACE('',(#911),#672,.F.);
#378=ADVANCED_FACE('',(#912),#151,.F.);
#379=ADVANCED_FACE('',(#913),#673,.F.);
#380=ADVANCED_FACE('',(#914),#674,.T.);
#381=ADVANCED_FACE('',(#915),#675,.F.);
#382=ADVANCED_FACE('',(#916),#152,.T.);
#383=ADVANCED_FACE('',(#917),#676,.F.);
#384=ADVANCED_FACE('',(#918),#153,.T.);
#385=ADVANCED_FACE('',(#919),#677,.F.);
#386=ADVANCED_FACE('',(#920),#678,.T.);
#387=ADVANCED_FACE('',(#921),#679,.F.);
#388=ADVANCED_FACE('',(#922),#154,.T.);
#389=ADVANCED_FACE('',(#923),#680,.F.);
#390=ADVANCED_FACE('',(#924),#155,.T.);
#391=ADVANCED_FACE('',(#925),#681,.F.);
#392=ADVANCED_FACE('',(#926),#156,.T.);
#393=ADVANCED_FACE('',(#927),#682,.F.);
#394=ADVANCED_FACE('',(#928),#157,.T.);
#395=ADVANCED_FACE('',(#929),#683,.F.);
#396=ADVANCED_FACE('',(#930),#158,.F.);
#397=ADVANCED_FACE('',(#931),#159,.F.);
#398=ADVANCED_FACE('',(#932),#160,.F.);
#399=ADVANCED_FACE('',(#933),#684,.F.);
#400=ADVANCED_FACE('',(#934),#685,.F.);
#401=ADVANCED_FACE('',(#935),#161,.F.);
#402=ADVANCED_FACE('',(#936),#686,.T.);
#403=ADVANCED_FACE('',(#937),#162,.F.);
#404=ADVANCED_FACE('',(#938),#687,.T.);
#405=ADVANCED_FACE('',(#939),#688,.F.);
#406=ADVANCED_FACE('',(#940),#163,.F.);
#407=ADVANCED_FACE('',(#941),#689,.F.);
#408=ADVANCED_FACE('',(#942),#164,.F.);
#409=ADVANCED_FACE('',(#943),#690,.F.);
#410=ADVANCED_FACE('',(#944),#165,.T.);
#411=ADVANCED_FACE('',(#945),#691,.F.);
#412=ADVANCED_FACE('',(#946),#692,.T.);
#413=ADVANCED_FACE('',(#947),#693,.F.);
#414=ADVANCED_FACE('',(#948),#166,.F.);
#415=ADVANCED_FACE('',(#949),#694,.F.);
#416=ADVANCED_FACE('',(#950),#167,.T.);
#417=ADVANCED_FACE('',(#951),#695,.F.);
#418=ADVANCED_FACE('',(#952),#168,.T.);
#419=ADVANCED_FACE('',(#953),#696,.F.);
#420=ADVANCED_FACE('',(#954),#697,.T.);
#421=ADVANCED_FACE('',(#955),#698,.F.);
#422=ADVANCED_FACE('',(#956),#169,.F.);
#423=ADVANCED_FACE('',(#957),#699,.F.);
#424=ADVANCED_FACE('',(#958),#170,.T.);
#425=ADVANCED_FACE('',(#959),#700,.F.);
#426=ADVANCED_FACE('',(#960),#171,.T.);
#427=ADVANCED_FACE('',(#961),#701,.F.);
#428=ADVANCED_FACE('',(#962),#702,.T.);
#429=ADVANCED_FACE('',(#963),#703,.F.);
#430=ADVANCED_FACE('',(#964),#172,.F.);
#431=ADVANCED_FACE('',(#965),#704,.F.);
#432=ADVANCED_FACE('',(#966),#173,.F.);
#433=ADVANCED_FACE('',(#967),#705,.F.);
#434=ADVANCED_FACE('',(#968),#174,.T.);
#435=ADVANCED_FACE('',(#969),#706,.F.);
#436=ADVANCED_FACE('',(#82,#83),#707,.F.);
#437=ADVANCED_FACE('',(#970),#175,.T.);
#438=ADVANCED_FACE('',(#971),#708,.F.);
#439=ADVANCED_FACE('',(#972),#176,.T.);
#440=ADVANCED_FACE('',(#973),#709,.F.);
#441=ADVANCED_FACE('',(#974),#177,.T.);
#442=ADVANCED_FACE('',(#975),#710,.F.);
#443=ADVANCED_FACE('',(#976),#711,.T.);
#444=ADVANCED_FACE('',(#977),#712,.F.);
#445=ADVANCED_FACE('',(#978),#178,.F.);
#446=ADVANCED_FACE('',(#979),#713,.F.);
#447=ADVANCED_FACE('',(#980),#714,.T.);
#448=ADVANCED_FACE('',(#981),#715,.F.);
#449=ADVANCED_FACE('',(#982),#179,.F.);
#450=ADVANCED_FACE('',(#983),#716,.F.);
#451=ADVANCED_FACE('',(#984),#180,.T.);
#452=ADVANCED_FACE('',(#985),#717,.F.);
#453=ADVANCED_FACE('',(#986),#181,.T.);
#454=ADVANCED_FACE('',(#987),#718,.F.);
#455=ADVANCED_FACE('',(#988),#182,.T.);
#456=ADVANCED_FACE('',(#989),#719,.F.);
#457=ADVANCED_FACE('',(#990),#183,.T.);
#458=ADVANCED_FACE('',(#991),#720,.F.);
#459=ADVANCED_FACE('',(#992),#184,.T.);
#460=ADVANCED_FACE('',(#993),#721,.F.);
#461=ADVANCED_FACE('',(#994),#722,.T.);
#462=ADVANCED_FACE('',(#995),#723,.F.);
#463=ADVANCED_FACE('',(#996),#185,.F.);
#464=ADVANCED_FACE('',(#997),#724,.F.);
#465=ADVANCED_FACE('',(#998),#186,.T.);
#466=ADVANCED_FACE('',(#999),#725,.F.);
#467=ADVANCED_FACE('',(#1000),#187,.T.);
#468=ADVANCED_FACE('',(#1001),#726,.F.);
#469=ADVANCED_FACE('',(#84,#85),#727,.F.);
#470=ADVANCED_FACE('',(#1002),#728,.F.);
#471=ADVANCED_FACE('',(#1003),#729,.T.);
#472=ADVANCED_FACE('',(#1004),#730,.F.);
#473=ADVANCED_FACE('',(#1005),#188,.T.);
#474=ADVANCED_FACE('',(#1006),#731,.F.);
#475=ADVANCED_FACE('',(#1007),#189,.F.);
#476=ADVANCED_FACE('',(#1008),#732,.F.);
#477=ADVANCED_FACE('',(#1009),#190,.F.);
#478=ADVANCED_FACE('',(#1010),#191,.T.);
#479=ADVANCED_FACE('',(#1011),#733,.F.);
#480=ADVANCED_FACE('',(#1012),#192,.T.);
#481=ADVANCED_FACE('',(#1013),#734,.F.);
#482=ADVANCED_FACE('',(#1014),#193,.T.);
#483=ADVANCED_FACE('',(#1015),#735,.F.);
#484=ADVANCED_FACE('',(#1016),#194,.F.);
#485=ADVANCED_FACE('',(#1017),#736,.F.);
#486=ADVANCED_FACE('',(#1018),#737,.T.);
#487=ADVANCED_FACE('',(#1019),#738,.F.);
#488=ADVANCED_FACE('',(#1020),#195,.T.);
#489=ADVANCED_FACE('',(#1021),#739,.T.);
#490=ADVANCED_FACE('',(#1022),#196,.F.);
#491=ADVANCED_FACE('',(#1023),#740,.T.);
#492=ADVANCED_FACE('',(#86,#87),#741,.F.);
#493=ADVANCED_FACE('',(#1024),#197,.F.);
#494=ADVANCED_FACE('',(#1025),#742,.F.);
#495=ADVANCED_FACE('',(#1026),#743,.T.);
#496=ADVANCED_FACE('',(#1027),#744,.F.);
#497=ADVANCED_FACE('',(#1028),#198,.T.);
#498=ADVANCED_FACE('',(#1029),#745,.F.);
#499=ADVANCED_FACE('',(#1030),#199,.T.);
#500=ADVANCED_FACE('',(#1031),#746,.F.);
#501=ADVANCED_FACE('',(#1032),#747,.T.);
#502=ADVANCED_FACE('',(#1033),#748,.F.);
#503=ADVANCED_FACE('',(#1034),#200,.T.);
#504=ADVANCED_FACE('',(#1035),#749,.F.);
#505=ADVANCED_FACE('',(#1036),#201,.F.);
#506=ADVANCED_FACE('',(#1037),#750,.F.);
#507=ADVANCED_FACE('',(#1038),#202,.F.);
#508=ADVANCED_FACE('',(#1039),#751,.F.);
#509=ADVANCED_FACE('',(#1040),#203,.F.);
#510=ADVANCED_FACE('',(#1041),#752,.F.);
#511=ADVANCED_FACE('',(#1042),#204,.F.);
#512=ADVANCED_FACE('',(#1043),#753,.F.);
#513=ADVANCED_FACE('',(#1044),#754,.T.);
#514=ADVANCED_FACE('',(#1045),#755,.F.);
#515=ADVANCED_FACE('',(#1046),#205,.T.);
#516=ADVANCED_FACE('',(#1047),#756,.F.);
#517=ADVANCED_FACE('',(#1048),#206,.T.);
#518=ADVANCED_FACE('',(#1049),#757,.F.);
#519=ADVANCED_FACE('',(#1050),#207,.T.);
#520=ADVANCED_FACE('',(#1051),#758,.F.);
#521=ADVANCED_FACE('',(#1052),#208,.F.);
#522=ADVANCED_FACE('',(#1053),#759,.F.);
#523=ADVANCED_FACE('',(#1054),#760,.T.);
#524=ADVANCED_FACE('',(#1055),#761,.F.);
#525=ADVANCED_FACE('',(#1056),#209,.T.);
#526=ADVANCED_FACE('',(#1057),#762,.F.);
#527=ADVANCED_FACE('',(#1058),#763,.F.);
#528=ADVANCED_FACE('',(#1059),#210,.F.);
#529=ADVANCED_FACE('',(#1060),#764,.F.);
#530=ADVANCED_FACE('',(#1061),#765,.T.);
#531=ADVANCED_FACE('',(#1062),#766,.F.);
#532=ADVANCED_FACE('',(#1063),#211,.T.);
#533=ADVANCED_FACE('',(#1064),#767,.F.);
#534=ADVANCED_FACE('',(#1065),#212,.T.);
#535=ADVANCED_FACE('',(#1066),#213,.T.);
#536=ADVANCED_FACE('',(#1067),#768,.F.);
#537=ADVANCED_FACE('',(#1068),#214,.T.);
#538=ADVANCED_FACE('',(#1069),#769,.F.);
#539=ADVANCED_FACE('',(#1070),#215,.T.);
#540=ADVANCED_FACE('',(#1071),#770,.F.);
#541=ADVANCED_FACE('',(#1072),#216,.F.);
#542=ADVANCED_FACE('',(#1073),#771,.F.);
#543=ADVANCED_FACE('',(#1074),#772,.T.);
#544=ADVANCED_FACE('',(#1075),#773,.F.);
#545=ADVANCED_FACE('',(#1076),#217,.T.);
#546=ADVANCED_FACE('',(#1077),#774,.F.);
#547=ADVANCED_FACE('',(#1078),#218,.T.);
#548=ADVANCED_FACE('',(#1079),#775,.F.);
#549=ADVANCED_FACE('',(#1080),#219,.T.);
#550=ADVANCED_FACE('',(#1081),#776,.F.);
#551=ADVANCED_FACE('',(#1082),#220,.T.);
#552=ADVANCED_FACE('',(#1083),#777,.F.);
#553=ADVANCED_FACE('',(#1084),#221,.F.);
#554=ADVANCED_FACE('',(#1085),#778,.F.);
#555=ADVANCED_FACE('',(#1086),#779,.T.);
#556=ADVANCED_FACE('',(#1087),#780,.F.);
#557=ADVANCED_FACE('',(#1088),#781,.T.);
#558=ADVANCED_FACE('',(#1089),#782,.F.);
#559=ADVANCED_FACE('',(#1090),#222,.F.);
#560=ADVANCED_FACE('',(#1091),#783,.F.);
#561=ADVANCED_FACE('',(#1092),#223,.F.);
#562=ADVANCED_FACE('',(#1093),#784,.F.);
#563=ADVANCED_FACE('',(#1094),#224,.T.);
#564=ADVANCED_FACE('',(#1095),#785,.F.);
#565=ADVANCED_FACE('',(#1096),#225,.T.);
#566=ADVANCED_FACE('',(#1097),#226,.T.);
#567=ADVANCED_FACE('',(#1098),#227,.F.);
#568=ADVANCED_FACE('',(#88,#89),#228,.F.);
#569=ADVANCED_FACE('',(#1099),#229,.T.);
#570=ADVANCED_FACE('',(#1100),#230,.T.);
#571=ADVANCED_FACE('',(#1101),#231,.T.);
#572=ADVANCED_FACE('',(#1102),#232,.T.);
#573=ADVANCED_FACE('',(#1103),#233,.T.);
#574=ADVANCED_FACE('',(#1104),#234,.T.);
#575=ADVANCED_FACE('',(#1105),#235,.T.);
#576=ADVANCED_FACE('',(#1106),#236,.T.);
#577=ADVANCED_FACE('',(#1107),#237,.T.);
#578=ADVANCED_FACE('',(#1108),#238,.T.);
#579=ADVANCED_FACE('',(#1109),#239,.T.);
#580=ADVANCED_FACE('',(#1110),#240,.T.);
#581=ADVANCED_FACE('',(#90,#91),#241,.T.);
#582=ADVANCED_FACE('',(#1111),#242,.T.);
#583=ADVANCED_FACE('',(#1112),#243,.T.);
#584=ADVANCED_FACE('',(#1113),#244,.T.);
#585=ADVANCED_FACE('',(#1114),#245,.T.);
#586=ADVANCED_FACE('',(#1115),#246,.T.);
#587=ADVANCED_FACE('',(#1116),#247,.T.);
#588=ADVANCED_FACE('',(#1117),#248,.T.);
#589=ADVANCED_FACE('',(#1118),#249,.T.);
#590=ADVANCED_FACE('',(#92,#93),#786,.F.);
#591=ADVANCED_FACE('',(#94,#95),#787,.F.);
#592=ADVANCED_FACE('',(#96,#97),#250,.T.);
#593=ADVANCED_FACE('',(#1119),#251,.T.);
#594=ADVANCED_FACE('',(#1120),#252,.T.);
#595=ADVANCED_FACE('',(#1121),#253,.F.);
#596=ADVANCED_FACE('',(#1122),#254,.T.);
#597=ADVANCED_FACE('',(#1123),#788,.T.);
#598=ADVANCED_FACE('',(#1124),#255,.T.);
#599=ADVANCED_FACE('',(#1125),#789,.F.);
#600=ADVANCED_FACE('',(#1126),#790,.F.);
#601=ADVANCED_FACE('',(#1127),#791,.F.);
#602=ADVANCED_FACE('',(#1128),#792,.F.);
#603=ADVANCED_FACE('',(#1129),#793,.F.);
#604=CYLINDRICAL_SURFACE('',#6449,2.);
#605=CYLINDRICAL_SURFACE('',#6452,2.);
#606=CYLINDRICAL_SURFACE('',#6455,2.);
#607=CYLINDRICAL_SURFACE('',#6458,2.);
#608=CYLINDRICAL_SURFACE('',#6463,3.3);
#609=CYLINDRICAL_SURFACE('',#6466,1.4);
#610=CYLINDRICAL_SURFACE('',#6469,1.4);
#611=CYLINDRICAL_SURFACE('',#6474,1.4);
#612=CYLINDRICAL_SURFACE('',#6480,1.4);
#613=CYLINDRICAL_SURFACE('',#6483,4.96569999999999);
#614=CYLINDRICAL_SURFACE('',#6485,1.4);
#615=CYLINDRICAL_SURFACE('',#6489,1.4);
#616=CYLINDRICAL_SURFACE('',#6492,1.4);
#617=CYLINDRICAL_SURFACE('',#6495,1.4);
#618=CYLINDRICAL_SURFACE('',#6503,1.4);
#619=CYLINDRICAL_SURFACE('',#6506,4.96569999999999);
#620=CYLINDRICAL_SURFACE('',#6508,1.4);
#621=CYLINDRICAL_SURFACE('',#6513,1.4);
#622=CYLINDRICAL_SURFACE('',#6517,1.4);
#623=CYLINDRICAL_SURFACE('',#6520,4.96569999999999);
#624=CYLINDRICAL_SURFACE('',#6528,1.4);
#625=CYLINDRICAL_SURFACE('',#6530,1.4);
#626=CYLINDRICAL_SURFACE('',#6534,1.4);
#627=CYLINDRICAL_SURFACE('',#6536,1.4);
#628=CYLINDRICAL_SURFACE('',#6539,1.4);
#629=CYLINDRICAL_SURFACE('',#6542,1.4);
#630=CYLINDRICAL_SURFACE('',#6545,1.4);
#631=CYLINDRICAL_SURFACE('',#6552,4.96569999999999);
#632=CYLINDRICAL_SURFACE('',#6555,1.4);
#633=CYLINDRICAL_SURFACE('',#6559,1.4);
#634=CYLINDRICAL_SURFACE('',#6562,1.4);
#635=CYLINDRICAL_SURFACE('',#6565,1.4);
#636=CYLINDRICAL_SURFACE('',#6572,4.96569999999999);
#637=CYLINDRICAL_SURFACE('',#6575,1.4);
#638=CYLINDRICAL_SURFACE('',#6577,1.4);
#639=CYLINDRICAL_SURFACE('',#6581,1.4);
#640=CYLINDRICAL_SURFACE('',#6584,1.4);
#641=CYLINDRICAL_SURFACE('',#6588,1.4);
#642=CYLINDRICAL_SURFACE('',#6591,4.96569999999999);
#643=CYLINDRICAL_SURFACE('',#6596,1.4);
#644=CYLINDRICAL_SURFACE('',#6601,1.4);
#645=CYLINDRICAL_SURFACE('',#6606,1.4);
#646=CYLINDRICAL_SURFACE('',#6615,1.4);
#647=CYLINDRICAL_SURFACE('',#6617,1.4);
#648=CYLINDRICAL_SURFACE('',#6619,1.4);
#649=CYLINDRICAL_SURFACE('',#6622,4.96569999999999);
#650=CYLINDRICAL_SURFACE('',#6624,1.4);
#651=CYLINDRICAL_SURFACE('',#6698,4.96569999999999);
#652=CYLINDRICAL_SURFACE('',#6700,1.4);
#653=CYLINDRICAL_SURFACE('',#6703,1.4);
#654=CYLINDRICAL_SURFACE('',#6706,1.4);
#655=CYLINDRICAL_SURFACE('',#6709,1.4);
#656=CYLINDRICAL_SURFACE('',#6712,1.4);
#657=CYLINDRICAL_SURFACE('',#6715,1.4);
#658=CYLINDRICAL_SURFACE('',#6717,1.4);
#659=CYLINDRICAL_SURFACE('',#6720,1.4);
#660=CYLINDRICAL_SURFACE('',#6722,4.96569999999999);
#661=CYLINDRICAL_SURFACE('',#6724,1.4);
#662=CYLINDRICAL_SURFACE('',#6727,1.4);
#663=CYLINDRICAL_SURFACE('',#6730,1.4);
#664=CYLINDRICAL_SURFACE('',#6734,1.4);
#665=CYLINDRICAL_SURFACE('',#6737,1.4);
#666=CYLINDRICAL_SURFACE('',#6740,1.4);
#667=CYLINDRICAL_SURFACE('',#6743,1.4);
#668=CYLINDRICAL_SURFACE('',#6745,4.96569999999999);
#669=CYLINDRICAL_SURFACE('',#6747,1.4);
#670=CYLINDRICAL_SURFACE('',#6823,3.3);
#671=CYLINDRICAL_SURFACE('',#6825,1.4);
#672=CYLINDRICAL_SURFACE('',#6828,1.4);
#673=CYLINDRICAL_SURFACE('',#6831,1.4);
#674=CYLINDRICAL_SURFACE('',#6833,4.96569999999999);
#675=CYLINDRICAL_SURFACE('',#6835,1.4);
#676=CYLINDRICAL_SURFACE('',#6838,1.4);
#677=CYLINDRICAL_SURFACE('',#6841,1.4);
#678=CYLINDRICAL_SURFACE('',#6843,4.96569999999999);
#679=CYLINDRICAL_SURFACE('',#6845,1.4);
#680=CYLINDRICAL_SURFACE('',#6848,1.4);
#681=CYLINDRICAL_SURFACE('',#6851,1.4);
#682=CYLINDRICAL_SURFACE('',#6854,1.4);
#683=CYLINDRICAL_SURFACE('',#6857,1.4);
#684=CYLINDRICAL_SURFACE('',#6862,3.);
#685=CYLINDRICAL_SURFACE('',#6864,5.);
#686=CYLINDRICAL_SURFACE('',#6866,2.);
#687=CYLINDRICAL_SURFACE('',#6869,4.96569999999999);
#688=CYLINDRICAL_SURFACE('',#6871,1.4);
#689=CYLINDRICAL_SURFACE('',#6874,1.4);
#690=CYLINDRICAL_SURFACE('',#6877,1.4);
#691=CYLINDRICAL_SURFACE('',#6880,1.4);
#692=CYLINDRICAL_SURFACE('',#6882,4.96569999999999);
#693=CYLINDRICAL_SURFACE('',#6884,1.4);
#694=CYLINDRICAL_SURFACE('',#6887,1.4);
#695=CYLINDRICAL_SURFACE('',#6890,1.4);
#696=CYLINDRICAL_SURFACE('',#6893,1.4);
#697=CYLINDRICAL_SURFACE('',#6895,4.96569999999999);
#698=CYLINDRICAL_SURFACE('',#6897,1.4);
#699=CYLINDRICAL_SURFACE('',#6900,1.4);
#700=CYLINDRICAL_SURFACE('',#6903,1.4);
#701=CYLINDRICAL_SURFACE('',#6906,1.4);
#702=CYLINDRICAL_SURFACE('',#6908,4.96569999999999);
#703=CYLINDRICAL_SURFACE('',#6910,1.4);
#704=CYLINDRICAL_SURFACE('',#6913,1.4);
#705=CYLINDRICAL_SURFACE('',#6916,1.4);
#706=CYLINDRICAL_SURFACE('',#6919,1.4);
#707=CYLINDRICAL_SURFACE('',#6920,3.3);
#708=CYLINDRICAL_SURFACE('',#6923,1.4);
#709=CYLINDRICAL_SURFACE('',#6926,1.4);
#710=CYLINDRICAL_SURFACE('',#6929,1.4);
#711=CYLINDRICAL_SURFACE('',#6931,4.96569999999999);
#712=CYLINDRICAL_SURFACE('',#6933,1.4);
#713=CYLINDRICAL_SURFACE('',#6936,1.4);
#714=CYLINDRICAL_SURFACE('',#6938,4.96569999999999);
#715=CYLINDRICAL_SURFACE('',#6940,1.4);
#716=CYLINDRICAL_SURFACE('',#6943,1.4);
#717=CYLINDRICAL_SURFACE('',#6946,1.4);
#718=CYLINDRICAL_SURFACE('',#6949,1.4);
#719=CYLINDRICAL_SURFACE('',#6952,1.4);
#720=CYLINDRICAL_SURFACE('',#6955,1.4);
#721=CYLINDRICAL_SURFACE('',#6958,1.4);
#722=CYLINDRICAL_SURFACE('',#6960,4.96569999999999);
#723=CYLINDRICAL_SURFACE('',#6962,1.4);
#724=CYLINDRICAL_SURFACE('',#6965,1.4);
#725=CYLINDRICAL_SURFACE('',#6968,1.4);
#726=CYLINDRICAL_SURFACE('',#6971,1.4);
#727=CYLINDRICAL_SURFACE('',#6972,3.3);
#728=CYLINDRICAL_SURFACE('',#6974,1.4);
#729=CYLINDRICAL_SURFACE('',#6976,4.96569999999999);
#730=CYLINDRICAL_SURFACE('',#6978,1.4);
#731=CYLINDRICAL_SURFACE('',#6981,1.4);
#732=CYLINDRICAL_SURFACE('',#6984,1.4);
#733=CYLINDRICAL_SURFACE('',#6988,1.4);
#734=CYLINDRICAL_SURFACE('',#6991,1.4);
#735=CYLINDRICAL_SURFACE('',#6994,1.4);
#736=CYLINDRICAL_SURFACE('',#6997,1.4);
#737=CYLINDRICAL_SURFACE('',#6999,4.96569999999999);
#738=CYLINDRICAL_SURFACE('',#7001,1.4);
#739=CYLINDRICAL_SURFACE('',#7004,2.);
#740=CYLINDRICAL_SURFACE('',#7007,2.);
#741=CYLINDRICAL_SURFACE('',#7009,3.25);
#742=CYLINDRICAL_SURFACE('',#7012,1.4);
#743=CYLINDRICAL_SURFACE('',#7014,4.96569999999999);
#744=CYLINDRICAL_SURFACE('',#7016,1.4);
#745=CYLINDRICAL_SURFACE('',#7019,1.4);
#746=CYLINDRICAL_SURFACE('',#7022,1.4);
#747=CYLINDRICAL_SURFACE('',#7024,4.96569999999999);
#748=CYLINDRICAL_SURFACE('',#7026,1.4);
#749=CYLINDRICAL_SURFACE('',#7029,1.4);
#750=CYLINDRICAL_SURFACE('',#7032,1.4);
#751=CYLINDRICAL_SURFACE('',#7035,1.4);
#752=CYLINDRICAL_SURFACE('',#7038,1.4);
#753=CYLINDRICAL_SURFACE('',#7041,1.4);
#754=CYLINDRICAL_SURFACE('',#7043,4.96569999999999);
#755=CYLINDRICAL_SURFACE('',#7045,1.4);
#756=CYLINDRICAL_SURFACE('',#7048,1.4);
#757=CYLINDRICAL_SURFACE('',#7051,1.4);
#758=CYLINDRICAL_SURFACE('',#7054,1.4);
#759=CYLINDRICAL_SURFACE('',#7057,1.4);
#760=CYLINDRICAL_SURFACE('',#7059,4.96569999999999);
#761=CYLINDRICAL_SURFACE('',#7061,1.4);
#762=CYLINDRICAL_SURFACE('',#7064,1.4);
#763=CYLINDRICAL_SURFACE('',#7066,1.4);
#764=CYLINDRICAL_SURFACE('',#7069,1.4);
#765=CYLINDRICAL_SURFACE('',#7071,4.96569999999999);
#766=CYLINDRICAL_SURFACE('',#7073,1.4);
#767=CYLINDRICAL_SURFACE('',#7076,1.4);
#768=CYLINDRICAL_SURFACE('',#7080,1.4);
#769=CYLINDRICAL_SURFACE('',#7083,1.4);
#770=CYLINDRICAL_SURFACE('',#7086,1.4);
#771=CYLINDRICAL_SURFACE('',#7089,1.4);
#772=CYLINDRICAL_SURFACE('',#7091,4.96569999999999);
#773=CYLINDRICAL_SURFACE('',#7093,1.4);
#774=CYLINDRICAL_SURFACE('',#7096,1.4);
#775=CYLINDRICAL_SURFACE('',#7099,1.4);
#776=CYLINDRICAL_SURFACE('',#7102,1.4);
#777=CYLINDRICAL_SURFACE('',#7105,1.4);
#778=CYLINDRICAL_SURFACE('',#7108,1.4);
#779=CYLINDRICAL_SURFACE('',#7110,4.96569999999999);
#780=CYLINDRICAL_SURFACE('',#7112,1.4);
#781=CYLINDRICAL_SURFACE('',#7114,4.96569999999999);
#782=CYLINDRICAL_SURFACE('',#7116,1.4);
#783=CYLINDRICAL_SURFACE('',#7119,1.4);
#784=CYLINDRICAL_SURFACE('',#7122,1.4);
#785=CYLINDRICAL_SURFACE('',#7125,1.4);
#786=CYLINDRICAL_SURFACE('',#7154,3.25);
#787=CYLINDRICAL_SURFACE('',#7156,1.65);
#788=CYLINDRICAL_SURFACE('',#7163,4.96569999999999);
#789=CYLINDRICAL_SURFACE('',#7170,1.4);
#790=CYLINDRICAL_SURFACE('',#7171,1.4);
#791=CYLINDRICAL_SURFACE('',#7172,1.4);
#792=CYLINDRICAL_SURFACE('',#7173,1.4);
#793=CYLINDRICAL_SURFACE('',#7174,1.4);
#794=FACE_OUTER_BOUND('',#1130,.T.);
#795=FACE_OUTER_BOUND('',#1131,.T.);
#796=FACE_OUTER_BOUND('',#1132,.T.);
#797=FACE_OUTER_BOUND('',#1133,.T.);
#798=FACE_OUTER_BOUND('',#1134,.T.);
#799=FACE_OUTER_BOUND('',#1135,.T.);
#800=FACE_OUTER_BOUND('',#1138,.T.);
#801=FACE_OUTER_BOUND('',#1139,.T.);
#802=FACE_OUTER_BOUND('',#1140,.T.);
#803=FACE_OUTER_BOUND('',#1141,.T.);
#804=FACE_OUTER_BOUND('',#1142,.T.);
#805=FACE_OUTER_BOUND('',#1143,.T.);
#806=FACE_OUTER_BOUND('',#1144,.T.);
#807=FACE_OUTER_BOUND('',#1145,.T.);
#808=FACE_OUTER_BOUND('',#1146,.T.);
#809=FACE_OUTER_BOUND('',#1147,.T.);
#810=FACE_OUTER_BOUND('',#1148,.T.);
#811=FACE_OUTER_BOUND('',#1149,.T.);
#812=FACE_OUTER_BOUND('',#1150,.T.);
#813=FACE_OUTER_BOUND('',#1151,.T.);
#814=FACE_OUTER_BOUND('',#1152,.T.);
#815=FACE_OUTER_BOUND('',#1153,.T.);
#816=FACE_OUTER_BOUND('',#1154,.T.);
#817=FACE_OUTER_BOUND('',#1155,.T.);
#818=FACE_OUTER_BOUND('',#1156,.T.);
#819=FACE_OUTER_BOUND('',#1157,.T.);
#820=FACE_OUTER_BOUND('',#1158,.T.);
#821=FACE_OUTER_BOUND('',#1159,.T.);
#822=FACE_OUTER_BOUND('',#1160,.T.);
#823=FACE_OUTER_BOUND('',#1161,.T.);
#824=FACE_OUTER_BOUND('',#1162,.T.);
#825=FACE_OUTER_BOUND('',#1163,.T.);
#826=FACE_OUTER_BOUND('',#1164,.T.);
#827=FACE_OUTER_BOUND('',#1165,.T.);
#828=FACE_OUTER_BOUND('',#1166,.T.);
#829=FACE_OUTER_BOUND('',#1167,.T.);
#830=FACE_OUTER_BOUND('',#1168,.T.);
#831=FACE_OUTER_BOUND('',#1169,.T.);
#832=FACE_OUTER_BOUND('',#1170,.T.);
#833=FACE_OUTER_BOUND('',#1171,.T.);
#834=FACE_OUTER_BOUND('',#1172,.T.);
#835=FACE_OUTER_BOUND('',#1173,.T.);
#836=FACE_OUTER_BOUND('',#1174,.T.);
#837=FACE_OUTER_BOUND('',#1175,.T.);
#838=FACE_OUTER_BOUND('',#1176,.T.);
#839=FACE_OUTER_BOUND('',#1177,.T.);
#840=FACE_OUTER_BOUND('',#1178,.T.);
#841=FACE_OUTER_BOUND('',#1179,.T.);
#842=FACE_OUTER_BOUND('',#1180,.T.);
#843=FACE_OUTER_BOUND('',#1181,.T.);
#844=FACE_OUTER_BOUND('',#1182,.T.);
#845=FACE_OUTER_BOUND('',#1183,.T.);
#846=FACE_OUTER_BOUND('',#1184,.T.);
#847=FACE_OUTER_BOUND('',#1185,.T.);
#848=FACE_OUTER_BOUND('',#1186,.T.);
#849=FACE_OUTER_BOUND('',#1187,.T.);
#850=FACE_OUTER_BOUND('',#1188,.T.);
#851=FACE_OUTER_BOUND('',#1189,.T.);
#852=FACE_OUTER_BOUND('',#1190,.T.);
#853=FACE_OUTER_BOUND('',#1191,.T.);
#854=FACE_OUTER_BOUND('',#1192,.T.);
#855=FACE_OUTER_BOUND('',#1193,.T.);
#856=FACE_OUTER_BOUND('',#1194,.T.);
#857=FACE_OUTER_BOUND('',#1195,.T.);
#858=FACE_OUTER_BOUND('',#1196,.T.);
#859=FACE_OUTER_BOUND('',#1197,.T.);
#860=FACE_OUTER_BOUND('',#1198,.T.);
#861=FACE_OUTER_BOUND('',#1199,.T.);
#862=FACE_OUTER_BOUND('',#1200,.T.);
#863=FACE_OUTER_BOUND('',#1201,.T.);
#864=FACE_OUTER_BOUND('',#1202,.T.);
#865=FACE_OUTER_BOUND('',#1203,.T.);
#866=FACE_OUTER_BOUND('',#1204,.T.);
#867=FACE_OUTER_BOUND('',#1205,.T.);
#868=FACE_OUTER_BOUND('',#1206,.T.);
#869=FACE_OUTER_BOUND('',#1207,.T.);
#870=FACE_OUTER_BOUND('',#1208,.T.);
#871=FACE_OUTER_BOUND('',#1209,.T.);
#872=FACE_OUTER_BOUND('',#1210,.T.);
#873=FACE_OUTER_BOUND('',#1211,.T.);
#874=FACE_OUTER_BOUND('',#1212,.T.);
#875=FACE_OUTER_BOUND('',#1213,.T.);
#876=FACE_OUTER_BOUND('',#1214,.T.);
#877=FACE_OUTER_BOUND('',#1236,.T.);
#878=FACE_OUTER_BOUND('',#1237,.T.);
#879=FACE_OUTER_BOUND('',#1238,.T.);
#880=FACE_OUTER_BOUND('',#1239,.T.);
#881=FACE_OUTER_BOUND('',#1240,.T.);
#882=FACE_OUTER_BOUND('',#1241,.T.);
#883=FACE_OUTER_BOUND('',#1242,.T.);
#884=FACE_OUTER_BOUND('',#1243,.T.);
#885=FACE_OUTER_BOUND('',#1244,.T.);
#886=FACE_OUTER_BOUND('',#1245,.T.);
#887=FACE_OUTER_BOUND('',#1246,.T.);
#888=FACE_OUTER_BOUND('',#1247,.T.);
#889=FACE_OUTER_BOUND('',#1248,.T.);
#890=FACE_OUTER_BOUND('',#1249,.T.);
#891=FACE_OUTER_BOUND('',#1250,.T.);
#892=FACE_OUTER_BOUND('',#1251,.T.);
#893=FACE_OUTER_BOUND('',#1252,.T.);
#894=FACE_OUTER_BOUND('',#1253,.T.);
#895=FACE_OUTER_BOUND('',#1254,.T.);
#896=FACE_OUTER_BOUND('',#1255,.T.);
#897=FACE_OUTER_BOUND('',#1256,.T.);
#898=FACE_OUTER_BOUND('',#1257,.T.);
#899=FACE_OUTER_BOUND('',#1258,.T.);
#900=FACE_OUTER_BOUND('',#1259,.T.);
#901=FACE_OUTER_BOUND('',#1260,.T.);
#902=FACE_OUTER_BOUND('',#1261,.T.);
#903=FACE_OUTER_BOUND('',#1262,.T.);
#904=FACE_OUTER_BOUND('',#1263,.T.);
#905=FACE_OUTER_BOUND('',#1264,.T.);
#906=FACE_OUTER_BOUND('',#1265,.T.);
#907=FACE_OUTER_BOUND('',#1266,.T.);
#908=FACE_OUTER_BOUND('',#1267,.T.);
#909=FACE_OUTER_BOUND('',#1290,.T.);
#910=FACE_OUTER_BOUND('',#1291,.T.);
#911=FACE_OUTER_BOUND('',#1292,.T.);
#912=FACE_OUTER_BOUND('',#1293,.T.);
#913=FACE_OUTER_BOUND('',#1294,.T.);
#914=FACE_OUTER_BOUND('',#1295,.T.);
#915=FACE_OUTER_BOUND('',#1296,.T.);
#916=FACE_OUTER_BOUND('',#1297,.T.);
#917=FACE_OUTER_BOUND('',#1298,.T.);
#918=FACE_OUTER_BOUND('',#1299,.T.);
#919=FACE_OUTER_BOUND('',#1300,.T.);
#920=FACE_OUTER_BOUND('',#1301,.T.);
#921=FACE_OUTER_BOUND('',#1302,.T.);
#922=FACE_OUTER_BOUND('',#1303,.T.);
#923=FACE_OUTER_BOUND('',#1304,.T.);
#924=FACE_OUTER_BOUND('',#1305,.T.);
#925=FACE_OUTER_BOUND('',#1306,.T.);
#926=FACE_OUTER_BOUND('',#1307,.T.);
#927=FACE_OUTER_BOUND('',#1308,.T.);
#928=FACE_OUTER_BOUND('',#1309,.T.);
#929=FACE_OUTER_BOUND('',#1310,.T.);
#930=FACE_OUTER_BOUND('',#1311,.T.);
#931=FACE_OUTER_BOUND('',#1312,.T.);
#932=FACE_OUTER_BOUND('',#1313,.T.);
#933=FACE_OUTER_BOUND('',#1314,.T.);
#934=FACE_OUTER_BOUND('',#1315,.T.);
#935=FACE_OUTER_BOUND('',#1316,.T.);
#936=FACE_OUTER_BOUND('',#1317,.T.);
#937=FACE_OUTER_BOUND('',#1318,.T.);
#938=FACE_OUTER_BOUND('',#1319,.T.);
#939=FACE_OUTER_BOUND('',#1320,.T.);
#940=FACE_OUTER_BOUND('',#1321,.T.);
#941=FACE_OUTER_BOUND('',#1322,.T.);
#942=FACE_OUTER_BOUND('',#1323,.T.);
#943=FACE_OUTER_BOUND('',#1324,.T.);
#944=FACE_OUTER_BOUND('',#1325,.T.);
#945=FACE_OUTER_BOUND('',#1326,.T.);
#946=FACE_OUTER_BOUND('',#1327,.T.);
#947=FACE_OUTER_BOUND('',#1328,.T.);
#948=FACE_OUTER_BOUND('',#1329,.T.);
#949=FACE_OUTER_BOUND('',#1330,.T.);
#950=FACE_OUTER_BOUND('',#1331,.T.);
#951=FACE_OUTER_BOUND('',#1332,.T.);
#952=FACE_OUTER_BOUND('',#1333,.T.);
#953=FACE_OUTER_BOUND('',#1334,.T.);
#954=FACE_OUTER_BOUND('',#1335,.T.);
#955=FACE_OUTER_BOUND('',#1336,.T.);
#956=FACE_OUTER_BOUND('',#1337,.T.);
#957=FACE_OUTER_BOUND('',#1338,.T.);
#958=FACE_OUTER_BOUND('',#1339,.T.);
#959=FACE_OUTER_BOUND('',#1340,.T.);
#960=FACE_OUTER_BOUND('',#1341,.T.);
#961=FACE_OUTER_BOUND('',#1342,.T.);
#962=FACE_OUTER_BOUND('',#1343,.T.);
#963=FACE_OUTER_BOUND('',#1344,.T.);
#964=FACE_OUTER_BOUND('',#1345,.T.);
#965=FACE_OUTER_BOUND('',#1346,.T.);
#966=FACE_OUTER_BOUND('',#1347,.T.);
#967=FACE_OUTER_BOUND('',#1348,.T.);
#968=FACE_OUTER_BOUND('',#1349,.T.);
#969=FACE_OUTER_BOUND('',#1350,.T.);
#970=FACE_OUTER_BOUND('',#1353,.T.);
#971=FACE_OUTER_BOUND('',#1354,.T.);
#972=FACE_OUTER_BOUND('',#1355,.T.);
#973=FACE_OUTER_BOUND('',#1356,.T.);
#974=FACE_OUTER_BOUND('',#1357,.T.);
#975=FACE_OUTER_BOUND('',#1358,.T.);
#976=FACE_OUTER_BOUND('',#1359,.T.);
#977=FACE_OUTER_BOUND('',#1360,.T.);
#978=FACE_OUTER_BOUND('',#1361,.T.);
#979=FACE_OUTER_BOUND('',#1362,.T.);
#980=FACE_OUTER_BOUND('',#1363,.T.);
#981=FACE_OUTER_BOUND('',#1364,.T.);
#982=FACE_OUTER_BOUND('',#1365,.T.);
#983=FACE_OUTER_BOUND('',#1366,.T.);
#984=FACE_OUTER_BOUND('',#1367,.T.);
#985=FACE_OUTER_BOUND('',#1368,.T.);
#986=FACE_OUTER_BOUND('',#1369,.T.);
#987=FACE_OUTER_BOUND('',#1370,.T.);
#988=FACE_OUTER_BOUND('',#1371,.T.);
#989=FACE_OUTER_BOUND('',#1372,.T.);
#990=FACE_OUTER_BOUND('',#1373,.T.);
#991=FACE_OUTER_BOUND('',#1374,.T.);
#992=FACE_OUTER_BOUND('',#1375,.T.);
#993=FACE_OUTER_BOUND('',#1376,.T.);
#994=FACE_OUTER_BOUND('',#1377,.T.);
#995=FACE_OUTER_BOUND('',#1378,.T.);
#996=FACE_OUTER_BOUND('',#1379,.T.);
#997=FACE_OUTER_BOUND('',#1380,.T.);
#998=FACE_OUTER_BOUND('',#1381,.T.);
#999=FACE_OUTER_BOUND('',#1382,.T.);
#1000=FACE_OUTER_BOUND('',#1383,.T.);
#1001=FACE_OUTER_BOUND('',#1384,.T.);
#1002=FACE_OUTER_BOUND('',#1387,.T.);
#1003=FACE_OUTER_BOUND('',#1388,.T.);
#1004=FACE_OUTER_BOUND('',#1389,.T.);
#1005=FACE_OUTER_BOUND('',#1390,.T.);
#1006=FACE_OUTER_BOUND('',#1391,.T.);
#1007=FACE_OUTER_BOUND('',#1392,.T.);
#1008=FACE_OUTER_BOUND('',#1393,.T.);
#1009=FACE_OUTER_BOUND('',#1394,.T.);
#1010=FACE_OUTER_BOUND('',#1395,.T.);
#1011=FACE_OUTER_BOUND('',#1396,.T.);
#1012=FACE_OUTER_BOUND('',#1397,.T.);
#1013=FACE_OUTER_BOUND('',#1398,.T.);
#1014=FACE_OUTER_BOUND('',#1399,.T.);
#1015=FACE_OUTER_BOUND('',#1400,.T.);
#1016=FACE_OUTER_BOUND('',#1401,.T.);
#1017=FACE_OUTER_BOUND('',#1402,.T.);
#1018=FACE_OUTER_BOUND('',#1403,.T.);
#1019=FACE_OUTER_BOUND('',#1404,.T.);
#1020=FACE_OUTER_BOUND('',#1405,.T.);
#1021=FACE_OUTER_BOUND('',#1406,.T.);
#1022=FACE_OUTER_BOUND('',#1407,.T.);
#1023=FACE_OUTER_BOUND('',#1408,.T.);
#1024=FACE_OUTER_BOUND('',#1411,.T.);
#1025=FACE_OUTER_BOUND('',#1412,.T.);
#1026=FACE_OUTER_BOUND('',#1413,.T.);
#1027=FACE_OUTER_BOUND('',#1414,.T.);
#1028=FACE_OUTER_BOUND('',#1415,.T.);
#1029=FACE_OUTER_BOUND('',#1416,.T.);
#1030=FACE_OUTER_BOUND('',#1417,.T.);
#1031=FACE_OUTER_BOUND('',#1418,.T.);
#1032=FACE_OUTER_BOUND('',#1419,.T.);
#1033=FACE_OUTER_BOUND('',#1420,.T.);
#1034=FACE_OUTER_BOUND('',#1421,.T.);
#1035=FACE_OUTER_BOUND('',#1422,.T.);
#1036=FACE_OUTER_BOUND('',#1423,.T.);
#1037=FACE_OUTER_BOUND('',#1424,.T.);
#1038=FACE_OUTER_BOUND('',#1425,.T.);
#1039=FACE_OUTER_BOUND('',#1426,.T.);
#1040=FACE_OUTER_BOUND('',#1427,.T.);
#1041=FACE_OUTER_BOUND('',#1428,.T.);
#1042=FACE_OUTER_BOUND('',#1429,.T.);
#1043=FACE_OUTER_BOUND('',#1430,.T.);
#1044=FACE_OUTER_BOUND('',#1431,.T.);
#1045=FACE_OUTER_BOUND('',#1432,.T.);
#1046=FACE_OUTER_BOUND('',#1433,.T.);
#1047=FACE_OUTER_BOUND('',#1434,.T.);
#1048=FACE_OUTER_BOUND('',#1435,.T.);
#1049=FACE_OUTER_BOUND('',#1436,.T.);
#1050=FACE_OUTER_BOUND('',#1437,.T.);
#1051=FACE_OUTER_BOUND('',#1438,.T.);
#1052=FACE_OUTER_BOUND('',#1439,.T.);
#1053=FACE_OUTER_BOUND('',#1440,.T.);
#1054=FACE_OUTER_BOUND('',#1441,.T.);
#1055=FACE_OUTER_BOUND('',#1442,.T.);
#1056=FACE_OUTER_BOUND('',#1443,.T.);
#1057=FACE_OUTER_BOUND('',#1444,.T.);
#1058=FACE_OUTER_BOUND('',#1445,.T.);
#1059=FACE_OUTER_BOUND('',#1446,.T.);
#1060=FACE_OUTER_BOUND('',#1447,.T.);
#1061=FACE_OUTER_BOUND('',#1448,.T.);
#1062=FACE_OUTER_BOUND('',#1449,.T.);
#1063=FACE_OUTER_BOUND('',#1450,.T.);
#1064=FACE_OUTER_BOUND('',#1451,.T.);
#1065=FACE_OUTER_BOUND('',#1452,.T.);
#1066=FACE_OUTER_BOUND('',#1453,.T.);
#1067=FACE_OUTER_BOUND('',#1454,.T.);
#1068=FACE_OUTER_BOUND('',#1455,.T.);
#1069=FACE_OUTER_BOUND('',#1456,.T.);
#1070=FACE_OUTER_BOUND('',#1457,.T.);
#1071=FACE_OUTER_BOUND('',#1458,.T.);
#1072=FACE_OUTER_BOUND('',#1459,.T.);
#1073=FACE_OUTER_BOUND('',#1460,.T.);
#1074=FACE_OUTER_BOUND('',#1461,.T.);
#1075=FACE_OUTER_BOUND('',#1462,.T.);
#1076=FACE_OUTER_BOUND('',#1463,.T.);
#1077=FACE_OUTER_BOUND('',#1464,.T.);
#1078=FACE_OUTER_BOUND('',#1465,.T.);
#1079=FACE_OUTER_BOUND('',#1466,.T.);
#1080=FACE_OUTER_BOUND('',#1467,.T.);
#1081=FACE_OUTER_BOUND('',#1468,.T.);
#1082=FACE_OUTER_BOUND('',#1469,.T.);
#1083=FACE_OUTER_BOUND('',#1470,.T.);
#1084=FACE_OUTER_BOUND('',#1471,.T.);
#1085=FACE_OUTER_BOUND('',#1472,.T.);
#1086=FACE_OUTER_BOUND('',#1473,.T.);
#1087=FACE_OUTER_BOUND('',#1474,.T.);
#1088=FACE_OUTER_BOUND('',#1475,.T.);
#1089=FACE_OUTER_BOUND('',#1476,.T.);
#1090=FACE_OUTER_BOUND('',#1477,.T.);
#1091=FACE_OUTER_BOUND('',#1478,.T.);
#1092=FACE_OUTER_BOUND('',#1479,.T.);
#1093=FACE_OUTER_BOUND('',#1480,.T.);
#1094=FACE_OUTER_BOUND('',#1481,.T.);
#1095=FACE_OUTER_BOUND('',#1482,.T.);
#1096=FACE_OUTER_BOUND('',#1483,.T.);
#1097=FACE_OUTER_BOUND('',#1484,.T.);
#1098=FACE_OUTER_BOUND('',#1485,.T.);
#1099=FACE_OUTER_BOUND('',#1488,.T.);
#1100=FACE_OUTER_BOUND('',#1489,.T.);
#1101=FACE_OUTER_BOUND('',#1490,.T.);
#1102=FACE_OUTER_BOUND('',#1491,.T.);
#1103=FACE_OUTER_BOUND('',#1492,.T.);
#1104=FACE_OUTER_BOUND('',#1493,.T.);
#1105=FACE_OUTER_BOUND('',#1494,.T.);
#1106=FACE_OUTER_BOUND('',#1495,.T.);
#1107=FACE_OUTER_BOUND('',#1496,.T.);
#1108=FACE_OUTER_BOUND('',#1497,.T.);
#1109=FACE_OUTER_BOUND('',#1498,.T.);
#1110=FACE_OUTER_BOUND('',#1499,.T.);
#1111=FACE_OUTER_BOUND('',#1502,.T.);
#1112=FACE_OUTER_BOUND('',#1503,.T.);
#1113=FACE_OUTER_BOUND('',#1504,.T.);
#1114=FACE_OUTER_BOUND('',#1505,.T.);
#1115=FACE_OUTER_BOUND('',#1506,.T.);
#1116=FACE_OUTER_BOUND('',#1507,.T.);
#1117=FACE_OUTER_BOUND('',#1508,.T.);
#1118=FACE_OUTER_BOUND('',#1509,.T.);
#1119=FACE_OUTER_BOUND('',#1516,.T.);
#1120=FACE_OUTER_BOUND('',#1517,.T.);
#1121=FACE_OUTER_BOUND('',#1518,.T.);
#1122=FACE_OUTER_BOUND('',#1519,.T.);
#1123=FACE_OUTER_BOUND('',#1520,.T.);
#1124=FACE_OUTER_BOUND('',#1521,.T.);
#1125=FACE_OUTER_BOUND('',#1522,.T.);
#1126=FACE_OUTER_BOUND('',#1523,.T.);
#1127=FACE_OUTER_BOUND('',#1524,.T.);
#1128=FACE_OUTER_BOUND('',#1525,.T.);
#1129=FACE_OUTER_BOUND('',#1526,.T.);
#1130=EDGE_LOOP('',(#2635,#2636,#2637,#2638));
#1131=EDGE_LOOP('',(#2639,#2640,#2641,#2642));
#1132=EDGE_LOOP('',(#2643,#2644,#2645,#2646));
#1133=EDGE_LOOP('',(#2647,#2648,#2649,#2650));
#1134=EDGE_LOOP('',(#2651,#2652,#2653,#2654));
#1135=EDGE_LOOP('',(#2655,#2656,#2657,#2658));
#1136=EDGE_LOOP('',(#2659));
#1137=EDGE_LOOP('',(#2660));
#1138=EDGE_LOOP('',(#2661,#2662,#2663,#2664));
#1139=EDGE_LOOP('',(#2665,#2666,#2667,#2668));
#1140=EDGE_LOOP('',(#2669,#2670,#2671,#2672));
#1141=EDGE_LOOP('',(#2673,#2674,#2675,#2676));
#1142=EDGE_LOOP('',(#2677,#2678,#2679,#2680));
#1143=EDGE_LOOP('',(#2681,#2682,#2683,#2684,#2685,#2686,#2687,#2688,#2689,
#2690));
#1144=EDGE_LOOP('',(#2691,#2692,#2693,#2694));
#1145=EDGE_LOOP('',(#2695,#2696,#2697,#2698));
#1146=EDGE_LOOP('',(#2699,#2700,#2701,#2702));
#1147=EDGE_LOOP('',(#2703,#2704,#2705,#2706));
#1148=EDGE_LOOP('',(#2707,#2708,#2709,#2710));
#1149=EDGE_LOOP('',(#2711,#2712,#2713,#2714));
#1150=EDGE_LOOP('',(#2715,#2716,#2717,#2718));
#1151=EDGE_LOOP('',(#2719,#2720,#2721,#2722));
#1152=EDGE_LOOP('',(#2723,#2724,#2725,#2726,#2727,#2728,#2729,#2730,#2731,
#2732));
#1153=EDGE_LOOP('',(#2733,#2734,#2735,#2736));
#1154=EDGE_LOOP('',(#2737,#2738,#2739,#2740));
#1155=EDGE_LOOP('',(#2741,#2742,#2743,#2744));
#1156=EDGE_LOOP('',(#2745,#2746,#2747,#2748));
#1157=EDGE_LOOP('',(#2749,#2750,#2751,#2752));
#1158=EDGE_LOOP('',(#2753,#2754,#2755,#2756));
#1159=EDGE_LOOP('',(#2757,#2758,#2759,#2760));
#1160=EDGE_LOOP('',(#2761,#2762,#2763,#2764));
#1161=EDGE_LOOP('',(#2765,#2766,#2767,#2768));
#1162=EDGE_LOOP('',(#2769,#2770,#2771,#2772));
#1163=EDGE_LOOP('',(#2773,#2774,#2775,#2776));
#1164=EDGE_LOOP('',(#2777,#2778,#2779,#2780));
#1165=EDGE_LOOP('',(#2781,#2782,#2783,#2784));
#1166=EDGE_LOOP('',(#2785,#2786,#2787,#2788,#2789,#2790,#2791,#2792,#2793,
#2794,#2795,#2796));
#1167=EDGE_LOOP('',(#2797,#2798,#2799,#2800));
#1168=EDGE_LOOP('',(#2801,#2802,#2803,#2804));
#1169=EDGE_LOOP('',(#2805,#2806,#2807,#2808));
#1170=EDGE_LOOP('',(#2809,#2810,#2811,#2812));
#1171=EDGE_LOOP('',(#2813,#2814,#2815,#2816));
#1172=EDGE_LOOP('',(#2817,#2818,#2819,#2820));
#1173=EDGE_LOOP('',(#2821,#2822,#2823,#2824));
#1174=EDGE_LOOP('',(#2825,#2826,#2827,#2828));
#1175=EDGE_LOOP('',(#2829,#2830,#2831,#2832));
#1176=EDGE_LOOP('',(#2833,#2834,#2835,#2836));
#1177=EDGE_LOOP('',(#2837,#2838,#2839,#2840,#2841,#2842,#2843,#2844));
#1178=EDGE_LOOP('',(#2845,#2846,#2847,#2848));
#1179=EDGE_LOOP('',(#2849,#2850,#2851,#2852));
#1180=EDGE_LOOP('',(#2853,#2854,#2855,#2856));
#1181=EDGE_LOOP('',(#2857,#2858,#2859,#2860));
#1182=EDGE_LOOP('',(#2861,#2862,#2863,#2864));
#1183=EDGE_LOOP('',(#2865,#2866,#2867,#2868));
#1184=EDGE_LOOP('',(#2869,#2870,#2871,#2872));
#1185=EDGE_LOOP('',(#2873,#2874,#2875,#2876));
#1186=EDGE_LOOP('',(#2877,#2878,#2879,#2880));
#1187=EDGE_LOOP('',(#2881,#2882,#2883,#2884,#2885,#2886,#2887,#2888,#2889,
#2890));
#1188=EDGE_LOOP('',(#2891,#2892,#2893,#2894));
#1189=EDGE_LOOP('',(#2895,#2896,#2897,#2898));
#1190=EDGE_LOOP('',(#2899,#2900,#2901,#2902));
#1191=EDGE_LOOP('',(#2903,#2904,#2905,#2906));
#1192=EDGE_LOOP('',(#2907,#2908,#2909,#2910));
#1193=EDGE_LOOP('',(#2911,#2912,#2913,#2914));
#1194=EDGE_LOOP('',(#2915,#2916,#2917,#2918));
#1195=EDGE_LOOP('',(#2919,#2920,#2921,#2922));
#1196=EDGE_LOOP('',(#2923,#2924,#2925,#2926));
#1197=EDGE_LOOP('',(#2927,#2928,#2929,#2930));
#1198=EDGE_LOOP('',(#2931,#2932,#2933,#2934,#2935,#2936,#2937,#2938));
#1199=EDGE_LOOP('',(#2939,#2940,#2941,#2942));
#1200=EDGE_LOOP('',(#2943,#2944,#2945,#2946));
#1201=EDGE_LOOP('',(#2947,#2948,#2949,#2950));
#1202=EDGE_LOOP('',(#2951,#2952,#2953,#2954));
#1203=EDGE_LOOP('',(#2955,#2956,#2957,#2958));
#1204=EDGE_LOOP('',(#2959,#2960,#2961,#2962));
#1205=EDGE_LOOP('',(#2963,#2964,#2965,#2966));
#1206=EDGE_LOOP('',(#2967,#2968,#2969,#2970));
#1207=EDGE_LOOP('',(#2971,#2972,#2973,#2974));
#1208=EDGE_LOOP('',(#2975,#2976,#2977,#2978,#2979,#2980,#2981,#2982,#2983,
#2984,#2985,#2986));
#1209=EDGE_LOOP('',(#2987,#2988,#2989,#2990));
#1210=EDGE_LOOP('',(#2991,#2992,#2993,#2994));
#1211=EDGE_LOOP('',(#2995,#2996,#2997,#2998));
#1212=EDGE_LOOP('',(#2999,#3000,#3001,#3002));
#1213=EDGE_LOOP('',(#3003,#3004,#3005,#3006));
#1214=EDGE_LOOP('',(#3007,#3008,#3009,#3010));
#1215=EDGE_LOOP('',(#3011,#3012,#3013,#3014,#3015,#3016,#3017,#3018,#3019,
#3020));
#1216=EDGE_LOOP('',(#3021,#3022,#3023,#3024,#3025,#3026,#3027,#3028,#3029,
#3030,#3031,#3032));
#1217=EDGE_LOOP('',(#3033,#3034,#3035,#3036,#3037,#3038,#3039,#3040));
#1218=EDGE_LOOP('',(#3041));
#1219=EDGE_LOOP('',(#3042,#3043,#3044,#3045,#3046,#3047,#3048,#3049));
#1220=EDGE_LOOP('',(#3050,#3051,#3052,#3053,#3054,#3055,#3056,#3057,#3058,
#3059));
#1221=EDGE_LOOP('',(#3060,#3061,#3062,#3063,#3064,#3065,#3066,#3067,#3068,
#3069,#3070,#3071));
#1222=EDGE_LOOP('',(#3072));
#1223=EDGE_LOOP('',(#3073));
#1224=EDGE_LOOP('',(#3074,#3075,#3076,#3077,#3078,#3079,#3080,#3081));
#1225=EDGE_LOOP('',(#3082,#3083,#3084,#3085,#3086,#3087,#3088,#3089,#3090,
#3091));
#1226=EDGE_LOOP('',(#3092,#3093,#3094,#3095,#3096,#3097,#3098,#3099));
#1227=EDGE_LOOP('',(#3100,#3101,#3102,#3103,#3104,#3105,#3106,#3107));
#1228=EDGE_LOOP('',(#3108,#3109,#3110,#3111,#3112,#3113,#3114,#3115));
#1229=EDGE_LOOP('',(#3116));
#1230=EDGE_LOOP('',(#3117,#3118,#3119,#3120,#3121,#3122,#3123,#3124,#3125,
#3126,#3127,#3128,#3129,#3130,#3131,#3132));
#1231=EDGE_LOOP('',(#3133,#3134,#3135,#3136,#3137,#3138,#3139,#3140,#3141,
#3142));
#1232=EDGE_LOOP('',(#3143,#3144,#3145,#3146,#3147,#3148,#3149,#3150,#3151,
#3152));
#1233=EDGE_LOOP('',(#3153,#3154,#3155,#3156,#3157,#3158,#3159,#3160,#3161,
#3162,#3163,#3164));
#1234=EDGE_LOOP('',(#3165,#3166,#3167,#3168,#3169,#3170,#3171,#3172,#3173,
#3174));
#1235=EDGE_LOOP('',(#3175));
#1236=EDGE_LOOP('',(#3176,#3177,#3178,#3179));
#1237=EDGE_LOOP('',(#3180,#3181,#3182,#3183));
#1238=EDGE_LOOP('',(#3184,#3185,#3186,#3187));
#1239=EDGE_LOOP('',(#3188,#3189,#3190,#3191));
#1240=EDGE_LOOP('',(#3192,#3193,#3194,#3195));
#1241=EDGE_LOOP('',(#3196,#3197,#3198,#3199));
#1242=EDGE_LOOP('',(#3200,#3201,#3202,#3203));
#1243=EDGE_LOOP('',(#3204,#3205,#3206,#3207));
#1244=EDGE_LOOP('',(#3208,#3209,#3210,#3211));
#1245=EDGE_LOOP('',(#3212,#3213,#3214,#3215));
#1246=EDGE_LOOP('',(#3216,#3217,#3218,#3219));
#1247=EDGE_LOOP('',(#3220,#3221,#3222,#3223));
#1248=EDGE_LOOP('',(#3224,#3225,#3226,#3227));
#1249=EDGE_LOOP('',(#3228,#3229,#3230,#3231));
#1250=EDGE_LOOP('',(#3232,#3233,#3234,#3235));
#1251=EDGE_LOOP('',(#3236,#3237,#3238,#3239));
#1252=EDGE_LOOP('',(#3240,#3241,#3242,#3243));
#1253=EDGE_LOOP('',(#3244,#3245,#3246,#3247));
#1254=EDGE_LOOP('',(#3248,#3249,#3250,#3251));
#1255=EDGE_LOOP('',(#3252,#3253,#3254,#3255));
#1256=EDGE_LOOP('',(#3256,#3257,#3258,#3259));
#1257=EDGE_LOOP('',(#3260,#3261,#3262,#3263));
#1258=EDGE_LOOP('',(#3264,#3265,#3266,#3267));
#1259=EDGE_LOOP('',(#3268,#3269,#3270,#3271));
#1260=EDGE_LOOP('',(#3272,#3273,#3274,#3275));
#1261=EDGE_LOOP('',(#3276,#3277,#3278,#3279));
#1262=EDGE_LOOP('',(#3280,#3281,#3282,#3283));
#1263=EDGE_LOOP('',(#3284,#3285,#3286,#3287));
#1264=EDGE_LOOP('',(#3288,#3289,#3290,#3291));
#1265=EDGE_LOOP('',(#3292,#3293,#3294,#3295));
#1266=EDGE_LOOP('',(#3296,#3297,#3298,#3299));
#1267=EDGE_LOOP('',(#3300,#3301,#3302,#3303));
#1268=EDGE_LOOP('',(#3304));
#1269=EDGE_LOOP('',(#3305,#3306,#3307,#3308,#3309,#3310,#3311,#3312,#3313,
#3314));
#1270=EDGE_LOOP('',(#3315,#3316,#3317,#3318,#3319,#3320,#3321,#3322,#3323,
#3324));
#1271=EDGE_LOOP('',(#3325,#3326,#3327,#3328,#3329,#3330,#3331,#3332,#3333,
#3334));
#1272=EDGE_LOOP('',(#3335,#3336,#3337,#3338,#3339,#3340,#3341,#3342));
#1273=EDGE_LOOP('',(#3343));
#1274=EDGE_LOOP('',(#3344,#3345,#3346,#3347,#3348,#3349,#3350,#3351,#3352,
#3353));
#1275=EDGE_LOOP('',(#3354,#3355,#3356,#3357,#3358,#3359,#3360,#3361,#3362,
#3363,#3364,#3365));
#1276=EDGE_LOOP('',(#3366,#3367,#3368,#3369,#3370,#3371,#3372,#3373,#3374,
#3375));
#1277=EDGE_LOOP('',(#3376));
#1278=EDGE_LOOP('',(#3377,#3378,#3379,#3380,#3381,#3382,#3383,#3384));
#1279=EDGE_LOOP('',(#3385,#3386,#3387,#3388,#3389,#3390,#3391,#3392));
#1280=EDGE_LOOP('',(#3393,#3394,#3395,#3396,#3397,#3398,#3399,#3400));
#1281=EDGE_LOOP('',(#3401,#3402,#3403,#3404,#3405,#3406,#3407,#3408));
#1282=EDGE_LOOP('',(#3409,#3410,#3411,#3412,#3413,#3414,#3415,#3416,#3417,
#3418,#3419,#3420,#3421));
#1283=EDGE_LOOP('',(#3422,#3423,#3424,#3425,#3426,#3427,#3428,#3429,#3430,
#3431,#3432,#3433));
#1284=EDGE_LOOP('',(#3434,#3435,#3436,#3437,#3438,#3439,#3440,#3441,#3442,
#3443));
#1285=EDGE_LOOP('',(#3444));
#1286=EDGE_LOOP('',(#3445,#3446,#3447,#3448,#3449,#3450,#3451,#3452,#3453,
#3454,#3455,#3456));
#1287=EDGE_LOOP('',(#3457,#3458,#3459,#3460,#3461,#3462,#3463,#3464));
#1288=EDGE_LOOP('',(#3465));
#1289=EDGE_LOOP('',(#3466));
#1290=EDGE_LOOP('',(#3467,#3468,#3469,#3470));
#1291=EDGE_LOOP('',(#3471,#3472,#3473,#3474));
#1292=EDGE_LOOP('',(#3475,#3476,#3477,#3478));
#1293=EDGE_LOOP('',(#3479,#3480,#3481,#3482));
#1294=EDGE_LOOP('',(#3483,#3484,#3485,#3486));
#1295=EDGE_LOOP('',(#3487,#3488,#3489,#3490));
#1296=EDGE_LOOP('',(#3491,#3492,#3493,#3494));
#1297=EDGE_LOOP('',(#3495,#3496,#3497,#3498));
#1298=EDGE_LOOP('',(#3499,#3500,#3501,#3502));
#1299=EDGE_LOOP('',(#3503,#3504,#3505,#3506));
#1300=EDGE_LOOP('',(#3507,#3508,#3509,#3510));
#1301=EDGE_LOOP('',(#3511,#3512,#3513,#3514));
#1302=EDGE_LOOP('',(#3515,#3516,#3517,#3518));
#1303=EDGE_LOOP('',(#3519,#3520,#3521,#3522));
#1304=EDGE_LOOP('',(#3523,#3524,#3525,#3526));
#1305=EDGE_LOOP('',(#3527,#3528,#3529,#3530));
#1306=EDGE_LOOP('',(#3531,#3532,#3533,#3534));
#1307=EDGE_LOOP('',(#3535,#3536,#3537,#3538));
#1308=EDGE_LOOP('',(#3539,#3540,#3541,#3542));
#1309=EDGE_LOOP('',(#3543,#3544,#3545,#3546));
#1310=EDGE_LOOP('',(#3547,#3548,#3549,#3550));
#1311=EDGE_LOOP('',(#3551,#3552,#3553,#3554));
#1312=EDGE_LOOP('',(#3555,#3556,#3557,#3558));
#1313=EDGE_LOOP('',(#3559,#3560,#3561,#3562,#3563,#3564,#3565));
#1314=EDGE_LOOP('',(#3566,#3567,#3568,#3569));
#1315=EDGE_LOOP('',(#3570,#3571,#3572,#3573,#3574,#3575));
#1316=EDGE_LOOP('',(#3576,#3577,#3578,#3579));
#1317=EDGE_LOOP('',(#3580,#3581,#3582,#3583));
#1318=EDGE_LOOP('',(#3584,#3585,#3586,#3587));
#1319=EDGE_LOOP('',(#3588,#3589,#3590,#3591));
#1320=EDGE_LOOP('',(#3592,#3593,#3594,#3595));
#1321=EDGE_LOOP('',(#3596,#3597,#3598,#3599));
#1322=EDGE_LOOP('',(#3600,#3601,#3602,#3603));
#1323=EDGE_LOOP('',(#3604,#3605,#3606,#3607));
#1324=EDGE_LOOP('',(#3608,#3609,#3610,#3611));
#1325=EDGE_LOOP('',(#3612,#3613,#3614,#3615));
#1326=EDGE_LOOP('',(#3616,#3617,#3618,#3619));
#1327=EDGE_LOOP('',(#3620,#3621,#3622,#3623));
#1328=EDGE_LOOP('',(#3624,#3625,#3626,#3627));
#1329=EDGE_LOOP('',(#3628,#3629,#3630,#3631));
#1330=EDGE_LOOP('',(#3632,#3633,#3634,#3635));
#1331=EDGE_LOOP('',(#3636,#3637,#3638,#3639));
#1332=EDGE_LOOP('',(#3640,#3641,#3642,#3643));
#1333=EDGE_LOOP('',(#3644,#3645,#3646,#3647));
#1334=EDGE_LOOP('',(#3648,#3649,#3650,#3651));
#1335=EDGE_LOOP('',(#3652,#3653,#3654,#3655));
#1336=EDGE_LOOP('',(#3656,#3657,#3658,#3659));
#1337=EDGE_LOOP('',(#3660,#3661,#3662,#3663));
#1338=EDGE_LOOP('',(#3664,#3665,#3666,#3667));
#1339=EDGE_LOOP('',(#3668,#3669,#3670,#3671));
#1340=EDGE_LOOP('',(#3672,#3673,#3674,#3675));
#1341=EDGE_LOOP('',(#3676,#3677,#3678,#3679));
#1342=EDGE_LOOP('',(#3680,#3681,#3682,#3683));
#1343=EDGE_LOOP('',(#3684,#3685,#3686,#3687));
#1344=EDGE_LOOP('',(#3688,#3689,#3690,#3691));
#1345=EDGE_LOOP('',(#3692,#3693,#3694,#3695));
#1346=EDGE_LOOP('',(#3696,#3697,#3698,#3699));
#1347=EDGE_LOOP('',(#3700,#3701,#3702,#3703));
#1348=EDGE_LOOP('',(#3704,#3705,#3706,#3707));
#1349=EDGE_LOOP('',(#3708,#3709,#3710,#3711));
#1350=EDGE_LOOP('',(#3712,#3713,#3714,#3715));
#1351=EDGE_LOOP('',(#3716));
#1352=EDGE_LOOP('',(#3717));
#1353=EDGE_LOOP('',(#3718,#3719,#3720,#3721));
#1354=EDGE_LOOP('',(#3722,#3723,#3724,#3725));
#1355=EDGE_LOOP('',(#3726,#3727,#3728,#3729));
#1356=EDGE_LOOP('',(#3730,#3731,#3732,#3733));
#1357=EDGE_LOOP('',(#3734,#3735,#3736,#3737));
#1358=EDGE_LOOP('',(#3738,#3739,#3740,#3741));
#1359=EDGE_LOOP('',(#3742,#3743,#3744,#3745));
#1360=EDGE_LOOP('',(#3746,#3747,#3748,#3749));
#1361=EDGE_LOOP('',(#3750,#3751,#3752,#3753));
#1362=EDGE_LOOP('',(#3754,#3755,#3756,#3757));
#1363=EDGE_LOOP('',(#3758,#3759,#3760,#3761));
#1364=EDGE_LOOP('',(#3762,#3763,#3764,#3765));
#1365=EDGE_LOOP('',(#3766,#3767,#3768,#3769));
#1366=EDGE_LOOP('',(#3770,#3771,#3772,#3773));
#1367=EDGE_LOOP('',(#3774,#3775,#3776,#3777));
#1368=EDGE_LOOP('',(#3778,#3779,#3780,#3781));
#1369=EDGE_LOOP('',(#3782,#3783,#3784,#3785));
#1370=EDGE_LOOP('',(#3786,#3787,#3788,#3789));
#1371=EDGE_LOOP('',(#3790,#3791,#3792,#3793));
#1372=EDGE_LOOP('',(#3794,#3795,#3796,#3797));
#1373=EDGE_LOOP('',(#3798,#3799,#3800,#3801));
#1374=EDGE_LOOP('',(#3802,#3803,#3804,#3805));
#1375=EDGE_LOOP('',(#3806,#3807,#3808,#3809));
#1376=EDGE_LOOP('',(#3810,#3811,#3812,#3813));
#1377=EDGE_LOOP('',(#3814,#3815,#3816,#3817));
#1378=EDGE_LOOP('',(#3818,#3819,#3820,#3821));
#1379=EDGE_LOOP('',(#3822,#3823,#3824,#3825));
#1380=EDGE_LOOP('',(#3826,#3827,#3828,#3829));
#1381=EDGE_LOOP('',(#3830,#3831,#3832,#3833));
#1382=EDGE_LOOP('',(#3834,#3835,#3836,#3837));
#1383=EDGE_LOOP('',(#3838,#3839,#3840,#3841));
#1384=EDGE_LOOP('',(#3842,#3843,#3844,#3845));
#1385=EDGE_LOOP('',(#3846));
#1386=EDGE_LOOP('',(#3847));
#1387=EDGE_LOOP('',(#3848,#3849,#3850,#3851));
#1388=EDGE_LOOP('',(#3852,#3853,#3854,#3855));
#1389=EDGE_LOOP('',(#3856,#3857,#3858,#3859));
#1390=EDGE_LOOP('',(#3860,#3861,#3862,#3863));
#1391=EDGE_LOOP('',(#3864,#3865,#3866,#3867));
#1392=EDGE_LOOP('',(#3868,#3869,#3870,#3871));
#1393=EDGE_LOOP('',(#3872,#3873,#3874,#3875));
#1394=EDGE_LOOP('',(#3876,#3877,#3878,#3879));
#1395=EDGE_LOOP('',(#3880,#3881,#3882,#3883));
#1396=EDGE_LOOP('',(#3884,#3885,#3886,#3887));
#1397=EDGE_LOOP('',(#3888,#3889,#3890,#3891));
#1398=EDGE_LOOP('',(#3892,#3893,#3894,#3895));
#1399=EDGE_LOOP('',(#3896,#3897,#3898,#3899));
#1400=EDGE_LOOP('',(#3900,#3901,#3902,#3903));
#1401=EDGE_LOOP('',(#3904,#3905,#3906,#3907));
#1402=EDGE_LOOP('',(#3908,#3909,#3910,#3911));
#1403=EDGE_LOOP('',(#3912,#3913,#3914,#3915));
#1404=EDGE_LOOP('',(#3916,#3917,#3918,#3919));
#1405=EDGE_LOOP('',(#3920,#3921,#3922,#3923,#3924));
#1406=EDGE_LOOP('',(#3925,#3926,#3927,#3928));
#1407=EDGE_LOOP('',(#3929,#3930,#3931,#3932));
#1408=EDGE_LOOP('',(#3933,#3934,#3935,#3936));
#1409=EDGE_LOOP('',(#3937));
#1410=EDGE_LOOP('',(#3938));
#1411=EDGE_LOOP('',(#3939,#3940,#3941,#3942));
#1412=EDGE_LOOP('',(#3943,#3944,#3945,#3946));
#1413=EDGE_LOOP('',(#3947,#3948,#3949,#3950));
#1414=EDGE_LOOP('',(#3951,#3952,#3953,#3954));
#1415=EDGE_LOOP('',(#3955,#3956,#3957,#3958));
#1416=EDGE_LOOP('',(#3959,#3960,#3961,#3962));
#1417=EDGE_LOOP('',(#3963,#3964,#3965,#3966));
#1418=EDGE_LOOP('',(#3967,#3968,#3969,#3970));
#1419=EDGE_LOOP('',(#3971,#3972,#3973,#3974));
#1420=EDGE_LOOP('',(#3975,#3976,#3977,#3978));
#1421=EDGE_LOOP('',(#3979,#3980,#3981,#3982));
#1422=EDGE_LOOP('',(#3983,#3984,#3985,#3986));
#1423=EDGE_LOOP('',(#3987,#3988,#3989,#3990));
#1424=EDGE_LOOP('',(#3991,#3992,#3993,#3994));
#1425=EDGE_LOOP('',(#3995,#3996,#3997,#3998));
#1426=EDGE_LOOP('',(#3999,#4000,#4001,#4002));
#1427=EDGE_LOOP('',(#4003,#4004,#4005,#4006));
#1428=EDGE_LOOP('',(#4007,#4008,#4009,#4010));
#1429=EDGE_LOOP('',(#4011,#4012,#4013,#4014));
#1430=EDGE_LOOP('',(#4015,#4016,#4017,#4018));
#1431=EDGE_LOOP('',(#4019,#4020,#4021,#4022));
#1432=EDGE_LOOP('',(#4023,#4024,#4025,#4026));
#1433=EDGE_LOOP('',(#4027,#4028,#4029,#4030));
#1434=EDGE_LOOP('',(#4031,#4032,#4033,#4034));
#1435=EDGE_LOOP('',(#4035,#4036,#4037,#4038));
#1436=EDGE_LOOP('',(#4039,#4040,#4041,#4042));
#1437=EDGE_LOOP('',(#4043,#4044,#4045,#4046));
#1438=EDGE_LOOP('',(#4047,#4048,#4049,#4050));
#1439=EDGE_LOOP('',(#4051,#4052,#4053,#4054));
#1440=EDGE_LOOP('',(#4055,#4056,#4057,#4058));
#1441=EDGE_LOOP('',(#4059,#4060,#4061,#4062));
#1442=EDGE_LOOP('',(#4063,#4064,#4065,#4066));
#1443=EDGE_LOOP('',(#4067,#4068,#4069,#4070));
#1444=EDGE_LOOP('',(#4071,#4072,#4073,#4074));
#1445=EDGE_LOOP('',(#4075,#4076,#4077,#4078));
#1446=EDGE_LOOP('',(#4079,#4080,#4081,#4082));
#1447=EDGE_LOOP('',(#4083,#4084,#4085,#4086));
#1448=EDGE_LOOP('',(#4087,#4088,#4089,#4090));
#1449=EDGE_LOOP('',(#4091,#4092,#4093,#4094));
#1450=EDGE_LOOP('',(#4095,#4096,#4097,#4098));
#1451=EDGE_LOOP('',(#4099,#4100,#4101,#4102));
#1452=EDGE_LOOP('',(#4103,#4104,#4105,#4106));
#1453=EDGE_LOOP('',(#4107,#4108,#4109,#4110));
#1454=EDGE_LOOP('',(#4111,#4112,#4113,#4114));
#1455=EDGE_LOOP('',(#4115,#4116,#4117,#4118));
#1456=EDGE_LOOP('',(#4119,#4120,#4121,#4122));
#1457=EDGE_LOOP('',(#4123,#4124,#4125,#4126));
#1458=EDGE_LOOP('',(#4127,#4128,#4129,#4130));
#1459=EDGE_LOOP('',(#4131,#4132,#4133,#4134));
#1460=EDGE_LOOP('',(#4135,#4136,#4137,#4138));
#1461=EDGE_LOOP('',(#4139,#4140,#4141,#4142));
#1462=EDGE_LOOP('',(#4143,#4144,#4145,#4146));
#1463=EDGE_LOOP('',(#4147,#4148,#4149,#4150));
#1464=EDGE_LOOP('',(#4151,#4152,#4153,#4154));
#1465=EDGE_LOOP('',(#4155,#4156,#4157,#4158));
#1466=EDGE_LOOP('',(#4159,#4160,#4161,#4162));
#1467=EDGE_LOOP('',(#4163,#4164,#4165,#4166));
#1468=EDGE_LOOP('',(#4167,#4168,#4169,#4170));
#1469=EDGE_LOOP('',(#4171,#4172,#4173,#4174));
#1470=EDGE_LOOP('',(#4175,#4176,#4177,#4178));
#1471=EDGE_LOOP('',(#4179,#4180,#4181,#4182));
#1472=EDGE_LOOP('',(#4183,#4184,#4185,#4186));
#1473=EDGE_LOOP('',(#4187,#4188,#4189,#4190));
#1474=EDGE_LOOP('',(#4191,#4192,#4193,#4194));
#1475=EDGE_LOOP('',(#4195,#4196,#4197,#4198));
#1476=EDGE_LOOP('',(#4199,#4200,#4201,#4202));
#1477=EDGE_LOOP('',(#4203,#4204,#4205,#4206));
#1478=EDGE_LOOP('',(#4207,#4208,#4209,#4210));
#1479=EDGE_LOOP('',(#4211,#4212,#4213,#4214));
#1480=EDGE_LOOP('',(#4215,#4216,#4217,#4218));
#1481=EDGE_LOOP('',(#4219,#4220,#4221,#4222));
#1482=EDGE_LOOP('',(#4223,#4224,#4225,#4226));
#1483=EDGE_LOOP('',(#4227,#4228,#4229,#4230,#4231,#4232,#4233,#4234,#4235,
#4236));
#1484=EDGE_LOOP('',(#4237,#4238,#4239,#4240,#4241,#4242,#4243,#4244,#4245,
#4246,#4247,#4248));
#1485=EDGE_LOOP('',(#4249,#4250,#4251,#4252,#4253,#4254));
#1486=EDGE_LOOP('',(#4255,#4256,#4257,#4258,#4259));
#1487=EDGE_LOOP('',(#4260));
#1488=EDGE_LOOP('',(#4261,#4262,#4263,#4264,#4265,#4266,#4267,#4268));
#1489=EDGE_LOOP('',(#4269,#4270,#4271,#4272,#4273,#4274,#4275,#4276));
#1490=EDGE_LOOP('',(#4277,#4278,#4279,#4280,#4281,#4282,#4283,#4284));
#1491=EDGE_LOOP('',(#4285,#4286,#4287,#4288,#4289,#4290,#4291,#4292));
#1492=EDGE_LOOP('',(#4293,#4294,#4295,#4296,#4297,#4298,#4299,#4300,#4301,
#4302));
#1493=EDGE_LOOP('',(#4303,#4304,#4305,#4306,#4307,#4308,#4309,#4310,#4311,
#4312,#4313,#4314));
#1494=EDGE_LOOP('',(#4315,#4316,#4317,#4318,#4319,#4320,#4321,#4322,#4323,
#4324));
#1495=EDGE_LOOP('',(#4325,#4326,#4327,#4328,#4329,#4330,#4331,#4332));
#1496=EDGE_LOOP('',(#4333,#4334,#4335,#4336,#4337,#4338,#4339,#4340,#4341,
#4342));
#1497=EDGE_LOOP('',(#4343,#4344,#4345,#4346,#4347,#4348,#4349,#4350,#4351,
#4352,#4353,#4354));
#1498=EDGE_LOOP('',(#4355,#4356,#4357,#4358,#4359,#4360,#4361,#4362,#4363,
#4364));
#1499=EDGE_LOOP('',(#4365,#4366,#4367,#4368,#4369,#4370,#4371,#4372,#4373,
#4374));
#1500=EDGE_LOOP('',(#4375));
#1501=EDGE_LOOP('',(#4376));
#1502=EDGE_LOOP('',(#4377,#4378,#4379,#4380,#4381,#4382,#4383,#4384));
#1503=EDGE_LOOP('',(#4385,#4386,#4387,#4388,#4389,#4390,#4391,#4392));
#1504=EDGE_LOOP('',(#4393,#4394,#4395,#4396,#4397,#4398,#4399,#4400));
#1505=EDGE_LOOP('',(#4401,#4402,#4403,#4404,#4405,#4406,#4407,#4408,#4409,
#4410));
#1506=EDGE_LOOP('',(#4411,#4412,#4413,#4414,#4415,#4416,#4417,#4418));
#1507=EDGE_LOOP('',(#4419,#4420,#4421,#4422,#4423,#4424,#4425,#4426,#4427,
#4428,#4429,#4430));
#1508=EDGE_LOOP('',(#4431,#4432,#4433,#4434,#4435,#4436,#4437,#4438,#4439,
#4440));
#1509=EDGE_LOOP('',(#4441,#4442,#4443,#4444,#4445,#4446,#4447,#4448));
#1510=EDGE_LOOP('',(#4449));
#1511=EDGE_LOOP('',(#4450));
#1512=EDGE_LOOP('',(#4451));
#1513=EDGE_LOOP('',(#4452));
#1514=EDGE_LOOP('',(#4453));
#1515=EDGE_LOOP('',(#4454));
#1516=EDGE_LOOP('',(#4455,#4456,#4457,#4458));
#1517=EDGE_LOOP('',(#4459,#4460,#4461,#4462));
#1518=EDGE_LOOP('',(#4463,#4464,#4465,#4466));
#1519=EDGE_LOOP('',(#4467,#4468,#4469,#4470));
#1520=EDGE_LOOP('',(#4471,#4472,#4473,#4474));
#1521=EDGE_LOOP('',(#4475,#4476,#4477,#4478,#4479,#4480,#4481,#4482,#4483,
#4484));
#1522=EDGE_LOOP('',(#4485,#4486,#4487,#4488));
#1523=EDGE_LOOP('',(#4489,#4490,#4491,#4492));
#1524=EDGE_LOOP('',(#4493,#4494,#4495,#4496));
#1525=EDGE_LOOP('',(#4497,#4498,#4499,#4500));
#1526=EDGE_LOOP('',(#4501,#4502,#4503,#4504));
#1527=LINE('',#9191,#2081);
#1528=LINE('',#9195,#2082);
#1529=LINE('',#9200,#2083);
#1530=LINE('',#9204,#2084);
#1531=LINE('',#9209,#2085);
#1532=LINE('',#9213,#2086);
#1533=LINE('',#9218,#2087);
#1534=LINE('',#9222,#2088);
#1535=LINE('',#9224,#2089);
#1536=LINE('',#9225,#2090);
#1537=LINE('',#9227,#2091);
#1538=LINE('',#9228,#2092);
#1539=LINE('',#9238,#2093);
#1540=LINE('',#9242,#2094);
#1541=LINE('',#9247,#2095);
#1542=LINE('',#9251,#2096);
#1543=LINE('',#9253,#2097);
#1544=LINE('',#9255,#2098);
#1545=LINE('',#9257,#2099);
#1546=LINE('',#9259,#2100);
#1547=LINE('',#9262,#2101);
#1548=LINE('',#9264,#2102);
#1549=LINE('',#9266,#2103);
#1550=LINE('',#9272,#2104);
#1551=LINE('',#9276,#2105);
#1552=LINE('',#9278,#2106);
#1553=LINE('',#9284,#2107);
#1554=LINE('',#9288,#2108);
#1555=LINE('',#9292,#2109);
#1556=LINE('',#9294,#2110);
#1557=LINE('',#9299,#2111);
#1558=LINE('',#9303,#2112);
#1559=LINE('',#9308,#2113);
#1560=LINE('',#9312,#2114);
#1561=LINE('',#9317,#2115);
#1562=LINE('',#9321,#2116);
#1563=LINE('',#9323,#2117);
#1564=LINE('',#9329,#2118);
#1565=LINE('',#9330,#2119);
#1566=LINE('',#9331,#2120);
#1567=LINE('',#9335,#2121);
#1568=LINE('',#9337,#2122);
#1569=LINE('',#9339,#2123);
#1570=LINE('',#9343,#2124);
#1571=LINE('',#9345,#2125);
#1572=LINE('',#9347,#2126);
#1573=LINE('',#9353,#2127);
#1574=LINE('',#9355,#2128);
#1575=LINE('',#9357,#2129);
#1576=LINE('',#9360,#2130);
#1577=LINE('',#9362,#2131);
#1578=LINE('',#9364,#2132);
#1579=LINE('',#9369,#2133);
#1580=LINE('',#9373,#2134);
#1581=LINE('',#9375,#2135);
#1582=LINE('',#9377,#2136);
#1583=LINE('',#9379,#2137);
#1584=LINE('',#9384,#2138);
#1585=LINE('',#9388,#2139);
#1586=LINE('',#9392,#2140);
#1587=LINE('',#9396,#2141);
#1588=LINE('',#9399,#2142);
#1589=LINE('',#9401,#2143);
#1590=LINE('',#9403,#2144);
#1591=LINE('',#9407,#2145);
#1592=LINE('',#9412,#2146);
#1593=LINE('',#9418,#2147);
#1594=LINE('',#9420,#2148);
#1595=LINE('',#9422,#2149);
#1596=LINE('',#9424,#2150);
#1597=LINE('',#9433,#2151);
#1598=LINE('',#9437,#2152);
#1599=LINE('',#9442,#2153);
#1600=LINE('',#9446,#2154);
#1601=LINE('',#9451,#2155);
#1602=LINE('',#9455,#2156);
#1603=LINE('',#9457,#2157);
#1604=LINE('',#9459,#2158);
#1605=LINE('',#9461,#2159);
#1606=LINE('',#9464,#2160);
#1607=LINE('',#9467,#2161);
#1608=LINE('',#9469,#2162);
#1609=LINE('',#9473,#2163);
#1610=LINE('',#9475,#2164);
#1611=LINE('',#9479,#2165);
#1612=LINE('',#9482,#2166);
#1613=LINE('',#9484,#2167);
#1614=LINE('',#9486,#2168);
#1615=LINE('',#9490,#2169);
#1616=LINE('',#9497,#2170);
#1617=LINE('',#9501,#2171);
#1618=LINE('',#9506,#2172);
#1619=LINE('',#9510,#2173);
#1620=LINE('',#9512,#2174);
#1621=LINE('',#9513,#2175);
#1622=LINE('',#9517,#2176);
#1623=LINE('',#9520,#2177);
#1624=LINE('',#9526,#2178);
#1625=LINE('',#9528,#2179);
#1626=LINE('',#9530,#2180);
#1627=LINE('',#9536,#2181);
#1628=LINE('',#9538,#2182);
#1629=LINE('',#9543,#2183);
#1630=LINE('',#9547,#2184);
#1631=LINE('',#9552,#2185);
#1632=LINE('',#9556,#2186);
#1633=LINE('',#9558,#2187);
#1634=LINE('',#9559,#2188);
#1635=LINE('',#9564,#2189);
#1636=LINE('',#9568,#2190);
#1637=LINE('',#9572,#2191);
#1638=LINE('',#9578,#2192);
#1639=LINE('',#9579,#2193);
#1640=LINE('',#9581,#2194);
#1641=LINE('',#9585,#2195);
#1642=LINE('',#9587,#2196);
#1643=LINE('',#9589,#2197);
#1644=LINE('',#9592,#2198);
#1645=LINE('',#9594,#2199);
#1646=LINE('',#9596,#2200);
#1647=LINE('',#9601,#2201);
#1648=LINE('',#9605,#2202);
#1649=LINE('',#9607,#2203);
#1650=LINE('',#9609,#2204);
#1651=LINE('',#9611,#2205);
#1652=LINE('',#9613,#2206);
#1653=LINE('',#9616,#2207);
#1654=LINE('',#9618,#2208);
#1655=LINE('',#9620,#2209);
#1656=LINE('',#9624,#2210);
#1657=LINE('',#9628,#2211);
#1658=LINE('',#9631,#2212);
#1659=LINE('',#9633,#2213);
#1660=LINE('',#9635,#2214);
#1661=LINE('',#9637,#2215);
#1662=LINE('',#9648,#2216);
#1663=LINE('',#9654,#2217);
#1664=LINE('',#9656,#2218);
#1665=LINE('',#9669,#2219);
#1666=LINE('',#9673,#2220);
#1667=LINE('',#9677,#2221);
#1668=LINE('',#9680,#2222);
#1669=LINE('',#9685,#2223);
#1670=LINE('',#9689,#2224);
#1671=LINE('',#9693,#2225);
#1672=LINE('',#9700,#2226);
#1673=LINE('',#9705,#2227);
#1674=LINE('',#9709,#2228);
#1675=LINE('',#9713,#2229);
#1676=LINE('',#9721,#2230);
#1677=LINE('',#9731,#2231);
#1678=LINE('',#9739,#2232);
#1679=LINE('',#9743,#2233);
#1680=LINE('',#9744,#2234);
#1681=LINE('',#9749,#2235);
#1682=LINE('',#9753,#2236);
#1683=LINE('',#9761,#2237);
#1684=LINE('',#9764,#2238);
#1685=LINE('',#9769,#2239);
#1686=LINE('',#9777,#2240);
#1687=LINE('',#9785,#2241);
#1688=LINE('',#9789,#2242);
#1689=LINE('',#9793,#2243);
#1690=LINE('',#9796,#2244);
#1691=LINE('',#9805,#2245);
#1692=LINE('',#9809,#2246);
#1693=LINE('',#9814,#2247);
#1694=LINE('',#9816,#2248);
#1695=LINE('',#9817,#2249);
#1696=LINE('',#9821,#2250);
#1697=LINE('',#9825,#2251);
#1698=LINE('',#9829,#2252);
#1699=LINE('',#9832,#2253);
#1700=LINE('',#9837,#2254);
#1701=LINE('',#9841,#2255);
#1702=LINE('',#9845,#2256);
#1703=LINE('',#9855,#2257);
#1704=LINE('',#9863,#2258);
#1705=LINE('',#9867,#2259);
#1706=LINE('',#9871,#2260);
#1707=LINE('',#9877,#2261);
#1708=LINE('',#9881,#2262);
#1709=LINE('',#9885,#2263);
#1710=LINE('',#9889,#2264);
#1711=LINE('',#9893,#2265);
#1712=LINE('',#9897,#2266);
#1713=LINE('',#9901,#2267);
#1714=LINE('',#9905,#2268);
#1715=LINE('',#9907,#2269);
#1716=LINE('',#9909,#2270);
#1717=LINE('',#9913,#2271);
#1718=LINE('',#9915,#2272);
#1719=LINE('',#9917,#2273);
#1720=LINE('',#9921,#2274);
#1721=LINE('',#9923,#2275);
#1722=LINE('',#9925,#2276);
#1723=LINE('',#9929,#2277);
#1724=LINE('',#9931,#2278);
#1725=LINE('',#9933,#2279);
#1726=LINE('',#9937,#2280);
#1727=LINE('',#9939,#2281);
#1728=LINE('',#9941,#2282);
#1729=LINE('',#9948,#2283);
#1730=LINE('',#9949,#2284);
#1731=LINE('',#9951,#2285);
#1732=LINE('',#9953,#2286);
#1733=LINE('',#9957,#2287);
#1734=LINE('',#9961,#2288);
#1735=LINE('',#9965,#2289);
#1736=LINE('',#9967,#2290);
#1737=LINE('',#9969,#2291);
#1738=LINE('',#9973,#2292);
#1739=LINE('',#9975,#2293);
#1740=LINE('',#9977,#2294);
#1741=LINE('',#9981,#2295);
#1742=LINE('',#9983,#2296);
#1743=LINE('',#9985,#2297);
#1744=LINE('',#9988,#2298);
#1745=LINE('',#9989,#2299);
#1746=LINE('',#9993,#2300);
#1747=LINE('',#9995,#2301);
#1748=LINE('',#9997,#2302);
#1749=LINE('',#10001,#2303);
#1750=LINE('',#10003,#2304);
#1751=LINE('',#10005,#2305);
#1752=LINE('',#10009,#2306);
#1753=LINE('',#10011,#2307);
#1754=LINE('',#10013,#2308);
#1755=LINE('',#10017,#2309);
#1756=LINE('',#10021,#2310);
#1757=LINE('',#10028,#2311);
#1758=LINE('',#10032,#2312);
#1759=LINE('',#10040,#2313);
#1760=LINE('',#10044,#2314);
#1761=LINE('',#10045,#2315);
#1762=LINE('',#10050,#2316);
#1763=LINE('',#10054,#2317);
#1764=LINE('',#10058,#2318);
#1765=LINE('',#10072,#2319);
#1766=LINE('',#10076,#2320);
#1767=LINE('',#10080,#2321);
#1768=LINE('',#10083,#2322);
#1769=LINE('',#10092,#2323);
#1770=LINE('',#10096,#2324);
#1771=LINE('',#10100,#2325);
#1772=LINE('',#10108,#2326);
#1773=LINE('',#10112,#2327);
#1774=LINE('',#10116,#2328);
#1775=LINE('',#10120,#2329);
#1776=LINE('',#10124,#2330);
#1777=LINE('',#10127,#2331);
#1778=LINE('',#10132,#2332);
#1779=LINE('',#10136,#2333);
#1780=LINE('',#10144,#2334);
#1781=LINE('',#10154,#2335);
#1782=LINE('',#10158,#2336);
#1783=LINE('',#10162,#2337);
#1784=LINE('',#10170,#2338);
#1785=LINE('',#10174,#2339);
#1786=LINE('',#10178,#2340);
#1787=LINE('',#10186,#2341);
#1788=LINE('',#10190,#2342);
#1789=LINE('',#10194,#2343);
#1790=LINE('',#10202,#2344);
#1791=LINE('',#10206,#2345);
#1792=LINE('',#10210,#2346);
#1793=LINE('',#10213,#2347);
#1794=LINE('',#10215,#2348);
#1795=LINE('',#10219,#2349);
#1796=LINE('',#10223,#2350);
#1797=LINE('',#10224,#2351);
#1798=LINE('',#10232,#2352);
#1799=LINE('',#10236,#2353);
#1800=LINE('',#10240,#2354);
#1801=LINE('',#10244,#2355);
#1802=LINE('',#10248,#2356);
#1803=LINE('',#10252,#2357);
#1804=LINE('',#10256,#2358);
#1805=LINE('',#10264,#2359);
#1806=LINE('',#10268,#2360);
#1807=LINE('',#10273,#2361);
#1808=LINE('',#10277,#2362);
#1809=LINE('',#10279,#2363);
#1810=LINE('',#10281,#2364);
#1811=LINE('',#10285,#2365);
#1812=LINE('',#10287,#2366);
#1813=LINE('',#10289,#2367);
#1814=LINE('',#10293,#2368);
#1815=LINE('',#10297,#2369);
#1816=LINE('',#10301,#2370);
#1817=LINE('',#10303,#2371);
#1818=LINE('',#10305,#2372);
#1819=LINE('',#10309,#2373);
#1820=LINE('',#10311,#2374);
#1821=LINE('',#10313,#2375);
#1822=LINE('',#10317,#2376);
#1823=LINE('',#10321,#2377);
#1824=LINE('',#10325,#2378);
#1825=LINE('',#10327,#2379);
#1826=LINE('',#10329,#2380);
#1827=LINE('',#10333,#2381);
#1828=LINE('',#10335,#2382);
#1829=LINE('',#10337,#2383);
#1830=LINE('',#10341,#2384);
#1831=LINE('',#10343,#2385);
#1832=LINE('',#10345,#2386);
#1833=LINE('',#10349,#2387);
#1834=LINE('',#10351,#2388);
#1835=LINE('',#10353,#2389);
#1836=LINE('',#10357,#2390);
#1837=LINE('',#10359,#2391);
#1838=LINE('',#10362,#2392);
#1839=LINE('',#10364,#2393);
#1840=LINE('',#10366,#2394);
#1841=LINE('',#10370,#2395);
#1842=LINE('',#10377,#2396);
#1843=LINE('',#10380,#2397);
#1844=LINE('',#10382,#2398);
#1845=LINE('',#10384,#2399);
#1846=LINE('',#10387,#2400);
#1847=LINE('',#10391,#2401);
#1848=LINE('',#10395,#2402);
#1849=LINE('',#10397,#2403);
#1850=LINE('',#10399,#2404);
#1851=LINE('',#10403,#2405);
#1852=LINE('',#10405,#2406);
#1853=LINE('',#10407,#2407);
#1854=LINE('',#10411,#2408);
#1855=LINE('',#10413,#2409);
#1856=LINE('',#10415,#2410);
#1857=LINE('',#10419,#2411);
#1858=LINE('',#10423,#2412);
#1859=LINE('',#10427,#2413);
#1860=LINE('',#10429,#2414);
#1861=LINE('',#10431,#2415);
#1862=LINE('',#10435,#2416);
#1863=LINE('',#10437,#2417);
#1864=LINE('',#10439,#2418);
#1865=LINE('',#10443,#2419);
#1866=LINE('',#10445,#2420);
#1867=LINE('',#10447,#2421);
#1868=LINE('',#10454,#2422);
#1869=LINE('',#10455,#2423);
#1870=LINE('',#10459,#2424);
#1871=LINE('',#10461,#2425);
#1872=LINE('',#10463,#2426);
#1873=LINE('',#10467,#2427);
#1874=LINE('',#10469,#2428);
#1875=LINE('',#10471,#2429);
#1876=LINE('',#10475,#2430);
#1877=LINE('',#10477,#2431);
#1878=LINE('',#10479,#2432);
#1879=LINE('',#10483,#2433);
#1880=LINE('',#10487,#2434);
#1881=LINE('',#10491,#2435);
#1882=LINE('',#10493,#2436);
#1883=LINE('',#10495,#2437);
#1884=LINE('',#10499,#2438);
#1885=LINE('',#10501,#2439);
#1886=LINE('',#10503,#2440);
#1887=LINE('',#10507,#2441);
#1888=LINE('',#10509,#2442);
#1889=LINE('',#10511,#2443);
#1890=LINE('',#10516,#2444);
#1891=LINE('',#10518,#2445);
#1892=LINE('',#10520,#2446);
#1893=LINE('',#10524,#2447);
#1894=LINE('',#10526,#2448);
#1895=LINE('',#10528,#2449);
#1896=LINE('',#10532,#2450);
#1897=LINE('',#10534,#2451);
#1898=LINE('',#10536,#2452);
#1899=LINE('',#10540,#2453);
#1900=LINE('',#10544,#2454);
#1901=LINE('',#10548,#2455);
#1902=LINE('',#10550,#2456);
#1903=LINE('',#10552,#2457);
#1904=LINE('',#10556,#2458);
#1905=LINE('',#10560,#2459);
#1906=LINE('',#10564,#2460);
#1907=LINE('',#10566,#2461);
#1908=LINE('',#10568,#2462);
#1909=LINE('',#10572,#2463);
#1910=LINE('',#10574,#2464);
#1911=LINE('',#10576,#2465);
#1912=LINE('',#10580,#2466);
#1913=LINE('',#10582,#2467);
#1914=LINE('',#10584,#2468);
#1915=LINE('',#10588,#2469);
#1916=LINE('',#10590,#2470);
#1917=LINE('',#10592,#2471);
#1918=LINE('',#10596,#2472);
#1919=LINE('',#10598,#2473);
#1920=LINE('',#10600,#2474);
#1921=LINE('',#10604,#2475);
#1922=LINE('',#10607,#2476);
#1923=LINE('',#10608,#2477);
#1924=LINE('',#10612,#2478);
#1925=LINE('',#10616,#2479);
#1926=LINE('',#10620,#2480);
#1927=LINE('',#10622,#2481);
#1928=LINE('',#10624,#2482);
#1929=LINE('',#10628,#2483);
#1930=LINE('',#10630,#2484);
#1931=LINE('',#10632,#2485);
#1932=LINE('',#10636,#2486);
#1933=LINE('',#10638,#2487);
#1934=LINE('',#10640,#2488);
#1935=LINE('',#10645,#2489);
#1936=LINE('',#10649,#2490);
#1937=LINE('',#10653,#2491);
#1938=LINE('',#10657,#2492);
#1939=LINE('',#10659,#2493);
#1940=LINE('',#10661,#2494);
#1941=LINE('',#10665,#2495);
#1942=LINE('',#10667,#2496);
#1943=LINE('',#10669,#2497);
#1944=LINE('',#10673,#2498);
#1945=LINE('',#10675,#2499);
#1946=LINE('',#10677,#2500);
#1947=LINE('',#10679,#2501);
#1948=LINE('',#10681,#2502);
#1949=LINE('',#10685,#2503);
#1950=LINE('',#10687,#2504);
#1951=LINE('',#10689,#2505);
#1952=LINE('',#10693,#2506);
#1953=LINE('',#10695,#2507);
#1954=LINE('',#10697,#2508);
#1955=LINE('',#10701,#2509);
#1956=LINE('',#10703,#2510);
#1957=LINE('',#10705,#2511);
#1958=LINE('',#10709,#2512);
#1959=LINE('',#10713,#2513);
#1960=LINE('',#10717,#2514);
#1961=LINE('',#10720,#2515);
#1962=LINE('',#10721,#2516);
#1963=LINE('',#10725,#2517);
#1964=LINE('',#10727,#2518);
#1965=LINE('',#10729,#2519);
#1966=LINE('',#10736,#2520);
#1967=LINE('',#10738,#2521);
#1968=LINE('',#10740,#2522);
#1969=LINE('',#10744,#2523);
#1970=LINE('',#10748,#2524);
#1971=LINE('',#10752,#2525);
#1972=LINE('',#10754,#2526);
#1973=LINE('',#10756,#2527);
#1974=LINE('',#10760,#2528);
#1975=LINE('',#10762,#2529);
#1976=LINE('',#10764,#2530);
#1977=LINE('',#10768,#2531);
#1978=LINE('',#10772,#2532);
#1979=LINE('',#10776,#2533);
#1980=LINE('',#10778,#2534);
#1981=LINE('',#10780,#2535);
#1982=LINE('',#10784,#2536);
#1983=LINE('',#10786,#2537);
#1984=LINE('',#10788,#2538);
#1985=LINE('',#10792,#2539);
#1986=LINE('',#10794,#2540);
#1987=LINE('',#10796,#2541);
#1988=LINE('',#10800,#2542);
#1989=LINE('',#10802,#2543);
#1990=LINE('',#10804,#2544);
#1991=LINE('',#10808,#2545);
#1992=LINE('',#10810,#2546);
#1993=LINE('',#10812,#2547);
#1994=LINE('',#10816,#2548);
#1995=LINE('',#10820,#2549);
#1996=LINE('',#10824,#2550);
#1997=LINE('',#10826,#2551);
#1998=LINE('',#10828,#2552);
#1999=LINE('',#10832,#2553);
#2000=LINE('',#10835,#2554);
#2001=LINE('',#10836,#2555);
#2002=LINE('',#10840,#2556);
#2003=LINE('',#10842,#2557);
#2004=LINE('',#10844,#2558);
#2005=LINE('',#10848,#2559);
#2006=LINE('',#10850,#2560);
#2007=LINE('',#10852,#2561);
#2008=LINE('',#10856,#2562);
#2009=LINE('',#10860,#2563);
#2010=LINE('',#10864,#2564);
#2011=LINE('',#10866,#2565);
#2012=LINE('',#10868,#2566);
#2013=LINE('',#10872,#2567);
#2014=LINE('',#10876,#2568);
#2015=LINE('',#10878,#2569);
#2016=LINE('',#10880,#2570);
#2017=LINE('',#10884,#2571);
#2018=LINE('',#10888,#2572);
#2019=LINE('',#10892,#2573);
#2020=LINE('',#10894,#2574);
#2021=LINE('',#10896,#2575);
#2022=LINE('',#10900,#2576);
#2023=LINE('',#10902,#2577);
#2024=LINE('',#10904,#2578);
#2025=LINE('',#10906,#2579);
#2026=LINE('',#10908,#2580);
#2027=LINE('',#10912,#2581);
#2028=LINE('',#10914,#2582);
#2029=LINE('',#10916,#2583);
#2030=LINE('',#10920,#2584);
#2031=LINE('',#10922,#2585);
#2032=LINE('',#10924,#2586);
#2033=LINE('',#10928,#2587);
#2034=LINE('',#10930,#2588);
#2035=LINE('',#10932,#2589);
#2036=LINE('',#10936,#2590);
#2037=LINE('',#10940,#2591);
#2038=LINE('',#10944,#2592);
#2039=LINE('',#10946,#2593);
#2040=LINE('',#10948,#2594);
#2041=LINE('',#10952,#2595);
#2042=LINE('',#10955,#2596);
#2043=LINE('',#10956,#2597);
#2044=LINE('',#10960,#2598);
#2045=LINE('',#10962,#2599);
#2046=LINE('',#10964,#2600);
#2047=LINE('',#10968,#2601);
#2048=LINE('',#10970,#2602);
#2049=LINE('',#10972,#2603);
#2050=LINE('',#10976,#2604);
#2051=LINE('',#10978,#2605);
#2052=LINE('',#10980,#2606);
#2053=LINE('',#10984,#2607);
#2054=LINE('',#10988,#2608);
#2055=LINE('',#10992,#2609);
#2056=LINE('',#10996,#2610);
#2057=LINE('',#11000,#2611);
#2058=LINE('',#11002,#2612);
#2059=LINE('',#11004,#2613);
#2060=LINE('',#11008,#2614);
#2061=LINE('',#11010,#2615);
#2062=LINE('',#11012,#2616);
#2063=LINE('',#11016,#2617);
#2064=LINE('',#11018,#2618);
#2065=LINE('',#11020,#2619);
#2066=LINE('',#11026,#2620);
#2067=LINE('',#11061,#2621);
#2068=LINE('',#11063,#2622);
#2069=LINE('',#11065,#2623);
#2070=LINE('',#11067,#2624);
#2071=LINE('',#11069,#2625);
#2072=LINE('',#11071,#2626);
#2073=LINE('',#11073,#2627);
#2074=LINE('',#11076,#2628);
#2075=LINE('',#11077,#2629);
#2076=LINE('',#11079,#2630);
#2077=LINE('',#11082,#2631);
#2078=LINE('',#11083,#2632);
#2079=LINE('',#11088,#2633);
#2080=LINE('',#11089,#2634);
#2081=VECTOR('',#7179,1.);
#2082=VECTOR('',#7182,1.);
#2083=VECTOR('',#7187,1.);
#2084=VECTOR('',#7190,1.);
#2085=VECTOR('',#7195,1.);
#2086=VECTOR('',#7198,1.);
#2087=VECTOR('',#7203,1.);
#2088=VECTOR('',#7206,1.);
#2089=VECTOR('',#7209,1.);
#2090=VECTOR('',#7210,1.);
#2091=VECTOR('',#7213,1.);
#2092=VECTOR('',#7214,1.);
#2093=VECTOR('',#7225,1.);
#2094=VECTOR('',#7228,1.);
#2095=VECTOR('',#7233,1.);
#2096=VECTOR('',#7236,1.);
#2097=VECTOR('',#7239,1.);
#2098=VECTOR('',#7240,1.);
#2099=VECTOR('',#7241,1.);
#2100=VECTOR('',#7244,1.);
#2101=VECTOR('',#7245,1.);
#2102=VECTOR('',#7246,1.);
#2103=VECTOR('',#7247,1.);
#2104=VECTOR('',#7254,1.);
#2105=VECTOR('',#7259,1.);
#2106=VECTOR('',#7262,1.);
#2107=VECTOR('',#7271,1.);
#2108=VECTOR('',#7276,1.);
#2109=VECTOR('',#7281,1.);
#2110=VECTOR('',#7284,1.);
#2111=VECTOR('',#7289,1.);
#2112=VECTOR('',#7292,1.);
#2113=VECTOR('',#7297,1.);
#2114=VECTOR('',#7300,1.);
#2115=VECTOR('',#7305,1.);
#2116=VECTOR('',#7308,1.);
#2117=VECTOR('',#7311,1.);
#2118=VECTOR('',#7316,1.);
#2119=VECTOR('',#7317,1.);
#2120=VECTOR('',#7318,1.);
#2121=VECTOR('',#7323,1.);
#2122=VECTOR('',#7326,1.);
#2123=VECTOR('',#7327,1.);
#2124=VECTOR('',#7332,1.);
#2125=VECTOR('',#7335,1.);
#2126=VECTOR('',#7338,1.);
#2127=VECTOR('',#7345,1.);
#2128=VECTOR('',#7348,1.);
#2129=VECTOR('',#7351,1.);
#2130=VECTOR('',#7352,1.);
#2131=VECTOR('',#7353,1.);
#2132=VECTOR('',#7354,1.);
#2133=VECTOR('',#7359,1.);
#2134=VECTOR('',#7362,1.);
#2135=VECTOR('',#7365,1.);
#2136=VECTOR('',#7366,1.);
#2137=VECTOR('',#7367,1.);
#2138=VECTOR('',#7372,1.);
#2139=VECTOR('',#7375,1.);
#2140=VECTOR('',#7380,1.);
#2141=VECTOR('',#7385,1.);
#2142=VECTOR('',#7386,1.);
#2143=VECTOR('',#7387,1.);
#2144=VECTOR('',#7388,1.);
#2145=VECTOR('',#7393,1.);
#2146=VECTOR('',#7400,1.);
#2147=VECTOR('',#7409,1.);
#2148=VECTOR('',#7412,1.);
#2149=VECTOR('',#7413,1.);
#2150=VECTOR('',#7416,1.);
#2151=VECTOR('',#7429,1.);
#2152=VECTOR('',#7432,1.);
#2153=VECTOR('',#7437,1.);
#2154=VECTOR('',#7440,1.);
#2155=VECTOR('',#7445,1.);
#2156=VECTOR('',#7448,1.);
#2157=VECTOR('',#7451,1.);
#2158=VECTOR('',#7452,1.);
#2159=VECTOR('',#7453,1.);
#2160=VECTOR('',#7458,1.);
#2161=VECTOR('',#7461,1.);
#2162=VECTOR('',#7464,1.);
#2163=VECTOR('',#7471,1.);
#2164=VECTOR('',#7472,1.);
#2165=VECTOR('',#7479,1.);
#2166=VECTOR('',#7480,1.);
#2167=VECTOR('',#7481,1.);
#2168=VECTOR('',#7482,1.);
#2169=VECTOR('',#7487,1.);
#2170=VECTOR('',#7494,1.);
#2171=VECTOR('',#7497,1.);
#2172=VECTOR('',#7502,1.);
#2173=VECTOR('',#7505,1.);
#2174=VECTOR('',#7508,1.);
#2175=VECTOR('',#7509,1.);
#2176=VECTOR('',#7514,1.);
#2177=VECTOR('',#7517,1.);
#2178=VECTOR('',#7524,1.);
#2179=VECTOR('',#7527,1.);
#2180=VECTOR('',#7528,1.);
#2181=VECTOR('',#7537,1.);
#2182=VECTOR('',#7540,1.);
#2183=VECTOR('',#7545,1.);
#2184=VECTOR('',#7548,1.);
#2185=VECTOR('',#7553,1.);
#2186=VECTOR('',#7556,1.);
#2187=VECTOR('',#7559,1.);
#2188=VECTOR('',#7560,1.);
#2189=VECTOR('',#7565,1.);
#2190=VECTOR('',#7568,1.);
#2191=VECTOR('',#7573,1.);
#2192=VECTOR('',#7580,1.);
#2193=VECTOR('',#7581,1.);
#2194=VECTOR('',#7584,1.);
#2195=VECTOR('',#7589,1.);
#2196=VECTOR('',#7592,1.);
#2197=VECTOR('',#7595,1.);
#2198=VECTOR('',#7596,1.);
#2199=VECTOR('',#7597,1.);
#2200=VECTOR('',#7598,1.);
#2201=VECTOR('',#7603,1.);
#2202=VECTOR('',#7606,1.);
#2203=VECTOR('',#7609,1.);
#2204=VECTOR('',#7610,1.);
#2205=VECTOR('',#7611,1.);
#2206=VECTOR('',#7614,1.);
#2207=VECTOR('',#7615,1.);
#2208=VECTOR('',#7616,1.);
#2209=VECTOR('',#7617,1.);
#2210=VECTOR('',#7622,1.);
#2211=VECTOR('',#7627,1.);
#2212=VECTOR('',#7628,1.);
#2213=VECTOR('',#7629,1.);
#2214=VECTOR('',#7630,1.);
#2215=VECTOR('',#7633,1.);
#2216=VECTOR('',#7648,1.);
#2217=VECTOR('',#7659,1.);
#2218=VECTOR('',#7660,1.);
#2219=VECTOR('',#7677,1.);
#2220=VECTOR('',#7680,1.);
#2221=VECTOR('',#7683,1.);
#2222=VECTOR('',#7686,1.);
#2223=VECTOR('',#7689,1.);
#2224=VECTOR('',#7692,1.);
#2225=VECTOR('',#7695,1.);
#2226=VECTOR('',#7702,1.);
#2227=VECTOR('',#7705,1.);
#2228=VECTOR('',#7708,1.);
#2229=VECTOR('',#7711,1.);
#2230=VECTOR('',#7718,1.);
#2231=VECTOR('',#7727,1.);
#2232=VECTOR('',#7734,1.);
#2233=VECTOR('',#7737,1.);
#2234=VECTOR('',#7738,1.);
#2235=VECTOR('',#7741,1.);
#2236=VECTOR('',#7744,1.);
#2237=VECTOR('',#7751,1.);
#2238=VECTOR('',#7754,1.);
#2239=VECTOR('',#7757,1.);
#2240=VECTOR('',#7764,1.);
#2241=VECTOR('',#7771,1.);
#2242=VECTOR('',#7774,1.);
#2243=VECTOR('',#7777,1.);
#2244=VECTOR('',#7780,1.);
#2245=VECTOR('',#7787,1.);
#2246=VECTOR('',#7790,1.);
#2247=VECTOR('',#7795,1.);
#2248=VECTOR('',#7796,1.);
#2249=VECTOR('',#7797,1.);
#2250=VECTOR('',#7800,1.);
#2251=VECTOR('',#7803,1.);
#2252=VECTOR('',#7806,1.);
#2253=VECTOR('',#7809,1.);
#2254=VECTOR('',#7812,1.);
#2255=VECTOR('',#7815,1.);
#2256=VECTOR('',#7818,1.);
#2257=VECTOR('',#7827,1.);
#2258=VECTOR('',#7834,1.);
#2259=VECTOR('',#7837,1.);
#2260=VECTOR('',#7840,1.);
#2261=VECTOR('',#7845,1.);
#2262=VECTOR('',#7848,1.);
#2263=VECTOR('',#7851,1.);
#2264=VECTOR('',#7854,1.);
#2265=VECTOR('',#7857,1.);
#2266=VECTOR('',#7862,1.);
#2267=VECTOR('',#7865,1.);
#2268=VECTOR('',#7870,1.);
#2269=VECTOR('',#7873,1.);
#2270=VECTOR('',#7874,1.);
#2271=VECTOR('',#7879,1.);
#2272=VECTOR('',#7882,1.);
#2273=VECTOR('',#7883,1.);
#2274=VECTOR('',#7888,1.);
#2275=VECTOR('',#7891,1.);
#2276=VECTOR('',#7892,1.);
#2277=VECTOR('',#7897,1.);
#2278=VECTOR('',#7900,1.);
#2279=VECTOR('',#7901,1.);
#2280=VECTOR('',#7906,1.);
#2281=VECTOR('',#7909,1.);
#2282=VECTOR('',#7910,1.);
#2283=VECTOR('',#7919,1.);
#2284=VECTOR('',#7920,1.);
#2285=VECTOR('',#7923,1.);
#2286=VECTOR('',#7924,1.);
#2287=VECTOR('',#7929,1.);
#2288=VECTOR('',#7934,1.);
#2289=VECTOR('',#7939,1.);
#2290=VECTOR('',#7942,1.);
#2291=VECTOR('',#7943,1.);
#2292=VECTOR('',#7948,1.);
#2293=VECTOR('',#7951,1.);
#2294=VECTOR('',#7952,1.);
#2295=VECTOR('',#7957,1.);
#2296=VECTOR('',#7960,1.);
#2297=VECTOR('',#7963,1.);
#2298=VECTOR('',#7964,1.);
#2299=VECTOR('',#7965,1.);
#2300=VECTOR('',#7970,1.);
#2301=VECTOR('',#7973,1.);
#2302=VECTOR('',#7974,1.);
#2303=VECTOR('',#7979,1.);
#2304=VECTOR('',#7982,1.);
#2305=VECTOR('',#7983,1.);
#2306=VECTOR('',#7988,1.);
#2307=VECTOR('',#7991,1.);
#2308=VECTOR('',#7992,1.);
#2309=VECTOR('',#7997,1.);
#2310=VECTOR('',#8002,1.);
#2311=VECTOR('',#8011,1.);
#2312=VECTOR('',#8014,1.);
#2313=VECTOR('',#8021,1.);
#2314=VECTOR('',#8024,1.);
#2315=VECTOR('',#8025,1.);
#2316=VECTOR('',#8028,1.);
#2317=VECTOR('',#8031,1.);
#2318=VECTOR('',#8034,1.);
#2319=VECTOR('',#8047,1.);
#2320=VECTOR('',#8050,1.);
#2321=VECTOR('',#8053,1.);
#2322=VECTOR('',#8056,1.);
#2323=VECTOR('',#8063,1.);
#2324=VECTOR('',#8066,1.);
#2325=VECTOR('',#8069,1.);
#2326=VECTOR('',#8076,1.);
#2327=VECTOR('',#8079,1.);
#2328=VECTOR('',#8082,1.);
#2329=VECTOR('',#8085,1.);
#2330=VECTOR('',#8088,1.);
#2331=VECTOR('',#8091,1.);
#2332=VECTOR('',#8094,1.);
#2333=VECTOR('',#8097,1.);
#2334=VECTOR('',#8104,1.);
#2335=VECTOR('',#8113,1.);
#2336=VECTOR('',#8116,1.);
#2337=VECTOR('',#8119,1.);
#2338=VECTOR('',#8126,1.);
#2339=VECTOR('',#8129,1.);
#2340=VECTOR('',#8132,1.);
#2341=VECTOR('',#8139,1.);
#2342=VECTOR('',#8142,1.);
#2343=VECTOR('',#8145,1.);
#2344=VECTOR('',#8152,1.);
#2345=VECTOR('',#8155,1.);
#2346=VECTOR('',#8158,1.);
#2347=VECTOR('',#8161,1.);
#2348=VECTOR('',#8162,1.);
#2349=VECTOR('',#8165,1.);
#2350=VECTOR('',#8168,1.);
#2351=VECTOR('',#8169,1.);
#2352=VECTOR('',#8176,1.);
#2353=VECTOR('',#8179,1.);
#2354=VECTOR('',#8182,1.);
#2355=VECTOR('',#8185,1.);
#2356=VECTOR('',#8188,1.);
#2357=VECTOR('',#8191,1.);
#2358=VECTOR('',#8194,1.);
#2359=VECTOR('',#8201,1.);
#2360=VECTOR('',#8204,1.);
#2361=VECTOR('',#8211,1.);
#2362=VECTOR('',#8214,1.);
#2363=VECTOR('',#8217,1.);
#2364=VECTOR('',#8218,1.);
#2365=VECTOR('',#8223,1.);
#2366=VECTOR('',#8226,1.);
#2367=VECTOR('',#8227,1.);
#2368=VECTOR('',#8232,1.);
#2369=VECTOR('',#8237,1.);
#2370=VECTOR('',#8242,1.);
#2371=VECTOR('',#8245,1.);
#2372=VECTOR('',#8246,1.);
#2373=VECTOR('',#8251,1.);
#2374=VECTOR('',#8254,1.);
#2375=VECTOR('',#8257,1.);
#2376=VECTOR('',#8260,1.);
#2377=VECTOR('',#8265,1.);
#2378=VECTOR('',#8270,1.);
#2379=VECTOR('',#8273,1.);
#2380=VECTOR('',#8274,1.);
#2381=VECTOR('',#8279,1.);
#2382=VECTOR('',#8282,1.);
#2383=VECTOR('',#8283,1.);
#2384=VECTOR('',#8288,1.);
#2385=VECTOR('',#8291,1.);
#2386=VECTOR('',#8292,1.);
#2387=VECTOR('',#8297,1.);
#2388=VECTOR('',#8300,1.);
#2389=VECTOR('',#8301,1.);
#2390=VECTOR('',#8306,1.);
#2391=VECTOR('',#8309,1.);
#2392=VECTOR('',#8314,1.);
#2393=VECTOR('',#8315,1.);
#2394=VECTOR('',#8316,1.);
#2395=VECTOR('',#8321,1.);
#2396=VECTOR('',#8324,1.);
#2397=VECTOR('',#8327,1.);
#2398=VECTOR('',#8330,1.);
#2399=VECTOR('',#8333,1.);
#2400=VECTOR('',#8338,1.);
#2401=VECTOR('',#8341,1.);
#2402=VECTOR('',#8346,1.);
#2403=VECTOR('',#8349,1.);
#2404=VECTOR('',#8350,1.);
#2405=VECTOR('',#8355,1.);
#2406=VECTOR('',#8358,1.);
#2407=VECTOR('',#8359,1.);
#2408=VECTOR('',#8364,1.);
#2409=VECTOR('',#8367,1.);
#2410=VECTOR('',#8368,1.);
#2411=VECTOR('',#8375,1.);
#2412=VECTOR('',#8378,1.);
#2413=VECTOR('',#8383,1.);
#2414=VECTOR('',#8386,1.);
#2415=VECTOR('',#8387,1.);
#2416=VECTOR('',#8392,1.);
#2417=VECTOR('',#8395,1.);
#2418=VECTOR('',#8396,1.);
#2419=VECTOR('',#8401,1.);
#2420=VECTOR('',#8404,1.);
#2421=VECTOR('',#8405,1.);
#2422=VECTOR('',#8414,1.);
#2423=VECTOR('',#8415,1.);
#2424=VECTOR('',#8420,1.);
#2425=VECTOR('',#8423,1.);
#2426=VECTOR('',#8424,1.);
#2427=VECTOR('',#8429,1.);
#2428=VECTOR('',#8432,1.);
#2429=VECTOR('',#8433,1.);
#2430=VECTOR('',#8438,1.);
#2431=VECTOR('',#8441,1.);
#2432=VECTOR('',#8442,1.);
#2433=VECTOR('',#8449,1.);
#2434=VECTOR('',#8452,1.);
#2435=VECTOR('',#8457,1.);
#2436=VECTOR('',#8460,1.);
#2437=VECTOR('',#8461,1.);
#2438=VECTOR('',#8466,1.);
#2439=VECTOR('',#8469,1.);
#2440=VECTOR('',#8470,1.);
#2441=VECTOR('',#8475,1.);
#2442=VECTOR('',#8478,1.);
#2443=VECTOR('',#8479,1.);
#2444=VECTOR('',#8488,1.);
#2445=VECTOR('',#8489,1.);
#2446=VECTOR('',#8490,1.);
#2447=VECTOR('',#8495,1.);
#2448=VECTOR('',#8498,1.);
#2449=VECTOR('',#8499,1.);
#2450=VECTOR('',#8504,1.);
#2451=VECTOR('',#8507,1.);
#2452=VECTOR('',#8508,1.);
#2453=VECTOR('',#8513,1.);
#2454=VECTOR('',#8518,1.);
#2455=VECTOR('',#8523,1.);
#2456=VECTOR('',#8526,1.);
#2457=VECTOR('',#8527,1.);
#2458=VECTOR('',#8534,1.);
#2459=VECTOR('',#8537,1.);
#2460=VECTOR('',#8542,1.);
#2461=VECTOR('',#8545,1.);
#2462=VECTOR('',#8546,1.);
#2463=VECTOR('',#8551,1.);
#2464=VECTOR('',#8554,1.);
#2465=VECTOR('',#8555,1.);
#2466=VECTOR('',#8560,1.);
#2467=VECTOR('',#8563,1.);
#2468=VECTOR('',#8564,1.);
#2469=VECTOR('',#8569,1.);
#2470=VECTOR('',#8572,1.);
#2471=VECTOR('',#8573,1.);
#2472=VECTOR('',#8578,1.);
#2473=VECTOR('',#8581,1.);
#2474=VECTOR('',#8582,1.);
#2475=VECTOR('',#8589,1.);
#2476=VECTOR('',#8590,1.);
#2477=VECTOR('',#8591,1.);
#2478=VECTOR('',#8596,1.);
#2479=VECTOR('',#8601,1.);
#2480=VECTOR('',#8606,1.);
#2481=VECTOR('',#8609,1.);
#2482=VECTOR('',#8610,1.);
#2483=VECTOR('',#8615,1.);
#2484=VECTOR('',#8618,1.);
#2485=VECTOR('',#8619,1.);
#2486=VECTOR('',#8624,1.);
#2487=VECTOR('',#8627,1.);
#2488=VECTOR('',#8628,1.);
#2489=VECTOR('',#8637,1.);
#2490=VECTOR('',#8640,1.);
#2491=VECTOR('',#8645,1.);
#2492=VECTOR('',#8650,1.);
#2493=VECTOR('',#8653,1.);
#2494=VECTOR('',#8654,1.);
#2495=VECTOR('',#8659,1.);
#2496=VECTOR('',#8662,1.);
#2497=VECTOR('',#8663,1.);
#2498=VECTOR('',#8668,1.);
#2499=VECTOR('',#8671,1.);
#2500=VECTOR('',#8674,1.);
#2501=VECTOR('',#8675,1.);
#2502=VECTOR('',#8676,1.);
#2503=VECTOR('',#8681,1.);
#2504=VECTOR('',#8684,1.);
#2505=VECTOR('',#8685,1.);
#2506=VECTOR('',#8690,1.);
#2507=VECTOR('',#8693,1.);
#2508=VECTOR('',#8694,1.);
#2509=VECTOR('',#8699,1.);
#2510=VECTOR('',#8702,1.);
#2511=VECTOR('',#8703,1.);
#2512=VECTOR('',#8708,1.);
#2513=VECTOR('',#8713,1.);
#2514=VECTOR('',#8720,1.);
#2515=VECTOR('',#8721,1.);
#2516=VECTOR('',#8722,1.);
#2517=VECTOR('',#8727,1.);
#2518=VECTOR('',#8730,1.);
#2519=VECTOR('',#8731,1.);
#2520=VECTOR('',#8742,1.);
#2521=VECTOR('',#8743,1.);
#2522=VECTOR('',#8744,1.);
#2523=VECTOR('',#8749,1.);
#2524=VECTOR('',#8754,1.);
#2525=VECTOR('',#8759,1.);
#2526=VECTOR('',#8762,1.);
#2527=VECTOR('',#8763,1.);
#2528=VECTOR('',#8768,1.);
#2529=VECTOR('',#8771,1.);
#2530=VECTOR('',#8772,1.);
#2531=VECTOR('',#8779,1.);
#2532=VECTOR('',#8782,1.);
#2533=VECTOR('',#8787,1.);
#2534=VECTOR('',#8790,1.);
#2535=VECTOR('',#8791,1.);
#2536=VECTOR('',#8796,1.);
#2537=VECTOR('',#8799,1.);
#2538=VECTOR('',#8800,1.);
#2539=VECTOR('',#8805,1.);
#2540=VECTOR('',#8808,1.);
#2541=VECTOR('',#8809,1.);
#2542=VECTOR('',#8816,1.);
#2543=VECTOR('',#8817,1.);
#2544=VECTOR('',#8818,1.);
#2545=VECTOR('',#8823,1.);
#2546=VECTOR('',#8826,1.);
#2547=VECTOR('',#8827,1.);
#2548=VECTOR('',#8832,1.);
#2549=VECTOR('',#8837,1.);
#2550=VECTOR('',#8842,1.);
#2551=VECTOR('',#8845,1.);
#2552=VECTOR('',#8846,1.);
#2553=VECTOR('',#8853,1.);
#2554=VECTOR('',#8854,1.);
#2555=VECTOR('',#8855,1.);
#2556=VECTOR('',#8860,1.);
#2557=VECTOR('',#8863,1.);
#2558=VECTOR('',#8864,1.);
#2559=VECTOR('',#8869,1.);
#2560=VECTOR('',#8872,1.);
#2561=VECTOR('',#8873,1.);
#2562=VECTOR('',#8878,1.);
#2563=VECTOR('',#8883,1.);
#2564=VECTOR('',#8888,1.);
#2565=VECTOR('',#8891,1.);
#2566=VECTOR('',#8892,1.);
#2567=VECTOR('',#8899,1.);
#2568=VECTOR('',#8902,1.);
#2569=VECTOR('',#8905,1.);
#2570=VECTOR('',#8906,1.);
#2571=VECTOR('',#8911,1.);
#2572=VECTOR('',#8916,1.);
#2573=VECTOR('',#8921,1.);
#2574=VECTOR('',#8924,1.);
#2575=VECTOR('',#8925,1.);
#2576=VECTOR('',#8930,1.);
#2577=VECTOR('',#8933,1.);
#2578=VECTOR('',#8936,1.);
#2579=VECTOR('',#8937,1.);
#2580=VECTOR('',#8938,1.);
#2581=VECTOR('',#8943,1.);
#2582=VECTOR('',#8946,1.);
#2583=VECTOR('',#8947,1.);
#2584=VECTOR('',#8952,1.);
#2585=VECTOR('',#8955,1.);
#2586=VECTOR('',#8956,1.);
#2587=VECTOR('',#8961,1.);
#2588=VECTOR('',#8964,1.);
#2589=VECTOR('',#8965,1.);
#2590=VECTOR('',#8970,1.);
#2591=VECTOR('',#8975,1.);
#2592=VECTOR('',#8980,1.);
#2593=VECTOR('',#8983,1.);
#2594=VECTOR('',#8984,1.);
#2595=VECTOR('',#8991,1.);
#2596=VECTOR('',#8992,1.);
#2597=VECTOR('',#8993,1.);
#2598=VECTOR('',#8998,1.);
#2599=VECTOR('',#9001,1.);
#2600=VECTOR('',#9002,1.);
#2601=VECTOR('',#9007,1.);
#2602=VECTOR('',#9010,1.);
#2603=VECTOR('',#9011,1.);
#2604=VECTOR('',#9016,1.);
#2605=VECTOR('',#9019,1.);
#2606=VECTOR('',#9020,1.);
#2607=VECTOR('',#9025,1.);
#2608=VECTOR('',#9030,1.);
#2609=VECTOR('',#9037,1.);
#2610=VECTOR('',#9040,1.);
#2611=VECTOR('',#9045,1.);
#2612=VECTOR('',#9048,1.);
#2613=VECTOR('',#9049,1.);
#2614=VECTOR('',#9054,1.);
#2615=VECTOR('',#9057,1.);
#2616=VECTOR('',#9058,1.);
#2617=VECTOR('',#9063,1.);
#2618=VECTOR('',#9066,1.);
#2619=VECTOR('',#9067,1.);
#2620=VECTOR('',#9078,1.);
#2621=VECTOR('',#9139,1.);
#2622=VECTOR('',#9140,1.);
#2623=VECTOR('',#9141,1.);
#2624=VECTOR('',#9144,1.);
#2625=VECTOR('',#9145,1.);
#2626=VECTOR('',#9146,1.);
#2627=VECTOR('',#9149,1.);
#2628=VECTOR('',#9150,1.);
#2629=VECTOR('',#9151,1.);
#2630=VECTOR('',#9154,1.);
#2631=VECTOR('',#9155,1.);
#2632=VECTOR('',#9156,1.);
#2633=VECTOR('',#9161,1.);
#2634=VECTOR('',#9162,1.);
#2635=ORIENTED_EDGE('',*,*,#5133,.F.);
#2636=ORIENTED_EDGE('',*,*,#5134,.F.);
#2637=ORIENTED_EDGE('',*,*,#5135,.F.);
#2638=ORIENTED_EDGE('',*,*,#5136,.F.);
#2639=ORIENTED_EDGE('',*,*,#5137,.F.);
#2640=ORIENTED_EDGE('',*,*,#5138,.F.);
#2641=ORIENTED_EDGE('',*,*,#5139,.F.);
#2642=ORIENTED_EDGE('',*,*,#5140,.F.);
#2643=ORIENTED_EDGE('',*,*,#5141,.F.);
#2644=ORIENTED_EDGE('',*,*,#5142,.F.);
#2645=ORIENTED_EDGE('',*,*,#5143,.F.);
#2646=ORIENTED_EDGE('',*,*,#5144,.F.);
#2647=ORIENTED_EDGE('',*,*,#5145,.F.);
#2648=ORIENTED_EDGE('',*,*,#5146,.F.);
#2649=ORIENTED_EDGE('',*,*,#5147,.F.);
#2650=ORIENTED_EDGE('',*,*,#5148,.F.);
#2651=ORIENTED_EDGE('',*,*,#5149,.F.);
#2652=ORIENTED_EDGE('',*,*,#5138,.T.);
#2653=ORIENTED_EDGE('',*,*,#5150,.F.);
#2654=ORIENTED_EDGE('',*,*,#5134,.T.);
#2655=ORIENTED_EDGE('',*,*,#5151,.F.);
#2656=ORIENTED_EDGE('',*,*,#5146,.T.);
#2657=ORIENTED_EDGE('',*,*,#5152,.F.);
#2658=ORIENTED_EDGE('',*,*,#5142,.T.);
#2659=ORIENTED_EDGE('',*,*,#5153,.F.);
#2660=ORIENTED_EDGE('',*,*,#5154,.F.);
#2661=ORIENTED_EDGE('',*,*,#5155,.F.);
#2662=ORIENTED_EDGE('',*,*,#5156,.F.);
#2663=ORIENTED_EDGE('',*,*,#5157,.F.);
#2664=ORIENTED_EDGE('',*,*,#5158,.F.);
#2665=ORIENTED_EDGE('',*,*,#5159,.F.);
#2666=ORIENTED_EDGE('',*,*,#5160,.F.);
#2667=ORIENTED_EDGE('',*,*,#5161,.F.);
#2668=ORIENTED_EDGE('',*,*,#5162,.F.);
#2669=ORIENTED_EDGE('',*,*,#5163,.T.);
#2670=ORIENTED_EDGE('',*,*,#5164,.T.);
#2671=ORIENTED_EDGE('',*,*,#5165,.T.);
#2672=ORIENTED_EDGE('',*,*,#5160,.T.);
#2673=ORIENTED_EDGE('',*,*,#5166,.T.);
#2674=ORIENTED_EDGE('',*,*,#5167,.T.);
#2675=ORIENTED_EDGE('',*,*,#5168,.T.);
#2676=ORIENTED_EDGE('',*,*,#5169,.T.);
#2677=ORIENTED_EDGE('',*,*,#5170,.F.);
#2678=ORIENTED_EDGE('',*,*,#5167,.F.);
#2679=ORIENTED_EDGE('',*,*,#5171,.F.);
#2680=ORIENTED_EDGE('',*,*,#5172,.F.);
#2681=ORIENTED_EDGE('',*,*,#5173,.T.);
#2682=ORIENTED_EDGE('',*,*,#5157,.T.);
#2683=ORIENTED_EDGE('',*,*,#5174,.F.);
#2684=ORIENTED_EDGE('',*,*,#5161,.T.);
#2685=ORIENTED_EDGE('',*,*,#5165,.F.);
#2686=ORIENTED_EDGE('',*,*,#5175,.T.);
#2687=ORIENTED_EDGE('',*,*,#5168,.F.);
#2688=ORIENTED_EDGE('',*,*,#5170,.T.);
#2689=ORIENTED_EDGE('',*,*,#5176,.T.);
#2690=ORIENTED_EDGE('',*,*,#5177,.T.);
#2691=ORIENTED_EDGE('',*,*,#5178,.F.);
#2692=ORIENTED_EDGE('',*,*,#5169,.F.);
#2693=ORIENTED_EDGE('',*,*,#5175,.F.);
#2694=ORIENTED_EDGE('',*,*,#5164,.F.);
#2695=ORIENTED_EDGE('',*,*,#5179,.F.);
#2696=ORIENTED_EDGE('',*,*,#5162,.T.);
#2697=ORIENTED_EDGE('',*,*,#5174,.T.);
#2698=ORIENTED_EDGE('',*,*,#5156,.T.);
#2699=ORIENTED_EDGE('',*,*,#5180,.T.);
#2700=ORIENTED_EDGE('',*,*,#5158,.T.);
#2701=ORIENTED_EDGE('',*,*,#5173,.F.);
#2702=ORIENTED_EDGE('',*,*,#5181,.T.);
#2703=ORIENTED_EDGE('',*,*,#5182,.F.);
#2704=ORIENTED_EDGE('',*,*,#5181,.F.);
#2705=ORIENTED_EDGE('',*,*,#5177,.F.);
#2706=ORIENTED_EDGE('',*,*,#5183,.F.);
#2707=ORIENTED_EDGE('',*,*,#5176,.F.);
#2708=ORIENTED_EDGE('',*,*,#5172,.T.);
#2709=ORIENTED_EDGE('',*,*,#5184,.F.);
#2710=ORIENTED_EDGE('',*,*,#5183,.T.);
#2711=ORIENTED_EDGE('',*,*,#5185,.F.);
#2712=ORIENTED_EDGE('',*,*,#5186,.F.);
#2713=ORIENTED_EDGE('',*,*,#5187,.F.);
#2714=ORIENTED_EDGE('',*,*,#5188,.F.);
#2715=ORIENTED_EDGE('',*,*,#5189,.F.);
#2716=ORIENTED_EDGE('',*,*,#5190,.F.);
#2717=ORIENTED_EDGE('',*,*,#5191,.F.);
#2718=ORIENTED_EDGE('',*,*,#5192,.F.);
#2719=ORIENTED_EDGE('',*,*,#5193,.F.);
#2720=ORIENTED_EDGE('',*,*,#5194,.F.);
#2721=ORIENTED_EDGE('',*,*,#5195,.F.);
#2722=ORIENTED_EDGE('',*,*,#5196,.F.);
#2723=ORIENTED_EDGE('',*,*,#5197,.T.);
#2724=ORIENTED_EDGE('',*,*,#5198,.T.);
#2725=ORIENTED_EDGE('',*,*,#5199,.T.);
#2726=ORIENTED_EDGE('',*,*,#5187,.T.);
#2727=ORIENTED_EDGE('',*,*,#5200,.F.);
#2728=ORIENTED_EDGE('',*,*,#5191,.T.);
#2729=ORIENTED_EDGE('',*,*,#5201,.F.);
#2730=ORIENTED_EDGE('',*,*,#5193,.T.);
#2731=ORIENTED_EDGE('',*,*,#5202,.F.);
#2732=ORIENTED_EDGE('',*,*,#5203,.T.);
#2733=ORIENTED_EDGE('',*,*,#5204,.T.);
#2734=ORIENTED_EDGE('',*,*,#5194,.T.);
#2735=ORIENTED_EDGE('',*,*,#5201,.T.);
#2736=ORIENTED_EDGE('',*,*,#5190,.T.);
#2737=ORIENTED_EDGE('',*,*,#5202,.T.);
#2738=ORIENTED_EDGE('',*,*,#5196,.T.);
#2739=ORIENTED_EDGE('',*,*,#5205,.T.);
#2740=ORIENTED_EDGE('',*,*,#5206,.T.);
#2741=ORIENTED_EDGE('',*,*,#5207,.F.);
#2742=ORIENTED_EDGE('',*,*,#5208,.F.);
#2743=ORIENTED_EDGE('',*,*,#5203,.F.);
#2744=ORIENTED_EDGE('',*,*,#5206,.F.);
#2745=ORIENTED_EDGE('',*,*,#5200,.T.);
#2746=ORIENTED_EDGE('',*,*,#5186,.T.);
#2747=ORIENTED_EDGE('',*,*,#5209,.F.);
#2748=ORIENTED_EDGE('',*,*,#5192,.T.);
#2749=ORIENTED_EDGE('',*,*,#5199,.F.);
#2750=ORIENTED_EDGE('',*,*,#5210,.T.);
#2751=ORIENTED_EDGE('',*,*,#5211,.T.);
#2752=ORIENTED_EDGE('',*,*,#5188,.T.);
#2753=ORIENTED_EDGE('',*,*,#5212,.F.);
#2754=ORIENTED_EDGE('',*,*,#5210,.F.);
#2755=ORIENTED_EDGE('',*,*,#5198,.F.);
#2756=ORIENTED_EDGE('',*,*,#5213,.F.);
#2757=ORIENTED_EDGE('',*,*,#5214,.T.);
#2758=ORIENTED_EDGE('',*,*,#5213,.T.);
#2759=ORIENTED_EDGE('',*,*,#5197,.F.);
#2760=ORIENTED_EDGE('',*,*,#5208,.T.);
#2761=ORIENTED_EDGE('',*,*,#5215,.F.);
#2762=ORIENTED_EDGE('',*,*,#5216,.T.);
#2763=ORIENTED_EDGE('',*,*,#5217,.T.);
#2764=ORIENTED_EDGE('',*,*,#5218,.T.);
#2765=ORIENTED_EDGE('',*,*,#5219,.F.);
#2766=ORIENTED_EDGE('',*,*,#5220,.F.);
#2767=ORIENTED_EDGE('',*,*,#5221,.F.);
#2768=ORIENTED_EDGE('',*,*,#5222,.F.);
#2769=ORIENTED_EDGE('',*,*,#5223,.T.);
#2770=ORIENTED_EDGE('',*,*,#5224,.T.);
#2771=ORIENTED_EDGE('',*,*,#5225,.T.);
#2772=ORIENTED_EDGE('',*,*,#5220,.T.);
#2773=ORIENTED_EDGE('',*,*,#5226,.F.);
#2774=ORIENTED_EDGE('',*,*,#5227,.F.);
#2775=ORIENTED_EDGE('',*,*,#5228,.F.);
#2776=ORIENTED_EDGE('',*,*,#5229,.F.);
#2777=ORIENTED_EDGE('',*,*,#5230,.T.);
#2778=ORIENTED_EDGE('',*,*,#5231,.T.);
#2779=ORIENTED_EDGE('',*,*,#5232,.F.);
#2780=ORIENTED_EDGE('',*,*,#5227,.T.);
#2781=ORIENTED_EDGE('',*,*,#5233,.T.);
#2782=ORIENTED_EDGE('',*,*,#5234,.T.);
#2783=ORIENTED_EDGE('',*,*,#5235,.T.);
#2784=ORIENTED_EDGE('',*,*,#5236,.T.);
#2785=ORIENTED_EDGE('',*,*,#5225,.F.);
#2786=ORIENTED_EDGE('',*,*,#5237,.T.);
#2787=ORIENTED_EDGE('',*,*,#5238,.T.);
#2788=ORIENTED_EDGE('',*,*,#5228,.T.);
#2789=ORIENTED_EDGE('',*,*,#5232,.T.);
#2790=ORIENTED_EDGE('',*,*,#5239,.T.);
#2791=ORIENTED_EDGE('',*,*,#5217,.F.);
#2792=ORIENTED_EDGE('',*,*,#5240,.T.);
#2793=ORIENTED_EDGE('',*,*,#5233,.F.);
#2794=ORIENTED_EDGE('',*,*,#5241,.T.);
#2795=ORIENTED_EDGE('',*,*,#5242,.F.);
#2796=ORIENTED_EDGE('',*,*,#5221,.T.);
#2797=ORIENTED_EDGE('',*,*,#5243,.F.);
#2798=ORIENTED_EDGE('',*,*,#5234,.F.);
#2799=ORIENTED_EDGE('',*,*,#5240,.F.);
#2800=ORIENTED_EDGE('',*,*,#5216,.F.);
#2801=ORIENTED_EDGE('',*,*,#5241,.F.);
#2802=ORIENTED_EDGE('',*,*,#5236,.F.);
#2803=ORIENTED_EDGE('',*,*,#5244,.F.);
#2804=ORIENTED_EDGE('',*,*,#5245,.F.);
#2805=ORIENTED_EDGE('',*,*,#5246,.F.);
#2806=ORIENTED_EDGE('',*,*,#5229,.T.);
#2807=ORIENTED_EDGE('',*,*,#5238,.F.);
#2808=ORIENTED_EDGE('',*,*,#5247,.T.);
#2809=ORIENTED_EDGE('',*,*,#5242,.T.);
#2810=ORIENTED_EDGE('',*,*,#5245,.T.);
#2811=ORIENTED_EDGE('',*,*,#5248,.F.);
#2812=ORIENTED_EDGE('',*,*,#5222,.T.);
#2813=ORIENTED_EDGE('',*,*,#5249,.F.);
#2814=ORIENTED_EDGE('',*,*,#5247,.F.);
#2815=ORIENTED_EDGE('',*,*,#5237,.F.);
#2816=ORIENTED_EDGE('',*,*,#5224,.F.);
#2817=ORIENTED_EDGE('',*,*,#5250,.F.);
#2818=ORIENTED_EDGE('',*,*,#5218,.F.);
#2819=ORIENTED_EDGE('',*,*,#5239,.F.);
#2820=ORIENTED_EDGE('',*,*,#5231,.F.);
#2821=ORIENTED_EDGE('',*,*,#5251,.F.);
#2822=ORIENTED_EDGE('',*,*,#5252,.F.);
#2823=ORIENTED_EDGE('',*,*,#5253,.F.);
#2824=ORIENTED_EDGE('',*,*,#5254,.F.);
#2825=ORIENTED_EDGE('',*,*,#5255,.F.);
#2826=ORIENTED_EDGE('',*,*,#5256,.F.);
#2827=ORIENTED_EDGE('',*,*,#5257,.F.);
#2828=ORIENTED_EDGE('',*,*,#5258,.F.);
#2829=ORIENTED_EDGE('',*,*,#5259,.F.);
#2830=ORIENTED_EDGE('',*,*,#5260,.F.);
#2831=ORIENTED_EDGE('',*,*,#5261,.F.);
#2832=ORIENTED_EDGE('',*,*,#5262,.F.);
#2833=ORIENTED_EDGE('',*,*,#5263,.F.);
#2834=ORIENTED_EDGE('',*,*,#5264,.T.);
#2835=ORIENTED_EDGE('',*,*,#5265,.T.);
#2836=ORIENTED_EDGE('',*,*,#5260,.T.);
#2837=ORIENTED_EDGE('',*,*,#5266,.T.);
#2838=ORIENTED_EDGE('',*,*,#5257,.T.);
#2839=ORIENTED_EDGE('',*,*,#5267,.F.);
#2840=ORIENTED_EDGE('',*,*,#5261,.T.);
#2841=ORIENTED_EDGE('',*,*,#5265,.F.);
#2842=ORIENTED_EDGE('',*,*,#5268,.T.);
#2843=ORIENTED_EDGE('',*,*,#5269,.T.);
#2844=ORIENTED_EDGE('',*,*,#5253,.T.);
#2845=ORIENTED_EDGE('',*,*,#5270,.F.);
#2846=ORIENTED_EDGE('',*,*,#5262,.T.);
#2847=ORIENTED_EDGE('',*,*,#5267,.T.);
#2848=ORIENTED_EDGE('',*,*,#5256,.T.);
#2849=ORIENTED_EDGE('',*,*,#5271,.F.);
#2850=ORIENTED_EDGE('',*,*,#5258,.T.);
#2851=ORIENTED_EDGE('',*,*,#5266,.F.);
#2852=ORIENTED_EDGE('',*,*,#5252,.T.);
#2853=ORIENTED_EDGE('',*,*,#5269,.F.);
#2854=ORIENTED_EDGE('',*,*,#5272,.T.);
#2855=ORIENTED_EDGE('',*,*,#5273,.F.);
#2856=ORIENTED_EDGE('',*,*,#5254,.T.);
#2857=ORIENTED_EDGE('',*,*,#5274,.F.);
#2858=ORIENTED_EDGE('',*,*,#5272,.F.);
#2859=ORIENTED_EDGE('',*,*,#5268,.F.);
#2860=ORIENTED_EDGE('',*,*,#5264,.F.);
#2861=ORIENTED_EDGE('',*,*,#5275,.F.);
#2862=ORIENTED_EDGE('',*,*,#5276,.T.);
#2863=ORIENTED_EDGE('',*,*,#5277,.T.);
#2864=ORIENTED_EDGE('',*,*,#5278,.T.);
#2865=ORIENTED_EDGE('',*,*,#5279,.T.);
#2866=ORIENTED_EDGE('',*,*,#5280,.F.);
#2867=ORIENTED_EDGE('',*,*,#5281,.F.);
#2868=ORIENTED_EDGE('',*,*,#5276,.F.);
#2869=ORIENTED_EDGE('',*,*,#5282,.F.);
#2870=ORIENTED_EDGE('',*,*,#5283,.F.);
#2871=ORIENTED_EDGE('',*,*,#5284,.F.);
#2872=ORIENTED_EDGE('',*,*,#5285,.F.);
#2873=ORIENTED_EDGE('',*,*,#5286,.T.);
#2874=ORIENTED_EDGE('',*,*,#5287,.F.);
#2875=ORIENTED_EDGE('',*,*,#5288,.F.);
#2876=ORIENTED_EDGE('',*,*,#5289,.F.);
#2877=ORIENTED_EDGE('',*,*,#5290,.F.);
#2878=ORIENTED_EDGE('',*,*,#5287,.T.);
#2879=ORIENTED_EDGE('',*,*,#5291,.F.);
#2880=ORIENTED_EDGE('',*,*,#5283,.T.);
#2881=ORIENTED_EDGE('',*,*,#5292,.T.);
#2882=ORIENTED_EDGE('',*,*,#5288,.T.);
#2883=ORIENTED_EDGE('',*,*,#5290,.T.);
#2884=ORIENTED_EDGE('',*,*,#5282,.T.);
#2885=ORIENTED_EDGE('',*,*,#5293,.F.);
#2886=ORIENTED_EDGE('',*,*,#5294,.T.);
#2887=ORIENTED_EDGE('',*,*,#5277,.F.);
#2888=ORIENTED_EDGE('',*,*,#5281,.T.);
#2889=ORIENTED_EDGE('',*,*,#5295,.F.);
#2890=ORIENTED_EDGE('',*,*,#5296,.T.);
#2891=ORIENTED_EDGE('',*,*,#5297,.F.);
#2892=ORIENTED_EDGE('',*,*,#5289,.T.);
#2893=ORIENTED_EDGE('',*,*,#5292,.F.);
#2894=ORIENTED_EDGE('',*,*,#5298,.T.);
#2895=ORIENTED_EDGE('',*,*,#5299,.F.);
#2896=ORIENTED_EDGE('',*,*,#5300,.T.);
#2897=ORIENTED_EDGE('',*,*,#5293,.T.);
#2898=ORIENTED_EDGE('',*,*,#5285,.T.);
#2899=ORIENTED_EDGE('',*,*,#5301,.F.);
#2900=ORIENTED_EDGE('',*,*,#5278,.F.);
#2901=ORIENTED_EDGE('',*,*,#5294,.F.);
#2902=ORIENTED_EDGE('',*,*,#5300,.F.);
#2903=ORIENTED_EDGE('',*,*,#5302,.T.);
#2904=ORIENTED_EDGE('',*,*,#5298,.F.);
#2905=ORIENTED_EDGE('',*,*,#5296,.F.);
#2906=ORIENTED_EDGE('',*,*,#5303,.F.);
#2907=ORIENTED_EDGE('',*,*,#5304,.F.);
#2908=ORIENTED_EDGE('',*,*,#5303,.T.);
#2909=ORIENTED_EDGE('',*,*,#5295,.T.);
#2910=ORIENTED_EDGE('',*,*,#5280,.T.);
#2911=ORIENTED_EDGE('',*,*,#5305,.F.);
#2912=ORIENTED_EDGE('',*,*,#5306,.F.);
#2913=ORIENTED_EDGE('',*,*,#5307,.F.);
#2914=ORIENTED_EDGE('',*,*,#5308,.F.);
#2915=ORIENTED_EDGE('',*,*,#5309,.F.);
#2916=ORIENTED_EDGE('',*,*,#5310,.F.);
#2917=ORIENTED_EDGE('',*,*,#5311,.F.);
#2918=ORIENTED_EDGE('',*,*,#5312,.F.);
#2919=ORIENTED_EDGE('',*,*,#5313,.F.);
#2920=ORIENTED_EDGE('',*,*,#5308,.T.);
#2921=ORIENTED_EDGE('',*,*,#5314,.T.);
#2922=ORIENTED_EDGE('',*,*,#5310,.T.);
#2923=ORIENTED_EDGE('',*,*,#5315,.T.);
#2924=ORIENTED_EDGE('',*,*,#5316,.F.);
#2925=ORIENTED_EDGE('',*,*,#5317,.F.);
#2926=ORIENTED_EDGE('',*,*,#5318,.F.);
#2927=ORIENTED_EDGE('',*,*,#5319,.F.);
#2928=ORIENTED_EDGE('',*,*,#5320,.T.);
#2929=ORIENTED_EDGE('',*,*,#5321,.F.);
#2930=ORIENTED_EDGE('',*,*,#5316,.T.);
#2931=ORIENTED_EDGE('',*,*,#5321,.T.);
#2932=ORIENTED_EDGE('',*,*,#5322,.T.);
#2933=ORIENTED_EDGE('',*,*,#5323,.T.);
#2934=ORIENTED_EDGE('',*,*,#5311,.T.);
#2935=ORIENTED_EDGE('',*,*,#5314,.F.);
#2936=ORIENTED_EDGE('',*,*,#5307,.T.);
#2937=ORIENTED_EDGE('',*,*,#5324,.F.);
#2938=ORIENTED_EDGE('',*,*,#5317,.T.);
#2939=ORIENTED_EDGE('',*,*,#5325,.T.);
#2940=ORIENTED_EDGE('',*,*,#5318,.T.);
#2941=ORIENTED_EDGE('',*,*,#5324,.T.);
#2942=ORIENTED_EDGE('',*,*,#5306,.T.);
#2943=ORIENTED_EDGE('',*,*,#5326,.T.);
#2944=ORIENTED_EDGE('',*,*,#5327,.F.);
#2945=ORIENTED_EDGE('',*,*,#5322,.F.);
#2946=ORIENTED_EDGE('',*,*,#5320,.F.);
#2947=ORIENTED_EDGE('',*,*,#5323,.F.);
#2948=ORIENTED_EDGE('',*,*,#5327,.T.);
#2949=ORIENTED_EDGE('',*,*,#5328,.F.);
#2950=ORIENTED_EDGE('',*,*,#5312,.T.);
#2951=ORIENTED_EDGE('',*,*,#5329,.T.);
#2952=ORIENTED_EDGE('',*,*,#5330,.T.);
#2953=ORIENTED_EDGE('',*,*,#5331,.F.);
#2954=ORIENTED_EDGE('',*,*,#5332,.T.);
#2955=ORIENTED_EDGE('',*,*,#5333,.F.);
#2956=ORIENTED_EDGE('',*,*,#5334,.F.);
#2957=ORIENTED_EDGE('',*,*,#5335,.F.);
#2958=ORIENTED_EDGE('',*,*,#5336,.F.);
#2959=ORIENTED_EDGE('',*,*,#5337,.F.);
#2960=ORIENTED_EDGE('',*,*,#5338,.T.);
#2961=ORIENTED_EDGE('',*,*,#5339,.F.);
#2962=ORIENTED_EDGE('',*,*,#5334,.T.);
#2963=ORIENTED_EDGE('',*,*,#5340,.T.);
#2964=ORIENTED_EDGE('',*,*,#5341,.T.);
#2965=ORIENTED_EDGE('',*,*,#5342,.T.);
#2966=ORIENTED_EDGE('',*,*,#5343,.T.);
#2967=ORIENTED_EDGE('',*,*,#5344,.T.);
#2968=ORIENTED_EDGE('',*,*,#5345,.F.);
#2969=ORIENTED_EDGE('',*,*,#5346,.F.);
#2970=ORIENTED_EDGE('',*,*,#5341,.F.);
#2971=ORIENTED_EDGE('',*,*,#5347,.T.);
#2972=ORIENTED_EDGE('',*,*,#5348,.T.);
#2973=ORIENTED_EDGE('',*,*,#5349,.F.);
#2974=ORIENTED_EDGE('',*,*,#5350,.T.);
#2975=ORIENTED_EDGE('',*,*,#5351,.F.);
#2976=ORIENTED_EDGE('',*,*,#5352,.T.);
#2977=ORIENTED_EDGE('',*,*,#5347,.F.);
#2978=ORIENTED_EDGE('',*,*,#5353,.T.);
#2979=ORIENTED_EDGE('',*,*,#5329,.F.);
#2980=ORIENTED_EDGE('',*,*,#5354,.T.);
#2981=ORIENTED_EDGE('',*,*,#5342,.F.);
#2982=ORIENTED_EDGE('',*,*,#5346,.T.);
#2983=ORIENTED_EDGE('',*,*,#5355,.T.);
#2984=ORIENTED_EDGE('',*,*,#5335,.T.);
#2985=ORIENTED_EDGE('',*,*,#5339,.T.);
#2986=ORIENTED_EDGE('',*,*,#5356,.T.);
#2987=ORIENTED_EDGE('',*,*,#5357,.T.);
#2988=ORIENTED_EDGE('',*,*,#5348,.F.);
#2989=ORIENTED_EDGE('',*,*,#5352,.F.);
#2990=ORIENTED_EDGE('',*,*,#5358,.F.);
#2991=ORIENTED_EDGE('',*,*,#5353,.F.);
#2992=ORIENTED_EDGE('',*,*,#5350,.F.);
#2993=ORIENTED_EDGE('',*,*,#5359,.T.);
#2994=ORIENTED_EDGE('',*,*,#5330,.F.);
#2995=ORIENTED_EDGE('',*,*,#5360,.F.);
#2996=ORIENTED_EDGE('',*,*,#5343,.F.);
#2997=ORIENTED_EDGE('',*,*,#5354,.F.);
#2998=ORIENTED_EDGE('',*,*,#5332,.F.);
#2999=ORIENTED_EDGE('',*,*,#5361,.F.);
#3000=ORIENTED_EDGE('',*,*,#5358,.T.);
#3001=ORIENTED_EDGE('',*,*,#5351,.T.);
#3002=ORIENTED_EDGE('',*,*,#5362,.T.);
#3003=ORIENTED_EDGE('',*,*,#5363,.F.);
#3004=ORIENTED_EDGE('',*,*,#5336,.T.);
#3005=ORIENTED_EDGE('',*,*,#5355,.F.);
#3006=ORIENTED_EDGE('',*,*,#5345,.T.);
#3007=ORIENTED_EDGE('',*,*,#5364,.F.);
#3008=ORIENTED_EDGE('',*,*,#5362,.F.);
#3009=ORIENTED_EDGE('',*,*,#5356,.F.);
#3010=ORIENTED_EDGE('',*,*,#5338,.F.);
#3011=ORIENTED_EDGE('',*,*,#5211,.F.);
#3012=ORIENTED_EDGE('',*,*,#5212,.T.);
#3013=ORIENTED_EDGE('',*,*,#5214,.F.);
#3014=ORIENTED_EDGE('',*,*,#5207,.T.);
#3015=ORIENTED_EDGE('',*,*,#5205,.F.);
#3016=ORIENTED_EDGE('',*,*,#5195,.T.);
#3017=ORIENTED_EDGE('',*,*,#5204,.F.);
#3018=ORIENTED_EDGE('',*,*,#5189,.T.);
#3019=ORIENTED_EDGE('',*,*,#5209,.T.);
#3020=ORIENTED_EDGE('',*,*,#5185,.T.);
#3021=ORIENTED_EDGE('',*,*,#5246,.T.);
#3022=ORIENTED_EDGE('',*,*,#5249,.T.);
#3023=ORIENTED_EDGE('',*,*,#5223,.F.);
#3024=ORIENTED_EDGE('',*,*,#5219,.T.);
#3025=ORIENTED_EDGE('',*,*,#5248,.T.);
#3026=ORIENTED_EDGE('',*,*,#5244,.T.);
#3027=ORIENTED_EDGE('',*,*,#5235,.F.);
#3028=ORIENTED_EDGE('',*,*,#5243,.T.);
#3029=ORIENTED_EDGE('',*,*,#5215,.T.);
#3030=ORIENTED_EDGE('',*,*,#5250,.T.);
#3031=ORIENTED_EDGE('',*,*,#5230,.F.);
#3032=ORIENTED_EDGE('',*,*,#5226,.T.);
#3033=ORIENTED_EDGE('',*,*,#5271,.T.);
#3034=ORIENTED_EDGE('',*,*,#5251,.T.);
#3035=ORIENTED_EDGE('',*,*,#5273,.T.);
#3036=ORIENTED_EDGE('',*,*,#5274,.T.);
#3037=ORIENTED_EDGE('',*,*,#5263,.T.);
#3038=ORIENTED_EDGE('',*,*,#5259,.T.);
#3039=ORIENTED_EDGE('',*,*,#5270,.T.);
#3040=ORIENTED_EDGE('',*,*,#5255,.T.);
#3041=ORIENTED_EDGE('',*,*,#5365,.T.);
#3042=ORIENTED_EDGE('',*,*,#5366,.T.);
#3043=ORIENTED_EDGE('',*,*,#5367,.T.);
#3044=ORIENTED_EDGE('',*,*,#5368,.T.);
#3045=ORIENTED_EDGE('',*,*,#5369,.T.);
#3046=ORIENTED_EDGE('',*,*,#5370,.T.);
#3047=ORIENTED_EDGE('',*,*,#5371,.T.);
#3048=ORIENTED_EDGE('',*,*,#5372,.T.);
#3049=ORIENTED_EDGE('',*,*,#5373,.T.);
#3050=ORIENTED_EDGE('',*,*,#5374,.F.);
#3051=ORIENTED_EDGE('',*,*,#5375,.T.);
#3052=ORIENTED_EDGE('',*,*,#5376,.T.);
#3053=ORIENTED_EDGE('',*,*,#5377,.T.);
#3054=ORIENTED_EDGE('',*,*,#5378,.F.);
#3055=ORIENTED_EDGE('',*,*,#5379,.T.);
#3056=ORIENTED_EDGE('',*,*,#5380,.T.);
#3057=ORIENTED_EDGE('',*,*,#5381,.T.);
#3058=ORIENTED_EDGE('',*,*,#5382,.T.);
#3059=ORIENTED_EDGE('',*,*,#5383,.T.);
#3060=ORIENTED_EDGE('',*,*,#5384,.F.);
#3061=ORIENTED_EDGE('',*,*,#5385,.T.);
#3062=ORIENTED_EDGE('',*,*,#5386,.F.);
#3063=ORIENTED_EDGE('',*,*,#5387,.T.);
#3064=ORIENTED_EDGE('',*,*,#5388,.T.);
#3065=ORIENTED_EDGE('',*,*,#5389,.T.);
#3066=ORIENTED_EDGE('',*,*,#5390,.T.);
#3067=ORIENTED_EDGE('',*,*,#5391,.T.);
#3068=ORIENTED_EDGE('',*,*,#5392,.F.);
#3069=ORIENTED_EDGE('',*,*,#5393,.T.);
#3070=ORIENTED_EDGE('',*,*,#5394,.T.);
#3071=ORIENTED_EDGE('',*,*,#5395,.T.);
#3072=ORIENTED_EDGE('',*,*,#5396,.F.);
#3073=ORIENTED_EDGE('',*,*,#5397,.F.);
#3074=ORIENTED_EDGE('',*,*,#5398,.T.);
#3075=ORIENTED_EDGE('',*,*,#5399,.T.);
#3076=ORIENTED_EDGE('',*,*,#5400,.T.);
#3077=ORIENTED_EDGE('',*,*,#5401,.F.);
#3078=ORIENTED_EDGE('',*,*,#5402,.T.);
#3079=ORIENTED_EDGE('',*,*,#5403,.F.);
#3080=ORIENTED_EDGE('',*,*,#5404,.T.);
#3081=ORIENTED_EDGE('',*,*,#5405,.T.);
#3082=ORIENTED_EDGE('',*,*,#5406,.F.);
#3083=ORIENTED_EDGE('',*,*,#5407,.T.);
#3084=ORIENTED_EDGE('',*,*,#5408,.T.);
#3085=ORIENTED_EDGE('',*,*,#5409,.T.);
#3086=ORIENTED_EDGE('',*,*,#5410,.T.);
#3087=ORIENTED_EDGE('',*,*,#5411,.T.);
#3088=ORIENTED_EDGE('',*,*,#5412,.F.);
#3089=ORIENTED_EDGE('',*,*,#5413,.T.);
#3090=ORIENTED_EDGE('',*,*,#5414,.T.);
#3091=ORIENTED_EDGE('',*,*,#5415,.T.);
#3092=ORIENTED_EDGE('',*,*,#5416,.T.);
#3093=ORIENTED_EDGE('',*,*,#5417,.T.);
#3094=ORIENTED_EDGE('',*,*,#5418,.T.);
#3095=ORIENTED_EDGE('',*,*,#5419,.T.);
#3096=ORIENTED_EDGE('',*,*,#5420,.F.);
#3097=ORIENTED_EDGE('',*,*,#5421,.T.);
#3098=ORIENTED_EDGE('',*,*,#5422,.F.);
#3099=ORIENTED_EDGE('',*,*,#5423,.T.);
#3100=ORIENTED_EDGE('',*,*,#5424,.T.);
#3101=ORIENTED_EDGE('',*,*,#5425,.T.);
#3102=ORIENTED_EDGE('',*,*,#5426,.T.);
#3103=ORIENTED_EDGE('',*,*,#5427,.T.);
#3104=ORIENTED_EDGE('',*,*,#5428,.T.);
#3105=ORIENTED_EDGE('',*,*,#5429,.T.);
#3106=ORIENTED_EDGE('',*,*,#5430,.T.);
#3107=ORIENTED_EDGE('',*,*,#5431,.T.);
#3108=ORIENTED_EDGE('',*,*,#5432,.T.);
#3109=ORIENTED_EDGE('',*,*,#5433,.T.);
#3110=ORIENTED_EDGE('',*,*,#5434,.T.);
#3111=ORIENTED_EDGE('',*,*,#5435,.T.);
#3112=ORIENTED_EDGE('',*,*,#5436,.F.);
#3113=ORIENTED_EDGE('',*,*,#5437,.T.);
#3114=ORIENTED_EDGE('',*,*,#5438,.F.);
#3115=ORIENTED_EDGE('',*,*,#5439,.T.);
#3116=ORIENTED_EDGE('',*,*,#5440,.T.);
#3117=ORIENTED_EDGE('',*,*,#5441,.T.);
#3118=ORIENTED_EDGE('',*,*,#5147,.T.);
#3119=ORIENTED_EDGE('',*,*,#5151,.T.);
#3120=ORIENTED_EDGE('',*,*,#5141,.T.);
#3121=ORIENTED_EDGE('',*,*,#5442,.T.);
#3122=ORIENTED_EDGE('',*,*,#5139,.T.);
#3123=ORIENTED_EDGE('',*,*,#5149,.T.);
#3124=ORIENTED_EDGE('',*,*,#5133,.T.);
#3125=ORIENTED_EDGE('',*,*,#5443,.T.);
#3126=ORIENTED_EDGE('',*,*,#5444,.T.);
#3127=ORIENTED_EDGE('',*,*,#5445,.T.);
#3128=ORIENTED_EDGE('',*,*,#5446,.T.);
#3129=ORIENTED_EDGE('',*,*,#5447,.T.);
#3130=ORIENTED_EDGE('',*,*,#5448,.T.);
#3131=ORIENTED_EDGE('',*,*,#5449,.T.);
#3132=ORIENTED_EDGE('',*,*,#5450,.T.);
#3133=ORIENTED_EDGE('',*,*,#5451,.T.);
#3134=ORIENTED_EDGE('',*,*,#5452,.T.);
#3135=ORIENTED_EDGE('',*,*,#5453,.T.);
#3136=ORIENTED_EDGE('',*,*,#5454,.T.);
#3137=ORIENTED_EDGE('',*,*,#5455,.F.);
#3138=ORIENTED_EDGE('',*,*,#5456,.T.);
#3139=ORIENTED_EDGE('',*,*,#5457,.F.);
#3140=ORIENTED_EDGE('',*,*,#5458,.T.);
#3141=ORIENTED_EDGE('',*,*,#5459,.T.);
#3142=ORIENTED_EDGE('',*,*,#5460,.T.);
#3143=ORIENTED_EDGE('',*,*,#5461,.T.);
#3144=ORIENTED_EDGE('',*,*,#5462,.T.);
#3145=ORIENTED_EDGE('',*,*,#5463,.T.);
#3146=ORIENTED_EDGE('',*,*,#5464,.F.);
#3147=ORIENTED_EDGE('',*,*,#5465,.T.);
#3148=ORIENTED_EDGE('',*,*,#5466,.T.);
#3149=ORIENTED_EDGE('',*,*,#5467,.T.);
#3150=ORIENTED_EDGE('',*,*,#5468,.F.);
#3151=ORIENTED_EDGE('',*,*,#5469,.T.);
#3152=ORIENTED_EDGE('',*,*,#5470,.T.);
#3153=ORIENTED_EDGE('',*,*,#5471,.F.);
#3154=ORIENTED_EDGE('',*,*,#5472,.T.);
#3155=ORIENTED_EDGE('',*,*,#5473,.T.);
#3156=ORIENTED_EDGE('',*,*,#5474,.T.);
#3157=ORIENTED_EDGE('',*,*,#5475,.F.);
#3158=ORIENTED_EDGE('',*,*,#5476,.T.);
#3159=ORIENTED_EDGE('',*,*,#5477,.F.);
#3160=ORIENTED_EDGE('',*,*,#5478,.T.);
#3161=ORIENTED_EDGE('',*,*,#5479,.T.);
#3162=ORIENTED_EDGE('',*,*,#5480,.T.);
#3163=ORIENTED_EDGE('',*,*,#5481,.F.);
#3164=ORIENTED_EDGE('',*,*,#5482,.T.);
#3165=ORIENTED_EDGE('',*,*,#5180,.F.);
#3166=ORIENTED_EDGE('',*,*,#5182,.T.);
#3167=ORIENTED_EDGE('',*,*,#5184,.T.);
#3168=ORIENTED_EDGE('',*,*,#5171,.T.);
#3169=ORIENTED_EDGE('',*,*,#5166,.F.);
#3170=ORIENTED_EDGE('',*,*,#5178,.T.);
#3171=ORIENTED_EDGE('',*,*,#5163,.F.);
#3172=ORIENTED_EDGE('',*,*,#5159,.T.);
#3173=ORIENTED_EDGE('',*,*,#5179,.T.);
#3174=ORIENTED_EDGE('',*,*,#5155,.T.);
#3175=ORIENTED_EDGE('',*,*,#5154,.T.);
#3176=ORIENTED_EDGE('',*,*,#5471,.T.);
#3177=ORIENTED_EDGE('',*,*,#5483,.T.);
#3178=ORIENTED_EDGE('',*,*,#5484,.F.);
#3179=ORIENTED_EDGE('',*,*,#5485,.T.);
#3180=ORIENTED_EDGE('',*,*,#5472,.F.);
#3181=ORIENTED_EDGE('',*,*,#5485,.F.);
#3182=ORIENTED_EDGE('',*,*,#5486,.F.);
#3183=ORIENTED_EDGE('',*,*,#5487,.F.);
#3184=ORIENTED_EDGE('',*,*,#5473,.F.);
#3185=ORIENTED_EDGE('',*,*,#5487,.T.);
#3186=ORIENTED_EDGE('',*,*,#5488,.T.);
#3187=ORIENTED_EDGE('',*,*,#5489,.T.);
#3188=ORIENTED_EDGE('',*,*,#5474,.F.);
#3189=ORIENTED_EDGE('',*,*,#5489,.F.);
#3190=ORIENTED_EDGE('',*,*,#5490,.F.);
#3191=ORIENTED_EDGE('',*,*,#5491,.F.);
#3192=ORIENTED_EDGE('',*,*,#5492,.T.);
#3193=ORIENTED_EDGE('',*,*,#5493,.T.);
#3194=ORIENTED_EDGE('',*,*,#5475,.T.);
#3195=ORIENTED_EDGE('',*,*,#5491,.T.);
#3196=ORIENTED_EDGE('',*,*,#5494,.F.);
#3197=ORIENTED_EDGE('',*,*,#5495,.F.);
#3198=ORIENTED_EDGE('',*,*,#5476,.F.);
#3199=ORIENTED_EDGE('',*,*,#5493,.F.);
#3200=ORIENTED_EDGE('',*,*,#5496,.T.);
#3201=ORIENTED_EDGE('',*,*,#5497,.T.);
#3202=ORIENTED_EDGE('',*,*,#5477,.T.);
#3203=ORIENTED_EDGE('',*,*,#5495,.T.);
#3204=ORIENTED_EDGE('',*,*,#5478,.F.);
#3205=ORIENTED_EDGE('',*,*,#5497,.F.);
#3206=ORIENTED_EDGE('',*,*,#5498,.F.);
#3207=ORIENTED_EDGE('',*,*,#5499,.F.);
#3208=ORIENTED_EDGE('',*,*,#5479,.F.);
#3209=ORIENTED_EDGE('',*,*,#5499,.T.);
#3210=ORIENTED_EDGE('',*,*,#5500,.T.);
#3211=ORIENTED_EDGE('',*,*,#5501,.T.);
#3212=ORIENTED_EDGE('',*,*,#5480,.F.);
#3213=ORIENTED_EDGE('',*,*,#5501,.F.);
#3214=ORIENTED_EDGE('',*,*,#5502,.F.);
#3215=ORIENTED_EDGE('',*,*,#5503,.F.);
#3216=ORIENTED_EDGE('',*,*,#5481,.T.);
#3217=ORIENTED_EDGE('',*,*,#5503,.T.);
#3218=ORIENTED_EDGE('',*,*,#5504,.F.);
#3219=ORIENTED_EDGE('',*,*,#5505,.T.);
#3220=ORIENTED_EDGE('',*,*,#5482,.F.);
#3221=ORIENTED_EDGE('',*,*,#5505,.F.);
#3222=ORIENTED_EDGE('',*,*,#5506,.F.);
#3223=ORIENTED_EDGE('',*,*,#5483,.F.);
#3224=ORIENTED_EDGE('',*,*,#5507,.F.);
#3225=ORIENTED_EDGE('',*,*,#5508,.F.);
#3226=ORIENTED_EDGE('',*,*,#5461,.F.);
#3227=ORIENTED_EDGE('',*,*,#5509,.F.);
#3228=ORIENTED_EDGE('',*,*,#5510,.F.);
#3229=ORIENTED_EDGE('',*,*,#5511,.T.);
#3230=ORIENTED_EDGE('',*,*,#5462,.F.);
#3231=ORIENTED_EDGE('',*,*,#5508,.T.);
#3232=ORIENTED_EDGE('',*,*,#5463,.F.);
#3233=ORIENTED_EDGE('',*,*,#5511,.F.);
#3234=ORIENTED_EDGE('',*,*,#5512,.F.);
#3235=ORIENTED_EDGE('',*,*,#5513,.F.);
#3236=ORIENTED_EDGE('',*,*,#5464,.T.);
#3237=ORIENTED_EDGE('',*,*,#5513,.T.);
#3238=ORIENTED_EDGE('',*,*,#5514,.F.);
#3239=ORIENTED_EDGE('',*,*,#5515,.T.);
#3240=ORIENTED_EDGE('',*,*,#5465,.F.);
#3241=ORIENTED_EDGE('',*,*,#5515,.F.);
#3242=ORIENTED_EDGE('',*,*,#5516,.F.);
#3243=ORIENTED_EDGE('',*,*,#5517,.F.);
#3244=ORIENTED_EDGE('',*,*,#5466,.F.);
#3245=ORIENTED_EDGE('',*,*,#5517,.T.);
#3246=ORIENTED_EDGE('',*,*,#5518,.T.);
#3247=ORIENTED_EDGE('',*,*,#5519,.T.);
#3248=ORIENTED_EDGE('',*,*,#5467,.F.);
#3249=ORIENTED_EDGE('',*,*,#5519,.F.);
#3250=ORIENTED_EDGE('',*,*,#5520,.F.);
#3251=ORIENTED_EDGE('',*,*,#5521,.F.);
#3252=ORIENTED_EDGE('',*,*,#5468,.T.);
#3253=ORIENTED_EDGE('',*,*,#5521,.T.);
#3254=ORIENTED_EDGE('',*,*,#5522,.T.);
#3255=ORIENTED_EDGE('',*,*,#5523,.T.);
#3256=ORIENTED_EDGE('',*,*,#5469,.F.);
#3257=ORIENTED_EDGE('',*,*,#5523,.F.);
#3258=ORIENTED_EDGE('',*,*,#5524,.F.);
#3259=ORIENTED_EDGE('',*,*,#5525,.F.);
#3260=ORIENTED_EDGE('',*,*,#5470,.F.);
#3261=ORIENTED_EDGE('',*,*,#5525,.T.);
#3262=ORIENTED_EDGE('',*,*,#5526,.T.);
#3263=ORIENTED_EDGE('',*,*,#5509,.T.);
#3264=ORIENTED_EDGE('',*,*,#5527,.T.);
#3265=ORIENTED_EDGE('',*,*,#5528,.T.);
#3266=ORIENTED_EDGE('',*,*,#5451,.F.);
#3267=ORIENTED_EDGE('',*,*,#5529,.T.);
#3268=ORIENTED_EDGE('',*,*,#5452,.F.);
#3269=ORIENTED_EDGE('',*,*,#5528,.F.);
#3270=ORIENTED_EDGE('',*,*,#5530,.F.);
#3271=ORIENTED_EDGE('',*,*,#5531,.F.);
#3272=ORIENTED_EDGE('',*,*,#5453,.F.);
#3273=ORIENTED_EDGE('',*,*,#5531,.T.);
#3274=ORIENTED_EDGE('',*,*,#5532,.T.);
#3275=ORIENTED_EDGE('',*,*,#5533,.T.);
#3276=ORIENTED_EDGE('',*,*,#5534,.F.);
#3277=ORIENTED_EDGE('',*,*,#5535,.F.);
#3278=ORIENTED_EDGE('',*,*,#5454,.F.);
#3279=ORIENTED_EDGE('',*,*,#5533,.F.);
#3280=ORIENTED_EDGE('',*,*,#5536,.T.);
#3281=ORIENTED_EDGE('',*,*,#5537,.T.);
#3282=ORIENTED_EDGE('',*,*,#5455,.T.);
#3283=ORIENTED_EDGE('',*,*,#5535,.T.);
#3284=ORIENTED_EDGE('',*,*,#5456,.F.);
#3285=ORIENTED_EDGE('',*,*,#5537,.F.);
#3286=ORIENTED_EDGE('',*,*,#5538,.F.);
#3287=ORIENTED_EDGE('',*,*,#5539,.F.);
#3288=ORIENTED_EDGE('',*,*,#5457,.T.);
#3289=ORIENTED_EDGE('',*,*,#5539,.T.);
#3290=ORIENTED_EDGE('',*,*,#5540,.F.);
#3291=ORIENTED_EDGE('',*,*,#5541,.T.);
#3292=ORIENTED_EDGE('',*,*,#5458,.F.);
#3293=ORIENTED_EDGE('',*,*,#5541,.F.);
#3294=ORIENTED_EDGE('',*,*,#5542,.F.);
#3295=ORIENTED_EDGE('',*,*,#5543,.F.);
#3296=ORIENTED_EDGE('',*,*,#5544,.F.);
#3297=ORIENTED_EDGE('',*,*,#5545,.T.);
#3298=ORIENTED_EDGE('',*,*,#5459,.F.);
#3299=ORIENTED_EDGE('',*,*,#5543,.T.);
#3300=ORIENTED_EDGE('',*,*,#5460,.F.);
#3301=ORIENTED_EDGE('',*,*,#5545,.F.);
#3302=ORIENTED_EDGE('',*,*,#5546,.F.);
#3303=ORIENTED_EDGE('',*,*,#5529,.F.);
#3304=ORIENTED_EDGE('',*,*,#5153,.T.);
#3305=ORIENTED_EDGE('',*,*,#5279,.F.);
#3306=ORIENTED_EDGE('',*,*,#5275,.T.);
#3307=ORIENTED_EDGE('',*,*,#5301,.T.);
#3308=ORIENTED_EDGE('',*,*,#5299,.T.);
#3309=ORIENTED_EDGE('',*,*,#5284,.T.);
#3310=ORIENTED_EDGE('',*,*,#5291,.T.);
#3311=ORIENTED_EDGE('',*,*,#5286,.F.);
#3312=ORIENTED_EDGE('',*,*,#5297,.T.);
#3313=ORIENTED_EDGE('',*,*,#5302,.F.);
#3314=ORIENTED_EDGE('',*,*,#5304,.T.);
#3315=ORIENTED_EDGE('',*,*,#5547,.F.);
#3316=ORIENTED_EDGE('',*,*,#5548,.T.);
#3317=ORIENTED_EDGE('',*,*,#5549,.T.);
#3318=ORIENTED_EDGE('',*,*,#5550,.T.);
#3319=ORIENTED_EDGE('',*,*,#5551,.F.);
#3320=ORIENTED_EDGE('',*,*,#5552,.T.);
#3321=ORIENTED_EDGE('',*,*,#5553,.F.);
#3322=ORIENTED_EDGE('',*,*,#5554,.T.);
#3323=ORIENTED_EDGE('',*,*,#5555,.T.);
#3324=ORIENTED_EDGE('',*,*,#5556,.T.);
#3325=ORIENTED_EDGE('',*,*,#5557,.T.);
#3326=ORIENTED_EDGE('',*,*,#5558,.T.);
#3327=ORIENTED_EDGE('',*,*,#5559,.T.);
#3328=ORIENTED_EDGE('',*,*,#5560,.T.);
#3329=ORIENTED_EDGE('',*,*,#5561,.T.);
#3330=ORIENTED_EDGE('',*,*,#5562,.F.);
#3331=ORIENTED_EDGE('',*,*,#5563,.F.);
#3332=ORIENTED_EDGE('',*,*,#5564,.F.);
#3333=ORIENTED_EDGE('',*,*,#5565,.T.);
#3334=ORIENTED_EDGE('',*,*,#5566,.T.);
#3335=ORIENTED_EDGE('',*,*,#5567,.F.);
#3336=ORIENTED_EDGE('',*,*,#5568,.T.);
#3337=ORIENTED_EDGE('',*,*,#5569,.T.);
#3338=ORIENTED_EDGE('',*,*,#5570,.T.);
#3339=ORIENTED_EDGE('',*,*,#5571,.F.);
#3340=ORIENTED_EDGE('',*,*,#5572,.F.);
#3341=ORIENTED_EDGE('',*,*,#5573,.F.);
#3342=ORIENTED_EDGE('',*,*,#5574,.F.);
#3343=ORIENTED_EDGE('',*,*,#5575,.T.);
#3344=ORIENTED_EDGE('',*,*,#5576,.F.);
#3345=ORIENTED_EDGE('',*,*,#5577,.T.);
#3346=ORIENTED_EDGE('',*,*,#5578,.F.);
#3347=ORIENTED_EDGE('',*,*,#5579,.T.);
#3348=ORIENTED_EDGE('',*,*,#5580,.T.);
#3349=ORIENTED_EDGE('',*,*,#5581,.T.);
#3350=ORIENTED_EDGE('',*,*,#5582,.T.);
#3351=ORIENTED_EDGE('',*,*,#5583,.T.);
#3352=ORIENTED_EDGE('',*,*,#5584,.F.);
#3353=ORIENTED_EDGE('',*,*,#5585,.T.);
#3354=ORIENTED_EDGE('',*,*,#5586,.F.);
#3355=ORIENTED_EDGE('',*,*,#5587,.T.);
#3356=ORIENTED_EDGE('',*,*,#5588,.T.);
#3357=ORIENTED_EDGE('',*,*,#5589,.T.);
#3358=ORIENTED_EDGE('',*,*,#5590,.F.);
#3359=ORIENTED_EDGE('',*,*,#5591,.T.);
#3360=ORIENTED_EDGE('',*,*,#5592,.T.);
#3361=ORIENTED_EDGE('',*,*,#5593,.T.);
#3362=ORIENTED_EDGE('',*,*,#5594,.F.);
#3363=ORIENTED_EDGE('',*,*,#5595,.T.);
#3364=ORIENTED_EDGE('',*,*,#5596,.F.);
#3365=ORIENTED_EDGE('',*,*,#5597,.T.);
#3366=ORIENTED_EDGE('',*,*,#5598,.F.);
#3367=ORIENTED_EDGE('',*,*,#5599,.T.);
#3368=ORIENTED_EDGE('',*,*,#5600,.T.);
#3369=ORIENTED_EDGE('',*,*,#5601,.T.);
#3370=ORIENTED_EDGE('',*,*,#5602,.F.);
#3371=ORIENTED_EDGE('',*,*,#5603,.T.);
#3372=ORIENTED_EDGE('',*,*,#5604,.F.);
#3373=ORIENTED_EDGE('',*,*,#5605,.T.);
#3374=ORIENTED_EDGE('',*,*,#5606,.T.);
#3375=ORIENTED_EDGE('',*,*,#5607,.T.);
#3376=ORIENTED_EDGE('',*,*,#5608,.T.);
#3377=ORIENTED_EDGE('',*,*,#5609,.F.);
#3378=ORIENTED_EDGE('',*,*,#5610,.T.);
#3379=ORIENTED_EDGE('',*,*,#5611,.T.);
#3380=ORIENTED_EDGE('',*,*,#5612,.T.);
#3381=ORIENTED_EDGE('',*,*,#5613,.T.);
#3382=ORIENTED_EDGE('',*,*,#5614,.T.);
#3383=ORIENTED_EDGE('',*,*,#5615,.F.);
#3384=ORIENTED_EDGE('',*,*,#5616,.T.);
#3385=ORIENTED_EDGE('',*,*,#5617,.F.);
#3386=ORIENTED_EDGE('',*,*,#5618,.T.);
#3387=ORIENTED_EDGE('',*,*,#5619,.T.);
#3388=ORIENTED_EDGE('',*,*,#5620,.T.);
#3389=ORIENTED_EDGE('',*,*,#5621,.T.);
#3390=ORIENTED_EDGE('',*,*,#5622,.T.);
#3391=ORIENTED_EDGE('',*,*,#5623,.F.);
#3392=ORIENTED_EDGE('',*,*,#5624,.T.);
#3393=ORIENTED_EDGE('',*,*,#5625,.F.);
#3394=ORIENTED_EDGE('',*,*,#5626,.T.);
#3395=ORIENTED_EDGE('',*,*,#5627,.T.);
#3396=ORIENTED_EDGE('',*,*,#5628,.T.);
#3397=ORIENTED_EDGE('',*,*,#5629,.T.);
#3398=ORIENTED_EDGE('',*,*,#5630,.T.);
#3399=ORIENTED_EDGE('',*,*,#5631,.F.);
#3400=ORIENTED_EDGE('',*,*,#5632,.T.);
#3401=ORIENTED_EDGE('',*,*,#5633,.F.);
#3402=ORIENTED_EDGE('',*,*,#5634,.T.);
#3403=ORIENTED_EDGE('',*,*,#5635,.T.);
#3404=ORIENTED_EDGE('',*,*,#5636,.T.);
#3405=ORIENTED_EDGE('',*,*,#5637,.T.);
#3406=ORIENTED_EDGE('',*,*,#5638,.T.);
#3407=ORIENTED_EDGE('',*,*,#5639,.F.);
#3408=ORIENTED_EDGE('',*,*,#5640,.T.);
#3409=ORIENTED_EDGE('',*,*,#5152,.T.);
#3410=ORIENTED_EDGE('',*,*,#5145,.T.);
#3411=ORIENTED_EDGE('',*,*,#5641,.F.);
#3412=ORIENTED_EDGE('',*,*,#5642,.T.);
#3413=ORIENTED_EDGE('',*,*,#5643,.T.);
#3414=ORIENTED_EDGE('',*,*,#5644,.F.);
#3415=ORIENTED_EDGE('',*,*,#5645,.T.);
#3416=ORIENTED_EDGE('',*,*,#5646,.F.);
#3417=ORIENTED_EDGE('',*,*,#5135,.T.);
#3418=ORIENTED_EDGE('',*,*,#5150,.T.);
#3419=ORIENTED_EDGE('',*,*,#5137,.T.);
#3420=ORIENTED_EDGE('',*,*,#5647,.F.);
#3421=ORIENTED_EDGE('',*,*,#5143,.T.);
#3422=ORIENTED_EDGE('',*,*,#5648,.F.);
#3423=ORIENTED_EDGE('',*,*,#5649,.T.);
#3424=ORIENTED_EDGE('',*,*,#5650,.T.);
#3425=ORIENTED_EDGE('',*,*,#5651,.T.);
#3426=ORIENTED_EDGE('',*,*,#5652,.F.);
#3427=ORIENTED_EDGE('',*,*,#5653,.T.);
#3428=ORIENTED_EDGE('',*,*,#5654,.F.);
#3429=ORIENTED_EDGE('',*,*,#5655,.T.);
#3430=ORIENTED_EDGE('',*,*,#5656,.F.);
#3431=ORIENTED_EDGE('',*,*,#5657,.T.);
#3432=ORIENTED_EDGE('',*,*,#5658,.T.);
#3433=ORIENTED_EDGE('',*,*,#5659,.F.);
#3434=ORIENTED_EDGE('',*,*,#5660,.F.);
#3435=ORIENTED_EDGE('',*,*,#5661,.T.);
#3436=ORIENTED_EDGE('',*,*,#5662,.T.);
#3437=ORIENTED_EDGE('',*,*,#5663,.T.);
#3438=ORIENTED_EDGE('',*,*,#5664,.F.);
#3439=ORIENTED_EDGE('',*,*,#5665,.T.);
#3440=ORIENTED_EDGE('',*,*,#5666,.F.);
#3441=ORIENTED_EDGE('',*,*,#5667,.T.);
#3442=ORIENTED_EDGE('',*,*,#5668,.F.);
#3443=ORIENTED_EDGE('',*,*,#5669,.T.);
#3444=ORIENTED_EDGE('',*,*,#5670,.T.);
#3445=ORIENTED_EDGE('',*,*,#5333,.T.);
#3446=ORIENTED_EDGE('',*,*,#5363,.T.);
#3447=ORIENTED_EDGE('',*,*,#5344,.F.);
#3448=ORIENTED_EDGE('',*,*,#5340,.F.);
#3449=ORIENTED_EDGE('',*,*,#5360,.T.);
#3450=ORIENTED_EDGE('',*,*,#5331,.T.);
#3451=ORIENTED_EDGE('',*,*,#5359,.F.);
#3452=ORIENTED_EDGE('',*,*,#5349,.T.);
#3453=ORIENTED_EDGE('',*,*,#5357,.F.);
#3454=ORIENTED_EDGE('',*,*,#5361,.T.);
#3455=ORIENTED_EDGE('',*,*,#5364,.T.);
#3456=ORIENTED_EDGE('',*,*,#5337,.T.);
#3457=ORIENTED_EDGE('',*,*,#5305,.T.);
#3458=ORIENTED_EDGE('',*,*,#5313,.T.);
#3459=ORIENTED_EDGE('',*,*,#5309,.T.);
#3460=ORIENTED_EDGE('',*,*,#5328,.T.);
#3461=ORIENTED_EDGE('',*,*,#5326,.F.);
#3462=ORIENTED_EDGE('',*,*,#5319,.T.);
#3463=ORIENTED_EDGE('',*,*,#5315,.F.);
#3464=ORIENTED_EDGE('',*,*,#5325,.F.);
#3465=ORIENTED_EDGE('',*,*,#5670,.F.);
#3466=ORIENTED_EDGE('',*,*,#5365,.F.);
#3467=ORIENTED_EDGE('',*,*,#5660,.T.);
#3468=ORIENTED_EDGE('',*,*,#5671,.F.);
#3469=ORIENTED_EDGE('',*,*,#5672,.F.);
#3470=ORIENTED_EDGE('',*,*,#5673,.F.);
#3471=ORIENTED_EDGE('',*,*,#5661,.F.);
#3472=ORIENTED_EDGE('',*,*,#5673,.T.);
#3473=ORIENTED_EDGE('',*,*,#5674,.T.);
#3474=ORIENTED_EDGE('',*,*,#5675,.T.);
#3475=ORIENTED_EDGE('',*,*,#5662,.F.);
#3476=ORIENTED_EDGE('',*,*,#5675,.F.);
#3477=ORIENTED_EDGE('',*,*,#5676,.F.);
#3478=ORIENTED_EDGE('',*,*,#5677,.F.);
#3479=ORIENTED_EDGE('',*,*,#5663,.F.);
#3480=ORIENTED_EDGE('',*,*,#5677,.T.);
#3481=ORIENTED_EDGE('',*,*,#5678,.T.);
#3482=ORIENTED_EDGE('',*,*,#5679,.T.);
#3483=ORIENTED_EDGE('',*,*,#5664,.T.);
#3484=ORIENTED_EDGE('',*,*,#5679,.F.);
#3485=ORIENTED_EDGE('',*,*,#5680,.F.);
#3486=ORIENTED_EDGE('',*,*,#5681,.F.);
#3487=ORIENTED_EDGE('',*,*,#5665,.F.);
#3488=ORIENTED_EDGE('',*,*,#5681,.T.);
#3489=ORIENTED_EDGE('',*,*,#5682,.F.);
#3490=ORIENTED_EDGE('',*,*,#5683,.T.);
#3491=ORIENTED_EDGE('',*,*,#5666,.T.);
#3492=ORIENTED_EDGE('',*,*,#5683,.F.);
#3493=ORIENTED_EDGE('',*,*,#5684,.F.);
#3494=ORIENTED_EDGE('',*,*,#5685,.F.);
#3495=ORIENTED_EDGE('',*,*,#5686,.F.);
#3496=ORIENTED_EDGE('',*,*,#5687,.T.);
#3497=ORIENTED_EDGE('',*,*,#5667,.F.);
#3498=ORIENTED_EDGE('',*,*,#5685,.T.);
#3499=ORIENTED_EDGE('',*,*,#5688,.F.);
#3500=ORIENTED_EDGE('',*,*,#5689,.F.);
#3501=ORIENTED_EDGE('',*,*,#5668,.T.);
#3502=ORIENTED_EDGE('',*,*,#5687,.F.);
#3503=ORIENTED_EDGE('',*,*,#5669,.F.);
#3504=ORIENTED_EDGE('',*,*,#5689,.T.);
#3505=ORIENTED_EDGE('',*,*,#5690,.T.);
#3506=ORIENTED_EDGE('',*,*,#5671,.T.);
#3507=ORIENTED_EDGE('',*,*,#5648,.T.);
#3508=ORIENTED_EDGE('',*,*,#5691,.F.);
#3509=ORIENTED_EDGE('',*,*,#5692,.F.);
#3510=ORIENTED_EDGE('',*,*,#5693,.F.);
#3511=ORIENTED_EDGE('',*,*,#5649,.F.);
#3512=ORIENTED_EDGE('',*,*,#5693,.T.);
#3513=ORIENTED_EDGE('',*,*,#5694,.F.);
#3514=ORIENTED_EDGE('',*,*,#5695,.T.);
#3515=ORIENTED_EDGE('',*,*,#5650,.F.);
#3516=ORIENTED_EDGE('',*,*,#5695,.F.);
#3517=ORIENTED_EDGE('',*,*,#5696,.F.);
#3518=ORIENTED_EDGE('',*,*,#5697,.F.);
#3519=ORIENTED_EDGE('',*,*,#5651,.F.);
#3520=ORIENTED_EDGE('',*,*,#5697,.T.);
#3521=ORIENTED_EDGE('',*,*,#5698,.F.);
#3522=ORIENTED_EDGE('',*,*,#5699,.T.);
#3523=ORIENTED_EDGE('',*,*,#5652,.T.);
#3524=ORIENTED_EDGE('',*,*,#5699,.F.);
#3525=ORIENTED_EDGE('',*,*,#5700,.F.);
#3526=ORIENTED_EDGE('',*,*,#5701,.F.);
#3527=ORIENTED_EDGE('',*,*,#5653,.F.);
#3528=ORIENTED_EDGE('',*,*,#5701,.T.);
#3529=ORIENTED_EDGE('',*,*,#5702,.T.);
#3530=ORIENTED_EDGE('',*,*,#5703,.T.);
#3531=ORIENTED_EDGE('',*,*,#5654,.T.);
#3532=ORIENTED_EDGE('',*,*,#5703,.F.);
#3533=ORIENTED_EDGE('',*,*,#5704,.F.);
#3534=ORIENTED_EDGE('',*,*,#5705,.F.);
#3535=ORIENTED_EDGE('',*,*,#5706,.T.);
#3536=ORIENTED_EDGE('',*,*,#5707,.T.);
#3537=ORIENTED_EDGE('',*,*,#5655,.F.);
#3538=ORIENTED_EDGE('',*,*,#5705,.T.);
#3539=ORIENTED_EDGE('',*,*,#5708,.F.);
#3540=ORIENTED_EDGE('',*,*,#5709,.F.);
#3541=ORIENTED_EDGE('',*,*,#5656,.T.);
#3542=ORIENTED_EDGE('',*,*,#5707,.F.);
#3543=ORIENTED_EDGE('',*,*,#5710,.T.);
#3544=ORIENTED_EDGE('',*,*,#5711,.T.);
#3545=ORIENTED_EDGE('',*,*,#5657,.F.);
#3546=ORIENTED_EDGE('',*,*,#5709,.T.);
#3547=ORIENTED_EDGE('',*,*,#5658,.F.);
#3548=ORIENTED_EDGE('',*,*,#5711,.F.);
#3549=ORIENTED_EDGE('',*,*,#5712,.F.);
#3550=ORIENTED_EDGE('',*,*,#5713,.F.);
#3551=ORIENTED_EDGE('',*,*,#5659,.T.);
#3552=ORIENTED_EDGE('',*,*,#5713,.T.);
#3553=ORIENTED_EDGE('',*,*,#5714,.T.);
#3554=ORIENTED_EDGE('',*,*,#5691,.T.);
#3555=ORIENTED_EDGE('',*,*,#5442,.F.);
#3556=ORIENTED_EDGE('',*,*,#5144,.T.);
#3557=ORIENTED_EDGE('',*,*,#5647,.T.);
#3558=ORIENTED_EDGE('',*,*,#5140,.T.);
#3559=ORIENTED_EDGE('',*,*,#5641,.T.);
#3560=ORIENTED_EDGE('',*,*,#5148,.T.);
#3561=ORIENTED_EDGE('',*,*,#5441,.F.);
#3562=ORIENTED_EDGE('',*,*,#5715,.T.);
#3563=ORIENTED_EDGE('',*,*,#5716,.T.);
#3564=ORIENTED_EDGE('',*,*,#5717,.F.);
#3565=ORIENTED_EDGE('',*,*,#5718,.T.);
#3566=ORIENTED_EDGE('',*,*,#5718,.F.);
#3567=ORIENTED_EDGE('',*,*,#5719,.F.);
#3568=ORIENTED_EDGE('',*,*,#5720,.T.);
#3569=ORIENTED_EDGE('',*,*,#5642,.F.);
#3570=ORIENTED_EDGE('',*,*,#5446,.F.);
#3571=ORIENTED_EDGE('',*,*,#5721,.F.);
#3572=ORIENTED_EDGE('',*,*,#5643,.F.);
#3573=ORIENTED_EDGE('',*,*,#5720,.F.);
#3574=ORIENTED_EDGE('',*,*,#5722,.F.);
#3575=ORIENTED_EDGE('',*,*,#5723,.F.);
#3576=ORIENTED_EDGE('',*,*,#5644,.T.);
#3577=ORIENTED_EDGE('',*,*,#5721,.T.);
#3578=ORIENTED_EDGE('',*,*,#5445,.F.);
#3579=ORIENTED_EDGE('',*,*,#5724,.T.);
#3580=ORIENTED_EDGE('',*,*,#5444,.F.);
#3581=ORIENTED_EDGE('',*,*,#5725,.F.);
#3582=ORIENTED_EDGE('',*,*,#5645,.F.);
#3583=ORIENTED_EDGE('',*,*,#5724,.F.);
#3584=ORIENTED_EDGE('',*,*,#5443,.F.);
#3585=ORIENTED_EDGE('',*,*,#5136,.T.);
#3586=ORIENTED_EDGE('',*,*,#5646,.T.);
#3587=ORIENTED_EDGE('',*,*,#5725,.T.);
#3588=ORIENTED_EDGE('',*,*,#5633,.T.);
#3589=ORIENTED_EDGE('',*,*,#5726,.T.);
#3590=ORIENTED_EDGE('',*,*,#5727,.F.);
#3591=ORIENTED_EDGE('',*,*,#5728,.T.);
#3592=ORIENTED_EDGE('',*,*,#5634,.F.);
#3593=ORIENTED_EDGE('',*,*,#5728,.F.);
#3594=ORIENTED_EDGE('',*,*,#5729,.F.);
#3595=ORIENTED_EDGE('',*,*,#5730,.F.);
#3596=ORIENTED_EDGE('',*,*,#5635,.F.);
#3597=ORIENTED_EDGE('',*,*,#5730,.T.);
#3598=ORIENTED_EDGE('',*,*,#5731,.T.);
#3599=ORIENTED_EDGE('',*,*,#5732,.T.);
#3600=ORIENTED_EDGE('',*,*,#5636,.F.);
#3601=ORIENTED_EDGE('',*,*,#5732,.F.);
#3602=ORIENTED_EDGE('',*,*,#5733,.F.);
#3603=ORIENTED_EDGE('',*,*,#5734,.F.);
#3604=ORIENTED_EDGE('',*,*,#5637,.F.);
#3605=ORIENTED_EDGE('',*,*,#5734,.T.);
#3606=ORIENTED_EDGE('',*,*,#5735,.T.);
#3607=ORIENTED_EDGE('',*,*,#5736,.T.);
#3608=ORIENTED_EDGE('',*,*,#5638,.F.);
#3609=ORIENTED_EDGE('',*,*,#5736,.F.);
#3610=ORIENTED_EDGE('',*,*,#5737,.F.);
#3611=ORIENTED_EDGE('',*,*,#5738,.F.);
#3612=ORIENTED_EDGE('',*,*,#5739,.F.);
#3613=ORIENTED_EDGE('',*,*,#5740,.T.);
#3614=ORIENTED_EDGE('',*,*,#5639,.T.);
#3615=ORIENTED_EDGE('',*,*,#5738,.T.);
#3616=ORIENTED_EDGE('',*,*,#5640,.F.);
#3617=ORIENTED_EDGE('',*,*,#5740,.F.);
#3618=ORIENTED_EDGE('',*,*,#5741,.F.);
#3619=ORIENTED_EDGE('',*,*,#5726,.F.);
#3620=ORIENTED_EDGE('',*,*,#5625,.T.);
#3621=ORIENTED_EDGE('',*,*,#5742,.T.);
#3622=ORIENTED_EDGE('',*,*,#5743,.F.);
#3623=ORIENTED_EDGE('',*,*,#5744,.T.);
#3624=ORIENTED_EDGE('',*,*,#5626,.F.);
#3625=ORIENTED_EDGE('',*,*,#5744,.F.);
#3626=ORIENTED_EDGE('',*,*,#5745,.F.);
#3627=ORIENTED_EDGE('',*,*,#5746,.F.);
#3628=ORIENTED_EDGE('',*,*,#5627,.F.);
#3629=ORIENTED_EDGE('',*,*,#5746,.T.);
#3630=ORIENTED_EDGE('',*,*,#5747,.T.);
#3631=ORIENTED_EDGE('',*,*,#5748,.T.);
#3632=ORIENTED_EDGE('',*,*,#5628,.F.);
#3633=ORIENTED_EDGE('',*,*,#5748,.F.);
#3634=ORIENTED_EDGE('',*,*,#5749,.F.);
#3635=ORIENTED_EDGE('',*,*,#5750,.F.);
#3636=ORIENTED_EDGE('',*,*,#5629,.F.);
#3637=ORIENTED_EDGE('',*,*,#5750,.T.);
#3638=ORIENTED_EDGE('',*,*,#5751,.T.);
#3639=ORIENTED_EDGE('',*,*,#5752,.T.);
#3640=ORIENTED_EDGE('',*,*,#5753,.F.);
#3641=ORIENTED_EDGE('',*,*,#5754,.F.);
#3642=ORIENTED_EDGE('',*,*,#5630,.F.);
#3643=ORIENTED_EDGE('',*,*,#5752,.F.);
#3644=ORIENTED_EDGE('',*,*,#5755,.F.);
#3645=ORIENTED_EDGE('',*,*,#5756,.T.);
#3646=ORIENTED_EDGE('',*,*,#5631,.T.);
#3647=ORIENTED_EDGE('',*,*,#5754,.T.);
#3648=ORIENTED_EDGE('',*,*,#5632,.F.);
#3649=ORIENTED_EDGE('',*,*,#5756,.F.);
#3650=ORIENTED_EDGE('',*,*,#5757,.F.);
#3651=ORIENTED_EDGE('',*,*,#5742,.F.);
#3652=ORIENTED_EDGE('',*,*,#5758,.F.);
#3653=ORIENTED_EDGE('',*,*,#5759,.T.);
#3654=ORIENTED_EDGE('',*,*,#5617,.T.);
#3655=ORIENTED_EDGE('',*,*,#5760,.T.);
#3656=ORIENTED_EDGE('',*,*,#5618,.F.);
#3657=ORIENTED_EDGE('',*,*,#5759,.F.);
#3658=ORIENTED_EDGE('',*,*,#5761,.F.);
#3659=ORIENTED_EDGE('',*,*,#5762,.F.);
#3660=ORIENTED_EDGE('',*,*,#5763,.T.);
#3661=ORIENTED_EDGE('',*,*,#5764,.T.);
#3662=ORIENTED_EDGE('',*,*,#5619,.F.);
#3663=ORIENTED_EDGE('',*,*,#5762,.T.);
#3664=ORIENTED_EDGE('',*,*,#5620,.F.);
#3665=ORIENTED_EDGE('',*,*,#5764,.F.);
#3666=ORIENTED_EDGE('',*,*,#5765,.F.);
#3667=ORIENTED_EDGE('',*,*,#5766,.F.);
#3668=ORIENTED_EDGE('',*,*,#5767,.T.);
#3669=ORIENTED_EDGE('',*,*,#5768,.T.);
#3670=ORIENTED_EDGE('',*,*,#5621,.F.);
#3671=ORIENTED_EDGE('',*,*,#5766,.T.);
#3672=ORIENTED_EDGE('',*,*,#5622,.F.);
#3673=ORIENTED_EDGE('',*,*,#5768,.F.);
#3674=ORIENTED_EDGE('',*,*,#5769,.F.);
#3675=ORIENTED_EDGE('',*,*,#5770,.F.);
#3676=ORIENTED_EDGE('',*,*,#5623,.T.);
#3677=ORIENTED_EDGE('',*,*,#5770,.T.);
#3678=ORIENTED_EDGE('',*,*,#5771,.F.);
#3679=ORIENTED_EDGE('',*,*,#5772,.T.);
#3680=ORIENTED_EDGE('',*,*,#5624,.F.);
#3681=ORIENTED_EDGE('',*,*,#5772,.F.);
#3682=ORIENTED_EDGE('',*,*,#5773,.F.);
#3683=ORIENTED_EDGE('',*,*,#5760,.F.);
#3684=ORIENTED_EDGE('',*,*,#5609,.T.);
#3685=ORIENTED_EDGE('',*,*,#5774,.T.);
#3686=ORIENTED_EDGE('',*,*,#5775,.F.);
#3687=ORIENTED_EDGE('',*,*,#5776,.T.);
#3688=ORIENTED_EDGE('',*,*,#5610,.F.);
#3689=ORIENTED_EDGE('',*,*,#5776,.F.);
#3690=ORIENTED_EDGE('',*,*,#5777,.F.);
#3691=ORIENTED_EDGE('',*,*,#5778,.F.);
#3692=ORIENTED_EDGE('',*,*,#5611,.F.);
#3693=ORIENTED_EDGE('',*,*,#5778,.T.);
#3694=ORIENTED_EDGE('',*,*,#5779,.T.);
#3695=ORIENTED_EDGE('',*,*,#5780,.T.);
#3696=ORIENTED_EDGE('',*,*,#5612,.F.);
#3697=ORIENTED_EDGE('',*,*,#5780,.F.);
#3698=ORIENTED_EDGE('',*,*,#5781,.F.);
#3699=ORIENTED_EDGE('',*,*,#5782,.F.);
#3700=ORIENTED_EDGE('',*,*,#5783,.T.);
#3701=ORIENTED_EDGE('',*,*,#5784,.T.);
#3702=ORIENTED_EDGE('',*,*,#5613,.F.);
#3703=ORIENTED_EDGE('',*,*,#5782,.T.);
#3704=ORIENTED_EDGE('',*,*,#5614,.F.);
#3705=ORIENTED_EDGE('',*,*,#5784,.F.);
#3706=ORIENTED_EDGE('',*,*,#5785,.F.);
#3707=ORIENTED_EDGE('',*,*,#5786,.F.);
#3708=ORIENTED_EDGE('',*,*,#5615,.T.);
#3709=ORIENTED_EDGE('',*,*,#5786,.T.);
#3710=ORIENTED_EDGE('',*,*,#5787,.F.);
#3711=ORIENTED_EDGE('',*,*,#5788,.T.);
#3712=ORIENTED_EDGE('',*,*,#5616,.F.);
#3713=ORIENTED_EDGE('',*,*,#5788,.F.);
#3714=ORIENTED_EDGE('',*,*,#5789,.F.);
#3715=ORIENTED_EDGE('',*,*,#5774,.F.);
#3716=ORIENTED_EDGE('',*,*,#5608,.F.);
#3717=ORIENTED_EDGE('',*,*,#5397,.T.);
#3718=ORIENTED_EDGE('',*,*,#5598,.T.);
#3719=ORIENTED_EDGE('',*,*,#5790,.T.);
#3720=ORIENTED_EDGE('',*,*,#5791,.T.);
#3721=ORIENTED_EDGE('',*,*,#5792,.T.);
#3722=ORIENTED_EDGE('',*,*,#5793,.F.);
#3723=ORIENTED_EDGE('',*,*,#5794,.F.);
#3724=ORIENTED_EDGE('',*,*,#5599,.F.);
#3725=ORIENTED_EDGE('',*,*,#5792,.F.);
#3726=ORIENTED_EDGE('',*,*,#5795,.T.);
#3727=ORIENTED_EDGE('',*,*,#5796,.T.);
#3728=ORIENTED_EDGE('',*,*,#5600,.F.);
#3729=ORIENTED_EDGE('',*,*,#5794,.T.);
#3730=ORIENTED_EDGE('',*,*,#5601,.F.);
#3731=ORIENTED_EDGE('',*,*,#5796,.F.);
#3732=ORIENTED_EDGE('',*,*,#5797,.F.);
#3733=ORIENTED_EDGE('',*,*,#5798,.F.);
#3734=ORIENTED_EDGE('',*,*,#5602,.T.);
#3735=ORIENTED_EDGE('',*,*,#5798,.T.);
#3736=ORIENTED_EDGE('',*,*,#5799,.F.);
#3737=ORIENTED_EDGE('',*,*,#5800,.T.);
#3738=ORIENTED_EDGE('',*,*,#5603,.F.);
#3739=ORIENTED_EDGE('',*,*,#5800,.F.);
#3740=ORIENTED_EDGE('',*,*,#5801,.F.);
#3741=ORIENTED_EDGE('',*,*,#5802,.F.);
#3742=ORIENTED_EDGE('',*,*,#5803,.F.);
#3743=ORIENTED_EDGE('',*,*,#5804,.T.);
#3744=ORIENTED_EDGE('',*,*,#5604,.T.);
#3745=ORIENTED_EDGE('',*,*,#5802,.T.);
#3746=ORIENTED_EDGE('',*,*,#5605,.F.);
#3747=ORIENTED_EDGE('',*,*,#5804,.F.);
#3748=ORIENTED_EDGE('',*,*,#5805,.F.);
#3749=ORIENTED_EDGE('',*,*,#5806,.F.);
#3750=ORIENTED_EDGE('',*,*,#5807,.T.);
#3751=ORIENTED_EDGE('',*,*,#5808,.T.);
#3752=ORIENTED_EDGE('',*,*,#5606,.F.);
#3753=ORIENTED_EDGE('',*,*,#5806,.T.);
#3754=ORIENTED_EDGE('',*,*,#5607,.F.);
#3755=ORIENTED_EDGE('',*,*,#5808,.F.);
#3756=ORIENTED_EDGE('',*,*,#5809,.F.);
#3757=ORIENTED_EDGE('',*,*,#5790,.F.);
#3758=ORIENTED_EDGE('',*,*,#5586,.T.);
#3759=ORIENTED_EDGE('',*,*,#5810,.T.);
#3760=ORIENTED_EDGE('',*,*,#5811,.F.);
#3761=ORIENTED_EDGE('',*,*,#5812,.T.);
#3762=ORIENTED_EDGE('',*,*,#5587,.F.);
#3763=ORIENTED_EDGE('',*,*,#5812,.F.);
#3764=ORIENTED_EDGE('',*,*,#5813,.F.);
#3765=ORIENTED_EDGE('',*,*,#5814,.F.);
#3766=ORIENTED_EDGE('',*,*,#5588,.F.);
#3767=ORIENTED_EDGE('',*,*,#5814,.T.);
#3768=ORIENTED_EDGE('',*,*,#5815,.T.);
#3769=ORIENTED_EDGE('',*,*,#5816,.T.);
#3770=ORIENTED_EDGE('',*,*,#5589,.F.);
#3771=ORIENTED_EDGE('',*,*,#5816,.F.);
#3772=ORIENTED_EDGE('',*,*,#5817,.F.);
#3773=ORIENTED_EDGE('',*,*,#5818,.F.);
#3774=ORIENTED_EDGE('',*,*,#5819,.T.);
#3775=ORIENTED_EDGE('',*,*,#5820,.T.);
#3776=ORIENTED_EDGE('',*,*,#5590,.T.);
#3777=ORIENTED_EDGE('',*,*,#5818,.T.);
#3778=ORIENTED_EDGE('',*,*,#5821,.F.);
#3779=ORIENTED_EDGE('',*,*,#5822,.F.);
#3780=ORIENTED_EDGE('',*,*,#5591,.F.);
#3781=ORIENTED_EDGE('',*,*,#5820,.F.);
#3782=ORIENTED_EDGE('',*,*,#5823,.T.);
#3783=ORIENTED_EDGE('',*,*,#5824,.T.);
#3784=ORIENTED_EDGE('',*,*,#5592,.F.);
#3785=ORIENTED_EDGE('',*,*,#5822,.T.);
#3786=ORIENTED_EDGE('',*,*,#5593,.F.);
#3787=ORIENTED_EDGE('',*,*,#5824,.F.);
#3788=ORIENTED_EDGE('',*,*,#5825,.F.);
#3789=ORIENTED_EDGE('',*,*,#5826,.F.);
#3790=ORIENTED_EDGE('',*,*,#5594,.T.);
#3791=ORIENTED_EDGE('',*,*,#5826,.T.);
#3792=ORIENTED_EDGE('',*,*,#5827,.T.);
#3793=ORIENTED_EDGE('',*,*,#5828,.T.);
#3794=ORIENTED_EDGE('',*,*,#5595,.F.);
#3795=ORIENTED_EDGE('',*,*,#5828,.F.);
#3796=ORIENTED_EDGE('',*,*,#5829,.F.);
#3797=ORIENTED_EDGE('',*,*,#5830,.F.);
#3798=ORIENTED_EDGE('',*,*,#5596,.T.);
#3799=ORIENTED_EDGE('',*,*,#5830,.T.);
#3800=ORIENTED_EDGE('',*,*,#5831,.F.);
#3801=ORIENTED_EDGE('',*,*,#5832,.T.);
#3802=ORIENTED_EDGE('',*,*,#5597,.F.);
#3803=ORIENTED_EDGE('',*,*,#5832,.F.);
#3804=ORIENTED_EDGE('',*,*,#5833,.F.);
#3805=ORIENTED_EDGE('',*,*,#5810,.F.);
#3806=ORIENTED_EDGE('',*,*,#5834,.F.);
#3807=ORIENTED_EDGE('',*,*,#5835,.T.);
#3808=ORIENTED_EDGE('',*,*,#5576,.T.);
#3809=ORIENTED_EDGE('',*,*,#5836,.T.);
#3810=ORIENTED_EDGE('',*,*,#5577,.F.);
#3811=ORIENTED_EDGE('',*,*,#5835,.F.);
#3812=ORIENTED_EDGE('',*,*,#5837,.F.);
#3813=ORIENTED_EDGE('',*,*,#5838,.F.);
#3814=ORIENTED_EDGE('',*,*,#5578,.T.);
#3815=ORIENTED_EDGE('',*,*,#5838,.T.);
#3816=ORIENTED_EDGE('',*,*,#5839,.F.);
#3817=ORIENTED_EDGE('',*,*,#5840,.T.);
#3818=ORIENTED_EDGE('',*,*,#5579,.F.);
#3819=ORIENTED_EDGE('',*,*,#5840,.F.);
#3820=ORIENTED_EDGE('',*,*,#5841,.F.);
#3821=ORIENTED_EDGE('',*,*,#5842,.F.);
#3822=ORIENTED_EDGE('',*,*,#5580,.F.);
#3823=ORIENTED_EDGE('',*,*,#5842,.T.);
#3824=ORIENTED_EDGE('',*,*,#5843,.T.);
#3825=ORIENTED_EDGE('',*,*,#5844,.T.);
#3826=ORIENTED_EDGE('',*,*,#5581,.F.);
#3827=ORIENTED_EDGE('',*,*,#5844,.F.);
#3828=ORIENTED_EDGE('',*,*,#5845,.F.);
#3829=ORIENTED_EDGE('',*,*,#5846,.F.);
#3830=ORIENTED_EDGE('',*,*,#5582,.F.);
#3831=ORIENTED_EDGE('',*,*,#5846,.T.);
#3832=ORIENTED_EDGE('',*,*,#5847,.T.);
#3833=ORIENTED_EDGE('',*,*,#5848,.T.);
#3834=ORIENTED_EDGE('',*,*,#5583,.F.);
#3835=ORIENTED_EDGE('',*,*,#5848,.F.);
#3836=ORIENTED_EDGE('',*,*,#5849,.F.);
#3837=ORIENTED_EDGE('',*,*,#5850,.F.);
#3838=ORIENTED_EDGE('',*,*,#5584,.T.);
#3839=ORIENTED_EDGE('',*,*,#5850,.T.);
#3840=ORIENTED_EDGE('',*,*,#5851,.T.);
#3841=ORIENTED_EDGE('',*,*,#5852,.T.);
#3842=ORIENTED_EDGE('',*,*,#5853,.F.);
#3843=ORIENTED_EDGE('',*,*,#5836,.F.);
#3844=ORIENTED_EDGE('',*,*,#5585,.F.);
#3845=ORIENTED_EDGE('',*,*,#5852,.F.);
#3846=ORIENTED_EDGE('',*,*,#5575,.F.);
#3847=ORIENTED_EDGE('',*,*,#5396,.T.);
#3848=ORIENTED_EDGE('',*,*,#5567,.T.);
#3849=ORIENTED_EDGE('',*,*,#5854,.F.);
#3850=ORIENTED_EDGE('',*,*,#5855,.F.);
#3851=ORIENTED_EDGE('',*,*,#5856,.F.);
#3852=ORIENTED_EDGE('',*,*,#5568,.F.);
#3853=ORIENTED_EDGE('',*,*,#5856,.T.);
#3854=ORIENTED_EDGE('',*,*,#5857,.F.);
#3855=ORIENTED_EDGE('',*,*,#5858,.T.);
#3856=ORIENTED_EDGE('',*,*,#5569,.F.);
#3857=ORIENTED_EDGE('',*,*,#5858,.F.);
#3858=ORIENTED_EDGE('',*,*,#5859,.F.);
#3859=ORIENTED_EDGE('',*,*,#5860,.F.);
#3860=ORIENTED_EDGE('',*,*,#5861,.F.);
#3861=ORIENTED_EDGE('',*,*,#5862,.T.);
#3862=ORIENTED_EDGE('',*,*,#5570,.F.);
#3863=ORIENTED_EDGE('',*,*,#5860,.T.);
#3864=ORIENTED_EDGE('',*,*,#5571,.T.);
#3865=ORIENTED_EDGE('',*,*,#5862,.F.);
#3866=ORIENTED_EDGE('',*,*,#5863,.F.);
#3867=ORIENTED_EDGE('',*,*,#5864,.F.);
#3868=ORIENTED_EDGE('',*,*,#5572,.T.);
#3869=ORIENTED_EDGE('',*,*,#5864,.T.);
#3870=ORIENTED_EDGE('',*,*,#5865,.T.);
#3871=ORIENTED_EDGE('',*,*,#5866,.T.);
#3872=ORIENTED_EDGE('',*,*,#5573,.T.);
#3873=ORIENTED_EDGE('',*,*,#5866,.F.);
#3874=ORIENTED_EDGE('',*,*,#5867,.F.);
#3875=ORIENTED_EDGE('',*,*,#5868,.F.);
#3876=ORIENTED_EDGE('',*,*,#5574,.T.);
#3877=ORIENTED_EDGE('',*,*,#5868,.T.);
#3878=ORIENTED_EDGE('',*,*,#5869,.T.);
#3879=ORIENTED_EDGE('',*,*,#5854,.T.);
#3880=ORIENTED_EDGE('',*,*,#5557,.F.);
#3881=ORIENTED_EDGE('',*,*,#5870,.T.);
#3882=ORIENTED_EDGE('',*,*,#5871,.F.);
#3883=ORIENTED_EDGE('',*,*,#5872,.T.);
#3884=ORIENTED_EDGE('',*,*,#5558,.F.);
#3885=ORIENTED_EDGE('',*,*,#5872,.F.);
#3886=ORIENTED_EDGE('',*,*,#5873,.F.);
#3887=ORIENTED_EDGE('',*,*,#5874,.F.);
#3888=ORIENTED_EDGE('',*,*,#5875,.T.);
#3889=ORIENTED_EDGE('',*,*,#5876,.T.);
#3890=ORIENTED_EDGE('',*,*,#5559,.F.);
#3891=ORIENTED_EDGE('',*,*,#5874,.T.);
#3892=ORIENTED_EDGE('',*,*,#5877,.F.);
#3893=ORIENTED_EDGE('',*,*,#5878,.F.);
#3894=ORIENTED_EDGE('',*,*,#5560,.F.);
#3895=ORIENTED_EDGE('',*,*,#5876,.F.);
#3896=ORIENTED_EDGE('',*,*,#5561,.F.);
#3897=ORIENTED_EDGE('',*,*,#5878,.T.);
#3898=ORIENTED_EDGE('',*,*,#5879,.T.);
#3899=ORIENTED_EDGE('',*,*,#5880,.T.);
#3900=ORIENTED_EDGE('',*,*,#5562,.T.);
#3901=ORIENTED_EDGE('',*,*,#5880,.F.);
#3902=ORIENTED_EDGE('',*,*,#5881,.F.);
#3903=ORIENTED_EDGE('',*,*,#5882,.F.);
#3904=ORIENTED_EDGE('',*,*,#5883,.T.);
#3905=ORIENTED_EDGE('',*,*,#5884,.T.);
#3906=ORIENTED_EDGE('',*,*,#5563,.T.);
#3907=ORIENTED_EDGE('',*,*,#5882,.T.);
#3908=ORIENTED_EDGE('',*,*,#5564,.T.);
#3909=ORIENTED_EDGE('',*,*,#5884,.F.);
#3910=ORIENTED_EDGE('',*,*,#5885,.F.);
#3911=ORIENTED_EDGE('',*,*,#5886,.F.);
#3912=ORIENTED_EDGE('',*,*,#5887,.F.);
#3913=ORIENTED_EDGE('',*,*,#5888,.T.);
#3914=ORIENTED_EDGE('',*,*,#5565,.F.);
#3915=ORIENTED_EDGE('',*,*,#5886,.T.);
#3916=ORIENTED_EDGE('',*,*,#5566,.F.);
#3917=ORIENTED_EDGE('',*,*,#5888,.F.);
#3918=ORIENTED_EDGE('',*,*,#5889,.F.);
#3919=ORIENTED_EDGE('',*,*,#5870,.F.);
#3920=ORIENTED_EDGE('',*,*,#5890,.F.);
#3921=ORIENTED_EDGE('',*,*,#5891,.T.);
#3922=ORIENTED_EDGE('',*,*,#5447,.F.);
#3923=ORIENTED_EDGE('',*,*,#5723,.T.);
#3924=ORIENTED_EDGE('',*,*,#5892,.T.);
#3925=ORIENTED_EDGE('',*,*,#5893,.F.);
#3926=ORIENTED_EDGE('',*,*,#5894,.F.);
#3927=ORIENTED_EDGE('',*,*,#5448,.F.);
#3928=ORIENTED_EDGE('',*,*,#5891,.F.);
#3929=ORIENTED_EDGE('',*,*,#5894,.T.);
#3930=ORIENTED_EDGE('',*,*,#5895,.T.);
#3931=ORIENTED_EDGE('',*,*,#5896,.T.);
#3932=ORIENTED_EDGE('',*,*,#5449,.F.);
#3933=ORIENTED_EDGE('',*,*,#5897,.F.);
#3934=ORIENTED_EDGE('',*,*,#5715,.F.);
#3935=ORIENTED_EDGE('',*,*,#5450,.F.);
#3936=ORIENTED_EDGE('',*,*,#5896,.F.);
#3937=ORIENTED_EDGE('',*,*,#5898,.T.);
#3938=ORIENTED_EDGE('',*,*,#5440,.F.);
#3939=ORIENTED_EDGE('',*,*,#5432,.F.);
#3940=ORIENTED_EDGE('',*,*,#5899,.T.);
#3941=ORIENTED_EDGE('',*,*,#5900,.T.);
#3942=ORIENTED_EDGE('',*,*,#5901,.T.);
#3943=ORIENTED_EDGE('',*,*,#5433,.F.);
#3944=ORIENTED_EDGE('',*,*,#5901,.F.);
#3945=ORIENTED_EDGE('',*,*,#5902,.F.);
#3946=ORIENTED_EDGE('',*,*,#5903,.F.);
#3947=ORIENTED_EDGE('',*,*,#5434,.F.);
#3948=ORIENTED_EDGE('',*,*,#5903,.T.);
#3949=ORIENTED_EDGE('',*,*,#5904,.F.);
#3950=ORIENTED_EDGE('',*,*,#5905,.T.);
#3951=ORIENTED_EDGE('',*,*,#5435,.F.);
#3952=ORIENTED_EDGE('',*,*,#5905,.F.);
#3953=ORIENTED_EDGE('',*,*,#5906,.F.);
#3954=ORIENTED_EDGE('',*,*,#5907,.F.);
#3955=ORIENTED_EDGE('',*,*,#5908,.F.);
#3956=ORIENTED_EDGE('',*,*,#5909,.T.);
#3957=ORIENTED_EDGE('',*,*,#5436,.T.);
#3958=ORIENTED_EDGE('',*,*,#5907,.T.);
#3959=ORIENTED_EDGE('',*,*,#5910,.F.);
#3960=ORIENTED_EDGE('',*,*,#5911,.F.);
#3961=ORIENTED_EDGE('',*,*,#5437,.F.);
#3962=ORIENTED_EDGE('',*,*,#5909,.F.);
#3963=ORIENTED_EDGE('',*,*,#5438,.T.);
#3964=ORIENTED_EDGE('',*,*,#5911,.T.);
#3965=ORIENTED_EDGE('',*,*,#5912,.T.);
#3966=ORIENTED_EDGE('',*,*,#5913,.T.);
#3967=ORIENTED_EDGE('',*,*,#5439,.F.);
#3968=ORIENTED_EDGE('',*,*,#5913,.F.);
#3969=ORIENTED_EDGE('',*,*,#5914,.F.);
#3970=ORIENTED_EDGE('',*,*,#5899,.F.);
#3971=ORIENTED_EDGE('',*,*,#5424,.F.);
#3972=ORIENTED_EDGE('',*,*,#5915,.T.);
#3973=ORIENTED_EDGE('',*,*,#5916,.F.);
#3974=ORIENTED_EDGE('',*,*,#5917,.T.);
#3975=ORIENTED_EDGE('',*,*,#5425,.F.);
#3976=ORIENTED_EDGE('',*,*,#5917,.F.);
#3977=ORIENTED_EDGE('',*,*,#5918,.F.);
#3978=ORIENTED_EDGE('',*,*,#5919,.F.);
#3979=ORIENTED_EDGE('',*,*,#5426,.F.);
#3980=ORIENTED_EDGE('',*,*,#5919,.T.);
#3981=ORIENTED_EDGE('',*,*,#5920,.F.);
#3982=ORIENTED_EDGE('',*,*,#5921,.T.);
#3983=ORIENTED_EDGE('',*,*,#5427,.F.);
#3984=ORIENTED_EDGE('',*,*,#5921,.F.);
#3985=ORIENTED_EDGE('',*,*,#5922,.F.);
#3986=ORIENTED_EDGE('',*,*,#5923,.F.);
#3987=ORIENTED_EDGE('',*,*,#5924,.T.);
#3988=ORIENTED_EDGE('',*,*,#5925,.T.);
#3989=ORIENTED_EDGE('',*,*,#5428,.F.);
#3990=ORIENTED_EDGE('',*,*,#5923,.T.);
#3991=ORIENTED_EDGE('',*,*,#5429,.F.);
#3992=ORIENTED_EDGE('',*,*,#5925,.F.);
#3993=ORIENTED_EDGE('',*,*,#5926,.F.);
#3994=ORIENTED_EDGE('',*,*,#5927,.F.);
#3995=ORIENTED_EDGE('',*,*,#5430,.F.);
#3996=ORIENTED_EDGE('',*,*,#5927,.T.);
#3997=ORIENTED_EDGE('',*,*,#5928,.T.);
#3998=ORIENTED_EDGE('',*,*,#5929,.T.);
#3999=ORIENTED_EDGE('',*,*,#5431,.F.);
#4000=ORIENTED_EDGE('',*,*,#5929,.F.);
#4001=ORIENTED_EDGE('',*,*,#5930,.F.);
#4002=ORIENTED_EDGE('',*,*,#5915,.F.);
#4003=ORIENTED_EDGE('',*,*,#5416,.F.);
#4004=ORIENTED_EDGE('',*,*,#5931,.T.);
#4005=ORIENTED_EDGE('',*,*,#5932,.T.);
#4006=ORIENTED_EDGE('',*,*,#5933,.T.);
#4007=ORIENTED_EDGE('',*,*,#5417,.F.);
#4008=ORIENTED_EDGE('',*,*,#5933,.F.);
#4009=ORIENTED_EDGE('',*,*,#5934,.F.);
#4010=ORIENTED_EDGE('',*,*,#5935,.F.);
#4011=ORIENTED_EDGE('',*,*,#5418,.F.);
#4012=ORIENTED_EDGE('',*,*,#5935,.T.);
#4013=ORIENTED_EDGE('',*,*,#5936,.T.);
#4014=ORIENTED_EDGE('',*,*,#5937,.T.);
#4015=ORIENTED_EDGE('',*,*,#5419,.F.);
#4016=ORIENTED_EDGE('',*,*,#5937,.F.);
#4017=ORIENTED_EDGE('',*,*,#5938,.F.);
#4018=ORIENTED_EDGE('',*,*,#5939,.F.);
#4019=ORIENTED_EDGE('',*,*,#5420,.T.);
#4020=ORIENTED_EDGE('',*,*,#5939,.T.);
#4021=ORIENTED_EDGE('',*,*,#5940,.F.);
#4022=ORIENTED_EDGE('',*,*,#5941,.T.);
#4023=ORIENTED_EDGE('',*,*,#5421,.F.);
#4024=ORIENTED_EDGE('',*,*,#5941,.F.);
#4025=ORIENTED_EDGE('',*,*,#5942,.F.);
#4026=ORIENTED_EDGE('',*,*,#5943,.F.);
#4027=ORIENTED_EDGE('',*,*,#5944,.F.);
#4028=ORIENTED_EDGE('',*,*,#5945,.T.);
#4029=ORIENTED_EDGE('',*,*,#5422,.T.);
#4030=ORIENTED_EDGE('',*,*,#5943,.T.);
#4031=ORIENTED_EDGE('',*,*,#5423,.F.);
#4032=ORIENTED_EDGE('',*,*,#5945,.F.);
#4033=ORIENTED_EDGE('',*,*,#5946,.F.);
#4034=ORIENTED_EDGE('',*,*,#5931,.F.);
#4035=ORIENTED_EDGE('',*,*,#5947,.T.);
#4036=ORIENTED_EDGE('',*,*,#5948,.T.);
#4037=ORIENTED_EDGE('',*,*,#5406,.T.);
#4038=ORIENTED_EDGE('',*,*,#5949,.T.);
#4039=ORIENTED_EDGE('',*,*,#5950,.F.);
#4040=ORIENTED_EDGE('',*,*,#5951,.F.);
#4041=ORIENTED_EDGE('',*,*,#5407,.F.);
#4042=ORIENTED_EDGE('',*,*,#5948,.F.);
#4043=ORIENTED_EDGE('',*,*,#5408,.F.);
#4044=ORIENTED_EDGE('',*,*,#5951,.T.);
#4045=ORIENTED_EDGE('',*,*,#5952,.T.);
#4046=ORIENTED_EDGE('',*,*,#5953,.T.);
#4047=ORIENTED_EDGE('',*,*,#5409,.F.);
#4048=ORIENTED_EDGE('',*,*,#5953,.F.);
#4049=ORIENTED_EDGE('',*,*,#5954,.F.);
#4050=ORIENTED_EDGE('',*,*,#5955,.F.);
#4051=ORIENTED_EDGE('',*,*,#5956,.T.);
#4052=ORIENTED_EDGE('',*,*,#5957,.T.);
#4053=ORIENTED_EDGE('',*,*,#5410,.F.);
#4054=ORIENTED_EDGE('',*,*,#5955,.T.);
#4055=ORIENTED_EDGE('',*,*,#5411,.F.);
#4056=ORIENTED_EDGE('',*,*,#5957,.F.);
#4057=ORIENTED_EDGE('',*,*,#5958,.F.);
#4058=ORIENTED_EDGE('',*,*,#5959,.F.);
#4059=ORIENTED_EDGE('',*,*,#5960,.F.);
#4060=ORIENTED_EDGE('',*,*,#5961,.T.);
#4061=ORIENTED_EDGE('',*,*,#5412,.T.);
#4062=ORIENTED_EDGE('',*,*,#5959,.T.);
#4063=ORIENTED_EDGE('',*,*,#5413,.F.);
#4064=ORIENTED_EDGE('',*,*,#5961,.F.);
#4065=ORIENTED_EDGE('',*,*,#5962,.F.);
#4066=ORIENTED_EDGE('',*,*,#5963,.F.);
#4067=ORIENTED_EDGE('',*,*,#5414,.F.);
#4068=ORIENTED_EDGE('',*,*,#5963,.T.);
#4069=ORIENTED_EDGE('',*,*,#5964,.F.);
#4070=ORIENTED_EDGE('',*,*,#5965,.T.);
#4071=ORIENTED_EDGE('',*,*,#5415,.F.);
#4072=ORIENTED_EDGE('',*,*,#5965,.F.);
#4073=ORIENTED_EDGE('',*,*,#5966,.F.);
#4074=ORIENTED_EDGE('',*,*,#5949,.F.);
#4075=ORIENTED_EDGE('',*,*,#5398,.F.);
#4076=ORIENTED_EDGE('',*,*,#5967,.F.);
#4077=ORIENTED_EDGE('',*,*,#5968,.F.);
#4078=ORIENTED_EDGE('',*,*,#5969,.F.);
#4079=ORIENTED_EDGE('',*,*,#5970,.T.);
#4080=ORIENTED_EDGE('',*,*,#5971,.T.);
#4081=ORIENTED_EDGE('',*,*,#5399,.F.);
#4082=ORIENTED_EDGE('',*,*,#5969,.T.);
#4083=ORIENTED_EDGE('',*,*,#5400,.F.);
#4084=ORIENTED_EDGE('',*,*,#5971,.F.);
#4085=ORIENTED_EDGE('',*,*,#5972,.F.);
#4086=ORIENTED_EDGE('',*,*,#5973,.F.);
#4087=ORIENTED_EDGE('',*,*,#5974,.F.);
#4088=ORIENTED_EDGE('',*,*,#5975,.T.);
#4089=ORIENTED_EDGE('',*,*,#5401,.T.);
#4090=ORIENTED_EDGE('',*,*,#5973,.T.);
#4091=ORIENTED_EDGE('',*,*,#5402,.F.);
#4092=ORIENTED_EDGE('',*,*,#5975,.F.);
#4093=ORIENTED_EDGE('',*,*,#5976,.F.);
#4094=ORIENTED_EDGE('',*,*,#5977,.F.);
#4095=ORIENTED_EDGE('',*,*,#5403,.T.);
#4096=ORIENTED_EDGE('',*,*,#5977,.T.);
#4097=ORIENTED_EDGE('',*,*,#5978,.F.);
#4098=ORIENTED_EDGE('',*,*,#5979,.T.);
#4099=ORIENTED_EDGE('',*,*,#5404,.F.);
#4100=ORIENTED_EDGE('',*,*,#5979,.F.);
#4101=ORIENTED_EDGE('',*,*,#5980,.F.);
#4102=ORIENTED_EDGE('',*,*,#5981,.F.);
#4103=ORIENTED_EDGE('',*,*,#5982,.T.);
#4104=ORIENTED_EDGE('',*,*,#5967,.T.);
#4105=ORIENTED_EDGE('',*,*,#5405,.F.);
#4106=ORIENTED_EDGE('',*,*,#5981,.T.);
#4107=ORIENTED_EDGE('',*,*,#5384,.T.);
#4108=ORIENTED_EDGE('',*,*,#5983,.T.);
#4109=ORIENTED_EDGE('',*,*,#5984,.T.);
#4110=ORIENTED_EDGE('',*,*,#5985,.T.);
#4111=ORIENTED_EDGE('',*,*,#5385,.F.);
#4112=ORIENTED_EDGE('',*,*,#5985,.F.);
#4113=ORIENTED_EDGE('',*,*,#5986,.F.);
#4114=ORIENTED_EDGE('',*,*,#5987,.F.);
#4115=ORIENTED_EDGE('',*,*,#5988,.T.);
#4116=ORIENTED_EDGE('',*,*,#5989,.T.);
#4117=ORIENTED_EDGE('',*,*,#5386,.T.);
#4118=ORIENTED_EDGE('',*,*,#5987,.T.);
#4119=ORIENTED_EDGE('',*,*,#5990,.F.);
#4120=ORIENTED_EDGE('',*,*,#5991,.F.);
#4121=ORIENTED_EDGE('',*,*,#5387,.F.);
#4122=ORIENTED_EDGE('',*,*,#5989,.F.);
#4123=ORIENTED_EDGE('',*,*,#5992,.T.);
#4124=ORIENTED_EDGE('',*,*,#5993,.T.);
#4125=ORIENTED_EDGE('',*,*,#5388,.F.);
#4126=ORIENTED_EDGE('',*,*,#5991,.T.);
#4127=ORIENTED_EDGE('',*,*,#5389,.F.);
#4128=ORIENTED_EDGE('',*,*,#5993,.F.);
#4129=ORIENTED_EDGE('',*,*,#5994,.F.);
#4130=ORIENTED_EDGE('',*,*,#5995,.F.);
#4131=ORIENTED_EDGE('',*,*,#5390,.F.);
#4132=ORIENTED_EDGE('',*,*,#5995,.T.);
#4133=ORIENTED_EDGE('',*,*,#5996,.T.);
#4134=ORIENTED_EDGE('',*,*,#5997,.T.);
#4135=ORIENTED_EDGE('',*,*,#5391,.F.);
#4136=ORIENTED_EDGE('',*,*,#5997,.F.);
#4137=ORIENTED_EDGE('',*,*,#5998,.F.);
#4138=ORIENTED_EDGE('',*,*,#5999,.F.);
#4139=ORIENTED_EDGE('',*,*,#5392,.T.);
#4140=ORIENTED_EDGE('',*,*,#5999,.T.);
#4141=ORIENTED_EDGE('',*,*,#6000,.F.);
#4142=ORIENTED_EDGE('',*,*,#6001,.T.);
#4143=ORIENTED_EDGE('',*,*,#5393,.F.);
#4144=ORIENTED_EDGE('',*,*,#6001,.F.);
#4145=ORIENTED_EDGE('',*,*,#6002,.F.);
#4146=ORIENTED_EDGE('',*,*,#6003,.F.);
#4147=ORIENTED_EDGE('',*,*,#5394,.F.);
#4148=ORIENTED_EDGE('',*,*,#6003,.T.);
#4149=ORIENTED_EDGE('',*,*,#6004,.F.);
#4150=ORIENTED_EDGE('',*,*,#6005,.T.);
#4151=ORIENTED_EDGE('',*,*,#5395,.F.);
#4152=ORIENTED_EDGE('',*,*,#6005,.F.);
#4153=ORIENTED_EDGE('',*,*,#6006,.F.);
#4154=ORIENTED_EDGE('',*,*,#5983,.F.);
#4155=ORIENTED_EDGE('',*,*,#6007,.F.);
#4156=ORIENTED_EDGE('',*,*,#6008,.T.);
#4157=ORIENTED_EDGE('',*,*,#5374,.T.);
#4158=ORIENTED_EDGE('',*,*,#6009,.T.);
#4159=ORIENTED_EDGE('',*,*,#6010,.F.);
#4160=ORIENTED_EDGE('',*,*,#6011,.F.);
#4161=ORIENTED_EDGE('',*,*,#5375,.F.);
#4162=ORIENTED_EDGE('',*,*,#6008,.F.);
#4163=ORIENTED_EDGE('',*,*,#5376,.F.);
#4164=ORIENTED_EDGE('',*,*,#6011,.T.);
#4165=ORIENTED_EDGE('',*,*,#6012,.T.);
#4166=ORIENTED_EDGE('',*,*,#6013,.T.);
#4167=ORIENTED_EDGE('',*,*,#5377,.F.);
#4168=ORIENTED_EDGE('',*,*,#6013,.F.);
#4169=ORIENTED_EDGE('',*,*,#6014,.F.);
#4170=ORIENTED_EDGE('',*,*,#6015,.F.);
#4171=ORIENTED_EDGE('',*,*,#5378,.T.);
#4172=ORIENTED_EDGE('',*,*,#6015,.T.);
#4173=ORIENTED_EDGE('',*,*,#6016,.T.);
#4174=ORIENTED_EDGE('',*,*,#6017,.T.);
#4175=ORIENTED_EDGE('',*,*,#5379,.F.);
#4176=ORIENTED_EDGE('',*,*,#6017,.F.);
#4177=ORIENTED_EDGE('',*,*,#6018,.F.);
#4178=ORIENTED_EDGE('',*,*,#6019,.F.);
#4179=ORIENTED_EDGE('',*,*,#5380,.F.);
#4180=ORIENTED_EDGE('',*,*,#6019,.T.);
#4181=ORIENTED_EDGE('',*,*,#6020,.T.);
#4182=ORIENTED_EDGE('',*,*,#6021,.T.);
#4183=ORIENTED_EDGE('',*,*,#5381,.F.);
#4184=ORIENTED_EDGE('',*,*,#6021,.F.);
#4185=ORIENTED_EDGE('',*,*,#6022,.F.);
#4186=ORIENTED_EDGE('',*,*,#6023,.F.);
#4187=ORIENTED_EDGE('',*,*,#5382,.F.);
#4188=ORIENTED_EDGE('',*,*,#6023,.T.);
#4189=ORIENTED_EDGE('',*,*,#6024,.F.);
#4190=ORIENTED_EDGE('',*,*,#6025,.T.);
#4191=ORIENTED_EDGE('',*,*,#5383,.F.);
#4192=ORIENTED_EDGE('',*,*,#6025,.F.);
#4193=ORIENTED_EDGE('',*,*,#6026,.F.);
#4194=ORIENTED_EDGE('',*,*,#6009,.F.);
#4195=ORIENTED_EDGE('',*,*,#5366,.F.);
#4196=ORIENTED_EDGE('',*,*,#6027,.T.);
#4197=ORIENTED_EDGE('',*,*,#6028,.F.);
#4198=ORIENTED_EDGE('',*,*,#6029,.T.);
#4199=ORIENTED_EDGE('',*,*,#5367,.F.);
#4200=ORIENTED_EDGE('',*,*,#6029,.F.);
#4201=ORIENTED_EDGE('',*,*,#6030,.F.);
#4202=ORIENTED_EDGE('',*,*,#6031,.F.);
#4203=ORIENTED_EDGE('',*,*,#5368,.F.);
#4204=ORIENTED_EDGE('',*,*,#6031,.T.);
#4205=ORIENTED_EDGE('',*,*,#6032,.T.);
#4206=ORIENTED_EDGE('',*,*,#6033,.T.);
#4207=ORIENTED_EDGE('',*,*,#5369,.F.);
#4208=ORIENTED_EDGE('',*,*,#6033,.F.);
#4209=ORIENTED_EDGE('',*,*,#6034,.F.);
#4210=ORIENTED_EDGE('',*,*,#6035,.F.);
#4211=ORIENTED_EDGE('',*,*,#5370,.F.);
#4212=ORIENTED_EDGE('',*,*,#6035,.T.);
#4213=ORIENTED_EDGE('',*,*,#6036,.T.);
#4214=ORIENTED_EDGE('',*,*,#6037,.T.);
#4215=ORIENTED_EDGE('',*,*,#5371,.F.);
#4216=ORIENTED_EDGE('',*,*,#6037,.F.);
#4217=ORIENTED_EDGE('',*,*,#6038,.F.);
#4218=ORIENTED_EDGE('',*,*,#6039,.F.);
#4219=ORIENTED_EDGE('',*,*,#6040,.F.);
#4220=ORIENTED_EDGE('',*,*,#6041,.T.);
#4221=ORIENTED_EDGE('',*,*,#5372,.F.);
#4222=ORIENTED_EDGE('',*,*,#6039,.T.);
#4223=ORIENTED_EDGE('',*,*,#5373,.F.);
#4224=ORIENTED_EDGE('',*,*,#6041,.F.);
#4225=ORIENTED_EDGE('',*,*,#6042,.F.);
#4226=ORIENTED_EDGE('',*,*,#6027,.F.);
#4227=ORIENTED_EDGE('',*,*,#5682,.T.);
#4228=ORIENTED_EDGE('',*,*,#5680,.T.);
#4229=ORIENTED_EDGE('',*,*,#5678,.F.);
#4230=ORIENTED_EDGE('',*,*,#5676,.T.);
#4231=ORIENTED_EDGE('',*,*,#5674,.F.);
#4232=ORIENTED_EDGE('',*,*,#5672,.T.);
#4233=ORIENTED_EDGE('',*,*,#5690,.F.);
#4234=ORIENTED_EDGE('',*,*,#5688,.T.);
#4235=ORIENTED_EDGE('',*,*,#5686,.T.);
#4236=ORIENTED_EDGE('',*,*,#5684,.T.);
#4237=ORIENTED_EDGE('',*,*,#5702,.F.);
#4238=ORIENTED_EDGE('',*,*,#5700,.T.);
#4239=ORIENTED_EDGE('',*,*,#5698,.T.);
#4240=ORIENTED_EDGE('',*,*,#5696,.T.);
#4241=ORIENTED_EDGE('',*,*,#5694,.T.);
#4242=ORIENTED_EDGE('',*,*,#5692,.T.);
#4243=ORIENTED_EDGE('',*,*,#5714,.F.);
#4244=ORIENTED_EDGE('',*,*,#5712,.T.);
#4245=ORIENTED_EDGE('',*,*,#5710,.F.);
#4246=ORIENTED_EDGE('',*,*,#5708,.T.);
#4247=ORIENTED_EDGE('',*,*,#5706,.F.);
#4248=ORIENTED_EDGE('',*,*,#5704,.T.);
#4249=ORIENTED_EDGE('',*,*,#5897,.T.);
#4250=ORIENTED_EDGE('',*,*,#5895,.F.);
#4251=ORIENTED_EDGE('',*,*,#5893,.T.);
#4252=ORIENTED_EDGE('',*,*,#5890,.T.);
#4253=ORIENTED_EDGE('',*,*,#6043,.F.);
#4254=ORIENTED_EDGE('',*,*,#5716,.F.);
#4255=ORIENTED_EDGE('',*,*,#5717,.T.);
#4256=ORIENTED_EDGE('',*,*,#6043,.T.);
#4257=ORIENTED_EDGE('',*,*,#5892,.F.);
#4258=ORIENTED_EDGE('',*,*,#5722,.T.);
#4259=ORIENTED_EDGE('',*,*,#5719,.T.);
#4260=ORIENTED_EDGE('',*,*,#6044,.F.);
#4261=ORIENTED_EDGE('',*,*,#5727,.T.);
#4262=ORIENTED_EDGE('',*,*,#5741,.T.);
#4263=ORIENTED_EDGE('',*,*,#5739,.T.);
#4264=ORIENTED_EDGE('',*,*,#5737,.T.);
#4265=ORIENTED_EDGE('',*,*,#5735,.F.);
#4266=ORIENTED_EDGE('',*,*,#5733,.T.);
#4267=ORIENTED_EDGE('',*,*,#5731,.F.);
#4268=ORIENTED_EDGE('',*,*,#5729,.T.);
#4269=ORIENTED_EDGE('',*,*,#5743,.T.);
#4270=ORIENTED_EDGE('',*,*,#5757,.T.);
#4271=ORIENTED_EDGE('',*,*,#5755,.T.);
#4272=ORIENTED_EDGE('',*,*,#5753,.T.);
#4273=ORIENTED_EDGE('',*,*,#5751,.F.);
#4274=ORIENTED_EDGE('',*,*,#5749,.T.);
#4275=ORIENTED_EDGE('',*,*,#5747,.F.);
#4276=ORIENTED_EDGE('',*,*,#5745,.T.);
#4277=ORIENTED_EDGE('',*,*,#5771,.T.);
#4278=ORIENTED_EDGE('',*,*,#5769,.T.);
#4279=ORIENTED_EDGE('',*,*,#5767,.F.);
#4280=ORIENTED_EDGE('',*,*,#5765,.T.);
#4281=ORIENTED_EDGE('',*,*,#5763,.F.);
#4282=ORIENTED_EDGE('',*,*,#5761,.T.);
#4283=ORIENTED_EDGE('',*,*,#5758,.T.);
#4284=ORIENTED_EDGE('',*,*,#5773,.T.);
#4285=ORIENTED_EDGE('',*,*,#5787,.T.);
#4286=ORIENTED_EDGE('',*,*,#5785,.T.);
#4287=ORIENTED_EDGE('',*,*,#5783,.F.);
#4288=ORIENTED_EDGE('',*,*,#5781,.T.);
#4289=ORIENTED_EDGE('',*,*,#5779,.F.);
#4290=ORIENTED_EDGE('',*,*,#5777,.T.);
#4291=ORIENTED_EDGE('',*,*,#5775,.T.);
#4292=ORIENTED_EDGE('',*,*,#5789,.T.);
#4293=ORIENTED_EDGE('',*,*,#5799,.T.);
#4294=ORIENTED_EDGE('',*,*,#5797,.T.);
#4295=ORIENTED_EDGE('',*,*,#5795,.F.);
#4296=ORIENTED_EDGE('',*,*,#5793,.T.);
#4297=ORIENTED_EDGE('',*,*,#5791,.F.);
#4298=ORIENTED_EDGE('',*,*,#5809,.T.);
#4299=ORIENTED_EDGE('',*,*,#5807,.F.);
#4300=ORIENTED_EDGE('',*,*,#5805,.T.);
#4301=ORIENTED_EDGE('',*,*,#5803,.T.);
#4302=ORIENTED_EDGE('',*,*,#5801,.T.);
#4303=ORIENTED_EDGE('',*,*,#5827,.F.);
#4304=ORIENTED_EDGE('',*,*,#5825,.T.);
#4305=ORIENTED_EDGE('',*,*,#5823,.F.);
#4306=ORIENTED_EDGE('',*,*,#5821,.T.);
#4307=ORIENTED_EDGE('',*,*,#5819,.F.);
#4308=ORIENTED_EDGE('',*,*,#5817,.T.);
#4309=ORIENTED_EDGE('',*,*,#5815,.F.);
#4310=ORIENTED_EDGE('',*,*,#5813,.T.);
#4311=ORIENTED_EDGE('',*,*,#5811,.T.);
#4312=ORIENTED_EDGE('',*,*,#5833,.T.);
#4313=ORIENTED_EDGE('',*,*,#5831,.T.);
#4314=ORIENTED_EDGE('',*,*,#5829,.T.);
#4315=ORIENTED_EDGE('',*,*,#5839,.T.);
#4316=ORIENTED_EDGE('',*,*,#5837,.T.);
#4317=ORIENTED_EDGE('',*,*,#5834,.T.);
#4318=ORIENTED_EDGE('',*,*,#5853,.T.);
#4319=ORIENTED_EDGE('',*,*,#5851,.F.);
#4320=ORIENTED_EDGE('',*,*,#5849,.T.);
#4321=ORIENTED_EDGE('',*,*,#5847,.F.);
#4322=ORIENTED_EDGE('',*,*,#5845,.T.);
#4323=ORIENTED_EDGE('',*,*,#5843,.F.);
#4324=ORIENTED_EDGE('',*,*,#5841,.T.);
#4325=ORIENTED_EDGE('',*,*,#5857,.T.);
#4326=ORIENTED_EDGE('',*,*,#5855,.T.);
#4327=ORIENTED_EDGE('',*,*,#5869,.F.);
#4328=ORIENTED_EDGE('',*,*,#5867,.T.);
#4329=ORIENTED_EDGE('',*,*,#5865,.F.);
#4330=ORIENTED_EDGE('',*,*,#5863,.T.);
#4331=ORIENTED_EDGE('',*,*,#5861,.T.);
#4332=ORIENTED_EDGE('',*,*,#5859,.T.);
#4333=ORIENTED_EDGE('',*,*,#5871,.T.);
#4334=ORIENTED_EDGE('',*,*,#5889,.T.);
#4335=ORIENTED_EDGE('',*,*,#5887,.T.);
#4336=ORIENTED_EDGE('',*,*,#5885,.T.);
#4337=ORIENTED_EDGE('',*,*,#5883,.F.);
#4338=ORIENTED_EDGE('',*,*,#5881,.T.);
#4339=ORIENTED_EDGE('',*,*,#5879,.F.);
#4340=ORIENTED_EDGE('',*,*,#5877,.T.);
#4341=ORIENTED_EDGE('',*,*,#5875,.F.);
#4342=ORIENTED_EDGE('',*,*,#5873,.T.);
#4343=ORIENTED_EDGE('',*,*,#5500,.F.);
#4344=ORIENTED_EDGE('',*,*,#5498,.T.);
#4345=ORIENTED_EDGE('',*,*,#5496,.F.);
#4346=ORIENTED_EDGE('',*,*,#5494,.T.);
#4347=ORIENTED_EDGE('',*,*,#5492,.F.);
#4348=ORIENTED_EDGE('',*,*,#5490,.T.);
#4349=ORIENTED_EDGE('',*,*,#5488,.F.);
#4350=ORIENTED_EDGE('',*,*,#5486,.T.);
#4351=ORIENTED_EDGE('',*,*,#5484,.T.);
#4352=ORIENTED_EDGE('',*,*,#5506,.T.);
#4353=ORIENTED_EDGE('',*,*,#5504,.T.);
#4354=ORIENTED_EDGE('',*,*,#5502,.T.);
#4355=ORIENTED_EDGE('',*,*,#5514,.T.);
#4356=ORIENTED_EDGE('',*,*,#5512,.T.);
#4357=ORIENTED_EDGE('',*,*,#5510,.T.);
#4358=ORIENTED_EDGE('',*,*,#5507,.T.);
#4359=ORIENTED_EDGE('',*,*,#5526,.F.);
#4360=ORIENTED_EDGE('',*,*,#5524,.T.);
#4361=ORIENTED_EDGE('',*,*,#5522,.F.);
#4362=ORIENTED_EDGE('',*,*,#5520,.T.);
#4363=ORIENTED_EDGE('',*,*,#5518,.F.);
#4364=ORIENTED_EDGE('',*,*,#5516,.T.);
#4365=ORIENTED_EDGE('',*,*,#5540,.T.);
#4366=ORIENTED_EDGE('',*,*,#5538,.T.);
#4367=ORIENTED_EDGE('',*,*,#5536,.F.);
#4368=ORIENTED_EDGE('',*,*,#5534,.T.);
#4369=ORIENTED_EDGE('',*,*,#5532,.F.);
#4370=ORIENTED_EDGE('',*,*,#5530,.T.);
#4371=ORIENTED_EDGE('',*,*,#5527,.F.);
#4372=ORIENTED_EDGE('',*,*,#5546,.T.);
#4373=ORIENTED_EDGE('',*,*,#5544,.T.);
#4374=ORIENTED_EDGE('',*,*,#5542,.T.);
#4375=ORIENTED_EDGE('',*,*,#5898,.F.);
#4376=ORIENTED_EDGE('',*,*,#6045,.F.);
#4377=ORIENTED_EDGE('',*,*,#5904,.T.);
#4378=ORIENTED_EDGE('',*,*,#5902,.T.);
#4379=ORIENTED_EDGE('',*,*,#5900,.F.);
#4380=ORIENTED_EDGE('',*,*,#5914,.T.);
#4381=ORIENTED_EDGE('',*,*,#5912,.F.);
#4382=ORIENTED_EDGE('',*,*,#5910,.T.);
#4383=ORIENTED_EDGE('',*,*,#5908,.T.);
#4384=ORIENTED_EDGE('',*,*,#5906,.T.);
#4385=ORIENTED_EDGE('',*,*,#5920,.T.);
#4386=ORIENTED_EDGE('',*,*,#5918,.T.);
#4387=ORIENTED_EDGE('',*,*,#5916,.T.);
#4388=ORIENTED_EDGE('',*,*,#5930,.T.);
#4389=ORIENTED_EDGE('',*,*,#5928,.F.);
#4390=ORIENTED_EDGE('',*,*,#5926,.T.);
#4391=ORIENTED_EDGE('',*,*,#5924,.F.);
#4392=ORIENTED_EDGE('',*,*,#5922,.T.);
#4393=ORIENTED_EDGE('',*,*,#5940,.T.);
#4394=ORIENTED_EDGE('',*,*,#5938,.T.);
#4395=ORIENTED_EDGE('',*,*,#5936,.F.);
#4396=ORIENTED_EDGE('',*,*,#5934,.T.);
#4397=ORIENTED_EDGE('',*,*,#5932,.F.);
#4398=ORIENTED_EDGE('',*,*,#5946,.T.);
#4399=ORIENTED_EDGE('',*,*,#5944,.T.);
#4400=ORIENTED_EDGE('',*,*,#5942,.T.);
#4401=ORIENTED_EDGE('',*,*,#5964,.T.);
#4402=ORIENTED_EDGE('',*,*,#5962,.T.);
#4403=ORIENTED_EDGE('',*,*,#5960,.T.);
#4404=ORIENTED_EDGE('',*,*,#5958,.T.);
#4405=ORIENTED_EDGE('',*,*,#5956,.F.);
#4406=ORIENTED_EDGE('',*,*,#5954,.T.);
#4407=ORIENTED_EDGE('',*,*,#5952,.F.);
#4408=ORIENTED_EDGE('',*,*,#5950,.T.);
#4409=ORIENTED_EDGE('',*,*,#5947,.F.);
#4410=ORIENTED_EDGE('',*,*,#5966,.T.);
#4411=ORIENTED_EDGE('',*,*,#5978,.T.);
#4412=ORIENTED_EDGE('',*,*,#5976,.T.);
#4413=ORIENTED_EDGE('',*,*,#5974,.T.);
#4414=ORIENTED_EDGE('',*,*,#5972,.T.);
#4415=ORIENTED_EDGE('',*,*,#5970,.F.);
#4416=ORIENTED_EDGE('',*,*,#5968,.T.);
#4417=ORIENTED_EDGE('',*,*,#5982,.F.);
#4418=ORIENTED_EDGE('',*,*,#5980,.T.);
#4419=ORIENTED_EDGE('',*,*,#5984,.F.);
#4420=ORIENTED_EDGE('',*,*,#6006,.T.);
#4421=ORIENTED_EDGE('',*,*,#6004,.T.);
#4422=ORIENTED_EDGE('',*,*,#6002,.T.);
#4423=ORIENTED_EDGE('',*,*,#6000,.T.);
#4424=ORIENTED_EDGE('',*,*,#5998,.T.);
#4425=ORIENTED_EDGE('',*,*,#5996,.F.);
#4426=ORIENTED_EDGE('',*,*,#5994,.T.);
#4427=ORIENTED_EDGE('',*,*,#5992,.F.);
#4428=ORIENTED_EDGE('',*,*,#5990,.T.);
#4429=ORIENTED_EDGE('',*,*,#5988,.F.);
#4430=ORIENTED_EDGE('',*,*,#5986,.T.);
#4431=ORIENTED_EDGE('',*,*,#6024,.T.);
#4432=ORIENTED_EDGE('',*,*,#6022,.T.);
#4433=ORIENTED_EDGE('',*,*,#6020,.F.);
#4434=ORIENTED_EDGE('',*,*,#6018,.T.);
#4435=ORIENTED_EDGE('',*,*,#6016,.F.);
#4436=ORIENTED_EDGE('',*,*,#6014,.T.);
#4437=ORIENTED_EDGE('',*,*,#6012,.F.);
#4438=ORIENTED_EDGE('',*,*,#6010,.T.);
#4439=ORIENTED_EDGE('',*,*,#6007,.T.);
#4440=ORIENTED_EDGE('',*,*,#6026,.T.);
#4441=ORIENTED_EDGE('',*,*,#6028,.T.);
#4442=ORIENTED_EDGE('',*,*,#6042,.T.);
#4443=ORIENTED_EDGE('',*,*,#6040,.T.);
#4444=ORIENTED_EDGE('',*,*,#6038,.T.);
#4445=ORIENTED_EDGE('',*,*,#6036,.F.);
#4446=ORIENTED_EDGE('',*,*,#6034,.T.);
#4447=ORIENTED_EDGE('',*,*,#6032,.F.);
#4448=ORIENTED_EDGE('',*,*,#6030,.T.);
#4449=ORIENTED_EDGE('',*,*,#6044,.T.);
#4450=ORIENTED_EDGE('',*,*,#6046,.T.);
#4451=ORIENTED_EDGE('',*,*,#6047,.F.);
#4452=ORIENTED_EDGE('',*,*,#6045,.T.);
#4453=ORIENTED_EDGE('',*,*,#6046,.F.);
#4454=ORIENTED_EDGE('',*,*,#6047,.T.);
#4455=ORIENTED_EDGE('',*,*,#5556,.F.);
#4456=ORIENTED_EDGE('',*,*,#6048,.T.);
#4457=ORIENTED_EDGE('',*,*,#6049,.T.);
#4458=ORIENTED_EDGE('',*,*,#6050,.T.);
#4459=ORIENTED_EDGE('',*,*,#5550,.F.);
#4460=ORIENTED_EDGE('',*,*,#6051,.T.);
#4461=ORIENTED_EDGE('',*,*,#6052,.F.);
#4462=ORIENTED_EDGE('',*,*,#6053,.T.);
#4463=ORIENTED_EDGE('',*,*,#6054,.T.);
#4464=ORIENTED_EDGE('',*,*,#6055,.T.);
#4465=ORIENTED_EDGE('',*,*,#5554,.F.);
#4466=ORIENTED_EDGE('',*,*,#6056,.T.);
#4467=ORIENTED_EDGE('',*,*,#6057,.T.);
#4468=ORIENTED_EDGE('',*,*,#6058,.T.);
#4469=ORIENTED_EDGE('',*,*,#5548,.F.);
#4470=ORIENTED_EDGE('',*,*,#6059,.T.);
#4471=ORIENTED_EDGE('',*,*,#6060,.F.);
#4472=ORIENTED_EDGE('',*,*,#6061,.T.);
#4473=ORIENTED_EDGE('',*,*,#5552,.F.);
#4474=ORIENTED_EDGE('',*,*,#6062,.T.);
#4475=ORIENTED_EDGE('',*,*,#6052,.T.);
#4476=ORIENTED_EDGE('',*,*,#6063,.T.);
#4477=ORIENTED_EDGE('',*,*,#6057,.F.);
#4478=ORIENTED_EDGE('',*,*,#6064,.T.);
#4479=ORIENTED_EDGE('',*,*,#6049,.F.);
#4480=ORIENTED_EDGE('',*,*,#6065,.T.);
#4481=ORIENTED_EDGE('',*,*,#6054,.F.);
#4482=ORIENTED_EDGE('',*,*,#6066,.T.);
#4483=ORIENTED_EDGE('',*,*,#6060,.T.);
#4484=ORIENTED_EDGE('',*,*,#6067,.T.);
#4485=ORIENTED_EDGE('',*,*,#5553,.T.);
#4486=ORIENTED_EDGE('',*,*,#6061,.F.);
#4487=ORIENTED_EDGE('',*,*,#6066,.F.);
#4488=ORIENTED_EDGE('',*,*,#6056,.F.);
#4489=ORIENTED_EDGE('',*,*,#5551,.T.);
#4490=ORIENTED_EDGE('',*,*,#6053,.F.);
#4491=ORIENTED_EDGE('',*,*,#6067,.F.);
#4492=ORIENTED_EDGE('',*,*,#6062,.F.);
#4493=ORIENTED_EDGE('',*,*,#5549,.F.);
#4494=ORIENTED_EDGE('',*,*,#6058,.F.);
#4495=ORIENTED_EDGE('',*,*,#6063,.F.);
#4496=ORIENTED_EDGE('',*,*,#6051,.F.);
#4497=ORIENTED_EDGE('',*,*,#6064,.F.);
#4498=ORIENTED_EDGE('',*,*,#6059,.F.);
#4499=ORIENTED_EDGE('',*,*,#5547,.T.);
#4500=ORIENTED_EDGE('',*,*,#6050,.F.);
#4501=ORIENTED_EDGE('',*,*,#5555,.F.);
#4502=ORIENTED_EDGE('',*,*,#6055,.F.);
#4503=ORIENTED_EDGE('',*,*,#6065,.F.);
#4504=ORIENTED_EDGE('',*,*,#6048,.F.);
#4505=VERTEX_POINT('',#9189);
#4506=VERTEX_POINT('',#9190);
#4507=VERTEX_POINT('',#9192);
#4508=VERTEX_POINT('',#9194);
#4509=VERTEX_POINT('',#9198);
#4510=VERTEX_POINT('',#9199);
#4511=VERTEX_POINT('',#9201);
#4512=VERTEX_POINT('',#9203);
#4513=VERTEX_POINT('',#9207);
#4514=VERTEX_POINT('',#9208);
#4515=VERTEX_POINT('',#9210);
#4516=VERTEX_POINT('',#9212);
#4517=VERTEX_POINT('',#9216);
#4518=VERTEX_POINT('',#9217);
#4519=VERTEX_POINT('',#9219);
#4520=VERTEX_POINT('',#9221);
#4521=VERTEX_POINT('',#9231);
#4522=VERTEX_POINT('',#9233);
#4523=VERTEX_POINT('',#9236);
#4524=VERTEX_POINT('',#9237);
#4525=VERTEX_POINT('',#9239);
#4526=VERTEX_POINT('',#9241);
#4527=VERTEX_POINT('',#9245);
#4528=VERTEX_POINT('',#9246);
#4529=VERTEX_POINT('',#9248);
#4530=VERTEX_POINT('',#9250);
#4531=VERTEX_POINT('',#9254);
#4532=VERTEX_POINT('',#9256);
#4533=VERTEX_POINT('',#9260);
#4534=VERTEX_POINT('',#9261);
#4535=VERTEX_POINT('',#9263);
#4536=VERTEX_POINT('',#9265);
#4537=VERTEX_POINT('',#9269);
#4538=VERTEX_POINT('',#9271);
#4539=VERTEX_POINT('',#9275);
#4540=VERTEX_POINT('',#9279);
#4541=VERTEX_POINT('',#9287);
#4542=VERTEX_POINT('',#9291);
#4543=VERTEX_POINT('',#9297);
#4544=VERTEX_POINT('',#9298);
#4545=VERTEX_POINT('',#9300);
#4546=VERTEX_POINT('',#9302);
#4547=VERTEX_POINT('',#9306);
#4548=VERTEX_POINT('',#9307);
#4549=VERTEX_POINT('',#9309);
#4550=VERTEX_POINT('',#9311);
#4551=VERTEX_POINT('',#9315);
#4552=VERTEX_POINT('',#9316);
#4553=VERTEX_POINT('',#9318);
#4554=VERTEX_POINT('',#9320);
#4555=VERTEX_POINT('',#9324);
#4556=VERTEX_POINT('',#9325);
#4557=VERTEX_POINT('',#9327);
#4558=VERTEX_POINT('',#9332);
#4559=VERTEX_POINT('',#9338);
#4560=VERTEX_POINT('',#9342);
#4561=VERTEX_POINT('',#9348);
#4562=VERTEX_POINT('',#9352);
#4563=VERTEX_POINT('',#9358);
#4564=VERTEX_POINT('',#9359);
#4565=VERTEX_POINT('',#9361);
#4566=VERTEX_POINT('',#9363);
#4567=VERTEX_POINT('',#9367);
#4568=VERTEX_POINT('',#9368);
#4569=VERTEX_POINT('',#9370);
#4570=VERTEX_POINT('',#9372);
#4571=VERTEX_POINT('',#9376);
#4572=VERTEX_POINT('',#9378);
#4573=VERTEX_POINT('',#9382);
#4574=VERTEX_POINT('',#9383);
#4575=VERTEX_POINT('',#9385);
#4576=VERTEX_POINT('',#9387);
#4577=VERTEX_POINT('',#9391);
#4578=VERTEX_POINT('',#9393);
#4579=VERTEX_POINT('',#9397);
#4580=VERTEX_POINT('',#9398);
#4581=VERTEX_POINT('',#9400);
#4582=VERTEX_POINT('',#9402);
#4583=VERTEX_POINT('',#9406);
#4584=VERTEX_POINT('',#9411);
#4585=VERTEX_POINT('',#9417);
#4586=VERTEX_POINT('',#9421);
#4587=VERTEX_POINT('',#9431);
#4588=VERTEX_POINT('',#9432);
#4589=VERTEX_POINT('',#9434);
#4590=VERTEX_POINT('',#9436);
#4591=VERTEX_POINT('',#9440);
#4592=VERTEX_POINT('',#9441);
#4593=VERTEX_POINT('',#9443);
#4594=VERTEX_POINT('',#9445);
#4595=VERTEX_POINT('',#9449);
#4596=VERTEX_POINT('',#9450);
#4597=VERTEX_POINT('',#9452);
#4598=VERTEX_POINT('',#9454);
#4599=VERTEX_POINT('',#9458);
#4600=VERTEX_POINT('',#9460);
#4601=VERTEX_POINT('',#9466);
#4602=VERTEX_POINT('',#9474);
#4603=VERTEX_POINT('',#9480);
#4604=VERTEX_POINT('',#9481);
#4605=VERTEX_POINT('',#9483);
#4606=VERTEX_POINT('',#9485);
#4607=VERTEX_POINT('',#9489);
#4608=VERTEX_POINT('',#9491);
#4609=VERTEX_POINT('',#9495);
#4610=VERTEX_POINT('',#9496);
#4611=VERTEX_POINT('',#9498);
#4612=VERTEX_POINT('',#9500);
#4613=VERTEX_POINT('',#9504);
#4614=VERTEX_POINT('',#9505);
#4615=VERTEX_POINT('',#9507);
#4616=VERTEX_POINT('',#9509);
#4617=VERTEX_POINT('',#9516);
#4618=VERTEX_POINT('',#9518);
#4619=VERTEX_POINT('',#9521);
#4620=VERTEX_POINT('',#9525);
#4621=VERTEX_POINT('',#9529);
#4622=VERTEX_POINT('',#9535);
#4623=VERTEX_POINT('',#9541);
#4624=VERTEX_POINT('',#9542);
#4625=VERTEX_POINT('',#9544);
#4626=VERTEX_POINT('',#9546);
#4627=VERTEX_POINT('',#9550);
#4628=VERTEX_POINT('',#9551);
#4629=VERTEX_POINT('',#9553);
#4630=VERTEX_POINT('',#9555);
#4631=VERTEX_POINT('',#9562);
#4632=VERTEX_POINT('',#9563);
#4633=VERTEX_POINT('',#9565);
#4634=VERTEX_POINT('',#9567);
#4635=VERTEX_POINT('',#9571);
#4636=VERTEX_POINT('',#9573);
#4637=VERTEX_POINT('',#9577);
#4638=VERTEX_POINT('',#9584);
#4639=VERTEX_POINT('',#9590);
#4640=VERTEX_POINT('',#9591);
#4641=VERTEX_POINT('',#9593);
#4642=VERTEX_POINT('',#9595);
#4643=VERTEX_POINT('',#9599);
#4644=VERTEX_POINT('',#9600);
#4645=VERTEX_POINT('',#9602);
#4646=VERTEX_POINT('',#9604);
#4647=VERTEX_POINT('',#9608);
#4648=VERTEX_POINT('',#9610);
#4649=VERTEX_POINT('',#9614);
#4650=VERTEX_POINT('',#9615);
#4651=VERTEX_POINT('',#9617);
#4652=VERTEX_POINT('',#9619);
#4653=VERTEX_POINT('',#9623);
#4654=VERTEX_POINT('',#9625);
#4655=VERTEX_POINT('',#9629);
#4656=VERTEX_POINT('',#9630);
#4657=VERTEX_POINT('',#9632);
#4658=VERTEX_POINT('',#9634);
#4659=VERTEX_POINT('',#9638);
#4660=VERTEX_POINT('',#9639);
#4661=VERTEX_POINT('',#9647);
#4662=VERTEX_POINT('',#9655);
#4663=VERTEX_POINT('',#9663);
#4664=VERTEX_POINT('',#9665);
#4665=VERTEX_POINT('',#9666);
#4666=VERTEX_POINT('',#9668);
#4667=VERTEX_POINT('',#9670);
#4668=VERTEX_POINT('',#9672);
#4669=VERTEX_POINT('',#9674);
#4670=VERTEX_POINT('',#9676);
#4671=VERTEX_POINT('',#9678);
#4672=VERTEX_POINT('',#9681);
#4673=VERTEX_POINT('',#9682);
#4674=VERTEX_POINT('',#9684);
#4675=VERTEX_POINT('',#9686);
#4676=VERTEX_POINT('',#9688);
#4677=VERTEX_POINT('',#9690);
#4678=VERTEX_POINT('',#9692);
#4679=VERTEX_POINT('',#9694);
#4680=VERTEX_POINT('',#9696);
#4681=VERTEX_POINT('',#9698);
#4682=VERTEX_POINT('',#9701);
#4683=VERTEX_POINT('',#9702);
#4684=VERTEX_POINT('',#9704);
#4685=VERTEX_POINT('',#9706);
#4686=VERTEX_POINT('',#9708);
#4687=VERTEX_POINT('',#9710);
#4688=VERTEX_POINT('',#9712);
#4689=VERTEX_POINT('',#9714);
#4690=VERTEX_POINT('',#9716);
#4691=VERTEX_POINT('',#9718);
#4692=VERTEX_POINT('',#9720);
#4693=VERTEX_POINT('',#9722);
#4694=VERTEX_POINT('',#9725);
#4695=VERTEX_POINT('',#9727);
#4696=VERTEX_POINT('',#9729);
#4697=VERTEX_POINT('',#9730);
#4698=VERTEX_POINT('',#9732);
#4699=VERTEX_POINT('',#9734);
#4700=VERTEX_POINT('',#9736);
#4701=VERTEX_POINT('',#9738);
#4702=VERTEX_POINT('',#9740);
#4703=VERTEX_POINT('',#9742);
#4704=VERTEX_POINT('',#9745);
#4705=VERTEX_POINT('',#9746);
#4706=VERTEX_POINT('',#9748);
#4707=VERTEX_POINT('',#9750);
#4708=VERTEX_POINT('',#9752);
#4709=VERTEX_POINT('',#9754);
#4710=VERTEX_POINT('',#9756);
#4711=VERTEX_POINT('',#9758);
#4712=VERTEX_POINT('',#9760);
#4713=VERTEX_POINT('',#9762);
#4714=VERTEX_POINT('',#9765);
#4715=VERTEX_POINT('',#9766);
#4716=VERTEX_POINT('',#9768);
#4717=VERTEX_POINT('',#9770);
#4718=VERTEX_POINT('',#9772);
#4719=VERTEX_POINT('',#9774);
#4720=VERTEX_POINT('',#9776);
#4721=VERTEX_POINT('',#9778);
#4722=VERTEX_POINT('',#9781);
#4723=VERTEX_POINT('',#9782);
#4724=VERTEX_POINT('',#9784);
#4725=VERTEX_POINT('',#9786);
#4726=VERTEX_POINT('',#9788);
#4727=VERTEX_POINT('',#9790);
#4728=VERTEX_POINT('',#9792);
#4729=VERTEX_POINT('',#9794);
#4730=VERTEX_POINT('',#9797);
#4731=VERTEX_POINT('',#9798);
#4732=VERTEX_POINT('',#9800);
#4733=VERTEX_POINT('',#9802);
#4734=VERTEX_POINT('',#9804);
#4735=VERTEX_POINT('',#9806);
#4736=VERTEX_POINT('',#9808);
#4737=VERTEX_POINT('',#9810);
#4738=VERTEX_POINT('',#9813);
#4739=VERTEX_POINT('',#9815);
#4740=VERTEX_POINT('',#9818);
#4741=VERTEX_POINT('',#9820);
#4742=VERTEX_POINT('',#9822);
#4743=VERTEX_POINT('',#9824);
#4744=VERTEX_POINT('',#9826);
#4745=VERTEX_POINT('',#9828);
#4746=VERTEX_POINT('',#9830);
#4747=VERTEX_POINT('',#9833);
#4748=VERTEX_POINT('',#9834);
#4749=VERTEX_POINT('',#9836);
#4750=VERTEX_POINT('',#9838);
#4751=VERTEX_POINT('',#9840);
#4752=VERTEX_POINT('',#9842);
#4753=VERTEX_POINT('',#9844);
#4754=VERTEX_POINT('',#9846);
#4755=VERTEX_POINT('',#9848);
#4756=VERTEX_POINT('',#9850);
#4757=VERTEX_POINT('',#9853);
#4758=VERTEX_POINT('',#9854);
#4759=VERTEX_POINT('',#9856);
#4760=VERTEX_POINT('',#9858);
#4761=VERTEX_POINT('',#9860);
#4762=VERTEX_POINT('',#9862);
#4763=VERTEX_POINT('',#9864);
#4764=VERTEX_POINT('',#9866);
#4765=VERTEX_POINT('',#9868);
#4766=VERTEX_POINT('',#9870);
#4767=VERTEX_POINT('',#9873);
#4768=VERTEX_POINT('',#9874);
#4769=VERTEX_POINT('',#9876);
#4770=VERTEX_POINT('',#9878);
#4771=VERTEX_POINT('',#9880);
#4772=VERTEX_POINT('',#9882);
#4773=VERTEX_POINT('',#9884);
#4774=VERTEX_POINT('',#9886);
#4775=VERTEX_POINT('',#9888);
#4776=VERTEX_POINT('',#9890);
#4777=VERTEX_POINT('',#9892);
#4778=VERTEX_POINT('',#9894);
#4779=VERTEX_POINT('',#9898);
#4780=VERTEX_POINT('',#9900);
#4781=VERTEX_POINT('',#9904);
#4782=VERTEX_POINT('',#9908);
#4783=VERTEX_POINT('',#9912);
#4784=VERTEX_POINT('',#9916);
#4785=VERTEX_POINT('',#9920);
#4786=VERTEX_POINT('',#9924);
#4787=VERTEX_POINT('',#9928);
#4788=VERTEX_POINT('',#9932);
#4789=VERTEX_POINT('',#9936);
#4790=VERTEX_POINT('',#9940);
#4791=VERTEX_POINT('',#9946);
#4792=VERTEX_POINT('',#9947);
#4793=VERTEX_POINT('',#9952);
#4794=VERTEX_POINT('',#9956);
#4795=VERTEX_POINT('',#9960);
#4796=VERTEX_POINT('',#9964);
#4797=VERTEX_POINT('',#9968);
#4798=VERTEX_POINT('',#9972);
#4799=VERTEX_POINT('',#9976);
#4800=VERTEX_POINT('',#9980);
#4801=VERTEX_POINT('',#9986);
#4802=VERTEX_POINT('',#9987);
#4803=VERTEX_POINT('',#9992);
#4804=VERTEX_POINT('',#9996);
#4805=VERTEX_POINT('',#10000);
#4806=VERTEX_POINT('',#10004);
#4807=VERTEX_POINT('',#10008);
#4808=VERTEX_POINT('',#10012);
#4809=VERTEX_POINT('',#10016);
#4810=VERTEX_POINT('',#10020);
#4811=VERTEX_POINT('',#10026);
#4812=VERTEX_POINT('',#10027);
#4813=VERTEX_POINT('',#10029);
#4814=VERTEX_POINT('',#10031);
#4815=VERTEX_POINT('',#10033);
#4816=VERTEX_POINT('',#10035);
#4817=VERTEX_POINT('',#10037);
#4818=VERTEX_POINT('',#10039);
#4819=VERTEX_POINT('',#10041);
#4820=VERTEX_POINT('',#10043);
#4821=VERTEX_POINT('',#10046);
#4822=VERTEX_POINT('',#10047);
#4823=VERTEX_POINT('',#10049);
#4824=VERTEX_POINT('',#10051);
#4825=VERTEX_POINT('',#10053);
#4826=VERTEX_POINT('',#10055);
#4827=VERTEX_POINT('',#10057);
#4828=VERTEX_POINT('',#10059);
#4829=VERTEX_POINT('',#10061);
#4830=VERTEX_POINT('',#10063);
#4831=VERTEX_POINT('',#10066);
#4832=VERTEX_POINT('',#10067);
#4833=VERTEX_POINT('',#10069);
#4834=VERTEX_POINT('',#10071);
#4835=VERTEX_POINT('',#10073);
#4836=VERTEX_POINT('',#10075);
#4837=VERTEX_POINT('',#10077);
#4838=VERTEX_POINT('',#10079);
#4839=VERTEX_POINT('',#10082);
#4840=VERTEX_POINT('',#10084);
#4841=VERTEX_POINT('',#10085);
#4842=VERTEX_POINT('',#10087);
#4843=VERTEX_POINT('',#10089);
#4844=VERTEX_POINT('',#10091);
#4845=VERTEX_POINT('',#10093);
#4846=VERTEX_POINT('',#10095);
#4847=VERTEX_POINT('',#10097);
#4848=VERTEX_POINT('',#10099);
#4849=VERTEX_POINT('',#10101);
#4850=VERTEX_POINT('',#10104);
#4851=VERTEX_POINT('',#10105);
#4852=VERTEX_POINT('',#10107);
#4853=VERTEX_POINT('',#10109);
#4854=VERTEX_POINT('',#10111);
#4855=VERTEX_POINT('',#10113);
#4856=VERTEX_POINT('',#10115);
#4857=VERTEX_POINT('',#10117);
#4858=VERTEX_POINT('',#10119);
#4859=VERTEX_POINT('',#10121);
#4860=VERTEX_POINT('',#10123);
#4861=VERTEX_POINT('',#10125);
#4862=VERTEX_POINT('',#10128);
#4863=VERTEX_POINT('',#10129);
#4864=VERTEX_POINT('',#10131);
#4865=VERTEX_POINT('',#10133);
#4866=VERTEX_POINT('',#10135);
#4867=VERTEX_POINT('',#10137);
#4868=VERTEX_POINT('',#10139);
#4869=VERTEX_POINT('',#10141);
#4870=VERTEX_POINT('',#10143);
#4871=VERTEX_POINT('',#10145);
#4872=VERTEX_POINT('',#10148);
#4873=VERTEX_POINT('',#10150);
#4874=VERTEX_POINT('',#10151);
#4875=VERTEX_POINT('',#10153);
#4876=VERTEX_POINT('',#10155);
#4877=VERTEX_POINT('',#10157);
#4878=VERTEX_POINT('',#10159);
#4879=VERTEX_POINT('',#10161);
#4880=VERTEX_POINT('',#10163);
#4881=VERTEX_POINT('',#10166);
#4882=VERTEX_POINT('',#10167);
#4883=VERTEX_POINT('',#10169);
#4884=VERTEX_POINT('',#10171);
#4885=VERTEX_POINT('',#10173);
#4886=VERTEX_POINT('',#10175);
#4887=VERTEX_POINT('',#10177);
#4888=VERTEX_POINT('',#10179);
#4889=VERTEX_POINT('',#10182);
#4890=VERTEX_POINT('',#10183);
#4891=VERTEX_POINT('',#10185);
#4892=VERTEX_POINT('',#10187);
#4893=VERTEX_POINT('',#10189);
#4894=VERTEX_POINT('',#10191);
#4895=VERTEX_POINT('',#10193);
#4896=VERTEX_POINT('',#10195);
#4897=VERTEX_POINT('',#10198);
#4898=VERTEX_POINT('',#10199);
#4899=VERTEX_POINT('',#10201);
#4900=VERTEX_POINT('',#10203);
#4901=VERTEX_POINT('',#10205);
#4902=VERTEX_POINT('',#10207);
#4903=VERTEX_POINT('',#10209);
#4904=VERTEX_POINT('',#10211);
#4905=VERTEX_POINT('',#10214);
#4906=VERTEX_POINT('',#10216);
#4907=VERTEX_POINT('',#10218);
#4908=VERTEX_POINT('',#10220);
#4909=VERTEX_POINT('',#10222);
#4910=VERTEX_POINT('',#10226);
#4911=VERTEX_POINT('',#10227);
#4912=VERTEX_POINT('',#10229);
#4913=VERTEX_POINT('',#10231);
#4914=VERTEX_POINT('',#10233);
#4915=VERTEX_POINT('',#10235);
#4916=VERTEX_POINT('',#10237);
#4917=VERTEX_POINT('',#10239);
#4918=VERTEX_POINT('',#10241);
#4919=VERTEX_POINT('',#10243);
#4920=VERTEX_POINT('',#10245);
#4921=VERTEX_POINT('',#10247);
#4922=VERTEX_POINT('',#10250);
#4923=VERTEX_POINT('',#10251);
#4924=VERTEX_POINT('',#10253);
#4925=VERTEX_POINT('',#10255);
#4926=VERTEX_POINT('',#10257);
#4927=VERTEX_POINT('',#10259);
#4928=VERTEX_POINT('',#10261);
#4929=VERTEX_POINT('',#10263);
#4930=VERTEX_POINT('',#10265);
#4931=VERTEX_POINT('',#10267);
#4932=VERTEX_POINT('',#10270);
#4933=VERTEX_POINT('',#10274);
#4934=VERTEX_POINT('',#10276);
#4935=VERTEX_POINT('',#10280);
#4936=VERTEX_POINT('',#10284);
#4937=VERTEX_POINT('',#10288);
#4938=VERTEX_POINT('',#10292);
#4939=VERTEX_POINT('',#10296);
#4940=VERTEX_POINT('',#10300);
#4941=VERTEX_POINT('',#10304);
#4942=VERTEX_POINT('',#10308);
#4943=VERTEX_POINT('',#10314);
#4944=VERTEX_POINT('',#10316);
#4945=VERTEX_POINT('',#10320);
#4946=VERTEX_POINT('',#10324);
#4947=VERTEX_POINT('',#10328);
#4948=VERTEX_POINT('',#10332);
#4949=VERTEX_POINT('',#10336);
#4950=VERTEX_POINT('',#10340);
#4951=VERTEX_POINT('',#10344);
#4952=VERTEX_POINT('',#10348);
#4953=VERTEX_POINT('',#10352);
#4954=VERTEX_POINT('',#10356);
#4955=VERTEX_POINT('',#10363);
#4956=VERTEX_POINT('',#10365);
#4957=VERTEX_POINT('',#10367);
#4958=VERTEX_POINT('',#10371);
#4959=VERTEX_POINT('',#10379);
#4960=VERTEX_POINT('',#10388);
#4961=VERTEX_POINT('',#10390);
#4962=VERTEX_POINT('',#10394);
#4963=VERTEX_POINT('',#10398);
#4964=VERTEX_POINT('',#10402);
#4965=VERTEX_POINT('',#10406);
#4966=VERTEX_POINT('',#10410);
#4967=VERTEX_POINT('',#10414);
#4968=VERTEX_POINT('',#10420);
#4969=VERTEX_POINT('',#10422);
#4970=VERTEX_POINT('',#10426);
#4971=VERTEX_POINT('',#10430);
#4972=VERTEX_POINT('',#10434);
#4973=VERTEX_POINT('',#10438);
#4974=VERTEX_POINT('',#10442);
#4975=VERTEX_POINT('',#10446);
#4976=VERTEX_POINT('',#10452);
#4977=VERTEX_POINT('',#10453);
#4978=VERTEX_POINT('',#10458);
#4979=VERTEX_POINT('',#10462);
#4980=VERTEX_POINT('',#10466);
#4981=VERTEX_POINT('',#10470);
#4982=VERTEX_POINT('',#10474);
#4983=VERTEX_POINT('',#10478);
#4984=VERTEX_POINT('',#10484);
#4985=VERTEX_POINT('',#10486);
#4986=VERTEX_POINT('',#10490);
#4987=VERTEX_POINT('',#10494);
#4988=VERTEX_POINT('',#10498);
#4989=VERTEX_POINT('',#10502);
#4990=VERTEX_POINT('',#10506);
#4991=VERTEX_POINT('',#10510);
#4992=VERTEX_POINT('',#10517);
#4993=VERTEX_POINT('',#10519);
#4994=VERTEX_POINT('',#10523);
#4995=VERTEX_POINT('',#10527);
#4996=VERTEX_POINT('',#10531);
#4997=VERTEX_POINT('',#10535);
#4998=VERTEX_POINT('',#10539);
#4999=VERTEX_POINT('',#10543);
#5000=VERTEX_POINT('',#10547);
#5001=VERTEX_POINT('',#10551);
#5002=VERTEX_POINT('',#10557);
#5003=VERTEX_POINT('',#10559);
#5004=VERTEX_POINT('',#10563);
#5005=VERTEX_POINT('',#10567);
#5006=VERTEX_POINT('',#10571);
#5007=VERTEX_POINT('',#10575);
#5008=VERTEX_POINT('',#10579);
#5009=VERTEX_POINT('',#10583);
#5010=VERTEX_POINT('',#10587);
#5011=VERTEX_POINT('',#10591);
#5012=VERTEX_POINT('',#10595);
#5013=VERTEX_POINT('',#10599);
#5014=VERTEX_POINT('',#10605);
#5015=VERTEX_POINT('',#10606);
#5016=VERTEX_POINT('',#10611);
#5017=VERTEX_POINT('',#10615);
#5018=VERTEX_POINT('',#10619);
#5019=VERTEX_POINT('',#10623);
#5020=VERTEX_POINT('',#10627);
#5021=VERTEX_POINT('',#10631);
#5022=VERTEX_POINT('',#10635);
#5023=VERTEX_POINT('',#10639);
#5024=VERTEX_POINT('',#10646);
#5025=VERTEX_POINT('',#10648);
#5026=VERTEX_POINT('',#10652);
#5027=VERTEX_POINT('',#10656);
#5028=VERTEX_POINT('',#10660);
#5029=VERTEX_POINT('',#10664);
#5030=VERTEX_POINT('',#10668);
#5031=VERTEX_POINT('',#10672);
#5032=VERTEX_POINT('',#10678);
#5033=VERTEX_POINT('',#10680);
#5034=VERTEX_POINT('',#10684);
#5035=VERTEX_POINT('',#10688);
#5036=VERTEX_POINT('',#10692);
#5037=VERTEX_POINT('',#10696);
#5038=VERTEX_POINT('',#10700);
#5039=VERTEX_POINT('',#10704);
#5040=VERTEX_POINT('',#10708);
#5041=VERTEX_POINT('',#10712);
#5042=VERTEX_POINT('',#10718);
#5043=VERTEX_POINT('',#10719);
#5044=VERTEX_POINT('',#10724);
#5045=VERTEX_POINT('',#10728);
#5046=VERTEX_POINT('',#10734);
#5047=VERTEX_POINT('',#10737);
#5048=VERTEX_POINT('',#10739);
#5049=VERTEX_POINT('',#10743);
#5050=VERTEX_POINT('',#10747);
#5051=VERTEX_POINT('',#10751);
#5052=VERTEX_POINT('',#10755);
#5053=VERTEX_POINT('',#10759);
#5054=VERTEX_POINT('',#10763);
#5055=VERTEX_POINT('',#10769);
#5056=VERTEX_POINT('',#10771);
#5057=VERTEX_POINT('',#10775);
#5058=VERTEX_POINT('',#10779);
#5059=VERTEX_POINT('',#10783);
#5060=VERTEX_POINT('',#10787);
#5061=VERTEX_POINT('',#10791);
#5062=VERTEX_POINT('',#10795);
#5063=VERTEX_POINT('',#10801);
#5064=VERTEX_POINT('',#10803);
#5065=VERTEX_POINT('',#10807);
#5066=VERTEX_POINT('',#10811);
#5067=VERTEX_POINT('',#10815);
#5068=VERTEX_POINT('',#10819);
#5069=VERTEX_POINT('',#10823);
#5070=VERTEX_POINT('',#10827);
#5071=VERTEX_POINT('',#10833);
#5072=VERTEX_POINT('',#10834);
#5073=VERTEX_POINT('',#10839);
#5074=VERTEX_POINT('',#10843);
#5075=VERTEX_POINT('',#10847);
#5076=VERTEX_POINT('',#10851);
#5077=VERTEX_POINT('',#10855);
#5078=VERTEX_POINT('',#10859);
#5079=VERTEX_POINT('',#10863);
#5080=VERTEX_POINT('',#10867);
#5081=VERTEX_POINT('',#10873);
#5082=VERTEX_POINT('',#10875);
#5083=VERTEX_POINT('',#10879);
#5084=VERTEX_POINT('',#10883);
#5085=VERTEX_POINT('',#10887);
#5086=VERTEX_POINT('',#10891);
#5087=VERTEX_POINT('',#10895);
#5088=VERTEX_POINT('',#10899);
#5089=VERTEX_POINT('',#10905);
#5090=VERTEX_POINT('',#10907);
#5091=VERTEX_POINT('',#10911);
#5092=VERTEX_POINT('',#10915);
#5093=VERTEX_POINT('',#10919);
#5094=VERTEX_POINT('',#10923);
#5095=VERTEX_POINT('',#10927);
#5096=VERTEX_POINT('',#10931);
#5097=VERTEX_POINT('',#10935);
#5098=VERTEX_POINT('',#10939);
#5099=VERTEX_POINT('',#10943);
#5100=VERTEX_POINT('',#10947);
#5101=VERTEX_POINT('',#10953);
#5102=VERTEX_POINT('',#10954);
#5103=VERTEX_POINT('',#10959);
#5104=VERTEX_POINT('',#10963);
#5105=VERTEX_POINT('',#10967);
#5106=VERTEX_POINT('',#10971);
#5107=VERTEX_POINT('',#10975);
#5108=VERTEX_POINT('',#10979);
#5109=VERTEX_POINT('',#10983);
#5110=VERTEX_POINT('',#10987);
#5111=VERTEX_POINT('',#10993);
#5112=VERTEX_POINT('',#10995);
#5113=VERTEX_POINT('',#10999);
#5114=VERTEX_POINT('',#11003);
#5115=VERTEX_POINT('',#11007);
#5116=VERTEX_POINT('',#11011);
#5117=VERTEX_POINT('',#11015);
#5118=VERTEX_POINT('',#11019);
#5119=VERTEX_POINT('',#11029);
#5120=VERTEX_POINT('',#11044);
#5121=VERTEX_POINT('',#11055);
#5122=VERTEX_POINT('',#11058);
#5123=VERTEX_POINT('',#11062);
#5124=VERTEX_POINT('',#11064);
#5125=VERTEX_POINT('',#11068);
#5126=VERTEX_POINT('',#11070);
#5127=VERTEX_POINT('',#11074);
#5128=VERTEX_POINT('',#11075);
#5129=VERTEX_POINT('',#11080);
#5130=VERTEX_POINT('',#11081);
#5131=VERTEX_POINT('',#11086);
#5132=VERTEX_POINT('',#11087);
#5133=EDGE_CURVE('',#4505,#4506,#6068,.T.);
#5134=EDGE_CURVE('',#4507,#4505,#1527,.T.);
#5135=EDGE_CURVE('',#4508,#4507,#6069,.T.);
#5136=EDGE_CURVE('',#4506,#4508,#1528,.T.);
#5137=EDGE_CURVE('',#4509,#4510,#6070,.T.);
#5138=EDGE_CURVE('',#4511,#4509,#1529,.T.);
#5139=EDGE_CURVE('',#4512,#4511,#6071,.T.);
#5140=EDGE_CURVE('',#4510,#4512,#1530,.T.);
#5141=EDGE_CURVE('',#4513,#4514,#6072,.T.);
#5142=EDGE_CURVE('',#4515,#4513,#1531,.T.);
#5143=EDGE_CURVE('',#4516,#4515,#6073,.T.);
#5144=EDGE_CURVE('',#4514,#4516,#1532,.T.);
#5145=EDGE_CURVE('',#4517,#4518,#6074,.T.);
#5146=EDGE_CURVE('',#4519,#4517,#1533,.T.);
#5147=EDGE_CURVE('',#4520,#4519,#6075,.T.);
#5148=EDGE_CURVE('',#4518,#4520,#1534,.T.);
#5149=EDGE_CURVE('',#4511,#4505,#1535,.T.);
#5150=EDGE_CURVE('',#4507,#4509,#1536,.T.);
#5151=EDGE_CURVE('',#4519,#4513,#1537,.T.);
#5152=EDGE_CURVE('',#4515,#4517,#1538,.T.);
#5153=EDGE_CURVE('',#4521,#4521,#6076,.T.);
#5154=EDGE_CURVE('',#4522,#4522,#6077,.T.);
#5155=EDGE_CURVE('',#4523,#4524,#6078,.T.);
#5156=EDGE_CURVE('',#4525,#4523,#1539,.T.);
#5157=EDGE_CURVE('',#4526,#4525,#6079,.T.);
#5158=EDGE_CURVE('',#4524,#4526,#1540,.T.);
#5159=EDGE_CURVE('',#4527,#4528,#6080,.T.);
#5160=EDGE_CURVE('',#4529,#4527,#1541,.T.);
#5161=EDGE_CURVE('',#4530,#4529,#6081,.T.);
#5162=EDGE_CURVE('',#4528,#4530,#1542,.T.);
#5163=EDGE_CURVE('',#4527,#4531,#1543,.T.);
#5164=EDGE_CURVE('',#4531,#4532,#1544,.T.);
#5165=EDGE_CURVE('',#4532,#4529,#1545,.T.);
#5166=EDGE_CURVE('',#4533,#4534,#1546,.T.);
#5167=EDGE_CURVE('',#4534,#4535,#1547,.T.);
#5168=EDGE_CURVE('',#4535,#4536,#1548,.T.);
#5169=EDGE_CURVE('',#4536,#4533,#1549,.T.);
#5170=EDGE_CURVE('',#4535,#4537,#6082,.T.);
#5171=EDGE_CURVE('',#4538,#4534,#6083,.T.);
#5172=EDGE_CURVE('',#4537,#4538,#1550,.T.);
#5173=EDGE_CURVE('',#4539,#4526,#6084,.T.);
#5174=EDGE_CURVE('',#4530,#4525,#1551,.T.);
#5175=EDGE_CURVE('',#4532,#4536,#6085,.T.);
#5176=EDGE_CURVE('',#4537,#4540,#1552,.T.);
#5177=EDGE_CURVE('',#4540,#4539,#6086,.T.);
#5178=EDGE_CURVE('',#4533,#4531,#6087,.T.);
#5179=EDGE_CURVE('',#4528,#4523,#1553,.T.);
#5180=EDGE_CURVE('',#4541,#4524,#6088,.T.);
#5181=EDGE_CURVE('',#4539,#4541,#1554,.T.);
#5182=EDGE_CURVE('',#4541,#4542,#6089,.T.);
#5183=EDGE_CURVE('',#4542,#4540,#1555,.T.);
#5184=EDGE_CURVE('',#4542,#4538,#1556,.T.);
#5185=EDGE_CURVE('',#4543,#4544,#6090,.T.);
#5186=EDGE_CURVE('',#4545,#4543,#1557,.T.);
#5187=EDGE_CURVE('',#4546,#4545,#6091,.T.);
#5188=EDGE_CURVE('',#4544,#4546,#1558,.T.);
#5189=EDGE_CURVE('',#4547,#4548,#6092,.T.);
#5190=EDGE_CURVE('',#4549,#4547,#1559,.T.);
#5191=EDGE_CURVE('',#4550,#4549,#6093,.T.);
#5192=EDGE_CURVE('',#4548,#4550,#1560,.T.);
#5193=EDGE_CURVE('',#4551,#4552,#6094,.T.);
#5194=EDGE_CURVE('',#4553,#4551,#1561,.T.);
#5195=EDGE_CURVE('',#4554,#4553,#6095,.T.);
#5196=EDGE_CURVE('',#4552,#4554,#1562,.T.);
#5197=EDGE_CURVE('',#4555,#4556,#1563,.T.);
#5198=EDGE_CURVE('',#4556,#4557,#6096,.T.);
#5199=EDGE_CURVE('',#4557,#4546,#6097,.T.);
#5200=EDGE_CURVE('',#4550,#4545,#1564,.T.);
#5201=EDGE_CURVE('',#4551,#4549,#1565,.T.);
#5202=EDGE_CURVE('',#4558,#4552,#1566,.T.);
#5203=EDGE_CURVE('',#4558,#4555,#6098,.T.);
#5204=EDGE_CURVE('',#4547,#4553,#1567,.T.);
#5205=EDGE_CURVE('',#4554,#4559,#1568,.T.);
#5206=EDGE_CURVE('',#4559,#4558,#1569,.T.);
#5207=EDGE_CURVE('',#4560,#4559,#6099,.T.);
#5208=EDGE_CURVE('',#4555,#4560,#1570,.T.);
#5209=EDGE_CURVE('',#4548,#4543,#1571,.T.);
#5210=EDGE_CURVE('',#4557,#4561,#1572,.T.);
#5211=EDGE_CURVE('',#4561,#4544,#6100,.T.);
#5212=EDGE_CURVE('',#4561,#4562,#6101,.T.);
#5213=EDGE_CURVE('',#4562,#4556,#1573,.T.);
#5214=EDGE_CURVE('',#4560,#4562,#1574,.T.);
#5215=EDGE_CURVE('',#4563,#4564,#1575,.T.);
#5216=EDGE_CURVE('',#4563,#4565,#1576,.T.);
#5217=EDGE_CURVE('',#4565,#4566,#1577,.T.);
#5218=EDGE_CURVE('',#4566,#4564,#1578,.T.);
#5219=EDGE_CURVE('',#4567,#4568,#6102,.T.);
#5220=EDGE_CURVE('',#4569,#4567,#1579,.T.);
#5221=EDGE_CURVE('',#4570,#4569,#6103,.T.);
#5222=EDGE_CURVE('',#4568,#4570,#1580,.T.);
#5223=EDGE_CURVE('',#4567,#4571,#1581,.T.);
#5224=EDGE_CURVE('',#4571,#4572,#1582,.T.);
#5225=EDGE_CURVE('',#4572,#4569,#1583,.T.);
#5226=EDGE_CURVE('',#4573,#4574,#6104,.T.);
#5227=EDGE_CURVE('',#4575,#4573,#1584,.T.);
#5228=EDGE_CURVE('',#4576,#4575,#6105,.T.);
#5229=EDGE_CURVE('',#4574,#4576,#1585,.T.);
#5230=EDGE_CURVE('',#4573,#4577,#6106,.T.);
#5231=EDGE_CURVE('',#4577,#4578,#1586,.T.);
#5232=EDGE_CURVE('',#4575,#4578,#6107,.T.);
#5233=EDGE_CURVE('',#4579,#4580,#1587,.T.);
#5234=EDGE_CURVE('',#4580,#4581,#1588,.T.);
#5235=EDGE_CURVE('',#4581,#4582,#1589,.T.);
#5236=EDGE_CURVE('',#4582,#4579,#1590,.T.);
#5237=EDGE_CURVE('',#4572,#4583,#6108,.T.);
#5238=EDGE_CURVE('',#4583,#4576,#1591,.T.);
#5239=EDGE_CURVE('',#4578,#4566,#6109,.T.);
#5240=EDGE_CURVE('',#4565,#4580,#6110,.T.);
#5241=EDGE_CURVE('',#4579,#4584,#6111,.T.);
#5242=EDGE_CURVE('',#4570,#4584,#1592,.T.);
#5243=EDGE_CURVE('',#4581,#4563,#6112,.T.);
#5244=EDGE_CURVE('',#4585,#4582,#6113,.T.);
#5245=EDGE_CURVE('',#4584,#4585,#1593,.T.);
#5246=EDGE_CURVE('',#4574,#4586,#1594,.T.);
#5247=EDGE_CURVE('',#4583,#4586,#1595,.T.);
#5248=EDGE_CURVE('',#4568,#4585,#1596,.T.);
#5249=EDGE_CURVE('',#4586,#4571,#6114,.T.);
#5250=EDGE_CURVE('',#4564,#4577,#6115,.T.);
#5251=EDGE_CURVE('',#4587,#4588,#6116,.T.);
#5252=EDGE_CURVE('',#4589,#4587,#1597,.T.);
#5253=EDGE_CURVE('',#4590,#4589,#6117,.T.);
#5254=EDGE_CURVE('',#4588,#4590,#1598,.T.);
#5255=EDGE_CURVE('',#4591,#4592,#6118,.T.);
#5256=EDGE_CURVE('',#4593,#4591,#1599,.T.);
#5257=EDGE_CURVE('',#4594,#4593,#6119,.T.);
#5258=EDGE_CURVE('',#4592,#4594,#1600,.T.);
#5259=EDGE_CURVE('',#4595,#4596,#6120,.T.);
#5260=EDGE_CURVE('',#4597,#4595,#1601,.T.);
#5261=EDGE_CURVE('',#4598,#4597,#6121,.T.);
#5262=EDGE_CURVE('',#4596,#4598,#1602,.T.);
#5263=EDGE_CURVE('',#4599,#4595,#1603,.T.);
#5264=EDGE_CURVE('',#4599,#4600,#1604,.T.);
#5265=EDGE_CURVE('',#4600,#4597,#1605,.T.);
#5266=EDGE_CURVE('',#4589,#4594,#6122,.T.);
#5267=EDGE_CURVE('',#4598,#4593,#1606,.T.);
#5268=EDGE_CURVE('',#4600,#4601,#6123,.T.);
#5269=EDGE_CURVE('',#4601,#4590,#1607,.T.);
#5270=EDGE_CURVE('',#4596,#4591,#1608,.T.);
#5271=EDGE_CURVE('',#4592,#4587,#6124,.T.);
#5272=EDGE_CURVE('',#4601,#4602,#1609,.T.);
#5273=EDGE_CURVE('',#4588,#4602,#1610,.T.);
#5274=EDGE_CURVE('',#4602,#4599,#6125,.T.);
#5275=EDGE_CURVE('',#4603,#4604,#1611,.T.);
#5276=EDGE_CURVE('',#4603,#4605,#1612,.T.);
#5277=EDGE_CURVE('',#4605,#4606,#1613,.T.);
#5278=EDGE_CURVE('',#4606,#4604,#1614,.T.);
#5279=EDGE_CURVE('',#4603,#4607,#6126,.T.);
#5280=EDGE_CURVE('',#4608,#4607,#1615,.T.);
#5281=EDGE_CURVE('',#4605,#4608,#6127,.T.);
#5282=EDGE_CURVE('',#4609,#4610,#6128,.T.);
#5283=EDGE_CURVE('',#4611,#4609,#1616,.T.);
#5284=EDGE_CURVE('',#4612,#4611,#6129,.T.);
#5285=EDGE_CURVE('',#4610,#4612,#1617,.T.);
#5286=EDGE_CURVE('',#4613,#4614,#6130,.T.);
#5287=EDGE_CURVE('',#4615,#4614,#1618,.T.);
#5288=EDGE_CURVE('',#4616,#4615,#6131,.T.);
#5289=EDGE_CURVE('',#4613,#4616,#1619,.T.);
#5290=EDGE_CURVE('',#4615,#4609,#1620,.T.);
#5291=EDGE_CURVE('',#4611,#4614,#1621,.T.);
#5292=EDGE_CURVE('',#4617,#4616,#6132,.T.);
#5293=EDGE_CURVE('',#4618,#4610,#1622,.T.);
#5294=EDGE_CURVE('',#4618,#4606,#6133,.T.);
#5295=EDGE_CURVE('',#4619,#4608,#1623,.T.);
#5296=EDGE_CURVE('',#4619,#4617,#6134,.T.);
#5297=EDGE_CURVE('',#4613,#4620,#6135,.T.);
#5298=EDGE_CURVE('',#4617,#4620,#1624,.T.);
#5299=EDGE_CURVE('',#4621,#4612,#1625,.T.);
#5300=EDGE_CURVE('',#4621,#4618,#1626,.T.);
#5301=EDGE_CURVE('',#4604,#4621,#6136,.T.);
#5302=EDGE_CURVE('',#4622,#4620,#6137,.T.);
#5303=EDGE_CURVE('',#4622,#4619,#1627,.T.);
#5304=EDGE_CURVE('',#4622,#4607,#1628,.T.);
#5305=EDGE_CURVE('',#4623,#4624,#6138,.T.);
#5306=EDGE_CURVE('',#4625,#4623,#1629,.T.);
#5307=EDGE_CURVE('',#4626,#4625,#6139,.T.);
#5308=EDGE_CURVE('',#4624,#4626,#1630,.T.);
#5309=EDGE_CURVE('',#4627,#4628,#6140,.T.);
#5310=EDGE_CURVE('',#4629,#4627,#1631,.T.);
#5311=EDGE_CURVE('',#4630,#4629,#6141,.T.);
#5312=EDGE_CURVE('',#4628,#4630,#1632,.T.);
#5313=EDGE_CURVE('',#4624,#4627,#1633,.T.);
#5314=EDGE_CURVE('',#4626,#4629,#1634,.T.);
#5315=EDGE_CURVE('',#4631,#4632,#6142,.T.);
#5316=EDGE_CURVE('',#4633,#4632,#1635,.T.);
#5317=EDGE_CURVE('',#4634,#4633,#6143,.T.);
#5318=EDGE_CURVE('',#4631,#4634,#1636,.T.);
#5319=EDGE_CURVE('',#4635,#4632,#6144,.T.);
#5320=EDGE_CURVE('',#4635,#4636,#1637,.T.);
#5321=EDGE_CURVE('',#4633,#4636,#6145,.T.);
#5322=EDGE_CURVE('',#4636,#4637,#6146,.T.);
#5323=EDGE_CURVE('',#4637,#4630,#1638,.T.);
#5324=EDGE_CURVE('',#4634,#4625,#1639,.T.);
#5325=EDGE_CURVE('',#4623,#4631,#1640,.T.);
#5326=EDGE_CURVE('',#4635,#4638,#6147,.T.);
#5327=EDGE_CURVE('',#4637,#4638,#1641,.T.);
#5328=EDGE_CURVE('',#4628,#4638,#1642,.T.);
#5329=EDGE_CURVE('',#4639,#4640,#1643,.T.);
#5330=EDGE_CURVE('',#4640,#4641,#1644,.T.);
#5331=EDGE_CURVE('',#4642,#4641,#1645,.T.);
#5332=EDGE_CURVE('',#4642,#4639,#1646,.T.);
#5333=EDGE_CURVE('',#4643,#4644,#6148,.T.);
#5334=EDGE_CURVE('',#4645,#4643,#1647,.T.);
#5335=EDGE_CURVE('',#4646,#4645,#6149,.T.);
#5336=EDGE_CURVE('',#4644,#4646,#1648,.T.);
#5337=EDGE_CURVE('',#4647,#4643,#1649,.T.);
#5338=EDGE_CURVE('',#4647,#4648,#1650,.T.);
#5339=EDGE_CURVE('',#4645,#4648,#1651,.T.);
#5340=EDGE_CURVE('',#4649,#4650,#1652,.T.);
#5341=EDGE_CURVE('',#4650,#4651,#1653,.T.);
#5342=EDGE_CURVE('',#4651,#4652,#1654,.T.);
#5343=EDGE_CURVE('',#4652,#4649,#1655,.T.);
#5344=EDGE_CURVE('',#4650,#4653,#6150,.T.);
#5345=EDGE_CURVE('',#4654,#4653,#1656,.T.);
#5346=EDGE_CURVE('',#4651,#4654,#6151,.T.);
#5347=EDGE_CURVE('',#4655,#4656,#1657,.T.);
#5348=EDGE_CURVE('',#4656,#4657,#1658,.T.);
#5349=EDGE_CURVE('',#4658,#4657,#1659,.T.);
#5350=EDGE_CURVE('',#4658,#4655,#1660,.T.);
#5351=EDGE_CURVE('',#4659,#4660,#1661,.T.);
#5352=EDGE_CURVE('',#4659,#4656,#6152,.T.);
#5353=EDGE_CURVE('',#4655,#4640,#6153,.T.);
#5354=EDGE_CURVE('',#4639,#4652,#6154,.T.);
#5355=EDGE_CURVE('',#4654,#4646,#6155,.T.);
#5356=EDGE_CURVE('',#4648,#4660,#6156,.T.);
#5357=EDGE_CURVE('',#4661,#4657,#6157,.T.);
#5358=EDGE_CURVE('',#4661,#4659,#1662,.T.);
#5359=EDGE_CURVE('',#4658,#4641,#6158,.T.);
#5360=EDGE_CURVE('',#4649,#4642,#6159,.T.);
#5361=EDGE_CURVE('',#4661,#4662,#1663,.T.);
#5362=EDGE_CURVE('',#4660,#4662,#1664,.T.);
#5363=EDGE_CURVE('',#4644,#4653,#6160,.T.);
#5364=EDGE_CURVE('',#4662,#4647,#6161,.T.);
#5365=EDGE_CURVE('',#4663,#4663,#6162,.T.);
#5366=EDGE_CURVE('',#4664,#4665,#6163,.T.);
#5367=EDGE_CURVE('',#4665,#4666,#6164,.T.);
#5368=EDGE_CURVE('',#4666,#4667,#1665,.T.);
#5369=EDGE_CURVE('',#4667,#4668,#6165,.T.);
#5370=EDGE_CURVE('',#4668,#4669,#1666,.T.);
#5371=EDGE_CURVE('',#4669,#4670,#6166,.T.);
#5372=EDGE_CURVE('',#4670,#4671,#1667,.T.);
#5373=EDGE_CURVE('',#4671,#4664,#6167,.T.);
#5374=EDGE_CURVE('',#4672,#4673,#1668,.T.);
#5375=EDGE_CURVE('',#4672,#4674,#6168,.T.);
#5376=EDGE_CURVE('',#4674,#4675,#1669,.T.);
#5377=EDGE_CURVE('',#4675,#4676,#6169,.T.);
#5378=EDGE_CURVE('',#4677,#4676,#1670,.T.);
#5379=EDGE_CURVE('',#4677,#4678,#6170,.T.);
#5380=EDGE_CURVE('',#4678,#4679,#1671,.T.);
#5381=EDGE_CURVE('',#4679,#4680,#6171,.T.);
#5382=EDGE_CURVE('',#4680,#4681,#6172,.T.);
#5383=EDGE_CURVE('',#4681,#4673,#6173,.T.);
#5384=EDGE_CURVE('',#4682,#4683,#1672,.T.);
#5385=EDGE_CURVE('',#4682,#4684,#6174,.T.);
#5386=EDGE_CURVE('',#4685,#4684,#1673,.T.);
#5387=EDGE_CURVE('',#4685,#4686,#6175,.T.);
#5388=EDGE_CURVE('',#4686,#4687,#1674,.T.);
#5389=EDGE_CURVE('',#4687,#4688,#6176,.T.);
#5390=EDGE_CURVE('',#4688,#4689,#1675,.T.);
#5391=EDGE_CURVE('',#4689,#4690,#6177,.T.);
#5392=EDGE_CURVE('',#4691,#4690,#6178,.T.);
#5393=EDGE_CURVE('',#4691,#4692,#6179,.T.);
#5394=EDGE_CURVE('',#4692,#4693,#1676,.T.);
#5395=EDGE_CURVE('',#4693,#4683,#6180,.T.);
#5396=EDGE_CURVE('',#4694,#4694,#6181,.T.);
#5397=EDGE_CURVE('',#4695,#4695,#6182,.T.);
#5398=EDGE_CURVE('',#4696,#4697,#6183,.T.);
#5399=EDGE_CURVE('',#4697,#4698,#1677,.T.);
#5400=EDGE_CURVE('',#4698,#4699,#6184,.T.);
#5401=EDGE_CURVE('',#4700,#4699,#6185,.T.);
#5402=EDGE_CURVE('',#4700,#4701,#6186,.T.);
#5403=EDGE_CURVE('',#4702,#4701,#1678,.T.);
#5404=EDGE_CURVE('',#4702,#4703,#6187,.T.);
#5405=EDGE_CURVE('',#4703,#4696,#1679,.T.);
#5406=EDGE_CURVE('',#4704,#4705,#1680,.T.);
#5407=EDGE_CURVE('',#4704,#4706,#6188,.T.);
#5408=EDGE_CURVE('',#4706,#4707,#1681,.T.);
#5409=EDGE_CURVE('',#4707,#4708,#6189,.T.);
#5410=EDGE_CURVE('',#4708,#4709,#1682,.T.);
#5411=EDGE_CURVE('',#4709,#4710,#6190,.T.);
#5412=EDGE_CURVE('',#4711,#4710,#6191,.T.);
#5413=EDGE_CURVE('',#4711,#4712,#6192,.T.);
#5414=EDGE_CURVE('',#4712,#4713,#1683,.T.);
#5415=EDGE_CURVE('',#4713,#4705,#6193,.T.);
#5416=EDGE_CURVE('',#4714,#4715,#1684,.T.);
#5417=EDGE_CURVE('',#4715,#4716,#6194,.T.);
#5418=EDGE_CURVE('',#4716,#4717,#1685,.T.);
#5419=EDGE_CURVE('',#4717,#4718,#6195,.T.);
#5420=EDGE_CURVE('',#4719,#4718,#6196,.T.);
#5421=EDGE_CURVE('',#4719,#4720,#6197,.T.);
#5422=EDGE_CURVE('',#4721,#4720,#1686,.T.);
#5423=EDGE_CURVE('',#4721,#4714,#6198,.T.);
#5424=EDGE_CURVE('',#4722,#4723,#6199,.T.);
#5425=EDGE_CURVE('',#4723,#4724,#6200,.T.);
#5426=EDGE_CURVE('',#4724,#4725,#1687,.T.);
#5427=EDGE_CURVE('',#4725,#4726,#6201,.T.);
#5428=EDGE_CURVE('',#4726,#4727,#1688,.T.);
#5429=EDGE_CURVE('',#4727,#4728,#6202,.T.);
#5430=EDGE_CURVE('',#4728,#4729,#1689,.T.);
#5431=EDGE_CURVE('',#4729,#4722,#6203,.T.);
#5432=EDGE_CURVE('',#4730,#4731,#1690,.T.);
#5433=EDGE_CURVE('',#4731,#4732,#6204,.T.);
#5434=EDGE_CURVE('',#4732,#4733,#6205,.T.);
#5435=EDGE_CURVE('',#4733,#4734,#6206,.T.);
#5436=EDGE_CURVE('',#4735,#4734,#1691,.T.);
#5437=EDGE_CURVE('',#4735,#4736,#6207,.T.);
#5438=EDGE_CURVE('',#4737,#4736,#1692,.T.);
#5439=EDGE_CURVE('',#4737,#4730,#6208,.T.);
#5440=EDGE_CURVE('',#4738,#4738,#6209,.T.);
#5441=EDGE_CURVE('',#4739,#4520,#1693,.T.);
#5442=EDGE_CURVE('',#4514,#4512,#1694,.T.);
#5443=EDGE_CURVE('',#4506,#4740,#1695,.T.);
#5444=EDGE_CURVE('',#4740,#4741,#6210,.T.);
#5445=EDGE_CURVE('',#4741,#4742,#1696,.T.);
#5446=EDGE_CURVE('',#4742,#4743,#6211,.T.);
#5447=EDGE_CURVE('',#4743,#4744,#1697,.T.);
#5448=EDGE_CURVE('',#4744,#4745,#6212,.T.);
#5449=EDGE_CURVE('',#4745,#4746,#1698,.T.);
#5450=EDGE_CURVE('',#4746,#4739,#6213,.T.);
#5451=EDGE_CURVE('',#4747,#4748,#1699,.T.);
#5452=EDGE_CURVE('',#4748,#4749,#6214,.T.);
#5453=EDGE_CURVE('',#4749,#4750,#1700,.T.);
#5454=EDGE_CURVE('',#4750,#4751,#6215,.T.);
#5455=EDGE_CURVE('',#4752,#4751,#1701,.T.);
#5456=EDGE_CURVE('',#4752,#4753,#6216,.T.);
#5457=EDGE_CURVE('',#4754,#4753,#1702,.T.);
#5458=EDGE_CURVE('',#4754,#4755,#6217,.T.);
#5459=EDGE_CURVE('',#4755,#4756,#6218,.T.);
#5460=EDGE_CURVE('',#4756,#4747,#6219,.T.);
#5461=EDGE_CURVE('',#4757,#4758,#6220,.T.);
#5462=EDGE_CURVE('',#4758,#4759,#1703,.T.);
#5463=EDGE_CURVE('',#4759,#4760,#6221,.T.);
#5464=EDGE_CURVE('',#4761,#4760,#6222,.T.);
#5465=EDGE_CURVE('',#4761,#4762,#6223,.T.);
#5466=EDGE_CURVE('',#4762,#4763,#1704,.T.);
#5467=EDGE_CURVE('',#4763,#4764,#6224,.T.);
#5468=EDGE_CURVE('',#4765,#4764,#1705,.T.);
#5469=EDGE_CURVE('',#4765,#4766,#6225,.T.);
#5470=EDGE_CURVE('',#4766,#4757,#1706,.T.);
#5471=EDGE_CURVE('',#4767,#4768,#6226,.T.);
#5472=EDGE_CURVE('',#4767,#4769,#6227,.T.);
#5473=EDGE_CURVE('',#4769,#4770,#1707,.T.);
#5474=EDGE_CURVE('',#4770,#4771,#6228,.T.);
#5475=EDGE_CURVE('',#4772,#4771,#1708,.T.);
#5476=EDGE_CURVE('',#4772,#4773,#6229,.T.);
#5477=EDGE_CURVE('',#4774,#4773,#1709,.T.);
#5478=EDGE_CURVE('',#4774,#4775,#6230,.T.);
#5479=EDGE_CURVE('',#4775,#4776,#1710,.T.);
#5480=EDGE_CURVE('',#4776,#4777,#6231,.T.);
#5481=EDGE_CURVE('',#4778,#4777,#1711,.T.);
#5482=EDGE_CURVE('',#4778,#4768,#6232,.T.);
#5483=EDGE_CURVE('',#4768,#4779,#1712,.T.);
#5484=EDGE_CURVE('',#4780,#4779,#6233,.T.);
#5485=EDGE_CURVE('',#4780,#4767,#1713,.T.);
#5486=EDGE_CURVE('',#4781,#4780,#6234,.T.);
#5487=EDGE_CURVE('',#4769,#4781,#1714,.T.);
#5488=EDGE_CURVE('',#4781,#4782,#1715,.T.);
#5489=EDGE_CURVE('',#4782,#4770,#1716,.T.);
#5490=EDGE_CURVE('',#4783,#4782,#6235,.T.);
#5491=EDGE_CURVE('',#4771,#4783,#1717,.T.);
#5492=EDGE_CURVE('',#4783,#4784,#1718,.T.);
#5493=EDGE_CURVE('',#4784,#4772,#1719,.T.);
#5494=EDGE_CURVE('',#4785,#4784,#6236,.T.);
#5495=EDGE_CURVE('',#4773,#4785,#1720,.T.);
#5496=EDGE_CURVE('',#4785,#4786,#1721,.T.);
#5497=EDGE_CURVE('',#4786,#4774,#1722,.T.);
#5498=EDGE_CURVE('',#4787,#4786,#6237,.T.);
#5499=EDGE_CURVE('',#4775,#4787,#1723,.T.);
#5500=EDGE_CURVE('',#4787,#4788,#1724,.T.);
#5501=EDGE_CURVE('',#4788,#4776,#1725,.T.);
#5502=EDGE_CURVE('',#4789,#4788,#6238,.T.);
#5503=EDGE_CURVE('',#4777,#4789,#1726,.T.);
#5504=EDGE_CURVE('',#4790,#4789,#1727,.T.);
#5505=EDGE_CURVE('',#4790,#4778,#1728,.T.);
#5506=EDGE_CURVE('',#4779,#4790,#6239,.T.);
#5507=EDGE_CURVE('',#4791,#4792,#6240,.T.);
#5508=EDGE_CURVE('',#4758,#4791,#1729,.T.);
#5509=EDGE_CURVE('',#4792,#4757,#1730,.T.);
#5510=EDGE_CURVE('',#4793,#4791,#1731,.T.);
#5511=EDGE_CURVE('',#4793,#4759,#1732,.T.);
#5512=EDGE_CURVE('',#4794,#4793,#6241,.T.);
#5513=EDGE_CURVE('',#4760,#4794,#1733,.T.);
#5514=EDGE_CURVE('',#4795,#4794,#6242,.T.);
#5515=EDGE_CURVE('',#4795,#4761,#1734,.T.);
#5516=EDGE_CURVE('',#4796,#4795,#6243,.T.);
#5517=EDGE_CURVE('',#4762,#4796,#1735,.T.);
#5518=EDGE_CURVE('',#4796,#4797,#1736,.T.);
#5519=EDGE_CURVE('',#4797,#4763,#1737,.T.);
#5520=EDGE_CURVE('',#4798,#4797,#6244,.T.);
#5521=EDGE_CURVE('',#4764,#4798,#1738,.T.);
#5522=EDGE_CURVE('',#4798,#4799,#1739,.T.);
#5523=EDGE_CURVE('',#4799,#4765,#1740,.T.);
#5524=EDGE_CURVE('',#4800,#4799,#6245,.T.);
#5525=EDGE_CURVE('',#4766,#4800,#1741,.T.);
#5526=EDGE_CURVE('',#4800,#4792,#1742,.T.);
#5527=EDGE_CURVE('',#4801,#4802,#1743,.T.);
#5528=EDGE_CURVE('',#4802,#4748,#1744,.T.);
#5529=EDGE_CURVE('',#4747,#4801,#1745,.T.);
#5530=EDGE_CURVE('',#4803,#4802,#6246,.T.);
#5531=EDGE_CURVE('',#4749,#4803,#1746,.T.);
#5532=EDGE_CURVE('',#4803,#4804,#1747,.T.);
#5533=EDGE_CURVE('',#4804,#4750,#1748,.T.);
#5534=EDGE_CURVE('',#4805,#4804,#6247,.T.);
#5535=EDGE_CURVE('',#4751,#4805,#1749,.T.);
#5536=EDGE_CURVE('',#4805,#4806,#1750,.T.);
#5537=EDGE_CURVE('',#4806,#4752,#1751,.T.);
#5538=EDGE_CURVE('',#4807,#4806,#6248,.T.);
#5539=EDGE_CURVE('',#4753,#4807,#1752,.T.);
#5540=EDGE_CURVE('',#4808,#4807,#1753,.T.);
#5541=EDGE_CURVE('',#4808,#4754,#1754,.T.);
#5542=EDGE_CURVE('',#4809,#4808,#6249,.T.);
#5543=EDGE_CURVE('',#4755,#4809,#1755,.T.);
#5544=EDGE_CURVE('',#4810,#4809,#6250,.T.);
#5545=EDGE_CURVE('',#4810,#4756,#1756,.T.);
#5546=EDGE_CURVE('',#4801,#4810,#6251,.T.);
#5547=EDGE_CURVE('',#4811,#4812,#6252,.T.);
#5548=EDGE_CURVE('',#4811,#4813,#1757,.T.);
#5549=EDGE_CURVE('',#4813,#4814,#6253,.T.);
#5550=EDGE_CURVE('',#4814,#4815,#1758,.T.);
#5551=EDGE_CURVE('',#4816,#4815,#6254,.T.);
#5552=EDGE_CURVE('',#4816,#4817,#6255,.T.);
#5553=EDGE_CURVE('',#4818,#4817,#6256,.T.);
#5554=EDGE_CURVE('',#4818,#4819,#1759,.T.);
#5555=EDGE_CURVE('',#4819,#4820,#6257,.T.);
#5556=EDGE_CURVE('',#4820,#4812,#1760,.T.);
#5557=EDGE_CURVE('',#4821,#4822,#1761,.T.);
#5558=EDGE_CURVE('',#4822,#4823,#6258,.T.);
#5559=EDGE_CURVE('',#4823,#4824,#1762,.T.);
#5560=EDGE_CURVE('',#4824,#4825,#6259,.T.);
#5561=EDGE_CURVE('',#4825,#4826,#1763,.T.);
#5562=EDGE_CURVE('',#4827,#4826,#6260,.T.);
#5563=EDGE_CURVE('',#4828,#4827,#1764,.T.);
#5564=EDGE_CURVE('',#4829,#4828,#6261,.T.);
#5565=EDGE_CURVE('',#4829,#4830,#6262,.T.);
#5566=EDGE_CURVE('',#4830,#4821,#6263,.T.);
#5567=EDGE_CURVE('',#4831,#4832,#6264,.T.);
#5568=EDGE_CURVE('',#4831,#4833,#6265,.T.);
#5569=EDGE_CURVE('',#4833,#4834,#6266,.T.);
#5570=EDGE_CURVE('',#4834,#4835,#1765,.T.);
#5571=EDGE_CURVE('',#4836,#4835,#6267,.T.);
#5572=EDGE_CURVE('',#4837,#4836,#1766,.T.);
#5573=EDGE_CURVE('',#4838,#4837,#6268,.T.);
#5574=EDGE_CURVE('',#4832,#4838,#1767,.T.);
#5575=EDGE_CURVE('',#4839,#4839,#6269,.T.);
#5576=EDGE_CURVE('',#4840,#4841,#1768,.T.);
#5577=EDGE_CURVE('',#4840,#4842,#6270,.T.);
#5578=EDGE_CURVE('',#4843,#4842,#6271,.T.);
#5579=EDGE_CURVE('',#4843,#4844,#6272,.T.);
#5580=EDGE_CURVE('',#4844,#4845,#1769,.T.);
#5581=EDGE_CURVE('',#4845,#4846,#6273,.T.);
#5582=EDGE_CURVE('',#4846,#4847,#1770,.T.);
#5583=EDGE_CURVE('',#4847,#4848,#6274,.T.);
#5584=EDGE_CURVE('',#4849,#4848,#1771,.T.);
#5585=EDGE_CURVE('',#4849,#4841,#6275,.T.);
#5586=EDGE_CURVE('',#4850,#4851,#6276,.T.);
#5587=EDGE_CURVE('',#4850,#4852,#6277,.T.);
#5588=EDGE_CURVE('',#4852,#4853,#1772,.T.);
#5589=EDGE_CURVE('',#4853,#4854,#6278,.T.);
#5590=EDGE_CURVE('',#4855,#4854,#1773,.T.);
#5591=EDGE_CURVE('',#4855,#4856,#6279,.T.);
#5592=EDGE_CURVE('',#4856,#4857,#1774,.T.);
#5593=EDGE_CURVE('',#4857,#4858,#6280,.T.);
#5594=EDGE_CURVE('',#4859,#4858,#1775,.T.);
#5595=EDGE_CURVE('',#4859,#4860,#6281,.T.);
#5596=EDGE_CURVE('',#4861,#4860,#1776,.T.);
#5597=EDGE_CURVE('',#4861,#4851,#6282,.T.);
#5598=EDGE_CURVE('',#4862,#4863,#1777,.T.);
#5599=EDGE_CURVE('',#4862,#4864,#6283,.T.);
#5600=EDGE_CURVE('',#4864,#4865,#1778,.T.);
#5601=EDGE_CURVE('',#4865,#4866,#6284,.T.);
#5602=EDGE_CURVE('',#4867,#4866,#1779,.T.);
#5603=EDGE_CURVE('',#4867,#4868,#6285,.T.);
#5604=EDGE_CURVE('',#4869,#4868,#6286,.T.);
#5605=EDGE_CURVE('',#4869,#4870,#6287,.T.);
#5606=EDGE_CURVE('',#4870,#4871,#1780,.T.);
#5607=EDGE_CURVE('',#4871,#4863,#6288,.T.);
#5608=EDGE_CURVE('',#4872,#4872,#6289,.T.);
#5609=EDGE_CURVE('',#4873,#4874,#6290,.T.);
#5610=EDGE_CURVE('',#4873,#4875,#6291,.T.);
#5611=EDGE_CURVE('',#4875,#4876,#1781,.T.);
#5612=EDGE_CURVE('',#4876,#4877,#6292,.T.);
#5613=EDGE_CURVE('',#4877,#4878,#1782,.T.);
#5614=EDGE_CURVE('',#4878,#4879,#6293,.T.);
#5615=EDGE_CURVE('',#4880,#4879,#1783,.T.);
#5616=EDGE_CURVE('',#4880,#4874,#6294,.T.);
#5617=EDGE_CURVE('',#4881,#4882,#6295,.T.);
#5618=EDGE_CURVE('',#4881,#4883,#6296,.T.);
#5619=EDGE_CURVE('',#4883,#4884,#1784,.T.);
#5620=EDGE_CURVE('',#4884,#4885,#6297,.T.);
#5621=EDGE_CURVE('',#4885,#4886,#1785,.T.);
#5622=EDGE_CURVE('',#4886,#4887,#6298,.T.);
#5623=EDGE_CURVE('',#4888,#4887,#1786,.T.);
#5624=EDGE_CURVE('',#4888,#4882,#6299,.T.);
#5625=EDGE_CURVE('',#4889,#4890,#6300,.T.);
#5626=EDGE_CURVE('',#4889,#4891,#6301,.T.);
#5627=EDGE_CURVE('',#4891,#4892,#1787,.T.);
#5628=EDGE_CURVE('',#4892,#4893,#6302,.T.);
#5629=EDGE_CURVE('',#4893,#4894,#1788,.T.);
#5630=EDGE_CURVE('',#4894,#4895,#6303,.T.);
#5631=EDGE_CURVE('',#4896,#4895,#1789,.T.);
#5632=EDGE_CURVE('',#4896,#4890,#6304,.T.);
#5633=EDGE_CURVE('',#4897,#4898,#6305,.T.);
#5634=EDGE_CURVE('',#4897,#4899,#6306,.T.);
#5635=EDGE_CURVE('',#4899,#4900,#1790,.T.);
#5636=EDGE_CURVE('',#4900,#4901,#6307,.T.);
#5637=EDGE_CURVE('',#4901,#4902,#1791,.T.);
#5638=EDGE_CURVE('',#4902,#4903,#6308,.T.);
#5639=EDGE_CURVE('',#4904,#4903,#1792,.T.);
#5640=EDGE_CURVE('',#4904,#4898,#6309,.T.);
#5641=EDGE_CURVE('',#4905,#4518,#1793,.T.);
#5642=EDGE_CURVE('',#4905,#4906,#1794,.T.);
#5643=EDGE_CURVE('',#4906,#4907,#6310,.T.);
#5644=EDGE_CURVE('',#4908,#4907,#1795,.T.);
#5645=EDGE_CURVE('',#4908,#4909,#6311,.T.);
#5646=EDGE_CURVE('',#4508,#4909,#1796,.T.);
#5647=EDGE_CURVE('',#4516,#4510,#1797,.T.);
#5648=EDGE_CURVE('',#4910,#4911,#6312,.T.);
#5649=EDGE_CURVE('',#4910,#4912,#6313,.T.);
#5650=EDGE_CURVE('',#4912,#4913,#6314,.T.);
#5651=EDGE_CURVE('',#4913,#4914,#1798,.T.);
#5652=EDGE_CURVE('',#4915,#4914,#6315,.T.);
#5653=EDGE_CURVE('',#4915,#4916,#1799,.T.);
#5654=EDGE_CURVE('',#4917,#4916,#6316,.T.);
#5655=EDGE_CURVE('',#4917,#4918,#1800,.T.);
#5656=EDGE_CURVE('',#4919,#4918,#6317,.T.);
#5657=EDGE_CURVE('',#4919,#4920,#1801,.T.);
#5658=EDGE_CURVE('',#4920,#4921,#6318,.T.);
#5659=EDGE_CURVE('',#4911,#4921,#1802,.T.);
#5660=EDGE_CURVE('',#4922,#4923,#6319,.T.);
#5661=EDGE_CURVE('',#4922,#4924,#1803,.T.);
#5662=EDGE_CURVE('',#4924,#4925,#6320,.T.);
#5663=EDGE_CURVE('',#4925,#4926,#1804,.T.);
#5664=EDGE_CURVE('',#4927,#4926,#6321,.T.);
#5665=EDGE_CURVE('',#4927,#4928,#6322,.T.);
#5666=EDGE_CURVE('',#4929,#4928,#6323,.T.);
#5667=EDGE_CURVE('',#4929,#4930,#1805,.T.);
#5668=EDGE_CURVE('',#4931,#4930,#6324,.T.);
#5669=EDGE_CURVE('',#4931,#4923,#1806,.T.);
#5670=EDGE_CURVE('',#4932,#4932,#6325,.T.);
#5671=EDGE_CURVE('',#4933,#4923,#1807,.T.);
#5672=EDGE_CURVE('',#4934,#4933,#6326,.T.);
#5673=EDGE_CURVE('',#4922,#4934,#1808,.T.);
#5674=EDGE_CURVE('',#4934,#4935,#1809,.T.);
#5675=EDGE_CURVE('',#4935,#4924,#1810,.T.);
#5676=EDGE_CURVE('',#4936,#4935,#6327,.T.);
#5677=EDGE_CURVE('',#4925,#4936,#1811,.T.);
#5678=EDGE_CURVE('',#4936,#4937,#1812,.T.);
#5679=EDGE_CURVE('',#4937,#4926,#1813,.T.);
#5680=EDGE_CURVE('',#4938,#4937,#6328,.T.);
#5681=EDGE_CURVE('',#4927,#4938,#1814,.T.);
#5682=EDGE_CURVE('',#4939,#4938,#6329,.T.);
#5683=EDGE_CURVE('',#4939,#4928,#1815,.T.);
#5684=EDGE_CURVE('',#4940,#4939,#6330,.T.);
#5685=EDGE_CURVE('',#4929,#4940,#1816,.T.);
#5686=EDGE_CURVE('',#4941,#4940,#1817,.T.);
#5687=EDGE_CURVE('',#4941,#4930,#1818,.T.);
#5688=EDGE_CURVE('',#4942,#4941,#6331,.T.);
#5689=EDGE_CURVE('',#4931,#4942,#1819,.T.);
#5690=EDGE_CURVE('',#4942,#4933,#1820,.T.);
#5691=EDGE_CURVE('',#4943,#4911,#1821,.T.);
#5692=EDGE_CURVE('',#4944,#4943,#6332,.T.);
#5693=EDGE_CURVE('',#4910,#4944,#1822,.T.);
#5694=EDGE_CURVE('',#4945,#4944,#6333,.T.);
#5695=EDGE_CURVE('',#4945,#4912,#1823,.T.);
#5696=EDGE_CURVE('',#4946,#4945,#6334,.T.);
#5697=EDGE_CURVE('',#4913,#4946,#1824,.T.);
#5698=EDGE_CURVE('',#4947,#4946,#1825,.T.);
#5699=EDGE_CURVE('',#4947,#4914,#1826,.T.);
#5700=EDGE_CURVE('',#4948,#4947,#6335,.T.);
#5701=EDGE_CURVE('',#4915,#4948,#1827,.T.);
#5702=EDGE_CURVE('',#4948,#4949,#1828,.T.);
#5703=EDGE_CURVE('',#4949,#4916,#1829,.T.);
#5704=EDGE_CURVE('',#4950,#4949,#6336,.T.);
#5705=EDGE_CURVE('',#4917,#4950,#1830,.T.);
#5706=EDGE_CURVE('',#4950,#4951,#1831,.T.);
#5707=EDGE_CURVE('',#4951,#4918,#1832,.T.);
#5708=EDGE_CURVE('',#4952,#4951,#6337,.T.);
#5709=EDGE_CURVE('',#4919,#4952,#1833,.T.);
#5710=EDGE_CURVE('',#4952,#4953,#1834,.T.);
#5711=EDGE_CURVE('',#4953,#4920,#1835,.T.);
#5712=EDGE_CURVE('',#4954,#4953,#6338,.T.);
#5713=EDGE_CURVE('',#4921,#4954,#1836,.T.);
#5714=EDGE_CURVE('',#4954,#4943,#1837,.T.);
#5715=EDGE_CURVE('',#4739,#4955,#1838,.T.);
#5716=EDGE_CURVE('',#4955,#4956,#1839,.T.);
#5717=EDGE_CURVE('',#4957,#4956,#1840,.T.);
#5718=EDGE_CURVE('',#4957,#4905,#6339,.T.);
#5719=EDGE_CURVE('',#4958,#4957,#1841,.T.);
#5720=EDGE_CURVE('',#4958,#4906,#36,.T.);
#5721=EDGE_CURVE('',#4907,#4742,#1842,.T.);
#5722=EDGE_CURVE('',#4959,#4958,#34,.T.);
#5723=EDGE_CURVE('',#4743,#4959,#1843,.T.);
#5724=EDGE_CURVE('',#4741,#4908,#1844,.T.);
#5725=EDGE_CURVE('',#4909,#4740,#1845,.T.);
#5726=EDGE_CURVE('',#4898,#4960,#1846,.T.);
#5727=EDGE_CURVE('',#4961,#4960,#6340,.T.);
#5728=EDGE_CURVE('',#4961,#4897,#1847,.T.);
#5729=EDGE_CURVE('',#4962,#4961,#6341,.T.);
#5730=EDGE_CURVE('',#4899,#4962,#1848,.T.);
#5731=EDGE_CURVE('',#4962,#4963,#1849,.T.);
#5732=EDGE_CURVE('',#4963,#4900,#1850,.T.);
#5733=EDGE_CURVE('',#4964,#4963,#6342,.T.);
#5734=EDGE_CURVE('',#4901,#4964,#1851,.T.);
#5735=EDGE_CURVE('',#4964,#4965,#1852,.T.);
#5736=EDGE_CURVE('',#4965,#4902,#1853,.T.);
#5737=EDGE_CURVE('',#4966,#4965,#6343,.T.);
#5738=EDGE_CURVE('',#4903,#4966,#1854,.T.);
#5739=EDGE_CURVE('',#4967,#4966,#1855,.T.);
#5740=EDGE_CURVE('',#4967,#4904,#1856,.T.);
#5741=EDGE_CURVE('',#4960,#4967,#6344,.T.);
#5742=EDGE_CURVE('',#4890,#4968,#1857,.T.);
#5743=EDGE_CURVE('',#4969,#4968,#6345,.T.);
#5744=EDGE_CURVE('',#4969,#4889,#1858,.T.);
#5745=EDGE_CURVE('',#4970,#4969,#6346,.T.);
#5746=EDGE_CURVE('',#4891,#4970,#1859,.T.);
#5747=EDGE_CURVE('',#4970,#4971,#1860,.T.);
#5748=EDGE_CURVE('',#4971,#4892,#1861,.T.);
#5749=EDGE_CURVE('',#4972,#4971,#6347,.T.);
#5750=EDGE_CURVE('',#4893,#4972,#1862,.T.);
#5751=EDGE_CURVE('',#4972,#4973,#1863,.T.);
#5752=EDGE_CURVE('',#4973,#4894,#1864,.T.);
#5753=EDGE_CURVE('',#4974,#4973,#6348,.T.);
#5754=EDGE_CURVE('',#4895,#4974,#1865,.T.);
#5755=EDGE_CURVE('',#4975,#4974,#1866,.T.);
#5756=EDGE_CURVE('',#4975,#4896,#1867,.T.);
#5757=EDGE_CURVE('',#4968,#4975,#6349,.T.);
#5758=EDGE_CURVE('',#4976,#4977,#6350,.T.);
#5759=EDGE_CURVE('',#4976,#4881,#1868,.T.);
#5760=EDGE_CURVE('',#4882,#4977,#1869,.T.);
#5761=EDGE_CURVE('',#4978,#4976,#6351,.T.);
#5762=EDGE_CURVE('',#4883,#4978,#1870,.T.);
#5763=EDGE_CURVE('',#4978,#4979,#1871,.T.);
#5764=EDGE_CURVE('',#4979,#4884,#1872,.T.);
#5765=EDGE_CURVE('',#4980,#4979,#6352,.T.);
#5766=EDGE_CURVE('',#4885,#4980,#1873,.T.);
#5767=EDGE_CURVE('',#4980,#4981,#1874,.T.);
#5768=EDGE_CURVE('',#4981,#4886,#1875,.T.);
#5769=EDGE_CURVE('',#4982,#4981,#6353,.T.);
#5770=EDGE_CURVE('',#4887,#4982,#1876,.T.);
#5771=EDGE_CURVE('',#4983,#4982,#1877,.T.);
#5772=EDGE_CURVE('',#4983,#4888,#1878,.T.);
#5773=EDGE_CURVE('',#4977,#4983,#6354,.T.);
#5774=EDGE_CURVE('',#4874,#4984,#1879,.T.);
#5775=EDGE_CURVE('',#4985,#4984,#6355,.T.);
#5776=EDGE_CURVE('',#4985,#4873,#1880,.T.);
#5777=EDGE_CURVE('',#4986,#4985,#6356,.T.);
#5778=EDGE_CURVE('',#4875,#4986,#1881,.T.);
#5779=EDGE_CURVE('',#4986,#4987,#1882,.T.);
#5780=EDGE_CURVE('',#4987,#4876,#1883,.T.);
#5781=EDGE_CURVE('',#4988,#4987,#6357,.T.);
#5782=EDGE_CURVE('',#4877,#4988,#1884,.T.);
#5783=EDGE_CURVE('',#4988,#4989,#1885,.T.);
#5784=EDGE_CURVE('',#4989,#4878,#1886,.T.);
#5785=EDGE_CURVE('',#4990,#4989,#6358,.T.);
#5786=EDGE_CURVE('',#4879,#4990,#1887,.T.);
#5787=EDGE_CURVE('',#4991,#4990,#1888,.T.);
#5788=EDGE_CURVE('',#4991,#4880,#1889,.T.);
#5789=EDGE_CURVE('',#4984,#4991,#6359,.T.);
#5790=EDGE_CURVE('',#4863,#4992,#1890,.T.);
#5791=EDGE_CURVE('',#4992,#4993,#1891,.T.);
#5792=EDGE_CURVE('',#4993,#4862,#1892,.T.);
#5793=EDGE_CURVE('',#4994,#4993,#6360,.T.);
#5794=EDGE_CURVE('',#4864,#4994,#1893,.T.);
#5795=EDGE_CURVE('',#4994,#4995,#1894,.T.);
#5796=EDGE_CURVE('',#4995,#4865,#1895,.T.);
#5797=EDGE_CURVE('',#4996,#4995,#6361,.T.);
#5798=EDGE_CURVE('',#4866,#4996,#1896,.T.);
#5799=EDGE_CURVE('',#4997,#4996,#1897,.T.);
#5800=EDGE_CURVE('',#4997,#4867,#1898,.T.);
#5801=EDGE_CURVE('',#4998,#4997,#6362,.T.);
#5802=EDGE_CURVE('',#4868,#4998,#1899,.T.);
#5803=EDGE_CURVE('',#4999,#4998,#6363,.T.);
#5804=EDGE_CURVE('',#4999,#4869,#1900,.T.);
#5805=EDGE_CURVE('',#5000,#4999,#6364,.T.);
#5806=EDGE_CURVE('',#4870,#5000,#1901,.T.);
#5807=EDGE_CURVE('',#5000,#5001,#1902,.T.);
#5808=EDGE_CURVE('',#5001,#4871,#1903,.T.);
#5809=EDGE_CURVE('',#4992,#5001,#6365,.T.);
#5810=EDGE_CURVE('',#4851,#5002,#1904,.T.);
#5811=EDGE_CURVE('',#5003,#5002,#6366,.T.);
#5812=EDGE_CURVE('',#5003,#4850,#1905,.T.);
#5813=EDGE_CURVE('',#5004,#5003,#6367,.T.);
#5814=EDGE_CURVE('',#4852,#5004,#1906,.T.);
#5815=EDGE_CURVE('',#5004,#5005,#1907,.T.);
#5816=EDGE_CURVE('',#5005,#4853,#1908,.T.);
#5817=EDGE_CURVE('',#5006,#5005,#6368,.T.);
#5818=EDGE_CURVE('',#4854,#5006,#1909,.T.);
#5819=EDGE_CURVE('',#5006,#5007,#1910,.T.);
#5820=EDGE_CURVE('',#5007,#4855,#1911,.T.);
#5821=EDGE_CURVE('',#5008,#5007,#6369,.T.);
#5822=EDGE_CURVE('',#4856,#5008,#1912,.T.);
#5823=EDGE_CURVE('',#5008,#5009,#1913,.T.);
#5824=EDGE_CURVE('',#5009,#4857,#1914,.T.);
#5825=EDGE_CURVE('',#5010,#5009,#6370,.T.);
#5826=EDGE_CURVE('',#4858,#5010,#1915,.T.);
#5827=EDGE_CURVE('',#5010,#5011,#1916,.T.);
#5828=EDGE_CURVE('',#5011,#4859,#1917,.T.);
#5829=EDGE_CURVE('',#5012,#5011,#6371,.T.);
#5830=EDGE_CURVE('',#4860,#5012,#1918,.T.);
#5831=EDGE_CURVE('',#5013,#5012,#1919,.T.);
#5832=EDGE_CURVE('',#5013,#4861,#1920,.T.);
#5833=EDGE_CURVE('',#5002,#5013,#6372,.T.);
#5834=EDGE_CURVE('',#5014,#5015,#1921,.T.);
#5835=EDGE_CURVE('',#5014,#4840,#1922,.T.);
#5836=EDGE_CURVE('',#4841,#5015,#1923,.T.);
#5837=EDGE_CURVE('',#5016,#5014,#6373,.T.);
#5838=EDGE_CURVE('',#4842,#5016,#1924,.T.);
#5839=EDGE_CURVE('',#5017,#5016,#6374,.T.);
#5840=EDGE_CURVE('',#5017,#4843,#1925,.T.);
#5841=EDGE_CURVE('',#5018,#5017,#6375,.T.);
#5842=EDGE_CURVE('',#4844,#5018,#1926,.T.);
#5843=EDGE_CURVE('',#5018,#5019,#1927,.T.);
#5844=EDGE_CURVE('',#5019,#4845,#1928,.T.);
#5845=EDGE_CURVE('',#5020,#5019,#6376,.T.);
#5846=EDGE_CURVE('',#4846,#5020,#1929,.T.);
#5847=EDGE_CURVE('',#5020,#5021,#1930,.T.);
#5848=EDGE_CURVE('',#5021,#4847,#1931,.T.);
#5849=EDGE_CURVE('',#5022,#5021,#6377,.T.);
#5850=EDGE_CURVE('',#4848,#5022,#1932,.T.);
#5851=EDGE_CURVE('',#5022,#5023,#1933,.T.);
#5852=EDGE_CURVE('',#5023,#4849,#1934,.T.);
#5853=EDGE_CURVE('',#5015,#5023,#6378,.T.);
#5854=EDGE_CURVE('',#5024,#4832,#1935,.T.);
#5855=EDGE_CURVE('',#5025,#5024,#6379,.T.);
#5856=EDGE_CURVE('',#4831,#5025,#1936,.T.);
#5857=EDGE_CURVE('',#5026,#5025,#6380,.T.);
#5858=EDGE_CURVE('',#5026,#4833,#1937,.T.);
#5859=EDGE_CURVE('',#5027,#5026,#6381,.T.);
#5860=EDGE_CURVE('',#4834,#5027,#1938,.T.);
#5861=EDGE_CURVE('',#5028,#5027,#1939,.T.);
#5862=EDGE_CURVE('',#5028,#4835,#1940,.T.);
#5863=EDGE_CURVE('',#5029,#5028,#6382,.T.);
#5864=EDGE_CURVE('',#4836,#5029,#1941,.T.);
#5865=EDGE_CURVE('',#5029,#5030,#1942,.T.);
#5866=EDGE_CURVE('',#5030,#4837,#1943,.T.);
#5867=EDGE_CURVE('',#5031,#5030,#6383,.T.);
#5868=EDGE_CURVE('',#4838,#5031,#1944,.T.);
#5869=EDGE_CURVE('',#5031,#5024,#1945,.T.);
#5870=EDGE_CURVE('',#4821,#5032,#1946,.T.);
#5871=EDGE_CURVE('',#5033,#5032,#1947,.T.);
#5872=EDGE_CURVE('',#5033,#4822,#1948,.T.);
#5873=EDGE_CURVE('',#5034,#5033,#6384,.T.);
#5874=EDGE_CURVE('',#4823,#5034,#1949,.T.);
#5875=EDGE_CURVE('',#5034,#5035,#1950,.T.);
#5876=EDGE_CURVE('',#5035,#4824,#1951,.T.);
#5877=EDGE_CURVE('',#5036,#5035,#6385,.T.);
#5878=EDGE_CURVE('',#4825,#5036,#1952,.T.);
#5879=EDGE_CURVE('',#5036,#5037,#1953,.T.);
#5880=EDGE_CURVE('',#5037,#4826,#1954,.T.);
#5881=EDGE_CURVE('',#5038,#5037,#6386,.T.);
#5882=EDGE_CURVE('',#4827,#5038,#1955,.T.);
#5883=EDGE_CURVE('',#5038,#5039,#1956,.T.);
#5884=EDGE_CURVE('',#5039,#4828,#1957,.T.);
#5885=EDGE_CURVE('',#5040,#5039,#6387,.T.);
#5886=EDGE_CURVE('',#4829,#5040,#1958,.T.);
#5887=EDGE_CURVE('',#5041,#5040,#6388,.T.);
#5888=EDGE_CURVE('',#5041,#4830,#1959,.T.);
#5889=EDGE_CURVE('',#5032,#5041,#6389,.T.);
#5890=EDGE_CURVE('',#5042,#5043,#1960,.T.);
#5891=EDGE_CURVE('',#5042,#4744,#1961,.T.);
#5892=EDGE_CURVE('',#4959,#5043,#1962,.T.);
#5893=EDGE_CURVE('',#5044,#5042,#6390,.T.);
#5894=EDGE_CURVE('',#4745,#5044,#1963,.T.);
#5895=EDGE_CURVE('',#5044,#5045,#1964,.T.);
#5896=EDGE_CURVE('',#5045,#4746,#1965,.T.);
#5897=EDGE_CURVE('',#4955,#5045,#6391,.T.);
#5898=EDGE_CURVE('',#5046,#5046,#6392,.T.);
#5899=EDGE_CURVE('',#4730,#5047,#1966,.T.);
#5900=EDGE_CURVE('',#5047,#5048,#1967,.T.);
#5901=EDGE_CURVE('',#5048,#4731,#1968,.T.);
#5902=EDGE_CURVE('',#5049,#5048,#6393,.T.);
#5903=EDGE_CURVE('',#4732,#5049,#1969,.T.);
#5904=EDGE_CURVE('',#5050,#5049,#6394,.T.);
#5905=EDGE_CURVE('',#5050,#4733,#1970,.T.);
#5906=EDGE_CURVE('',#5051,#5050,#6395,.T.);
#5907=EDGE_CURVE('',#4734,#5051,#1971,.T.);
#5908=EDGE_CURVE('',#5052,#5051,#1972,.T.);
#5909=EDGE_CURVE('',#5052,#4735,#1973,.T.);
#5910=EDGE_CURVE('',#5053,#5052,#6396,.T.);
#5911=EDGE_CURVE('',#4736,#5053,#1974,.T.);
#5912=EDGE_CURVE('',#5053,#5054,#1975,.T.);
#5913=EDGE_CURVE('',#5054,#4737,#1976,.T.);
#5914=EDGE_CURVE('',#5047,#5054,#6397,.T.);
#5915=EDGE_CURVE('',#4722,#5055,#1977,.T.);
#5916=EDGE_CURVE('',#5056,#5055,#6398,.T.);
#5917=EDGE_CURVE('',#5056,#4723,#1978,.T.);
#5918=EDGE_CURVE('',#5057,#5056,#6399,.T.);
#5919=EDGE_CURVE('',#4724,#5057,#1979,.T.);
#5920=EDGE_CURVE('',#5058,#5057,#1980,.T.);
#5921=EDGE_CURVE('',#5058,#4725,#1981,.T.);
#5922=EDGE_CURVE('',#5059,#5058,#6400,.T.);
#5923=EDGE_CURVE('',#4726,#5059,#1982,.T.);
#5924=EDGE_CURVE('',#5059,#5060,#1983,.T.);
#5925=EDGE_CURVE('',#5060,#4727,#1984,.T.);
#5926=EDGE_CURVE('',#5061,#5060,#6401,.T.);
#5927=EDGE_CURVE('',#4728,#5061,#1985,.T.);
#5928=EDGE_CURVE('',#5061,#5062,#1986,.T.);
#5929=EDGE_CURVE('',#5062,#4729,#1987,.T.);
#5930=EDGE_CURVE('',#5055,#5062,#6402,.T.);
#5931=EDGE_CURVE('',#4714,#5063,#1988,.T.);
#5932=EDGE_CURVE('',#5063,#5064,#1989,.T.);
#5933=EDGE_CURVE('',#5064,#4715,#1990,.T.);
#5934=EDGE_CURVE('',#5065,#5064,#6403,.T.);
#5935=EDGE_CURVE('',#4716,#5065,#1991,.T.);
#5936=EDGE_CURVE('',#5065,#5066,#1992,.T.);
#5937=EDGE_CURVE('',#5066,#4717,#1993,.T.);
#5938=EDGE_CURVE('',#5067,#5066,#6404,.T.);
#5939=EDGE_CURVE('',#4718,#5067,#1994,.T.);
#5940=EDGE_CURVE('',#5068,#5067,#6405,.T.);
#5941=EDGE_CURVE('',#5068,#4719,#1995,.T.);
#5942=EDGE_CURVE('',#5069,#5068,#6406,.T.);
#5943=EDGE_CURVE('',#4720,#5069,#1996,.T.);
#5944=EDGE_CURVE('',#5070,#5069,#1997,.T.);
#5945=EDGE_CURVE('',#5070,#4721,#1998,.T.);
#5946=EDGE_CURVE('',#5063,#5070,#6407,.T.);
#5947=EDGE_CURVE('',#5071,#5072,#1999,.T.);
#5948=EDGE_CURVE('',#5072,#4704,#2000,.T.);
#5949=EDGE_CURVE('',#4705,#5071,#2001,.T.);
#5950=EDGE_CURVE('',#5073,#5072,#6408,.T.);
#5951=EDGE_CURVE('',#4706,#5073,#2002,.T.);
#5952=EDGE_CURVE('',#5073,#5074,#2003,.T.);
#5953=EDGE_CURVE('',#5074,#4707,#2004,.T.);
#5954=EDGE_CURVE('',#5075,#5074,#6409,.T.);
#5955=EDGE_CURVE('',#4708,#5075,#2005,.T.);
#5956=EDGE_CURVE('',#5075,#5076,#2006,.T.);
#5957=EDGE_CURVE('',#5076,#4709,#2007,.T.);
#5958=EDGE_CURVE('',#5077,#5076,#6410,.T.);
#5959=EDGE_CURVE('',#4710,#5077,#2008,.T.);
#5960=EDGE_CURVE('',#5078,#5077,#6411,.T.);
#5961=EDGE_CURVE('',#5078,#4711,#2009,.T.);
#5962=EDGE_CURVE('',#5079,#5078,#6412,.T.);
#5963=EDGE_CURVE('',#4712,#5079,#2010,.T.);
#5964=EDGE_CURVE('',#5080,#5079,#2011,.T.);
#5965=EDGE_CURVE('',#5080,#4713,#2012,.T.);
#5966=EDGE_CURVE('',#5071,#5080,#6413,.T.);
#5967=EDGE_CURVE('',#5081,#4696,#2013,.T.);
#5968=EDGE_CURVE('',#5082,#5081,#6414,.T.);
#5969=EDGE_CURVE('',#4697,#5082,#2014,.T.);
#5970=EDGE_CURVE('',#5082,#5083,#2015,.T.);
#5971=EDGE_CURVE('',#5083,#4698,#2016,.T.);
#5972=EDGE_CURVE('',#5084,#5083,#6415,.T.);
#5973=EDGE_CURVE('',#4699,#5084,#2017,.T.);
#5974=EDGE_CURVE('',#5085,#5084,#6416,.T.);
#5975=EDGE_CURVE('',#5085,#4700,#2018,.T.);
#5976=EDGE_CURVE('',#5086,#5085,#6417,.T.);
#5977=EDGE_CURVE('',#4701,#5086,#2019,.T.);
#5978=EDGE_CURVE('',#5087,#5086,#2020,.T.);
#5979=EDGE_CURVE('',#5087,#4702,#2021,.T.);
#5980=EDGE_CURVE('',#5088,#5087,#6418,.T.);
#5981=EDGE_CURVE('',#4703,#5088,#2022,.T.);
#5982=EDGE_CURVE('',#5088,#5081,#2023,.T.);
#5983=EDGE_CURVE('',#4683,#5089,#2024,.T.);
#5984=EDGE_CURVE('',#5089,#5090,#2025,.T.);
#5985=EDGE_CURVE('',#5090,#4682,#2026,.T.);
#5986=EDGE_CURVE('',#5091,#5090,#6419,.T.);
#5987=EDGE_CURVE('',#4684,#5091,#2027,.T.);
#5988=EDGE_CURVE('',#5091,#5092,#2028,.T.);
#5989=EDGE_CURVE('',#5092,#4685,#2029,.T.);
#5990=EDGE_CURVE('',#5093,#5092,#6420,.T.);
#5991=EDGE_CURVE('',#4686,#5093,#2030,.T.);
#5992=EDGE_CURVE('',#5093,#5094,#2031,.T.);
#5993=EDGE_CURVE('',#5094,#4687,#2032,.T.);
#5994=EDGE_CURVE('',#5095,#5094,#6421,.T.);
#5995=EDGE_CURVE('',#4688,#5095,#2033,.T.);
#5996=EDGE_CURVE('',#5095,#5096,#2034,.T.);
#5997=EDGE_CURVE('',#5096,#4689,#2035,.T.);
#5998=EDGE_CURVE('',#5097,#5096,#6422,.T.);
#5999=EDGE_CURVE('',#4690,#5097,#2036,.T.);
#6000=EDGE_CURVE('',#5098,#5097,#6423,.T.);
#6001=EDGE_CURVE('',#5098,#4691,#2037,.T.);
#6002=EDGE_CURVE('',#5099,#5098,#6424,.T.);
#6003=EDGE_CURVE('',#4692,#5099,#2038,.T.);
#6004=EDGE_CURVE('',#5100,#5099,#2039,.T.);
#6005=EDGE_CURVE('',#5100,#4693,#2040,.T.);
#6006=EDGE_CURVE('',#5089,#5100,#6425,.T.);
#6007=EDGE_CURVE('',#5101,#5102,#2041,.T.);
#6008=EDGE_CURVE('',#5101,#4672,#2042,.T.);
#6009=EDGE_CURVE('',#4673,#5102,#2043,.T.);
#6010=EDGE_CURVE('',#5103,#5101,#6426,.T.);
#6011=EDGE_CURVE('',#4674,#5103,#2044,.T.);
#6012=EDGE_CURVE('',#5103,#5104,#2045,.T.);
#6013=EDGE_CURVE('',#5104,#4675,#2046,.T.);
#6014=EDGE_CURVE('',#5105,#5104,#6427,.T.);
#6015=EDGE_CURVE('',#4676,#5105,#2047,.T.);
#6016=EDGE_CURVE('',#5105,#5106,#2048,.T.);
#6017=EDGE_CURVE('',#5106,#4677,#2049,.T.);
#6018=EDGE_CURVE('',#5107,#5106,#6428,.T.);
#6019=EDGE_CURVE('',#4678,#5107,#2050,.T.);
#6020=EDGE_CURVE('',#5107,#5108,#2051,.T.);
#6021=EDGE_CURVE('',#5108,#4679,#2052,.T.);
#6022=EDGE_CURVE('',#5109,#5108,#6429,.T.);
#6023=EDGE_CURVE('',#4680,#5109,#2053,.T.);
#6024=EDGE_CURVE('',#5110,#5109,#6430,.T.);
#6025=EDGE_CURVE('',#5110,#4681,#2054,.T.);
#6026=EDGE_CURVE('',#5102,#5110,#6431,.T.);
#6027=EDGE_CURVE('',#4664,#5111,#2055,.T.);
#6028=EDGE_CURVE('',#5112,#5111,#6432,.T.);
#6029=EDGE_CURVE('',#5112,#4665,#2056,.T.);
#6030=EDGE_CURVE('',#5113,#5112,#6433,.T.);
#6031=EDGE_CURVE('',#4666,#5113,#2057,.T.);
#6032=EDGE_CURVE('',#5113,#5114,#2058,.T.);
#6033=EDGE_CURVE('',#5114,#4667,#2059,.T.);
#6034=EDGE_CURVE('',#5115,#5114,#6434,.T.);
#6035=EDGE_CURVE('',#4668,#5115,#2060,.T.);
#6036=EDGE_CURVE('',#5115,#5116,#2061,.T.);
#6037=EDGE_CURVE('',#5116,#4669,#2062,.T.);
#6038=EDGE_CURVE('',#5117,#5116,#6435,.T.);
#6039=EDGE_CURVE('',#4670,#5117,#2063,.T.);
#6040=EDGE_CURVE('',#5118,#5117,#2064,.T.);
#6041=EDGE_CURVE('',#5118,#4671,#2065,.T.);
#6042=EDGE_CURVE('',#5111,#5118,#6436,.T.);
#6043=EDGE_CURVE('',#4956,#5043,#2066,.T.);
#6044=EDGE_CURVE('',#5119,#5119,#35,.T.);
#6045=EDGE_CURVE('',#5120,#5120,#6437,.T.);
#6046=EDGE_CURVE('',#5121,#5121,#6438,.T.);
#6047=EDGE_CURVE('',#5122,#5122,#6439,.T.);
#6048=EDGE_CURVE('',#4820,#5123,#2067,.T.);
#6049=EDGE_CURVE('',#5123,#5124,#2068,.T.);
#6050=EDGE_CURVE('',#5124,#4812,#2069,.T.);
#6051=EDGE_CURVE('',#4814,#5125,#2070,.T.);
#6052=EDGE_CURVE('',#5126,#5125,#2071,.T.);
#6053=EDGE_CURVE('',#5126,#4815,#2072,.T.);
#6054=EDGE_CURVE('',#5127,#5128,#2073,.T.);
#6055=EDGE_CURVE('',#5128,#4819,#2074,.T.);
#6056=EDGE_CURVE('',#4818,#5127,#2075,.T.);
#6057=EDGE_CURVE('',#5129,#5130,#2076,.T.);
#6058=EDGE_CURVE('',#5130,#4813,#2077,.T.);
#6059=EDGE_CURVE('',#4811,#5129,#2078,.T.);
#6060=EDGE_CURVE('',#5131,#5132,#6440,.T.);
#6061=EDGE_CURVE('',#5131,#4817,#2079,.T.);
#6062=EDGE_CURVE('',#4816,#5132,#2080,.T.);
#6063=EDGE_CURVE('',#5125,#5130,#6441,.T.);
#6064=EDGE_CURVE('',#5129,#5124,#6442,.T.);
#6065=EDGE_CURVE('',#5123,#5128,#6443,.T.);
#6066=EDGE_CURVE('',#5127,#5131,#6444,.T.);
#6067=EDGE_CURVE('',#5132,#5126,#6445,.T.);
#6068=CIRCLE('',#6447,2.);
#6069=CIRCLE('',#6448,2.);
#6070=CIRCLE('',#6450,2.);
#6071=CIRCLE('',#6451,2.);
#6072=CIRCLE('',#6453,2.);
#6073=CIRCLE('',#6454,2.);
#6074=CIRCLE('',#6456,2.);
#6075=CIRCLE('',#6457,2.);
#6076=CIRCLE('',#6461,3.3);
#6077=CIRCLE('',#6462,3.3);
#6078=CIRCLE('',#6464,1.4);
#6079=CIRCLE('',#6465,1.4);
#6080=CIRCLE('',#6467,1.4);
#6081=CIRCLE('',#6468,1.4);
#6082=CIRCLE('',#6472,1.4);
#6083=CIRCLE('',#6473,1.4);
#6084=CIRCLE('',#6475,4.96570000000001);
#6085=CIRCLE('',#6476,1.4);
#6086=CIRCLE('',#6477,1.4);
#6087=CIRCLE('',#6479,1.4);
#6088=CIRCLE('',#6482,4.96569999999999);
#6089=CIRCLE('',#6484,1.4);
#6090=CIRCLE('',#6487,1.4);
#6091=CIRCLE('',#6488,1.4);
#6092=CIRCLE('',#6490,1.4);
#6093=CIRCLE('',#6491,1.4);
#6094=CIRCLE('',#6493,1.4);
#6095=CIRCLE('',#6494,1.4);
#6096=CIRCLE('',#6496,1.4);
#6097=CIRCLE('',#6497,4.96570000000001);
#6098=CIRCLE('',#6498,1.4);
#6099=CIRCLE('',#6502,1.4);
#6100=CIRCLE('',#6505,4.96569999999999);
#6101=CIRCLE('',#6507,1.4);
#6102=CIRCLE('',#6511,1.4);
#6103=CIRCLE('',#6512,1.4);
#6104=CIRCLE('',#6515,1.4);
#6105=CIRCLE('',#6516,1.4);
#6106=CIRCLE('',#6518,4.96569999999999);
#6107=CIRCLE('',#6519,4.96569999999998);
#6108=CIRCLE('',#6522,1.4);
#6109=CIRCLE('',#6523,1.4);
#6110=CIRCLE('',#6524,1.4);
#6111=CIRCLE('',#6525,1.4);
#6112=CIRCLE('',#6527,1.4);
#6113=CIRCLE('',#6529,1.4);
#6114=CIRCLE('',#6533,1.4);
#6115=CIRCLE('',#6535,1.4);
#6116=CIRCLE('',#6537,1.4);
#6117=CIRCLE('',#6538,1.4);
#6118=CIRCLE('',#6540,1.4);
#6119=CIRCLE('',#6541,1.4);
#6120=CIRCLE('',#6543,1.4);
#6121=CIRCLE('',#6544,1.4);
#6122=CIRCLE('',#6547,4.9657);
#6123=CIRCLE('',#6548,1.4);
#6124=CIRCLE('',#6551,4.96569999999999);
#6125=CIRCLE('',#6554,1.4);
#6126=CIRCLE('',#6557,1.4);
#6127=CIRCLE('',#6558,1.4);
#6128=CIRCLE('',#6560,1.4);
#6129=CIRCLE('',#6561,1.4);
#6130=CIRCLE('',#6563,1.4);
#6131=CIRCLE('',#6564,1.4);
#6132=CIRCLE('',#6567,4.96570000000001);
#6133=CIRCLE('',#6568,1.4);
#6134=CIRCLE('',#6569,1.4);
#6135=CIRCLE('',#6571,4.96569999999999);
#6136=CIRCLE('',#6574,1.4);
#6137=CIRCLE('',#6576,1.4);
#6138=CIRCLE('',#6579,1.4);
#6139=CIRCLE('',#6580,1.4);
#6140=CIRCLE('',#6582,1.4);
#6141=CIRCLE('',#6583,1.4);
#6142=CIRCLE('',#6586,1.4);
#6143=CIRCLE('',#6587,1.4);
#6144=CIRCLE('',#6589,4.96569999999999);
#6145=CIRCLE('',#6590,4.9657);
#6146=CIRCLE('',#6592,1.4);
#6147=CIRCLE('',#6595,1.4);
#6148=CIRCLE('',#6599,1.4);
#6149=CIRCLE('',#6600,1.4);
#6150=CIRCLE('',#6604,1.4);
#6151=CIRCLE('',#6605,1.4);
#6152=CIRCLE('',#6608,1.4);
#6153=CIRCLE('',#6609,1.4);
#6154=CIRCLE('',#6610,1.4);
#6155=CIRCLE('',#6611,4.96569999999998);
#6156=CIRCLE('',#6612,1.4);
#6157=CIRCLE('',#6614,1.4);
#6158=CIRCLE('',#6616,1.4);
#6159=CIRCLE('',#6618,1.4);
#6160=CIRCLE('',#6621,4.96569999999998);
#6161=CIRCLE('',#6623,1.4);
#6162=CIRCLE('',#6625,3.3);
#6163=CIRCLE('',#6626,4.96569999999999);
#6164=CIRCLE('',#6627,1.4);
#6165=CIRCLE('',#6628,1.4);
#6166=CIRCLE('',#6629,1.4);
#6167=CIRCLE('',#6630,1.4);
#6168=CIRCLE('',#6631,1.4);
#6169=CIRCLE('',#6632,1.4);
#6170=CIRCLE('',#6633,1.4);
#6171=CIRCLE('',#6634,1.4);
#6172=CIRCLE('',#6635,4.96570000000001);
#6173=CIRCLE('',#6636,1.4);
#6174=CIRCLE('',#6637,1.4);
#6175=CIRCLE('',#6638,1.4);
#6176=CIRCLE('',#6639,1.4);
#6177=CIRCLE('',#6640,1.4);
#6178=CIRCLE('',#6641,4.96569999999999);
#6179=CIRCLE('',#6642,1.4);
#6180=CIRCLE('',#6643,1.4);
#6181=CIRCLE('',#6644,3.3);
#6182=CIRCLE('',#6645,3.3);
#6183=CIRCLE('',#6646,1.4);
#6184=CIRCLE('',#6647,1.4);
#6185=CIRCLE('',#6648,4.96569999999999);
#6186=CIRCLE('',#6649,1.4);
#6187=CIRCLE('',#6650,1.4);
#6188=CIRCLE('',#6651,1.4);
#6189=CIRCLE('',#6652,1.4);
#6190=CIRCLE('',#6653,1.4);
#6191=CIRCLE('',#6654,4.96569999999999);
#6192=CIRCLE('',#6655,1.4);
#6193=CIRCLE('',#6656,1.4);
#6194=CIRCLE('',#6657,1.4);
#6195=CIRCLE('',#6658,1.4);
#6196=CIRCLE('',#6659,4.96569999999999);
#6197=CIRCLE('',#6660,1.4);
#6198=CIRCLE('',#6661,1.4);
#6199=CIRCLE('',#6662,4.96569999999999);
#6200=CIRCLE('',#6663,1.4);
#6201=CIRCLE('',#6664,1.4);
#6202=CIRCLE('',#6665,1.4);
#6203=CIRCLE('',#6666,1.4);
#6204=CIRCLE('',#6667,1.4);
#6205=CIRCLE('',#6668,4.96570000000002);
#6206=CIRCLE('',#6669,1.4);
#6207=CIRCLE('',#6670,1.4);
#6208=CIRCLE('',#6671,1.4);
#6209=CIRCLE('',#6672,3.25);
#6210=CIRCLE('',#6673,2.);
#6211=CIRCLE('',#6674,5.);
#6212=CIRCLE('',#6675,2.);
#6213=CIRCLE('',#6676,2.);
#6214=CIRCLE('',#6677,1.4);
#6215=CIRCLE('',#6678,1.4);
#6216=CIRCLE('',#6679,1.4);
#6217=CIRCLE('',#6680,1.4);
#6218=CIRCLE('',#6681,4.96569999999999);
#6219=CIRCLE('',#6682,1.4);
#6220=CIRCLE('',#6683,1.4);
#6221=CIRCLE('',#6684,1.4);
#6222=CIRCLE('',#6685,4.96569999999999);
#6223=CIRCLE('',#6686,1.4);
#6224=CIRCLE('',#6687,1.4);
#6225=CIRCLE('',#6688,1.4);
#6226=CIRCLE('',#6689,4.96569999999999);
#6227=CIRCLE('',#6690,1.4);
#6228=CIRCLE('',#6691,1.4);
#6229=CIRCLE('',#6692,1.4);
#6230=CIRCLE('',#6693,1.4);
#6231=CIRCLE('',#6694,1.4);
#6232=CIRCLE('',#6695,1.4);
#6233=CIRCLE('',#6697,4.96569999999998);
#6234=CIRCLE('',#6699,1.4);
#6235=CIRCLE('',#6702,1.4);
#6236=CIRCLE('',#6705,1.4);
#6237=CIRCLE('',#6708,1.4);
#6238=CIRCLE('',#6711,1.4);
#6239=CIRCLE('',#6714,1.4);
#6240=CIRCLE('',#6716,1.4);
#6241=CIRCLE('',#6719,1.4);
#6242=CIRCLE('',#6721,4.96570000000001);
#6243=CIRCLE('',#6723,1.4);
#6244=CIRCLE('',#6726,1.4);
#6245=CIRCLE('',#6729,1.4);
#6246=CIRCLE('',#6733,1.4);
#6247=CIRCLE('',#6736,1.4);
#6248=CIRCLE('',#6739,1.4);
#6249=CIRCLE('',#6742,1.4);
#6250=CIRCLE('',#6744,4.96570000000001);
#6251=CIRCLE('',#6746,1.4);
#6252=CIRCLE('',#6748,1.4);
#6253=CIRCLE('',#6749,1.4);
#6254=CIRCLE('',#6750,1.4);
#6255=CIRCLE('',#6751,4.96569999999999);
#6256=CIRCLE('',#6752,1.4);
#6257=CIRCLE('',#6753,1.4);
#6258=CIRCLE('',#6754,1.4);
#6259=CIRCLE('',#6755,1.4);
#6260=CIRCLE('',#6756,1.4);
#6261=CIRCLE('',#6757,1.4);
#6262=CIRCLE('',#6758,4.96569999999999);
#6263=CIRCLE('',#6759,1.4);
#6264=CIRCLE('',#6760,1.4);
#6265=CIRCLE('',#6761,4.9657);
#6266=CIRCLE('',#6762,1.4);
#6267=CIRCLE('',#6763,1.4);
#6268=CIRCLE('',#6764,1.4);
#6269=CIRCLE('',#6765,3.3);
#6270=CIRCLE('',#6766,1.4);
#6271=CIRCLE('',#6767,4.96570000000001);
#6272=CIRCLE('',#6768,1.4);
#6273=CIRCLE('',#6769,1.4);
#6274=CIRCLE('',#6770,1.4);
#6275=CIRCLE('',#6771,1.4);
#6276=CIRCLE('',#6772,4.96569999999998);
#6277=CIRCLE('',#6773,1.4);
#6278=CIRCLE('',#6774,1.4);
#6279=CIRCLE('',#6775,1.4);
#6280=CIRCLE('',#6776,1.4);
#6281=CIRCLE('',#6777,1.4);
#6282=CIRCLE('',#6778,1.4);
#6283=CIRCLE('',#6779,1.4);
#6284=CIRCLE('',#6780,1.4);
#6285=CIRCLE('',#6781,1.4);
#6286=CIRCLE('',#6782,4.96570000000001);
#6287=CIRCLE('',#6783,1.4);
#6288=CIRCLE('',#6784,1.4);
#6289=CIRCLE('',#6785,3.3);
#6290=CIRCLE('',#6786,4.96569999999999);
#6291=CIRCLE('',#6787,1.4);
#6292=CIRCLE('',#6788,1.4);
#6293=CIRCLE('',#6789,1.4);
#6294=CIRCLE('',#6790,1.4);
#6295=CIRCLE('',#6791,4.96570000000001);
#6296=CIRCLE('',#6792,1.4);
#6297=CIRCLE('',#6793,1.4);
#6298=CIRCLE('',#6794,1.4);
#6299=CIRCLE('',#6795,1.4);
#6300=CIRCLE('',#6796,4.96570000000002);
#6301=CIRCLE('',#6797,1.4);
#6302=CIRCLE('',#6798,1.4);
#6303=CIRCLE('',#6799,1.4);
#6304=CIRCLE('',#6800,1.4);
#6305=CIRCLE('',#6801,4.9657);
#6306=CIRCLE('',#6802,1.4);
#6307=CIRCLE('',#6803,1.4);
#6308=CIRCLE('',#6804,1.4);
#6309=CIRCLE('',#6805,1.4);
#6310=CIRCLE('',#6806,5.);
#6311=CIRCLE('',#6807,2.);
#6312=CIRCLE('',#6808,1.4);
#6313=CIRCLE('',#6809,4.96569999999998);
#6314=CIRCLE('',#6810,1.4);
#6315=CIRCLE('',#6811,1.4);
#6316=CIRCLE('',#6812,1.4);
#6317=CIRCLE('',#6813,1.4);
#6318=CIRCLE('',#6814,1.4);
#6319=CIRCLE('',#6815,1.4);
#6320=CIRCLE('',#6816,1.4);
#6321=CIRCLE('',#6817,1.4);
#6322=CIRCLE('',#6818,4.96569999999999);
#6323=CIRCLE('',#6819,1.4);
#6324=CIRCLE('',#6820,1.4);
#6325=CIRCLE('',#6821,3.3);
#6326=CIRCLE('',#6824,1.4);
#6327=CIRCLE('',#6827,1.4);
#6328=CIRCLE('',#6830,1.4);
#6329=CIRCLE('',#6832,4.96570000000001);
#6330=CIRCLE('',#6834,1.4);
#6331=CIRCLE('',#6837,1.4);
#6332=CIRCLE('',#6840,1.4);
#6333=CIRCLE('',#6842,4.96569999999998);
#6334=CIRCLE('',#6844,1.4);
#6335=CIRCLE('',#6847,1.4);
#6336=CIRCLE('',#6850,1.4);
#6337=CIRCLE('',#6853,1.4);
#6338=CIRCLE('',#6856,1.4);
#6339=CIRCLE('',#6860,3.);
#6340=CIRCLE('',#6868,4.9657);
#6341=CIRCLE('',#6870,1.4);
#6342=CIRCLE('',#6873,1.4);
#6343=CIRCLE('',#6876,1.4);
#6344=CIRCLE('',#6879,1.4);
#6345=CIRCLE('',#6881,4.96570000000002);
#6346=CIRCLE('',#6883,1.4);
#6347=CIRCLE('',#6886,1.4);
#6348=CIRCLE('',#6889,1.4);
#6349=CIRCLE('',#6892,1.4);
#6350=CIRCLE('',#6894,4.96570000000001);
#6351=CIRCLE('',#6896,1.4);
#6352=CIRCLE('',#6899,1.4);
#6353=CIRCLE('',#6902,1.4);
#6354=CIRCLE('',#6905,1.4);
#6355=CIRCLE('',#6907,4.96569999999999);
#6356=CIRCLE('',#6909,1.4);
#6357=CIRCLE('',#6912,1.4);
#6358=CIRCLE('',#6915,1.4);
#6359=CIRCLE('',#6918,1.4);
#6360=CIRCLE('',#6922,1.4);
#6361=CIRCLE('',#6925,1.4);
#6362=CIRCLE('',#6928,1.4);
#6363=CIRCLE('',#6930,4.96570000000001);
#6364=CIRCLE('',#6932,1.4);
#6365=CIRCLE('',#6935,1.4);
#6366=CIRCLE('',#6937,4.96569999999998);
#6367=CIRCLE('',#6939,1.4);
#6368=CIRCLE('',#6942,1.4);
#6369=CIRCLE('',#6945,1.4);
#6370=CIRCLE('',#6948,1.4);
#6371=CIRCLE('',#6951,1.4);
#6372=CIRCLE('',#6954,1.4);
#6373=CIRCLE('',#6957,1.4);
#6374=CIRCLE('',#6959,4.96570000000001);
#6375=CIRCLE('',#6961,1.4);
#6376=CIRCLE('',#6964,1.4);
#6377=CIRCLE('',#6967,1.4);
#6378=CIRCLE('',#6970,1.4);
#6379=CIRCLE('',#6973,1.4);
#6380=CIRCLE('',#6975,4.9657);
#6381=CIRCLE('',#6977,1.4);
#6382=CIRCLE('',#6980,1.4);
#6383=CIRCLE('',#6983,1.4);
#6384=CIRCLE('',#6987,1.4);
#6385=CIRCLE('',#6990,1.4);
#6386=CIRCLE('',#6993,1.4);
#6387=CIRCLE('',#6996,1.4);
#6388=CIRCLE('',#6998,4.96570000000001);
#6389=CIRCLE('',#7000,1.4);
#6390=CIRCLE('',#7003,2.);
#6391=CIRCLE('',#7006,2.);
#6392=CIRCLE('',#7008,3.25);
#6393=CIRCLE('',#7011,1.4);
#6394=CIRCLE('',#7013,4.96570000000002);
#6395=CIRCLE('',#7015,1.4);
#6396=CIRCLE('',#7018,1.4);
#6397=CIRCLE('',#7021,1.4);
#6398=CIRCLE('',#7023,4.96569999999999);
#6399=CIRCLE('',#7025,1.4);
#6400=CIRCLE('',#7028,1.4);
#6401=CIRCLE('',#7031,1.4);
#6402=CIRCLE('',#7034,1.4);
#6403=CIRCLE('',#7037,1.4);
#6404=CIRCLE('',#7040,1.4);
#6405=CIRCLE('',#7042,4.9657);
#6406=CIRCLE('',#7044,1.4);
#6407=CIRCLE('',#7047,1.4);
#6408=CIRCLE('',#7050,1.4);
#6409=CIRCLE('',#7053,1.4);
#6410=CIRCLE('',#7056,1.4);
#6411=CIRCLE('',#7058,4.96570000000001);
#6412=CIRCLE('',#7060,1.4);
#6413=CIRCLE('',#7063,1.4);
#6414=CIRCLE('',#7065,1.4);
#6415=CIRCLE('',#7068,1.4);
#6416=CIRCLE('',#7070,4.96570000000001);
#6417=CIRCLE('',#7072,1.4);
#6418=CIRCLE('',#7075,1.4);
#6419=CIRCLE('',#7079,1.4);
#6420=CIRCLE('',#7082,1.4);
#6421=CIRCLE('',#7085,1.4);
#6422=CIRCLE('',#7088,1.4);
#6423=CIRCLE('',#7090,4.96569999999998);
#6424=CIRCLE('',#7092,1.4);
#6425=CIRCLE('',#7095,1.4);
#6426=CIRCLE('',#7098,1.4);
#6427=CIRCLE('',#7101,1.4);
#6428=CIRCLE('',#7104,1.4);
#6429=CIRCLE('',#7107,1.4);
#6430=CIRCLE('',#7109,4.96570000000001);
#6431=CIRCLE('',#7111,1.4);
#6432=CIRCLE('',#7113,4.9657);
#6433=CIRCLE('',#7115,1.4);
#6434=CIRCLE('',#7118,1.4);
#6435=CIRCLE('',#7121,1.4);
#6436=CIRCLE('',#7124,1.4);
#6437=CIRCLE('',#7143,1.65);
#6438=CIRCLE('',#7153,3.25);
#6439=CIRCLE('',#7155,1.65);
#6440=CIRCLE('',#7162,4.96570000000001);
#6441=CIRCLE('',#7164,1.4);
#6442=CIRCLE('',#7165,1.4);
#6443=CIRCLE('',#7166,1.4);
#6444=CIRCLE('',#7167,1.4);
#6445=CIRCLE('',#7168,1.4);
#6446=AXIS2_PLACEMENT_3D('',#9187,#7175,#7176);
#6447=AXIS2_PLACEMENT_3D('',#9188,#7177,#7178);
#6448=AXIS2_PLACEMENT_3D('',#9193,#7180,#7181);
#6449=AXIS2_PLACEMENT_3D('',#9196,#7183,#7184);
#6450=AXIS2_PLACEMENT_3D('',#9197,#7185,#7186);
#6451=AXIS2_PLACEMENT_3D('',#9202,#7188,#7189);
#6452=AXIS2_PLACEMENT_3D('',#9205,#7191,#7192);
#6453=AXIS2_PLACEMENT_3D('',#9206,#7193,#7194);
#6454=AXIS2_PLACEMENT_3D('',#9211,#7196,#7197);
#6455=AXIS2_PLACEMENT_3D('',#9214,#7199,#7200);
#6456=AXIS2_PLACEMENT_3D('',#9215,#7201,#7202);
#6457=AXIS2_PLACEMENT_3D('',#9220,#7204,#7205);
#6458=AXIS2_PLACEMENT_3D('',#9223,#7207,#7208);
#6459=AXIS2_PLACEMENT_3D('',#9226,#7211,#7212);
#6460=AXIS2_PLACEMENT_3D('',#9229,#7215,#7216);
#6461=AXIS2_PLACEMENT_3D('',#9230,#7217,#7218);
#6462=AXIS2_PLACEMENT_3D('',#9232,#7219,#7220);
#6463=AXIS2_PLACEMENT_3D('',#9234,#7221,#7222);
#6464=AXIS2_PLACEMENT_3D('',#9235,#7223,#7224);
#6465=AXIS2_PLACEMENT_3D('',#9240,#7226,#7227);
#6466=AXIS2_PLACEMENT_3D('',#9243,#7229,#7230);
#6467=AXIS2_PLACEMENT_3D('',#9244,#7231,#7232);
#6468=AXIS2_PLACEMENT_3D('',#9249,#7234,#7235);
#6469=AXIS2_PLACEMENT_3D('',#9252,#7237,#7238);
#6470=AXIS2_PLACEMENT_3D('',#9258,#7242,#7243);
#6471=AXIS2_PLACEMENT_3D('',#9267,#7248,#7249);
#6472=AXIS2_PLACEMENT_3D('',#9268,#7250,#7251);
#6473=AXIS2_PLACEMENT_3D('',#9270,#7252,#7253);
#6474=AXIS2_PLACEMENT_3D('',#9273,#7255,#7256);
#6475=AXIS2_PLACEMENT_3D('',#9274,#7257,#7258);
#6476=AXIS2_PLACEMENT_3D('',#9277,#7260,#7261);
#6477=AXIS2_PLACEMENT_3D('',#9280,#7263,#7264);
#6478=AXIS2_PLACEMENT_3D('',#9281,#7265,#7266);
#6479=AXIS2_PLACEMENT_3D('',#9282,#7267,#7268);
#6480=AXIS2_PLACEMENT_3D('',#9283,#7269,#7270);
#6481=AXIS2_PLACEMENT_3D('',#9285,#7272,#7273);
#6482=AXIS2_PLACEMENT_3D('',#9286,#7274,#7275);
#6483=AXIS2_PLACEMENT_3D('',#9289,#7277,#7278);
#6484=AXIS2_PLACEMENT_3D('',#9290,#7279,#7280);
#6485=AXIS2_PLACEMENT_3D('',#9293,#7282,#7283);
#6486=AXIS2_PLACEMENT_3D('',#9295,#7285,#7286);
#6487=AXIS2_PLACEMENT_3D('',#9296,#7287,#7288);
#6488=AXIS2_PLACEMENT_3D('',#9301,#7290,#7291);
#6489=AXIS2_PLACEMENT_3D('',#9304,#7293,#7294);
#6490=AXIS2_PLACEMENT_3D('',#9305,#7295,#7296);
#6491=AXIS2_PLACEMENT_3D('',#9310,#7298,#7299);
#6492=AXIS2_PLACEMENT_3D('',#9313,#7301,#7302);
#6493=AXIS2_PLACEMENT_3D('',#9314,#7303,#7304);
#6494=AXIS2_PLACEMENT_3D('',#9319,#7306,#7307);
#6495=AXIS2_PLACEMENT_3D('',#9322,#7309,#7310);
#6496=AXIS2_PLACEMENT_3D('',#9326,#7312,#7313);
#6497=AXIS2_PLACEMENT_3D('',#9328,#7314,#7315);
#6498=AXIS2_PLACEMENT_3D('',#9333,#7319,#7320);
#6499=AXIS2_PLACEMENT_3D('',#9334,#7321,#7322);
#6500=AXIS2_PLACEMENT_3D('',#9336,#7324,#7325);
#6501=AXIS2_PLACEMENT_3D('',#9340,#7328,#7329);
#6502=AXIS2_PLACEMENT_3D('',#9341,#7330,#7331);
#6503=AXIS2_PLACEMENT_3D('',#9344,#7333,#7334);
#6504=AXIS2_PLACEMENT_3D('',#9346,#7336,#7337);
#6505=AXIS2_PLACEMENT_3D('',#9349,#7339,#7340);
#6506=AXIS2_PLACEMENT_3D('',#9350,#7341,#7342);
#6507=AXIS2_PLACEMENT_3D('',#9351,#7343,#7344);
#6508=AXIS2_PLACEMENT_3D('',#9354,#7346,#7347);
#6509=AXIS2_PLACEMENT_3D('',#9356,#7349,#7350);
#6510=AXIS2_PLACEMENT_3D('',#9365,#7355,#7356);
#6511=AXIS2_PLACEMENT_3D('',#9366,#7357,#7358);
#6512=AXIS2_PLACEMENT_3D('',#9371,#7360,#7361);
#6513=AXIS2_PLACEMENT_3D('',#9374,#7363,#7364);
#6514=AXIS2_PLACEMENT_3D('',#9380,#7368,#7369);
#6515=AXIS2_PLACEMENT_3D('',#9381,#7370,#7371);
#6516=AXIS2_PLACEMENT_3D('',#9386,#7373,#7374);
#6517=AXIS2_PLACEMENT_3D('',#9389,#7376,#7377);
#6518=AXIS2_PLACEMENT_3D('',#9390,#7378,#7379);
#6519=AXIS2_PLACEMENT_3D('',#9394,#7381,#7382);
#6520=AXIS2_PLACEMENT_3D('',#9395,#7383,#7384);
#6521=AXIS2_PLACEMENT_3D('',#9404,#7389,#7390);
#6522=AXIS2_PLACEMENT_3D('',#9405,#7391,#7392);
#6523=AXIS2_PLACEMENT_3D('',#9408,#7394,#7395);
#6524=AXIS2_PLACEMENT_3D('',#9409,#7396,#7397);
#6525=AXIS2_PLACEMENT_3D('',#9410,#7398,#7399);
#6526=AXIS2_PLACEMENT_3D('',#9413,#7401,#7402);
#6527=AXIS2_PLACEMENT_3D('',#9414,#7403,#7404);
#6528=AXIS2_PLACEMENT_3D('',#9415,#7405,#7406);
#6529=AXIS2_PLACEMENT_3D('',#9416,#7407,#7408);
#6530=AXIS2_PLACEMENT_3D('',#9419,#7410,#7411);
#6531=AXIS2_PLACEMENT_3D('',#9423,#7414,#7415);
#6532=AXIS2_PLACEMENT_3D('',#9425,#7417,#7418);
#6533=AXIS2_PLACEMENT_3D('',#9426,#7419,#7420);
#6534=AXIS2_PLACEMENT_3D('',#9427,#7421,#7422);
#6535=AXIS2_PLACEMENT_3D('',#9428,#7423,#7424);
#6536=AXIS2_PLACEMENT_3D('',#9429,#7425,#7426);
#6537=AXIS2_PLACEMENT_3D('',#9430,#7427,#7428);
#6538=AXIS2_PLACEMENT_3D('',#9435,#7430,#7431);
#6539=AXIS2_PLACEMENT_3D('',#9438,#7433,#7434);
#6540=AXIS2_PLACEMENT_3D('',#9439,#7435,#7436);
#6541=AXIS2_PLACEMENT_3D('',#9444,#7438,#7439);
#6542=AXIS2_PLACEMENT_3D('',#9447,#7441,#7442);
#6543=AXIS2_PLACEMENT_3D('',#9448,#7443,#7444);
#6544=AXIS2_PLACEMENT_3D('',#9453,#7446,#7447);
#6545=AXIS2_PLACEMENT_3D('',#9456,#7449,#7450);
#6546=AXIS2_PLACEMENT_3D('',#9462,#7454,#7455);
#6547=AXIS2_PLACEMENT_3D('',#9463,#7456,#7457);
#6548=AXIS2_PLACEMENT_3D('',#9465,#7459,#7460);
#6549=AXIS2_PLACEMENT_3D('',#9468,#7462,#7463);
#6550=AXIS2_PLACEMENT_3D('',#9470,#7465,#7466);
#6551=AXIS2_PLACEMENT_3D('',#9471,#7467,#7468);
#6552=AXIS2_PLACEMENT_3D('',#9472,#7469,#7470);
#6553=AXIS2_PLACEMENT_3D('',#9476,#7473,#7474);
#6554=AXIS2_PLACEMENT_3D('',#9477,#7475,#7476);
#6555=AXIS2_PLACEMENT_3D('',#9478,#7477,#7478);
#6556=AXIS2_PLACEMENT_3D('',#9487,#7483,#7484);
#6557=AXIS2_PLACEMENT_3D('',#9488,#7485,#7486);
#6558=AXIS2_PLACEMENT_3D('',#9492,#7488,#7489);
#6559=AXIS2_PLACEMENT_3D('',#9493,#7490,#7491);
#6560=AXIS2_PLACEMENT_3D('',#9494,#7492,#7493);
#6561=AXIS2_PLACEMENT_3D('',#9499,#7495,#7496);
#6562=AXIS2_PLACEMENT_3D('',#9502,#7498,#7499);
#6563=AXIS2_PLACEMENT_3D('',#9503,#7500,#7501);
#6564=AXIS2_PLACEMENT_3D('',#9508,#7503,#7504);
#6565=AXIS2_PLACEMENT_3D('',#9511,#7506,#7507);
#6566=AXIS2_PLACEMENT_3D('',#9514,#7510,#7511);
#6567=AXIS2_PLACEMENT_3D('',#9515,#7512,#7513);
#6568=AXIS2_PLACEMENT_3D('',#9519,#7515,#7516);
#6569=AXIS2_PLACEMENT_3D('',#9522,#7518,#7519);
#6570=AXIS2_PLACEMENT_3D('',#9523,#7520,#7521);
#6571=AXIS2_PLACEMENT_3D('',#9524,#7522,#7523);
#6572=AXIS2_PLACEMENT_3D('',#9527,#7525,#7526);
#6573=AXIS2_PLACEMENT_3D('',#9531,#7529,#7530);
#6574=AXIS2_PLACEMENT_3D('',#9532,#7531,#7532);
#6575=AXIS2_PLACEMENT_3D('',#9533,#7533,#7534);
#6576=AXIS2_PLACEMENT_3D('',#9534,#7535,#7536);
#6577=AXIS2_PLACEMENT_3D('',#9537,#7538,#7539);
#6578=AXIS2_PLACEMENT_3D('',#9539,#7541,#7542);
#6579=AXIS2_PLACEMENT_3D('',#9540,#7543,#7544);
#6580=AXIS2_PLACEMENT_3D('',#9545,#7546,#7547);
#6581=AXIS2_PLACEMENT_3D('',#9548,#7549,#7550);
#6582=AXIS2_PLACEMENT_3D('',#9549,#7551,#7552);
#6583=AXIS2_PLACEMENT_3D('',#9554,#7554,#7555);
#6584=AXIS2_PLACEMENT_3D('',#9557,#7557,#7558);
#6585=AXIS2_PLACEMENT_3D('',#9560,#7561,#7562);
#6586=AXIS2_PLACEMENT_3D('',#9561,#7563,#7564);
#6587=AXIS2_PLACEMENT_3D('',#9566,#7566,#7567);
#6588=AXIS2_PLACEMENT_3D('',#9569,#7569,#7570);
#6589=AXIS2_PLACEMENT_3D('',#9570,#7571,#7572);
#6590=AXIS2_PLACEMENT_3D('',#9574,#7574,#7575);
#6591=AXIS2_PLACEMENT_3D('',#9575,#7576,#7577);
#6592=AXIS2_PLACEMENT_3D('',#9576,#7578,#7579);
#6593=AXIS2_PLACEMENT_3D('',#9580,#7582,#7583);
#6594=AXIS2_PLACEMENT_3D('',#9582,#7585,#7586);
#6595=AXIS2_PLACEMENT_3D('',#9583,#7587,#7588);
#6596=AXIS2_PLACEMENT_3D('',#9586,#7590,#7591);
#6597=AXIS2_PLACEMENT_3D('',#9588,#7593,#7594);
#6598=AXIS2_PLACEMENT_3D('',#9597,#7599,#7600);
#6599=AXIS2_PLACEMENT_3D('',#9598,#7601,#7602);
#6600=AXIS2_PLACEMENT_3D('',#9603,#7604,#7605);
#6601=AXIS2_PLACEMENT_3D('',#9606,#7607,#7608);
#6602=AXIS2_PLACEMENT_3D('',#9612,#7612,#7613);
#6603=AXIS2_PLACEMENT_3D('',#9621,#7618,#7619);
#6604=AXIS2_PLACEMENT_3D('',#9622,#7620,#7621);
#6605=AXIS2_PLACEMENT_3D('',#9626,#7623,#7624);
#6606=AXIS2_PLACEMENT_3D('',#9627,#7625,#7626);
#6607=AXIS2_PLACEMENT_3D('',#9636,#7631,#7632);
#6608=AXIS2_PLACEMENT_3D('',#9640,#7634,#7635);
#6609=AXIS2_PLACEMENT_3D('',#9641,#7636,#7637);
#6610=AXIS2_PLACEMENT_3D('',#9642,#7638,#7639);
#6611=AXIS2_PLACEMENT_3D('',#9643,#7640,#7641);
#6612=AXIS2_PLACEMENT_3D('',#9644,#7642,#7643);
#6613=AXIS2_PLACEMENT_3D('',#9645,#7644,#7645);
#6614=AXIS2_PLACEMENT_3D('',#9646,#7646,#7647);
#6615=AXIS2_PLACEMENT_3D('',#9649,#7649,#7650);
#6616=AXIS2_PLACEMENT_3D('',#9650,#7651,#7652);
#6617=AXIS2_PLACEMENT_3D('',#9651,#7653,#7654);
#6618=AXIS2_PLACEMENT_3D('',#9652,#7655,#7656);
#6619=AXIS2_PLACEMENT_3D('',#9653,#7657,#7658);
#6620=AXIS2_PLACEMENT_3D('',#9657,#7661,#7662);
#6621=AXIS2_PLACEMENT_3D('',#9658,#7663,#7664);
#6622=AXIS2_PLACEMENT_3D('',#9659,#7665,#7666);
#6623=AXIS2_PLACEMENT_3D('',#9660,#7667,#7668);
#6624=AXIS2_PLACEMENT_3D('',#9661,#7669,#7670);
#6625=AXIS2_PLACEMENT_3D('',#9662,#7671,#7672);
#6626=AXIS2_PLACEMENT_3D('',#9664,#7673,#7674);
#6627=AXIS2_PLACEMENT_3D('',#9667,#7675,#7676);
#6628=AXIS2_PLACEMENT_3D('',#9671,#7678,#7679);
#6629=AXIS2_PLACEMENT_3D('',#9675,#7681,#7682);
#6630=AXIS2_PLACEMENT_3D('',#9679,#7684,#7685);
#6631=AXIS2_PLACEMENT_3D('',#9683,#7687,#7688);
#6632=AXIS2_PLACEMENT_3D('',#9687,#7690,#7691);
#6633=AXIS2_PLACEMENT_3D('',#9691,#7693,#7694);
#6634=AXIS2_PLACEMENT_3D('',#9695,#7696,#7697);
#6635=AXIS2_PLACEMENT_3D('',#9697,#7698,#7699);
#6636=AXIS2_PLACEMENT_3D('',#9699,#7700,#7701);
#6637=AXIS2_PLACEMENT_3D('',#9703,#7703,#7704);
#6638=AXIS2_PLACEMENT_3D('',#9707,#7706,#7707);
#6639=AXIS2_PLACEMENT_3D('',#9711,#7709,#7710);
#6640=AXIS2_PLACEMENT_3D('',#9715,#7712,#7713);
#6641=AXIS2_PLACEMENT_3D('',#9717,#7714,#7715);
#6642=AXIS2_PLACEMENT_3D('',#9719,#7716,#7717);
#6643=AXIS2_PLACEMENT_3D('',#9723,#7719,#7720);
#6644=AXIS2_PLACEMENT_3D('',#9724,#7721,#7722);
#6645=AXIS2_PLACEMENT_3D('',#9726,#7723,#7724);
#6646=AXIS2_PLACEMENT_3D('',#9728,#7725,#7726);
#6647=AXIS2_PLACEMENT_3D('',#9733,#7728,#7729);
#6648=AXIS2_PLACEMENT_3D('',#9735,#7730,#7731);
#6649=AXIS2_PLACEMENT_3D('',#9737,#7732,#7733);
#6650=AXIS2_PLACEMENT_3D('',#9741,#7735,#7736);
#6651=AXIS2_PLACEMENT_3D('',#9747,#7739,#7740);
#6652=AXIS2_PLACEMENT_3D('',#9751,#7742,#7743);
#6653=AXIS2_PLACEMENT_3D('',#9755,#7745,#7746);
#6654=AXIS2_PLACEMENT_3D('',#9757,#7747,#7748);
#6655=AXIS2_PLACEMENT_3D('',#9759,#7749,#7750);
#6656=AXIS2_PLACEMENT_3D('',#9763,#7752,#7753);
#6657=AXIS2_PLACEMENT_3D('',#9767,#7755,#7756);
#6658=AXIS2_PLACEMENT_3D('',#9771,#7758,#7759);
#6659=AXIS2_PLACEMENT_3D('',#9773,#7760,#7761);
#6660=AXIS2_PLACEMENT_3D('',#9775,#7762,#7763);
#6661=AXIS2_PLACEMENT_3D('',#9779,#7765,#7766);
#6662=AXIS2_PLACEMENT_3D('',#9780,#7767,#7768);
#6663=AXIS2_PLACEMENT_3D('',#9783,#7769,#7770);
#6664=AXIS2_PLACEMENT_3D('',#9787,#7772,#7773);
#6665=AXIS2_PLACEMENT_3D('',#9791,#7775,#7776);
#6666=AXIS2_PLACEMENT_3D('',#9795,#7778,#7779);
#6667=AXIS2_PLACEMENT_3D('',#9799,#7781,#7782);
#6668=AXIS2_PLACEMENT_3D('',#9801,#7783,#7784);
#6669=AXIS2_PLACEMENT_3D('',#9803,#7785,#7786);
#6670=AXIS2_PLACEMENT_3D('',#9807,#7788,#7789);
#6671=AXIS2_PLACEMENT_3D('',#9811,#7791,#7792);
#6672=AXIS2_PLACEMENT_3D('',#9812,#7793,#7794);
#6673=AXIS2_PLACEMENT_3D('',#9819,#7798,#7799);
#6674=AXIS2_PLACEMENT_3D('',#9823,#7801,#7802);
#6675=AXIS2_PLACEMENT_3D('',#9827,#7804,#7805);
#6676=AXIS2_PLACEMENT_3D('',#9831,#7807,#7808);
#6677=AXIS2_PLACEMENT_3D('',#9835,#7810,#7811);
#6678=AXIS2_PLACEMENT_3D('',#9839,#7813,#7814);
#6679=AXIS2_PLACEMENT_3D('',#9843,#7816,#7817);
#6680=AXIS2_PLACEMENT_3D('',#9847,#7819,#7820);
#6681=AXIS2_PLACEMENT_3D('',#9849,#7821,#7822);
#6682=AXIS2_PLACEMENT_3D('',#9851,#7823,#7824);
#6683=AXIS2_PLACEMENT_3D('',#9852,#7825,#7826);
#6684=AXIS2_PLACEMENT_3D('',#9857,#7828,#7829);
#6685=AXIS2_PLACEMENT_3D('',#9859,#7830,#7831);
#6686=AXIS2_PLACEMENT_3D('',#9861,#7832,#7833);
#6687=AXIS2_PLACEMENT_3D('',#9865,#7835,#7836);
#6688=AXIS2_PLACEMENT_3D('',#9869,#7838,#7839);
#6689=AXIS2_PLACEMENT_3D('',#9872,#7841,#7842);
#6690=AXIS2_PLACEMENT_3D('',#9875,#7843,#7844);
#6691=AXIS2_PLACEMENT_3D('',#9879,#7846,#7847);
#6692=AXIS2_PLACEMENT_3D('',#9883,#7849,#7850);
#6693=AXIS2_PLACEMENT_3D('',#9887,#7852,#7853);
#6694=AXIS2_PLACEMENT_3D('',#9891,#7855,#7856);
#6695=AXIS2_PLACEMENT_3D('',#9895,#7858,#7859);
#6696=AXIS2_PLACEMENT_3D('',#9896,#7860,#7861);
#6697=AXIS2_PLACEMENT_3D('',#9899,#7863,#7864);
#6698=AXIS2_PLACEMENT_3D('',#9902,#7866,#7867);
#6699=AXIS2_PLACEMENT_3D('',#9903,#7868,#7869);
#6700=AXIS2_PLACEMENT_3D('',#9906,#7871,#7872);
#6701=AXIS2_PLACEMENT_3D('',#9910,#7875,#7876);
#6702=AXIS2_PLACEMENT_3D('',#9911,#7877,#7878);
#6703=AXIS2_PLACEMENT_3D('',#9914,#7880,#7881);
#6704=AXIS2_PLACEMENT_3D('',#9918,#7884,#7885);
#6705=AXIS2_PLACEMENT_3D('',#9919,#7886,#7887);
#6706=AXIS2_PLACEMENT_3D('',#9922,#7889,#7890);
#6707=AXIS2_PLACEMENT_3D('',#9926,#7893,#7894);
#6708=AXIS2_PLACEMENT_3D('',#9927,#7895,#7896);
#6709=AXIS2_PLACEMENT_3D('',#9930,#7898,#7899);
#6710=AXIS2_PLACEMENT_3D('',#9934,#7902,#7903);
#6711=AXIS2_PLACEMENT_3D('',#9935,#7904,#7905);
#6712=AXIS2_PLACEMENT_3D('',#9938,#7907,#7908);
#6713=AXIS2_PLACEMENT_3D('',#9942,#7911,#7912);
#6714=AXIS2_PLACEMENT_3D('',#9943,#7913,#7914);
#6715=AXIS2_PLACEMENT_3D('',#9944,#7915,#7916);
#6716=AXIS2_PLACEMENT_3D('',#9945,#7917,#7918);
#6717=AXIS2_PLACEMENT_3D('',#9950,#7921,#7922);
#6718=AXIS2_PLACEMENT_3D('',#9954,#7925,#7926);
#6719=AXIS2_PLACEMENT_3D('',#9955,#7927,#7928);
#6720=AXIS2_PLACEMENT_3D('',#9958,#7930,#7931);
#6721=AXIS2_PLACEMENT_3D('',#9959,#7932,#7933);
#6722=AXIS2_PLACEMENT_3D('',#9962,#7935,#7936);
#6723=AXIS2_PLACEMENT_3D('',#9963,#7937,#7938);
#6724=AXIS2_PLACEMENT_3D('',#9966,#7940,#7941);
#6725=AXIS2_PLACEMENT_3D('',#9970,#7944,#7945);
#6726=AXIS2_PLACEMENT_3D('',#9971,#7946,#7947);
#6727=AXIS2_PLACEMENT_3D('',#9974,#7949,#7950);
#6728=AXIS2_PLACEMENT_3D('',#9978,#7953,#7954);
#6729=AXIS2_PLACEMENT_3D('',#9979,#7955,#7956);
#6730=AXIS2_PLACEMENT_3D('',#9982,#7958,#7959);
#6731=AXIS2_PLACEMENT_3D('',#9984,#7961,#7962);
#6732=AXIS2_PLACEMENT_3D('',#9990,#7966,#7967);
#6733=AXIS2_PLACEMENT_3D('',#9991,#7968,#7969);
#6734=AXIS2_PLACEMENT_3D('',#9994,#7971,#7972);
#6735=AXIS2_PLACEMENT_3D('',#9998,#7975,#7976);
#6736=AXIS2_PLACEMENT_3D('',#9999,#7977,#7978);
#6737=AXIS2_PLACEMENT_3D('',#10002,#7980,#7981);
#6738=AXIS2_PLACEMENT_3D('',#10006,#7984,#7985);
#6739=AXIS2_PLACEMENT_3D('',#10007,#7986,#7987);
#6740=AXIS2_PLACEMENT_3D('',#10010,#7989,#7990);
#6741=AXIS2_PLACEMENT_3D('',#10014,#7993,#7994);
#6742=AXIS2_PLACEMENT_3D('',#10015,#7995,#7996);
#6743=AXIS2_PLACEMENT_3D('',#10018,#7998,#7999);
#6744=AXIS2_PLACEMENT_3D('',#10019,#8000,#8001);
#6745=AXIS2_PLACEMENT_3D('',#10022,#8003,#8004);
#6746=AXIS2_PLACEMENT_3D('',#10023,#8005,#8006);
#6747=AXIS2_PLACEMENT_3D('',#10024,#8007,#8008);
#6748=AXIS2_PLACEMENT_3D('',#10025,#8009,#8010);
#6749=AXIS2_PLACEMENT_3D('',#10030,#8012,#8013);
#6750=AXIS2_PLACEMENT_3D('',#10034,#8015,#8016);
#6751=AXIS2_PLACEMENT_3D('',#10036,#8017,#8018);
#6752=AXIS2_PLACEMENT_3D('',#10038,#8019,#8020);
#6753=AXIS2_PLACEMENT_3D('',#10042,#8022,#8023);
#6754=AXIS2_PLACEMENT_3D('',#10048,#8026,#8027);
#6755=AXIS2_PLACEMENT_3D('',#10052,#8029,#8030);
#6756=AXIS2_PLACEMENT_3D('',#10056,#8032,#8033);
#6757=AXIS2_PLACEMENT_3D('',#10060,#8035,#8036);
#6758=AXIS2_PLACEMENT_3D('',#10062,#8037,#8038);
#6759=AXIS2_PLACEMENT_3D('',#10064,#8039,#8040);
#6760=AXIS2_PLACEMENT_3D('',#10065,#8041,#8042);
#6761=AXIS2_PLACEMENT_3D('',#10068,#8043,#8044);
#6762=AXIS2_PLACEMENT_3D('',#10070,#8045,#8046);
#6763=AXIS2_PLACEMENT_3D('',#10074,#8048,#8049);
#6764=AXIS2_PLACEMENT_3D('',#10078,#8051,#8052);
#6765=AXIS2_PLACEMENT_3D('',#10081,#8054,#8055);
#6766=AXIS2_PLACEMENT_3D('',#10086,#8057,#8058);
#6767=AXIS2_PLACEMENT_3D('',#10088,#8059,#8060);
#6768=AXIS2_PLACEMENT_3D('',#10090,#8061,#8062);
#6769=AXIS2_PLACEMENT_3D('',#10094,#8064,#8065);
#6770=AXIS2_PLACEMENT_3D('',#10098,#8067,#8068);
#6771=AXIS2_PLACEMENT_3D('',#10102,#8070,#8071);
#6772=AXIS2_PLACEMENT_3D('',#10103,#8072,#8073);
#6773=AXIS2_PLACEMENT_3D('',#10106,#8074,#8075);
#6774=AXIS2_PLACEMENT_3D('',#10110,#8077,#8078);
#6775=AXIS2_PLACEMENT_3D('',#10114,#8080,#8081);
#6776=AXIS2_PLACEMENT_3D('',#10118,#8083,#8084);
#6777=AXIS2_PLACEMENT_3D('',#10122,#8086,#8087);
#6778=AXIS2_PLACEMENT_3D('',#10126,#8089,#8090);
#6779=AXIS2_PLACEMENT_3D('',#10130,#8092,#8093);
#6780=AXIS2_PLACEMENT_3D('',#10134,#8095,#8096);
#6781=AXIS2_PLACEMENT_3D('',#10138,#8098,#8099);
#6782=AXIS2_PLACEMENT_3D('',#10140,#8100,#8101);
#6783=AXIS2_PLACEMENT_3D('',#10142,#8102,#8103);
#6784=AXIS2_PLACEMENT_3D('',#10146,#8105,#8106);
#6785=AXIS2_PLACEMENT_3D('',#10147,#8107,#8108);
#6786=AXIS2_PLACEMENT_3D('',#10149,#8109,#8110);
#6787=AXIS2_PLACEMENT_3D('',#10152,#8111,#8112);
#6788=AXIS2_PLACEMENT_3D('',#10156,#8114,#8115);
#6789=AXIS2_PLACEMENT_3D('',#10160,#8117,#8118);
#6790=AXIS2_PLACEMENT_3D('',#10164,#8120,#8121);
#6791=AXIS2_PLACEMENT_3D('',#10165,#8122,#8123);
#6792=AXIS2_PLACEMENT_3D('',#10168,#8124,#8125);
#6793=AXIS2_PLACEMENT_3D('',#10172,#8127,#8128);
#6794=AXIS2_PLACEMENT_3D('',#10176,#8130,#8131);
#6795=AXIS2_PLACEMENT_3D('',#10180,#8133,#8134);
#6796=AXIS2_PLACEMENT_3D('',#10181,#8135,#8136);
#6797=AXIS2_PLACEMENT_3D('',#10184,#8137,#8138);
#6798=AXIS2_PLACEMENT_3D('',#10188,#8140,#8141);
#6799=AXIS2_PLACEMENT_3D('',#10192,#8143,#8144);
#6800=AXIS2_PLACEMENT_3D('',#10196,#8146,#8147);
#6801=AXIS2_PLACEMENT_3D('',#10197,#8148,#8149);
#6802=AXIS2_PLACEMENT_3D('',#10200,#8150,#8151);
#6803=AXIS2_PLACEMENT_3D('',#10204,#8153,#8154);
#6804=AXIS2_PLACEMENT_3D('',#10208,#8156,#8157);
#6805=AXIS2_PLACEMENT_3D('',#10212,#8159,#8160);
#6806=AXIS2_PLACEMENT_3D('',#10217,#8163,#8164);
#6807=AXIS2_PLACEMENT_3D('',#10221,#8166,#8167);
#6808=AXIS2_PLACEMENT_3D('',#10225,#8170,#8171);
#6809=AXIS2_PLACEMENT_3D('',#10228,#8172,#8173);
#6810=AXIS2_PLACEMENT_3D('',#10230,#8174,#8175);
#6811=AXIS2_PLACEMENT_3D('',#10234,#8177,#8178);
#6812=AXIS2_PLACEMENT_3D('',#10238,#8180,#8181);
#6813=AXIS2_PLACEMENT_3D('',#10242,#8183,#8184);
#6814=AXIS2_PLACEMENT_3D('',#10246,#8186,#8187);
#6815=AXIS2_PLACEMENT_3D('',#10249,#8189,#8190);
#6816=AXIS2_PLACEMENT_3D('',#10254,#8192,#8193);
#6817=AXIS2_PLACEMENT_3D('',#10258,#8195,#8196);
#6818=AXIS2_PLACEMENT_3D('',#10260,#8197,#8198);
#6819=AXIS2_PLACEMENT_3D('',#10262,#8199,#8200);
#6820=AXIS2_PLACEMENT_3D('',#10266,#8202,#8203);
#6821=AXIS2_PLACEMENT_3D('',#10269,#8205,#8206);
#6822=AXIS2_PLACEMENT_3D('',#10271,#8207,#8208);
#6823=AXIS2_PLACEMENT_3D('',#10272,#8209,#8210);
#6824=AXIS2_PLACEMENT_3D('',#10275,#8212,#8213);
#6825=AXIS2_PLACEMENT_3D('',#10278,#8215,#8216);
#6826=AXIS2_PLACEMENT_3D('',#10282,#8219,#8220);
#6827=AXIS2_PLACEMENT_3D('',#10283,#8221,#8222);
#6828=AXIS2_PLACEMENT_3D('',#10286,#8224,#8225);
#6829=AXIS2_PLACEMENT_3D('',#10290,#8228,#8229);
#6830=AXIS2_PLACEMENT_3D('',#10291,#8230,#8231);
#6831=AXIS2_PLACEMENT_3D('',#10294,#8233,#8234);
#6832=AXIS2_PLACEMENT_3D('',#10295,#8235,#8236);
#6833=AXIS2_PLACEMENT_3D('',#10298,#8238,#8239);
#6834=AXIS2_PLACEMENT_3D('',#10299,#8240,#8241);
#6835=AXIS2_PLACEMENT_3D('',#10302,#8243,#8244);
#6836=AXIS2_PLACEMENT_3D('',#10306,#8247,#8248);
#6837=AXIS2_PLACEMENT_3D('',#10307,#8249,#8250);
#6838=AXIS2_PLACEMENT_3D('',#10310,#8252,#8253);
#6839=AXIS2_PLACEMENT_3D('',#10312,#8255,#8256);
#6840=AXIS2_PLACEMENT_3D('',#10315,#8258,#8259);
#6841=AXIS2_PLACEMENT_3D('',#10318,#8261,#8262);
#6842=AXIS2_PLACEMENT_3D('',#10319,#8263,#8264);
#6843=AXIS2_PLACEMENT_3D('',#10322,#8266,#8267);
#6844=AXIS2_PLACEMENT_3D('',#10323,#8268,#8269);
#6845=AXIS2_PLACEMENT_3D('',#10326,#8271,#8272);
#6846=AXIS2_PLACEMENT_3D('',#10330,#8275,#8276);
#6847=AXIS2_PLACEMENT_3D('',#10331,#8277,#8278);
#6848=AXIS2_PLACEMENT_3D('',#10334,#8280,#8281);
#6849=AXIS2_PLACEMENT_3D('',#10338,#8284,#8285);
#6850=AXIS2_PLACEMENT_3D('',#10339,#8286,#8287);
#6851=AXIS2_PLACEMENT_3D('',#10342,#8289,#8290);
#6852=AXIS2_PLACEMENT_3D('',#10346,#8293,#8294);
#6853=AXIS2_PLACEMENT_3D('',#10347,#8295,#8296);
#6854=AXIS2_PLACEMENT_3D('',#10350,#8298,#8299);
#6855=AXIS2_PLACEMENT_3D('',#10354,#8302,#8303);
#6856=AXIS2_PLACEMENT_3D('',#10355,#8304,#8305);
#6857=AXIS2_PLACEMENT_3D('',#10358,#8307,#8308);
#6858=AXIS2_PLACEMENT_3D('',#10360,#8310,#8311);
#6859=AXIS2_PLACEMENT_3D('',#10361,#8312,#8313);
#6860=AXIS2_PLACEMENT_3D('',#10368,#8317,#8318);
#6861=AXIS2_PLACEMENT_3D('',#10369,#8319,#8320);
#6862=AXIS2_PLACEMENT_3D('',#10376,#8322,#8323);
#6863=AXIS2_PLACEMENT_3D('',#10378,#8325,#8326);
#6864=AXIS2_PLACEMENT_3D('',#10381,#8328,#8329);
#6865=AXIS2_PLACEMENT_3D('',#10383,#8331,#8332);
#6866=AXIS2_PLACEMENT_3D('',#10385,#8334,#8335);
#6867=AXIS2_PLACEMENT_3D('',#10386,#8336,#8337);
#6868=AXIS2_PLACEMENT_3D('',#10389,#8339,#8340);
#6869=AXIS2_PLACEMENT_3D('',#10392,#8342,#8343);
#6870=AXIS2_PLACEMENT_3D('',#10393,#8344,#8345);
#6871=AXIS2_PLACEMENT_3D('',#10396,#8347,#8348);
#6872=AXIS2_PLACEMENT_3D('',#10400,#8351,#8352);
#6873=AXIS2_PLACEMENT_3D('',#10401,#8353,#8354);
#6874=AXIS2_PLACEMENT_3D('',#10404,#8356,#8357);
#6875=AXIS2_PLACEMENT_3D('',#10408,#8360,#8361);
#6876=AXIS2_PLACEMENT_3D('',#10409,#8362,#8363);
#6877=AXIS2_PLACEMENT_3D('',#10412,#8365,#8366);
#6878=AXIS2_PLACEMENT_3D('',#10416,#8369,#8370);
#6879=AXIS2_PLACEMENT_3D('',#10417,#8371,#8372);
#6880=AXIS2_PLACEMENT_3D('',#10418,#8373,#8374);
#6881=AXIS2_PLACEMENT_3D('',#10421,#8376,#8377);
#6882=AXIS2_PLACEMENT_3D('',#10424,#8379,#8380);
#6883=AXIS2_PLACEMENT_3D('',#10425,#8381,#8382);
#6884=AXIS2_PLACEMENT_3D('',#10428,#8384,#8385);
#6885=AXIS2_PLACEMENT_3D('',#10432,#8388,#8389);
#6886=AXIS2_PLACEMENT_3D('',#10433,#8390,#8391);
#6887=AXIS2_PLACEMENT_3D('',#10436,#8393,#8394);
#6888=AXIS2_PLACEMENT_3D('',#10440,#8397,#8398);
#6889=AXIS2_PLACEMENT_3D('',#10441,#8399,#8400);
#6890=AXIS2_PLACEMENT_3D('',#10444,#8402,#8403);
#6891=AXIS2_PLACEMENT_3D('',#10448,#8406,#8407);
#6892=AXIS2_PLACEMENT_3D('',#10449,#8408,#8409);
#6893=AXIS2_PLACEMENT_3D('',#10450,#8410,#8411);
#6894=AXIS2_PLACEMENT_3D('',#10451,#8412,#8413);
#6895=AXIS2_PLACEMENT_3D('',#10456,#8416,#8417);
#6896=AXIS2_PLACEMENT_3D('',#10457,#8418,#8419);
#6897=AXIS2_PLACEMENT_3D('',#10460,#8421,#8422);
#6898=AXIS2_PLACEMENT_3D('',#10464,#8425,#8426);
#6899=AXIS2_PLACEMENT_3D('',#10465,#8427,#8428);
#6900=AXIS2_PLACEMENT_3D('',#10468,#8430,#8431);
#6901=AXIS2_PLACEMENT_3D('',#10472,#8434,#8435);
#6902=AXIS2_PLACEMENT_3D('',#10473,#8436,#8437);
#6903=AXIS2_PLACEMENT_3D('',#10476,#8439,#8440);
#6904=AXIS2_PLACEMENT_3D('',#10480,#8443,#8444);
#6905=AXIS2_PLACEMENT_3D('',#10481,#8445,#8446);
#6906=AXIS2_PLACEMENT_3D('',#10482,#8447,#8448);
#6907=AXIS2_PLACEMENT_3D('',#10485,#8450,#8451);
#6908=AXIS2_PLACEMENT_3D('',#10488,#8453,#8454);
#6909=AXIS2_PLACEMENT_3D('',#10489,#8455,#8456);
#6910=AXIS2_PLACEMENT_3D('',#10492,#8458,#8459);
#6911=AXIS2_PLACEMENT_3D('',#10496,#8462,#8463);
#6912=AXIS2_PLACEMENT_3D('',#10497,#8464,#8465);
#6913=AXIS2_PLACEMENT_3D('',#10500,#8467,#8468);
#6914=AXIS2_PLACEMENT_3D('',#10504,#8471,#8472);
#6915=AXIS2_PLACEMENT_3D('',#10505,#8473,#8474);
#6916=AXIS2_PLACEMENT_3D('',#10508,#8476,#8477);
#6917=AXIS2_PLACEMENT_3D('',#10512,#8480,#8481);
#6918=AXIS2_PLACEMENT_3D('',#10513,#8482,#8483);
#6919=AXIS2_PLACEMENT_3D('',#10514,#8484,#8485);
#6920=AXIS2_PLACEMENT_3D('',#10515,#8486,#8487);
#6921=AXIS2_PLACEMENT_3D('',#10521,#8491,#8492);
#6922=AXIS2_PLACEMENT_3D('',#10522,#8493,#8494);
#6923=AXIS2_PLACEMENT_3D('',#10525,#8496,#8497);
#6924=AXIS2_PLACEMENT_3D('',#10529,#8500,#8501);
#6925=AXIS2_PLACEMENT_3D('',#10530,#8502,#8503);
#6926=AXIS2_PLACEMENT_3D('',#10533,#8505,#8506);
#6927=AXIS2_PLACEMENT_3D('',#10537,#8509,#8510);
#6928=AXIS2_PLACEMENT_3D('',#10538,#8511,#8512);
#6929=AXIS2_PLACEMENT_3D('',#10541,#8514,#8515);
#6930=AXIS2_PLACEMENT_3D('',#10542,#8516,#8517);
#6931=AXIS2_PLACEMENT_3D('',#10545,#8519,#8520);
#6932=AXIS2_PLACEMENT_3D('',#10546,#8521,#8522);
#6933=AXIS2_PLACEMENT_3D('',#10549,#8524,#8525);
#6934=AXIS2_PLACEMENT_3D('',#10553,#8528,#8529);
#6935=AXIS2_PLACEMENT_3D('',#10554,#8530,#8531);
#6936=AXIS2_PLACEMENT_3D('',#10555,#8532,#8533);
#6937=AXIS2_PLACEMENT_3D('',#10558,#8535,#8536);
#6938=AXIS2_PLACEMENT_3D('',#10561,#8538,#8539);
#6939=AXIS2_PLACEMENT_3D('',#10562,#8540,#8541);
#6940=AXIS2_PLACEMENT_3D('',#10565,#8543,#8544);
#6941=AXIS2_PLACEMENT_3D('',#10569,#8547,#8548);
#6942=AXIS2_PLACEMENT_3D('',#10570,#8549,#8550);
#6943=AXIS2_PLACEMENT_3D('',#10573,#8552,#8553);
#6944=AXIS2_PLACEMENT_3D('',#10577,#8556,#8557);
#6945=AXIS2_PLACEMENT_3D('',#10578,#8558,#8559);
#6946=AXIS2_PLACEMENT_3D('',#10581,#8561,#8562);
#6947=AXIS2_PLACEMENT_3D('',#10585,#8565,#8566);
#6948=AXIS2_PLACEMENT_3D('',#10586,#8567,#8568);
#6949=AXIS2_PLACEMENT_3D('',#10589,#8570,#8571);
#6950=AXIS2_PLACEMENT_3D('',#10593,#8574,#8575);
#6951=AXIS2_PLACEMENT_3D('',#10594,#8576,#8577);
#6952=AXIS2_PLACEMENT_3D('',#10597,#8579,#8580);
#6953=AXIS2_PLACEMENT_3D('',#10601,#8583,#8584);
#6954=AXIS2_PLACEMENT_3D('',#10602,#8585,#8586);
#6955=AXIS2_PLACEMENT_3D('',#10603,#8587,#8588);
#6956=AXIS2_PLACEMENT_3D('',#10609,#8592,#8593);
#6957=AXIS2_PLACEMENT_3D('',#10610,#8594,#8595);
#6958=AXIS2_PLACEMENT_3D('',#10613,#8597,#8598);
#6959=AXIS2_PLACEMENT_3D('',#10614,#8599,#8600);
#6960=AXIS2_PLACEMENT_3D('',#10617,#8602,#8603);
#6961=AXIS2_PLACEMENT_3D('',#10618,#8604,#8605);
#6962=AXIS2_PLACEMENT_3D('',#10621,#8607,#8608);
#6963=AXIS2_PLACEMENT_3D('',#10625,#8611,#8612);
#6964=AXIS2_PLACEMENT_3D('',#10626,#8613,#8614);
#6965=AXIS2_PLACEMENT_3D('',#10629,#8616,#8617);
#6966=AXIS2_PLACEMENT_3D('',#10633,#8620,#8621);
#6967=AXIS2_PLACEMENT_3D('',#10634,#8622,#8623);
#6968=AXIS2_PLACEMENT_3D('',#10637,#8625,#8626);
#6969=AXIS2_PLACEMENT_3D('',#10641,#8629,#8630);
#6970=AXIS2_PLACEMENT_3D('',#10642,#8631,#8632);
#6971=AXIS2_PLACEMENT_3D('',#10643,#8633,#8634);
#6972=AXIS2_PLACEMENT_3D('',#10644,#8635,#8636);
#6973=AXIS2_PLACEMENT_3D('',#10647,#8638,#8639);
#6974=AXIS2_PLACEMENT_3D('',#10650,#8641,#8642);
#6975=AXIS2_PLACEMENT_3D('',#10651,#8643,#8644);
#6976=AXIS2_PLACEMENT_3D('',#10654,#8646,#8647);
#6977=AXIS2_PLACEMENT_3D('',#10655,#8648,#8649);
#6978=AXIS2_PLACEMENT_3D('',#10658,#8651,#8652);
#6979=AXIS2_PLACEMENT_3D('',#10662,#8655,#8656);
#6980=AXIS2_PLACEMENT_3D('',#10663,#8657,#8658);
#6981=AXIS2_PLACEMENT_3D('',#10666,#8660,#8661);
#6982=AXIS2_PLACEMENT_3D('',#10670,#8664,#8665);
#6983=AXIS2_PLACEMENT_3D('',#10671,#8666,#8667);
#6984=AXIS2_PLACEMENT_3D('',#10674,#8669,#8670);
#6985=AXIS2_PLACEMENT_3D('',#10676,#8672,#8673);
#6986=AXIS2_PLACEMENT_3D('',#10682,#8677,#8678);
#6987=AXIS2_PLACEMENT_3D('',#10683,#8679,#8680);
#6988=AXIS2_PLACEMENT_3D('',#10686,#8682,#8683);
#6989=AXIS2_PLACEMENT_3D('',#10690,#8686,#8687);
#6990=AXIS2_PLACEMENT_3D('',#10691,#8688,#8689);
#6991=AXIS2_PLACEMENT_3D('',#10694,#8691,#8692);
#6992=AXIS2_PLACEMENT_3D('',#10698,#8695,#8696);
#6993=AXIS2_PLACEMENT_3D('',#10699,#8697,#8698);
#6994=AXIS2_PLACEMENT_3D('',#10702,#8700,#8701);
#6995=AXIS2_PLACEMENT_3D('',#10706,#8704,#8705);
#6996=AXIS2_PLACEMENT_3D('',#10707,#8706,#8707);
#6997=AXIS2_PLACEMENT_3D('',#10710,#8709,#8710);
#6998=AXIS2_PLACEMENT_3D('',#10711,#8711,#8712);
#6999=AXIS2_PLACEMENT_3D('',#10714,#8714,#8715);
#7000=AXIS2_PLACEMENT_3D('',#10715,#8716,#8717);
#7001=AXIS2_PLACEMENT_3D('',#10716,#8718,#8719);
#7002=AXIS2_PLACEMENT_3D('',#10722,#8723,#8724);
#7003=AXIS2_PLACEMENT_3D('',#10723,#8725,#8726);
#7004=AXIS2_PLACEMENT_3D('',#10726,#8728,#8729);
#7005=AXIS2_PLACEMENT_3D('',#10730,#8732,#8733);
#7006=AXIS2_PLACEMENT_3D('',#10731,#8734,#8735);
#7007=AXIS2_PLACEMENT_3D('',#10732,#8736,#8737);
#7008=AXIS2_PLACEMENT_3D('',#10733,#8738,#8739);
#7009=AXIS2_PLACEMENT_3D('',#10735,#8740,#8741);
#7010=AXIS2_PLACEMENT_3D('',#10741,#8745,#8746);
#7011=AXIS2_PLACEMENT_3D('',#10742,#8747,#8748);
#7012=AXIS2_PLACEMENT_3D('',#10745,#8750,#8751);
#7013=AXIS2_PLACEMENT_3D('',#10746,#8752,#8753);
#7014=AXIS2_PLACEMENT_3D('',#10749,#8755,#8756);
#7015=AXIS2_PLACEMENT_3D('',#10750,#8757,#8758);
#7016=AXIS2_PLACEMENT_3D('',#10753,#8760,#8761);
#7017=AXIS2_PLACEMENT_3D('',#10757,#8764,#8765);
#7018=AXIS2_PLACEMENT_3D('',#10758,#8766,#8767);
#7019=AXIS2_PLACEMENT_3D('',#10761,#8769,#8770);
#7020=AXIS2_PLACEMENT_3D('',#10765,#8773,#8774);
#7021=AXIS2_PLACEMENT_3D('',#10766,#8775,#8776);
#7022=AXIS2_PLACEMENT_3D('',#10767,#8777,#8778);
#7023=AXIS2_PLACEMENT_3D('',#10770,#8780,#8781);
#7024=AXIS2_PLACEMENT_3D('',#10773,#8783,#8784);
#7025=AXIS2_PLACEMENT_3D('',#10774,#8785,#8786);
#7026=AXIS2_PLACEMENT_3D('',#10777,#8788,#8789);
#7027=AXIS2_PLACEMENT_3D('',#10781,#8792,#8793);
#7028=AXIS2_PLACEMENT_3D('',#10782,#8794,#8795);
#7029=AXIS2_PLACEMENT_3D('',#10785,#8797,#8798);
#7030=AXIS2_PLACEMENT_3D('',#10789,#8801,#8802);
#7031=AXIS2_PLACEMENT_3D('',#10790,#8803,#8804);
#7032=AXIS2_PLACEMENT_3D('',#10793,#8806,#8807);
#7033=AXIS2_PLACEMENT_3D('',#10797,#8810,#8811);
#7034=AXIS2_PLACEMENT_3D('',#10798,#8812,#8813);
#7035=AXIS2_PLACEMENT_3D('',#10799,#8814,#8815);
#7036=AXIS2_PLACEMENT_3D('',#10805,#8819,#8820);
#7037=AXIS2_PLACEMENT_3D('',#10806,#8821,#8822);
#7038=AXIS2_PLACEMENT_3D('',#10809,#8824,#8825);
#7039=AXIS2_PLACEMENT_3D('',#10813,#8828,#8829);
#7040=AXIS2_PLACEMENT_3D('',#10814,#8830,#8831);
#7041=AXIS2_PLACEMENT_3D('',#10817,#8833,#8834);
#7042=AXIS2_PLACEMENT_3D('',#10818,#8835,#8836);
#7043=AXIS2_PLACEMENT_3D('',#10821,#8838,#8839);
#7044=AXIS2_PLACEMENT_3D('',#10822,#8840,#8841);
#7045=AXIS2_PLACEMENT_3D('',#10825,#8843,#8844);
#7046=AXIS2_PLACEMENT_3D('',#10829,#8847,#8848);
#7047=AXIS2_PLACEMENT_3D('',#10830,#8849,#8850);
#7048=AXIS2_PLACEMENT_3D('',#10831,#8851,#8852);
#7049=AXIS2_PLACEMENT_3D('',#10837,#8856,#8857);
#7050=AXIS2_PLACEMENT_3D('',#10838,#8858,#8859);
#7051=AXIS2_PLACEMENT_3D('',#10841,#8861,#8862);
#7052=AXIS2_PLACEMENT_3D('',#10845,#8865,#8866);
#7053=AXIS2_PLACEMENT_3D('',#10846,#8867,#8868);
#7054=AXIS2_PLACEMENT_3D('',#10849,#8870,#8871);
#7055=AXIS2_PLACEMENT_3D('',#10853,#8874,#8875);
#7056=AXIS2_PLACEMENT_3D('',#10854,#8876,#8877);
#7057=AXIS2_PLACEMENT_3D('',#10857,#8879,#8880);
#7058=AXIS2_PLACEMENT_3D('',#10858,#8881,#8882);
#7059=AXIS2_PLACEMENT_3D('',#10861,#8884,#8885);
#7060=AXIS2_PLACEMENT_3D('',#10862,#8886,#8887);
#7061=AXIS2_PLACEMENT_3D('',#10865,#8889,#8890);
#7062=AXIS2_PLACEMENT_3D('',#10869,#8893,#8894);
#7063=AXIS2_PLACEMENT_3D('',#10870,#8895,#8896);
#7064=AXIS2_PLACEMENT_3D('',#10871,#8897,#8898);
#7065=AXIS2_PLACEMENT_3D('',#10874,#8900,#8901);
#7066=AXIS2_PLACEMENT_3D('',#10877,#8903,#8904);
#7067=AXIS2_PLACEMENT_3D('',#10881,#8907,#8908);
#7068=AXIS2_PLACEMENT_3D('',#10882,#8909,#8910);
#7069=AXIS2_PLACEMENT_3D('',#10885,#8912,#8913);
#7070=AXIS2_PLACEMENT_3D('',#10886,#8914,#8915);
#7071=AXIS2_PLACEMENT_3D('',#10889,#8917,#8918);
#7072=AXIS2_PLACEMENT_3D('',#10890,#8919,#8920);
#7073=AXIS2_PLACEMENT_3D('',#10893,#8922,#8923);
#7074=AXIS2_PLACEMENT_3D('',#10897,#8926,#8927);
#7075=AXIS2_PLACEMENT_3D('',#10898,#8928,#8929);
#7076=AXIS2_PLACEMENT_3D('',#10901,#8931,#8932);
#7077=AXIS2_PLACEMENT_3D('',#10903,#8934,#8935);
#7078=AXIS2_PLACEMENT_3D('',#10909,#8939,#8940);
#7079=AXIS2_PLACEMENT_3D('',#10910,#8941,#8942);
#7080=AXIS2_PLACEMENT_3D('',#10913,#8944,#8945);
#7081=AXIS2_PLACEMENT_3D('',#10917,#8948,#8949);
#7082=AXIS2_PLACEMENT_3D('',#10918,#8950,#8951);
#7083=AXIS2_PLACEMENT_3D('',#10921,#8953,#8954);
#7084=AXIS2_PLACEMENT_3D('',#10925,#8957,#8958);
#7085=AXIS2_PLACEMENT_3D('',#10926,#8959,#8960);
#7086=AXIS2_PLACEMENT_3D('',#10929,#8962,#8963);
#7087=AXIS2_PLACEMENT_3D('',#10933,#8966,#8967);
#7088=AXIS2_PLACEMENT_3D('',#10934,#8968,#8969);
#7089=AXIS2_PLACEMENT_3D('',#10937,#8971,#8972);
#7090=AXIS2_PLACEMENT_3D('',#10938,#8973,#8974);
#7091=AXIS2_PLACEMENT_3D('',#10941,#8976,#8977);
#7092=AXIS2_PLACEMENT_3D('',#10942,#8978,#8979);
#7093=AXIS2_PLACEMENT_3D('',#10945,#8981,#8982);
#7094=AXIS2_PLACEMENT_3D('',#10949,#8985,#8986);
#7095=AXIS2_PLACEMENT_3D('',#10950,#8987,#8988);
#7096=AXIS2_PLACEMENT_3D('',#10951,#8989,#8990);
#7097=AXIS2_PLACEMENT_3D('',#10957,#8994,#8995);
#7098=AXIS2_PLACEMENT_3D('',#10958,#8996,#8997);
#7099=AXIS2_PLACEMENT_3D('',#10961,#8999,#9000);
#7100=AXIS2_PLACEMENT_3D('',#10965,#9003,#9004);
#7101=AXIS2_PLACEMENT_3D('',#10966,#9005,#9006);
#7102=AXIS2_PLACEMENT_3D('',#10969,#9008,#9009);
#7103=AXIS2_PLACEMENT_3D('',#10973,#9012,#9013);
#7104=AXIS2_PLACEMENT_3D('',#10974,#9014,#9015);
#7105=AXIS2_PLACEMENT_3D('',#10977,#9017,#9018);
#7106=AXIS2_PLACEMENT_3D('',#10981,#9021,#9022);
#7107=AXIS2_PLACEMENT_3D('',#10982,#9023,#9024);
#7108=AXIS2_PLACEMENT_3D('',#10985,#9026,#9027);
#7109=AXIS2_PLACEMENT_3D('',#10986,#9028,#9029);
#7110=AXIS2_PLACEMENT_3D('',#10989,#9031,#9032);
#7111=AXIS2_PLACEMENT_3D('',#10990,#9033,#9034);
#7112=AXIS2_PLACEMENT_3D('',#10991,#9035,#9036);
#7113=AXIS2_PLACEMENT_3D('',#10994,#9038,#9039);
#7114=AXIS2_PLACEMENT_3D('',#10997,#9041,#9042);
#7115=AXIS2_PLACEMENT_3D('',#10998,#9043,#9044);
#7116=AXIS2_PLACEMENT_3D('',#11001,#9046,#9047);
#7117=AXIS2_PLACEMENT_3D('',#11005,#9050,#9051);
#7118=AXIS2_PLACEMENT_3D('',#11006,#9052,#9053);
#7119=AXIS2_PLACEMENT_3D('',#11009,#9055,#9056);
#7120=AXIS2_PLACEMENT_3D('',#11013,#9059,#9060);
#7121=AXIS2_PLACEMENT_3D('',#11014,#9061,#9062);
#7122=AXIS2_PLACEMENT_3D('',#11017,#9064,#9065);
#7123=AXIS2_PLACEMENT_3D('',#11021,#9068,#9069);
#7124=AXIS2_PLACEMENT_3D('',#11022,#9070,#9071);
#7125=AXIS2_PLACEMENT_3D('',#11023,#9072,#9073);
#7126=AXIS2_PLACEMENT_3D('',#11024,#9074,#9075);
#7127=AXIS2_PLACEMENT_3D('',#11025,#9076,#9077);
#7128=AXIS2_PLACEMENT_3D('',#11027,#9079,#9080);
#7129=AXIS2_PLACEMENT_3D('',#11028,#9081,#9082);
#7130=AXIS2_PLACEMENT_3D('',#11030,#9083,#9084);
#7131=AXIS2_PLACEMENT_3D('',#11031,#9085,#9086);
#7132=AXIS2_PLACEMENT_3D('',#11032,#9087,#9088);
#7133=AXIS2_PLACEMENT_3D('',#11033,#9089,#9090);
#7134=AXIS2_PLACEMENT_3D('',#11034,#9091,#9092);
#7135=AXIS2_PLACEMENT_3D('',#11035,#9093,#9094);
#7136=AXIS2_PLACEMENT_3D('',#11036,#9095,#9096);
#7137=AXIS2_PLACEMENT_3D('',#11037,#9097,#9098);
#7138=AXIS2_PLACEMENT_3D('',#11038,#9099,#9100);
#7139=AXIS2_PLACEMENT_3D('',#11039,#9101,#9102);
#7140=AXIS2_PLACEMENT_3D('',#11040,#9103,#9104);
#7141=AXIS2_PLACEMENT_3D('',#11041,#9105,#9106);
#7142=AXIS2_PLACEMENT_3D('',#11042,#9107,#9108);
#7143=AXIS2_PLACEMENT_3D('',#11043,#9109,#9110);
#7144=AXIS2_PLACEMENT_3D('',#11045,#9111,#9112);
#7145=AXIS2_PLACEMENT_3D('',#11046,#9113,#9114);
#7146=AXIS2_PLACEMENT_3D('',#11047,#9115,#9116);
#7147=AXIS2_PLACEMENT_3D('',#11048,#9117,#9118);
#7148=AXIS2_PLACEMENT_3D('',#11049,#9119,#9120);
#7149=AXIS2_PLACEMENT_3D('',#11050,#9121,#9122);
#7150=AXIS2_PLACEMENT_3D('',#11051,#9123,#9124);
#7151=AXIS2_PLACEMENT_3D('',#11052,#9125,#9126);
#7152=AXIS2_PLACEMENT_3D('',#11053,#9127,#9128);
#7153=AXIS2_PLACEMENT_3D('',#11054,#9129,#9130);
#7154=AXIS2_PLACEMENT_3D('',#11056,#9131,#9132);
#7155=AXIS2_PLACEMENT_3D('',#11057,#9133,#9134);
#7156=AXIS2_PLACEMENT_3D('',#11059,#9135,#9136);
#7157=AXIS2_PLACEMENT_3D('',#11060,#9137,#9138);
#7158=AXIS2_PLACEMENT_3D('',#11066,#9142,#9143);
#7159=AXIS2_PLACEMENT_3D('',#11072,#9147,#9148);
#7160=AXIS2_PLACEMENT_3D('',#11078,#9152,#9153);
#7161=AXIS2_PLACEMENT_3D('',#11084,#9157,#9158);
#7162=AXIS2_PLACEMENT_3D('',#11085,#9159,#9160);
#7163=AXIS2_PLACEMENT_3D('',#11090,#9163,#9164);
#7164=AXIS2_PLACEMENT_3D('',#11091,#9165,#9166);
#7165=AXIS2_PLACEMENT_3D('',#11092,#9167,#9168);
#7166=AXIS2_PLACEMENT_3D('',#11093,#9169,#9170);
#7167=AXIS2_PLACEMENT_3D('',#11094,#9171,#9172);
#7168=AXIS2_PLACEMENT_3D('',#11095,#9173,#9174);
#7169=AXIS2_PLACEMENT_3D('',#11096,#9175,#9176);
#7170=AXIS2_PLACEMENT_3D('',#11097,#9177,#9178);
#7171=AXIS2_PLACEMENT_3D('',#11098,#9179,#9180);
#7172=AXIS2_PLACEMENT_3D('',#11099,#9181,#9182);
#7173=AXIS2_PLACEMENT_3D('',#11100,#9183,#9184);
#7174=AXIS2_PLACEMENT_3D('',#11101,#9185,#9186);
#7175=DIRECTION('',(0.,0.,1.));
#7176=DIRECTION('',(1.,0.,0.));
#7177=DIRECTION('',(0.,0.,-1.));
#7178=DIRECTION('',(1.,0.,0.));
#7179=DIRECTION('',(0.,0.,-1.));
#7180=DIRECTION('',(0.,0.,1.));
#7181=DIRECTION('',(1.,0.,0.));
#7182=DIRECTION('',(0.,0.,1.));
#7183=DIRECTION('',(0.,0.,1.));
#7184=DIRECTION('',(-1.,0.,0.));
#7185=DIRECTION('',(0.,0.,1.));
#7186=DIRECTION('',(1.,0.,0.));
#7187=DIRECTION('',(0.,0.,1.));
#7188=DIRECTION('',(0.,0.,-1.));
#7189=DIRECTION('',(1.,0.,0.));
#7190=DIRECTION('',(0.,0.,-1.));
#7191=DIRECTION('',(0.,0.,-1.));
#7192=DIRECTION('',(1.,0.,0.));
#7193=DIRECTION('',(0.,0.,-1.));
#7194=DIRECTION('',(1.,0.,0.));
#7195=DIRECTION('',(0.,0.,-1.));
#7196=DIRECTION('',(0.,0.,1.));
#7197=DIRECTION('',(1.,0.,0.));
#7198=DIRECTION('',(0.,0.,1.));
#7199=DIRECTION('',(0.,0.,1.));
#7200=DIRECTION('',(-1.,0.,0.));
#7201=DIRECTION('',(0.,0.,1.));
#7202=DIRECTION('',(1.,0.,0.));
#7203=DIRECTION('',(0.,0.,1.));
#7204=DIRECTION('',(0.,0.,-1.));
#7205=DIRECTION('',(1.,0.,0.));
#7206=DIRECTION('',(0.,0.,-1.));
#7207=DIRECTION('',(0.,0.,-1.));
#7208=DIRECTION('',(1.,0.,0.));
#7209=DIRECTION('',(-0.707106781186548,-0.707106781186548,0.));
#7210=DIRECTION('',(0.707106781186548,0.707106781186548,0.));
#7211=DIRECTION('',(-0.707106781186548,0.707106781186548,0.));
#7212=DIRECTION('',(0.,0.,1.));
#7213=DIRECTION('',(0.707106781186548,-0.707106781186548,0.));
#7214=DIRECTION('',(-0.707106781186548,0.707106781186548,0.));
#7215=DIRECTION('',(-0.707106781186548,-0.707106781186548,0.));
#7216=DIRECTION('',(0.,0.,1.));
#7217=DIRECTION('',(0.,0.,-1.));
#7218=DIRECTION('',(1.,0.,0.));
#7219=DIRECTION('',(0.,0.,1.));
#7220=DIRECTION('',(1.,0.,0.));
#7221=DIRECTION('',(0.,0.,-1.));
#7222=DIRECTION('',(-1.,0.,0.));
#7223=DIRECTION('',(0.,0.,1.));
#7224=DIRECTION('',(1.,0.,0.));
#7225=DIRECTION('',(0.,0.,-1.));
#7226=DIRECTION('',(0.,0.,-1.));
#7227=DIRECTION('',(1.,0.,0.));
#7228=DIRECTION('',(0.,0.,1.));
#7229=DIRECTION('',(0.,0.,1.));
#7230=DIRECTION('',(1.,0.,0.));
#7231=DIRECTION('',(0.,0.,1.));
#7232=DIRECTION('',(-1.,0.,0.));
#7233=DIRECTION('',(0.,0.,-1.));
#7234=DIRECTION('',(0.,0.,-1.));
#7235=DIRECTION('',(1.,0.,0.));
#7236=DIRECTION('',(0.,0.,1.));
#7237=DIRECTION('',(0.,0.,1.));
#7238=DIRECTION('',(1.,0.,0.));
#7239=DIRECTION('',(1.,0.,0.));
#7240=DIRECTION('',(0.,0.,1.));
#7241=DIRECTION('',(-1.,0.,0.));
#7242=DIRECTION('',(0.,-1.,0.));
#7243=DIRECTION('',(-1.,0.,0.));
#7244=DIRECTION('',(0.707106781186548,-0.707106781186547,0.));
#7245=DIRECTION('',(0.,0.,1.));
#7246=DIRECTION('',(-0.707106781186549,0.707106781186546,0.));
#7247=DIRECTION('',(0.,0.,-1.));
#7248=DIRECTION('',(-0.707106781186547,-0.707106781186548,0.));
#7249=DIRECTION('',(0.,0.,-1.));
#7250=DIRECTION('',(0.,0.,-1.));
#7251=DIRECTION('',(1.,0.,0.));
#7252=DIRECTION('',(0.,0.,1.));
#7253=DIRECTION('',(1.,0.,0.));
#7254=DIRECTION('',(0.,0.,-1.));
#7255=DIRECTION('',(0.,0.,1.));
#7256=DIRECTION('',(1.,0.,0.));
#7257=DIRECTION('',(0.,0.,1.));
#7258=DIRECTION('',(-0.330413280204572,0.943836354599914,0.));
#7259=DIRECTION('',(0.650791373455968,-0.759256602365297,0.));
#7260=DIRECTION('',(0.,0.,-1.));
#7261=DIRECTION('',(1.,0.,0.));
#7262=DIRECTION('',(-0.65079137345597,-0.759256602365295,0.));
#7263=DIRECTION('',(0.,0.,-1.));
#7264=DIRECTION('',(1.,0.,0.));
#7265=DIRECTION('',(0.,0.,-1.));
#7266=DIRECTION('',(1.,0.,0.));
#7267=DIRECTION('',(0.,0.,1.));
#7268=DIRECTION('',(1.,0.,0.));
#7269=DIRECTION('',(0.,0.,-1.));
#7270=DIRECTION('',(-1.,0.,0.));
#7271=DIRECTION('',(0.650791373455968,-0.759256602365297,0.));
#7272=DIRECTION('',(-0.759256602365297,-0.650791373455968,0.));
#7273=DIRECTION('',(-0.650791373455968,0.759256602365297,0.));
#7274=DIRECTION('',(0.,0.,1.));
#7275=DIRECTION('',(1.,0.,0.));
#7276=DIRECTION('',(0.,0.,-1.));
#7277=DIRECTION('',(0.,0.,1.));
#7278=DIRECTION('',(-1.,0.,0.));
#7279=DIRECTION('',(0.,0.,1.));
#7280=DIRECTION('',(1.,0.,0.));
#7281=DIRECTION('',(0.,0.,1.));
#7282=DIRECTION('',(0.,0.,1.));
#7283=DIRECTION('',(1.,0.,0.));
#7284=DIRECTION('',(0.650791373455969,0.759256602365296,0.));
#7285=DIRECTION('',(-0.759256602365296,0.650791373455969,0.));
#7286=DIRECTION('',(0.650791373455969,0.759256602365296,0.));
#7287=DIRECTION('',(0.,0.,1.));
#7288=DIRECTION('',(1.,0.,0.));
#7289=DIRECTION('',(0.,0.,-1.));
#7290=DIRECTION('',(0.,0.,-1.));
#7291=DIRECTION('',(1.,0.,0.));
#7292=DIRECTION('',(0.,0.,1.));
#7293=DIRECTION('',(0.,0.,1.));
#7294=DIRECTION('',(1.,0.,0.));
#7295=DIRECTION('',(0.,0.,1.));
#7296=DIRECTION('',(-1.,0.,0.));
#7297=DIRECTION('',(0.,0.,-1.));
#7298=DIRECTION('',(0.,0.,-1.));
#7299=DIRECTION('',(1.,0.,0.));
#7300=DIRECTION('',(0.,0.,1.));
#7301=DIRECTION('',(0.,0.,1.));
#7302=DIRECTION('',(1.,0.,0.));
#7303=DIRECTION('',(0.,0.,-1.));
#7304=DIRECTION('',(1.,0.,0.));
#7305=DIRECTION('',(0.,0.,1.));
#7306=DIRECTION('',(0.,0.,1.));
#7307=DIRECTION('',(1.,0.,0.));
#7308=DIRECTION('',(0.,0.,-1.));
#7309=DIRECTION('',(0.,0.,1.));
#7310=DIRECTION('',(1.,0.,0.));
#7311=DIRECTION('',(0.650791373455969,0.759256602365296,0.));
#7312=DIRECTION('',(0.,0.,-1.));
#7313=DIRECTION('',(1.,0.,0.));
#7314=DIRECTION('',(2.452289E-18,6.293051E-15,1.));
#7315=DIRECTION('',(0.330413280204572,-0.943836354599914,5.93879998622665E-15));
#7316=DIRECTION('',(-0.65079137345597,0.759256602365296,0.));
#7317=DIRECTION('',(0.707106781186548,0.707106781186548,0.));
#7318=DIRECTION('',(1.,0.,0.));
#7319=DIRECTION('',(0.,0.,-1.));
#7320=DIRECTION('',(1.,0.,0.));
#7321=DIRECTION('',(0.,0.,-1.));
#7322=DIRECTION('',(1.,0.,0.));
#7323=DIRECTION('',(-0.707106781186546,-0.707106781186549,0.));
#7324=DIRECTION('',(-0.707106781186549,0.707106781186546,0.));
#7325=DIRECTION('',(0.,0.,-1.));
#7326=DIRECTION('',(-1.,0.,0.));
#7327=DIRECTION('',(0.,0.,1.));
#7328=DIRECTION('',(0.,1.,0.));
#7329=DIRECTION('',(1.,0.,0.));
#7330=DIRECTION('',(0.,0.,1.));
#7331=DIRECTION('',(1.,0.,0.));
#7332=DIRECTION('',(0.,0.,-1.));
#7333=DIRECTION('',(0.,0.,-1.));
#7334=DIRECTION('',(-1.,0.,0.));
#7335=DIRECTION('',(-0.650791373455968,0.759256602365297,0.));
#7336=DIRECTION('',(0.759256602365297,0.650791373455968,0.));
#7337=DIRECTION('',(0.650791373455968,-0.759256602365297,0.));
#7338=DIRECTION('',(0.,0.,-1.));
#7339=DIRECTION('',(0.,0.,1.));
#7340=DIRECTION('',(1.,0.,0.));
#7341=DIRECTION('',(0.,0.,1.));
#7342=DIRECTION('',(-1.,0.,0.));
#7343=DIRECTION('',(0.,0.,1.));
#7344=DIRECTION('',(1.,0.,0.));
#7345=DIRECTION('',(0.,0.,1.));
#7346=DIRECTION('',(0.,0.,1.));
#7347=DIRECTION('',(1.,0.,0.));
#7348=DIRECTION('',(0.650791373455969,0.759256602365296,0.));
#7349=DIRECTION('',(0.759256602365296,-0.650791373455969,0.));
#7350=DIRECTION('',(-0.650791373455969,-0.759256602365296,0.));
#7351=DIRECTION('',(-0.650791373455969,-0.759256602365296,0.));
#7352=DIRECTION('',(0.,0.,1.));
#7353=DIRECTION('',(-0.65079137345597,-0.759256602365295,0.));
#7354=DIRECTION('',(0.,0.,-1.));
#7355=DIRECTION('',(-0.759256602365296,0.650791373455969,0.));
#7356=DIRECTION('',(0.650791373455969,0.759256602365296,0.));
#7357=DIRECTION('',(0.,0.,1.));
#7358=DIRECTION('',(1.,0.,0.));
#7359=DIRECTION('',(0.,0.,-1.));
#7360=DIRECTION('',(0.,0.,-1.));
#7361=DIRECTION('',(1.,0.,0.));
#7362=DIRECTION('',(0.,0.,1.));
#7363=DIRECTION('',(0.,0.,-1.));
#7364=DIRECTION('',(-1.,0.,0.));
#7365=DIRECTION('',(-0.707106781186546,-0.707106781186549,0.));
#7366=DIRECTION('',(0.,0.,1.));
#7367=DIRECTION('',(0.707106781186548,0.707106781186548,0.));
#7368=DIRECTION('',(-0.707106781186549,0.707106781186546,0.));
#7369=DIRECTION('',(0.,0.,-1.));
#7370=DIRECTION('',(0.,0.,1.));
#7371=DIRECTION('',(-1.,0.,0.));
#7372=DIRECTION('',(0.,0.,-1.));
#7373=DIRECTION('',(0.,0.,-1.));
#7374=DIRECTION('',(1.,0.,0.));
#7375=DIRECTION('',(0.,0.,1.));
#7376=DIRECTION('',(0.,0.,1.));
#7377=DIRECTION('',(1.,0.,0.));
#7378=DIRECTION('',(0.,0.,1.));
#7379=DIRECTION('',(1.,0.,0.));
#7380=DIRECTION('',(0.,0.,1.));
#7381=DIRECTION('',(0.,0.,1.));
#7382=DIRECTION('',(0.882198601690981,0.470877507611564,0.));
#7383=DIRECTION('',(0.,0.,1.));
#7384=DIRECTION('',(-1.,0.,0.));
#7385=DIRECTION('',(-0.70710678118655,0.707106781186545,0.));
#7386=DIRECTION('',(0.,0.,-1.));
#7387=DIRECTION('',(0.707106781186548,-0.707106781186547,0.));
#7388=DIRECTION('',(0.,0.,1.));
#7389=DIRECTION('',(-0.707106781186547,-0.707106781186548,0.));
#7390=DIRECTION('',(0.,0.,-1.));
#7391=DIRECTION('',(0.,0.,-1.));
#7392=DIRECTION('',(1.,0.,0.));
#7393=DIRECTION('',(-0.650791373455968,0.759256602365297,0.));
#7394=DIRECTION('',(0.,0.,-1.));
#7395=DIRECTION('',(1.,0.,0.));
#7396=DIRECTION('',(0.,0.,-1.));
#7397=DIRECTION('',(1.,0.,0.));
#7398=DIRECTION('',(0.,0.,-1.));
#7399=DIRECTION('',(1.,0.,0.));
#7400=DIRECTION('',(0.,1.,0.));
#7401=DIRECTION('',(0.,0.,-1.));
#7402=DIRECTION('',(1.,0.,0.));
#7403=DIRECTION('',(0.,0.,1.));
#7404=DIRECTION('',(1.,0.,0.));
#7405=DIRECTION('',(0.,0.,1.));
#7406=DIRECTION('',(1.,0.,0.));
#7407=DIRECTION('',(0.,0.,1.));
#7408=DIRECTION('',(1.,0.,0.));
#7409=DIRECTION('',(0.,0.,-1.));
#7410=DIRECTION('',(0.,0.,1.));
#7411=DIRECTION('',(1.,0.,0.));
#7412=DIRECTION('',(0.650791373455968,-0.759256602365297,0.));
#7413=DIRECTION('',(0.,0.,-1.));
#7414=DIRECTION('',(0.759256602365297,0.650791373455968,0.));
#7415=DIRECTION('',(0.650791373455968,-0.759256602365297,0.));
#7416=DIRECTION('',(0.,1.,0.));
#7417=DIRECTION('',(-1.,0.,0.));
#7418=DIRECTION('',(0.,1.,0.));
#7419=DIRECTION('',(0.,0.,1.));
#7420=DIRECTION('',(-1.,0.,0.));
#7421=DIRECTION('',(0.,0.,-1.));
#7422=DIRECTION('',(-1.,0.,0.));
#7423=DIRECTION('',(0.,0.,1.));
#7424=DIRECTION('',(-1.,0.,0.));
#7425=DIRECTION('',(0.,0.,1.));
#7426=DIRECTION('',(1.,0.,0.));
#7427=DIRECTION('',(0.,0.,1.));
#7428=DIRECTION('',(1.,0.,0.));
#7429=DIRECTION('',(0.,0.,-1.));
#7430=DIRECTION('',(0.,0.,-1.));
#7431=DIRECTION('',(1.,0.,0.));
#7432=DIRECTION('',(0.,0.,1.));
#7433=DIRECTION('',(0.,0.,1.));
#7434=DIRECTION('',(1.,0.,0.));
#7435=DIRECTION('',(0.,0.,1.));
#7436=DIRECTION('',(1.,0.,0.));
#7437=DIRECTION('',(0.,0.,-1.));
#7438=DIRECTION('',(0.,0.,-1.));
#7439=DIRECTION('',(1.,0.,0.));
#7440=DIRECTION('',(0.,0.,1.));
#7441=DIRECTION('',(0.,0.,1.));
#7442=DIRECTION('',(1.,0.,0.));
#7443=DIRECTION('',(0.,0.,1.));
#7444=DIRECTION('',(1.,0.,0.));
#7445=DIRECTION('',(0.,0.,-1.));
#7446=DIRECTION('',(0.,0.,-1.));
#7447=DIRECTION('',(1.,0.,0.));
#7448=DIRECTION('',(0.,0.,1.));
#7449=DIRECTION('',(0.,0.,-1.));
#7450=DIRECTION('',(-1.,0.,0.));
#7451=DIRECTION('',(0.,-1.,0.));
#7452=DIRECTION('',(0.,0.,1.));
#7453=DIRECTION('',(0.,-1.,0.));
#7454=DIRECTION('',(-1.,0.,0.));
#7455=DIRECTION('',(0.,1.,0.));
#7456=DIRECTION('',(-1.121429E-14,-2.730399E-15,1.));
#7457=DIRECTION('',(-0.882198601690982,-0.470877507611562,-1.11789176211325E-14));
#7458=DIRECTION('',(0.650791373455969,0.759256602365296,0.));
#7459=DIRECTION('',(0.,0.,-1.));
#7460=DIRECTION('',(1.,0.,0.));
#7461=DIRECTION('',(0.676486861232715,-0.736454700969115,0.));
#7462=DIRECTION('',(0.,0.,-1.));
#7463=DIRECTION('',(1.,0.,0.));
#7464=DIRECTION('',(0.650791373455969,0.759256602365296,0.));
#7465=DIRECTION('',(0.759256602365296,-0.650791373455969,0.));
#7466=DIRECTION('',(-0.650791373455969,-0.759256602365296,0.));
#7467=DIRECTION('',(0.,0.,-1.));
#7468=DIRECTION('',(1.,0.,0.));
#7469=DIRECTION('',(0.,0.,1.));
#7470=DIRECTION('',(-1.,0.,0.));
#7471=DIRECTION('',(0.,0.,-1.));
#7472=DIRECTION('',(-0.676486861232715,0.736454700969115,0.));
#7473=DIRECTION('',(-0.736454700969115,-0.676486861232715,0.));
#7474=DIRECTION('',(-0.676486861232715,0.736454700969115,0.));
#7475=DIRECTION('',(0.,0.,1.));
#7476=DIRECTION('',(1.,0.,0.));
#7477=DIRECTION('',(0.,0.,-1.));
#7478=DIRECTION('',(-1.,0.,0.));
#7479=DIRECTION('',(1.,0.,0.));
#7480=DIRECTION('',(0.,0.,-1.));
#7481=DIRECTION('',(1.,0.,0.));
#7482=DIRECTION('',(0.,0.,1.));
#7483=DIRECTION('',(0.,-1.,0.));
#7484=DIRECTION('',(-1.,0.,0.));
#7485=DIRECTION('',(0.,0.,1.));
#7486=DIRECTION('',(1.,0.,0.));
#7487=DIRECTION('',(0.,0.,1.));
#7488=DIRECTION('',(0.,0.,1.));
#7489=DIRECTION('',(1.,0.,0.));
#7490=DIRECTION('',(0.,0.,-1.));
#7491=DIRECTION('',(1.,0.,0.));
#7492=DIRECTION('',(0.,0.,1.));
#7493=DIRECTION('',(1.,0.,0.));
#7494=DIRECTION('',(0.,0.,-1.));
#7495=DIRECTION('',(0.,0.,-1.));
#7496=DIRECTION('',(-1.,0.,0.));
#7497=DIRECTION('',(0.,0.,1.));
#7498=DIRECTION('',(0.,0.,-1.));
#7499=DIRECTION('',(1.,0.,0.));
#7500=DIRECTION('',(0.,0.,1.));
#7501=DIRECTION('',(1.,0.,0.));
#7502=DIRECTION('',(0.,0.,1.));
#7503=DIRECTION('',(0.,0.,1.));
#7504=DIRECTION('',(1.,0.,0.));
#7505=DIRECTION('',(0.,0.,-1.));
#7506=DIRECTION('',(0.,0.,-1.));
#7507=DIRECTION('',(1.,0.,0.));
#7508=DIRECTION('',(0.65079137345597,0.759256602365295,0.));
#7509=DIRECTION('',(-0.650791373455969,-0.759256602365296,0.));
#7510=DIRECTION('',(-0.759256602365296,0.650791373455969,0.));
#7511=DIRECTION('',(0.650791373455969,0.759256602365296,0.));
#7512=DIRECTION('',(0.,0.,-1.));
#7513=DIRECTION('',(-0.330413280204572,0.943836354599914,0.));
#7514=DIRECTION('',(0.707106781186549,-0.707106781186546,0.));
#7515=DIRECTION('',(0.,0.,1.));
#7516=DIRECTION('',(1.,0.,0.));
#7517=DIRECTION('',(-0.650791373455968,0.759256602365297,0.));
#7518=DIRECTION('',(0.,0.,1.));
#7519=DIRECTION('',(1.,0.,0.));
#7520=DIRECTION('',(0.,0.,1.));
#7521=DIRECTION('',(1.,0.,0.));
#7522=DIRECTION('',(0.,0.,1.));
#7523=DIRECTION('',(1.,0.,0.));
#7524=DIRECTION('',(0.,0.,1.));
#7525=DIRECTION('',(0.,0.,-1.));
#7526=DIRECTION('',(-1.,0.,0.));
#7527=DIRECTION('',(0.707106781186549,-0.707106781186546,0.));
#7528=DIRECTION('',(0.,0.,-1.));
#7529=DIRECTION('',(-0.707106781186547,-0.707106781186548,0.));
#7530=DIRECTION('',(0.,0.,1.));
#7531=DIRECTION('',(0.,0.,-1.));
#7532=DIRECTION('',(-1.,0.,0.));
#7533=DIRECTION('',(0.,0.,1.));
#7534=DIRECTION('',(-1.,0.,0.));
#7535=DIRECTION('',(0.,0.,1.));
#7536=DIRECTION('',(1.,0.,0.));
#7537=DIRECTION('',(0.,0.,-1.));
#7538=DIRECTION('',(0.,0.,-1.));
#7539=DIRECTION('',(1.,0.,0.));
#7540=DIRECTION('',(-0.650791373455968,0.759256602365297,0.));
#7541=DIRECTION('',(-0.759256602365297,-0.650791373455968,0.));
#7542=DIRECTION('',(-0.650791373455968,0.759256602365297,0.));
#7543=DIRECTION('',(0.,0.,-1.));
#7544=DIRECTION('',(-1.,0.,0.));
#7545=DIRECTION('',(0.,0.,1.));
#7546=DIRECTION('',(0.,0.,1.));
#7547=DIRECTION('',(1.,0.,0.));
#7548=DIRECTION('',(0.,0.,-1.));
#7549=DIRECTION('',(0.,0.,1.));
#7550=DIRECTION('',(-1.,0.,0.));
#7551=DIRECTION('',(0.,0.,-1.));
#7552=DIRECTION('',(-1.,0.,0.));
#7553=DIRECTION('',(0.,0.,1.));
#7554=DIRECTION('',(0.,0.,1.));
#7555=DIRECTION('',(1.,0.,0.));
#7556=DIRECTION('',(0.,0.,-1.));
#7557=DIRECTION('',(0.,0.,1.));
#7558=DIRECTION('',(-1.,0.,0.));
#7559=DIRECTION('',(0.,1.,0.));
#7560=DIRECTION('',(0.,1.,0.));
#7561=DIRECTION('',(-1.,0.,0.));
#7562=DIRECTION('',(0.,1.,0.));
#7563=DIRECTION('',(0.,0.,1.));
#7564=DIRECTION('',(1.,0.,0.));
#7565=DIRECTION('',(0.,0.,1.));
#7566=DIRECTION('',(0.,0.,1.));
#7567=DIRECTION('',(1.,0.,0.));
#7568=DIRECTION('',(0.,0.,-1.));
#7569=DIRECTION('',(0.,0.,-1.));
#7570=DIRECTION('',(1.,0.,0.));
#7571=DIRECTION('',(0.,0.,1.));
#7572=DIRECTION('',(1.,0.,0.));
#7573=DIRECTION('',(0.,0.,-1.));
#7574=DIRECTION('',(-1.121429E-14,-2.730399E-15,-1.));
#7575=DIRECTION('',(-0.882198601690982,-0.470877507611562,1.11789176211325E-14));
#7576=DIRECTION('',(0.,0.,-1.));
#7577=DIRECTION('',(-1.,0.,0.));
#7578=DIRECTION('',(0.,0.,1.));
#7579=DIRECTION('',(1.,0.,0.));
#7580=DIRECTION('',(-0.676486861232715,0.736454700969115,0.));
#7581=DIRECTION('',(-0.650791373455969,-0.759256602365296,0.));
#7582=DIRECTION('',(0.,0.,1.));
#7583=DIRECTION('',(1.,0.,0.));
#7584=DIRECTION('',(0.650791373455969,0.759256602365296,0.));
#7585=DIRECTION('',(0.759256602365296,-0.650791373455969,0.));
#7586=DIRECTION('',(-0.650791373455969,-0.759256602365296,0.));
#7587=DIRECTION('',(0.,0.,1.));
#7588=DIRECTION('',(1.,0.,0.));
#7589=DIRECTION('',(0.,0.,1.));
#7590=DIRECTION('',(0.,0.,-1.));
#7591=DIRECTION('',(1.,0.,0.));
#7592=DIRECTION('',(0.676486861232715,-0.736454700969115,0.));
#7593=DIRECTION('',(-0.736454700969115,-0.676486861232715,0.));
#7594=DIRECTION('',(-0.676486861232715,0.736454700969115,0.));
#7595=DIRECTION('',(0.70710678118655,-0.707106781186545,0.));
#7596=DIRECTION('',(0.,0.,1.));
#7597=DIRECTION('',(0.70710678118655,-0.707106781186545,0.));
#7598=DIRECTION('',(0.,0.,-1.));
#7599=DIRECTION('',(-0.707106781186547,-0.707106781186548,0.));
#7600=DIRECTION('',(0.,0.,1.));
#7601=DIRECTION('',(0.,0.,-1.));
#7602=DIRECTION('',(1.,0.,0.));
#7603=DIRECTION('',(0.,0.,1.));
#7604=DIRECTION('',(0.,0.,1.));
#7605=DIRECTION('',(1.,0.,0.));
#7606=DIRECTION('',(0.,0.,-1.));
#7607=DIRECTION('',(0.,0.,-1.));
#7608=DIRECTION('',(1.,0.,0.));
#7609=DIRECTION('',(-0.650791373455968,0.759256602365297,0.));
#7610=DIRECTION('',(0.,0.,-1.));
#7611=DIRECTION('',(0.650791373455968,-0.759256602365297,0.));
#7612=DIRECTION('',(0.759256602365297,0.650791373455968,0.));
#7613=DIRECTION('',(0.650791373455968,-0.759256602365297,0.));
#7614=DIRECTION('',(-0.650791373455969,-0.759256602365296,0.));
#7615=DIRECTION('',(0.,0.,-1.));
#7616=DIRECTION('',(0.65079137345597,0.759256602365295,0.));
#7617=DIRECTION('',(0.,0.,1.));
#7618=DIRECTION('',(-0.759256602365296,0.650791373455969,0.));
#7619=DIRECTION('',(0.650791373455969,0.759256602365296,0.));
#7620=DIRECTION('',(0.,0.,1.));
#7621=DIRECTION('',(1.,0.,0.));
#7622=DIRECTION('',(0.,0.,1.));
#7623=DIRECTION('',(0.,0.,1.));
#7624=DIRECTION('',(1.,0.,0.));
#7625=DIRECTION('',(0.,0.,-1.));
#7626=DIRECTION('',(1.,0.,0.));
#7627=DIRECTION('',(0.,-1.,0.));
#7628=DIRECTION('',(0.,0.,1.));
#7629=DIRECTION('',(0.,-1.,0.));
#7630=DIRECTION('',(0.,0.,-1.));
#7631=DIRECTION('',(-1.,0.,0.));
#7632=DIRECTION('',(0.,1.,0.));
#7633=DIRECTION('',(-0.707106781186548,-0.707106781186548,0.));
#7634=DIRECTION('',(0.,0.,1.));
#7635=DIRECTION('',(1.,0.,0.));
#7636=DIRECTION('',(0.,0.,1.));
#7637=DIRECTION('',(1.,0.,0.));
#7638=DIRECTION('',(0.,0.,1.));
#7639=DIRECTION('',(1.,0.,0.));
#7640=DIRECTION('',(0.,0.,-1.));
#7641=DIRECTION('',(0.882198601690981,0.470877507611564,0.));
#7642=DIRECTION('',(0.,0.,1.));
#7643=DIRECTION('',(1.,0.,0.));
#7644=DIRECTION('',(0.,0.,1.));
#7645=DIRECTION('',(1.,0.,0.));
#7646=DIRECTION('',(0.,0.,1.));
#7647=DIRECTION('',(1.,0.,0.));
#7648=DIRECTION('',(0.,0.,-1.));
#7649=DIRECTION('',(0.,0.,1.));
#7650=DIRECTION('',(-1.,0.,0.));
#7651=DIRECTION('',(0.,0.,1.));
#7652=DIRECTION('',(1.,0.,0.));
#7653=DIRECTION('',(0.,0.,-1.));
#7654=DIRECTION('',(1.,0.,0.));
#7655=DIRECTION('',(0.,0.,-1.));
#7656=DIRECTION('',(1.,0.,0.));
#7657=DIRECTION('',(0.,0.,-1.));
#7658=DIRECTION('',(1.,0.,0.));
#7659=DIRECTION('',(-0.707106781186546,-0.707106781186549,0.));
#7660=DIRECTION('',(0.,0.,1.));
#7661=DIRECTION('',(-0.707106781186549,0.707106781186546,0.));
#7662=DIRECTION('',(0.,0.,1.));
#7663=DIRECTION('',(0.,0.,1.));
#7664=DIRECTION('',(0.882198601690981,0.470877507611564,0.));
#7665=DIRECTION('',(0.,0.,-1.));
#7666=DIRECTION('',(-1.,0.,0.));
#7667=DIRECTION('',(0.,0.,-1.));
#7668=DIRECTION('',(-1.,0.,0.));
#7669=DIRECTION('',(0.,0.,1.));
#7670=DIRECTION('',(-1.,0.,0.));
#7671=DIRECTION('',(0.,0.,1.));
#7672=DIRECTION('',(-1.,0.,0.));
#7673=DIRECTION('',(0.,0.,-1.));
#7674=DIRECTION('',(-1.,0.,0.));
#7675=DIRECTION('',(0.,0.,1.));
#7676=DIRECTION('',(-0.999999999999999,0.,0.));
#7677=DIRECTION('',(0.650791373455969,-0.759256602365296,0.));
#7678=DIRECTION('',(0.,0.,1.));
#7679=DIRECTION('',(1.,0.,0.));
#7680=DIRECTION('',(0.,1.,0.));
#7681=DIRECTION('',(0.,0.,1.));
#7682=DIRECTION('',(1.,0.,0.));
#7683=DIRECTION('',(-0.676486861232715,-0.736454700969115,0.));
#7684=DIRECTION('',(0.,0.,1.));
#7685=DIRECTION('',(-0.999999999999999,0.,0.));
#7686=DIRECTION('',(-0.650791373455969,-0.759256602365296,0.));
#7687=DIRECTION('',(0.,0.,1.));
#7688=DIRECTION('',(0.999999999999999,0.,0.));
#7689=DIRECTION('',(-0.707106781186549,0.707106781186546,0.));
#7690=DIRECTION('',(0.,0.,1.));
#7691=DIRECTION('',(0.999999999999999,0.,0.));
#7692=DIRECTION('',(1.,0.,0.));
#7693=DIRECTION('',(0.,0.,1.));
#7694=DIRECTION('',(0.999999999999999,0.,0.));
#7695=DIRECTION('',(0.650791373455968,-0.759256602365297,0.));
#7696=DIRECTION('',(0.,0.,1.));
#7697=DIRECTION('',(0.999999999999999,0.,0.));
#7698=DIRECTION('',(0.,0.,-1.));
#7699=DIRECTION('',(-0.330413280204573,0.943836354599914,0.));
#7700=DIRECTION('',(0.,0.,1.));
#7701=DIRECTION('',(0.999999999999999,0.,0.));
#7702=DIRECTION('',(-0.707106781186546,-0.707106781186549,0.));
#7703=DIRECTION('',(0.,0.,1.));
#7704=DIRECTION('',(0.999999999999999,0.,0.));
#7705=DIRECTION('',(0.,-1.,0.));
#7706=DIRECTION('',(0.,0.,1.));
#7707=DIRECTION('',(0.999999999999999,0.,0.));
#7708=DIRECTION('',(-0.70710678118655,0.707106781186545,0.));
#7709=DIRECTION('',(0.,0.,1.));
#7710=DIRECTION('',(0.999999999999999,0.,0.));
#7711=DIRECTION('',(-0.650791373455969,-0.759256602365296,0.));
#7712=DIRECTION('',(0.,0.,1.));
#7713=DIRECTION('',(0.999999999999999,0.,0.));
#7714=DIRECTION('',(0.,0.,1.));
#7715=DIRECTION('',(1.,0.,0.));
#7716=DIRECTION('',(0.,0.,1.));
#7717=DIRECTION('',(0.999999999999999,0.,0.));
#7718=DIRECTION('',(0.650791373455968,-0.759256602365297,0.));
#7719=DIRECTION('',(0.,0.,1.));
#7720=DIRECTION('',(0.999999999999999,0.,0.));
#7721=DIRECTION('',(0.,0.,-1.));
#7722=DIRECTION('',(0.999999999999999,0.,0.));
#7723=DIRECTION('',(0.,0.,-1.));
#7724=DIRECTION('',(0.999999999999999,0.,0.));
#7725=DIRECTION('',(0.,0.,1.));
#7726=DIRECTION('',(0.999999999999999,0.,0.));
#7727=DIRECTION('',(-0.650791373455968,0.759256602365297,0.));
#7728=DIRECTION('',(0.,0.,1.));
#7729=DIRECTION('',(0.999999999999999,0.,0.));
#7730=DIRECTION('',(0.,0.,1.));
#7731=DIRECTION('',(1.,0.,0.));
#7732=DIRECTION('',(0.,0.,1.));
#7733=DIRECTION('',(0.999999999999999,0.,0.));
#7734=DIRECTION('',(0.650791373455968,0.759256602365297,0.));
#7735=DIRECTION('',(0.,0.,1.));
#7736=DIRECTION('',(0.999999999999999,0.,0.));
#7737=DIRECTION('',(1.,0.,0.));
#7738=DIRECTION('',(-1.,0.,0.));
#7739=DIRECTION('',(0.,0.,1.));
#7740=DIRECTION('',(0.999999999999999,0.,0.));
#7741=DIRECTION('',(0.707106781186541,0.707106781186554,0.));
#7742=DIRECTION('',(0.,0.,1.));
#7743=DIRECTION('',(0.999999999999999,0.,0.));
#7744=DIRECTION('',(-0.650791373455968,0.759256602365297,0.));
#7745=DIRECTION('',(0.,0.,1.));
#7746=DIRECTION('',(0.999999999999999,0.,0.));
#7747=DIRECTION('',(0.,0.,1.));
#7748=DIRECTION('',(1.,0.,0.));
#7749=DIRECTION('',(0.,0.,1.));
#7750=DIRECTION('',(0.999999999999999,0.,0.));
#7751=DIRECTION('',(-0.650791373455969,-0.759256602365296,0.));
#7752=DIRECTION('',(0.,0.,1.));
#7753=DIRECTION('',(0.999999999999999,0.,0.));
#7754=DIRECTION('',(0.,-1.,0.));
#7755=DIRECTION('',(0.,0.,1.));
#7756=DIRECTION('',(0.999999999999999,0.,0.));
#7757=DIRECTION('',(0.650791373455969,0.759256602365296,0.));
#7758=DIRECTION('',(0.,0.,1.));
#7759=DIRECTION('',(0.999999999999999,0.,0.));
#7760=DIRECTION('',(0.,0.,1.));
#7761=DIRECTION('',(1.,0.,0.));
#7762=DIRECTION('',(0.,0.,1.));
#7763=DIRECTION('',(0.999999999999999,0.,0.));
#7764=DIRECTION('',(0.676486861232715,-0.736454700969115,0.));
#7765=DIRECTION('',(0.,0.,1.));
#7766=DIRECTION('',(0.999999999999999,0.,0.));
#7767=DIRECTION('',(0.,0.,-1.));
#7768=DIRECTION('',(0.882198601690979,0.470877507611565,0.));
#7769=DIRECTION('',(0.,0.,1.));
#7770=DIRECTION('',(0.999999999999999,0.,0.));
#7771=DIRECTION('',(0.650791373455969,-0.759256602365296,0.));
#7772=DIRECTION('',(0.,0.,1.));
#7773=DIRECTION('',(0.999999999999999,0.,0.));
#7774=DIRECTION('',(0.,1.,0.));
#7775=DIRECTION('',(0.,0.,1.));
#7776=DIRECTION('',(0.999999999999999,0.,0.));
#7777=DIRECTION('',(-0.650791373455968,-0.759256602365297,0.));
#7778=DIRECTION('',(0.,0.,1.));
#7779=DIRECTION('',(0.999999999999999,0.,0.));
#7780=DIRECTION('',(0.65079137345597,-0.759256602365296,0.));
#7781=DIRECTION('',(0.,0.,1.));
#7782=DIRECTION('',(0.999999999999999,0.,0.));
#7783=DIRECTION('',(0.,0.,-1.));
#7784=DIRECTION('',(-0.330413280204572,0.943836354599914,0.));
#7785=DIRECTION('',(0.,0.,1.));
#7786=DIRECTION('',(0.999999999999999,0.,0.));
#7787=DIRECTION('',(-0.650791373455968,-0.759256602365297,0.));
#7788=DIRECTION('',(0.,0.,1.));
#7789=DIRECTION('',(0.999999999999999,0.,0.));
#7790=DIRECTION('',(1.,0.,0.));
#7791=DIRECTION('',(0.,0.,1.));
#7792=DIRECTION('',(0.999999999999999,0.,0.));
#7793=DIRECTION('',(0.,0.,1.));
#7794=DIRECTION('',(1.,0.,0.));
#7795=DIRECTION('',(1.,0.,0.));
#7796=DIRECTION('',(0.,-1.,0.));
#7797=DIRECTION('',(-1.,0.,0.));
#7798=DIRECTION('',(0.,0.,-1.));
#7799=DIRECTION('',(1.,0.,0.));
#7800=DIRECTION('',(0.,1.,0.));
#7801=DIRECTION('',(0.,0.,1.));
#7802=DIRECTION('',(1.,0.,0.));
#7803=DIRECTION('',(-1.,0.,0.));
#7804=DIRECTION('',(0.,0.,-1.));
#7805=DIRECTION('',(1.,0.,0.));
#7806=DIRECTION('',(0.,1.,0.));
#7807=DIRECTION('',(0.,0.,-1.));
#7808=DIRECTION('',(1.,0.,0.));
#7809=DIRECTION('',(-0.650791373455968,-0.759256602365297,0.));
#7810=DIRECTION('',(0.,0.,1.));
#7811=DIRECTION('',(0.999999999999999,0.,0.));
#7812=DIRECTION('',(0.707106781186541,-0.707106781186554,0.));
#7813=DIRECTION('',(0.,0.,1.));
#7814=DIRECTION('',(-0.999999999999999,0.,0.));
#7815=DIRECTION('',(-1.,0.,0.));
#7816=DIRECTION('',(0.,0.,1.));
#7817=DIRECTION('',(0.999999999999999,0.,0.));
#7818=DIRECTION('',(0.650791373455969,-0.759256602365296,0.));
#7819=DIRECTION('',(0.,0.,1.));
#7820=DIRECTION('',(-0.999999999999999,0.,0.));
#7821=DIRECTION('',(0.,0.,-1.));
#7822=DIRECTION('',(-1.,0.,0.));
#7823=DIRECTION('',(0.,0.,1.));
#7824=DIRECTION('',(-0.999999999999999,0.,0.));
#7825=DIRECTION('',(0.,0.,1.));
#7826=DIRECTION('',(0.999999999999999,0.,0.));
#7827=DIRECTION('',(0.650791373455969,-0.759256602365296,0.));
#7828=DIRECTION('',(0.,0.,1.));
#7829=DIRECTION('',(0.999999999999999,0.,0.));
#7830=DIRECTION('',(0.,0.,1.));
#7831=DIRECTION('',(1.,0.,0.));
#7832=DIRECTION('',(0.,0.,1.));
#7833=DIRECTION('',(-0.999999999999999,0.,0.));
#7834=DIRECTION('',(0.650791373455968,0.759256602365297,0.));
#7835=DIRECTION('',(0.,0.,1.));
#7836=DIRECTION('',(0.999999999999999,0.,0.));
#7837=DIRECTION('',(1.,0.,0.));
#7838=DIRECTION('',(0.,0.,1.));
#7839=DIRECTION('',(-0.999999999999999,0.,0.));
#7840=DIRECTION('',(-0.707106781186549,-0.707106781186546,0.));
#7841=DIRECTION('',(0.,0.,1.));
#7842=DIRECTION('',(1.,0.,0.));
#7843=DIRECTION('',(0.,0.,1.));
#7844=DIRECTION('',(0.999999999999999,0.,0.));
#7845=DIRECTION('',(-0.650791373455969,0.759256602365296,0.));
#7846=DIRECTION('',(0.,0.,1.));
#7847=DIRECTION('',(-0.999999999999999,0.,0.));
#7848=DIRECTION('',(0.707106781186548,0.707106781186547,0.));
#7849=DIRECTION('',(0.,0.,1.));
#7850=DIRECTION('',(0.999999999999999,0.,0.));
#7851=DIRECTION('',(0.,1.,0.));
#7852=DIRECTION('',(0.,0.,1.));
#7853=DIRECTION('',(0.999999999999999,0.,0.));
#7854=DIRECTION('',(0.707106781186546,-0.707106781186549,0.));
#7855=DIRECTION('',(0.,0.,1.));
#7856=DIRECTION('',(0.999999999999999,0.,0.));
#7857=DIRECTION('',(-0.650791373455968,-0.759256602365297,0.));
#7858=DIRECTION('',(0.,0.,1.));
#7859=DIRECTION('',(0.999999999999999,0.,0.));
#7860=DIRECTION('',(0.,0.,1.));
#7861=DIRECTION('',(1.,0.,0.));
#7862=DIRECTION('',(0.,0.,1.));
#7863=DIRECTION('',(0.,0.,1.));
#7864=DIRECTION('',(-0.882198601690981,0.470877507611564,0.));
#7865=DIRECTION('',(0.,0.,-1.));
#7866=DIRECTION('',(0.,0.,1.));
#7867=DIRECTION('',(1.,0.,0.));
#7868=DIRECTION('',(0.,0.,-1.));
#7869=DIRECTION('',(-1.,0.,0.));
#7870=DIRECTION('',(0.,0.,1.));
#7871=DIRECTION('',(0.,0.,1.));
#7872=DIRECTION('',(-1.,0.,0.));
#7873=DIRECTION('',(-0.65079137345597,0.759256602365295,0.));
#7874=DIRECTION('',(0.,0.,-1.));
#7875=DIRECTION('',(0.759256602365296,0.650791373455969,0.));
#7876=DIRECTION('',(-0.650791373455969,0.759256602365296,0.));
#7877=DIRECTION('',(0.,0.,-1.));
#7878=DIRECTION('',(-0.999999999999999,0.,0.));
#7879=DIRECTION('',(0.,0.,1.));
#7880=DIRECTION('',(0.,0.,1.));
#7881=DIRECTION('',(-0.999999999999999,0.,0.));
#7882=DIRECTION('',(-0.70710678118655,-0.707106781186545,0.));
#7883=DIRECTION('',(0.,0.,-1.));
#7884=DIRECTION('',(0.707106781186547,-0.707106781186548,0.));
#7885=DIRECTION('',(0.,0.,-1.));
#7886=DIRECTION('',(0.,0.,-1.));
#7887=DIRECTION('',(-0.999999999999999,0.,0.));
#7888=DIRECTION('',(0.,0.,1.));
#7889=DIRECTION('',(0.,0.,1.));
#7890=DIRECTION('',(-0.999999999999999,0.,0.));
#7891=DIRECTION('',(0.,-1.,0.));
#7892=DIRECTION('',(0.,0.,-1.));
#7893=DIRECTION('',(1.,0.,0.));
#7894=DIRECTION('',(0.,1.,0.));
#7895=DIRECTION('',(0.,0.,-1.));
#7896=DIRECTION('',(-0.999999999999999,0.,0.));
#7897=DIRECTION('',(0.,0.,1.));
#7898=DIRECTION('',(0.,0.,-1.));
#7899=DIRECTION('',(0.999999999999999,0.,0.));
#7900=DIRECTION('',(0.707106781186548,-0.707106781186548,0.));
#7901=DIRECTION('',(0.,0.,-1.));
#7902=DIRECTION('',(0.707106781186549,0.707106781186546,0.));
#7903=DIRECTION('',(0.,0.,-1.));
#7904=DIRECTION('',(0.,0.,-1.));
#7905=DIRECTION('',(-0.999999999999999,0.,0.));
#7906=DIRECTION('',(0.,0.,1.));
#7907=DIRECTION('',(0.,0.,-1.));
#7908=DIRECTION('',(0.999999999999999,0.,0.));
#7909=DIRECTION('',(-0.650791373455968,-0.759256602365297,0.));
#7910=DIRECTION('',(0.,0.,-1.));
#7911=DIRECTION('',(-0.759256602365297,0.650791373455968,0.));
#7912=DIRECTION('',(-0.650791373455968,-0.759256602365297,0.));
#7913=DIRECTION('',(0.,0.,-1.));
#7914=DIRECTION('',(-1.,0.,0.));
#7915=DIRECTION('',(0.,0.,1.));
#7916=DIRECTION('',(-1.,0.,0.));
#7917=DIRECTION('',(0.,0.,-1.));
#7918=DIRECTION('',(-0.999999999999999,0.,0.));
#7919=DIRECTION('',(0.,0.,1.));
#7920=DIRECTION('',(0.,0.,-1.));
#7921=DIRECTION('',(0.,0.,1.));
#7922=DIRECTION('',(-0.999999999999999,0.,0.));
#7923=DIRECTION('',(-0.65079137345597,0.759256602365295,0.));
#7924=DIRECTION('',(0.,0.,-1.));
#7925=DIRECTION('',(0.759256602365296,0.650791373455969,0.));
#7926=DIRECTION('',(-0.650791373455969,0.759256602365296,0.));
#7927=DIRECTION('',(0.,0.,-1.));
#7928=DIRECTION('',(-0.999999999999999,0.,0.));
#7929=DIRECTION('',(0.,0.,1.));
#7930=DIRECTION('',(0.,0.,1.));
#7931=DIRECTION('',(-0.999999999999999,0.,0.));
#7932=DIRECTION('',(0.,0.,1.));
#7933=DIRECTION('',(0.330413280204572,0.943836354599914,0.));
#7934=DIRECTION('',(0.,0.,-1.));
#7935=DIRECTION('',(0.,0.,1.));
#7936=DIRECTION('',(1.,0.,0.));
#7937=DIRECTION('',(0.,0.,-1.));
#7938=DIRECTION('',(-0.999999999999999,0.,0.));
#7939=DIRECTION('',(0.,0.,1.));
#7940=DIRECTION('',(0.,0.,1.));
#7941=DIRECTION('',(-0.999999999999999,0.,0.));
#7942=DIRECTION('',(0.650791373455968,0.759256602365297,0.));
#7943=DIRECTION('',(0.,0.,-1.));
#7944=DIRECTION('',(0.759256602365297,-0.650791373455968,0.));
#7945=DIRECTION('',(0.650791373455968,0.759256602365297,0.));
#7946=DIRECTION('',(0.,0.,-1.));
#7947=DIRECTION('',(-0.999999999999999,0.,0.));
#7948=DIRECTION('',(0.,0.,1.));
#7949=DIRECTION('',(0.,0.,1.));
#7950=DIRECTION('',(-0.999999999999999,0.,0.));
#7951=DIRECTION('',(-1.,0.,0.));
#7952=DIRECTION('',(0.,0.,-1.));
#7953=DIRECTION('',(0.,-1.,0.));
#7954=DIRECTION('',(1.,0.,0.));
#7955=DIRECTION('',(0.,0.,-1.));
#7956=DIRECTION('',(-0.999999999999999,0.,0.));
#7957=DIRECTION('',(0.,0.,1.));
#7958=DIRECTION('',(0.,0.,-1.));
#7959=DIRECTION('',(0.999999999999999,0.,0.));
#7960=DIRECTION('',(-0.707106781186549,-0.707106781186546,0.));
#7961=DIRECTION('',(0.707106781186547,-0.707106781186548,0.));
#7962=DIRECTION('',(0.,0.,-1.));
#7963=DIRECTION('',(-0.65079137345597,-0.759256602365296,0.));
#7964=DIRECTION('',(0.,0.,-1.));
#7965=DIRECTION('',(0.,0.,1.));
#7966=DIRECTION('',(-0.759256602365297,0.650791373455968,0.));
#7967=DIRECTION('',(-0.650791373455968,-0.759256602365297,0.));
#7968=DIRECTION('',(0.,0.,-1.));
#7969=DIRECTION('',(-0.999999999999999,0.,0.));
#7970=DIRECTION('',(0.,0.,1.));
#7971=DIRECTION('',(0.,0.,1.));
#7972=DIRECTION('',(-0.999999999999999,0.,0.));
#7973=DIRECTION('',(0.707106781186548,-0.707106781186548,0.));
#7974=DIRECTION('',(0.,0.,-1.));
#7975=DIRECTION('',(0.707106781186549,0.707106781186546,0.));
#7976=DIRECTION('',(0.,0.,-1.));
#7977=DIRECTION('',(0.,0.,-1.));
#7978=DIRECTION('',(-0.999999999999999,0.,0.));
#7979=DIRECTION('',(0.,0.,1.));
#7980=DIRECTION('',(0.,0.,1.));
#7981=DIRECTION('',(-0.999999999999999,0.,0.));
#7982=DIRECTION('',(1.,0.,0.));
#7983=DIRECTION('',(0.,0.,-1.));
#7984=DIRECTION('',(0.,1.,0.));
#7985=DIRECTION('',(-1.,0.,0.));
#7986=DIRECTION('',(0.,0.,-1.));
#7987=DIRECTION('',(-0.999999999999999,0.,0.));
#7988=DIRECTION('',(0.,0.,1.));
#7989=DIRECTION('',(0.,0.,-1.));
#7990=DIRECTION('',(0.999999999999999,0.,0.));
#7991=DIRECTION('',(0.650791373455969,-0.759256602365296,0.));
#7992=DIRECTION('',(0.,0.,-1.));
#7993=DIRECTION('',(-0.759256602365296,-0.650791373455969,0.));
#7994=DIRECTION('',(0.650791373455969,-0.759256602365296,0.));
#7995=DIRECTION('',(0.,0.,-1.));
#7996=DIRECTION('',(-0.999999999999999,0.,0.));
#7997=DIRECTION('',(0.,0.,1.));
#7998=DIRECTION('',(0.,0.,1.));
#7999=DIRECTION('',(-0.999999999999999,0.,0.));
#8000=DIRECTION('',(-2.452289E-18,6.293051E-15,1.));
#8001=DIRECTION('',(-0.330413280204572,-0.943836354599914,5.93879998622665E-15));
#8002=DIRECTION('',(0.,0.,-1.));
#8003=DIRECTION('',(0.,0.,1.));
#8004=DIRECTION('',(1.,0.,0.));
#8005=DIRECTION('',(0.,0.,-1.));
#8006=DIRECTION('',(-0.999999999999999,0.,0.));
#8007=DIRECTION('',(0.,0.,1.));
#8008=DIRECTION('',(-0.999999999999999,0.,0.));
#8009=DIRECTION('',(0.,0.,1.));
#8010=DIRECTION('',(1.,0.,0.));
#8011=DIRECTION('',(-1.,0.,0.));
#8012=DIRECTION('',(0.,0.,-1.));
#8013=DIRECTION('',(1.,0.,0.));
#8014=DIRECTION('',(0.650791373455969,0.759256602365296,0.));
#8015=DIRECTION('',(0.,0.,1.));
#8016=DIRECTION('',(1.,0.,0.));
#8017=DIRECTION('',(0.,0.,1.));
#8018=DIRECTION('',(1.,0.,0.));
#8019=DIRECTION('',(0.,0.,1.));
#8020=DIRECTION('',(1.,0.,0.));
#8021=DIRECTION('',(0.650791373455968,-0.759256602365297,0.));
#8022=DIRECTION('',(0.,0.,-1.));
#8023=DIRECTION('',(-1.,0.,0.));
#8024=DIRECTION('',(-0.707106781186546,-0.707106781186549,0.));
#8025=DIRECTION('',(0.650791373455969,-0.759256602365296,0.));
#8026=DIRECTION('',(0.,0.,-1.));
#8027=DIRECTION('',(-0.999999999999999,0.,0.));
#8028=DIRECTION('',(-1.,0.,0.));
#8029=DIRECTION('',(0.,0.,-1.));
#8030=DIRECTION('',(-0.999999999999999,0.,0.));
#8031=DIRECTION('',(-0.707106781186541,0.707106781186554,0.));
#8032=DIRECTION('',(0.,0.,1.));
#8033=DIRECTION('',(0.999999999999999,0.,0.));
#8034=DIRECTION('',(-0.650791373455968,-0.759256602365297,0.));
#8035=DIRECTION('',(0.,0.,1.));
#8036=DIRECTION('',(0.999999999999999,0.,0.));
#8037=DIRECTION('',(0.,0.,1.));
#8038=DIRECTION('',(1.,0.,0.));
#8039=DIRECTION('',(0.,0.,-1.));
#8040=DIRECTION('',(-0.999999999999999,0.,0.));
#8041=DIRECTION('',(0.,0.,1.));
#8042=DIRECTION('',(0.999999999999999,0.,0.));
#8043=DIRECTION('',(0.,0.,1.));
#8044=DIRECTION('',(0.882198601690982,-0.470877507611562,0.));
#8045=DIRECTION('',(0.,0.,-1.));
#8046=DIRECTION('',(-0.999999999999999,0.,0.));
#8047=DIRECTION('',(0.676486861232715,0.736454700969115,0.));
#8048=DIRECTION('',(0.,0.,1.));
#8049=DIRECTION('',(1.,0.,0.));
#8050=DIRECTION('',(0.,1.,0.));
#8051=DIRECTION('',(0.,0.,1.));
#8052=DIRECTION('',(1.,0.,0.));
#8053=DIRECTION('',(0.650791373455969,-0.759256602365296,0.));
#8054=DIRECTION('',(0.,0.,-1.));
#8055=DIRECTION('',(0.999999999999999,0.,0.));
#8056=DIRECTION('',(0.65079137345597,0.759256602365295,0.));
#8057=DIRECTION('',(0.,0.,-1.));
#8058=DIRECTION('',(0.999999999999999,0.,0.));
#8059=DIRECTION('',(0.,0.,-1.));
#8060=DIRECTION('',(-0.330413280204573,0.943836354599914,0.));
#8061=DIRECTION('',(0.,0.,-1.));
#8062=DIRECTION('',(0.999999999999999,0.,0.));
#8063=DIRECTION('',(-0.650791373455968,0.759256602365297,0.));
#8064=DIRECTION('',(0.,0.,-1.));
#8065=DIRECTION('',(0.999999999999999,0.,0.));
#8066=DIRECTION('',(1.,0.,0.));
#8067=DIRECTION('',(0.,0.,-1.));
#8068=DIRECTION('',(0.999999999999999,0.,0.));
#8069=DIRECTION('',(-0.707106781186549,0.707106781186546,0.));
#8070=DIRECTION('',(0.,0.,-1.));
#8071=DIRECTION('',(0.999999999999999,0.,0.));
#8072=DIRECTION('',(0.,0.,-1.));
#8073=DIRECTION('',(0.882198601690981,0.470877507611564,0.));
#8074=DIRECTION('',(0.,0.,-1.));
#8075=DIRECTION('',(0.999999999999999,0.,0.));
#8076=DIRECTION('',(0.650791373455971,0.759256602365295,0.));
#8077=DIRECTION('',(0.,0.,-1.));
#8078=DIRECTION('',(0.999999999999999,0.,0.));
#8079=DIRECTION('',(-0.70710678118655,0.707106781186545,0.));
#8080=DIRECTION('',(0.,0.,-1.));
#8081=DIRECTION('',(0.999999999999999,0.,0.));
#8082=DIRECTION('',(0.,-1.,0.));
#8083=DIRECTION('',(0.,0.,-1.));
#8084=DIRECTION('',(0.999999999999999,0.,0.));
#8085=DIRECTION('',(0.707106781186542,0.707106781186553,0.));
#8086=DIRECTION('',(0.,0.,-1.));
#8087=DIRECTION('',(0.999999999999999,0.,0.));
#8088=DIRECTION('',(0.650791373455968,-0.759256602365297,0.));
#8089=DIRECTION('',(0.,0.,-1.));
#8090=DIRECTION('',(0.999999999999999,0.,0.));
#8091=DIRECTION('',(0.707106781186541,0.707106781186554,0.));
#8092=DIRECTION('',(0.,0.,-1.));
#8093=DIRECTION('',(0.999999999999999,0.,0.));
#8094=DIRECTION('',(-1.,0.,0.));
#8095=DIRECTION('',(0.,0.,-1.));
#8096=DIRECTION('',(0.999999999999999,0.,0.));
#8097=DIRECTION('',(-0.650791373455969,-0.759256602365296,0.));
#8098=DIRECTION('',(0.,0.,-1.));
#8099=DIRECTION('',(0.999999999999999,0.,0.));
#8100=DIRECTION('',(0.,0.,-1.));
#8101=DIRECTION('',(0.330413280204573,-0.943836354599914,0.));
#8102=DIRECTION('',(0.,0.,-1.));
#8103=DIRECTION('',(0.999999999999999,0.,0.));
#8104=DIRECTION('',(0.65079137345597,-0.759256602365296,0.));
#8105=DIRECTION('',(0.,0.,-1.));
#8106=DIRECTION('',(0.999999999999999,0.,0.));
#8107=DIRECTION('',(0.,0.,-1.));
#8108=DIRECTION('',(0.999999999999999,0.,0.));
#8109=DIRECTION('',(0.,0.,-1.));
#8110=DIRECTION('',(0.882198601690979,0.470877507611565,0.));
#8111=DIRECTION('',(0.,0.,-1.));
#8112=DIRECTION('',(0.999999999999999,0.,0.));
#8113=DIRECTION('',(0.650791373455968,0.759256602365297,0.));
#8114=DIRECTION('',(0.,0.,-1.));
#8115=DIRECTION('',(0.999999999999999,0.,0.));
#8116=DIRECTION('',(0.,-1.,0.));
#8117=DIRECTION('',(0.,0.,-1.));
#8118=DIRECTION('',(0.999999999999999,0.,0.));
#8119=DIRECTION('',(0.650791373455969,-0.759256602365296,0.));
#8120=DIRECTION('',(0.,0.,-1.));
#8121=DIRECTION('',(0.999999999999999,0.,0.));
#8122=DIRECTION('',(0.,0.,-1.));
#8123=DIRECTION('',(0.330413280204573,-0.943836354599914,0.));
#8124=DIRECTION('',(0.,0.,-1.));
#8125=DIRECTION('',(0.999999999999999,0.,0.));
#8126=DIRECTION('',(0.650791373455968,-0.759256602365297,0.));
#8127=DIRECTION('',(0.,0.,-1.));
#8128=DIRECTION('',(0.999999999999999,0.,0.));
#8129=DIRECTION('',(-1.,0.,0.));
#8130=DIRECTION('',(0.,0.,-1.));
#8131=DIRECTION('',(0.999999999999999,0.,0.));
#8132=DIRECTION('',(-0.650791373455971,-0.759256602365295,0.));
#8133=DIRECTION('',(0.,0.,-1.));
#8134=DIRECTION('',(0.999999999999999,0.,0.));
#8135=DIRECTION('',(0.,0.,-1.));
#8136=DIRECTION('',(-0.330413280204572,0.943836354599914,0.));
#8137=DIRECTION('',(0.,0.,-1.));
#8138=DIRECTION('',(0.999999999999999,0.,0.));
#8139=DIRECTION('',(-0.65079137345597,0.759256602365296,0.));
#8140=DIRECTION('',(0.,0.,-1.));
#8141=DIRECTION('',(0.999999999999999,0.,0.));
#8142=DIRECTION('',(1.,0.,0.));
#8143=DIRECTION('',(0.,0.,-1.));
#8144=DIRECTION('',(0.999999999999999,0.,0.));
#8145=DIRECTION('',(0.650791373455968,0.759256602365297,0.));
#8146=DIRECTION('',(0.,0.,-1.));
#8147=DIRECTION('',(0.999999999999999,0.,0.));
#8148=DIRECTION('',(0.,0.,-1.));
#8149=DIRECTION('',(-0.882198601690982,-0.470877507611562,0.));
#8150=DIRECTION('',(0.,0.,-1.));
#8151=DIRECTION('',(0.999999999999999,0.,0.));
#8152=DIRECTION('',(-0.650791373455969,-0.759256602365296,0.));
#8153=DIRECTION('',(0.,0.,-1.));
#8154=DIRECTION('',(0.999999999999999,0.,0.));
#8155=DIRECTION('',(0.,1.,0.));
#8156=DIRECTION('',(0.,0.,-1.));
#8157=DIRECTION('',(0.999999999999999,0.,0.));
#8158=DIRECTION('',(-0.676486861232715,0.736454700969115,0.));
#8159=DIRECTION('',(0.,0.,-1.));
#8160=DIRECTION('',(0.999999999999999,0.,0.));
#8161=DIRECTION('',(1.,0.,0.));
#8162=DIRECTION('',(-1.09273911731805E-16,-1.,0.));
#8163=DIRECTION('',(0.,0.,-1.));
#8164=DIRECTION('',(1.,0.,0.));
#8165=DIRECTION('',(0.,1.,0.));
#8166=DIRECTION('',(0.,0.,1.));
#8167=DIRECTION('',(1.,0.,0.));
#8168=DIRECTION('',(-1.,0.,0.));
#8169=DIRECTION('',(0.,-1.,0.));
#8170=DIRECTION('',(0.,0.,1.));
#8171=DIRECTION('',(0.999999999999999,0.,0.));
#8172=DIRECTION('',(0.,0.,1.));
#8173=DIRECTION('',(-0.882198601690981,0.470877507611564,0.));
#8174=DIRECTION('',(0.,0.,-1.));
#8175=DIRECTION('',(-1.,0.,0.));
#8176=DIRECTION('',(-0.650791373455968,-0.759256602365297,0.));
#8177=DIRECTION('',(0.,0.,1.));
#8178=DIRECTION('',(0.999999999999999,0.,0.));
#8179=DIRECTION('',(-0.707106781186546,0.707106781186549,0.));
#8180=DIRECTION('',(0.,0.,1.));
#8181=DIRECTION('',(0.999999999999999,0.,0.));
#8182=DIRECTION('',(0.,1.,0.));
#8183=DIRECTION('',(0.,0.,1.));
#8184=DIRECTION('',(0.999999999999999,0.,0.));
#8185=DIRECTION('',(0.70710678118655,0.707106781186545,0.));
#8186=DIRECTION('',(0.,0.,-1.));
#8187=DIRECTION('',(-0.999999999999999,0.,0.));
#8188=DIRECTION('',(-0.650791373455969,0.759256602365296,0.));
#8189=DIRECTION('',(0.,0.,1.));
#8190=DIRECTION('',(0.999999999999999,0.,0.));
#8191=DIRECTION('',(1.,0.,0.));
#8192=DIRECTION('',(0.,0.,-1.));
#8193=DIRECTION('',(-0.999999999999999,0.,0.));
#8194=DIRECTION('',(-0.650791373455968,-0.759256602365297,0.));
#8195=DIRECTION('',(0.,0.,1.));
#8196=DIRECTION('',(0.999999999999999,0.,0.));
#8197=DIRECTION('',(0.,0.,1.));
#8198=DIRECTION('',(1.,0.,0.));
#8199=DIRECTION('',(0.,0.,1.));
#8200=DIRECTION('',(0.999999999999999,0.,0.));
#8201=DIRECTION('',(-0.650791373455969,0.759256602365296,0.));
#8202=DIRECTION('',(0.,0.,1.));
#8203=DIRECTION('',(0.999999999999999,0.,0.));
#8204=DIRECTION('',(0.707106781186549,0.707106781186546,0.));
#8205=DIRECTION('',(0.,0.,-1.));
#8206=DIRECTION('',(-1.,0.,0.));
#8207=DIRECTION('',(0.,0.,1.));
#8208=DIRECTION('',(1.,0.,0.));
#8209=DIRECTION('',(0.,0.,-1.));
#8210=DIRECTION('',(1.,0.,0.));
#8211=DIRECTION('',(0.,0.,1.));
#8212=DIRECTION('',(0.,0.,1.));
#8213=DIRECTION('',(-0.999999999999999,0.,0.));
#8214=DIRECTION('',(0.,0.,-1.));
#8215=DIRECTION('',(0.,0.,1.));
#8216=DIRECTION('',(0.999999999999999,0.,0.));
#8217=DIRECTION('',(1.,0.,0.));
#8218=DIRECTION('',(0.,0.,1.));
#8219=DIRECTION('',(0.,-1.,0.));
#8220=DIRECTION('',(1.,0.,0.));
#8221=DIRECTION('',(0.,0.,1.));
#8222=DIRECTION('',(-0.999999999999999,0.,0.));
#8223=DIRECTION('',(0.,0.,-1.));
#8224=DIRECTION('',(0.,0.,-1.));
#8225=DIRECTION('',(-0.999999999999999,0.,0.));
#8226=DIRECTION('',(-0.650791373455968,-0.759256602365297,0.));
#8227=DIRECTION('',(0.,0.,1.));
#8228=DIRECTION('',(0.759256602365297,-0.650791373455968,0.));
#8229=DIRECTION('',(0.650791373455968,0.759256602365297,0.));
#8230=DIRECTION('',(0.,0.,1.));
#8231=DIRECTION('',(-0.999999999999999,0.,0.));
#8232=DIRECTION('',(0.,0.,-1.));
#8233=DIRECTION('',(0.,0.,-1.));
#8234=DIRECTION('',(-0.999999999999999,0.,0.));
#8235=DIRECTION('',(0.,0.,-1.));
#8236=DIRECTION('',(0.330413280204572,0.943836354599914,0.));
#8237=DIRECTION('',(0.,0.,1.));
#8238=DIRECTION('',(0.,0.,-1.));
#8239=DIRECTION('',(1.,0.,0.));
#8240=DIRECTION('',(0.,0.,1.));
#8241=DIRECTION('',(-0.999999999999999,0.,0.));
#8242=DIRECTION('',(0.,0.,-1.));
#8243=DIRECTION('',(0.,0.,-1.));
#8244=DIRECTION('',(-0.999999999999999,0.,0.));
#8245=DIRECTION('',(0.65079137345597,-0.759256602365295,0.));
#8246=DIRECTION('',(0.,0.,1.));
#8247=DIRECTION('',(0.759256602365296,0.650791373455969,0.));
#8248=DIRECTION('',(-0.650791373455969,0.759256602365296,0.));
#8249=DIRECTION('',(0.,0.,1.));
#8250=DIRECTION('',(-0.999999999999999,0.,0.));
#8251=DIRECTION('',(0.,0.,-1.));
#8252=DIRECTION('',(0.,0.,-1.));
#8253=DIRECTION('',(-0.999999999999999,0.,0.));
#8254=DIRECTION('',(0.707106781186549,0.707106781186546,0.));
#8255=DIRECTION('',(0.707106781186547,-0.707106781186548,0.));
#8256=DIRECTION('',(0.,0.,1.));
#8257=DIRECTION('',(0.,0.,1.));
#8258=DIRECTION('',(0.,0.,1.));
#8259=DIRECTION('',(-1.,0.,0.));
#8260=DIRECTION('',(0.,0.,-1.));
#8261=DIRECTION('',(0.,0.,-1.));
#8262=DIRECTION('',(-1.,0.,0.));
#8263=DIRECTION('',(0.,0.,-1.));
#8264=DIRECTION('',(-0.882198601690981,0.470877507611564,0.));
#8265=DIRECTION('',(0.,0.,1.));
#8266=DIRECTION('',(0.,0.,-1.));
#8267=DIRECTION('',(1.,0.,0.));
#8268=DIRECTION('',(0.,0.,1.));
#8269=DIRECTION('',(-1.,0.,0.));
#8270=DIRECTION('',(0.,0.,-1.));
#8271=DIRECTION('',(0.,0.,-1.));
#8272=DIRECTION('',(-1.,0.,0.));
#8273=DIRECTION('',(0.650791373455968,0.759256602365297,0.));
#8274=DIRECTION('',(0.,0.,1.));
#8275=DIRECTION('',(-0.759256602365297,0.650791373455968,0.));
#8276=DIRECTION('',(-0.650791373455968,-0.759256602365297,0.));
#8277=DIRECTION('',(0.,0.,1.));
#8278=DIRECTION('',(-0.999999999999999,0.,0.));
#8279=DIRECTION('',(0.,0.,-1.));
#8280=DIRECTION('',(0.,0.,1.));
#8281=DIRECTION('',(0.999999999999999,0.,0.));
#8282=DIRECTION('',(-0.707106781186548,0.707106781186548,0.));
#8283=DIRECTION('',(0.,0.,1.));
#8284=DIRECTION('',(0.707106781186549,0.707106781186546,0.));
#8285=DIRECTION('',(0.,0.,1.));
#8286=DIRECTION('',(0.,0.,1.));
#8287=DIRECTION('',(-0.999999999999999,0.,0.));
#8288=DIRECTION('',(0.,0.,-1.));
#8289=DIRECTION('',(0.,0.,1.));
#8290=DIRECTION('',(0.999999999999999,0.,0.));
#8291=DIRECTION('',(0.,1.,0.));
#8292=DIRECTION('',(0.,0.,1.));
#8293=DIRECTION('',(1.,0.,0.));
#8294=DIRECTION('',(0.,1.,0.));
#8295=DIRECTION('',(0.,0.,1.));
#8296=DIRECTION('',(-0.999999999999999,0.,0.));
#8297=DIRECTION('',(0.,0.,-1.));
#8298=DIRECTION('',(0.,0.,-1.));
#8299=DIRECTION('',(-0.999999999999999,0.,0.));
#8300=DIRECTION('',(0.70710678118655,0.707106781186545,0.));
#8301=DIRECTION('',(0.,0.,1.));
#8302=DIRECTION('',(0.707106781186547,-0.707106781186548,0.));
#8303=DIRECTION('',(0.,0.,1.));
#8304=DIRECTION('',(0.,0.,1.));
#8305=DIRECTION('',(-0.999999999999999,0.,0.));
#8306=DIRECTION('',(0.,0.,-1.));
#8307=DIRECTION('',(0.,0.,-1.));
#8308=DIRECTION('',(-0.999999999999999,0.,0.));
#8309=DIRECTION('',(0.65079137345597,-0.759256602365295,0.));
#8310=DIRECTION('',(0.759256602365296,0.650791373455969,0.));
#8311=DIRECTION('',(-0.650791373455969,0.759256602365296,0.));
#8312=DIRECTION('',(-1.,0.,0.));
#8313=DIRECTION('',(0.,1.,0.));
#8314=DIRECTION('',(0.,0.,1.));
#8315=DIRECTION('',(1.,0.,4.56994106268792E-16));
#8316=DIRECTION('',(-0.898794046299166,0.,0.438371146789079));
#8317=DIRECTION('',(0.,-1.,0.));
#8318=DIRECTION('',(-1.,0.,0.));
#8319=DIRECTION('',(0.,-1.,0.));
#8320=DIRECTION('',(-1.,0.,0.));
#8321=DIRECTION('',(1.09273911731805E-16,1.,0.));
#8322=DIRECTION('',(-1.09273911731805E-16,-1.,0.));
#8323=DIRECTION('',(1.,0.,0.));
#8324=DIRECTION('',(0.,0.,-1.));
#8325=DIRECTION('',(-0.438371146789079,4.790253E-17,-0.898794046299166));
#8326=DIRECTION('',(-0.898794046299166,9.8214741280367E-17,0.438371146789079));
#8327=DIRECTION('',(0.,0.,1.));
#8328=DIRECTION('',(0.,0.,1.));
#8329=DIRECTION('',(-1.,0.,0.));
#8330=DIRECTION('',(0.,0.,1.));
#8331=DIRECTION('',(1.,0.,0.));
#8332=DIRECTION('',(0.,-1.,0.));
#8333=DIRECTION('',(0.,0.,-1.));
#8334=DIRECTION('',(0.,0.,1.));
#8335=DIRECTION('',(-1.,0.,0.));
#8336=DIRECTION('',(0.,1.,0.));
#8337=DIRECTION('',(1.,0.,0.));
#8338=DIRECTION('',(0.,0.,-1.));
#8339=DIRECTION('',(-1.121429E-14,-2.730399E-15,-1.));
#8340=DIRECTION('',(-0.882198601690982,-0.470877507611562,1.11789176211325E-14));
#8341=DIRECTION('',(0.,0.,1.));
#8342=DIRECTION('',(0.,0.,-1.));
#8343=DIRECTION('',(-1.,0.,0.));
#8344=DIRECTION('',(0.,0.,1.));
#8345=DIRECTION('',(0.999999999999999,0.,0.));
#8346=DIRECTION('',(0.,0.,-1.));
#8347=DIRECTION('',(0.,0.,-1.));
#8348=DIRECTION('',(0.999999999999999,0.,0.));
#8349=DIRECTION('',(-0.650791373455969,-0.759256602365296,0.));
#8350=DIRECTION('',(0.,0.,1.));
#8351=DIRECTION('',(0.759256602365296,-0.650791373455969,0.));
#8352=DIRECTION('',(-0.650791373455969,-0.759256602365296,0.));
#8353=DIRECTION('',(0.,0.,1.));
#8354=DIRECTION('',(0.999999999999999,0.,0.));
#8355=DIRECTION('',(0.,0.,-1.));
#8356=DIRECTION('',(0.,0.,1.));
#8357=DIRECTION('',(-0.999999999999999,0.,0.));
#8358=DIRECTION('',(0.,1.,0.));
#8359=DIRECTION('',(0.,0.,1.));
#8360=DIRECTION('',(-1.,0.,0.));
#8361=DIRECTION('',(0.,1.,0.));
#8362=DIRECTION('',(0.,0.,1.));
#8363=DIRECTION('',(0.999999999999999,0.,0.));
#8364=DIRECTION('',(0.,0.,-1.));
#8365=DIRECTION('',(0.,0.,1.));
#8366=DIRECTION('',(-0.999999999999999,0.,0.));
#8367=DIRECTION('',(-0.676486861232715,0.736454700969115,0.));
#8368=DIRECTION('',(0.,0.,1.));
#8369=DIRECTION('',(-0.736454700969115,-0.676486861232715,0.));
#8370=DIRECTION('',(-0.676486861232715,0.736454700969115,0.));
#8371=DIRECTION('',(0.,0.,1.));
#8372=DIRECTION('',(0.999999999999999,0.,0.));
#8373=DIRECTION('',(0.,0.,-1.));
#8374=DIRECTION('',(0.999999999999999,0.,0.));
#8375=DIRECTION('',(0.,0.,-1.));
#8376=DIRECTION('',(0.,0.,-1.));
#8377=DIRECTION('',(-0.330413280204572,0.943836354599914,0.));
#8378=DIRECTION('',(0.,0.,1.));
#8379=DIRECTION('',(0.,0.,-1.));
#8380=DIRECTION('',(-1.,0.,0.));
#8381=DIRECTION('',(0.,0.,1.));
#8382=DIRECTION('',(0.999999999999999,0.,0.));
#8383=DIRECTION('',(0.,0.,-1.));
#8384=DIRECTION('',(0.,0.,-1.));
#8385=DIRECTION('',(0.999999999999999,0.,0.));
#8386=DIRECTION('',(-0.65079137345597,0.759256602365296,0.));
#8387=DIRECTION('',(0.,0.,1.));
#8388=DIRECTION('',(-0.759256602365296,-0.650791373455969,0.));
#8389=DIRECTION('',(-0.650791373455969,0.759256602365296,0.));
#8390=DIRECTION('',(0.,0.,1.));
#8391=DIRECTION('',(0.999999999999999,0.,0.));
#8392=DIRECTION('',(0.,0.,-1.));
#8393=DIRECTION('',(0.,0.,-1.));
#8394=DIRECTION('',(0.999999999999999,0.,0.));
#8395=DIRECTION('',(1.,0.,0.));
#8396=DIRECTION('',(0.,0.,1.));
#8397=DIRECTION('',(0.,-1.,0.));
#8398=DIRECTION('',(-1.,0.,0.));
#8399=DIRECTION('',(0.,0.,1.));
#8400=DIRECTION('',(0.999999999999999,0.,0.));
#8401=DIRECTION('',(0.,0.,-1.));
#8402=DIRECTION('',(0.,0.,-1.));
#8403=DIRECTION('',(0.999999999999999,0.,0.));
#8404=DIRECTION('',(0.650791373455968,0.759256602365297,0.));
#8405=DIRECTION('',(0.,0.,1.));
#8406=DIRECTION('',(-0.759256602365297,0.650791373455968,0.));
#8407=DIRECTION('',(0.650791373455968,0.759256602365297,0.));
#8408=DIRECTION('',(0.,0.,1.));
#8409=DIRECTION('',(0.999999999999999,0.,0.));
#8410=DIRECTION('',(0.,0.,-1.));
#8411=DIRECTION('',(0.999999999999999,0.,0.));
#8412=DIRECTION('',(0.,0.,-1.));
#8413=DIRECTION('',(0.330413280204573,-0.943836354599914,0.));
#8414=DIRECTION('',(0.,0.,1.));
#8415=DIRECTION('',(0.,0.,-1.));
#8416=DIRECTION('',(0.,0.,-1.));
#8417=DIRECTION('',(-1.,0.,0.));
#8418=DIRECTION('',(0.,0.,1.));
#8419=DIRECTION('',(0.999999999999999,0.,0.));
#8420=DIRECTION('',(0.,0.,-1.));
#8421=DIRECTION('',(0.,0.,-1.));
#8422=DIRECTION('',(0.999999999999999,0.,0.));
#8423=DIRECTION('',(0.650791373455969,-0.759256602365296,0.));
#8424=DIRECTION('',(0.,0.,1.));
#8425=DIRECTION('',(0.759256602365296,0.650791373455969,0.));
#8426=DIRECTION('',(0.650791373455969,-0.759256602365296,0.));
#8427=DIRECTION('',(0.,0.,1.));
#8428=DIRECTION('',(0.999999999999999,0.,0.));
#8429=DIRECTION('',(0.,0.,-1.));
#8430=DIRECTION('',(0.,0.,-1.));
#8431=DIRECTION('',(0.999999999999999,0.,0.));
#8432=DIRECTION('',(-1.,0.,0.));
#8433=DIRECTION('',(0.,0.,1.));
#8434=DIRECTION('',(0.,1.,0.));
#8435=DIRECTION('',(1.,0.,0.));
#8436=DIRECTION('',(0.,0.,1.));
#8437=DIRECTION('',(0.999999999999999,0.,0.));
#8438=DIRECTION('',(0.,0.,-1.));
#8439=DIRECTION('',(0.,0.,1.));
#8440=DIRECTION('',(-0.999999999999999,0.,0.));
#8441=DIRECTION('',(-0.65079137345597,-0.759256602365295,0.));
#8442=DIRECTION('',(0.,0.,1.));
#8443=DIRECTION('',(0.759256602365297,-0.650791373455968,0.));
#8444=DIRECTION('',(-0.650791373455968,-0.759256602365297,0.));
#8445=DIRECTION('',(0.,0.,1.));
#8446=DIRECTION('',(0.999999999999999,0.,0.));
#8447=DIRECTION('',(0.,0.,-1.));
#8448=DIRECTION('',(0.999999999999999,0.,0.));
#8449=DIRECTION('',(0.,0.,-1.));
#8450=DIRECTION('',(0.,0.,-1.));
#8451=DIRECTION('',(0.882198601690979,0.470877507611565,0.));
#8452=DIRECTION('',(0.,0.,1.));
#8453=DIRECTION('',(0.,0.,-1.));
#8454=DIRECTION('',(-1.,0.,0.));
#8455=DIRECTION('',(0.,0.,1.));
#8456=DIRECTION('',(0.999999999999999,0.,0.));
#8457=DIRECTION('',(0.,0.,-1.));
#8458=DIRECTION('',(0.,0.,-1.));
#8459=DIRECTION('',(0.999999999999999,0.,0.));
#8460=DIRECTION('',(0.650791373455968,0.759256602365297,0.));
#8461=DIRECTION('',(0.,0.,1.));
#8462=DIRECTION('',(-0.759256602365297,0.650791373455968,0.));
#8463=DIRECTION('',(0.650791373455968,0.759256602365297,0.));
#8464=DIRECTION('',(0.,0.,1.));
#8465=DIRECTION('',(0.999999999999999,0.,0.));
#8466=DIRECTION('',(0.,0.,-1.));
#8467=DIRECTION('',(0.,0.,1.));
#8468=DIRECTION('',(-0.999999999999999,0.,0.));
#8469=DIRECTION('',(0.,-1.,0.));
#8470=DIRECTION('',(0.,0.,1.));
#8471=DIRECTION('',(1.,0.,0.));
#8472=DIRECTION('',(0.,-1.,0.));
#8473=DIRECTION('',(0.,0.,1.));
#8474=DIRECTION('',(0.999999999999999,0.,0.));
#8475=DIRECTION('',(0.,0.,-1.));
#8476=DIRECTION('',(0.,0.,-1.));
#8477=DIRECTION('',(0.999999999999999,0.,0.));
#8478=DIRECTION('',(0.650791373455969,-0.759256602365296,0.));
#8479=DIRECTION('',(0.,0.,1.));
#8480=DIRECTION('',(0.759256602365296,0.650791373455969,0.));
#8481=DIRECTION('',(0.650791373455969,-0.759256602365296,0.));
#8482=DIRECTION('',(0.,0.,1.));
#8483=DIRECTION('',(0.999999999999999,0.,0.));
#8484=DIRECTION('',(0.,0.,-1.));
#8485=DIRECTION('',(0.999999999999999,0.,0.));
#8486=DIRECTION('',(0.,0.,-1.));
#8487=DIRECTION('',(-0.999999999999999,0.,0.));
#8488=DIRECTION('',(0.,0.,-1.));
#8489=DIRECTION('',(-0.707106781186548,-0.707106781186548,0.));
#8490=DIRECTION('',(0.,0.,1.));
#8491=DIRECTION('',(-0.707106781186549,0.707106781186546,0.));
#8492=DIRECTION('',(0.,0.,1.));
#8493=DIRECTION('',(0.,0.,1.));
#8494=DIRECTION('',(0.999999999999999,0.,0.));
#8495=DIRECTION('',(0.,0.,-1.));
#8496=DIRECTION('',(0.,0.,-1.));
#8497=DIRECTION('',(0.999999999999999,0.,0.));
#8498=DIRECTION('',(-1.,0.,0.));
#8499=DIRECTION('',(0.,0.,1.));
#8500=DIRECTION('',(0.,1.,0.));
#8501=DIRECTION('',(1.,0.,0.));
#8502=DIRECTION('',(0.,0.,1.));
#8503=DIRECTION('',(0.999999999999999,0.,0.));
#8504=DIRECTION('',(0.,0.,-1.));
#8505=DIRECTION('',(0.,0.,1.));
#8506=DIRECTION('',(-0.999999999999999,0.,0.));
#8507=DIRECTION('',(-0.650791373455969,-0.759256602365296,0.));
#8508=DIRECTION('',(0.,0.,1.));
#8509=DIRECTION('',(0.759256602365296,-0.650791373455969,0.));
#8510=DIRECTION('',(-0.650791373455969,-0.759256602365296,0.));
#8511=DIRECTION('',(0.,0.,1.));
#8512=DIRECTION('',(0.999999999999999,0.,0.));
#8513=DIRECTION('',(0.,0.,-1.));
#8514=DIRECTION('',(0.,0.,-1.));
#8515=DIRECTION('',(0.999999999999999,0.,0.));
#8516=DIRECTION('',(2.452289E-18,6.293051E-15,-1.));
#8517=DIRECTION('',(0.330413280204573,-0.943836354599914,-5.93879998622665E-15));
#8518=DIRECTION('',(0.,0.,1.));
#8519=DIRECTION('',(0.,0.,-1.));
#8520=DIRECTION('',(-1.,0.,0.));
#8521=DIRECTION('',(0.,0.,1.));
#8522=DIRECTION('',(0.999999999999999,0.,0.));
#8523=DIRECTION('',(0.,0.,-1.));
#8524=DIRECTION('',(0.,0.,-1.));
#8525=DIRECTION('',(0.999999999999999,0.,0.));
#8526=DIRECTION('',(0.65079137345597,-0.759256602365296,0.));
#8527=DIRECTION('',(0.,0.,1.));
#8528=DIRECTION('',(0.759256602365297,0.650791373455968,0.));
#8529=DIRECTION('',(0.650791373455968,-0.759256602365297,0.));
#8530=DIRECTION('',(0.,0.,1.));
#8531=DIRECTION('',(0.999999999999999,0.,0.));
#8532=DIRECTION('',(0.,0.,-1.));
#8533=DIRECTION('',(0.999999999999999,0.,0.));
#8534=DIRECTION('',(0.,0.,-1.));
#8535=DIRECTION('',(0.,0.,-1.));
#8536=DIRECTION('',(0.882198601690981,0.470877507611564,0.));
#8537=DIRECTION('',(0.,0.,1.));
#8538=DIRECTION('',(0.,0.,-1.));
#8539=DIRECTION('',(-1.,0.,0.));
#8540=DIRECTION('',(0.,0.,1.));
#8541=DIRECTION('',(0.999999999999999,0.,0.));
#8542=DIRECTION('',(0.,0.,-1.));
#8543=DIRECTION('',(0.,0.,-1.));
#8544=DIRECTION('',(0.999999999999999,0.,0.));
#8545=DIRECTION('',(0.65079137345597,0.759256602365295,0.));
#8546=DIRECTION('',(0.,0.,1.));
#8547=DIRECTION('',(-0.759256602365296,0.650791373455969,0.));
#8548=DIRECTION('',(0.650791373455969,0.759256602365296,0.));
#8549=DIRECTION('',(0.,0.,1.));
#8550=DIRECTION('',(0.999999999999999,0.,0.));
#8551=DIRECTION('',(0.,0.,-1.));
#8552=DIRECTION('',(0.,0.,-1.));
#8553=DIRECTION('',(0.999999999999999,0.,0.));
#8554=DIRECTION('',(0.70710678118655,-0.707106781186545,0.));
#8555=DIRECTION('',(0.,0.,1.));
#8556=DIRECTION('',(-0.707106781186547,-0.707106781186548,0.));
#8557=DIRECTION('',(0.,0.,1.));
#8558=DIRECTION('',(0.,0.,1.));
#8559=DIRECTION('',(0.999999999999999,0.,0.));
#8560=DIRECTION('',(0.,0.,-1.));
#8561=DIRECTION('',(0.,0.,-1.));
#8562=DIRECTION('',(0.999999999999999,0.,0.));
#8563=DIRECTION('',(0.,-1.,0.));
#8564=DIRECTION('',(0.,0.,1.));
#8565=DIRECTION('',(-1.,0.,0.));
#8566=DIRECTION('',(0.,1.,0.));
#8567=DIRECTION('',(0.,0.,1.));
#8568=DIRECTION('',(0.999999999999999,0.,0.));
#8569=DIRECTION('',(0.,0.,-1.));
#8570=DIRECTION('',(0.,0.,1.));
#8571=DIRECTION('',(-0.999999999999999,0.,0.));
#8572=DIRECTION('',(-0.707106781186548,-0.707106781186548,0.));
#8573=DIRECTION('',(0.,0.,1.));
#8574=DIRECTION('',(-0.707106781186549,0.707106781186546,0.));
#8575=DIRECTION('',(0.,0.,1.));
#8576=DIRECTION('',(0.,0.,1.));
#8577=DIRECTION('',(0.999999999999999,0.,0.));
#8578=DIRECTION('',(0.,0.,-1.));
#8579=DIRECTION('',(0.,0.,1.));
#8580=DIRECTION('',(-0.999999999999999,0.,0.));
#8581=DIRECTION('',(0.650791373455968,-0.759256602365297,0.));
#8582=DIRECTION('',(0.,0.,1.));
#8583=DIRECTION('',(0.759256602365297,0.650791373455968,0.));
#8584=DIRECTION('',(0.650791373455968,-0.759256602365297,0.));
#8585=DIRECTION('',(0.,0.,1.));
#8586=DIRECTION('',(0.999999999999999,0.,0.));
#8587=DIRECTION('',(0.,0.,-1.));
#8588=DIRECTION('',(0.999999999999999,0.,0.));
#8589=DIRECTION('',(0.65079137345597,0.759256602365295,0.));
#8590=DIRECTION('',(0.,0.,1.));
#8591=DIRECTION('',(0.,0.,-1.));
#8592=DIRECTION('',(-0.759256602365296,0.650791373455969,0.));
#8593=DIRECTION('',(0.650791373455969,0.759256602365296,0.));
#8594=DIRECTION('',(0.,0.,1.));
#8595=DIRECTION('',(0.999999999999999,0.,0.));
#8596=DIRECTION('',(0.,0.,-1.));
#8597=DIRECTION('',(0.,0.,-1.));
#8598=DIRECTION('',(0.999999999999999,0.,0.));
#8599=DIRECTION('',(0.,0.,-1.));
#8600=DIRECTION('',(-0.330413280204573,0.943836354599914,0.));
#8601=DIRECTION('',(0.,0.,1.));
#8602=DIRECTION('',(0.,0.,-1.));
#8603=DIRECTION('',(-1.,0.,0.));
#8604=DIRECTION('',(0.,0.,1.));
#8605=DIRECTION('',(0.999999999999999,0.,0.));
#8606=DIRECTION('',(0.,0.,-1.));
#8607=DIRECTION('',(0.,0.,-1.));
#8608=DIRECTION('',(0.999999999999999,0.,0.));
#8609=DIRECTION('',(-0.650791373455968,0.759256602365297,0.));
#8610=DIRECTION('',(0.,0.,1.));
#8611=DIRECTION('',(-0.759256602365297,-0.650791373455968,0.));
#8612=DIRECTION('',(-0.650791373455968,0.759256602365297,0.));
#8613=DIRECTION('',(0.,0.,1.));
#8614=DIRECTION('',(0.999999999999999,0.,0.));
#8615=DIRECTION('',(0.,0.,-1.));
#8616=DIRECTION('',(0.,0.,-1.));
#8617=DIRECTION('',(0.999999999999999,0.,0.));
#8618=DIRECTION('',(1.,0.,0.));
#8619=DIRECTION('',(0.,0.,1.));
#8620=DIRECTION('',(0.,-1.,0.));
#8621=DIRECTION('',(-1.,0.,0.));
#8622=DIRECTION('',(0.,0.,1.));
#8623=DIRECTION('',(0.999999999999999,0.,0.));
#8624=DIRECTION('',(0.,0.,-1.));
#8625=DIRECTION('',(0.,0.,1.));
#8626=DIRECTION('',(-0.999999999999999,0.,0.));
#8627=DIRECTION('',(0.707106781186549,-0.707106781186546,0.));
#8628=DIRECTION('',(0.,0.,1.));
#8629=DIRECTION('',(-0.707106781186547,-0.707106781186548,0.));
#8630=DIRECTION('',(0.,0.,1.));
#8631=DIRECTION('',(0.,0.,1.));
#8632=DIRECTION('',(0.999999999999999,0.,0.));
#8633=DIRECTION('',(0.,0.,-1.));
#8634=DIRECTION('',(0.999999999999999,0.,0.));
#8635=DIRECTION('',(0.,0.,-1.));
#8636=DIRECTION('',(-0.999999999999999,0.,0.));
#8637=DIRECTION('',(0.,0.,1.));
#8638=DIRECTION('',(0.,0.,1.));
#8639=DIRECTION('',(-0.999999999999999,0.,0.));
#8640=DIRECTION('',(0.,0.,-1.));
#8641=DIRECTION('',(0.,0.,-1.));
#8642=DIRECTION('',(-0.999999999999999,0.,0.));
#8643=DIRECTION('',(1.121429E-14,-2.730399E-15,-1.));
#8644=DIRECTION('',(0.882198601690982,-0.470877507611562,1.11789176211325E-14));
#8645=DIRECTION('',(0.,0.,1.));
#8646=DIRECTION('',(0.,0.,-1.));
#8647=DIRECTION('',(1.,0.,0.));
#8648=DIRECTION('',(0.,0.,1.));
#8649=DIRECTION('',(-0.999999999999999,0.,0.));
#8650=DIRECTION('',(0.,0.,-1.));
#8651=DIRECTION('',(0.,0.,-1.));
#8652=DIRECTION('',(-0.999999999999999,0.,0.));
#8653=DIRECTION('',(-0.676486861232715,-0.736454700969115,0.));
#8654=DIRECTION('',(0.,0.,1.));
#8655=DIRECTION('',(0.736454700969115,-0.676486861232715,0.));
#8656=DIRECTION('',(0.676486861232715,0.736454700969115,0.));
#8657=DIRECTION('',(0.,0.,1.));
#8658=DIRECTION('',(-0.999999999999999,0.,0.));
#8659=DIRECTION('',(0.,0.,-1.));
#8660=DIRECTION('',(0.,0.,1.));
#8661=DIRECTION('',(1.,0.,0.));
#8662=DIRECTION('',(0.,-1.,0.));
#8663=DIRECTION('',(0.,0.,1.));
#8664=DIRECTION('',(1.,0.,0.));
#8665=DIRECTION('',(0.,1.,0.));
#8666=DIRECTION('',(0.,0.,1.));
#8667=DIRECTION('',(-0.999999999999999,0.,0.));
#8668=DIRECTION('',(0.,0.,-1.));
#8669=DIRECTION('',(0.,0.,1.));
#8670=DIRECTION('',(1.,0.,0.));
#8671=DIRECTION('',(-0.650791373455969,0.759256602365296,0.));
#8672=DIRECTION('',(-0.759256602365296,-0.650791373455969,0.));
#8673=DIRECTION('',(0.650791373455969,-0.759256602365296,0.));
#8674=DIRECTION('',(0.,0.,-1.));
#8675=DIRECTION('',(-0.650791373455969,0.759256602365296,0.));
#8676=DIRECTION('',(0.,0.,1.));
#8677=DIRECTION('',(-0.759256602365296,-0.650791373455969,0.));
#8678=DIRECTION('',(0.650791373455969,-0.759256602365296,0.));
#8679=DIRECTION('',(0.,0.,1.));
#8680=DIRECTION('',(-0.999999999999999,0.,0.));
#8681=DIRECTION('',(0.,0.,-1.));
#8682=DIRECTION('',(0.,0.,1.));
#8683=DIRECTION('',(0.999999999999999,0.,0.));
#8684=DIRECTION('',(-1.,0.,0.));
#8685=DIRECTION('',(0.,0.,1.));
#8686=DIRECTION('',(0.,1.,0.));
#8687=DIRECTION('',(-1.,0.,0.));
#8688=DIRECTION('',(0.,0.,1.));
#8689=DIRECTION('',(-0.999999999999999,0.,0.));
#8690=DIRECTION('',(0.,0.,-1.));
#8691=DIRECTION('',(0.,0.,-1.));
#8692=DIRECTION('',(-0.999999999999999,0.,0.));
#8693=DIRECTION('',(-0.707106781186548,0.707106781186548,0.));
#8694=DIRECTION('',(0.,0.,1.));
#8695=DIRECTION('',(0.707106781186549,0.707106781186546,0.));
#8696=DIRECTION('',(0.,0.,1.));
#8697=DIRECTION('',(0.,0.,1.));
#8698=DIRECTION('',(-0.999999999999999,0.,0.));
#8699=DIRECTION('',(0.,0.,-1.));
#8700=DIRECTION('',(0.,0.,-1.));
#8701=DIRECTION('',(-0.999999999999999,0.,0.));
#8702=DIRECTION('',(0.65079137345597,0.759256602365296,0.));
#8703=DIRECTION('',(0.,0.,1.));
#8704=DIRECTION('',(-0.759256602365297,0.650791373455968,0.));
#8705=DIRECTION('',(-0.650791373455968,-0.759256602365297,0.));
#8706=DIRECTION('',(0.,0.,1.));
#8707=DIRECTION('',(-0.999999999999999,0.,0.));
#8708=DIRECTION('',(0.,0.,-1.));
#8709=DIRECTION('',(0.,0.,-1.));
#8710=DIRECTION('',(-0.999999999999999,0.,0.));
#8711=DIRECTION('',(-2.452289E-18,6.293051E-15,-1.));
#8712=DIRECTION('',(-0.330413280204572,-0.943836354599914,-5.93879998622665E-15));
#8713=DIRECTION('',(0.,0.,1.));
#8714=DIRECTION('',(0.,0.,-1.));
#8715=DIRECTION('',(1.,0.,0.));
#8716=DIRECTION('',(0.,0.,1.));
#8717=DIRECTION('',(-0.999999999999999,0.,0.));
#8718=DIRECTION('',(0.,0.,-1.));
#8719=DIRECTION('',(-0.999999999999999,0.,0.));
#8720=DIRECTION('',(1.,0.,4.56994106268792E-16));
#8721=DIRECTION('',(0.,0.,-1.));
#8722=DIRECTION('',(-0.898794046299166,0.,0.438371146789079));
#8723=DIRECTION('',(0.,-1.,0.));
#8724=DIRECTION('',(-1.,0.,0.));
#8725=DIRECTION('',(-4.56994106268792E-16,0.,1.));
#8726=DIRECTION('',(-1.,0.,-4.33680868994202E-16));
#8727=DIRECTION('',(0.,0.,1.));
#8728=DIRECTION('',(0.,0.,-1.));
#8729=DIRECTION('',(1.,0.,0.));
#8730=DIRECTION('',(0.,1.,0.));
#8731=DIRECTION('',(0.,0.,-1.));
#8732=DIRECTION('',(1.,0.,0.));
#8733=DIRECTION('',(0.,1.,0.));
#8734=DIRECTION('',(-4.56994106268792E-16,0.,1.));
#8735=DIRECTION('',(-1.,0.,-4.33680868994202E-16));
#8736=DIRECTION('',(0.,0.,1.));
#8737=DIRECTION('',(-1.,0.,0.));
#8738=DIRECTION('',(0.,0.,1.));
#8739=DIRECTION('',(1.,0.,0.));
#8740=DIRECTION('',(0.,0.,1.));
#8741=DIRECTION('',(1.,0.,0.));
#8742=DIRECTION('',(0.,0.,1.));
#8743=DIRECTION('',(0.65079137345597,-0.759256602365296,0.));
#8744=DIRECTION('',(0.,0.,-1.));
#8745=DIRECTION('',(-0.759256602365296,-0.650791373455969,0.));
#8746=DIRECTION('',(-0.650791373455969,0.759256602365296,0.));
#8747=DIRECTION('',(0.,0.,-1.));
#8748=DIRECTION('',(0.999999999999999,0.,0.));
#8749=DIRECTION('',(0.,0.,1.));
#8750=DIRECTION('',(0.,0.,1.));
#8751=DIRECTION('',(0.999999999999999,0.,0.));
#8752=DIRECTION('',(0.,0.,1.));
#8753=DIRECTION('',(-0.330413280204572,0.943836354599914,0.));
#8754=DIRECTION('',(0.,0.,-1.));
#8755=DIRECTION('',(0.,0.,1.));
#8756=DIRECTION('',(-1.,0.,0.));
#8757=DIRECTION('',(0.,0.,-1.));
#8758=DIRECTION('',(0.999999999999999,0.,0.));
#8759=DIRECTION('',(0.,0.,1.));
#8760=DIRECTION('',(0.,0.,1.));
#8761=DIRECTION('',(0.999999999999999,0.,0.));
#8762=DIRECTION('',(-0.650791373455968,-0.759256602365297,0.));
#8763=DIRECTION('',(0.,0.,-1.));
#8764=DIRECTION('',(-0.759256602365297,0.650791373455968,0.));
#8765=DIRECTION('',(0.650791373455968,0.759256602365297,0.));
#8766=DIRECTION('',(0.,0.,-1.));
#8767=DIRECTION('',(0.999999999999999,0.,0.));
#8768=DIRECTION('',(0.,0.,1.));
#8769=DIRECTION('',(0.,0.,1.));
#8770=DIRECTION('',(0.999999999999999,0.,0.));
#8771=DIRECTION('',(-1.,0.,0.));
#8772=DIRECTION('',(0.,0.,-1.));
#8773=DIRECTION('',(0.,-1.,0.));
#8774=DIRECTION('',(-1.,0.,0.));
#8775=DIRECTION('',(0.,0.,-1.));
#8776=DIRECTION('',(0.999999999999999,0.,0.));
#8777=DIRECTION('',(0.,0.,1.));
#8778=DIRECTION('',(0.999999999999999,0.,0.));
#8779=DIRECTION('',(0.,0.,1.));
#8780=DIRECTION('',(0.,0.,1.));
#8781=DIRECTION('',(0.882198601690979,0.470877507611565,0.));
#8782=DIRECTION('',(0.,0.,-1.));
#8783=DIRECTION('',(0.,0.,1.));
#8784=DIRECTION('',(-1.,0.,0.));
#8785=DIRECTION('',(0.,0.,-1.));
#8786=DIRECTION('',(0.999999999999999,0.,0.));
#8787=DIRECTION('',(0.,0.,1.));
#8788=DIRECTION('',(0.,0.,1.));
#8789=DIRECTION('',(0.999999999999999,0.,0.));
#8790=DIRECTION('',(-0.650791373455969,0.759256602365296,0.));
#8791=DIRECTION('',(0.,0.,-1.));
#8792=DIRECTION('',(0.759256602365296,0.650791373455969,0.));
#8793=DIRECTION('',(0.650791373455969,-0.759256602365296,0.));
#8794=DIRECTION('',(0.,0.,-1.));
#8795=DIRECTION('',(0.999999999999999,0.,0.));
#8796=DIRECTION('',(0.,0.,1.));
#8797=DIRECTION('',(0.,0.,1.));
#8798=DIRECTION('',(0.999999999999999,0.,0.));
#8799=DIRECTION('',(0.,1.,0.));
#8800=DIRECTION('',(0.,0.,-1.));
#8801=DIRECTION('',(1.,0.,0.));
#8802=DIRECTION('',(0.,-1.,0.));
#8803=DIRECTION('',(0.,0.,-1.));
#8804=DIRECTION('',(0.999999999999999,0.,0.));
#8805=DIRECTION('',(0.,0.,1.));
#8806=DIRECTION('',(0.,0.,-1.));
#8807=DIRECTION('',(-0.999999999999999,0.,0.));
#8808=DIRECTION('',(-0.650791373455968,-0.759256602365297,0.));
#8809=DIRECTION('',(0.,0.,-1.));
#8810=DIRECTION('',(-0.759256602365297,0.650791373455968,0.));
#8811=DIRECTION('',(0.650791373455968,0.759256602365297,0.));
#8812=DIRECTION('',(0.,0.,-1.));
#8813=DIRECTION('',(0.999999999999999,0.,0.));
#8814=DIRECTION('',(0.,0.,1.));
#8815=DIRECTION('',(0.999999999999999,0.,0.));
#8816=DIRECTION('',(0.,0.,1.));
#8817=DIRECTION('',(0.,-1.,0.));
#8818=DIRECTION('',(0.,0.,-1.));
#8819=DIRECTION('',(-1.,0.,0.));
#8820=DIRECTION('',(0.,1.,0.));
#8821=DIRECTION('',(0.,0.,-1.));
#8822=DIRECTION('',(0.999999999999999,0.,0.));
#8823=DIRECTION('',(0.,0.,1.));
#8824=DIRECTION('',(0.,0.,-1.));
#8825=DIRECTION('',(-0.999999999999999,0.,0.));
#8826=DIRECTION('',(0.650791373455969,0.759256602365296,0.));
#8827=DIRECTION('',(0.,0.,-1.));
#8828=DIRECTION('',(0.759256602365296,-0.650791373455969,0.));
#8829=DIRECTION('',(-0.650791373455969,-0.759256602365296,0.));
#8830=DIRECTION('',(0.,0.,-1.));
#8831=DIRECTION('',(0.999999999999999,0.,0.));
#8832=DIRECTION('',(0.,0.,1.));
#8833=DIRECTION('',(0.,0.,1.));
#8834=DIRECTION('',(0.999999999999999,0.,0.));
#8835=DIRECTION('',(-1.121429E-14,-2.730399E-15,1.));
#8836=DIRECTION('',(-0.882198601690982,-0.470877507611562,-1.11789176211325E-14));
#8837=DIRECTION('',(0.,0.,-1.));
#8838=DIRECTION('',(0.,0.,1.));
#8839=DIRECTION('',(-1.,0.,0.));
#8840=DIRECTION('',(0.,0.,-1.));
#8841=DIRECTION('',(0.999999999999999,0.,0.));
#8842=DIRECTION('',(0.,0.,1.));
#8843=DIRECTION('',(0.,0.,1.));
#8844=DIRECTION('',(0.999999999999999,0.,0.));
#8845=DIRECTION('',(0.676486861232715,-0.736454700969115,0.));
#8846=DIRECTION('',(0.,0.,-1.));
#8847=DIRECTION('',(-0.736454700969115,-0.676486861232715,0.));
#8848=DIRECTION('',(-0.676486861232715,0.736454700969115,0.));
#8849=DIRECTION('',(0.,0.,-1.));
#8850=DIRECTION('',(0.999999999999999,0.,0.));
#8851=DIRECTION('',(0.,0.,-1.));
#8852=DIRECTION('',(-0.999999999999999,0.,0.));
#8853=DIRECTION('',(1.,0.,0.));
#8854=DIRECTION('',(0.,0.,-1.));
#8855=DIRECTION('',(0.,0.,1.));
#8856=DIRECTION('',(0.,1.,0.));
#8857=DIRECTION('',(1.,0.,0.));
#8858=DIRECTION('',(0.,0.,-1.));
#8859=DIRECTION('',(0.999999999999999,0.,0.));
#8860=DIRECTION('',(0.,0.,1.));
#8861=DIRECTION('',(0.,0.,1.));
#8862=DIRECTION('',(0.999999999999999,0.,0.));
#8863=DIRECTION('',(0.707106781186548,0.707106781186548,0.));
#8864=DIRECTION('',(0.,0.,-1.));
#8865=DIRECTION('',(-0.707106781186549,0.707106781186546,0.));
#8866=DIRECTION('',(0.,0.,-1.));
#8867=DIRECTION('',(0.,0.,-1.));
#8868=DIRECTION('',(0.999999999999999,0.,0.));
#8869=DIRECTION('',(0.,0.,1.));
#8870=DIRECTION('',(0.,0.,1.));
#8871=DIRECTION('',(0.999999999999999,0.,0.));
#8872=DIRECTION('',(-0.65079137345597,0.759256602365296,0.));
#8873=DIRECTION('',(0.,0.,-1.));
#8874=DIRECTION('',(0.759256602365297,0.650791373455968,0.));
#8875=DIRECTION('',(0.650791373455968,-0.759256602365297,0.));
#8876=DIRECTION('',(0.,0.,-1.));
#8877=DIRECTION('',(0.999999999999999,0.,0.));
#8878=DIRECTION('',(0.,0.,1.));
#8879=DIRECTION('',(0.,0.,1.));
#8880=DIRECTION('',(0.999999999999999,0.,0.));
#8881=DIRECTION('',(2.452289E-18,6.293051E-15,1.));
#8882=DIRECTION('',(0.330413280204573,-0.943836354599914,5.93879998622665E-15));
#8883=DIRECTION('',(0.,0.,-1.));
#8884=DIRECTION('',(0.,0.,1.));
#8885=DIRECTION('',(-1.,0.,0.));
#8886=DIRECTION('',(0.,0.,-1.));
#8887=DIRECTION('',(0.999999999999999,0.,0.));
#8888=DIRECTION('',(0.,0.,1.));
#8889=DIRECTION('',(0.,0.,1.));
#8890=DIRECTION('',(0.999999999999999,0.,0.));
#8891=DIRECTION('',(0.650791373455969,0.759256602365296,0.));
#8892=DIRECTION('',(0.,0.,-1.));
#8893=DIRECTION('',(0.759256602365296,-0.650791373455969,0.));
#8894=DIRECTION('',(-0.650791373455969,-0.759256602365296,0.));
#8895=DIRECTION('',(0.,0.,-1.));
#8896=DIRECTION('',(0.999999999999999,0.,0.));
#8897=DIRECTION('',(0.,0.,-1.));
#8898=DIRECTION('',(-0.999999999999999,0.,0.));
#8899=DIRECTION('',(0.,0.,-1.));
#8900=DIRECTION('',(0.,0.,-1.));
#8901=DIRECTION('',(0.999999999999999,0.,0.));
#8902=DIRECTION('',(0.,0.,1.));
#8903=DIRECTION('',(0.,0.,1.));
#8904=DIRECTION('',(0.999999999999999,0.,0.));
#8905=DIRECTION('',(-0.650791373455969,0.759256602365296,0.));
#8906=DIRECTION('',(0.,0.,-1.));
#8907=DIRECTION('',(0.759256602365296,0.650791373455969,0.));
#8908=DIRECTION('',(0.650791373455969,-0.759256602365296,0.));
#8909=DIRECTION('',(0.,0.,-1.));
#8910=DIRECTION('',(0.999999999999999,0.,0.));
#8911=DIRECTION('',(0.,0.,1.));
#8912=DIRECTION('',(0.,0.,1.));
#8913=DIRECTION('',(0.999999999999999,0.,0.));
#8914=DIRECTION('',(0.,0.,1.));
#8915=DIRECTION('',(0.330413280204573,-0.943836354599914,0.));
#8916=DIRECTION('',(0.,0.,-1.));
#8917=DIRECTION('',(0.,0.,1.));
#8918=DIRECTION('',(-1.,0.,0.));
#8919=DIRECTION('',(0.,0.,-1.));
#8920=DIRECTION('',(0.999999999999999,0.,0.));
#8921=DIRECTION('',(0.,0.,1.));
#8922=DIRECTION('',(0.,0.,1.));
#8923=DIRECTION('',(0.999999999999999,0.,0.));
#8924=DIRECTION('',(0.65079137345597,0.759256602365295,0.));
#8925=DIRECTION('',(0.,0.,-1.));
#8926=DIRECTION('',(0.759256602365297,-0.650791373455968,0.));
#8927=DIRECTION('',(-0.650791373455968,-0.759256602365297,0.));
#8928=DIRECTION('',(0.,0.,-1.));
#8929=DIRECTION('',(0.999999999999999,0.,0.));
#8930=DIRECTION('',(0.,0.,1.));
#8931=DIRECTION('',(0.,0.,-1.));
#8932=DIRECTION('',(-0.999999999999999,0.,0.));
#8933=DIRECTION('',(1.,0.,0.));
#8934=DIRECTION('',(0.,1.,0.));
#8935=DIRECTION('',(1.,0.,0.));
#8936=DIRECTION('',(0.,0.,1.));
#8937=DIRECTION('',(0.707106781186548,0.707106781186548,0.));
#8938=DIRECTION('',(0.,0.,-1.));
#8939=DIRECTION('',(-0.707106781186549,0.707106781186546,0.));
#8940=DIRECTION('',(0.,0.,-1.));
#8941=DIRECTION('',(0.,0.,-1.));
#8942=DIRECTION('',(0.999999999999999,0.,0.));
#8943=DIRECTION('',(0.,0.,1.));
#8944=DIRECTION('',(0.,0.,-1.));
#8945=DIRECTION('',(-0.999999999999999,0.,0.));
#8946=DIRECTION('',(0.,1.,0.));
#8947=DIRECTION('',(0.,0.,-1.));
#8948=DIRECTION('',(-1.,0.,0.));
#8949=DIRECTION('',(0.,1.,0.));
#8950=DIRECTION('',(0.,0.,-1.));
#8951=DIRECTION('',(0.999999999999999,0.,0.));
#8952=DIRECTION('',(0.,0.,1.));
#8953=DIRECTION('',(0.,0.,1.));
#8954=DIRECTION('',(0.999999999999999,0.,0.));
#8955=DIRECTION('',(-0.70710678118655,0.707106781186545,0.));
#8956=DIRECTION('',(0.,0.,-1.));
#8957=DIRECTION('',(-0.707106781186547,-0.707106781186548,0.));
#8958=DIRECTION('',(0.,0.,-1.));
#8959=DIRECTION('',(0.,0.,-1.));
#8960=DIRECTION('',(0.999999999999999,0.,0.));
#8961=DIRECTION('',(0.,0.,1.));
#8962=DIRECTION('',(0.,0.,1.));
#8963=DIRECTION('',(0.999999999999999,0.,0.));
#8964=DIRECTION('',(-0.65079137345597,-0.759256602365295,0.));
#8965=DIRECTION('',(0.,0.,-1.));
#8966=DIRECTION('',(-0.759256602365296,0.650791373455969,0.));
#8967=DIRECTION('',(0.650791373455969,0.759256602365296,0.));
#8968=DIRECTION('',(0.,0.,-1.));
#8969=DIRECTION('',(0.999999999999999,0.,0.));
#8970=DIRECTION('',(0.,0.,1.));
#8971=DIRECTION('',(0.,0.,1.));
#8972=DIRECTION('',(0.999999999999999,0.,0.));
#8973=DIRECTION('',(0.,0.,1.));
#8974=DIRECTION('',(0.882198601690981,0.470877507611564,0.));
#8975=DIRECTION('',(0.,0.,-1.));
#8976=DIRECTION('',(0.,0.,1.));
#8977=DIRECTION('',(-1.,0.,0.));
#8978=DIRECTION('',(0.,0.,-1.));
#8979=DIRECTION('',(0.999999999999999,0.,0.));
#8980=DIRECTION('',(0.,0.,1.));
#8981=DIRECTION('',(0.,0.,1.));
#8982=DIRECTION('',(0.999999999999999,0.,0.));
#8983=DIRECTION('',(-0.650791373455968,0.759256602365297,0.));
#8984=DIRECTION('',(0.,0.,-1.));
#8985=DIRECTION('',(0.759256602365297,0.650791373455968,0.));
#8986=DIRECTION('',(0.650791373455968,-0.759256602365297,0.));
#8987=DIRECTION('',(0.,0.,-1.));
#8988=DIRECTION('',(0.999999999999999,0.,0.));
#8989=DIRECTION('',(0.,0.,-1.));
#8990=DIRECTION('',(-0.999999999999999,0.,0.));
#8991=DIRECTION('',(-0.65079137345597,-0.759256602365295,0.));
#8992=DIRECTION('',(0.,0.,-1.));
#8993=DIRECTION('',(0.,0.,1.));
#8994=DIRECTION('',(-0.759256602365296,0.650791373455969,0.));
#8995=DIRECTION('',(0.650791373455969,0.759256602365296,0.));
#8996=DIRECTION('',(0.,0.,-1.));
#8997=DIRECTION('',(0.999999999999999,0.,0.));
#8998=DIRECTION('',(0.,0.,1.));
#8999=DIRECTION('',(0.,0.,1.));
#9000=DIRECTION('',(0.999999999999999,0.,0.));
#9001=DIRECTION('',(-0.707106781186549,0.707106781186546,0.));
#9002=DIRECTION('',(0.,0.,-1.));
#9003=DIRECTION('',(-0.707106781186547,-0.707106781186548,0.));
#9004=DIRECTION('',(0.,0.,-1.));
#9005=DIRECTION('',(0.,0.,-1.));
#9006=DIRECTION('',(0.999999999999999,0.,0.));
#9007=DIRECTION('',(0.,0.,1.));
#9008=DIRECTION('',(0.,0.,-1.));
#9009=DIRECTION('',(-0.999999999999999,0.,0.));
#9010=DIRECTION('',(-1.,0.,0.));
#9011=DIRECTION('',(0.,0.,-1.));
#9012=DIRECTION('',(0.,-1.,0.));
#9013=DIRECTION('',(-1.,0.,0.));
#9014=DIRECTION('',(0.,0.,-1.));
#9015=DIRECTION('',(0.999999999999999,0.,0.));
#9016=DIRECTION('',(0.,0.,1.));
#9017=DIRECTION('',(0.,0.,1.));
#9018=DIRECTION('',(0.999999999999999,0.,0.));
#9019=DIRECTION('',(0.650791373455968,-0.759256602365297,0.));
#9020=DIRECTION('',(0.,0.,-1.));
#9021=DIRECTION('',(-0.759256602365297,-0.650791373455968,0.));
#9022=DIRECTION('',(-0.650791373455968,0.759256602365297,0.));
#9023=DIRECTION('',(0.,0.,-1.));
#9024=DIRECTION('',(0.999999999999999,0.,0.));
#9025=DIRECTION('',(0.,0.,1.));
#9026=DIRECTION('',(0.,0.,1.));
#9027=DIRECTION('',(0.999999999999999,0.,0.));
#9028=DIRECTION('',(0.,0.,1.));
#9029=DIRECTION('',(-0.330413280204573,0.943836354599914,0.));
#9030=DIRECTION('',(0.,0.,-1.));
#9031=DIRECTION('',(0.,0.,1.));
#9032=DIRECTION('',(-1.,0.,0.));
#9033=DIRECTION('',(0.,0.,-1.));
#9034=DIRECTION('',(0.999999999999999,0.,0.));
#9035=DIRECTION('',(0.,0.,1.));
#9036=DIRECTION('',(0.999999999999999,0.,0.));
#9037=DIRECTION('',(0.,0.,1.));
#9038=DIRECTION('',(1.121429E-14,-2.730399E-15,1.));
#9039=DIRECTION('',(0.882198601690982,-0.470877507611562,-1.11789176211325E-14));
#9040=DIRECTION('',(0.,0.,-1.));
#9041=DIRECTION('',(0.,0.,1.));
#9042=DIRECTION('',(1.,0.,0.));
#9043=DIRECTION('',(0.,0.,-1.));
#9044=DIRECTION('',(-0.999999999999999,0.,0.));
#9045=DIRECTION('',(0.,0.,1.));
#9046=DIRECTION('',(0.,0.,1.));
#9047=DIRECTION('',(-0.999999999999999,0.,0.));
#9048=DIRECTION('',(0.650791373455969,-0.759256602365296,0.));
#9049=DIRECTION('',(0.,0.,-1.));
#9050=DIRECTION('',(-0.759256602365296,-0.650791373455969,0.));
#9051=DIRECTION('',(0.650791373455969,-0.759256602365296,0.));
#9052=DIRECTION('',(0.,0.,-1.));
#9053=DIRECTION('',(-0.999999999999999,0.,0.));
#9054=DIRECTION('',(0.,0.,1.));
#9055=DIRECTION('',(0.,0.,-1.));
#9056=DIRECTION('',(1.,0.,0.));
#9057=DIRECTION('',(0.,1.,0.));
#9058=DIRECTION('',(0.,0.,-1.));
#9059=DIRECTION('',(1.,0.,0.));
#9060=DIRECTION('',(0.,1.,0.));
#9061=DIRECTION('',(0.,0.,-1.));
#9062=DIRECTION('',(-0.999999999999999,0.,0.));
#9063=DIRECTION('',(0.,0.,1.));
#9064=DIRECTION('',(0.,0.,-1.));
#9065=DIRECTION('',(1.,0.,0.));
#9066=DIRECTION('',(0.676486861232715,0.736454700969115,0.));
#9067=DIRECTION('',(0.,0.,-1.));
#9068=DIRECTION('',(0.736454700969115,-0.676486861232715,0.));
#9069=DIRECTION('',(0.676486861232715,0.736454700969115,0.));
#9070=DIRECTION('',(0.,0.,-1.));
#9071=DIRECTION('',(-0.999999999999999,0.,0.));
#9072=DIRECTION('',(0.,0.,1.));
#9073=DIRECTION('',(-0.999999999999999,0.,0.));
#9074=DIRECTION('',(0.,0.,1.));
#9075=DIRECTION('',(-1.,0.,0.));
#9076=DIRECTION('',(0.,0.,1.));
#9077=DIRECTION('',(-1.,0.,0.));
#9078=DIRECTION('',(-1.09273911731805E-16,-1.,-4.99375336303711E-32));
#9079=DIRECTION('',(4.56994106268792E-16,0.,-1.));
#9080=DIRECTION('',(1.,0.,4.57099635919889E-16));
#9081=DIRECTION('',(0.438371146789079,-4.790253E-17,0.898794046299166));
#9082=DIRECTION('',(0.898794046299166,-9.8214741280367E-17,-0.438371146789079));
#9083=DIRECTION('',(-0.438371146789079,4.790253E-17,-0.898794046299166));
#9084=DIRECTION('',(-0.898794046299166,0.,0.438371146789079));
#9085=DIRECTION('',(0.,0.,1.));
#9086=DIRECTION('',(1.,0.,0.));
#9087=DIRECTION('',(0.,0.,1.));
#9088=DIRECTION('',(1.,0.,0.));
#9089=DIRECTION('',(0.,0.,1.));
#9090=DIRECTION('',(1.,0.,0.));
#9091=DIRECTION('',(0.,0.,1.));
#9092=DIRECTION('',(1.,0.,0.));
#9093=DIRECTION('',(0.,0.,1.));
#9094=DIRECTION('',(1.,0.,0.));
#9095=DIRECTION('',(0.,0.,1.));
#9096=DIRECTION('',(1.,0.,0.));
#9097=DIRECTION('',(0.,0.,1.));
#9098=DIRECTION('',(1.,0.,0.));
#9099=DIRECTION('',(0.,0.,1.));
#9100=DIRECTION('',(-1.,0.,0.));
#9101=DIRECTION('',(0.,0.,1.));
#9102=DIRECTION('',(-1.,0.,0.));
#9103=DIRECTION('',(0.,0.,-1.));
#9104=DIRECTION('',(-1.,0.,0.));
#9105=DIRECTION('',(0.,0.,-1.));
#9106=DIRECTION('',(-1.,0.,0.));
#9107=DIRECTION('',(0.,0.,-1.));
#9108=DIRECTION('',(-1.,0.,0.));
#9109=DIRECTION('',(0.,0.,-1.));
#9110=DIRECTION('',(-0.999999999999999,0.,0.));
#9111=DIRECTION('',(0.,0.,-1.));
#9112=DIRECTION('',(-1.,0.,0.));
#9113=DIRECTION('',(0.,0.,-1.));
#9114=DIRECTION('',(1.,0.,0.));
#9115=DIRECTION('',(0.,0.,-1.));
#9116=DIRECTION('',(1.,0.,0.));
#9117=DIRECTION('',(0.,0.,-1.));
#9118=DIRECTION('',(1.,0.,0.));
#9119=DIRECTION('',(0.,0.,-1.));
#9120=DIRECTION('',(1.,0.,0.));
#9121=DIRECTION('',(0.,0.,-1.));
#9122=DIRECTION('',(1.,0.,0.));
#9123=DIRECTION('',(0.,0.,-1.));
#9124=DIRECTION('',(1.,0.,0.));
#9125=DIRECTION('',(0.,0.,-1.));
#9126=DIRECTION('',(1.,0.,0.));
#9127=DIRECTION('',(0.,0.,-1.));
#9128=DIRECTION('',(-1.,0.,0.));
#9129=DIRECTION('',(0.,0.,-1.));
#9130=DIRECTION('',(1.,0.,0.));
#9131=DIRECTION('',(0.,0.,-1.));
#9132=DIRECTION('',(1.,0.,0.));
#9133=DIRECTION('',(0.,0.,-1.));
#9134=DIRECTION('',(-0.999999999999999,0.,0.));
#9135=DIRECTION('',(0.,0.,-1.));
#9136=DIRECTION('',(0.999999999999999,0.,0.));
#9137=DIRECTION('',(0.,0.,1.));
#9138=DIRECTION('',(-1.,0.,0.));
#9139=DIRECTION('',(0.,0.,-1.));
#9140=DIRECTION('',(-0.707106781186548,-0.707106781186548,0.));
#9141=DIRECTION('',(0.,0.,1.));
#9142=DIRECTION('',(-0.707106781186549,0.707106781186546,0.));
#9143=DIRECTION('',(0.,0.,1.));
#9144=DIRECTION('',(0.,0.,-1.));
#9145=DIRECTION('',(-0.650791373455969,-0.759256602365296,0.));
#9146=DIRECTION('',(0.,0.,1.));
#9147=DIRECTION('',(0.759256602365296,-0.650791373455969,0.));
#9148=DIRECTION('',(-0.650791373455969,-0.759256602365296,0.));
#9149=DIRECTION('',(0.65079137345597,-0.759256602365296,0.));
#9150=DIRECTION('',(0.,0.,1.));
#9151=DIRECTION('',(0.,0.,-1.));
#9152=DIRECTION('',(0.759256602365297,0.650791373455968,0.));
#9153=DIRECTION('',(0.650791373455968,-0.759256602365297,0.));
#9154=DIRECTION('',(-1.,0.,0.));
#9155=DIRECTION('',(0.,0.,1.));
#9156=DIRECTION('',(0.,0.,-1.));
#9157=DIRECTION('',(0.,1.,0.));
#9158=DIRECTION('',(1.,0.,0.));
#9159=DIRECTION('',(2.452289E-18,6.293051E-15,-1.));
#9160=DIRECTION('',(0.330413280204572,-0.943836354599914,-5.93879998622665E-15));
#9161=DIRECTION('',(0.,0.,1.));
#9162=DIRECTION('',(0.,0.,-1.));
#9163=DIRECTION('',(0.,0.,-1.));
#9164=DIRECTION('',(-1.,0.,0.));
#9165=DIRECTION('',(0.,0.,1.));
#9166=DIRECTION('',(1.,0.,0.));
#9167=DIRECTION('',(0.,0.,1.));
#9168=DIRECTION('',(1.,0.,0.));
#9169=DIRECTION('',(0.,0.,1.));
#9170=DIRECTION('',(1.,0.,0.));
#9171=DIRECTION('',(0.,0.,1.));
#9172=DIRECTION('',(1.,0.,0.));
#9173=DIRECTION('',(0.,0.,1.));
#9174=DIRECTION('',(1.,0.,0.));
#9175=DIRECTION('',(0.,0.,1.));
#9176=DIRECTION('',(1.,0.,0.));
#9177=DIRECTION('',(0.,0.,-1.));
#9178=DIRECTION('',(1.,0.,0.));
#9179=DIRECTION('',(0.,0.,-1.));
#9180=DIRECTION('',(1.,0.,0.));
#9181=DIRECTION('',(0.,0.,1.));
#9182=DIRECTION('',(-1.,0.,0.));
#9183=DIRECTION('',(0.,0.,-1.));
#9184=DIRECTION('',(1.,0.,0.));
#9185=DIRECTION('',(0.,0.,-1.));
#9186=DIRECTION('',(1.,0.,0.));
#9187=CARTESIAN_POINT('',(0.,0.,0.));
#9188=CARTESIAN_POINT('',(8.57493385038987,-10.7,-12.7));
#9189=CARTESIAN_POINT('',(9.98914741276297,-12.1142135623731,-12.7));
#9190=CARTESIAN_POINT('',(8.57493385038987,-12.7,-12.7));
#9191=CARTESIAN_POINT('',(9.98914741276297,-12.1142135623731,-12.7));
#9192=CARTESIAN_POINT('',(9.98914741276297,-12.1142135623731,0.));
#9193=CARTESIAN_POINT('',(8.57493385038987,-10.7,0.));
#9194=CARTESIAN_POINT('',(8.57493385038987,-12.7,0.));
#9195=CARTESIAN_POINT('',(8.57493385038987,-12.7,0.));
#9196=CARTESIAN_POINT('',(8.57493385038987,-10.7,0.635000000000001));
#9197=CARTESIAN_POINT('',(15.403360975136,-3.87157287525381,0.));
#9198=CARTESIAN_POINT('',(16.8175745375091,-5.28578643762689,0.));
#9199=CARTESIAN_POINT('',(17.403360975136,-3.87157287525381,0.));
#9200=CARTESIAN_POINT('',(16.8175745375091,-5.2857864376269,0.));
#9201=CARTESIAN_POINT('',(16.8175745375091,-5.2857864376269,-12.7));
#9202=CARTESIAN_POINT('',(15.403360975136,-3.87157287525381,-12.7));
#9203=CARTESIAN_POINT('',(17.403360975136,-3.87157287525381,-12.7));
#9204=CARTESIAN_POINT('',(17.403360975136,-3.87157287525381,-12.7));
#9205=CARTESIAN_POINT('',(15.403360975136,-3.87157287525381,0.635000000000001));
#9206=CARTESIAN_POINT('',(15.403360975136,3.87157287525381,-12.7));
#9207=CARTESIAN_POINT('',(16.8175745375091,5.2857864376269,-12.7));
#9208=CARTESIAN_POINT('',(17.403360975136,3.87157287525381,-12.7));
#9209=CARTESIAN_POINT('',(16.8175745375091,5.2857864376269,-12.7));
#9210=CARTESIAN_POINT('',(16.8175745375091,5.2857864376269,0.));
#9211=CARTESIAN_POINT('',(15.403360975136,3.87157287525381,0.));
#9212=CARTESIAN_POINT('',(17.403360975136,3.87157287525381,0.));
#9213=CARTESIAN_POINT('',(17.403360975136,3.87157287525381,0.));
#9214=CARTESIAN_POINT('',(15.403360975136,3.87157287525381,0.635000000000001));
#9215=CARTESIAN_POINT('',(8.57493385038988,10.7,0.));
#9216=CARTESIAN_POINT('',(9.98914741276297,12.1142135623731,0.));
#9217=CARTESIAN_POINT('',(8.57493385038987,12.7,0.));
#9218=CARTESIAN_POINT('',(9.98914741276297,12.1142135623731,0.));
#9219=CARTESIAN_POINT('',(9.98914741276297,12.1142135623731,-12.7));
#9220=CARTESIAN_POINT('',(8.57493385038988,10.7,-12.7));
#9221=CARTESIAN_POINT('',(8.57493385038988,12.7,-12.7));
#9222=CARTESIAN_POINT('',(8.57493385038988,12.7,-12.7));
#9223=CARTESIAN_POINT('',(8.57493385038988,10.7,0.873125000000001));
#9224=CARTESIAN_POINT('',(17.403360975136,-4.7,-12.7));
#9225=CARTESIAN_POINT('',(-40.0772940895962,-62.1806550647322,0.));
#9226=CARTESIAN_POINT('',(17.403360975136,-4.7,0.635000000000001));
#9227=CARTESIAN_POINT('',(9.40336097513606,12.7,-12.7));
#9228=CARTESIAN_POINT('',(-26.1072940895962,48.2106550647322,0.));
#9229=CARTESIAN_POINT('',(9.40336097513606,12.7,0.873125000000001));
#9230=CARTESIAN_POINT('',(0.,0.,0.));
#9231=CARTESIAN_POINT('',(3.3,0.,0.));
#9232=CARTESIAN_POINT('',(0.,0.,-12.7));
#9233=CARTESIAN_POINT('',(3.3,0.,-12.7));
#9234=CARTESIAN_POINT('',(0.,0.,0.635000000000001));
#9235=CARTESIAN_POINT('',(-2.22334788844007,5.96480181204447,-12.7));
#9236=CARTESIAN_POINT('',(-3.28630713175148,5.05369388920612,-12.7));
#9237=CARTESIAN_POINT('',(-1.73436992155252,4.65297082144449,-12.7));
#9238=CARTESIAN_POINT('',(-3.28630713175148,5.05369388920611,-13.255625));
#9239=CARTESIAN_POINT('',(-3.28630713175148,5.05369388920611,-8.2));
#9240=CARTESIAN_POINT('',(-2.22334788844007,5.96480181204447,-8.2));
#9241=CARTESIAN_POINT('',(-1.73436992155252,4.6529708214445,-8.2));
#9242=CARTESIAN_POINT('',(-1.73436992155252,4.65297082144449,-13.255625));
#9243=CARTESIAN_POINT('',(-2.22334788844007,5.96480181204447,-13.255625));
#9244=CARTESIAN_POINT('',(-5.43566062097338,9.7125,-12.7));
#9245=CARTESIAN_POINT('',(-5.43566062097339,11.1125,-12.7));
#9246=CARTESIAN_POINT('',(-6.4986198642848,8.80139207716165,-12.7));
#9247=CARTESIAN_POINT('',(-5.43566062097338,11.1125,-13.255625));
#9248=CARTESIAN_POINT('',(-5.43566062097338,11.1125,-8.2));
#9249=CARTESIAN_POINT('',(-5.43566062097338,9.7125,-8.2));
#9250=CARTESIAN_POINT('',(-6.4986198642848,8.80139207716165,-8.2));
#9251=CARTESIAN_POINT('',(-6.4986198642848,8.80139207716165,-13.255625));
#9252=CARTESIAN_POINT('',(-5.43566062097338,9.7125,-13.255625));
#9253=CARTESIAN_POINT('',(-89.269764024864,11.1125,-12.7));
#9254=CARTESIAN_POINT('',(1.93753698241035,11.1125,-12.7));
#9255=CARTESIAN_POINT('',(1.93753698241035,11.1125,-12.7));
#9256=CARTESIAN_POINT('',(1.93753698241035,11.1125,-8.2));
#9257=CARTESIAN_POINT('',(-5.02799425158161,11.1125,-8.2));
#9258=CARTESIAN_POINT('',(2.20426524901776,11.1125,-13.255625));
#9259=CARTESIAN_POINT('',(-30.8349140275657,44.4648499972983,-12.7));
#9260=CARTESIAN_POINT('',(2.92748647607151,10.7024494936612,-12.7));
#9261=CARTESIAN_POINT('',(4.81109151222085,8.81884445751184,-12.7));
#9262=CARTESIAN_POINT('',(4.81109151222085,8.81884445751184,-12.7));
#9263=CARTESIAN_POINT('',(4.81109151222085,8.81884445751184,-8.2));
#9264=CARTESIAN_POINT('',(2.98240395459904,10.6475320151336,-8.2));
#9265=CARTESIAN_POINT('',(2.92748647607151,10.7024494936612,-8.2));
#9266=CARTESIAN_POINT('',(2.92748647607152,10.7024494936612,-8.2));
#9267=CARTESIAN_POINT('',(9.98996798486635,3.63996798486635,0.));
#9268=CARTESIAN_POINT('',(3.82114201855968,7.82889496385067,-8.2));
#9269=CARTESIAN_POINT('',(4.8841012618711,6.91778704101232,-8.2));
#9270=CARTESIAN_POINT('',(3.82114201855968,7.82889496385067,-12.7));
#9271=CARTESIAN_POINT('',(4.8841012618711,6.91778704101232,-12.7));
#9272=CARTESIAN_POINT('',(4.8841012618711,6.91778704101232,-8.2));
#9273=CARTESIAN_POINT('',(3.82114201855968,7.82889496385067,0.));
#9274=CARTESIAN_POINT('',(0.,-2.08166817117217E-14,-8.2));
#9275=CARTESIAN_POINT('',(1.73436992155252,4.6529708214445,-8.2));
#9276=CARTESIAN_POINT('',(-3.3705841640915,5.1520170936028,-8.2));
#9277=CARTESIAN_POINT('',(1.93753698241035,9.7125,-8.2));
#9278=CARTESIAN_POINT('',(3.3705841640915,5.1520170936028,-8.2));
#9279=CARTESIAN_POINT('',(3.28630713175149,5.05369388920612,-8.2));
#9280=CARTESIAN_POINT('',(2.22334788844007,5.96480181204447,-8.2));
#9281=CARTESIAN_POINT('',(-12.7,0.,-8.2));
#9282=CARTESIAN_POINT('',(1.93753698241035,9.7125,-12.7));
#9283=CARTESIAN_POINT('',(1.93753698241035,9.7125,0.));
#9284=CARTESIAN_POINT('',(34.4464540457745,-38.9678608179076,-12.7));
#9285=CARTESIAN_POINT('',(-3.22744766690425,4.98502451355101,-13.255625));
#9286=CARTESIAN_POINT('',(0.,0.,-12.7));
#9287=CARTESIAN_POINT('',(1.73436992155252,4.6529708214445,-12.7));
#9288=CARTESIAN_POINT('',(1.73436992155252,4.6529708214445,-13.255625));
#9289=CARTESIAN_POINT('',(0.,0.,-13.255625));
#9290=CARTESIAN_POINT('',(2.22334788844007,5.96480181204447,-12.7));
#9291=CARTESIAN_POINT('',(3.28630713175149,5.05369388920611,-12.7));
#9292=CARTESIAN_POINT('',(3.28630713175149,5.05369388920611,-12.7));
#9293=CARTESIAN_POINT('',(2.22334788844007,5.96480181204447,-13.255625));
#9294=CARTESIAN_POINT('',(-24.6841011045981,-27.5784490532017,-12.7));
#9295=CARTESIAN_POINT('',(-5.98148345753924,-5.75872846496638,-23.9362747621945));
#9296=CARTESIAN_POINT('',(2.22334788844007,-5.96480181204447,-12.7));
#9297=CARTESIAN_POINT('',(3.28630713175149,-5.05369388920611,-12.7));
#9298=CARTESIAN_POINT('',(1.73436992155252,-4.65297082144449,-12.7));
#9299=CARTESIAN_POINT('',(3.28630713175149,-5.05369388920611,-23.9362747621945));
#9300=CARTESIAN_POINT('',(3.28630713175148,-5.05369388920611,-8.2));
#9301=CARTESIAN_POINT('',(2.22334788844007,-5.96480181204447,-8.2));
#9302=CARTESIAN_POINT('',(1.7343699215525,-4.65297082144443,-8.2));
#9303=CARTESIAN_POINT('',(1.73436992155252,-4.65297082144449,-13.255625));
#9304=CARTESIAN_POINT('',(2.22334788844007,-5.96480181204447,-13.255625));
#9305=CARTESIAN_POINT('',(3.82114201855968,-7.82889496385067,-12.7));
#9306=CARTESIAN_POINT('',(4.81109151222085,-8.81884445751184,-12.7));
#9307=CARTESIAN_POINT('',(4.88410126187109,-6.91778704101231,-12.7));
#9308=CARTESIAN_POINT('',(4.81109151222085,-8.81884445751184,0.));
#9309=CARTESIAN_POINT('',(4.81109151222085,-8.81884445751184,-8.2));
#9310=CARTESIAN_POINT('',(3.82114201855968,-7.82889496385067,-8.2));
#9311=CARTESIAN_POINT('',(4.88410126187109,-6.91778704101232,-8.2));
#9312=CARTESIAN_POINT('',(4.88410126187109,-6.91778704101232,-23.9362747621945));
#9313=CARTESIAN_POINT('',(3.82114201855968,-7.82889496385067,0.));
#9314=CARTESIAN_POINT('',(1.93753698241036,-9.7125,-8.2));
#9315=CARTESIAN_POINT('',(2.92748647607153,-10.7024494936612,-8.2));
#9316=CARTESIAN_POINT('',(1.93753698241036,-11.1125,-8.2));
#9317=CARTESIAN_POINT('',(2.92748647607153,-10.7024494936612,-12.7));
#9318=CARTESIAN_POINT('',(2.92748647607153,-10.7024494936612,-12.7));
#9319=CARTESIAN_POINT('',(1.93753698241036,-9.7125,-12.7));
#9320=CARTESIAN_POINT('',(1.93753698241036,-11.1125,-12.7));
#9321=CARTESIAN_POINT('',(1.93753698241036,-11.1125,-8.2));
#9322=CARTESIAN_POINT('',(1.93753698241036,-9.7125,0.));
#9323=CARTESIAN_POINT('',(-3.37058416409151,-5.15201709360279,-8.2));
#9324=CARTESIAN_POINT('',(-6.49861986428482,-8.80139207716165,-8.2));
#9325=CARTESIAN_POINT('',(-3.28630713175149,-5.05369388920611,-8.2));
#9326=CARTESIAN_POINT('',(-2.22334788844008,-5.96480181204447,-8.2));
#9327=CARTESIAN_POINT('',(-1.7343699215525,-4.65297082144443,-8.2));
#9328=CARTESIAN_POINT('',(0.,8.32667268468867E-14,-8.20000000000003));
#9329=CARTESIAN_POINT('',(3.3705841640915,-5.1520170936028,-8.2));
#9330=CARTESIAN_POINT('',(4.68831596881547,-8.94162000091722,-8.2));
#9331=CARTESIAN_POINT('',(1.85987193946541,-11.1125,-8.2));
#9332=CARTESIAN_POINT('',(-5.4356606209734,-11.1125,-8.2));
#9333=CARTESIAN_POINT('',(-5.4356606209734,-9.7125,-8.2));
#9334=CARTESIAN_POINT('',(-7.20167144471115,-11.4380856330369,-8.2));
#9335=CARTESIAN_POINT('',(-44.8049140275655,-58.4348499972983,-12.7));
#9336=CARTESIAN_POINT('',(2.05246798486634,-11.5774679848664,0.));
#9337=CARTESIAN_POINT('',(-89.269764024864,-11.1125,-12.7));
#9338=CARTESIAN_POINT('',(-5.4356606209734,-11.1125,-12.7));
#9339=CARTESIAN_POINT('',(-5.4356606209734,-11.1125,-12.7));
#9340=CARTESIAN_POINT('',(-5.37238756113398,-11.1125,-13.255625));
#9341=CARTESIAN_POINT('',(-5.4356606209734,-9.7125,-12.7));
#9342=CARTESIAN_POINT('',(-6.49861986428482,-8.80139207716165,-12.7));
#9343=CARTESIAN_POINT('',(-6.49861986428482,-8.80139207716165,-8.2));
#9344=CARTESIAN_POINT('',(-5.4356606209734,-9.7125,-13.255625));
#9345=CARTESIAN_POINT('',(33.2411341895195,-40.0009921232689,-12.7));
#9346=CARTESIAN_POINT('',(-5.98148345753921,5.75872846496639,-23.9362747621945));
#9347=CARTESIAN_POINT('',(-1.73436992155252,-4.65297082144449,-13.255625));
#9348=CARTESIAN_POINT('',(-1.73436992155252,-4.65297082144449,-12.7));
#9349=CARTESIAN_POINT('',(0.,0.,-12.7));
#9350=CARTESIAN_POINT('',(0.,0.,-13.255625));
#9351=CARTESIAN_POINT('',(-2.22334788844008,-5.96480181204447,-12.7));
#9352=CARTESIAN_POINT('',(-3.28630713175149,-5.05369388920611,-12.7));
#9353=CARTESIAN_POINT('',(-3.28630713175149,-5.05369388920611,-12.7));
#9354=CARTESIAN_POINT('',(-2.22334788844008,-5.96480181204447,-13.255625));
#9355=CARTESIAN_POINT('',(-44.1085342471091,-52.6796255237899,-12.7));
#9356=CARTESIAN_POINT('',(-3.22744766690426,-4.985024513551,-13.255625));
#9357=CARTESIAN_POINT('',(20.640806986951,22.8612725826135,-12.7));
#9358=CARTESIAN_POINT('',(5.86977902958462,5.62840663235268,-12.7));
#9359=CARTESIAN_POINT('',(4.4916269880064,4.02056258384476,-12.7));
#9360=CARTESIAN_POINT('',(5.86977902958462,5.62840663235268,-23.9362747621945));
#9361=CARTESIAN_POINT('',(5.86977902958463,5.62840663235268,-8.2));
#9362=CARTESIAN_POINT('',(4.57590402034642,4.11888578824145,-8.2));
#9363=CARTESIAN_POINT('',(4.4916269880064,4.02056258384476,-8.2));
#9364=CARTESIAN_POINT('',(4.4916269880064,4.02056258384476,-23.9362747621945));
#9365=CARTESIAN_POINT('',(-4.77616360128433,-6.79185977032773,-23.9362747621945));
#9366=CARTESIAN_POINT('',(8.12500000000001,-3.52503698241032,-12.7));
#9367=CARTESIAN_POINT('',(9.11494949366118,-4.51498647607148,-12.7));
#9368=CARTESIAN_POINT('',(9.52500000000001,-3.52503698241032,-12.7));
#9369=CARTESIAN_POINT('',(9.11494949366118,-4.51498647607149,-8.2));
#9370=CARTESIAN_POINT('',(9.11494949366118,-4.51498647607149,-8.2));
#9371=CARTESIAN_POINT('',(8.12500000000001,-3.52503698241032,-8.2));
#9372=CARTESIAN_POINT('',(9.52500000000001,-3.52503698241032,-8.2));
#9373=CARTESIAN_POINT('',(9.52500000000001,-3.52503698241032,-12.7));
#9374=CARTESIAN_POINT('',(8.12500000000001,-3.52503698241032,0.));
#9375=CARTESIAN_POINT('',(-44.8049140275655,-58.4348499972983,-12.7));
#9376=CARTESIAN_POINT('',(7.9226877665572,-5.70724820317547,-12.7));
#9377=CARTESIAN_POINT('',(7.92268776655719,-5.70724820317548,-12.7));
#9378=CARTESIAN_POINT('',(7.92268776655719,-5.70724820317548,-8.2));
#9379=CARTESIAN_POINT('',(9.06003201513365,-4.56990395459902,-8.2));
#9380=CARTESIAN_POINT('',(2.05246798486634,-11.5774679848664,0.));
#9381=CARTESIAN_POINT('',(5.55458623131781,-3.10945466100641,-12.7));
#9382=CARTESIAN_POINT('',(4.33297341201358,-2.4255964010493,-12.7));
#9383=CARTESIAN_POINT('',(4.49162698800641,-4.02056258384476,-12.7));
#9384=CARTESIAN_POINT('',(4.33297341201358,-2.4255964010493,-13.255625));
#9385=CARTESIAN_POINT('',(4.3329734120136,-2.42559640104931,-8.2));
#9386=CARTESIAN_POINT('',(5.55458623131781,-3.10945466100641,-8.2));
#9387=CARTESIAN_POINT('',(4.49162698800641,-4.02056258384476,-8.2));
#9388=CARTESIAN_POINT('',(4.4916269880064,-4.02056258384477,-12.7));
#9389=CARTESIAN_POINT('',(5.55458623131781,-3.10945466100641,-13.255625));
#9390=CARTESIAN_POINT('',(0.,0.,-12.7));
#9391=CARTESIAN_POINT('',(4.33297341201358,2.4255964010493,-12.7));
#9392=CARTESIAN_POINT('',(4.33297341201358,2.4255964010493,-13.255625));
#9393=CARTESIAN_POINT('',(4.33297341201358,2.4255964010493,-8.2));
#9394=CARTESIAN_POINT('',(2.08166817117217E-14,-1.38777878078145E-14,-8.2));
#9395=CARTESIAN_POINT('',(0.,0.,-13.255625));
#9396=CARTESIAN_POINT('',(8.06586062095836,5.56407534877435,-8.2));
#9397=CARTESIAN_POINT('',(9.11494949366118,4.51498647607152,-8.2));
#9398=CARTESIAN_POINT('',(7.9226877665572,5.70724820317549,-8.2));
#9399=CARTESIAN_POINT('',(7.9226877665572,5.70724820317549,0.));
#9400=CARTESIAN_POINT('',(7.9226877665572,5.70724820317549,-12.7));
#9401=CARTESIAN_POINT('',(-30.8349140275657,44.4648499972983,-12.7));
#9402=CARTESIAN_POINT('',(9.11494949366117,4.51498647607152,-12.7));
#9403=CARTESIAN_POINT('',(9.11494949366117,4.51498647607152,-12.7));
#9404=CARTESIAN_POINT('',(9.98996798486635,3.63996798486635,0.));
#9405=CARTESIAN_POINT('',(6.93273827289602,-4.71729870951432,-8.2));
#9406=CARTESIAN_POINT('',(5.86977902958461,-5.62840663235267,-8.2));
#9407=CARTESIAN_POINT('',(4.57590402034642,-4.11888578824145,-8.2));
#9408=CARTESIAN_POINT('',(5.55458623131781,3.10945466100641,-8.2));
#9409=CARTESIAN_POINT('',(6.93273827289604,4.71729870951433,-8.2));
#9410=CARTESIAN_POINT('',(8.12500000000001,3.52503698241035,-8.2));
#9411=CARTESIAN_POINT('',(9.52500000000001,3.52503698241035,-8.2));
#9412=CARTESIAN_POINT('',(9.52500000000001,3.44737193946541,-8.2));
#9413=CARTESIAN_POINT('',(3.92716007043139,-6.63066129202751,-8.2));
#9414=CARTESIAN_POINT('',(6.93273827289604,4.71729870951433,-12.7));
#9415=CARTESIAN_POINT('',(6.93273827289604,4.71729870951433,0.));
#9416=CARTESIAN_POINT('',(8.12500000000001,3.52503698241035,-12.7));
#9417=CARTESIAN_POINT('',(9.52500000000001,3.52503698241035,-12.7));
#9418=CARTESIAN_POINT('',(9.52500000000001,3.52503698241035,-8.2));
#9419=CARTESIAN_POINT('',(8.12500000000001,3.52503698241035,0.));
#9420=CARTESIAN_POINT('',(34.4464540457745,-38.9678608179076,-12.7));
#9421=CARTESIAN_POINT('',(5.86977902958461,-5.62840663235268,-12.7));
#9422=CARTESIAN_POINT('',(5.86977902958461,-5.62840663235268,-8.20000000000001));
#9423=CARTESIAN_POINT('',(-4.7761636012843,6.79185977032773,-23.9362747621945));
#9424=CARTESIAN_POINT('',(9.52500000000001,-13.97,-12.7));
#9425=CARTESIAN_POINT('',(9.52500000000001,-3.79210913341192,-13.255625));
#9426=CARTESIAN_POINT('',(6.93273827289602,-4.71729870951432,-12.7));
#9427=CARTESIAN_POINT('',(6.93273827289602,-4.71729870951432,-23.9362747621945));
#9428=CARTESIAN_POINT('',(5.55458623131781,3.10945466100641,-12.7));
#9429=CARTESIAN_POINT('',(5.55458623131781,3.10945466100641,-13.255625));
#9430=CARTESIAN_POINT('',(-5.55458623131781,3.10945466100641,-12.7));
#9431=CARTESIAN_POINT('',(-4.33297341201358,2.4255964010493,-12.7));
#9432=CARTESIAN_POINT('',(-4.52354964996105,4.05653626673221,-12.7));
#9433=CARTESIAN_POINT('',(-4.33297341201358,2.4255964010493,-13.255625));
#9434=CARTESIAN_POINT('',(-4.33297341201366,2.42559640104935,-8.19999999999985));
#9435=CARTESIAN_POINT('',(-5.55458623131781,3.10945466100641,-8.2));
#9436=CARTESIAN_POINT('',(-4.52354964996105,4.05653626673221,-8.2));
#9437=CARTESIAN_POINT('',(-4.52354964996105,4.05653626673221,-10.45));
#9438=CARTESIAN_POINT('',(-5.55458623131781,3.10945466100641,-13.255625));
#9439=CARTESIAN_POINT('',(-5.55458623131782,-3.1094546610064,-12.7));
#9440=CARTESIAN_POINT('',(-4.49162698800638,-4.02056258384475,-12.7));
#9441=CARTESIAN_POINT('',(-4.33297341201358,-2.42559640104929,-12.7));
#9442=CARTESIAN_POINT('',(-4.4916269880064,-4.02056258384476,-13.255625));
#9443=CARTESIAN_POINT('',(-4.4916269880064,-4.02056258384475,-8.2));
#9444=CARTESIAN_POINT('',(-5.55458623131782,-3.1094546610064,-8.2));
#9445=CARTESIAN_POINT('',(-4.33297341201369,-2.42559640104935,-8.19999999999986));
#9446=CARTESIAN_POINT('',(-4.33297341201358,-2.42559640104929,-13.255625));
#9447=CARTESIAN_POINT('',(-5.55458623131782,-3.1094546610064,-13.255625));
#9448=CARTESIAN_POINT('',(-9.42956951243197,-7.6302684889729,-12.7));
#9449=CARTESIAN_POINT('',(-10.829569512432,-7.6302684889729,-12.7));
#9450=CARTESIAN_POINT('',(-8.36661026912056,-8.54137641181126,-12.7));
#9451=CARTESIAN_POINT('',(-10.829569512432,-7.6302684889729,-13.255625));
#9452=CARTESIAN_POINT('',(-10.829569512432,-7.63026572153833,-8.2));
#9453=CARTESIAN_POINT('',(-9.42956951243197,-7.6302684889729,-8.2));
#9454=CARTESIAN_POINT('',(-8.36661026912055,-8.54137641181126,-8.2));
#9455=CARTESIAN_POINT('',(-8.36661026912055,-8.54137641181126,-12.7));
#9456=CARTESIAN_POINT('',(-9.42956951243197,-7.6302684889729,-13.255625));
#9457=CARTESIAN_POINT('',(-10.829569512432,-13.97,-12.7));
#9458=CARTESIAN_POINT('',(-10.829569512432,7.32793962663169,-12.7));
#9459=CARTESIAN_POINT('',(-10.829569512432,7.3279396266317,-13.255625));
#9460=CARTESIAN_POINT('',(-10.829569512432,7.3279396266317,-8.2));
#9461=CARTESIAN_POINT('',(-10.829569512432,-6.82107886234126,-8.2));
#9462=CARTESIAN_POINT('',(-10.829569512432,-7.50318674857539,-13.255625));
#9463=CARTESIAN_POINT('',(-1.11022302462516E-13,-3.46944695195361E-14,-8.19999999999981));
#9464=CARTESIAN_POINT('',(-4.57590402034642,-4.11888578824144,-8.2));
#9465=CARTESIAN_POINT('',(-9.42956951243197,7.3279396266317,-8.2));
#9466=CARTESIAN_POINT('',(-8.39853091356253,8.27501903600044,-8.2));
#9467=CARTESIAN_POINT('',(-4.57866966152415,4.11654244565361,-8.2));
#9468=CARTESIAN_POINT('',(-10.8891939261967,-9.2471500781296,-8.2));
#9469=CARTESIAN_POINT('',(-45.313854103364,-51.6464942184286,-12.7));
#9470=CARTESIAN_POINT('',(-4.41581868979809,-3.93211956926839,-13.255625));
#9471=CARTESIAN_POINT('',(0.,0.,-12.7));
#9472=CARTESIAN_POINT('',(0.,0.,-13.255625));
#9473=CARTESIAN_POINT('',(-8.39853293107521,8.2750212323575,-13.255625));
#9474=CARTESIAN_POINT('',(-8.39853091356487,8.27501903599829,-12.7));
#9475=CARTESIAN_POINT('',(-12.0345025083375,12.2333048904851,-12.7));
#9476=CARTESIAN_POINT('',(-4.41226361004722,3.93538516692012,-13.255625));
#9477=CARTESIAN_POINT('',(-9.42956951243197,7.3279396266317,-12.7));
#9478=CARTESIAN_POINT('',(-9.42956951243197,7.3279396266317,-13.255625));
#9479=CARTESIAN_POINT('',(-88.2879491543284,11.1125,0.));
#9480=CARTESIAN_POINT('',(-5.43566062097339,11.1125,0.));
#9481=CARTESIAN_POINT('',(1.93753698241035,11.1125,0.));
#9482=CARTESIAN_POINT('',(-5.43566062097338,11.1125,0.555624999999999));
#9483=CARTESIAN_POINT('',(-5.43566062097338,11.1125,-4.5));
#9484=CARTESIAN_POINT('',(-5.02799425158161,11.1125,-4.5));
#9485=CARTESIAN_POINT('',(1.93753698241035,11.1125,-4.5));
#9486=CARTESIAN_POINT('',(1.93753698241035,11.1125,0.));
#9487=CARTESIAN_POINT('',(2.20426524901776,11.1125,0.555624999999999));
#9488=CARTESIAN_POINT('',(-5.43566062097338,9.7125,0.));
#9489=CARTESIAN_POINT('',(-6.4986198642848,8.80139207716165,0.));
#9490=CARTESIAN_POINT('',(-6.4986198642848,8.80139207716165,0.555625000000001));
#9491=CARTESIAN_POINT('',(-6.4986198642848,8.80139207716165,-4.5));
#9492=CARTESIAN_POINT('',(-5.43566062097338,9.7125,-4.5));
#9493=CARTESIAN_POINT('',(-5.43566062097338,9.7125,0.555624999999999));
#9494=CARTESIAN_POINT('',(3.82114201855968,7.82889496385067,-4.5));
#9495=CARTESIAN_POINT('',(4.8841012618711,6.91778704101232,-4.5));
#9496=CARTESIAN_POINT('',(4.81109151222085,8.81884445751184,-4.5));
#9497=CARTESIAN_POINT('',(4.8841012618711,6.91778704101232,-4.5));
#9498=CARTESIAN_POINT('',(4.8841012618711,6.91778704101232,0.));
#9499=CARTESIAN_POINT('',(3.82114201855968,7.82889496385067,0.));
#9500=CARTESIAN_POINT('',(4.81109151222085,8.81884445751184,0.));
#9501=CARTESIAN_POINT('',(4.81109151222085,8.81884445751184,-3.46944695195361E-15));
#9502=CARTESIAN_POINT('',(3.82114201855968,7.82889496385067,-12.7));
#9503=CARTESIAN_POINT('',(2.22334788844007,5.96480181204447,0.));
#9504=CARTESIAN_POINT('',(1.73436992155252,4.6529708214445,0.));
#9505=CARTESIAN_POINT('',(3.28630713175149,5.05369388920611,0.));
#9506=CARTESIAN_POINT('',(3.28630713175149,5.05369388920611,0.));
#9507=CARTESIAN_POINT('',(3.28630713175149,5.05369388920612,-4.5));
#9508=CARTESIAN_POINT('',(2.22334788844007,5.96480181204447,-4.5));
#9509=CARTESIAN_POINT('',(1.73436992155252,4.6529708214445,-4.5));
#9510=CARTESIAN_POINT('',(1.73436992155252,4.6529708214445,0.555624999999999));
#9511=CARTESIAN_POINT('',(2.22334788844007,5.96480181204447,0.555624999999999));
#9512=CARTESIAN_POINT('',(3.3705841640915,5.1520170936028,-4.5));
#9513=CARTESIAN_POINT('',(-44.8980266287843,-51.1613621647522,0.));
#9514=CARTESIAN_POINT('',(-5.98148345753924,-5.75872846496638,11.2362747621945));
#9515=CARTESIAN_POINT('',(0.,-2.08166817117217E-14,-4.5));
#9516=CARTESIAN_POINT('',(-1.73436992155252,4.6529708214445,-4.5));
#9517=CARTESIAN_POINT('',(2.98240395459904,10.6475320151336,-4.5));
#9518=CARTESIAN_POINT('',(2.92748647607151,10.7024494936612,-4.5));
#9519=CARTESIAN_POINT('',(1.93753698241035,9.7125,-4.5));
#9520=CARTESIAN_POINT('',(-3.3705841640915,5.1520170936028,-4.5));
#9521=CARTESIAN_POINT('',(-3.28630713175148,5.05369388920611,-4.5));
#9522=CARTESIAN_POINT('',(-2.22334788844007,5.96480181204447,-4.5));
#9523=CARTESIAN_POINT('',(-12.7,0.,-4.5));
#9524=CARTESIAN_POINT('',(0.,0.,0.));
#9525=CARTESIAN_POINT('',(-1.73436992155252,4.65297082144449,0.));
#9526=CARTESIAN_POINT('',(-1.73436992155252,4.65297082144449,0.555624999999999));
#9527=CARTESIAN_POINT('',(0.,0.,0.555624999999999));
#9528=CARTESIAN_POINT('',(4.68831596881547,8.94162000091722,0.));
#9529=CARTESIAN_POINT('',(2.92748647607152,10.7024494936612,0.));
#9530=CARTESIAN_POINT('',(2.92748647607152,10.7024494936612,-4.5));
#9531=CARTESIAN_POINT('',(9.98996798486635,3.63996798486635,-12.7));
#9532=CARTESIAN_POINT('',(1.93753698241035,9.7125,0.));
#9533=CARTESIAN_POINT('',(1.93753698241035,9.7125,-12.7));
#9534=CARTESIAN_POINT('',(-2.22334788844007,5.96480181204447,0.));
#9535=CARTESIAN_POINT('',(-3.28630713175148,5.05369388920611,0.));
#9536=CARTESIAN_POINT('',(-3.28630713175148,5.05369388920611,0.555625000000001));
#9537=CARTESIAN_POINT('',(-2.22334788844007,5.96480181204447,0.555624999999999));
#9538=CARTESIAN_POINT('',(-3.3705841640915,5.1520170936028,0.));
#9539=CARTESIAN_POINT('',(-3.22744766690425,4.98502451355101,0.555625000000001));
#9540=CARTESIAN_POINT('',(-9.42956951243197,-7.6302684889729,0.));
#9541=CARTESIAN_POINT('',(-8.36661026912056,-8.54137641181126,0.));
#9542=CARTESIAN_POINT('',(-10.829569512432,-7.63026572153833,0.));
#9543=CARTESIAN_POINT('',(-8.36661026912055,-8.54137641181126,0.));
#9544=CARTESIAN_POINT('',(-8.36661026912055,-8.54137641181126,-4.5));
#9545=CARTESIAN_POINT('',(-9.42956951243197,-7.6302684889729,-4.5));
#9546=CARTESIAN_POINT('',(-10.829569512432,-7.63026572153833,-4.5));
#9547=CARTESIAN_POINT('',(-10.829569512432,-7.6302684889729,0.555624999999999));
#9548=CARTESIAN_POINT('',(-9.42956951243197,-7.6302684889729,0.555624999999999));
#9549=CARTESIAN_POINT('',(-9.42956951243197,7.3279396266317,0.));
#9550=CARTESIAN_POINT('',(-10.829569512432,7.3279396266317,0.));
#9551=CARTESIAN_POINT('',(-8.39853091356253,8.27501903600044,0.));
#9552=CARTESIAN_POINT('',(-10.829569512432,7.3279396266317,0.555624999999999));
#9553=CARTESIAN_POINT('',(-10.829569512432,7.3279396266317,-4.5));
#9554=CARTESIAN_POINT('',(-9.42956951243197,7.3279396266317,-4.5));
#9555=CARTESIAN_POINT('',(-8.39853091356253,8.27501903600044,-4.5));
#9556=CARTESIAN_POINT('',(-8.39853293107521,8.2750212323575,0.555625000000001));
#9557=CARTESIAN_POINT('',(-9.42956951243197,7.3279396266317,0.555624999999999));
#9558=CARTESIAN_POINT('',(-10.829569512432,-13.97,0.));
#9559=CARTESIAN_POINT('',(-10.829569512432,-6.82107886234126,-4.5));
#9560=CARTESIAN_POINT('',(-10.829569512432,-7.50318674857539,0.555624999999999));
#9561=CARTESIAN_POINT('',(-5.55458623131782,-3.1094546610064,0.));
#9562=CARTESIAN_POINT('',(-4.49162698800641,-4.02056258384476,0.));
#9563=CARTESIAN_POINT('',(-4.33297341201358,-2.42559640104929,0.));
#9564=CARTESIAN_POINT('',(-4.33297341201358,-2.42559640104929,0.555624999999999));
#9565=CARTESIAN_POINT('',(-4.33297341201369,-2.42559640104935,-4.50000000000014));
#9566=CARTESIAN_POINT('',(-5.55458623131782,-3.1094546610064,-4.5));
#9567=CARTESIAN_POINT('',(-4.4916269880064,-4.02056258384475,-4.5));
#9568=CARTESIAN_POINT('',(-4.4916269880064,-4.02056258384476,0.555625000000001));
#9569=CARTESIAN_POINT('',(-5.55458623131782,-3.1094546610064,0.555624999999999));
#9570=CARTESIAN_POINT('',(0.,0.,0.));
#9571=CARTESIAN_POINT('',(-4.33297341201358,2.4255964010493,0.));
#9572=CARTESIAN_POINT('',(-4.33297341201358,2.4255964010493,0.555624999999999));
#9573=CARTESIAN_POINT('',(-4.33297341201366,2.42559640104935,-4.50000000000015));
#9574=CARTESIAN_POINT('',(-1.11022302462516E-13,-3.46944695195361E-14,-4.50000000000019));
#9575=CARTESIAN_POINT('',(0.,0.,0.555624999999999));
#9576=CARTESIAN_POINT('',(-5.55458623131781,3.10945466100641,-4.5));
#9577=CARTESIAN_POINT('',(-4.52354964996105,4.05653626673221,-4.5));
#9578=CARTESIAN_POINT('',(-4.57866966152415,4.11654244565361,-4.5));
#9579=CARTESIAN_POINT('',(-4.57590402034642,-4.11888578824144,-4.5));
#9580=CARTESIAN_POINT('',(-10.8891939261967,-9.2471500781296,-4.5));
#9581=CARTESIAN_POINT('',(-44.8980266287843,-51.1613621647522,0.));
#9582=CARTESIAN_POINT('',(-4.41581868979809,-3.93211956926839,0.555625000000001));
#9583=CARTESIAN_POINT('',(-5.55458623131781,3.10945466100641,0.));
#9584=CARTESIAN_POINT('',(-4.52354964996105,4.05653626673222,0.));
#9585=CARTESIAN_POINT('',(-4.52354964996105,4.05653626673221,-2.25));
#9586=CARTESIAN_POINT('',(-5.55458623131781,3.10945466100641,0.555624999999999));
#9587=CARTESIAN_POINT('',(-33.8761713654726,36.0111498548893,0.));
#9588=CARTESIAN_POINT('',(-4.41226361004722,3.93538516692012,0.555625000000001));
#9589=CARTESIAN_POINT('',(8.06586062095836,5.56407534877435,-4.5));
#9590=CARTESIAN_POINT('',(7.9226877665572,5.70724820317549,-4.5));
#9591=CARTESIAN_POINT('',(9.11494949366118,4.51498647607152,-4.5));
#9592=CARTESIAN_POINT('',(9.11494949366117,4.51498647607152,0.));
#9593=CARTESIAN_POINT('',(9.11494949366117,4.51498647607152,0.));
#9594=CARTESIAN_POINT('',(9.06003201513365,4.56990395459905,0.));
#9595=CARTESIAN_POINT('',(7.9226877665572,5.70724820317549,0.));
#9596=CARTESIAN_POINT('',(7.9226877665572,5.70724820317549,-12.7));
#9597=CARTESIAN_POINT('',(9.98996798486635,3.63996798486635,-12.7));
#9598=CARTESIAN_POINT('',(5.55458623131781,-3.10945466100641,0.));
#9599=CARTESIAN_POINT('',(4.49162698800639,-4.02056258384476,0.));
#9600=CARTESIAN_POINT('',(4.3329734120136,-2.42559640104931,0.));
#9601=CARTESIAN_POINT('',(4.4916269880064,-4.02056258384477,0.));
#9602=CARTESIAN_POINT('',(4.49162698800641,-4.02056258384476,-4.5));
#9603=CARTESIAN_POINT('',(5.55458623131781,-3.10945466100641,-4.5));
#9604=CARTESIAN_POINT('',(4.3329734120136,-2.42559640104931,-4.5));
#9605=CARTESIAN_POINT('',(4.33297341201358,-2.4255964010493,0.555624999999999));
#9606=CARTESIAN_POINT('',(5.55458623131781,-3.10945466100641,0.555624999999999));
#9607=CARTESIAN_POINT('',(-29.8870597137057,36.0879052348194,0.));
#9608=CARTESIAN_POINT('',(5.86977902958461,-5.62840663235268,0.));
#9609=CARTESIAN_POINT('',(5.86977902958461,-5.62840663235268,-4.49999999999999));
#9610=CARTESIAN_POINT('',(5.86977902958461,-5.62840663235267,-4.5));
#9611=CARTESIAN_POINT('',(4.57590402034642,-4.11888578824145,-4.5));
#9612=CARTESIAN_POINT('',(-4.7761636012843,6.79185977032773,11.2362747621945));
#9613=CARTESIAN_POINT('',(-43.6927067725294,-52.1944934701135,0.));
#9614=CARTESIAN_POINT('',(5.86977902958463,5.62840663235268,0.));
#9615=CARTESIAN_POINT('',(4.49162698800642,4.02056258384476,0.));
#9616=CARTESIAN_POINT('',(4.4916269880064,4.02056258384476,11.2362747621945));
#9617=CARTESIAN_POINT('',(4.4916269880064,4.02056258384476,-4.5));
#9618=CARTESIAN_POINT('',(4.57590402034642,4.11888578824145,-4.5));
#9619=CARTESIAN_POINT('',(5.86977902958463,5.62840663235268,-4.5));
#9620=CARTESIAN_POINT('',(5.86977902958462,5.62840663235268,11.2362747621945));
#9621=CARTESIAN_POINT('',(-4.77616360128433,-6.79185977032773,11.2362747621945));
#9622=CARTESIAN_POINT('',(5.55458623131781,3.10945466100641,0.));
#9623=CARTESIAN_POINT('',(4.33297341201358,2.4255964010493,0.));
#9624=CARTESIAN_POINT('',(4.33297341201358,2.4255964010493,0.555624999999999));
#9625=CARTESIAN_POINT('',(4.33297341201358,2.4255964010493,-4.5));
#9626=CARTESIAN_POINT('',(5.55458623131781,3.10945466100641,-4.5));
#9627=CARTESIAN_POINT('',(5.55458623131781,3.10945466100641,0.555624999999999));
#9628=CARTESIAN_POINT('',(9.52500000000001,3.44737193946541,-4.5));
#9629=CARTESIAN_POINT('',(9.52500000000001,3.52503698241035,-4.5));
#9630=CARTESIAN_POINT('',(9.52500000000001,-3.52503698241032,-4.5));
#9631=CARTESIAN_POINT('',(9.52500000000001,-3.52503698241032,0.));
#9632=CARTESIAN_POINT('',(9.52500000000001,-3.52503698241032,0.));
#9633=CARTESIAN_POINT('',(9.52500000000001,-13.97,0.));
#9634=CARTESIAN_POINT('',(9.52500000000001,3.52503698241035,0.));
#9635=CARTESIAN_POINT('',(9.52500000000001,3.52503698241035,-4.5));
#9636=CARTESIAN_POINT('',(9.52500000000001,-3.79210913341192,0.555624999999999));
#9637=CARTESIAN_POINT('',(9.06003201513365,-4.56990395459902,-4.5));
#9638=CARTESIAN_POINT('',(9.11494949366118,-4.51498647607149,-4.5));
#9639=CARTESIAN_POINT('',(7.92268776655719,-5.70724820317548,-4.5));
#9640=CARTESIAN_POINT('',(8.12500000000001,-3.52503698241032,-4.5));
#9641=CARTESIAN_POINT('',(8.12500000000001,3.52503698241035,-4.5));
#9642=CARTESIAN_POINT('',(6.93273827289604,4.71729870951433,-4.5));
#9643=CARTESIAN_POINT('',(2.08166817117217E-14,-1.38777878078145E-14,-4.5));
#9644=CARTESIAN_POINT('',(6.93273827289602,-4.71729870951432,-4.5));
#9645=CARTESIAN_POINT('',(3.92716007043139,-6.63066129202751,-4.5));
#9646=CARTESIAN_POINT('',(8.12500000000001,-3.52503698241032,0.));
#9647=CARTESIAN_POINT('',(9.11494949366118,-4.51498647607148,0.));
#9648=CARTESIAN_POINT('',(9.11494949366118,-4.51498647607149,-4.5));
#9649=CARTESIAN_POINT('',(8.12500000000001,-3.52503698241032,-12.7));
#9650=CARTESIAN_POINT('',(8.12500000000001,3.52503698241035,0.));
#9651=CARTESIAN_POINT('',(8.12500000000001,3.52503698241035,-12.7));
#9652=CARTESIAN_POINT('',(6.93273827289604,4.71729870951433,0.));
#9653=CARTESIAN_POINT('',(6.93273827289604,4.71729870951433,-12.7));
#9654=CARTESIAN_POINT('',(-44.3140065922977,-57.9439425620305,0.));
#9655=CARTESIAN_POINT('',(7.9226877665572,-5.70724820317547,0.));
#9656=CARTESIAN_POINT('',(7.92268776655719,-5.70724820317548,3.46944695195361E-15));
#9657=CARTESIAN_POINT('',(2.05246798486634,-11.5774679848664,-12.7));
#9658=CARTESIAN_POINT('',(2.08166817117217E-14,-1.38777878078145E-14,0.));
#9659=CARTESIAN_POINT('',(0.,0.,0.555624999999999));
#9660=CARTESIAN_POINT('',(6.93273827289602,-4.71729870951432,0.));
#9661=CARTESIAN_POINT('',(6.93273827289602,-4.71729870951432,11.2362747621945));
#9662=CARTESIAN_POINT('',(-25.659139024864,0.,-12.7));
#9663=CARTESIAN_POINT('',(-28.959139024864,0.,-12.7));
#9664=CARTESIAN_POINT('',(-25.659139024864,0.,-12.7));
#9665=CARTESIAN_POINT('',(-21.3261656128504,2.4255964010493,-12.7));
#9666=CARTESIAN_POINT('',(-21.3261656128504,-2.42559640104929,-12.7));
#9667=CARTESIAN_POINT('',(-20.1045527935461,-3.1094546610064,-12.7));
#9668=CARTESIAN_POINT('',(-21.1675120368575,-4.02056258384476,-12.7));
#9669=CARTESIAN_POINT('',(-45.0946261555601,23.8944038879748,-12.7));
#9670=CARTESIAN_POINT('',(-17.2925287557434,-8.54137641181126,-12.7));
#9671=CARTESIAN_POINT('',(-16.229569512432,-7.6302684889729,-12.7));
#9672=CARTESIAN_POINT('',(-14.829569512432,-7.6302684889729,-12.7));
#9673=CARTESIAN_POINT('',(-14.829569512432,-13.97,-12.7));
#9674=CARTESIAN_POINT('',(-14.829569512432,7.32793962663169,-12.7));
#9675=CARTESIAN_POINT('',(-16.229569512432,7.3279396266317,-12.7));
#9676=CARTESIAN_POINT('',(-17.2606081112991,8.27501903599829,-12.7));
#9677=CARTESIAN_POINT('',(-13.6246365165265,12.2333048904851,-12.7));
#9678=CARTESIAN_POINT('',(-21.1355893749029,4.05653626673221,-12.7));
#9679=CARTESIAN_POINT('',(-20.1045527935461,3.10945466100641,-12.7));
#9680=CARTESIAN_POINT('',(-73.393240129462,-27.5784490532017,-12.7));
#9681=CARTESIAN_POINT('',(-43.8250377629929,6.91778704101232,-12.7));
#9682=CARTESIAN_POINT('',(-45.4228318931125,5.05369388920611,-12.7));
#9683=CARTESIAN_POINT('',(-44.8879970063043,7.82889496385067,-12.7));
#9684=CARTESIAN_POINT('',(-43.8980475126431,8.81884445751185,-12.7));
#9685=CARTESIAN_POINT('',(-44.0208230560485,8.94162000091722,-12.7));
#9686=CARTESIAN_POINT('',(-45.7816525487924,10.7024494936612,-12.7));
#9687=CARTESIAN_POINT('',(-46.7716020424536,9.7125,-12.7));
#9688=CARTESIAN_POINT('',(-46.7716020424536,11.1125,-12.7));
#9689=CARTESIAN_POINT('',(-89.269764024864,11.1125,-12.7));
#9690=CARTESIAN_POINT('',(-54.1447996458373,11.1125,-12.7));
#9691=CARTESIAN_POINT('',(-54.1447996458373,9.7125,-12.7));
#9692=CARTESIAN_POINT('',(-55.2077588891488,8.80139207716165,-12.7));
#9693=CARTESIAN_POINT('',(-58.3822732143835,12.5049921232689,-12.7));
#9694=CARTESIAN_POINT('',(-51.9954461566154,5.05369388920611,-12.7));
#9695=CARTESIAN_POINT('',(-50.932486913304,5.96480181204447,-12.7));
#9696=CARTESIAN_POINT('',(-50.4435089464165,4.6529708214445,-12.7));
#9697=CARTESIAN_POINT('',(-48.709139024864,-2.08166817117217E-14,-12.7));
#9698=CARTESIAN_POINT('',(-46.9747691033114,4.6529708214445,-12.7));
#9699=CARTESIAN_POINT('',(-46.4857911364239,5.96480181204447,-12.7));
#9700=CARTESIAN_POINT('',(-69.1594835399975,-34.0802804848663,-12.7));
#9701=CARTESIAN_POINT('',(-39.5941895312028,-4.51498647607149,-12.7));
#9702=CARTESIAN_POINT('',(-40.7864512583068,-5.70724820317548,-12.7));
#9703=CARTESIAN_POINT('',(-40.584139024864,-3.52503698241032,-12.7));
#9704=CARTESIAN_POINT('',(-39.184139024864,-3.52503698241032,-12.7));
#9705=CARTESIAN_POINT('',(-39.184139024864,-13.97,-12.7));
#9706=CARTESIAN_POINT('',(-39.184139024864,3.52503698241035,-12.7));
#9707=CARTESIAN_POINT('',(-40.584139024864,3.52503698241035,-12.7));
#9708=CARTESIAN_POINT('',(-39.5941895312028,4.51498647607152,-12.7));
#9709=CARTESIAN_POINT('',(-39.6491070097303,4.56990395459905,-12.7));
#9710=CARTESIAN_POINT('',(-40.7864512583068,5.70724820317549,-12.7));
#9711=CARTESIAN_POINT('',(-41.7764007519679,4.71729870951433,-12.7));
#9712=CARTESIAN_POINT('',(-42.8393599952793,5.62840663235268,-12.7));
#9713=CARTESIAN_POINT('',(-72.1879202732071,-28.611580358563,-12.7));
#9714=CARTESIAN_POINT('',(-44.2175120368576,4.02056258384476,-12.7));
#9715=CARTESIAN_POINT('',(-43.1545527935461,3.10945466100641,-12.7));
#9716=CARTESIAN_POINT('',(-44.3761656128504,2.4255964010493,-12.7));
#9717=CARTESIAN_POINT('',(-48.709139024864,0.,-12.7));
#9718=CARTESIAN_POINT('',(-44.3761656128504,-2.4255964010493,-12.7));
#9719=CARTESIAN_POINT('',(-43.1545527935461,-3.10945466100641,-12.7));
#9720=CARTESIAN_POINT('',(-44.2175120368575,-4.02056258384476,-12.7));
#9721=CARTESIAN_POINT('',(-44.1332350045175,-4.11888578824145,-12.7));
#9722=CARTESIAN_POINT('',(-42.8393599952793,-5.62840663235267,-12.7));
#9723=CARTESIAN_POINT('',(-41.7764007519679,-4.71729870951432,-12.7));
#9724=CARTESIAN_POINT('',(-48.709139024864,0.,-12.7));
#9725=CARTESIAN_POINT('',(-45.409139024864,0.,-12.7));
#9726=CARTESIAN_POINT('',(-74.109139024864,0.,-12.7));
#9727=CARTESIAN_POINT('',(-70.809139024864,0.,-12.7));
#9728=CARTESIAN_POINT('',(-68.6734784038906,-9.7125,-12.7));
#9729=CARTESIAN_POINT('',(-68.6734784038906,-11.1125,-12.7));
#9730=CARTESIAN_POINT('',(-67.6105191605791,-8.80139207716165,-12.7));
#9731=CARTESIAN_POINT('',(-70.7385548607725,-5.15201709360279,-12.7));
#9732=CARTESIAN_POINT('',(-70.8228318931125,-5.05369388920611,-12.7));
#9733=CARTESIAN_POINT('',(-71.8857911364239,-5.96480181204446,-12.7));
#9734=CARTESIAN_POINT('',(-72.3747691033114,-4.65297082144449,-12.7));
#9735=CARTESIAN_POINT('',(-74.109139024864,0.,-12.7));
#9736=CARTESIAN_POINT('',(-75.8435089464165,-4.65297082144449,-12.7));
#9737=CARTESIAN_POINT('',(-76.332486913304,-5.96480181204447,-12.7));
#9738=CARTESIAN_POINT('',(-77.3954461566154,-5.05369388920611,-12.7));
#9739=CARTESIAN_POINT('',(-86.8302732143836,-16.0609921232689,-12.7));
#9740=CARTESIAN_POINT('',(-80.6077588891487,-8.80139207716164,-12.7));
#9741=CARTESIAN_POINT('',(-79.5447996458373,-9.7125,-12.7));
#9742=CARTESIAN_POINT('',(-79.5447996458373,-11.1125,-12.7));
#9743=CARTESIAN_POINT('',(-69.0811447732823,-11.1125,-12.7));
#9744=CARTESIAN_POINT('',(-89.269764024864,-11.1125,-12.7));
#9745=CARTESIAN_POINT('',(-46.7716020424536,-11.1125,-12.7));
#9746=CARTESIAN_POINT('',(-54.1447996458374,-11.1125,-12.7));
#9747=CARTESIAN_POINT('',(-46.7716020424536,-9.7125,-12.7));
#9748=CARTESIAN_POINT('',(-45.7816525487924,-10.7024494936612,-12.7));
#9749=CARTESIAN_POINT('',(-45.7267350702649,-10.6475320151336,-12.7));
#9750=CARTESIAN_POINT('',(-43.8980475126431,-8.81884445751183,-12.7));
#9751=CARTESIAN_POINT('',(-44.8879970063043,-7.82889496385067,-12.7));
#9752=CARTESIAN_POINT('',(-43.8250377629929,-6.91778704101231,-12.7));
#9753=CARTESIAN_POINT('',(-59.5875930706384,11.4718608179075,-12.7));
#9754=CARTESIAN_POINT('',(-45.4228318931125,-5.05369388920611,-12.7));
#9755=CARTESIAN_POINT('',(-46.4857911364239,-5.96480181204447,-12.7));
#9756=CARTESIAN_POINT('',(-46.9747691033114,-4.65297082144449,-12.7));
#9757=CARTESIAN_POINT('',(-48.709139024864,0.,-12.7));
#9758=CARTESIAN_POINT('',(-50.4435089464165,-4.65297082144449,-12.7));
#9759=CARTESIAN_POINT('',(-50.932486913304,-5.96480181204447,-12.7));
#9760=CARTESIAN_POINT('',(-51.9954461566155,-5.05369388920611,-12.7));
#9761=CARTESIAN_POINT('',(-52.0797231889555,-5.15201709360279,-12.7));
#9762=CARTESIAN_POINT('',(-55.2077588891488,-8.80139207716165,-12.7));
#9763=CARTESIAN_POINT('',(-54.1447996458374,-9.7125,-12.7));
#9764=CARTESIAN_POINT('',(-59.5387085372959,-6.82107886234126,-12.7));
#9765=CARTESIAN_POINT('',(-59.5387085372959,7.3279396266317,-12.7));
#9766=CARTESIAN_POINT('',(-59.5387085372959,-7.63026572153833,-12.7));
#9767=CARTESIAN_POINT('',(-58.1387085372959,-7.6302684889729,-12.7));
#9768=CARTESIAN_POINT('',(-57.0757492939845,-8.54137641181126,-12.7));
#9769=CARTESIAN_POINT('',(-53.2850430452104,-4.11888578824144,-12.7));
#9770=CARTESIAN_POINT('',(-53.2007660128704,-4.02056258384475,-12.7));
#9771=CARTESIAN_POINT('',(-54.2637252561818,-3.1094546610064,-12.7));
#9772=CARTESIAN_POINT('',(-53.0421124368775,-2.42559640104929,-12.7));
#9773=CARTESIAN_POINT('',(-48.709139024864,0.,-12.7));
#9774=CARTESIAN_POINT('',(-53.0421124368775,2.4255964010493,-12.7));
#9775=CARTESIAN_POINT('',(-54.2637252561818,3.10945466100641,-12.7));
#9776=CARTESIAN_POINT('',(-53.232688674825,4.05653626673221,-12.7));
#9777=CARTESIAN_POINT('',(-60.7436415332014,12.2333048904851,-12.7));
#9778=CARTESIAN_POINT('',(-57.1076699384265,8.27501903600044,-12.7));
#9779=CARTESIAN_POINT('',(-58.1387085372959,7.3279396266317,-12.7));
#9780=CARTESIAN_POINT('',(-74.109139024864,6.93889390390723E-15,-12.7));
#9781=CARTESIAN_POINT('',(-69.7761656128504,2.4255964010493,-12.7));
#9782=CARTESIAN_POINT('',(-69.7761656128504,-2.42559640104929,-12.7));
#9783=CARTESIAN_POINT('',(-68.5545527935461,-3.1094546610064,-12.7));
#9784=CARTESIAN_POINT('',(-69.6175120368575,-4.02056258384477,-12.7));
#9785=CARTESIAN_POINT('',(-69.5332350045175,-4.11888578824145,-12.7));
#9786=CARTESIAN_POINT('',(-66.0016677806073,-8.23904754947001,-12.7));
#9787=CARTESIAN_POINT('',(-64.9387085372959,-7.32793962663165,-12.7));
#9788=CARTESIAN_POINT('',(-63.5387085372959,-7.32793962663165,-12.7));
#9789=CARTESIAN_POINT('',(-63.5387085372959,-13.97,-12.7));
#9790=CARTESIAN_POINT('',(-63.5387085372959,7.32793962663167,-12.7));
#9791=CARTESIAN_POINT('',(-64.9387085372959,7.32793962663167,-12.7));
#9792=CARTESIAN_POINT('',(-66.0016677806073,8.23904754947003,-12.7));
#9793=CARTESIAN_POINT('',(-86.8302732143836,-16.0609921232689,-12.7));
#9794=CARTESIAN_POINT('',(-69.6175120368576,4.02056258384476,-12.7));
#9795=CARTESIAN_POINT('',(-68.5545527935462,3.10945466100641,-12.7));
#9796=CARTESIAN_POINT('',(-77.4797231889555,5.1520170936028,-12.7));
#9797=CARTESIAN_POINT('',(-80.6077588891488,8.80139207716165,-12.7));
#9798=CARTESIAN_POINT('',(-77.3954461566154,5.05369388920612,-12.7));
#9799=CARTESIAN_POINT('',(-76.3324869133041,5.96480181204447,-12.7));
#9800=CARTESIAN_POINT('',(-75.8435089464165,4.65297082144449,-12.7));
#9801=CARTESIAN_POINT('',(-74.109139024864,-2.77555756156289E-14,-12.7));
#9802=CARTESIAN_POINT('',(-72.3747691033115,4.6529708214445,-12.7));
#9803=CARTESIAN_POINT('',(-71.8857911364239,5.96480181204447,-12.7));
#9804=CARTESIAN_POINT('',(-70.8228318931125,5.05369388920611,-12.7));
#9805=CARTESIAN_POINT('',(-88.0355930706385,-15.0278608179076,-12.7));
#9806=CARTESIAN_POINT('',(-67.6105191605792,8.80139207716165,-12.7));
#9807=CARTESIAN_POINT('',(-68.6734784038906,9.7125,-12.7));
#9808=CARTESIAN_POINT('',(-68.6734784038906,11.1125,-12.7));
#9809=CARTESIAN_POINT('',(-89.269764024864,11.1125,-12.7));
#9810=CARTESIAN_POINT('',(-79.5447996458374,11.1125,-12.7));
#9811=CARTESIAN_POINT('',(-79.5447996458374,9.7125,-12.7));
#9812=CARTESIAN_POINT('',(-91.221639024864,7.7,-12.7));
#9813=CARTESIAN_POINT('',(-87.971639024864,7.7,-12.7));
#9814=CARTESIAN_POINT('',(-89.269764024864,12.7,-12.7));
#9815=CARTESIAN_POINT('',(-98.596639024864,12.7,-12.7));
#9816=CARTESIAN_POINT('',(17.403360975136,3.44737193946542,-12.7));
#9817=CARTESIAN_POINT('',(-46.8492670853986,-12.7,-12.7));
#9818=CARTESIAN_POINT('',(-83.596639024864,-12.7,-12.7));
#9819=CARTESIAN_POINT('',(-83.596639024864,-10.7,-12.7));
#9820=CARTESIAN_POINT('',(-85.596639024864,-10.7,-12.7));
#9821=CARTESIAN_POINT('',(-85.596639024864,-9.525,-12.7));
#9822=CARTESIAN_POINT('',(-85.596639024864,-2.3,-12.7));
#9823=CARTESIAN_POINT('',(-90.596639024864,-2.3,-12.7));
#9824=CARTESIAN_POINT('',(-90.596639024864,2.7,-12.7));
#9825=CARTESIAN_POINT('',(-82.133721064913,2.7,-12.7));
#9826=CARTESIAN_POINT('',(-98.596639024864,2.7,-12.7));
#9827=CARTESIAN_POINT('',(-98.596639024864,4.7,-12.7));
#9828=CARTESIAN_POINT('',(-100.596639024864,4.7,-12.7));
#9829=CARTESIAN_POINT('',(-100.596639024864,-13.97,-12.7));
#9830=CARTESIAN_POINT('',(-100.596639024864,10.7,-12.7));
#9831=CARTESIAN_POINT('',(-98.596639024864,10.7,-12.7));
#9832=CARTESIAN_POINT('',(-58.9002732143835,-40.0009921232689,-12.7));
#9833=CARTESIAN_POINT('',(-28.9454461566154,-5.05369388920611,-12.7));
#9834=CARTESIAN_POINT('',(-30.543240286735,-6.91778704101231,-12.7));
#9835=CARTESIAN_POINT('',(-29.4802810434236,-7.82889496385067,-12.7));
#9836=CARTESIAN_POINT('',(-30.4702305370848,-8.81884445751183,-12.7));
#9837=CARTESIAN_POINT('',(-28.641542979463,-10.6475320151336,-12.7));
#9838=CARTESIAN_POINT('',(-28.5866255009355,-10.7024494936612,-12.7));
#9839=CARTESIAN_POINT('',(-27.5966760072743,-9.7125,-12.7));
#9840=CARTESIAN_POINT('',(-27.5966760072743,-11.1125,-12.7));
#9841=CARTESIAN_POINT('',(-89.269764024864,-11.1125,-12.7));
#9842=CARTESIAN_POINT('',(-20.2234784038905,-11.1125,-12.7));
#9843=CARTESIAN_POINT('',(-20.2234784038905,-9.7125,-12.7));
#9844=CARTESIAN_POINT('',(-19.1605191605791,-8.80139207716165,-12.7));
#9845=CARTESIAN_POINT('',(-46.299946011815,22.8612725826135,-12.7));
#9846=CARTESIAN_POINT('',(-22.3728318931125,-5.05369388920611,-12.7));
#9847=CARTESIAN_POINT('',(-23.4357911364239,-5.96480181204447,-12.7));
#9848=CARTESIAN_POINT('',(-23.9247691033114,-4.65297082144449,-12.7));
#9849=CARTESIAN_POINT('',(-25.659139024864,0.,-12.7));
#9850=CARTESIAN_POINT('',(-27.3935089464165,-4.65297082144449,-12.7));
#9851=CARTESIAN_POINT('',(-27.882486913304,-5.96480181204447,-12.7));
#9852=CARTESIAN_POINT('',(-29.4802810434236,7.82889496385067,-12.7));
#9853=CARTESIAN_POINT('',(-30.4702305370848,8.81884445751185,-12.7));
#9854=CARTESIAN_POINT('',(-30.5432402867351,6.91778704101232,-12.7));
#9855=CARTESIAN_POINT('',(-0.975037920265855,-27.5784490532017,-12.7));
#9856=CARTESIAN_POINT('',(-28.9454461566154,5.05369388920611,-12.7));
#9857=CARTESIAN_POINT('',(-27.882486913304,5.96480181204447,-12.7));
#9858=CARTESIAN_POINT('',(-27.3935089464165,4.6529708214445,-12.7));
#9859=CARTESIAN_POINT('',(-25.659139024864,0.,-12.7));
#9860=CARTESIAN_POINT('',(-23.9247691033114,4.6529708214445,-12.7));
#9861=CARTESIAN_POINT('',(-23.4357911364239,5.96480181204447,-12.7));
#9862=CARTESIAN_POINT('',(-22.3728318931125,5.05369388920612,-12.7));
#9863=CARTESIAN_POINT('',(-60.1055930706384,-38.9678608179076,-12.7));
#9864=CARTESIAN_POINT('',(-19.1605191605792,8.80139207716165,-12.7));
#9865=CARTESIAN_POINT('',(-20.2234784038906,9.7125,-12.7));
#9866=CARTESIAN_POINT('',(-20.2234784038906,11.1125,-12.7));
#9867=CARTESIAN_POINT('',(-89.269764024864,11.1125,-12.7));
#9868=CARTESIAN_POINT('',(-27.5966760072743,11.1125,-12.7));
#9869=CARTESIAN_POINT('',(-27.5966760072743,9.7125,-12.7));
#9870=CARTESIAN_POINT('',(-28.5866255009355,10.7024494936612,-12.7));
#9871=CARTESIAN_POINT('',(-30.3474549936794,8.94162000091722,-12.7));
#9872=CARTESIAN_POINT('',(-25.659139024864,0.,-12.7));
#9873=CARTESIAN_POINT('',(-29.9921124368775,2.4255964010493,-12.7));
#9874=CARTESIAN_POINT('',(-29.9921124368775,-2.4255964010493,-12.7));
#9875=CARTESIAN_POINT('',(-31.2137252561818,3.10945466100641,-12.7));
#9876=CARTESIAN_POINT('',(-30.1507660128703,4.02056258384476,-12.7));
#9877=CARTESIAN_POINT('',(-46.299946011815,22.8612725826135,-12.7));
#9878=CARTESIAN_POINT('',(-31.5289180544486,5.62840663235268,-12.7));
#9879=CARTESIAN_POINT('',(-32.59187729776,4.71729870951433,-12.7));
#9880=CARTESIAN_POINT('',(-33.5818267914212,5.70724820317548,-12.7));
#9881=CARTESIAN_POINT('',(-71.2644195097303,-31.9753445151336,-12.7));
#9882=CARTESIAN_POINT('',(-34.7740885185251,4.51498647607152,-12.7));
#9883=CARTESIAN_POINT('',(-33.784139024864,3.52503698241035,-12.7));
#9884=CARTESIAN_POINT('',(-35.184139024864,3.52503698241035,-12.7));
#9885=CARTESIAN_POINT('',(-35.184139024864,-13.97,-12.7));
#9886=CARTESIAN_POINT('',(-35.184139024864,-3.52503698241032,-12.7));
#9887=CARTESIAN_POINT('',(-33.784139024864,-3.52503698241032,-12.7));
#9888=CARTESIAN_POINT('',(-34.7740885185251,-4.51498647607149,-12.7));
#9889=CARTESIAN_POINT('',(-5.20879450973038,-34.0802804848663,-12.7));
#9890=CARTESIAN_POINT('',(-33.5818267914211,-5.70724820317548,-12.7));
#9891=CARTESIAN_POINT('',(-32.59187729776,-4.71729870951432,-12.7));
#9892=CARTESIAN_POINT('',(-31.5289180544486,-5.62840663235268,-12.7));
#9893=CARTESIAN_POINT('',(-60.1055930706384,-38.9678608179076,-12.7));
#9894=CARTESIAN_POINT('',(-30.1507660128704,-4.02056258384476,-12.7));
#9895=CARTESIAN_POINT('',(-31.2137252561818,-3.10945466100641,-12.7));
#9896=CARTESIAN_POINT('',(-89.269764024864,-13.97,-12.7));
#9897=CARTESIAN_POINT('',(-29.9921124368775,-2.4255964010493,-13.255625));
#9898=CARTESIAN_POINT('',(-29.9921124368775,-2.42559640104931,-8.2));
#9899=CARTESIAN_POINT('',(-25.659139024864,-1.38777878078145E-14,-8.2));
#9900=CARTESIAN_POINT('',(-29.9921124368775,2.4255964010493,-8.2));
#9901=CARTESIAN_POINT('',(-29.9921124368775,2.4255964010493,-13.255625));
#9902=CARTESIAN_POINT('',(-25.659139024864,0.,-13.255625));
#9903=CARTESIAN_POINT('',(-31.2137252561818,3.10945466100641,-8.2));
#9904=CARTESIAN_POINT('',(-30.1507660128704,4.02056258384476,-8.2));
#9905=CARTESIAN_POINT('',(-30.1507660128704,4.02056258384476,-23.9362747621945));
#9906=CARTESIAN_POINT('',(-31.2137252561818,3.10945466100641,-13.255625));
#9907=CARTESIAN_POINT('',(-30.2350430452104,4.11888578824145,-8.2));
#9908=CARTESIAN_POINT('',(-31.5289180544486,5.62840663235268,-8.2));
#9909=CARTESIAN_POINT('',(-31.5289180544486,5.62840663235268,-23.9362747621945));
#9910=CARTESIAN_POINT('',(-20.8829754235796,-6.79185977032773,-23.9362747621945));
#9911=CARTESIAN_POINT('',(-32.59187729776,4.71729870951433,-8.2));
#9912=CARTESIAN_POINT('',(-33.5818267914212,5.70724820317549,-8.2));
#9913=CARTESIAN_POINT('',(-33.5818267914212,5.70724820317549,0.));
#9914=CARTESIAN_POINT('',(-32.59187729776,4.71729870951433,0.));
#9915=CARTESIAN_POINT('',(-33.7249996458223,5.56407534877435,-8.2));
#9916=CARTESIAN_POINT('',(-34.7740885185251,4.51498647607152,-8.2));
#9917=CARTESIAN_POINT('',(-34.7740885185251,4.51498647607152,-12.7));
#9918=CARTESIAN_POINT('',(-35.6491070097303,3.63996798486635,0.));
#9919=CARTESIAN_POINT('',(-33.784139024864,3.52503698241035,-8.2));
#9920=CARTESIAN_POINT('',(-35.184139024864,3.52503698241035,-8.2));
#9921=CARTESIAN_POINT('',(-35.184139024864,3.52503698241035,-8.2));
#9922=CARTESIAN_POINT('',(-33.784139024864,3.52503698241035,0.));
#9923=CARTESIAN_POINT('',(-35.184139024864,3.44737193946541,-8.2));
#9924=CARTESIAN_POINT('',(-35.184139024864,-3.52503698241032,-8.2));
#9925=CARTESIAN_POINT('',(-35.184139024864,-3.52503698241032,-12.7));
#9926=CARTESIAN_POINT('',(-35.184139024864,-3.79210913341192,-13.255625));
#9927=CARTESIAN_POINT('',(-33.784139024864,-3.52503698241032,-8.2));
#9928=CARTESIAN_POINT('',(-34.7740885185251,-4.51498647607149,-8.2));
#9929=CARTESIAN_POINT('',(-34.7740885185251,-4.51498647607149,-8.2));
#9930=CARTESIAN_POINT('',(-33.784139024864,-3.52503698241032,0.));
#9931=CARTESIAN_POINT('',(-34.7191710399976,-4.56990395459902,-8.2));
#9932=CARTESIAN_POINT('',(-33.5818267914211,-5.70724820317548,-8.2));
#9933=CARTESIAN_POINT('',(-33.5818267914211,-5.70724820317548,-12.7));
#9934=CARTESIAN_POINT('',(-27.7116070097303,-11.5774679848664,0.));
#9935=CARTESIAN_POINT('',(-32.59187729776,-4.71729870951432,-8.2));
#9936=CARTESIAN_POINT('',(-31.5289180544486,-5.62840663235267,-8.2));
#9937=CARTESIAN_POINT('',(-31.5289180544486,-5.62840663235268,-8.20000000000001));
#9938=CARTESIAN_POINT('',(-32.59187729776,-4.71729870951432,-23.9362747621945));
#9939=CARTESIAN_POINT('',(-30.2350430452104,-4.11888578824145,-8.2));
#9940=CARTESIAN_POINT('',(-30.1507660128704,-4.02056258384476,-8.2));
#9941=CARTESIAN_POINT('',(-30.1507660128704,-4.02056258384477,-12.7));
#9942=CARTESIAN_POINT('',(-20.8829754235796,6.79185977032773,-23.9362747621945));
#9943=CARTESIAN_POINT('',(-31.2137252561818,-3.10945466100641,-8.2));
#9944=CARTESIAN_POINT('',(-31.2137252561818,-3.10945466100641,-13.255625));
#9945=CARTESIAN_POINT('',(-29.4802810434236,7.82889496385067,-8.2));
#9946=CARTESIAN_POINT('',(-30.5432402867351,6.91778704101232,-8.2));
#9947=CARTESIAN_POINT('',(-30.4702305370848,8.81884445751184,-8.2));
#9948=CARTESIAN_POINT('',(-30.5432402867351,6.91778704101232,-8.2));
#9949=CARTESIAN_POINT('',(-30.4702305370848,8.81884445751184,-12.7));
#9950=CARTESIAN_POINT('',(-29.4802810434236,7.82889496385067,0.));
#9951=CARTESIAN_POINT('',(-29.0297231889555,5.1520170936028,-8.2));
#9952=CARTESIAN_POINT('',(-28.9454461566154,5.05369388920612,-8.2));
#9953=CARTESIAN_POINT('',(-28.9454461566154,5.05369388920611,-12.7));
#9954=CARTESIAN_POINT('',(-19.6776555673247,-5.75872846496638,-23.9362747621945));
#9955=CARTESIAN_POINT('',(-27.882486913304,5.96480181204447,-8.2));
#9956=CARTESIAN_POINT('',(-27.3935089464165,4.6529708214445,-8.2));
#9957=CARTESIAN_POINT('',(-27.3935089464165,4.6529708214445,-13.255625));
#9958=CARTESIAN_POINT('',(-27.882486913304,5.96480181204447,-13.255625));
#9959=CARTESIAN_POINT('',(-25.659139024864,-2.08166817117217E-14,-8.2));
#9960=CARTESIAN_POINT('',(-23.9247691033114,4.6529708214445,-8.2));
#9961=CARTESIAN_POINT('',(-23.9247691033114,4.65297082144449,-13.255625));
#9962=CARTESIAN_POINT('',(-25.659139024864,0.,-13.255625));
#9963=CARTESIAN_POINT('',(-23.4357911364239,5.96480181204447,-8.2));
#9964=CARTESIAN_POINT('',(-22.3728318931125,5.05369388920611,-8.2));
#9965=CARTESIAN_POINT('',(-22.3728318931125,5.05369388920611,-13.255625));
#9966=CARTESIAN_POINT('',(-23.4357911364239,5.96480181204447,-13.255625));
#9967=CARTESIAN_POINT('',(-22.2885548607725,5.1520170936028,-8.2));
#9968=CARTESIAN_POINT('',(-19.1605191605792,8.80139207716165,-8.2));
#9969=CARTESIAN_POINT('',(-19.1605191605792,8.80139207716165,-13.255625));
#9970=CARTESIAN_POINT('',(-22.4316913579597,4.98502451355101,-13.255625));
#9971=CARTESIAN_POINT('',(-20.2234784038906,9.7125,-8.2));
#9972=CARTESIAN_POINT('',(-20.2234784038906,11.1125,-8.2));
#9973=CARTESIAN_POINT('',(-20.2234784038906,11.1125,-13.255625));
#9974=CARTESIAN_POINT('',(-20.2234784038906,9.7125,-13.255625));
#9975=CARTESIAN_POINT('',(-20.6311447732823,11.1125,-8.2));
#9976=CARTESIAN_POINT('',(-27.5966760072743,11.1125,-8.2));
#9977=CARTESIAN_POINT('',(-27.5966760072743,11.1125,-12.7));
#9978=CARTESIAN_POINT('',(-27.8634042738817,11.1125,-13.255625));
#9979=CARTESIAN_POINT('',(-27.5966760072743,9.7125,-8.2));
#9980=CARTESIAN_POINT('',(-28.5866255009355,10.7024494936612,-8.2));
#9981=CARTESIAN_POINT('',(-28.5866255009355,10.7024494936612,-8.2));
#9982=CARTESIAN_POINT('',(-27.5966760072743,9.7125,0.));
#9983=CARTESIAN_POINT('',(-28.641542979463,10.6475320151336,-8.2));
#9984=CARTESIAN_POINT('',(-35.6491070097303,3.63996798486635,0.));
#9985=CARTESIAN_POINT('',(-29.0297231889555,-5.1520170936028,-8.2));
#9986=CARTESIAN_POINT('',(-28.9454461566154,-5.05369388920611,-8.2));
#9987=CARTESIAN_POINT('',(-30.543240286735,-6.91778704101232,-8.2));
#9988=CARTESIAN_POINT('',(-30.543240286735,-6.91778704101232,-23.9362747621945));
#9989=CARTESIAN_POINT('',(-28.9454461566154,-5.05369388920611,-23.9362747621945));
#9990=CARTESIAN_POINT('',(-19.6776555673247,5.75872846496639,-23.9362747621945));
#9991=CARTESIAN_POINT('',(-29.4802810434236,-7.82889496385067,-8.2));
#9992=CARTESIAN_POINT('',(-30.4702305370848,-8.81884445751184,-8.2));
#9993=CARTESIAN_POINT('',(-30.4702305370848,-8.81884445751184,0.));
#9994=CARTESIAN_POINT('',(-29.4802810434236,-7.82889496385067,0.));
#9995=CARTESIAN_POINT('',(-30.3474549936794,-8.94162000091722,-8.2));
#9996=CARTESIAN_POINT('',(-28.5866255009355,-10.7024494936612,-8.2));
#9997=CARTESIAN_POINT('',(-28.5866255009355,-10.7024494936612,-12.7));
#9998=CARTESIAN_POINT('',(-27.7116070097303,-11.5774679848664,0.));
#9999=CARTESIAN_POINT('',(-27.5966760072743,-9.7125,-8.2));
#10000=CARTESIAN_POINT('',(-27.5966760072743,-11.1125,-8.2));
#10001=CARTESIAN_POINT('',(-27.5966760072743,-11.1125,-8.2));
#10002=CARTESIAN_POINT('',(-27.5966760072743,-9.7125,0.));
#10003=CARTESIAN_POINT('',(-27.5190109643294,-11.1125,-8.2));
#10004=CARTESIAN_POINT('',(-20.2234784038905,-11.1125,-8.2));
#10005=CARTESIAN_POINT('',(-20.2234784038905,-11.1125,-12.7));
#10006=CARTESIAN_POINT('',(-20.28675146373,-11.1125,-13.255625));
#10007=CARTESIAN_POINT('',(-20.2234784038905,-9.7125,-8.2));
#10008=CARTESIAN_POINT('',(-19.1605191605791,-8.80139207716165,-8.2));
#10009=CARTESIAN_POINT('',(-19.1605191605791,-8.80139207716165,-8.2));
#10010=CARTESIAN_POINT('',(-20.2234784038905,-9.7125,-13.255625));
#10011=CARTESIAN_POINT('',(-22.2885548607724,-5.15201709360279,-8.2));
#10012=CARTESIAN_POINT('',(-22.3728318931125,-5.05369388920611,-8.2));
#10013=CARTESIAN_POINT('',(-22.3728318931125,-5.05369388920611,-12.7));
#10014=CARTESIAN_POINT('',(-22.4316913579597,-4.985024513551,-13.255625));
#10015=CARTESIAN_POINT('',(-23.4357911364239,-5.96480181204447,-8.2));
#10016=CARTESIAN_POINT('',(-23.9247691033115,-4.65297082144443,-8.2));
#10017=CARTESIAN_POINT('',(-23.9247691033114,-4.65297082144449,-13.255625));
#10018=CARTESIAN_POINT('',(-23.4357911364239,-5.96480181204447,-13.255625));
#10019=CARTESIAN_POINT('',(-25.659139024864,8.32667268468867E-14,-8.20000000000003));
#10020=CARTESIAN_POINT('',(-27.3935089464165,-4.65297082144443,-8.2));
#10021=CARTESIAN_POINT('',(-27.3935089464165,-4.65297082144449,-13.255625));
#10022=CARTESIAN_POINT('',(-25.659139024864,0.,-13.255625));
#10023=CARTESIAN_POINT('',(-27.882486913304,-5.96480181204447,-8.2));
#10024=CARTESIAN_POINT('',(-27.882486913304,-5.96480181204447,-13.255625));
#10025=CARTESIAN_POINT('',(1.93753698241036,-9.7125,0.));
#10026=CARTESIAN_POINT('',(1.93753698241036,-11.1125,0.));
#10027=CARTESIAN_POINT('',(2.92748647607154,-10.7024494936611,0.));
#10028=CARTESIAN_POINT('',(-88.2879491543284,-11.1125,0.));
#10029=CARTESIAN_POINT('',(-5.4356606209734,-11.1125,0.));
#10030=CARTESIAN_POINT('',(-5.4356606209734,-9.7125,0.));
#10031=CARTESIAN_POINT('',(-6.49861986428483,-8.80139207716165,0.));
#10032=CARTESIAN_POINT('',(20.2249795123712,22.3761405289371,0.));
#10033=CARTESIAN_POINT('',(-3.28630713175149,-5.05369388920611,0.));
#10034=CARTESIAN_POINT('',(-2.22334788844008,-5.96480181204447,0.));
#10035=CARTESIAN_POINT('',(-1.73436992155252,-4.65297082144449,0.));
#10036=CARTESIAN_POINT('',(0.,0.,0.));
#10037=CARTESIAN_POINT('',(1.73436992155252,-4.65297082144449,0.));
#10038=CARTESIAN_POINT('',(2.22334788844007,-5.96480181204447,0.));
#10039=CARTESIAN_POINT('',(3.28630713175149,-5.05369388920612,0.));
#10040=CARTESIAN_POINT('',(32.8253067149398,-39.5158600695925,0.));
#10041=CARTESIAN_POINT('',(4.88410126187109,-6.91778704101231,0.));
#10042=CARTESIAN_POINT('',(3.82114201855968,-7.82889496385067,0.));
#10043=CARTESIAN_POINT('',(4.81109151222085,-8.81884445751183,0.));
#10044=CARTESIAN_POINT('',(-44.3140065922977,-57.9439425620305,0.));
#10045=CARTESIAN_POINT('',(-45.8841185372352,22.3761405289371,0.));
#10046=CARTESIAN_POINT('',(-22.3728318931125,-5.05369388920611,0.));
#10047=CARTESIAN_POINT('',(-19.1605191605791,-8.80139207716165,0.));
#10048=CARTESIAN_POINT('',(-20.2234784038905,-9.7125,0.));
#10049=CARTESIAN_POINT('',(-20.2234784038905,-11.1125,0.));
#10050=CARTESIAN_POINT('',(-88.2879491543284,-11.1125,0.));
#10051=CARTESIAN_POINT('',(-27.5966760072743,-11.1125,0.));
#10052=CARTESIAN_POINT('',(-27.5966760072743,-9.7125,0.));
#10053=CARTESIAN_POINT('',(-28.5866255009355,-10.7024494936612,0.));
#10054=CARTESIAN_POINT('',(-28.641542979463,-10.6475320151336,0.));
#10055=CARTESIAN_POINT('',(-30.4702305370848,-8.81884445751183,0.));
#10056=CARTESIAN_POINT('',(-29.4802810434236,-7.82889496385067,0.));
#10057=CARTESIAN_POINT('',(-30.543240286735,-6.91778704101231,0.));
#10058=CARTESIAN_POINT('',(-58.4844457398038,-39.5158600695925,0.));
#10059=CARTESIAN_POINT('',(-28.9454461566154,-5.05369388920612,0.));
#10060=CARTESIAN_POINT('',(-27.882486913304,-5.96480181204447,0.));
#10061=CARTESIAN_POINT('',(-27.3935089464165,-4.65297082144449,0.));
#10062=CARTESIAN_POINT('',(-25.659139024864,0.,0.));
#10063=CARTESIAN_POINT('',(-23.9247691033114,-4.65297082144449,0.));
#10064=CARTESIAN_POINT('',(-23.4357911364239,-5.96480181204447,0.));
#10065=CARTESIAN_POINT('',(-20.1045527935461,-3.1094546610064,0.));
#10066=CARTESIAN_POINT('',(-21.3261656128504,-2.42559640104929,0.));
#10067=CARTESIAN_POINT('',(-21.1675120368575,-4.02056258384476,0.));
#10068=CARTESIAN_POINT('',(-25.659139024864,0.,0.));
#10069=CARTESIAN_POINT('',(-21.3261656128504,2.4255964010493,0.));
#10070=CARTESIAN_POINT('',(-20.1045527935461,3.10945466100641,0.));
#10071=CARTESIAN_POINT('',(-21.1355893749029,4.05653626673221,0.));
#10072=CARTESIAN_POINT('',(-60.8476793245569,-39.1758707536167,0.));
#10073=CARTESIAN_POINT('',(-17.2606081112991,8.27501903599829,0.));
#10074=CARTESIAN_POINT('',(-16.229569512432,7.3279396266317,0.));
#10075=CARTESIAN_POINT('',(-14.829569512432,7.3279396266317,0.));
#10076=CARTESIAN_POINT('',(-14.829569512432,-13.97,0.));
#10077=CARTESIAN_POINT('',(-14.829569512432,-7.63026572153833,0.));
#10078=CARTESIAN_POINT('',(-16.229569512432,-7.6302684889729,0.));
#10079=CARTESIAN_POINT('',(-17.2925287557434,-8.54137641181126,0.));
#10080=CARTESIAN_POINT('',(-44.6787986809803,23.4092718342984,0.));
#10081=CARTESIAN_POINT('',(-48.709139024864,0.,0.));
#10082=CARTESIAN_POINT('',(-45.409139024864,0.,0.));
#10083=CARTESIAN_POINT('',(-45.3385548607725,5.1520170936028,0.));
#10084=CARTESIAN_POINT('',(-45.4228318931125,5.05369388920612,0.));
#10085=CARTESIAN_POINT('',(-43.8250377629929,6.91778704101232,0.));
#10086=CARTESIAN_POINT('',(-46.4857911364239,5.96480181204447,0.));
#10087=CARTESIAN_POINT('',(-46.9747691033114,4.6529708214445,0.));
#10088=CARTESIAN_POINT('',(-48.709139024864,-2.08166817117217E-14,0.));
#10089=CARTESIAN_POINT('',(-50.4435089464165,4.6529708214445,0.));
#10090=CARTESIAN_POINT('',(-50.932486913304,5.96480181204447,0.));
#10091=CARTESIAN_POINT('',(-51.9954461566154,5.05369388920611,0.));
#10092=CARTESIAN_POINT('',(-52.0797231889555,5.1520170936028,0.));
#10093=CARTESIAN_POINT('',(-55.2077588891488,8.80139207716165,0.));
#10094=CARTESIAN_POINT('',(-54.1447996458373,9.7125,0.));
#10095=CARTESIAN_POINT('',(-54.1447996458373,11.1125,0.));
#10096=CARTESIAN_POINT('',(-53.7371332764456,11.1125,0.));
#10097=CARTESIAN_POINT('',(-46.7716020424536,11.1125,0.));
#10098=CARTESIAN_POINT('',(-46.7716020424536,9.7125,0.));
#10099=CARTESIAN_POINT('',(-45.7816525487924,10.7024494936612,0.));
#10100=CARTESIAN_POINT('',(-44.0208230560485,8.94162000091722,0.));
#10101=CARTESIAN_POINT('',(-43.8980475126431,8.81884445751185,0.));
#10102=CARTESIAN_POINT('',(-44.8879970063043,7.82889496385067,0.));
#10103=CARTESIAN_POINT('',(-48.7091390248639,-1.38777878078145E-14,0.));
#10104=CARTESIAN_POINT('',(-44.3761656128504,2.4255964010493,0.));
#10105=CARTESIAN_POINT('',(-44.3761656128504,-2.42559640104931,0.));
#10106=CARTESIAN_POINT('',(-43.1545527935461,3.10945466100641,0.));
#10107=CARTESIAN_POINT('',(-44.2175120368576,4.02056258384476,0.));
#10108=CARTESIAN_POINT('',(-44.1332350045175,4.11888578824145,0.));
#10109=CARTESIAN_POINT('',(-42.8393599952793,5.62840663235268,0.));
#10110=CARTESIAN_POINT('',(-41.7764007519679,4.71729870951433,0.));
#10111=CARTESIAN_POINT('',(-40.7864512583068,5.70724820317549,0.));
#10112=CARTESIAN_POINT('',(-39.6491070097303,4.56990395459905,0.));
#10113=CARTESIAN_POINT('',(-39.5941895312028,4.51498647607152,0.));
#10114=CARTESIAN_POINT('',(-40.584139024864,3.52503698241035,0.));
#10115=CARTESIAN_POINT('',(-39.184139024864,3.52503698241035,0.));
#10116=CARTESIAN_POINT('',(-39.184139024864,3.44737193946541,0.));
#10117=CARTESIAN_POINT('',(-39.184139024864,-3.52503698241032,0.));
#10118=CARTESIAN_POINT('',(-40.584139024864,-3.52503698241032,0.));
#10119=CARTESIAN_POINT('',(-39.5941895312028,-4.51498647607149,0.));
#10120=CARTESIAN_POINT('',(-40.6432784039056,-5.56407534877433,0.));
#10121=CARTESIAN_POINT('',(-40.7864512583068,-5.70724820317549,0.));
#10122=CARTESIAN_POINT('',(-41.7764007519679,-4.71729870951432,0.));
#10123=CARTESIAN_POINT('',(-42.8393599952793,-5.62840663235267,0.));
#10124=CARTESIAN_POINT('',(-44.1332350045175,-4.11888578824145,0.));
#10125=CARTESIAN_POINT('',(-44.2175120368575,-4.02056258384476,0.));
#10126=CARTESIAN_POINT('',(-43.1545527935461,-3.10945466100641,0.));
#10127=CARTESIAN_POINT('',(-45.7267350702649,-10.6475320151336,0.));
#10128=CARTESIAN_POINT('',(-45.7816525487924,-10.7024494936612,0.));
#10129=CARTESIAN_POINT('',(-43.8980475126431,-8.81884445751183,0.));
#10130=CARTESIAN_POINT('',(-46.7716020424536,-9.7125,0.));
#10131=CARTESIAN_POINT('',(-46.7716020424536,-11.1125,0.));
#10132=CARTESIAN_POINT('',(-46.8492670853986,-11.1125,0.));
#10133=CARTESIAN_POINT('',(-54.1447996458374,-11.1125,0.));
#10134=CARTESIAN_POINT('',(-54.1447996458374,-9.7125,0.));
#10135=CARTESIAN_POINT('',(-55.2077588891488,-8.80139207716165,0.));
#10136=CARTESIAN_POINT('',(-52.0797231889555,-5.15201709360279,0.));
#10137=CARTESIAN_POINT('',(-51.9954461566155,-5.05369388920611,0.));
#10138=CARTESIAN_POINT('',(-50.932486913304,-5.96480181204447,0.));
#10139=CARTESIAN_POINT('',(-50.4435089464165,-4.6529708214445,0.));
#10140=CARTESIAN_POINT('',(-48.709139024864,1.38777878078145E-14,0.));
#10141=CARTESIAN_POINT('',(-46.9747691033114,-4.6529708214445,0.));
#10142=CARTESIAN_POINT('',(-46.4857911364239,-5.96480181204447,0.));
#10143=CARTESIAN_POINT('',(-45.4228318931125,-5.05369388920611,0.));
#10144=CARTESIAN_POINT('',(-45.3385548607725,-5.1520170936028,0.));
#10145=CARTESIAN_POINT('',(-43.8250377629929,-6.91778704101232,0.));
#10146=CARTESIAN_POINT('',(-44.8879970063043,-7.82889496385067,0.));
#10147=CARTESIAN_POINT('',(-74.109139024864,0.,0.));
#10148=CARTESIAN_POINT('',(-70.809139024864,0.,0.));
#10149=CARTESIAN_POINT('',(-74.109139024864,6.93889390390723E-15,0.));
#10150=CARTESIAN_POINT('',(-69.7761656128504,2.4255964010493,0.));
#10151=CARTESIAN_POINT('',(-69.7761656128504,-2.42559640104929,0.));
#10152=CARTESIAN_POINT('',(-68.5545527935462,3.10945466100641,0.));
#10153=CARTESIAN_POINT('',(-69.6175120368576,4.02056258384476,0.));
#10154=CARTESIAN_POINT('',(-69.5332350045175,4.11888578824145,0.));
#10155=CARTESIAN_POINT('',(-66.0016677806073,8.23904754947002,0.));
#10156=CARTESIAN_POINT('',(-64.9387085372959,7.32793962663167,0.));
#10157=CARTESIAN_POINT('',(-63.5387085372959,7.32793962663167,0.));
#10158=CARTESIAN_POINT('',(-63.5387085372959,6.82107886234127,0.));
#10159=CARTESIAN_POINT('',(-63.5387085372959,-7.32793962663165,0.));
#10160=CARTESIAN_POINT('',(-64.9387085372959,-7.32793962663165,0.));
#10161=CARTESIAN_POINT('',(-66.0016677806073,-8.23904754947,0.));
#10162=CARTESIAN_POINT('',(-69.5332350045175,-4.11888578824145,0.));
#10163=CARTESIAN_POINT('',(-69.6175120368575,-4.02056258384477,0.));
#10164=CARTESIAN_POINT('',(-68.5545527935461,-3.1094546610064,0.));
#10165=CARTESIAN_POINT('',(-74.109139024864,1.38777878078145E-14,0.));
#10166=CARTESIAN_POINT('',(-72.3747691033114,-4.65297082144449,0.));
#10167=CARTESIAN_POINT('',(-75.8435089464165,-4.65297082144449,0.));
#10168=CARTESIAN_POINT('',(-71.8857911364239,-5.96480181204446,0.));
#10169=CARTESIAN_POINT('',(-70.8228318931125,-5.05369388920611,0.));
#10170=CARTESIAN_POINT('',(-70.7385548607725,-5.15201709360279,0.));
#10171=CARTESIAN_POINT('',(-67.6105191605791,-8.80139207716165,0.));
#10172=CARTESIAN_POINT('',(-68.6734784038906,-9.7125,0.));
#10173=CARTESIAN_POINT('',(-68.6734784038906,-11.1125,0.));
#10174=CARTESIAN_POINT('',(-69.0811447732823,-11.1125,0.));
#10175=CARTESIAN_POINT('',(-79.5447996458373,-11.1125,0.));
#10176=CARTESIAN_POINT('',(-79.5447996458373,-9.7125,0.));
#10177=CARTESIAN_POINT('',(-80.6077588891488,-8.80139207716163,0.));
#10178=CARTESIAN_POINT('',(-77.4797231889555,-5.1520170936028,0.));
#10179=CARTESIAN_POINT('',(-77.3954461566154,-5.05369388920611,0.));
#10180=CARTESIAN_POINT('',(-76.332486913304,-5.96480181204447,0.));
#10181=CARTESIAN_POINT('',(-74.109139024864,-2.77555756156289E-14,0.));
#10182=CARTESIAN_POINT('',(-75.8435089464165,4.65297082144449,0.));
#10183=CARTESIAN_POINT('',(-72.3747691033115,4.6529708214445,0.));
#10184=CARTESIAN_POINT('',(-76.3324869133041,5.96480181204447,0.));
#10185=CARTESIAN_POINT('',(-77.3954461566154,5.05369388920612,0.));
#10186=CARTESIAN_POINT('',(-77.4797231889555,5.1520170936028,0.));
#10187=CARTESIAN_POINT('',(-80.6077588891488,8.80139207716165,0.));
#10188=CARTESIAN_POINT('',(-79.5447996458374,9.7125,0.));
#10189=CARTESIAN_POINT('',(-79.5447996458374,11.1125,0.));
#10190=CARTESIAN_POINT('',(-79.1371332764456,11.1125,0.));
#10191=CARTESIAN_POINT('',(-68.6734784038906,11.1125,0.));
#10192=CARTESIAN_POINT('',(-68.6734784038906,9.7125,0.));
#10193=CARTESIAN_POINT('',(-67.6105191605792,8.80139207716165,0.));
#10194=CARTESIAN_POINT('',(-70.7385548607725,5.1520170936028,0.));
#10195=CARTESIAN_POINT('',(-70.8228318931125,5.05369388920611,0.));
#10196=CARTESIAN_POINT('',(-71.8857911364239,5.96480181204447,0.));
#10197=CARTESIAN_POINT('',(-48.7091390248639,0.,0.));
#10198=CARTESIAN_POINT('',(-53.0421124368775,-2.42559640104929,0.));
#10199=CARTESIAN_POINT('',(-53.0421124368775,2.4255964010493,0.));
#10200=CARTESIAN_POINT('',(-54.2637252561818,-3.1094546610064,0.));
#10201=CARTESIAN_POINT('',(-53.2007660128704,-4.02056258384475,0.));
#10202=CARTESIAN_POINT('',(-53.2850430452104,-4.11888578824144,0.));
#10203=CARTESIAN_POINT('',(-57.0757492939845,-8.54137641181126,0.));
#10204=CARTESIAN_POINT('',(-58.1387085372959,-7.6302684889729,0.));
#10205=CARTESIAN_POINT('',(-59.5387085372959,-7.63026572153833,0.));
#10206=CARTESIAN_POINT('',(-59.5387085372959,-6.82107886234126,0.));
#10207=CARTESIAN_POINT('',(-59.5387085372959,7.3279396266317,0.));
#10208=CARTESIAN_POINT('',(-58.1387085372959,7.3279396266317,0.));
#10209=CARTESIAN_POINT('',(-57.1076699384265,8.27501903600044,0.));
#10210=CARTESIAN_POINT('',(-53.2878086863881,4.11654244565361,0.));
#10211=CARTESIAN_POINT('',(-53.232688674825,4.05653626673221,0.));
#10212=CARTESIAN_POINT('',(-54.2637252561818,3.10945466100641,0.));
#10213=CARTESIAN_POINT('',(-85.1107655817277,12.7,0.));
#10214=CARTESIAN_POINT('',(-85.9144791768485,12.7,0.));
#10215=CARTESIAN_POINT('',(-85.9144791768485,-13.97,0.));
#10216=CARTESIAN_POINT('',(-85.9144791768485,-0.545753963199137,3.04529115586122E-17));
#10217=CARTESIAN_POINT('',(-90.596639024864,-2.3,0.));
#10218=CARTESIAN_POINT('',(-85.596639024864,-2.3,0.));
#10219=CARTESIAN_POINT('',(-85.596639024864,-9.525,0.));
#10220=CARTESIAN_POINT('',(-85.596639024864,-10.7,0.));
#10221=CARTESIAN_POINT('',(-83.596639024864,-10.7,0.));
#10222=CARTESIAN_POINT('',(-83.596639024864,-12.7,0.));
#10223=CARTESIAN_POINT('',(-46.8492670853986,-12.7,0.));
#10224=CARTESIAN_POINT('',(17.403360975136,3.44737193946542,0.));
#10225=CARTESIAN_POINT('',(-31.2137252561818,3.10945466100641,0.));
#10226=CARTESIAN_POINT('',(-29.9921124368775,2.4255964010493,0.));
#10227=CARTESIAN_POINT('',(-30.1507660128703,4.02056258384476,0.));
#10228=CARTESIAN_POINT('',(-25.659139024864,-1.38777878078145E-14,0.));
#10229=CARTESIAN_POINT('',(-29.9921124368775,-2.42559640104931,0.));
#10230=CARTESIAN_POINT('',(-31.2137252561818,-3.10945466100641,0.));
#10231=CARTESIAN_POINT('',(-30.1507660128703,-4.02056258384476,0.));
#10232=CARTESIAN_POINT('',(-59.6897655960587,-38.4827287642312,0.));
#10233=CARTESIAN_POINT('',(-31.5289180544486,-5.62840663235268,0.));
#10234=CARTESIAN_POINT('',(-32.59187729776,-4.71729870951432,0.));
#10235=CARTESIAN_POINT('',(-33.5818267914211,-5.70724820317547,0.));
#10236=CARTESIAN_POINT('',(-56.8035120744624,17.5144370798659,0.));
#10237=CARTESIAN_POINT('',(-34.7740885185251,-4.51498647607149,0.));
#10238=CARTESIAN_POINT('',(-33.784139024864,-3.52503698241032,0.));
#10239=CARTESIAN_POINT('',(-35.184139024864,-3.52503698241032,0.));
#10240=CARTESIAN_POINT('',(-35.184139024864,-13.97,0.));
#10241=CARTESIAN_POINT('',(-35.184139024864,3.52503698241035,0.));
#10242=CARTESIAN_POINT('',(-33.784139024864,3.52503698241035,0.));
#10243=CARTESIAN_POINT('',(-34.7740885185251,4.51498647607152,0.));
#10244=CARTESIAN_POINT('',(-34.7191710399976,4.56990395459905,0.));
#10245=CARTESIAN_POINT('',(-33.5818267914212,5.70724820317549,0.));
#10246=CARTESIAN_POINT('',(-32.59187729776,4.71729870951433,0.));
#10247=CARTESIAN_POINT('',(-31.5289180544486,5.62840663235268,0.));
#10248=CARTESIAN_POINT('',(-45.8841185372352,22.3761405289371,0.));
#10249=CARTESIAN_POINT('',(-27.5966760072743,9.7125,0.));
#10250=CARTESIAN_POINT('',(-27.5966760072743,11.1125,0.));
#10251=CARTESIAN_POINT('',(-28.5866255009355,10.7024494936612,0.));
#10252=CARTESIAN_POINT('',(-88.2879491543284,11.1125,0.));
#10253=CARTESIAN_POINT('',(-20.2234784038906,11.1125,0.));
#10254=CARTESIAN_POINT('',(-20.2234784038906,9.7125,0.));
#10255=CARTESIAN_POINT('',(-19.1605191605792,8.80139207716165,0.));
#10256=CARTESIAN_POINT('',(-22.2885548607725,5.1520170936028,0.));
#10257=CARTESIAN_POINT('',(-22.3728318931125,5.05369388920611,0.));
#10258=CARTESIAN_POINT('',(-23.4357911364239,5.96480181204447,0.));
#10259=CARTESIAN_POINT('',(-23.9247691033114,4.65297082144449,0.));
#10260=CARTESIAN_POINT('',(-25.659139024864,0.,0.));
#10261=CARTESIAN_POINT('',(-27.3935089464165,4.6529708214445,0.));
#10262=CARTESIAN_POINT('',(-27.882486913304,5.96480181204447,0.));
#10263=CARTESIAN_POINT('',(-28.9454461566154,5.05369388920611,0.));
#10264=CARTESIAN_POINT('',(-44.6787986809803,23.4092718342984,0.));
#10265=CARTESIAN_POINT('',(-30.543240286735,6.91778704101232,0.));
#10266=CARTESIAN_POINT('',(-29.4802810434236,7.82889496385067,0.));
#10267=CARTESIAN_POINT('',(-30.4702305370848,8.81884445751184,0.));
#10268=CARTESIAN_POINT('',(-30.3474549936794,8.94162000091722,0.));
#10269=CARTESIAN_POINT('',(-25.659139024864,0.,0.));
#10270=CARTESIAN_POINT('',(-28.959139024864,0.,0.));
#10271=CARTESIAN_POINT('',(-88.2879491543284,-13.97,0.));
#10272=CARTESIAN_POINT('',(-25.659139024864,0.,0.635000000000001));
#10273=CARTESIAN_POINT('',(-28.5866255009355,10.7024494936612,-4.5));
#10274=CARTESIAN_POINT('',(-28.5866255009355,10.7024494936612,-4.5));
#10275=CARTESIAN_POINT('',(-27.5966760072743,9.7125,-4.5));
#10276=CARTESIAN_POINT('',(-27.5966760072743,11.1125,-4.5));
#10277=CARTESIAN_POINT('',(-27.5966760072743,11.1125,0.));
#10278=CARTESIAN_POINT('',(-27.5966760072743,9.7125,-12.7));
#10279=CARTESIAN_POINT('',(-20.6311447732823,11.1125,-4.5));
#10280=CARTESIAN_POINT('',(-20.2234784038906,11.1125,-4.5));
#10281=CARTESIAN_POINT('',(-20.2234784038906,11.1125,0.555624999999999));
#10282=CARTESIAN_POINT('',(-27.8634042738817,11.1125,0.555624999999999));
#10283=CARTESIAN_POINT('',(-20.2234784038906,9.7125,-4.5));
#10284=CARTESIAN_POINT('',(-19.1605191605792,8.80139207716165,-4.5));
#10285=CARTESIAN_POINT('',(-19.1605191605792,8.80139207716165,0.555625000000001));
#10286=CARTESIAN_POINT('',(-20.2234784038906,9.7125,0.555624999999999));
#10287=CARTESIAN_POINT('',(-22.2885548607725,5.1520170936028,-4.5));
#10288=CARTESIAN_POINT('',(-22.3728318931125,5.05369388920611,-4.5));
#10289=CARTESIAN_POINT('',(-22.3728318931125,5.05369388920611,0.555625000000001));
#10290=CARTESIAN_POINT('',(-22.4316913579597,4.98502451355101,0.555625000000001));
#10291=CARTESIAN_POINT('',(-23.4357911364239,5.96480181204447,-4.5));
#10292=CARTESIAN_POINT('',(-23.9247691033114,4.6529708214445,-4.5));
#10293=CARTESIAN_POINT('',(-23.9247691033114,4.65297082144449,0.555624999999999));
#10294=CARTESIAN_POINT('',(-23.4357911364239,5.96480181204447,0.555624999999999));
#10295=CARTESIAN_POINT('',(-25.659139024864,-2.08166817117217E-14,-4.5));
#10296=CARTESIAN_POINT('',(-27.3935089464165,4.6529708214445,-4.5));
#10297=CARTESIAN_POINT('',(-27.3935089464165,4.6529708214445,0.555624999999999));
#10298=CARTESIAN_POINT('',(-25.659139024864,0.,0.555624999999999));
#10299=CARTESIAN_POINT('',(-27.882486913304,5.96480181204447,-4.5));
#10300=CARTESIAN_POINT('',(-28.9454461566154,5.05369388920612,-4.5));
#10301=CARTESIAN_POINT('',(-28.9454461566154,5.05369388920611,0.));
#10302=CARTESIAN_POINT('',(-27.882486913304,5.96480181204447,0.555624999999999));
#10303=CARTESIAN_POINT('',(-29.0297231889555,5.1520170936028,-4.5));
#10304=CARTESIAN_POINT('',(-30.5432402867351,6.91778704101232,-4.5));
#10305=CARTESIAN_POINT('',(-30.5432402867351,6.91778704101232,-4.5));
#10306=CARTESIAN_POINT('',(-19.6776555673247,-5.75872846496638,11.2362747621945));
#10307=CARTESIAN_POINT('',(-29.4802810434236,7.82889496385067,-4.5));
#10308=CARTESIAN_POINT('',(-30.4702305370848,8.81884445751184,-4.5));
#10309=CARTESIAN_POINT('',(-30.4702305370848,8.81884445751184,-3.46944695195361E-15));
#10310=CARTESIAN_POINT('',(-29.4802810434236,7.82889496385067,-12.7));
#10311=CARTESIAN_POINT('',(-28.641542979463,10.6475320151336,-4.5));
#10312=CARTESIAN_POINT('',(-35.6491070097303,3.63996798486635,-12.7));
#10313=CARTESIAN_POINT('',(-30.1507660128704,4.02056258384476,11.2362747621945));
#10314=CARTESIAN_POINT('',(-30.1507660128704,4.02056258384476,-4.5));
#10315=CARTESIAN_POINT('',(-31.2137252561818,3.10945466100641,-4.5));
#10316=CARTESIAN_POINT('',(-29.9921124368775,2.4255964010493,-4.5));
#10317=CARTESIAN_POINT('',(-29.9921124368775,2.4255964010493,0.555624999999999));
#10318=CARTESIAN_POINT('',(-31.2137252561818,3.10945466100641,0.555624999999999));
#10319=CARTESIAN_POINT('',(-25.659139024864,-1.38777878078145E-14,-4.5));
#10320=CARTESIAN_POINT('',(-29.9921124368775,-2.42559640104931,-4.5));
#10321=CARTESIAN_POINT('',(-29.9921124368775,-2.4255964010493,0.555624999999999));
#10322=CARTESIAN_POINT('',(-25.659139024864,0.,0.555624999999999));
#10323=CARTESIAN_POINT('',(-31.2137252561818,-3.10945466100641,-4.5));
#10324=CARTESIAN_POINT('',(-30.1507660128704,-4.02056258384476,-4.5));
#10325=CARTESIAN_POINT('',(-30.1507660128704,-4.02056258384477,0.));
#10326=CARTESIAN_POINT('',(-31.2137252561818,-3.10945466100641,0.555624999999999));
#10327=CARTESIAN_POINT('',(-30.2350430452104,-4.11888578824145,-4.5));
#10328=CARTESIAN_POINT('',(-31.5289180544486,-5.62840663235267,-4.5));
#10329=CARTESIAN_POINT('',(-31.5289180544486,-5.62840663235268,-4.49999999999999));
#10330=CARTESIAN_POINT('',(-20.8829754235796,6.79185977032773,11.2362747621945));
#10331=CARTESIAN_POINT('',(-32.59187729776,-4.71729870951432,-4.5));
#10332=CARTESIAN_POINT('',(-33.5818267914211,-5.70724820317548,-4.5));
#10333=CARTESIAN_POINT('',(-33.5818267914211,-5.70724820317548,3.46944695195361E-15));
#10334=CARTESIAN_POINT('',(-32.59187729776,-4.71729870951432,11.2362747621945));
#10335=CARTESIAN_POINT('',(-34.7191710399976,-4.56990395459902,-4.5));
#10336=CARTESIAN_POINT('',(-34.7740885185251,-4.51498647607149,-4.5));
#10337=CARTESIAN_POINT('',(-34.7740885185251,-4.51498647607149,-4.5));
#10338=CARTESIAN_POINT('',(-27.7116070097303,-11.5774679848664,-12.7));
#10339=CARTESIAN_POINT('',(-33.784139024864,-3.52503698241032,-4.5));
#10340=CARTESIAN_POINT('',(-35.184139024864,-3.52503698241032,-4.5));
#10341=CARTESIAN_POINT('',(-35.184139024864,-3.52503698241032,0.));
#10342=CARTESIAN_POINT('',(-33.784139024864,-3.52503698241032,-12.7));
#10343=CARTESIAN_POINT('',(-35.184139024864,3.44737193946541,-4.5));
#10344=CARTESIAN_POINT('',(-35.184139024864,3.52503698241035,-4.5));
#10345=CARTESIAN_POINT('',(-35.184139024864,3.52503698241035,-4.5));
#10346=CARTESIAN_POINT('',(-35.184139024864,-3.79210913341192,0.555624999999999));
#10347=CARTESIAN_POINT('',(-33.784139024864,3.52503698241035,-4.5));
#10348=CARTESIAN_POINT('',(-34.7740885185251,4.51498647607152,-4.5));
#10349=CARTESIAN_POINT('',(-34.7740885185251,4.51498647607152,0.));
#10350=CARTESIAN_POINT('',(-33.784139024864,3.52503698241035,-12.7));
#10351=CARTESIAN_POINT('',(-33.7249996458223,5.56407534877435,-4.5));
#10352=CARTESIAN_POINT('',(-33.5818267914212,5.70724820317549,-4.5));
#10353=CARTESIAN_POINT('',(-33.5818267914212,5.70724820317549,-12.7));
#10354=CARTESIAN_POINT('',(-35.6491070097303,3.63996798486635,-12.7));
#10355=CARTESIAN_POINT('',(-32.59187729776,4.71729870951433,-4.5));
#10356=CARTESIAN_POINT('',(-31.5289180544486,5.62840663235268,-4.5));
#10357=CARTESIAN_POINT('',(-31.5289180544486,5.62840663235268,11.2362747621945));
#10358=CARTESIAN_POINT('',(-32.59187729776,4.71729870951433,-12.7));
#10359=CARTESIAN_POINT('',(-30.2350430452104,4.11888578824145,-4.5));
#10360=CARTESIAN_POINT('',(-20.8829754235796,-6.79185977032773,11.2362747621945));
#10361=CARTESIAN_POINT('',(17.403360975136,-3.79210913341193,0.635000000000001));
#10362=CARTESIAN_POINT('',(-98.596639024864,12.7,0.873125000000001));
#10363=CARTESIAN_POINT('',(-98.596639024864,12.7,5.59999999999999));
#10364=CARTESIAN_POINT('',(-44.9361921605821,12.7,5.60000000000002));
#10365=CARTESIAN_POINT('',(-98.0887852630692,12.7,5.59999999999999));
#10366=CARTESIAN_POINT('',(-85.8987993847942,12.7,-0.345453366992407));
#10367=CARTESIAN_POINT('',(-87.2295926172157,12.7,0.303617861102503));
#10368=CARTESIAN_POINT('',(-85.9144791768485,12.7,3.));
#10369=CARTESIAN_POINT('',(-44.9361921605821,12.7,0.873125000000001));
#10370=CARTESIAN_POINT('',(-87.2295926172157,-7.04426135704187,0.303617861102503));
#10371=CARTESIAN_POINT('',(-87.2295926172157,1.39634934614448,0.303617861102503));
#10372=CARTESIAN_POINT('',(-87.2295926172157,1.39634934614448,0.303617861102488));
#10373=CARTESIAN_POINT('',(-86.6845639213462,0.899876545377725,0.037789604423368));
#10374=CARTESIAN_POINT('',(-86.2013921683766,0.220029433556547,5.27050615063087E-17));
#10375=CARTESIAN_POINT('',(-85.9144791768485,-0.545753963199136,0.));
#10376=CARTESIAN_POINT('',(-85.9144791768485,-13.97,3.));
#10377=CARTESIAN_POINT('',(-85.596639024864,-2.3,0.635000000000001));
#10378=CARTESIAN_POINT('',(-90.596639024864,-2.3,1.94583612132616));
#10379=CARTESIAN_POINT('',(-90.596639024864,2.7,1.94583612132616));
#10380=CARTESIAN_POINT('',(-90.596639024864,2.7,3.68955098148868));
#10381=CARTESIAN_POINT('',(-90.596639024864,-2.3,3.68955098148868));
#10382=CARTESIAN_POINT('',(-85.596639024864,-10.7,0.635000000000001));
#10383=CARTESIAN_POINT('',(-85.596639024864,2.143125,0.635000000000001));
#10384=CARTESIAN_POINT('',(-83.596639024864,-12.7,0.635000000000001));
#10385=CARTESIAN_POINT('',(-83.596639024864,-10.7,0.635000000000001));
#10386=CARTESIAN_POINT('',(-83.8065076218372,-12.7,0.635000000000001));
#10387=CARTESIAN_POINT('',(-53.0421124368775,2.4255964010493,0.555624999999999));
#10388=CARTESIAN_POINT('',(-53.0421124368776,2.42559640104935,-4.50000000000015));
#10389=CARTESIAN_POINT('',(-48.7091390248641,-3.46944695195361E-14,-4.50000000000019));
#10390=CARTESIAN_POINT('',(-53.0421124368776,-2.42559640104935,-4.50000000000014));
#10391=CARTESIAN_POINT('',(-53.0421124368775,-2.42559640104929,0.555624999999999));
#10392=CARTESIAN_POINT('',(-48.709139024864,0.,0.555624999999999));
#10393=CARTESIAN_POINT('',(-54.2637252561818,-3.1094546610064,-4.5));
#10394=CARTESIAN_POINT('',(-53.2007660128704,-4.02056258384475,-4.5));
#10395=CARTESIAN_POINT('',(-53.2007660128704,-4.02056258384476,0.555625000000001));
#10396=CARTESIAN_POINT('',(-54.2637252561818,-3.1094546610064,0.555624999999999));
#10397=CARTESIAN_POINT('',(-53.2850430452104,-4.11888578824144,-4.5));
#10398=CARTESIAN_POINT('',(-57.0757492939845,-8.54137641181126,-4.5));
#10399=CARTESIAN_POINT('',(-57.0757492939845,-8.54137641181126,0.));
#10400=CARTESIAN_POINT('',(-53.124957714662,-3.93211956926839,0.555625000000001));
#10401=CARTESIAN_POINT('',(-58.1387085372959,-7.6302684889729,-4.5));
#10402=CARTESIAN_POINT('',(-59.5387085372959,-7.63026572153833,-4.5));
#10403=CARTESIAN_POINT('',(-59.5387085372959,-7.6302684889729,0.555624999999999));
#10404=CARTESIAN_POINT('',(-58.1387085372959,-7.6302684889729,0.555624999999999));
#10405=CARTESIAN_POINT('',(-59.5387085372959,-6.82107886234126,-4.5));
#10406=CARTESIAN_POINT('',(-59.5387085372959,7.3279396266317,-4.5));
#10407=CARTESIAN_POINT('',(-59.5387085372959,7.3279396266317,0.555624999999999));
#10408=CARTESIAN_POINT('',(-59.5387085372959,-7.50318674857539,0.555624999999999));
#10409=CARTESIAN_POINT('',(-58.1387085372959,7.3279396266317,-4.5));
#10410=CARTESIAN_POINT('',(-57.1076699384265,8.27501903600044,-4.5));
#10411=CARTESIAN_POINT('',(-57.1076719559392,8.2750212323575,0.555625000000001));
#10412=CARTESIAN_POINT('',(-58.1387085372959,7.3279396266317,0.555624999999999));
#10413=CARTESIAN_POINT('',(-53.2878086863881,4.11654244565361,-4.5));
#10414=CARTESIAN_POINT('',(-53.232688674825,4.05653626673221,-4.5));
#10415=CARTESIAN_POINT('',(-53.232688674825,4.05653626673221,-2.25));
#10416=CARTESIAN_POINT('',(-53.1214026349112,3.93538516692012,0.555625000000001));
#10417=CARTESIAN_POINT('',(-54.2637252561818,3.10945466100641,-4.5));
#10418=CARTESIAN_POINT('',(-54.2637252561818,3.10945466100641,0.555624999999999));
#10419=CARTESIAN_POINT('',(-72.3747691033115,4.6529708214445,0.555624999999999));
#10420=CARTESIAN_POINT('',(-72.3747691033115,4.6529708214445,-4.5));
#10421=CARTESIAN_POINT('',(-74.109139024864,-2.77555756156289E-14,-4.5));
#10422=CARTESIAN_POINT('',(-75.8435089464165,4.65297082144449,-4.5));
#10423=CARTESIAN_POINT('',(-75.8435089464165,4.65297082144449,0.555624999999999));
#10424=CARTESIAN_POINT('',(-74.109139024864,0.,0.555624999999999));
#10425=CARTESIAN_POINT('',(-76.3324869133041,5.96480181204447,-4.5));
#10426=CARTESIAN_POINT('',(-77.3954461566154,5.05369388920612,-4.5));
#10427=CARTESIAN_POINT('',(-77.3954461566155,5.05369388920611,11.2362747621945));
#10428=CARTESIAN_POINT('',(-76.3324869133041,5.96480181204447,0.555624999999999));
#10429=CARTESIAN_POINT('',(-77.4797231889555,5.1520170936028,-4.5));
#10430=CARTESIAN_POINT('',(-80.6077588891488,8.80139207716165,-4.5));
#10431=CARTESIAN_POINT('',(-80.6077588891488,8.80139207716165,11.2362747621945));
#10432=CARTESIAN_POINT('',(-68.1276555673247,-5.75872846496638,11.2362747621945));
#10433=CARTESIAN_POINT('',(-79.5447996458374,9.7125,-4.5));
#10434=CARTESIAN_POINT('',(-79.5447996458374,11.1125,-4.5));
#10435=CARTESIAN_POINT('',(-79.5447996458374,11.1125,0.555624999999999));
#10436=CARTESIAN_POINT('',(-79.5447996458374,9.7125,0.555624999999999));
#10437=CARTESIAN_POINT('',(-79.1371332764456,11.1125,-4.5));
#10438=CARTESIAN_POINT('',(-68.6734784038906,11.1125,-4.5));
#10439=CARTESIAN_POINT('',(-68.6734784038906,11.1125,0.));
#10440=CARTESIAN_POINT('',(-68.5783453481242,11.1125,0.555624999999999));
#10441=CARTESIAN_POINT('',(-68.6734784038906,9.7125,-4.5));
#10442=CARTESIAN_POINT('',(-67.6105191605792,8.80139207716165,-4.5));
#10443=CARTESIAN_POINT('',(-67.6105191605792,8.80139207716165,-4.5));
#10444=CARTESIAN_POINT('',(-68.6734784038906,9.7125,0.555624999999999));
#10445=CARTESIAN_POINT('',(-70.7385548607725,5.1520170936028,-4.5));
#10446=CARTESIAN_POINT('',(-70.8228318931125,5.05369388920611,-4.5));
#10447=CARTESIAN_POINT('',(-70.8228318931125,5.05369388920611,0.));
#10448=CARTESIAN_POINT('',(-70.8816913579597,4.98502451355101,0.555625000000001));
#10449=CARTESIAN_POINT('',(-71.8857911364239,5.96480181204447,-4.5));
#10450=CARTESIAN_POINT('',(-71.8857911364239,5.96480181204447,0.555624999999999));
#10451=CARTESIAN_POINT('',(-74.109139024864,1.38777878078145E-14,-4.5));
#10452=CARTESIAN_POINT('',(-72.3747691033114,-4.65297082144449,-4.5));
#10453=CARTESIAN_POINT('',(-75.8435089464165,-4.65297082144449,-4.5));
#10454=CARTESIAN_POINT('',(-72.3747691033114,-4.65297082144449,0.555624999999999));
#10455=CARTESIAN_POINT('',(-75.8435089464165,-4.65297082144449,0.555624999999999));
#10456=CARTESIAN_POINT('',(-74.109139024864,0.,0.555624999999999));
#10457=CARTESIAN_POINT('',(-71.8857911364239,-5.96480181204446,-4.5));
#10458=CARTESIAN_POINT('',(-70.8228318931125,-5.05369388920611,-4.5));
#10459=CARTESIAN_POINT('',(-70.8228318931125,-5.05369388920611,0.555625000000001));
#10460=CARTESIAN_POINT('',(-71.8857911364239,-5.96480181204446,0.555624999999999));
#10461=CARTESIAN_POINT('',(-70.7385548607725,-5.15201709360279,-4.5));
#10462=CARTESIAN_POINT('',(-67.6105191605791,-8.80139207716165,-4.5));
#10463=CARTESIAN_POINT('',(-67.6105191605791,-8.80139207716165,0.555625000000001));
#10464=CARTESIAN_POINT('',(-70.8816913579597,-4.985024513551,0.555625000000001));
#10465=CARTESIAN_POINT('',(-68.6734784038906,-9.7125,-4.5));
#10466=CARTESIAN_POINT('',(-68.6734784038906,-11.1125,-4.5));
#10467=CARTESIAN_POINT('',(-68.6734784038906,-11.1125,0.555624999999999));
#10468=CARTESIAN_POINT('',(-68.6734784038906,-9.7125,0.555624999999999));
#10469=CARTESIAN_POINT('',(-69.0811447732823,-11.1125,-4.5));
#10470=CARTESIAN_POINT('',(-79.5447996458373,-11.1125,-4.5));
#10471=CARTESIAN_POINT('',(-79.5447996458373,-11.1125,0.));
#10472=CARTESIAN_POINT('',(-79.6399327016037,-11.1125,0.555624999999999));
#10473=CARTESIAN_POINT('',(-79.5447996458373,-9.7125,-4.5));
#10474=CARTESIAN_POINT('',(-80.6077588891488,-8.80139207716164,-4.5));
#10475=CARTESIAN_POINT('',(-80.6077588891488,-8.80139207716164,-4.5));
#10476=CARTESIAN_POINT('',(-79.5447996458373,-9.7125,11.2362747621945));
#10477=CARTESIAN_POINT('',(-77.4797231889555,-5.1520170936028,-4.5));
#10478=CARTESIAN_POINT('',(-77.3954461566154,-5.05369388920611,-4.5));
#10479=CARTESIAN_POINT('',(-77.3954461566154,-5.05369388920611,0.));
#10480=CARTESIAN_POINT('',(-68.1276555673248,5.75872846496639,11.2362747621945));
#10481=CARTESIAN_POINT('',(-76.332486913304,-5.96480181204447,-4.5));
#10482=CARTESIAN_POINT('',(-76.332486913304,-5.96480181204447,0.555624999999999));
#10483=CARTESIAN_POINT('',(-69.7761656128504,-2.42559640104929,0.555624999999999));
#10484=CARTESIAN_POINT('',(-69.7761656128504,-2.42559640104929,-4.5));
#10485=CARTESIAN_POINT('',(-74.109139024864,6.93889390390723E-15,-4.5));
#10486=CARTESIAN_POINT('',(-69.7761656128504,2.4255964010493,-4.5));
#10487=CARTESIAN_POINT('',(-69.7761656128504,2.4255964010493,0.555624999999999));
#10488=CARTESIAN_POINT('',(-74.109139024864,0.,0.555624999999999));
#10489=CARTESIAN_POINT('',(-68.5545527935462,3.10945466100641,-4.5));
#10490=CARTESIAN_POINT('',(-69.6175120368576,4.02056258384476,-4.5));
#10491=CARTESIAN_POINT('',(-69.6175120368576,4.02056258384476,0.555625000000001));
#10492=CARTESIAN_POINT('',(-68.5545527935462,3.10945466100641,0.555624999999999));
#10493=CARTESIAN_POINT('',(-69.5332350045175,4.11888578824145,-4.5));
#10494=CARTESIAN_POINT('',(-66.0016677806073,8.23904754947002,-4.5));
#10495=CARTESIAN_POINT('',(-66.0016677806073,8.23904754947003,0.));
#10496=CARTESIAN_POINT('',(-69.6933203350659,3.93211956926839,0.555625000000001));
#10497=CARTESIAN_POINT('',(-64.9387085372959,7.32793962663167,-4.5));
#10498=CARTESIAN_POINT('',(-63.5387085372959,7.32793962663167,-4.5));
#10499=CARTESIAN_POINT('',(-63.5387085372959,7.32793962663167,-4.5));
#10500=CARTESIAN_POINT('',(-64.9387085372959,7.32793962663167,22.6294253182249));
#10501=CARTESIAN_POINT('',(-63.5387085372959,6.82107886234127,-4.5));
#10502=CARTESIAN_POINT('',(-63.5387085372959,-7.32793962663165,-4.5));
#10503=CARTESIAN_POINT('',(-63.5387085372959,-7.32793962663165,22.6294253182249));
#10504=CARTESIAN_POINT('',(-63.5387085372959,11.1125,22.6294253182249));
#10505=CARTESIAN_POINT('',(-64.9387085372959,-7.32793962663165,-4.5));
#10506=CARTESIAN_POINT('',(-66.0016677806073,-8.23904754947,-4.5));
#10507=CARTESIAN_POINT('',(-66.0016677806073,-8.23904754947001,0.555625000000001));
#10508=CARTESIAN_POINT('',(-64.9387085372959,-7.32793962663165,0.555625000000001));
#10509=CARTESIAN_POINT('',(-69.5332350045175,-4.11888578824145,-4.5));
#10510=CARTESIAN_POINT('',(-69.6175120368575,-4.02056258384477,-4.5));
#10511=CARTESIAN_POINT('',(-69.6175120368575,-4.02056258384477,0.));
#10512=CARTESIAN_POINT('',(-69.6933203350659,-3.93211956926839,0.555625000000001));
#10513=CARTESIAN_POINT('',(-68.5545527935461,-3.1094546610064,-4.5));
#10514=CARTESIAN_POINT('',(-68.5545527935461,-3.1094546610064,0.555624999999999));
#10515=CARTESIAN_POINT('',(-74.109139024864,0.,0.635000000000001));
#10516=CARTESIAN_POINT('',(-43.8980475126431,-8.81884445751184,-12.7));
#10517=CARTESIAN_POINT('',(-43.8980475126431,-8.81884445751184,-4.5));
#10518=CARTESIAN_POINT('',(-44.0208230560485,-8.94162000091722,-4.5));
#10519=CARTESIAN_POINT('',(-45.7816525487924,-10.7024494936612,-4.5));
#10520=CARTESIAN_POINT('',(-45.7816525487924,-10.7024494936612,0.));
#10521=CARTESIAN_POINT('',(-46.6566710399976,-11.5774679848664,-12.7));
#10522=CARTESIAN_POINT('',(-46.7716020424536,-9.7125,-4.5));
#10523=CARTESIAN_POINT('',(-46.7716020424536,-11.1125,-4.5));
#10524=CARTESIAN_POINT('',(-46.7716020424536,-11.1125,-4.5));
#10525=CARTESIAN_POINT('',(-46.7716020424536,-9.7125,-12.7));
#10526=CARTESIAN_POINT('',(-46.8492670853986,-11.1125,-4.5));
#10527=CARTESIAN_POINT('',(-54.1447996458374,-11.1125,-4.5));
#10528=CARTESIAN_POINT('',(-54.1447996458374,-11.1125,0.));
#10529=CARTESIAN_POINT('',(-54.0815265859979,-11.1125,0.555624999999999));
#10530=CARTESIAN_POINT('',(-54.1447996458374,-9.7125,-4.5));
#10531=CARTESIAN_POINT('',(-55.2077588891488,-8.80139207716165,-4.5));
#10532=CARTESIAN_POINT('',(-55.2077588891488,-8.80139207716165,-4.5));
#10533=CARTESIAN_POINT('',(-54.1447996458374,-9.7125,0.555625000000001));
#10534=CARTESIAN_POINT('',(-52.0797231889555,-5.15201709360279,-4.5));
#10535=CARTESIAN_POINT('',(-51.9954461566155,-5.05369388920611,-4.5));
#10536=CARTESIAN_POINT('',(-51.9954461566155,-5.05369388920611,0.));
#10537=CARTESIAN_POINT('',(-51.9365866917682,-4.985024513551,0.555625000000001));
#10538=CARTESIAN_POINT('',(-50.932486913304,-5.96480181204447,-4.5));
#10539=CARTESIAN_POINT('',(-50.4435089464165,-4.65297082144443,-4.5));
#10540=CARTESIAN_POINT('',(-50.4435089464165,-4.65297082144449,0.555624999999999));
#10541=CARTESIAN_POINT('',(-50.932486913304,-5.96480181204447,0.555624999999999));
#10542=CARTESIAN_POINT('',(-48.709139024864,8.32667268468867E-14,-4.49999999999997));
#10543=CARTESIAN_POINT('',(-46.9747691033115,-4.65297082144443,-4.5));
#10544=CARTESIAN_POINT('',(-46.9747691033114,-4.65297082144449,0.555624999999999));
#10545=CARTESIAN_POINT('',(-48.709139024864,0.,0.555624999999999));
#10546=CARTESIAN_POINT('',(-46.4857911364239,-5.96480181204447,-4.5));
#10547=CARTESIAN_POINT('',(-45.4228318931125,-5.05369388920611,-4.5));
#10548=CARTESIAN_POINT('',(-45.4228318931125,-5.05369388920611,11.2362747621945));
#10549=CARTESIAN_POINT('',(-46.4857911364239,-5.96480181204447,0.555624999999999));
#10550=CARTESIAN_POINT('',(-45.3385548607725,-5.1520170936028,-4.5));
#10551=CARTESIAN_POINT('',(-43.8250377629929,-6.91778704101232,-4.5));
#10552=CARTESIAN_POINT('',(-43.8250377629929,-6.91778704101232,11.2362747621945));
#10553=CARTESIAN_POINT('',(-54.6906224824032,5.75872846496639,11.2362747621945));
#10554=CARTESIAN_POINT('',(-44.8879970063043,-7.82889496385067,-4.5));
#10555=CARTESIAN_POINT('',(-44.8879970063043,-7.82889496385067,-12.7));
#10556=CARTESIAN_POINT('',(-44.3761656128504,-2.4255964010493,0.555624999999999));
#10557=CARTESIAN_POINT('',(-44.3761656128504,-2.42559640104931,-4.5));
#10558=CARTESIAN_POINT('',(-48.7091390248639,-1.38777878078145E-14,-4.5));
#10559=CARTESIAN_POINT('',(-44.3761656128504,2.4255964010493,-4.5));
#10560=CARTESIAN_POINT('',(-44.3761656128504,2.4255964010493,0.555624999999999));
#10561=CARTESIAN_POINT('',(-48.709139024864,0.,0.555624999999999));
#10562=CARTESIAN_POINT('',(-43.1545527935461,3.10945466100641,-4.5));
#10563=CARTESIAN_POINT('',(-44.2175120368576,4.02056258384476,-4.5));
#10564=CARTESIAN_POINT('',(-44.2175120368576,4.02056258384476,11.2362747621945));
#10565=CARTESIAN_POINT('',(-43.1545527935461,3.10945466100641,0.555624999999999));
#10566=CARTESIAN_POINT('',(-44.1332350045175,4.11888578824145,-4.5));
#10567=CARTESIAN_POINT('',(-42.8393599952793,5.62840663235268,-4.5));
#10568=CARTESIAN_POINT('',(-42.8393599952793,5.62840663235268,11.2362747621945));
#10569=CARTESIAN_POINT('',(-53.4853026261483,-6.79185977032773,11.2362747621945));
#10570=CARTESIAN_POINT('',(-41.7764007519679,4.71729870951433,-4.5));
#10571=CARTESIAN_POINT('',(-40.7864512583068,5.70724820317549,-4.5));
#10572=CARTESIAN_POINT('',(-40.7864512583068,5.70724820317549,-12.7));
#10573=CARTESIAN_POINT('',(-41.7764007519679,4.71729870951433,-12.7));
#10574=CARTESIAN_POINT('',(-40.6432784039056,5.56407534877435,-4.5));
#10575=CARTESIAN_POINT('',(-39.5941895312028,4.51498647607152,-4.5));
#10576=CARTESIAN_POINT('',(-39.5941895312028,4.51498647607152,0.));
#10577=CARTESIAN_POINT('',(-38.7191710399976,3.63996798486635,-12.7));
#10578=CARTESIAN_POINT('',(-40.584139024864,3.52503698241035,-4.5));
#10579=CARTESIAN_POINT('',(-39.184139024864,3.52503698241035,-4.5));
#10580=CARTESIAN_POINT('',(-39.184139024864,3.52503698241035,-4.5));
#10581=CARTESIAN_POINT('',(-40.584139024864,3.52503698241035,-12.7));
#10582=CARTESIAN_POINT('',(-39.184139024864,3.44737193946541,-4.5));
#10583=CARTESIAN_POINT('',(-39.184139024864,-3.52503698241032,-4.5));
#10584=CARTESIAN_POINT('',(-39.184139024864,-3.52503698241032,0.));
#10585=CARTESIAN_POINT('',(-39.184139024864,-3.79210913341192,0.555624999999999));
#10586=CARTESIAN_POINT('',(-40.584139024864,-3.52503698241032,-4.5));
#10587=CARTESIAN_POINT('',(-39.5941895312028,-4.51498647607149,-4.5));
#10588=CARTESIAN_POINT('',(-39.5941895312028,-4.51498647607149,-4.5));
#10589=CARTESIAN_POINT('',(-40.584139024864,-3.52503698241032,-12.7));
#10590=CARTESIAN_POINT('',(-39.6491070097303,-4.56990395459902,-4.5));
#10591=CARTESIAN_POINT('',(-40.7864512583068,-5.70724820317548,-4.5));
#10592=CARTESIAN_POINT('',(-40.7864512583068,-5.70724820317548,3.46944695195361E-15));
#10593=CARTESIAN_POINT('',(-46.6566710399976,-11.5774679848664,-12.7));
#10594=CARTESIAN_POINT('',(-41.7764007519679,-4.71729870951432,-4.5));
#10595=CARTESIAN_POINT('',(-42.8393599952793,-5.62840663235267,-4.5));
#10596=CARTESIAN_POINT('',(-42.8393599952794,-5.62840663235268,-4.49999999999999));
#10597=CARTESIAN_POINT('',(-41.7764007519679,-4.71729870951432,11.2362747621945));
#10598=CARTESIAN_POINT('',(-44.1332350045175,-4.11888578824145,-4.5));
#10599=CARTESIAN_POINT('',(-44.2175120368575,-4.02056258384476,-4.5));
#10600=CARTESIAN_POINT('',(-44.2175120368576,-4.02056258384477,0.));
#10601=CARTESIAN_POINT('',(-53.4853026261483,6.79185977032773,11.2362747621945));
#10602=CARTESIAN_POINT('',(-43.1545527935461,-3.10945466100641,-4.5));
#10603=CARTESIAN_POINT('',(-43.1545527935461,-3.10945466100641,0.555624999999999));
#10604=CARTESIAN_POINT('',(-45.3385548607725,5.1520170936028,-4.5));
#10605=CARTESIAN_POINT('',(-45.4228318931125,5.05369388920612,-4.5));
#10606=CARTESIAN_POINT('',(-43.8250377629929,6.91778704101232,-4.5));
#10607=CARTESIAN_POINT('',(-45.4228318931125,5.05369388920611,0.));
#10608=CARTESIAN_POINT('',(-43.8250377629929,6.91778704101232,-4.5));
#10609=CARTESIAN_POINT('',(-54.6906224824032,-5.75872846496638,11.2362747621945));
#10610=CARTESIAN_POINT('',(-46.4857911364239,5.96480181204447,-4.5));
#10611=CARTESIAN_POINT('',(-46.9747691033114,4.6529708214445,-4.5));
#10612=CARTESIAN_POINT('',(-46.9747691033114,4.6529708214445,0.555624999999999));
#10613=CARTESIAN_POINT('',(-46.4857911364239,5.96480181204447,0.555624999999999));
#10614=CARTESIAN_POINT('',(-48.709139024864,-2.08166817117217E-14,-4.5));
#10615=CARTESIAN_POINT('',(-50.4435089464165,4.6529708214445,-4.5));
#10616=CARTESIAN_POINT('',(-50.4435089464165,4.65297082144449,0.555624999999999));
#10617=CARTESIAN_POINT('',(-48.709139024864,0.,0.555624999999999));
#10618=CARTESIAN_POINT('',(-50.932486913304,5.96480181204447,-4.5));
#10619=CARTESIAN_POINT('',(-51.9954461566154,5.05369388920611,-4.5));
#10620=CARTESIAN_POINT('',(-51.9954461566154,5.05369388920611,0.555625000000001));
#10621=CARTESIAN_POINT('',(-50.932486913304,5.96480181204447,0.555624999999999));
#10622=CARTESIAN_POINT('',(-52.0797231889555,5.1520170936028,-4.5));
#10623=CARTESIAN_POINT('',(-55.2077588891488,8.80139207716165,-4.5));
#10624=CARTESIAN_POINT('',(-55.2077588891488,8.80139207716165,0.555625000000001));
#10625=CARTESIAN_POINT('',(-51.9365866917682,4.98502451355101,0.555625000000001));
#10626=CARTESIAN_POINT('',(-54.1447996458373,9.7125,-4.5));
#10627=CARTESIAN_POINT('',(-54.1447996458373,11.1125,-4.5));
#10628=CARTESIAN_POINT('',(-54.1447996458373,11.1125,0.555624999999999));
#10629=CARTESIAN_POINT('',(-54.1447996458373,9.7125,0.555624999999999));
#10630=CARTESIAN_POINT('',(-53.7371332764456,11.1125,-4.5));
#10631=CARTESIAN_POINT('',(-46.7716020424536,11.1125,-4.5));
#10632=CARTESIAN_POINT('',(-46.7716020424536,11.1125,0.));
#10633=CARTESIAN_POINT('',(-46.5048737758462,11.1125,0.555624999999999));
#10634=CARTESIAN_POINT('',(-46.7716020424536,9.7125,-4.5));
#10635=CARTESIAN_POINT('',(-45.7816525487925,10.7024494936612,-4.5));
#10636=CARTESIAN_POINT('',(-45.7816525487924,10.7024494936612,-4.5));
#10637=CARTESIAN_POINT('',(-46.7716020424536,9.7125,-12.7));
#10638=CARTESIAN_POINT('',(-45.7267350702649,10.6475320151336,-4.5));
#10639=CARTESIAN_POINT('',(-43.8980475126431,8.81884445751184,-4.5));
#10640=CARTESIAN_POINT('',(-43.8980475126431,8.81884445751184,-3.46944695195361E-15));
#10641=CARTESIAN_POINT('',(-38.7191710399976,3.63996798486635,-12.7));
#10642=CARTESIAN_POINT('',(-44.8879970063043,7.82889496385067,-4.5));
#10643=CARTESIAN_POINT('',(-44.8879970063043,7.82889496385067,-12.7));
#10644=CARTESIAN_POINT('',(-48.709139024864,0.,0.635000000000001));
#10645=CARTESIAN_POINT('',(-21.1675120368576,-4.02056258384476,0.555625000000001));
#10646=CARTESIAN_POINT('',(-21.1675120368576,-4.02056258384475,-4.5));
#10647=CARTESIAN_POINT('',(-20.1045527935461,-3.1094546610064,-4.5));
#10648=CARTESIAN_POINT('',(-21.3261656128503,-2.42559640104935,-4.50000000000014));
#10649=CARTESIAN_POINT('',(-21.3261656128504,-2.42559640104929,0.555624999999999));
#10650=CARTESIAN_POINT('',(-20.1045527935461,-3.1094546610064,0.555624999999999));
#10651=CARTESIAN_POINT('',(-25.6591390248638,-3.46944695195361E-14,-4.50000000000019));
#10652=CARTESIAN_POINT('',(-21.3261656128503,2.42559640104935,-4.50000000000015));
#10653=CARTESIAN_POINT('',(-21.3261656128504,2.4255964010493,0.555624999999999));
#10654=CARTESIAN_POINT('',(-25.659139024864,0.,0.555624999999999));
#10655=CARTESIAN_POINT('',(-20.1045527935461,3.10945466100641,-4.5));
#10656=CARTESIAN_POINT('',(-21.1355893749029,4.05653626673221,-4.5));
#10657=CARTESIAN_POINT('',(-21.1355893749029,4.05653626673221,-2.25));
#10658=CARTESIAN_POINT('',(-20.1045527935461,3.10945466100641,0.555624999999999));
#10659=CARTESIAN_POINT('',(-21.0804693633398,4.11654244565361,-4.5));
#10660=CARTESIAN_POINT('',(-17.2606081113014,8.27501903600044,-4.5));
#10661=CARTESIAN_POINT('',(-17.2606060937887,8.2750212323575,0.555625000000001));
#10662=CARTESIAN_POINT('',(-21.2468754148167,3.93538516692012,0.555625000000001));
#10663=CARTESIAN_POINT('',(-16.229569512432,7.3279396266317,-4.5));
#10664=CARTESIAN_POINT('',(-14.829569512432,7.3279396266317,-4.5));
#10665=CARTESIAN_POINT('',(-14.829569512432,7.3279396266317,0.555624999999999));
#10666=CARTESIAN_POINT('',(-16.229569512432,7.3279396266317,0.555624999999999));
#10667=CARTESIAN_POINT('',(-14.829569512432,-6.82107886234126,-4.5));
#10668=CARTESIAN_POINT('',(-14.829569512432,-7.63026572153833,-4.5));
#10669=CARTESIAN_POINT('',(-14.829569512432,-7.6302684889729,0.555624999999999));
#10670=CARTESIAN_POINT('',(-14.829569512432,-7.50318674857539,0.555624999999999));
#10671=CARTESIAN_POINT('',(-16.229569512432,-7.6302684889729,-4.5));
#10672=CARTESIAN_POINT('',(-17.2925287557434,-8.54137641181126,-4.5));
#10673=CARTESIAN_POINT('',(-17.2925287557434,-8.54137641181126,0.));
#10674=CARTESIAN_POINT('',(-16.229569512432,-7.6302684889729,0.555624999999999));
#10675=CARTESIAN_POINT('',(-21.0832350045175,-4.11888578824144,-4.5));
#10676=CARTESIAN_POINT('',(-21.2433203350659,-3.93211956926839,0.555625000000001));
#10677=CARTESIAN_POINT('',(-22.3728318931125,-5.05369388920611,0.));
#10678=CARTESIAN_POINT('',(-22.3728318931125,-5.05369388920611,-4.5));
#10679=CARTESIAN_POINT('',(-22.2885548607724,-5.15201709360279,-4.5));
#10680=CARTESIAN_POINT('',(-19.1605191605791,-8.80139207716165,-4.5));
#10681=CARTESIAN_POINT('',(-19.1605191605791,-8.80139207716165,-4.5));
#10682=CARTESIAN_POINT('',(-22.4316913579597,-4.985024513551,0.555625000000001));
#10683=CARTESIAN_POINT('',(-20.2234784038905,-9.7125,-4.5));
#10684=CARTESIAN_POINT('',(-20.2234784038905,-11.1125,-4.5));
#10685=CARTESIAN_POINT('',(-20.2234784038905,-11.1125,0.));
#10686=CARTESIAN_POINT('',(-20.2234784038905,-9.7125,0.555625000000001));
#10687=CARTESIAN_POINT('',(-27.5190109643294,-11.1125,-4.5));
#10688=CARTESIAN_POINT('',(-27.5966760072743,-11.1125,-4.5));
#10689=CARTESIAN_POINT('',(-27.5966760072743,-11.1125,-4.5));
#10690=CARTESIAN_POINT('',(-20.28675146373,-11.1125,0.555624999999999));
#10691=CARTESIAN_POINT('',(-27.5966760072743,-9.7125,-4.5));
#10692=CARTESIAN_POINT('',(-28.5866255009355,-10.7024494936612,-4.5));
#10693=CARTESIAN_POINT('',(-28.5866255009355,-10.7024494936612,0.));
#10694=CARTESIAN_POINT('',(-27.5966760072743,-9.7125,-12.7));
#10695=CARTESIAN_POINT('',(-30.3474549936794,-8.94162000091722,-4.5));
#10696=CARTESIAN_POINT('',(-30.4702305370848,-8.81884445751184,-4.5));
#10697=CARTESIAN_POINT('',(-30.4702305370848,-8.81884445751184,-12.7));
#10698=CARTESIAN_POINT('',(-27.7116070097303,-11.5774679848664,-12.7));
#10699=CARTESIAN_POINT('',(-29.4802810434236,-7.82889496385067,-4.5));
#10700=CARTESIAN_POINT('',(-30.543240286735,-6.91778704101232,-4.5));
#10701=CARTESIAN_POINT('',(-30.543240286735,-6.91778704101232,11.2362747621945));
#10702=CARTESIAN_POINT('',(-29.4802810434236,-7.82889496385067,-12.7));
#10703=CARTESIAN_POINT('',(-29.0297231889555,-5.1520170936028,-4.5));
#10704=CARTESIAN_POINT('',(-28.9454461566154,-5.05369388920611,-4.5));
#10705=CARTESIAN_POINT('',(-28.9454461566154,-5.05369388920611,11.2362747621945));
#10706=CARTESIAN_POINT('',(-19.6776555673247,5.75872846496639,11.2362747621945));
#10707=CARTESIAN_POINT('',(-27.882486913304,-5.96480181204447,-4.5));
#10708=CARTESIAN_POINT('',(-27.3935089464165,-4.65297082144443,-4.5));
#10709=CARTESIAN_POINT('',(-27.3935089464165,-4.65297082144449,0.555624999999999));
#10710=CARTESIAN_POINT('',(-27.882486913304,-5.96480181204447,0.555624999999999));
#10711=CARTESIAN_POINT('',(-25.659139024864,8.32667268468867E-14,-4.49999999999997));
#10712=CARTESIAN_POINT('',(-23.9247691033115,-4.65297082144443,-4.5));
#10713=CARTESIAN_POINT('',(-23.9247691033114,-4.65297082144449,0.555624999999999));
#10714=CARTESIAN_POINT('',(-25.659139024864,0.,0.555624999999999));
#10715=CARTESIAN_POINT('',(-23.4357911364239,-5.96480181204447,-4.5));
#10716=CARTESIAN_POINT('',(-23.4357911364239,-5.96480181204447,0.555624999999999));
#10717=CARTESIAN_POINT('',(-82.133721064913,2.7,5.6));
#10718=CARTESIAN_POINT('',(-98.596639024864,2.7,5.59999999999999));
#10719=CARTESIAN_POINT('',(-98.0887852630692,2.7,5.6));
#10720=CARTESIAN_POINT('',(-98.596639024864,2.7,-12.7));
#10721=CARTESIAN_POINT('',(-84.4470667970127,2.7,-1.05351065993648));
#10722=CARTESIAN_POINT('',(-82.133721064913,2.7,3.68955098148868));
#10723=CARTESIAN_POINT('',(-98.596639024864,4.7,5.59999999999999));
#10724=CARTESIAN_POINT('',(-100.596639024864,4.7,5.59999999999999));
#10725=CARTESIAN_POINT('',(-100.596639024864,4.7,6.7317121466287));
#10726=CARTESIAN_POINT('',(-98.596639024864,4.7,-19.20875));
#10727=CARTESIAN_POINT('',(-100.596639024864,-16.,5.59999999999999));
#10728=CARTESIAN_POINT('',(-100.596639024864,10.7,5.59999999999999));
#10729=CARTESIAN_POINT('',(-100.596639024864,10.7,-19.20875));
#10730=CARTESIAN_POINT('',(-100.596639024864,-16.,-19.20875));
#10731=CARTESIAN_POINT('',(-98.596639024864,10.7,5.59999999999999));
#10732=CARTESIAN_POINT('',(-98.596639024864,10.7,0.873125000000001));
#10733=CARTESIAN_POINT('',(-91.221639024864,7.7,-8.7));
#10734=CARTESIAN_POINT('',(-87.971639024864,7.7,-8.7));
#10735=CARTESIAN_POINT('',(-91.221639024864,7.7,-20.0999980838447));
#10736=CARTESIAN_POINT('',(-80.6077588891488,8.80139207716165,-23.9362747621945));
#10737=CARTESIAN_POINT('',(-80.6077588891488,8.80139207716165,-8.2));
#10738=CARTESIAN_POINT('',(-77.4797231889555,5.1520170936028,-8.2));
#10739=CARTESIAN_POINT('',(-77.3954461566154,5.05369388920612,-8.2));
#10740=CARTESIAN_POINT('',(-77.3954461566155,5.05369388920611,-23.9362747621945));
#10741=CARTESIAN_POINT('',(-68.1276555673247,-5.75872846496638,-23.9362747621945));
#10742=CARTESIAN_POINT('',(-76.3324869133041,5.96480181204447,-8.2));
#10743=CARTESIAN_POINT('',(-75.8435089464165,4.65297082144449,-8.2));
#10744=CARTESIAN_POINT('',(-75.8435089464165,4.65297082144449,-13.255625));
#10745=CARTESIAN_POINT('',(-76.3324869133041,5.96480181204447,-13.255625));
#10746=CARTESIAN_POINT('',(-74.109139024864,-2.77555756156289E-14,-8.2));
#10747=CARTESIAN_POINT('',(-72.3747691033115,4.6529708214445,-8.2));
#10748=CARTESIAN_POINT('',(-72.3747691033115,4.6529708214445,-13.255625));
#10749=CARTESIAN_POINT('',(-74.109139024864,0.,-13.255625));
#10750=CARTESIAN_POINT('',(-71.8857911364239,5.96480181204447,-8.2));
#10751=CARTESIAN_POINT('',(-70.8228318931125,5.05369388920611,-8.2));
#10752=CARTESIAN_POINT('',(-70.8228318931125,5.05369388920611,-12.7));
#10753=CARTESIAN_POINT('',(-71.8857911364239,5.96480181204447,-13.255625));
#10754=CARTESIAN_POINT('',(-70.7385548607725,5.1520170936028,-8.2));
#10755=CARTESIAN_POINT('',(-67.6105191605792,8.80139207716165,-8.2));
#10756=CARTESIAN_POINT('',(-67.6105191605792,8.80139207716165,-8.2));
#10757=CARTESIAN_POINT('',(-70.8816913579597,4.98502451355101,-13.255625));
#10758=CARTESIAN_POINT('',(-68.6734784038906,9.7125,-8.2));
#10759=CARTESIAN_POINT('',(-68.6734784038906,11.1125,-8.2));
#10760=CARTESIAN_POINT('',(-68.6734784038906,11.1125,-12.7));
#10761=CARTESIAN_POINT('',(-68.6734784038906,9.7125,-13.255625));
#10762=CARTESIAN_POINT('',(-79.1371332764456,11.1125,-8.2));
#10763=CARTESIAN_POINT('',(-79.5447996458374,11.1125,-8.2));
#10764=CARTESIAN_POINT('',(-79.5447996458374,11.1125,-13.255625));
#10765=CARTESIAN_POINT('',(-68.5783453481242,11.1125,-13.255625));
#10766=CARTESIAN_POINT('',(-79.5447996458374,9.7125,-8.2));
#10767=CARTESIAN_POINT('',(-79.5447996458374,9.7125,-13.255625));
#10768=CARTESIAN_POINT('',(-69.7761656128504,2.4255964010493,-13.255625));
#10769=CARTESIAN_POINT('',(-69.7761656128504,2.4255964010493,-8.2));
#10770=CARTESIAN_POINT('',(-74.109139024864,6.93889390390723E-15,-8.2));
#10771=CARTESIAN_POINT('',(-69.7761656128504,-2.42559640104929,-8.2));
#10772=CARTESIAN_POINT('',(-69.7761656128504,-2.42559640104929,-13.255625));
#10773=CARTESIAN_POINT('',(-74.109139024864,0.,-13.255625));
#10774=CARTESIAN_POINT('',(-68.5545527935461,-3.1094546610064,-8.2));
#10775=CARTESIAN_POINT('',(-69.6175120368575,-4.02056258384477,-8.2));
#10776=CARTESIAN_POINT('',(-69.6175120368575,-4.02056258384477,-12.7));
#10777=CARTESIAN_POINT('',(-68.5545527935461,-3.1094546610064,-13.255625));
#10778=CARTESIAN_POINT('',(-69.5332350045175,-4.11888578824145,-8.2));
#10779=CARTESIAN_POINT('',(-66.0016677806073,-8.23904754947,-8.2));
#10780=CARTESIAN_POINT('',(-66.0016677806073,-8.23904754947001,-13.255625));
#10781=CARTESIAN_POINT('',(-69.6933203350659,-3.93211956926839,-13.255625));
#10782=CARTESIAN_POINT('',(-64.9387085372959,-7.32793962663165,-8.2));
#10783=CARTESIAN_POINT('',(-63.5387085372959,-7.32793962663165,-8.2));
#10784=CARTESIAN_POINT('',(-63.5387085372959,-7.32793962663165,-35.3294253182249));
#10785=CARTESIAN_POINT('',(-64.9387085372959,-7.32793962663165,-13.255625));
#10786=CARTESIAN_POINT('',(-63.5387085372959,6.82107886234127,-8.2));
#10787=CARTESIAN_POINT('',(-63.5387085372959,7.32793962663167,-8.2));
#10788=CARTESIAN_POINT('',(-63.5387085372959,7.32793962663167,-8.2));
#10789=CARTESIAN_POINT('',(-63.5387085372959,11.1125,-35.3294253182249));
#10790=CARTESIAN_POINT('',(-64.9387085372959,7.32793962663167,-8.2));
#10791=CARTESIAN_POINT('',(-66.0016677806073,8.23904754947002,-8.2));
#10792=CARTESIAN_POINT('',(-66.0016677806073,8.23904754947003,-12.7));
#10793=CARTESIAN_POINT('',(-64.9387085372959,7.32793962663167,-35.3294253182249));
#10794=CARTESIAN_POINT('',(-69.5332350045175,4.11888578824145,-8.2));
#10795=CARTESIAN_POINT('',(-69.6175120368576,4.02056258384476,-8.2));
#10796=CARTESIAN_POINT('',(-69.6175120368576,4.02056258384476,-13.255625));
#10797=CARTESIAN_POINT('',(-69.6933203350659,3.93211956926839,-13.255625));
#10798=CARTESIAN_POINT('',(-68.5545527935462,3.10945466100641,-8.2));
#10799=CARTESIAN_POINT('',(-68.5545527935462,3.10945466100641,-13.255625));
#10800=CARTESIAN_POINT('',(-59.5387085372959,7.3279396266317,-13.255625));
#10801=CARTESIAN_POINT('',(-59.5387085372959,7.3279396266317,-8.2));
#10802=CARTESIAN_POINT('',(-59.5387085372959,-6.82107886234126,-8.2));
#10803=CARTESIAN_POINT('',(-59.5387085372959,-7.63026572153833,-8.2));
#10804=CARTESIAN_POINT('',(-59.5387085372959,-7.6302684889729,-13.255625));
#10805=CARTESIAN_POINT('',(-59.5387085372959,-7.50318674857539,-13.255625));
#10806=CARTESIAN_POINT('',(-58.1387085372959,-7.6302684889729,-8.2));
#10807=CARTESIAN_POINT('',(-57.0757492939845,-8.54137641181126,-8.2));
#10808=CARTESIAN_POINT('',(-57.0757492939845,-8.54137641181126,-12.7));
#10809=CARTESIAN_POINT('',(-58.1387085372959,-7.6302684889729,-13.255625));
#10810=CARTESIAN_POINT('',(-53.2850430452104,-4.11888578824144,-8.2));
#10811=CARTESIAN_POINT('',(-53.2007660128704,-4.02056258384475,-8.2));
#10812=CARTESIAN_POINT('',(-53.2007660128704,-4.02056258384476,-13.255625));
#10813=CARTESIAN_POINT('',(-53.124957714662,-3.93211956926839,-13.255625));
#10814=CARTESIAN_POINT('',(-54.2637252561818,-3.1094546610064,-8.2));
#10815=CARTESIAN_POINT('',(-53.0421124368776,-2.42559640104935,-8.19999999999986));
#10816=CARTESIAN_POINT('',(-53.0421124368775,-2.42559640104929,-13.255625));
#10817=CARTESIAN_POINT('',(-54.2637252561818,-3.1094546610064,-13.255625));
#10818=CARTESIAN_POINT('',(-48.7091390248641,-3.46944695195361E-14,-8.19999999999981));
#10819=CARTESIAN_POINT('',(-53.0421124368776,2.42559640104935,-8.19999999999985));
#10820=CARTESIAN_POINT('',(-53.0421124368775,2.4255964010493,-13.255625));
#10821=CARTESIAN_POINT('',(-48.709139024864,0.,-13.255625));
#10822=CARTESIAN_POINT('',(-54.2637252561818,3.10945466100641,-8.2));
#10823=CARTESIAN_POINT('',(-53.232688674825,4.05653626673221,-8.2));
#10824=CARTESIAN_POINT('',(-53.232688674825,4.05653626673221,-10.45));
#10825=CARTESIAN_POINT('',(-54.2637252561818,3.10945466100641,-13.255625));
#10826=CARTESIAN_POINT('',(-53.2878086863881,4.11654244565361,-8.2));
#10827=CARTESIAN_POINT('',(-57.1076699384265,8.27501903600044,-8.2));
#10828=CARTESIAN_POINT('',(-57.1076719559392,8.2750212323575,-13.255625));
#10829=CARTESIAN_POINT('',(-53.1214026349112,3.93538516692012,-13.255625));
#10830=CARTESIAN_POINT('',(-58.1387085372959,7.3279396266317,-8.2));
#10831=CARTESIAN_POINT('',(-58.1387085372959,7.3279396266317,-13.255625));
#10832=CARTESIAN_POINT('',(-46.8492670853986,-11.1125,-8.2));
#10833=CARTESIAN_POINT('',(-54.1447996458374,-11.1125,-8.2));
#10834=CARTESIAN_POINT('',(-46.7716020424536,-11.1125,-8.2));
#10835=CARTESIAN_POINT('',(-46.7716020424536,-11.1125,-8.2));
#10836=CARTESIAN_POINT('',(-54.1447996458374,-11.1125,-12.7));
#10837=CARTESIAN_POINT('',(-54.0815265859979,-11.1125,-13.255625));
#10838=CARTESIAN_POINT('',(-46.7716020424536,-9.7125,-8.2));
#10839=CARTESIAN_POINT('',(-45.7816525487924,-10.7024494936612,-8.2));
#10840=CARTESIAN_POINT('',(-45.7816525487924,-10.7024494936612,-12.7));
#10841=CARTESIAN_POINT('',(-46.7716020424536,-9.7125,0.));
#10842=CARTESIAN_POINT('',(-44.0208230560485,-8.94162000091722,-8.2));
#10843=CARTESIAN_POINT('',(-43.8980475126431,-8.81884445751184,-8.2));
#10844=CARTESIAN_POINT('',(-43.8980475126431,-8.81884445751184,0.));
#10845=CARTESIAN_POINT('',(-46.6566710399976,-11.5774679848664,0.));
#10846=CARTESIAN_POINT('',(-44.8879970063043,-7.82889496385067,-8.2));
#10847=CARTESIAN_POINT('',(-43.8250377629929,-6.91778704101232,-8.2));
#10848=CARTESIAN_POINT('',(-43.8250377629929,-6.91778704101232,-23.9362747621945));
#10849=CARTESIAN_POINT('',(-44.8879970063043,-7.82889496385067,0.));
#10850=CARTESIAN_POINT('',(-45.3385548607725,-5.1520170936028,-8.2));
#10851=CARTESIAN_POINT('',(-45.4228318931125,-5.05369388920611,-8.2));
#10852=CARTESIAN_POINT('',(-45.4228318931125,-5.05369388920611,-23.9362747621945));
#10853=CARTESIAN_POINT('',(-54.6906224824032,5.75872846496639,-23.9362747621945));
#10854=CARTESIAN_POINT('',(-46.4857911364239,-5.96480181204447,-8.2));
#10855=CARTESIAN_POINT('',(-46.9747691033115,-4.65297082144443,-8.2));
#10856=CARTESIAN_POINT('',(-46.9747691033114,-4.65297082144449,-13.255625));
#10857=CARTESIAN_POINT('',(-46.4857911364239,-5.96480181204447,-13.255625));
#10858=CARTESIAN_POINT('',(-48.709139024864,8.32667268468867E-14,-8.20000000000003));
#10859=CARTESIAN_POINT('',(-50.4435089464165,-4.65297082144443,-8.2));
#10860=CARTESIAN_POINT('',(-50.4435089464165,-4.65297082144449,-13.255625));
#10861=CARTESIAN_POINT('',(-48.709139024864,0.,-13.255625));
#10862=CARTESIAN_POINT('',(-50.932486913304,-5.96480181204447,-8.2));
#10863=CARTESIAN_POINT('',(-51.9954461566155,-5.05369388920611,-8.2));
#10864=CARTESIAN_POINT('',(-51.9954461566155,-5.05369388920611,-12.7));
#10865=CARTESIAN_POINT('',(-50.932486913304,-5.96480181204447,-13.255625));
#10866=CARTESIAN_POINT('',(-52.0797231889555,-5.15201709360279,-8.2));
#10867=CARTESIAN_POINT('',(-55.2077588891488,-8.80139207716165,-8.2));
#10868=CARTESIAN_POINT('',(-55.2077588891488,-8.80139207716165,-8.2));
#10869=CARTESIAN_POINT('',(-51.9365866917682,-4.985024513551,-13.255625));
#10870=CARTESIAN_POINT('',(-54.1447996458374,-9.7125,-8.2));
#10871=CARTESIAN_POINT('',(-54.1447996458374,-9.7125,-13.255625));
#10872=CARTESIAN_POINT('',(-68.6734784038906,-11.1125,-13.255625));
#10873=CARTESIAN_POINT('',(-68.6734784038906,-11.1125,-8.2));
#10874=CARTESIAN_POINT('',(-68.6734784038906,-9.7125,-8.2));
#10875=CARTESIAN_POINT('',(-67.6105191605791,-8.80139207716165,-8.2));
#10876=CARTESIAN_POINT('',(-67.6105191605791,-8.80139207716165,-13.255625));
#10877=CARTESIAN_POINT('',(-68.6734784038906,-9.7125,-13.255625));
#10878=CARTESIAN_POINT('',(-70.7385548607725,-5.15201709360279,-8.2));
#10879=CARTESIAN_POINT('',(-70.8228318931125,-5.05369388920611,-8.2));
#10880=CARTESIAN_POINT('',(-70.8228318931125,-5.05369388920611,-13.255625));
#10881=CARTESIAN_POINT('',(-70.8816913579597,-4.985024513551,-13.255625));
#10882=CARTESIAN_POINT('',(-71.8857911364239,-5.96480181204446,-8.2));
#10883=CARTESIAN_POINT('',(-72.3747691033114,-4.65297082144449,-8.2));
#10884=CARTESIAN_POINT('',(-72.3747691033114,-4.65297082144449,-13.255625));
#10885=CARTESIAN_POINT('',(-71.8857911364239,-5.96480181204446,-13.255625));
#10886=CARTESIAN_POINT('',(-74.109139024864,1.38777878078145E-14,-8.2));
#10887=CARTESIAN_POINT('',(-75.8435089464165,-4.65297082144449,-8.2));
#10888=CARTESIAN_POINT('',(-75.8435089464165,-4.65297082144449,-13.255625));
#10889=CARTESIAN_POINT('',(-74.109139024864,0.,-13.255625));
#10890=CARTESIAN_POINT('',(-76.332486913304,-5.96480181204447,-8.2));
#10891=CARTESIAN_POINT('',(-77.3954461566154,-5.05369388920611,-8.2));
#10892=CARTESIAN_POINT('',(-77.3954461566154,-5.05369388920611,-12.7));
#10893=CARTESIAN_POINT('',(-76.332486913304,-5.96480181204447,-13.255625));
#10894=CARTESIAN_POINT('',(-77.4797231889555,-5.1520170936028,-8.2));
#10895=CARTESIAN_POINT('',(-80.6077588891488,-8.80139207716164,-8.2));
#10896=CARTESIAN_POINT('',(-80.6077588891488,-8.80139207716164,-8.2));
#10897=CARTESIAN_POINT('',(-68.1276555673248,5.75872846496639,-23.9362747621945));
#10898=CARTESIAN_POINT('',(-79.5447996458373,-9.7125,-8.2));
#10899=CARTESIAN_POINT('',(-79.5447996458373,-11.1125,-8.2));
#10900=CARTESIAN_POINT('',(-79.5447996458373,-11.1125,-12.7));
#10901=CARTESIAN_POINT('',(-79.5447996458373,-9.7125,-23.9362747621945));
#10902=CARTESIAN_POINT('',(-69.0811447732823,-11.1125,-8.2));
#10903=CARTESIAN_POINT('',(-79.6399327016037,-11.1125,-13.255625));
#10904=CARTESIAN_POINT('',(-40.7864512583068,-5.70724820317548,-12.7));
#10905=CARTESIAN_POINT('',(-40.7864512583068,-5.70724820317548,-8.2));
#10906=CARTESIAN_POINT('',(-39.6491070097303,-4.56990395459902,-8.2));
#10907=CARTESIAN_POINT('',(-39.5941895312028,-4.51498647607149,-8.2));
#10908=CARTESIAN_POINT('',(-39.5941895312028,-4.51498647607149,-8.2));
#10909=CARTESIAN_POINT('',(-46.6566710399976,-11.5774679848664,0.));
#10910=CARTESIAN_POINT('',(-40.584139024864,-3.52503698241032,-8.2));
#10911=CARTESIAN_POINT('',(-39.184139024864,-3.52503698241032,-8.2));
#10912=CARTESIAN_POINT('',(-39.184139024864,-3.52503698241032,-12.7));
#10913=CARTESIAN_POINT('',(-40.584139024864,-3.52503698241032,0.));
#10914=CARTESIAN_POINT('',(-39.184139024864,3.44737193946541,-8.2));
#10915=CARTESIAN_POINT('',(-39.184139024864,3.52503698241035,-8.2));
#10916=CARTESIAN_POINT('',(-39.184139024864,3.52503698241035,-8.2));
#10917=CARTESIAN_POINT('',(-39.184139024864,-3.79210913341192,-13.255625));
#10918=CARTESIAN_POINT('',(-40.584139024864,3.52503698241035,-8.2));
#10919=CARTESIAN_POINT('',(-39.5941895312028,4.51498647607152,-8.2));
#10920=CARTESIAN_POINT('',(-39.5941895312028,4.51498647607152,-12.7));
#10921=CARTESIAN_POINT('',(-40.584139024864,3.52503698241035,0.));
#10922=CARTESIAN_POINT('',(-40.6432784039056,5.56407534877435,-8.2));
#10923=CARTESIAN_POINT('',(-40.7864512583068,5.70724820317549,-8.2));
#10924=CARTESIAN_POINT('',(-40.7864512583068,5.70724820317549,0.));
#10925=CARTESIAN_POINT('',(-38.7191710399976,3.63996798486635,0.));
#10926=CARTESIAN_POINT('',(-41.7764007519679,4.71729870951433,-8.2));
#10927=CARTESIAN_POINT('',(-42.8393599952793,5.62840663235268,-8.2));
#10928=CARTESIAN_POINT('',(-42.8393599952793,5.62840663235268,-23.9362747621945));
#10929=CARTESIAN_POINT('',(-41.7764007519679,4.71729870951433,0.));
#10930=CARTESIAN_POINT('',(-44.1332350045175,4.11888578824145,-8.2));
#10931=CARTESIAN_POINT('',(-44.2175120368576,4.02056258384476,-8.2));
#10932=CARTESIAN_POINT('',(-44.2175120368576,4.02056258384476,-23.9362747621945));
#10933=CARTESIAN_POINT('',(-53.4853026261483,-6.79185977032773,-23.9362747621945));
#10934=CARTESIAN_POINT('',(-43.1545527935461,3.10945466100641,-8.2));
#10935=CARTESIAN_POINT('',(-44.3761656128504,2.4255964010493,-8.2));
#10936=CARTESIAN_POINT('',(-44.3761656128504,2.4255964010493,-13.255625));
#10937=CARTESIAN_POINT('',(-43.1545527935461,3.10945466100641,-13.255625));
#10938=CARTESIAN_POINT('',(-48.7091390248639,-1.38777878078145E-14,-8.2));
#10939=CARTESIAN_POINT('',(-44.3761656128504,-2.42559640104931,-8.2));
#10940=CARTESIAN_POINT('',(-44.3761656128504,-2.4255964010493,-13.255625));
#10941=CARTESIAN_POINT('',(-48.709139024864,0.,-13.255625));
#10942=CARTESIAN_POINT('',(-43.1545527935461,-3.10945466100641,-8.2));
#10943=CARTESIAN_POINT('',(-44.2175120368575,-4.02056258384476,-8.2));
#10944=CARTESIAN_POINT('',(-44.2175120368576,-4.02056258384477,-12.7));
#10945=CARTESIAN_POINT('',(-43.1545527935461,-3.10945466100641,-13.255625));
#10946=CARTESIAN_POINT('',(-44.1332350045175,-4.11888578824145,-8.2));
#10947=CARTESIAN_POINT('',(-42.8393599952793,-5.62840663235267,-8.2));
#10948=CARTESIAN_POINT('',(-42.8393599952794,-5.62840663235268,-8.20000000000001));
#10949=CARTESIAN_POINT('',(-53.4853026261483,6.79185977032773,-23.9362747621945));
#10950=CARTESIAN_POINT('',(-41.7764007519679,-4.71729870951432,-8.2));
#10951=CARTESIAN_POINT('',(-41.7764007519679,-4.71729870951432,-23.9362747621945));
#10952=CARTESIAN_POINT('',(-45.3385548607725,5.1520170936028,-8.2));
#10953=CARTESIAN_POINT('',(-43.8250377629929,6.91778704101232,-8.2));
#10954=CARTESIAN_POINT('',(-45.4228318931125,5.05369388920612,-8.2));
#10955=CARTESIAN_POINT('',(-43.8250377629929,6.91778704101232,-8.2));
#10956=CARTESIAN_POINT('',(-45.4228318931125,5.05369388920611,-12.7));
#10957=CARTESIAN_POINT('',(-54.6906224824032,-5.75872846496638,-23.9362747621945));
#10958=CARTESIAN_POINT('',(-44.8879970063043,7.82889496385067,-8.2));
#10959=CARTESIAN_POINT('',(-43.8980475126431,8.81884445751184,-8.2));
#10960=CARTESIAN_POINT('',(-43.8980475126431,8.81884445751184,-12.7));
#10961=CARTESIAN_POINT('',(-44.8879970063043,7.82889496385067,0.));
#10962=CARTESIAN_POINT('',(-45.7267350702649,10.6475320151336,-8.2));
#10963=CARTESIAN_POINT('',(-45.7816525487925,10.7024494936612,-8.2));
#10964=CARTESIAN_POINT('',(-45.7816525487924,10.7024494936612,-8.2));
#10965=CARTESIAN_POINT('',(-38.7191710399976,3.63996798486635,0.));
#10966=CARTESIAN_POINT('',(-46.7716020424536,9.7125,-8.2));
#10967=CARTESIAN_POINT('',(-46.7716020424536,11.1125,-8.2));
#10968=CARTESIAN_POINT('',(-46.7716020424536,11.1125,-12.7));
#10969=CARTESIAN_POINT('',(-46.7716020424536,9.7125,0.));
#10970=CARTESIAN_POINT('',(-53.7371332764456,11.1125,-8.2));
#10971=CARTESIAN_POINT('',(-54.1447996458373,11.1125,-8.2));
#10972=CARTESIAN_POINT('',(-54.1447996458373,11.1125,-13.255625));
#10973=CARTESIAN_POINT('',(-46.5048737758462,11.1125,-13.255625));
#10974=CARTESIAN_POINT('',(-54.1447996458373,9.7125,-8.2));
#10975=CARTESIAN_POINT('',(-55.2077588891488,8.80139207716165,-8.2));
#10976=CARTESIAN_POINT('',(-55.2077588891488,8.80139207716165,-13.255625));
#10977=CARTESIAN_POINT('',(-54.1447996458373,9.7125,-13.255625));
#10978=CARTESIAN_POINT('',(-52.0797231889555,5.1520170936028,-8.2));
#10979=CARTESIAN_POINT('',(-51.9954461566154,5.05369388920611,-8.2));
#10980=CARTESIAN_POINT('',(-51.9954461566154,5.05369388920611,-13.255625));
#10981=CARTESIAN_POINT('',(-51.9365866917682,4.98502451355101,-13.255625));
#10982=CARTESIAN_POINT('',(-50.932486913304,5.96480181204447,-8.2));
#10983=CARTESIAN_POINT('',(-50.4435089464165,4.6529708214445,-8.2));
#10984=CARTESIAN_POINT('',(-50.4435089464165,4.65297082144449,-13.255625));
#10985=CARTESIAN_POINT('',(-50.932486913304,5.96480181204447,-13.255625));
#10986=CARTESIAN_POINT('',(-48.709139024864,-2.08166817117217E-14,-8.2));
#10987=CARTESIAN_POINT('',(-46.9747691033114,4.6529708214445,-8.2));
#10988=CARTESIAN_POINT('',(-46.9747691033114,4.6529708214445,-13.255625));
#10989=CARTESIAN_POINT('',(-48.709139024864,0.,-13.255625));
#10990=CARTESIAN_POINT('',(-46.4857911364239,5.96480181204447,-8.2));
#10991=CARTESIAN_POINT('',(-46.4857911364239,5.96480181204447,-13.255625));
#10992=CARTESIAN_POINT('',(-21.3261656128504,2.4255964010493,-13.255625));
#10993=CARTESIAN_POINT('',(-21.3261656128503,2.42559640104935,-8.19999999999985));
#10994=CARTESIAN_POINT('',(-25.6591390248638,-3.46944695195361E-14,-8.19999999999981));
#10995=CARTESIAN_POINT('',(-21.3261656128503,-2.42559640104935,-8.19999999999986));
#10996=CARTESIAN_POINT('',(-21.3261656128504,-2.42559640104929,-13.255625));
#10997=CARTESIAN_POINT('',(-25.659139024864,0.,-13.255625));
#10998=CARTESIAN_POINT('',(-20.1045527935461,-3.1094546610064,-8.2));
#10999=CARTESIAN_POINT('',(-21.1675120368576,-4.02056258384475,-8.2));
#11000=CARTESIAN_POINT('',(-21.1675120368576,-4.02056258384476,-13.255625));
#11001=CARTESIAN_POINT('',(-20.1045527935461,-3.1094546610064,-13.255625));
#11002=CARTESIAN_POINT('',(-21.0832350045175,-4.11888578824144,-8.2));
#11003=CARTESIAN_POINT('',(-17.2925287557434,-8.54137641181126,-8.2));
#11004=CARTESIAN_POINT('',(-17.2925287557434,-8.54137641181126,-12.7));
#11005=CARTESIAN_POINT('',(-21.2433203350659,-3.93211956926839,-13.255625));
#11006=CARTESIAN_POINT('',(-16.229569512432,-7.6302684889729,-8.2));
#11007=CARTESIAN_POINT('',(-14.829569512432,-7.63026572153833,-8.2));
#11008=CARTESIAN_POINT('',(-14.829569512432,-7.6302684889729,-13.255625));
#11009=CARTESIAN_POINT('',(-16.229569512432,-7.6302684889729,-13.255625));
#11010=CARTESIAN_POINT('',(-14.829569512432,-6.82107886234126,-8.2));
#11011=CARTESIAN_POINT('',(-14.829569512432,7.3279396266317,-8.2));
#11012=CARTESIAN_POINT('',(-14.829569512432,7.3279396266317,-13.255625));
#11013=CARTESIAN_POINT('',(-14.829569512432,-7.50318674857539,-13.255625));
#11014=CARTESIAN_POINT('',(-16.229569512432,7.3279396266317,-8.2));
#11015=CARTESIAN_POINT('',(-17.2606081113014,8.27501903600044,-8.2));
#11016=CARTESIAN_POINT('',(-17.2606060937887,8.2750212323575,-13.255625));
#11017=CARTESIAN_POINT('',(-16.229569512432,7.3279396266317,-13.255625));
#11018=CARTESIAN_POINT('',(-21.0804693633398,4.11654244565361,-8.2));
#11019=CARTESIAN_POINT('',(-21.1355893749029,4.05653626673221,-8.2));
#11020=CARTESIAN_POINT('',(-21.1355893749029,4.05653626673221,-10.45));
#11021=CARTESIAN_POINT('',(-21.2468754148167,3.93538516692012,-13.255625));
#11022=CARTESIAN_POINT('',(-20.1045527935461,3.10945466100641,-8.2));
#11023=CARTESIAN_POINT('',(-20.1045527935461,3.10945466100641,-13.255625));
#11024=CARTESIAN_POINT('',(-12.959139024864,0.,-4.5));
#11025=CARTESIAN_POINT('',(-29.5862990952953,-6.63066129202751,-4.5));
#11026=CARTESIAN_POINT('',(-98.0887852630692,-7.04426135704187,5.59999999999999));
#11027=CARTESIAN_POINT('',(-105.080410125461,15.24,5.59999999999999));
#11028=CARTESIAN_POINT('',(-91.221639024864,7.7,2.25066898917983));
#11029=CARTESIAN_POINT('',(-87.971639024864,7.7,0.665538076340768));
#11030=CARTESIAN_POINT('',(-85.8987993847942,-7.04426135704187,-0.345453366992408));
#11031=CARTESIAN_POINT('',(-59.5983329510607,-9.2471500781296,-4.5));
#11032=CARTESIAN_POINT('',(-81.3861827016037,4.27520170622521,-4.5));
#11033=CARTESIAN_POINT('',(-81.3838960311579,-11.4380856330369,-4.5));
#11034=CARTESIAN_POINT('',(-70.234250478811,-9.24715007812959,-4.5));
#11035=CARTESIAN_POINT('',(-55.9108104695751,-11.4380856330369,-4.5));
#11036=CARTESIAN_POINT('',(-44.7819789544326,-6.63066129202751,-4.5));
#11037=CARTESIAN_POINT('',(-61.409139024864,0.,-4.5));
#11038=CARTESIAN_POINT('',(-14.7699450986672,-9.2471500781296,-4.5));
#11039=CARTESIAN_POINT('',(-18.4574675801528,-11.4380856330369,-4.5));
#11040=CARTESIAN_POINT('',(-29.5862990952953,-6.63066129202751,-8.2));
#11041=CARTESIAN_POINT('',(-12.959139024864,0.,-8.2));
#11042=CARTESIAN_POINT('',(-18.4574675801528,-11.4380856330369,-8.2));
#11043=CARTESIAN_POINT('',(-91.221639024864,7.7,-8.7));
#11044=CARTESIAN_POINT('',(-92.871639024864,7.7,-8.7));
#11045=CARTESIAN_POINT('',(-91.221639024864,7.7,-8.7));
#11046=CARTESIAN_POINT('',(-81.3861827016037,4.27520170622521,-8.2));
#11047=CARTESIAN_POINT('',(-70.234250478811,-9.24715007812959,-8.2));
#11048=CARTESIAN_POINT('',(-59.5983329510607,-9.2471500781296,-8.2));
#11049=CARTESIAN_POINT('',(-55.9108104695751,-11.4380856330369,-8.2));
#11050=CARTESIAN_POINT('',(-81.3838960311579,-11.4380856330369,-8.2));
#11051=CARTESIAN_POINT('',(-44.7819789544326,-6.63066129202751,-8.2));
#11052=CARTESIAN_POINT('',(-61.409139024864,0.,-8.2));
#11053=CARTESIAN_POINT('',(-14.7699450986672,-9.2471500781296,-8.2));
#11054=CARTESIAN_POINT('',(-91.221639024864,7.7,-4.));
#11055=CARTESIAN_POINT('',(-87.971639024864,7.7,-4.));
#11056=CARTESIAN_POINT('',(-91.221639024864,7.7,7.39999808384466));
#11057=CARTESIAN_POINT('',(-91.221639024864,7.7,-4.));
#11058=CARTESIAN_POINT('',(-92.871639024864,7.7,-4.));
#11059=CARTESIAN_POINT('',(-91.221639024864,7.7,-4.));
#11060=CARTESIAN_POINT('',(-91.221639024864,7.7,-4.));
#11061=CARTESIAN_POINT('',(4.81109151222085,-8.81884445751184,-12.7));
#11062=CARTESIAN_POINT('',(4.81109151222085,-8.81884445751184,-4.5));
#11063=CARTESIAN_POINT('',(4.68831596881547,-8.94162000091722,-4.5));
#11064=CARTESIAN_POINT('',(2.92748647607153,-10.7024494936612,-4.5));
#11065=CARTESIAN_POINT('',(2.92748647607153,-10.7024494936612,0.));
#11066=CARTESIAN_POINT('',(2.05246798486634,-11.5774679848664,-12.7));
#11067=CARTESIAN_POINT('',(-6.49861986428482,-8.80139207716165,-4.5));
#11068=CARTESIAN_POINT('',(-6.49861986428482,-8.80139207716165,-4.5));
#11069=CARTESIAN_POINT('',(-3.37058416409151,-5.15201709360279,-4.5));
#11070=CARTESIAN_POINT('',(-3.28630713175149,-5.05369388920611,-4.5));
#11071=CARTESIAN_POINT('',(-3.28630713175149,-5.05369388920611,0.));
#11072=CARTESIAN_POINT('',(-3.22744766690426,-4.985024513551,0.555625000000001));
#11073=CARTESIAN_POINT('',(3.3705841640915,-5.1520170936028,-4.5));
#11074=CARTESIAN_POINT('',(3.28630713175148,-5.05369388920611,-4.5));
#11075=CARTESIAN_POINT('',(4.88410126187109,-6.91778704101232,-4.5));
#11076=CARTESIAN_POINT('',(4.88410126187109,-6.91778704101232,11.2362747621945));
#11077=CARTESIAN_POINT('',(3.28630713175149,-5.05369388920611,11.2362747621945));
#11078=CARTESIAN_POINT('',(-5.98148345753921,5.75872846496639,11.2362747621945));
#11079=CARTESIAN_POINT('',(1.85987193946541,-11.1125,-4.5));
#11080=CARTESIAN_POINT('',(1.93753698241036,-11.1125,-4.5));
#11081=CARTESIAN_POINT('',(-5.4356606209734,-11.1125,-4.5));
#11082=CARTESIAN_POINT('',(-5.4356606209734,-11.1125,0.));
#11083=CARTESIAN_POINT('',(1.93753698241036,-11.1125,-4.5));
#11084=CARTESIAN_POINT('',(-5.37238756113398,-11.1125,0.555624999999999));
#11085=CARTESIAN_POINT('',(0.,8.32667268468867E-14,-4.49999999999997));
#11086=CARTESIAN_POINT('',(1.7343699215525,-4.65297082144443,-4.5));
#11087=CARTESIAN_POINT('',(-1.7343699215525,-4.65297082144443,-4.5));
#11088=CARTESIAN_POINT('',(1.73436992155252,-4.65297082144449,0.555624999999999));
#11089=CARTESIAN_POINT('',(-1.73436992155252,-4.65297082144449,0.555624999999999));
#11090=CARTESIAN_POINT('',(0.,0.,0.555624999999999));
#11091=CARTESIAN_POINT('',(-5.4356606209734,-9.7125,-4.5));
#11092=CARTESIAN_POINT('',(1.93753698241036,-9.7125,-4.5));
#11093=CARTESIAN_POINT('',(3.82114201855968,-7.82889496385067,-4.5));
#11094=CARTESIAN_POINT('',(2.22334788844007,-5.96480181204447,-4.5));
#11095=CARTESIAN_POINT('',(-2.22334788844008,-5.96480181204447,-4.5));
#11096=CARTESIAN_POINT('',(-7.20167144471115,-11.4380856330369,-4.5));
#11097=CARTESIAN_POINT('',(2.22334788844007,-5.96480181204447,0.555624999999999));
#11098=CARTESIAN_POINT('',(-2.22334788844008,-5.96480181204447,0.555624999999999));
#11099=CARTESIAN_POINT('',(-5.4356606209734,-9.7125,0.555625000000001));
#11100=CARTESIAN_POINT('',(1.93753698241036,-9.7125,-12.7));
#11101=CARTESIAN_POINT('',(3.82114201855968,-7.82889496385067,-12.7));
#11102=MECHANICAL_DESIGN_GEOMETRIC_PRESENTATION_REPRESENTATION('',(#24),
#11103);
#11103=(
GEOMETRIC_REPRESENTATION_CONTEXT(3)
GLOBAL_UNCERTAINTY_ASSIGNED_CONTEXT((#11104))
GLOBAL_UNIT_ASSIGNED_CONTEXT((#11110,#11106,#11105))
REPRESENTATION_CONTEXT('\X2\FF0872796B8AFF09\X0\7-14_stp',
'TOP_LEVEL_ASSEMBLY_PART')
);
#11104=UNCERTAINTY_MEASURE_WITH_UNIT(LENGTH_MEASURE(0.0508),#11110,
'DISTANCE_ACCURACY_VALUE','Maximum Tolerance applied to model');
#11105=(
NAMED_UNIT(*)
SI_UNIT($,.STERADIAN.)
SOLID_ANGLE_UNIT()
);
#11106=(
CONVERSION_BASED_UNIT('DEGREE',#11108)
NAMED_UNIT(#11107)
PLANE_ANGLE_UNIT()
);
#11107=DIMENSIONAL_EXPONENTS(0.,0.,0.,0.,0.,0.,0.);
#11108=PLANE_ANGLE_MEASURE_WITH_UNIT(PLANE_ANGLE_MEASURE(0.0174532925),
#11109);
#11109=(
NAMED_UNIT(*)
PLANE_ANGLE_UNIT()
SI_UNIT($,.RADIAN.)
);
#11110=(
LENGTH_UNIT()
NAMED_UNIT(*)
SI_UNIT(.MILLI.,.METRE.)
);
ENDSEC;
END-ISO-10303-21;
