ISO-10303-21;
HEADER;
/* Generated by software containing ST-Developer
 * from STEP Tools, Inc. (www.steptools.com) 
 */
/* OPTION: using custom schema-name function */

FILE_DESCRIPTION(
/* description */ (''),
/* implementation_level */ '2;1');

FILE_NAME(
/* name */ '7_stp.stp',
/* time_stamp */ '2026-05-11T15:27:17+08:00',
/* author */ (''),
/* organization */ (''),
/* preprocessor_version */ 'ST-DEVELOPER v20',
/* originating_system */ 'SIEMENS PLM Software NX2412.1700',
/* authorisation */ '');

FILE_SCHEMA (('AUTOMOTIVE_DESIGN { 1 0 10303 214 3 1 1 1 }'));
ENDSEC;

DATA;
#10=SHAPE_REPRESENTATION_RELATIONSHIP('None',
'relationship between 7_stp-None and 7_stp-None',#22,#11);
#11=ADVANCED_BREP_SHAPE_REPRESENTATION('7_stp-None',(#32),#6051);
#12=SHAPE_DEFINITION_REPRESENTATION(#13,#22);
#13=PRODUCT_DEFINITION_SHAPE('','',#14);
#14=PRODUCT_DEFINITION(' ','',#16,#15);
#15=PRODUCT_DEFINITION_CONTEXT('part definition',#21,'design');
#16=PRODUCT_DEFINITION_FORMATION_WITH_SPECIFIED_SOURCE(' ',' ',#18,
 .NOT_KNOWN.);
#17=PRODUCT_RELATED_PRODUCT_CATEGORY('part','',(#18));
#18=PRODUCT('7_stp','7_stp',' ',(#19));
#19=PRODUCT_CONTEXT(' ',#21,'mechanical');
#20=APPLICATION_PROTOCOL_DEFINITION('international standard',
'automotive_design',2010,#21);
#21=APPLICATION_CONTEXT(
'core data for automotive mechanical design processes');
#22=SHAPE_REPRESENTATION('7_stp-None',(#3490),#6051);
#23=PRESENTATION_LAYER_ASSIGNMENT('1','Layer 1',(#32));
#24=STYLED_ITEM('',(#25),#32);
#25=PRESENTATION_STYLE_ASSIGNMENT((#26));
#26=SURFACE_STYLE_USAGE(.BOTH.,#27);
#27=SURFACE_SIDE_STYLE('',(#28));
#28=SURFACE_STYLE_FILL_AREA(#29);
#29=FILL_AREA_STYLE('',(#30));
#30=FILL_AREA_STYLE_COLOUR('',#31);
#31=COLOUR_RGB('medium steel',0.611764705882353,0.658823529411765,0.670588235294118);
#32=MANIFOLD_SOLID_BREP('M8X1.25 GEWINDEBOHRUNG4',#33);
#33=CLOSED_SHELL('',(#241,#242,#243,#244,#245,#246,#247,#248,#249,#250,
#251,#252,#253,#254,#255,#256,#257,#258,#259,#260,#261,#262,#263,#264,#265,
#266,#267,#268,#269,#270,#271,#272,#273,#274,#275,#276,#277,#278,#279,#280,
#281,#282,#283,#284,#285,#286,#287,#288,#289,#290,#291,#292,#293,#294,#295,
#296,#297,#298,#299,#300,#301,#302,#303,#304,#305,#306,#307,#308,#309,#310,
#311,#312,#313,#314,#315,#316,#317,#318,#319,#320,#321,#322,#323,#324,#325,
#326,#327,#328,#329,#330,#331,#332,#333,#334,#335,#336,#337,#338,#339,#340,
#341,#342,#343,#344,#345,#346,#347,#348,#349,#350,#351,#352,#353,#354,#355,
#356,#357,#358,#359,#360,#361,#362,#363,#364,#365,#366,#367,#368,#369,#370,
#371,#372,#373,#374,#375,#376,#377,#378,#379,#380,#381,#382,#383,#384,#385,
#386,#387,#388,#389,#390,#391,#392,#393,#394,#395,#396,#397,#398,#399,#400,
#401,#402,#403,#404,#405,#406,#407,#408,#409,#410,#411,#412,#413,#414,#415,
#416,#417,#418,#419,#420,#421,#422,#423,#424,#425,#426,#427,#428,#429,#430,
#431,#432,#433,#434,#435,#436,#437,#438,#439,#440,#441,#442,#443,#444,#445,
#446,#447,#448,#449,#450,#451,#452,#453,#454,#455));
#34=PLANE('',#3596);
#35=PLANE('',#3597);
#36=PLANE('',#3604);
#37=PLANE('',#3605);
#38=PLANE('',#3613);
#39=PLANE('',#3614);
#40=PLANE('',#3616);
#41=PLANE('',#3618);
#42=PLANE('',#3620);
#43=PLANE('',#3625);
#44=PLANE('',#3626);
#45=PLANE('',#3633);
#46=PLANE('',#3634);
#47=PLANE('',#3641);
#48=PLANE('',#3642);
#49=PLANE('',#3649);
#50=PLANE('',#3650);
#51=PLANE('',#3657);
#52=PLANE('',#3658);
#53=PLANE('',#3665);
#54=PLANE('',#3666);
#55=PLANE('',#3673);
#56=PLANE('',#3674);
#57=PLANE('',#3681);
#58=PLANE('',#3682);
#59=PLANE('',#3718);
#60=PLANE('',#3719);
#61=PLANE('',#3720);
#62=PLANE('',#3721);
#63=PLANE('',#3722);
#64=PLANE('',#3723);
#65=PLANE('',#3724);
#66=PLANE('',#3725);
#67=PLANE('',#3726);
#68=PLANE('',#3727);
#69=PLANE('',#3728);
#70=PLANE('',#3729);
#71=PLANE('',#3730);
#72=PLANE('',#3731);
#73=PLANE('',#3732);
#74=PLANE('',#3733);
#75=PLANE('',#3734);
#76=PLANE('',#3735);
#77=PLANE('',#3736);
#78=PLANE('',#3737);
#79=PLANE('',#3744);
#80=PLANE('',#3745);
#81=PLANE('',#3746);
#82=PLANE('',#3747);
#83=PLANE('',#3750);
#84=PLANE('',#3751);
#85=PLANE('',#3752);
#86=PLANE('',#3757);
#87=PLANE('',#3762);
#88=PLANE('',#3763);
#89=PLANE('',#3767);
#90=PLANE('',#3769);
#91=PLANE('',#3773);
#92=PLANE('',#3777);
#93=FACE_BOUND('',#765,.T.);
#94=FACE_BOUND('',#766,.T.);
#95=FACE_BOUND('',#781,.T.);
#96=FACE_BOUND('',#782,.T.);
#97=FACE_BOUND('',#887,.T.);
#98=FACE_BOUND('',#888,.T.);
#99=FACE_BOUND('',#889,.T.);
#100=FACE_BOUND('',#890,.T.);
#101=FACE_BOUND('',#891,.T.);
#102=FACE_BOUND('',#892,.T.);
#103=FACE_BOUND('',#903,.T.);
#104=FACE_BOUND('',#904,.T.);
#105=FACE_BOUND('',#905,.T.);
#106=FACE_BOUND('',#906,.T.);
#107=FACE_BOUND('',#907,.T.);
#108=FACE_BOUND('',#909,.T.);
#109=FACE_BOUND('',#910,.T.);
#110=FACE_BOUND('',#911,.T.);
#111=FACE_BOUND('',#912,.T.);
#112=FACE_BOUND('',#913,.T.);
#113=FACE_BOUND('',#916,.T.);
#114=FACE_BOUND('',#917,.T.);
#115=FACE_BOUND('',#918,.T.);
#116=FACE_BOUND('',#919,.T.);
#117=FACE_BOUND('',#920,.T.);
#118=FACE_BOUND('',#921,.T.);
#119=FACE_BOUND('',#922,.T.);
#120=FACE_BOUND('',#923,.T.);
#121=FACE_BOUND('',#924,.T.);
#122=FACE_BOUND('',#925,.T.);
#123=FACE_BOUND('',#928,.T.);
#124=FACE_BOUND('',#929,.T.);
#125=FACE_BOUND('',#930,.T.);
#126=FACE_BOUND('',#931,.T.);
#127=FACE_BOUND('',#934,.T.);
#128=FACE_BOUND('',#935,.T.);
#129=FACE_BOUND('',#936,.T.);
#130=FACE_BOUND('',#937,.T.);
#131=FACE_BOUND('',#948,.T.);
#132=FACE_BOUND('',#949,.T.);
#133=FACE_BOUND('',#964,.T.);
#134=FACE_BOUND('',#965,.T.);
#135=(
BOUNDED_CURVE()
B_SPLINE_CURVE(3,(#5080,#5081,#5082,#5083),.UNSPECIFIED.,.F.,.F.)
B_SPLINE_CURVE_WITH_KNOTS((4,4),(0.,1.),.UNSPECIFIED.)
CURVE()
GEOMETRIC_REPRESENTATION_ITEM()
RATIONAL_B_SPLINE_CURVE((1.,0.333333333333333,0.333333333333333,1.))
REPRESENTATION_ITEM('')
);
#136=(
BOUNDED_CURVE()
B_SPLINE_CURVE(3,(#5090,#5091,#5092,#5093),.UNSPECIFIED.,.F.,.F.)
B_SPLINE_CURVE_WITH_KNOTS((4,4),(0.,1.),.UNSPECIFIED.)
CURVE()
GEOMETRIC_REPRESENTATION_ITEM()
RATIONAL_B_SPLINE_CURVE((1.,0.333333333333333,0.333333333333333,1.))
REPRESENTATION_ITEM('')
);
#137=(
BOUNDED_CURVE()
B_SPLINE_CURVE(3,(#5123,#5124,#5125,#5126),.UNSPECIFIED.,.F.,.F.)
B_SPLINE_CURVE_WITH_KNOTS((4,4),(0.,1.),.UNSPECIFIED.)
CURVE()
GEOMETRIC_REPRESENTATION_ITEM()
RATIONAL_B_SPLINE_CURVE((1.,0.333333333333333,0.333333333333333,1.))
REPRESENTATION_ITEM('')
);
#138=(
BOUNDED_CURVE()
B_SPLINE_CURVE(3,(#5159,#5160,#5161,#5162),.UNSPECIFIED.,.F.,.F.)
B_SPLINE_CURVE_WITH_KNOTS((4,4),(0.,1.),.UNSPECIFIED.)
CURVE()
GEOMETRIC_REPRESENTATION_ITEM()
RATIONAL_B_SPLINE_CURVE((1.,0.333333333333333,0.333333333333333,1.))
REPRESENTATION_ITEM('')
);
#139=(
BOUNDED_CURVE()
B_SPLINE_CURVE(3,(#5169,#5170,#5171,#5172),.UNSPECIFIED.,.F.,.F.)
B_SPLINE_CURVE_WITH_KNOTS((4,4),(0.,1.),.UNSPECIFIED.)
CURVE()
GEOMETRIC_REPRESENTATION_ITEM()
RATIONAL_B_SPLINE_CURVE((1.,0.333333333333333,0.333333333333333,1.))
REPRESENTATION_ITEM('')
);
#140=(
BOUNDED_CURVE()
B_SPLINE_CURVE(3,(#5201,#5202,#5203,#5204),.UNSPECIFIED.,.F.,.F.)
B_SPLINE_CURVE_WITH_KNOTS((4,4),(0.,1.),.UNSPECIFIED.)
CURVE()
GEOMETRIC_REPRESENTATION_ITEM()
RATIONAL_B_SPLINE_CURVE((1.,0.333333333333333,0.333333333333333,1.))
REPRESENTATION_ITEM('')
);
#141=(
BOUNDED_CURVE()
B_SPLINE_CURVE(3,(#5211,#5212,#5213,#5214),.UNSPECIFIED.,.F.,.F.)
B_SPLINE_CURVE_WITH_KNOTS((4,4),(0.,1.),.UNSPECIFIED.)
CURVE()
GEOMETRIC_REPRESENTATION_ITEM()
RATIONAL_B_SPLINE_CURVE((1.,0.333333333333333,0.333333333333333,1.))
REPRESENTATION_ITEM('')
);
#142=(
BOUNDED_CURVE()
B_SPLINE_CURVE(3,(#5244,#5245,#5246,#5247),.UNSPECIFIED.,.F.,.F.)
B_SPLINE_CURVE_WITH_KNOTS((4,4),(0.,1.),.UNSPECIFIED.)
CURVE()
GEOMETRIC_REPRESENTATION_ITEM()
RATIONAL_B_SPLINE_CURVE((1.,0.333333333333333,0.333333333333333,1.))
REPRESENTATION_ITEM('')
);
#143=(
BOUNDED_CURVE()
B_SPLINE_CURVE(3,(#5280,#5281,#5282,#5283),.UNSPECIFIED.,.F.,.F.)
B_SPLINE_CURVE_WITH_KNOTS((4,4),(0.,1.),.UNSPECIFIED.)
CURVE()
GEOMETRIC_REPRESENTATION_ITEM()
RATIONAL_B_SPLINE_CURVE((1.,0.333333333333333,0.333333333333333,1.))
REPRESENTATION_ITEM('')
);
#144=(
BOUNDED_CURVE()
B_SPLINE_CURVE(3,(#5305,#5306,#5307,#5308),.UNSPECIFIED.,.F.,.F.)
B_SPLINE_CURVE_WITH_KNOTS((4,4),(0.,1.),.UNSPECIFIED.)
CURVE()
GEOMETRIC_REPRESENTATION_ITEM()
RATIONAL_B_SPLINE_CURVE((1.,0.333333333333333,0.333333333333333,1.))
REPRESENTATION_ITEM('')
);
#145=(
BOUNDED_CURVE()
B_SPLINE_CURVE(3,(#5889,#5890,#5891,#5892),.UNSPECIFIED.,.F.,.F.)
B_SPLINE_CURVE_WITH_KNOTS((4,4),(0.,1.),.UNSPECIFIED.)
CURVE()
GEOMETRIC_REPRESENTATION_ITEM()
RATIONAL_B_SPLINE_CURVE((1.,0.333333333333333,0.333333333333333,1.))
REPRESENTATION_ITEM('')
);
#146=(
BOUNDED_CURVE()
B_SPLINE_CURVE(3,(#5908,#5909,#5910,#5911),.UNSPECIFIED.,.F.,.F.)
B_SPLINE_CURVE_WITH_KNOTS((4,4),(0.,1.),.UNSPECIFIED.)
CURVE()
GEOMETRIC_REPRESENTATION_ITEM()
RATIONAL_B_SPLINE_CURVE((1.,0.333333333333333,0.333333333333333,1.))
REPRESENTATION_ITEM('')
);
#147=(
BOUNDED_CURVE()
B_SPLINE_CURVE(3,(#5928,#5929,#5930,#5931),.UNSPECIFIED.,.F.,.F.)
B_SPLINE_CURVE_WITH_KNOTS((4,4),(0.,1.),.UNSPECIFIED.)
CURVE()
GEOMETRIC_REPRESENTATION_ITEM()
RATIONAL_B_SPLINE_CURVE((1.,0.333333333333333,0.333333333333333,1.))
REPRESENTATION_ITEM('')
);
#148=(
BOUNDED_CURVE()
B_SPLINE_CURVE(3,(#5945,#5946,#5947,#5948),.UNSPECIFIED.,.F.,.F.)
B_SPLINE_CURVE_WITH_KNOTS((4,4),(0.,1.),.UNSPECIFIED.)
CURVE()
GEOMETRIC_REPRESENTATION_ITEM()
RATIONAL_B_SPLINE_CURVE((1.,0.333333333333333,0.333333333333333,1.))
REPRESENTATION_ITEM('')
);
#149=(
BOUNDED_CURVE()
B_SPLINE_CURVE(3,(#5988,#5989,#5990,#5991),.UNSPECIFIED.,.F.,.F.)
B_SPLINE_CURVE_WITH_KNOTS((4,4),(0.,1.),.UNSPECIFIED.)
CURVE()
GEOMETRIC_REPRESENTATION_ITEM()
RATIONAL_B_SPLINE_CURVE((1.,0.333333333333333,0.333333333333333,1.))
REPRESENTATION_ITEM('')
);
#150=(
BOUNDED_CURVE()
B_SPLINE_CURVE(3,(#6020,#6021,#6022,#6023),.UNSPECIFIED.,.F.,.F.)
B_SPLINE_CURVE_WITH_KNOTS((4,4),(0.,1.),.UNSPECIFIED.)
CURVE()
GEOMETRIC_REPRESENTATION_ITEM()
RATIONAL_B_SPLINE_CURVE((1.,0.333333333333333,0.333333333333333,1.))
REPRESENTATION_ITEM('')
);
#151=CYLINDRICAL_SURFACE('',#3496,3.39999999999999);
#152=CYLINDRICAL_SURFACE('',#3502,3.39999999999999);
#153=CYLINDRICAL_SURFACE('',#3509,3.39999999999999);
#154=CYLINDRICAL_SURFACE('',#3516,3.39999999999999);
#155=CYLINDRICAL_SURFACE('',#3519,3.39999999999999);
#156=CYLINDRICAL_SURFACE('',#3521,3.39999999999999);
#157=CYLINDRICAL_SURFACE('',#3526,3.39999999999999);
#158=CYLINDRICAL_SURFACE('',#3531,3.39999999999999);
#159=CYLINDRICAL_SURFACE('',#3535,3.39999999999999);
#160=CYLINDRICAL_SURFACE('',#3537,3.39999999999999);
#161=CYLINDRICAL_SURFACE('',#3542,3.39999999999999);
#162=CYLINDRICAL_SURFACE('',#3545,3.39999999999999);
#163=CYLINDRICAL_SURFACE('',#3547,3.39999999999999);
#164=CYLINDRICAL_SURFACE('',#3552,3.39999999999999);
#165=CYLINDRICAL_SURFACE('',#3557,3.39999999999999);
#166=CYLINDRICAL_SURFACE('',#3561,3.39999999999999);
#167=CYLINDRICAL_SURFACE('',#3563,3.39999999999999);
#168=CYLINDRICAL_SURFACE('',#3568,3.39999999999999);
#169=CYLINDRICAL_SURFACE('',#3576,3.39999999999999);
#170=CYLINDRICAL_SURFACE('',#3588,3.39999999999999);
#171=CYLINDRICAL_SURFACE('',#3687,7.5);
#172=CYLINDRICAL_SURFACE('',#3689,7.5);
#173=CYLINDRICAL_SURFACE('',#3691,7.5);
#174=CYLINDRICAL_SURFACE('',#3693,7.5);
#175=CYLINDRICAL_SURFACE('',#3695,7.5);
#176=CYLINDRICAL_SURFACE('',#3697,7.5);
#177=CYLINDRICAL_SURFACE('',#3699,7.5);
#178=CYLINDRICAL_SURFACE('',#3701,7.5);
#179=CYLINDRICAL_SURFACE('',#3703,7.5);
#180=CYLINDRICAL_SURFACE('',#3705,7.5);
#181=CYLINDRICAL_SURFACE('',#3707,7.5);
#182=CYLINDRICAL_SURFACE('',#3709,7.5);
#183=CYLINDRICAL_SURFACE('',#3711,7.5);
#184=CYLINDRICAL_SURFACE('',#3713,7.5);
#185=CYLINDRICAL_SURFACE('',#3715,7.5);
#186=CYLINDRICAL_SURFACE('',#3717,7.5);
#187=CYLINDRICAL_SURFACE('',#3758,5.);
#188=CYLINDRICAL_SURFACE('',#3768,5.);
#189=CYLINDRICAL_SURFACE('',#3778,3.39999999999999);
#190=CYLINDRICAL_SURFACE('',#3779,3.39999999999999);
#191=CYLINDRICAL_SURFACE('',#3780,3.39999999999999);
#192=CYLINDRICAL_SURFACE('',#3781,3.39999999999999);
#193=CYLINDRICAL_SURFACE('',#3783,3.39999999999999);
#194=CYLINDRICAL_SURFACE('',#3785,3.39999999999999);
#195=CYLINDRICAL_SURFACE('',#3787,3.39999999999999);
#196=CYLINDRICAL_SURFACE('',#3789,3.39999999999999);
#197=CYLINDRICAL_SURFACE('',#3794,3.39999999999999);
#198=CYLINDRICAL_SURFACE('',#3801,3.39999999999999);
#199=CYLINDRICAL_SURFACE('',#3805,3.39999999999999);
#200=CYLINDRICAL_SURFACE('',#3809,3.39999999999999);
#201=CYLINDRICAL_SURFACE('',#3811,3.39999999999999);
#202=CYLINDRICAL_SURFACE('',#3816,3.39999999999999);
#203=CYLINDRICAL_SURFACE('',#3819,3.39999999999999);
#204=CYLINDRICAL_SURFACE('',#3823,3.39999999999999);
#205=CYLINDRICAL_SURFACE('',#3825,3.39999999999999);
#206=CYLINDRICAL_SURFACE('',#3828,3.39999999999999);
#207=CYLINDRICAL_SURFACE('',#3832,3.39999999999999);
#208=CYLINDRICAL_SURFACE('',#3834,3.39999999999999);
#209=CYLINDRICAL_SURFACE('',#3839,3.39999999999999);
#210=CYLINDRICAL_SURFACE('',#3842,3.39999999999999);
#211=CYLINDRICAL_SURFACE('',#3846,3.39999999999999);
#212=CYLINDRICAL_SURFACE('',#3848,3.39999999999999);
#213=CYLINDRICAL_SURFACE('',#3852,3.39999999999999);
#214=CYLINDRICAL_SURFACE('',#3857,3.39999999999999);
#215=CYLINDRICAL_SURFACE('',#3863,3.39999999999999);
#216=CYLINDRICAL_SURFACE('',#3869,3.39999999999999);
#217=B_SPLINE_CURVE_WITH_KNOTS('',3,(#4937,#4938,#4939,#4940),
 .UNSPECIFIED.,.F.,.F.,(4,4),(0.,1.),.UNSPECIFIED.);
#218=B_SPLINE_CURVE_WITH_KNOTS('',3,(#4945,#4946,#4947,#4948),
 .UNSPECIFIED.,.F.,.F.,(4,4),(0.,1.),.UNSPECIFIED.);
#219=B_SPLINE_CURVE_WITH_KNOTS('',3,(#4968,#4969,#4970,#4971),
 .UNSPECIFIED.,.F.,.F.,(4,4),(0.,1.),.UNSPECIFIED.);
#220=B_SPLINE_CURVE_WITH_KNOTS('',3,(#4975,#4976,#4977,#4978),
 .UNSPECIFIED.,.F.,.F.,(4,4),(0.,1.),.UNSPECIFIED.);
#221=B_SPLINE_CURVE_WITH_KNOTS('',3,(#4997,#4998,#4999,#5000,#5001,#5002),
 .UNSPECIFIED.,.F.,.F.,(4,2,4),(0.,0.5,1.),.UNSPECIFIED.);
#222=B_SPLINE_CURVE_WITH_KNOTS('',3,(#5006,#5007,#5008,#5009),
 .UNSPECIFIED.,.F.,.F.,(4,4),(0.,1.),.UNSPECIFIED.);
#223=B_SPLINE_CURVE_WITH_KNOTS('',3,(#5013,#5014,#5015,#5016),
 .UNSPECIFIED.,.F.,.F.,(4,4),(0.,1.),.UNSPECIFIED.);
#224=B_SPLINE_CURVE_WITH_KNOTS('',3,(#5017,#5018,#5019,#5020,#5021,#5022),
 .UNSPECIFIED.,.F.,.F.,(4,2,4),(0.,0.5,1.),.UNSPECIFIED.);
#225=B_SPLINE_CURVE_WITH_KNOTS('',3,(#5039,#5040,#5041,#5042),
 .UNSPECIFIED.,.F.,.F.,(4,4),(0.,1.),.UNSPECIFIED.);
#226=B_SPLINE_CURVE_WITH_KNOTS('',3,(#5046,#5047,#5048,#5049,#5050,#5051),
 .UNSPECIFIED.,.F.,.F.,(4,2,4),(0.,0.5,1.),.UNSPECIFIED.);
#227=B_SPLINE_CURVE_WITH_KNOTS('',3,(#5056,#5057,#5058,#5059,#5060,#5061),
 .UNSPECIFIED.,.F.,.F.,(4,2,4),(0.,0.5,1.),.UNSPECIFIED.);
#228=B_SPLINE_CURVE_WITH_KNOTS('',3,(#5062,#5063,#5064,#5065),
 .UNSPECIFIED.,.F.,.F.,(4,4),(0.,1.),.UNSPECIFIED.);
#229=B_SPLINE_CURVE_WITH_KNOTS('',3,(#5108,#5109,#5110,#5111,#5112,#5113),
 .UNSPECIFIED.,.F.,.F.,(4,2,4),(0.,0.5,1.),.UNSPECIFIED.);
#230=B_SPLINE_CURVE_WITH_KNOTS('',3,(#5116,#5117,#5118,#5119,#5120,#5121),
 .UNSPECIFIED.,.F.,.F.,(4,2,4),(0.,0.5,1.),.UNSPECIFIED.);
#231=B_SPLINE_CURVE_WITH_KNOTS('',3,(#5229,#5230,#5231,#5232,#5233,#5234),
 .UNSPECIFIED.,.F.,.F.,(4,2,4),(0.,0.5,1.),.UNSPECIFIED.);
#232=B_SPLINE_CURVE_WITH_KNOTS('',3,(#5237,#5238,#5239,#5240,#5241,#5242),
 .UNSPECIFIED.,.F.,.F.,(4,2,4),(0.,0.5,1.),.UNSPECIFIED.);
#233=B_SPLINE_CURVE_WITH_KNOTS('',3,(#5898,#5899,#5900,#5901),
 .UNSPECIFIED.,.F.,.F.,(4,4),(0.,1.),.UNSPECIFIED.);
#234=B_SPLINE_CURVE_WITH_KNOTS('',3,(#5903,#5904,#5905,#5906),
 .UNSPECIFIED.,.F.,.F.,(4,4),(0.,1.),.UNSPECIFIED.);
#235=B_SPLINE_CURVE_WITH_KNOTS('',3,(#5914,#5915,#5916,#5917),
 .UNSPECIFIED.,.F.,.F.,(4,4),(0.,1.),.UNSPECIFIED.);
#236=B_SPLINE_CURVE_WITH_KNOTS('',3,(#5919,#5920,#5921,#5922),
 .UNSPECIFIED.,.F.,.F.,(4,4),(0.,1.),.UNSPECIFIED.);
#237=B_SPLINE_CURVE_WITH_KNOTS('',3,(#5935,#5936,#5937,#5938),
 .UNSPECIFIED.,.F.,.F.,(4,4),(0.,1.),.UNSPECIFIED.);
#238=B_SPLINE_CURVE_WITH_KNOTS('',3,(#5940,#5941,#5942,#5943),
 .UNSPECIFIED.,.F.,.F.,(4,4),(0.,1.),.UNSPECIFIED.);
#239=B_SPLINE_CURVE_WITH_KNOTS('',3,(#5950,#5951,#5952,#5953),
 .UNSPECIFIED.,.F.,.F.,(4,4),(0.,1.),.UNSPECIFIED.);
#240=B_SPLINE_CURVE_WITH_KNOTS('',3,(#5955,#5956,#5957,#5958),
 .UNSPECIFIED.,.F.,.F.,(4,4),(0.,1.),.UNSPECIFIED.);
#241=ADVANCED_FACE('NONE',(#546),#456,.F.);
#242=ADVANCED_FACE('NONE',(#547),#457,.F.);
#243=ADVANCED_FACE('NONE',(#548),#151,.F.);
#244=ADVANCED_FACE('NONE',(#549),#458,.F.);
#245=ADVANCED_FACE('NONE',(#550),#459,.F.);
#246=ADVANCED_FACE('NONE',(#551),#152,.F.);
#247=ADVANCED_FACE('NONE',(#552),#460,.F.);
#248=ADVANCED_FACE('NONE',(#553),#461,.F.);
#249=ADVANCED_FACE('NONE',(#554),#153,.F.);
#250=ADVANCED_FACE('NONE',(#555),#462,.F.);
#251=ADVANCED_FACE('NONE',(#556),#463,.F.);
#252=ADVANCED_FACE('NONE',(#557),#154,.F.);
#253=ADVANCED_FACE('NONE',(#558),#464,.F.);
#254=ADVANCED_FACE('NONE',(#559),#155,.F.);
#255=ADVANCED_FACE('NONE',(#560),#156,.F.);
#256=ADVANCED_FACE('NONE',(#561),#465,.F.);
#257=ADVANCED_FACE('NONE',(#562),#466,.F.);
#258=ADVANCED_FACE('NONE',(#93,#94),#157,.F.);
#259=ADVANCED_FACE('NONE',(#563),#467,.F.);
#260=ADVANCED_FACE('NONE',(#564),#158,.F.);
#261=ADVANCED_FACE('NONE',(#565),#468,.F.);
#262=ADVANCED_FACE('NONE',(#566),#469,.F.);
#263=ADVANCED_FACE('NONE',(#567),#159,.F.);
#264=ADVANCED_FACE('NONE',(#568),#160,.F.);
#265=ADVANCED_FACE('NONE',(#569),#470,.F.);
#266=ADVANCED_FACE('NONE',(#570),#471,.F.);
#267=ADVANCED_FACE('NONE',(#571),#161,.F.);
#268=ADVANCED_FACE('NONE',(#572),#472,.F.);
#269=ADVANCED_FACE('NONE',(#573),#162,.F.);
#270=ADVANCED_FACE('NONE',(#574),#163,.F.);
#271=ADVANCED_FACE('NONE',(#575),#473,.F.);
#272=ADVANCED_FACE('NONE',(#576),#474,.F.);
#273=ADVANCED_FACE('NONE',(#95,#96),#164,.F.);
#274=ADVANCED_FACE('NONE',(#577),#475,.F.);
#275=ADVANCED_FACE('NONE',(#578),#165,.F.);
#276=ADVANCED_FACE('NONE',(#579),#476,.F.);
#277=ADVANCED_FACE('NONE',(#580),#477,.F.);
#278=ADVANCED_FACE('NONE',(#581),#166,.F.);
#279=ADVANCED_FACE('NONE',(#582),#167,.F.);
#280=ADVANCED_FACE('NONE',(#583),#478,.F.);
#281=ADVANCED_FACE('NONE',(#584),#479,.F.);
#282=ADVANCED_FACE('NONE',(#585),#168,.F.);
#283=ADVANCED_FACE('NONE',(#586),#480,.F.);
#284=ADVANCED_FACE('NONE',(#587),#481,.F.);
#285=ADVANCED_FACE('NONE',(#588),#169,.F.);
#286=ADVANCED_FACE('NONE',(#589),#482,.F.);
#287=ADVANCED_FACE('NONE',(#590),#483,.F.);
#288=ADVANCED_FACE('NONE',(#591),#484,.F.);
#289=ADVANCED_FACE('NONE',(#592),#485,.F.);
#290=ADVANCED_FACE('NONE',(#593),#170,.F.);
#291=ADVANCED_FACE('NONE',(#594),#486,.F.);
#292=ADVANCED_FACE('NONE',(#595),#487,.F.);
#293=ADVANCED_FACE('NONE',(#596),#488,.F.);
#294=ADVANCED_FACE('NONE',(#597),#34,.T.);
#295=ADVANCED_FACE('NONE',(#598),#35,.T.);
#296=ADVANCED_FACE('NONE',(#599),#489,.F.);
#297=ADVANCED_FACE('NONE',(#600),#490,.F.);
#298=ADVANCED_FACE('NONE',(#601),#36,.T.);
#299=ADVANCED_FACE('NONE',(#602),#37,.T.);
#300=ADVANCED_FACE('NONE',(#603),#491,.F.);
#301=ADVANCED_FACE('NONE',(#604),#38,.F.);
#302=ADVANCED_FACE('NONE',(#605),#39,.F.);
#303=ADVANCED_FACE('NONE',(#606),#492,.F.);
#304=ADVANCED_FACE('NONE',(#607),#40,.F.);
#305=ADVANCED_FACE('NONE',(#608),#493,.F.);
#306=ADVANCED_FACE('NONE',(#609),#41,.F.);
#307=ADVANCED_FACE('NONE',(#610),#494,.F.);
#308=ADVANCED_FACE('NONE',(#611),#42,.F.);
#309=ADVANCED_FACE('NONE',(#612),#495,.F.);
#310=ADVANCED_FACE('NONE',(#613),#496,.F.);
#311=ADVANCED_FACE('NONE',(#614),#43,.F.);
#312=ADVANCED_FACE('NONE',(#615),#44,.F.);
#313=ADVANCED_FACE('NONE',(#616),#497,.F.);
#314=ADVANCED_FACE('NONE',(#617),#498,.F.);
#315=ADVANCED_FACE('NONE',(#618),#45,.F.);
#316=ADVANCED_FACE('NONE',(#619),#46,.F.);
#317=ADVANCED_FACE('NONE',(#620),#499,.F.);
#318=ADVANCED_FACE('NONE',(#621),#500,.F.);
#319=ADVANCED_FACE('NONE',(#622),#47,.F.);
#320=ADVANCED_FACE('NONE',(#623),#48,.F.);
#321=ADVANCED_FACE('NONE',(#624),#501,.F.);
#322=ADVANCED_FACE('NONE',(#625),#502,.F.);
#323=ADVANCED_FACE('NONE',(#626),#49,.F.);
#324=ADVANCED_FACE('NONE',(#627),#50,.F.);
#325=ADVANCED_FACE('NONE',(#628),#503,.F.);
#326=ADVANCED_FACE('NONE',(#629),#504,.F.);
#327=ADVANCED_FACE('NONE',(#630),#51,.T.);
#328=ADVANCED_FACE('NONE',(#631),#52,.T.);
#329=ADVANCED_FACE('NONE',(#632),#505,.F.);
#330=ADVANCED_FACE('NONE',(#633),#506,.F.);
#331=ADVANCED_FACE('NONE',(#634),#53,.T.);
#332=ADVANCED_FACE('NONE',(#635),#54,.T.);
#333=ADVANCED_FACE('NONE',(#636),#507,.F.);
#334=ADVANCED_FACE('NONE',(#637),#508,.F.);
#335=ADVANCED_FACE('NONE',(#638),#55,.T.);
#336=ADVANCED_FACE('NONE',(#639),#56,.T.);
#337=ADVANCED_FACE('NONE',(#640),#509,.F.);
#338=ADVANCED_FACE('NONE',(#641),#510,.F.);
#339=ADVANCED_FACE('NONE',(#642),#57,.T.);
#340=ADVANCED_FACE('NONE',(#643),#58,.T.);
#341=ADVANCED_FACE('NONE',(#644),#511,.F.);
#342=ADVANCED_FACE('NONE',(#645),#171,.F.);
#343=ADVANCED_FACE('NONE',(#646),#172,.F.);
#344=ADVANCED_FACE('NONE',(#647),#173,.F.);
#345=ADVANCED_FACE('NONE',(#648),#174,.F.);
#346=ADVANCED_FACE('NONE',(#649),#175,.F.);
#347=ADVANCED_FACE('NONE',(#650),#176,.F.);
#348=ADVANCED_FACE('NONE',(#651),#177,.F.);
#349=ADVANCED_FACE('NONE',(#652),#178,.F.);
#350=ADVANCED_FACE('NONE',(#653),#179,.F.);
#351=ADVANCED_FACE('NONE',(#654),#180,.F.);
#352=ADVANCED_FACE('NONE',(#655),#181,.F.);
#353=ADVANCED_FACE('NONE',(#656),#182,.F.);
#354=ADVANCED_FACE('NONE',(#657),#183,.F.);
#355=ADVANCED_FACE('NONE',(#658),#184,.F.);
#356=ADVANCED_FACE('NONE',(#659),#185,.F.);
#357=ADVANCED_FACE('NONE',(#660),#186,.F.);
#358=ADVANCED_FACE('NONE',(#661),#59,.F.);
#359=ADVANCED_FACE('NONE',(#662),#60,.T.);
#360=ADVANCED_FACE('NONE',(#663),#61,.T.);
#361=ADVANCED_FACE('NONE',(#664),#62,.T.);
#362=ADVANCED_FACE('NONE',(#665),#63,.T.);
#363=ADVANCED_FACE('NONE',(#666),#64,.F.);
#364=ADVANCED_FACE('NONE',(#667),#65,.F.);
#365=ADVANCED_FACE('NONE',(#668),#66,.F.);
#366=ADVANCED_FACE('NONE',(#669),#67,.F.);
#367=ADVANCED_FACE('NONE',(#670),#68,.F.);
#368=ADVANCED_FACE('NONE',(#671),#69,.F.);
#369=ADVANCED_FACE('NONE',(#672),#70,.T.);
#370=ADVANCED_FACE('NONE',(#673),#71,.T.);
#371=ADVANCED_FACE('NONE',(#674),#72,.T.);
#372=ADVANCED_FACE('NONE',(#675),#73,.T.);
#373=ADVANCED_FACE('NONE',(#676),#74,.F.);
#374=ADVANCED_FACE('NONE',(#677),#75,.F.);
#375=ADVANCED_FACE('NONE',(#678),#76,.F.);
#376=ADVANCED_FACE('NONE',(#679),#77,.F.);
#377=ADVANCED_FACE('NONE',(#680),#78,.F.);
#378=ADVANCED_FACE('NONE',(#97,#98,#99,#100,#101,#102),#79,.T.);
#379=ADVANCED_FACE('NONE',(#681),#80,.T.);
#380=ADVANCED_FACE('NONE',(#682),#81,.T.);
#381=ADVANCED_FACE('NONE',(#683),#82,.T.);
#382=ADVANCED_FACE('NONE',(#684),#512,.T.);
#383=ADVANCED_FACE('NONE',(#685),#83,.T.);
#384=ADVANCED_FACE('NONE',(#686),#84,.T.);
#385=ADVANCED_FACE('NONE',(#687),#85,.T.);
#386=ADVANCED_FACE('NONE',(#688),#513,.T.);
#387=ADVANCED_FACE('NONE',(#689),#86,.F.);
#388=ADVANCED_FACE('NONE',(#690),#187,.T.);
#389=ADVANCED_FACE('NONE',(#103,#104,#105,#106,#107),#87,.T.);
#390=ADVANCED_FACE('NONE',(#691),#88,.T.);
#391=ADVANCED_FACE('NONE',(#108,#109,#110,#111,#112),#89,.T.);
#392=ADVANCED_FACE('NONE',(#692),#188,.T.);
#393=ADVANCED_FACE('NONE',(#693),#90,.T.);
#394=ADVANCED_FACE('NONE',(#113,#114,#115,#116,#117),#91,.T.);
#395=ADVANCED_FACE('NONE',(#118,#119,#120,#121,#122),#92,.T.);
#396=ADVANCED_FACE('NONE',(#694),#189,.F.);
#397=ADVANCED_FACE('NONE',(#695),#190,.F.);
#398=ADVANCED_FACE('NONE',(#123,#124),#191,.F.);
#399=ADVANCED_FACE('NONE',(#125,#126),#192,.F.);
#400=ADVANCED_FACE('NONE',(#696),#193,.F.);
#401=ADVANCED_FACE('NONE',(#697),#194,.F.);
#402=ADVANCED_FACE('NONE',(#127,#128),#195,.F.);
#403=ADVANCED_FACE('NONE',(#129,#130),#196,.F.);
#404=ADVANCED_FACE('NONE',(#698),#514,.F.);
#405=ADVANCED_FACE('NONE',(#699),#515,.F.);
#406=ADVANCED_FACE('NONE',(#700),#197,.F.);
#407=ADVANCED_FACE('NONE',(#701),#516,.F.);
#408=ADVANCED_FACE('NONE',(#702),#517,.F.);
#409=ADVANCED_FACE('NONE',(#703),#518,.F.);
#410=ADVANCED_FACE('NONE',(#704),#519,.F.);
#411=ADVANCED_FACE('NONE',(#705),#198,.F.);
#412=ADVANCED_FACE('NONE',(#706),#520,.F.);
#413=ADVANCED_FACE('NONE',(#707),#521,.F.);
#414=ADVANCED_FACE('NONE',(#131,#132),#199,.F.);
#415=ADVANCED_FACE('NONE',(#708),#522,.F.);
#416=ADVANCED_FACE('NONE',(#709),#523,.F.);
#417=ADVANCED_FACE('NONE',(#710),#200,.F.);
#418=ADVANCED_FACE('NONE',(#711),#201,.F.);
#419=ADVANCED_FACE('NONE',(#712),#524,.F.);
#420=ADVANCED_FACE('NONE',(#713),#525,.F.);
#421=ADVANCED_FACE('NONE',(#714),#202,.F.);
#422=ADVANCED_FACE('NONE',(#715),#526,.F.);
#423=ADVANCED_FACE('NONE',(#716),#203,.F.);
#424=ADVANCED_FACE('NONE',(#717),#527,.F.);
#425=ADVANCED_FACE('NONE',(#718),#528,.F.);
#426=ADVANCED_FACE('NONE',(#719),#204,.F.);
#427=ADVANCED_FACE('NONE',(#720),#205,.F.);
#428=ADVANCED_FACE('NONE',(#721),#529,.F.);
#429=ADVANCED_FACE('NONE',(#133,#134),#206,.F.);
#430=ADVANCED_FACE('NONE',(#722),#530,.F.);
#431=ADVANCED_FACE('NONE',(#723),#531,.F.);
#432=ADVANCED_FACE('NONE',(#724),#207,.F.);
#433=ADVANCED_FACE('NONE',(#725),#208,.F.);
#434=ADVANCED_FACE('NONE',(#726),#532,.F.);
#435=ADVANCED_FACE('NONE',(#727),#533,.F.);
#436=ADVANCED_FACE('NONE',(#728),#209,.F.);
#437=ADVANCED_FACE('NONE',(#729),#534,.F.);
#438=ADVANCED_FACE('NONE',(#730),#210,.F.);
#439=ADVANCED_FACE('NONE',(#731),#535,.F.);
#440=ADVANCED_FACE('NONE',(#732),#536,.F.);
#441=ADVANCED_FACE('NONE',(#733),#211,.F.);
#442=ADVANCED_FACE('NONE',(#734),#212,.F.);
#443=ADVANCED_FACE('NONE',(#735),#537,.F.);
#444=ADVANCED_FACE('NONE',(#736),#213,.F.);
#445=ADVANCED_FACE('NONE',(#737),#538,.F.);
#446=ADVANCED_FACE('NONE',(#738),#539,.F.);
#447=ADVANCED_FACE('NONE',(#739),#214,.F.);
#448=ADVANCED_FACE('NONE',(#740),#540,.F.);
#449=ADVANCED_FACE('NONE',(#741),#541,.F.);
#450=ADVANCED_FACE('NONE',(#742),#215,.F.);
#451=ADVANCED_FACE('NONE',(#743),#542,.F.);
#452=ADVANCED_FACE('NONE',(#744),#543,.F.);
#453=ADVANCED_FACE('NONE',(#745),#216,.F.);
#454=ADVANCED_FACE('NONE',(#746),#544,.F.);
#455=ADVANCED_FACE('NONE',(#747),#545,.F.);
#456=CONICAL_SURFACE('',#3493,4.25,45.0000000000004);
#457=CONICAL_SURFACE('',#3495,3.39999999999999,58.9999999999999);
#458=CONICAL_SURFACE('',#3499,4.25,45.0000000000004);
#459=CONICAL_SURFACE('',#3501,3.39999999999999,58.9999999999999);
#460=CONICAL_SURFACE('',#3505,4.25,45.0000000000004);
#461=CONICAL_SURFACE('',#3508,3.39999999999999,58.9999999999999);
#462=CONICAL_SURFACE('',#3512,4.25,45.0000000000004);
#463=CONICAL_SURFACE('',#3515,3.39999999999999,58.9999999999999);
#464=CONICAL_SURFACE('',#3518,3.39999999999999,58.9999999999999);
#465=CONICAL_SURFACE('',#3522,3.39999999999999,58.9999999999999);
#466=CONICAL_SURFACE('',#3525,4.25,45.0000000000002);
#467=CONICAL_SURFACE('',#3529,4.25,45.0000000000003);
#468=CONICAL_SURFACE('',#3532,3.39999999999999,58.9999999999999);
#469=CONICAL_SURFACE('',#3534,3.39999999999999,58.9999999999999);
#470=CONICAL_SURFACE('',#3538,3.39999999999999,58.9999999999999);
#471=CONICAL_SURFACE('',#3541,4.25,45.0000000000004);
#472=CONICAL_SURFACE('',#3544,3.39999999999999,58.9999999999999);
#473=CONICAL_SURFACE('',#3548,3.39999999999999,58.9999999999999);
#474=CONICAL_SURFACE('',#3551,4.25,45.0000000000002);
#475=CONICAL_SURFACE('',#3555,4.25,45.0000000000003);
#476=CONICAL_SURFACE('',#3558,3.39999999999999,58.9999999999999);
#477=CONICAL_SURFACE('',#3560,3.39999999999999,58.9999999999999);
#478=CONICAL_SURFACE('',#3564,3.39999999999999,58.9999999999999);
#479=CONICAL_SURFACE('',#3567,4.25,45.0000000000004);
#480=CONICAL_SURFACE('',#3571,4.25,45.0000000000004);
#481=CONICAL_SURFACE('',#3574,4.25,45.0000000000003);
#482=CONICAL_SURFACE('',#3577,3.39999999999999,58.9999999999999);
#483=CONICAL_SURFACE('',#3580,4.25,45.0000000000002);
#484=CONICAL_SURFACE('',#3583,4.25,45.0000000000004);
#485=CONICAL_SURFACE('',#3586,4.25,45.0000000000003);
#486=CONICAL_SURFACE('',#3589,3.39999999999999,58.9999999999999);
#487=CONICAL_SURFACE('',#3592,4.25,45.0000000000002);
#488=CONICAL_SURFACE('',#3595,9.35777798988683,45.0000000000001);
#489=CONICAL_SURFACE('',#3600,9.35777798988683,45.0000000000001);
#490=CONICAL_SURFACE('',#3603,9.35777798988683,45.0000000000001);
#491=CONICAL_SURFACE('',#3608,9.35777798988683,45.0000000000001);
#492=CONICAL_SURFACE('',#3615,10.,10.);
#493=CONICAL_SURFACE('',#3617,10.,10.);
#494=CONICAL_SURFACE('',#3619,10.,10.);
#495=CONICAL_SURFACE('',#3621,10.,10.);
#496=CONICAL_SURFACE('',#3624,8.49999999999999,45.);
#497=CONICAL_SURFACE('',#3629,8.49999999999999,45.);
#498=CONICAL_SURFACE('',#3632,8.49999999999999,45.);
#499=CONICAL_SURFACE('',#3637,8.49999999999999,45.);
#500=CONICAL_SURFACE('',#3640,8.5,45.);
#501=CONICAL_SURFACE('',#3645,8.5,45.);
#502=CONICAL_SURFACE('',#3648,8.5,45.);
#503=CONICAL_SURFACE('',#3653,8.5,45.);
#504=CONICAL_SURFACE('',#3656,8.5,45.);
#505=CONICAL_SURFACE('',#3661,8.5,45.);
#506=CONICAL_SURFACE('',#3664,8.5,45.);
#507=CONICAL_SURFACE('',#3669,8.5,45.);
#508=CONICAL_SURFACE('',#3672,8.49999999999999,45.);
#509=CONICAL_SURFACE('',#3677,8.49999999999999,45.);
#510=CONICAL_SURFACE('',#3680,8.49999999999999,45.);
#511=CONICAL_SURFACE('',#3685,8.49999999999999,45.);
#512=CONICAL_SURFACE('',#3749,5.,10.);
#513=CONICAL_SURFACE('',#3754,5.,10.);
#514=CONICAL_SURFACE('',#3790,4.25,45.0000000000002);
#515=CONICAL_SURFACE('',#3792,3.39999999999999,58.9999999999999);
#516=CONICAL_SURFACE('',#3795,4.25,45.0000000000003);
#517=CONICAL_SURFACE('',#3796,4.25,45.0000000000004);
#518=CONICAL_SURFACE('',#3797,4.25,45.0000000000002);
#519=CONICAL_SURFACE('',#3799,3.39999999999999,58.9999999999999);
#520=CONICAL_SURFACE('',#3802,4.25,45.0000000000003);
#521=CONICAL_SURFACE('',#3803,4.25,45.0000000000004);
#522=CONICAL_SURFACE('',#3806,4.25,45.0000000000004);
#523=CONICAL_SURFACE('',#3808,3.39999999999999,58.9999999999999);
#524=CONICAL_SURFACE('',#3812,3.39999999999999,58.9999999999999);
#525=CONICAL_SURFACE('',#3814,3.39999999999999,58.9999999999999);
#526=CONICAL_SURFACE('',#3817,4.25,45.0000000000003);
#527=CONICAL_SURFACE('',#3820,4.25,45.0000000000002);
#528=CONICAL_SURFACE('',#3822,3.39999999999999,58.9999999999999);
#529=CONICAL_SURFACE('',#3826,3.39999999999999,58.9999999999999);
#530=CONICAL_SURFACE('',#3829,4.25,45.0000000000004);
#531=CONICAL_SURFACE('',#3831,3.39999999999999,58.9999999999999);
#532=CONICAL_SURFACE('',#3835,3.39999999999999,58.9999999999999);
#533=CONICAL_SURFACE('',#3837,3.39999999999999,58.9999999999999);
#534=CONICAL_SURFACE('',#3840,4.25,45.0000000000003);
#535=CONICAL_SURFACE('',#3843,4.25,45.0000000000002);
#536=CONICAL_SURFACE('',#3845,3.39999999999999,58.9999999999999);
#537=CONICAL_SURFACE('',#3849,3.39999999999999,58.9999999999999);
#538=CONICAL_SURFACE('',#3853,3.39999999999999,58.9999999999999);
#539=CONICAL_SURFACE('',#3854,4.25,45.0000000000004);
#540=CONICAL_SURFACE('',#3858,3.39999999999999,58.9999999999999);
#541=CONICAL_SURFACE('',#3859,4.25,45.0000000000004);
#542=CONICAL_SURFACE('',#3864,3.39999999999999,58.9999999999999);
#543=CONICAL_SURFACE('',#3865,4.25,45.0000000000004);
#544=CONICAL_SURFACE('',#3870,3.39999999999999,58.9999999999999);
#545=CONICAL_SURFACE('',#3871,4.25,45.0000000000004);
#546=FACE_OUTER_BOUND('',#748,.T.);
#547=FACE_OUTER_BOUND('',#749,.T.);
#548=FACE_OUTER_BOUND('',#750,.T.);
#549=FACE_OUTER_BOUND('',#751,.T.);
#550=FACE_OUTER_BOUND('',#752,.T.);
#551=FACE_OUTER_BOUND('',#753,.T.);
#552=FACE_OUTER_BOUND('',#754,.T.);
#553=FACE_OUTER_BOUND('',#755,.T.);
#554=FACE_OUTER_BOUND('',#756,.T.);
#555=FACE_OUTER_BOUND('',#757,.T.);
#556=FACE_OUTER_BOUND('',#758,.T.);
#557=FACE_OUTER_BOUND('',#759,.T.);
#558=FACE_OUTER_BOUND('',#760,.T.);
#559=FACE_OUTER_BOUND('',#761,.T.);
#560=FACE_OUTER_BOUND('',#762,.T.);
#561=FACE_OUTER_BOUND('',#763,.T.);
#562=FACE_OUTER_BOUND('',#764,.T.);
#563=FACE_OUTER_BOUND('',#767,.T.);
#564=FACE_OUTER_BOUND('',#768,.T.);
#565=FACE_OUTER_BOUND('',#769,.T.);
#566=FACE_OUTER_BOUND('',#770,.T.);
#567=FACE_OUTER_BOUND('',#771,.T.);
#568=FACE_OUTER_BOUND('',#772,.T.);
#569=FACE_OUTER_BOUND('',#773,.T.);
#570=FACE_OUTER_BOUND('',#774,.T.);
#571=FACE_OUTER_BOUND('',#775,.T.);
#572=FACE_OUTER_BOUND('',#776,.T.);
#573=FACE_OUTER_BOUND('',#777,.T.);
#574=FACE_OUTER_BOUND('',#778,.T.);
#575=FACE_OUTER_BOUND('',#779,.T.);
#576=FACE_OUTER_BOUND('',#780,.T.);
#577=FACE_OUTER_BOUND('',#783,.T.);
#578=FACE_OUTER_BOUND('',#784,.T.);
#579=FACE_OUTER_BOUND('',#785,.T.);
#580=FACE_OUTER_BOUND('',#786,.T.);
#581=FACE_OUTER_BOUND('',#787,.T.);
#582=FACE_OUTER_BOUND('',#788,.T.);
#583=FACE_OUTER_BOUND('',#789,.T.);
#584=FACE_OUTER_BOUND('',#790,.T.);
#585=FACE_OUTER_BOUND('',#791,.T.);
#586=FACE_OUTER_BOUND('',#792,.T.);
#587=FACE_OUTER_BOUND('',#793,.T.);
#588=FACE_OUTER_BOUND('',#794,.T.);
#589=FACE_OUTER_BOUND('',#795,.T.);
#590=FACE_OUTER_BOUND('',#796,.T.);
#591=FACE_OUTER_BOUND('',#797,.T.);
#592=FACE_OUTER_BOUND('',#798,.T.);
#593=FACE_OUTER_BOUND('',#799,.T.);
#594=FACE_OUTER_BOUND('',#800,.T.);
#595=FACE_OUTER_BOUND('',#801,.T.);
#596=FACE_OUTER_BOUND('',#802,.T.);
#597=FACE_OUTER_BOUND('',#803,.T.);
#598=FACE_OUTER_BOUND('',#804,.T.);
#599=FACE_OUTER_BOUND('',#805,.T.);
#600=FACE_OUTER_BOUND('',#806,.T.);
#601=FACE_OUTER_BOUND('',#807,.T.);
#602=FACE_OUTER_BOUND('',#808,.T.);
#603=FACE_OUTER_BOUND('',#809,.T.);
#604=FACE_OUTER_BOUND('',#810,.T.);
#605=FACE_OUTER_BOUND('',#811,.T.);
#606=FACE_OUTER_BOUND('',#812,.T.);
#607=FACE_OUTER_BOUND('',#813,.T.);
#608=FACE_OUTER_BOUND('',#814,.T.);
#609=FACE_OUTER_BOUND('',#815,.T.);
#610=FACE_OUTER_BOUND('',#816,.T.);
#611=FACE_OUTER_BOUND('',#817,.T.);
#612=FACE_OUTER_BOUND('',#818,.T.);
#613=FACE_OUTER_BOUND('',#819,.T.);
#614=FACE_OUTER_BOUND('',#820,.T.);
#615=FACE_OUTER_BOUND('',#821,.T.);
#616=FACE_OUTER_BOUND('',#822,.T.);
#617=FACE_OUTER_BOUND('',#823,.T.);
#618=FACE_OUTER_BOUND('',#824,.T.);
#619=FACE_OUTER_BOUND('',#825,.T.);
#620=FACE_OUTER_BOUND('',#826,.T.);
#621=FACE_OUTER_BOUND('',#827,.T.);
#622=FACE_OUTER_BOUND('',#828,.T.);
#623=FACE_OUTER_BOUND('',#829,.T.);
#624=FACE_OUTER_BOUND('',#830,.T.);
#625=FACE_OUTER_BOUND('',#831,.T.);
#626=FACE_OUTER_BOUND('',#832,.T.);
#627=FACE_OUTER_BOUND('',#833,.T.);
#628=FACE_OUTER_BOUND('',#834,.T.);
#629=FACE_OUTER_BOUND('',#835,.T.);
#630=FACE_OUTER_BOUND('',#836,.T.);
#631=FACE_OUTER_BOUND('',#837,.T.);
#632=FACE_OUTER_BOUND('',#838,.T.);
#633=FACE_OUTER_BOUND('',#839,.T.);
#634=FACE_OUTER_BOUND('',#840,.T.);
#635=FACE_OUTER_BOUND('',#841,.T.);
#636=FACE_OUTER_BOUND('',#842,.T.);
#637=FACE_OUTER_BOUND('',#843,.T.);
#638=FACE_OUTER_BOUND('',#844,.T.);
#639=FACE_OUTER_BOUND('',#845,.T.);
#640=FACE_OUTER_BOUND('',#846,.T.);
#641=FACE_OUTER_BOUND('',#847,.T.);
#642=FACE_OUTER_BOUND('',#848,.T.);
#643=FACE_OUTER_BOUND('',#849,.T.);
#644=FACE_OUTER_BOUND('',#850,.T.);
#645=FACE_OUTER_BOUND('',#851,.T.);
#646=FACE_OUTER_BOUND('',#852,.T.);
#647=FACE_OUTER_BOUND('',#853,.T.);
#648=FACE_OUTER_BOUND('',#854,.T.);
#649=FACE_OUTER_BOUND('',#855,.T.);
#650=FACE_OUTER_BOUND('',#856,.T.);
#651=FACE_OUTER_BOUND('',#857,.T.);
#652=FACE_OUTER_BOUND('',#858,.T.);
#653=FACE_OUTER_BOUND('',#859,.T.);
#654=FACE_OUTER_BOUND('',#860,.T.);
#655=FACE_OUTER_BOUND('',#861,.T.);
#656=FACE_OUTER_BOUND('',#862,.T.);
#657=FACE_OUTER_BOUND('',#863,.T.);
#658=FACE_OUTER_BOUND('',#864,.T.);
#659=FACE_OUTER_BOUND('',#865,.T.);
#660=FACE_OUTER_BOUND('',#866,.T.);
#661=FACE_OUTER_BOUND('',#867,.T.);
#662=FACE_OUTER_BOUND('',#868,.T.);
#663=FACE_OUTER_BOUND('',#869,.T.);
#664=FACE_OUTER_BOUND('',#870,.T.);
#665=FACE_OUTER_BOUND('',#871,.T.);
#666=FACE_OUTER_BOUND('',#872,.T.);
#667=FACE_OUTER_BOUND('',#873,.T.);
#668=FACE_OUTER_BOUND('',#874,.T.);
#669=FACE_OUTER_BOUND('',#875,.T.);
#670=FACE_OUTER_BOUND('',#876,.T.);
#671=FACE_OUTER_BOUND('',#877,.T.);
#672=FACE_OUTER_BOUND('',#878,.T.);
#673=FACE_OUTER_BOUND('',#879,.T.);
#674=FACE_OUTER_BOUND('',#880,.T.);
#675=FACE_OUTER_BOUND('',#881,.T.);
#676=FACE_OUTER_BOUND('',#882,.T.);
#677=FACE_OUTER_BOUND('',#883,.T.);
#678=FACE_OUTER_BOUND('',#884,.T.);
#679=FACE_OUTER_BOUND('',#885,.T.);
#680=FACE_OUTER_BOUND('',#886,.T.);
#681=FACE_OUTER_BOUND('',#893,.T.);
#682=FACE_OUTER_BOUND('',#894,.T.);
#683=FACE_OUTER_BOUND('',#895,.T.);
#684=FACE_OUTER_BOUND('',#896,.T.);
#685=FACE_OUTER_BOUND('',#897,.T.);
#686=FACE_OUTER_BOUND('',#898,.T.);
#687=FACE_OUTER_BOUND('',#899,.T.);
#688=FACE_OUTER_BOUND('',#900,.T.);
#689=FACE_OUTER_BOUND('',#901,.T.);
#690=FACE_OUTER_BOUND('',#902,.T.);
#691=FACE_OUTER_BOUND('',#908,.T.);
#692=FACE_OUTER_BOUND('',#914,.T.);
#693=FACE_OUTER_BOUND('',#915,.T.);
#694=FACE_OUTER_BOUND('',#926,.T.);
#695=FACE_OUTER_BOUND('',#927,.T.);
#696=FACE_OUTER_BOUND('',#932,.T.);
#697=FACE_OUTER_BOUND('',#933,.T.);
#698=FACE_OUTER_BOUND('',#938,.T.);
#699=FACE_OUTER_BOUND('',#939,.T.);
#700=FACE_OUTER_BOUND('',#940,.T.);
#701=FACE_OUTER_BOUND('',#941,.T.);
#702=FACE_OUTER_BOUND('',#942,.T.);
#703=FACE_OUTER_BOUND('',#943,.T.);
#704=FACE_OUTER_BOUND('',#944,.T.);
#705=FACE_OUTER_BOUND('',#945,.T.);
#706=FACE_OUTER_BOUND('',#946,.T.);
#707=FACE_OUTER_BOUND('',#947,.T.);
#708=FACE_OUTER_BOUND('',#950,.T.);
#709=FACE_OUTER_BOUND('',#951,.T.);
#710=FACE_OUTER_BOUND('',#952,.T.);
#711=FACE_OUTER_BOUND('',#953,.T.);
#712=FACE_OUTER_BOUND('',#954,.T.);
#713=FACE_OUTER_BOUND('',#955,.T.);
#714=FACE_OUTER_BOUND('',#956,.T.);
#715=FACE_OUTER_BOUND('',#957,.T.);
#716=FACE_OUTER_BOUND('',#958,.T.);
#717=FACE_OUTER_BOUND('',#959,.T.);
#718=FACE_OUTER_BOUND('',#960,.T.);
#719=FACE_OUTER_BOUND('',#961,.T.);
#720=FACE_OUTER_BOUND('',#962,.T.);
#721=FACE_OUTER_BOUND('',#963,.T.);
#722=FACE_OUTER_BOUND('',#966,.T.);
#723=FACE_OUTER_BOUND('',#967,.T.);
#724=FACE_OUTER_BOUND('',#968,.T.);
#725=FACE_OUTER_BOUND('',#969,.T.);
#726=FACE_OUTER_BOUND('',#970,.T.);
#727=FACE_OUTER_BOUND('',#971,.T.);
#728=FACE_OUTER_BOUND('',#972,.T.);
#729=FACE_OUTER_BOUND('',#973,.T.);
#730=FACE_OUTER_BOUND('',#974,.T.);
#731=FACE_OUTER_BOUND('',#975,.T.);
#732=FACE_OUTER_BOUND('',#976,.T.);
#733=FACE_OUTER_BOUND('',#977,.T.);
#734=FACE_OUTER_BOUND('',#978,.T.);
#735=FACE_OUTER_BOUND('',#979,.T.);
#736=FACE_OUTER_BOUND('',#980,.T.);
#737=FACE_OUTER_BOUND('',#981,.T.);
#738=FACE_OUTER_BOUND('',#982,.T.);
#739=FACE_OUTER_BOUND('',#983,.T.);
#740=FACE_OUTER_BOUND('',#984,.T.);
#741=FACE_OUTER_BOUND('',#985,.T.);
#742=FACE_OUTER_BOUND('',#986,.T.);
#743=FACE_OUTER_BOUND('',#987,.T.);
#744=FACE_OUTER_BOUND('',#988,.T.);
#745=FACE_OUTER_BOUND('',#989,.T.);
#746=FACE_OUTER_BOUND('',#990,.T.);
#747=FACE_OUTER_BOUND('',#991,.T.);
#748=EDGE_LOOP('',(#1158,#1159,#1160,#1161));
#749=EDGE_LOOP('',(#1162,#1163,#1164,#1165));
#750=EDGE_LOOP('',(#1166,#1167,#1168,#1169,#1170));
#751=EDGE_LOOP('',(#1171,#1172,#1173,#1174));
#752=EDGE_LOOP('',(#1175,#1176,#1177,#1178));
#753=EDGE_LOOP('',(#1179,#1180,#1181,#1182,#1183));
#754=EDGE_LOOP('',(#1184,#1185,#1186,#1187));
#755=EDGE_LOOP('',(#1188,#1189,#1190,#1191,#1192,#1193));
#756=EDGE_LOOP('',(#1194,#1195,#1196,#1197,#1198,#1199,#1200));
#757=EDGE_LOOP('',(#1201,#1202,#1203,#1204));
#758=EDGE_LOOP('',(#1205,#1206,#1207,#1208,#1209,#1210));
#759=EDGE_LOOP('',(#1211,#1212,#1213,#1214,#1215,#1216,#1217));
#760=EDGE_LOOP('',(#1218,#1219,#1220));
#761=EDGE_LOOP('',(#1221,#1222,#1223,#1224));
#762=EDGE_LOOP('',(#1225,#1226,#1227,#1228));
#763=EDGE_LOOP('',(#1229,#1230,#1231));
#764=EDGE_LOOP('',(#1232,#1233,#1234,#1235));
#765=EDGE_LOOP('',(#1236,#1237));
#766=EDGE_LOOP('',(#1238,#1239,#1240,#1241));
#767=EDGE_LOOP('',(#1242,#1243,#1244,#1245));
#768=EDGE_LOOP('',(#1246,#1247,#1248,#1249));
#769=EDGE_LOOP('',(#1250,#1251,#1252));
#770=EDGE_LOOP('',(#1253,#1254,#1255));
#771=EDGE_LOOP('',(#1256,#1257,#1258,#1259));
#772=EDGE_LOOP('',(#1260,#1261,#1262,#1263));
#773=EDGE_LOOP('',(#1264,#1265,#1266));
#774=EDGE_LOOP('',(#1267,#1268,#1269,#1270));
#775=EDGE_LOOP('',(#1271,#1272,#1273,#1274));
#776=EDGE_LOOP('',(#1275,#1276,#1277));
#777=EDGE_LOOP('',(#1278,#1279,#1280,#1281));
#778=EDGE_LOOP('',(#1282,#1283,#1284,#1285));
#779=EDGE_LOOP('',(#1286,#1287,#1288));
#780=EDGE_LOOP('',(#1289,#1290,#1291,#1292));
#781=EDGE_LOOP('',(#1293,#1294));
#782=EDGE_LOOP('',(#1295,#1296,#1297,#1298));
#783=EDGE_LOOP('',(#1299,#1300,#1301,#1302));
#784=EDGE_LOOP('',(#1303,#1304,#1305,#1306));
#785=EDGE_LOOP('',(#1307,#1308,#1309));
#786=EDGE_LOOP('',(#1310,#1311,#1312));
#787=EDGE_LOOP('',(#1313,#1314,#1315,#1316));
#788=EDGE_LOOP('',(#1317,#1318,#1319,#1320));
#789=EDGE_LOOP('',(#1321,#1322,#1323));
#790=EDGE_LOOP('',(#1324,#1325,#1326,#1327));
#791=EDGE_LOOP('',(#1328,#1329,#1330,#1331));
#792=EDGE_LOOP('',(#1332,#1333,#1334,#1335));
#793=EDGE_LOOP('',(#1336,#1337,#1338,#1339));
#794=EDGE_LOOP('',(#1340,#1341,#1342,#1343));
#795=EDGE_LOOP('',(#1344,#1345,#1346));
#796=EDGE_LOOP('',(#1347,#1348,#1349,#1350));
#797=EDGE_LOOP('',(#1351,#1352,#1353,#1354));
#798=EDGE_LOOP('',(#1355,#1356,#1357,#1358));
#799=EDGE_LOOP('',(#1359,#1360,#1361,#1362));
#800=EDGE_LOOP('',(#1363,#1364,#1365));
#801=EDGE_LOOP('',(#1366,#1367,#1368,#1369));
#802=EDGE_LOOP('',(#1370,#1371,#1372,#1373));
#803=EDGE_LOOP('',(#1374,#1375,#1376,#1377));
#804=EDGE_LOOP('',(#1378,#1379,#1380,#1381));
#805=EDGE_LOOP('',(#1382,#1383,#1384,#1385));
#806=EDGE_LOOP('',(#1386,#1387,#1388,#1389));
#807=EDGE_LOOP('',(#1390,#1391,#1392,#1393));
#808=EDGE_LOOP('',(#1394,#1395,#1396,#1397));
#809=EDGE_LOOP('',(#1398,#1399,#1400,#1401));
#810=EDGE_LOOP('',(#1402,#1403,#1404,#1405,#1406,#1407,#1408,#1409));
#811=EDGE_LOOP('',(#1410,#1411,#1412,#1413));
#812=EDGE_LOOP('',(#1414,#1415,#1416,#1417));
#813=EDGE_LOOP('',(#1418,#1419,#1420,#1421));
#814=EDGE_LOOP('',(#1422,#1423,#1424,#1425));
#815=EDGE_LOOP('',(#1426,#1427,#1428,#1429));
#816=EDGE_LOOP('',(#1430,#1431,#1432,#1433));
#817=EDGE_LOOP('',(#1434,#1435,#1436,#1437));
#818=EDGE_LOOP('',(#1438,#1439,#1440,#1441));
#819=EDGE_LOOP('',(#1442,#1443,#1444,#1445));
#820=EDGE_LOOP('',(#1446,#1447,#1448,#1449));
#821=EDGE_LOOP('',(#1450,#1451,#1452,#1453));
#822=EDGE_LOOP('',(#1454,#1455,#1456,#1457));
#823=EDGE_LOOP('',(#1458,#1459,#1460,#1461));
#824=EDGE_LOOP('',(#1462,#1463,#1464,#1465));
#825=EDGE_LOOP('',(#1466,#1467,#1468,#1469));
#826=EDGE_LOOP('',(#1470,#1471,#1472,#1473));
#827=EDGE_LOOP('',(#1474,#1475,#1476,#1477));
#828=EDGE_LOOP('',(#1478,#1479,#1480,#1481));
#829=EDGE_LOOP('',(#1482,#1483,#1484,#1485));
#830=EDGE_LOOP('',(#1486,#1487,#1488,#1489));
#831=EDGE_LOOP('',(#1490,#1491,#1492,#1493));
#832=EDGE_LOOP('',(#1494,#1495,#1496,#1497));
#833=EDGE_LOOP('',(#1498,#1499,#1500,#1501));
#834=EDGE_LOOP('',(#1502,#1503,#1504,#1505));
#835=EDGE_LOOP('',(#1506,#1507,#1508,#1509));
#836=EDGE_LOOP('',(#1510,#1511,#1512,#1513));
#837=EDGE_LOOP('',(#1514,#1515,#1516,#1517));
#838=EDGE_LOOP('',(#1518,#1519,#1520,#1521));
#839=EDGE_LOOP('',(#1522,#1523,#1524,#1525));
#840=EDGE_LOOP('',(#1526,#1527,#1528,#1529));
#841=EDGE_LOOP('',(#1530,#1531,#1532,#1533));
#842=EDGE_LOOP('',(#1534,#1535,#1536,#1537));
#843=EDGE_LOOP('',(#1538,#1539,#1540,#1541));
#844=EDGE_LOOP('',(#1542,#1543,#1544,#1545));
#845=EDGE_LOOP('',(#1546,#1547,#1548,#1549));
#846=EDGE_LOOP('',(#1550,#1551,#1552,#1553));
#847=EDGE_LOOP('',(#1554,#1555,#1556,#1557));
#848=EDGE_LOOP('',(#1558,#1559,#1560,#1561));
#849=EDGE_LOOP('',(#1562,#1563,#1564,#1565));
#850=EDGE_LOOP('',(#1566,#1567,#1568,#1569));
#851=EDGE_LOOP('',(#1570,#1571,#1572,#1573));
#852=EDGE_LOOP('',(#1574,#1575,#1576,#1577));
#853=EDGE_LOOP('',(#1578,#1579,#1580,#1581));
#854=EDGE_LOOP('',(#1582,#1583,#1584,#1585));
#855=EDGE_LOOP('',(#1586,#1587,#1588,#1589));
#856=EDGE_LOOP('',(#1590,#1591,#1592,#1593));
#857=EDGE_LOOP('',(#1594,#1595,#1596,#1597));
#858=EDGE_LOOP('',(#1598,#1599,#1600,#1601));
#859=EDGE_LOOP('',(#1602,#1603,#1604,#1605));
#860=EDGE_LOOP('',(#1606,#1607,#1608,#1609));
#861=EDGE_LOOP('',(#1610,#1611,#1612,#1613));
#862=EDGE_LOOP('',(#1614,#1615,#1616,#1617));
#863=EDGE_LOOP('',(#1618,#1619,#1620,#1621));
#864=EDGE_LOOP('',(#1622,#1623,#1624,#1625));
#865=EDGE_LOOP('',(#1626,#1627,#1628,#1629));
#866=EDGE_LOOP('',(#1630,#1631,#1632,#1633));
#867=EDGE_LOOP('',(#1634,#1635,#1636,#1637,#1638,#1639,#1640,#1641));
#868=EDGE_LOOP('',(#1642,#1643,#1644,#1645));
#869=EDGE_LOOP('',(#1646,#1647,#1648,#1649));
#870=EDGE_LOOP('',(#1650,#1651,#1652,#1653));
#871=EDGE_LOOP('',(#1654,#1655,#1656,#1657));
#872=EDGE_LOOP('',(#1658,#1659,#1660,#1661,#1662,#1663,#1664,#1665));
#873=EDGE_LOOP('',(#1666,#1667,#1668,#1669));
#874=EDGE_LOOP('',(#1670,#1671,#1672,#1673));
#875=EDGE_LOOP('',(#1674,#1675,#1676,#1677));
#876=EDGE_LOOP('',(#1678,#1679,#1680,#1681));
#877=EDGE_LOOP('',(#1682,#1683,#1684,#1685,#1686,#1687,#1688,#1689));
#878=EDGE_LOOP('',(#1690,#1691,#1692,#1693));
#879=EDGE_LOOP('',(#1694,#1695,#1696,#1697));
#880=EDGE_LOOP('',(#1698,#1699,#1700,#1701));
#881=EDGE_LOOP('',(#1702,#1703,#1704,#1705));
#882=EDGE_LOOP('',(#1706,#1707,#1708,#1709,#1710,#1711,#1712,#1713));
#883=EDGE_LOOP('',(#1714,#1715,#1716,#1717));
#884=EDGE_LOOP('',(#1718,#1719,#1720,#1721));
#885=EDGE_LOOP('',(#1722,#1723,#1724,#1725));
#886=EDGE_LOOP('',(#1726,#1727,#1728,#1729));
#887=EDGE_LOOP('',(#1730,#1731,#1732,#1733,#1734,#1735,#1736,#1737));
#888=EDGE_LOOP('',(#1738,#1739,#1740,#1741,#1742,#1743,#1744,#1745));
#889=EDGE_LOOP('',(#1746,#1747));
#890=EDGE_LOOP('',(#1748,#1749));
#891=EDGE_LOOP('',(#1750,#1751));
#892=EDGE_LOOP('',(#1752,#1753));
#893=EDGE_LOOP('',(#1754,#1755,#1756,#1757));
#894=EDGE_LOOP('',(#1758,#1759,#1760,#1761));
#895=EDGE_LOOP('',(#1762,#1763,#1764,#1765));
#896=EDGE_LOOP('',(#1766,#1767,#1768,#1769));
#897=EDGE_LOOP('',(#1770,#1771,#1772,#1773));
#898=EDGE_LOOP('',(#1774,#1775,#1776,#1777));
#899=EDGE_LOOP('',(#1778,#1779,#1780,#1781));
#900=EDGE_LOOP('',(#1782,#1783,#1784,#1785));
#901=EDGE_LOOP('',(#1786,#1787,#1788,#1789,#1790,#1791,#1792,#1793));
#902=EDGE_LOOP('',(#1794,#1795,#1796,#1797));
#903=EDGE_LOOP('',(#1798,#1799,#1800,#1801));
#904=EDGE_LOOP('',(#1802,#1803,#1804,#1805,#1806,#1807,#1808,#1809));
#905=EDGE_LOOP('',(#1810,#1811));
#906=EDGE_LOOP('',(#1812,#1813));
#907=EDGE_LOOP('',(#1814,#1815));
#908=EDGE_LOOP('',(#1816,#1817,#1818,#1819));
#909=EDGE_LOOP('',(#1820,#1821,#1822,#1823));
#910=EDGE_LOOP('',(#1824,#1825,#1826,#1827,#1828,#1829,#1830,#1831));
#911=EDGE_LOOP('',(#1832,#1833));
#912=EDGE_LOOP('',(#1834,#1835));
#913=EDGE_LOOP('',(#1836,#1837));
#914=EDGE_LOOP('',(#1838,#1839,#1840,#1841));
#915=EDGE_LOOP('',(#1842,#1843,#1844,#1845));
#916=EDGE_LOOP('',(#1846,#1847,#1848,#1849));
#917=EDGE_LOOP('',(#1850,#1851,#1852,#1853,#1854,#1855,#1856,#1857));
#918=EDGE_LOOP('',(#1858,#1859));
#919=EDGE_LOOP('',(#1860,#1861));
#920=EDGE_LOOP('',(#1862,#1863));
#921=EDGE_LOOP('',(#1864,#1865,#1866,#1867));
#922=EDGE_LOOP('',(#1868,#1869,#1870,#1871,#1872,#1873,#1874,#1875));
#923=EDGE_LOOP('',(#1876,#1877));
#924=EDGE_LOOP('',(#1878,#1879));
#925=EDGE_LOOP('',(#1880,#1881));
#926=EDGE_LOOP('',(#1882,#1883,#1884,#1885));
#927=EDGE_LOOP('',(#1886,#1887,#1888,#1889));
#928=EDGE_LOOP('',(#1890,#1891,#1892,#1893));
#929=EDGE_LOOP('',(#1894,#1895,#1896,#1897));
#930=EDGE_LOOP('',(#1898,#1899,#1900,#1901));
#931=EDGE_LOOP('',(#1902,#1903,#1904,#1905));
#932=EDGE_LOOP('',(#1906,#1907,#1908,#1909));
#933=EDGE_LOOP('',(#1910,#1911,#1912,#1913));
#934=EDGE_LOOP('',(#1914,#1915,#1916,#1917));
#935=EDGE_LOOP('',(#1918,#1919,#1920,#1921));
#936=EDGE_LOOP('',(#1922,#1923,#1924,#1925));
#937=EDGE_LOOP('',(#1926,#1927,#1928,#1929));
#938=EDGE_LOOP('',(#1930,#1931,#1932,#1933));
#939=EDGE_LOOP('',(#1934,#1935,#1936));
#940=EDGE_LOOP('',(#1937,#1938,#1939,#1940));
#941=EDGE_LOOP('',(#1941,#1942,#1943,#1944));
#942=EDGE_LOOP('',(#1945,#1946,#1947,#1948));
#943=EDGE_LOOP('',(#1949,#1950,#1951,#1952));
#944=EDGE_LOOP('',(#1953,#1954,#1955));
#945=EDGE_LOOP('',(#1956,#1957,#1958,#1959));
#946=EDGE_LOOP('',(#1960,#1961,#1962,#1963));
#947=EDGE_LOOP('',(#1964,#1965,#1966,#1967));
#948=EDGE_LOOP('',(#1968,#1969,#1970,#1971));
#949=EDGE_LOOP('',(#1972,#1973));
#950=EDGE_LOOP('',(#1974,#1975,#1976,#1977));
#951=EDGE_LOOP('',(#1978,#1979,#1980));
#952=EDGE_LOOP('',(#1981,#1982,#1983,#1984));
#953=EDGE_LOOP('',(#1985,#1986,#1987,#1988));
#954=EDGE_LOOP('',(#1989,#1990,#1991));
#955=EDGE_LOOP('',(#1992,#1993,#1994));
#956=EDGE_LOOP('',(#1995,#1996,#1997,#1998));
#957=EDGE_LOOP('',(#1999,#2000,#2001,#2002));
#958=EDGE_LOOP('',(#2003,#2004,#2005,#2006));
#959=EDGE_LOOP('',(#2007,#2008,#2009,#2010));
#960=EDGE_LOOP('',(#2011,#2012,#2013));
#961=EDGE_LOOP('',(#2014,#2015,#2016,#2017));
#962=EDGE_LOOP('',(#2018,#2019,#2020,#2021));
#963=EDGE_LOOP('',(#2022,#2023,#2024));
#964=EDGE_LOOP('',(#2025,#2026,#2027,#2028));
#965=EDGE_LOOP('',(#2029,#2030));
#966=EDGE_LOOP('',(#2031,#2032,#2033,#2034));
#967=EDGE_LOOP('',(#2035,#2036,#2037));
#968=EDGE_LOOP('',(#2038,#2039,#2040,#2041));
#969=EDGE_LOOP('',(#2042,#2043,#2044,#2045));
#970=EDGE_LOOP('',(#2046,#2047,#2048));
#971=EDGE_LOOP('',(#2049,#2050,#2051));
#972=EDGE_LOOP('',(#2052,#2053,#2054,#2055));
#973=EDGE_LOOP('',(#2056,#2057,#2058,#2059));
#974=EDGE_LOOP('',(#2060,#2061,#2062,#2063));
#975=EDGE_LOOP('',(#2064,#2065,#2066,#2067));
#976=EDGE_LOOP('',(#2068,#2069,#2070));
#977=EDGE_LOOP('',(#2071,#2072,#2073,#2074));
#978=EDGE_LOOP('',(#2075,#2076,#2077,#2078));
#979=EDGE_LOOP('',(#2079,#2080,#2081));
#980=EDGE_LOOP('',(#2082,#2083,#2084,#2085,#2086));
#981=EDGE_LOOP('',(#2087,#2088,#2089,#2090));
#982=EDGE_LOOP('',(#2091,#2092,#2093,#2094));
#983=EDGE_LOOP('',(#2095,#2096,#2097,#2098,#2099));
#984=EDGE_LOOP('',(#2100,#2101,#2102,#2103));
#985=EDGE_LOOP('',(#2104,#2105,#2106,#2107));
#986=EDGE_LOOP('',(#2108,#2109,#2110,#2111,#2112,#2113,#2114));
#987=EDGE_LOOP('',(#2115,#2116,#2117,#2118,#2119,#2120));
#988=EDGE_LOOP('',(#2121,#2122,#2123,#2124));
#989=EDGE_LOOP('',(#2125,#2126,#2127,#2128,#2129,#2130,#2131));
#990=EDGE_LOOP('',(#2132,#2133,#2134,#2135,#2136,#2137));
#991=EDGE_LOOP('',(#2138,#2139,#2140,#2141));
#992=CIRCLE('',#3491,3.39999999999999);
#993=CIRCLE('',#3492,4.25);
#994=CIRCLE('',#3494,3.39999999999999);
#995=CIRCLE('',#3497,3.39999999999999);
#996=CIRCLE('',#3498,4.25);
#997=CIRCLE('',#3500,3.39999999999999);
#998=CIRCLE('',#3503,3.39999999999999);
#999=CIRCLE('',#3504,4.25);
#1000=CIRCLE('',#3506,3.39999999999999);
#1001=CIRCLE('',#3507,3.39999999999999);
#1002=CIRCLE('',#3510,3.39999999999999);
#1003=CIRCLE('',#3511,4.25);
#1004=CIRCLE('',#3513,3.39999999999999);
#1005=CIRCLE('',#3514,3.39999999999999);
#1006=CIRCLE('',#3517,3.39999999999999);
#1007=CIRCLE('',#3520,3.39999999999999);
#1008=CIRCLE('',#3523,3.39999999999999);
#1009=CIRCLE('',#3524,4.25);
#1010=CIRCLE('',#3527,3.39999999999999);
#1011=CIRCLE('',#3528,4.25);
#1012=CIRCLE('',#3530,3.39999999999999);
#1013=CIRCLE('',#3533,3.39999999999999);
#1014=CIRCLE('',#3536,3.39999999999999);
#1015=CIRCLE('',#3539,3.39999999999999);
#1016=CIRCLE('',#3540,4.25);
#1017=CIRCLE('',#3543,3.39999999999999);
#1018=CIRCLE('',#3546,3.39999999999999);
#1019=CIRCLE('',#3549,3.39999999999999);
#1020=CIRCLE('',#3550,4.25);
#1021=CIRCLE('',#3553,3.39999999999999);
#1022=CIRCLE('',#3554,4.25);
#1023=CIRCLE('',#3556,3.39999999999999);
#1024=CIRCLE('',#3559,3.39999999999999);
#1025=CIRCLE('',#3562,3.39999999999999);
#1026=CIRCLE('',#3565,3.39999999999999);
#1027=CIRCLE('',#3566,4.25);
#1028=CIRCLE('',#3569,3.39999999999999);
#1029=CIRCLE('',#3570,4.25);
#1030=CIRCLE('',#3572,3.39999999999999);
#1031=CIRCLE('',#3573,4.25);
#1032=CIRCLE('',#3575,3.39999999999999);
#1033=CIRCLE('',#3578,3.39999999999999);
#1034=CIRCLE('',#3579,4.25);
#1035=CIRCLE('',#3581,3.39999999999999);
#1036=CIRCLE('',#3582,4.25);
#1037=CIRCLE('',#3584,3.39999999999999);
#1038=CIRCLE('',#3585,4.25);
#1039=CIRCLE('',#3587,3.39999999999999);
#1040=CIRCLE('',#3590,3.39999999999999);
#1041=CIRCLE('',#3591,4.25);
#1042=CIRCLE('',#3593,13.);
#1043=CIRCLE('',#3594,9.35777798988683);
#1044=CIRCLE('',#3598,9.35777798988683);
#1045=CIRCLE('',#3599,13.);
#1046=CIRCLE('',#3601,13.);
#1047=CIRCLE('',#3602,9.35777798988683);
#1048=CIRCLE('',#3606,13.);
#1049=CIRCLE('',#3607,9.35777798988683);
#1050=CIRCLE('',#3609,7.35509528937302);
#1051=CIRCLE('',#3610,7.35509528937302);
#1052=CIRCLE('',#3611,7.35509528937302);
#1053=CIRCLE('',#3612,7.35509528937302);
#1054=CIRCLE('',#3622,7.5);
#1055=CIRCLE('',#3623,8.49999999999999);
#1056=CIRCLE('',#3627,8.49999999999998);
#1057=CIRCLE('',#3628,7.5);
#1058=CIRCLE('',#3630,7.5);
#1059=CIRCLE('',#3631,8.49999999999999);
#1060=CIRCLE('',#3635,7.5);
#1061=CIRCLE('',#3636,8.49999999999999);
#1062=CIRCLE('',#3638,7.5);
#1063=CIRCLE('',#3639,8.5);
#1064=CIRCLE('',#3643,8.49999999999999);
#1065=CIRCLE('',#3644,7.5);
#1066=CIRCLE('',#3646,7.5);
#1067=CIRCLE('',#3647,8.5);
#1068=CIRCLE('',#3651,7.5);
#1069=CIRCLE('',#3652,8.5);
#1070=CIRCLE('',#3654,7.5);
#1071=CIRCLE('',#3655,8.50000000000001);
#1072=CIRCLE('',#3659,8.5);
#1073=CIRCLE('',#3660,7.5);
#1074=CIRCLE('',#3662,7.5);
#1075=CIRCLE('',#3663,8.5);
#1076=CIRCLE('',#3667,7.5);
#1077=CIRCLE('',#3668,8.49999999999999);
#1078=CIRCLE('',#3670,7.5);
#1079=CIRCLE('',#3671,8.49999999999999);
#1080=CIRCLE('',#3675,8.49999999999999);
#1081=CIRCLE('',#3676,7.5);
#1082=CIRCLE('',#3678,7.5);
#1083=CIRCLE('',#3679,8.49999999999999);
#1084=CIRCLE('',#3683,7.5);
#1085=CIRCLE('',#3684,8.49999999999998);
#1086=CIRCLE('',#3686,7.5);
#1087=CIRCLE('',#3688,7.5);
#1088=CIRCLE('',#3690,7.5);
#1089=CIRCLE('',#3692,7.5);
#1090=CIRCLE('',#3694,7.5);
#1091=CIRCLE('',#3696,7.5);
#1092=CIRCLE('',#3698,7.5);
#1093=CIRCLE('',#3700,7.5);
#1094=CIRCLE('',#3702,7.5);
#1095=CIRCLE('',#3704,7.5);
#1096=CIRCLE('',#3706,7.5);
#1097=CIRCLE('',#3708,7.5);
#1098=CIRCLE('',#3710,7.5);
#1099=CIRCLE('',#3712,7.5);
#1100=CIRCLE('',#3714,7.5);
#1101=CIRCLE('',#3716,7.5);
#1102=CIRCLE('',#3738,2.35509528937302);
#1103=CIRCLE('',#3739,2.35509528937302);
#1104=CIRCLE('',#3740,4.25);
#1105=CIRCLE('',#3741,4.25);
#1106=CIRCLE('',#3742,4.25);
#1107=CIRCLE('',#3743,4.25);
#1108=CIRCLE('',#3748,5.);
#1109=CIRCLE('',#3753,5.);
#1110=CIRCLE('',#3755,5.);
#1111=CIRCLE('',#3756,5.);
#1112=CIRCLE('',#3759,4.25);
#1113=CIRCLE('',#3760,4.25);
#1114=CIRCLE('',#3761,4.25);
#1115=CIRCLE('',#3764,4.25);
#1116=CIRCLE('',#3765,4.25);
#1117=CIRCLE('',#3766,4.25);
#1118=CIRCLE('',#3770,4.25);
#1119=CIRCLE('',#3771,4.25);
#1120=CIRCLE('',#3772,4.25);
#1121=CIRCLE('',#3774,4.25);
#1122=CIRCLE('',#3775,4.25);
#1123=CIRCLE('',#3776,4.25);
#1124=CIRCLE('',#3782,3.39999999999999);
#1125=CIRCLE('',#3784,3.39999999999999);
#1126=CIRCLE('',#3786,3.39999999999999);
#1127=CIRCLE('',#3788,3.39999999999999);
#1128=CIRCLE('',#3791,3.39999999999999);
#1129=CIRCLE('',#3793,3.39999999999999);
#1130=CIRCLE('',#3798,3.39999999999999);
#1131=CIRCLE('',#3800,3.39999999999999);
#1132=CIRCLE('',#3804,3.39999999999999);
#1133=CIRCLE('',#3807,3.39999999999999);
#1134=CIRCLE('',#3810,3.39999999999999);
#1135=CIRCLE('',#3813,3.39999999999999);
#1136=CIRCLE('',#3815,3.39999999999999);
#1137=CIRCLE('',#3818,3.39999999999999);
#1138=CIRCLE('',#3821,3.39999999999999);
#1139=CIRCLE('',#3824,3.39999999999999);
#1140=CIRCLE('',#3827,3.39999999999999);
#1141=CIRCLE('',#3830,3.39999999999999);
#1142=CIRCLE('',#3833,3.39999999999999);
#1143=CIRCLE('',#3836,3.39999999999999);
#1144=CIRCLE('',#3838,3.39999999999999);
#1145=CIRCLE('',#3841,3.39999999999999);
#1146=CIRCLE('',#3844,3.39999999999999);
#1147=CIRCLE('',#3847,3.39999999999999);
#1148=CIRCLE('',#3850,3.39999999999999);
#1149=CIRCLE('',#3851,3.39999999999999);
#1150=CIRCLE('',#3855,3.39999999999999);
#1151=CIRCLE('',#3856,3.39999999999999);
#1152=CIRCLE('',#3860,3.39999999999999);
#1153=CIRCLE('',#3861,3.39999999999999);
#1154=CIRCLE('',#3862,3.39999999999999);
#1155=CIRCLE('',#3866,3.39999999999999);
#1156=CIRCLE('',#3867,3.39999999999999);
#1157=CIRCLE('',#3868,3.39999999999999);
#1158=ORIENTED_EDGE('',*,*,#2426,.T.);
#1159=ORIENTED_EDGE('',*,*,#2427,.F.);
#1160=ORIENTED_EDGE('',*,*,#2428,.F.);
#1161=ORIENTED_EDGE('',*,*,#2429,.T.);
#1162=ORIENTED_EDGE('',*,*,#2430,.F.);
#1163=ORIENTED_EDGE('',*,*,#2431,.T.);
#1164=ORIENTED_EDGE('',*,*,#2432,.F.);
#1165=ORIENTED_EDGE('',*,*,#2433,.T.);
#1166=ORIENTED_EDGE('',*,*,#2434,.T.);
#1167=ORIENTED_EDGE('',*,*,#2433,.F.);
#1168=ORIENTED_EDGE('',*,*,#2435,.F.);
#1169=ORIENTED_EDGE('',*,*,#2436,.F.);
#1170=ORIENTED_EDGE('',*,*,#2427,.T.);
#1171=ORIENTED_EDGE('',*,*,#2437,.T.);
#1172=ORIENTED_EDGE('',*,*,#2438,.F.);
#1173=ORIENTED_EDGE('',*,*,#2439,.F.);
#1174=ORIENTED_EDGE('',*,*,#2440,.T.);
#1175=ORIENTED_EDGE('',*,*,#2441,.F.);
#1176=ORIENTED_EDGE('',*,*,#2442,.T.);
#1177=ORIENTED_EDGE('',*,*,#2443,.T.);
#1178=ORIENTED_EDGE('',*,*,#2444,.F.);
#1179=ORIENTED_EDGE('',*,*,#2445,.T.);
#1180=ORIENTED_EDGE('',*,*,#2446,.F.);
#1181=ORIENTED_EDGE('',*,*,#2443,.F.);
#1182=ORIENTED_EDGE('',*,*,#2447,.F.);
#1183=ORIENTED_EDGE('',*,*,#2438,.T.);
#1184=ORIENTED_EDGE('',*,*,#2448,.T.);
#1185=ORIENTED_EDGE('',*,*,#2449,.F.);
#1186=ORIENTED_EDGE('',*,*,#2450,.F.);
#1187=ORIENTED_EDGE('',*,*,#2451,.T.);
#1188=ORIENTED_EDGE('',*,*,#2452,.F.);
#1189=ORIENTED_EDGE('',*,*,#2453,.T.);
#1190=ORIENTED_EDGE('',*,*,#2454,.T.);
#1191=ORIENTED_EDGE('',*,*,#2455,.F.);
#1192=ORIENTED_EDGE('',*,*,#2456,.T.);
#1193=ORIENTED_EDGE('',*,*,#2457,.F.);
#1194=ORIENTED_EDGE('',*,*,#2458,.T.);
#1195=ORIENTED_EDGE('',*,*,#2459,.F.);
#1196=ORIENTED_EDGE('',*,*,#2456,.F.);
#1197=ORIENTED_EDGE('',*,*,#2460,.F.);
#1198=ORIENTED_EDGE('',*,*,#2454,.F.);
#1199=ORIENTED_EDGE('',*,*,#2461,.F.);
#1200=ORIENTED_EDGE('',*,*,#2449,.T.);
#1201=ORIENTED_EDGE('',*,*,#2462,.T.);
#1202=ORIENTED_EDGE('',*,*,#2463,.F.);
#1203=ORIENTED_EDGE('',*,*,#2464,.F.);
#1204=ORIENTED_EDGE('',*,*,#2465,.T.);
#1205=ORIENTED_EDGE('',*,*,#2466,.F.);
#1206=ORIENTED_EDGE('',*,*,#2467,.T.);
#1207=ORIENTED_EDGE('',*,*,#2468,.F.);
#1208=ORIENTED_EDGE('',*,*,#2469,.T.);
#1209=ORIENTED_EDGE('',*,*,#2470,.F.);
#1210=ORIENTED_EDGE('',*,*,#2471,.T.);
#1211=ORIENTED_EDGE('',*,*,#2472,.T.);
#1212=ORIENTED_EDGE('',*,*,#2471,.F.);
#1213=ORIENTED_EDGE('',*,*,#2473,.F.);
#1214=ORIENTED_EDGE('',*,*,#2469,.F.);
#1215=ORIENTED_EDGE('',*,*,#2474,.F.);
#1216=ORIENTED_EDGE('',*,*,#2475,.F.);
#1217=ORIENTED_EDGE('',*,*,#2463,.T.);
#1218=ORIENTED_EDGE('',*,*,#2476,.T.);
#1219=ORIENTED_EDGE('',*,*,#2477,.F.);
#1220=ORIENTED_EDGE('',*,*,#2478,.T.);
#1221=ORIENTED_EDGE('',*,*,#2479,.F.);
#1222=ORIENTED_EDGE('',*,*,#2478,.F.);
#1223=ORIENTED_EDGE('',*,*,#2480,.T.);
#1224=ORIENTED_EDGE('',*,*,#2481,.F.);
#1225=ORIENTED_EDGE('',*,*,#2482,.T.);
#1226=ORIENTED_EDGE('',*,*,#2483,.F.);
#1227=ORIENTED_EDGE('',*,*,#2484,.F.);
#1228=ORIENTED_EDGE('',*,*,#2485,.T.);
#1229=ORIENTED_EDGE('',*,*,#2486,.F.);
#1230=ORIENTED_EDGE('',*,*,#2487,.T.);
#1231=ORIENTED_EDGE('',*,*,#2483,.T.);
#1232=ORIENTED_EDGE('',*,*,#2488,.F.);
#1233=ORIENTED_EDGE('',*,*,#2489,.F.);
#1234=ORIENTED_EDGE('',*,*,#2490,.T.);
#1235=ORIENTED_EDGE('',*,*,#2491,.T.);
#1236=ORIENTED_EDGE('',*,*,#2492,.T.);
#1237=ORIENTED_EDGE('',*,*,#2493,.T.);
#1238=ORIENTED_EDGE('',*,*,#2494,.F.);
#1239=ORIENTED_EDGE('',*,*,#2495,.F.);
#1240=ORIENTED_EDGE('',*,*,#2496,.T.);
#1241=ORIENTED_EDGE('',*,*,#2489,.T.);
#1242=ORIENTED_EDGE('',*,*,#2497,.F.);
#1243=ORIENTED_EDGE('',*,*,#2498,.F.);
#1244=ORIENTED_EDGE('',*,*,#2499,.T.);
#1245=ORIENTED_EDGE('',*,*,#2500,.T.);
#1246=ORIENTED_EDGE('',*,*,#2501,.F.);
#1247=ORIENTED_EDGE('',*,*,#2502,.F.);
#1248=ORIENTED_EDGE('',*,*,#2503,.T.);
#1249=ORIENTED_EDGE('',*,*,#2498,.T.);
#1250=ORIENTED_EDGE('',*,*,#2504,.T.);
#1251=ORIENTED_EDGE('',*,*,#2505,.F.);
#1252=ORIENTED_EDGE('',*,*,#2502,.T.);
#1253=ORIENTED_EDGE('',*,*,#2506,.T.);
#1254=ORIENTED_EDGE('',*,*,#2507,.F.);
#1255=ORIENTED_EDGE('',*,*,#2508,.T.);
#1256=ORIENTED_EDGE('',*,*,#2509,.F.);
#1257=ORIENTED_EDGE('',*,*,#2508,.F.);
#1258=ORIENTED_EDGE('',*,*,#2510,.T.);
#1259=ORIENTED_EDGE('',*,*,#2511,.F.);
#1260=ORIENTED_EDGE('',*,*,#2512,.F.);
#1261=ORIENTED_EDGE('',*,*,#2513,.F.);
#1262=ORIENTED_EDGE('',*,*,#2514,.T.);
#1263=ORIENTED_EDGE('',*,*,#2515,.T.);
#1264=ORIENTED_EDGE('',*,*,#2516,.T.);
#1265=ORIENTED_EDGE('',*,*,#2517,.F.);
#1266=ORIENTED_EDGE('',*,*,#2513,.T.);
#1267=ORIENTED_EDGE('',*,*,#2518,.F.);
#1268=ORIENTED_EDGE('',*,*,#2519,.F.);
#1269=ORIENTED_EDGE('',*,*,#2520,.T.);
#1270=ORIENTED_EDGE('',*,*,#2521,.T.);
#1271=ORIENTED_EDGE('',*,*,#2522,.F.);
#1272=ORIENTED_EDGE('',*,*,#2515,.F.);
#1273=ORIENTED_EDGE('',*,*,#2523,.T.);
#1274=ORIENTED_EDGE('',*,*,#2519,.T.);
#1275=ORIENTED_EDGE('',*,*,#2524,.F.);
#1276=ORIENTED_EDGE('',*,*,#2525,.T.);
#1277=ORIENTED_EDGE('',*,*,#2526,.T.);
#1278=ORIENTED_EDGE('',*,*,#2527,.T.);
#1279=ORIENTED_EDGE('',*,*,#2526,.F.);
#1280=ORIENTED_EDGE('',*,*,#2528,.F.);
#1281=ORIENTED_EDGE('',*,*,#2529,.F.);
#1282=ORIENTED_EDGE('',*,*,#2530,.T.);
#1283=ORIENTED_EDGE('',*,*,#2531,.F.);
#1284=ORIENTED_EDGE('',*,*,#2532,.F.);
#1285=ORIENTED_EDGE('',*,*,#2533,.T.);
#1286=ORIENTED_EDGE('',*,*,#2534,.F.);
#1287=ORIENTED_EDGE('',*,*,#2535,.T.);
#1288=ORIENTED_EDGE('',*,*,#2531,.T.);
#1289=ORIENTED_EDGE('',*,*,#2536,.T.);
#1290=ORIENTED_EDGE('',*,*,#2537,.F.);
#1291=ORIENTED_EDGE('',*,*,#2538,.F.);
#1292=ORIENTED_EDGE('',*,*,#2539,.T.);
#1293=ORIENTED_EDGE('',*,*,#2540,.T.);
#1294=ORIENTED_EDGE('',*,*,#2541,.T.);
#1295=ORIENTED_EDGE('',*,*,#2542,.T.);
#1296=ORIENTED_EDGE('',*,*,#2543,.F.);
#1297=ORIENTED_EDGE('',*,*,#2544,.F.);
#1298=ORIENTED_EDGE('',*,*,#2537,.T.);
#1299=ORIENTED_EDGE('',*,*,#2545,.T.);
#1300=ORIENTED_EDGE('',*,*,#2546,.F.);
#1301=ORIENTED_EDGE('',*,*,#2547,.F.);
#1302=ORIENTED_EDGE('',*,*,#2548,.T.);
#1303=ORIENTED_EDGE('',*,*,#2549,.T.);
#1304=ORIENTED_EDGE('',*,*,#2550,.F.);
#1305=ORIENTED_EDGE('',*,*,#2551,.F.);
#1306=ORIENTED_EDGE('',*,*,#2546,.T.);
#1307=ORIENTED_EDGE('',*,*,#2552,.F.);
#1308=ORIENTED_EDGE('',*,*,#2553,.T.);
#1309=ORIENTED_EDGE('',*,*,#2550,.T.);
#1310=ORIENTED_EDGE('',*,*,#2554,.F.);
#1311=ORIENTED_EDGE('',*,*,#2555,.T.);
#1312=ORIENTED_EDGE('',*,*,#2556,.T.);
#1313=ORIENTED_EDGE('',*,*,#2557,.T.);
#1314=ORIENTED_EDGE('',*,*,#2556,.F.);
#1315=ORIENTED_EDGE('',*,*,#2558,.F.);
#1316=ORIENTED_EDGE('',*,*,#2559,.F.);
#1317=ORIENTED_EDGE('',*,*,#2560,.F.);
#1318=ORIENTED_EDGE('',*,*,#2561,.F.);
#1319=ORIENTED_EDGE('',*,*,#2562,.T.);
#1320=ORIENTED_EDGE('',*,*,#2559,.T.);
#1321=ORIENTED_EDGE('',*,*,#2563,.T.);
#1322=ORIENTED_EDGE('',*,*,#2564,.F.);
#1323=ORIENTED_EDGE('',*,*,#2561,.T.);
#1324=ORIENTED_EDGE('',*,*,#2565,.T.);
#1325=ORIENTED_EDGE('',*,*,#2566,.F.);
#1326=ORIENTED_EDGE('',*,*,#2567,.F.);
#1327=ORIENTED_EDGE('',*,*,#2568,.T.);
#1328=ORIENTED_EDGE('',*,*,#2569,.T.);
#1329=ORIENTED_EDGE('',*,*,#2570,.F.);
#1330=ORIENTED_EDGE('',*,*,#2571,.F.);
#1331=ORIENTED_EDGE('',*,*,#2566,.T.);
#1332=ORIENTED_EDGE('',*,*,#2572,.F.);
#1333=ORIENTED_EDGE('',*,*,#2573,.F.);
#1334=ORIENTED_EDGE('',*,*,#2574,.T.);
#1335=ORIENTED_EDGE('',*,*,#2575,.T.);
#1336=ORIENTED_EDGE('',*,*,#2576,.F.);
#1337=ORIENTED_EDGE('',*,*,#2577,.F.);
#1338=ORIENTED_EDGE('',*,*,#2578,.T.);
#1339=ORIENTED_EDGE('',*,*,#2579,.T.);
#1340=ORIENTED_EDGE('',*,*,#2580,.F.);
#1341=ORIENTED_EDGE('',*,*,#2581,.F.);
#1342=ORIENTED_EDGE('',*,*,#2582,.T.);
#1343=ORIENTED_EDGE('',*,*,#2577,.T.);
#1344=ORIENTED_EDGE('',*,*,#2583,.T.);
#1345=ORIENTED_EDGE('',*,*,#2584,.F.);
#1346=ORIENTED_EDGE('',*,*,#2581,.T.);
#1347=ORIENTED_EDGE('',*,*,#2585,.F.);
#1348=ORIENTED_EDGE('',*,*,#2586,.F.);
#1349=ORIENTED_EDGE('',*,*,#2587,.T.);
#1350=ORIENTED_EDGE('',*,*,#2588,.T.);
#1351=ORIENTED_EDGE('',*,*,#2589,.T.);
#1352=ORIENTED_EDGE('',*,*,#2590,.F.);
#1353=ORIENTED_EDGE('',*,*,#2591,.F.);
#1354=ORIENTED_EDGE('',*,*,#2592,.T.);
#1355=ORIENTED_EDGE('',*,*,#2593,.T.);
#1356=ORIENTED_EDGE('',*,*,#2594,.F.);
#1357=ORIENTED_EDGE('',*,*,#2595,.F.);
#1358=ORIENTED_EDGE('',*,*,#2596,.T.);
#1359=ORIENTED_EDGE('',*,*,#2597,.T.);
#1360=ORIENTED_EDGE('',*,*,#2598,.F.);
#1361=ORIENTED_EDGE('',*,*,#2599,.F.);
#1362=ORIENTED_EDGE('',*,*,#2594,.T.);
#1363=ORIENTED_EDGE('',*,*,#2600,.F.);
#1364=ORIENTED_EDGE('',*,*,#2601,.T.);
#1365=ORIENTED_EDGE('',*,*,#2598,.T.);
#1366=ORIENTED_EDGE('',*,*,#2602,.T.);
#1367=ORIENTED_EDGE('',*,*,#2603,.F.);
#1368=ORIENTED_EDGE('',*,*,#2604,.F.);
#1369=ORIENTED_EDGE('',*,*,#2605,.T.);
#1370=ORIENTED_EDGE('',*,*,#2606,.T.);
#1371=ORIENTED_EDGE('',*,*,#2607,.F.);
#1372=ORIENTED_EDGE('',*,*,#2608,.T.);
#1373=ORIENTED_EDGE('',*,*,#2609,.F.);
#1374=ORIENTED_EDGE('',*,*,#2610,.T.);
#1375=ORIENTED_EDGE('',*,*,#2611,.F.);
#1376=ORIENTED_EDGE('',*,*,#2608,.F.);
#1377=ORIENTED_EDGE('',*,*,#2612,.F.);
#1378=ORIENTED_EDGE('',*,*,#2613,.T.);
#1379=ORIENTED_EDGE('',*,*,#2614,.F.);
#1380=ORIENTED_EDGE('',*,*,#2606,.F.);
#1381=ORIENTED_EDGE('',*,*,#2615,.F.);
#1382=ORIENTED_EDGE('',*,*,#2616,.T.);
#1383=ORIENTED_EDGE('',*,*,#2617,.F.);
#1384=ORIENTED_EDGE('',*,*,#2610,.F.);
#1385=ORIENTED_EDGE('',*,*,#2618,.F.);
#1386=ORIENTED_EDGE('',*,*,#2619,.T.);
#1387=ORIENTED_EDGE('',*,*,#2620,.F.);
#1388=ORIENTED_EDGE('',*,*,#2613,.F.);
#1389=ORIENTED_EDGE('',*,*,#2621,.F.);
#1390=ORIENTED_EDGE('',*,*,#2622,.T.);
#1391=ORIENTED_EDGE('',*,*,#2623,.F.);
#1392=ORIENTED_EDGE('',*,*,#2616,.F.);
#1393=ORIENTED_EDGE('',*,*,#2624,.F.);
#1394=ORIENTED_EDGE('',*,*,#2625,.T.);
#1395=ORIENTED_EDGE('',*,*,#2626,.F.);
#1396=ORIENTED_EDGE('',*,*,#2619,.F.);
#1397=ORIENTED_EDGE('',*,*,#2627,.F.);
#1398=ORIENTED_EDGE('',*,*,#2622,.F.);
#1399=ORIENTED_EDGE('',*,*,#2628,.F.);
#1400=ORIENTED_EDGE('',*,*,#2625,.F.);
#1401=ORIENTED_EDGE('',*,*,#2629,.F.);
#1402=ORIENTED_EDGE('',*,*,#2630,.T.);
#1403=ORIENTED_EDGE('',*,*,#2631,.T.);
#1404=ORIENTED_EDGE('',*,*,#2632,.T.);
#1405=ORIENTED_EDGE('',*,*,#2633,.T.);
#1406=ORIENTED_EDGE('',*,*,#2634,.T.);
#1407=ORIENTED_EDGE('',*,*,#2635,.T.);
#1408=ORIENTED_EDGE('',*,*,#2636,.T.);
#1409=ORIENTED_EDGE('',*,*,#2637,.T.);
#1410=ORIENTED_EDGE('',*,*,#2638,.T.);
#1411=ORIENTED_EDGE('',*,*,#2615,.T.);
#1412=ORIENTED_EDGE('',*,*,#2639,.F.);
#1413=ORIENTED_EDGE('',*,*,#2631,.F.);
#1414=ORIENTED_EDGE('',*,*,#2639,.T.);
#1415=ORIENTED_EDGE('',*,*,#2609,.T.);
#1416=ORIENTED_EDGE('',*,*,#2640,.F.);
#1417=ORIENTED_EDGE('',*,*,#2632,.F.);
#1418=ORIENTED_EDGE('',*,*,#2640,.T.);
#1419=ORIENTED_EDGE('',*,*,#2611,.T.);
#1420=ORIENTED_EDGE('',*,*,#2641,.F.);
#1421=ORIENTED_EDGE('',*,*,#2633,.F.);
#1422=ORIENTED_EDGE('',*,*,#2641,.T.);
#1423=ORIENTED_EDGE('',*,*,#2617,.T.);
#1424=ORIENTED_EDGE('',*,*,#2642,.F.);
#1425=ORIENTED_EDGE('',*,*,#2634,.F.);
#1426=ORIENTED_EDGE('',*,*,#2642,.T.);
#1427=ORIENTED_EDGE('',*,*,#2623,.T.);
#1428=ORIENTED_EDGE('',*,*,#2643,.F.);
#1429=ORIENTED_EDGE('',*,*,#2635,.F.);
#1430=ORIENTED_EDGE('',*,*,#2643,.T.);
#1431=ORIENTED_EDGE('',*,*,#2629,.T.);
#1432=ORIENTED_EDGE('',*,*,#2644,.F.);
#1433=ORIENTED_EDGE('',*,*,#2636,.F.);
#1434=ORIENTED_EDGE('',*,*,#2644,.T.);
#1435=ORIENTED_EDGE('',*,*,#2627,.T.);
#1436=ORIENTED_EDGE('',*,*,#2645,.F.);
#1437=ORIENTED_EDGE('',*,*,#2637,.F.);
#1438=ORIENTED_EDGE('',*,*,#2645,.T.);
#1439=ORIENTED_EDGE('',*,*,#2621,.T.);
#1440=ORIENTED_EDGE('',*,*,#2638,.F.);
#1441=ORIENTED_EDGE('',*,*,#2630,.F.);
#1442=ORIENTED_EDGE('',*,*,#2646,.T.);
#1443=ORIENTED_EDGE('',*,*,#2647,.F.);
#1444=ORIENTED_EDGE('',*,*,#2648,.T.);
#1445=ORIENTED_EDGE('',*,*,#2649,.F.);
#1446=ORIENTED_EDGE('',*,*,#2650,.T.);
#1447=ORIENTED_EDGE('',*,*,#2651,.F.);
#1448=ORIENTED_EDGE('',*,*,#2648,.F.);
#1449=ORIENTED_EDGE('',*,*,#2652,.F.);
#1450=ORIENTED_EDGE('',*,*,#2653,.T.);
#1451=ORIENTED_EDGE('',*,*,#2654,.F.);
#1452=ORIENTED_EDGE('',*,*,#2646,.F.);
#1453=ORIENTED_EDGE('',*,*,#2655,.F.);
#1454=ORIENTED_EDGE('',*,*,#2656,.T.);
#1455=ORIENTED_EDGE('',*,*,#2657,.F.);
#1456=ORIENTED_EDGE('',*,*,#2650,.F.);
#1457=ORIENTED_EDGE('',*,*,#2658,.F.);
#1458=ORIENTED_EDGE('',*,*,#2659,.T.);
#1459=ORIENTED_EDGE('',*,*,#2660,.F.);
#1460=ORIENTED_EDGE('',*,*,#2653,.F.);
#1461=ORIENTED_EDGE('',*,*,#2661,.F.);
#1462=ORIENTED_EDGE('',*,*,#2662,.T.);
#1463=ORIENTED_EDGE('',*,*,#2663,.F.);
#1464=ORIENTED_EDGE('',*,*,#2656,.F.);
#1465=ORIENTED_EDGE('',*,*,#2664,.F.);
#1466=ORIENTED_EDGE('',*,*,#2665,.T.);
#1467=ORIENTED_EDGE('',*,*,#2666,.F.);
#1468=ORIENTED_EDGE('',*,*,#2659,.F.);
#1469=ORIENTED_EDGE('',*,*,#2667,.F.);
#1470=ORIENTED_EDGE('',*,*,#2662,.F.);
#1471=ORIENTED_EDGE('',*,*,#2668,.F.);
#1472=ORIENTED_EDGE('',*,*,#2665,.F.);
#1473=ORIENTED_EDGE('',*,*,#2669,.F.);
#1474=ORIENTED_EDGE('',*,*,#2670,.T.);
#1475=ORIENTED_EDGE('',*,*,#2671,.F.);
#1476=ORIENTED_EDGE('',*,*,#2672,.T.);
#1477=ORIENTED_EDGE('',*,*,#2673,.F.);
#1478=ORIENTED_EDGE('',*,*,#2674,.T.);
#1479=ORIENTED_EDGE('',*,*,#2675,.F.);
#1480=ORIENTED_EDGE('',*,*,#2672,.F.);
#1481=ORIENTED_EDGE('',*,*,#2676,.F.);
#1482=ORIENTED_EDGE('',*,*,#2677,.T.);
#1483=ORIENTED_EDGE('',*,*,#2678,.F.);
#1484=ORIENTED_EDGE('',*,*,#2670,.F.);
#1485=ORIENTED_EDGE('',*,*,#2679,.F.);
#1486=ORIENTED_EDGE('',*,*,#2680,.T.);
#1487=ORIENTED_EDGE('',*,*,#2681,.F.);
#1488=ORIENTED_EDGE('',*,*,#2674,.F.);
#1489=ORIENTED_EDGE('',*,*,#2682,.F.);
#1490=ORIENTED_EDGE('',*,*,#2683,.T.);
#1491=ORIENTED_EDGE('',*,*,#2684,.F.);
#1492=ORIENTED_EDGE('',*,*,#2677,.F.);
#1493=ORIENTED_EDGE('',*,*,#2685,.F.);
#1494=ORIENTED_EDGE('',*,*,#2686,.T.);
#1495=ORIENTED_EDGE('',*,*,#2687,.F.);
#1496=ORIENTED_EDGE('',*,*,#2680,.F.);
#1497=ORIENTED_EDGE('',*,*,#2688,.F.);
#1498=ORIENTED_EDGE('',*,*,#2689,.T.);
#1499=ORIENTED_EDGE('',*,*,#2690,.F.);
#1500=ORIENTED_EDGE('',*,*,#2683,.F.);
#1501=ORIENTED_EDGE('',*,*,#2691,.F.);
#1502=ORIENTED_EDGE('',*,*,#2686,.F.);
#1503=ORIENTED_EDGE('',*,*,#2692,.F.);
#1504=ORIENTED_EDGE('',*,*,#2689,.F.);
#1505=ORIENTED_EDGE('',*,*,#2693,.F.);
#1506=ORIENTED_EDGE('',*,*,#2694,.T.);
#1507=ORIENTED_EDGE('',*,*,#2695,.F.);
#1508=ORIENTED_EDGE('',*,*,#2696,.T.);
#1509=ORIENTED_EDGE('',*,*,#2697,.F.);
#1510=ORIENTED_EDGE('',*,*,#2698,.T.);
#1511=ORIENTED_EDGE('',*,*,#2699,.F.);
#1512=ORIENTED_EDGE('',*,*,#2696,.F.);
#1513=ORIENTED_EDGE('',*,*,#2700,.F.);
#1514=ORIENTED_EDGE('',*,*,#2701,.T.);
#1515=ORIENTED_EDGE('',*,*,#2702,.F.);
#1516=ORIENTED_EDGE('',*,*,#2694,.F.);
#1517=ORIENTED_EDGE('',*,*,#2703,.F.);
#1518=ORIENTED_EDGE('',*,*,#2704,.T.);
#1519=ORIENTED_EDGE('',*,*,#2705,.F.);
#1520=ORIENTED_EDGE('',*,*,#2698,.F.);
#1521=ORIENTED_EDGE('',*,*,#2706,.F.);
#1522=ORIENTED_EDGE('',*,*,#2707,.T.);
#1523=ORIENTED_EDGE('',*,*,#2708,.F.);
#1524=ORIENTED_EDGE('',*,*,#2701,.F.);
#1525=ORIENTED_EDGE('',*,*,#2709,.F.);
#1526=ORIENTED_EDGE('',*,*,#2710,.T.);
#1527=ORIENTED_EDGE('',*,*,#2711,.F.);
#1528=ORIENTED_EDGE('',*,*,#2704,.F.);
#1529=ORIENTED_EDGE('',*,*,#2712,.F.);
#1530=ORIENTED_EDGE('',*,*,#2713,.T.);
#1531=ORIENTED_EDGE('',*,*,#2714,.F.);
#1532=ORIENTED_EDGE('',*,*,#2707,.F.);
#1533=ORIENTED_EDGE('',*,*,#2715,.F.);
#1534=ORIENTED_EDGE('',*,*,#2710,.F.);
#1535=ORIENTED_EDGE('',*,*,#2716,.F.);
#1536=ORIENTED_EDGE('',*,*,#2713,.F.);
#1537=ORIENTED_EDGE('',*,*,#2717,.F.);
#1538=ORIENTED_EDGE('',*,*,#2718,.T.);
#1539=ORIENTED_EDGE('',*,*,#2719,.F.);
#1540=ORIENTED_EDGE('',*,*,#2720,.T.);
#1541=ORIENTED_EDGE('',*,*,#2721,.F.);
#1542=ORIENTED_EDGE('',*,*,#2722,.T.);
#1543=ORIENTED_EDGE('',*,*,#2723,.F.);
#1544=ORIENTED_EDGE('',*,*,#2720,.F.);
#1545=ORIENTED_EDGE('',*,*,#2724,.F.);
#1546=ORIENTED_EDGE('',*,*,#2725,.T.);
#1547=ORIENTED_EDGE('',*,*,#2726,.F.);
#1548=ORIENTED_EDGE('',*,*,#2718,.F.);
#1549=ORIENTED_EDGE('',*,*,#2727,.F.);
#1550=ORIENTED_EDGE('',*,*,#2728,.T.);
#1551=ORIENTED_EDGE('',*,*,#2729,.F.);
#1552=ORIENTED_EDGE('',*,*,#2722,.F.);
#1553=ORIENTED_EDGE('',*,*,#2730,.F.);
#1554=ORIENTED_EDGE('',*,*,#2731,.T.);
#1555=ORIENTED_EDGE('',*,*,#2732,.F.);
#1556=ORIENTED_EDGE('',*,*,#2725,.F.);
#1557=ORIENTED_EDGE('',*,*,#2733,.F.);
#1558=ORIENTED_EDGE('',*,*,#2734,.T.);
#1559=ORIENTED_EDGE('',*,*,#2735,.F.);
#1560=ORIENTED_EDGE('',*,*,#2728,.F.);
#1561=ORIENTED_EDGE('',*,*,#2736,.F.);
#1562=ORIENTED_EDGE('',*,*,#2737,.T.);
#1563=ORIENTED_EDGE('',*,*,#2738,.F.);
#1564=ORIENTED_EDGE('',*,*,#2731,.F.);
#1565=ORIENTED_EDGE('',*,*,#2739,.F.);
#1566=ORIENTED_EDGE('',*,*,#2734,.F.);
#1567=ORIENTED_EDGE('',*,*,#2740,.F.);
#1568=ORIENTED_EDGE('',*,*,#2737,.F.);
#1569=ORIENTED_EDGE('',*,*,#2741,.F.);
#1570=ORIENTED_EDGE('',*,*,#2742,.F.);
#1571=ORIENTED_EDGE('',*,*,#2730,.T.);
#1572=ORIENTED_EDGE('',*,*,#2743,.F.);
#1573=ORIENTED_EDGE('',*,*,#2744,.F.);
#1574=ORIENTED_EDGE('',*,*,#2745,.F.);
#1575=ORIENTED_EDGE('',*,*,#2740,.T.);
#1576=ORIENTED_EDGE('',*,*,#2746,.F.);
#1577=ORIENTED_EDGE('',*,*,#2747,.F.);
#1578=ORIENTED_EDGE('',*,*,#2748,.F.);
#1579=ORIENTED_EDGE('',*,*,#2732,.T.);
#1580=ORIENTED_EDGE('',*,*,#2749,.F.);
#1581=ORIENTED_EDGE('',*,*,#2750,.F.);
#1582=ORIENTED_EDGE('',*,*,#2751,.F.);
#1583=ORIENTED_EDGE('',*,*,#2719,.T.);
#1584=ORIENTED_EDGE('',*,*,#2752,.F.);
#1585=ORIENTED_EDGE('',*,*,#2753,.F.);
#1586=ORIENTED_EDGE('',*,*,#2754,.F.);
#1587=ORIENTED_EDGE('',*,*,#2716,.T.);
#1588=ORIENTED_EDGE('',*,*,#2755,.F.);
#1589=ORIENTED_EDGE('',*,*,#2756,.F.);
#1590=ORIENTED_EDGE('',*,*,#2757,.F.);
#1591=ORIENTED_EDGE('',*,*,#2708,.T.);
#1592=ORIENTED_EDGE('',*,*,#2758,.F.);
#1593=ORIENTED_EDGE('',*,*,#2759,.F.);
#1594=ORIENTED_EDGE('',*,*,#2760,.F.);
#1595=ORIENTED_EDGE('',*,*,#2695,.T.);
#1596=ORIENTED_EDGE('',*,*,#2761,.F.);
#1597=ORIENTED_EDGE('',*,*,#2762,.F.);
#1598=ORIENTED_EDGE('',*,*,#2763,.F.);
#1599=ORIENTED_EDGE('',*,*,#2706,.T.);
#1600=ORIENTED_EDGE('',*,*,#2764,.F.);
#1601=ORIENTED_EDGE('',*,*,#2765,.F.);
#1602=ORIENTED_EDGE('',*,*,#2766,.F.);
#1603=ORIENTED_EDGE('',*,*,#2682,.T.);
#1604=ORIENTED_EDGE('',*,*,#2767,.F.);
#1605=ORIENTED_EDGE('',*,*,#2768,.F.);
#1606=ORIENTED_EDGE('',*,*,#2769,.F.);
#1607=ORIENTED_EDGE('',*,*,#2692,.T.);
#1608=ORIENTED_EDGE('',*,*,#2770,.F.);
#1609=ORIENTED_EDGE('',*,*,#2771,.F.);
#1610=ORIENTED_EDGE('',*,*,#2772,.F.);
#1611=ORIENTED_EDGE('',*,*,#2684,.T.);
#1612=ORIENTED_EDGE('',*,*,#2773,.F.);
#1613=ORIENTED_EDGE('',*,*,#2774,.F.);
#1614=ORIENTED_EDGE('',*,*,#2775,.F.);
#1615=ORIENTED_EDGE('',*,*,#2671,.T.);
#1616=ORIENTED_EDGE('',*,*,#2776,.F.);
#1617=ORIENTED_EDGE('',*,*,#2777,.F.);
#1618=ORIENTED_EDGE('',*,*,#2778,.F.);
#1619=ORIENTED_EDGE('',*,*,#2658,.T.);
#1620=ORIENTED_EDGE('',*,*,#2779,.F.);
#1621=ORIENTED_EDGE('',*,*,#2780,.F.);
#1622=ORIENTED_EDGE('',*,*,#2781,.F.);
#1623=ORIENTED_EDGE('',*,*,#2668,.T.);
#1624=ORIENTED_EDGE('',*,*,#2782,.F.);
#1625=ORIENTED_EDGE('',*,*,#2783,.F.);
#1626=ORIENTED_EDGE('',*,*,#2784,.F.);
#1627=ORIENTED_EDGE('',*,*,#2660,.T.);
#1628=ORIENTED_EDGE('',*,*,#2785,.F.);
#1629=ORIENTED_EDGE('',*,*,#2786,.F.);
#1630=ORIENTED_EDGE('',*,*,#2787,.F.);
#1631=ORIENTED_EDGE('',*,*,#2647,.T.);
#1632=ORIENTED_EDGE('',*,*,#2788,.F.);
#1633=ORIENTED_EDGE('',*,*,#2789,.F.);
#1634=ORIENTED_EDGE('',*,*,#2790,.F.);
#1635=ORIENTED_EDGE('',*,*,#2789,.T.);
#1636=ORIENTED_EDGE('',*,*,#2791,.F.);
#1637=ORIENTED_EDGE('',*,*,#2786,.T.);
#1638=ORIENTED_EDGE('',*,*,#2792,.F.);
#1639=ORIENTED_EDGE('',*,*,#2783,.T.);
#1640=ORIENTED_EDGE('',*,*,#2793,.F.);
#1641=ORIENTED_EDGE('',*,*,#2780,.T.);
#1642=ORIENTED_EDGE('',*,*,#2785,.T.);
#1643=ORIENTED_EDGE('',*,*,#2666,.T.);
#1644=ORIENTED_EDGE('',*,*,#2781,.T.);
#1645=ORIENTED_EDGE('',*,*,#2792,.T.);
#1646=ORIENTED_EDGE('',*,*,#2782,.T.);
#1647=ORIENTED_EDGE('',*,*,#2664,.T.);
#1648=ORIENTED_EDGE('',*,*,#2778,.T.);
#1649=ORIENTED_EDGE('',*,*,#2793,.T.);
#1650=ORIENTED_EDGE('',*,*,#2779,.T.);
#1651=ORIENTED_EDGE('',*,*,#2652,.T.);
#1652=ORIENTED_EDGE('',*,*,#2787,.T.);
#1653=ORIENTED_EDGE('',*,*,#2790,.T.);
#1654=ORIENTED_EDGE('',*,*,#2788,.T.);
#1655=ORIENTED_EDGE('',*,*,#2654,.T.);
#1656=ORIENTED_EDGE('',*,*,#2784,.T.);
#1657=ORIENTED_EDGE('',*,*,#2791,.T.);
#1658=ORIENTED_EDGE('',*,*,#2794,.T.);
#1659=ORIENTED_EDGE('',*,*,#2765,.T.);
#1660=ORIENTED_EDGE('',*,*,#2795,.T.);
#1661=ORIENTED_EDGE('',*,*,#2762,.T.);
#1662=ORIENTED_EDGE('',*,*,#2796,.T.);
#1663=ORIENTED_EDGE('',*,*,#2759,.T.);
#1664=ORIENTED_EDGE('',*,*,#2797,.T.);
#1665=ORIENTED_EDGE('',*,*,#2756,.T.);
#1666=ORIENTED_EDGE('',*,*,#2755,.T.);
#1667=ORIENTED_EDGE('',*,*,#2712,.T.);
#1668=ORIENTED_EDGE('',*,*,#2763,.T.);
#1669=ORIENTED_EDGE('',*,*,#2794,.F.);
#1670=ORIENTED_EDGE('',*,*,#2764,.T.);
#1671=ORIENTED_EDGE('',*,*,#2700,.T.);
#1672=ORIENTED_EDGE('',*,*,#2760,.T.);
#1673=ORIENTED_EDGE('',*,*,#2795,.F.);
#1674=ORIENTED_EDGE('',*,*,#2761,.T.);
#1675=ORIENTED_EDGE('',*,*,#2702,.T.);
#1676=ORIENTED_EDGE('',*,*,#2757,.T.);
#1677=ORIENTED_EDGE('',*,*,#2796,.F.);
#1678=ORIENTED_EDGE('',*,*,#2758,.T.);
#1679=ORIENTED_EDGE('',*,*,#2714,.T.);
#1680=ORIENTED_EDGE('',*,*,#2754,.T.);
#1681=ORIENTED_EDGE('',*,*,#2797,.F.);
#1682=ORIENTED_EDGE('',*,*,#2798,.F.);
#1683=ORIENTED_EDGE('',*,*,#2777,.T.);
#1684=ORIENTED_EDGE('',*,*,#2799,.F.);
#1685=ORIENTED_EDGE('',*,*,#2774,.T.);
#1686=ORIENTED_EDGE('',*,*,#2800,.F.);
#1687=ORIENTED_EDGE('',*,*,#2771,.T.);
#1688=ORIENTED_EDGE('',*,*,#2801,.F.);
#1689=ORIENTED_EDGE('',*,*,#2768,.T.);
#1690=ORIENTED_EDGE('',*,*,#2776,.T.);
#1691=ORIENTED_EDGE('',*,*,#2678,.T.);
#1692=ORIENTED_EDGE('',*,*,#2772,.T.);
#1693=ORIENTED_EDGE('',*,*,#2799,.T.);
#1694=ORIENTED_EDGE('',*,*,#2773,.T.);
#1695=ORIENTED_EDGE('',*,*,#2690,.T.);
#1696=ORIENTED_EDGE('',*,*,#2769,.T.);
#1697=ORIENTED_EDGE('',*,*,#2800,.T.);
#1698=ORIENTED_EDGE('',*,*,#2770,.T.);
#1699=ORIENTED_EDGE('',*,*,#2688,.T.);
#1700=ORIENTED_EDGE('',*,*,#2766,.T.);
#1701=ORIENTED_EDGE('',*,*,#2801,.T.);
#1702=ORIENTED_EDGE('',*,*,#2767,.T.);
#1703=ORIENTED_EDGE('',*,*,#2676,.T.);
#1704=ORIENTED_EDGE('',*,*,#2775,.T.);
#1705=ORIENTED_EDGE('',*,*,#2798,.T.);
#1706=ORIENTED_EDGE('',*,*,#2802,.T.);
#1707=ORIENTED_EDGE('',*,*,#2753,.T.);
#1708=ORIENTED_EDGE('',*,*,#2803,.T.);
#1709=ORIENTED_EDGE('',*,*,#2750,.T.);
#1710=ORIENTED_EDGE('',*,*,#2804,.T.);
#1711=ORIENTED_EDGE('',*,*,#2747,.T.);
#1712=ORIENTED_EDGE('',*,*,#2805,.T.);
#1713=ORIENTED_EDGE('',*,*,#2744,.T.);
#1714=ORIENTED_EDGE('',*,*,#2743,.T.);
#1715=ORIENTED_EDGE('',*,*,#2724,.T.);
#1716=ORIENTED_EDGE('',*,*,#2751,.T.);
#1717=ORIENTED_EDGE('',*,*,#2802,.F.);
#1718=ORIENTED_EDGE('',*,*,#2752,.T.);
#1719=ORIENTED_EDGE('',*,*,#2726,.T.);
#1720=ORIENTED_EDGE('',*,*,#2748,.T.);
#1721=ORIENTED_EDGE('',*,*,#2803,.F.);
#1722=ORIENTED_EDGE('',*,*,#2749,.T.);
#1723=ORIENTED_EDGE('',*,*,#2738,.T.);
#1724=ORIENTED_EDGE('',*,*,#2745,.T.);
#1725=ORIENTED_EDGE('',*,*,#2804,.F.);
#1726=ORIENTED_EDGE('',*,*,#2746,.T.);
#1727=ORIENTED_EDGE('',*,*,#2736,.T.);
#1728=ORIENTED_EDGE('',*,*,#2742,.T.);
#1729=ORIENTED_EDGE('',*,*,#2805,.F.);
#1730=ORIENTED_EDGE('',*,*,#2806,.T.);
#1731=ORIENTED_EDGE('',*,*,#2807,.T.);
#1732=ORIENTED_EDGE('',*,*,#2808,.T.);
#1733=ORIENTED_EDGE('',*,*,#2809,.T.);
#1734=ORIENTED_EDGE('',*,*,#2810,.T.);
#1735=ORIENTED_EDGE('',*,*,#2811,.T.);
#1736=ORIENTED_EDGE('',*,*,#2812,.T.);
#1737=ORIENTED_EDGE('',*,*,#2813,.T.);
#1738=ORIENTED_EDGE('',*,*,#2612,.T.);
#1739=ORIENTED_EDGE('',*,*,#2607,.T.);
#1740=ORIENTED_EDGE('',*,*,#2614,.T.);
#1741=ORIENTED_EDGE('',*,*,#2620,.T.);
#1742=ORIENTED_EDGE('',*,*,#2626,.T.);
#1743=ORIENTED_EDGE('',*,*,#2628,.T.);
#1744=ORIENTED_EDGE('',*,*,#2624,.T.);
#1745=ORIENTED_EDGE('',*,*,#2618,.T.);
#1746=ORIENTED_EDGE('',*,*,#2465,.F.);
#1747=ORIENTED_EDGE('',*,*,#2814,.F.);
#1748=ORIENTED_EDGE('',*,*,#2451,.F.);
#1749=ORIENTED_EDGE('',*,*,#2815,.F.);
#1750=ORIENTED_EDGE('',*,*,#2440,.F.);
#1751=ORIENTED_EDGE('',*,*,#2816,.F.);
#1752=ORIENTED_EDGE('',*,*,#2429,.F.);
#1753=ORIENTED_EDGE('',*,*,#2817,.F.);
#1754=ORIENTED_EDGE('',*,*,#2818,.T.);
#1755=ORIENTED_EDGE('',*,*,#2819,.F.);
#1756=ORIENTED_EDGE('',*,*,#2813,.F.);
#1757=ORIENTED_EDGE('',*,*,#2820,.T.);
#1758=ORIENTED_EDGE('',*,*,#2821,.T.);
#1759=ORIENTED_EDGE('',*,*,#2820,.F.);
#1760=ORIENTED_EDGE('',*,*,#2812,.F.);
#1761=ORIENTED_EDGE('',*,*,#2822,.T.);
#1762=ORIENTED_EDGE('',*,*,#2823,.T.);
#1763=ORIENTED_EDGE('',*,*,#2822,.F.);
#1764=ORIENTED_EDGE('',*,*,#2811,.F.);
#1765=ORIENTED_EDGE('',*,*,#2824,.T.);
#1766=ORIENTED_EDGE('',*,*,#2825,.T.);
#1767=ORIENTED_EDGE('',*,*,#2824,.F.);
#1768=ORIENTED_EDGE('',*,*,#2810,.F.);
#1769=ORIENTED_EDGE('',*,*,#2826,.T.);
#1770=ORIENTED_EDGE('',*,*,#2827,.T.);
#1771=ORIENTED_EDGE('',*,*,#2826,.F.);
#1772=ORIENTED_EDGE('',*,*,#2809,.F.);
#1773=ORIENTED_EDGE('',*,*,#2828,.T.);
#1774=ORIENTED_EDGE('',*,*,#2829,.T.);
#1775=ORIENTED_EDGE('',*,*,#2828,.F.);
#1776=ORIENTED_EDGE('',*,*,#2808,.F.);
#1777=ORIENTED_EDGE('',*,*,#2830,.T.);
#1778=ORIENTED_EDGE('',*,*,#2831,.T.);
#1779=ORIENTED_EDGE('',*,*,#2830,.F.);
#1780=ORIENTED_EDGE('',*,*,#2807,.F.);
#1781=ORIENTED_EDGE('',*,*,#2832,.T.);
#1782=ORIENTED_EDGE('',*,*,#2833,.T.);
#1783=ORIENTED_EDGE('',*,*,#2832,.F.);
#1784=ORIENTED_EDGE('',*,*,#2806,.F.);
#1785=ORIENTED_EDGE('',*,*,#2819,.T.);
#1786=ORIENTED_EDGE('',*,*,#2834,.F.);
#1787=ORIENTED_EDGE('',*,*,#2835,.F.);
#1788=ORIENTED_EDGE('',*,*,#2836,.F.);
#1789=ORIENTED_EDGE('',*,*,#2837,.F.);
#1790=ORIENTED_EDGE('',*,*,#2838,.F.);
#1791=ORIENTED_EDGE('',*,*,#2839,.F.);
#1792=ORIENTED_EDGE('',*,*,#2840,.F.);
#1793=ORIENTED_EDGE('',*,*,#2841,.F.);
#1794=ORIENTED_EDGE('',*,*,#2825,.F.);
#1795=ORIENTED_EDGE('',*,*,#2842,.F.);
#1796=ORIENTED_EDGE('',*,*,#2841,.T.);
#1797=ORIENTED_EDGE('',*,*,#2843,.T.);
#1798=ORIENTED_EDGE('',*,*,#2823,.F.);
#1799=ORIENTED_EDGE('',*,*,#2843,.F.);
#1800=ORIENTED_EDGE('',*,*,#2840,.T.);
#1801=ORIENTED_EDGE('',*,*,#2844,.T.);
#1802=ORIENTED_EDGE('',*,*,#2727,.T.);
#1803=ORIENTED_EDGE('',*,*,#2721,.T.);
#1804=ORIENTED_EDGE('',*,*,#2723,.T.);
#1805=ORIENTED_EDGE('',*,*,#2729,.T.);
#1806=ORIENTED_EDGE('',*,*,#2735,.T.);
#1807=ORIENTED_EDGE('',*,*,#2741,.T.);
#1808=ORIENTED_EDGE('',*,*,#2739,.T.);
#1809=ORIENTED_EDGE('',*,*,#2733,.T.);
#1810=ORIENTED_EDGE('',*,*,#2521,.F.);
#1811=ORIENTED_EDGE('',*,*,#2845,.F.);
#1812=ORIENTED_EDGE('',*,*,#2500,.F.);
#1813=ORIENTED_EDGE('',*,*,#2846,.F.);
#1814=ORIENTED_EDGE('',*,*,#2491,.F.);
#1815=ORIENTED_EDGE('',*,*,#2847,.F.);
#1816=ORIENTED_EDGE('',*,*,#2821,.F.);
#1817=ORIENTED_EDGE('',*,*,#2844,.F.);
#1818=ORIENTED_EDGE('',*,*,#2839,.T.);
#1819=ORIENTED_EDGE('',*,*,#2848,.T.);
#1820=ORIENTED_EDGE('',*,*,#2818,.F.);
#1821=ORIENTED_EDGE('',*,*,#2848,.F.);
#1822=ORIENTED_EDGE('',*,*,#2838,.T.);
#1823=ORIENTED_EDGE('',*,*,#2849,.T.);
#1824=ORIENTED_EDGE('',*,*,#2703,.T.);
#1825=ORIENTED_EDGE('',*,*,#2697,.T.);
#1826=ORIENTED_EDGE('',*,*,#2699,.T.);
#1827=ORIENTED_EDGE('',*,*,#2705,.T.);
#1828=ORIENTED_EDGE('',*,*,#2711,.T.);
#1829=ORIENTED_EDGE('',*,*,#2717,.T.);
#1830=ORIENTED_EDGE('',*,*,#2715,.T.);
#1831=ORIENTED_EDGE('',*,*,#2709,.T.);
#1832=ORIENTED_EDGE('',*,*,#2605,.F.);
#1833=ORIENTED_EDGE('',*,*,#2850,.F.);
#1834=ORIENTED_EDGE('',*,*,#2596,.F.);
#1835=ORIENTED_EDGE('',*,*,#2851,.F.);
#1836=ORIENTED_EDGE('',*,*,#2592,.F.);
#1837=ORIENTED_EDGE('',*,*,#2852,.F.);
#1838=ORIENTED_EDGE('',*,*,#2833,.F.);
#1839=ORIENTED_EDGE('',*,*,#2849,.F.);
#1840=ORIENTED_EDGE('',*,*,#2837,.T.);
#1841=ORIENTED_EDGE('',*,*,#2853,.T.);
#1842=ORIENTED_EDGE('',*,*,#2829,.F.);
#1843=ORIENTED_EDGE('',*,*,#2854,.F.);
#1844=ORIENTED_EDGE('',*,*,#2835,.T.);
#1845=ORIENTED_EDGE('',*,*,#2855,.T.);
#1846=ORIENTED_EDGE('',*,*,#2831,.F.);
#1847=ORIENTED_EDGE('',*,*,#2853,.F.);
#1848=ORIENTED_EDGE('',*,*,#2836,.T.);
#1849=ORIENTED_EDGE('',*,*,#2854,.T.);
#1850=ORIENTED_EDGE('',*,*,#2679,.T.);
#1851=ORIENTED_EDGE('',*,*,#2673,.T.);
#1852=ORIENTED_EDGE('',*,*,#2675,.T.);
#1853=ORIENTED_EDGE('',*,*,#2681,.T.);
#1854=ORIENTED_EDGE('',*,*,#2687,.T.);
#1855=ORIENTED_EDGE('',*,*,#2693,.T.);
#1856=ORIENTED_EDGE('',*,*,#2691,.T.);
#1857=ORIENTED_EDGE('',*,*,#2685,.T.);
#1858=ORIENTED_EDGE('',*,*,#2568,.F.);
#1859=ORIENTED_EDGE('',*,*,#2856,.F.);
#1860=ORIENTED_EDGE('',*,*,#2548,.F.);
#1861=ORIENTED_EDGE('',*,*,#2857,.F.);
#1862=ORIENTED_EDGE('',*,*,#2539,.F.);
#1863=ORIENTED_EDGE('',*,*,#2858,.F.);
#1864=ORIENTED_EDGE('',*,*,#2827,.F.);
#1865=ORIENTED_EDGE('',*,*,#2855,.F.);
#1866=ORIENTED_EDGE('',*,*,#2834,.T.);
#1867=ORIENTED_EDGE('',*,*,#2842,.T.);
#1868=ORIENTED_EDGE('',*,*,#2655,.T.);
#1869=ORIENTED_EDGE('',*,*,#2649,.T.);
#1870=ORIENTED_EDGE('',*,*,#2651,.T.);
#1871=ORIENTED_EDGE('',*,*,#2657,.T.);
#1872=ORIENTED_EDGE('',*,*,#2663,.T.);
#1873=ORIENTED_EDGE('',*,*,#2669,.T.);
#1874=ORIENTED_EDGE('',*,*,#2667,.T.);
#1875=ORIENTED_EDGE('',*,*,#2661,.T.);
#1876=ORIENTED_EDGE('',*,*,#2588,.F.);
#1877=ORIENTED_EDGE('',*,*,#2859,.F.);
#1878=ORIENTED_EDGE('',*,*,#2579,.F.);
#1879=ORIENTED_EDGE('',*,*,#2860,.F.);
#1880=ORIENTED_EDGE('',*,*,#2575,.F.);
#1881=ORIENTED_EDGE('',*,*,#2861,.F.);
#1882=ORIENTED_EDGE('',*,*,#2862,.F.);
#1883=ORIENTED_EDGE('',*,*,#2863,.T.);
#1884=ORIENTED_EDGE('',*,*,#2864,.T.);
#1885=ORIENTED_EDGE('',*,*,#2573,.T.);
#1886=ORIENTED_EDGE('',*,*,#2865,.T.);
#1887=ORIENTED_EDGE('',*,*,#2529,.T.);
#1888=ORIENTED_EDGE('',*,*,#2866,.F.);
#1889=ORIENTED_EDGE('',*,*,#2590,.T.);
#1890=ORIENTED_EDGE('',*,*,#2867,.T.);
#1891=ORIENTED_EDGE('',*,*,#2457,.T.);
#1892=ORIENTED_EDGE('',*,*,#2459,.T.);
#1893=ORIENTED_EDGE('',*,*,#2868,.T.);
#1894=ORIENTED_EDGE('',*,*,#2869,.F.);
#1895=ORIENTED_EDGE('',*,*,#2870,.T.);
#1896=ORIENTED_EDGE('',*,*,#2871,.T.);
#1897=ORIENTED_EDGE('',*,*,#2586,.T.);
#1898=ORIENTED_EDGE('',*,*,#2872,.T.);
#1899=ORIENTED_EDGE('',*,*,#2444,.T.);
#1900=ORIENTED_EDGE('',*,*,#2446,.T.);
#1901=ORIENTED_EDGE('',*,*,#2873,.T.);
#1902=ORIENTED_EDGE('',*,*,#2874,.T.);
#1903=ORIENTED_EDGE('',*,*,#2495,.T.);
#1904=ORIENTED_EDGE('',*,*,#2875,.F.);
#1905=ORIENTED_EDGE('',*,*,#2603,.T.);
#1906=ORIENTED_EDGE('',*,*,#2481,.T.);
#1907=ORIENTED_EDGE('',*,*,#2874,.F.);
#1908=ORIENTED_EDGE('',*,*,#2876,.T.);
#1909=ORIENTED_EDGE('',*,*,#2875,.T.);
#1910=ORIENTED_EDGE('',*,*,#2877,.T.);
#1911=ORIENTED_EDGE('',*,*,#2869,.T.);
#1912=ORIENTED_EDGE('',*,*,#2878,.T.);
#1913=ORIENTED_EDGE('',*,*,#2871,.F.);
#1914=ORIENTED_EDGE('',*,*,#2543,.T.);
#1915=ORIENTED_EDGE('',*,*,#2865,.F.);
#1916=ORIENTED_EDGE('',*,*,#2879,.T.);
#1917=ORIENTED_EDGE('',*,*,#2866,.T.);
#1918=ORIENTED_EDGE('',*,*,#2432,.T.);
#1919=ORIENTED_EDGE('',*,*,#2880,.T.);
#1920=ORIENTED_EDGE('',*,*,#2881,.T.);
#1921=ORIENTED_EDGE('',*,*,#2435,.T.);
#1922=ORIENTED_EDGE('',*,*,#2882,.T.);
#1923=ORIENTED_EDGE('',*,*,#2862,.T.);
#1924=ORIENTED_EDGE('',*,*,#2883,.T.);
#1925=ORIENTED_EDGE('',*,*,#2864,.F.);
#1926=ORIENTED_EDGE('',*,*,#2468,.T.);
#1927=ORIENTED_EDGE('',*,*,#2884,.T.);
#1928=ORIENTED_EDGE('',*,*,#2885,.T.);
#1929=ORIENTED_EDGE('',*,*,#2474,.T.);
#1930=ORIENTED_EDGE('',*,*,#2876,.F.);
#1931=ORIENTED_EDGE('',*,*,#2602,.F.);
#1932=ORIENTED_EDGE('',*,*,#2850,.T.);
#1933=ORIENTED_EDGE('',*,*,#2604,.T.);
#1934=ORIENTED_EDGE('',*,*,#2601,.F.);
#1935=ORIENTED_EDGE('',*,*,#2600,.T.);
#1936=ORIENTED_EDGE('',*,*,#2886,.T.);
#1937=ORIENTED_EDGE('',*,*,#2886,.F.);
#1938=ORIENTED_EDGE('',*,*,#2597,.F.);
#1939=ORIENTED_EDGE('',*,*,#2887,.T.);
#1940=ORIENTED_EDGE('',*,*,#2599,.T.);
#1941=ORIENTED_EDGE('',*,*,#2887,.F.);
#1942=ORIENTED_EDGE('',*,*,#2593,.F.);
#1943=ORIENTED_EDGE('',*,*,#2851,.T.);
#1944=ORIENTED_EDGE('',*,*,#2595,.T.);
#1945=ORIENTED_EDGE('',*,*,#2879,.F.);
#1946=ORIENTED_EDGE('',*,*,#2589,.F.);
#1947=ORIENTED_EDGE('',*,*,#2852,.T.);
#1948=ORIENTED_EDGE('',*,*,#2591,.T.);
#1949=ORIENTED_EDGE('',*,*,#2878,.F.);
#1950=ORIENTED_EDGE('',*,*,#2585,.T.);
#1951=ORIENTED_EDGE('',*,*,#2859,.T.);
#1952=ORIENTED_EDGE('',*,*,#2587,.F.);
#1953=ORIENTED_EDGE('',*,*,#2584,.T.);
#1954=ORIENTED_EDGE('',*,*,#2583,.F.);
#1955=ORIENTED_EDGE('',*,*,#2888,.T.);
#1956=ORIENTED_EDGE('',*,*,#2888,.F.);
#1957=ORIENTED_EDGE('',*,*,#2580,.T.);
#1958=ORIENTED_EDGE('',*,*,#2889,.T.);
#1959=ORIENTED_EDGE('',*,*,#2582,.F.);
#1960=ORIENTED_EDGE('',*,*,#2889,.F.);
#1961=ORIENTED_EDGE('',*,*,#2576,.T.);
#1962=ORIENTED_EDGE('',*,*,#2860,.T.);
#1963=ORIENTED_EDGE('',*,*,#2578,.F.);
#1964=ORIENTED_EDGE('',*,*,#2883,.F.);
#1965=ORIENTED_EDGE('',*,*,#2572,.T.);
#1966=ORIENTED_EDGE('',*,*,#2861,.T.);
#1967=ORIENTED_EDGE('',*,*,#2574,.F.);
#1968=ORIENTED_EDGE('',*,*,#2882,.F.);
#1969=ORIENTED_EDGE('',*,*,#2569,.F.);
#1970=ORIENTED_EDGE('',*,*,#2890,.T.);
#1971=ORIENTED_EDGE('',*,*,#2571,.T.);
#1972=ORIENTED_EDGE('',*,*,#2470,.T.);
#1973=ORIENTED_EDGE('',*,*,#2473,.T.);
#1974=ORIENTED_EDGE('',*,*,#2890,.F.);
#1975=ORIENTED_EDGE('',*,*,#2565,.F.);
#1976=ORIENTED_EDGE('',*,*,#2856,.T.);
#1977=ORIENTED_EDGE('',*,*,#2567,.T.);
#1978=ORIENTED_EDGE('',*,*,#2564,.T.);
#1979=ORIENTED_EDGE('',*,*,#2563,.F.);
#1980=ORIENTED_EDGE('',*,*,#2891,.T.);
#1981=ORIENTED_EDGE('',*,*,#2891,.F.);
#1982=ORIENTED_EDGE('',*,*,#2560,.T.);
#1983=ORIENTED_EDGE('',*,*,#2570,.T.);
#1984=ORIENTED_EDGE('',*,*,#2562,.F.);
#1985=ORIENTED_EDGE('',*,*,#2892,.F.);
#1986=ORIENTED_EDGE('',*,*,#2557,.F.);
#1987=ORIENTED_EDGE('',*,*,#2863,.F.);
#1988=ORIENTED_EDGE('',*,*,#2558,.T.);
#1989=ORIENTED_EDGE('',*,*,#2555,.F.);
#1990=ORIENTED_EDGE('',*,*,#2554,.T.);
#1991=ORIENTED_EDGE('',*,*,#2892,.T.);
#1992=ORIENTED_EDGE('',*,*,#2553,.F.);
#1993=ORIENTED_EDGE('',*,*,#2552,.T.);
#1994=ORIENTED_EDGE('',*,*,#2893,.T.);
#1995=ORIENTED_EDGE('',*,*,#2893,.F.);
#1996=ORIENTED_EDGE('',*,*,#2549,.F.);
#1997=ORIENTED_EDGE('',*,*,#2894,.T.);
#1998=ORIENTED_EDGE('',*,*,#2551,.T.);
#1999=ORIENTED_EDGE('',*,*,#2894,.F.);
#2000=ORIENTED_EDGE('',*,*,#2545,.F.);
#2001=ORIENTED_EDGE('',*,*,#2857,.T.);
#2002=ORIENTED_EDGE('',*,*,#2547,.T.);
#2003=ORIENTED_EDGE('',*,*,#2895,.F.);
#2004=ORIENTED_EDGE('',*,*,#2542,.F.);
#2005=ORIENTED_EDGE('',*,*,#2896,.T.);
#2006=ORIENTED_EDGE('',*,*,#2544,.T.);
#2007=ORIENTED_EDGE('',*,*,#2896,.F.);
#2008=ORIENTED_EDGE('',*,*,#2536,.F.);
#2009=ORIENTED_EDGE('',*,*,#2858,.T.);
#2010=ORIENTED_EDGE('',*,*,#2538,.T.);
#2011=ORIENTED_EDGE('',*,*,#2535,.F.);
#2012=ORIENTED_EDGE('',*,*,#2534,.T.);
#2013=ORIENTED_EDGE('',*,*,#2897,.T.);
#2014=ORIENTED_EDGE('',*,*,#2897,.F.);
#2015=ORIENTED_EDGE('',*,*,#2530,.F.);
#2016=ORIENTED_EDGE('',*,*,#2895,.T.);
#2017=ORIENTED_EDGE('',*,*,#2532,.T.);
#2018=ORIENTED_EDGE('',*,*,#2898,.F.);
#2019=ORIENTED_EDGE('',*,*,#2527,.F.);
#2020=ORIENTED_EDGE('',*,*,#2533,.F.);
#2021=ORIENTED_EDGE('',*,*,#2528,.T.);
#2022=ORIENTED_EDGE('',*,*,#2525,.F.);
#2023=ORIENTED_EDGE('',*,*,#2524,.T.);
#2024=ORIENTED_EDGE('',*,*,#2898,.T.);
#2025=ORIENTED_EDGE('',*,*,#2870,.F.);
#2026=ORIENTED_EDGE('',*,*,#2522,.T.);
#2027=ORIENTED_EDGE('',*,*,#2899,.T.);
#2028=ORIENTED_EDGE('',*,*,#2523,.F.);
#2029=ORIENTED_EDGE('',*,*,#2455,.T.);
#2030=ORIENTED_EDGE('',*,*,#2460,.T.);
#2031=ORIENTED_EDGE('',*,*,#2899,.F.);
#2032=ORIENTED_EDGE('',*,*,#2518,.T.);
#2033=ORIENTED_EDGE('',*,*,#2845,.T.);
#2034=ORIENTED_EDGE('',*,*,#2520,.F.);
#2035=ORIENTED_EDGE('',*,*,#2517,.T.);
#2036=ORIENTED_EDGE('',*,*,#2516,.F.);
#2037=ORIENTED_EDGE('',*,*,#2900,.T.);
#2038=ORIENTED_EDGE('',*,*,#2900,.F.);
#2039=ORIENTED_EDGE('',*,*,#2512,.T.);
#2040=ORIENTED_EDGE('',*,*,#2511,.T.);
#2041=ORIENTED_EDGE('',*,*,#2514,.F.);
#2042=ORIENTED_EDGE('',*,*,#2901,.F.);
#2043=ORIENTED_EDGE('',*,*,#2509,.T.);
#2044=ORIENTED_EDGE('',*,*,#2877,.F.);
#2045=ORIENTED_EDGE('',*,*,#2510,.F.);
#2046=ORIENTED_EDGE('',*,*,#2507,.T.);
#2047=ORIENTED_EDGE('',*,*,#2506,.F.);
#2048=ORIENTED_EDGE('',*,*,#2901,.T.);
#2049=ORIENTED_EDGE('',*,*,#2505,.T.);
#2050=ORIENTED_EDGE('',*,*,#2504,.F.);
#2051=ORIENTED_EDGE('',*,*,#2902,.T.);
#2052=ORIENTED_EDGE('',*,*,#2902,.F.);
#2053=ORIENTED_EDGE('',*,*,#2501,.T.);
#2054=ORIENTED_EDGE('',*,*,#2903,.T.);
#2055=ORIENTED_EDGE('',*,*,#2503,.F.);
#2056=ORIENTED_EDGE('',*,*,#2903,.F.);
#2057=ORIENTED_EDGE('',*,*,#2497,.T.);
#2058=ORIENTED_EDGE('',*,*,#2846,.T.);
#2059=ORIENTED_EDGE('',*,*,#2499,.F.);
#2060=ORIENTED_EDGE('',*,*,#2485,.F.);
#2061=ORIENTED_EDGE('',*,*,#2494,.T.);
#2062=ORIENTED_EDGE('',*,*,#2904,.T.);
#2063=ORIENTED_EDGE('',*,*,#2496,.F.);
#2064=ORIENTED_EDGE('',*,*,#2904,.F.);
#2065=ORIENTED_EDGE('',*,*,#2488,.T.);
#2066=ORIENTED_EDGE('',*,*,#2847,.T.);
#2067=ORIENTED_EDGE('',*,*,#2490,.F.);
#2068=ORIENTED_EDGE('',*,*,#2487,.F.);
#2069=ORIENTED_EDGE('',*,*,#2486,.T.);
#2070=ORIENTED_EDGE('',*,*,#2905,.T.);
#2071=ORIENTED_EDGE('',*,*,#2905,.F.);
#2072=ORIENTED_EDGE('',*,*,#2482,.F.);
#2073=ORIENTED_EDGE('',*,*,#2906,.T.);
#2074=ORIENTED_EDGE('',*,*,#2484,.T.);
#2075=ORIENTED_EDGE('',*,*,#2907,.F.);
#2076=ORIENTED_EDGE('',*,*,#2479,.T.);
#2077=ORIENTED_EDGE('',*,*,#2906,.F.);
#2078=ORIENTED_EDGE('',*,*,#2480,.F.);
#2079=ORIENTED_EDGE('',*,*,#2477,.T.);
#2080=ORIENTED_EDGE('',*,*,#2476,.F.);
#2081=ORIENTED_EDGE('',*,*,#2907,.T.);
#2082=ORIENTED_EDGE('',*,*,#2908,.F.);
#2083=ORIENTED_EDGE('',*,*,#2472,.F.);
#2084=ORIENTED_EDGE('',*,*,#2909,.T.);
#2085=ORIENTED_EDGE('',*,*,#2475,.T.);
#2086=ORIENTED_EDGE('',*,*,#2885,.F.);
#2087=ORIENTED_EDGE('',*,*,#2467,.F.);
#2088=ORIENTED_EDGE('',*,*,#2466,.T.);
#2089=ORIENTED_EDGE('',*,*,#2908,.T.);
#2090=ORIENTED_EDGE('',*,*,#2884,.F.);
#2091=ORIENTED_EDGE('',*,*,#2909,.F.);
#2092=ORIENTED_EDGE('',*,*,#2462,.F.);
#2093=ORIENTED_EDGE('',*,*,#2814,.T.);
#2094=ORIENTED_EDGE('',*,*,#2464,.T.);
#2095=ORIENTED_EDGE('',*,*,#2868,.F.);
#2096=ORIENTED_EDGE('',*,*,#2458,.F.);
#2097=ORIENTED_EDGE('',*,*,#2910,.T.);
#2098=ORIENTED_EDGE('',*,*,#2461,.T.);
#2099=ORIENTED_EDGE('',*,*,#2911,.F.);
#2100=ORIENTED_EDGE('',*,*,#2453,.F.);
#2101=ORIENTED_EDGE('',*,*,#2452,.T.);
#2102=ORIENTED_EDGE('',*,*,#2867,.F.);
#2103=ORIENTED_EDGE('',*,*,#2911,.T.);
#2104=ORIENTED_EDGE('',*,*,#2910,.F.);
#2105=ORIENTED_EDGE('',*,*,#2448,.F.);
#2106=ORIENTED_EDGE('',*,*,#2815,.T.);
#2107=ORIENTED_EDGE('',*,*,#2450,.T.);
#2108=ORIENTED_EDGE('',*,*,#2873,.F.);
#2109=ORIENTED_EDGE('',*,*,#2445,.F.);
#2110=ORIENTED_EDGE('',*,*,#2912,.T.);
#2111=ORIENTED_EDGE('',*,*,#2447,.T.);
#2112=ORIENTED_EDGE('',*,*,#2913,.F.);
#2113=ORIENTED_EDGE('',*,*,#2493,.F.);
#2114=ORIENTED_EDGE('',*,*,#2914,.F.);
#2115=ORIENTED_EDGE('',*,*,#2442,.F.);
#2116=ORIENTED_EDGE('',*,*,#2441,.T.);
#2117=ORIENTED_EDGE('',*,*,#2872,.F.);
#2118=ORIENTED_EDGE('',*,*,#2914,.T.);
#2119=ORIENTED_EDGE('',*,*,#2492,.F.);
#2120=ORIENTED_EDGE('',*,*,#2913,.T.);
#2121=ORIENTED_EDGE('',*,*,#2912,.F.);
#2122=ORIENTED_EDGE('',*,*,#2437,.F.);
#2123=ORIENTED_EDGE('',*,*,#2816,.T.);
#2124=ORIENTED_EDGE('',*,*,#2439,.T.);
#2125=ORIENTED_EDGE('',*,*,#2915,.F.);
#2126=ORIENTED_EDGE('',*,*,#2434,.F.);
#2127=ORIENTED_EDGE('',*,*,#2916,.T.);
#2128=ORIENTED_EDGE('',*,*,#2436,.T.);
#2129=ORIENTED_EDGE('',*,*,#2881,.F.);
#2130=ORIENTED_EDGE('',*,*,#2917,.F.);
#2131=ORIENTED_EDGE('',*,*,#2541,.F.);
#2132=ORIENTED_EDGE('',*,*,#2431,.F.);
#2133=ORIENTED_EDGE('',*,*,#2430,.T.);
#2134=ORIENTED_EDGE('',*,*,#2915,.T.);
#2135=ORIENTED_EDGE('',*,*,#2540,.F.);
#2136=ORIENTED_EDGE('',*,*,#2917,.T.);
#2137=ORIENTED_EDGE('',*,*,#2880,.F.);
#2138=ORIENTED_EDGE('',*,*,#2916,.F.);
#2139=ORIENTED_EDGE('',*,*,#2426,.F.);
#2140=ORIENTED_EDGE('',*,*,#2817,.T.);
#2141=ORIENTED_EDGE('',*,*,#2428,.T.);
#2142=VERTEX_POINT('',#4924);
#2143=VERTEX_POINT('',#4925);
#2144=VERTEX_POINT('',#4927);
#2145=VERTEX_POINT('',#4929);
#2146=VERTEX_POINT('',#4933);
#2147=VERTEX_POINT('',#4934);
#2148=VERTEX_POINT('',#4936);
#2149=VERTEX_POINT('',#4941);
#2150=VERTEX_POINT('',#4949);
#2151=VERTEX_POINT('',#4953);
#2152=VERTEX_POINT('',#4954);
#2153=VERTEX_POINT('',#4956);
#2154=VERTEX_POINT('',#4958);
#2155=VERTEX_POINT('',#4962);
#2156=VERTEX_POINT('',#4963);
#2157=VERTEX_POINT('',#4965);
#2158=VERTEX_POINT('',#4967);
#2159=VERTEX_POINT('',#4974);
#2160=VERTEX_POINT('',#4982);
#2161=VERTEX_POINT('',#4983);
#2162=VERTEX_POINT('',#4985);
#2163=VERTEX_POINT('',#4987);
#2164=VERTEX_POINT('',#4991);
#2165=VERTEX_POINT('',#4992);
#2166=VERTEX_POINT('',#4994);
#2167=VERTEX_POINT('',#4996);
#2168=VERTEX_POINT('',#5003);
#2169=VERTEX_POINT('',#5005);
#2170=VERTEX_POINT('',#5012);
#2171=VERTEX_POINT('',#5026);
#2172=VERTEX_POINT('',#5027);
#2173=VERTEX_POINT('',#5029);
#2174=VERTEX_POINT('',#5031);
#2175=VERTEX_POINT('',#5035);
#2176=VERTEX_POINT('',#5036);
#2177=VERTEX_POINT('',#5038);
#2178=VERTEX_POINT('',#5043);
#2179=VERTEX_POINT('',#5045);
#2180=VERTEX_POINT('',#5052);
#2181=VERTEX_POINT('',#5066);
#2182=VERTEX_POINT('',#5070);
#2183=VERTEX_POINT('',#5071);
#2184=VERTEX_POINT('',#5073);
#2185=VERTEX_POINT('',#5077);
#2186=VERTEX_POINT('',#5079);
#2187=VERTEX_POINT('',#5086);
#2188=VERTEX_POINT('',#5088);
#2189=VERTEX_POINT('',#5096);
#2190=VERTEX_POINT('',#5100);
#2191=VERTEX_POINT('',#5101);
#2192=VERTEX_POINT('',#5103);
#2193=VERTEX_POINT('',#5105);
#2194=VERTEX_POINT('',#5114);
#2195=VERTEX_POINT('',#5115);
#2196=VERTEX_POINT('',#5130);
#2197=VERTEX_POINT('',#5131);
#2198=VERTEX_POINT('',#5133);
#2199=VERTEX_POINT('',#5135);
#2200=VERTEX_POINT('',#5139);
#2201=VERTEX_POINT('',#5141);
#2202=VERTEX_POINT('',#5145);
#2203=VERTEX_POINT('',#5149);
#2204=VERTEX_POINT('',#5150);
#2205=VERTEX_POINT('',#5152);
#2206=VERTEX_POINT('',#5156);
#2207=VERTEX_POINT('',#5158);
#2208=VERTEX_POINT('',#5165);
#2209=VERTEX_POINT('',#5167);
#2210=VERTEX_POINT('',#5175);
#2211=VERTEX_POINT('',#5179);
#2212=VERTEX_POINT('',#5180);
#2213=VERTEX_POINT('',#5182);
#2214=VERTEX_POINT('',#5184);
#2215=VERTEX_POINT('',#5191);
#2216=VERTEX_POINT('',#5192);
#2217=VERTEX_POINT('',#5194);
#2218=VERTEX_POINT('',#5198);
#2219=VERTEX_POINT('',#5200);
#2220=VERTEX_POINT('',#5207);
#2221=VERTEX_POINT('',#5209);
#2222=VERTEX_POINT('',#5217);
#2223=VERTEX_POINT('',#5221);
#2224=VERTEX_POINT('',#5222);
#2225=VERTEX_POINT('',#5224);
#2226=VERTEX_POINT('',#5226);
#2227=VERTEX_POINT('',#5235);
#2228=VERTEX_POINT('',#5236);
#2229=VERTEX_POINT('',#5251);
#2230=VERTEX_POINT('',#5252);
#2231=VERTEX_POINT('',#5254);
#2232=VERTEX_POINT('',#5256);
#2233=VERTEX_POINT('',#5260);
#2234=VERTEX_POINT('',#5262);
#2235=VERTEX_POINT('',#5266);
#2236=VERTEX_POINT('',#5270);
#2237=VERTEX_POINT('',#5271);
#2238=VERTEX_POINT('',#5273);
#2239=VERTEX_POINT('',#5277);
#2240=VERTEX_POINT('',#5279);
#2241=VERTEX_POINT('',#5286);
#2242=VERTEX_POINT('',#5288);
#2243=VERTEX_POINT('',#5292);
#2244=VERTEX_POINT('',#5296);
#2245=VERTEX_POINT('',#5297);
#2246=VERTEX_POINT('',#5299);
#2247=VERTEX_POINT('',#5301);
#2248=VERTEX_POINT('',#5312);
#2249=VERTEX_POINT('',#5313);
#2250=VERTEX_POINT('',#5315);
#2251=VERTEX_POINT('',#5317);
#2252=VERTEX_POINT('',#5321);
#2253=VERTEX_POINT('',#5322);
#2254=VERTEX_POINT('',#5324);
#2255=VERTEX_POINT('',#5326);
#2256=VERTEX_POINT('',#5330);
#2257=VERTEX_POINT('',#5332);
#2258=VERTEX_POINT('',#5336);
#2259=VERTEX_POINT('',#5340);
#2260=VERTEX_POINT('',#5341);
#2261=VERTEX_POINT('',#5343);
#2262=VERTEX_POINT('',#5345);
#2263=VERTEX_POINT('',#5349);
#2264=VERTEX_POINT('',#5350);
#2265=VERTEX_POINT('',#5352);
#2266=VERTEX_POINT('',#5354);
#2267=VERTEX_POINT('',#5358);
#2268=VERTEX_POINT('',#5359);
#2269=VERTEX_POINT('',#5361);
#2270=VERTEX_POINT('',#5363);
#2271=VERTEX_POINT('',#5367);
#2272=VERTEX_POINT('',#5369);
#2273=VERTEX_POINT('',#5373);
#2274=VERTEX_POINT('',#5377);
#2275=VERTEX_POINT('',#5378);
#2276=VERTEX_POINT('',#5380);
#2277=VERTEX_POINT('',#5382);
#2278=VERTEX_POINT('',#5386);
#2279=VERTEX_POINT('',#5387);
#2280=VERTEX_POINT('',#5389);
#2281=VERTEX_POINT('',#5391);
#2282=VERTEX_POINT('',#5395);
#2283=VERTEX_POINT('',#5396);
#2284=VERTEX_POINT('',#5401);
#2285=VERTEX_POINT('',#5402);
#2286=VERTEX_POINT('',#5407);
#2287=VERTEX_POINT('',#5408);
#2288=VERTEX_POINT('',#5413);
#2289=VERTEX_POINT('',#5414);
#2290=VERTEX_POINT('',#5419);
#2291=VERTEX_POINT('',#5420);
#2292=VERTEX_POINT('',#5425);
#2293=VERTEX_POINT('',#5426);
#2294=VERTEX_POINT('',#5434);
#2295=VERTEX_POINT('',#5435);
#2296=VERTEX_POINT('',#5437);
#2297=VERTEX_POINT('',#5439);
#2298=VERTEX_POINT('',#5441);
#2299=VERTEX_POINT('',#5443);
#2300=VERTEX_POINT('',#5445);
#2301=VERTEX_POINT('',#5447);
#2302=VERTEX_POINT('',#5467);
#2303=VERTEX_POINT('',#5468);
#2304=VERTEX_POINT('',#5470);
#2305=VERTEX_POINT('',#5472);
#2306=VERTEX_POINT('',#5476);
#2307=VERTEX_POINT('',#5477);
#2308=VERTEX_POINT('',#5482);
#2309=VERTEX_POINT('',#5483);
#2310=VERTEX_POINT('',#5488);
#2311=VERTEX_POINT('',#5489);
#2312=VERTEX_POINT('',#5494);
#2313=VERTEX_POINT('',#5495);
#2314=VERTEX_POINT('',#5500);
#2315=VERTEX_POINT('',#5501);
#2316=VERTEX_POINT('',#5506);
#2317=VERTEX_POINT('',#5507);
#2318=VERTEX_POINT('',#5515);
#2319=VERTEX_POINT('',#5516);
#2320=VERTEX_POINT('',#5518);
#2321=VERTEX_POINT('',#5520);
#2322=VERTEX_POINT('',#5524);
#2323=VERTEX_POINT('',#5525);
#2324=VERTEX_POINT('',#5530);
#2325=VERTEX_POINT('',#5531);
#2326=VERTEX_POINT('',#5536);
#2327=VERTEX_POINT('',#5537);
#2328=VERTEX_POINT('',#5542);
#2329=VERTEX_POINT('',#5543);
#2330=VERTEX_POINT('',#5548);
#2331=VERTEX_POINT('',#5549);
#2332=VERTEX_POINT('',#5554);
#2333=VERTEX_POINT('',#5555);
#2334=VERTEX_POINT('',#5563);
#2335=VERTEX_POINT('',#5564);
#2336=VERTEX_POINT('',#5566);
#2337=VERTEX_POINT('',#5568);
#2338=VERTEX_POINT('',#5572);
#2339=VERTEX_POINT('',#5573);
#2340=VERTEX_POINT('',#5578);
#2341=VERTEX_POINT('',#5579);
#2342=VERTEX_POINT('',#5584);
#2343=VERTEX_POINT('',#5585);
#2344=VERTEX_POINT('',#5590);
#2345=VERTEX_POINT('',#5591);
#2346=VERTEX_POINT('',#5596);
#2347=VERTEX_POINT('',#5597);
#2348=VERTEX_POINT('',#5602);
#2349=VERTEX_POINT('',#5603);
#2350=VERTEX_POINT('',#5611);
#2351=VERTEX_POINT('',#5612);
#2352=VERTEX_POINT('',#5614);
#2353=VERTEX_POINT('',#5616);
#2354=VERTEX_POINT('',#5620);
#2355=VERTEX_POINT('',#5621);
#2356=VERTEX_POINT('',#5626);
#2357=VERTEX_POINT('',#5627);
#2358=VERTEX_POINT('',#5632);
#2359=VERTEX_POINT('',#5633);
#2360=VERTEX_POINT('',#5638);
#2361=VERTEX_POINT('',#5639);
#2362=VERTEX_POINT('',#5644);
#2363=VERTEX_POINT('',#5645);
#2364=VERTEX_POINT('',#5650);
#2365=VERTEX_POINT('',#5651);
#2366=VERTEX_POINT('',#5659);
#2367=VERTEX_POINT('',#5661);
#2368=VERTEX_POINT('',#5665);
#2369=VERTEX_POINT('',#5667);
#2370=VERTEX_POINT('',#5671);
#2371=VERTEX_POINT('',#5673);
#2372=VERTEX_POINT('',#5677);
#2373=VERTEX_POINT('',#5679);
#2374=VERTEX_POINT('',#5683);
#2375=VERTEX_POINT('',#5685);
#2376=VERTEX_POINT('',#5689);
#2377=VERTEX_POINT('',#5691);
#2378=VERTEX_POINT('',#5695);
#2379=VERTEX_POINT('',#5697);
#2380=VERTEX_POINT('',#5701);
#2381=VERTEX_POINT('',#5703);
#2382=VERTEX_POINT('',#5707);
#2383=VERTEX_POINT('',#5709);
#2384=VERTEX_POINT('',#5713);
#2385=VERTEX_POINT('',#5715);
#2386=VERTEX_POINT('',#5719);
#2387=VERTEX_POINT('',#5721);
#2388=VERTEX_POINT('',#5725);
#2389=VERTEX_POINT('',#5727);
#2390=VERTEX_POINT('',#5731);
#2391=VERTEX_POINT('',#5733);
#2392=VERTEX_POINT('',#5737);
#2393=VERTEX_POINT('',#5739);
#2394=VERTEX_POINT('',#5743);
#2395=VERTEX_POINT('',#5745);
#2396=VERTEX_POINT('',#5749);
#2397=VERTEX_POINT('',#5751);
#2398=VERTEX_POINT('',#5791);
#2399=VERTEX_POINT('',#5792);
#2400=VERTEX_POINT('',#5794);
#2401=VERTEX_POINT('',#5796);
#2402=VERTEX_POINT('',#5798);
#2403=VERTEX_POINT('',#5800);
#2404=VERTEX_POINT('',#5802);
#2405=VERTEX_POINT('',#5804);
#2406=VERTEX_POINT('',#5812);
#2407=VERTEX_POINT('',#5813);
#2408=VERTEX_POINT('',#5818);
#2409=VERTEX_POINT('',#5822);
#2410=VERTEX_POINT('',#5826);
#2411=VERTEX_POINT('',#5830);
#2412=VERTEX_POINT('',#5834);
#2413=VERTEX_POINT('',#5838);
#2414=VERTEX_POINT('',#5844);
#2415=VERTEX_POINT('',#5845);
#2416=VERTEX_POINT('',#5847);
#2417=VERTEX_POINT('',#5849);
#2418=VERTEX_POINT('',#5851);
#2419=VERTEX_POINT('',#5853);
#2420=VERTEX_POINT('',#5855);
#2421=VERTEX_POINT('',#5857);
#2422=VERTEX_POINT('',#5902);
#2423=VERTEX_POINT('',#5918);
#2424=VERTEX_POINT('',#5939);
#2425=VERTEX_POINT('',#5954);
#2426=EDGE_CURVE('NONE',#2142,#2143,#2918,.T.);
#2427=EDGE_CURVE('NONE',#2144,#2143,#992,.T.);
#2428=EDGE_CURVE('NONE',#2145,#2144,#2919,.T.);
#2429=EDGE_CURVE('NONE',#2145,#2142,#993,.T.);
#2430=EDGE_CURVE('NONE',#2146,#2147,#2920,.T.);
#2431=EDGE_CURVE('NONE',#2146,#2148,#2921,.T.);
#2432=EDGE_CURVE('NONE',#2149,#2148,#217,.T.);
#2433=EDGE_CURVE('NONE',#2149,#2147,#994,.T.);
#2434=EDGE_CURVE('NONE',#2143,#2147,#2922,.T.);
#2435=EDGE_CURVE('NONE',#2150,#2149,#218,.T.);
#2436=EDGE_CURVE('NONE',#2144,#2150,#2923,.T.);
#2437=EDGE_CURVE('NONE',#2151,#2152,#2924,.T.);
#2438=EDGE_CURVE('NONE',#2153,#2152,#995,.T.);
#2439=EDGE_CURVE('NONE',#2154,#2153,#2925,.T.);
#2440=EDGE_CURVE('NONE',#2154,#2151,#996,.T.);
#2441=EDGE_CURVE('NONE',#2155,#2156,#2926,.T.);
#2442=EDGE_CURVE('NONE',#2155,#2157,#2927,.T.);
#2443=EDGE_CURVE('NONE',#2157,#2158,#997,.T.);
#2444=EDGE_CURVE('NONE',#2156,#2158,#219,.T.);
#2445=EDGE_CURVE('NONE',#2152,#2159,#2928,.T.);
#2446=EDGE_CURVE('NONE',#2158,#2159,#220,.T.);
#2447=EDGE_CURVE('NONE',#2153,#2157,#2929,.T.);
#2448=EDGE_CURVE('NONE',#2160,#2161,#2930,.T.);
#2449=EDGE_CURVE('NONE',#2162,#2161,#998,.T.);
#2450=EDGE_CURVE('NONE',#2163,#2162,#2931,.T.);
#2451=EDGE_CURVE('NONE',#2163,#2160,#999,.T.);
#2452=EDGE_CURVE('NONE',#2164,#2165,#2932,.T.);
#2453=EDGE_CURVE('NONE',#2164,#2166,#2933,.T.);
#2454=EDGE_CURVE('NONE',#2166,#2167,#1000,.T.);
#2455=EDGE_CURVE('NONE',#2168,#2167,#221,.T.);
#2456=EDGE_CURVE('NONE',#2168,#2169,#1001,.T.);
#2457=EDGE_CURVE('NONE',#2165,#2169,#222,.T.);
#2458=EDGE_CURVE('NONE',#2161,#2170,#2934,.T.);
#2459=EDGE_CURVE('NONE',#2169,#2170,#223,.T.);
#2460=EDGE_CURVE('NONE',#2167,#2168,#224,.T.);
#2461=EDGE_CURVE('NONE',#2162,#2166,#2935,.T.);
#2462=EDGE_CURVE('NONE',#2171,#2172,#2936,.T.);
#2463=EDGE_CURVE('NONE',#2173,#2172,#1002,.T.);
#2464=EDGE_CURVE('NONE',#2174,#2173,#2937,.T.);
#2465=EDGE_CURVE('NONE',#2174,#2171,#1003,.T.);
#2466=EDGE_CURVE('NONE',#2175,#2176,#2938,.T.);
#2467=EDGE_CURVE('NONE',#2175,#2177,#2939,.T.);
#2468=EDGE_CURVE('NONE',#2178,#2177,#225,.T.);
#2469=EDGE_CURVE('NONE',#2178,#2179,#1004,.T.);
#2470=EDGE_CURVE('NONE',#2180,#2179,#226,.T.);
#2471=EDGE_CURVE('NONE',#2180,#2176,#1005,.T.);
#2472=EDGE_CURVE('NONE',#2172,#2176,#2940,.T.);
#2473=EDGE_CURVE('NONE',#2179,#2180,#227,.T.);
#2474=EDGE_CURVE('NONE',#2181,#2178,#228,.T.);
#2475=EDGE_CURVE('NONE',#2173,#2181,#2941,.T.);
#2476=EDGE_CURVE('NONE',#2182,#2183,#2942,.T.);
#2477=EDGE_CURVE('NONE',#2184,#2183,#2943,.T.);
#2478=EDGE_CURVE('NONE',#2184,#2182,#1006,.T.);
#2479=EDGE_CURVE('NONE',#2182,#2185,#2944,.T.);
#2480=EDGE_CURVE('NONE',#2184,#2186,#2945,.T.);
#2481=EDGE_CURVE('NONE',#2185,#2186,#135,.T.);
#2482=EDGE_CURVE('NONE',#2186,#2187,#2946,.T.);
#2483=EDGE_CURVE('NONE',#2188,#2187,#1007,.T.);
#2484=EDGE_CURVE('NONE',#2185,#2188,#2947,.T.);
#2485=EDGE_CURVE('NONE',#2185,#2186,#136,.T.);
#2486=EDGE_CURVE('NONE',#2189,#2187,#2948,.T.);
#2487=EDGE_CURVE('NONE',#2189,#2188,#2949,.T.);
#2488=EDGE_CURVE('NONE',#2190,#2191,#2950,.T.);
#2489=EDGE_CURVE('NONE',#2192,#2190,#1008,.T.);
#2490=EDGE_CURVE('NONE',#2192,#2193,#2951,.T.);
#2491=EDGE_CURVE('NONE',#2193,#2191,#1009,.T.);
#2492=EDGE_CURVE('NONE',#2194,#2195,#229,.T.);
#2493=EDGE_CURVE('NONE',#2195,#2194,#230,.T.);
#2494=EDGE_CURVE('NONE',#2185,#2190,#2952,.T.);
#2495=EDGE_CURVE('NONE',#2186,#2185,#137,.T.);
#2496=EDGE_CURVE('NONE',#2186,#2192,#2953,.T.);
#2497=EDGE_CURVE('NONE',#2196,#2197,#2954,.T.);
#2498=EDGE_CURVE('NONE',#2198,#2196,#1010,.T.);
#2499=EDGE_CURVE('NONE',#2198,#2199,#2955,.T.);
#2500=EDGE_CURVE('NONE',#2199,#2197,#1011,.T.);
#2501=EDGE_CURVE('NONE',#2200,#2196,#2956,.T.);
#2502=EDGE_CURVE('NONE',#2201,#2200,#1012,.T.);
#2503=EDGE_CURVE('NONE',#2201,#2198,#2957,.T.);
#2504=EDGE_CURVE('NONE',#2200,#2202,#2958,.T.);
#2505=EDGE_CURVE('NONE',#2201,#2202,#2959,.T.);
#2506=EDGE_CURVE('NONE',#2203,#2204,#2960,.T.);
#2507=EDGE_CURVE('NONE',#2205,#2204,#2961,.T.);
#2508=EDGE_CURVE('NONE',#2205,#2203,#1013,.T.);
#2509=EDGE_CURVE('NONE',#2203,#2206,#2962,.T.);
#2510=EDGE_CURVE('NONE',#2205,#2207,#2963,.T.);
#2511=EDGE_CURVE('NONE',#2206,#2207,#138,.T.);
#2512=EDGE_CURVE('NONE',#2208,#2206,#2964,.T.);
#2513=EDGE_CURVE('NONE',#2209,#2208,#1014,.T.);
#2514=EDGE_CURVE('NONE',#2209,#2207,#2965,.T.);
#2515=EDGE_CURVE('NONE',#2207,#2206,#139,.T.);
#2516=EDGE_CURVE('NONE',#2208,#2210,#2966,.T.);
#2517=EDGE_CURVE('NONE',#2209,#2210,#2967,.T.);
#2518=EDGE_CURVE('NONE',#2211,#2212,#2968,.T.);
#2519=EDGE_CURVE('NONE',#2213,#2211,#1015,.T.);
#2520=EDGE_CURVE('NONE',#2213,#2214,#2969,.T.);
#2521=EDGE_CURVE('NONE',#2214,#2212,#1016,.T.);
#2522=EDGE_CURVE('NONE',#2206,#2211,#2970,.T.);
#2523=EDGE_CURVE('NONE',#2207,#2213,#2971,.T.);
#2524=EDGE_CURVE('NONE',#2215,#2216,#2972,.T.);
#2525=EDGE_CURVE('NONE',#2215,#2217,#2973,.T.);
#2526=EDGE_CURVE('NONE',#2217,#2216,#1017,.T.);
#2527=EDGE_CURVE('NONE',#2218,#2216,#2974,.T.);
#2528=EDGE_CURVE('NONE',#2219,#2217,#2975,.T.);
#2529=EDGE_CURVE('NONE',#2218,#2219,#140,.T.);
#2530=EDGE_CURVE('NONE',#2218,#2220,#2976,.T.);
#2531=EDGE_CURVE('NONE',#2221,#2220,#1018,.T.);
#2532=EDGE_CURVE('NONE',#2219,#2221,#2977,.T.);
#2533=EDGE_CURVE('NONE',#2219,#2218,#141,.T.);
#2534=EDGE_CURVE('NONE',#2222,#2220,#2978,.T.);
#2535=EDGE_CURVE('NONE',#2222,#2221,#2979,.T.);
#2536=EDGE_CURVE('NONE',#2223,#2224,#2980,.T.);
#2537=EDGE_CURVE('NONE',#2225,#2224,#1019,.T.);
#2538=EDGE_CURVE('NONE',#2226,#2225,#2981,.T.);
#2539=EDGE_CURVE('NONE',#2226,#2223,#1020,.T.);
#2540=EDGE_CURVE('NONE',#2227,#2228,#231,.T.);
#2541=EDGE_CURVE('NONE',#2228,#2227,#232,.T.);
#2542=EDGE_CURVE('NONE',#2224,#2218,#2982,.T.);
#2543=EDGE_CURVE('NONE',#2219,#2218,#142,.T.);
#2544=EDGE_CURVE('NONE',#2225,#2219,#2983,.T.);
#2545=EDGE_CURVE('NONE',#2229,#2230,#2984,.T.);
#2546=EDGE_CURVE('NONE',#2231,#2230,#1021,.T.);
#2547=EDGE_CURVE('NONE',#2232,#2231,#2985,.T.);
#2548=EDGE_CURVE('NONE',#2232,#2229,#1022,.T.);
#2549=EDGE_CURVE('NONE',#2230,#2233,#2986,.T.);
#2550=EDGE_CURVE('NONE',#2234,#2233,#1023,.T.);
#2551=EDGE_CURVE('NONE',#2231,#2234,#2987,.T.);
#2552=EDGE_CURVE('NONE',#2235,#2233,#2988,.T.);
#2553=EDGE_CURVE('NONE',#2235,#2234,#2989,.T.);
#2554=EDGE_CURVE('NONE',#2236,#2237,#2990,.T.);
#2555=EDGE_CURVE('NONE',#2236,#2238,#2991,.T.);
#2556=EDGE_CURVE('NONE',#2238,#2237,#1024,.T.);
#2557=EDGE_CURVE('NONE',#2239,#2237,#2992,.T.);
#2558=EDGE_CURVE('NONE',#2240,#2238,#2993,.T.);
#2559=EDGE_CURVE('NONE',#2239,#2240,#143,.T.);
#2560=EDGE_CURVE('NONE',#2241,#2240,#2994,.T.);
#2561=EDGE_CURVE('NONE',#2242,#2241,#1025,.T.);
#2562=EDGE_CURVE('NONE',#2242,#2239,#2995,.T.);
#2563=EDGE_CURVE('NONE',#2241,#2243,#2996,.T.);
#2564=EDGE_CURVE('NONE',#2242,#2243,#2997,.T.);
#2565=EDGE_CURVE('NONE',#2244,#2245,#2998,.T.);
#2566=EDGE_CURVE('NONE',#2246,#2245,#1026,.T.);
#2567=EDGE_CURVE('NONE',#2247,#2246,#2999,.T.);
#2568=EDGE_CURVE('NONE',#2247,#2244,#1027,.T.);
#2569=EDGE_CURVE('NONE',#2245,#2239,#3000,.T.);
#2570=EDGE_CURVE('NONE',#2240,#2239,#144,.T.);
#2571=EDGE_CURVE('NONE',#2246,#2240,#3001,.T.);
#2572=EDGE_CURVE('NONE',#2248,#2249,#3002,.T.);
#2573=EDGE_CURVE('NONE',#2250,#2248,#1028,.T.);
#2574=EDGE_CURVE('NONE',#2250,#2251,#3003,.T.);
#2575=EDGE_CURVE('NONE',#2251,#2249,#1029,.T.);
#2576=EDGE_CURVE('NONE',#2252,#2253,#3004,.T.);
#2577=EDGE_CURVE('NONE',#2254,#2252,#1030,.T.);
#2578=EDGE_CURVE('NONE',#2254,#2255,#3005,.T.);
#2579=EDGE_CURVE('NONE',#2255,#2253,#1031,.T.);
#2580=EDGE_CURVE('NONE',#2256,#2252,#3006,.T.);
#2581=EDGE_CURVE('NONE',#2257,#2256,#1032,.T.);
#2582=EDGE_CURVE('NONE',#2257,#2254,#3007,.T.);
#2583=EDGE_CURVE('NONE',#2256,#2258,#3008,.T.);
#2584=EDGE_CURVE('NONE',#2257,#2258,#3009,.T.);
#2585=EDGE_CURVE('NONE',#2259,#2260,#3010,.T.);
#2586=EDGE_CURVE('NONE',#2261,#2259,#1033,.T.);
#2587=EDGE_CURVE('NONE',#2261,#2262,#3011,.T.);
#2588=EDGE_CURVE('NONE',#2262,#2260,#1034,.T.);
#2589=EDGE_CURVE('NONE',#2263,#2264,#3012,.T.);
#2590=EDGE_CURVE('NONE',#2265,#2264,#1035,.T.);
#2591=EDGE_CURVE('NONE',#2266,#2265,#3013,.T.);
#2592=EDGE_CURVE('NONE',#2266,#2263,#1036,.T.);
#2593=EDGE_CURVE('NONE',#2267,#2268,#3014,.T.);
#2594=EDGE_CURVE('NONE',#2269,#2268,#1037,.T.);
#2595=EDGE_CURVE('NONE',#2270,#2269,#3015,.T.);
#2596=EDGE_CURVE('NONE',#2270,#2267,#1038,.T.);
#2597=EDGE_CURVE('NONE',#2268,#2271,#3016,.T.);
#2598=EDGE_CURVE('NONE',#2272,#2271,#1039,.T.);
#2599=EDGE_CURVE('NONE',#2269,#2272,#3017,.T.);
#2600=EDGE_CURVE('NONE',#2273,#2271,#3018,.T.);
#2601=EDGE_CURVE('NONE',#2273,#2272,#3019,.T.);
#2602=EDGE_CURVE('NONE',#2274,#2275,#3020,.T.);
#2603=EDGE_CURVE('NONE',#2276,#2275,#1040,.T.);
#2604=EDGE_CURVE('NONE',#2277,#2276,#3021,.T.);
#2605=EDGE_CURVE('NONE',#2277,#2274,#1041,.T.);
#2606=EDGE_CURVE('NONE',#2278,#2279,#3022,.T.);
#2607=EDGE_CURVE('NONE',#2280,#2279,#1042,.T.);
#2608=EDGE_CURVE('NONE',#2280,#2281,#3023,.T.);
#2609=EDGE_CURVE('NONE',#2278,#2281,#1043,.T.);
#2610=EDGE_CURVE('NONE',#2282,#2283,#3024,.T.);
#2611=EDGE_CURVE('NONE',#2281,#2283,#3025,.T.);
#2612=EDGE_CURVE('NONE',#2282,#2280,#3026,.T.);
#2613=EDGE_CURVE('NONE',#2284,#2285,#3027,.T.);
#2614=EDGE_CURVE('NONE',#2279,#2285,#3028,.T.);
#2615=EDGE_CURVE('NONE',#2284,#2278,#3029,.T.);
#2616=EDGE_CURVE('NONE',#2286,#2287,#3030,.T.);
#2617=EDGE_CURVE('NONE',#2283,#2287,#1044,.T.);
#2618=EDGE_CURVE('NONE',#2286,#2282,#1045,.T.);
#2619=EDGE_CURVE('NONE',#2288,#2289,#3031,.T.);
#2620=EDGE_CURVE('NONE',#2285,#2289,#1046,.T.);
#2621=EDGE_CURVE('NONE',#2288,#2284,#1047,.T.);
#2622=EDGE_CURVE('NONE',#2290,#2291,#3032,.T.);
#2623=EDGE_CURVE('NONE',#2287,#2291,#3033,.T.);
#2624=EDGE_CURVE('NONE',#2290,#2286,#3034,.T.);
#2625=EDGE_CURVE('NONE',#2292,#2293,#3035,.T.);
#2626=EDGE_CURVE('NONE',#2289,#2293,#3036,.T.);
#2627=EDGE_CURVE('NONE',#2292,#2288,#3037,.T.);
#2628=EDGE_CURVE('NONE',#2293,#2290,#1048,.T.);
#2629=EDGE_CURVE('NONE',#2291,#2292,#1049,.T.);
#2630=EDGE_CURVE('NONE',#2294,#2295,#1050,.T.);
#2631=EDGE_CURVE('NONE',#2295,#2296,#3038,.T.);
#2632=EDGE_CURVE('NONE',#2296,#2297,#1051,.T.);
#2633=EDGE_CURVE('NONE',#2297,#2298,#3039,.T.);
#2634=EDGE_CURVE('NONE',#2298,#2299,#1052,.T.);
#2635=EDGE_CURVE('NONE',#2299,#2300,#3040,.T.);
#2636=EDGE_CURVE('NONE',#2300,#2301,#1053,.T.);
#2637=EDGE_CURVE('NONE',#2301,#2294,#3041,.T.);
#2638=EDGE_CURVE('NONE',#2295,#2284,#3042,.T.);
#2639=EDGE_CURVE('NONE',#2296,#2278,#3043,.T.);
#2640=EDGE_CURVE('NONE',#2297,#2281,#3044,.T.);
#2641=EDGE_CURVE('NONE',#2298,#2283,#3045,.T.);
#2642=EDGE_CURVE('NONE',#2299,#2287,#3046,.T.);
#2643=EDGE_CURVE('NONE',#2300,#2291,#3047,.T.);
#2644=EDGE_CURVE('NONE',#2301,#2292,#3048,.T.);
#2645=EDGE_CURVE('NONE',#2294,#2288,#3049,.T.);
#2646=EDGE_CURVE('NONE',#2302,#2303,#3050,.T.);
#2647=EDGE_CURVE('NONE',#2304,#2303,#1054,.T.);
#2648=EDGE_CURVE('NONE',#2304,#2305,#3051,.T.);
#2649=EDGE_CURVE('NONE',#2302,#2305,#1055,.T.);
#2650=EDGE_CURVE('NONE',#2306,#2307,#3052,.T.);
#2651=EDGE_CURVE('NONE',#2305,#2307,#3053,.T.);
#2652=EDGE_CURVE('NONE',#2306,#2304,#3054,.T.);
#2653=EDGE_CURVE('NONE',#2308,#2309,#3055,.T.);
#2654=EDGE_CURVE('NONE',#2303,#2309,#3056,.T.);
#2655=EDGE_CURVE('NONE',#2308,#2302,#3057,.T.);
#2656=EDGE_CURVE('NONE',#2310,#2311,#3058,.T.);
#2657=EDGE_CURVE('NONE',#2307,#2311,#1056,.T.);
#2658=EDGE_CURVE('NONE',#2310,#2306,#1057,.T.);
#2659=EDGE_CURVE('NONE',#2312,#2313,#3059,.T.);
#2660=EDGE_CURVE('NONE',#2309,#2313,#1058,.T.);
#2661=EDGE_CURVE('NONE',#2312,#2308,#1059,.T.);
#2662=EDGE_CURVE('NONE',#2314,#2315,#3060,.T.);
#2663=EDGE_CURVE('NONE',#2311,#2315,#3061,.T.);
#2664=EDGE_CURVE('NONE',#2314,#2310,#3062,.T.);
#2665=EDGE_CURVE('NONE',#2316,#2317,#3063,.T.);
#2666=EDGE_CURVE('NONE',#2313,#2317,#3064,.T.);
#2667=EDGE_CURVE('NONE',#2316,#2312,#3065,.T.);
#2668=EDGE_CURVE('NONE',#2317,#2314,#1060,.T.);
#2669=EDGE_CURVE('NONE',#2315,#2316,#1061,.T.);
#2670=EDGE_CURVE('NONE',#2318,#2319,#3066,.T.);
#2671=EDGE_CURVE('NONE',#2320,#2319,#1062,.T.);
#2672=EDGE_CURVE('NONE',#2320,#2321,#3067,.T.);
#2673=EDGE_CURVE('NONE',#2318,#2321,#1063,.T.);
#2674=EDGE_CURVE('NONE',#2322,#2323,#3068,.T.);
#2675=EDGE_CURVE('NONE',#2321,#2323,#3069,.T.);
#2676=EDGE_CURVE('NONE',#2322,#2320,#3070,.T.);
#2677=EDGE_CURVE('NONE',#2324,#2325,#3071,.T.);
#2678=EDGE_CURVE('NONE',#2319,#2325,#3072,.T.);
#2679=EDGE_CURVE('NONE',#2324,#2318,#3073,.T.);
#2680=EDGE_CURVE('NONE',#2326,#2327,#3074,.T.);
#2681=EDGE_CURVE('NONE',#2323,#2327,#1064,.T.);
#2682=EDGE_CURVE('NONE',#2326,#2322,#1065,.T.);
#2683=EDGE_CURVE('NONE',#2328,#2329,#3075,.T.);
#2684=EDGE_CURVE('NONE',#2325,#2329,#1066,.T.);
#2685=EDGE_CURVE('NONE',#2328,#2324,#1067,.T.);
#2686=EDGE_CURVE('NONE',#2330,#2331,#3076,.T.);
#2687=EDGE_CURVE('NONE',#2327,#2331,#3077,.T.);
#2688=EDGE_CURVE('NONE',#2330,#2326,#3078,.T.);
#2689=EDGE_CURVE('NONE',#2332,#2333,#3079,.T.);
#2690=EDGE_CURVE('NONE',#2329,#2333,#3080,.T.);
#2691=EDGE_CURVE('NONE',#2332,#2328,#3081,.T.);
#2692=EDGE_CURVE('NONE',#2333,#2330,#1068,.T.);
#2693=EDGE_CURVE('NONE',#2331,#2332,#1069,.T.);
#2694=EDGE_CURVE('NONE',#2334,#2335,#3082,.T.);
#2695=EDGE_CURVE('NONE',#2336,#2335,#1070,.T.);
#2696=EDGE_CURVE('NONE',#2336,#2337,#3083,.T.);
#2697=EDGE_CURVE('NONE',#2334,#2337,#1071,.T.);
#2698=EDGE_CURVE('NONE',#2338,#2339,#3084,.T.);
#2699=EDGE_CURVE('NONE',#2337,#2339,#3085,.T.);
#2700=EDGE_CURVE('NONE',#2338,#2336,#3086,.T.);
#2701=EDGE_CURVE('NONE',#2340,#2341,#3087,.T.);
#2702=EDGE_CURVE('NONE',#2335,#2341,#3088,.T.);
#2703=EDGE_CURVE('NONE',#2340,#2334,#3089,.T.);
#2704=EDGE_CURVE('NONE',#2342,#2343,#3090,.T.);
#2705=EDGE_CURVE('NONE',#2339,#2343,#1072,.T.);
#2706=EDGE_CURVE('NONE',#2342,#2338,#1073,.T.);
#2707=EDGE_CURVE('NONE',#2344,#2345,#3091,.T.);
#2708=EDGE_CURVE('NONE',#2341,#2345,#1074,.T.);
#2709=EDGE_CURVE('NONE',#2344,#2340,#1075,.T.);
#2710=EDGE_CURVE('NONE',#2346,#2347,#3092,.T.);
#2711=EDGE_CURVE('NONE',#2343,#2347,#3093,.T.);
#2712=EDGE_CURVE('NONE',#2346,#2342,#3094,.T.);
#2713=EDGE_CURVE('NONE',#2348,#2349,#3095,.T.);
#2714=EDGE_CURVE('NONE',#2345,#2349,#3096,.T.);
#2715=EDGE_CURVE('NONE',#2348,#2344,#3097,.T.);
#2716=EDGE_CURVE('NONE',#2349,#2346,#1076,.T.);
#2717=EDGE_CURVE('NONE',#2347,#2348,#1077,.T.);
#2718=EDGE_CURVE('NONE',#2350,#2351,#3098,.T.);
#2719=EDGE_CURVE('NONE',#2352,#2351,#1078,.T.);
#2720=EDGE_CURVE('NONE',#2352,#2353,#3099,.T.);
#2721=EDGE_CURVE('NONE',#2350,#2353,#1079,.T.);
#2722=EDGE_CURVE('NONE',#2354,#2355,#3100,.T.);
#2723=EDGE_CURVE('NONE',#2353,#2355,#3101,.T.);
#2724=EDGE_CURVE('NONE',#2354,#2352,#3102,.T.);
#2725=EDGE_CURVE('NONE',#2356,#2357,#3103,.T.);
#2726=EDGE_CURVE('NONE',#2351,#2357,#3104,.T.);
#2727=EDGE_CURVE('NONE',#2356,#2350,#3105,.T.);
#2728=EDGE_CURVE('NONE',#2358,#2359,#3106,.T.);
#2729=EDGE_CURVE('NONE',#2355,#2359,#1080,.T.);
#2730=EDGE_CURVE('NONE',#2358,#2354,#1081,.T.);
#2731=EDGE_CURVE('NONE',#2360,#2361,#3107,.T.);
#2732=EDGE_CURVE('NONE',#2357,#2361,#1082,.T.);
#2733=EDGE_CURVE('NONE',#2360,#2356,#1083,.T.);
#2734=EDGE_CURVE('NONE',#2362,#2363,#3108,.T.);
#2735=EDGE_CURVE('NONE',#2359,#2363,#3109,.T.);
#2736=EDGE_CURVE('NONE',#2362,#2358,#3110,.T.);
#2737=EDGE_CURVE('NONE',#2364,#2365,#3111,.T.);
#2738=EDGE_CURVE('NONE',#2361,#2365,#3112,.T.);
#2739=EDGE_CURVE('NONE',#2364,#2360,#3113,.T.);
#2740=EDGE_CURVE('NONE',#2365,#2362,#1084,.T.);
#2741=EDGE_CURVE('NONE',#2363,#2364,#1085,.T.);
#2742=EDGE_CURVE('NONE',#2358,#2366,#3114,.T.);
#2743=EDGE_CURVE('NONE',#2367,#2354,#3115,.T.);
#2744=EDGE_CURVE('NONE',#2366,#2367,#1086,.T.);
#2745=EDGE_CURVE('NONE',#2365,#2368,#3116,.T.);
#2746=EDGE_CURVE('NONE',#2369,#2362,#3117,.T.);
#2747=EDGE_CURVE('NONE',#2368,#2369,#1087,.T.);
#2748=EDGE_CURVE('NONE',#2357,#2370,#3118,.T.);
#2749=EDGE_CURVE('NONE',#2371,#2361,#3119,.T.);
#2750=EDGE_CURVE('NONE',#2370,#2371,#1088,.T.);
#2751=EDGE_CURVE('NONE',#2352,#2372,#3120,.T.);
#2752=EDGE_CURVE('NONE',#2373,#2351,#3121,.T.);
#2753=EDGE_CURVE('NONE',#2372,#2373,#1089,.T.);
#2754=EDGE_CURVE('NONE',#2349,#2374,#3122,.T.);
#2755=EDGE_CURVE('NONE',#2375,#2346,#3123,.T.);
#2756=EDGE_CURVE('NONE',#2374,#2375,#1090,.T.);
#2757=EDGE_CURVE('NONE',#2341,#2376,#3124,.T.);
#2758=EDGE_CURVE('NONE',#2377,#2345,#3125,.T.);
#2759=EDGE_CURVE('NONE',#2376,#2377,#1091,.T.);
#2760=EDGE_CURVE('NONE',#2336,#2378,#3126,.T.);
#2761=EDGE_CURVE('NONE',#2379,#2335,#3127,.T.);
#2762=EDGE_CURVE('NONE',#2378,#2379,#1092,.T.);
#2763=EDGE_CURVE('NONE',#2342,#2380,#3128,.T.);
#2764=EDGE_CURVE('NONE',#2381,#2338,#3129,.T.);
#2765=EDGE_CURVE('NONE',#2380,#2381,#1093,.T.);
#2766=EDGE_CURVE('NONE',#2326,#2382,#3130,.T.);
#2767=EDGE_CURVE('NONE',#2383,#2322,#3131,.T.);
#2768=EDGE_CURVE('NONE',#2382,#2383,#1094,.T.);
#2769=EDGE_CURVE('NONE',#2333,#2384,#3132,.T.);
#2770=EDGE_CURVE('NONE',#2385,#2330,#3133,.T.);
#2771=EDGE_CURVE('NONE',#2384,#2385,#1095,.T.);
#2772=EDGE_CURVE('NONE',#2325,#2386,#3134,.T.);
#2773=EDGE_CURVE('NONE',#2387,#2329,#3135,.T.);
#2774=EDGE_CURVE('NONE',#2386,#2387,#1096,.T.);
#2775=EDGE_CURVE('NONE',#2320,#2388,#3136,.T.);
#2776=EDGE_CURVE('NONE',#2389,#2319,#3137,.T.);
#2777=EDGE_CURVE('NONE',#2388,#2389,#1097,.T.);
#2778=EDGE_CURVE('NONE',#2310,#2390,#3138,.T.);
#2779=EDGE_CURVE('NONE',#2391,#2306,#3139,.T.);
#2780=EDGE_CURVE('NONE',#2390,#2391,#1098,.T.);
#2781=EDGE_CURVE('NONE',#2317,#2392,#3140,.T.);
#2782=EDGE_CURVE('NONE',#2393,#2314,#3141,.T.);
#2783=EDGE_CURVE('NONE',#2392,#2393,#1099,.T.);
#2784=EDGE_CURVE('NONE',#2309,#2394,#3142,.T.);
#2785=EDGE_CURVE('NONE',#2395,#2313,#3143,.T.);
#2786=EDGE_CURVE('NONE',#2394,#2395,#1100,.T.);
#2787=EDGE_CURVE('NONE',#2304,#2396,#3144,.T.);
#2788=EDGE_CURVE('NONE',#2397,#2303,#3145,.T.);
#2789=EDGE_CURVE('NONE',#2396,#2397,#1101,.T.);
#2790=EDGE_CURVE('NONE',#2396,#2391,#3146,.T.);
#2791=EDGE_CURVE('NONE',#2394,#2397,#3147,.T.);
#2792=EDGE_CURVE('NONE',#2392,#2395,#3148,.T.);
#2793=EDGE_CURVE('NONE',#2390,#2393,#3149,.T.);
#2794=EDGE_CURVE('NONE',#2375,#2380,#3150,.T.);
#2795=EDGE_CURVE('NONE',#2381,#2378,#3151,.T.);
#2796=EDGE_CURVE('NONE',#2379,#2376,#3152,.T.);
#2797=EDGE_CURVE('NONE',#2377,#2374,#3153,.T.);
#2798=EDGE_CURVE('NONE',#2388,#2383,#3154,.T.);
#2799=EDGE_CURVE('NONE',#2386,#2389,#3155,.T.);
#2800=EDGE_CURVE('NONE',#2384,#2387,#3156,.T.);
#2801=EDGE_CURVE('NONE',#2382,#2385,#3157,.T.);
#2802=EDGE_CURVE('NONE',#2367,#2372,#3158,.T.);
#2803=EDGE_CURVE('NONE',#2373,#2370,#3159,.T.);
#2804=EDGE_CURVE('NONE',#2371,#2368,#3160,.T.);
#2805=EDGE_CURVE('NONE',#2369,#2366,#3161,.T.);
#2806=EDGE_CURVE('NONE',#2398,#2399,#1102,.T.);
#2807=EDGE_CURVE('NONE',#2399,#2400,#3162,.T.);
#2808=EDGE_CURVE('NONE',#2400,#2401,#3163,.T.);
#2809=EDGE_CURVE('NONE',#2401,#2402,#3164,.T.);
#2810=EDGE_CURVE('NONE',#2402,#2403,#1103,.T.);
#2811=EDGE_CURVE('NONE',#2403,#2404,#3165,.T.);
#2812=EDGE_CURVE('NONE',#2404,#2405,#3166,.T.);
#2813=EDGE_CURVE('NONE',#2405,#2398,#3167,.T.);
#2814=EDGE_CURVE('NONE',#2171,#2174,#1104,.T.);
#2815=EDGE_CURVE('NONE',#2160,#2163,#1105,.T.);
#2816=EDGE_CURVE('NONE',#2151,#2154,#1106,.T.);
#2817=EDGE_CURVE('NONE',#2142,#2145,#1107,.T.);
#2818=EDGE_CURVE('NONE',#2406,#2407,#3168,.T.);
#2819=EDGE_CURVE('NONE',#2398,#2407,#3169,.T.);
#2820=EDGE_CURVE('NONE',#2405,#2406,#3170,.T.);
#2821=EDGE_CURVE('NONE',#2408,#2406,#3171,.T.);
#2822=EDGE_CURVE('NONE',#2404,#2408,#3172,.T.);
#2823=EDGE_CURVE('NONE',#2409,#2408,#3173,.T.);
#2824=EDGE_CURVE('NONE',#2403,#2409,#3174,.T.);
#2825=EDGE_CURVE('NONE',#2410,#2409,#1108,.T.);
#2826=EDGE_CURVE('NONE',#2402,#2410,#3175,.T.);
#2827=EDGE_CURVE('NONE',#2411,#2410,#3176,.T.);
#2828=EDGE_CURVE('NONE',#2401,#2411,#3177,.T.);
#2829=EDGE_CURVE('NONE',#2412,#2411,#3178,.T.);
#2830=EDGE_CURVE('NONE',#2400,#2412,#3179,.T.);
#2831=EDGE_CURVE('NONE',#2413,#2412,#3180,.T.);
#2832=EDGE_CURVE('NONE',#2399,#2413,#3181,.T.);
#2833=EDGE_CURVE('NONE',#2407,#2413,#1109,.T.);
#2834=EDGE_CURVE('NONE',#2414,#2415,#3182,.T.);
#2835=EDGE_CURVE('NONE',#2416,#2414,#3183,.T.);
#2836=EDGE_CURVE('NONE',#2417,#2416,#3184,.T.);
#2837=EDGE_CURVE('NONE',#2418,#2417,#1110,.T.);
#2838=EDGE_CURVE('NONE',#2419,#2418,#3185,.T.);
#2839=EDGE_CURVE('NONE',#2420,#2419,#3186,.T.);
#2840=EDGE_CURVE('NONE',#2421,#2420,#3187,.T.);
#2841=EDGE_CURVE('NONE',#2415,#2421,#1111,.T.);
#2842=EDGE_CURVE('NONE',#2415,#2410,#3188,.T.);
#2843=EDGE_CURVE('NONE',#2421,#2409,#3189,.T.);
#2844=EDGE_CURVE('NONE',#2420,#2408,#3190,.T.);
#2845=EDGE_CURVE('NONE',#2212,#2214,#1112,.T.);
#2846=EDGE_CURVE('NONE',#2197,#2199,#1113,.T.);
#2847=EDGE_CURVE('NONE',#2191,#2193,#1114,.T.);
#2848=EDGE_CURVE('NONE',#2419,#2406,#3191,.T.);
#2849=EDGE_CURVE('NONE',#2418,#2407,#3192,.T.);
#2850=EDGE_CURVE('NONE',#2274,#2277,#1115,.T.);
#2851=EDGE_CURVE('NONE',#2267,#2270,#1116,.T.);
#2852=EDGE_CURVE('NONE',#2263,#2266,#1117,.T.);
#2853=EDGE_CURVE('NONE',#2417,#2413,#3193,.T.);
#2854=EDGE_CURVE('NONE',#2416,#2412,#3194,.T.);
#2855=EDGE_CURVE('NONE',#2414,#2411,#3195,.T.);
#2856=EDGE_CURVE('NONE',#2244,#2247,#1118,.T.);
#2857=EDGE_CURVE('NONE',#2229,#2232,#1119,.T.);
#2858=EDGE_CURVE('NONE',#2223,#2226,#1120,.T.);
#2859=EDGE_CURVE('NONE',#2260,#2262,#1121,.T.);
#2860=EDGE_CURVE('NONE',#2253,#2255,#1122,.T.);
#2861=EDGE_CURVE('NONE',#2249,#2251,#1123,.T.);
#2862=EDGE_CURVE('NONE',#2240,#2248,#3196,.T.);
#2863=EDGE_CURVE('NONE',#2240,#2239,#145,.T.);
#2864=EDGE_CURVE('NONE',#2239,#2250,#3197,.T.);
#2865=EDGE_CURVE('NONE',#2264,#2218,#3198,.T.);
#2866=EDGE_CURVE('NONE',#2265,#2219,#3199,.T.);
#2867=EDGE_CURVE('NONE',#2422,#2165,#233,.T.);
#2868=EDGE_CURVE('NONE',#2170,#2422,#234,.T.);
#2869=EDGE_CURVE('NONE',#2206,#2259,#3200,.T.);
#2870=EDGE_CURVE('NONE',#2206,#2207,#146,.T.);
#2871=EDGE_CURVE('NONE',#2207,#2261,#3201,.T.);
#2872=EDGE_CURVE('NONE',#2423,#2156,#235,.T.);
#2873=EDGE_CURVE('NONE',#2159,#2423,#236,.T.);
#2874=EDGE_CURVE('NONE',#2275,#2186,#3202,.T.);
#2875=EDGE_CURVE('NONE',#2276,#2185,#3203,.T.);
#2876=EDGE_CURVE('NONE',#2275,#2276,#1124,.T.);
#2877=EDGE_CURVE('NONE',#2207,#2206,#147,.T.);
#2878=EDGE_CURVE('NONE',#2259,#2261,#1125,.T.);
#2879=EDGE_CURVE('NONE',#2264,#2265,#1126,.T.);
#2880=EDGE_CURVE('NONE',#2148,#2424,#237,.T.);
#2881=EDGE_CURVE('NONE',#2424,#2150,#238,.T.);
#2882=EDGE_CURVE('NONE',#2239,#2240,#148,.T.);
#2883=EDGE_CURVE('NONE',#2248,#2250,#1127,.T.);
#2884=EDGE_CURVE('NONE',#2177,#2425,#239,.T.);
#2885=EDGE_CURVE('NONE',#2425,#2181,#240,.T.);
#2886=EDGE_CURVE('NONE',#2271,#2272,#1128,.T.);
#2887=EDGE_CURVE('NONE',#2268,#2269,#1129,.T.);
#2888=EDGE_CURVE('NONE',#2256,#2257,#1130,.T.);
#2889=EDGE_CURVE('NONE',#2252,#2254,#1131,.T.);
#2890=EDGE_CURVE('NONE',#2245,#2246,#1132,.T.);
#2891=EDGE_CURVE('NONE',#2241,#2242,#1133,.T.);
#2892=EDGE_CURVE('NONE',#2237,#2238,#1134,.T.);
#2893=EDGE_CURVE('NONE',#2233,#2234,#1135,.T.);
#2894=EDGE_CURVE('NONE',#2230,#2231,#1136,.T.);
#2895=EDGE_CURVE('NONE',#2218,#2219,#149,.T.);
#2896=EDGE_CURVE('NONE',#2224,#2225,#1137,.T.);
#2897=EDGE_CURVE('NONE',#2220,#2221,#1138,.T.);
#2898=EDGE_CURVE('NONE',#2216,#2217,#1139,.T.);
#2899=EDGE_CURVE('NONE',#2211,#2213,#1140,.T.);
#2900=EDGE_CURVE('NONE',#2208,#2209,#1141,.T.);
#2901=EDGE_CURVE('NONE',#2203,#2205,#1142,.T.);
#2902=EDGE_CURVE('NONE',#2200,#2201,#1143,.T.);
#2903=EDGE_CURVE('NONE',#2196,#2198,#1144,.T.);
#2904=EDGE_CURVE('NONE',#2190,#2192,#1145,.T.);
#2905=EDGE_CURVE('NONE',#2187,#2188,#1146,.T.);
#2906=EDGE_CURVE('NONE',#2186,#2185,#150,.T.);
#2907=EDGE_CURVE('NONE',#2182,#2184,#1147,.T.);
#2908=EDGE_CURVE('NONE',#2176,#2425,#1148,.T.);
#2909=EDGE_CURVE('NONE',#2172,#2173,#1149,.T.);
#2910=EDGE_CURVE('NONE',#2161,#2162,#1150,.T.);
#2911=EDGE_CURVE('NONE',#2422,#2166,#1151,.T.);
#2912=EDGE_CURVE('NONE',#2152,#2153,#1152,.T.);
#2913=EDGE_CURVE('NONE',#2194,#2157,#1153,.T.);
#2914=EDGE_CURVE('NONE',#2423,#2195,#1154,.T.);
#2915=EDGE_CURVE('NONE',#2147,#2228,#1155,.T.);
#2916=EDGE_CURVE('NONE',#2143,#2144,#1156,.T.);
#2917=EDGE_CURVE('NONE',#2227,#2424,#1157,.T.);
#2918=LINE('',#4923,#3204);
#2919=LINE('',#4928,#3205);
#2920=LINE('',#4932,#3206);
#2921=LINE('',#4935,#3207);
#2922=LINE('',#4944,#3208);
#2923=LINE('',#4950,#3209);
#2924=LINE('',#4952,#3210);
#2925=LINE('',#4957,#3211);
#2926=LINE('',#4961,#3212);
#2927=LINE('',#4964,#3213);
#2928=LINE('',#4973,#3214);
#2929=LINE('',#4979,#3215);
#2930=LINE('',#4981,#3216);
#2931=LINE('',#4986,#3217);
#2932=LINE('',#4990,#3218);
#2933=LINE('',#4993,#3219);
#2934=LINE('',#5011,#3220);
#2935=LINE('',#5023,#3221);
#2936=LINE('',#5025,#3222);
#2937=LINE('',#5030,#3223);
#2938=LINE('',#5034,#3224);
#2939=LINE('',#5037,#3225);
#2940=LINE('',#5055,#3226);
#2941=LINE('',#5067,#3227);
#2942=LINE('',#5069,#3228);
#2943=LINE('',#5072,#3229);
#2944=LINE('',#5076,#3230);
#2945=LINE('',#5078,#3231);
#2946=LINE('',#5085,#3232);
#2947=LINE('',#5089,#3233);
#2948=LINE('',#5095,#3234);
#2949=LINE('',#5097,#3235);
#2950=LINE('',#5099,#3236);
#2951=LINE('',#5104,#3237);
#2952=LINE('',#5122,#3238);
#2953=LINE('',#5127,#3239);
#2954=LINE('',#5129,#3240);
#2955=LINE('',#5134,#3241);
#2956=LINE('',#5138,#3242);
#2957=LINE('',#5142,#3243);
#2958=LINE('',#5144,#3244);
#2959=LINE('',#5146,#3245);
#2960=LINE('',#5148,#3246);
#2961=LINE('',#5151,#3247);
#2962=LINE('',#5155,#3248);
#2963=LINE('',#5157,#3249);
#2964=LINE('',#5164,#3250);
#2965=LINE('',#5168,#3251);
#2966=LINE('',#5174,#3252);
#2967=LINE('',#5176,#3253);
#2968=LINE('',#5178,#3254);
#2969=LINE('',#5183,#3255);
#2970=LINE('',#5187,#3256);
#2971=LINE('',#5188,#3257);
#2972=LINE('',#5190,#3258);
#2973=LINE('',#5193,#3259);
#2974=LINE('',#5197,#3260);
#2975=LINE('',#5199,#3261);
#2976=LINE('',#5206,#3262);
#2977=LINE('',#5210,#3263);
#2978=LINE('',#5216,#3264);
#2979=LINE('',#5218,#3265);
#2980=LINE('',#5220,#3266);
#2981=LINE('',#5225,#3267);
#2982=LINE('',#5243,#3268);
#2983=LINE('',#5248,#3269);
#2984=LINE('',#5250,#3270);
#2985=LINE('',#5255,#3271);
#2986=LINE('',#5259,#3272);
#2987=LINE('',#5263,#3273);
#2988=LINE('',#5265,#3274);
#2989=LINE('',#5267,#3275);
#2990=LINE('',#5269,#3276);
#2991=LINE('',#5272,#3277);
#2992=LINE('',#5276,#3278);
#2993=LINE('',#5278,#3279);
#2994=LINE('',#5285,#3280);
#2995=LINE('',#5289,#3281);
#2996=LINE('',#5291,#3282);
#2997=LINE('',#5293,#3283);
#2998=LINE('',#5295,#3284);
#2999=LINE('',#5300,#3285);
#3000=LINE('',#5304,#3286);
#3001=LINE('',#5309,#3287);
#3002=LINE('',#5311,#3288);
#3003=LINE('',#5316,#3289);
#3004=LINE('',#5320,#3290);
#3005=LINE('',#5325,#3291);
#3006=LINE('',#5329,#3292);
#3007=LINE('',#5333,#3293);
#3008=LINE('',#5335,#3294);
#3009=LINE('',#5337,#3295);
#3010=LINE('',#5339,#3296);
#3011=LINE('',#5344,#3297);
#3012=LINE('',#5348,#3298);
#3013=LINE('',#5353,#3299);
#3014=LINE('',#5357,#3300);
#3015=LINE('',#5362,#3301);
#3016=LINE('',#5366,#3302);
#3017=LINE('',#5370,#3303);
#3018=LINE('',#5372,#3304);
#3019=LINE('',#5374,#3305);
#3020=LINE('',#5376,#3306);
#3021=LINE('',#5381,#3307);
#3022=LINE('',#5385,#3308);
#3023=LINE('',#5390,#3309);
#3024=LINE('',#5394,#3310);
#3025=LINE('',#5397,#3311);
#3026=LINE('',#5398,#3312);
#3027=LINE('',#5400,#3313);
#3028=LINE('',#5403,#3314);
#3029=LINE('',#5404,#3315);
#3030=LINE('',#5406,#3316);
#3031=LINE('',#5412,#3317);
#3032=LINE('',#5418,#3318);
#3033=LINE('',#5421,#3319);
#3034=LINE('',#5422,#3320);
#3035=LINE('',#5424,#3321);
#3036=LINE('',#5427,#3322);
#3037=LINE('',#5428,#3323);
#3038=LINE('',#5436,#3324);
#3039=LINE('',#5440,#3325);
#3040=LINE('',#5444,#3326);
#3041=LINE('',#5448,#3327);
#3042=LINE('',#5450,#3328);
#3043=LINE('',#5451,#3329);
#3044=LINE('',#5453,#3330);
#3045=LINE('',#5455,#3331);
#3046=LINE('',#5457,#3332);
#3047=LINE('',#5459,#3333);
#3048=LINE('',#5461,#3334);
#3049=LINE('',#5463,#3335);
#3050=LINE('',#5466,#3336);
#3051=LINE('',#5471,#3337);
#3052=LINE('',#5475,#3338);
#3053=LINE('',#5478,#3339);
#3054=LINE('',#5479,#3340);
#3055=LINE('',#5481,#3341);
#3056=LINE('',#5484,#3342);
#3057=LINE('',#5485,#3343);
#3058=LINE('',#5487,#3344);
#3059=LINE('',#5493,#3345);
#3060=LINE('',#5499,#3346);
#3061=LINE('',#5502,#3347);
#3062=LINE('',#5503,#3348);
#3063=LINE('',#5505,#3349);
#3064=LINE('',#5508,#3350);
#3065=LINE('',#5509,#3351);
#3066=LINE('',#5514,#3352);
#3067=LINE('',#5519,#3353);
#3068=LINE('',#5523,#3354);
#3069=LINE('',#5526,#3355);
#3070=LINE('',#5527,#3356);
#3071=LINE('',#5529,#3357);
#3072=LINE('',#5532,#3358);
#3073=LINE('',#5533,#3359);
#3074=LINE('',#5535,#3360);
#3075=LINE('',#5541,#3361);
#3076=LINE('',#5547,#3362);
#3077=LINE('',#5550,#3363);
#3078=LINE('',#5551,#3364);
#3079=LINE('',#5553,#3365);
#3080=LINE('',#5556,#3366);
#3081=LINE('',#5557,#3367);
#3082=LINE('',#5562,#3368);
#3083=LINE('',#5567,#3369);
#3084=LINE('',#5571,#3370);
#3085=LINE('',#5574,#3371);
#3086=LINE('',#5575,#3372);
#3087=LINE('',#5577,#3373);
#3088=LINE('',#5580,#3374);
#3089=LINE('',#5581,#3375);
#3090=LINE('',#5583,#3376);
#3091=LINE('',#5589,#3377);
#3092=LINE('',#5595,#3378);
#3093=LINE('',#5598,#3379);
#3094=LINE('',#5599,#3380);
#3095=LINE('',#5601,#3381);
#3096=LINE('',#5604,#3382);
#3097=LINE('',#5605,#3383);
#3098=LINE('',#5610,#3384);
#3099=LINE('',#5615,#3385);
#3100=LINE('',#5619,#3386);
#3101=LINE('',#5622,#3387);
#3102=LINE('',#5623,#3388);
#3103=LINE('',#5625,#3389);
#3104=LINE('',#5628,#3390);
#3105=LINE('',#5629,#3391);
#3106=LINE('',#5631,#3392);
#3107=LINE('',#5637,#3393);
#3108=LINE('',#5643,#3394);
#3109=LINE('',#5646,#3395);
#3110=LINE('',#5647,#3396);
#3111=LINE('',#5649,#3397);
#3112=LINE('',#5652,#3398);
#3113=LINE('',#5653,#3399);
#3114=LINE('',#5658,#3400);
#3115=LINE('',#5660,#3401);
#3116=LINE('',#5664,#3402);
#3117=LINE('',#5666,#3403);
#3118=LINE('',#5670,#3404);
#3119=LINE('',#5672,#3405);
#3120=LINE('',#5676,#3406);
#3121=LINE('',#5678,#3407);
#3122=LINE('',#5682,#3408);
#3123=LINE('',#5684,#3409);
#3124=LINE('',#5688,#3410);
#3125=LINE('',#5690,#3411);
#3126=LINE('',#5694,#3412);
#3127=LINE('',#5696,#3413);
#3128=LINE('',#5700,#3414);
#3129=LINE('',#5702,#3415);
#3130=LINE('',#5706,#3416);
#3131=LINE('',#5708,#3417);
#3132=LINE('',#5712,#3418);
#3133=LINE('',#5714,#3419);
#3134=LINE('',#5718,#3420);
#3135=LINE('',#5720,#3421);
#3136=LINE('',#5724,#3422);
#3137=LINE('',#5726,#3423);
#3138=LINE('',#5730,#3424);
#3139=LINE('',#5732,#3425);
#3140=LINE('',#5736,#3426);
#3141=LINE('',#5738,#3427);
#3142=LINE('',#5742,#3428);
#3143=LINE('',#5744,#3429);
#3144=LINE('',#5748,#3430);
#3145=LINE('',#5750,#3431);
#3146=LINE('',#5754,#3432);
#3147=LINE('',#5755,#3433);
#3148=LINE('',#5756,#3434);
#3149=LINE('',#5757,#3435);
#3150=LINE('',#5763,#3436);
#3151=LINE('',#5764,#3437);
#3152=LINE('',#5765,#3438);
#3153=LINE('',#5766,#3439);
#3154=LINE('',#5772,#3440);
#3155=LINE('',#5773,#3441);
#3156=LINE('',#5774,#3442);
#3157=LINE('',#5775,#3443);
#3158=LINE('',#5781,#3444);
#3159=LINE('',#5782,#3445);
#3160=LINE('',#5783,#3446);
#3161=LINE('',#5784,#3447);
#3162=LINE('',#5793,#3448);
#3163=LINE('',#5795,#3449);
#3164=LINE('',#5797,#3450);
#3165=LINE('',#5801,#3451);
#3166=LINE('',#5803,#3452);
#3167=LINE('',#5805,#3453);
#3168=LINE('',#5811,#3454);
#3169=LINE('',#5814,#3455);
#3170=LINE('',#5815,#3456);
#3171=LINE('',#5817,#3457);
#3172=LINE('',#5819,#3458);
#3173=LINE('',#5821,#3459);
#3174=LINE('',#5823,#3460);
#3175=LINE('',#5827,#3461);
#3176=LINE('',#5829,#3462);
#3177=LINE('',#5831,#3463);
#3178=LINE('',#5833,#3464);
#3179=LINE('',#5835,#3465);
#3180=LINE('',#5837,#3466);
#3181=LINE('',#5839,#3467);
#3182=LINE('',#5843,#3468);
#3183=LINE('',#5846,#3469);
#3184=LINE('',#5848,#3470);
#3185=LINE('',#5852,#3471);
#3186=LINE('',#5854,#3472);
#3187=LINE('',#5856,#3473);
#3188=LINE('',#5860,#3474);
#3189=LINE('',#5861,#3475);
#3190=LINE('',#5863,#3476);
#3191=LINE('',#5868,#3477);
#3192=LINE('',#5870,#3478);
#3193=LINE('',#5875,#3479);
#3194=LINE('',#5877,#3480);
#3195=LINE('',#5878,#3481);
#3196=LINE('',#5888,#3482);
#3197=LINE('',#5893,#3483);
#3198=LINE('',#5895,#3484);
#3199=LINE('',#5896,#3485);
#3200=LINE('',#5907,#3486);
#3201=LINE('',#5912,#3487);
#3202=LINE('',#5923,#3488);
#3203=LINE('',#5924,#3489);
#3204=VECTOR('',#3874,1.);
#3205=VECTOR('',#3877,1.);
#3206=VECTOR('',#3882,1.);
#3207=VECTOR('',#3883,1.);
#3208=VECTOR('',#3888,1.);
#3209=VECTOR('',#3889,1.);
#3210=VECTOR('',#3892,1.);
#3211=VECTOR('',#3895,1.);
#3212=VECTOR('',#3900,1.);
#3213=VECTOR('',#3901,1.);
#3214=VECTOR('',#3906,1.);
#3215=VECTOR('',#3907,1.);
#3216=VECTOR('',#3910,1.);
#3217=VECTOR('',#3913,1.);
#3218=VECTOR('',#3918,1.);
#3219=VECTOR('',#3919,1.);
#3220=VECTOR('',#3926,1.);
#3221=VECTOR('',#3927,1.);
#3222=VECTOR('',#3930,1.);
#3223=VECTOR('',#3933,1.);
#3224=VECTOR('',#3938,1.);
#3225=VECTOR('',#3939,1.);
#3226=VECTOR('',#3946,1.);
#3227=VECTOR('',#3947,1.);
#3228=VECTOR('',#3950,1.);
#3229=VECTOR('',#3951,1.);
#3230=VECTOR('',#3956,1.);
#3231=VECTOR('',#3957,1.);
#3232=VECTOR('',#3960,1.);
#3233=VECTOR('',#3963,1.);
#3234=VECTOR('',#3966,1.);
#3235=VECTOR('',#3967,1.);
#3236=VECTOR('',#3970,1.);
#3237=VECTOR('',#3973,1.);
#3238=VECTOR('',#3978,1.);
#3239=VECTOR('',#3979,1.);
#3240=VECTOR('',#3982,1.);
#3241=VECTOR('',#3985,1.);
#3242=VECTOR('',#3990,1.);
#3243=VECTOR('',#3993,1.);
#3244=VECTOR('',#3996,1.);
#3245=VECTOR('',#3997,1.);
#3246=VECTOR('',#4000,1.);
#3247=VECTOR('',#4001,1.);
#3248=VECTOR('',#4006,1.);
#3249=VECTOR('',#4007,1.);
#3250=VECTOR('',#4010,1.);
#3251=VECTOR('',#4013,1.);
#3252=VECTOR('',#4016,1.);
#3253=VECTOR('',#4017,1.);
#3254=VECTOR('',#4020,1.);
#3255=VECTOR('',#4023,1.);
#3256=VECTOR('',#4028,1.);
#3257=VECTOR('',#4029,1.);
#3258=VECTOR('',#4032,1.);
#3259=VECTOR('',#4033,1.);
#3260=VECTOR('',#4038,1.);
#3261=VECTOR('',#4039,1.);
#3262=VECTOR('',#4042,1.);
#3263=VECTOR('',#4045,1.);
#3264=VECTOR('',#4048,1.);
#3265=VECTOR('',#4049,1.);
#3266=VECTOR('',#4052,1.);
#3267=VECTOR('',#4055,1.);
#3268=VECTOR('',#4060,1.);
#3269=VECTOR('',#4061,1.);
#3270=VECTOR('',#4064,1.);
#3271=VECTOR('',#4067,1.);
#3272=VECTOR('',#4072,1.);
#3273=VECTOR('',#4075,1.);
#3274=VECTOR('',#4078,1.);
#3275=VECTOR('',#4079,1.);
#3276=VECTOR('',#4082,1.);
#3277=VECTOR('',#4083,1.);
#3278=VECTOR('',#4088,1.);
#3279=VECTOR('',#4089,1.);
#3280=VECTOR('',#4092,1.);
#3281=VECTOR('',#4095,1.);
#3282=VECTOR('',#4098,1.);
#3283=VECTOR('',#4099,1.);
#3284=VECTOR('',#4102,1.);
#3285=VECTOR('',#4105,1.);
#3286=VECTOR('',#4110,1.);
#3287=VECTOR('',#4111,1.);
#3288=VECTOR('',#4114,1.);
#3289=VECTOR('',#4117,1.);
#3290=VECTOR('',#4122,1.);
#3291=VECTOR('',#4125,1.);
#3292=VECTOR('',#4130,1.);
#3293=VECTOR('',#4133,1.);
#3294=VECTOR('',#4136,1.);
#3295=VECTOR('',#4137,1.);
#3296=VECTOR('',#4140,1.);
#3297=VECTOR('',#4143,1.);
#3298=VECTOR('',#4148,1.);
#3299=VECTOR('',#4151,1.);
#3300=VECTOR('',#4156,1.);
#3301=VECTOR('',#4159,1.);
#3302=VECTOR('',#4164,1.);
#3303=VECTOR('',#4167,1.);
#3304=VECTOR('',#4170,1.);
#3305=VECTOR('',#4171,1.);
#3306=VECTOR('',#4174,1.);
#3307=VECTOR('',#4177,1.);
#3308=VECTOR('',#4182,1.);
#3309=VECTOR('',#4185,1.);
#3310=VECTOR('',#4190,1.);
#3311=VECTOR('',#4191,1.);
#3312=VECTOR('',#4192,1.);
#3313=VECTOR('',#4195,1.);
#3314=VECTOR('',#4196,1.);
#3315=VECTOR('',#4197,1.);
#3316=VECTOR('',#4200,1.);
#3317=VECTOR('',#4207,1.);
#3318=VECTOR('',#4214,1.);
#3319=VECTOR('',#4215,1.);
#3320=VECTOR('',#4216,1.);
#3321=VECTOR('',#4219,1.);
#3322=VECTOR('',#4220,1.);
#3323=VECTOR('',#4221,1.);
#3324=VECTOR('',#4232,1.);
#3325=VECTOR('',#4235,1.);
#3326=VECTOR('',#4238,1.);
#3327=VECTOR('',#4241,1.);
#3328=VECTOR('',#4244,1.);
#3329=VECTOR('',#4245,1.);
#3330=VECTOR('',#4248,1.);
#3331=VECTOR('',#4251,1.);
#3332=VECTOR('',#4254,1.);
#3333=VECTOR('',#4257,1.);
#3334=VECTOR('',#4260,1.);
#3335=VECTOR('',#4263,1.);
#3336=VECTOR('',#4268,1.);
#3337=VECTOR('',#4271,1.);
#3338=VECTOR('',#4276,1.);
#3339=VECTOR('',#4277,1.);
#3340=VECTOR('',#4278,1.);
#3341=VECTOR('',#4281,1.);
#3342=VECTOR('',#4282,1.);
#3343=VECTOR('',#4283,1.);
#3344=VECTOR('',#4286,1.);
#3345=VECTOR('',#4293,1.);
#3346=VECTOR('',#4300,1.);
#3347=VECTOR('',#4301,1.);
#3348=VECTOR('',#4302,1.);
#3349=VECTOR('',#4305,1.);
#3350=VECTOR('',#4306,1.);
#3351=VECTOR('',#4307,1.);
#3352=VECTOR('',#4316,1.);
#3353=VECTOR('',#4319,1.);
#3354=VECTOR('',#4324,1.);
#3355=VECTOR('',#4325,1.);
#3356=VECTOR('',#4326,1.);
#3357=VECTOR('',#4329,1.);
#3358=VECTOR('',#4330,1.);
#3359=VECTOR('',#4331,1.);
#3360=VECTOR('',#4334,1.);
#3361=VECTOR('',#4341,1.);
#3362=VECTOR('',#4348,1.);
#3363=VECTOR('',#4349,1.);
#3364=VECTOR('',#4350,1.);
#3365=VECTOR('',#4353,1.);
#3366=VECTOR('',#4354,1.);
#3367=VECTOR('',#4355,1.);
#3368=VECTOR('',#4364,1.);
#3369=VECTOR('',#4367,1.);
#3370=VECTOR('',#4372,1.);
#3371=VECTOR('',#4373,1.);
#3372=VECTOR('',#4374,1.);
#3373=VECTOR('',#4377,1.);
#3374=VECTOR('',#4378,1.);
#3375=VECTOR('',#4379,1.);
#3376=VECTOR('',#4382,1.);
#3377=VECTOR('',#4389,1.);
#3378=VECTOR('',#4396,1.);
#3379=VECTOR('',#4397,1.);
#3380=VECTOR('',#4398,1.);
#3381=VECTOR('',#4401,1.);
#3382=VECTOR('',#4402,1.);
#3383=VECTOR('',#4403,1.);
#3384=VECTOR('',#4412,1.);
#3385=VECTOR('',#4415,1.);
#3386=VECTOR('',#4420,1.);
#3387=VECTOR('',#4421,1.);
#3388=VECTOR('',#4422,1.);
#3389=VECTOR('',#4425,1.);
#3390=VECTOR('',#4426,1.);
#3391=VECTOR('',#4427,1.);
#3392=VECTOR('',#4430,1.);
#3393=VECTOR('',#4437,1.);
#3394=VECTOR('',#4444,1.);
#3395=VECTOR('',#4445,1.);
#3396=VECTOR('',#4446,1.);
#3397=VECTOR('',#4449,1.);
#3398=VECTOR('',#4450,1.);
#3399=VECTOR('',#4451,1.);
#3400=VECTOR('',#4460,1.);
#3401=VECTOR('',#4461,1.);
#3402=VECTOR('',#4466,1.);
#3403=VECTOR('',#4467,1.);
#3404=VECTOR('',#4472,1.);
#3405=VECTOR('',#4473,1.);
#3406=VECTOR('',#4478,1.);
#3407=VECTOR('',#4479,1.);
#3408=VECTOR('',#4484,1.);
#3409=VECTOR('',#4485,1.);
#3410=VECTOR('',#4490,1.);
#3411=VECTOR('',#4491,1.);
#3412=VECTOR('',#4496,1.);
#3413=VECTOR('',#4497,1.);
#3414=VECTOR('',#4502,1.);
#3415=VECTOR('',#4503,1.);
#3416=VECTOR('',#4508,1.);
#3417=VECTOR('',#4509,1.);
#3418=VECTOR('',#4514,1.);
#3419=VECTOR('',#4515,1.);
#3420=VECTOR('',#4520,1.);
#3421=VECTOR('',#4521,1.);
#3422=VECTOR('',#4526,1.);
#3423=VECTOR('',#4527,1.);
#3424=VECTOR('',#4532,1.);
#3425=VECTOR('',#4533,1.);
#3426=VECTOR('',#4538,1.);
#3427=VECTOR('',#4539,1.);
#3428=VECTOR('',#4544,1.);
#3429=VECTOR('',#4545,1.);
#3430=VECTOR('',#4550,1.);
#3431=VECTOR('',#4551,1.);
#3432=VECTOR('',#4556,1.);
#3433=VECTOR('',#4557,1.);
#3434=VECTOR('',#4558,1.);
#3435=VECTOR('',#4559,1.);
#3436=VECTOR('',#4570,1.);
#3437=VECTOR('',#4571,1.);
#3438=VECTOR('',#4572,1.);
#3439=VECTOR('',#4573,1.);
#3440=VECTOR('',#4584,1.);
#3441=VECTOR('',#4585,1.);
#3442=VECTOR('',#4586,1.);
#3443=VECTOR('',#4587,1.);
#3444=VECTOR('',#4598,1.);
#3445=VECTOR('',#4599,1.);
#3446=VECTOR('',#4600,1.);
#3447=VECTOR('',#4601,1.);
#3448=VECTOR('',#4614,1.);
#3449=VECTOR('',#4615,1.);
#3450=VECTOR('',#4616,1.);
#3451=VECTOR('',#4619,1.);
#3452=VECTOR('',#4620,1.);
#3453=VECTOR('',#4621,1.);
#3454=VECTOR('',#4632,1.);
#3455=VECTOR('',#4633,1.);
#3456=VECTOR('',#4634,1.);
#3457=VECTOR('',#4637,1.);
#3458=VECTOR('',#4638,1.);
#3459=VECTOR('',#4641,1.);
#3460=VECTOR('',#4642,1.);
#3461=VECTOR('',#4647,1.);
#3462=VECTOR('',#4650,1.);
#3463=VECTOR('',#4651,1.);
#3464=VECTOR('',#4654,1.);
#3465=VECTOR('',#4655,1.);
#3466=VECTOR('',#4658,1.);
#3467=VECTOR('',#4659,1.);
#3468=VECTOR('',#4666,1.);
#3469=VECTOR('',#4667,1.);
#3470=VECTOR('',#4668,1.);
#3471=VECTOR('',#4671,1.);
#3472=VECTOR('',#4672,1.);
#3473=VECTOR('',#4673,1.);
#3474=VECTOR('',#4678,1.);
#3475=VECTOR('',#4679,1.);
#3476=VECTOR('',#4682,1.);
#3477=VECTOR('',#4691,1.);
#3478=VECTOR('',#4694,1.);
#3479=VECTOR('',#4703,1.);
#3480=VECTOR('',#4706,1.);
#3481=VECTOR('',#4707,1.);
#3482=VECTOR('',#4726,1.);
#3483=VECTOR('',#4727,1.);
#3484=VECTOR('',#4730,1.);
#3485=VECTOR('',#4731,1.);
#3486=VECTOR('',#4734,1.);
#3487=VECTOR('',#4735,1.);
#3488=VECTOR('',#4738,1.);
#3489=VECTOR('',#4739,1.);
#3490=AXIS2_PLACEMENT_3D('',#4922,#3872,#3873);
#3491=AXIS2_PLACEMENT_3D('',#4926,#3875,#3876);
#3492=AXIS2_PLACEMENT_3D('',#4930,#3878,#3879);
#3493=AXIS2_PLACEMENT_3D('',#4931,#3880,#3881);
#3494=AXIS2_PLACEMENT_3D('',#4942,#3884,#3885);
#3495=AXIS2_PLACEMENT_3D('',#4943,#3886,#3887);
#3496=AXIS2_PLACEMENT_3D('',#4951,#3890,#3891);
#3497=AXIS2_PLACEMENT_3D('',#4955,#3893,#3894);
#3498=AXIS2_PLACEMENT_3D('',#4959,#3896,#3897);
#3499=AXIS2_PLACEMENT_3D('',#4960,#3898,#3899);
#3500=AXIS2_PLACEMENT_3D('',#4966,#3902,#3903);
#3501=AXIS2_PLACEMENT_3D('',#4972,#3904,#3905);
#3502=AXIS2_PLACEMENT_3D('',#4980,#3908,#3909);
#3503=AXIS2_PLACEMENT_3D('',#4984,#3911,#3912);
#3504=AXIS2_PLACEMENT_3D('',#4988,#3914,#3915);
#3505=AXIS2_PLACEMENT_3D('',#4989,#3916,#3917);
#3506=AXIS2_PLACEMENT_3D('',#4995,#3920,#3921);
#3507=AXIS2_PLACEMENT_3D('',#5004,#3922,#3923);
#3508=AXIS2_PLACEMENT_3D('',#5010,#3924,#3925);
#3509=AXIS2_PLACEMENT_3D('',#5024,#3928,#3929);
#3510=AXIS2_PLACEMENT_3D('',#5028,#3931,#3932);
#3511=AXIS2_PLACEMENT_3D('',#5032,#3934,#3935);
#3512=AXIS2_PLACEMENT_3D('',#5033,#3936,#3937);
#3513=AXIS2_PLACEMENT_3D('',#5044,#3940,#3941);
#3514=AXIS2_PLACEMENT_3D('',#5053,#3942,#3943);
#3515=AXIS2_PLACEMENT_3D('',#5054,#3944,#3945);
#3516=AXIS2_PLACEMENT_3D('',#5068,#3948,#3949);
#3517=AXIS2_PLACEMENT_3D('',#5074,#3952,#3953);
#3518=AXIS2_PLACEMENT_3D('',#5075,#3954,#3955);
#3519=AXIS2_PLACEMENT_3D('',#5084,#3958,#3959);
#3520=AXIS2_PLACEMENT_3D('',#5087,#3961,#3962);
#3521=AXIS2_PLACEMENT_3D('',#5094,#3964,#3965);
#3522=AXIS2_PLACEMENT_3D('',#5098,#3968,#3969);
#3523=AXIS2_PLACEMENT_3D('',#5102,#3971,#3972);
#3524=AXIS2_PLACEMENT_3D('',#5106,#3974,#3975);
#3525=AXIS2_PLACEMENT_3D('',#5107,#3976,#3977);
#3526=AXIS2_PLACEMENT_3D('',#5128,#3980,#3981);
#3527=AXIS2_PLACEMENT_3D('',#5132,#3983,#3984);
#3528=AXIS2_PLACEMENT_3D('',#5136,#3986,#3987);
#3529=AXIS2_PLACEMENT_3D('',#5137,#3988,#3989);
#3530=AXIS2_PLACEMENT_3D('',#5140,#3991,#3992);
#3531=AXIS2_PLACEMENT_3D('',#5143,#3994,#3995);
#3532=AXIS2_PLACEMENT_3D('',#5147,#3998,#3999);
#3533=AXIS2_PLACEMENT_3D('',#5153,#4002,#4003);
#3534=AXIS2_PLACEMENT_3D('',#5154,#4004,#4005);
#3535=AXIS2_PLACEMENT_3D('',#5163,#4008,#4009);
#3536=AXIS2_PLACEMENT_3D('',#5166,#4011,#4012);
#3537=AXIS2_PLACEMENT_3D('',#5173,#4014,#4015);
#3538=AXIS2_PLACEMENT_3D('',#5177,#4018,#4019);
#3539=AXIS2_PLACEMENT_3D('',#5181,#4021,#4022);
#3540=AXIS2_PLACEMENT_3D('',#5185,#4024,#4025);
#3541=AXIS2_PLACEMENT_3D('',#5186,#4026,#4027);
#3542=AXIS2_PLACEMENT_3D('',#5189,#4030,#4031);
#3543=AXIS2_PLACEMENT_3D('',#5195,#4034,#4035);
#3544=AXIS2_PLACEMENT_3D('',#5196,#4036,#4037);
#3545=AXIS2_PLACEMENT_3D('',#5205,#4040,#4041);
#3546=AXIS2_PLACEMENT_3D('',#5208,#4043,#4044);
#3547=AXIS2_PLACEMENT_3D('',#5215,#4046,#4047);
#3548=AXIS2_PLACEMENT_3D('',#5219,#4050,#4051);
#3549=AXIS2_PLACEMENT_3D('',#5223,#4053,#4054);
#3550=AXIS2_PLACEMENT_3D('',#5227,#4056,#4057);
#3551=AXIS2_PLACEMENT_3D('',#5228,#4058,#4059);
#3552=AXIS2_PLACEMENT_3D('',#5249,#4062,#4063);
#3553=AXIS2_PLACEMENT_3D('',#5253,#4065,#4066);
#3554=AXIS2_PLACEMENT_3D('',#5257,#4068,#4069);
#3555=AXIS2_PLACEMENT_3D('',#5258,#4070,#4071);
#3556=AXIS2_PLACEMENT_3D('',#5261,#4073,#4074);
#3557=AXIS2_PLACEMENT_3D('',#5264,#4076,#4077);
#3558=AXIS2_PLACEMENT_3D('',#5268,#4080,#4081);
#3559=AXIS2_PLACEMENT_3D('',#5274,#4084,#4085);
#3560=AXIS2_PLACEMENT_3D('',#5275,#4086,#4087);
#3561=AXIS2_PLACEMENT_3D('',#5284,#4090,#4091);
#3562=AXIS2_PLACEMENT_3D('',#5287,#4093,#4094);
#3563=AXIS2_PLACEMENT_3D('',#5290,#4096,#4097);
#3564=AXIS2_PLACEMENT_3D('',#5294,#4100,#4101);
#3565=AXIS2_PLACEMENT_3D('',#5298,#4103,#4104);
#3566=AXIS2_PLACEMENT_3D('',#5302,#4106,#4107);
#3567=AXIS2_PLACEMENT_3D('',#5303,#4108,#4109);
#3568=AXIS2_PLACEMENT_3D('',#5310,#4112,#4113);
#3569=AXIS2_PLACEMENT_3D('',#5314,#4115,#4116);
#3570=AXIS2_PLACEMENT_3D('',#5318,#4118,#4119);
#3571=AXIS2_PLACEMENT_3D('',#5319,#4120,#4121);
#3572=AXIS2_PLACEMENT_3D('',#5323,#4123,#4124);
#3573=AXIS2_PLACEMENT_3D('',#5327,#4126,#4127);
#3574=AXIS2_PLACEMENT_3D('',#5328,#4128,#4129);
#3575=AXIS2_PLACEMENT_3D('',#5331,#4131,#4132);
#3576=AXIS2_PLACEMENT_3D('',#5334,#4134,#4135);
#3577=AXIS2_PLACEMENT_3D('',#5338,#4138,#4139);
#3578=AXIS2_PLACEMENT_3D('',#5342,#4141,#4142);
#3579=AXIS2_PLACEMENT_3D('',#5346,#4144,#4145);
#3580=AXIS2_PLACEMENT_3D('',#5347,#4146,#4147);
#3581=AXIS2_PLACEMENT_3D('',#5351,#4149,#4150);
#3582=AXIS2_PLACEMENT_3D('',#5355,#4152,#4153);
#3583=AXIS2_PLACEMENT_3D('',#5356,#4154,#4155);
#3584=AXIS2_PLACEMENT_3D('',#5360,#4157,#4158);
#3585=AXIS2_PLACEMENT_3D('',#5364,#4160,#4161);
#3586=AXIS2_PLACEMENT_3D('',#5365,#4162,#4163);
#3587=AXIS2_PLACEMENT_3D('',#5368,#4165,#4166);
#3588=AXIS2_PLACEMENT_3D('',#5371,#4168,#4169);
#3589=AXIS2_PLACEMENT_3D('',#5375,#4172,#4173);
#3590=AXIS2_PLACEMENT_3D('',#5379,#4175,#4176);
#3591=AXIS2_PLACEMENT_3D('',#5383,#4178,#4179);
#3592=AXIS2_PLACEMENT_3D('',#5384,#4180,#4181);
#3593=AXIS2_PLACEMENT_3D('',#5388,#4183,#4184);
#3594=AXIS2_PLACEMENT_3D('',#5392,#4186,#4187);
#3595=AXIS2_PLACEMENT_3D('',#5393,#4188,#4189);
#3596=AXIS2_PLACEMENT_3D('',#5399,#4193,#4194);
#3597=AXIS2_PLACEMENT_3D('',#5405,#4198,#4199);
#3598=AXIS2_PLACEMENT_3D('',#5409,#4201,#4202);
#3599=AXIS2_PLACEMENT_3D('',#5410,#4203,#4204);
#3600=AXIS2_PLACEMENT_3D('',#5411,#4205,#4206);
#3601=AXIS2_PLACEMENT_3D('',#5415,#4208,#4209);
#3602=AXIS2_PLACEMENT_3D('',#5416,#4210,#4211);
#3603=AXIS2_PLACEMENT_3D('',#5417,#4212,#4213);
#3604=AXIS2_PLACEMENT_3D('',#5423,#4217,#4218);
#3605=AXIS2_PLACEMENT_3D('',#5429,#4222,#4223);
#3606=AXIS2_PLACEMENT_3D('',#5430,#4224,#4225);
#3607=AXIS2_PLACEMENT_3D('',#5431,#4226,#4227);
#3608=AXIS2_PLACEMENT_3D('',#5432,#4228,#4229);
#3609=AXIS2_PLACEMENT_3D('',#5433,#4230,#4231);
#3610=AXIS2_PLACEMENT_3D('',#5438,#4233,#4234);
#3611=AXIS2_PLACEMENT_3D('',#5442,#4236,#4237);
#3612=AXIS2_PLACEMENT_3D('',#5446,#4239,#4240);
#3613=AXIS2_PLACEMENT_3D('',#5449,#4242,#4243);
#3614=AXIS2_PLACEMENT_3D('',#5452,#4246,#4247);
#3615=AXIS2_PLACEMENT_3D('',#5454,#4249,#4250);
#3616=AXIS2_PLACEMENT_3D('',#5456,#4252,#4253);
#3617=AXIS2_PLACEMENT_3D('',#5458,#4255,#4256);
#3618=AXIS2_PLACEMENT_3D('',#5460,#4258,#4259);
#3619=AXIS2_PLACEMENT_3D('',#5462,#4261,#4262);
#3620=AXIS2_PLACEMENT_3D('',#5464,#4264,#4265);
#3621=AXIS2_PLACEMENT_3D('',#5465,#4266,#4267);
#3622=AXIS2_PLACEMENT_3D('',#5469,#4269,#4270);
#3623=AXIS2_PLACEMENT_3D('',#5473,#4272,#4273);
#3624=AXIS2_PLACEMENT_3D('',#5474,#4274,#4275);
#3625=AXIS2_PLACEMENT_3D('',#5480,#4279,#4280);
#3626=AXIS2_PLACEMENT_3D('',#5486,#4284,#4285);
#3627=AXIS2_PLACEMENT_3D('',#5490,#4287,#4288);
#3628=AXIS2_PLACEMENT_3D('',#5491,#4289,#4290);
#3629=AXIS2_PLACEMENT_3D('',#5492,#4291,#4292);
#3630=AXIS2_PLACEMENT_3D('',#5496,#4294,#4295);
#3631=AXIS2_PLACEMENT_3D('',#5497,#4296,#4297);
#3632=AXIS2_PLACEMENT_3D('',#5498,#4298,#4299);
#3633=AXIS2_PLACEMENT_3D('',#5504,#4303,#4304);
#3634=AXIS2_PLACEMENT_3D('',#5510,#4308,#4309);
#3635=AXIS2_PLACEMENT_3D('',#5511,#4310,#4311);
#3636=AXIS2_PLACEMENT_3D('',#5512,#4312,#4313);
#3637=AXIS2_PLACEMENT_3D('',#5513,#4314,#4315);
#3638=AXIS2_PLACEMENT_3D('',#5517,#4317,#4318);
#3639=AXIS2_PLACEMENT_3D('',#5521,#4320,#4321);
#3640=AXIS2_PLACEMENT_3D('',#5522,#4322,#4323);
#3641=AXIS2_PLACEMENT_3D('',#5528,#4327,#4328);
#3642=AXIS2_PLACEMENT_3D('',#5534,#4332,#4333);
#3643=AXIS2_PLACEMENT_3D('',#5538,#4335,#4336);
#3644=AXIS2_PLACEMENT_3D('',#5539,#4337,#4338);
#3645=AXIS2_PLACEMENT_3D('',#5540,#4339,#4340);
#3646=AXIS2_PLACEMENT_3D('',#5544,#4342,#4343);
#3647=AXIS2_PLACEMENT_3D('',#5545,#4344,#4345);
#3648=AXIS2_PLACEMENT_3D('',#5546,#4346,#4347);
#3649=AXIS2_PLACEMENT_3D('',#5552,#4351,#4352);
#3650=AXIS2_PLACEMENT_3D('',#5558,#4356,#4357);
#3651=AXIS2_PLACEMENT_3D('',#5559,#4358,#4359);
#3652=AXIS2_PLACEMENT_3D('',#5560,#4360,#4361);
#3653=AXIS2_PLACEMENT_3D('',#5561,#4362,#4363);
#3654=AXIS2_PLACEMENT_3D('',#5565,#4365,#4366);
#3655=AXIS2_PLACEMENT_3D('',#5569,#4368,#4369);
#3656=AXIS2_PLACEMENT_3D('',#5570,#4370,#4371);
#3657=AXIS2_PLACEMENT_3D('',#5576,#4375,#4376);
#3658=AXIS2_PLACEMENT_3D('',#5582,#4380,#4381);
#3659=AXIS2_PLACEMENT_3D('',#5586,#4383,#4384);
#3660=AXIS2_PLACEMENT_3D('',#5587,#4385,#4386);
#3661=AXIS2_PLACEMENT_3D('',#5588,#4387,#4388);
#3662=AXIS2_PLACEMENT_3D('',#5592,#4390,#4391);
#3663=AXIS2_PLACEMENT_3D('',#5593,#4392,#4393);
#3664=AXIS2_PLACEMENT_3D('',#5594,#4394,#4395);
#3665=AXIS2_PLACEMENT_3D('',#5600,#4399,#4400);
#3666=AXIS2_PLACEMENT_3D('',#5606,#4404,#4405);
#3667=AXIS2_PLACEMENT_3D('',#5607,#4406,#4407);
#3668=AXIS2_PLACEMENT_3D('',#5608,#4408,#4409);
#3669=AXIS2_PLACEMENT_3D('',#5609,#4410,#4411);
#3670=AXIS2_PLACEMENT_3D('',#5613,#4413,#4414);
#3671=AXIS2_PLACEMENT_3D('',#5617,#4416,#4417);
#3672=AXIS2_PLACEMENT_3D('',#5618,#4418,#4419);
#3673=AXIS2_PLACEMENT_3D('',#5624,#4423,#4424);
#3674=AXIS2_PLACEMENT_3D('',#5630,#4428,#4429);
#3675=AXIS2_PLACEMENT_3D('',#5634,#4431,#4432);
#3676=AXIS2_PLACEMENT_3D('',#5635,#4433,#4434);
#3677=AXIS2_PLACEMENT_3D('',#5636,#4435,#4436);
#3678=AXIS2_PLACEMENT_3D('',#5640,#4438,#4439);
#3679=AXIS2_PLACEMENT_3D('',#5641,#4440,#4441);
#3680=AXIS2_PLACEMENT_3D('',#5642,#4442,#4443);
#3681=AXIS2_PLACEMENT_3D('',#5648,#4447,#4448);
#3682=AXIS2_PLACEMENT_3D('',#5654,#4452,#4453);
#3683=AXIS2_PLACEMENT_3D('',#5655,#4454,#4455);
#3684=AXIS2_PLACEMENT_3D('',#5656,#4456,#4457);
#3685=AXIS2_PLACEMENT_3D('',#5657,#4458,#4459);
#3686=AXIS2_PLACEMENT_3D('',#5662,#4462,#4463);
#3687=AXIS2_PLACEMENT_3D('',#5663,#4464,#4465);
#3688=AXIS2_PLACEMENT_3D('',#5668,#4468,#4469);
#3689=AXIS2_PLACEMENT_3D('',#5669,#4470,#4471);
#3690=AXIS2_PLACEMENT_3D('',#5674,#4474,#4475);
#3691=AXIS2_PLACEMENT_3D('',#5675,#4476,#4477);
#3692=AXIS2_PLACEMENT_3D('',#5680,#4480,#4481);
#3693=AXIS2_PLACEMENT_3D('',#5681,#4482,#4483);
#3694=AXIS2_PLACEMENT_3D('',#5686,#4486,#4487);
#3695=AXIS2_PLACEMENT_3D('',#5687,#4488,#4489);
#3696=AXIS2_PLACEMENT_3D('',#5692,#4492,#4493);
#3697=AXIS2_PLACEMENT_3D('',#5693,#4494,#4495);
#3698=AXIS2_PLACEMENT_3D('',#5698,#4498,#4499);
#3699=AXIS2_PLACEMENT_3D('',#5699,#4500,#4501);
#3700=AXIS2_PLACEMENT_3D('',#5704,#4504,#4505);
#3701=AXIS2_PLACEMENT_3D('',#5705,#4506,#4507);
#3702=AXIS2_PLACEMENT_3D('',#5710,#4510,#4511);
#3703=AXIS2_PLACEMENT_3D('',#5711,#4512,#4513);
#3704=AXIS2_PLACEMENT_3D('',#5716,#4516,#4517);
#3705=AXIS2_PLACEMENT_3D('',#5717,#4518,#4519);
#3706=AXIS2_PLACEMENT_3D('',#5722,#4522,#4523);
#3707=AXIS2_PLACEMENT_3D('',#5723,#4524,#4525);
#3708=AXIS2_PLACEMENT_3D('',#5728,#4528,#4529);
#3709=AXIS2_PLACEMENT_3D('',#5729,#4530,#4531);
#3710=AXIS2_PLACEMENT_3D('',#5734,#4534,#4535);
#3711=AXIS2_PLACEMENT_3D('',#5735,#4536,#4537);
#3712=AXIS2_PLACEMENT_3D('',#5740,#4540,#4541);
#3713=AXIS2_PLACEMENT_3D('',#5741,#4542,#4543);
#3714=AXIS2_PLACEMENT_3D('',#5746,#4546,#4547);
#3715=AXIS2_PLACEMENT_3D('',#5747,#4548,#4549);
#3716=AXIS2_PLACEMENT_3D('',#5752,#4552,#4553);
#3717=AXIS2_PLACEMENT_3D('',#5753,#4554,#4555);
#3718=AXIS2_PLACEMENT_3D('',#5758,#4560,#4561);
#3719=AXIS2_PLACEMENT_3D('',#5759,#4562,#4563);
#3720=AXIS2_PLACEMENT_3D('',#5760,#4564,#4565);
#3721=AXIS2_PLACEMENT_3D('',#5761,#4566,#4567);
#3722=AXIS2_PLACEMENT_3D('',#5762,#4568,#4569);
#3723=AXIS2_PLACEMENT_3D('',#5767,#4574,#4575);
#3724=AXIS2_PLACEMENT_3D('',#5768,#4576,#4577);
#3725=AXIS2_PLACEMENT_3D('',#5769,#4578,#4579);
#3726=AXIS2_PLACEMENT_3D('',#5770,#4580,#4581);
#3727=AXIS2_PLACEMENT_3D('',#5771,#4582,#4583);
#3728=AXIS2_PLACEMENT_3D('',#5776,#4588,#4589);
#3729=AXIS2_PLACEMENT_3D('',#5777,#4590,#4591);
#3730=AXIS2_PLACEMENT_3D('',#5778,#4592,#4593);
#3731=AXIS2_PLACEMENT_3D('',#5779,#4594,#4595);
#3732=AXIS2_PLACEMENT_3D('',#5780,#4596,#4597);
#3733=AXIS2_PLACEMENT_3D('',#5785,#4602,#4603);
#3734=AXIS2_PLACEMENT_3D('',#5786,#4604,#4605);
#3735=AXIS2_PLACEMENT_3D('',#5787,#4606,#4607);
#3736=AXIS2_PLACEMENT_3D('',#5788,#4608,#4609);
#3737=AXIS2_PLACEMENT_3D('',#5789,#4610,#4611);
#3738=AXIS2_PLACEMENT_3D('',#5790,#4612,#4613);
#3739=AXIS2_PLACEMENT_3D('',#5799,#4617,#4618);
#3740=AXIS2_PLACEMENT_3D('',#5806,#4622,#4623);
#3741=AXIS2_PLACEMENT_3D('',#5807,#4624,#4625);
#3742=AXIS2_PLACEMENT_3D('',#5808,#4626,#4627);
#3743=AXIS2_PLACEMENT_3D('',#5809,#4628,#4629);
#3744=AXIS2_PLACEMENT_3D('',#5810,#4630,#4631);
#3745=AXIS2_PLACEMENT_3D('',#5816,#4635,#4636);
#3746=AXIS2_PLACEMENT_3D('',#5820,#4639,#4640);
#3747=AXIS2_PLACEMENT_3D('',#5824,#4643,#4644);
#3748=AXIS2_PLACEMENT_3D('',#5825,#4645,#4646);
#3749=AXIS2_PLACEMENT_3D('',#5828,#4648,#4649);
#3750=AXIS2_PLACEMENT_3D('',#5832,#4652,#4653);
#3751=AXIS2_PLACEMENT_3D('',#5836,#4656,#4657);
#3752=AXIS2_PLACEMENT_3D('',#5840,#4660,#4661);
#3753=AXIS2_PLACEMENT_3D('',#5841,#4662,#4663);
#3754=AXIS2_PLACEMENT_3D('',#5842,#4664,#4665);
#3755=AXIS2_PLACEMENT_3D('',#5850,#4669,#4670);
#3756=AXIS2_PLACEMENT_3D('',#5858,#4674,#4675);
#3757=AXIS2_PLACEMENT_3D('',#5859,#4676,#4677);
#3758=AXIS2_PLACEMENT_3D('',#5862,#4680,#4681);
#3759=AXIS2_PLACEMENT_3D('',#5864,#4683,#4684);
#3760=AXIS2_PLACEMENT_3D('',#5865,#4685,#4686);
#3761=AXIS2_PLACEMENT_3D('',#5866,#4687,#4688);
#3762=AXIS2_PLACEMENT_3D('',#5867,#4689,#4690);
#3763=AXIS2_PLACEMENT_3D('',#5869,#4692,#4693);
#3764=AXIS2_PLACEMENT_3D('',#5871,#4695,#4696);
#3765=AXIS2_PLACEMENT_3D('',#5872,#4697,#4698);
#3766=AXIS2_PLACEMENT_3D('',#5873,#4699,#4700);
#3767=AXIS2_PLACEMENT_3D('',#5874,#4701,#4702);
#3768=AXIS2_PLACEMENT_3D('',#5876,#4704,#4705);
#3769=AXIS2_PLACEMENT_3D('',#5879,#4708,#4709);
#3770=AXIS2_PLACEMENT_3D('',#5880,#4710,#4711);
#3771=AXIS2_PLACEMENT_3D('',#5881,#4712,#4713);
#3772=AXIS2_PLACEMENT_3D('',#5882,#4714,#4715);
#3773=AXIS2_PLACEMENT_3D('',#5883,#4716,#4717);
#3774=AXIS2_PLACEMENT_3D('',#5884,#4718,#4719);
#3775=AXIS2_PLACEMENT_3D('',#5885,#4720,#4721);
#3776=AXIS2_PLACEMENT_3D('',#5886,#4722,#4723);
#3777=AXIS2_PLACEMENT_3D('',#5887,#4724,#4725);
#3778=AXIS2_PLACEMENT_3D('',#5894,#4728,#4729);
#3779=AXIS2_PLACEMENT_3D('',#5897,#4732,#4733);
#3780=AXIS2_PLACEMENT_3D('',#5913,#4736,#4737);
#3781=AXIS2_PLACEMENT_3D('',#5925,#4740,#4741);
#3782=AXIS2_PLACEMENT_3D('',#5926,#4742,#4743);
#3783=AXIS2_PLACEMENT_3D('',#5927,#4744,#4745);
#3784=AXIS2_PLACEMENT_3D('',#5932,#4746,#4747);
#3785=AXIS2_PLACEMENT_3D('',#5933,#4748,#4749);
#3786=AXIS2_PLACEMENT_3D('',#5934,#4750,#4751);
#3787=AXIS2_PLACEMENT_3D('',#5944,#4752,#4753);
#3788=AXIS2_PLACEMENT_3D('',#5949,#4754,#4755);
#3789=AXIS2_PLACEMENT_3D('',#5959,#4756,#4757);
#3790=AXIS2_PLACEMENT_3D('',#5960,#4758,#4759);
#3791=AXIS2_PLACEMENT_3D('',#5961,#4760,#4761);
#3792=AXIS2_PLACEMENT_3D('',#5962,#4762,#4763);
#3793=AXIS2_PLACEMENT_3D('',#5963,#4764,#4765);
#3794=AXIS2_PLACEMENT_3D('',#5964,#4766,#4767);
#3795=AXIS2_PLACEMENT_3D('',#5965,#4768,#4769);
#3796=AXIS2_PLACEMENT_3D('',#5966,#4770,#4771);
#3797=AXIS2_PLACEMENT_3D('',#5967,#4772,#4773);
#3798=AXIS2_PLACEMENT_3D('',#5968,#4774,#4775);
#3799=AXIS2_PLACEMENT_3D('',#5969,#4776,#4777);
#3800=AXIS2_PLACEMENT_3D('',#5970,#4778,#4779);
#3801=AXIS2_PLACEMENT_3D('',#5971,#4780,#4781);
#3802=AXIS2_PLACEMENT_3D('',#5972,#4782,#4783);
#3803=AXIS2_PLACEMENT_3D('',#5973,#4784,#4785);
#3804=AXIS2_PLACEMENT_3D('',#5974,#4786,#4787);
#3805=AXIS2_PLACEMENT_3D('',#5975,#4788,#4789);
#3806=AXIS2_PLACEMENT_3D('',#5976,#4790,#4791);
#3807=AXIS2_PLACEMENT_3D('',#5977,#4792,#4793);
#3808=AXIS2_PLACEMENT_3D('',#5978,#4794,#4795);
#3809=AXIS2_PLACEMENT_3D('',#5979,#4796,#4797);
#3810=AXIS2_PLACEMENT_3D('',#5980,#4798,#4799);
#3811=AXIS2_PLACEMENT_3D('',#5981,#4800,#4801);
#3812=AXIS2_PLACEMENT_3D('',#5982,#4802,#4803);
#3813=AXIS2_PLACEMENT_3D('',#5983,#4804,#4805);
#3814=AXIS2_PLACEMENT_3D('',#5984,#4806,#4807);
#3815=AXIS2_PLACEMENT_3D('',#5985,#4808,#4809);
#3816=AXIS2_PLACEMENT_3D('',#5986,#4810,#4811);
#3817=AXIS2_PLACEMENT_3D('',#5987,#4812,#4813);
#3818=AXIS2_PLACEMENT_3D('',#5992,#4814,#4815);
#3819=AXIS2_PLACEMENT_3D('',#5993,#4816,#4817);
#3820=AXIS2_PLACEMENT_3D('',#5994,#4818,#4819);
#3821=AXIS2_PLACEMENT_3D('',#5995,#4820,#4821);
#3822=AXIS2_PLACEMENT_3D('',#5996,#4822,#4823);
#3823=AXIS2_PLACEMENT_3D('',#5997,#4824,#4825);
#3824=AXIS2_PLACEMENT_3D('',#5998,#4826,#4827);
#3825=AXIS2_PLACEMENT_3D('',#5999,#4828,#4829);
#3826=AXIS2_PLACEMENT_3D('',#6000,#4830,#4831);
#3827=AXIS2_PLACEMENT_3D('',#6001,#4832,#4833);
#3828=AXIS2_PLACEMENT_3D('',#6002,#4834,#4835);
#3829=AXIS2_PLACEMENT_3D('',#6003,#4836,#4837);
#3830=AXIS2_PLACEMENT_3D('',#6004,#4838,#4839);
#3831=AXIS2_PLACEMENT_3D('',#6005,#4840,#4841);
#3832=AXIS2_PLACEMENT_3D('',#6006,#4842,#4843);
#3833=AXIS2_PLACEMENT_3D('',#6007,#4844,#4845);
#3834=AXIS2_PLACEMENT_3D('',#6008,#4846,#4847);
#3835=AXIS2_PLACEMENT_3D('',#6009,#4848,#4849);
#3836=AXIS2_PLACEMENT_3D('',#6010,#4850,#4851);
#3837=AXIS2_PLACEMENT_3D('',#6011,#4852,#4853);
#3838=AXIS2_PLACEMENT_3D('',#6012,#4854,#4855);
#3839=AXIS2_PLACEMENT_3D('',#6013,#4856,#4857);
#3840=AXIS2_PLACEMENT_3D('',#6014,#4858,#4859);
#3841=AXIS2_PLACEMENT_3D('',#6015,#4860,#4861);
#3842=AXIS2_PLACEMENT_3D('',#6016,#4862,#4863);
#3843=AXIS2_PLACEMENT_3D('',#6017,#4864,#4865);
#3844=AXIS2_PLACEMENT_3D('',#6018,#4866,#4867);
#3845=AXIS2_PLACEMENT_3D('',#6019,#4868,#4869);
#3846=AXIS2_PLACEMENT_3D('',#6024,#4870,#4871);
#3847=AXIS2_PLACEMENT_3D('',#6025,#4872,#4873);
#3848=AXIS2_PLACEMENT_3D('',#6026,#4874,#4875);
#3849=AXIS2_PLACEMENT_3D('',#6027,#4876,#4877);
#3850=AXIS2_PLACEMENT_3D('',#6028,#4878,#4879);
#3851=AXIS2_PLACEMENT_3D('',#6029,#4880,#4881);
#3852=AXIS2_PLACEMENT_3D('',#6030,#4882,#4883);
#3853=AXIS2_PLACEMENT_3D('',#6031,#4884,#4885);
#3854=AXIS2_PLACEMENT_3D('',#6032,#4886,#4887);
#3855=AXIS2_PLACEMENT_3D('',#6033,#4888,#4889);
#3856=AXIS2_PLACEMENT_3D('',#6034,#4890,#4891);
#3857=AXIS2_PLACEMENT_3D('',#6035,#4892,#4893);
#3858=AXIS2_PLACEMENT_3D('',#6036,#4894,#4895);
#3859=AXIS2_PLACEMENT_3D('',#6037,#4896,#4897);
#3860=AXIS2_PLACEMENT_3D('',#6038,#4898,#4899);
#3861=AXIS2_PLACEMENT_3D('',#6039,#4900,#4901);
#3862=AXIS2_PLACEMENT_3D('',#6040,#4902,#4903);
#3863=AXIS2_PLACEMENT_3D('',#6041,#4904,#4905);
#3864=AXIS2_PLACEMENT_3D('',#6042,#4906,#4907);
#3865=AXIS2_PLACEMENT_3D('',#6043,#4908,#4909);
#3866=AXIS2_PLACEMENT_3D('',#6044,#4910,#4911);
#3867=AXIS2_PLACEMENT_3D('',#6045,#4912,#4913);
#3868=AXIS2_PLACEMENT_3D('',#6046,#4914,#4915);
#3869=AXIS2_PLACEMENT_3D('',#6047,#4916,#4917);
#3870=AXIS2_PLACEMENT_3D('',#6048,#4918,#4919);
#3871=AXIS2_PLACEMENT_3D('',#6049,#4920,#4921);
#3872=DIRECTION('',(0.,0.,1.));
#3873=DIRECTION('',(1.,0.,0.));
#3874=DIRECTION('',(0.707106781186553,-8.659560562355E-17,-0.707106781186542));
#3875=DIRECTION('',(0.,0.,1.));
#3876=DIRECTION('',(1.,0.,0.));
#3877=DIRECTION('',(-0.707106781186553,0.,-0.707106781186542));
#3878=DIRECTION('',(0.,0.,1.));
#3879=DIRECTION('',(1.,0.,0.));
#3880=DIRECTION('',(0.,0.,1.));
#3881=DIRECTION('',(1.,0.,-9.84607798164566E-17));
#3882=DIRECTION('',(-0.857167300702112,1.04972719113862E-16,0.515038074910055));
#3883=DIRECTION('',(0.857167300702112,0.,0.515038074910055));
#3884=DIRECTION('',(0.,0.,1.));
#3885=DIRECTION('',(1.,0.,0.));
#3886=DIRECTION('',(0.,0.,1.));
#3887=DIRECTION('',(1.,0.,8.32161572693476E-18));
#3888=DIRECTION('',(0.,0.,-1.));
#3889=DIRECTION('',(0.,0.,-1.));
#3890=DIRECTION('',(0.,0.,1.));
#3891=DIRECTION('',(1.,0.,0.));
#3892=DIRECTION('',(0.707106781186553,-8.659560562355E-17,-0.707106781186542));
#3893=DIRECTION('',(0.,0.,1.));
#3894=DIRECTION('',(1.,0.,0.));
#3895=DIRECTION('',(-0.707106781186553,0.,-0.707106781186542));
#3896=DIRECTION('',(0.,0.,1.));
#3897=DIRECTION('',(1.,0.,0.));
#3898=DIRECTION('',(0.,0.,1.));
#3899=DIRECTION('',(1.,0.,-9.84607798164566E-17));
#3900=DIRECTION('',(-0.857167300702112,1.04972719113862E-16,0.515038074910055));
#3901=DIRECTION('',(0.857167300702112,0.,0.515038074910055));
#3902=DIRECTION('',(0.,0.,1.));
#3903=DIRECTION('',(1.,0.,0.));
#3904=DIRECTION('',(0.,0.,1.));
#3905=DIRECTION('',(1.,0.,8.32161572693476E-18));
#3906=DIRECTION('',(0.,0.,-1.));
#3907=DIRECTION('',(0.,0.,-1.));
#3908=DIRECTION('',(0.,0.,1.));
#3909=DIRECTION('',(1.,0.,0.));
#3910=DIRECTION('',(0.707106781186553,-8.659560562355E-17,-0.707106781186542));
#3911=DIRECTION('',(0.,0.,1.));
#3912=DIRECTION('',(1.,0.,0.));
#3913=DIRECTION('',(-0.707106781186553,0.,-0.707106781186542));
#3914=DIRECTION('',(0.,0.,1.));
#3915=DIRECTION('',(1.,0.,0.));
#3916=DIRECTION('',(0.,0.,1.));
#3917=DIRECTION('',(1.,0.,-9.84607798164566E-17));
#3918=DIRECTION('',(-0.857167300702112,1.04972719113862E-16,0.515038074910055));
#3919=DIRECTION('',(0.857167300702112,0.,0.515038074910055));
#3920=DIRECTION('',(0.,0.,1.));
#3921=DIRECTION('',(1.,0.,0.));
#3922=DIRECTION('',(0.,0.,1.));
#3923=DIRECTION('',(1.,0.,0.));
#3924=DIRECTION('',(0.,0.,1.));
#3925=DIRECTION('',(1.,0.,8.32161572693476E-18));
#3926=DIRECTION('',(0.,0.,-1.));
#3927=DIRECTION('',(0.,0.,-1.));
#3928=DIRECTION('',(0.,0.,1.));
#3929=DIRECTION('',(1.,0.,0.));
#3930=DIRECTION('',(0.707106781186553,-8.659560562355E-17,-0.707106781186542));
#3931=DIRECTION('',(0.,0.,1.));
#3932=DIRECTION('',(1.,0.,0.));
#3933=DIRECTION('',(-0.707106781186553,0.,-0.707106781186542));
#3934=DIRECTION('',(0.,0.,1.));
#3935=DIRECTION('',(1.,0.,0.));
#3936=DIRECTION('',(0.,0.,1.));
#3937=DIRECTION('',(1.,0.,-9.84607798164566E-17));
#3938=DIRECTION('',(-0.857167300702112,1.04972719113862E-16,0.515038074910055));
#3939=DIRECTION('',(0.857167300702112,0.,0.515038074910055));
#3940=DIRECTION('',(0.,0.,1.));
#3941=DIRECTION('',(1.,0.,0.));
#3942=DIRECTION('',(0.,0.,1.));
#3943=DIRECTION('',(1.,0.,0.));
#3944=DIRECTION('',(0.,0.,1.));
#3945=DIRECTION('',(1.,0.,8.32161572693476E-18));
#3946=DIRECTION('',(0.,0.,-1.));
#3947=DIRECTION('',(0.,0.,-1.));
#3948=DIRECTION('',(0.,0.,1.));
#3949=DIRECTION('',(1.,0.,0.));
#3950=DIRECTION('',(-0.515038074910055,-1.04972719113862E-16,-0.857167300702112));
#3951=DIRECTION('',(-0.515038074910055,0.,0.857167300702112));
#3952=DIRECTION('',(1.,0.,0.));
#3953=DIRECTION('',(0.,0.,-1.));
#3954=DIRECTION('',(1.,0.,0.));
#3955=DIRECTION('',(-4.57688864981412E-17,0.,-1.));
#3956=DIRECTION('',(1.,0.,0.));
#3957=DIRECTION('',(1.,0.,0.));
#3958=DIRECTION('',(1.,0.,0.));
#3959=DIRECTION('',(0.,0.,-1.));
#3960=DIRECTION('',(0.,-1.,0.));
#3961=DIRECTION('',(0.,1.,0.));
#3962=DIRECTION('',(0.,0.,1.));
#3963=DIRECTION('',(0.,-1.,0.));
#3964=DIRECTION('',(0.,1.,0.));
#3965=DIRECTION('',(0.,0.,1.));
#3966=DIRECTION('',(1.04972719113862E-16,0.515038074910055,-0.857167300702112));
#3967=DIRECTION('',(0.,0.515038074910055,0.857167300702112));
#3968=DIRECTION('',(0.,1.,0.));
#3969=DIRECTION('',(0.,-4.57688864981412E-17,1.));
#3970=DIRECTION('',(0.707106781186545,8.65956056235497E-17,0.70710678118655));
#3971=DIRECTION('',(1.,0.,0.));
#3972=DIRECTION('',(0.,0.,-1.));
#3973=DIRECTION('',(0.707106781186545,0.,-0.70710678118655));
#3974=DIRECTION('',(1.,0.,0.));
#3975=DIRECTION('',(0.,0.,-1.));
#3976=DIRECTION('',(1.,0.,0.));
#3977=DIRECTION('',(3.45476420408622E-17,0.,-1.));
#3978=DIRECTION('',(1.,0.,0.));
#3979=DIRECTION('',(1.,0.,0.));
#3980=DIRECTION('',(1.,0.,0.));
#3981=DIRECTION('',(0.,0.,-1.));
#3982=DIRECTION('',(0.707106781186544,8.65956056235498E-17,0.707106781186551));
#3983=DIRECTION('',(1.,0.,0.));
#3984=DIRECTION('',(0.,0.,-1.));
#3985=DIRECTION('',(0.707106781186544,0.,-0.707106781186551));
#3986=DIRECTION('',(1.,0.,0.));
#3987=DIRECTION('',(0.,0.,-1.));
#3988=DIRECTION('',(1.,0.,0.));
#3989=DIRECTION('',(4.14571704490345E-17,0.,-1.));
#3990=DIRECTION('',(1.,0.,0.));
#3991=DIRECTION('',(1.,0.,0.));
#3992=DIRECTION('',(0.,0.,-1.));
#3993=DIRECTION('',(1.,0.,0.));
#3994=DIRECTION('',(1.,0.,0.));
#3995=DIRECTION('',(0.,0.,-1.));
#3996=DIRECTION('',(-0.515038074910055,-1.04972719113862E-16,-0.857167300702112));
#3997=DIRECTION('',(-0.515038074910055,0.,0.857167300702112));
#3998=DIRECTION('',(1.,0.,0.));
#3999=DIRECTION('',(-4.16080786346738E-17,0.,-1.));
#4000=DIRECTION('',(-0.515038074910055,-1.04972719113862E-16,-0.857167300702112));
#4001=DIRECTION('',(-0.515038074910055,0.,0.857167300702112));
#4002=DIRECTION('',(1.,0.,0.));
#4003=DIRECTION('',(0.,0.,-1.));
#4004=DIRECTION('',(1.,0.,0.));
#4005=DIRECTION('',(-3.74472707712064E-17,0.,-1.));
#4006=DIRECTION('',(1.,0.,0.));
#4007=DIRECTION('',(1.,0.,0.));
#4008=DIRECTION('',(1.,0.,0.));
#4009=DIRECTION('',(0.,0.,-1.));
#4010=DIRECTION('',(0.,-1.,0.));
#4011=DIRECTION('',(0.,-1.,0.));
#4012=DIRECTION('',(0.,0.,-1.));
#4013=DIRECTION('',(0.,-1.,0.));
#4014=DIRECTION('',(0.,-1.,0.));
#4015=DIRECTION('',(0.,0.,-1.));
#4016=DIRECTION('',(-1.04972719113862E-16,0.515038074910055,-0.857167300702112));
#4017=DIRECTION('',(0.,0.515038074910055,0.857167300702112));
#4018=DIRECTION('',(0.,-1.,0.));
#4019=DIRECTION('',(0.,4.57688864981412E-17,-1.));
#4020=DIRECTION('',(0.707106781186543,8.65956056235499E-17,0.707106781186552));
#4021=DIRECTION('',(1.,0.,0.));
#4022=DIRECTION('',(0.,0.,-1.));
#4023=DIRECTION('',(0.707106781186543,0.,-0.707106781186552));
#4024=DIRECTION('',(1.,0.,0.));
#4025=DIRECTION('',(0.,0.,-1.));
#4026=DIRECTION('',(1.,0.,0.));
#4027=DIRECTION('',(4.83666988572069E-17,0.,-1.));
#4028=DIRECTION('',(1.,0.,0.));
#4029=DIRECTION('',(1.,0.,0.));
#4030=DIRECTION('',(1.,0.,0.));
#4031=DIRECTION('',(0.,0.,-1.));
#4032=DIRECTION('',(-0.515038074910055,1.04972719113862E-16,-0.857167300702112));
#4033=DIRECTION('',(-0.515038074910055,0.,0.857167300702112));
#4034=DIRECTION('',(-1.,0.,0.));
#4035=DIRECTION('',(0.,0.,1.));
#4036=DIRECTION('',(-1.,0.,0.));
#4037=DIRECTION('',(4.57688864981412E-17,0.,1.));
#4038=DIRECTION('',(1.,0.,0.));
#4039=DIRECTION('',(1.,0.,0.));
#4040=DIRECTION('',(-1.,0.,0.));
#4041=DIRECTION('',(0.,0.,1.));
#4042=DIRECTION('',(0.,-1.,0.));
#4043=DIRECTION('',(0.,1.,0.));
#4044=DIRECTION('',(0.,0.,1.));
#4045=DIRECTION('',(0.,-1.,0.));
#4046=DIRECTION('',(0.,1.,0.));
#4047=DIRECTION('',(0.,0.,1.));
#4048=DIRECTION('',(1.04972719113862E-16,0.515038074910055,-0.857167300702112));
#4049=DIRECTION('',(0.,0.515038074910055,0.857167300702112));
#4050=DIRECTION('',(0.,1.,0.));
#4051=DIRECTION('',(0.,-3.74472707712064E-17,1.));
#4052=DIRECTION('',(0.707106781186545,-8.65956056235497E-17,0.70710678118655));
#4053=DIRECTION('',(-1.,0.,0.));
#4054=DIRECTION('',(0.,0.,1.));
#4055=DIRECTION('',(0.707106781186545,0.,-0.70710678118655));
#4056=DIRECTION('',(-1.,0.,0.));
#4057=DIRECTION('',(0.,0.,1.));
#4058=DIRECTION('',(-1.,0.,0.));
#4059=DIRECTION('',(-3.45476420408622E-17,0.,1.));
#4060=DIRECTION('',(1.,0.,0.));
#4061=DIRECTION('',(1.,0.,0.));
#4062=DIRECTION('',(-1.,0.,0.));
#4063=DIRECTION('',(0.,0.,1.));
#4064=DIRECTION('',(0.707106781186544,-8.65956056235498E-17,0.707106781186551));
#4065=DIRECTION('',(-1.,0.,0.));
#4066=DIRECTION('',(0.,0.,1.));
#4067=DIRECTION('',(0.707106781186544,0.,-0.707106781186551));
#4068=DIRECTION('',(-1.,0.,0.));
#4069=DIRECTION('',(0.,0.,1.));
#4070=DIRECTION('',(-1.,0.,0.));
#4071=DIRECTION('',(-4.14571704490345E-17,0.,1.));
#4072=DIRECTION('',(1.,0.,0.));
#4073=DIRECTION('',(-1.,0.,0.));
#4074=DIRECTION('',(0.,0.,1.));
#4075=DIRECTION('',(1.,0.,0.));
#4076=DIRECTION('',(-1.,0.,0.));
#4077=DIRECTION('',(0.,0.,1.));
#4078=DIRECTION('',(-0.515038074910055,1.04972719113862E-16,-0.857167300702112));
#4079=DIRECTION('',(-0.515038074910055,0.,0.857167300702112));
#4080=DIRECTION('',(-1.,0.,0.));
#4081=DIRECTION('',(4.16080786346738E-17,0.,1.));
#4082=DIRECTION('',(-0.515038074910055,1.04972719113862E-16,-0.857167300702112));
#4083=DIRECTION('',(-0.515038074910055,0.,0.857167300702112));
#4084=DIRECTION('',(-1.,0.,0.));
#4085=DIRECTION('',(0.,0.,1.));
#4086=DIRECTION('',(-1.,0.,0.));
#4087=DIRECTION('',(3.74472707712064E-17,0.,1.));
#4088=DIRECTION('',(1.,0.,0.));
#4089=DIRECTION('',(1.,0.,0.));
#4090=DIRECTION('',(-1.,0.,0.));
#4091=DIRECTION('',(0.,0.,1.));
#4092=DIRECTION('',(0.,-1.,0.));
#4093=DIRECTION('',(0.,-1.,0.));
#4094=DIRECTION('',(0.,0.,-1.));
#4095=DIRECTION('',(0.,-1.,0.));
#4096=DIRECTION('',(0.,-1.,0.));
#4097=DIRECTION('',(0.,0.,-1.));
#4098=DIRECTION('',(-1.04972719113862E-16,0.515038074910055,-0.857167300702112));
#4099=DIRECTION('',(0.,0.515038074910055,0.857167300702112));
#4100=DIRECTION('',(0.,-1.,0.));
#4101=DIRECTION('',(0.,3.74472707712064E-17,-1.));
#4102=DIRECTION('',(0.707106781186543,-8.65956056235499E-17,0.707106781186552));
#4103=DIRECTION('',(-1.,0.,0.));
#4104=DIRECTION('',(0.,0.,1.));
#4105=DIRECTION('',(0.707106781186543,0.,-0.707106781186552));
#4106=DIRECTION('',(-1.,0.,0.));
#4107=DIRECTION('',(0.,0.,1.));
#4108=DIRECTION('',(-1.,0.,0.));
#4109=DIRECTION('',(-4.83666988572069E-17,0.,1.));
#4110=DIRECTION('',(1.,0.,0.));
#4111=DIRECTION('',(1.,0.,0.));
#4112=DIRECTION('',(-1.,0.,0.));
#4113=DIRECTION('',(0.,0.,1.));
#4114=DIRECTION('',(8.65956056235499E-17,-0.707106781186543,0.707106781186552));
#4115=DIRECTION('',(0.,-1.,0.));
#4116=DIRECTION('',(0.,0.,-1.));
#4117=DIRECTION('',(0.,-0.707106781186543,-0.707106781186552));
#4118=DIRECTION('',(0.,-1.,0.));
#4119=DIRECTION('',(0.,0.,-1.));
#4120=DIRECTION('',(0.,-1.,0.));
#4121=DIRECTION('',(0.,-4.83666988572069E-17,-1.));
#4122=DIRECTION('',(8.65956056235498E-17,-0.707106781186544,0.707106781186551));
#4123=DIRECTION('',(0.,-1.,0.));
#4124=DIRECTION('',(0.,0.,-1.));
#4125=DIRECTION('',(0.,-0.707106781186544,-0.707106781186551));
#4126=DIRECTION('',(0.,-1.,0.));
#4127=DIRECTION('',(0.,0.,-1.));
#4128=DIRECTION('',(0.,-1.,0.));
#4129=DIRECTION('',(0.,-4.14571704490345E-17,-1.));
#4130=DIRECTION('',(0.,-1.,0.));
#4131=DIRECTION('',(0.,-1.,0.));
#4132=DIRECTION('',(0.,0.,-1.));
#4133=DIRECTION('',(0.,-1.,0.));
#4134=DIRECTION('',(0.,-1.,0.));
#4135=DIRECTION('',(0.,0.,-1.));
#4136=DIRECTION('',(-1.04972719113862E-16,0.515038074910055,-0.857167300702112));
#4137=DIRECTION('',(0.,0.515038074910055,0.857167300702112));
#4138=DIRECTION('',(0.,-1.,0.));
#4139=DIRECTION('',(0.,4.16080786346738E-17,-1.));
#4140=DIRECTION('',(8.65956056235497E-17,-0.707106781186545,0.70710678118655));
#4141=DIRECTION('',(0.,-1.,0.));
#4142=DIRECTION('',(0.,0.,-1.));
#4143=DIRECTION('',(0.,-0.707106781186545,-0.70710678118655));
#4144=DIRECTION('',(0.,-1.,0.));
#4145=DIRECTION('',(0.,0.,-1.));
#4146=DIRECTION('',(0.,-1.,0.));
#4147=DIRECTION('',(0.,-3.45476420408622E-17,-1.));
#4148=DIRECTION('',(-8.65956056235499E-17,-0.707106781186543,0.707106781186552));
#4149=DIRECTION('',(0.,1.,0.));
#4150=DIRECTION('',(0.,0.,1.));
#4151=DIRECTION('',(0.,-0.707106781186543,-0.707106781186552));
#4152=DIRECTION('',(0.,1.,0.));
#4153=DIRECTION('',(0.,0.,1.));
#4154=DIRECTION('',(0.,1.,0.));
#4155=DIRECTION('',(0.,4.83666988572069E-17,1.));
#4156=DIRECTION('',(-8.65956056235498E-17,-0.707106781186544,0.707106781186551));
#4157=DIRECTION('',(0.,1.,0.));
#4158=DIRECTION('',(0.,0.,1.));
#4159=DIRECTION('',(0.,-0.707106781186544,-0.707106781186551));
#4160=DIRECTION('',(0.,1.,0.));
#4161=DIRECTION('',(0.,0.,1.));
#4162=DIRECTION('',(0.,1.,0.));
#4163=DIRECTION('',(0.,4.14571704490345E-17,1.));
#4164=DIRECTION('',(0.,-1.,0.));
#4165=DIRECTION('',(0.,1.,0.));
#4166=DIRECTION('',(0.,0.,1.));
#4167=DIRECTION('',(0.,-1.,0.));
#4168=DIRECTION('',(0.,1.,0.));
#4169=DIRECTION('',(0.,0.,1.));
#4170=DIRECTION('',(1.04972719113862E-16,0.515038074910055,-0.857167300702112));
#4171=DIRECTION('',(0.,0.515038074910055,0.857167300702112));
#4172=DIRECTION('',(0.,1.,0.));
#4173=DIRECTION('',(0.,-4.16080786346738E-17,1.));
#4174=DIRECTION('',(-8.65956056235497E-17,-0.707106781186545,0.70710678118655));
#4175=DIRECTION('',(0.,1.,0.));
#4176=DIRECTION('',(0.,0.,1.));
#4177=DIRECTION('',(0.,-0.707106781186545,-0.70710678118655));
#4178=DIRECTION('',(0.,1.,0.));
#4179=DIRECTION('',(0.,0.,1.));
#4180=DIRECTION('',(0.,1.,0.));
#4181=DIRECTION('',(0.,3.45476420408622E-17,1.));
#4182=DIRECTION('',(-5.38851165004557E-15,-0.707106781186548,0.707106781186547));
#4183=DIRECTION('',(0.,0.,-1.));
#4184=DIRECTION('',(1.,0.,0.));
#4185=DIRECTION('',(-0.70710678118655,-4.71494769378986E-15,-0.707106781186545));
#4186=DIRECTION('',(0.,0.,1.));
#4187=DIRECTION('',(1.,0.,0.));
#4188=DIRECTION('',(0.,0.,1.));
#4189=DIRECTION('',(1.,0.,-3.78100979689206E-17));
#4190=DIRECTION('',(-0.707106781186549,0.,-0.707106781186547));
#4191=DIRECTION('',(0.,1.,0.));
#4192=DIRECTION('',(0.,-1.,0.));
#4193=DIRECTION('',(-0.707106781186545,0.,0.70710678118655));
#4194=DIRECTION('',(0.,-1.,0.));
#4195=DIRECTION('',(0.,-0.707106781186549,0.707106781186547));
#4196=DIRECTION('',(-1.,-2.7755575615629E-16,0.));
#4197=DIRECTION('',(1.,2.7755575615629E-16,3.39138301019558E-33));
#4198=DIRECTION('',(-1.96261557335472E-16,0.707106781186547,0.707106781186548));
#4199=DIRECTION('',(-1.,-2.77555756156289E-16,0.));
#4200=DIRECTION('',(4.71494769378987E-15,-0.707106781186549,-0.707106781186546));
#4201=DIRECTION('',(0.,0.,1.));
#4202=DIRECTION('',(1.,0.,0.));
#4203=DIRECTION('',(0.,0.,-1.));
#4204=DIRECTION('',(1.,1.60128320859398E-14,0.));
#4205=DIRECTION('',(0.,0.,1.));
#4206=DIRECTION('',(1.,0.,-3.78100979689206E-17));
#4207=DIRECTION('',(-0.707106781186549,6.06207560630126E-15,0.707106781186546));
#4208=DIRECTION('',(0.,0.,-1.));
#4209=DIRECTION('',(1.,0.,0.));
#4210=DIRECTION('',(0.,0.,1.));
#4211=DIRECTION('',(1.,0.,0.));
#4212=DIRECTION('',(0.,0.,1.));
#4213=DIRECTION('',(1.,0.,-3.78100979689206E-17));
#4214=DIRECTION('',(0.,-0.707106781186549,-0.707106781186547));
#4215=DIRECTION('',(-1.,-1.38777878078145E-16,1.69569150509779E-33));
#4216=DIRECTION('',(1.,1.38777878078145E-16,0.));
#4217=DIRECTION('',(9.8130778667736E-17,-0.707106781186546,0.707106781186549));
#4218=DIRECTION('',(1.,1.38777878078145E-16,0.));
#4219=DIRECTION('',(-0.707106781186549,0.,0.707106781186547));
#4220=DIRECTION('',(0.,1.,0.));
#4221=DIRECTION('',(0.,-1.,0.));
#4222=DIRECTION('',(0.707106781186546,0.,0.707106781186549));
#4223=DIRECTION('',(0.,1.,0.));
#4224=DIRECTION('',(0.,0.,-1.));
#4225=DIRECTION('',(1.,0.,0.));
#4226=DIRECTION('',(0.,0.,1.));
#4227=DIRECTION('',(1.,0.,0.));
#4228=DIRECTION('',(0.,0.,1.));
#4229=DIRECTION('',(1.,0.,-3.78100979689206E-17));
#4230=DIRECTION('',(0.,0.,1.));
#4231=DIRECTION('',(-1.,0.,0.));
#4232=DIRECTION('',(1.,2.7755575615629E-16,0.));
#4233=DIRECTION('',(0.,0.,1.));
#4234=DIRECTION('',(-1.,9.43413189212226E-16,0.));
#4235=DIRECTION('',(0.,1.,0.));
#4236=DIRECTION('',(0.,0.,1.));
#4237=DIRECTION('',(-1.,0.,0.));
#4238=DIRECTION('',(-1.,-1.38777878078145E-16,0.));
#4239=DIRECTION('',(0.,0.,1.));
#4240=DIRECTION('',(-1.,1.79248505950323E-14,0.));
#4241=DIRECTION('',(0.,-1.,0.));
#4242=DIRECTION('',(0.,0.,-1.));
#4243=DIRECTION('',(-1.,0.,0.));
#4244=DIRECTION('',(1.20492628143766E-15,-0.17364817766693,0.984807753012208));
#4245=DIRECTION('',(4.81970512575066E-17,-0.17364817766693,0.984807753012208));
#4246=DIRECTION('',(2.7333906055588E-16,-0.984807753012208,-0.17364817766693));
#4247=DIRECTION('',(0.,0.17364817766693,-0.984807753012208));
#4248=DIRECTION('',(0.17364817766693,1.20492628143766E-15,0.984807753012208));
#4249=DIRECTION('',(0.,0.,1.));
#4250=DIRECTION('',(-1.,0.,-5.21365796221952E-16));
#4251=DIRECTION('',(0.17364817766693,0.,0.984807753012208));
#4252=DIRECTION('',(0.984807753012208,0.,-0.17364817766693));
#4253=DIRECTION('',(-0.17364817766693,0.,-0.984807753012208));
#4254=DIRECTION('',(-1.20492628143766E-15,0.17364817766693,0.984807753012208));
#4255=DIRECTION('',(0.,0.,1.));
#4256=DIRECTION('',(-1.,0.,-5.21365796221952E-16));
#4257=DIRECTION('',(-2.40985256287533E-17,0.17364817766693,0.984807753012208));
#4258=DIRECTION('',(-1.3666953027794E-16,0.984807753012208,-0.17364817766693));
#4259=DIRECTION('',(0.,0.17364817766693,0.984807753012208));
#4260=DIRECTION('',(-0.17364817766693,-1.14467996736578E-15,0.984807753012208));
#4261=DIRECTION('',(0.,0.,1.));
#4262=DIRECTION('',(1.,0.,-5.21365796221952E-16));
#4263=DIRECTION('',(-0.17364817766693,0.,0.984807753012208));
#4264=DIRECTION('',(-0.984807753012208,0.,-0.17364817766693));
#4265=DIRECTION('',(-0.17364817766693,0.,0.984807753012208));
#4266=DIRECTION('',(0.,0.,1.));
#4267=DIRECTION('',(-1.,0.,-5.21365796221952E-16));
#4268=DIRECTION('',(0.707106781186541,0.707106781186554,0.));
#4269=DIRECTION('',(0.,-1.,0.));
#4270=DIRECTION('',(0.,0.,-1.));
#4271=DIRECTION('',(0.,-0.707106781186545,0.70710678118655));
#4272=DIRECTION('',(-1.5419764230905E-16,1.,0.));
#4273=DIRECTION('',(1.,0.,0.));
#4274=DIRECTION('',(0.,-1.,0.));
#4275=DIRECTION('',(0.,-4.12824624922592E-17,-1.));
#4276=DIRECTION('',(0.,-0.707106781186549,0.707106781186546));
#4277=DIRECTION('',(1.,1.5419764230905E-16,-1.38777878078145E-16));
#4278=DIRECTION('',(-1.,-1.5419764230905E-16,1.38777878078145E-16));
#4279=DIRECTION('',(-1.09034198519714E-17,0.70710678118655,0.707106781186545));
#4280=DIRECTION('',(1.,1.52655665885959E-16,-1.38777878078145E-16));
#4281=DIRECTION('',(0.707106781186546,0.707106781186549,0.));
#4282=DIRECTION('',(-1.73472347597681E-16,-2.67490270053783E-32,-1.));
#4283=DIRECTION('',(1.73472347597681E-16,2.67490270053783E-32,1.));
#4284=DIRECTION('',(-0.707106781186552,0.707106781186543,1.22663473334671E-16));
#4285=DIRECTION('',(1.73472347597681E-16,0.,1.));
#4286=DIRECTION('',(0.707106781186551,-0.707106781186544,0.));
#4287=DIRECTION('',(-1.5419764230905E-16,1.,0.));
#4288=DIRECTION('',(1.,0.,0.));
#4289=DIRECTION('',(0.,-1.,0.));
#4290=DIRECTION('',(0.,0.,-1.));
#4291=DIRECTION('',(0.,-1.,0.));
#4292=DIRECTION('',(0.,-4.12824624922591E-17,-1.));
#4293=DIRECTION('',(0.,0.707106781186545,0.70710678118655));
#4294=DIRECTION('',(0.,-1.,0.));
#4295=DIRECTION('',(0.,0.,-1.));
#4296=DIRECTION('',(-1.5419764230905E-16,1.,0.));
#4297=DIRECTION('',(1.,0.,0.));
#4298=DIRECTION('',(0.,-1.,0.));
#4299=DIRECTION('',(0.,-4.12824624922592E-17,-1.));
#4300=DIRECTION('',(0.70710678118655,-0.707106781186545,0.));
#4301=DIRECTION('',(-1.73472347597681E-16,-2.67490270053783E-32,-1.));
#4302=DIRECTION('',(1.73472347597681E-16,2.67490270053783E-32,1.));
#4303=DIRECTION('',(0.707106781186545,0.70710678118655,-1.2266347333467E-16));
#4304=DIRECTION('',(-1.73472347597681E-16,0.,-1.));
#4305=DIRECTION('',(0.,0.707106781186548,0.707106781186548));
#4306=DIRECTION('',(1.,1.5419764230905E-16,-2.77555756156289E-16));
#4307=DIRECTION('',(-1.,-1.5419764230905E-16,2.77555756156289E-16));
#4308=DIRECTION('',(-3.05295755855178E-16,0.707106781186549,-0.707106781186546));
#4309=DIRECTION('',(-1.,-1.52655665885959E-16,2.77555756156289E-16));
#4310=DIRECTION('',(0.,-1.,0.));
#4311=DIRECTION('',(0.,0.,-1.));
#4312=DIRECTION('',(-1.5419764230905E-16,1.,0.));
#4313=DIRECTION('',(1.,0.,0.));
#4314=DIRECTION('',(0.,-1.,0.));
#4315=DIRECTION('',(0.,-4.12824624922592E-17,-1.));
#4316=DIRECTION('',(0.707106781186551,-0.707106781186544,0.));
#4317=DIRECTION('',(-1.,0.,0.));
#4318=DIRECTION('',(0.,0.,1.));
#4319=DIRECTION('',(-0.707106781186549,0.,0.707106781186546));
#4320=DIRECTION('',(1.,1.5419764230905E-16,0.));
#4321=DIRECTION('',(0.,-1.,0.));
#4322=DIRECTION('',(-1.,0.,0.));
#4323=DIRECTION('',(-4.12824624922592E-17,0.,1.));
#4324=DIRECTION('',(-0.70710678118655,0.,0.707106781186545));
#4325=DIRECTION('',(1.5419764230905E-16,-1.,-1.38777878078145E-16));
#4326=DIRECTION('',(-1.5419764230905E-16,1.,1.38777878078145E-16));
#4327=DIRECTION('',(0.707106781186545,1.090341985197E-17,0.70710678118655));
#4328=DIRECTION('',(1.52655665885959E-16,-1.,-1.38777878078145E-16));
#4329=DIRECTION('',(0.707106781186549,-0.707106781186546,0.));
#4330=DIRECTION('',(0.,0.,-1.));
#4331=DIRECTION('',(0.,0.,1.));
#4332=DIRECTION('',(0.707106781186545,0.70710678118655,0.));
#4333=DIRECTION('',(0.,0.,1.));
#4334=DIRECTION('',(-0.707106781186539,-0.707106781186556,0.));
#4335=DIRECTION('',(1.,1.5419764230905E-16,0.));
#4336=DIRECTION('',(0.,-1.,0.));
#4337=DIRECTION('',(-1.,0.,0.));
#4338=DIRECTION('',(0.,0.,1.));
#4339=DIRECTION('',(-1.,0.,0.));
#4340=DIRECTION('',(-4.12824624922592E-17,0.,1.));
#4341=DIRECTION('',(0.707106781186548,0.,0.707106781186548));
#4342=DIRECTION('',(-1.,0.,0.));
#4343=DIRECTION('',(0.,0.,1.));
#4344=DIRECTION('',(1.,1.5419764230905E-16,0.));
#4345=DIRECTION('',(0.,-1.,0.));
#4346=DIRECTION('',(-1.,0.,0.));
#4347=DIRECTION('',(-4.12824624922592E-17,0.,1.));
#4348=DIRECTION('',(-0.707106781186545,-0.70710678118655,0.));
#4349=DIRECTION('',(-1.33745135026891E-32,8.67361737988404E-17,-1.));
#4350=DIRECTION('',(1.33745135026891E-32,-8.67361737988404E-17,1.));
#4351=DIRECTION('',(0.707106781186553,-0.707106781186542,-6.13317366673345E-17));
#4352=DIRECTION('',(0.,8.67361737988404E-17,-1.));
#4353=DIRECTION('',(0.707106781186548,0.,0.707106781186548));
#4354=DIRECTION('',(1.5419764230905E-16,-1.,-1.38777878078145E-16));
#4355=DIRECTION('',(-1.5419764230905E-16,1.,1.38777878078145E-16));
#4356=DIRECTION('',(0.707106781186545,2.07164977187443E-16,-0.70710678118655));
#4357=DIRECTION('',(-1.52655665885959E-16,1.,1.38777878078145E-16));
#4358=DIRECTION('',(-1.,0.,0.));
#4359=DIRECTION('',(0.,0.,1.));
#4360=DIRECTION('',(1.,1.5419764230905E-16,0.));
#4361=DIRECTION('',(0.,-1.,0.));
#4362=DIRECTION('',(-1.,0.,0.));
#4363=DIRECTION('',(-4.12824624922592E-17,0.,1.));
#4364=DIRECTION('',(0.,-0.707106781186548,0.707106781186548));
#4365=DIRECTION('',(0.,1.,0.));
#4366=DIRECTION('',(0.,0.,1.));
#4367=DIRECTION('',(0.707106781186545,0.70710678118655,0.));
#4368=DIRECTION('',(1.5419764230905E-16,-1.,0.));
#4369=DIRECTION('',(-1.,0.,0.));
#4370=DIRECTION('',(0.,1.,0.));
#4371=DIRECTION('',(0.,4.12824624922591E-17,1.));
#4372=DIRECTION('',(0.707106781186546,0.707106781186549,0.));
#4373=DIRECTION('',(1.73472347597681E-16,2.67490270053783E-32,1.));
#4374=DIRECTION('',(-1.73472347597681E-16,-2.67490270053783E-32,-1.));
#4375=DIRECTION('',(-0.70710678118655,0.707106781186545,1.2266347333467E-16));
#4376=DIRECTION('',(1.73472347597681E-16,0.,1.));
#4377=DIRECTION('',(0.,-0.707106781186548,0.707106781186548));
#4378=DIRECTION('',(-1.,-1.5419764230905E-16,2.77555756156289E-16));
#4379=DIRECTION('',(1.,1.5419764230905E-16,-2.77555756156289E-16));
#4380=DIRECTION('',(8.72273588157656E-17,0.707106781186547,0.707106781186548));
#4381=DIRECTION('',(1.,1.52655665885959E-16,-2.77555756156289E-16));
#4382=DIRECTION('',(0.,0.707106781186546,0.707106781186549));
#4383=DIRECTION('',(1.5419764230905E-16,-1.,0.));
#4384=DIRECTION('',(-1.,0.,0.));
#4385=DIRECTION('',(0.,1.,0.));
#4386=DIRECTION('',(0.,0.,1.));
#4387=DIRECTION('',(0.,1.,0.));
#4388=DIRECTION('',(0.,4.12824624922592E-17,1.));
#4389=DIRECTION('',(0.707106781186548,-0.707106781186548,0.));
#4390=DIRECTION('',(0.,1.,0.));
#4391=DIRECTION('',(0.,0.,1.));
#4392=DIRECTION('',(1.5419764230905E-16,-1.,0.));
#4393=DIRECTION('',(-1.,0.,0.));
#4394=DIRECTION('',(0.,1.,0.));
#4395=DIRECTION('',(0.,4.12824624922592E-17,1.));
#4396=DIRECTION('',(0.,0.70710678118655,0.707106781186545));
#4397=DIRECTION('',(-1.,-1.5419764230905E-16,1.38777878078145E-16));
#4398=DIRECTION('',(1.,1.5419764230905E-16,-1.38777878078145E-16));
#4399=DIRECTION('',(-2.07164977187443E-16,0.707106781186547,-0.707106781186548));
#4400=DIRECTION('',(-1.,-1.52655665885959E-16,1.38777878078145E-16));
#4401=DIRECTION('',(0.707106781186548,-0.707106781186548,0.));
#4402=DIRECTION('',(1.73472347597681E-16,2.67490270053783E-32,1.));
#4403=DIRECTION('',(-1.73472347597681E-16,-2.67490270053783E-32,-1.));
#4404=DIRECTION('',(0.707106781186548,0.707106781186548,-1.2266347333467E-16));
#4405=DIRECTION('',(-1.73472347597681E-16,0.,-1.));
#4406=DIRECTION('',(0.,1.,0.));
#4407=DIRECTION('',(0.,0.,1.));
#4408=DIRECTION('',(1.5419764230905E-16,-1.,0.));
#4409=DIRECTION('',(-1.,0.,0.));
#4410=DIRECTION('',(0.,1.,0.));
#4411=DIRECTION('',(0.,4.12824624922592E-17,1.));
#4412=DIRECTION('',(-0.707106781186548,0.,0.707106781186548));
#4413=DIRECTION('',(1.,0.,0.));
#4414=DIRECTION('',(0.,0.,-1.));
#4415=DIRECTION('',(0.707106781186554,-0.707106781186541,0.));
#4416=DIRECTION('',(-1.,-1.5419764230905E-16,0.));
#4417=DIRECTION('',(0.,1.,0.));
#4418=DIRECTION('',(1.,0.,0.));
#4419=DIRECTION('',(4.12824624922591E-17,0.,-1.));
#4420=DIRECTION('',(0.707106781186549,-0.707106781186546,0.));
#4421=DIRECTION('',(1.33745135026891E-32,-8.67361737988404E-17,1.));
#4422=DIRECTION('',(-1.33745135026891E-32,8.67361737988404E-17,-1.));
#4423=DIRECTION('',(0.707106781186543,0.707106781186552,6.13317366673353E-17));
#4424=DIRECTION('',(0.,-8.67361737988404E-17,1.));
#4425=DIRECTION('',(-0.707106781186548,0.,0.707106781186548));
#4426=DIRECTION('',(-1.5419764230905E-16,1.,1.38777878078145E-16));
#4427=DIRECTION('',(1.5419764230905E-16,-1.,-1.38777878078145E-16));
#4428=DIRECTION('',(0.707106781186547,1.09034198519707E-17,0.707106781186548));
#4429=DIRECTION('',(1.52655665885959E-16,-1.,-1.38777878078145E-16));
#4430=DIRECTION('',(0.707106781186545,0.,0.70710678118655));
#4431=DIRECTION('',(-1.,-1.5419764230905E-16,0.));
#4432=DIRECTION('',(0.,1.,0.));
#4433=DIRECTION('',(1.,0.,0.));
#4434=DIRECTION('',(0.,0.,-1.));
#4435=DIRECTION('',(1.,0.,0.));
#4436=DIRECTION('',(4.12824624922592E-17,0.,-1.));
#4437=DIRECTION('',(-0.707106781186544,-0.707106781186551,0.));
#4438=DIRECTION('',(1.,0.,0.));
#4439=DIRECTION('',(0.,0.,-1.));
#4440=DIRECTION('',(-1.,-1.5419764230905E-16,0.));
#4441=DIRECTION('',(0.,1.,0.));
#4442=DIRECTION('',(1.,0.,0.));
#4443=DIRECTION('',(4.12824624922592E-17,0.,-1.));
#4444=DIRECTION('',(0.707106781186549,0.,0.707106781186546));
#4445=DIRECTION('',(-1.5419764230905E-16,1.,1.38777878078145E-16));
#4446=DIRECTION('',(1.5419764230905E-16,-1.,-1.38777878078145E-16));
#4447=DIRECTION('',(0.707106781186548,2.07164977187443E-16,-0.707106781186547));
#4448=DIRECTION('',(-1.52655665885959E-16,1.,1.38777878078145E-16));
#4449=DIRECTION('',(-0.707106781186546,-0.707106781186549,0.));
#4450=DIRECTION('',(0.,0.,1.));
#4451=DIRECTION('',(0.,0.,-1.));
#4452=DIRECTION('',(0.70710678118655,-0.707106781186545,0.));
#4453=DIRECTION('',(0.,0.,-1.));
#4454=DIRECTION('',(1.,0.,0.));
#4455=DIRECTION('',(0.,0.,-1.));
#4456=DIRECTION('',(-1.,-1.5419764230905E-16,0.));
#4457=DIRECTION('',(0.,1.,0.));
#4458=DIRECTION('',(1.,0.,0.));
#4459=DIRECTION('',(4.12824624922591E-17,0.,-1.));
#4460=DIRECTION('',(-1.,-1.38777878078145E-16,2.73691106313441E-48));
#4461=DIRECTION('',(1.,1.38777878078145E-16,-2.73691106313441E-48));
#4462=DIRECTION('',(1.,1.38777878078145E-16,1.20370621524202E-32));
#4463=DIRECTION('',(0.,-1.,0.));
#4464=DIRECTION('',(-1.,-1.38777878078145E-16,2.73691106313441E-48));
#4465=DIRECTION('',(0.,-1.,0.));
#4466=DIRECTION('',(-1.,-1.38777878078145E-16,2.73691106313441E-48));
#4467=DIRECTION('',(1.,1.38777878078145E-16,-2.73691106313441E-48));
#4468=DIRECTION('',(1.,1.38777878078145E-16,1.20370621524202E-32));
#4469=DIRECTION('',(0.,-1.,0.));
#4470=DIRECTION('',(-1.,-1.38777878078145E-16,2.73691106313441E-48));
#4471=DIRECTION('',(0.,-1.,0.));
#4472=DIRECTION('',(-1.,-1.38777878078145E-16,2.73691106313441E-48));
#4473=DIRECTION('',(1.,1.38777878078145E-16,-2.73691106313441E-48));
#4474=DIRECTION('',(1.,1.38777878078145E-16,1.20370621524202E-32));
#4475=DIRECTION('',(0.,-1.,0.));
#4476=DIRECTION('',(-1.,-1.38777878078145E-16,2.73691106313441E-48));
#4477=DIRECTION('',(0.,-1.,0.));
#4478=DIRECTION('',(-1.,-1.38777878078145E-16,2.73691106313441E-48));
#4479=DIRECTION('',(1.,1.38777878078145E-16,-2.73691106313441E-48));
#4480=DIRECTION('',(1.,1.38777878078145E-16,1.20370621524202E-32));
#4481=DIRECTION('',(0.,-1.,0.));
#4482=DIRECTION('',(-1.,-1.38777878078145E-16,2.73691106313441E-48));
#4483=DIRECTION('',(0.,-1.,0.));
#4484=DIRECTION('',(1.38777878078145E-16,-1.,2.73691106313441E-48));
#4485=DIRECTION('',(-1.38777878078145E-16,1.,-2.73691106313441E-48));
#4486=DIRECTION('',(-1.38777878078145E-16,1.,-1.73472347597681E-16));
#4487=DIRECTION('',(0.,0.,-1.));
#4488=DIRECTION('',(1.38777878078145E-16,-1.,2.73691106313441E-48));
#4489=DIRECTION('',(1.,0.,0.));
#4490=DIRECTION('',(1.38777878078145E-16,-1.,5.47382212626882E-48));
#4491=DIRECTION('',(-1.38777878078145E-16,1.,-5.47382212626882E-48));
#4492=DIRECTION('',(-1.38777878078145E-16,1.,-1.73472347597681E-16));
#4493=DIRECTION('',(-9.25185853854297E-16,0.,-1.));
#4494=DIRECTION('',(1.38777878078145E-16,-1.,5.47382212626882E-48));
#4495=DIRECTION('',(1.,0.,0.));
#4496=DIRECTION('',(1.38777878078145E-16,-1.,5.47382212626882E-48));
#4497=DIRECTION('',(-1.38777878078145E-16,1.,-5.47382212626882E-48));
#4498=DIRECTION('',(-1.38777878078145E-16,1.,-1.73472347597681E-16));
#4499=DIRECTION('',(2.77555756156289E-15,0.,-1.));
#4500=DIRECTION('',(1.38777878078145E-16,-1.,5.47382212626882E-48));
#4501=DIRECTION('',(1.,0.,0.));
#4502=DIRECTION('',(1.38777878078145E-16,-1.,2.73691106313441E-48));
#4503=DIRECTION('',(-1.38777878078145E-16,1.,-2.73691106313441E-48));
#4504=DIRECTION('',(-1.38777878078145E-16,1.,-1.73472347597681E-16));
#4505=DIRECTION('',(0.,0.,-1.));
#4506=DIRECTION('',(1.38777878078145E-16,-1.,2.73691106313441E-48));
#4507=DIRECTION('',(1.,0.,0.));
#4508=DIRECTION('',(1.,-1.38777878078145E-16,2.73691106313441E-48));
#4509=DIRECTION('',(-1.,1.38777878078145E-16,-2.73691106313441E-48));
#4510=DIRECTION('',(-1.,1.38777878078145E-16,1.20370621524202E-32));
#4511=DIRECTION('',(0.,1.,0.));
#4512=DIRECTION('',(1.,-1.38777878078145E-16,2.73691106313441E-48));
#4513=DIRECTION('',(0.,1.,0.));
#4514=DIRECTION('',(1.,-1.38777878078145E-16,2.73691106313441E-48));
#4515=DIRECTION('',(-1.,1.38777878078145E-16,-2.73691106313441E-48));
#4516=DIRECTION('',(-1.,1.38777878078145E-16,1.20370621524202E-32));
#4517=DIRECTION('',(0.,1.,0.));
#4518=DIRECTION('',(1.,-1.38777878078145E-16,2.73691106313441E-48));
#4519=DIRECTION('',(0.,1.,0.));
#4520=DIRECTION('',(1.,-1.38777878078145E-16,2.73691106313441E-48));
#4521=DIRECTION('',(-1.,1.38777878078145E-16,-2.73691106313441E-48));
#4522=DIRECTION('',(-1.,1.38777878078145E-16,1.20370621524202E-32));
#4523=DIRECTION('',(0.,1.,0.));
#4524=DIRECTION('',(1.,-1.38777878078145E-16,2.73691106313441E-48));
#4525=DIRECTION('',(0.,1.,0.));
#4526=DIRECTION('',(1.,-1.38777878078145E-16,2.73691106313441E-48));
#4527=DIRECTION('',(-1.,1.38777878078145E-16,-2.73691106313441E-48));
#4528=DIRECTION('',(-1.,1.38777878078145E-16,1.20370621524202E-32));
#4529=DIRECTION('',(0.,1.,0.));
#4530=DIRECTION('',(1.,-1.38777878078145E-16,2.73691106313441E-48));
#4531=DIRECTION('',(0.,1.,0.));
#4532=DIRECTION('',(1.38777878078145E-16,1.,2.73691106313441E-48));
#4533=DIRECTION('',(-1.38777878078145E-16,-1.,-2.73691106313441E-48));
#4534=DIRECTION('',(-1.38777878078145E-16,-1.,-1.73472347597681E-16));
#4535=DIRECTION('',(0.,0.,1.));
#4536=DIRECTION('',(1.38777878078145E-16,1.,2.73691106313441E-48));
#4537=DIRECTION('',(-1.,0.,0.));
#4538=DIRECTION('',(1.38777878078145E-16,1.,5.47382212626882E-48));
#4539=DIRECTION('',(-1.38777878078145E-16,-1.,-5.47382212626882E-48));
#4540=DIRECTION('',(-1.38777878078145E-16,-1.,-1.73472347597681E-16));
#4541=DIRECTION('',(0.,0.,1.));
#4542=DIRECTION('',(1.38777878078145E-16,1.,5.47382212626882E-48));
#4543=DIRECTION('',(-1.,0.,0.));
#4544=DIRECTION('',(1.38777878078145E-16,1.,5.47382212626882E-48));
#4545=DIRECTION('',(-1.38777878078145E-16,-1.,-5.47382212626882E-48));
#4546=DIRECTION('',(-1.38777878078145E-16,-1.,-1.73472347597681E-16));
#4547=DIRECTION('',(0.,0.,1.));
#4548=DIRECTION('',(1.38777878078145E-16,1.,5.47382212626882E-48));
#4549=DIRECTION('',(-1.,0.,0.));
#4550=DIRECTION('',(1.38777878078145E-16,1.,2.73691106313441E-48));
#4551=DIRECTION('',(-1.38777878078145E-16,-1.,-2.73691106313441E-48));
#4552=DIRECTION('',(-1.38777878078145E-16,-1.,-1.73472347597681E-16));
#4553=DIRECTION('',(0.,0.,1.));
#4554=DIRECTION('',(1.38777878078145E-16,1.,2.73691106313441E-48));
#4555=DIRECTION('',(-1.,0.,0.));
#4556=DIRECTION('',(1.,-1.38777878078145E-16,-1.38777878078145E-16));
#4557=DIRECTION('',(1.73472347597681E-16,-1.73472347597681E-16,1.));
#4558=DIRECTION('',(-1.,1.38777878078145E-16,2.77555756156289E-16));
#4559=DIRECTION('',(-1.73472347597681E-16,1.73472347597681E-16,-1.));
#4560=DIRECTION('',(1.38777878078145E-16,1.,1.73472347597681E-16));
#4561=DIRECTION('',(0.,1.73472347597681E-16,-1.));
#4562=DIRECTION('',(2.77555756156289E-16,-3.85185988877447E-32,1.));
#4563=DIRECTION('',(1.,0.,-2.77555756156289E-16));
#4564=DIRECTION('',(-1.,1.38777878078145E-16,1.73472347597681E-16));
#4565=DIRECTION('',(1.73472347597681E-16,0.,1.));
#4566=DIRECTION('',(-1.38777878078145E-16,1.92592994438724E-32,-1.));
#4567=DIRECTION('',(-1.,0.,1.38777878078145E-16));
#4568=DIRECTION('',(1.,-1.38777878078145E-16,-1.73472347597681E-16));
#4569=DIRECTION('',(-1.73472347597681E-16,0.,-1.));
#4570=DIRECTION('',(1.,1.38777878078145E-16,-1.38777878078145E-16));
#4571=DIRECTION('',(-1.73472347597681E-16,-1.73472347597681E-16,-1.));
#4572=DIRECTION('',(-1.,-1.38777878078145E-16,2.77555756156289E-16));
#4573=DIRECTION('',(1.73472347597681E-16,1.73472347597681E-16,1.));
#4574=DIRECTION('',(1.38777878078145E-16,-1.,1.73472347597681E-16));
#4575=DIRECTION('',(0.,-1.73472347597681E-16,-1.));
#4576=DIRECTION('',(1.38777878078145E-16,1.92592994438724E-32,1.));
#4577=DIRECTION('',(1.,0.,-1.38777878078145E-16));
#4578=DIRECTION('',(1.,1.38777878078145E-16,-1.73472347597681E-16));
#4579=DIRECTION('',(-1.73472347597681E-16,0.,-1.));
#4580=DIRECTION('',(-2.77555756156289E-16,-3.85185988877447E-32,-1.));
#4581=DIRECTION('',(-1.,0.,2.77555756156289E-16));
#4582=DIRECTION('',(-1.,-1.38777878078145E-16,1.73472347597681E-16));
#4583=DIRECTION('',(1.73472347597681E-16,0.,1.));
#4584=DIRECTION('',(-1.38777878078145E-16,-1.,-1.38777878078145E-16));
#4585=DIRECTION('',(0.,0.,1.));
#4586=DIRECTION('',(1.38777878078145E-16,1.,1.38777878078145E-16));
#4587=DIRECTION('',(0.,8.67361737988404E-17,-1.));
#4588=DIRECTION('',(1.,-1.38777878078145E-16,-1.20370621524202E-32));
#4589=DIRECTION('',(-1.38777878078145E-16,-1.,0.));
#4590=DIRECTION('',(-1.38777878078145E-16,-1.,0.));
#4591=DIRECTION('',(1.,-1.38777878078145E-16,0.));
#4592=DIRECTION('',(-1.92592994438724E-32,-1.38777878078145E-16,1.));
#4593=DIRECTION('',(0.,-1.,-1.38777878078145E-16));
#4594=DIRECTION('',(1.38777878078145E-16,1.,8.67361737988404E-17));
#4595=DIRECTION('',(-1.,1.38777878078145E-16,0.));
#4596=DIRECTION('',(1.92592994438724E-32,1.38777878078145E-16,-1.));
#4597=DIRECTION('',(0.,1.,1.38777878078145E-16));
#4598=DIRECTION('',(0.,8.67361737988404E-17,-1.));
#4599=DIRECTION('',(-1.38777878078145E-16,1.,1.38777878078145E-16));
#4600=DIRECTION('',(0.,0.,1.));
#4601=DIRECTION('',(1.38777878078145E-16,-1.,-1.38777878078145E-16));
#4602=DIRECTION('',(-1.,-1.38777878078145E-16,-1.20370621524202E-32));
#4603=DIRECTION('',(1.38777878078145E-16,-1.,0.));
#4604=DIRECTION('',(1.38777878078145E-16,-1.,-8.67361737988404E-17));
#4605=DIRECTION('',(1.,1.38777878078145E-16,0.));
#4606=DIRECTION('',(-1.92592994438724E-32,1.38777878078145E-16,-1.));
#4607=DIRECTION('',(0.,1.,1.38777878078145E-16));
#4608=DIRECTION('',(-1.38777878078145E-16,1.,0.));
#4609=DIRECTION('',(-1.,-1.38777878078145E-16,0.));
#4610=DIRECTION('',(1.92592994438724E-32,-1.38777878078145E-16,1.));
#4611=DIRECTION('',(0.,-1.,-1.38777878078145E-16));
#4612=DIRECTION('',(0.,0.,1.));
#4613=DIRECTION('',(1.,0.,0.));
#4614=DIRECTION('',(1.5419764230905E-16,-1.,0.));
#4615=DIRECTION('',(0.707106781186548,-0.707106781186548,0.));
#4616=DIRECTION('',(1.,1.5419764230905E-16,0.));
#4617=DIRECTION('',(0.,0.,1.));
#4618=DIRECTION('',(1.,0.,0.));
#4619=DIRECTION('',(-1.5419764230905E-16,1.,0.));
#4620=DIRECTION('',(-0.707106781186548,0.707106781186548,0.));
#4621=DIRECTION('',(-1.,-1.5419764230905E-16,0.));
#4622=DIRECTION('',(0.,0.,1.));
#4623=DIRECTION('',(1.,0.,0.));
#4624=DIRECTION('',(0.,0.,1.));
#4625=DIRECTION('',(1.,0.,0.));
#4626=DIRECTION('',(0.,0.,1.));
#4627=DIRECTION('',(1.,0.,0.));
#4628=DIRECTION('',(0.,0.,1.));
#4629=DIRECTION('',(1.,0.,0.));
#4630=DIRECTION('',(0.,0.,1.));
#4631=DIRECTION('',(1.,0.,0.));
#4632=DIRECTION('',(-1.,-1.5419764230905E-16,0.));
#4633=DIRECTION('',(1.4459115377252E-15,0.17364817766693,-0.984807753012208));
#4634=DIRECTION('',(0.0717420888509559,0.173200723896953,-0.982270116581418));
#4635=DIRECTION('',(-1.51855033642155E-16,0.984807753012208,0.17364817766693));
#4636=DIRECTION('',(0.,-0.17364817766693,0.984807753012208));
#4637=DIRECTION('',(-0.707106781186548,0.707106781186548,0.));
#4638=DIRECTION('',(0.173200723896953,0.0717420888509559,-0.982270116581418));
#4639=DIRECTION('',(0.696364240320019,0.696364240320019,0.17364817766693));
#4640=DIRECTION('',(-0.707106781186548,0.707106781186548,0.));
#4641=DIRECTION('',(-1.5419764230905E-16,1.,0.));
#4642=DIRECTION('',(0.17364817766693,2.67761395875036E-17,-0.984807753012208));
#4643=DIRECTION('',(0.984807753012208,1.51855033642155E-16,0.17364817766693));
#4644=DIRECTION('',(0.17364817766693,0.,-0.984807753012208));
#4645=DIRECTION('',(0.,0.,1.));
#4646=DIRECTION('',(-1.,0.,0.));
#4647=DIRECTION('',(-1.68689679401273E-15,-0.17364817766693,-0.984807753012208));
#4648=DIRECTION('',(0.,0.,-1.));
#4649=DIRECTION('',(1.,0.,0.));
#4650=DIRECTION('',(1.,1.5419764230905E-16,0.));
#4651=DIRECTION('',(-0.0717420888509559,-0.173200723896953,-0.982270116581418));
#4652=DIRECTION('',(1.51855033642155E-16,-0.984807753012208,0.17364817766693));
#4653=DIRECTION('',(0.,-0.17364817766693,-0.984807753012208));
#4654=DIRECTION('',(0.707106781186548,-0.707106781186548,0.));
#4655=DIRECTION('',(-0.173200723896953,-0.0717420888509559,-0.982270116581418));
#4656=DIRECTION('',(-0.696364240320019,-0.696364240320019,0.17364817766693));
#4657=DIRECTION('',(0.707106781186548,-0.707106781186548,0.));
#4658=DIRECTION('',(1.5419764230905E-16,-1.,0.));
#4659=DIRECTION('',(-0.17364817766693,-2.67761395875036E-17,-0.984807753012208));
#4660=DIRECTION('',(-0.984807753012208,-1.51855033642155E-16,0.17364817766693));
#4661=DIRECTION('',(0.17364817766693,0.,0.984807753012208));
#4662=DIRECTION('',(0.,0.,1.));
#4663=DIRECTION('',(1.,0.,0.));
#4664=DIRECTION('',(0.,0.,-1.));
#4665=DIRECTION('',(1.,0.,0.));
#4666=DIRECTION('',(1.,1.5419764230905E-16,0.));
#4667=DIRECTION('',(0.707106781186548,-0.707106781186548,0.));
#4668=DIRECTION('',(1.5419764230905E-16,-1.,0.));
#4669=DIRECTION('',(0.,0.,1.));
#4670=DIRECTION('',(1.,0.,0.));
#4671=DIRECTION('',(-1.,-1.5419764230905E-16,0.));
#4672=DIRECTION('',(-0.707106781186548,0.707106781186548,0.));
#4673=DIRECTION('',(-1.5419764230905E-16,1.,0.));
#4674=DIRECTION('',(0.,0.,1.));
#4675=DIRECTION('',(-1.,0.,0.));
#4676=DIRECTION('',(0.,0.,1.));
#4677=DIRECTION('',(1.,0.,0.));
#4678=DIRECTION('',(0.,0.,1.));
#4679=DIRECTION('',(0.,0.,1.));
#4680=DIRECTION('',(0.,0.,1.));
#4681=DIRECTION('',(1.,0.,0.));
#4682=DIRECTION('',(0.,0.,1.));
#4683=DIRECTION('',(1.,0.,0.));
#4684=DIRECTION('',(0.,0.,-1.));
#4685=DIRECTION('',(1.,0.,0.));
#4686=DIRECTION('',(0.,0.,-1.));
#4687=DIRECTION('',(1.,0.,0.));
#4688=DIRECTION('',(0.,0.,-1.));
#4689=DIRECTION('',(1.,1.5419764230905E-16,0.));
#4690=DIRECTION('',(-1.52655665885959E-16,1.,0.));
#4691=DIRECTION('',(0.,0.,1.));
#4692=DIRECTION('',(0.707106781186548,0.707106781186548,0.));
#4693=DIRECTION('',(-0.707106781186548,0.707106781186548,0.));
#4694=DIRECTION('',(0.,0.,1.));
#4695=DIRECTION('',(0.,1.,0.));
#4696=DIRECTION('',(0.,0.,1.));
#4697=DIRECTION('',(0.,1.,0.));
#4698=DIRECTION('',(0.,0.,1.));
#4699=DIRECTION('',(0.,1.,0.));
#4700=DIRECTION('',(0.,0.,1.));
#4701=DIRECTION('',(-1.5419764230905E-16,1.,0.));
#4702=DIRECTION('',(-1.,-1.52655665885959E-16,0.));
#4703=DIRECTION('',(0.,0.,1.));
#4704=DIRECTION('',(0.,0.,1.));
#4705=DIRECTION('',(1.,0.,0.));
#4706=DIRECTION('',(0.,0.,1.));
#4707=DIRECTION('',(0.,0.,1.));
#4708=DIRECTION('',(-0.707106781186548,-0.707106781186548,0.));
#4709=DIRECTION('',(0.707106781186548,-0.707106781186548,0.));
#4710=DIRECTION('',(-1.,0.,0.));
#4711=DIRECTION('',(0.,0.,1.));
#4712=DIRECTION('',(-1.,0.,0.));
#4713=DIRECTION('',(0.,0.,1.));
#4714=DIRECTION('',(-1.,0.,0.));
#4715=DIRECTION('',(0.,0.,1.));
#4716=DIRECTION('',(-1.,-1.5419764230905E-16,0.));
#4717=DIRECTION('',(1.52655665885959E-16,-1.,0.));
#4718=DIRECTION('',(0.,-1.,0.));
#4719=DIRECTION('',(0.,0.,-1.));
#4720=DIRECTION('',(0.,-1.,0.));
#4721=DIRECTION('',(0.,0.,-1.));
#4722=DIRECTION('',(0.,-1.,0.));
#4723=DIRECTION('',(0.,0.,-1.));
#4724=DIRECTION('',(1.5419764230905E-16,-1.,0.));
#4725=DIRECTION('',(1.,1.52655665885959E-16,0.));
#4726=DIRECTION('',(0.,-1.,0.));
#4727=DIRECTION('',(0.,-1.,0.));
#4728=DIRECTION('',(0.,-1.,0.));
#4729=DIRECTION('',(0.,0.,-1.));
#4730=DIRECTION('',(0.,-1.,0.));
#4731=DIRECTION('',(0.,-1.,0.));
#4732=DIRECTION('',(0.,1.,0.));
#4733=DIRECTION('',(0.,0.,1.));
#4734=DIRECTION('',(0.,-1.,0.));
#4735=DIRECTION('',(0.,-1.,0.));
#4736=DIRECTION('',(0.,-1.,0.));
#4737=DIRECTION('',(0.,0.,-1.));
#4738=DIRECTION('',(0.,-1.,0.));
#4739=DIRECTION('',(0.,-1.,0.));
#4740=DIRECTION('',(0.,1.,0.));
#4741=DIRECTION('',(0.,0.,1.));
#4742=DIRECTION('',(0.,1.,0.));
#4743=DIRECTION('',(0.,0.,1.));
#4744=DIRECTION('',(0.,1.,0.));
#4745=DIRECTION('',(0.,0.,1.));
#4746=DIRECTION('',(0.,-1.,0.));
#4747=DIRECTION('',(0.,0.,-1.));
#4748=DIRECTION('',(0.,-1.,0.));
#4749=DIRECTION('',(0.,0.,-1.));
#4750=DIRECTION('',(0.,1.,0.));
#4751=DIRECTION('',(0.,0.,1.));
#4752=DIRECTION('',(0.,1.,0.));
#4753=DIRECTION('',(0.,0.,1.));
#4754=DIRECTION('',(0.,-1.,0.));
#4755=DIRECTION('',(0.,0.,-1.));
#4756=DIRECTION('',(0.,-1.,0.));
#4757=DIRECTION('',(0.,0.,-1.));
#4758=DIRECTION('',(0.,1.,0.));
#4759=DIRECTION('',(0.,3.45476420408622E-17,1.));
#4760=DIRECTION('',(0.,1.,0.));
#4761=DIRECTION('',(0.,0.,1.));
#4762=DIRECTION('',(0.,1.,0.));
#4763=DIRECTION('',(0.,-4.16080786346738E-17,1.));
#4764=DIRECTION('',(0.,1.,0.));
#4765=DIRECTION('',(0.,0.,1.));
#4766=DIRECTION('',(0.,1.,0.));
#4767=DIRECTION('',(0.,0.,1.));
#4768=DIRECTION('',(0.,1.,0.));
#4769=DIRECTION('',(0.,4.14571704490345E-17,1.));
#4770=DIRECTION('',(0.,1.,0.));
#4771=DIRECTION('',(0.,4.83666988572069E-17,1.));
#4772=DIRECTION('',(0.,-1.,0.));
#4773=DIRECTION('',(0.,-3.45476420408622E-17,-1.));
#4774=DIRECTION('',(0.,-1.,0.));
#4775=DIRECTION('',(0.,0.,-1.));
#4776=DIRECTION('',(0.,-1.,0.));
#4777=DIRECTION('',(0.,4.16080786346738E-17,-1.));
#4778=DIRECTION('',(0.,-1.,0.));
#4779=DIRECTION('',(0.,0.,-1.));
#4780=DIRECTION('',(0.,-1.,0.));
#4781=DIRECTION('',(0.,0.,-1.));
#4782=DIRECTION('',(0.,-1.,0.));
#4783=DIRECTION('',(0.,-4.14571704490345E-17,-1.));
#4784=DIRECTION('',(0.,-1.,0.));
#4785=DIRECTION('',(0.,-4.83666988572069E-17,-1.));
#4786=DIRECTION('',(-1.,0.,0.));
#4787=DIRECTION('',(0.,0.,1.));
#4788=DIRECTION('',(-1.,0.,0.));
#4789=DIRECTION('',(0.,0.,1.));
#4790=DIRECTION('',(-1.,0.,0.));
#4791=DIRECTION('',(-4.83666988572069E-17,0.,1.));
#4792=DIRECTION('',(0.,-1.,0.));
#4793=DIRECTION('',(0.,0.,-1.));
#4794=DIRECTION('',(0.,-1.,0.));
#4795=DIRECTION('',(0.,3.74472707712064E-17,-1.));
#4796=DIRECTION('',(0.,-1.,0.));
#4797=DIRECTION('',(0.,0.,-1.));
#4798=DIRECTION('',(-1.,0.,0.));
#4799=DIRECTION('',(0.,0.,1.));
#4800=DIRECTION('',(-1.,0.,0.));
#4801=DIRECTION('',(0.,0.,1.));
#4802=DIRECTION('',(-1.,0.,0.));
#4803=DIRECTION('',(3.74472707712064E-17,0.,1.));
#4804=DIRECTION('',(-1.,0.,0.));
#4805=DIRECTION('',(0.,0.,1.));
#4806=DIRECTION('',(-1.,0.,0.));
#4807=DIRECTION('',(4.16080786346738E-17,0.,1.));
#4808=DIRECTION('',(-1.,0.,0.));
#4809=DIRECTION('',(0.,0.,1.));
#4810=DIRECTION('',(-1.,0.,0.));
#4811=DIRECTION('',(0.,0.,1.));
#4812=DIRECTION('',(-1.,0.,0.));
#4813=DIRECTION('',(-4.14571704490345E-17,0.,1.));
#4814=DIRECTION('',(-1.,0.,0.));
#4815=DIRECTION('',(0.,0.,1.));
#4816=DIRECTION('',(-1.,0.,0.));
#4817=DIRECTION('',(0.,0.,1.));
#4818=DIRECTION('',(-1.,0.,0.));
#4819=DIRECTION('',(-3.45476420408622E-17,0.,1.));
#4820=DIRECTION('',(0.,1.,0.));
#4821=DIRECTION('',(0.,0.,1.));
#4822=DIRECTION('',(0.,1.,0.));
#4823=DIRECTION('',(0.,-3.74472707712064E-17,1.));
#4824=DIRECTION('',(0.,1.,0.));
#4825=DIRECTION('',(0.,0.,1.));
#4826=DIRECTION('',(-1.,0.,0.));
#4827=DIRECTION('',(0.,0.,1.));
#4828=DIRECTION('',(-1.,0.,0.));
#4829=DIRECTION('',(0.,0.,1.));
#4830=DIRECTION('',(-1.,0.,0.));
#4831=DIRECTION('',(4.57688864981412E-17,0.,1.));
#4832=DIRECTION('',(1.,0.,0.));
#4833=DIRECTION('',(0.,0.,-1.));
#4834=DIRECTION('',(1.,0.,0.));
#4835=DIRECTION('',(0.,0.,-1.));
#4836=DIRECTION('',(1.,0.,0.));
#4837=DIRECTION('',(4.83666988572069E-17,0.,-1.));
#4838=DIRECTION('',(0.,-1.,0.));
#4839=DIRECTION('',(0.,0.,-1.));
#4840=DIRECTION('',(0.,-1.,0.));
#4841=DIRECTION('',(0.,4.57688864981412E-17,-1.));
#4842=DIRECTION('',(0.,-1.,0.));
#4843=DIRECTION('',(0.,0.,-1.));
#4844=DIRECTION('',(1.,0.,0.));
#4845=DIRECTION('',(0.,0.,-1.));
#4846=DIRECTION('',(1.,0.,0.));
#4847=DIRECTION('',(0.,0.,-1.));
#4848=DIRECTION('',(1.,0.,0.));
#4849=DIRECTION('',(-3.74472707712064E-17,0.,-1.));
#4850=DIRECTION('',(1.,0.,0.));
#4851=DIRECTION('',(0.,0.,-1.));
#4852=DIRECTION('',(1.,0.,0.));
#4853=DIRECTION('',(-4.16080786346738E-17,0.,-1.));
#4854=DIRECTION('',(1.,0.,0.));
#4855=DIRECTION('',(0.,0.,-1.));
#4856=DIRECTION('',(1.,0.,0.));
#4857=DIRECTION('',(0.,0.,-1.));
#4858=DIRECTION('',(1.,0.,0.));
#4859=DIRECTION('',(4.14571704490345E-17,0.,-1.));
#4860=DIRECTION('',(1.,0.,0.));
#4861=DIRECTION('',(0.,0.,-1.));
#4862=DIRECTION('',(1.,0.,0.));
#4863=DIRECTION('',(0.,0.,-1.));
#4864=DIRECTION('',(1.,0.,0.));
#4865=DIRECTION('',(3.45476420408622E-17,0.,-1.));
#4866=DIRECTION('',(0.,1.,0.));
#4867=DIRECTION('',(0.,0.,1.));
#4868=DIRECTION('',(0.,1.,0.));
#4869=DIRECTION('',(0.,-4.57688864981412E-17,1.));
#4870=DIRECTION('',(0.,1.,0.));
#4871=DIRECTION('',(0.,0.,1.));
#4872=DIRECTION('',(1.,0.,0.));
#4873=DIRECTION('',(0.,0.,-1.));
#4874=DIRECTION('',(1.,0.,0.));
#4875=DIRECTION('',(0.,0.,-1.));
#4876=DIRECTION('',(1.,0.,0.));
#4877=DIRECTION('',(-4.57688864981412E-17,0.,-1.));
#4878=DIRECTION('',(0.,0.,1.));
#4879=DIRECTION('',(1.,0.,0.));
#4880=DIRECTION('',(0.,0.,1.));
#4881=DIRECTION('',(1.,0.,0.));
#4882=DIRECTION('',(0.,0.,1.));
#4883=DIRECTION('',(1.,0.,0.));
#4884=DIRECTION('',(0.,0.,1.));
#4885=DIRECTION('',(1.,0.,8.32161572693476E-18));
#4886=DIRECTION('',(0.,0.,1.));
#4887=DIRECTION('',(1.,0.,-9.84607798164566E-17));
#4888=DIRECTION('',(0.,0.,1.));
#4889=DIRECTION('',(1.,0.,0.));
#4890=DIRECTION('',(0.,0.,1.));
#4891=DIRECTION('',(1.,0.,0.));
#4892=DIRECTION('',(0.,0.,1.));
#4893=DIRECTION('',(1.,0.,0.));
#4894=DIRECTION('',(0.,0.,1.));
#4895=DIRECTION('',(1.,0.,8.32161572693476E-18));
#4896=DIRECTION('',(0.,0.,1.));
#4897=DIRECTION('',(1.,0.,-9.84607798164566E-17));
#4898=DIRECTION('',(0.,0.,1.));
#4899=DIRECTION('',(1.,0.,0.));
#4900=DIRECTION('',(0.,0.,1.));
#4901=DIRECTION('',(1.,0.,0.));
#4902=DIRECTION('',(0.,0.,1.));
#4903=DIRECTION('',(1.,0.,0.));
#4904=DIRECTION('',(0.,0.,1.));
#4905=DIRECTION('',(1.,0.,0.));
#4906=DIRECTION('',(0.,0.,1.));
#4907=DIRECTION('',(1.,0.,8.32161572693476E-18));
#4908=DIRECTION('',(0.,0.,1.));
#4909=DIRECTION('',(1.,0.,-9.84607798164566E-17));
#4910=DIRECTION('',(0.,0.,1.));
#4911=DIRECTION('',(1.,0.,0.));
#4912=DIRECTION('',(0.,0.,1.));
#4913=DIRECTION('',(1.,0.,0.));
#4914=DIRECTION('',(0.,0.,1.));
#4915=DIRECTION('',(1.,0.,0.));
#4916=DIRECTION('',(0.,0.,1.));
#4917=DIRECTION('',(1.,0.,0.));
#4918=DIRECTION('',(0.,0.,1.));
#4919=DIRECTION('',(1.,0.,8.32161572693476E-18));
#4920=DIRECTION('',(0.,0.,1.));
#4921=DIRECTION('',(1.,0.,-9.84607798164566E-17));
#4922=CARTESIAN_POINT('',(0.,0.,0.));
#4923=CARTESIAN_POINT('',(-44.25,40.,15.));
#4924=CARTESIAN_POINT('',(-44.25,40.,15.));
#4925=CARTESIAN_POINT('',(-43.4,40.,14.15));
#4926=CARTESIAN_POINT('',(-40.,40.,14.15));
#4927=CARTESIAN_POINT('',(-36.6,40.,14.15));
#4928=CARTESIAN_POINT('',(-35.75,40.,15.));
#4929=CARTESIAN_POINT('',(-35.75,40.,15.));
#4930=CARTESIAN_POINT('',(-40.,40.,15.));
#4931=CARTESIAN_POINT('',(-40.,40.,15.));
#4932=CARTESIAN_POINT('',(-43.4,40.,-7.24999999999999));
#4933=CARTESIAN_POINT('',(-40.,40.,-9.29292610469369));
#4934=CARTESIAN_POINT('',(-43.4,40.,-7.24999999999999));
#4935=CARTESIAN_POINT('',(-36.6,40.,-7.24999999999999));
#4936=CARTESIAN_POINT('',(-37.6669031616145,40.,-7.89106009413016));
#4937=CARTESIAN_POINT('',(-36.9993749023132,41.5988273900368,-7.24999999999999));
#4938=CARTESIAN_POINT('',(-37.4241848368961,41.3029965168204,-7.55885611689392));
#4939=CARTESIAN_POINT('',(-37.6667649288607,40.6346205962655,-7.8908852890694));
#4940=CARTESIAN_POINT('',(-37.6669031616145,40.,-7.89106009413016));
#4941=CARTESIAN_POINT('',(-36.9993749023132,41.5988273900368,-7.24999999999999));
#4942=CARTESIAN_POINT('',(-40.,40.,-7.24999999999999));
#4943=CARTESIAN_POINT('',(-40.,40.,-7.24999999999999));
#4944=CARTESIAN_POINT('',(-43.4,40.,15.));
#4945=CARTESIAN_POINT('',(-36.6,40.,-7.00000000000002));
#4946=CARTESIAN_POINT('',(-36.6000916812098,40.5692220070733,-7.00004889664524));
#4947=CARTESIAN_POINT('',(-36.748624045727,41.1282266746452,-7.06769273840293));
#4948=CARTESIAN_POINT('',(-36.9993749023132,41.5988273900368,-7.24999999999999));
#4949=CARTESIAN_POINT('',(-36.6,40.,-7.00000000000002));
#4950=CARTESIAN_POINT('',(-36.6,40.,15.));
#4951=CARTESIAN_POINT('',(-40.,40.,15.));
#4952=CARTESIAN_POINT('',(35.75,40.,15.));
#4953=CARTESIAN_POINT('',(35.75,40.,15.));
#4954=CARTESIAN_POINT('',(36.6,40.,14.15));
#4955=CARTESIAN_POINT('',(40.,40.,14.15));
#4956=CARTESIAN_POINT('',(43.4,40.,14.15));
#4957=CARTESIAN_POINT('',(44.25,40.,15.));
#4958=CARTESIAN_POINT('',(44.25,40.,15.));
#4959=CARTESIAN_POINT('',(40.,40.,15.));
#4960=CARTESIAN_POINT('',(40.,40.,15.));
#4961=CARTESIAN_POINT('',(36.6,40.,-7.24999999999999));
#4962=CARTESIAN_POINT('',(40.,40.,-9.29292610469369));
#4963=CARTESIAN_POINT('',(37.6669031616145,40.,-7.89106009413016));
#4964=CARTESIAN_POINT('',(43.4,40.,-7.24999999999999));
#4965=CARTESIAN_POINT('',(43.4,40.,-7.24999999999999));
#4966=CARTESIAN_POINT('',(40.,40.,-7.24999999999999));
#4967=CARTESIAN_POINT('',(36.9993749023132,41.5988273900368,-7.24999999999999));
#4968=CARTESIAN_POINT('',(37.6669031616145,40.,-7.89106009413016));
#4969=CARTESIAN_POINT('',(37.6667709418577,40.6322897429744,-7.89089289292796));
#4970=CARTESIAN_POINT('',(37.4243183978984,41.3029035070653,-7.55895322180884));
#4971=CARTESIAN_POINT('',(36.9993749023132,41.5988273900368,-7.24999999999999));
#4972=CARTESIAN_POINT('',(40.,40.,-7.24999999999999));
#4973=CARTESIAN_POINT('',(36.6,40.,15.));
#4974=CARTESIAN_POINT('',(36.6,40.,-7.00000000000002));
#4975=CARTESIAN_POINT('',(36.9993749023132,41.5988273900368,-7.24999999999999));
#4976=CARTESIAN_POINT('',(36.7493251677553,41.1295425167228,-7.06820248596174));
#4977=CARTESIAN_POINT('',(36.6000904368617,40.5708406294438,-7.00004823299292));
#4978=CARTESIAN_POINT('',(36.6,40.,-7.00000000000002));
#4979=CARTESIAN_POINT('',(43.4,40.,15.));
#4980=CARTESIAN_POINT('',(40.,40.,15.));
#4981=CARTESIAN_POINT('',(35.75,-40.,15.));
#4982=CARTESIAN_POINT('',(35.75,-40.,15.));
#4983=CARTESIAN_POINT('',(36.6,-40.,14.15));
#4984=CARTESIAN_POINT('',(40.,-40.,14.15));
#4985=CARTESIAN_POINT('',(43.4,-40.,14.15));
#4986=CARTESIAN_POINT('',(44.25,-40.,15.));
#4987=CARTESIAN_POINT('',(44.25,-40.,15.));
#4988=CARTESIAN_POINT('',(40.,-40.,15.));
#4989=CARTESIAN_POINT('',(40.,-40.,15.));
#4990=CARTESIAN_POINT('',(36.6,-40.,-7.24999999999999));
#4991=CARTESIAN_POINT('',(40.,-40.,-9.29292610469369));
#4992=CARTESIAN_POINT('',(37.6669031616145,-40.,-7.89106009413016));
#4993=CARTESIAN_POINT('',(43.4,-40.,-7.24999999999999));
#4994=CARTESIAN_POINT('',(43.4,-40.,-7.24999999999999));
#4995=CARTESIAN_POINT('',(40.,-40.,-7.24999999999999));
#4996=CARTESIAN_POINT('',(41.5988273900368,-36.9993749023132,-7.24999999999999));
#4997=CARTESIAN_POINT('',(38.4011726099632,-36.9993749023132,-7.24999999999999));
#4998=CARTESIAN_POINT('',(38.6968051868192,-37.4239000854671,-7.55864908967192));
#4999=CARTESIAN_POINT('',(39.3672927042446,-37.6664506026173,-7.89048780157233));
#5000=CARTESIAN_POINT('',(40.6300337832987,-37.6673550272385,-7.89163150986865));
#5001=CARTESIAN_POINT('',(41.3027063251706,-37.4246015489669,-7.55915908549605));
#5002=CARTESIAN_POINT('',(41.5988273900368,-36.9993749023132,-7.24999999999999));
#5003=CARTESIAN_POINT('',(38.4011726099632,-36.9993749023132,-7.24999999999999));
#5004=CARTESIAN_POINT('',(40.,-40.,-7.24999999999999));
#5005=CARTESIAN_POINT('',(36.9993749023132,-38.4011726099632,-7.24999999999999));
#5006=CARTESIAN_POINT('',(37.6669031616145,-40.,-7.89106009413016));
#5007=CARTESIAN_POINT('',(37.6667709418597,-39.3677102568371,-7.89089289293053));
#5008=CARTESIAN_POINT('',(37.4243183980715,-38.6970964930552,-7.55895322193469));
#5009=CARTESIAN_POINT('',(36.9993749023132,-38.4011726099632,-7.24999999999999));
#5010=CARTESIAN_POINT('',(40.,-40.,-7.24999999999999));
#5011=CARTESIAN_POINT('',(36.6,-40.,15.));
#5012=CARTESIAN_POINT('',(36.6,-40.,-7.00000000000002));
#5013=CARTESIAN_POINT('',(36.9993749023132,-38.4011726099632,-7.24999999999999));
#5014=CARTESIAN_POINT('',(36.7493251678173,-38.8704574831607,-7.06820248600686));
#5015=CARTESIAN_POINT('',(36.6000904368617,-39.4291593704123,-7.00004823299293));
#5016=CARTESIAN_POINT('',(36.6,-40.,-7.00000000000002));
#5017=CARTESIAN_POINT('',(41.5988273900368,-36.9993749023132,-7.24999999999999));
#5018=CARTESIAN_POINT('',(41.1301762015923,-36.7496628149765,-7.06844797082714));
#5019=CARTESIAN_POINT('',(40.5715787376627,-36.6004608568164,-7.00024579045029));
#5020=CARTESIAN_POINT('',(39.4329428409439,-36.5995406464686,-6.99975501130197));
#5021=CARTESIAN_POINT('',(38.8724024150621,-36.7482888469527,-7.0674490336696));
#5022=CARTESIAN_POINT('',(38.4011726099632,-36.9993749023132,-7.24999999999999));
#5023=CARTESIAN_POINT('',(43.4,-40.,15.));
#5024=CARTESIAN_POINT('',(40.,-40.,15.));
#5025=CARTESIAN_POINT('',(-44.25,-40.,15.));
#5026=CARTESIAN_POINT('',(-44.25,-40.,15.));
#5027=CARTESIAN_POINT('',(-43.4,-40.,14.15));
#5028=CARTESIAN_POINT('',(-40.,-40.,14.15));
#5029=CARTESIAN_POINT('',(-36.6,-40.,14.15));
#5030=CARTESIAN_POINT('',(-35.75,-40.,15.));
#5031=CARTESIAN_POINT('',(-35.75,-40.,15.));
#5032=CARTESIAN_POINT('',(-40.,-40.,15.));
#5033=CARTESIAN_POINT('',(-40.,-40.,15.));
#5034=CARTESIAN_POINT('',(-43.4,-40.,-7.24999999999999));
#5035=CARTESIAN_POINT('',(-40.,-40.,-9.29292610469369));
#5036=CARTESIAN_POINT('',(-43.4,-40.,-7.24999999999999));
#5037=CARTESIAN_POINT('',(-36.6,-40.,-7.24999999999999));
#5038=CARTESIAN_POINT('',(-37.6669031616145,-40.,-7.89106009413016));
#5039=CARTESIAN_POINT('',(-36.9993749023132,-38.4011726099632,-7.24999999999999));
#5040=CARTESIAN_POINT('',(-37.4241848368707,-38.6970034831619,-7.55885611687548));
#5041=CARTESIAN_POINT('',(-37.6667649288596,-39.3653794037977,-7.89088528906802));
#5042=CARTESIAN_POINT('',(-37.6669031616145,-40.,-7.89106009413016));
#5043=CARTESIAN_POINT('',(-36.9993749023132,-38.4011726099632,-7.24999999999999));
#5044=CARTESIAN_POINT('',(-40.,-40.,-7.24999999999999));
#5045=CARTESIAN_POINT('',(-38.4011726099632,-36.9993749023132,-7.24999999999999));
#5046=CARTESIAN_POINT('',(-41.5988273900368,-36.9993749023132,-7.24999999999999));
#5047=CARTESIAN_POINT('',(-41.3031948130674,-37.4239000856299,-7.55864908979028));
#5048=CARTESIAN_POINT('',(-40.6327072956562,-37.6664506026161,-7.89048780157088));
#5049=CARTESIAN_POINT('',(-39.3699662168006,-37.6673550272396,-7.89163150987011));
#5050=CARTESIAN_POINT('',(-38.6972936748735,-37.42460154903,-7.55915908554198));
#5051=CARTESIAN_POINT('',(-38.4011726099632,-36.9993749023132,-7.24999999999999));
#5052=CARTESIAN_POINT('',(-41.5988273900368,-36.9993749023132,-7.24999999999999));
#5053=CARTESIAN_POINT('',(-40.,-40.,-7.24999999999999));
#5054=CARTESIAN_POINT('',(-40.,-40.,-7.24999999999999));
#5055=CARTESIAN_POINT('',(-43.4,-40.,15.));
#5056=CARTESIAN_POINT('',(-38.4011726099632,-36.9993749023132,-7.24999999999999));
#5057=CARTESIAN_POINT('',(-38.8698237983107,-36.7496628150281,-7.06844797086471));
#5058=CARTESIAN_POINT('',(-39.4284212622705,-36.6004608568172,-7.00024579045072));
#5059=CARTESIAN_POINT('',(-40.567057159123,-36.5995406464678,-6.99975501130153));
#5060=CARTESIAN_POINT('',(-41.1275975849945,-36.7482888469829,-7.06744903369153));
#5061=CARTESIAN_POINT('',(-41.5988273900368,-36.9993749023132,-7.24999999999999));
#5062=CARTESIAN_POINT('',(-36.6,-40.,-7.00000000000002));
#5063=CARTESIAN_POINT('',(-36.6000916812084,-39.4307779929118,-7.00004889664449));
#5064=CARTESIAN_POINT('',(-36.7486240457358,-38.8717733253383,-7.06769273840932));
#5065=CARTESIAN_POINT('',(-36.9993749023132,-38.4011726099632,-7.24999999999999));
#5066=CARTESIAN_POINT('',(-36.6,-40.,-7.00000000000002));
#5067=CARTESIAN_POINT('',(-36.6,-40.,15.));
#5068=CARTESIAN_POINT('',(-40.,-40.,15.));
#5069=CARTESIAN_POINT('',(27.75,35.,-6.60000000000001));
#5070=CARTESIAN_POINT('',(27.75,35.,-6.60000000000001));
#5071=CARTESIAN_POINT('',(25.7070738953063,35.,-10.));
#5072=CARTESIAN_POINT('',(27.75,35.,-13.4));
#5073=CARTESIAN_POINT('',(27.75,35.,-13.4));
#5074=CARTESIAN_POINT('',(27.75,35.,-10.));
#5075=CARTESIAN_POINT('',(27.75,35.,-10.));
#5076=CARTESIAN_POINT('',(50.,35.,-6.60000000000001));
#5077=CARTESIAN_POINT('',(35.,35.,-6.60000000000001));
#5078=CARTESIAN_POINT('',(50.,35.,-13.4));
#5079=CARTESIAN_POINT('',(35.,35.,-13.4));
#5080=CARTESIAN_POINT('',(35.,35.,-6.60000000000001));
#5081=CARTESIAN_POINT('',(28.2,41.8,-6.60000000000001));
#5082=CARTESIAN_POINT('',(28.2,41.8,-13.4));
#5083=CARTESIAN_POINT('',(35.,35.,-13.4));
#5084=CARTESIAN_POINT('',(50.,35.,-10.));
#5085=CARTESIAN_POINT('',(35.,50.,-13.4));
#5086=CARTESIAN_POINT('',(35.,27.75,-13.4));
#5087=CARTESIAN_POINT('',(35.,27.75,-10.));
#5088=CARTESIAN_POINT('',(35.,27.75,-6.60000000000001));
#5089=CARTESIAN_POINT('',(35.,50.,-6.60000000000001));
#5090=CARTESIAN_POINT('',(35.,35.,-6.60000000000001));
#5091=CARTESIAN_POINT('',(41.8,28.2,-6.60000000000001));
#5092=CARTESIAN_POINT('',(41.8,28.2,-13.4));
#5093=CARTESIAN_POINT('',(35.,35.,-13.4));
#5094=CARTESIAN_POINT('',(35.,50.,-10.));
#5095=CARTESIAN_POINT('',(35.,27.75,-13.4));
#5096=CARTESIAN_POINT('',(35.,25.7070738953063,-10.));
#5097=CARTESIAN_POINT('',(35.,27.75,-6.60000000000001));
#5098=CARTESIAN_POINT('',(35.,27.75,-10.));
#5099=CARTESIAN_POINT('',(50.,35.,-5.75));
#5100=CARTESIAN_POINT('',(49.15,35.,-6.60000000000001));
#5101=CARTESIAN_POINT('',(50.,35.,-5.75));
#5102=CARTESIAN_POINT('',(49.15,35.,-10.));
#5103=CARTESIAN_POINT('',(49.15,35.,-13.4));
#5104=CARTESIAN_POINT('',(50.,35.,-14.25));
#5105=CARTESIAN_POINT('',(50.,35.,-14.25));
#5106=CARTESIAN_POINT('',(50.,35.,-10.));
#5107=CARTESIAN_POINT('',(50.,35.,-10.));
#5108=CARTESIAN_POINT('',(41.5988273900361,36.9993749023129,-7.24999999999982));
#5109=CARTESIAN_POINT('',(41.3031948129132,37.4239000858545,-7.55864908995356));
#5110=CARTESIAN_POINT('',(40.6327072954203,37.666450602615,-7.89048780156953));
#5111=CARTESIAN_POINT('',(39.3699662170362,37.6673550272406,-7.89163150987138));
#5112=CARTESIAN_POINT('',(38.6972936748735,37.42460154903,-7.55915908554199));
#5113=CARTESIAN_POINT('',(38.4011726099632,36.9993749023132,-7.25));
#5114=CARTESIAN_POINT('',(41.5988273900361,36.9993749023128,-7.24999999999999));
#5115=CARTESIAN_POINT('',(38.4011726099632,36.9993749023132,-7.24999999999999));
#5116=CARTESIAN_POINT('',(38.4011726099632,36.9993749023132,-7.25));
#5117=CARTESIAN_POINT('',(38.8698237984308,36.7496628149642,-7.06844797081822));
#5118=CARTESIAN_POINT('',(39.4284212622387,36.6004608568196,-7.000245790452));
#5119=CARTESIAN_POINT('',(40.567057159154,36.5995406464654,-6.99975501130029));
#5120=CARTESIAN_POINT('',(41.1275975850274,36.7482888470003,-7.06744903370424));
#5121=CARTESIAN_POINT('',(41.5988273900361,36.9993749023129,-7.24999999999982));
#5122=CARTESIAN_POINT('',(50.,35.,-6.60000000000001));
#5123=CARTESIAN_POINT('',(35.,35.,-13.4));
#5124=CARTESIAN_POINT('',(41.8,41.8,-13.4));
#5125=CARTESIAN_POINT('',(41.8,41.8,-6.60000000000001));
#5126=CARTESIAN_POINT('',(35.,35.,-6.60000000000001));
#5127=CARTESIAN_POINT('',(50.,35.,-13.4));
#5128=CARTESIAN_POINT('',(50.,35.,-10.));
#5129=CARTESIAN_POINT('',(50.,-7.18940722581485E-15,-5.75));
#5130=CARTESIAN_POINT('',(49.15,-7.29350220374238E-15,-6.60000000000001));
#5131=CARTESIAN_POINT('',(50.,-7.18940722581485E-15,-5.75));
#5132=CARTESIAN_POINT('',(49.15,-7.70988211545248E-15,-10.));
#5133=CARTESIAN_POINT('',(49.15,-7.70988211545248E-15,-13.4));
#5134=CARTESIAN_POINT('',(50.,-7.70988211545248E-15,-14.25));
#5135=CARTESIAN_POINT('',(50.,-7.70988211545248E-15,-14.25));
#5136=CARTESIAN_POINT('',(50.,-7.70988211545248E-15,-10.));
#5137=CARTESIAN_POINT('',(50.,-7.70988211545248E-15,-10.));
#5138=CARTESIAN_POINT('',(50.,-7.29350220374238E-15,-6.60000000000001));
#5139=CARTESIAN_POINT('',(27.75,-7.29350220374238E-15,-6.60000000000001));
#5140=CARTESIAN_POINT('',(27.75,-7.70988211545248E-15,-10.));
#5141=CARTESIAN_POINT('',(27.75,-7.70988211545248E-15,-13.4));
#5142=CARTESIAN_POINT('',(50.,-7.70988211545248E-15,-13.4));
#5143=CARTESIAN_POINT('',(50.,-7.70988211545248E-15,-10.));
#5144=CARTESIAN_POINT('',(27.75,-7.29350220374238E-15,-6.60000000000001));
#5145=CARTESIAN_POINT('',(25.7070738953063,-1.25744655824843E-14,-10.));
#5146=CARTESIAN_POINT('',(27.75,-7.70988211545248E-15,-13.4));
#5147=CARTESIAN_POINT('',(27.75,-7.70988211545248E-15,-10.));
#5148=CARTESIAN_POINT('',(27.75,-35.,-6.60000000000001));
#5149=CARTESIAN_POINT('',(27.75,-35.,-6.60000000000001));
#5150=CARTESIAN_POINT('',(25.7070738953063,-35.,-10.));
#5151=CARTESIAN_POINT('',(27.75,-35.,-13.4));
#5152=CARTESIAN_POINT('',(27.75,-35.,-13.4));
#5153=CARTESIAN_POINT('',(27.75,-35.,-10.));
#5154=CARTESIAN_POINT('',(27.75,-35.,-10.));
#5155=CARTESIAN_POINT('',(50.,-35.,-6.60000000000001));
#5156=CARTESIAN_POINT('',(35.,-35.,-6.60000000000001));
#5157=CARTESIAN_POINT('',(50.,-35.,-13.4));
#5158=CARTESIAN_POINT('',(35.,-35.,-13.4));
#5159=CARTESIAN_POINT('',(35.,-35.,-6.60000000000001));
#5160=CARTESIAN_POINT('',(28.2,-28.2,-6.60000000000001));
#5161=CARTESIAN_POINT('',(28.2,-28.2,-13.4));
#5162=CARTESIAN_POINT('',(35.,-35.,-13.4));
#5163=CARTESIAN_POINT('',(50.,-35.,-10.));
#5164=CARTESIAN_POINT('',(35.,-50.,-6.60000000000001));
#5165=CARTESIAN_POINT('',(35.,-27.75,-6.60000000000001));
#5166=CARTESIAN_POINT('',(35.,-27.75,-10.));
#5167=CARTESIAN_POINT('',(35.,-27.75,-13.4));
#5168=CARTESIAN_POINT('',(35.,-50.,-13.4));
#5169=CARTESIAN_POINT('',(35.,-35.,-13.4));
#5170=CARTESIAN_POINT('',(41.8,-28.2,-13.4));
#5171=CARTESIAN_POINT('',(41.8,-28.2,-6.60000000000001));
#5172=CARTESIAN_POINT('',(35.,-35.,-6.60000000000001));
#5173=CARTESIAN_POINT('',(35.,-50.,-10.));
#5174=CARTESIAN_POINT('',(35.,-27.75,-6.60000000000001));
#5175=CARTESIAN_POINT('',(35.,-25.7070738953063,-10.));
#5176=CARTESIAN_POINT('',(35.,-27.75,-13.4));
#5177=CARTESIAN_POINT('',(35.,-27.75,-10.));
#5178=CARTESIAN_POINT('',(50.,-35.,-5.75));
#5179=CARTESIAN_POINT('',(49.15,-35.,-6.60000000000001));
#5180=CARTESIAN_POINT('',(50.,-35.,-5.75));
#5181=CARTESIAN_POINT('',(49.15,-35.,-10.));
#5182=CARTESIAN_POINT('',(49.15,-35.,-13.4));
#5183=CARTESIAN_POINT('',(50.,-35.,-14.25));
#5184=CARTESIAN_POINT('',(50.,-35.,-14.25));
#5185=CARTESIAN_POINT('',(50.,-35.,-10.));
#5186=CARTESIAN_POINT('',(50.,-35.,-10.));
#5187=CARTESIAN_POINT('',(50.,-35.,-6.60000000000001));
#5188=CARTESIAN_POINT('',(50.,-35.,-13.4));
#5189=CARTESIAN_POINT('',(50.,-35.,-10.));
#5190=CARTESIAN_POINT('',(-27.75,35.,-13.4));
#5191=CARTESIAN_POINT('',(-25.7070738953063,35.,-10.));
#5192=CARTESIAN_POINT('',(-27.75,35.,-13.4));
#5193=CARTESIAN_POINT('',(-27.75,35.,-6.60000000000001));
#5194=CARTESIAN_POINT('',(-27.75,35.,-6.60000000000001));
#5195=CARTESIAN_POINT('',(-27.75,35.,-10.));
#5196=CARTESIAN_POINT('',(-27.75,35.,-10.));
#5197=CARTESIAN_POINT('',(-50.,35.,-13.4));
#5198=CARTESIAN_POINT('',(-35.,35.,-13.4));
#5199=CARTESIAN_POINT('',(-50.,35.,-6.60000000000001));
#5200=CARTESIAN_POINT('',(-35.,35.,-6.60000000000001));
#5201=CARTESIAN_POINT('',(-35.,35.,-13.4));
#5202=CARTESIAN_POINT('',(-28.2,41.8,-13.4));
#5203=CARTESIAN_POINT('',(-28.2,41.8,-6.60000000000001));
#5204=CARTESIAN_POINT('',(-35.,35.,-6.60000000000001));
#5205=CARTESIAN_POINT('',(-50.,35.,-10.));
#5206=CARTESIAN_POINT('',(-35.,50.,-13.4));
#5207=CARTESIAN_POINT('',(-35.,27.75,-13.4));
#5208=CARTESIAN_POINT('',(-35.,27.75,-10.));
#5209=CARTESIAN_POINT('',(-35.,27.75,-6.60000000000001));
#5210=CARTESIAN_POINT('',(-35.,50.,-6.60000000000001));
#5211=CARTESIAN_POINT('',(-35.,35.,-6.60000000000001));
#5212=CARTESIAN_POINT('',(-28.2,28.2,-6.60000000000001));
#5213=CARTESIAN_POINT('',(-28.2,28.2,-13.4));
#5214=CARTESIAN_POINT('',(-35.,35.,-13.4));
#5215=CARTESIAN_POINT('',(-35.,50.,-10.));
#5216=CARTESIAN_POINT('',(-35.,27.75,-13.4));
#5217=CARTESIAN_POINT('',(-35.,25.7070738953063,-10.));
#5218=CARTESIAN_POINT('',(-35.,27.75,-6.60000000000001));
#5219=CARTESIAN_POINT('',(-35.,27.75,-10.));
#5220=CARTESIAN_POINT('',(-50.,35.,-14.25));
#5221=CARTESIAN_POINT('',(-50.,35.,-14.25));
#5222=CARTESIAN_POINT('',(-49.15,35.,-13.4));
#5223=CARTESIAN_POINT('',(-49.15,35.,-10.));
#5224=CARTESIAN_POINT('',(-49.15,35.,-6.60000000000001));
#5225=CARTESIAN_POINT('',(-50.,35.,-5.75));
#5226=CARTESIAN_POINT('',(-50.,35.,-5.75));
#5227=CARTESIAN_POINT('',(-50.,35.,-10.));
#5228=CARTESIAN_POINT('',(-50.,35.,-10.));
#5229=CARTESIAN_POINT('',(-38.4011726099639,36.9993749023129,-7.24999999999982));
#5230=CARTESIAN_POINT('',(-38.6968051870366,37.4239000857825,-7.55864908990117));
#5231=CARTESIAN_POINT('',(-39.3672927044777,37.6664506026151,-7.89048780156963));
#5232=CARTESIAN_POINT('',(-40.6300337830658,37.6673550272405,-7.89163150987128));
#5233=CARTESIAN_POINT('',(-41.3027063251835,37.4246015489482,-7.55915908548245));
#5234=CARTESIAN_POINT('',(-41.5988273900368,36.9993749023132,-7.25));
#5235=CARTESIAN_POINT('',(-38.4011726099639,36.9993749023128,-7.24999999999999));
#5236=CARTESIAN_POINT('',(-41.5988273900368,36.9993749023132,-7.24999999999999));
#5237=CARTESIAN_POINT('',(-41.5988273900368,36.9993749023132,-7.25));
#5238=CARTESIAN_POINT('',(-41.1301762014603,36.7496628149061,-7.06844797077602));
#5239=CARTESIAN_POINT('',(-40.5715787376873,36.6004608568199,-7.00024579045217));
#5240=CARTESIAN_POINT('',(-39.43294284092,36.5995406464651,-6.99975501130012));
#5241=CARTESIAN_POINT('',(-38.8724024150314,36.748288846969,-7.06744903368147));
#5242=CARTESIAN_POINT('',(-38.4011726099639,36.9993749023129,-7.24999999999982));
#5243=CARTESIAN_POINT('',(-50.,35.,-13.4));
#5244=CARTESIAN_POINT('',(-35.,35.,-6.60000000000001));
#5245=CARTESIAN_POINT('',(-41.8,41.8,-6.60000000000001));
#5246=CARTESIAN_POINT('',(-41.8,41.8,-13.4));
#5247=CARTESIAN_POINT('',(-35.,35.,-13.4));
#5248=CARTESIAN_POINT('',(-50.,35.,-6.60000000000001));
#5249=CARTESIAN_POINT('',(-50.,35.,-10.));
#5250=CARTESIAN_POINT('',(-50.,-7.18940722581485E-15,-14.25));
#5251=CARTESIAN_POINT('',(-50.,-7.18940722581485E-15,-14.25));
#5252=CARTESIAN_POINT('',(-49.15,-7.29350220374238E-15,-13.4));
#5253=CARTESIAN_POINT('',(-49.15,-7.70988211545248E-15,-10.));
#5254=CARTESIAN_POINT('',(-49.15,-7.70988211545248E-15,-6.60000000000001));
#5255=CARTESIAN_POINT('',(-50.,-7.70988211545248E-15,-5.75));
#5256=CARTESIAN_POINT('',(-50.,-7.70988211545248E-15,-5.75));
#5257=CARTESIAN_POINT('',(-50.,-7.70988211545248E-15,-10.));
#5258=CARTESIAN_POINT('',(-50.,-7.70988211545248E-15,-10.));
#5259=CARTESIAN_POINT('',(-50.,-7.29350220374238E-15,-13.4));
#5260=CARTESIAN_POINT('',(-27.75,-7.29350220374238E-15,-13.4));
#5261=CARTESIAN_POINT('',(-27.75,-7.70988211545248E-15,-10.));
#5262=CARTESIAN_POINT('',(-27.75,-7.70988211545248E-15,-6.60000000000001));
#5263=CARTESIAN_POINT('',(-50.,-7.70988211545248E-15,-6.60000000000001));
#5264=CARTESIAN_POINT('',(-50.,-7.70988211545248E-15,-10.));
#5265=CARTESIAN_POINT('',(-27.75,-7.29350220374238E-15,-13.4));
#5266=CARTESIAN_POINT('',(-25.7070738953063,-1.25744655824843E-14,-10.));
#5267=CARTESIAN_POINT('',(-27.75,-7.70988211545248E-15,-6.60000000000001));
#5268=CARTESIAN_POINT('',(-27.75,-7.70988211545248E-15,-10.));
#5269=CARTESIAN_POINT('',(-27.75,-35.,-13.4));
#5270=CARTESIAN_POINT('',(-25.7070738953063,-35.,-10.));
#5271=CARTESIAN_POINT('',(-27.75,-35.,-13.4));
#5272=CARTESIAN_POINT('',(-27.75,-35.,-6.60000000000001));
#5273=CARTESIAN_POINT('',(-27.75,-35.,-6.60000000000001));
#5274=CARTESIAN_POINT('',(-27.75,-35.,-10.));
#5275=CARTESIAN_POINT('',(-27.75,-35.,-10.));
#5276=CARTESIAN_POINT('',(-50.,-35.,-13.4));
#5277=CARTESIAN_POINT('',(-35.,-35.,-13.4));
#5278=CARTESIAN_POINT('',(-50.,-35.,-6.60000000000001));
#5279=CARTESIAN_POINT('',(-35.,-35.,-6.60000000000001));
#5280=CARTESIAN_POINT('',(-35.,-35.,-13.4));
#5281=CARTESIAN_POINT('',(-28.2,-28.2,-13.4));
#5282=CARTESIAN_POINT('',(-28.2,-28.2,-6.60000000000001));
#5283=CARTESIAN_POINT('',(-35.,-35.,-6.60000000000001));
#5284=CARTESIAN_POINT('',(-50.,-35.,-10.));
#5285=CARTESIAN_POINT('',(-35.,-50.,-6.60000000000001));
#5286=CARTESIAN_POINT('',(-35.,-27.75,-6.60000000000001));
#5287=CARTESIAN_POINT('',(-35.,-27.75,-10.));
#5288=CARTESIAN_POINT('',(-35.,-27.75,-13.4));
#5289=CARTESIAN_POINT('',(-35.,-50.,-13.4));
#5290=CARTESIAN_POINT('',(-35.,-50.,-10.));
#5291=CARTESIAN_POINT('',(-35.,-27.75,-6.60000000000001));
#5292=CARTESIAN_POINT('',(-35.,-25.7070738953063,-10.));
#5293=CARTESIAN_POINT('',(-35.,-27.75,-13.4));
#5294=CARTESIAN_POINT('',(-35.,-27.75,-10.));
#5295=CARTESIAN_POINT('',(-50.,-35.,-14.25));
#5296=CARTESIAN_POINT('',(-50.,-35.,-14.25));
#5297=CARTESIAN_POINT('',(-49.15,-35.,-13.4));
#5298=CARTESIAN_POINT('',(-49.15,-35.,-10.));
#5299=CARTESIAN_POINT('',(-49.15,-35.,-6.60000000000001));
#5300=CARTESIAN_POINT('',(-50.,-35.,-5.75));
#5301=CARTESIAN_POINT('',(-50.,-35.,-5.75));
#5302=CARTESIAN_POINT('',(-50.,-35.,-10.));
#5303=CARTESIAN_POINT('',(-50.,-35.,-10.));
#5304=CARTESIAN_POINT('',(-50.,-35.,-13.4));
#5305=CARTESIAN_POINT('',(-35.,-35.,-6.60000000000001));
#5306=CARTESIAN_POINT('',(-41.8,-28.2,-6.60000000000001));
#5307=CARTESIAN_POINT('',(-41.8,-28.2,-13.4));
#5308=CARTESIAN_POINT('',(-35.,-35.,-13.4));
#5309=CARTESIAN_POINT('',(-50.,-35.,-6.60000000000001));
#5310=CARTESIAN_POINT('',(-50.,-35.,-10.));
#5311=CARTESIAN_POINT('',(-35.,-50.,-5.75));
#5312=CARTESIAN_POINT('',(-35.,-49.15,-6.60000000000001));
#5313=CARTESIAN_POINT('',(-35.,-50.,-5.75));
#5314=CARTESIAN_POINT('',(-35.,-49.15,-10.));
#5315=CARTESIAN_POINT('',(-35.,-49.15,-13.4));
#5316=CARTESIAN_POINT('',(-35.,-50.,-14.25));
#5317=CARTESIAN_POINT('',(-35.,-50.,-14.25));
#5318=CARTESIAN_POINT('',(-35.,-50.,-10.));
#5319=CARTESIAN_POINT('',(-35.,-50.,-10.));
#5320=CARTESIAN_POINT('',(-7.18940722581485E-15,-50.,-5.75));
#5321=CARTESIAN_POINT('',(-7.29350220374238E-15,-49.15,-6.60000000000001));
#5322=CARTESIAN_POINT('',(-7.18940722581485E-15,-50.,-5.75));
#5323=CARTESIAN_POINT('',(-7.70988211545248E-15,-49.15,-10.));
#5324=CARTESIAN_POINT('',(-7.70988211545248E-15,-49.15,-13.4));
#5325=CARTESIAN_POINT('',(-7.70988211545248E-15,-50.,-14.25));
#5326=CARTESIAN_POINT('',(-7.70988211545248E-15,-50.,-14.25));
#5327=CARTESIAN_POINT('',(-7.70988211545248E-15,-50.,-10.));
#5328=CARTESIAN_POINT('',(-7.70988211545248E-15,-50.,-10.));
#5329=CARTESIAN_POINT('',(-7.29350220374238E-15,-50.,-6.60000000000001));
#5330=CARTESIAN_POINT('',(-7.29350220374238E-15,-27.75,-6.60000000000001));
#5331=CARTESIAN_POINT('',(-7.70988211545248E-15,-27.75,-10.));
#5332=CARTESIAN_POINT('',(-7.70988211545248E-15,-27.75,-13.4));
#5333=CARTESIAN_POINT('',(-7.70988211545248E-15,-50.,-13.4));
#5334=CARTESIAN_POINT('',(-7.70988211545248E-15,-50.,-10.));
#5335=CARTESIAN_POINT('',(-7.29350220374238E-15,-27.75,-6.60000000000001));
#5336=CARTESIAN_POINT('',(-1.25744655824843E-14,-25.7070738953063,-10.));
#5337=CARTESIAN_POINT('',(-7.70988211545248E-15,-27.75,-13.4));
#5338=CARTESIAN_POINT('',(-7.70988211545248E-15,-27.75,-10.));
#5339=CARTESIAN_POINT('',(35.,-50.,-5.75));
#5340=CARTESIAN_POINT('',(35.,-49.15,-6.60000000000001));
#5341=CARTESIAN_POINT('',(35.,-50.,-5.75));
#5342=CARTESIAN_POINT('',(35.,-49.15,-10.));
#5343=CARTESIAN_POINT('',(35.,-49.15,-13.4));
#5344=CARTESIAN_POINT('',(35.,-50.,-14.25));
#5345=CARTESIAN_POINT('',(35.,-50.,-14.25));
#5346=CARTESIAN_POINT('',(35.,-50.,-10.));
#5347=CARTESIAN_POINT('',(35.,-50.,-10.));
#5348=CARTESIAN_POINT('',(-35.,50.,-14.25));
#5349=CARTESIAN_POINT('',(-35.,50.,-14.25));
#5350=CARTESIAN_POINT('',(-35.,49.15,-13.4));
#5351=CARTESIAN_POINT('',(-35.,49.15,-10.));
#5352=CARTESIAN_POINT('',(-35.,49.15,-6.60000000000001));
#5353=CARTESIAN_POINT('',(-35.,50.,-5.75));
#5354=CARTESIAN_POINT('',(-35.,50.,-5.75));
#5355=CARTESIAN_POINT('',(-35.,50.,-10.));
#5356=CARTESIAN_POINT('',(-35.,50.,-10.));
#5357=CARTESIAN_POINT('',(-7.18940722581485E-15,50.,-14.25));
#5358=CARTESIAN_POINT('',(-7.18940722581485E-15,50.,-14.25));
#5359=CARTESIAN_POINT('',(-7.29350220374238E-15,49.15,-13.4));
#5360=CARTESIAN_POINT('',(-7.70988211545248E-15,49.15,-10.));
#5361=CARTESIAN_POINT('',(-7.70988211545248E-15,49.15,-6.60000000000001));
#5362=CARTESIAN_POINT('',(-7.70988211545248E-15,50.,-5.75));
#5363=CARTESIAN_POINT('',(-7.70988211545248E-15,50.,-5.75));
#5364=CARTESIAN_POINT('',(-7.70988211545248E-15,50.,-10.));
#5365=CARTESIAN_POINT('',(-7.70988211545248E-15,50.,-10.));
#5366=CARTESIAN_POINT('',(-7.29350220374238E-15,50.,-13.4));
#5367=CARTESIAN_POINT('',(-7.29350220374238E-15,27.75,-13.4));
#5368=CARTESIAN_POINT('',(-7.70988211545248E-15,27.75,-10.));
#5369=CARTESIAN_POINT('',(-7.70988211545248E-15,27.75,-6.60000000000001));
#5370=CARTESIAN_POINT('',(-7.70988211545248E-15,50.,-6.60000000000001));
#5371=CARTESIAN_POINT('',(-7.70988211545248E-15,50.,-10.));
#5372=CARTESIAN_POINT('',(-7.29350220374238E-15,27.75,-13.4));
#5373=CARTESIAN_POINT('',(-1.25744655824843E-14,25.7070738953063,-10.));
#5374=CARTESIAN_POINT('',(-7.70988211545248E-15,27.75,-6.60000000000001));
#5375=CARTESIAN_POINT('',(-7.70988211545248E-15,27.75,-10.));
#5376=CARTESIAN_POINT('',(35.,50.,-14.25));
#5377=CARTESIAN_POINT('',(35.,50.,-14.25));
#5378=CARTESIAN_POINT('',(35.,49.15,-13.4));
#5379=CARTESIAN_POINT('',(35.,49.15,-10.));
#5380=CARTESIAN_POINT('',(35.,49.15,-6.60000000000001));
#5381=CARTESIAN_POINT('',(35.,50.,-5.75));
#5382=CARTESIAN_POINT('',(35.,50.,-5.75));
#5383=CARTESIAN_POINT('',(35.,50.,-10.));
#5384=CARTESIAN_POINT('',(35.,50.,-10.));
#5385=CARTESIAN_POINT('',(24.9999999999999,-34.3577779898868,11.3577779898868));
#5386=CARTESIAN_POINT('',(24.9999999999999,-34.3577779898868,11.3577779898868));
#5387=CARTESIAN_POINT('',(24.9999999999999,-38.,15.));
#5388=CARTESIAN_POINT('',(25.,-25.,15.));
#5389=CARTESIAN_POINT('',(38.,-24.9999999999999,15.));
#5390=CARTESIAN_POINT('',(38.,-24.9999999999999,15.));
#5391=CARTESIAN_POINT('',(34.3577779898868,-24.9999999999999,11.3577779898868));
#5392=CARTESIAN_POINT('',(25.,-25.,11.3577779898868));
#5393=CARTESIAN_POINT('',(25.,-25.,11.3577779898868));
#5394=CARTESIAN_POINT('',(38.,24.9999999999999,15.));
#5395=CARTESIAN_POINT('',(38.,24.9999999999999,15.));
#5396=CARTESIAN_POINT('',(34.3577779898868,24.9999999999999,11.3577779898868));
#5397=CARTESIAN_POINT('',(34.3577779898868,24.9999999999999,11.3577779898868));
#5398=CARTESIAN_POINT('',(38.,-24.9999999999999,15.));
#5399=CARTESIAN_POINT('',(34.3577779898868,24.9999999999999,11.3577779898868));
#5400=CARTESIAN_POINT('',(-24.9999999999999,-34.3577779898868,11.3577779898868));
#5401=CARTESIAN_POINT('',(-24.9999999999999,-34.3577779898868,11.3577779898868));
#5402=CARTESIAN_POINT('',(-24.9999999999999,-38.,15.));
#5403=CARTESIAN_POINT('',(-25.,-38.,15.));
#5404=CARTESIAN_POINT('',(24.9999999999999,-34.3577779898868,11.3577779898868));
#5405=CARTESIAN_POINT('',(24.9999999999999,-34.3577779898868,11.3577779898868));
#5406=CARTESIAN_POINT('',(24.9999999999999,38.,15.));
#5407=CARTESIAN_POINT('',(24.9999999999999,38.,15.));
#5408=CARTESIAN_POINT('',(24.9999999999999,34.3577779898868,11.3577779898868));
#5409=CARTESIAN_POINT('',(25.,25.,11.3577779898868));
#5410=CARTESIAN_POINT('',(25.,25.,15.));
#5411=CARTESIAN_POINT('',(25.,25.,11.3577779898868));
#5412=CARTESIAN_POINT('',(-34.3577779898868,-24.9999999999999,11.3577779898868));
#5413=CARTESIAN_POINT('',(-34.3577779898868,-24.9999999999999,11.3577779898868));
#5414=CARTESIAN_POINT('',(-38.,-24.9999999999999,15.));
#5415=CARTESIAN_POINT('',(-25.,-25.,15.));
#5416=CARTESIAN_POINT('',(-25.,-25.,11.3577779898868));
#5417=CARTESIAN_POINT('',(-25.,-25.,11.3577779898868));
#5418=CARTESIAN_POINT('',(-24.9999999999999,38.,15.));
#5419=CARTESIAN_POINT('',(-24.9999999999999,38.,15.));
#5420=CARTESIAN_POINT('',(-24.9999999999999,34.3577779898868,11.3577779898868));
#5421=CARTESIAN_POINT('',(-24.9999999999999,34.3577779898868,11.3577779898868));
#5422=CARTESIAN_POINT('',(24.9999999999999,38.,15.));
#5423=CARTESIAN_POINT('',(24.9999999999999,34.3577779898868,11.3577779898868));
#5424=CARTESIAN_POINT('',(-34.3577779898868,24.9999999999999,11.3577779898868));
#5425=CARTESIAN_POINT('',(-34.3577779898868,24.9999999999999,11.3577779898868));
#5426=CARTESIAN_POINT('',(-38.,24.9999999999999,15.));
#5427=CARTESIAN_POINT('',(-38.,24.9999999999999,15.));
#5428=CARTESIAN_POINT('',(-34.3577779898868,-24.9999999999999,11.3577779898868));
#5429=CARTESIAN_POINT('',(-34.3577779898868,24.9999999999999,11.3577779898868));
#5430=CARTESIAN_POINT('',(-25.,25.,15.));
#5431=CARTESIAN_POINT('',(-25.,25.,11.3577779898868));
#5432=CARTESIAN_POINT('',(-25.,25.,11.3577779898868));
#5433=CARTESIAN_POINT('',(-25.,-25.,0.));
#5434=CARTESIAN_POINT('',(-32.355095289373,-24.9999999999999,0.));
#5435=CARTESIAN_POINT('',(-25.,-32.355095289373,0.));
#5436=CARTESIAN_POINT('',(24.9999999999999,-32.355095289373,0.));
#5437=CARTESIAN_POINT('',(24.9999999999999,-32.355095289373,0.));
#5438=CARTESIAN_POINT('',(25.,-25.,0.));
#5439=CARTESIAN_POINT('',(32.355095289373,-25.,0.));
#5440=CARTESIAN_POINT('',(32.355095289373,24.9999999999999,0.));
#5441=CARTESIAN_POINT('',(32.355095289373,24.9999999999999,0.));
#5442=CARTESIAN_POINT('',(25.,25.,0.));
#5443=CARTESIAN_POINT('',(25.,32.355095289373,0.));
#5444=CARTESIAN_POINT('',(24.9999999999999,32.355095289373,0.));
#5445=CARTESIAN_POINT('',(-24.9999999999999,32.355095289373,0.));
#5446=CARTESIAN_POINT('',(-25.,25.,0.));
#5447=CARTESIAN_POINT('',(-32.355095289373,24.9999999999999,0.));
#5448=CARTESIAN_POINT('',(-32.355095289373,24.9999999999999,0.));
#5449=CARTESIAN_POINT('',(-25.,-25.,0.));
#5450=CARTESIAN_POINT('',(-24.9999999999999,-35.,15.));
#5451=CARTESIAN_POINT('',(24.9999999999999,-35.,15.));
#5452=CARTESIAN_POINT('',(24.9999999999999,-35.,15.));
#5453=CARTESIAN_POINT('',(35.,-24.9999999999999,15.));
#5454=CARTESIAN_POINT('',(25.,-25.,15.));
#5455=CARTESIAN_POINT('',(35.,24.9999999999999,15.));
#5456=CARTESIAN_POINT('',(35.,24.9999999999999,15.));
#5457=CARTESIAN_POINT('',(24.9999999999999,35.,15.));
#5458=CARTESIAN_POINT('',(25.,25.,15.));
#5459=CARTESIAN_POINT('',(-24.9999999999999,35.,15.));
#5460=CARTESIAN_POINT('',(24.9999999999999,35.,15.));
#5461=CARTESIAN_POINT('',(-35.,24.9999999999999,15.));
#5462=CARTESIAN_POINT('',(-25.,25.,15.));
#5463=CARTESIAN_POINT('',(-35.,-24.9999999999999,15.));
#5464=CARTESIAN_POINT('',(-35.,24.9999999999999,15.));
#5465=CARTESIAN_POINT('',(-25.,-25.,15.));
#5466=CARTESIAN_POINT('',(-26.,-50.,-27.5));
#5467=CARTESIAN_POINT('',(-26.,-50.,-27.5));
#5468=CARTESIAN_POINT('',(-25.,-49.,-27.5));
#5469=CARTESIAN_POINT('',(-17.5,-49.,-27.5));
#5470=CARTESIAN_POINT('',(-17.5,-49.,-20.));
#5471=CARTESIAN_POINT('',(-17.5,-49.,-20.));
#5472=CARTESIAN_POINT('',(-17.5,-50.,-19.));
#5473=CARTESIAN_POINT('',(-17.5,-50.,-27.5));
#5474=CARTESIAN_POINT('',(-17.5,-50.,-27.5));
#5475=CARTESIAN_POINT('',(17.5,-49.,-20.));
#5476=CARTESIAN_POINT('',(17.5,-49.,-20.));
#5477=CARTESIAN_POINT('',(17.5,-50.,-19.));
#5478=CARTESIAN_POINT('',(45.,-50.,-19.));
#5479=CARTESIAN_POINT('',(25.,-49.,-20.));
#5480=CARTESIAN_POINT('',(45.,-50.,-19.));
#5481=CARTESIAN_POINT('',(-26.,-50.,-52.5));
#5482=CARTESIAN_POINT('',(-26.,-50.,-52.5));
#5483=CARTESIAN_POINT('',(-25.,-49.,-52.5));
#5484=CARTESIAN_POINT('',(-25.,-49.,-60.));
#5485=CARTESIAN_POINT('',(-26.,-50.,-80.));
#5486=CARTESIAN_POINT('',(-26.,-50.,-80.));
#5487=CARTESIAN_POINT('',(25.,-49.,-27.5));
#5488=CARTESIAN_POINT('',(25.,-49.,-27.5));
#5489=CARTESIAN_POINT('',(26.,-50.,-27.5));
#5490=CARTESIAN_POINT('',(17.5,-50.,-27.5));
#5491=CARTESIAN_POINT('',(17.5,-49.,-27.5));
#5492=CARTESIAN_POINT('',(17.5,-50.,-27.5));
#5493=CARTESIAN_POINT('',(-17.5,-50.,-61.));
#5494=CARTESIAN_POINT('',(-17.5,-50.,-61.));
#5495=CARTESIAN_POINT('',(-17.5,-49.,-60.));
#5496=CARTESIAN_POINT('',(-17.5,-49.,-52.5));
#5497=CARTESIAN_POINT('',(-17.5,-50.,-52.5));
#5498=CARTESIAN_POINT('',(-17.5,-50.,-52.5));
#5499=CARTESIAN_POINT('',(25.,-49.,-52.5));
#5500=CARTESIAN_POINT('',(25.,-49.,-52.5));
#5501=CARTESIAN_POINT('',(26.,-50.,-52.5));
#5502=CARTESIAN_POINT('',(26.,-50.,-80.));
#5503=CARTESIAN_POINT('',(25.,-49.,-60.));
#5504=CARTESIAN_POINT('',(26.,-50.,-80.));
#5505=CARTESIAN_POINT('',(17.5,-50.,-61.));
#5506=CARTESIAN_POINT('',(17.5,-50.,-61.));
#5507=CARTESIAN_POINT('',(17.5,-49.,-60.));
#5508=CARTESIAN_POINT('',(25.,-49.,-60.));
#5509=CARTESIAN_POINT('',(45.,-50.,-61.));
#5510=CARTESIAN_POINT('',(45.,-50.,-61.));
#5511=CARTESIAN_POINT('',(17.5,-49.,-52.5));
#5512=CARTESIAN_POINT('',(17.5,-50.,-52.5));
#5513=CARTESIAN_POINT('',(17.5,-50.,-52.5));
#5514=CARTESIAN_POINT('',(-50.,26.,-27.5));
#5515=CARTESIAN_POINT('',(-50.,26.,-27.5));
#5516=CARTESIAN_POINT('',(-49.,25.,-27.5));
#5517=CARTESIAN_POINT('',(-49.,17.5,-27.5));
#5518=CARTESIAN_POINT('',(-49.,17.5,-20.));
#5519=CARTESIAN_POINT('',(-49.,17.5,-20.));
#5520=CARTESIAN_POINT('',(-50.,17.5,-19.));
#5521=CARTESIAN_POINT('',(-50.,17.5,-27.5));
#5522=CARTESIAN_POINT('',(-50.,17.5,-27.5));
#5523=CARTESIAN_POINT('',(-49.,-17.5,-20.));
#5524=CARTESIAN_POINT('',(-49.,-17.5,-20.));
#5525=CARTESIAN_POINT('',(-50.,-17.5,-19.));
#5526=CARTESIAN_POINT('',(-50.,45.,-19.));
#5527=CARTESIAN_POINT('',(-49.,25.,-20.));
#5528=CARTESIAN_POINT('',(-50.,45.,-19.));
#5529=CARTESIAN_POINT('',(-50.,26.,-52.5));
#5530=CARTESIAN_POINT('',(-50.,26.,-52.5));
#5531=CARTESIAN_POINT('',(-49.,25.,-52.5));
#5532=CARTESIAN_POINT('',(-49.,25.,-60.));
#5533=CARTESIAN_POINT('',(-50.,26.,-80.));
#5534=CARTESIAN_POINT('',(-50.,26.,-80.));
#5535=CARTESIAN_POINT('',(-49.,-25.,-27.5));
#5536=CARTESIAN_POINT('',(-49.,-25.,-27.5));
#5537=CARTESIAN_POINT('',(-50.,-26.,-27.5));
#5538=CARTESIAN_POINT('',(-50.,-17.5,-27.5));
#5539=CARTESIAN_POINT('',(-49.,-17.5,-27.5));
#5540=CARTESIAN_POINT('',(-50.,-17.5,-27.5));
#5541=CARTESIAN_POINT('',(-50.,17.5,-61.));
#5542=CARTESIAN_POINT('',(-50.,17.5,-61.));
#5543=CARTESIAN_POINT('',(-49.,17.5,-60.));
#5544=CARTESIAN_POINT('',(-49.,17.5,-52.5));
#5545=CARTESIAN_POINT('',(-50.,17.5,-52.5));
#5546=CARTESIAN_POINT('',(-50.,17.5,-52.5));
#5547=CARTESIAN_POINT('',(-49.,-25.,-52.5));
#5548=CARTESIAN_POINT('',(-49.,-25.,-52.5));
#5549=CARTESIAN_POINT('',(-50.,-26.,-52.5));
#5550=CARTESIAN_POINT('',(-50.,-26.,-80.));
#5551=CARTESIAN_POINT('',(-49.,-25.,-60.));
#5552=CARTESIAN_POINT('',(-50.,-26.,-80.));
#5553=CARTESIAN_POINT('',(-50.,-17.5,-61.));
#5554=CARTESIAN_POINT('',(-50.,-17.5,-61.));
#5555=CARTESIAN_POINT('',(-49.,-17.5,-60.));
#5556=CARTESIAN_POINT('',(-49.,25.,-60.));
#5557=CARTESIAN_POINT('',(-50.,45.,-61.));
#5558=CARTESIAN_POINT('',(-50.,45.,-61.));
#5559=CARTESIAN_POINT('',(-49.,-17.5,-52.5));
#5560=CARTESIAN_POINT('',(-50.,-17.5,-52.5));
#5561=CARTESIAN_POINT('',(-50.,-17.5,-52.5));
#5562=CARTESIAN_POINT('',(17.5,50.,-61.));
#5563=CARTESIAN_POINT('',(17.5,50.,-61.));
#5564=CARTESIAN_POINT('',(17.5,49.,-60.));
#5565=CARTESIAN_POINT('',(17.5,49.,-52.5));
#5566=CARTESIAN_POINT('',(25.,49.,-52.5));
#5567=CARTESIAN_POINT('',(25.,49.,-52.5));
#5568=CARTESIAN_POINT('',(26.,50.,-52.5));
#5569=CARTESIAN_POINT('',(17.5,50.,-52.5));
#5570=CARTESIAN_POINT('',(17.5,50.,-52.5));
#5571=CARTESIAN_POINT('',(25.,49.,-27.5));
#5572=CARTESIAN_POINT('',(25.,49.,-27.5));
#5573=CARTESIAN_POINT('',(26.,50.,-27.5));
#5574=CARTESIAN_POINT('',(26.,50.,-27.5));
#5575=CARTESIAN_POINT('',(25.,49.,-52.5));
#5576=CARTESIAN_POINT('',(25.,49.,-60.));
#5577=CARTESIAN_POINT('',(-17.5,50.,-61.));
#5578=CARTESIAN_POINT('',(-17.5,50.,-61.));
#5579=CARTESIAN_POINT('',(-17.5,49.,-60.));
#5580=CARTESIAN_POINT('',(-17.5,49.,-60.));
#5581=CARTESIAN_POINT('',(17.5,50.,-61.));
#5582=CARTESIAN_POINT('',(25.,49.,-60.));
#5583=CARTESIAN_POINT('',(17.5,49.,-20.));
#5584=CARTESIAN_POINT('',(17.5,49.,-20.));
#5585=CARTESIAN_POINT('',(17.5,50.,-19.));
#5586=CARTESIAN_POINT('',(17.5,50.,-27.5));
#5587=CARTESIAN_POINT('',(17.5,49.,-27.5));
#5588=CARTESIAN_POINT('',(17.5,50.,-27.5));
#5589=CARTESIAN_POINT('',(-26.,50.,-52.5));
#5590=CARTESIAN_POINT('',(-26.,50.,-52.5));
#5591=CARTESIAN_POINT('',(-25.,49.,-52.5));
#5592=CARTESIAN_POINT('',(-17.5,49.,-52.5));
#5593=CARTESIAN_POINT('',(-17.5,50.,-52.5));
#5594=CARTESIAN_POINT('',(-17.5,50.,-52.5));
#5595=CARTESIAN_POINT('',(-17.5,49.,-20.));
#5596=CARTESIAN_POINT('',(-17.5,49.,-20.));
#5597=CARTESIAN_POINT('',(-17.5,50.,-19.));
#5598=CARTESIAN_POINT('',(-17.5,50.,-19.));
#5599=CARTESIAN_POINT('',(17.5,49.,-20.));
#5600=CARTESIAN_POINT('',(25.,49.,-20.));
#5601=CARTESIAN_POINT('',(-26.,50.,-27.5));
#5602=CARTESIAN_POINT('',(-26.,50.,-27.5));
#5603=CARTESIAN_POINT('',(-25.,49.,-27.5));
#5604=CARTESIAN_POINT('',(-25.,49.,-27.5));
#5605=CARTESIAN_POINT('',(-26.,50.,-52.5));
#5606=CARTESIAN_POINT('',(-25.,49.,-60.));
#5607=CARTESIAN_POINT('',(-17.5,49.,-27.5));
#5608=CARTESIAN_POINT('',(-17.5,50.,-27.5));
#5609=CARTESIAN_POINT('',(-17.5,50.,-27.5));
#5610=CARTESIAN_POINT('',(50.,-17.5,-61.));
#5611=CARTESIAN_POINT('',(50.,-17.5,-61.));
#5612=CARTESIAN_POINT('',(49.,-17.5,-60.));
#5613=CARTESIAN_POINT('',(49.,-17.5,-52.5));
#5614=CARTESIAN_POINT('',(49.,-25.,-52.5));
#5615=CARTESIAN_POINT('',(49.,-25.,-52.5));
#5616=CARTESIAN_POINT('',(50.,-26.,-52.5));
#5617=CARTESIAN_POINT('',(50.,-17.5,-52.5));
#5618=CARTESIAN_POINT('',(50.,-17.5,-52.5));
#5619=CARTESIAN_POINT('',(49.,-25.,-27.5));
#5620=CARTESIAN_POINT('',(49.,-25.,-27.5));
#5621=CARTESIAN_POINT('',(50.,-26.,-27.5));
#5622=CARTESIAN_POINT('',(50.,-26.,-27.5));
#5623=CARTESIAN_POINT('',(49.,-25.,-52.5));
#5624=CARTESIAN_POINT('',(49.,-25.,-60.));
#5625=CARTESIAN_POINT('',(50.,17.5,-61.));
#5626=CARTESIAN_POINT('',(50.,17.5,-61.));
#5627=CARTESIAN_POINT('',(49.,17.5,-60.));
#5628=CARTESIAN_POINT('',(49.,17.5,-60.));
#5629=CARTESIAN_POINT('',(50.,-17.5,-61.));
#5630=CARTESIAN_POINT('',(49.,25.,-60.));
#5631=CARTESIAN_POINT('',(49.,-17.5,-20.));
#5632=CARTESIAN_POINT('',(49.,-17.5,-20.));
#5633=CARTESIAN_POINT('',(50.,-17.5,-19.));
#5634=CARTESIAN_POINT('',(50.,-17.5,-27.5));
#5635=CARTESIAN_POINT('',(49.,-17.5,-27.5));
#5636=CARTESIAN_POINT('',(50.,-17.5,-27.5));
#5637=CARTESIAN_POINT('',(50.,26.,-52.5));
#5638=CARTESIAN_POINT('',(50.,26.,-52.5));
#5639=CARTESIAN_POINT('',(49.,25.,-52.5));
#5640=CARTESIAN_POINT('',(49.,17.5,-52.5));
#5641=CARTESIAN_POINT('',(50.,17.5,-52.5));
#5642=CARTESIAN_POINT('',(50.,17.5,-52.5));
#5643=CARTESIAN_POINT('',(49.,17.5,-20.));
#5644=CARTESIAN_POINT('',(49.,17.5,-20.));
#5645=CARTESIAN_POINT('',(50.,17.5,-19.));
#5646=CARTESIAN_POINT('',(50.,17.5,-19.));
#5647=CARTESIAN_POINT('',(49.,-17.5,-20.));
#5648=CARTESIAN_POINT('',(49.,25.,-20.));
#5649=CARTESIAN_POINT('',(50.,26.,-27.5));
#5650=CARTESIAN_POINT('',(50.,26.,-27.5));
#5651=CARTESIAN_POINT('',(49.,25.,-27.5));
#5652=CARTESIAN_POINT('',(49.,25.,-27.5));
#5653=CARTESIAN_POINT('',(50.,26.,-52.5));
#5654=CARTESIAN_POINT('',(49.,25.,-60.));
#5655=CARTESIAN_POINT('',(49.,17.5,-27.5));
#5656=CARTESIAN_POINT('',(50.,17.5,-27.5));
#5657=CARTESIAN_POINT('',(50.,17.5,-27.5));
#5658=CARTESIAN_POINT('',(40.,-17.5,-20.));
#5659=CARTESIAN_POINT('',(40.,-17.5,-20.));
#5660=CARTESIAN_POINT('',(50.,-25.,-27.5));
#5661=CARTESIAN_POINT('',(40.,-25.,-27.5));
#5662=CARTESIAN_POINT('',(40.,-17.5,-27.5));
#5663=CARTESIAN_POINT('',(40.,-17.5,-27.5));
#5664=CARTESIAN_POINT('',(40.,25.,-27.5));
#5665=CARTESIAN_POINT('',(40.,25.,-27.5));
#5666=CARTESIAN_POINT('',(50.,17.5,-20.));
#5667=CARTESIAN_POINT('',(40.,17.5,-20.));
#5668=CARTESIAN_POINT('',(40.,17.5,-27.5));
#5669=CARTESIAN_POINT('',(40.,17.5,-27.5));
#5670=CARTESIAN_POINT('',(40.,17.5,-60.));
#5671=CARTESIAN_POINT('',(40.,17.5,-60.));
#5672=CARTESIAN_POINT('',(50.,25.,-52.5));
#5673=CARTESIAN_POINT('',(40.,25.,-52.5));
#5674=CARTESIAN_POINT('',(40.,17.5,-52.5));
#5675=CARTESIAN_POINT('',(40.,17.5,-52.5));
#5676=CARTESIAN_POINT('',(40.,-25.,-52.5));
#5677=CARTESIAN_POINT('',(40.,-25.,-52.5));
#5678=CARTESIAN_POINT('',(50.,-17.5,-60.));
#5679=CARTESIAN_POINT('',(40.,-17.5,-60.));
#5680=CARTESIAN_POINT('',(40.,-17.5,-52.5));
#5681=CARTESIAN_POINT('',(40.,-17.5,-52.5));
#5682=CARTESIAN_POINT('',(-25.,40.,-27.5));
#5683=CARTESIAN_POINT('',(-25.,40.,-27.5));
#5684=CARTESIAN_POINT('',(-17.5,50.,-20.));
#5685=CARTESIAN_POINT('',(-17.5,40.,-20.));
#5686=CARTESIAN_POINT('',(-17.5,40.,-27.5));
#5687=CARTESIAN_POINT('',(-17.5,40.,-27.5));
#5688=CARTESIAN_POINT('',(-17.5,40.,-60.));
#5689=CARTESIAN_POINT('',(-17.5,40.,-60.));
#5690=CARTESIAN_POINT('',(-25.,50.,-52.5));
#5691=CARTESIAN_POINT('',(-25.,40.,-52.5));
#5692=CARTESIAN_POINT('',(-17.5,40.,-52.5));
#5693=CARTESIAN_POINT('',(-17.5,40.,-52.5));
#5694=CARTESIAN_POINT('',(25.,40.,-52.5));
#5695=CARTESIAN_POINT('',(25.,40.,-52.5));
#5696=CARTESIAN_POINT('',(17.5,50.,-60.));
#5697=CARTESIAN_POINT('',(17.5,40.,-60.));
#5698=CARTESIAN_POINT('',(17.5,40.,-52.5));
#5699=CARTESIAN_POINT('',(17.5,40.,-52.5));
#5700=CARTESIAN_POINT('',(17.5,40.,-20.));
#5701=CARTESIAN_POINT('',(17.5,40.,-20.));
#5702=CARTESIAN_POINT('',(25.,50.,-27.5));
#5703=CARTESIAN_POINT('',(25.,40.,-27.5));
#5704=CARTESIAN_POINT('',(17.5,40.,-27.5));
#5705=CARTESIAN_POINT('',(17.5,40.,-27.5));
#5706=CARTESIAN_POINT('',(-40.,-25.,-27.5));
#5707=CARTESIAN_POINT('',(-40.,-25.,-27.5));
#5708=CARTESIAN_POINT('',(-50.,-17.5,-20.));
#5709=CARTESIAN_POINT('',(-40.,-17.5,-20.));
#5710=CARTESIAN_POINT('',(-40.,-17.5,-27.5));
#5711=CARTESIAN_POINT('',(-40.,-17.5,-27.5));
#5712=CARTESIAN_POINT('',(-40.,-17.5,-60.));
#5713=CARTESIAN_POINT('',(-40.,-17.5,-60.));
#5714=CARTESIAN_POINT('',(-50.,-25.,-52.5));
#5715=CARTESIAN_POINT('',(-40.,-25.,-52.5));
#5716=CARTESIAN_POINT('',(-40.,-17.5,-52.5));
#5717=CARTESIAN_POINT('',(-40.,-17.5,-52.5));
#5718=CARTESIAN_POINT('',(-40.,25.,-52.5));
#5719=CARTESIAN_POINT('',(-40.,25.,-52.5));
#5720=CARTESIAN_POINT('',(-50.,17.5,-60.));
#5721=CARTESIAN_POINT('',(-40.,17.5,-60.));
#5722=CARTESIAN_POINT('',(-40.,17.5,-52.5));
#5723=CARTESIAN_POINT('',(-40.,17.5,-52.5));
#5724=CARTESIAN_POINT('',(-40.,17.5,-20.));
#5725=CARTESIAN_POINT('',(-40.,17.5,-20.));
#5726=CARTESIAN_POINT('',(-50.,25.,-27.5));
#5727=CARTESIAN_POINT('',(-40.,25.,-27.5));
#5728=CARTESIAN_POINT('',(-40.,17.5,-27.5));
#5729=CARTESIAN_POINT('',(-40.,17.5,-27.5));
#5730=CARTESIAN_POINT('',(25.,-40.,-27.5));
#5731=CARTESIAN_POINT('',(25.,-40.,-27.5));
#5732=CARTESIAN_POINT('',(17.5,-50.,-20.));
#5733=CARTESIAN_POINT('',(17.5,-40.,-20.));
#5734=CARTESIAN_POINT('',(17.5,-40.,-27.5));
#5735=CARTESIAN_POINT('',(17.5,-40.,-27.5));
#5736=CARTESIAN_POINT('',(17.5,-40.,-60.));
#5737=CARTESIAN_POINT('',(17.5,-40.,-60.));
#5738=CARTESIAN_POINT('',(25.,-50.,-52.5));
#5739=CARTESIAN_POINT('',(25.,-40.,-52.5));
#5740=CARTESIAN_POINT('',(17.5,-40.,-52.5));
#5741=CARTESIAN_POINT('',(17.5,-40.,-52.5));
#5742=CARTESIAN_POINT('',(-25.,-40.,-52.5));
#5743=CARTESIAN_POINT('',(-25.,-40.,-52.5));
#5744=CARTESIAN_POINT('',(-17.5,-50.,-60.));
#5745=CARTESIAN_POINT('',(-17.5,-40.,-60.));
#5746=CARTESIAN_POINT('',(-17.5,-40.,-52.5));
#5747=CARTESIAN_POINT('',(-17.5,-40.,-52.5));
#5748=CARTESIAN_POINT('',(-17.5,-40.,-20.));
#5749=CARTESIAN_POINT('',(-17.5,-40.,-20.));
#5750=CARTESIAN_POINT('',(-25.,-50.,-27.5));
#5751=CARTESIAN_POINT('',(-25.,-40.,-27.5));
#5752=CARTESIAN_POINT('',(-17.5,-40.,-27.5));
#5753=CARTESIAN_POINT('',(-17.5,-40.,-27.5));
#5754=CARTESIAN_POINT('',(25.,-40.,-20.));
#5755=CARTESIAN_POINT('',(-25.,-40.,-60.));
#5756=CARTESIAN_POINT('',(25.,-40.,-60.));
#5757=CARTESIAN_POINT('',(25.,-40.,-60.));
#5758=CARTESIAN_POINT('',(-5.55111512312578E-15,-40.,-8.67361737988404E-15));
#5759=CARTESIAN_POINT('',(25.,-40.,-60.));
#5760=CARTESIAN_POINT('',(25.,-40.,-60.));
#5761=CARTESIAN_POINT('',(25.,-40.,-20.));
#5762=CARTESIAN_POINT('',(-25.,-40.,-60.));
#5763=CARTESIAN_POINT('',(25.,40.,-20.));
#5764=CARTESIAN_POINT('',(25.,40.,-60.));
#5765=CARTESIAN_POINT('',(25.,40.,-60.));
#5766=CARTESIAN_POINT('',(-25.,40.,-60.));
#5767=CARTESIAN_POINT('',(-5.55111512312578E-15,40.,-8.67361737988404E-15));
#5768=CARTESIAN_POINT('',(25.,40.,-20.));
#5769=CARTESIAN_POINT('',(25.,40.,-60.));
#5770=CARTESIAN_POINT('',(25.,40.,-60.));
#5771=CARTESIAN_POINT('',(-25.,40.,-60.));
#5772=CARTESIAN_POINT('',(-40.,25.,-20.));
#5773=CARTESIAN_POINT('',(-40.,25.,-60.));
#5774=CARTESIAN_POINT('',(-40.,25.,-60.));
#5775=CARTESIAN_POINT('',(-40.,-25.,-60.));
#5776=CARTESIAN_POINT('',(-40.,5.55111512312578E-15,6.01853107621011E-31));
#5777=CARTESIAN_POINT('',(-40.,25.,-60.));
#5778=CARTESIAN_POINT('',(-40.,25.,-60.));
#5779=CARTESIAN_POINT('',(-40.,-25.,-60.));
#5780=CARTESIAN_POINT('',(-40.,25.,-20.));
#5781=CARTESIAN_POINT('',(40.,-25.,-60.));
#5782=CARTESIAN_POINT('',(40.,25.,-60.));
#5783=CARTESIAN_POINT('',(40.,25.,-60.));
#5784=CARTESIAN_POINT('',(40.,25.,-20.));
#5785=CARTESIAN_POINT('',(40.,5.55111512312578E-15,6.01853107621011E-31));
#5786=CARTESIAN_POINT('',(40.,-25.,-60.));
#5787=CARTESIAN_POINT('',(40.,25.,-60.));
#5788=CARTESIAN_POINT('',(40.,25.,-60.));
#5789=CARTESIAN_POINT('',(40.,25.,-20.));
#5790=CARTESIAN_POINT('',(-45.,45.,15.));
#5791=CARTESIAN_POINT('',(-45.,47.355095289373,15.));
#5792=CARTESIAN_POINT('',(-47.355095289373,45.,15.));
#5793=CARTESIAN_POINT('',(-47.355095289373,45.,15.));
#5794=CARTESIAN_POINT('',(-47.355095289373,-43.9044445976738,15.));
#5795=CARTESIAN_POINT('',(-48.1297699435234,-43.1297699435234,15.));
#5796=CARTESIAN_POINT('',(-43.9044445976738,-47.355095289373,15.));
#5797=CARTESIAN_POINT('',(-45.,-47.355095289373,15.));
#5798=CARTESIAN_POINT('',(45.,-47.355095289373,15.));
#5799=CARTESIAN_POINT('',(45.,-45.,15.));
#5800=CARTESIAN_POINT('',(47.355095289373,-45.,15.));
#5801=CARTESIAN_POINT('',(47.355095289373,-45.,15.));
#5802=CARTESIAN_POINT('',(47.355095289373,43.9044445976738,15.));
#5803=CARTESIAN_POINT('',(48.1297699435234,43.1297699435234,15.));
#5804=CARTESIAN_POINT('',(43.9044445976738,47.355095289373,15.));
#5805=CARTESIAN_POINT('',(45.,47.355095289373,15.));
#5806=CARTESIAN_POINT('',(-40.,-40.,15.));
#5807=CARTESIAN_POINT('',(40.,-40.,15.));
#5808=CARTESIAN_POINT('',(40.,40.,15.));
#5809=CARTESIAN_POINT('',(-40.,40.,15.));
#5810=CARTESIAN_POINT('',(-45.,45.,15.));
#5811=CARTESIAN_POINT('',(45.,50.,0.));
#5812=CARTESIAN_POINT('',(45.,50.,0.));
#5813=CARTESIAN_POINT('',(-45.,50.,0.));
#5814=CARTESIAN_POINT('',(-45.,50.,0.));
#5815=CARTESIAN_POINT('',(45.,50.,0.));
#5816=CARTESIAN_POINT('',(45.,50.,0.));
#5817=CARTESIAN_POINT('',(45.,50.,0.));
#5818=CARTESIAN_POINT('',(50.,45.,0.));
#5819=CARTESIAN_POINT('',(50.,45.,-1.55918971291531E-31));
#5820=CARTESIAN_POINT('',(50.,45.,0.));
#5821=CARTESIAN_POINT('',(50.,45.,0.));
#5822=CARTESIAN_POINT('',(50.,-45.,0.));
#5823=CARTESIAN_POINT('',(50.,-45.,0.));
#5824=CARTESIAN_POINT('',(50.,-45.,0.));
#5825=CARTESIAN_POINT('',(45.,-45.,0.));
#5826=CARTESIAN_POINT('',(45.,-50.,0.));
#5827=CARTESIAN_POINT('',(45.,-50.,0.));
#5828=CARTESIAN_POINT('',(45.,-45.,0.));
#5829=CARTESIAN_POINT('',(45.,-50.,0.));
#5830=CARTESIAN_POINT('',(-45.,-50.,0.));
#5831=CARTESIAN_POINT('',(-45.,-50.,0.));
#5832=CARTESIAN_POINT('',(-45.,-50.,0.));
#5833=CARTESIAN_POINT('',(-45.,-50.,0.));
#5834=CARTESIAN_POINT('',(-50.,-45.,0.));
#5835=CARTESIAN_POINT('',(-50.,-45.,-1.55918971291531E-31));
#5836=CARTESIAN_POINT('',(-50.,-45.,0.));
#5837=CARTESIAN_POINT('',(-50.,45.,0.));
#5838=CARTESIAN_POINT('',(-50.,45.,0.));
#5839=CARTESIAN_POINT('',(-50.,45.,0.));
#5840=CARTESIAN_POINT('',(-50.,45.,0.));
#5841=CARTESIAN_POINT('',(-45.,45.,0.));
#5842=CARTESIAN_POINT('',(-45.,45.,0.));
#5843=CARTESIAN_POINT('',(45.,-50.,-80.));
#5844=CARTESIAN_POINT('',(-45.,-50.,-80.));
#5845=CARTESIAN_POINT('',(45.,-50.,-80.));
#5846=CARTESIAN_POINT('',(-45.,-50.,-80.));
#5847=CARTESIAN_POINT('',(-50.,-45.,-80.));
#5848=CARTESIAN_POINT('',(-50.,45.,-80.));
#5849=CARTESIAN_POINT('',(-50.,45.,-80.));
#5850=CARTESIAN_POINT('',(-45.,45.,-80.));
#5851=CARTESIAN_POINT('',(-45.,50.,-80.));
#5852=CARTESIAN_POINT('',(45.,50.,-80.));
#5853=CARTESIAN_POINT('',(45.,50.,-80.));
#5854=CARTESIAN_POINT('',(45.,50.,-80.));
#5855=CARTESIAN_POINT('',(50.,45.,-80.));
#5856=CARTESIAN_POINT('',(50.,45.,-80.));
#5857=CARTESIAN_POINT('',(50.,-45.,-80.));
#5858=CARTESIAN_POINT('',(45.,-45.,-80.));
#5859=CARTESIAN_POINT('',(-45.,45.,-80.));
#5860=CARTESIAN_POINT('',(45.,-50.,-80.));
#5861=CARTESIAN_POINT('',(50.,-45.,-80.));
#5862=CARTESIAN_POINT('',(45.,-45.,-80.));
#5863=CARTESIAN_POINT('',(50.,45.,-80.));
#5864=CARTESIAN_POINT('',(50.,-35.,-10.));
#5865=CARTESIAN_POINT('',(50.,-7.70988211545248E-15,-10.));
#5866=CARTESIAN_POINT('',(50.,35.,-10.));
#5867=CARTESIAN_POINT('',(50.,45.,-80.));
#5868=CARTESIAN_POINT('',(45.,50.,-80.));
#5869=CARTESIAN_POINT('',(45.,50.,-80.));
#5870=CARTESIAN_POINT('',(-45.,50.,-80.));
#5871=CARTESIAN_POINT('',(35.,50.,-10.));
#5872=CARTESIAN_POINT('',(-7.70988211545248E-15,50.,-10.));
#5873=CARTESIAN_POINT('',(-35.,50.,-10.));
#5874=CARTESIAN_POINT('',(45.,50.,-80.));
#5875=CARTESIAN_POINT('',(-50.,45.,-80.));
#5876=CARTESIAN_POINT('',(-45.,45.,-80.));
#5877=CARTESIAN_POINT('',(-50.,-45.,-80.));
#5878=CARTESIAN_POINT('',(-45.,-50.,-80.));
#5879=CARTESIAN_POINT('',(-45.,-50.,-80.));
#5880=CARTESIAN_POINT('',(-50.,-35.,-10.));
#5881=CARTESIAN_POINT('',(-50.,-7.70988211545248E-15,-10.));
#5882=CARTESIAN_POINT('',(-50.,35.,-10.));
#5883=CARTESIAN_POINT('',(-50.,45.,-80.));
#5884=CARTESIAN_POINT('',(35.,-50.,-10.));
#5885=CARTESIAN_POINT('',(-7.70988211545248E-15,-50.,-10.));
#5886=CARTESIAN_POINT('',(-35.,-50.,-10.));
#5887=CARTESIAN_POINT('',(45.,-50.,-80.));
#5888=CARTESIAN_POINT('',(-35.,-50.,-6.60000000000001));
#5889=CARTESIAN_POINT('',(-35.,-35.,-6.60000000000001));
#5890=CARTESIAN_POINT('',(-28.2,-41.8,-6.60000000000001));
#5891=CARTESIAN_POINT('',(-28.2,-41.8,-13.4));
#5892=CARTESIAN_POINT('',(-35.,-35.,-13.4));
#5893=CARTESIAN_POINT('',(-35.,-50.,-13.4));
#5894=CARTESIAN_POINT('',(-35.,-50.,-10.));
#5895=CARTESIAN_POINT('',(-35.,50.,-13.4));
#5896=CARTESIAN_POINT('',(-35.,50.,-6.60000000000001));
#5897=CARTESIAN_POINT('',(-35.,50.,-10.));
#5898=CARTESIAN_POINT('',(36.9993749023132,-41.5988273900368,-7.25));
#5899=CARTESIAN_POINT('',(37.4241848369892,-41.3029965167555,-7.55885611696165));
#5900=CARTESIAN_POINT('',(37.6667649288601,-40.6346205962684,-7.8908852890687));
#5901=CARTESIAN_POINT('',(37.6669031616145,-40.,-7.89106009413016));
#5902=CARTESIAN_POINT('',(36.9993749023132,-41.5988273900368,-7.24999999999999));
#5903=CARTESIAN_POINT('',(36.6,-40.,-7.00000000000002));
#5904=CARTESIAN_POINT('',(36.6000916812084,-40.5692220071976,-7.0000488966445));
#5905=CARTESIAN_POINT('',(36.748624045783,-41.1282266747502,-7.06769273844362));
#5906=CARTESIAN_POINT('',(36.9993749023132,-41.5988273900368,-7.25));
#5907=CARTESIAN_POINT('',(35.,-50.,-6.60000000000001));
#5908=CARTESIAN_POINT('',(35.,-35.,-6.60000000000001));
#5909=CARTESIAN_POINT('',(41.8,-41.8,-6.60000000000001));
#5910=CARTESIAN_POINT('',(41.8,-41.8,-13.4));
#5911=CARTESIAN_POINT('',(35.,-35.,-13.4));
#5912=CARTESIAN_POINT('',(35.,-50.,-13.4));
#5913=CARTESIAN_POINT('',(35.,-50.,-10.));
#5914=CARTESIAN_POINT('',(36.9993749023132,38.4011726099632,-7.25));
#5915=CARTESIAN_POINT('',(37.4241848369939,38.6970034832478,-7.55885611696508));
#5916=CARTESIAN_POINT('',(37.6667649288601,39.3653794037575,-7.89088528906871));
#5917=CARTESIAN_POINT('',(37.6669031616145,40.,-7.89106009413016));
#5918=CARTESIAN_POINT('',(36.9993749023132,38.4011726099632,-7.24999999999999));
#5919=CARTESIAN_POINT('',(36.6,40.,-7.00000000000002));
#5920=CARTESIAN_POINT('',(36.6000916812085,39.430777992817,-7.00004889664455));
#5921=CARTESIAN_POINT('',(36.7486240457765,38.8717733252619,-7.06769273843894));
#5922=CARTESIAN_POINT('',(36.9993749023132,38.4011726099632,-7.25));
#5923=CARTESIAN_POINT('',(35.,50.,-13.4));
#5924=CARTESIAN_POINT('',(35.,50.,-6.60000000000001));
#5925=CARTESIAN_POINT('',(35.,50.,-10.));
#5926=CARTESIAN_POINT('',(35.,49.15,-10.));
#5927=CARTESIAN_POINT('',(35.,50.,-10.));
#5928=CARTESIAN_POINT('',(35.,-35.,-13.4));
#5929=CARTESIAN_POINT('',(28.2,-41.8,-13.4));
#5930=CARTESIAN_POINT('',(28.2,-41.8,-6.60000000000001));
#5931=CARTESIAN_POINT('',(35.,-35.,-6.60000000000001));
#5932=CARTESIAN_POINT('',(35.,-49.15,-10.));
#5933=CARTESIAN_POINT('',(35.,-50.,-10.));
#5934=CARTESIAN_POINT('',(-35.,49.15,-10.));
#5935=CARTESIAN_POINT('',(-37.6669031616145,40.,-7.89106009413016));
#5936=CARTESIAN_POINT('',(-37.6667709418603,39.3677102569207,-7.89089289293125));
#5937=CARTESIAN_POINT('',(-37.424318398034,38.6970964930291,-7.55895322190739));
#5938=CARTESIAN_POINT('',(-36.9993749023132,38.4011726099632,-7.24999999999999));
#5939=CARTESIAN_POINT('',(-36.9993749023132,38.4011726099632,-7.24999999999999));
#5940=CARTESIAN_POINT('',(-36.9993749023132,38.4011726099632,-7.24999999999999));
#5941=CARTESIAN_POINT('',(-36.7493251678301,38.8704574831368,-7.06820248601612));
#5942=CARTESIAN_POINT('',(-36.6000904368624,39.4291593703802,-7.0000482329933));
#5943=CARTESIAN_POINT('',(-36.6,40.,-7.00000000000002));
#5944=CARTESIAN_POINT('',(-35.,50.,-10.));
#5945=CARTESIAN_POINT('',(-35.,-35.,-13.4));
#5946=CARTESIAN_POINT('',(-41.8,-41.8,-13.4));
#5947=CARTESIAN_POINT('',(-41.8,-41.8,-6.60000000000001));
#5948=CARTESIAN_POINT('',(-35.,-35.,-6.60000000000001));
#5949=CARTESIAN_POINT('',(-35.,-49.15,-10.));
#5950=CARTESIAN_POINT('',(-37.6669031616145,-40.,-7.89106009413016));
#5951=CARTESIAN_POINT('',(-37.6667709418559,-40.6322897430817,-7.89089289292565));
#5952=CARTESIAN_POINT('',(-37.424318397889,-41.3029035070719,-7.55895322180196));
#5953=CARTESIAN_POINT('',(-36.9993749023132,-41.5988273900368,-7.24999999999999));
#5954=CARTESIAN_POINT('',(-36.9993749023132,-41.5988273900368,-7.24999999999999));
#5955=CARTESIAN_POINT('',(-36.9993749023132,-41.5988273900368,-7.24999999999999));
#5956=CARTESIAN_POINT('',(-36.7493251677616,-41.1295425167347,-7.06820248596638));
#5957=CARTESIAN_POINT('',(-36.6000904368617,-40.5708406294585,-7.00004823299291));
#5958=CARTESIAN_POINT('',(-36.6,-40.,-7.00000000000002));
#5959=CARTESIAN_POINT('',(-35.,-50.,-10.));
#5960=CARTESIAN_POINT('',(35.,50.,-10.));
#5961=CARTESIAN_POINT('',(-7.70988211545248E-15,27.75,-10.));
#5962=CARTESIAN_POINT('',(-7.70988211545248E-15,27.75,-10.));
#5963=CARTESIAN_POINT('',(-7.70988211545248E-15,49.15,-10.));
#5964=CARTESIAN_POINT('',(-7.70988211545248E-15,50.,-10.));
#5965=CARTESIAN_POINT('',(-7.70988211545248E-15,50.,-10.));
#5966=CARTESIAN_POINT('',(-35.,50.,-10.));
#5967=CARTESIAN_POINT('',(35.,-50.,-10.));
#5968=CARTESIAN_POINT('',(-7.70988211545248E-15,-27.75,-10.));
#5969=CARTESIAN_POINT('',(-7.70988211545248E-15,-27.75,-10.));
#5970=CARTESIAN_POINT('',(-7.70988211545248E-15,-49.15,-10.));
#5971=CARTESIAN_POINT('',(-7.70988211545248E-15,-50.,-10.));
#5972=CARTESIAN_POINT('',(-7.70988211545248E-15,-50.,-10.));
#5973=CARTESIAN_POINT('',(-35.,-50.,-10.));
#5974=CARTESIAN_POINT('',(-49.15,-35.,-10.));
#5975=CARTESIAN_POINT('',(-50.,-35.,-10.));
#5976=CARTESIAN_POINT('',(-50.,-35.,-10.));
#5977=CARTESIAN_POINT('',(-35.,-27.75,-10.));
#5978=CARTESIAN_POINT('',(-35.,-27.75,-10.));
#5979=CARTESIAN_POINT('',(-35.,-50.,-10.));
#5980=CARTESIAN_POINT('',(-27.75,-35.,-10.));
#5981=CARTESIAN_POINT('',(-50.,-35.,-10.));
#5982=CARTESIAN_POINT('',(-27.75,-35.,-10.));
#5983=CARTESIAN_POINT('',(-27.75,-7.70988211545248E-15,-10.));
#5984=CARTESIAN_POINT('',(-27.75,-7.70988211545248E-15,-10.));
#5985=CARTESIAN_POINT('',(-49.15,-7.70988211545248E-15,-10.));
#5986=CARTESIAN_POINT('',(-50.,-7.70988211545248E-15,-10.));
#5987=CARTESIAN_POINT('',(-50.,-7.70988211545248E-15,-10.));
#5988=CARTESIAN_POINT('',(-35.,35.,-13.4));
#5989=CARTESIAN_POINT('',(-41.8,28.2,-13.4));
#5990=CARTESIAN_POINT('',(-41.8,28.2,-6.60000000000001));
#5991=CARTESIAN_POINT('',(-35.,35.,-6.60000000000001));
#5992=CARTESIAN_POINT('',(-49.15,35.,-10.));
#5993=CARTESIAN_POINT('',(-50.,35.,-10.));
#5994=CARTESIAN_POINT('',(-50.,35.,-10.));
#5995=CARTESIAN_POINT('',(-35.,27.75,-10.));
#5996=CARTESIAN_POINT('',(-35.,27.75,-10.));
#5997=CARTESIAN_POINT('',(-35.,50.,-10.));
#5998=CARTESIAN_POINT('',(-27.75,35.,-10.));
#5999=CARTESIAN_POINT('',(-50.,35.,-10.));
#6000=CARTESIAN_POINT('',(-27.75,35.,-10.));
#6001=CARTESIAN_POINT('',(49.15,-35.,-10.));
#6002=CARTESIAN_POINT('',(50.,-35.,-10.));
#6003=CARTESIAN_POINT('',(50.,-35.,-10.));
#6004=CARTESIAN_POINT('',(35.,-27.75,-10.));
#6005=CARTESIAN_POINT('',(35.,-27.75,-10.));
#6006=CARTESIAN_POINT('',(35.,-50.,-10.));
#6007=CARTESIAN_POINT('',(27.75,-35.,-10.));
#6008=CARTESIAN_POINT('',(50.,-35.,-10.));
#6009=CARTESIAN_POINT('',(27.75,-35.,-10.));
#6010=CARTESIAN_POINT('',(27.75,-7.70988211545248E-15,-10.));
#6011=CARTESIAN_POINT('',(27.75,-7.70988211545248E-15,-10.));
#6012=CARTESIAN_POINT('',(49.15,-7.70988211545248E-15,-10.));
#6013=CARTESIAN_POINT('',(50.,-7.70988211545248E-15,-10.));
#6014=CARTESIAN_POINT('',(50.,-7.70988211545248E-15,-10.));
#6015=CARTESIAN_POINT('',(49.15,35.,-10.));
#6016=CARTESIAN_POINT('',(50.,35.,-10.));
#6017=CARTESIAN_POINT('',(50.,35.,-10.));
#6018=CARTESIAN_POINT('',(35.,27.75,-10.));
#6019=CARTESIAN_POINT('',(35.,27.75,-10.));
#6020=CARTESIAN_POINT('',(35.,35.,-13.4));
#6021=CARTESIAN_POINT('',(28.2,28.2,-13.4));
#6022=CARTESIAN_POINT('',(28.2,28.2,-6.60000000000001));
#6023=CARTESIAN_POINT('',(35.,35.,-6.60000000000001));
#6024=CARTESIAN_POINT('',(35.,50.,-10.));
#6025=CARTESIAN_POINT('',(27.75,35.,-10.));
#6026=CARTESIAN_POINT('',(50.,35.,-10.));
#6027=CARTESIAN_POINT('',(27.75,35.,-10.));
#6028=CARTESIAN_POINT('',(-40.,-40.,-7.24999999999999));
#6029=CARTESIAN_POINT('',(-40.,-40.,14.15));
#6030=CARTESIAN_POINT('',(-40.,-40.,15.));
#6031=CARTESIAN_POINT('',(-40.,-40.,-7.24999999999999));
#6032=CARTESIAN_POINT('',(-40.,-40.,15.));
#6033=CARTESIAN_POINT('',(40.,-40.,14.15));
#6034=CARTESIAN_POINT('',(40.,-40.,-7.24999999999999));
#6035=CARTESIAN_POINT('',(40.,-40.,15.));
#6036=CARTESIAN_POINT('',(40.,-40.,-7.24999999999999));
#6037=CARTESIAN_POINT('',(40.,-40.,15.));
#6038=CARTESIAN_POINT('',(40.,40.,14.15));
#6039=CARTESIAN_POINT('',(40.,40.,-7.24999999999999));
#6040=CARTESIAN_POINT('',(40.,40.,-7.24999999999999));
#6041=CARTESIAN_POINT('',(40.,40.,15.));
#6042=CARTESIAN_POINT('',(40.,40.,-7.24999999999999));
#6043=CARTESIAN_POINT('',(40.,40.,15.));
#6044=CARTESIAN_POINT('',(-40.,40.,-7.24999999999999));
#6045=CARTESIAN_POINT('',(-40.,40.,14.15));
#6046=CARTESIAN_POINT('',(-40.,40.,-7.24999999999999));
#6047=CARTESIAN_POINT('',(-40.,40.,15.));
#6048=CARTESIAN_POINT('',(-40.,40.,-7.24999999999999));
#6049=CARTESIAN_POINT('',(-40.,40.,15.));
#6050=MECHANICAL_DESIGN_GEOMETRIC_PRESENTATION_REPRESENTATION('',(#24),
#6051);
#6051=(
GEOMETRIC_REPRESENTATION_CONTEXT(3)
GLOBAL_UNCERTAINTY_ASSIGNED_CONTEXT((#6052))
GLOBAL_UNIT_ASSIGNED_CONTEXT((#6058,#6054,#6053))
REPRESENTATION_CONTEXT('7_stp','TOP_LEVEL_ASSEMBLY_PART')
);
#6052=UNCERTAINTY_MEASURE_WITH_UNIT(LENGTH_MEASURE(0.0508),#6058,
'DISTANCE_ACCURACY_VALUE','Maximum Tolerance applied to model');
#6053=(
NAMED_UNIT(*)
SI_UNIT($,.STERADIAN.)
SOLID_ANGLE_UNIT()
);
#6054=(
CONVERSION_BASED_UNIT('DEGREE',#6056)
NAMED_UNIT(#6055)
PLANE_ANGLE_UNIT()
);
#6055=DIMENSIONAL_EXPONENTS(0.,0.,0.,0.,0.,0.,0.);
#6056=PLANE_ANGLE_MEASURE_WITH_UNIT(PLANE_ANGLE_MEASURE(0.0174532925),#6057);
#6057=(
NAMED_UNIT(*)
PLANE_ANGLE_UNIT()
SI_UNIT($,.RADIAN.)
);
#6058=(
LENGTH_UNIT()
NAMED_UNIT(*)
SI_UNIT(.MILLI.,.METRE.)
);
ENDSEC;
END-ISO-10303-21;
