ISO-10303-21;
HEADER;
/* Generated by software containing ST-Developer
 * from STEP Tools, Inc. (www.steptools.com) 
 */
/* OPTION: using custom schema-name function */

FILE_DESCRIPTION(
/* description */ (''),
/* implementation_level */ '2;1');

FILE_NAME(
/* name */ '8_stp.stp',
/* time_stamp */ '2026-05-11T15:30:25+08:00',
/* author */ (''),
/* organization */ (''),
/* preprocessor_version */ 'ST-DEVELOPER v20',
/* originating_system */ 'SIEMENS PLM Software NX2412.1700',
/* authorisation */ '');

FILE_SCHEMA (('AUTOMOTIVE_DESIGN { 1 0 10303 214 3 1 1 1 }'));
ENDSEC;

DATA;
#10=SHAPE_REPRESENTATION_RELATIONSHIP('None',
'relationship between 8_stp-None and 8_stp-None',#22,#11);
#11=ADVANCED_BREP_SHAPE_REPRESENTATION('8_stp-None',(#32),#5942);
#12=SHAPE_DEFINITION_REPRESENTATION(#13,#22);
#13=PRODUCT_DEFINITION_SHAPE('','',#14);
#14=PRODUCT_DEFINITION(' ','',#16,#15);
#15=PRODUCT_DEFINITION_CONTEXT('part definition',#21,'design');
#16=PRODUCT_DEFINITION_FORMATION_WITH_SPECIFIED_SOURCE(' ',' ',#18,
 .NOT_KNOWN.);
#17=PRODUCT_RELATED_PRODUCT_CATEGORY('part','',(#18));
#18=PRODUCT('8_stp','8_stp',' ',(#19));
#19=PRODUCT_CONTEXT(' ',#21,'mechanical');
#20=APPLICATION_PROTOCOL_DEFINITION('international standard',
'automotive_design',2010,#21);
#21=APPLICATION_CONTEXT(
'core data for automotive mechanical design processes');
#22=SHAPE_REPRESENTATION('8_stp-None',(#2247),#5942);
#23=PRESENTATION_LAYER_ASSIGNMENT('1','Layer 1',(#32));
#24=STYLED_ITEM('',(#25),#32);
#25=PRESENTATION_STYLE_ASSIGNMENT((#26));
#26=SURFACE_STYLE_USAGE(.BOTH.,#27);
#27=SURFACE_SIDE_STYLE('',(#28));
#28=SURFACE_STYLE_FILL_AREA(#29);
#29=FILL_AREA_STYLE('',(#30));
#30=FILL_AREA_STYLE_COLOUR('',#31);
#31=COLOUR_RGB('medium steel',0.611764705882353,0.658823529411765,0.670588235294118);
#32=MANIFOLD_SOLID_BREP('VERRUNDUNG9',#33);
#33=CLOSED_SHELL('',(#268,#269,#270,#271,#272,#273,#274,#275,#276,#277,
#278,#279,#280,#281,#282,#283,#284,#285,#286,#287,#288,#289,#290,#291,#292,
#293,#294,#295,#296,#297,#298,#299,#300,#301,#302,#303,#304,#305,#306,#307,
#308,#309,#310,#311,#312,#313,#314,#315,#316,#317,#318,#319,#320,#321,#322,
#323,#324,#325,#326,#327,#328,#329,#330,#331,#332,#333,#334,#335,#336,#337,
#338,#339,#340,#341,#342,#343,#344,#345,#346,#347,#348,#349,#350,#351,#352,
#353,#354,#355,#356,#357,#358,#359,#360,#361,#362,#363,#364,#365,#366,#367,
#368,#369,#370,#371,#372,#373,#374,#375,#376,#377,#378,#379,#380,#381,#382,
#383,#384,#385,#386,#387,#388,#389,#390,#391,#392,#393,#394,#395,#396,#397,
#398,#399,#400,#401,#402,#403,#404,#405));
#34=FACE_BOUND('',#651,.T.);
#35=FACE_BOUND('',#652,.T.);
#36=FACE_BOUND('',#684,.T.);
#37=FACE_BOUND('',#685,.T.);
#38=CONICAL_SURFACE('',#2426,33.133272562076,7.);
#39=CONICAL_SURFACE('',#2427,9.,7.);
#40=CONICAL_SURFACE('',#2428,33.133272562076,7.);
#41=CONICAL_SURFACE('',#2429,9.00000000000001,7.);
#42=CONICAL_SURFACE('',#2430,33.133272562076,7.);
#43=CONICAL_SURFACE('',#2432,9.,7.);
#44=CONICAL_SURFACE('',#2434,33.133272562076,7.);
#45=CONICAL_SURFACE('',#2435,9.,7.);
#46=CONICAL_SURFACE('',#2445,5.99999989026506,10.);
#47=CONICAL_SURFACE('',#2447,5.99999989026506,10.);
#48=CONICAL_SURFACE('',#2449,12.,10.);
#49=CONICAL_SURFACE('',#2452,25.,10.);
#50=CONICAL_SURFACE('',#2454,25.,10.);
#51=CONICAL_SURFACE('',#2457,12.,10.);
#52=CONICAL_SURFACE('',#2459,5.99999989026506,10.);
#53=CONICAL_SURFACE('',#2461,5.99999989026506,10.);
#54=CONICAL_SURFACE('',#2466,5.99999989026506,10.);
#55=CONICAL_SURFACE('',#2468,5.99999989026505,10.);
#56=CONICAL_SURFACE('',#2470,12.,10.);
#57=CONICAL_SURFACE('',#2473,25.,10.);
#58=CONICAL_SURFACE('',#2475,25.,10.);
#59=CONICAL_SURFACE('',#2479,12.,10.);
#60=CONICAL_SURFACE('',#2481,5.99999989026506,10.);
#61=CONICAL_SURFACE('',#2483,5.99999989026506,10.);
#62=CONICAL_SURFACE('',#2494,12.,10.);
#63=CONICAL_SURFACE('',#2495,12.,10.);
#64=CONICAL_SURFACE('',#2497,9.,7.);
#65=CONICAL_SURFACE('',#2498,33.133272562076,7.);
#66=CONICAL_SURFACE('',#2499,9.,7.);
#67=PLANE('',#2425);
#68=PLANE('',#2441);
#69=PLANE('',#2442);
#70=PLANE('',#2443);
#71=PLANE('',#2450);
#72=PLANE('',#2455);
#73=PLANE('',#2462);
#74=PLANE('',#2463);
#75=PLANE('',#2464);
#76=PLANE('',#2471);
#77=PLANE('',#2476);
#78=PLANE('',#2484);
#79=PLANE('',#2485);
#80=PLANE('',#2486);
#81=PLANE('',#2487);
#82=PLANE('',#2488);
#83=PLANE('',#2489);
#84=PLANE('',#2492);
#85=B_SPLINE_SURFACE_WITH_KNOTS('',3,3,((#4302,#4303,#4304,#4305,#4306,
#4307),(#4308,#4309,#4310,#4311,#4312,#4313),(#4314,#4315,#4316,#4317,#4318,
#4319),(#4320,#4321,#4322,#4323,#4324,#4325)),.UNSPECIFIED.,.F.,.F.,.F.,
(4,4),(4,2,4),(0.,1.),(0.,0.5,1.),.UNSPECIFIED.);
#86=B_SPLINE_SURFACE_WITH_KNOTS('',3,3,((#4407,#4408,#4409,#4410,#4411,
#4412),(#4413,#4414,#4415,#4416,#4417,#4418),(#4419,#4420,#4421,#4422,#4423,
#4424),(#4425,#4426,#4427,#4428,#4429,#4430)),.UNSPECIFIED.,.F.,.F.,.F.,
(4,4),(4,2,4),(0.,1.),(0.,0.5,1.),.UNSPECIFIED.);
#87=B_SPLINE_SURFACE_WITH_KNOTS('',3,3,((#4809,#4810,#4811,#4812,#4813,
#4814),(#4815,#4816,#4817,#4818,#4819,#4820),(#4821,#4822,#4823,#4824,#4825,
#4826),(#4827,#4828,#4829,#4830,#4831,#4832)),.UNSPECIFIED.,.F.,.F.,.F.,
(4,4),(4,2,4),(0.,1.),(0.,0.5,1.),.UNSPECIFIED.);
#88=B_SPLINE_SURFACE_WITH_KNOTS('',3,3,((#4914,#4915,#4916,#4917,#4918,
#4919),(#4920,#4921,#4922,#4923,#4924,#4925),(#4926,#4927,#4928,#4929,#4930,
#4931),(#4932,#4933,#4934,#4935,#4936,#4937)),.UNSPECIFIED.,.F.,.F.,.F.,
(4,4),(4,2,4),(0.,1.),(0.,0.5,1.),.UNSPECIFIED.);
#89=B_SPLINE_SURFACE_WITH_KNOTS('',3,3,((#5452,#5453,#5454,#5455,#5456,
#5457,#5458,#5459,#5460,#5461),(#5462,#5463,#5464,#5465,#5466,#5467,#5468,
#5469,#5470,#5471),(#5472,#5473,#5474,#5475,#5476,#5477,#5478,#5479,#5480,
#5481),(#5482,#5483,#5484,#5485,#5486,#5487,#5488,#5489,#5490,#5491)),
 .UNSPECIFIED.,.F.,.F.,.F.,(4,4),(4,2,2,2,4),(0.,1.),(0.,0.25,0.5,0.75,
1.),.UNSPECIFIED.);
#90=B_SPLINE_SURFACE_WITH_KNOTS('',3,3,((#5517,#5518,#5519,#5520,#5521,
#5522,#5523,#5524,#5525,#5526),(#5527,#5528,#5529,#5530,#5531,#5532,#5533,
#5534,#5535,#5536),(#5537,#5538,#5539,#5540,#5541,#5542,#5543,#5544,#5545,
#5546),(#5547,#5548,#5549,#5550,#5551,#5552,#5553,#5554,#5555,#5556)),
 .UNSPECIFIED.,.F.,.F.,.F.,(4,4),(4,2,2,2,4),(0.,1.),(0.,0.25,0.5,0.75,
1.),.UNSPECIFIED.);
#91=B_SPLINE_SURFACE_WITH_KNOTS('',3,3,((#5582,#5583,#5584,#5585,#5586,
#5587,#5588,#5589,#5590,#5591),(#5592,#5593,#5594,#5595,#5596,#5597,#5598,
#5599,#5600,#5601),(#5602,#5603,#5604,#5605,#5606,#5607,#5608,#5609,#5610,
#5611),(#5612,#5613,#5614,#5615,#5616,#5617,#5618,#5619,#5620,#5621)),
 .UNSPECIFIED.,.F.,.F.,.F.,(4,4),(4,2,2,2,4),(0.,1.),(0.,0.25,0.5,0.75,
1.),.UNSPECIFIED.);
#92=B_SPLINE_SURFACE_WITH_KNOTS('',3,3,((#5646,#5647,#5648,#5649,#5650,
#5651,#5652,#5653,#5654,#5655),(#5656,#5657,#5658,#5659,#5660,#5661,#5662,
#5663,#5664,#5665),(#5666,#5667,#5668,#5669,#5670,#5671,#5672,#5673,#5674,
#5675),(#5676,#5677,#5678,#5679,#5680,#5681,#5682,#5683,#5684,#5685)),
 .UNSPECIFIED.,.F.,.F.,.F.,(4,4),(4,2,2,2,4),(0.,1.),(0.,0.25,0.5,0.75,
1.),.UNSPECIFIED.);
#93=B_SPLINE_SURFACE_WITH_KNOTS('',3,3,((#5840,#5841,#5842,#5843,#5844,
#5845),(#5846,#5847,#5848,#5849,#5850,#5851),(#5852,#5853,#5854,#5855,#5856,
#5857),(#5858,#5859,#5860,#5861,#5862,#5863)),.UNSPECIFIED.,.F.,.F.,.F.,
(4,4),(4,2,4),(0.,1.),(0.,0.5,1.),.UNSPECIFIED.);
#94=B_SPLINE_SURFACE_WITH_KNOTS('',3,3,((#5864,#5865,#5866,#5867,#5868,
#5869),(#5870,#5871,#5872,#5873,#5874,#5875),(#5876,#5877,#5878,#5879,#5880,
#5881),(#5882,#5883,#5884,#5885,#5886,#5887)),.UNSPECIFIED.,.F.,.F.,.F.,
(4,4),(4,2,4),(0.,1.),(0.,0.5,1.),.UNSPECIFIED.);
#95=B_SPLINE_SURFACE_WITH_KNOTS('',3,3,((#5889,#5890,#5891,#5892,#5893,
#5894),(#5895,#5896,#5897,#5898,#5899,#5900),(#5901,#5902,#5903,#5904,#5905,
#5906),(#5907,#5908,#5909,#5910,#5911,#5912)),.UNSPECIFIED.,.F.,.F.,.F.,
(4,4),(4,2,4),(0.,1.),(0.,0.5,1.),.UNSPECIFIED.);
#96=B_SPLINE_SURFACE_WITH_KNOTS('',3,3,((#5913,#5914,#5915,#5916,#5917,
#5918),(#5919,#5920,#5921,#5922,#5923,#5924),(#5925,#5926,#5927,#5928,#5929,
#5930),(#5931,#5932,#5933,#5934,#5935,#5936)),.UNSPECIFIED.,.F.,.F.,.F.,
(4,4),(4,2,4),(0.,1.),(0.,0.5,1.),.UNSPECIFIED.);
#97=(
BOUNDED_CURVE()
B_SPLINE_CURVE(3,(#4291,#4292,#4293,#4294),.UNSPECIFIED.,.F.,.F.)
B_SPLINE_CURVE_WITH_KNOTS((4,4),(0.,1.),.UNSPECIFIED.)
CURVE()
GEOMETRIC_REPRESENTATION_ITEM()
RATIONAL_B_SPLINE_CURVE((1.,0.951159008681049,0.951159008681049,1.))
REPRESENTATION_ITEM('')
);
#98=(
BOUNDED_CURVE()
B_SPLINE_CURVE(3,(#4396,#4397,#4398,#4399),.UNSPECIFIED.,.F.,.F.)
B_SPLINE_CURVE_WITH_KNOTS((4,4),(0.,1.),.UNSPECIFIED.)
CURVE()
GEOMETRIC_REPRESENTATION_ITEM()
RATIONAL_B_SPLINE_CURVE((1.,0.951159008681049,0.951159008681049,1.))
REPRESENTATION_ITEM('')
);
#99=(
BOUNDED_CURVE()
B_SPLINE_CURVE(3,(#4801,#4802,#4803,#4804),.UNSPECIFIED.,.F.,.F.)
B_SPLINE_CURVE_WITH_KNOTS((4,4),(0.,1.),.UNSPECIFIED.)
CURVE()
GEOMETRIC_REPRESENTATION_ITEM()
RATIONAL_B_SPLINE_CURVE((1.,0.951159008681049,0.951159008681049,1.))
REPRESENTATION_ITEM('')
);
#100=(
BOUNDED_CURVE()
B_SPLINE_CURVE(3,(#4906,#4907,#4908,#4909),.UNSPECIFIED.,.F.,.F.)
B_SPLINE_CURVE_WITH_KNOTS((4,4),(0.,1.),.UNSPECIFIED.)
CURVE()
GEOMETRIC_REPRESENTATION_ITEM()
RATIONAL_B_SPLINE_CURVE((1.,0.951159008681049,0.951159008681049,1.))
REPRESENTATION_ITEM('')
);
#101=(
BOUNDED_CURVE()
B_SPLINE_CURVE(3,(#5335,#5336,#5337,#5338),.UNSPECIFIED.,.F.,.F.)
B_SPLINE_CURVE_WITH_KNOTS((4,4),(0.,1.),.UNSPECIFIED.)
CURVE()
GEOMETRIC_REPRESENTATION_ITEM()
RATIONAL_B_SPLINE_CURVE((1.,0.811792362023251,0.811792362023251,1.))
REPRESENTATION_ITEM('')
);
#102=(
BOUNDED_CURVE()
B_SPLINE_CURVE(3,(#5348,#5349,#5350,#5351),.UNSPECIFIED.,.F.,.F.)
B_SPLINE_CURVE_WITH_KNOTS((4,4),(0.,1.),.UNSPECIFIED.)
CURVE()
GEOMETRIC_REPRESENTATION_ITEM()
RATIONAL_B_SPLINE_CURVE((1.,0.81179236202325,0.81179236202325,1.))
REPRESENTATION_ITEM('')
);
#103=(
BOUNDED_CURVE()
B_SPLINE_CURVE(3,(#5410,#5411,#5412,#5413),.UNSPECIFIED.,.F.,.F.)
B_SPLINE_CURVE_WITH_KNOTS((4,4),(0.,1.),.UNSPECIFIED.)
CURVE()
GEOMETRIC_REPRESENTATION_ITEM()
RATIONAL_B_SPLINE_CURVE((1.,0.81179236202325,0.81179236202325,1.))
REPRESENTATION_ITEM('')
);
#104=(
BOUNDED_CURVE()
B_SPLINE_CURVE(3,(#5423,#5424,#5425,#5426),.UNSPECIFIED.,.F.,.F.)
B_SPLINE_CURVE_WITH_KNOTS((4,4),(0.,1.),.UNSPECIFIED.)
CURVE()
GEOMETRIC_REPRESENTATION_ITEM()
RATIONAL_B_SPLINE_CURVE((1.,0.811792362023251,0.811792362023251,1.))
REPRESENTATION_ITEM('')
);
#105=(
BOUNDED_CURVE()
B_SPLINE_CURVE(3,(#5716,#5717,#5718,#5719),.UNSPECIFIED.,.F.,.F.)
B_SPLINE_CURVE_WITH_KNOTS((4,4),(0.,1.),.UNSPECIFIED.)
CURVE()
GEOMETRIC_REPRESENTATION_ITEM()
RATIONAL_B_SPLINE_CURVE((1.,0.951159008681049,0.951159008681049,1.))
REPRESENTATION_ITEM('')
);
#106=(
BOUNDED_CURVE()
B_SPLINE_CURVE(3,(#5720,#5721,#5722,#5723),.UNSPECIFIED.,.F.,.F.)
B_SPLINE_CURVE_WITH_KNOTS((4,4),(0.,1.),.UNSPECIFIED.)
CURVE()
GEOMETRIC_REPRESENTATION_ITEM()
RATIONAL_B_SPLINE_CURVE((1.,0.951159008681049,0.951159008681049,1.))
REPRESENTATION_ITEM('')
);
#107=(
BOUNDED_CURVE()
B_SPLINE_CURVE(3,(#5724,#5725,#5726,#5727),.UNSPECIFIED.,.F.,.F.)
B_SPLINE_CURVE_WITH_KNOTS((4,4),(0.,1.),.UNSPECIFIED.)
CURVE()
GEOMETRIC_REPRESENTATION_ITEM()
RATIONAL_B_SPLINE_CURVE((1.,0.951159008681049,0.951159008681049,1.))
REPRESENTATION_ITEM('')
);
#108=(
BOUNDED_CURVE()
B_SPLINE_CURVE(3,(#5728,#5729,#5730,#5731),.UNSPECIFIED.,.F.,.F.)
B_SPLINE_CURVE_WITH_KNOTS((4,4),(0.,1.),.UNSPECIFIED.)
CURVE()
GEOMETRIC_REPRESENTATION_ITEM()
RATIONAL_B_SPLINE_CURVE((1.,0.951159008681049,0.951159008681049,1.))
REPRESENTATION_ITEM('')
);
#109=TOROIDAL_SURFACE('',#2266,9.88472526455594,1.);
#110=TOROIDAL_SURFACE('',#2271,34.017997826632,1.);
#111=TOROIDAL_SURFACE('',#2277,34.017997826632,1.);
#112=TOROIDAL_SURFACE('',#2281,9.88472526455595,1.);
#113=TOROIDAL_SURFACE('',#2288,9.88472526455594,1.);
#114=TOROIDAL_SURFACE('',#2292,34.017997826632,1.);
#115=TOROIDAL_SURFACE('',#2299,34.017997826632,1.);
#116=TOROIDAL_SURFACE('',#2303,9.88472526455594,1.);
#117=TOROIDAL_SURFACE('',#2309,10.7182930970286,1.);
#118=TOROIDAL_SURFACE('',#2313,7.28170679323649,1.);
#119=TOROIDAL_SURFACE('',#2320,10.7182930970286,1.);
#120=TOROIDAL_SURFACE('',#2328,29.7182932067635,1.);
#121=TOROIDAL_SURFACE('',#2337,29.7182932067635,1.);
#122=TOROIDAL_SURFACE('',#2348,10.7182930970286,1.);
#123=TOROIDAL_SURFACE('',#2352,7.28170679323649,1.);
#124=TOROIDAL_SURFACE('',#2358,10.7182930970286,1.);
#125=TOROIDAL_SURFACE('',#2362,10.7182930970286,1.);
#126=TOROIDAL_SURFACE('',#2367,7.28170679323649,1.);
#127=TOROIDAL_SURFACE('',#2371,10.7182930970286,1.);
#128=TOROIDAL_SURFACE('',#2381,29.7182932067635,1.);
#129=TOROIDAL_SURFACE('',#2390,29.7182932067635,1.);
#130=TOROIDAL_SURFACE('',#2399,10.7182930970286,1.);
#131=TOROIDAL_SURFACE('',#2406,7.28170679323649,1.);
#132=TOROIDAL_SURFACE('',#2409,10.7182930970286,1.);
#133=TOROIDAL_SURFACE('',#2500,7.28170679323649,1.);
#134=TOROIDAL_SURFACE('',#2501,7.28170679323649,1.);
#135=TOROIDAL_SURFACE('',#2502,9.88472526455594,1.);
#136=TOROIDAL_SURFACE('',#2503,34.017997826632,1.);
#137=TOROIDAL_SURFACE('',#2504,9.88472526455594,1.);
#138=(
BOUNDED_SURFACE()
B_SPLINE_SURFACE(3,2,((#3153,#3154,#3155),(#3156,#3157,#3158),(#3159,#3160,
#3161),(#3162,#3163,#3164),(#3165,#3166,#3167),(#3168,#3169,#3170),(#3171,
#3172,#3173),(#3174,#3175,#3176),(#3177,#3178,#3179),(#3180,#3181,#3182),
(#3183,#3184,#3185),(#3186,#3187,#3188),(#3189,#3190,#3191),(#3192,#3193,
#3194)),.UNSPECIFIED.,.F.,.F.,.F.)
B_SPLINE_SURFACE_WITH_KNOTS((4,2,2,2,2,2,4),(3,3),(0.,0.25,0.375,0.5,0.625,
0.75,1.),(0.,1.),.UNSPECIFIED.)
GEOMETRIC_REPRESENTATION_ITEM()
RATIONAL_B_SPLINE_SURFACE(((1.,0.748955720790063,1.),(1.,0.750933990312963,
1.),(1.,0.752422798118037,1.),(1.,0.753938707239056,1.),(1.,0.754324706376965,
1.),(1.,0.754832698428134,1.),(1.,0.754958002038004,1.),(1.,0.754956804913302,
1.),(1.,0.754830313965975,1.),(1.,0.754317752812015,1.),(1.,0.753931422926708,
1.),(1.,0.752417568331016,1.),(1.,0.750932228652498,1.),(1.,0.748955720789101,
1.)))
REPRESENTATION_ITEM('')
SURFACE()
);
#139=(
BOUNDED_SURFACE()
B_SPLINE_SURFACE(3,2,((#3232,#3233,#3234),(#3235,#3236,#3237),(#3238,#3239,
#3240),(#3241,#3242,#3243),(#3244,#3245,#3246),(#3247,#3248,#3249),(#3250,
#3251,#3252),(#3253,#3254,#3255),(#3256,#3257,#3258),(#3259,#3260,#3261),
(#3262,#3263,#3264),(#3265,#3266,#3267),(#3268,#3269,#3270),(#3271,#3272,
#3273)),.UNSPECIFIED.,.F.,.F.,.F.)
B_SPLINE_SURFACE_WITH_KNOTS((4,2,2,2,2,2,4),(3,3),(0.,0.25,0.375,0.5,0.625,
0.75,1.),(0.,1.),.UNSPECIFIED.)
GEOMETRIC_REPRESENTATION_ITEM()
RATIONAL_B_SPLINE_SURFACE(((1.,0.748955720790066,1.),(1.,0.750932260995983,
1.),(1.,0.752420575668295,1.),(1.,0.753936787930225,1.),(1.,0.754323065550281,
1.),(1.,0.7548317922497,1.),(1.,0.754957549938398,1.),(1.,0.754957261015083,
1.),(1.,0.754831224709873,1.),(1.,0.754319398893674,1.),(1.,0.753933344511322,
1.),(1.,0.752419789005716,1.),(1.,0.750933957616258,1.),(1.,0.7489557207891,
1.)))
REPRESENTATION_ITEM('')
SURFACE()
);
#140=(
BOUNDED_SURFACE()
B_SPLINE_SURFACE(3,2,((#3295,#3296,#3297),(#3298,#3299,#3300),(#3301,#3302,
#3303),(#3304,#3305,#3306),(#3307,#3308,#3309),(#3310,#3311,#3312),(#3313,
#3314,#3315),(#3316,#3317,#3318),(#3319,#3320,#3321),(#3322,#3323,#3324),
(#3325,#3326,#3327),(#3328,#3329,#3330),(#3331,#3332,#3333),(#3334,#3335,
#3336)),.UNSPECIFIED.,.F.,.F.,.F.)
B_SPLINE_SURFACE_WITH_KNOTS((4,2,2,2,2,2,4),(3,3),(0.,0.25,0.375,0.5,0.625,
0.75,1.),(0.,1.),.UNSPECIFIED.)
GEOMETRIC_REPRESENTATION_ITEM()
RATIONAL_B_SPLINE_SURFACE(((1.,0.748955720790065,1.),(1.,0.750932260996239,
1.),(1.,0.752420575667954,1.),(1.,0.753936787930397,1.),(1.,0.754323065550472,
1.),(1.,0.754831792249509,1.),(1.,0.754957549938398,1.),(1.,0.754957261015082,
1.),(1.,0.75483122470988,1.),(1.,0.754319398893663,1.),(1.,0.753933344511474,
1.),(1.,0.752419789005413,1.),(1.,0.750933957616486,1.),(1.,0.7489557207891,
1.)))
REPRESENTATION_ITEM('')
SURFACE()
);
#141=(
BOUNDED_SURFACE()
B_SPLINE_SURFACE(3,2,((#3370,#3371,#3372),(#3373,#3374,#3375),(#3376,#3377,
#3378),(#3379,#3380,#3381),(#3382,#3383,#3384),(#3385,#3386,#3387),(#3388,
#3389,#3390),(#3391,#3392,#3393),(#3394,#3395,#3396),(#3397,#3398,#3399),
(#3400,#3401,#3402),(#3403,#3404,#3405),(#3406,#3407,#3408),(#3409,#3410,
#3411)),.UNSPECIFIED.,.F.,.F.,.F.)
B_SPLINE_SURFACE_WITH_KNOTS((4,2,2,2,2,2,4),(3,3),(0.,0.25,0.375,0.5,0.625,
0.75,1.),(0.,1.),.UNSPECIFIED.)
GEOMETRIC_REPRESENTATION_ITEM()
RATIONAL_B_SPLINE_SURFACE(((1.,0.748955720790063,1.),(1.,0.750933990312961,
1.),(1.,0.752422798118037,1.),(1.,0.753938707239056,1.),(1.,0.754324706377127,
1.),(1.,0.754832698427972,1.),(1.,0.754958002037815,1.),(1.,0.754956804913492,
1.),(1.,0.754830313965781,1.),(1.,0.754317752812204,1.),(1.,0.753931422926528,
1.),(1.,0.752417568331376,1.),(1.,0.750932228652227,1.),(1.,0.748955720789102,
1.)))
REPRESENTATION_ITEM('')
SURFACE()
);
#142=(
BOUNDED_SURFACE()
B_SPLINE_SURFACE(3,2,((#3433,#3434,#3435),(#3436,#3437,#3438),(#3439,#3440,
#3441),(#3442,#3443,#3444),(#3445,#3446,#3447),(#3448,#3449,#3450),(#3451,
#3452,#3453),(#3454,#3455,#3456),(#3457,#3458,#3459),(#3460,#3461,#3462),
(#3463,#3464,#3465),(#3466,#3467,#3468),(#3469,#3470,#3471),(#3472,#3473,
#3474)),.UNSPECIFIED.,.F.,.F.,.F.)
B_SPLINE_SURFACE_WITH_KNOTS((4,2,2,2,2,2,4),(3,3),(0.,0.25,0.375,0.5,0.625,
0.75,1.),(0.,1.),.UNSPECIFIED.)
GEOMETRIC_REPRESENTATION_ITEM()
RATIONAL_B_SPLINE_SURFACE(((1.,0.748955720790063,1.),(1.,0.750933990312818,
1.),(1.,0.752422798118227,1.),(1.,0.753938707238961,1.),(1.,0.754324706376956,
1.),(1.,0.754832698428144,1.),(1.,0.754958002037812,1.),(1.,0.754956804913489,
1.),(1.,0.754830313965975,1.),(1.,0.754317752812015,1.),(1.,0.753931422926718,
1.),(1.,0.752417568330997,1.),(1.,0.750932228652513,1.),(1.,0.748955720789099,
1.)))
REPRESENTATION_ITEM('')
SURFACE()
);
#143=(
BOUNDED_SURFACE()
B_SPLINE_SURFACE(3,2,((#3511,#3512,#3513),(#3514,#3515,#3516),(#3517,#3518,
#3519),(#3520,#3521,#3522),(#3523,#3524,#3525),(#3526,#3527,#3528),(#3529,
#3530,#3531),(#3532,#3533,#3534),(#3535,#3536,#3537),(#3538,#3539,#3540),
(#3541,#3542,#3543),(#3544,#3545,#3546),(#3547,#3548,#3549),(#3550,#3551,
#3552)),.UNSPECIFIED.,.F.,.F.,.F.)
B_SPLINE_SURFACE_WITH_KNOTS((4,2,2,2,2,2,4),(3,3),(0.,0.25,0.375,0.5,0.625,
0.75,1.),(0.,1.),.UNSPECIFIED.)
GEOMETRIC_REPRESENTATION_ITEM()
RATIONAL_B_SPLINE_SURFACE(((1.,0.748955720790065,1.),(1.,0.750932260996083,
1.),(1.,0.752420575668163,1.),(1.,0.753936787930293,1.),(1.,0.754323065550281,
1.),(1.,0.7548317922497,1.),(1.,0.754957549938398,1.),(1.,0.754957261015083,
1.),(1.,0.754831224709784,1.),(1.,0.754319398893758,1.),(1.,0.753933344511475,
1.),(1.,0.752419789005414,1.),(1.,0.750933957616485,1.),(1.,0.7489557207891,
1.)))
REPRESENTATION_ITEM('')
SURFACE()
);
#144=(
BOUNDED_SURFACE()
B_SPLINE_SURFACE(3,2,((#3574,#3575,#3576),(#3577,#3578,#3579),(#3580,#3581,
#3582),(#3583,#3584,#3585),(#3586,#3587,#3588),(#3589,#3590,#3591),(#3592,
#3593,#3594),(#3595,#3596,#3597),(#3598,#3599,#3600),(#3601,#3602,#3603),
(#3604,#3605,#3606),(#3607,#3608,#3609),(#3610,#3611,#3612),(#3613,#3614,
#3615)),.UNSPECIFIED.,.F.,.F.,.F.)
B_SPLINE_SURFACE_WITH_KNOTS((4,2,2,2,2,2,4),(3,3),(0.,0.25,0.375,0.5,0.625,
0.75,1.),(0.,1.),.UNSPECIFIED.)
GEOMETRIC_REPRESENTATION_ITEM()
RATIONAL_B_SPLINE_SURFACE(((1.,0.748955720790065,1.),(1.,0.750932260996095,
1.),(1.,0.752420575668146,1.),(1.,0.753936787930304,1.),(1.,0.754323065550281,
1.),(1.,0.7548317922497,1.),(1.,0.754957549938398,1.),(1.,0.754957261015082,
1.),(1.,0.754831224709796,1.),(1.,0.754319398893751,1.),(1.,0.753933344511474,
1.),(1.,0.752419789005413,1.),(1.,0.750933957616486,1.),(1.,0.7489557207891,
1.)))
REPRESENTATION_ITEM('')
SURFACE()
);
#145=(
BOUNDED_SURFACE()
B_SPLINE_SURFACE(3,2,((#3652,#3653,#3654),(#3655,#3656,#3657),(#3658,#3659,
#3660),(#3661,#3662,#3663),(#3664,#3665,#3666),(#3667,#3668,#3669),(#3670,
#3671,#3672),(#3673,#3674,#3675),(#3676,#3677,#3678),(#3679,#3680,#3681),
(#3682,#3683,#3684),(#3685,#3686,#3687),(#3688,#3689,#3690),(#3691,#3692,
#3693)),.UNSPECIFIED.,.F.,.F.,.F.)
B_SPLINE_SURFACE_WITH_KNOTS((4,2,2,2,2,2,4),(3,3),(0.,0.25,0.375,0.5,0.625,
0.75,1.),(0.,1.),.UNSPECIFIED.)
GEOMETRIC_REPRESENTATION_ITEM()
RATIONAL_B_SPLINE_SURFACE(((1.,0.748955720790063,1.),(1.,0.750933990313077,
1.),(1.,0.752422798117885,1.),(1.,0.753938707239132,1.),(1.,0.754324706377032,
1.),(1.,0.754832698428068,1.),(1.,0.754958002038014,1.),(1.,0.754956804913294,
1.),(1.,0.754830313965975,1.),(1.,0.754317752812015,1.),(1.,0.753931422926708,
1.),(1.,0.752417568331016,1.),(1.,0.7509322286525,1.),(1.,0.7489557207891,
1.)))
REPRESENTATION_ITEM('')
SURFACE()
);
#146=(
BOUNDED_SURFACE()
B_SPLINE_SURFACE(3,2,((#3720,#3721,#3722),(#3723,#3724,#3725),(#3726,#3727,
#3728),(#3729,#3730,#3731),(#3732,#3733,#3734),(#3735,#3736,#3737),(#3738,
#3739,#3740),(#3741,#3742,#3743)),.UNSPECIFIED.,.F.,.F.,.F.)
B_SPLINE_SURFACE_WITH_KNOTS((4,2,2,4),(3,3),(0.,0.25,0.5,1.),(0.,1.),
 .UNSPECIFIED.)
GEOMETRIC_REPRESENTATION_ITEM()
RATIONAL_B_SPLINE_SURFACE(((1.,0.780400684446082,1.),(1.,0.792256364267698,
1.),(1.,0.802495799000529,1.),(1.,0.820749920384431,1.),(1.,0.828764820475576,
1.),(1.,0.850445146081203,1.),(1.,0.861764990362639,1.),(1.,0.871449557266699,
1.)))
REPRESENTATION_ITEM('')
SURFACE()
);
#147=(
BOUNDED_SURFACE()
B_SPLINE_SURFACE(3,2,((#3770,#3771,#3772),(#3773,#3774,#3775),(#3776,#3777,
#3778),(#3779,#3780,#3781),(#3782,#3783,#3784),(#3785,#3786,#3787),(#3788,
#3789,#3790),(#3791,#3792,#3793)),.UNSPECIFIED.,.F.,.F.,.F.)
B_SPLINE_SURFACE_WITH_KNOTS((4,2,2,4),(3,3),(0.,0.25,0.5,1.),(0.,1.),
 .UNSPECIFIED.)
GEOMETRIC_REPRESENTATION_ITEM()
RATIONAL_B_SPLINE_SURFACE(((1.,0.780401115178683,1.),(1.,0.792256718917043,
1.),(1.,0.802496095185007,1.),(1.,0.820750120241077,1.),(1.,0.828764982494443,
1.),(1.,0.850445213242506,1.),(1.,0.861765019023371,1.),(1.,0.871449556221848,
1.)))
REPRESENTATION_ITEM('')
SURFACE()
);
#148=(
BOUNDED_SURFACE()
B_SPLINE_SURFACE(3,2,((#3820,#3821,#3822),(#3823,#3824,#3825),(#3826,#3827,
#3828),(#3829,#3830,#3831),(#3832,#3833,#3834),(#3835,#3836,#3837),(#3838,
#3839,#3840),(#3841,#3842,#3843)),.UNSPECIFIED.,.F.,.F.,.F.)
B_SPLINE_SURFACE_WITH_KNOTS((4,2,2,4),(3,3),(0.,0.25,0.5,1.),(0.,1.),
 .UNSPECIFIED.)
GEOMETRIC_REPRESENTATION_ITEM()
RATIONAL_B_SPLINE_SURFACE(((1.,0.780401115178683,1.),(1.,0.792256718916922,
1.),(1.,0.802496095185169,1.),(1.,0.820750120240915,1.),(1.,0.828764982493955,
1.),(1.,0.85044521324348,1.),(1.,0.86176501902264,1.),(1.,0.871449556221848,
1.)))
REPRESENTATION_ITEM('')
SURFACE()
);
#149=(
BOUNDED_SURFACE()
B_SPLINE_SURFACE(3,2,((#3870,#3871,#3872),(#3873,#3874,#3875),(#3876,#3877,
#3878),(#3879,#3880,#3881),(#3882,#3883,#3884),(#3885,#3886,#3887),(#3888,
#3889,#3890),(#3891,#3892,#3893)),.UNSPECIFIED.,.F.,.F.,.F.)
B_SPLINE_SURFACE_WITH_KNOTS((4,2,2,4),(3,3),(0.,0.25,0.5,1.),(0.,1.),
 .UNSPECIFIED.)
GEOMETRIC_REPRESENTATION_ITEM()
RATIONAL_B_SPLINE_SURFACE(((1.,0.780400684446081,1.),(1.,0.792256364267942,
1.),(1.,0.802495799000205,1.),(1.,0.820749920384756,1.),(1.,0.828764820476064,
1.),(1.,0.850445146080231,1.),(1.,0.861764990363373,1.),(1.,0.871449557266701,
1.)))
REPRESENTATION_ITEM('')
SURFACE()
);
#150=(
BOUNDED_SURFACE()
B_SPLINE_SURFACE(3,2,((#3920,#3921,#3922),(#3923,#3924,#3925),(#3926,#3927,
#3928),(#3929,#3930,#3931),(#3932,#3933,#3934),(#3935,#3936,#3937),(#3938,
#3939,#3940),(#3941,#3942,#3943)),.UNSPECIFIED.,.F.,.F.,.F.)
B_SPLINE_SURFACE_WITH_KNOTS((4,2,2,4),(3,3),(0.,0.25,0.5,1.),(0.,1.),
 .UNSPECIFIED.)
GEOMETRIC_REPRESENTATION_ITEM()
RATIONAL_B_SPLINE_SURFACE(((1.,0.780401115178684,1.),(1.,0.792256718916924,
1.),(1.,0.802496095185171,1.),(1.,0.820750120240917,1.),(1.,0.82876498249412,
1.),(1.,0.850445213243158,1.),(1.,0.861765019022887,1.),(1.,0.871449556221851,
1.)))
REPRESENTATION_ITEM('')
SURFACE()
);
#151=(
BOUNDED_SURFACE()
B_SPLINE_SURFACE(3,2,((#3970,#3971,#3972),(#3973,#3974,#3975),(#3976,#3977,
#3978),(#3979,#3980,#3981),(#3982,#3983,#3984),(#3985,#3986,#3987),(#3988,
#3989,#3990),(#3991,#3992,#3993)),.UNSPECIFIED.,.F.,.F.,.F.)
B_SPLINE_SURFACE_WITH_KNOTS((4,2,2,4),(3,3),(0.,0.25,0.5,1.),(0.,1.),
 .UNSPECIFIED.)
GEOMETRIC_REPRESENTATION_ITEM()
RATIONAL_B_SPLINE_SURFACE(((1.,0.780400684446083,1.),(1.,0.792256364267943,
1.),(1.,0.802495799000206,1.),(1.,0.820749920384756,1.),(1.,0.828764820476226,
1.),(1.,0.850445146079906,1.),(1.,0.861764990363615,1.),(1.,0.8714495572667,
1.)))
REPRESENTATION_ITEM('')
SURFACE()
);
#152=(
BOUNDED_SURFACE()
B_SPLINE_SURFACE(3,2,((#4020,#4021,#4022),(#4023,#4024,#4025),(#4026,#4027,
#4028),(#4029,#4030,#4031),(#4032,#4033,#4034),(#4035,#4036,#4037),(#4038,
#4039,#4040),(#4041,#4042,#4043)),.UNSPECIFIED.,.F.,.F.,.F.)
B_SPLINE_SURFACE_WITH_KNOTS((4,2,2,4),(3,3),(0.,0.25,0.5,1.),(0.,1.),
 .UNSPECIFIED.)
GEOMETRIC_REPRESENTATION_ITEM()
RATIONAL_B_SPLINE_SURFACE(((1.,0.780401115178683,1.),(1.,0.792256718917045,
1.),(1.,0.802496095185007,1.),(1.,0.820750120241077,1.),(1.,0.828764982494118,
1.),(1.,0.850445213243156,1.),(1.,0.861765019022884,1.),(1.,0.871449556221848,
1.)))
REPRESENTATION_ITEM('')
SURFACE()
);
#153=(
BOUNDED_SURFACE()
B_SPLINE_SURFACE(3,2,((#4070,#4071,#4072),(#4073,#4074,#4075),(#4076,#4077,
#4078),(#4079,#4080,#4081),(#4082,#4083,#4084),(#4085,#4086,#4087),(#4088,
#4089,#4090),(#4091,#4092,#4093)),.UNSPECIFIED.,.F.,.F.,.F.)
B_SPLINE_SURFACE_WITH_KNOTS((4,2,2,4),(3,3),(0.,0.25,0.5,1.),(0.,1.),
 .UNSPECIFIED.)
GEOMETRIC_REPRESENTATION_ITEM()
RATIONAL_B_SPLINE_SURFACE(((1.,0.780400684446082,1.),(1.,0.792256364267819,
1.),(1.,0.802495799000367,1.),(1.,0.820749920384593,1.),(1.,0.828764820475738,
1.),(1.,0.850445146080879,1.),(1.,0.861764990362883,1.),(1.,0.871449557266699,
1.)))
REPRESENTATION_ITEM('')
SURFACE()
);
#154=(
BOUNDED_SURFACE()
B_SPLINE_SURFACE(3,2,((#4126,#4127,#4128),(#4129,#4130,#4131),(#4132,#4133,
#4134),(#4135,#4136,#4137),(#4138,#4139,#4140),(#4141,#4142,#4143),(#4144,
#4145,#4146),(#4147,#4148,#4149),(#4150,#4151,#4152),(#4153,#4154,#4155)),
 .UNSPECIFIED.,.F.,.F.,.F.)
B_SPLINE_SURFACE_WITH_KNOTS((4,2,2,2,4),(3,3),(0.,0.25,0.5,0.75,1.),(0.,
1.),.UNSPECIFIED.)
GEOMETRIC_REPRESENTATION_ITEM()
RATIONAL_B_SPLINE_SURFACE(((1.,0.76604444311898,1.),(1.,0.767782269600752,
1.),(1.,0.769082451150747,1.),(1.,0.770837361684426,1.),(1.,0.771289291341299,
1.),(1.,0.771291781999808,1.),(1.,0.770857413321752,1.),(1.,0.769103899705564,
1.),(1.,0.767779003170916,1.),(1.,0.766044443119164,1.)))
REPRESENTATION_ITEM('')
SURFACE()
);
#155=(
BOUNDED_SURFACE()
B_SPLINE_SURFACE(3,2,((#4198,#4199,#4200),(#4201,#4202,#4203),(#4204,#4205,
#4206),(#4207,#4208,#4209),(#4210,#4211,#4212),(#4213,#4214,#4215),(#4216,
#4217,#4218),(#4219,#4220,#4221),(#4222,#4223,#4224),(#4225,#4226,#4227),
(#4228,#4229,#4230),(#4231,#4232,#4233),(#4234,#4235,#4236),(#4237,#4238,
#4239),(#4240,#4241,#4242),(#4243,#4244,#4245),(#4246,#4247,#4248),(#4249,
#4250,#4251),(#4252,#4253,#4254),(#4255,#4256,#4257),(#4258,#4259,#4260),
(#4261,#4262,#4263)),.UNSPECIFIED.,.F.,.F.,.F.)
B_SPLINE_SURFACE_WITH_KNOTS((4,2,2,2,2,2,2,2,2,2,4),(3,3),(0.,0.125,0.1875,
0.25,0.375,0.4375,0.5,0.625,0.75,0.875,1.),(0.,1.),.UNSPECIFIED.)
GEOMETRIC_REPRESENTATION_ITEM()
RATIONAL_B_SPLINE_SURFACE(((1.,0.766044443118977,1.),(1.,0.769127116956212,
1.),(1.,0.771841089510975,1.),(1.,0.775383449069503,1.),(1.,0.776475853233937,
1.),(1.,0.778482029026618,1.),(1.,0.779399839038916,1.),(1.,0.781838050340662,
1.),(1.,0.783051469514839,1.),(1.,0.784274075255702,1.),(1.,0.784581363754369,
1.),(1.,0.784990786526075,1.),(1.,0.785091443595765,1.),(1.,0.785079009360964,
1.),(1.,0.78466018588868,1.),(1.,0.783010513000032,1.),(1.,0.781761119522108,
1.),(1.,0.778529609338264,1.),(1.,0.776545584493414,1.),(1.,0.771828409063413,
1.),(1.,0.769085776390071,1.),(1.,0.766044443118977,1.)))
REPRESENTATION_ITEM('')
SURFACE()
);
#156=(
BOUNDED_SURFACE()
B_SPLINE_SURFACE(3,2,((#4345,#4346,#4347),(#4348,#4349,#4350),(#4351,#4352,
#4353),(#4354,#4355,#4356),(#4357,#4358,#4359),(#4360,#4361,#4362),(#4363,
#4364,#4365),(#4366,#4367,#4368),(#4369,#4370,#4371),(#4372,#4373,#4374),
(#4375,#4376,#4377),(#4378,#4379,#4380)),.UNSPECIFIED.,.F.,.F.,.F.)
B_SPLINE_SURFACE_WITH_KNOTS((4,2,2,2,2,4),(3,3),(0.,0.25,0.375,0.5,0.75,
1.),(0.,1.),.UNSPECIFIED.)
GEOMETRIC_REPRESENTATION_ITEM()
RATIONAL_B_SPLINE_SURFACE(((1.,0.766044443118977,1.),(1.,0.7688785545412,
1.),(1.,0.771014652290986,1.),(1.,0.773193709104044,1.),(1.,0.773748939335555,
1.),(1.,0.774480083395196,1.),(1.,0.774661689259634,1.),(1.,0.774664554901129,
1.),(1.,0.773921541283821,1.),(1.,0.771031627056602,1.),(1.,0.768893471352356,
1.),(1.,0.766044443118977,1.)))
REPRESENTATION_ITEM('')
SURFACE()
);
#157=(
BOUNDED_SURFACE()
B_SPLINE_SURFACE(3,2,((#4482,#4483,#4484),(#4485,#4486,#4487),(#4488,#4489,
#4490),(#4491,#4492,#4493),(#4494,#4495,#4496),(#4497,#4498,#4499),(#4500,
#4501,#4502),(#4503,#4504,#4505),(#4506,#4507,#4508),(#4509,#4510,#4511),
(#4512,#4513,#4514),(#4515,#4516,#4517),(#4518,#4519,#4520),(#4521,#4522,
#4523),(#4524,#4525,#4526),(#4527,#4528,#4529),(#4530,#4531,#4532),(#4533,
#4534,#4535),(#4536,#4537,#4538),(#4539,#4540,#4541),(#4542,#4543,#4544),
(#4545,#4546,#4547)),.UNSPECIFIED.,.F.,.F.,.F.)
B_SPLINE_SURFACE_WITH_KNOTS((4,2,2,2,2,2,2,2,2,2,4),(3,3),(0.,0.125,0.1875,
0.25,0.375,0.4375,0.5,0.625,0.75,0.875,1.),(0.,1.),.UNSPECIFIED.)
GEOMETRIC_REPRESENTATION_ITEM()
RATIONAL_B_SPLINE_SURFACE(((1.,0.766044443118977,1.),(1.,0.769093217583763,
1.),(1.,0.771784281376486,1.),(1.,0.775306466192314,1.),(1.,0.776394509630423,
1.),(1.,0.778396272820158,1.),(1.,0.779314047804712,1.),(1.,0.781757797457455,
1.),(1.,0.782982297685913,1.),(1.,0.784227617668541,1.),(1.,0.784543494557494,
1.),(1.,0.784971263888749,1.),(1.,0.785081683538371,1.),(1.,0.785098240951427,
1.),(1.,0.784698542944127,1.),(1.,0.783079389722783,1.),(1.,0.7818413171375,
1.),(1.,0.778617223719913,1.),(1.,0.77662953940161,1.),(1.,0.771885597028079,
1.),(1.,0.769119673166972,1.),(1.,0.766044443118977,1.)))
REPRESENTATION_ITEM('')
SURFACE()
);
#158=(
BOUNDED_SURFACE()
B_SPLINE_SURFACE(3,2,((#4577,#4578,#4579),(#4580,#4581,#4582),(#4583,#4584,
#4585),(#4586,#4587,#4588),(#4589,#4590,#4591),(#4592,#4593,#4594),(#4595,
#4596,#4597),(#4598,#4599,#4600),(#4601,#4602,#4603),(#4604,#4605,#4606)),
 .UNSPECIFIED.,.F.,.F.,.F.)
B_SPLINE_SURFACE_WITH_KNOTS((4,2,2,2,4),(3,3),(0.,0.25,0.5,0.75,1.),(0.,
1.),.UNSPECIFIED.)
GEOMETRIC_REPRESENTATION_ITEM()
RATIONAL_B_SPLINE_SURFACE(((1.,0.76604444311898,1.),(1.,0.767782269600739,
1.),(1.,0.76908245115076,1.),(1.,0.770837361684409,1.),(1.,0.771289291341053,
1.),(1.,0.771291782000052,1.),(1.,0.770857413321734,1.),(1.,0.769103899705577,
1.),(1.,0.767779003170908,1.),(1.,0.766044443119161,1.)))
REPRESENTATION_ITEM('')
SURFACE()
);
#159=(
BOUNDED_SURFACE()
B_SPLINE_SURFACE(3,2,((#4639,#4640,#4641),(#4642,#4643,#4644),(#4645,#4646,
#4647),(#4648,#4649,#4650),(#4651,#4652,#4653),(#4654,#4655,#4656),(#4657,
#4658,#4659),(#4660,#4661,#4662),(#4663,#4664,#4665),(#4666,#4667,#4668)),
 .UNSPECIFIED.,.F.,.F.,.F.)
B_SPLINE_SURFACE_WITH_KNOTS((4,2,2,2,4),(3,3),(0.,0.25,0.5,0.75,1.),(0.,
1.),.UNSPECIFIED.)
GEOMETRIC_REPRESENTATION_ITEM()
RATIONAL_B_SPLINE_SURFACE(((1.,0.766044443118979,1.),(1.,0.767782269600577,
1.),(1.,0.769082451150976,1.),(1.,0.770837361684196,1.),(1.,0.771289291341054,
1.),(1.,0.771291782000053,1.),(1.,0.770857413322244,1.),(1.,0.769103899705071,
1.),(1.,0.767779003171288,1.),(1.,0.766044443119161,1.)))
REPRESENTATION_ITEM('')
SURFACE()
);
#160=(
BOUNDED_SURFACE()
B_SPLINE_SURFACE(3,2,((#4720,#4721,#4722),(#4723,#4724,#4725),(#4726,#4727,
#4728),(#4729,#4730,#4731),(#4732,#4733,#4734),(#4735,#4736,#4737),(#4738,
#4739,#4740),(#4741,#4742,#4743),(#4744,#4745,#4746),(#4747,#4748,#4749),
(#4750,#4751,#4752),(#4753,#4754,#4755),(#4756,#4757,#4758),(#4759,#4760,
#4761),(#4762,#4763,#4764),(#4765,#4766,#4767),(#4768,#4769,#4770),(#4771,
#4772,#4773),(#4774,#4775,#4776),(#4777,#4778,#4779),(#4780,#4781,#4782),
(#4783,#4784,#4785)),.UNSPECIFIED.,.F.,.F.,.F.)
B_SPLINE_SURFACE_WITH_KNOTS((4,2,2,2,2,2,2,2,2,2,4),(3,3),(0.,0.125,0.1875,
0.25,0.375,0.4375,0.5,0.625,0.75,0.875,1.),(0.,1.),.UNSPECIFIED.)
GEOMETRIC_REPRESENTATION_ITEM()
RATIONAL_B_SPLINE_SURFACE(((1.,0.766044443118977,1.),(1.,0.769093217584009,
1.),(1.,0.771784281376164,1.),(1.,0.775306466192475,1.),(1.,0.776394509630119,
1.),(1.,0.778396272820461,1.),(1.,0.779314047804529,1.),(1.,0.781757797457821,
1.),(1.,0.782982297686156,1.),(1.,0.784227617668421,1.),(1.,0.784543494557492,
1.),(1.,0.784971263888746,1.),(1.,0.78508168353837,1.),(1.,0.785098240951427,
1.),(1.,0.784698542944127,1.),(1.,0.783079389722783,1.),(1.,0.781841317137499,
1.),(1.,0.778617223719913,1.),(1.,0.77662953940161,1.),(1.,0.771885597028079,
1.),(1.,0.769119673166973,1.),(1.,0.766044443118977,1.)))
REPRESENTATION_ITEM('')
SURFACE()
);
#161=(
BOUNDED_SURFACE()
B_SPLINE_SURFACE(3,2,((#4867,#4868,#4869),(#4870,#4871,#4872),(#4873,#4874,
#4875),(#4876,#4877,#4878),(#4879,#4880,#4881),(#4882,#4883,#4884),(#4885,
#4886,#4887),(#4888,#4889,#4890),(#4891,#4892,#4893),(#4894,#4895,#4896),
(#4897,#4898,#4899),(#4900,#4901,#4902)),.UNSPECIFIED.,.F.,.F.,.F.)
B_SPLINE_SURFACE_WITH_KNOTS((4,2,2,2,2,4),(3,3),(0.,0.25,0.375,0.5,0.75,
1.),(0.,1.),.UNSPECIFIED.)
GEOMETRIC_REPRESENTATION_ITEM()
RATIONAL_B_SPLINE_SURFACE(((1.,0.766044443118977,1.),(1.,0.768878554541185,
1.),(1.,0.771014652291005,1.),(1.,0.773193709104034,1.),(1.,0.773748939335332,
1.),(1.,0.774480083395418,1.),(1.,0.774661689259817,1.),(1.,0.774664554900764,
1.),(1.,0.773921541283838,1.),(1.,0.771031627056581,1.),(1.,0.768893471352372,
1.),(1.,0.766044443118977,1.)))
REPRESENTATION_ITEM('')
SURFACE()
);
#162=(
BOUNDED_SURFACE()
B_SPLINE_SURFACE(3,2,((#5004,#5005,#5006),(#5007,#5008,#5009),(#5010,#5011,
#5012),(#5013,#5014,#5015),(#5016,#5017,#5018),(#5019,#5020,#5021),(#5022,
#5023,#5024),(#5025,#5026,#5027),(#5028,#5029,#5030),(#5031,#5032,#5033),
(#5034,#5035,#5036),(#5037,#5038,#5039),(#5040,#5041,#5042),(#5043,#5044,
#5045),(#5046,#5047,#5048),(#5049,#5050,#5051),(#5052,#5053,#5054),(#5055,
#5056,#5057),(#5058,#5059,#5060),(#5061,#5062,#5063),(#5064,#5065,#5066),
(#5067,#5068,#5069)),.UNSPECIFIED.,.F.,.F.,.F.)
B_SPLINE_SURFACE_WITH_KNOTS((4,2,2,2,2,2,2,2,2,2,4),(3,3),(0.,0.125,0.1875,
0.25,0.375,0.4375,0.5,0.625,0.75,0.875,1.),(0.,1.),.UNSPECIFIED.)
GEOMETRIC_REPRESENTATION_ITEM()
RATIONAL_B_SPLINE_SURFACE(((1.,0.766044443118977,1.),(1.,0.769127116956569,
1.),(1.,0.771841089510566,1.),(1.,0.775383449069727,1.),(1.,0.776475853233898,
1.),(1.,0.778482029026679,1.),(1.,0.779399839038978,1.),(1.,0.78183805034057,
1.),(1.,0.783051469514903,1.),(1.,0.784274075255675,1.),(1.,0.784581363754159,
1.),(1.,0.784990786526292,1.),(1.,0.785091443595754,1.),(1.,0.785079009360984,
1.),(1.,0.784660185888413,1.),(1.,0.783010513000291,1.),(1.,0.781761119522105,
1.),(1.,0.778529609338262,1.),(1.,0.776545584493735,1.),(1.,0.771828409063087,
1.),(1.,0.769085776390318,1.),(1.,0.766044443118977,1.)))
REPRESENTATION_ITEM('')
SURFACE()
);
#163=(
BOUNDED_SURFACE()
B_SPLINE_SURFACE(3,2,((#5087,#5088,#5089),(#5090,#5091,#5092),(#5093,#5094,
#5095),(#5096,#5097,#5098),(#5099,#5100,#5101),(#5102,#5103,#5104),(#5105,
#5106,#5107),(#5108,#5109,#5110),(#5111,#5112,#5113),(#5114,#5115,#5116)),
 .UNSPECIFIED.,.F.,.F.,.F.)
B_SPLINE_SURFACE_WITH_KNOTS((4,2,2,2,4),(3,3),(0.,0.25,0.5,0.75,1.),(0.,
1.),.UNSPECIFIED.)
GEOMETRIC_REPRESENTATION_ITEM()
RATIONAL_B_SPLINE_SURFACE(((1.,0.766044443118981,1.),(1.,0.767782269600737,
1.),(1.,0.769082451150762,1.),(1.,0.770837361684411,1.),(1.,0.771289291341343,
1.),(1.,0.771291781999759,1.),(1.,0.770857413322027,1.),(1.,0.769103899705285,
1.),(1.,0.767779003171128,1.),(1.,0.766044443119161,1.)))
REPRESENTATION_ITEM('')
SURFACE()
);
#164=(
BOUNDED_SURFACE()
B_SPLINE_SURFACE(3,2,((#5142,#5143,#5144),(#5145,#5146,#5147),(#5148,#5149,
#5150),(#5151,#5152,#5153)),.UNSPECIFIED.,.F.,.F.,.F.)
B_SPLINE_SURFACE_WITH_KNOTS((4,4),(3,3),(0.,1.),(0.,1.),.UNSPECIFIED.)
GEOMETRIC_REPRESENTATION_ITEM()
RATIONAL_B_SPLINE_SURFACE(((1.,0.867704601866087,1.),(1.,0.856935249602135,
1.),(1.,0.84424433396686,1.),(1.,0.828148065037487,1.)))
REPRESENTATION_ITEM('')
SURFACE()
);
#165=(
BOUNDED_SURFACE()
B_SPLINE_SURFACE(3,2,((#5185,#5186,#5187),(#5188,#5189,#5190),(#5191,#5192,
#5193),(#5194,#5195,#5196),(#5197,#5198,#5199),(#5200,#5201,#5202)),
 .UNSPECIFIED.,.F.,.F.,.F.)
B_SPLINE_SURFACE_WITH_KNOTS((4,2,4),(3,3),(0.,0.5,1.),(0.,1.),
 .UNSPECIFIED.)
GEOMETRIC_REPRESENTATION_ITEM()
RATIONAL_B_SPLINE_SURFACE(((1.,0.839390250942249,1.),(1.,0.859803672338314,
1.),(1.,0.874589784381506,1.),(1.,0.898580918974481,1.),(1.,0.907721740863428,
1.),(1.,0.915417266978142,1.)))
REPRESENTATION_ITEM('')
SURFACE()
);
#166=(
BOUNDED_SURFACE()
B_SPLINE_SURFACE(3,2,((#5234,#5235,#5236),(#5237,#5238,#5239),(#5240,#5241,
#5242),(#5243,#5244,#5245),(#5246,#5247,#5248),(#5249,#5250,#5251)),
 .UNSPECIFIED.,.F.,.F.,.F.)
B_SPLINE_SURFACE_WITH_KNOTS((4,2,4),(3,3),(0.,0.5,1.),(0.,1.),
 .UNSPECIFIED.)
GEOMETRIC_REPRESENTATION_ITEM()
RATIONAL_B_SPLINE_SURFACE(((1.,0.83939084995416,1.),(1.,0.859804054946746,
1.),(1.,0.874590045512493,1.),(1.,0.898581006144827,1.),(1.,0.90772177757331,
1.),(1.,0.91541726564297,1.)))
REPRESENTATION_ITEM('')
SURFACE()
);
#167=(
BOUNDED_SURFACE()
B_SPLINE_SURFACE(3,2,((#5266,#5267,#5268),(#5269,#5270,#5271),(#5272,#5273,
#5274),(#5275,#5276,#5277)),.UNSPECIFIED.,.F.,.F.,.F.)
B_SPLINE_SURFACE_WITH_KNOTS((4,4),(3,3),(0.,1.),(0.,1.),.UNSPECIFIED.)
GEOMETRIC_REPRESENTATION_ITEM()
RATIONAL_B_SPLINE_SURFACE(((1.,0.867704601562755,1.),(1.,0.85693526644034,
1.),(1.,0.844244373665039,1.),(1.,0.828148141276938,1.)))
REPRESENTATION_ITEM('')
SURFACE()
);
#168=(
BOUNDED_SURFACE()
B_SPLINE_SURFACE(3,2,((#5309,#5310,#5311),(#5312,#5313,#5314),(#5315,#5316,
#5317),(#5318,#5319,#5320),(#5321,#5322,#5323),(#5324,#5325,#5326)),
 .UNSPECIFIED.,.F.,.F.,.F.)
B_SPLINE_SURFACE_WITH_KNOTS((4,2,4),(3,3),(0.,0.5,1.),(0.,1.),
 .UNSPECIFIED.)
GEOMETRIC_REPRESENTATION_ITEM()
RATIONAL_B_SPLINE_SURFACE(((1.,0.839390843925821,1.),(1.,0.859804051095978,
1.),(1.,0.874590042884874,1.),(1.,0.898581005267203,1.),(1.,0.907721777204135,
1.),(1.,0.915417265656407,1.)))
REPRESENTATION_ITEM('')
SURFACE()
);
#169=(
BOUNDED_SURFACE()
B_SPLINE_SURFACE(3,2,((#5384,#5385,#5386),(#5387,#5388,#5389),(#5390,#5391,
#5392),(#5393,#5394,#5395),(#5396,#5397,#5398),(#5399,#5400,#5401)),
 .UNSPECIFIED.,.F.,.F.,.F.)
B_SPLINE_SURFACE_WITH_KNOTS((4,2,4),(3,3),(0.,0.5,1.),(0.,1.),
 .UNSPECIFIED.)
GEOMETRIC_REPRESENTATION_ITEM()
RATIONAL_B_SPLINE_SURFACE(((1.,0.839390977186036,1.),(1.,0.859804136214231,
1.),(1.,0.874590100977256,1.),(1.,0.898581024660437,1.),(1.,0.907721785370385,
1.),(1.,0.915417265359375,1.)))
REPRESENTATION_ITEM('')
SURFACE()
);
#170=B_SPLINE_CURVE_WITH_KNOTS('',3,(#3132,#3133,#3134,#3135),
 .UNSPECIFIED.,.F.,.F.,(4,4),(0.,1.),.UNSPECIFIED.);
#171=B_SPLINE_CURVE_WITH_KNOTS('',3,(#3139,#3140,#3141,#3142,#3143,#3144,
#3145,#3146,#3147,#3148,#3149,#3150,#3151,#3152),.UNSPECIFIED.,.F.,.F.,
(4,2,2,2,2,2,4),(0.,0.249999999999999,0.374999999999999,0.5,0.625,0.75,
1.),.UNSPECIFIED.);
#172=B_SPLINE_CURVE_WITH_KNOTS('',3,(#3214,#3215,#3216,#3217,#3218,#3219,
#3220,#3221,#3222,#3223,#3224,#3225,#3226,#3227),.UNSPECIFIED.,.F.,.F.,
(4,2,2,2,2,2,4),(0.,0.249999999999997,0.374999999999998,0.499999999999998,
0.624999999999998,0.749999999999998,1.),.UNSPECIFIED.);
#173=B_SPLINE_CURVE_WITH_KNOTS('',3,(#3228,#3229,#3230,#3231),
 .UNSPECIFIED.,.F.,.F.,(4,4),(0.,1.),.UNSPECIFIED.);
#174=B_SPLINE_CURVE_WITH_KNOTS('',3,(#3277,#3278,#3279,#3280),
 .UNSPECIFIED.,.F.,.F.,(4,4),(0.,1.),.UNSPECIFIED.);
#175=B_SPLINE_CURVE_WITH_KNOTS('',3,(#3281,#3282,#3283,#3284,#3285,#3286,
#3287,#3288,#3289,#3290,#3291,#3292,#3293,#3294),.UNSPECIFIED.,.F.,.F.,
(4,2,2,2,2,2,4),(0.,0.249999999999998,0.374999999999999,0.499999999999999,
0.624999999999999,0.749999999999999,1.),.UNSPECIFIED.);
#176=B_SPLINE_CURVE_WITH_KNOTS('',3,(#3352,#3353,#3354,#3355,#3356,#3357,
#3358,#3359,#3360,#3361,#3362,#3363,#3364,#3365),.UNSPECIFIED.,.F.,.F.,
(4,2,2,2,2,2,4),(0.,0.249999999999999,0.374999999999999,0.499999999999999,
0.624999999999999,0.749999999999999,1.),.UNSPECIFIED.);
#177=B_SPLINE_CURVE_WITH_KNOTS('',3,(#3366,#3367,#3368,#3369),
 .UNSPECIFIED.,.F.,.F.,(4,4),(0.,1.),.UNSPECIFIED.);
#178=B_SPLINE_CURVE_WITH_KNOTS('',3,(#3415,#3416,#3417,#3418),
 .UNSPECIFIED.,.F.,.F.,(4,4),(0.,1.),.UNSPECIFIED.);
#179=B_SPLINE_CURVE_WITH_KNOTS('',3,(#3419,#3420,#3421,#3422,#3423,#3424,
#3425,#3426,#3427,#3428,#3429,#3430,#3431,#3432),.UNSPECIFIED.,.F.,.F.,
(4,2,2,2,2,2,4),(0.,0.25,0.375,0.5,0.624999999999999,0.749999999999999,
1.),.UNSPECIFIED.);
#180=B_SPLINE_CURVE_WITH_KNOTS('',3,(#3493,#3494,#3495,#3496,#3497,#3498,
#3499,#3500,#3501,#3502,#3503,#3504,#3505,#3506),.UNSPECIFIED.,.F.,.F.,
(4,2,2,2,2,2,4),(0.,0.250000000000002,0.375000000000001,0.500000000000001,
0.625000000000001,0.750000000000001,1.),.UNSPECIFIED.);
#181=B_SPLINE_CURVE_WITH_KNOTS('',3,(#3507,#3508,#3509,#3510),
 .UNSPECIFIED.,.F.,.F.,(4,4),(0.,1.),.UNSPECIFIED.);
#182=B_SPLINE_CURVE_WITH_KNOTS('',3,(#3556,#3557,#3558,#3559),
 .UNSPECIFIED.,.F.,.F.,(4,4),(0.,1.),.UNSPECIFIED.);
#183=B_SPLINE_CURVE_WITH_KNOTS('',3,(#3560,#3561,#3562,#3563,#3564,#3565,
#3566,#3567,#3568,#3569,#3570,#3571,#3572,#3573),.UNSPECIFIED.,.F.,.F.,
(4,2,2,2,2,2,4),(0.,0.250000000000002,0.375000000000001,0.500000000000001,
0.625000000000001,0.750000000000001,1.),.UNSPECIFIED.);
#184=B_SPLINE_CURVE_WITH_KNOTS('',3,(#3631,#3632,#3633,#3634),
 .UNSPECIFIED.,.F.,.F.,(4,4),(0.,1.),.UNSPECIFIED.);
#185=B_SPLINE_CURVE_WITH_KNOTS('',3,(#3638,#3639,#3640,#3641,#3642,#3643,
#3644,#3645,#3646,#3647,#3648,#3649,#3650,#3651),.UNSPECIFIED.,.F.,.F.,
(4,2,2,2,2,2,4),(0.,0.249999999999999,0.374999999999999,0.499999999999999,
0.624999999999999,0.749999999999999,1.),.UNSPECIFIED.);
#186=B_SPLINE_CURVE_WITH_KNOTS('',3,(#3694,#3695,#3696,#3697),
 .UNSPECIFIED.,.F.,.F.,(4,4),(0.,1.),.UNSPECIFIED.);
#187=B_SPLINE_CURVE_WITH_KNOTS('',3,(#3699,#3700,#3701,#3702,#3703,#3704,
#3705,#3706,#3707,#3708,#3709,#3710,#3711,#3712),.UNSPECIFIED.,.F.,.F.,
(4,2,2,1,1,2,2,4),(0.,0.249999999999999,0.374999999999998,0.437499999999998,
0.468749999999998,0.484374999999998,0.499999999999998,1.),.UNSPECIFIED.);
#188=B_SPLINE_CURVE_WITH_KNOTS('',3,(#3714,#3715,#3716,#3717,#3718,#3719),
 .UNSPECIFIED.,.F.,.F.,(4,2,4),(0.,0.5,1.),.UNSPECIFIED.);
#189=B_SPLINE_CURVE_WITH_KNOTS('',3,(#3744,#3745,#3746,#3747,#3748,#3749,
#3750,#3751,#3752,#3753,#3754,#3755,#3756,#3757),.UNSPECIFIED.,.F.,.F.,
(4,2,2,1,1,2,2,4),(0.,0.250000000000005,0.375000000000008,0.437500000000009,
0.468750000000009,0.48437500000001,0.50000000000001,1.),.UNSPECIFIED.);
#190=B_SPLINE_CURVE_WITH_KNOTS('',3,(#3759,#3760,#3761,#3762),
 .UNSPECIFIED.,.F.,.F.,(4,4),(0.,1.),.UNSPECIFIED.);
#191=B_SPLINE_CURVE_WITH_KNOTS('',3,(#3764,#3765,#3766,#3767,#3768,#3769),
 .UNSPECIFIED.,.F.,.F.,(4,2,4),(0.,0.5,1.),.UNSPECIFIED.);
#192=B_SPLINE_CURVE_WITH_KNOTS('',3,(#3794,#3795,#3796,#3797,#3798,#3799,
#3800,#3801,#3802,#3803,#3804,#3805,#3806,#3807),.UNSPECIFIED.,.F.,.F.,
(4,2,2,1,1,2,2,4),(0.,0.249999999999994,0.374999999999991,0.43749999999999,
0.468749999999989,0.484374999999989,0.499999999999989,1.),.UNSPECIFIED.);
#193=B_SPLINE_CURVE_WITH_KNOTS('',3,(#3809,#3810,#3811,#3812),
 .UNSPECIFIED.,.F.,.F.,(4,4),(0.,1.),.UNSPECIFIED.);
#194=B_SPLINE_CURVE_WITH_KNOTS('',3,(#3814,#3815,#3816,#3817,#3818,#3819),
 .UNSPECIFIED.,.F.,.F.,(4,2,4),(0.,0.5,1.),.UNSPECIFIED.);
#195=B_SPLINE_CURVE_WITH_KNOTS('',3,(#3844,#3845,#3846,#3847),
 .UNSPECIFIED.,.F.,.F.,(4,4),(0.,1.),.UNSPECIFIED.);
#196=B_SPLINE_CURVE_WITH_KNOTS('',3,(#3849,#3850,#3851,#3852,#3853,#3854,
#3855,#3856,#3857,#3858,#3859,#3860,#3861,#3862),.UNSPECIFIED.,.F.,.F.,
(4,2,2,1,1,2,2,4),(0.,0.250000000000005,0.375000000000007,0.437500000000008,
0.468750000000009,0.484375000000009,0.500000000000009,1.),.UNSPECIFIED.);
#197=B_SPLINE_CURVE_WITH_KNOTS('',3,(#3864,#3865,#3866,#3867,#3868,#3869),
 .UNSPECIFIED.,.F.,.F.,(4,2,4),(0.,0.5,1.),.UNSPECIFIED.);
#198=B_SPLINE_CURVE_WITH_KNOTS('',3,(#3894,#3895,#3896,#3897,#3898,#3899,
#3900,#3901,#3902,#3903,#3904,#3905,#3906,#3907),.UNSPECIFIED.,.F.,.F.,
(4,2,2,1,1,2,2,4),(0.,0.25,0.375,0.4375,0.46875,0.484375,0.5,1.),
 .UNSPECIFIED.);
#199=B_SPLINE_CURVE_WITH_KNOTS('',3,(#3909,#3910,#3911,#3912),
 .UNSPECIFIED.,.F.,.F.,(4,4),(0.,1.),.UNSPECIFIED.);
#200=B_SPLINE_CURVE_WITH_KNOTS('',3,(#3914,#3915,#3916,#3917,#3918,#3919),
 .UNSPECIFIED.,.F.,.F.,(4,2,4),(0.,0.5,1.),.UNSPECIFIED.);
#201=B_SPLINE_CURVE_WITH_KNOTS('',3,(#3944,#3945,#3946,#3947),
 .UNSPECIFIED.,.F.,.F.,(4,4),(0.,1.),.UNSPECIFIED.);
#202=B_SPLINE_CURVE_WITH_KNOTS('',3,(#3949,#3950,#3951,#3952,#3953,#3954,
#3955,#3956,#3957,#3958,#3959,#3960,#3961,#3962),.UNSPECIFIED.,.F.,.F.,
(4,2,2,1,1,2,2,4),(0.,0.25,0.374999999999999,0.437499999999999,0.468749999999999,
0.484374999999999,0.499999999999999,1.),.UNSPECIFIED.);
#203=B_SPLINE_CURVE_WITH_KNOTS('',3,(#3964,#3965,#3966,#3967,#3968,#3969),
 .UNSPECIFIED.,.F.,.F.,(4,2,4),(0.,0.5,1.),.UNSPECIFIED.);
#204=B_SPLINE_CURVE_WITH_KNOTS('',3,(#3994,#3995,#3996,#3997,#3998,#3999,
#4000,#4001,#4002,#4003,#4004,#4005,#4006,#4007),.UNSPECIFIED.,.F.,.F.,
(4,2,2,1,1,2,2,4),(0.,0.250000000000001,0.375000000000002,0.437500000000002,
0.468750000000002,0.484375000000002,0.500000000000002,1.),.UNSPECIFIED.);
#205=B_SPLINE_CURVE_WITH_KNOTS('',3,(#4009,#4010,#4011,#4012),
 .UNSPECIFIED.,.F.,.F.,(4,4),(0.,1.),.UNSPECIFIED.);
#206=B_SPLINE_CURVE_WITH_KNOTS('',3,(#4014,#4015,#4016,#4017,#4018,#4019),
 .UNSPECIFIED.,.F.,.F.,(4,2,4),(0.,0.5,1.),.UNSPECIFIED.);
#207=B_SPLINE_CURVE_WITH_KNOTS('',3,(#4044,#4045,#4046,#4047),
 .UNSPECIFIED.,.F.,.F.,(4,4),(0.,1.),.UNSPECIFIED.);
#208=B_SPLINE_CURVE_WITH_KNOTS('',3,(#4049,#4050,#4051,#4052,#4053,#4054,
#4055,#4056,#4057,#4058,#4059,#4060,#4061,#4062),.UNSPECIFIED.,.F.,.F.,
(4,2,2,1,1,2,2,4),(0.,0.249999999999997,0.374999999999995,0.437499999999995,
0.468749999999994,0.484374999999994,0.499999999999993,1.),.UNSPECIFIED.);
#209=B_SPLINE_CURVE_WITH_KNOTS('',3,(#4064,#4065,#4066,#4067,#4068,#4069),
 .UNSPECIFIED.,.F.,.F.,(4,2,4),(0.,0.5,1.),.UNSPECIFIED.);
#210=B_SPLINE_CURVE_WITH_KNOTS('',3,(#4112,#4113,#4114,#4115),
 .UNSPECIFIED.,.F.,.F.,(4,4),(0.,1.),.UNSPECIFIED.);
#211=B_SPLINE_CURVE_WITH_KNOTS('',3,(#4116,#4117,#4118,#4119,#4120,#4121,
#4122,#4123,#4124,#4125),.UNSPECIFIED.,.F.,.F.,(4,2,2,2,4),(0.,0.25,0.5,
0.75,1.),.UNSPECIFIED.);
#212=B_SPLINE_CURVE_WITH_KNOTS('',3,(#4159,#4160,#4161,#4162,#4163,#4164,
#4165,#4166,#4167,#4168,#4169,#4170,#4171,#4172,#4173,#4174,#4175,#4176,
#4177,#4178,#4179,#4180),.UNSPECIFIED.,.F.,.F.,(4,2,2,2,2,2,2,2,2,2,4),
(0.,0.124999999999995,0.187499999999993,0.249999999999991,0.374999999999989,
0.437499999999989,0.49999999999999,0.624999999999992,0.749999999999995,
0.874999999999997,1.),.UNSPECIFIED.);
#213=B_SPLINE_CURVE_WITH_KNOTS('',3,(#4184,#4185,#4186,#4187,#4188,#4189,
#4190,#4191,#4192,#4193,#4194,#4195,#4196,#4197),.UNSPECIFIED.,.F.,.F.,
(4,2,2,2,2,2,4),(0.,0.125,0.25,0.499999999999999,0.624999999999998,0.749999999999997,
1.),.UNSPECIFIED.);
#214=B_SPLINE_CURVE_WITH_KNOTS('',3,(#4298,#4299,#4300,#4301),
 .UNSPECIFIED.,.F.,.F.,(4,4),(0.,1.),.UNSPECIFIED.);
#215=B_SPLINE_CURVE_WITH_KNOTS('',3,(#4329,#4330,#4331,#4332,#4333,#4334,
#4335,#4336,#4337,#4338,#4339,#4340),.UNSPECIFIED.,.F.,.F.,(4,2,2,2,2,4),
(0.,0.25,0.5,0.625,0.75,1.),.UNSPECIFIED.);
#216=B_SPLINE_CURVE_WITH_KNOTS('',3,(#4341,#4342,#4343,#4344),
 .UNSPECIFIED.,.F.,.F.,(4,4),(0.,1.),.UNSPECIFIED.);
#217=B_SPLINE_CURVE_WITH_KNOTS('',3,(#4403,#4404,#4405,#4406),
 .UNSPECIFIED.,.F.,.F.,(4,4),(0.,1.),.UNSPECIFIED.);
#218=B_SPLINE_CURVE_WITH_KNOTS('',3,(#4446,#4447,#4448,#4449,#4450,#4451,
#4452,#4453,#4454,#4455,#4456,#4457,#4458,#4459,#4460,#4461,#4462,#4463,
#4464,#4465,#4466,#4467),.UNSPECIFIED.,.F.,.F.,(4,2,2,2,2,2,2,2,2,2,4),
(0.,0.124999999999998,0.187499999999997,0.249999999999996,0.374999999999994,
0.437499999999994,0.499999999999995,0.624999999999996,0.749999999999997,
0.874999999999999,1.),.UNSPECIFIED.);
#219=B_SPLINE_CURVE_WITH_KNOTS('',3,(#4468,#4469,#4470,#4471,#4472,#4473,
#4474,#4475,#4476,#4477,#4478,#4479,#4480,#4481),.UNSPECIFIED.,.F.,.F.,
(4,2,2,2,2,2,4),(0.,0.125,0.25,0.500000000000002,0.625000000000002,0.750000000000002,
1.),.UNSPECIFIED.);
#220=B_SPLINE_CURVE_WITH_KNOTS('',3,(#4563,#4564,#4565,#4566),
 .UNSPECIFIED.,.F.,.F.,(4,4),(0.,1.),.UNSPECIFIED.);
#221=B_SPLINE_CURVE_WITH_KNOTS('',3,(#4567,#4568,#4569,#4570,#4571,#4572,
#4573,#4574,#4575,#4576),.UNSPECIFIED.,.F.,.F.,(4,2,2,2,4),(0.,0.25,0.5,
0.75,1.),.UNSPECIFIED.);
#222=B_SPLINE_CURVE_WITH_KNOTS('',3,(#4625,#4626,#4627,#4628,#4629,#4630,
#4631,#4632,#4633,#4634),.UNSPECIFIED.,.F.,.F.,(4,2,2,2,4),(0.,0.25,0.5,
0.75,1.),.UNSPECIFIED.);
#223=B_SPLINE_CURVE_WITH_KNOTS('',3,(#4635,#4636,#4637,#4638),
 .UNSPECIFIED.,.F.,.F.,(4,4),(0.,1.),.UNSPECIFIED.);
#224=B_SPLINE_CURVE_WITH_KNOTS('',3,(#4684,#4685,#4686,#4687,#4688,#4689,
#4690,#4691,#4692,#4693,#4694,#4695,#4696,#4697),.UNSPECIFIED.,.F.,.F.,
(4,2,2,2,2,2,4),(0.,0.125000000000001,0.250000000000003,0.500000000000002,
0.625000000000002,0.750000000000001,1.),.UNSPECIFIED.);
#225=B_SPLINE_CURVE_WITH_KNOTS('',3,(#4698,#4699,#4700,#4701,#4702,#4703,
#4704,#4705,#4706,#4707,#4708,#4709,#4710,#4711,#4712,#4713,#4714,#4715,
#4716,#4717,#4718,#4719),.UNSPECIFIED.,.F.,.F.,(4,2,2,2,2,2,2,2,2,2,4),
(0.,0.124999999999998,0.187499999999997,0.249999999999996,0.374999999999994,
0.437499999999994,0.499999999999993,0.624999999999995,0.749999999999997,
0.874999999999998,1.),.UNSPECIFIED.);
#226=B_SPLINE_CURVE_WITH_KNOTS('',3,(#4805,#4806,#4807,#4808),
 .UNSPECIFIED.,.F.,.F.,(4,4),(0.,1.),.UNSPECIFIED.);
#227=B_SPLINE_CURVE_WITH_KNOTS('',3,(#4851,#4852,#4853,#4854),
 .UNSPECIFIED.,.F.,.F.,(4,4),(0.,1.),.UNSPECIFIED.);
#228=B_SPLINE_CURVE_WITH_KNOTS('',3,(#4855,#4856,#4857,#4858,#4859,#4860,
#4861,#4862,#4863,#4864,#4865,#4866),.UNSPECIFIED.,.F.,.F.,(4,2,2,2,2,4),
(0.,0.25,0.5,0.625,0.75,1.),.UNSPECIFIED.);
#229=B_SPLINE_CURVE_WITH_KNOTS('',3,(#4910,#4911,#4912,#4913),
 .UNSPECIFIED.,.F.,.F.,(4,4),(0.,1.),.UNSPECIFIED.);
#230=B_SPLINE_CURVE_WITH_KNOTS('',3,(#4968,#4969,#4970,#4971,#4972,#4973,
#4974,#4975,#4976,#4977,#4978,#4979,#4980,#4981),.UNSPECIFIED.,.F.,.F.,
(4,2,2,2,2,2,4),(0.,0.125000000000002,0.250000000000004,0.500000000000004,
0.625000000000003,0.750000000000002,1.),.UNSPECIFIED.);
#231=B_SPLINE_CURVE_WITH_KNOTS('',3,(#4982,#4983,#4984,#4985,#4986,#4987,
#4988,#4989,#4990,#4991,#4992,#4993,#4994,#4995,#4996,#4997,#4998,#4999,
#5000,#5001,#5002,#5003),.UNSPECIFIED.,.F.,.F.,(4,2,2,2,2,2,2,2,2,2,4),
(0.,0.125000000000001,0.187500000000001,0.250000000000001,0.375000000000002,
0.437500000000002,0.500000000000003,0.625000000000002,0.750000000000001,
0.875000000000001,1.),.UNSPECIFIED.);
#232=B_SPLINE_CURVE_WITH_KNOTS('',3,(#5073,#5074,#5075,#5076,#5077,#5078,
#5079,#5080,#5081,#5082),.UNSPECIFIED.,.F.,.F.,(4,2,2,2,4),(0.,0.25,0.5,
0.75,1.),.UNSPECIFIED.);
#233=B_SPLINE_CURVE_WITH_KNOTS('',3,(#5083,#5084,#5085,#5086),
 .UNSPECIFIED.,.F.,.F.,(4,4),(0.,1.),.UNSPECIFIED.);
#234=B_SPLINE_CURVE_WITH_KNOTS('',3,(#5128,#5129,#5130,#5131),
 .UNSPECIFIED.,.F.,.F.,(4,4),(0.,1.),.UNSPECIFIED.);
#235=B_SPLINE_CURVE_WITH_KNOTS('',3,(#5133,#5134,#5135,#5136),
 .UNSPECIFIED.,.F.,.F.,(4,4),(0.,1.),.UNSPECIFIED.);
#236=B_SPLINE_CURVE_WITH_KNOTS('',3,(#5138,#5139,#5140,#5141),
 .UNSPECIFIED.,.F.,.F.,(4,4),(0.,1.),.UNSPECIFIED.);
#237=B_SPLINE_CURVE_WITH_KNOTS('',3,(#5154,#5155,#5156,#5157,#5158,#5159,
#5160,#5161,#5162,#5163,#5164,#5165),.UNSPECIFIED.,.F.,.F.,(4,2,1,1,2,2,
4),(0.,0.25,0.375,0.4375,0.46875,0.5,1.),.UNSPECIFIED.);
#238=B_SPLINE_CURVE_WITH_KNOTS('',3,(#5167,#5168,#5169,#5170,#5171,#5172,
#5173,#5174,#5175,#5176,#5177,#5178,#5179),.UNSPECIFIED.,.F.,.F.,(4,2,2,
1,2,2,4),(0.,0.250000000000003,0.375000000000004,0.437500000000005,0.468750000000005,
0.500000000000006,1.),.UNSPECIFIED.);
#239=B_SPLINE_CURVE_WITH_KNOTS('',3,(#5181,#5182,#5183,#5184),
 .UNSPECIFIED.,.F.,.F.,(4,4),(0.,1.),.UNSPECIFIED.);
#240=B_SPLINE_CURVE_WITH_KNOTS('',3,(#5203,#5204,#5205,#5206,#5207,#5208,
#5209,#5210,#5211,#5212,#5213,#5214),.UNSPECIFIED.,.F.,.F.,(4,2,1,1,2,2,
4),(0.,0.250000000000002,0.375000000000003,0.437500000000003,0.468750000000003,
0.500000000000003,1.),.UNSPECIFIED.);
#241=B_SPLINE_CURVE_WITH_KNOTS('',3,(#5216,#5217,#5218,#5219,#5220,#5221,
#5222,#5223,#5224,#5225,#5226,#5227,#5228),.UNSPECIFIED.,.F.,.F.,(4,2,2,
1,2,2,4),(0.,0.250000000000001,0.375,0.4375,0.46875,0.5,1.),
 .UNSPECIFIED.);
#242=B_SPLINE_CURVE_WITH_KNOTS('',3,(#5230,#5231,#5232,#5233),
 .UNSPECIFIED.,.F.,.F.,(4,4),(0.,1.),.UNSPECIFIED.);
#243=B_SPLINE_CURVE_WITH_KNOTS('',3,(#5252,#5253,#5254,#5255),
 .UNSPECIFIED.,.F.,.F.,(4,4),(0.,1.),.UNSPECIFIED.);
#244=B_SPLINE_CURVE_WITH_KNOTS('',3,(#5257,#5258,#5259,#5260),
 .UNSPECIFIED.,.F.,.F.,(4,4),(0.,1.),.UNSPECIFIED.);
#245=B_SPLINE_CURVE_WITH_KNOTS('',3,(#5262,#5263,#5264,#5265),
 .UNSPECIFIED.,.F.,.F.,(4,4),(0.,1.),.UNSPECIFIED.);
#246=B_SPLINE_CURVE_WITH_KNOTS('',3,(#5278,#5279,#5280,#5281,#5282,#5283,
#5284,#5285,#5286,#5287,#5288,#5289),.UNSPECIFIED.,.F.,.F.,(4,2,1,1,2,2,
4),(0.,0.249999999999994,0.374999999999991,0.43749999999999,0.46874999999999,
0.49999999999999,1.),.UNSPECIFIED.);
#247=B_SPLINE_CURVE_WITH_KNOTS('',3,(#5291,#5292,#5293,#5294,#5295,#5296,
#5297,#5298,#5299,#5300,#5301,#5302,#5303),.UNSPECIFIED.,.F.,.F.,(4,2,2,
1,2,2,4),(0.,0.25,0.375,0.437499999999999,0.468749999999999,0.499999999999999,
1.),.UNSPECIFIED.);
#248=B_SPLINE_CURVE_WITH_KNOTS('',3,(#5305,#5306,#5307,#5308),
 .UNSPECIFIED.,.F.,.F.,(4,4),(0.,1.),.UNSPECIFIED.);
#249=B_SPLINE_CURVE_WITH_KNOTS('',3,(#5329,#5330,#5331,#5332),
 .UNSPECIFIED.,.F.,.F.,(4,4),(0.,1.),.UNSPECIFIED.);
#250=B_SPLINE_CURVE_WITH_KNOTS('',3,(#5342,#5343,#5344,#5345),
 .UNSPECIFIED.,.F.,.F.,(4,4),(0.,1.),.UNSPECIFIED.);
#251=B_SPLINE_CURVE_WITH_KNOTS('',3,(#5353,#5354,#5355,#5356,#5357,#5358,
#5359,#5360,#5361,#5362,#5363,#5364),.UNSPECIFIED.,.F.,.F.,(4,2,1,1,2,2,
4),(0.,0.250000000000003,0.375000000000004,0.437500000000005,0.468750000000004,
0.500000000000004,1.),.UNSPECIFIED.);
#252=B_SPLINE_CURVE_WITH_KNOTS('',3,(#5366,#5367,#5368,#5369,#5370,#5371,
#5372,#5373,#5374,#5375,#5376,#5377,#5378),.UNSPECIFIED.,.F.,.F.,(4,2,2,
1,2,2,4),(0.,0.249999999999998,0.374999999999997,0.437499999999997,0.468749999999997,
0.499999999999997,1.),.UNSPECIFIED.);
#253=B_SPLINE_CURVE_WITH_KNOTS('',3,(#5380,#5381,#5382,#5383),
 .UNSPECIFIED.,.F.,.F.,(4,4),(0.,1.),.UNSPECIFIED.);
#254=B_SPLINE_CURVE_WITH_KNOTS('',3,(#5404,#5405,#5406,#5407),
 .UNSPECIFIED.,.F.,.F.,(4,4),(0.,1.),.UNSPECIFIED.);
#255=B_SPLINE_CURVE_WITH_KNOTS('',3,(#5417,#5418,#5419,#5420),
 .UNSPECIFIED.,.F.,.F.,(4,4),(0.,1.),.UNSPECIFIED.);
#256=B_SPLINE_CURVE_WITH_KNOTS('',3,(#5428,#5429,#5430,#5431,#5432,#5433),
 .UNSPECIFIED.,.F.,.F.,(4,2,4),(0.,0.5,1.),.UNSPECIFIED.);
#257=B_SPLINE_CURVE_WITH_KNOTS('',3,(#5435,#5436,#5437,#5438,#5439,#5440,
#5441,#5442,#5443,#5444,#5445,#5446),.UNSPECIFIED.,.F.,.F.,(4,2,1,1,2,2,
4),(0.,0.249999999999996,0.374999999999995,0.437499999999994,0.468749999999994,
0.499999999999994,1.),.UNSPECIFIED.);
#258=B_SPLINE_CURVE_WITH_KNOTS('',3,(#5448,#5449,#5450,#5451),
 .UNSPECIFIED.,.F.,.F.,(4,4),(0.,1.),.UNSPECIFIED.);
#259=B_SPLINE_CURVE_WITH_KNOTS('',3,(#5492,#5493,#5494,#5495,#5496,#5497,
#5498,#5499,#5500,#5501,#5502,#5503,#5504),.UNSPECIFIED.,.F.,.F.,(4,2,2,
1,2,2,4),(0.,0.250000000000002,0.375000000000003,0.437500000000003,0.468750000000004,
0.500000000000004,1.),.UNSPECIFIED.);
#260=B_SPLINE_CURVE_WITH_KNOTS('',3,(#5506,#5507,#5508,#5509,#5510,#5511),
 .UNSPECIFIED.,.F.,.F.,(4,2,4),(0.,0.5,1.),.UNSPECIFIED.);
#261=B_SPLINE_CURVE_WITH_KNOTS('',3,(#5513,#5514,#5515,#5516),
 .UNSPECIFIED.,.F.,.F.,(4,4),(0.,1.),.UNSPECIFIED.);
#262=B_SPLINE_CURVE_WITH_KNOTS('',3,(#5557,#5558,#5559,#5560,#5561,#5562,
#5563,#5564,#5565,#5566,#5567,#5568,#5569),.UNSPECIFIED.,.F.,.F.,(4,2,2,
1,2,2,4),(0.,0.249999999999998,0.374999999999998,0.437499999999997,0.468749999999997,
0.499999999999997,1.),.UNSPECIFIED.);
#263=B_SPLINE_CURVE_WITH_KNOTS('',3,(#5571,#5572,#5573,#5574,#5575,#5576),
 .UNSPECIFIED.,.F.,.F.,(4,2,4),(0.,0.5,1.),.UNSPECIFIED.);
#264=B_SPLINE_CURVE_WITH_KNOTS('',3,(#5578,#5579,#5580,#5581),
 .UNSPECIFIED.,.F.,.F.,(4,4),(0.,1.),.UNSPECIFIED.);
#265=B_SPLINE_CURVE_WITH_KNOTS('',3,(#5622,#5623,#5624,#5625,#5626,#5627),
 .UNSPECIFIED.,.F.,.F.,(4,2,4),(0.,0.5,1.),.UNSPECIFIED.);
#266=B_SPLINE_CURVE_WITH_KNOTS('',3,(#5629,#5630,#5631,#5632,#5633,#5634,
#5635,#5636,#5637,#5638,#5639,#5640),.UNSPECIFIED.,.F.,.F.,(4,2,1,1,2,2,
4),(0.,0.250000000000003,0.375000000000004,0.437500000000005,0.468750000000005,
0.500000000000005,1.),.UNSPECIFIED.);
#267=B_SPLINE_CURVE_WITH_KNOTS('',3,(#5642,#5643,#5644,#5645),
 .UNSPECIFIED.,.F.,.F.,(4,4),(0.,1.),.UNSPECIFIED.);
#268=ADVANCED_FACE('NONE',(#424),#406,.T.);
#269=ADVANCED_FACE('NONE',(#425),#407,.T.);
#270=ADVANCED_FACE('NONE',(#426),#408,.T.);
#271=ADVANCED_FACE('NONE',(#427),#409,.T.);
#272=ADVANCED_FACE('NONE',(#428),#138,.T.);
#273=ADVANCED_FACE('NONE',(#429),#109,.T.);
#274=ADVANCED_FACE('NONE',(#430),#110,.T.);
#275=ADVANCED_FACE('NONE',(#431),#139,.T.);
#276=ADVANCED_FACE('NONE',(#432),#140,.T.);
#277=ADVANCED_FACE('NONE',(#433),#111,.T.);
#278=ADVANCED_FACE('NONE',(#434),#112,.T.);
#279=ADVANCED_FACE('NONE',(#435),#141,.T.);
#280=ADVANCED_FACE('NONE',(#436),#142,.T.);
#281=ADVANCED_FACE('NONE',(#437),#113,.T.);
#282=ADVANCED_FACE('NONE',(#438),#114,.T.);
#283=ADVANCED_FACE('NONE',(#439),#143,.T.);
#284=ADVANCED_FACE('NONE',(#440),#144,.T.);
#285=ADVANCED_FACE('NONE',(#441),#115,.T.);
#286=ADVANCED_FACE('NONE',(#442),#116,.T.);
#287=ADVANCED_FACE('NONE',(#443),#145,.T.);
#288=ADVANCED_FACE('NONE',(#444),#146,.T.);
#289=ADVANCED_FACE('NONE',(#445),#147,.T.);
#290=ADVANCED_FACE('NONE',(#446),#148,.T.);
#291=ADVANCED_FACE('NONE',(#447),#149,.T.);
#292=ADVANCED_FACE('NONE',(#448),#150,.T.);
#293=ADVANCED_FACE('NONE',(#449),#151,.T.);
#294=ADVANCED_FACE('NONE',(#450),#152,.T.);
#295=ADVANCED_FACE('NONE',(#451),#153,.T.);
#296=ADVANCED_FACE('NONE',(#452),#117,.T.);
#297=ADVANCED_FACE('NONE',(#453),#118,.T.);
#298=ADVANCED_FACE('NONE',(#454),#154,.T.);
#299=ADVANCED_FACE('NONE',(#455),#155,.T.);
#300=ADVANCED_FACE('NONE',(#456),#119,.T.);
#301=ADVANCED_FACE('NONE',(#457),#410,.T.);
#302=ADVANCED_FACE('NONE',(#458),#411,.T.);
#303=ADVANCED_FACE('NONE',(#459),#120,.T.);
#304=ADVANCED_FACE('NONE',(#460),#85,.T.);
#305=ADVANCED_FACE('NONE',(#461),#156,.T.);
#306=ADVANCED_FACE('NONE',(#462),#412,.T.);
#307=ADVANCED_FACE('NONE',(#463),#121,.T.);
#308=ADVANCED_FACE('NONE',(#464),#86,.T.);
#309=ADVANCED_FACE('NONE',(#465),#413,.T.);
#310=ADVANCED_FACE('NONE',(#466),#414,.T.);
#311=ADVANCED_FACE('NONE',(#467),#157,.T.);
#312=ADVANCED_FACE('NONE',(#468),#122,.T.);
#313=ADVANCED_FACE('NONE',(#469),#123,.T.);
#314=ADVANCED_FACE('NONE',(#470),#158,.T.);
#315=ADVANCED_FACE('NONE',(#471),#124,.T.);
#316=ADVANCED_FACE('NONE',(#472),#125,.T.);
#317=ADVANCED_FACE('NONE',(#473),#159,.T.);
#318=ADVANCED_FACE('NONE',(#474),#126,.T.);
#319=ADVANCED_FACE('NONE',(#475),#127,.T.);
#320=ADVANCED_FACE('NONE',(#476),#160,.T.);
#321=ADVANCED_FACE('NONE',(#477),#415,.T.);
#322=ADVANCED_FACE('NONE',(#478),#416,.T.);
#323=ADVANCED_FACE('NONE',(#479),#87,.T.);
#324=ADVANCED_FACE('NONE',(#480),#128,.T.);
#325=ADVANCED_FACE('NONE',(#481),#417,.T.);
#326=ADVANCED_FACE('NONE',(#482),#161,.T.);
#327=ADVANCED_FACE('NONE',(#483),#88,.T.);
#328=ADVANCED_FACE('NONE',(#484),#129,.T.);
#329=ADVANCED_FACE('NONE',(#485),#418,.T.);
#330=ADVANCED_FACE('NONE',(#486),#419,.T.);
#331=ADVANCED_FACE('NONE',(#487),#130,.T.);
#332=ADVANCED_FACE('NONE',(#488),#162,.T.);
#333=ADVANCED_FACE('NONE',(#489),#163,.T.);
#334=ADVANCED_FACE('NONE',(#490),#131,.T.);
#335=ADVANCED_FACE('NONE',(#491),#132,.T.);
#336=ADVANCED_FACE('NONE',(#492),#164,.T.);
#337=ADVANCED_FACE('NONE',(#493),#165,.T.);
#338=ADVANCED_FACE('NONE',(#494),#166,.T.);
#339=ADVANCED_FACE('NONE',(#495),#167,.T.);
#340=ADVANCED_FACE('NONE',(#496),#168,.T.);
#341=ADVANCED_FACE('NONE',(#497),#420,.T.);
#342=ADVANCED_FACE('NONE',(#498),#421,.T.);
#343=ADVANCED_FACE('NONE',(#499),#169,.T.);
#344=ADVANCED_FACE('NONE',(#500),#422,.T.);
#345=ADVANCED_FACE('NONE',(#501),#423,.T.);
#346=ADVANCED_FACE('NONE',(#502),#89,.F.);
#347=ADVANCED_FACE('NONE',(#503),#90,.F.);
#348=ADVANCED_FACE('NONE',(#504),#91,.F.);
#349=ADVANCED_FACE('NONE',(#505),#92,.F.);
#350=ADVANCED_FACE('NONE',(#506),#67,.F.);
#351=ADVANCED_FACE('NONE',(#507),#38,.F.);
#352=ADVANCED_FACE('NONE',(#508),#39,.F.);
#353=ADVANCED_FACE('NONE',(#509),#40,.F.);
#354=ADVANCED_FACE('NONE',(#510),#41,.F.);
#355=ADVANCED_FACE('NONE',(#511),#42,.F.);
#356=ADVANCED_FACE('NONE',(#512),#43,.F.);
#357=ADVANCED_FACE('NONE',(#513),#44,.F.);
#358=ADVANCED_FACE('NONE',(#514),#45,.F.);
#359=ADVANCED_FACE('NONE',(#34,#35),#68,.F.);
#360=ADVANCED_FACE('NONE',(#515),#69,.T.);
#361=ADVANCED_FACE('NONE',(#516),#70,.T.);
#362=ADVANCED_FACE('NONE',(#517),#46,.F.);
#363=ADVANCED_FACE('NONE',(#518),#47,.F.);
#364=ADVANCED_FACE('NONE',(#519),#48,.T.);
#365=ADVANCED_FACE('NONE',(#520),#71,.T.);
#366=ADVANCED_FACE('NONE',(#521),#49,.F.);
#367=ADVANCED_FACE('NONE',(#522),#50,.F.);
#368=ADVANCED_FACE('NONE',(#523),#72,.T.);
#369=ADVANCED_FACE('NONE',(#524),#51,.T.);
#370=ADVANCED_FACE('NONE',(#525),#52,.F.);
#371=ADVANCED_FACE('NONE',(#526),#53,.F.);
#372=ADVANCED_FACE('NONE',(#527),#73,.T.);
#373=ADVANCED_FACE('NONE',(#528),#74,.T.);
#374=ADVANCED_FACE('NONE',(#529),#75,.T.);
#375=ADVANCED_FACE('NONE',(#530),#54,.F.);
#376=ADVANCED_FACE('NONE',(#531),#55,.F.);
#377=ADVANCED_FACE('NONE',(#532),#56,.T.);
#378=ADVANCED_FACE('NONE',(#533),#76,.T.);
#379=ADVANCED_FACE('NONE',(#534),#57,.F.);
#380=ADVANCED_FACE('NONE',(#535),#58,.F.);
#381=ADVANCED_FACE('NONE',(#536),#77,.T.);
#382=ADVANCED_FACE('NONE',(#537),#59,.T.);
#383=ADVANCED_FACE('NONE',(#538),#60,.F.);
#384=ADVANCED_FACE('NONE',(#539),#61,.F.);
#385=ADVANCED_FACE('NONE',(#540),#78,.T.);
#386=ADVANCED_FACE('NONE',(#541),#79,.F.);
#387=ADVANCED_FACE('NONE',(#542),#80,.F.);
#388=ADVANCED_FACE('NONE',(#543),#81,.F.);
#389=ADVANCED_FACE('NONE',(#544),#82,.F.);
#390=ADVANCED_FACE('NONE',(#545),#83,.F.);
#391=ADVANCED_FACE('NONE',(#36,#37),#84,.T.);
#392=ADVANCED_FACE('NONE',(#546),#62,.T.);
#393=ADVANCED_FACE('NONE',(#547),#63,.T.);
#394=ADVANCED_FACE('NONE',(#548),#64,.F.);
#395=ADVANCED_FACE('NONE',(#549),#65,.F.);
#396=ADVANCED_FACE('NONE',(#550),#66,.F.);
#397=ADVANCED_FACE('NONE',(#551),#93,.T.);
#398=ADVANCED_FACE('NONE',(#552),#94,.T.);
#399=ADVANCED_FACE('NONE',(#553),#133,.T.);
#400=ADVANCED_FACE('NONE',(#554),#95,.T.);
#401=ADVANCED_FACE('NONE',(#555),#96,.T.);
#402=ADVANCED_FACE('NONE',(#556),#134,.T.);
#403=ADVANCED_FACE('NONE',(#557),#135,.T.);
#404=ADVANCED_FACE('NONE',(#558),#136,.T.);
#405=ADVANCED_FACE('NONE',(#559),#137,.T.);
#406=CYLINDRICAL_SURFACE('',#2250,9.99999999999999);
#407=CYLINDRICAL_SURFACE('',#2253,9.99999999999999);
#408=CYLINDRICAL_SURFACE('',#2256,10.);
#409=CYLINDRICAL_SURFACE('',#2259,10.);
#410=CYLINDRICAL_SURFACE('',#2322,1.);
#411=CYLINDRICAL_SURFACE('',#2324,1.);
#412=CYLINDRICAL_SURFACE('',#2333,1.);
#413=CYLINDRICAL_SURFACE('',#2341,1.);
#414=CYLINDRICAL_SURFACE('',#2343,1.);
#415=CYLINDRICAL_SURFACE('',#2374,1.);
#416=CYLINDRICAL_SURFACE('',#2376,1.);
#417=CYLINDRICAL_SURFACE('',#2384,1.);
#418=CYLINDRICAL_SURFACE('',#2393,1.);
#419=CYLINDRICAL_SURFACE('',#2395,1.);
#420=CYLINDRICAL_SURFACE('',#2410,5.);
#421=CYLINDRICAL_SURFACE('',#2411,5.);
#422=CYLINDRICAL_SURFACE('',#2412,5.);
#423=CYLINDRICAL_SURFACE('',#2413,5.);
#424=FACE_OUTER_BOUND('',#560,.T.);
#425=FACE_OUTER_BOUND('',#561,.T.);
#426=FACE_OUTER_BOUND('',#562,.T.);
#427=FACE_OUTER_BOUND('',#563,.T.);
#428=FACE_OUTER_BOUND('',#564,.T.);
#429=FACE_OUTER_BOUND('',#565,.T.);
#430=FACE_OUTER_BOUND('',#566,.T.);
#431=FACE_OUTER_BOUND('',#567,.T.);
#432=FACE_OUTER_BOUND('',#568,.T.);
#433=FACE_OUTER_BOUND('',#569,.T.);
#434=FACE_OUTER_BOUND('',#570,.T.);
#435=FACE_OUTER_BOUND('',#571,.T.);
#436=FACE_OUTER_BOUND('',#572,.T.);
#437=FACE_OUTER_BOUND('',#573,.T.);
#438=FACE_OUTER_BOUND('',#574,.T.);
#439=FACE_OUTER_BOUND('',#575,.T.);
#440=FACE_OUTER_BOUND('',#576,.T.);
#441=FACE_OUTER_BOUND('',#577,.T.);
#442=FACE_OUTER_BOUND('',#578,.T.);
#443=FACE_OUTER_BOUND('',#579,.T.);
#444=FACE_OUTER_BOUND('',#580,.T.);
#445=FACE_OUTER_BOUND('',#581,.T.);
#446=FACE_OUTER_BOUND('',#582,.T.);
#447=FACE_OUTER_BOUND('',#583,.T.);
#448=FACE_OUTER_BOUND('',#584,.T.);
#449=FACE_OUTER_BOUND('',#585,.T.);
#450=FACE_OUTER_BOUND('',#586,.T.);
#451=FACE_OUTER_BOUND('',#587,.T.);
#452=FACE_OUTER_BOUND('',#588,.T.);
#453=FACE_OUTER_BOUND('',#589,.T.);
#454=FACE_OUTER_BOUND('',#590,.T.);
#455=FACE_OUTER_BOUND('',#591,.T.);
#456=FACE_OUTER_BOUND('',#592,.T.);
#457=FACE_OUTER_BOUND('',#593,.T.);
#458=FACE_OUTER_BOUND('',#594,.T.);
#459=FACE_OUTER_BOUND('',#595,.T.);
#460=FACE_OUTER_BOUND('',#596,.T.);
#461=FACE_OUTER_BOUND('',#597,.T.);
#462=FACE_OUTER_BOUND('',#598,.T.);
#463=FACE_OUTER_BOUND('',#599,.T.);
#464=FACE_OUTER_BOUND('',#600,.T.);
#465=FACE_OUTER_BOUND('',#601,.T.);
#466=FACE_OUTER_BOUND('',#602,.T.);
#467=FACE_OUTER_BOUND('',#603,.T.);
#468=FACE_OUTER_BOUND('',#604,.T.);
#469=FACE_OUTER_BOUND('',#605,.T.);
#470=FACE_OUTER_BOUND('',#606,.T.);
#471=FACE_OUTER_BOUND('',#607,.T.);
#472=FACE_OUTER_BOUND('',#608,.T.);
#473=FACE_OUTER_BOUND('',#609,.T.);
#474=FACE_OUTER_BOUND('',#610,.T.);
#475=FACE_OUTER_BOUND('',#611,.T.);
#476=FACE_OUTER_BOUND('',#612,.T.);
#477=FACE_OUTER_BOUND('',#613,.T.);
#478=FACE_OUTER_BOUND('',#614,.T.);
#479=FACE_OUTER_BOUND('',#615,.T.);
#480=FACE_OUTER_BOUND('',#616,.T.);
#481=FACE_OUTER_BOUND('',#617,.T.);
#482=FACE_OUTER_BOUND('',#618,.T.);
#483=FACE_OUTER_BOUND('',#619,.T.);
#484=FACE_OUTER_BOUND('',#620,.T.);
#485=FACE_OUTER_BOUND('',#621,.T.);
#486=FACE_OUTER_BOUND('',#622,.T.);
#487=FACE_OUTER_BOUND('',#623,.T.);
#488=FACE_OUTER_BOUND('',#624,.T.);
#489=FACE_OUTER_BOUND('',#625,.T.);
#490=FACE_OUTER_BOUND('',#626,.T.);
#491=FACE_OUTER_BOUND('',#627,.T.);
#492=FACE_OUTER_BOUND('',#628,.T.);
#493=FACE_OUTER_BOUND('',#629,.T.);
#494=FACE_OUTER_BOUND('',#630,.T.);
#495=FACE_OUTER_BOUND('',#631,.T.);
#496=FACE_OUTER_BOUND('',#632,.T.);
#497=FACE_OUTER_BOUND('',#633,.T.);
#498=FACE_OUTER_BOUND('',#634,.T.);
#499=FACE_OUTER_BOUND('',#635,.T.);
#500=FACE_OUTER_BOUND('',#636,.T.);
#501=FACE_OUTER_BOUND('',#637,.T.);
#502=FACE_OUTER_BOUND('',#638,.T.);
#503=FACE_OUTER_BOUND('',#639,.T.);
#504=FACE_OUTER_BOUND('',#640,.T.);
#505=FACE_OUTER_BOUND('',#641,.T.);
#506=FACE_OUTER_BOUND('',#642,.T.);
#507=FACE_OUTER_BOUND('',#643,.T.);
#508=FACE_OUTER_BOUND('',#644,.T.);
#509=FACE_OUTER_BOUND('',#645,.T.);
#510=FACE_OUTER_BOUND('',#646,.T.);
#511=FACE_OUTER_BOUND('',#647,.T.);
#512=FACE_OUTER_BOUND('',#648,.T.);
#513=FACE_OUTER_BOUND('',#649,.T.);
#514=FACE_OUTER_BOUND('',#650,.T.);
#515=FACE_OUTER_BOUND('',#653,.T.);
#516=FACE_OUTER_BOUND('',#654,.T.);
#517=FACE_OUTER_BOUND('',#655,.T.);
#518=FACE_OUTER_BOUND('',#656,.T.);
#519=FACE_OUTER_BOUND('',#657,.T.);
#520=FACE_OUTER_BOUND('',#658,.T.);
#521=FACE_OUTER_BOUND('',#659,.T.);
#522=FACE_OUTER_BOUND('',#660,.T.);
#523=FACE_OUTER_BOUND('',#661,.T.);
#524=FACE_OUTER_BOUND('',#662,.T.);
#525=FACE_OUTER_BOUND('',#663,.T.);
#526=FACE_OUTER_BOUND('',#664,.T.);
#527=FACE_OUTER_BOUND('',#665,.T.);
#528=FACE_OUTER_BOUND('',#666,.T.);
#529=FACE_OUTER_BOUND('',#667,.T.);
#530=FACE_OUTER_BOUND('',#668,.T.);
#531=FACE_OUTER_BOUND('',#669,.T.);
#532=FACE_OUTER_BOUND('',#670,.T.);
#533=FACE_OUTER_BOUND('',#671,.T.);
#534=FACE_OUTER_BOUND('',#672,.T.);
#535=FACE_OUTER_BOUND('',#673,.T.);
#536=FACE_OUTER_BOUND('',#674,.T.);
#537=FACE_OUTER_BOUND('',#675,.T.);
#538=FACE_OUTER_BOUND('',#676,.T.);
#539=FACE_OUTER_BOUND('',#677,.T.);
#540=FACE_OUTER_BOUND('',#678,.T.);
#541=FACE_OUTER_BOUND('',#679,.T.);
#542=FACE_OUTER_BOUND('',#680,.T.);
#543=FACE_OUTER_BOUND('',#681,.T.);
#544=FACE_OUTER_BOUND('',#682,.T.);
#545=FACE_OUTER_BOUND('',#683,.T.);
#546=FACE_OUTER_BOUND('',#686,.T.);
#547=FACE_OUTER_BOUND('',#687,.T.);
#548=FACE_OUTER_BOUND('',#688,.T.);
#549=FACE_OUTER_BOUND('',#689,.T.);
#550=FACE_OUTER_BOUND('',#690,.T.);
#551=FACE_OUTER_BOUND('',#691,.T.);
#552=FACE_OUTER_BOUND('',#692,.T.);
#553=FACE_OUTER_BOUND('',#693,.T.);
#554=FACE_OUTER_BOUND('',#694,.T.);
#555=FACE_OUTER_BOUND('',#695,.T.);
#556=FACE_OUTER_BOUND('',#696,.T.);
#557=FACE_OUTER_BOUND('',#697,.T.);
#558=FACE_OUTER_BOUND('',#698,.T.);
#559=FACE_OUTER_BOUND('',#699,.T.);
#560=EDGE_LOOP('',(#842,#843,#844,#845));
#561=EDGE_LOOP('',(#846,#847,#848,#849));
#562=EDGE_LOOP('',(#850,#851,#852,#853));
#563=EDGE_LOOP('',(#854,#855,#856,#857));
#564=EDGE_LOOP('',(#858,#859,#860,#861));
#565=EDGE_LOOP('',(#862,#863,#864,#865,#866));
#566=EDGE_LOOP('',(#867,#868,#869,#870,#871));
#567=EDGE_LOOP('',(#872,#873,#874,#875));
#568=EDGE_LOOP('',(#876,#877,#878,#879));
#569=EDGE_LOOP('',(#880,#881,#882,#883));
#570=EDGE_LOOP('',(#884,#885,#886,#887));
#571=EDGE_LOOP('',(#888,#889,#890,#891));
#572=EDGE_LOOP('',(#892,#893,#894,#895));
#573=EDGE_LOOP('',(#896,#897,#898,#899));
#574=EDGE_LOOP('',(#900,#901,#902,#903));
#575=EDGE_LOOP('',(#904,#905,#906,#907));
#576=EDGE_LOOP('',(#908,#909,#910,#911));
#577=EDGE_LOOP('',(#912,#913,#914,#915));
#578=EDGE_LOOP('',(#916,#917,#918,#919));
#579=EDGE_LOOP('',(#920,#921,#922,#923));
#580=EDGE_LOOP('',(#924,#925,#926,#927));
#581=EDGE_LOOP('',(#928,#929,#930,#931));
#582=EDGE_LOOP('',(#932,#933,#934,#935));
#583=EDGE_LOOP('',(#936,#937,#938,#939));
#584=EDGE_LOOP('',(#940,#941,#942,#943));
#585=EDGE_LOOP('',(#944,#945,#946,#947));
#586=EDGE_LOOP('',(#948,#949,#950,#951));
#587=EDGE_LOOP('',(#952,#953,#954,#955));
#588=EDGE_LOOP('',(#956,#957,#958,#959));
#589=EDGE_LOOP('',(#960,#961,#962,#963));
#590=EDGE_LOOP('',(#964,#965,#966,#967));
#591=EDGE_LOOP('',(#968,#969,#970,#971));
#592=EDGE_LOOP('',(#972,#973,#974,#975));
#593=EDGE_LOOP('',(#976,#977,#978,#979));
#594=EDGE_LOOP('',(#980,#981,#982,#983));
#595=EDGE_LOOP('',(#984,#985,#986,#987));
#596=EDGE_LOOP('',(#988,#989,#990,#991));
#597=EDGE_LOOP('',(#992,#993,#994,#995));
#598=EDGE_LOOP('',(#996,#997,#998,#999));
#599=EDGE_LOOP('',(#1000,#1001,#1002,#1003));
#600=EDGE_LOOP('',(#1004,#1005,#1006,#1007));
#601=EDGE_LOOP('',(#1008,#1009,#1010,#1011));
#602=EDGE_LOOP('',(#1012,#1013,#1014,#1015));
#603=EDGE_LOOP('',(#1016,#1017,#1018,#1019));
#604=EDGE_LOOP('',(#1020,#1021,#1022,#1023));
#605=EDGE_LOOP('',(#1024,#1025,#1026,#1027));
#606=EDGE_LOOP('',(#1028,#1029,#1030,#1031));
#607=EDGE_LOOP('',(#1032,#1033,#1034,#1035));
#608=EDGE_LOOP('',(#1036,#1037,#1038,#1039));
#609=EDGE_LOOP('',(#1040,#1041,#1042,#1043));
#610=EDGE_LOOP('',(#1044,#1045,#1046,#1047));
#611=EDGE_LOOP('',(#1048,#1049,#1050,#1051));
#612=EDGE_LOOP('',(#1052,#1053,#1054,#1055));
#613=EDGE_LOOP('',(#1056,#1057,#1058,#1059));
#614=EDGE_LOOP('',(#1060,#1061,#1062,#1063));
#615=EDGE_LOOP('',(#1064,#1065,#1066,#1067));
#616=EDGE_LOOP('',(#1068,#1069,#1070,#1071));
#617=EDGE_LOOP('',(#1072,#1073,#1074,#1075));
#618=EDGE_LOOP('',(#1076,#1077,#1078,#1079));
#619=EDGE_LOOP('',(#1080,#1081,#1082,#1083));
#620=EDGE_LOOP('',(#1084,#1085,#1086,#1087));
#621=EDGE_LOOP('',(#1088,#1089,#1090,#1091));
#622=EDGE_LOOP('',(#1092,#1093,#1094,#1095));
#623=EDGE_LOOP('',(#1096,#1097,#1098,#1099));
#624=EDGE_LOOP('',(#1100,#1101,#1102,#1103));
#625=EDGE_LOOP('',(#1104,#1105,#1106,#1107));
#626=EDGE_LOOP('',(#1108,#1109,#1110,#1111,#1112));
#627=EDGE_LOOP('',(#1113,#1114,#1115,#1116));
#628=EDGE_LOOP('',(#1117,#1118,#1119,#1120));
#629=EDGE_LOOP('',(#1121,#1122,#1123,#1124));
#630=EDGE_LOOP('',(#1125,#1126,#1127,#1128));
#631=EDGE_LOOP('',(#1129,#1130,#1131,#1132));
#632=EDGE_LOOP('',(#1133,#1134,#1135,#1136));
#633=EDGE_LOOP('',(#1137,#1138,#1139,#1140,#1141));
#634=EDGE_LOOP('',(#1142,#1143,#1144,#1145,#1146));
#635=EDGE_LOOP('',(#1147,#1148,#1149,#1150));
#636=EDGE_LOOP('',(#1151,#1152,#1153,#1154,#1155));
#637=EDGE_LOOP('',(#1156,#1157,#1158,#1159,#1160));
#638=EDGE_LOOP('',(#1161,#1162,#1163,#1164));
#639=EDGE_LOOP('',(#1165,#1166,#1167,#1168));
#640=EDGE_LOOP('',(#1169,#1170,#1171,#1172));
#641=EDGE_LOOP('',(#1173,#1174,#1175,#1176));
#642=EDGE_LOOP('',(#1177,#1178,#1179,#1180,#1181,#1182,#1183,#1184,#1185,
#1186,#1187,#1188,#1189,#1190,#1191,#1192,#1193,#1194,#1195));
#643=EDGE_LOOP('',(#1196,#1197,#1198,#1199));
#644=EDGE_LOOP('',(#1200,#1201,#1202,#1203));
#645=EDGE_LOOP('',(#1204,#1205,#1206,#1207));
#646=EDGE_LOOP('',(#1208,#1209,#1210,#1211));
#647=EDGE_LOOP('',(#1212,#1213,#1214,#1215));
#648=EDGE_LOOP('',(#1216,#1217,#1218,#1219,#1220));
#649=EDGE_LOOP('',(#1221,#1222,#1223,#1224,#1225));
#650=EDGE_LOOP('',(#1226,#1227,#1228,#1229));
#651=EDGE_LOOP('',(#1230,#1231,#1232,#1233,#1234,#1235,#1236,#1237,#1238,
#1239,#1240,#1241,#1242,#1243,#1244,#1245,#1246,#1247,#1248,#1249,#1250,
#1251,#1252,#1253,#1254,#1255,#1256,#1257,#1258,#1259,#1260,#1261,#1262,
#1263,#1264,#1265,#1266,#1267,#1268,#1269,#1270,#1271,#1272,#1273,#1274,
#1275));
#652=EDGE_LOOP('',(#1276,#1277,#1278,#1279,#1280,#1281,#1282,#1283,#1284,
#1285,#1286,#1287,#1288,#1289,#1290,#1291,#1292,#1293,#1294));
#653=EDGE_LOOP('',(#1295,#1296,#1297,#1298));
#654=EDGE_LOOP('',(#1299,#1300,#1301,#1302));
#655=EDGE_LOOP('',(#1303,#1304,#1305,#1306));
#656=EDGE_LOOP('',(#1307,#1308,#1309,#1310));
#657=EDGE_LOOP('',(#1311,#1312,#1313,#1314));
#658=EDGE_LOOP('',(#1315,#1316,#1317,#1318));
#659=EDGE_LOOP('',(#1319,#1320,#1321,#1322));
#660=EDGE_LOOP('',(#1323,#1324,#1325,#1326));
#661=EDGE_LOOP('',(#1327,#1328,#1329,#1330));
#662=EDGE_LOOP('',(#1331,#1332,#1333,#1334));
#663=EDGE_LOOP('',(#1335,#1336,#1337,#1338));
#664=EDGE_LOOP('',(#1339,#1340,#1341,#1342));
#665=EDGE_LOOP('',(#1343,#1344,#1345,#1346));
#666=EDGE_LOOP('',(#1347,#1348,#1349,#1350));
#667=EDGE_LOOP('',(#1351,#1352,#1353,#1354));
#668=EDGE_LOOP('',(#1355,#1356,#1357,#1358));
#669=EDGE_LOOP('',(#1359,#1360,#1361,#1362));
#670=EDGE_LOOP('',(#1363,#1364,#1365,#1366));
#671=EDGE_LOOP('',(#1367,#1368,#1369,#1370));
#672=EDGE_LOOP('',(#1371,#1372,#1373,#1374));
#673=EDGE_LOOP('',(#1375,#1376,#1377,#1378));
#674=EDGE_LOOP('',(#1379,#1380,#1381,#1382));
#675=EDGE_LOOP('',(#1383,#1384,#1385,#1386,#1387));
#676=EDGE_LOOP('',(#1388,#1389,#1390,#1391));
#677=EDGE_LOOP('',(#1392,#1393,#1394,#1395));
#678=EDGE_LOOP('',(#1396,#1397,#1398,#1399));
#679=EDGE_LOOP('',(#1400,#1401,#1402,#1403,#1404,#1405,#1406,#1407));
#680=EDGE_LOOP('',(#1408,#1409,#1410,#1411));
#681=EDGE_LOOP('',(#1412,#1413,#1414,#1415));
#682=EDGE_LOOP('',(#1416,#1417,#1418,#1419));
#683=EDGE_LOOP('',(#1420,#1421,#1422,#1423));
#684=EDGE_LOOP('',(#1424,#1425,#1426,#1427,#1428,#1429,#1430,#1431,#1432,
#1433,#1434,#1435,#1436,#1437,#1438,#1439,#1440,#1441,#1442,#1443,#1444,
#1445,#1446,#1447,#1448,#1449,#1450,#1451,#1452,#1453,#1454,#1455,#1456,
#1457,#1458,#1459,#1460,#1461,#1462,#1463,#1464,#1465));
#685=EDGE_LOOP('',(#1466,#1467,#1468,#1469,#1470,#1471,#1472,#1473));
#686=EDGE_LOOP('',(#1474,#1475,#1476,#1477));
#687=EDGE_LOOP('',(#1478,#1479,#1480,#1481));
#688=EDGE_LOOP('',(#1482,#1483,#1484,#1485));
#689=EDGE_LOOP('',(#1486,#1487,#1488,#1489));
#690=EDGE_LOOP('',(#1490,#1491,#1492,#1493));
#691=EDGE_LOOP('',(#1494,#1495,#1496,#1497));
#692=EDGE_LOOP('',(#1498,#1499,#1500,#1501));
#693=EDGE_LOOP('',(#1502,#1503,#1504,#1505));
#694=EDGE_LOOP('',(#1506,#1507,#1508,#1509));
#695=EDGE_LOOP('',(#1510,#1511,#1512,#1513));
#696=EDGE_LOOP('',(#1514,#1515,#1516,#1517));
#697=EDGE_LOOP('',(#1518,#1519,#1520,#1521));
#698=EDGE_LOOP('',(#1522,#1523,#1524,#1525));
#699=EDGE_LOOP('',(#1526,#1527,#1528,#1529));
#700=LINE('',#3096,#771);
#701=LINE('',#3100,#772);
#702=LINE('',#3105,#773);
#703=LINE('',#3109,#774);
#704=LINE('',#3114,#775);
#705=LINE('',#3118,#776);
#706=LINE('',#3123,#777);
#707=LINE('',#3127,#778);
#708=LINE('',#4273,#779);
#709=LINE('',#4274,#780);
#710=LINE('',#4279,#781);
#711=LINE('',#4280,#782);
#712=LINE('',#4384,#783);
#713=LINE('',#4385,#784);
#714=LINE('',#4434,#785);
#715=LINE('',#4435,#786);
#716=LINE('',#4440,#787);
#717=LINE('',#4441,#788);
#718=LINE('',#4789,#789);
#719=LINE('',#4790,#790);
#720=LINE('',#4795,#791);
#721=LINE('',#4796,#792);
#722=LINE('',#4842,#793);
#723=LINE('',#4846,#794);
#724=LINE('',#4947,#795);
#725=LINE('',#4951,#796);
#726=LINE('',#4956,#797);
#727=LINE('',#4957,#798);
#728=LINE('',#5327,#799);
#729=LINE('',#5333,#800);
#730=LINE('',#5340,#801);
#731=LINE('',#5346,#802);
#732=LINE('',#5402,#803);
#733=LINE('',#5408,#804);
#734=LINE('',#5415,#805);
#735=LINE('',#5421,#806);
#736=LINE('',#5702,#807);
#737=LINE('',#5704,#808);
#738=LINE('',#5712,#809);
#739=LINE('',#5736,#810);
#740=LINE('',#5738,#811);
#741=LINE('',#5740,#812);
#742=LINE('',#5744,#813);
#743=LINE('',#5750,#814);
#744=LINE('',#5752,#815);
#745=LINE('',#5756,#816);
#746=LINE('',#5760,#817);
#747=LINE('',#5762,#818);
#748=LINE('',#5764,#819);
#749=LINE('',#5770,#820);
#750=LINE('',#5774,#821);
#751=LINE('',#5776,#822);
#752=LINE('',#5778,#823);
#753=LINE('',#5780,#824);
#754=LINE('',#5784,#825);
#755=LINE('',#5788,#826);
#756=LINE('',#5792,#827);
#757=LINE('',#5794,#828);
#758=LINE('',#5798,#829);
#759=LINE('',#5802,#830);
#760=LINE('',#5805,#831);
#761=LINE('',#5811,#832);
#762=LINE('',#5815,#833);
#763=LINE('',#5817,#834);
#764=LINE('',#5818,#835);
#765=LINE('',#5819,#836);
#766=LINE('',#5820,#837);
#767=LINE('',#5822,#838);
#768=LINE('',#5824,#839);
#769=LINE('',#5826,#840);
#770=LINE('',#5828,#841);
#771=VECTOR('',#2509,1.);
#772=VECTOR('',#2512,1.);
#773=VECTOR('',#2517,1.);
#774=VECTOR('',#2520,1.);
#775=VECTOR('',#2525,1.);
#776=VECTOR('',#2528,1.);
#777=VECTOR('',#2533,1.);
#778=VECTOR('',#2536,1.);
#779=VECTOR('',#2663,1.);
#780=VECTOR('',#2664,1.);
#781=VECTOR('',#2669,1.);
#782=VECTOR('',#2670,1.);
#783=VECTOR('',#2689,1.);
#784=VECTOR('',#2690,1.);
#785=VECTOR('',#2707,1.);
#786=VECTOR('',#2708,1.);
#787=VECTOR('',#2713,1.);
#788=VECTOR('',#2714,1.);
#789=VECTOR('',#2777,1.);
#790=VECTOR('',#2778,1.);
#791=VECTOR('',#2783,1.);
#792=VECTOR('',#2784,1.);
#793=VECTOR('',#2799,1.);
#794=VECTOR('',#2802,1.);
#795=VECTOR('',#2819,1.);
#796=VECTOR('',#2822,1.);
#797=VECTOR('',#2827,1.);
#798=VECTOR('',#2828,1.);
#799=VECTOR('',#2859,1.);
#800=VECTOR('',#2860,1.);
#801=VECTOR('',#2863,1.);
#802=VECTOR('',#2864,1.);
#803=VECTOR('',#2867,1.);
#804=VECTOR('',#2868,1.);
#805=VECTOR('',#2871,1.);
#806=VECTOR('',#2872,1.);
#807=VECTOR('',#2901,1.);
#808=VECTOR('',#2904,1.);
#809=VECTOR('',#2919,1.);
#810=VECTOR('',#2934,1.);
#811=VECTOR('',#2937,1.);
#812=VECTOR('',#2938,1.);
#813=VECTOR('',#2945,1.);
#814=VECTOR('',#2954,1.);
#815=VECTOR('',#2955,1.);
#816=VECTOR('',#2962,1.);
#817=VECTOR('',#2967,1.);
#818=VECTOR('',#2970,1.);
#819=VECTOR('',#2971,1.);
#820=VECTOR('',#2980,1.);
#821=VECTOR('',#2985,1.);
#822=VECTOR('',#2988,1.);
#823=VECTOR('',#2991,1.);
#824=VECTOR('',#2992,1.);
#825=VECTOR('',#2999,1.);
#826=VECTOR('',#3004,1.);
#827=VECTOR('',#3009,1.);
#828=VECTOR('',#3010,1.);
#829=VECTOR('',#3017,1.);
#830=VECTOR('',#3022,1.);
#831=VECTOR('',#3027,1.);
#832=VECTOR('',#3036,1.);
#833=VECTOR('',#3041,1.);
#834=VECTOR('',#3044,1.);
#835=VECTOR('',#3045,1.);
#836=VECTOR('',#3046,1.);
#837=VECTOR('',#3047,1.);
#838=VECTOR('',#3050,1.);
#839=VECTOR('',#3053,1.);
#840=VECTOR('',#3056,1.);
#841=VECTOR('',#3059,1.);
#842=ORIENTED_EDGE('',*,*,#1740,.F.);
#843=ORIENTED_EDGE('',*,*,#1741,.F.);
#844=ORIENTED_EDGE('',*,*,#1742,.F.);
#845=ORIENTED_EDGE('',*,*,#1743,.F.);
#846=ORIENTED_EDGE('',*,*,#1744,.F.);
#847=ORIENTED_EDGE('',*,*,#1745,.F.);
#848=ORIENTED_EDGE('',*,*,#1746,.F.);
#849=ORIENTED_EDGE('',*,*,#1747,.F.);
#850=ORIENTED_EDGE('',*,*,#1748,.F.);
#851=ORIENTED_EDGE('',*,*,#1749,.F.);
#852=ORIENTED_EDGE('',*,*,#1750,.F.);
#853=ORIENTED_EDGE('',*,*,#1751,.F.);
#854=ORIENTED_EDGE('',*,*,#1752,.F.);
#855=ORIENTED_EDGE('',*,*,#1753,.F.);
#856=ORIENTED_EDGE('',*,*,#1754,.F.);
#857=ORIENTED_EDGE('',*,*,#1755,.F.);
#858=ORIENTED_EDGE('',*,*,#1756,.T.);
#859=ORIENTED_EDGE('',*,*,#1757,.F.);
#860=ORIENTED_EDGE('',*,*,#1758,.T.);
#861=ORIENTED_EDGE('',*,*,#1759,.F.);
#862=ORIENTED_EDGE('',*,*,#1760,.T.);
#863=ORIENTED_EDGE('',*,*,#1761,.F.);
#864=ORIENTED_EDGE('',*,*,#1758,.F.);
#865=ORIENTED_EDGE('',*,*,#1762,.F.);
#866=ORIENTED_EDGE('',*,*,#1763,.F.);
#867=ORIENTED_EDGE('',*,*,#1764,.T.);
#868=ORIENTED_EDGE('',*,*,#1765,.F.);
#869=ORIENTED_EDGE('',*,*,#1766,.F.);
#870=ORIENTED_EDGE('',*,*,#1756,.F.);
#871=ORIENTED_EDGE('',*,*,#1767,.F.);
#872=ORIENTED_EDGE('',*,*,#1768,.T.);
#873=ORIENTED_EDGE('',*,*,#1769,.F.);
#874=ORIENTED_EDGE('',*,*,#1760,.F.);
#875=ORIENTED_EDGE('',*,*,#1770,.F.);
#876=ORIENTED_EDGE('',*,*,#1771,.T.);
#877=ORIENTED_EDGE('',*,*,#1772,.F.);
#878=ORIENTED_EDGE('',*,*,#1764,.F.);
#879=ORIENTED_EDGE('',*,*,#1773,.F.);
#880=ORIENTED_EDGE('',*,*,#1774,.T.);
#881=ORIENTED_EDGE('',*,*,#1775,.F.);
#882=ORIENTED_EDGE('',*,*,#1768,.F.);
#883=ORIENTED_EDGE('',*,*,#1776,.F.);
#884=ORIENTED_EDGE('',*,*,#1777,.T.);
#885=ORIENTED_EDGE('',*,*,#1778,.F.);
#886=ORIENTED_EDGE('',*,*,#1771,.F.);
#887=ORIENTED_EDGE('',*,*,#1779,.F.);
#888=ORIENTED_EDGE('',*,*,#1780,.T.);
#889=ORIENTED_EDGE('',*,*,#1781,.F.);
#890=ORIENTED_EDGE('',*,*,#1774,.F.);
#891=ORIENTED_EDGE('',*,*,#1782,.F.);
#892=ORIENTED_EDGE('',*,*,#1783,.T.);
#893=ORIENTED_EDGE('',*,*,#1784,.F.);
#894=ORIENTED_EDGE('',*,*,#1777,.F.);
#895=ORIENTED_EDGE('',*,*,#1785,.F.);
#896=ORIENTED_EDGE('',*,*,#1786,.F.);
#897=ORIENTED_EDGE('',*,*,#1787,.F.);
#898=ORIENTED_EDGE('',*,*,#1788,.T.);
#899=ORIENTED_EDGE('',*,*,#1789,.F.);
#900=ORIENTED_EDGE('',*,*,#1790,.T.);
#901=ORIENTED_EDGE('',*,*,#1791,.F.);
#902=ORIENTED_EDGE('',*,*,#1783,.F.);
#903=ORIENTED_EDGE('',*,*,#1792,.F.);
#904=ORIENTED_EDGE('',*,*,#1793,.T.);
#905=ORIENTED_EDGE('',*,*,#1794,.F.);
#906=ORIENTED_EDGE('',*,*,#1788,.F.);
#907=ORIENTED_EDGE('',*,*,#1795,.F.);
#908=ORIENTED_EDGE('',*,*,#1796,.T.);
#909=ORIENTED_EDGE('',*,*,#1797,.F.);
#910=ORIENTED_EDGE('',*,*,#1790,.F.);
#911=ORIENTED_EDGE('',*,*,#1798,.F.);
#912=ORIENTED_EDGE('',*,*,#1799,.F.);
#913=ORIENTED_EDGE('',*,*,#1800,.F.);
#914=ORIENTED_EDGE('',*,*,#1801,.T.);
#915=ORIENTED_EDGE('',*,*,#1802,.F.);
#916=ORIENTED_EDGE('',*,*,#1803,.F.);
#917=ORIENTED_EDGE('',*,*,#1804,.F.);
#918=ORIENTED_EDGE('',*,*,#1796,.F.);
#919=ORIENTED_EDGE('',*,*,#1805,.F.);
#920=ORIENTED_EDGE('',*,*,#1801,.F.);
#921=ORIENTED_EDGE('',*,*,#1806,.F.);
#922=ORIENTED_EDGE('',*,*,#1807,.F.);
#923=ORIENTED_EDGE('',*,*,#1808,.F.);
#924=ORIENTED_EDGE('',*,*,#1809,.F.);
#925=ORIENTED_EDGE('',*,*,#1797,.T.);
#926=ORIENTED_EDGE('',*,*,#1810,.F.);
#927=ORIENTED_EDGE('',*,*,#1811,.F.);
#928=ORIENTED_EDGE('',*,*,#1812,.F.);
#929=ORIENTED_EDGE('',*,*,#1806,.T.);
#930=ORIENTED_EDGE('',*,*,#1813,.F.);
#931=ORIENTED_EDGE('',*,*,#1814,.F.);
#932=ORIENTED_EDGE('',*,*,#1815,.F.);
#933=ORIENTED_EDGE('',*,*,#1784,.T.);
#934=ORIENTED_EDGE('',*,*,#1816,.F.);
#935=ORIENTED_EDGE('',*,*,#1817,.F.);
#936=ORIENTED_EDGE('',*,*,#1818,.F.);
#937=ORIENTED_EDGE('',*,*,#1772,.T.);
#938=ORIENTED_EDGE('',*,*,#1819,.F.);
#939=ORIENTED_EDGE('',*,*,#1820,.F.);
#940=ORIENTED_EDGE('',*,*,#1821,.F.);
#941=ORIENTED_EDGE('',*,*,#1757,.T.);
#942=ORIENTED_EDGE('',*,*,#1822,.F.);
#943=ORIENTED_EDGE('',*,*,#1823,.F.);
#944=ORIENTED_EDGE('',*,*,#1824,.F.);
#945=ORIENTED_EDGE('',*,*,#1770,.T.);
#946=ORIENTED_EDGE('',*,*,#1825,.F.);
#947=ORIENTED_EDGE('',*,*,#1826,.F.);
#948=ORIENTED_EDGE('',*,*,#1827,.F.);
#949=ORIENTED_EDGE('',*,*,#1782,.T.);
#950=ORIENTED_EDGE('',*,*,#1828,.F.);
#951=ORIENTED_EDGE('',*,*,#1829,.F.);
#952=ORIENTED_EDGE('',*,*,#1830,.F.);
#953=ORIENTED_EDGE('',*,*,#1795,.T.);
#954=ORIENTED_EDGE('',*,*,#1831,.F.);
#955=ORIENTED_EDGE('',*,*,#1832,.F.);
#956=ORIENTED_EDGE('',*,*,#1833,.T.);
#957=ORIENTED_EDGE('',*,*,#1834,.F.);
#958=ORIENTED_EDGE('',*,*,#1835,.T.);
#959=ORIENTED_EDGE('',*,*,#1836,.F.);
#960=ORIENTED_EDGE('',*,*,#1837,.F.);
#961=ORIENTED_EDGE('',*,*,#1838,.F.);
#962=ORIENTED_EDGE('',*,*,#1835,.F.);
#963=ORIENTED_EDGE('',*,*,#1839,.F.);
#964=ORIENTED_EDGE('',*,*,#1840,.T.);
#965=ORIENTED_EDGE('',*,*,#1841,.F.);
#966=ORIENTED_EDGE('',*,*,#1833,.F.);
#967=ORIENTED_EDGE('',*,*,#1842,.F.);
#968=ORIENTED_EDGE('',*,*,#1843,.T.);
#969=ORIENTED_EDGE('',*,*,#1844,.F.);
#970=ORIENTED_EDGE('',*,*,#1845,.F.);
#971=ORIENTED_EDGE('',*,*,#1846,.F.);
#972=ORIENTED_EDGE('',*,*,#1847,.T.);
#973=ORIENTED_EDGE('',*,*,#1848,.F.);
#974=ORIENTED_EDGE('',*,*,#1840,.F.);
#975=ORIENTED_EDGE('',*,*,#1849,.F.);
#976=ORIENTED_EDGE('',*,*,#1850,.T.);
#977=ORIENTED_EDGE('',*,*,#1851,.F.);
#978=ORIENTED_EDGE('',*,*,#1843,.F.);
#979=ORIENTED_EDGE('',*,*,#1852,.F.);
#980=ORIENTED_EDGE('',*,*,#1853,.T.);
#981=ORIENTED_EDGE('',*,*,#1854,.F.);
#982=ORIENTED_EDGE('',*,*,#1847,.F.);
#983=ORIENTED_EDGE('',*,*,#1855,.F.);
#984=ORIENTED_EDGE('',*,*,#1856,.T.);
#985=ORIENTED_EDGE('',*,*,#1857,.F.);
#986=ORIENTED_EDGE('',*,*,#1850,.F.);
#987=ORIENTED_EDGE('',*,*,#1858,.F.);
#988=ORIENTED_EDGE('',*,*,#1859,.F.);
#989=ORIENTED_EDGE('',*,*,#1860,.F.);
#990=ORIENTED_EDGE('',*,*,#1861,.T.);
#991=ORIENTED_EDGE('',*,*,#1862,.F.);
#992=ORIENTED_EDGE('',*,*,#1863,.T.);
#993=ORIENTED_EDGE('',*,*,#1864,.F.);
#994=ORIENTED_EDGE('',*,*,#1856,.F.);
#995=ORIENTED_EDGE('',*,*,#1865,.F.);
#996=ORIENTED_EDGE('',*,*,#1866,.T.);
#997=ORIENTED_EDGE('',*,*,#1867,.F.);
#998=ORIENTED_EDGE('',*,*,#1861,.F.);
#999=ORIENTED_EDGE('',*,*,#1868,.F.);
#1000=ORIENTED_EDGE('',*,*,#1869,.T.);
#1001=ORIENTED_EDGE('',*,*,#1870,.F.);
#1002=ORIENTED_EDGE('',*,*,#1863,.F.);
#1003=ORIENTED_EDGE('',*,*,#1871,.F.);
#1004=ORIENTED_EDGE('',*,*,#1872,.F.);
#1005=ORIENTED_EDGE('',*,*,#1873,.F.);
#1006=ORIENTED_EDGE('',*,*,#1874,.T.);
#1007=ORIENTED_EDGE('',*,*,#1875,.F.);
#1008=ORIENTED_EDGE('',*,*,#1876,.T.);
#1009=ORIENTED_EDGE('',*,*,#1877,.F.);
#1010=ORIENTED_EDGE('',*,*,#1869,.F.);
#1011=ORIENTED_EDGE('',*,*,#1878,.F.);
#1012=ORIENTED_EDGE('',*,*,#1879,.T.);
#1013=ORIENTED_EDGE('',*,*,#1880,.F.);
#1014=ORIENTED_EDGE('',*,*,#1874,.F.);
#1015=ORIENTED_EDGE('',*,*,#1881,.F.);
#1016=ORIENTED_EDGE('',*,*,#1882,.T.);
#1017=ORIENTED_EDGE('',*,*,#1883,.F.);
#1018=ORIENTED_EDGE('',*,*,#1876,.F.);
#1019=ORIENTED_EDGE('',*,*,#1884,.F.);
#1020=ORIENTED_EDGE('',*,*,#1885,.T.);
#1021=ORIENTED_EDGE('',*,*,#1886,.F.);
#1022=ORIENTED_EDGE('',*,*,#1879,.F.);
#1023=ORIENTED_EDGE('',*,*,#1887,.F.);
#1024=ORIENTED_EDGE('',*,*,#1888,.F.);
#1025=ORIENTED_EDGE('',*,*,#1889,.F.);
#1026=ORIENTED_EDGE('',*,*,#1882,.F.);
#1027=ORIENTED_EDGE('',*,*,#1890,.F.);
#1028=ORIENTED_EDGE('',*,*,#1891,.T.);
#1029=ORIENTED_EDGE('',*,*,#1892,.F.);
#1030=ORIENTED_EDGE('',*,*,#1885,.F.);
#1031=ORIENTED_EDGE('',*,*,#1893,.F.);
#1032=ORIENTED_EDGE('',*,*,#1894,.T.);
#1033=ORIENTED_EDGE('',*,*,#1895,.F.);
#1034=ORIENTED_EDGE('',*,*,#1896,.F.);
#1035=ORIENTED_EDGE('',*,*,#1897,.F.);
#1036=ORIENTED_EDGE('',*,*,#1898,.T.);
#1037=ORIENTED_EDGE('',*,*,#1899,.F.);
#1038=ORIENTED_EDGE('',*,*,#1891,.F.);
#1039=ORIENTED_EDGE('',*,*,#1900,.F.);
#1040=ORIENTED_EDGE('',*,*,#1901,.T.);
#1041=ORIENTED_EDGE('',*,*,#1902,.F.);
#1042=ORIENTED_EDGE('',*,*,#1894,.F.);
#1043=ORIENTED_EDGE('',*,*,#1903,.F.);
#1044=ORIENTED_EDGE('',*,*,#1904,.T.);
#1045=ORIENTED_EDGE('',*,*,#1905,.F.);
#1046=ORIENTED_EDGE('',*,*,#1898,.F.);
#1047=ORIENTED_EDGE('',*,*,#1906,.F.);
#1048=ORIENTED_EDGE('',*,*,#1907,.T.);
#1049=ORIENTED_EDGE('',*,*,#1908,.F.);
#1050=ORIENTED_EDGE('',*,*,#1901,.F.);
#1051=ORIENTED_EDGE('',*,*,#1909,.F.);
#1052=ORIENTED_EDGE('',*,*,#1910,.T.);
#1053=ORIENTED_EDGE('',*,*,#1911,.F.);
#1054=ORIENTED_EDGE('',*,*,#1904,.F.);
#1055=ORIENTED_EDGE('',*,*,#1912,.F.);
#1056=ORIENTED_EDGE('',*,*,#1913,.T.);
#1057=ORIENTED_EDGE('',*,*,#1914,.F.);
#1058=ORIENTED_EDGE('',*,*,#1907,.F.);
#1059=ORIENTED_EDGE('',*,*,#1915,.F.);
#1060=ORIENTED_EDGE('',*,*,#1916,.T.);
#1061=ORIENTED_EDGE('',*,*,#1917,.F.);
#1062=ORIENTED_EDGE('',*,*,#1910,.F.);
#1063=ORIENTED_EDGE('',*,*,#1918,.F.);
#1064=ORIENTED_EDGE('',*,*,#1919,.F.);
#1065=ORIENTED_EDGE('',*,*,#1920,.F.);
#1066=ORIENTED_EDGE('',*,*,#1913,.F.);
#1067=ORIENTED_EDGE('',*,*,#1921,.F.);
#1068=ORIENTED_EDGE('',*,*,#1922,.T.);
#1069=ORIENTED_EDGE('',*,*,#1923,.F.);
#1070=ORIENTED_EDGE('',*,*,#1916,.F.);
#1071=ORIENTED_EDGE('',*,*,#1924,.F.);
#1072=ORIENTED_EDGE('',*,*,#1925,.T.);
#1073=ORIENTED_EDGE('',*,*,#1926,.F.);
#1074=ORIENTED_EDGE('',*,*,#1927,.F.);
#1075=ORIENTED_EDGE('',*,*,#1928,.F.);
#1076=ORIENTED_EDGE('',*,*,#1929,.T.);
#1077=ORIENTED_EDGE('',*,*,#1930,.F.);
#1078=ORIENTED_EDGE('',*,*,#1922,.F.);
#1079=ORIENTED_EDGE('',*,*,#1931,.F.);
#1080=ORIENTED_EDGE('',*,*,#1932,.F.);
#1081=ORIENTED_EDGE('',*,*,#1933,.F.);
#1082=ORIENTED_EDGE('',*,*,#1925,.F.);
#1083=ORIENTED_EDGE('',*,*,#1934,.F.);
#1084=ORIENTED_EDGE('',*,*,#1935,.T.);
#1085=ORIENTED_EDGE('',*,*,#1936,.F.);
#1086=ORIENTED_EDGE('',*,*,#1929,.F.);
#1087=ORIENTED_EDGE('',*,*,#1937,.F.);
#1088=ORIENTED_EDGE('',*,*,#1938,.T.);
#1089=ORIENTED_EDGE('',*,*,#1939,.F.);
#1090=ORIENTED_EDGE('',*,*,#1940,.F.);
#1091=ORIENTED_EDGE('',*,*,#1941,.F.);
#1092=ORIENTED_EDGE('',*,*,#1942,.T.);
#1093=ORIENTED_EDGE('',*,*,#1943,.F.);
#1094=ORIENTED_EDGE('',*,*,#1935,.F.);
#1095=ORIENTED_EDGE('',*,*,#1944,.F.);
#1096=ORIENTED_EDGE('',*,*,#1945,.T.);
#1097=ORIENTED_EDGE('',*,*,#1946,.F.);
#1098=ORIENTED_EDGE('',*,*,#1938,.F.);
#1099=ORIENTED_EDGE('',*,*,#1947,.F.);
#1100=ORIENTED_EDGE('',*,*,#1948,.T.);
#1101=ORIENTED_EDGE('',*,*,#1949,.F.);
#1102=ORIENTED_EDGE('',*,*,#1942,.F.);
#1103=ORIENTED_EDGE('',*,*,#1950,.F.);
#1104=ORIENTED_EDGE('',*,*,#1951,.T.);
#1105=ORIENTED_EDGE('',*,*,#1952,.F.);
#1106=ORIENTED_EDGE('',*,*,#1945,.F.);
#1107=ORIENTED_EDGE('',*,*,#1953,.F.);
#1108=ORIENTED_EDGE('',*,*,#1954,.T.);
#1109=ORIENTED_EDGE('',*,*,#1955,.F.);
#1110=ORIENTED_EDGE('',*,*,#1956,.F.);
#1111=ORIENTED_EDGE('',*,*,#1948,.F.);
#1112=ORIENTED_EDGE('',*,*,#1957,.F.);
#1113=ORIENTED_EDGE('',*,*,#1951,.F.);
#1114=ORIENTED_EDGE('',*,*,#1958,.F.);
#1115=ORIENTED_EDGE('',*,*,#1954,.F.);
#1116=ORIENTED_EDGE('',*,*,#1959,.F.);
#1117=ORIENTED_EDGE('',*,*,#1960,.F.);
#1118=ORIENTED_EDGE('',*,*,#1865,.T.);
#1119=ORIENTED_EDGE('',*,*,#1961,.F.);
#1120=ORIENTED_EDGE('',*,*,#1962,.F.);
#1121=ORIENTED_EDGE('',*,*,#1963,.F.);
#1122=ORIENTED_EDGE('',*,*,#1841,.T.);
#1123=ORIENTED_EDGE('',*,*,#1964,.F.);
#1124=ORIENTED_EDGE('',*,*,#1965,.F.);
#1125=ORIENTED_EDGE('',*,*,#1966,.F.);
#1126=ORIENTED_EDGE('',*,*,#1892,.T.);
#1127=ORIENTED_EDGE('',*,*,#1967,.F.);
#1128=ORIENTED_EDGE('',*,*,#1968,.F.);
#1129=ORIENTED_EDGE('',*,*,#1969,.F.);
#1130=ORIENTED_EDGE('',*,*,#1930,.T.);
#1131=ORIENTED_EDGE('',*,*,#1970,.F.);
#1132=ORIENTED_EDGE('',*,*,#1971,.F.);
#1133=ORIENTED_EDGE('',*,*,#1972,.F.);
#1134=ORIENTED_EDGE('',*,*,#1953,.T.);
#1135=ORIENTED_EDGE('',*,*,#1973,.F.);
#1136=ORIENTED_EDGE('',*,*,#1974,.F.);
#1137=ORIENTED_EDGE('',*,*,#1975,.F.);
#1138=ORIENTED_EDGE('',*,*,#1976,.T.);
#1139=ORIENTED_EDGE('',*,*,#1934,.T.);
#1140=ORIENTED_EDGE('',*,*,#1977,.F.);
#1141=ORIENTED_EDGE('',*,*,#1978,.F.);
#1142=ORIENTED_EDGE('',*,*,#1979,.F.);
#1143=ORIENTED_EDGE('',*,*,#1980,.T.);
#1144=ORIENTED_EDGE('',*,*,#1921,.T.);
#1145=ORIENTED_EDGE('',*,*,#1981,.F.);
#1146=ORIENTED_EDGE('',*,*,#1982,.F.);
#1147=ORIENTED_EDGE('',*,*,#1983,.F.);
#1148=ORIENTED_EDGE('',*,*,#1903,.T.);
#1149=ORIENTED_EDGE('',*,*,#1984,.F.);
#1150=ORIENTED_EDGE('',*,*,#1985,.F.);
#1151=ORIENTED_EDGE('',*,*,#1986,.F.);
#1152=ORIENTED_EDGE('',*,*,#1987,.T.);
#1153=ORIENTED_EDGE('',*,*,#1862,.T.);
#1154=ORIENTED_EDGE('',*,*,#1988,.F.);
#1155=ORIENTED_EDGE('',*,*,#1989,.F.);
#1156=ORIENTED_EDGE('',*,*,#1990,.F.);
#1157=ORIENTED_EDGE('',*,*,#1991,.T.);
#1158=ORIENTED_EDGE('',*,*,#1875,.T.);
#1159=ORIENTED_EDGE('',*,*,#1992,.F.);
#1160=ORIENTED_EDGE('',*,*,#1993,.F.);
#1161=ORIENTED_EDGE('',*,*,#1994,.F.);
#1162=ORIENTED_EDGE('',*,*,#1846,.T.);
#1163=ORIENTED_EDGE('',*,*,#1995,.F.);
#1164=ORIENTED_EDGE('',*,*,#1996,.F.);
#1165=ORIENTED_EDGE('',*,*,#1997,.F.);
#1166=ORIENTED_EDGE('',*,*,#1884,.T.);
#1167=ORIENTED_EDGE('',*,*,#1998,.F.);
#1168=ORIENTED_EDGE('',*,*,#1999,.F.);
#1169=ORIENTED_EDGE('',*,*,#2000,.F.);
#1170=ORIENTED_EDGE('',*,*,#1911,.T.);
#1171=ORIENTED_EDGE('',*,*,#2001,.F.);
#1172=ORIENTED_EDGE('',*,*,#2002,.F.);
#1173=ORIENTED_EDGE('',*,*,#2003,.F.);
#1174=ORIENTED_EDGE('',*,*,#1949,.T.);
#1175=ORIENTED_EDGE('',*,*,#2004,.F.);
#1176=ORIENTED_EDGE('',*,*,#2005,.F.);
#1177=ORIENTED_EDGE('',*,*,#2006,.T.);
#1178=ORIENTED_EDGE('',*,*,#1832,.T.);
#1179=ORIENTED_EDGE('',*,*,#2007,.T.);
#1180=ORIENTED_EDGE('',*,*,#2008,.T.);
#1181=ORIENTED_EDGE('',*,*,#1829,.T.);
#1182=ORIENTED_EDGE('',*,*,#2009,.T.);
#1183=ORIENTED_EDGE('',*,*,#1826,.T.);
#1184=ORIENTED_EDGE('',*,*,#2010,.T.);
#1185=ORIENTED_EDGE('',*,*,#2011,.T.);
#1186=ORIENTED_EDGE('',*,*,#1823,.T.);
#1187=ORIENTED_EDGE('',*,*,#2012,.T.);
#1188=ORIENTED_EDGE('',*,*,#2013,.T.);
#1189=ORIENTED_EDGE('',*,*,#1820,.T.);
#1190=ORIENTED_EDGE('',*,*,#2014,.T.);
#1191=ORIENTED_EDGE('',*,*,#1817,.T.);
#1192=ORIENTED_EDGE('',*,*,#2015,.T.);
#1193=ORIENTED_EDGE('',*,*,#1811,.T.);
#1194=ORIENTED_EDGE('',*,*,#2016,.T.);
#1195=ORIENTED_EDGE('',*,*,#1814,.T.);
#1196=ORIENTED_EDGE('',*,*,#1828,.T.);
#1197=ORIENTED_EDGE('',*,*,#1776,.T.);
#1198=ORIENTED_EDGE('',*,*,#1824,.T.);
#1199=ORIENTED_EDGE('',*,*,#2009,.F.);
#1200=ORIENTED_EDGE('',*,*,#2017,.F.);
#1201=ORIENTED_EDGE('',*,*,#2010,.F.);
#1202=ORIENTED_EDGE('',*,*,#1825,.T.);
#1203=ORIENTED_EDGE('',*,*,#1763,.T.);
#1204=ORIENTED_EDGE('',*,*,#2018,.F.);
#1205=ORIENTED_EDGE('',*,*,#2012,.F.);
#1206=ORIENTED_EDGE('',*,*,#1822,.T.);
#1207=ORIENTED_EDGE('',*,*,#1766,.T.);
#1208=ORIENTED_EDGE('',*,*,#1819,.T.);
#1209=ORIENTED_EDGE('',*,*,#1778,.T.);
#1210=ORIENTED_EDGE('',*,*,#1815,.T.);
#1211=ORIENTED_EDGE('',*,*,#2014,.F.);
#1212=ORIENTED_EDGE('',*,*,#1816,.T.);
#1213=ORIENTED_EDGE('',*,*,#1791,.T.);
#1214=ORIENTED_EDGE('',*,*,#1809,.T.);
#1215=ORIENTED_EDGE('',*,*,#2015,.F.);
#1216=ORIENTED_EDGE('',*,*,#1810,.T.);
#1217=ORIENTED_EDGE('',*,*,#1804,.T.);
#1218=ORIENTED_EDGE('',*,*,#2019,.T.);
#1219=ORIENTED_EDGE('',*,*,#1812,.T.);
#1220=ORIENTED_EDGE('',*,*,#2016,.F.);
#1221=ORIENTED_EDGE('',*,*,#1813,.T.);
#1222=ORIENTED_EDGE('',*,*,#1800,.T.);
#1223=ORIENTED_EDGE('',*,*,#2020,.T.);
#1224=ORIENTED_EDGE('',*,*,#1830,.T.);
#1225=ORIENTED_EDGE('',*,*,#2006,.F.);
#1226=ORIENTED_EDGE('',*,*,#2021,.F.);
#1227=ORIENTED_EDGE('',*,*,#2007,.F.);
#1228=ORIENTED_EDGE('',*,*,#1831,.T.);
#1229=ORIENTED_EDGE('',*,*,#1787,.T.);
#1230=ORIENTED_EDGE('',*,*,#1842,.T.);
#1231=ORIENTED_EDGE('',*,*,#1836,.T.);
#1232=ORIENTED_EDGE('',*,*,#1838,.T.);
#1233=ORIENTED_EDGE('',*,*,#2022,.T.);
#1234=ORIENTED_EDGE('',*,*,#1844,.T.);
#1235=ORIENTED_EDGE('',*,*,#1851,.T.);
#1236=ORIENTED_EDGE('',*,*,#1857,.T.);
#1237=ORIENTED_EDGE('',*,*,#1864,.T.);
#1238=ORIENTED_EDGE('',*,*,#1870,.T.);
#1239=ORIENTED_EDGE('',*,*,#1877,.T.);
#1240=ORIENTED_EDGE('',*,*,#1883,.T.);
#1241=ORIENTED_EDGE('',*,*,#1889,.T.);
#1242=ORIENTED_EDGE('',*,*,#2023,.T.);
#1243=ORIENTED_EDGE('',*,*,#1895,.T.);
#1244=ORIENTED_EDGE('',*,*,#1902,.T.);
#1245=ORIENTED_EDGE('',*,*,#1908,.T.);
#1246=ORIENTED_EDGE('',*,*,#1914,.T.);
#1247=ORIENTED_EDGE('',*,*,#1920,.T.);
#1248=ORIENTED_EDGE('',*,*,#2024,.T.);
#1249=ORIENTED_EDGE('',*,*,#1926,.T.);
#1250=ORIENTED_EDGE('',*,*,#1933,.T.);
#1251=ORIENTED_EDGE('',*,*,#2025,.T.);
#1252=ORIENTED_EDGE('',*,*,#1939,.T.);
#1253=ORIENTED_EDGE('',*,*,#1946,.T.);
#1254=ORIENTED_EDGE('',*,*,#1952,.T.);
#1255=ORIENTED_EDGE('',*,*,#1959,.T.);
#1256=ORIENTED_EDGE('',*,*,#1957,.T.);
#1257=ORIENTED_EDGE('',*,*,#1950,.T.);
#1258=ORIENTED_EDGE('',*,*,#1944,.T.);
#1259=ORIENTED_EDGE('',*,*,#1937,.T.);
#1260=ORIENTED_EDGE('',*,*,#1931,.T.);
#1261=ORIENTED_EDGE('',*,*,#1924,.T.);
#1262=ORIENTED_EDGE('',*,*,#1918,.T.);
#1263=ORIENTED_EDGE('',*,*,#1912,.T.);
#1264=ORIENTED_EDGE('',*,*,#1906,.T.);
#1265=ORIENTED_EDGE('',*,*,#1900,.T.);
#1266=ORIENTED_EDGE('',*,*,#1893,.T.);
#1267=ORIENTED_EDGE('',*,*,#1887,.T.);
#1268=ORIENTED_EDGE('',*,*,#1881,.T.);
#1269=ORIENTED_EDGE('',*,*,#1873,.T.);
#1270=ORIENTED_EDGE('',*,*,#2026,.T.);
#1271=ORIENTED_EDGE('',*,*,#1868,.T.);
#1272=ORIENTED_EDGE('',*,*,#1860,.T.);
#1273=ORIENTED_EDGE('',*,*,#2027,.T.);
#1274=ORIENTED_EDGE('',*,*,#1855,.T.);
#1275=ORIENTED_EDGE('',*,*,#1849,.T.);
#1276=ORIENTED_EDGE('',*,*,#1767,.T.);
#1277=ORIENTED_EDGE('',*,*,#1759,.T.);
#1278=ORIENTED_EDGE('',*,*,#1761,.T.);
#1279=ORIENTED_EDGE('',*,*,#1769,.T.);
#1280=ORIENTED_EDGE('',*,*,#1775,.T.);
#1281=ORIENTED_EDGE('',*,*,#1781,.T.);
#1282=ORIENTED_EDGE('',*,*,#2028,.T.);
#1283=ORIENTED_EDGE('',*,*,#1789,.T.);
#1284=ORIENTED_EDGE('',*,*,#1794,.T.);
#1285=ORIENTED_EDGE('',*,*,#2029,.T.);
#1286=ORIENTED_EDGE('',*,*,#1802,.T.);
#1287=ORIENTED_EDGE('',*,*,#1808,.T.);
#1288=ORIENTED_EDGE('',*,*,#2030,.T.);
#1289=ORIENTED_EDGE('',*,*,#1805,.T.);
#1290=ORIENTED_EDGE('',*,*,#1798,.T.);
#1291=ORIENTED_EDGE('',*,*,#1792,.T.);
#1292=ORIENTED_EDGE('',*,*,#1785,.T.);
#1293=ORIENTED_EDGE('',*,*,#1779,.T.);
#1294=ORIENTED_EDGE('',*,*,#1773,.T.);
#1295=ORIENTED_EDGE('',*,*,#1988,.T.);
#1296=ORIENTED_EDGE('',*,*,#1867,.T.);
#1297=ORIENTED_EDGE('',*,*,#1990,.T.);
#1298=ORIENTED_EDGE('',*,*,#2031,.T.);
#1299=ORIENTED_EDGE('',*,*,#1992,.T.);
#1300=ORIENTED_EDGE('',*,*,#1880,.T.);
#1301=ORIENTED_EDGE('',*,*,#2032,.T.);
#1302=ORIENTED_EDGE('',*,*,#2033,.T.);
#1303=ORIENTED_EDGE('',*,*,#2032,.F.);
#1304=ORIENTED_EDGE('',*,*,#1886,.T.);
#1305=ORIENTED_EDGE('',*,*,#1966,.T.);
#1306=ORIENTED_EDGE('',*,*,#2034,.T.);
#1307=ORIENTED_EDGE('',*,*,#1967,.T.);
#1308=ORIENTED_EDGE('',*,*,#1899,.T.);
#1309=ORIENTED_EDGE('',*,*,#2035,.T.);
#1310=ORIENTED_EDGE('',*,*,#2036,.T.);
#1311=ORIENTED_EDGE('',*,*,#2035,.F.);
#1312=ORIENTED_EDGE('',*,*,#1905,.T.);
#1313=ORIENTED_EDGE('',*,*,#2000,.T.);
#1314=ORIENTED_EDGE('',*,*,#2037,.T.);
#1315=ORIENTED_EDGE('',*,*,#2001,.T.);
#1316=ORIENTED_EDGE('',*,*,#1917,.T.);
#1317=ORIENTED_EDGE('',*,*,#2038,.T.);
#1318=ORIENTED_EDGE('',*,*,#2039,.T.);
#1319=ORIENTED_EDGE('',*,*,#2038,.F.);
#1320=ORIENTED_EDGE('',*,*,#1923,.T.);
#1321=ORIENTED_EDGE('',*,*,#1969,.T.);
#1322=ORIENTED_EDGE('',*,*,#2040,.T.);
#1323=ORIENTED_EDGE('',*,*,#1970,.T.);
#1324=ORIENTED_EDGE('',*,*,#1936,.T.);
#1325=ORIENTED_EDGE('',*,*,#2041,.T.);
#1326=ORIENTED_EDGE('',*,*,#2042,.T.);
#1327=ORIENTED_EDGE('',*,*,#2041,.F.);
#1328=ORIENTED_EDGE('',*,*,#1943,.T.);
#1329=ORIENTED_EDGE('',*,*,#2003,.T.);
#1330=ORIENTED_EDGE('',*,*,#2043,.T.);
#1331=ORIENTED_EDGE('',*,*,#2044,.F.);
#1332=ORIENTED_EDGE('',*,*,#1955,.T.);
#1333=ORIENTED_EDGE('',*,*,#2045,.T.);
#1334=ORIENTED_EDGE('',*,*,#2046,.T.);
#1335=ORIENTED_EDGE('',*,*,#2045,.F.);
#1336=ORIENTED_EDGE('',*,*,#1958,.T.);
#1337=ORIENTED_EDGE('',*,*,#1972,.T.);
#1338=ORIENTED_EDGE('',*,*,#2047,.T.);
#1339=ORIENTED_EDGE('',*,*,#1973,.T.);
#1340=ORIENTED_EDGE('',*,*,#1947,.T.);
#1341=ORIENTED_EDGE('',*,*,#2048,.T.);
#1342=ORIENTED_EDGE('',*,*,#2049,.T.);
#1343=ORIENTED_EDGE('',*,*,#2048,.F.);
#1344=ORIENTED_EDGE('',*,*,#1941,.T.);
#1345=ORIENTED_EDGE('',*,*,#1975,.T.);
#1346=ORIENTED_EDGE('',*,*,#2050,.T.);
#1347=ORIENTED_EDGE('',*,*,#1977,.T.);
#1348=ORIENTED_EDGE('',*,*,#1928,.T.);
#1349=ORIENTED_EDGE('',*,*,#1979,.T.);
#1350=ORIENTED_EDGE('',*,*,#2051,.T.);
#1351=ORIENTED_EDGE('',*,*,#1981,.T.);
#1352=ORIENTED_EDGE('',*,*,#1915,.T.);
#1353=ORIENTED_EDGE('',*,*,#2052,.T.);
#1354=ORIENTED_EDGE('',*,*,#2053,.T.);
#1355=ORIENTED_EDGE('',*,*,#2052,.F.);
#1356=ORIENTED_EDGE('',*,*,#1909,.T.);
#1357=ORIENTED_EDGE('',*,*,#1983,.T.);
#1358=ORIENTED_EDGE('',*,*,#2054,.T.);
#1359=ORIENTED_EDGE('',*,*,#1984,.T.);
#1360=ORIENTED_EDGE('',*,*,#1897,.T.);
#1361=ORIENTED_EDGE('',*,*,#2055,.T.);
#1362=ORIENTED_EDGE('',*,*,#2056,.T.);
#1363=ORIENTED_EDGE('',*,*,#2057,.F.);
#1364=ORIENTED_EDGE('',*,*,#1890,.T.);
#1365=ORIENTED_EDGE('',*,*,#1997,.T.);
#1366=ORIENTED_EDGE('',*,*,#2058,.T.);
#1367=ORIENTED_EDGE('',*,*,#1998,.T.);
#1368=ORIENTED_EDGE('',*,*,#1878,.T.);
#1369=ORIENTED_EDGE('',*,*,#2059,.T.);
#1370=ORIENTED_EDGE('',*,*,#2060,.T.);
#1371=ORIENTED_EDGE('',*,*,#2059,.F.);
#1372=ORIENTED_EDGE('',*,*,#1871,.T.);
#1373=ORIENTED_EDGE('',*,*,#1960,.T.);
#1374=ORIENTED_EDGE('',*,*,#2061,.T.);
#1375=ORIENTED_EDGE('',*,*,#1961,.T.);
#1376=ORIENTED_EDGE('',*,*,#1858,.T.);
#1377=ORIENTED_EDGE('',*,*,#2062,.T.);
#1378=ORIENTED_EDGE('',*,*,#2063,.T.);
#1379=ORIENTED_EDGE('',*,*,#2062,.F.);
#1380=ORIENTED_EDGE('',*,*,#1852,.T.);
#1381=ORIENTED_EDGE('',*,*,#1994,.T.);
#1382=ORIENTED_EDGE('',*,*,#2064,.T.);
#1383=ORIENTED_EDGE('',*,*,#1995,.T.);
#1384=ORIENTED_EDGE('',*,*,#2065,.T.);
#1385=ORIENTED_EDGE('',*,*,#1839,.T.);
#1386=ORIENTED_EDGE('',*,*,#2066,.T.);
#1387=ORIENTED_EDGE('',*,*,#2067,.T.);
#1388=ORIENTED_EDGE('',*,*,#2066,.F.);
#1389=ORIENTED_EDGE('',*,*,#1834,.T.);
#1390=ORIENTED_EDGE('',*,*,#1963,.T.);
#1391=ORIENTED_EDGE('',*,*,#2068,.T.);
#1392=ORIENTED_EDGE('',*,*,#1964,.T.);
#1393=ORIENTED_EDGE('',*,*,#1848,.T.);
#1394=ORIENTED_EDGE('',*,*,#2069,.T.);
#1395=ORIENTED_EDGE('',*,*,#2070,.T.);
#1396=ORIENTED_EDGE('',*,*,#2069,.F.);
#1397=ORIENTED_EDGE('',*,*,#1854,.T.);
#1398=ORIENTED_EDGE('',*,*,#1986,.T.);
#1399=ORIENTED_EDGE('',*,*,#2071,.T.);
#1400=ORIENTED_EDGE('',*,*,#2072,.F.);
#1401=ORIENTED_EDGE('',*,*,#1754,.T.);
#1402=ORIENTED_EDGE('',*,*,#2073,.F.);
#1403=ORIENTED_EDGE('',*,*,#1750,.T.);
#1404=ORIENTED_EDGE('',*,*,#2074,.F.);
#1405=ORIENTED_EDGE('',*,*,#1746,.T.);
#1406=ORIENTED_EDGE('',*,*,#2075,.F.);
#1407=ORIENTED_EDGE('',*,*,#1742,.T.);
#1408=ORIENTED_EDGE('',*,*,#2076,.F.);
#1409=ORIENTED_EDGE('',*,*,#1755,.T.);
#1410=ORIENTED_EDGE('',*,*,#2072,.T.);
#1411=ORIENTED_EDGE('',*,*,#1741,.T.);
#1412=ORIENTED_EDGE('',*,*,#2073,.T.);
#1413=ORIENTED_EDGE('',*,*,#1753,.T.);
#1414=ORIENTED_EDGE('',*,*,#2077,.F.);
#1415=ORIENTED_EDGE('',*,*,#1751,.T.);
#1416=ORIENTED_EDGE('',*,*,#2074,.T.);
#1417=ORIENTED_EDGE('',*,*,#1749,.T.);
#1418=ORIENTED_EDGE('',*,*,#2078,.F.);
#1419=ORIENTED_EDGE('',*,*,#1747,.T.);
#1420=ORIENTED_EDGE('',*,*,#2075,.T.);
#1421=ORIENTED_EDGE('',*,*,#1745,.T.);
#1422=ORIENTED_EDGE('',*,*,#2079,.F.);
#1423=ORIENTED_EDGE('',*,*,#1743,.T.);
#1424=ORIENTED_EDGE('',*,*,#2043,.F.);
#1425=ORIENTED_EDGE('',*,*,#2005,.T.);
#1426=ORIENTED_EDGE('',*,*,#2080,.F.);
#1427=ORIENTED_EDGE('',*,*,#2046,.F.);
#1428=ORIENTED_EDGE('',*,*,#2047,.F.);
#1429=ORIENTED_EDGE('',*,*,#1974,.T.);
#1430=ORIENTED_EDGE('',*,*,#2049,.F.);
#1431=ORIENTED_EDGE('',*,*,#2050,.F.);
#1432=ORIENTED_EDGE('',*,*,#1978,.T.);
#1433=ORIENTED_EDGE('',*,*,#2051,.F.);
#1434=ORIENTED_EDGE('',*,*,#1982,.T.);
#1435=ORIENTED_EDGE('',*,*,#2053,.F.);
#1436=ORIENTED_EDGE('',*,*,#2054,.F.);
#1437=ORIENTED_EDGE('',*,*,#1985,.T.);
#1438=ORIENTED_EDGE('',*,*,#2056,.F.);
#1439=ORIENTED_EDGE('',*,*,#2081,.F.);
#1440=ORIENTED_EDGE('',*,*,#2058,.F.);
#1441=ORIENTED_EDGE('',*,*,#1999,.T.);
#1442=ORIENTED_EDGE('',*,*,#2060,.F.);
#1443=ORIENTED_EDGE('',*,*,#2061,.F.);
#1444=ORIENTED_EDGE('',*,*,#1962,.T.);
#1445=ORIENTED_EDGE('',*,*,#2063,.F.);
#1446=ORIENTED_EDGE('',*,*,#2064,.F.);
#1447=ORIENTED_EDGE('',*,*,#1996,.T.);
#1448=ORIENTED_EDGE('',*,*,#2067,.F.);
#1449=ORIENTED_EDGE('',*,*,#2068,.F.);
#1450=ORIENTED_EDGE('',*,*,#1965,.T.);
#1451=ORIENTED_EDGE('',*,*,#2070,.F.);
#1452=ORIENTED_EDGE('',*,*,#2071,.F.);
#1453=ORIENTED_EDGE('',*,*,#1989,.T.);
#1454=ORIENTED_EDGE('',*,*,#2031,.F.);
#1455=ORIENTED_EDGE('',*,*,#1993,.T.);
#1456=ORIENTED_EDGE('',*,*,#2033,.F.);
#1457=ORIENTED_EDGE('',*,*,#2034,.F.);
#1458=ORIENTED_EDGE('',*,*,#1968,.T.);
#1459=ORIENTED_EDGE('',*,*,#2036,.F.);
#1460=ORIENTED_EDGE('',*,*,#2037,.F.);
#1461=ORIENTED_EDGE('',*,*,#2002,.T.);
#1462=ORIENTED_EDGE('',*,*,#2039,.F.);
#1463=ORIENTED_EDGE('',*,*,#2040,.F.);
#1464=ORIENTED_EDGE('',*,*,#1971,.T.);
#1465=ORIENTED_EDGE('',*,*,#2042,.F.);
#1466=ORIENTED_EDGE('',*,*,#2077,.T.);
#1467=ORIENTED_EDGE('',*,*,#1752,.T.);
#1468=ORIENTED_EDGE('',*,*,#2076,.T.);
#1469=ORIENTED_EDGE('',*,*,#1740,.T.);
#1470=ORIENTED_EDGE('',*,*,#2079,.T.);
#1471=ORIENTED_EDGE('',*,*,#1744,.T.);
#1472=ORIENTED_EDGE('',*,*,#2078,.T.);
#1473=ORIENTED_EDGE('',*,*,#1748,.T.);
#1474=ORIENTED_EDGE('',*,*,#2082,.T.);
#1475=ORIENTED_EDGE('',*,*,#2057,.T.);
#1476=ORIENTED_EDGE('',*,*,#2081,.T.);
#1477=ORIENTED_EDGE('',*,*,#2055,.F.);
#1478=ORIENTED_EDGE('',*,*,#1956,.T.);
#1479=ORIENTED_EDGE('',*,*,#2044,.T.);
#1480=ORIENTED_EDGE('',*,*,#2080,.T.);
#1481=ORIENTED_EDGE('',*,*,#2004,.T.);
#1482=ORIENTED_EDGE('',*,*,#2008,.F.);
#1483=ORIENTED_EDGE('',*,*,#2021,.T.);
#1484=ORIENTED_EDGE('',*,*,#2083,.T.);
#1485=ORIENTED_EDGE('',*,*,#1827,.T.);
#1486=ORIENTED_EDGE('',*,*,#2013,.F.);
#1487=ORIENTED_EDGE('',*,*,#2018,.T.);
#1488=ORIENTED_EDGE('',*,*,#1765,.T.);
#1489=ORIENTED_EDGE('',*,*,#1818,.T.);
#1490=ORIENTED_EDGE('',*,*,#2011,.F.);
#1491=ORIENTED_EDGE('',*,*,#2017,.T.);
#1492=ORIENTED_EDGE('',*,*,#1762,.T.);
#1493=ORIENTED_EDGE('',*,*,#1821,.T.);
#1494=ORIENTED_EDGE('',*,*,#2025,.F.);
#1495=ORIENTED_EDGE('',*,*,#1932,.T.);
#1496=ORIENTED_EDGE('',*,*,#1976,.F.);
#1497=ORIENTED_EDGE('',*,*,#1940,.T.);
#1498=ORIENTED_EDGE('',*,*,#2024,.F.);
#1499=ORIENTED_EDGE('',*,*,#1919,.T.);
#1500=ORIENTED_EDGE('',*,*,#1980,.F.);
#1501=ORIENTED_EDGE('',*,*,#1927,.T.);
#1502=ORIENTED_EDGE('',*,*,#2023,.F.);
#1503=ORIENTED_EDGE('',*,*,#1888,.T.);
#1504=ORIENTED_EDGE('',*,*,#2082,.F.);
#1505=ORIENTED_EDGE('',*,*,#1896,.T.);
#1506=ORIENTED_EDGE('',*,*,#2026,.F.);
#1507=ORIENTED_EDGE('',*,*,#1872,.T.);
#1508=ORIENTED_EDGE('',*,*,#1991,.F.);
#1509=ORIENTED_EDGE('',*,*,#1866,.F.);
#1510=ORIENTED_EDGE('',*,*,#2027,.F.);
#1511=ORIENTED_EDGE('',*,*,#1859,.T.);
#1512=ORIENTED_EDGE('',*,*,#1987,.F.);
#1513=ORIENTED_EDGE('',*,*,#1853,.F.);
#1514=ORIENTED_EDGE('',*,*,#2022,.F.);
#1515=ORIENTED_EDGE('',*,*,#1837,.T.);
#1516=ORIENTED_EDGE('',*,*,#2065,.F.);
#1517=ORIENTED_EDGE('',*,*,#1845,.T.);
#1518=ORIENTED_EDGE('',*,*,#2019,.F.);
#1519=ORIENTED_EDGE('',*,*,#1803,.T.);
#1520=ORIENTED_EDGE('',*,*,#2030,.F.);
#1521=ORIENTED_EDGE('',*,*,#1807,.T.);
#1522=ORIENTED_EDGE('',*,*,#2020,.F.);
#1523=ORIENTED_EDGE('',*,*,#1799,.T.);
#1524=ORIENTED_EDGE('',*,*,#2029,.F.);
#1525=ORIENTED_EDGE('',*,*,#1793,.F.);
#1526=ORIENTED_EDGE('',*,*,#2083,.F.);
#1527=ORIENTED_EDGE('',*,*,#1786,.T.);
#1528=ORIENTED_EDGE('',*,*,#2028,.F.);
#1529=ORIENTED_EDGE('',*,*,#1780,.F.);
#1530=VERTEX_POINT('',#3094);
#1531=VERTEX_POINT('',#3095);
#1532=VERTEX_POINT('',#3097);
#1533=VERTEX_POINT('',#3099);
#1534=VERTEX_POINT('',#3103);
#1535=VERTEX_POINT('',#3104);
#1536=VERTEX_POINT('',#3106);
#1537=VERTEX_POINT('',#3108);
#1538=VERTEX_POINT('',#3112);
#1539=VERTEX_POINT('',#3113);
#1540=VERTEX_POINT('',#3115);
#1541=VERTEX_POINT('',#3117);
#1542=VERTEX_POINT('',#3121);
#1543=VERTEX_POINT('',#3122);
#1544=VERTEX_POINT('',#3124);
#1545=VERTEX_POINT('',#3126);
#1546=VERTEX_POINT('',#3130);
#1547=VERTEX_POINT('',#3131);
#1548=VERTEX_POINT('',#3136);
#1549=VERTEX_POINT('',#3138);
#1550=VERTEX_POINT('',#3196);
#1551=VERTEX_POINT('',#3197);
#1552=VERTEX_POINT('',#3200);
#1553=VERTEX_POINT('',#3204);
#1554=VERTEX_POINT('',#3205);
#1555=VERTEX_POINT('',#3207);
#1556=VERTEX_POINT('',#3212);
#1557=VERTEX_POINT('',#3213);
#1558=VERTEX_POINT('',#3275);
#1559=VERTEX_POINT('',#3276);
#1560=VERTEX_POINT('',#3338);
#1561=VERTEX_POINT('',#3339);
#1562=VERTEX_POINT('',#3344);
#1563=VERTEX_POINT('',#3345);
#1564=VERTEX_POINT('',#3350);
#1565=VERTEX_POINT('',#3351);
#1566=VERTEX_POINT('',#3413);
#1567=VERTEX_POINT('',#3414);
#1568=VERTEX_POINT('',#3476);
#1569=VERTEX_POINT('',#3477);
#1570=VERTEX_POINT('',#3479);
#1571=VERTEX_POINT('',#3481);
#1572=VERTEX_POINT('',#3485);
#1573=VERTEX_POINT('',#3486);
#1574=VERTEX_POINT('',#3491);
#1575=VERTEX_POINT('',#3492);
#1576=VERTEX_POINT('',#3554);
#1577=VERTEX_POINT('',#3555);
#1578=VERTEX_POINT('',#3617);
#1579=VERTEX_POINT('',#3618);
#1580=VERTEX_POINT('',#3620);
#1581=VERTEX_POINT('',#3622);
#1582=VERTEX_POINT('',#3626);
#1583=VERTEX_POINT('',#3627);
#1584=VERTEX_POINT('',#3635);
#1585=VERTEX_POINT('',#3637);
#1586=VERTEX_POINT('',#3698);
#1587=VERTEX_POINT('',#3713);
#1588=VERTEX_POINT('',#3758);
#1589=VERTEX_POINT('',#3763);
#1590=VERTEX_POINT('',#3808);
#1591=VERTEX_POINT('',#3813);
#1592=VERTEX_POINT('',#3848);
#1593=VERTEX_POINT('',#3863);
#1594=VERTEX_POINT('',#3908);
#1595=VERTEX_POINT('',#3913);
#1596=VERTEX_POINT('',#3948);
#1597=VERTEX_POINT('',#3963);
#1598=VERTEX_POINT('',#4008);
#1599=VERTEX_POINT('',#4013);
#1600=VERTEX_POINT('',#4048);
#1601=VERTEX_POINT('',#4063);
#1602=VERTEX_POINT('',#4095);
#1603=VERTEX_POINT('',#4096);
#1604=VERTEX_POINT('',#4098);
#1605=VERTEX_POINT('',#4100);
#1606=VERTEX_POINT('',#4104);
#1607=VERTEX_POINT('',#4105);
#1608=VERTEX_POINT('',#4110);
#1609=VERTEX_POINT('',#4111);
#1610=VERTEX_POINT('',#4157);
#1611=VERTEX_POINT('',#4158);
#1612=VERTEX_POINT('',#4181);
#1613=VERTEX_POINT('',#4183);
#1614=VERTEX_POINT('',#4265);
#1615=VERTEX_POINT('',#4266);
#1616=VERTEX_POINT('',#4271);
#1617=VERTEX_POINT('',#4272);
#1618=VERTEX_POINT('',#4277);
#1619=VERTEX_POINT('',#4278);
#1620=VERTEX_POINT('',#4283);
#1621=VERTEX_POINT('',#4284);
#1622=VERTEX_POINT('',#4289);
#1623=VERTEX_POINT('',#4290);
#1624=VERTEX_POINT('',#4295);
#1625=VERTEX_POINT('',#4297);
#1626=VERTEX_POINT('',#4327);
#1627=VERTEX_POINT('',#4328);
#1628=VERTEX_POINT('',#4382);
#1629=VERTEX_POINT('',#4383);
#1630=VERTEX_POINT('',#4388);
#1631=VERTEX_POINT('',#4389);
#1632=VERTEX_POINT('',#4394);
#1633=VERTEX_POINT('',#4395);
#1634=VERTEX_POINT('',#4400);
#1635=VERTEX_POINT('',#4402);
#1636=VERTEX_POINT('',#4432);
#1637=VERTEX_POINT('',#4433);
#1638=VERTEX_POINT('',#4438);
#1639=VERTEX_POINT('',#4439);
#1640=VERTEX_POINT('',#4444);
#1641=VERTEX_POINT('',#4445);
#1642=VERTEX_POINT('',#4549);
#1643=VERTEX_POINT('',#4550);
#1644=VERTEX_POINT('',#4555);
#1645=VERTEX_POINT('',#4556);
#1646=VERTEX_POINT('',#4561);
#1647=VERTEX_POINT('',#4562);
#1648=VERTEX_POINT('',#4608);
#1649=VERTEX_POINT('',#4609);
#1650=VERTEX_POINT('',#4611);
#1651=VERTEX_POINT('',#4613);
#1652=VERTEX_POINT('',#4617);
#1653=VERTEX_POINT('',#4618);
#1654=VERTEX_POINT('',#4623);
#1655=VERTEX_POINT('',#4624);
#1656=VERTEX_POINT('',#4670);
#1657=VERTEX_POINT('',#4671);
#1658=VERTEX_POINT('',#4676);
#1659=VERTEX_POINT('',#4677);
#1660=VERTEX_POINT('',#4682);
#1661=VERTEX_POINT('',#4683);
#1662=VERTEX_POINT('',#4787);
#1663=VERTEX_POINT('',#4788);
#1664=VERTEX_POINT('',#4793);
#1665=VERTEX_POINT('',#4794);
#1666=VERTEX_POINT('',#4799);
#1667=VERTEX_POINT('',#4800);
#1668=VERTEX_POINT('',#4834);
#1669=VERTEX_POINT('',#4835);
#1670=VERTEX_POINT('',#4840);
#1671=VERTEX_POINT('',#4841);
#1672=VERTEX_POINT('',#4843);
#1673=VERTEX_POINT('',#4845);
#1674=VERTEX_POINT('',#4849);
#1675=VERTEX_POINT('',#4850);
#1676=VERTEX_POINT('',#4904);
#1677=VERTEX_POINT('',#4905);
#1678=VERTEX_POINT('',#4939);
#1679=VERTEX_POINT('',#4940);
#1680=VERTEX_POINT('',#4945);
#1681=VERTEX_POINT('',#4946);
#1682=VERTEX_POINT('',#4948);
#1683=VERTEX_POINT('',#4950);
#1684=VERTEX_POINT('',#4954);
#1685=VERTEX_POINT('',#4955);
#1686=VERTEX_POINT('',#4960);
#1687=VERTEX_POINT('',#4961);
#1688=VERTEX_POINT('',#4966);
#1689=VERTEX_POINT('',#4967);
#1690=VERTEX_POINT('',#5071);
#1691=VERTEX_POINT('',#5072);
#1692=VERTEX_POINT('',#5118);
#1693=VERTEX_POINT('',#5119);
#1694=VERTEX_POINT('',#5121);
#1695=VERTEX_POINT('',#5132);
#1696=VERTEX_POINT('',#5137);
#1697=VERTEX_POINT('',#5166);
#1698=VERTEX_POINT('',#5180);
#1699=VERTEX_POINT('',#5215);
#1700=VERTEX_POINT('',#5229);
#1701=VERTEX_POINT('',#5256);
#1702=VERTEX_POINT('',#5261);
#1703=VERTEX_POINT('',#5290);
#1704=VERTEX_POINT('',#5304);
#1705=VERTEX_POINT('',#5328);
#1706=VERTEX_POINT('',#5334);
#1707=VERTEX_POINT('',#5341);
#1708=VERTEX_POINT('',#5347);
#1709=VERTEX_POINT('',#5365);
#1710=VERTEX_POINT('',#5379);
#1711=VERTEX_POINT('',#5403);
#1712=VERTEX_POINT('',#5409);
#1713=VERTEX_POINT('',#5416);
#1714=VERTEX_POINT('',#5422);
#1715=VERTEX_POINT('',#5434);
#1716=VERTEX_POINT('',#5447);
#1717=VERTEX_POINT('',#5505);
#1718=VERTEX_POINT('',#5512);
#1719=VERTEX_POINT('',#5570);
#1720=VERTEX_POINT('',#5577);
#1721=VERTEX_POINT('',#5628);
#1722=VERTEX_POINT('',#5641);
#1723=VERTEX_POINT('',#5688);
#1724=VERTEX_POINT('',#5692);
#1725=VERTEX_POINT('',#5695);
#1726=VERTEX_POINT('',#5739);
#1727=VERTEX_POINT('',#5745);
#1728=VERTEX_POINT('',#5751);
#1729=VERTEX_POINT('',#5757);
#1730=VERTEX_POINT('',#5763);
#1731=VERTEX_POINT('',#5765);
#1732=VERTEX_POINT('',#5771);
#1733=VERTEX_POINT('',#5779);
#1734=VERTEX_POINT('',#5785);
#1735=VERTEX_POINT('',#5789);
#1736=VERTEX_POINT('',#5793);
#1737=VERTEX_POINT('',#5799);
#1738=VERTEX_POINT('',#5806);
#1739=VERTEX_POINT('',#5812);
#1740=EDGE_CURVE('NONE',#1530,#1531,#2084,.T.);
#1741=EDGE_CURVE('NONE',#1532,#1530,#700,.T.);
#1742=EDGE_CURVE('NONE',#1533,#1532,#2085,.T.);
#1743=EDGE_CURVE('NONE',#1531,#1533,#701,.T.);
#1744=EDGE_CURVE('NONE',#1534,#1535,#2086,.T.);
#1745=EDGE_CURVE('NONE',#1536,#1534,#702,.T.);
#1746=EDGE_CURVE('NONE',#1537,#1536,#2087,.T.);
#1747=EDGE_CURVE('NONE',#1535,#1537,#703,.T.);
#1748=EDGE_CURVE('NONE',#1538,#1539,#2088,.T.);
#1749=EDGE_CURVE('NONE',#1540,#1538,#704,.T.);
#1750=EDGE_CURVE('NONE',#1541,#1540,#2089,.T.);
#1751=EDGE_CURVE('NONE',#1539,#1541,#705,.T.);
#1752=EDGE_CURVE('NONE',#1542,#1543,#2090,.T.);
#1753=EDGE_CURVE('NONE',#1544,#1542,#706,.T.);
#1754=EDGE_CURVE('NONE',#1545,#1544,#2091,.T.);
#1755=EDGE_CURVE('NONE',#1543,#1545,#707,.T.);
#1756=EDGE_CURVE('NONE',#1546,#1547,#2092,.T.);
#1757=EDGE_CURVE('NONE',#1548,#1547,#170,.T.);
#1758=EDGE_CURVE('NONE',#1548,#1549,#2093,.T.);
#1759=EDGE_CURVE('NONE',#1546,#1549,#171,.T.);
#1760=EDGE_CURVE('NONE',#1550,#1551,#2094,.T.);
#1761=EDGE_CURVE('NONE',#1549,#1551,#2095,.T.);
#1762=EDGE_CURVE('NONE',#1552,#1548,#2096,.T.);
#1763=EDGE_CURVE('NONE',#1550,#1552,#2097,.T.);
#1764=EDGE_CURVE('NONE',#1553,#1554,#2098,.T.);
#1765=EDGE_CURVE('NONE',#1555,#1554,#2099,.T.);
#1766=EDGE_CURVE('NONE',#1547,#1555,#2100,.T.);
#1767=EDGE_CURVE('NONE',#1553,#1546,#2101,.T.);
#1768=EDGE_CURVE('NONE',#1556,#1557,#2102,.T.);
#1769=EDGE_CURVE('NONE',#1551,#1557,#172,.T.);
#1770=EDGE_CURVE('NONE',#1556,#1550,#173,.T.);
#1771=EDGE_CURVE('NONE',#1558,#1559,#2103,.T.);
#1772=EDGE_CURVE('NONE',#1554,#1559,#174,.T.);
#1773=EDGE_CURVE('NONE',#1558,#1553,#175,.T.);
#1774=EDGE_CURVE('NONE',#1560,#1561,#2104,.T.);
#1775=EDGE_CURVE('NONE',#1557,#1561,#2105,.T.);
#1776=EDGE_CURVE('NONE',#1560,#1556,#2106,.T.);
#1777=EDGE_CURVE('NONE',#1562,#1563,#2107,.T.);
#1778=EDGE_CURVE('NONE',#1559,#1563,#2108,.T.);
#1779=EDGE_CURVE('NONE',#1562,#1558,#2109,.T.);
#1780=EDGE_CURVE('NONE',#1564,#1565,#2110,.T.);
#1781=EDGE_CURVE('NONE',#1561,#1565,#176,.T.);
#1782=EDGE_CURVE('NONE',#1564,#1560,#177,.T.);
#1783=EDGE_CURVE('NONE',#1566,#1567,#2111,.T.);
#1784=EDGE_CURVE('NONE',#1563,#1567,#178,.T.);
#1785=EDGE_CURVE('NONE',#1566,#1562,#179,.T.);
#1786=EDGE_CURVE('NONE',#1568,#1569,#2112,.T.);
#1787=EDGE_CURVE('NONE',#1570,#1568,#2113,.T.);
#1788=EDGE_CURVE('NONE',#1570,#1571,#2114,.T.);
#1789=EDGE_CURVE('NONE',#1569,#1571,#2115,.T.);
#1790=EDGE_CURVE('NONE',#1572,#1573,#2116,.T.);
#1791=EDGE_CURVE('NONE',#1567,#1573,#2117,.T.);
#1792=EDGE_CURVE('NONE',#1572,#1566,#2118,.T.);
#1793=EDGE_CURVE('NONE',#1574,#1575,#2119,.T.);
#1794=EDGE_CURVE('NONE',#1571,#1575,#180,.T.);
#1795=EDGE_CURVE('NONE',#1574,#1570,#181,.T.);
#1796=EDGE_CURVE('NONE',#1576,#1577,#2120,.T.);
#1797=EDGE_CURVE('NONE',#1573,#1577,#182,.T.);
#1798=EDGE_CURVE('NONE',#1576,#1572,#183,.T.);
#1799=EDGE_CURVE('NONE',#1578,#1579,#2121,.T.);
#1800=EDGE_CURVE('NONE',#1580,#1578,#2122,.T.);
#1801=EDGE_CURVE('NONE',#1580,#1581,#2123,.T.);
#1802=EDGE_CURVE('NONE',#1579,#1581,#2124,.T.);
#1803=EDGE_CURVE('NONE',#1582,#1583,#2125,.T.);
#1804=EDGE_CURVE('NONE',#1577,#1582,#2126,.T.);
#1805=EDGE_CURVE('NONE',#1583,#1576,#2127,.T.);
#1806=EDGE_CURVE('NONE',#1584,#1580,#184,.T.);
#1807=EDGE_CURVE('NONE',#1585,#1584,#2128,.T.);
#1808=EDGE_CURVE('NONE',#1581,#1585,#185,.T.);
#1809=EDGE_CURVE('NONE',#1573,#1586,#186,.T.);
#1810=EDGE_CURVE('NONE',#1587,#1577,#187,.T.);
#1811=EDGE_CURVE('NONE',#1586,#1587,#188,.T.);
#1812=EDGE_CURVE('NONE',#1584,#1588,#189,.T.);
#1813=EDGE_CURVE('NONE',#1589,#1580,#190,.T.);
#1814=EDGE_CURVE('NONE',#1588,#1589,#191,.T.);
#1815=EDGE_CURVE('NONE',#1563,#1590,#192,.T.);
#1816=EDGE_CURVE('NONE',#1591,#1567,#193,.T.);
#1817=EDGE_CURVE('NONE',#1590,#1591,#194,.T.);
#1818=EDGE_CURVE('NONE',#1554,#1592,#195,.T.);
#1819=EDGE_CURVE('NONE',#1593,#1559,#196,.T.);
#1820=EDGE_CURVE('NONE',#1592,#1593,#197,.T.);
#1821=EDGE_CURVE('NONE',#1548,#1594,#198,.T.);
#1822=EDGE_CURVE('NONE',#1595,#1547,#199,.T.);
#1823=EDGE_CURVE('NONE',#1594,#1595,#200,.T.);
#1824=EDGE_CURVE('NONE',#1556,#1596,#201,.T.);
#1825=EDGE_CURVE('NONE',#1597,#1550,#202,.T.);
#1826=EDGE_CURVE('NONE',#1596,#1597,#203,.T.);
#1827=EDGE_CURVE('NONE',#1564,#1598,#204,.T.);
#1828=EDGE_CURVE('NONE',#1599,#1560,#205,.T.);
#1829=EDGE_CURVE('NONE',#1598,#1599,#206,.T.);
#1830=EDGE_CURVE('NONE',#1574,#1600,#207,.T.);
#1831=EDGE_CURVE('NONE',#1601,#1570,#208,.T.);
#1832=EDGE_CURVE('NONE',#1600,#1601,#209,.T.);
#1833=EDGE_CURVE('NONE',#1602,#1603,#2129,.T.);
#1834=EDGE_CURVE('NONE',#1604,#1603,#2130,.T.);
#1835=EDGE_CURVE('NONE',#1604,#1605,#2131,.T.);
#1836=EDGE_CURVE('NONE',#1602,#1605,#2132,.T.);
#1837=EDGE_CURVE('NONE',#1606,#1607,#2133,.T.);
#1838=EDGE_CURVE('NONE',#1605,#1606,#2134,.T.);
#1839=EDGE_CURVE('NONE',#1607,#1604,#2135,.T.);
#1840=EDGE_CURVE('NONE',#1608,#1609,#2136,.T.);
#1841=EDGE_CURVE('NONE',#1603,#1609,#210,.T.);
#1842=EDGE_CURVE('NONE',#1608,#1602,#211,.T.);
#1843=EDGE_CURVE('NONE',#1610,#1611,#2137,.T.);
#1844=EDGE_CURVE('NONE',#1612,#1611,#212,.T.);
#1845=EDGE_CURVE('NONE',#1613,#1612,#2138,.T.);
#1846=EDGE_CURVE('NONE',#1610,#1613,#213,.T.);
#1847=EDGE_CURVE('NONE',#1614,#1615,#2139,.T.);
#1848=EDGE_CURVE('NONE',#1609,#1615,#2140,.T.);
#1849=EDGE_CURVE('NONE',#1614,#1608,#2141,.T.);
#1850=EDGE_CURVE('NONE',#1616,#1617,#2142,.T.);
#1851=EDGE_CURVE('NONE',#1611,#1617,#708,.T.);
#1852=EDGE_CURVE('NONE',#1616,#1610,#709,.T.);
#1853=EDGE_CURVE('NONE',#1618,#1619,#2143,.T.);
#1854=EDGE_CURVE('NONE',#1615,#1619,#710,.T.);
#1855=EDGE_CURVE('NONE',#1618,#1614,#711,.T.);
#1856=EDGE_CURVE('NONE',#1620,#1621,#2144,.T.);
#1857=EDGE_CURVE('NONE',#1617,#1621,#2145,.T.);
#1858=EDGE_CURVE('NONE',#1620,#1616,#2146,.T.);
#1859=EDGE_CURVE('NONE',#1622,#1623,#2147,.T.);
#1860=EDGE_CURVE('NONE',#1624,#1622,#97,.T.);
#1861=EDGE_CURVE('NONE',#1624,#1625,#2148,.T.);
#1862=EDGE_CURVE('NONE',#1623,#1625,#214,.T.);
#1863=EDGE_CURVE('NONE',#1626,#1627,#2149,.T.);
#1864=EDGE_CURVE('NONE',#1621,#1627,#215,.T.);
#1865=EDGE_CURVE('NONE',#1626,#1620,#216,.T.);
#1866=EDGE_CURVE('NONE',#1628,#1629,#2150,.T.);
#1867=EDGE_CURVE('NONE',#1625,#1629,#712,.T.);
#1868=EDGE_CURVE('NONE',#1628,#1624,#713,.T.);
#1869=EDGE_CURVE('NONE',#1630,#1631,#2151,.T.);
#1870=EDGE_CURVE('NONE',#1627,#1631,#2152,.T.);
#1871=EDGE_CURVE('NONE',#1630,#1626,#2153,.T.);
#1872=EDGE_CURVE('NONE',#1632,#1633,#2154,.T.);
#1873=EDGE_CURVE('NONE',#1634,#1632,#98,.T.);
#1874=EDGE_CURVE('NONE',#1634,#1635,#2155,.T.);
#1875=EDGE_CURVE('NONE',#1633,#1635,#217,.T.);
#1876=EDGE_CURVE('NONE',#1636,#1637,#2156,.T.);
#1877=EDGE_CURVE('NONE',#1631,#1637,#714,.T.);
#1878=EDGE_CURVE('NONE',#1636,#1630,#715,.T.);
#1879=EDGE_CURVE('NONE',#1638,#1639,#2157,.T.);
#1880=EDGE_CURVE('NONE',#1635,#1639,#716,.T.);
#1881=EDGE_CURVE('NONE',#1638,#1634,#717,.T.);
#1882=EDGE_CURVE('NONE',#1640,#1641,#2158,.T.);
#1883=EDGE_CURVE('NONE',#1637,#1641,#218,.T.);
#1884=EDGE_CURVE('NONE',#1640,#1636,#219,.T.);
#1885=EDGE_CURVE('NONE',#1642,#1643,#2159,.T.);
#1886=EDGE_CURVE('NONE',#1639,#1643,#2160,.T.);
#1887=EDGE_CURVE('NONE',#1642,#1638,#2161,.T.);
#1888=EDGE_CURVE('NONE',#1644,#1645,#2162,.T.);
#1889=EDGE_CURVE('NONE',#1641,#1644,#2163,.T.);
#1890=EDGE_CURVE('NONE',#1645,#1640,#2164,.T.);
#1891=EDGE_CURVE('NONE',#1646,#1647,#2165,.T.);
#1892=EDGE_CURVE('NONE',#1643,#1647,#220,.T.);
#1893=EDGE_CURVE('NONE',#1646,#1642,#221,.T.);
#1894=EDGE_CURVE('NONE',#1648,#1649,#2166,.T.);
#1895=EDGE_CURVE('NONE',#1650,#1649,#2167,.T.);
#1896=EDGE_CURVE('NONE',#1651,#1650,#2168,.T.);
#1897=EDGE_CURVE('NONE',#1648,#1651,#2169,.T.);
#1898=EDGE_CURVE('NONE',#1652,#1653,#2170,.T.);
#1899=EDGE_CURVE('NONE',#1647,#1653,#2171,.T.);
#1900=EDGE_CURVE('NONE',#1652,#1646,#2172,.T.);
#1901=EDGE_CURVE('NONE',#1654,#1655,#2173,.T.);
#1902=EDGE_CURVE('NONE',#1649,#1655,#222,.T.);
#1903=EDGE_CURVE('NONE',#1654,#1648,#223,.T.);
#1904=EDGE_CURVE('NONE',#1656,#1657,#2174,.T.);
#1905=EDGE_CURVE('NONE',#1653,#1657,#2175,.T.);
#1906=EDGE_CURVE('NONE',#1656,#1652,#2176,.T.);
#1907=EDGE_CURVE('NONE',#1658,#1659,#2177,.T.);
#1908=EDGE_CURVE('NONE',#1655,#1659,#2178,.T.);
#1909=EDGE_CURVE('NONE',#1658,#1654,#2179,.T.);
#1910=EDGE_CURVE('NONE',#1660,#1661,#2180,.T.);
#1911=EDGE_CURVE('NONE',#1657,#1661,#224,.T.);
#1912=EDGE_CURVE('NONE',#1660,#1656,#225,.T.);
#1913=EDGE_CURVE('NONE',#1662,#1663,#2181,.T.);
#1914=EDGE_CURVE('NONE',#1659,#1663,#718,.T.);
#1915=EDGE_CURVE('NONE',#1662,#1658,#719,.T.);
#1916=EDGE_CURVE('NONE',#1664,#1665,#2182,.T.);
#1917=EDGE_CURVE('NONE',#1661,#1665,#720,.T.);
#1918=EDGE_CURVE('NONE',#1664,#1660,#721,.T.);
#1919=EDGE_CURVE('NONE',#1666,#1667,#2183,.T.);
#1920=EDGE_CURVE('NONE',#1663,#1666,#99,.T.);
#1921=EDGE_CURVE('NONE',#1667,#1662,#226,.T.);
#1922=EDGE_CURVE('NONE',#1668,#1669,#2184,.T.);
#1923=EDGE_CURVE('NONE',#1665,#1669,#2185,.T.);
#1924=EDGE_CURVE('NONE',#1668,#1664,#2186,.T.);
#1925=EDGE_CURVE('NONE',#1670,#1671,#2187,.T.);
#1926=EDGE_CURVE('NONE',#1672,#1671,#722,.T.);
#1927=EDGE_CURVE('NONE',#1673,#1672,#2188,.T.);
#1928=EDGE_CURVE('NONE',#1670,#1673,#723,.T.);
#1929=EDGE_CURVE('NONE',#1674,#1675,#2189,.T.);
#1930=EDGE_CURVE('NONE',#1669,#1675,#227,.T.);
#1931=EDGE_CURVE('NONE',#1674,#1668,#228,.T.);
#1932=EDGE_CURVE('NONE',#1676,#1677,#2190,.T.);
#1933=EDGE_CURVE('NONE',#1671,#1676,#100,.T.);
#1934=EDGE_CURVE('NONE',#1677,#1670,#229,.T.);
#1935=EDGE_CURVE('NONE',#1678,#1679,#2191,.T.);
#1936=EDGE_CURVE('NONE',#1675,#1679,#2192,.T.);
#1937=EDGE_CURVE('NONE',#1678,#1674,#2193,.T.);
#1938=EDGE_CURVE('NONE',#1680,#1681,#2194,.T.);
#1939=EDGE_CURVE('NONE',#1682,#1681,#724,.T.);
#1940=EDGE_CURVE('NONE',#1683,#1682,#2195,.T.);
#1941=EDGE_CURVE('NONE',#1680,#1683,#725,.T.);
#1942=EDGE_CURVE('NONE',#1684,#1685,#2196,.T.);
#1943=EDGE_CURVE('NONE',#1679,#1685,#726,.T.);
#1944=EDGE_CURVE('NONE',#1684,#1678,#727,.T.);
#1945=EDGE_CURVE('NONE',#1686,#1687,#2197,.T.);
#1946=EDGE_CURVE('NONE',#1681,#1687,#2198,.T.);
#1947=EDGE_CURVE('NONE',#1686,#1680,#2199,.T.);
#1948=EDGE_CURVE('NONE',#1688,#1689,#2200,.T.);
#1949=EDGE_CURVE('NONE',#1685,#1689,#230,.T.);
#1950=EDGE_CURVE('NONE',#1688,#1684,#231,.T.);
#1951=EDGE_CURVE('NONE',#1690,#1691,#2201,.T.);
#1952=EDGE_CURVE('NONE',#1687,#1691,#232,.T.);
#1953=EDGE_CURVE('NONE',#1690,#1686,#233,.T.);
#1954=EDGE_CURVE('NONE',#1692,#1693,#2202,.T.);
#1955=EDGE_CURVE('NONE',#1694,#1693,#2203,.T.);
#1956=EDGE_CURVE('NONE',#1689,#1694,#2204,.T.);
#1957=EDGE_CURVE('NONE',#1692,#1688,#2205,.T.);
#1958=EDGE_CURVE('NONE',#1693,#1690,#2206,.T.);
#1959=EDGE_CURVE('NONE',#1691,#1692,#2207,.T.);
#1960=EDGE_CURVE('NONE',#1626,#1695,#234,.T.);
#1961=EDGE_CURVE('NONE',#1696,#1620,#235,.T.);
#1962=EDGE_CURVE('NONE',#1695,#1696,#236,.T.);
#1963=EDGE_CURVE('NONE',#1603,#1697,#237,.T.);
#1964=EDGE_CURVE('NONE',#1698,#1609,#238,.T.);
#1965=EDGE_CURVE('NONE',#1697,#1698,#239,.T.);
#1966=EDGE_CURVE('NONE',#1643,#1699,#240,.T.);
#1967=EDGE_CURVE('NONE',#1700,#1647,#241,.T.);
#1968=EDGE_CURVE('NONE',#1699,#1700,#242,.T.);
#1969=EDGE_CURVE('NONE',#1669,#1701,#243,.T.);
#1970=EDGE_CURVE('NONE',#1702,#1675,#244,.T.);
#1971=EDGE_CURVE('NONE',#1701,#1702,#245,.T.);
#1972=EDGE_CURVE('NONE',#1690,#1703,#246,.T.);
#1973=EDGE_CURVE('NONE',#1704,#1686,#247,.T.);
#1974=EDGE_CURVE('NONE',#1703,#1704,#248,.T.);
#1975=EDGE_CURVE('NONE',#1683,#1705,#728,.T.);
#1976=EDGE_CURVE('NONE',#1683,#1677,#249,.T.);
#1977=EDGE_CURVE('NONE',#1706,#1670,#729,.T.);
#1978=EDGE_CURVE('NONE',#1705,#1706,#101,.T.);
#1979=EDGE_CURVE('NONE',#1673,#1707,#730,.T.);
#1980=EDGE_CURVE('NONE',#1673,#1667,#250,.T.);
#1981=EDGE_CURVE('NONE',#1708,#1662,#731,.T.);
#1982=EDGE_CURVE('NONE',#1707,#1708,#102,.T.);
#1983=EDGE_CURVE('NONE',#1654,#1709,#251,.T.);
#1984=EDGE_CURVE('NONE',#1710,#1648,#252,.T.);
#1985=EDGE_CURVE('NONE',#1709,#1710,#253,.T.);
#1986=EDGE_CURVE('NONE',#1619,#1711,#732,.T.);
#1987=EDGE_CURVE('NONE',#1619,#1623,#254,.T.);
#1988=EDGE_CURVE('NONE',#1712,#1625,#733,.T.);
#1989=EDGE_CURVE('NONE',#1711,#1712,#103,.T.);
#1990=EDGE_CURVE('NONE',#1629,#1713,#734,.T.);
#1991=EDGE_CURVE('NONE',#1629,#1633,#255,.T.);
#1992=EDGE_CURVE('NONE',#1714,#1635,#735,.T.);
#1993=EDGE_CURVE('NONE',#1713,#1714,#104,.T.);
#1994=EDGE_CURVE('NONE',#1610,#1715,#256,.T.);
#1995=EDGE_CURVE('NONE',#1716,#1613,#257,.T.);
#1996=EDGE_CURVE('NONE',#1715,#1716,#258,.T.);
#1997=EDGE_CURVE('NONE',#1640,#1717,#259,.T.);
#1998=EDGE_CURVE('NONE',#1718,#1636,#260,.T.);
#1999=EDGE_CURVE('NONE',#1717,#1718,#261,.T.);
#2000=EDGE_CURVE('NONE',#1657,#1719,#262,.T.);
#2001=EDGE_CURVE('NONE',#1720,#1661,#263,.T.);
#2002=EDGE_CURVE('NONE',#1719,#1720,#264,.T.);
#2003=EDGE_CURVE('NONE',#1685,#1721,#265,.T.);
#2004=EDGE_CURVE('NONE',#1722,#1689,#266,.T.);
#2005=EDGE_CURVE('NONE',#1721,#1722,#267,.T.);
#2006=EDGE_CURVE('NONE',#1589,#1600,#2208,.T.);
#2007=EDGE_CURVE('NONE',#1601,#1723,#2209,.T.);
#2008=EDGE_CURVE('NONE',#1723,#1598,#2210,.T.);
#2009=EDGE_CURVE('NONE',#1599,#1596,#2211,.T.);
#2010=EDGE_CURVE('NONE',#1597,#1724,#2212,.T.);
#2011=EDGE_CURVE('NONE',#1724,#1594,#2213,.T.);
#2012=EDGE_CURVE('NONE',#1595,#1725,#2214,.T.);
#2013=EDGE_CURVE('NONE',#1725,#1592,#2215,.T.);
#2014=EDGE_CURVE('NONE',#1593,#1590,#2216,.T.);
#2015=EDGE_CURVE('NONE',#1591,#1586,#2217,.T.);
#2016=EDGE_CURVE('NONE',#1587,#1588,#2218,.T.);
#2017=EDGE_CURVE('NONE',#1724,#1552,#736,.T.);
#2018=EDGE_CURVE('NONE',#1725,#1555,#737,.T.);
#2019=EDGE_CURVE('NONE',#1582,#1584,#2219,.T.);
#2020=EDGE_CURVE('NONE',#1578,#1574,#2220,.T.);
#2021=EDGE_CURVE('NONE',#1723,#1568,#738,.T.);
#2022=EDGE_CURVE('NONE',#1606,#1612,#2221,.T.);
#2023=EDGE_CURVE('NONE',#1644,#1650,#2222,.T.);
#2024=EDGE_CURVE('NONE',#1666,#1672,#105,.T.);
#2025=EDGE_CURVE('NONE',#1676,#1682,#106,.T.);
#2026=EDGE_CURVE('NONE',#1632,#1628,#107,.T.);
#2027=EDGE_CURVE('NONE',#1622,#1618,#108,.T.);
#2028=EDGE_CURVE('NONE',#1565,#1569,#2223,.T.);
#2029=EDGE_CURVE('NONE',#1575,#1579,#2224,.T.);
#2030=EDGE_CURVE('NONE',#1585,#1583,#2225,.T.);
#2031=EDGE_CURVE('NONE',#1713,#1712,#739,.T.);
#2032=EDGE_CURVE('NONE',#1639,#1726,#740,.T.);
#2033=EDGE_CURVE('NONE',#1726,#1714,#741,.T.);
#2034=EDGE_CURVE('NONE',#1699,#1726,#2226,.T.);
#2035=EDGE_CURVE('NONE',#1653,#1727,#742,.T.);
#2036=EDGE_CURVE('NONE',#1727,#1700,#2227,.T.);
#2037=EDGE_CURVE('NONE',#1719,#1727,#2228,.T.);
#2038=EDGE_CURVE('NONE',#1665,#1728,#743,.T.);
#2039=EDGE_CURVE('NONE',#1728,#1720,#744,.T.);
#2040=EDGE_CURVE('NONE',#1701,#1728,#2229,.T.);
#2041=EDGE_CURVE('NONE',#1679,#1729,#745,.T.);
#2042=EDGE_CURVE('NONE',#1729,#1702,#2230,.T.);
#2043=EDGE_CURVE('NONE',#1721,#1729,#746,.T.);
#2044=EDGE_CURVE('NONE',#1694,#1730,#747,.T.);
#2045=EDGE_CURVE('NONE',#1693,#1731,#748,.T.);
#2046=EDGE_CURVE('NONE',#1731,#1730,#2231,.T.);
#2047=EDGE_CURVE('NONE',#1703,#1731,#2232,.T.);
#2048=EDGE_CURVE('NONE',#1680,#1732,#749,.T.);
#2049=EDGE_CURVE('NONE',#1732,#1704,#2233,.T.);
#2050=EDGE_CURVE('NONE',#1705,#1732,#750,.T.);
#2051=EDGE_CURVE('NONE',#1707,#1706,#751,.T.);
#2052=EDGE_CURVE('NONE',#1658,#1733,#752,.T.);
#2053=EDGE_CURVE('NONE',#1733,#1708,#753,.T.);
#2054=EDGE_CURVE('NONE',#1709,#1733,#2234,.T.);
#2055=EDGE_CURVE('NONE',#1651,#1734,#754,.T.);
#2056=EDGE_CURVE('NONE',#1734,#1710,#2235,.T.);
#2057=EDGE_CURVE('NONE',#1645,#1735,#755,.T.);
#2058=EDGE_CURVE('NONE',#1717,#1735,#2236,.T.);
#2059=EDGE_CURVE('NONE',#1630,#1736,#756,.T.);
#2060=EDGE_CURVE('NONE',#1736,#1718,#757,.T.);
#2061=EDGE_CURVE('NONE',#1695,#1736,#2237,.T.);
#2062=EDGE_CURVE('NONE',#1616,#1737,#758,.T.);
#2063=EDGE_CURVE('NONE',#1737,#1696,#2238,.T.);
#2064=EDGE_CURVE('NONE',#1715,#1737,#759,.T.);
#2065=EDGE_CURVE('NONE',#1613,#1607,#2239,.T.);
#2066=EDGE_CURVE('NONE',#1604,#1738,#760,.T.);
#2067=EDGE_CURVE('NONE',#1738,#1716,#2240,.T.);
#2068=EDGE_CURVE('NONE',#1697,#1738,#2241,.T.);
#2069=EDGE_CURVE('NONE',#1615,#1739,#761,.T.);
#2070=EDGE_CURVE('NONE',#1739,#1698,#2242,.T.);
#2071=EDGE_CURVE('NONE',#1711,#1739,#762,.T.);
#2072=EDGE_CURVE('NONE',#1545,#1532,#763,.T.);
#2073=EDGE_CURVE('NONE',#1541,#1544,#764,.T.);
#2074=EDGE_CURVE('NONE',#1537,#1540,#765,.T.);
#2075=EDGE_CURVE('NONE',#1533,#1536,#766,.T.);
#2076=EDGE_CURVE('NONE',#1543,#1530,#767,.T.);
#2077=EDGE_CURVE('NONE',#1539,#1542,#768,.T.);
#2078=EDGE_CURVE('NONE',#1535,#1538,#769,.T.);
#2079=EDGE_CURVE('NONE',#1531,#1534,#770,.T.);
#2080=EDGE_CURVE('NONE',#1730,#1722,#2243,.T.);
#2081=EDGE_CURVE('NONE',#1735,#1734,#2244,.T.);
#2082=EDGE_CURVE('NONE',#1651,#1645,#2245,.T.);
#2083=EDGE_CURVE('NONE',#1568,#1564,#2246,.T.);
#2084=CIRCLE('',#2248,10.);
#2085=CIRCLE('',#2249,10.);
#2086=CIRCLE('',#2251,10.);
#2087=CIRCLE('',#2252,10.);
#2088=CIRCLE('',#2254,9.99999999999999);
#2089=CIRCLE('',#2255,9.99999999999999);
#2090=CIRCLE('',#2257,9.99999999999999);
#2091=CIRCLE('',#2258,9.99999999999999);
#2092=CIRCLE('',#2260,1.);
#2093=CIRCLE('',#2261,1.);
#2094=CIRCLE('',#2262,1.);
#2095=CIRCLE('',#2263,9.88472526455594);
#2096=CIRCLE('',#2264,8.89217911291462);
#2097=CIRCLE('',#2265,8.89217911291462);
#2098=CIRCLE('',#2267,0.999999999999999);
#2099=CIRCLE('',#2268,33.0254516749906);
#2100=CIRCLE('',#2269,33.0254516749906);
#2101=CIRCLE('',#2270,34.017997826632);
#2102=CIRCLE('',#2272,0.999999999999999);
#2103=CIRCLE('',#2273,0.999999999999998);
#2104=CIRCLE('',#2274,1.);
#2105=CIRCLE('',#2275,34.017997826632);
#2106=CIRCLE('',#2276,33.0254516749906);
#2107=CIRCLE('',#2278,0.999999999999997);
#2108=CIRCLE('',#2279,8.89217911291462);
#2109=CIRCLE('',#2280,9.88472526455595);
#2110=CIRCLE('',#2282,1.);
#2111=CIRCLE('',#2283,1.);
#2112=CIRCLE('',#2284,1.);
#2113=CIRCLE('',#2285,8.89217911291462);
#2114=CIRCLE('',#2286,1.);
#2115=CIRCLE('',#2287,9.88472526455594);
#2116=CIRCLE('',#2289,1.);
#2117=CIRCLE('',#2290,33.0254516749906);
#2118=CIRCLE('',#2291,34.017997826632);
#2119=CIRCLE('',#2293,0.999999999999999);
#2120=CIRCLE('',#2294,1.);
#2121=CIRCLE('',#2295,1.);
#2122=CIRCLE('',#2296,33.0254516749906);
#2123=CIRCLE('',#2297,1.);
#2124=CIRCLE('',#2298,34.017997826632);
#2125=CIRCLE('',#2300,1.);
#2126=CIRCLE('',#2301,8.89217911291462);
#2127=CIRCLE('',#2302,9.88472526455594);
#2128=CIRCLE('',#2304,1.);
#2129=CIRCLE('',#2305,1.);
#2130=CIRCLE('',#2306,9.73348534401635);
#2131=CIRCLE('',#2307,0.999999999999997);
#2132=CIRCLE('',#2308,10.7182930970286);
#2133=CIRCLE('',#2310,1.);
#2134=CIRCLE('',#2311,7.28170679323649);
#2135=CIRCLE('',#2312,8.2665145462487);
#2136=CIRCLE('',#2314,1.);
#2137=CIRCLE('',#2315,1.);
#2138=CIRCLE('',#2316,0.999999999999998);
#2139=CIRCLE('',#2317,1.);
#2140=CIRCLE('',#2318,9.73348534401636);
#2141=CIRCLE('',#2319,10.7182930970286);
#2142=CIRCLE('',#2321,1.);
#2143=CIRCLE('',#2323,1.);
#2144=CIRCLE('',#2325,0.999999999999997);
#2145=CIRCLE('',#2326,29.7182932067635);
#2146=CIRCLE('',#2327,28.7334854537513);
#2147=CIRCLE('',#2329,0.999999999999998);
#2148=CIRCLE('',#2330,1.);
#2149=CIRCLE('',#2331,0.999999999999997);
#2150=CIRCLE('',#2332,1.);
#2151=CIRCLE('',#2334,1.);
#2152=CIRCLE('',#2335,29.7182932067635);
#2153=CIRCLE('',#2336,28.7334854537513);
#2154=CIRCLE('',#2338,0.999999999999998);
#2155=CIRCLE('',#2339,1.);
#2156=CIRCLE('',#2340,1.);
#2157=CIRCLE('',#2342,1.);
#2158=CIRCLE('',#2344,0.999999999999999);
#2159=CIRCLE('',#2345,0.999999999999998);
#2160=CIRCLE('',#2346,9.73348534401636);
#2161=CIRCLE('',#2347,10.7182930970286);
#2162=CIRCLE('',#2349,1.);
#2163=CIRCLE('',#2350,7.28170679323649);
#2164=CIRCLE('',#2351,8.2665145462487);
#2165=CIRCLE('',#2353,0.999999999999997);
#2166=CIRCLE('',#2354,0.999999999999999);
#2167=CIRCLE('',#2355,10.7182930970286);
#2168=CIRCLE('',#2356,1.);
#2169=CIRCLE('',#2357,9.73348534401635);
#2170=CIRCLE('',#2359,1.);
#2171=CIRCLE('',#2360,9.73348534401636);
#2172=CIRCLE('',#2361,10.7182930970286);
#2173=CIRCLE('',#2363,1.);
#2174=CIRCLE('',#2364,0.999999999999999);
#2175=CIRCLE('',#2365,8.2665145462487);
#2176=CIRCLE('',#2366,7.28170679323649);
#2177=CIRCLE('',#2368,1.);
#2178=CIRCLE('',#2369,10.7182930970286);
#2179=CIRCLE('',#2370,9.73348534401636);
#2180=CIRCLE('',#2372,1.);
#2181=CIRCLE('',#2373,1.);
#2182=CIRCLE('',#2375,1.);
#2183=CIRCLE('',#2377,0.999999999999998);
#2184=CIRCLE('',#2378,0.999999999999999);
#2185=CIRCLE('',#2379,28.7334854537513);
#2186=CIRCLE('',#2380,29.7182932067635);
#2187=CIRCLE('',#2382,1.);
#2188=CIRCLE('',#2383,1.);
#2189=CIRCLE('',#2385,1.);
#2190=CIRCLE('',#2386,0.999999999999998);
#2191=CIRCLE('',#2387,1.);
#2192=CIRCLE('',#2388,28.7334854537513);
#2193=CIRCLE('',#2389,29.7182932067635);
#2194=CIRCLE('',#2391,1.);
#2195=CIRCLE('',#2392,1.);
#2196=CIRCLE('',#2394,1.);
#2197=CIRCLE('',#2396,0.999999999999997);
#2198=CIRCLE('',#2397,10.7182930970286);
#2199=CIRCLE('',#2398,9.73348534401636);
#2200=CIRCLE('',#2400,0.999999999999999);
#2201=CIRCLE('',#2401,1.);
#2202=CIRCLE('',#2402,0.999999999999997);
#2203=CIRCLE('',#2403,8.2665145462487);
#2204=CIRCLE('',#2404,8.2665145462487);
#2205=CIRCLE('',#2405,7.28170679323649);
#2206=CIRCLE('',#2407,9.73348534401636);
#2207=CIRCLE('',#2408,10.7182930970286);
#2208=CIRCLE('',#2414,28.8358129304743);
#2209=CIRCLE('',#2415,4.70254036839833);
#2210=CIRCLE('',#2416,4.70254036839833);
#2211=CIRCLE('',#2417,28.8358129304743);
#2212=CIRCLE('',#2418,4.70254036839833);
#2213=CIRCLE('',#2419,4.70254036839833);
#2214=CIRCLE('',#2420,28.8358129304743);
#2215=CIRCLE('',#2421,28.8358129304743);
#2216=CIRCLE('',#2422,4.70254036839834);
#2217=CIRCLE('',#2423,28.8358129304744);
#2218=CIRCLE('',#2424,4.70254036839833);
#2219=CIRCLE('',#2431,8.89217911291462);
#2220=CIRCLE('',#2433,33.0254516749906);
#2221=CIRCLE('',#2436,7.28170679323649);
#2222=CIRCLE('',#2437,7.28170679323649);
#2223=CIRCLE('',#2438,9.88472526455594);
#2224=CIRCLE('',#2439,34.017997826632);
#2225=CIRCLE('',#2440,9.88472526455594);
#2226=CIRCLE('',#2444,5.99999989026506);
#2227=CIRCLE('',#2446,5.99999989026506);
#2228=CIRCLE('',#2448,12.);
#2229=CIRCLE('',#2451,25.);
#2230=CIRCLE('',#2453,25.);
#2231=CIRCLE('',#2456,12.);
#2232=CIRCLE('',#2458,5.99999989026506);
#2233=CIRCLE('',#2460,5.99999989026506);
#2234=CIRCLE('',#2465,5.99999989026506);
#2235=CIRCLE('',#2467,5.99999989026505);
#2236=CIRCLE('',#2469,12.);
#2237=CIRCLE('',#2472,25.);
#2238=CIRCLE('',#2474,25.);
#2239=CIRCLE('',#2477,8.2665145462487);
#2240=CIRCLE('',#2478,12.);
#2241=CIRCLE('',#2480,5.99999989026506);
#2242=CIRCLE('',#2482,5.99999989026506);
#2243=CIRCLE('',#2490,12.);
#2244=CIRCLE('',#2491,12.);
#2245=CIRCLE('',#2493,8.2665145462487);
#2246=CIRCLE('',#2496,8.89217911291462);
#2247=AXIS2_PLACEMENT_3D('',#3092,#2505,#2506);
#2248=AXIS2_PLACEMENT_3D('',#3093,#2507,#2508);
#2249=AXIS2_PLACEMENT_3D('',#3098,#2510,#2511);
#2250=AXIS2_PLACEMENT_3D('',#3101,#2513,#2514);
#2251=AXIS2_PLACEMENT_3D('',#3102,#2515,#2516);
#2252=AXIS2_PLACEMENT_3D('',#3107,#2518,#2519);
#2253=AXIS2_PLACEMENT_3D('',#3110,#2521,#2522);
#2254=AXIS2_PLACEMENT_3D('',#3111,#2523,#2524);
#2255=AXIS2_PLACEMENT_3D('',#3116,#2526,#2527);
#2256=AXIS2_PLACEMENT_3D('',#3119,#2529,#2530);
#2257=AXIS2_PLACEMENT_3D('',#3120,#2531,#2532);
#2258=AXIS2_PLACEMENT_3D('',#3125,#2534,#2535);
#2259=AXIS2_PLACEMENT_3D('',#3128,#2537,#2538);
#2260=AXIS2_PLACEMENT_3D('',#3129,#2539,#2540);
#2261=AXIS2_PLACEMENT_3D('',#3137,#2541,#2542);
#2262=AXIS2_PLACEMENT_3D('',#3195,#2543,#2544);
#2263=AXIS2_PLACEMENT_3D('',#3198,#2545,#2546);
#2264=AXIS2_PLACEMENT_3D('',#3199,#2547,#2548);
#2265=AXIS2_PLACEMENT_3D('',#3201,#2549,#2550);
#2266=AXIS2_PLACEMENT_3D('',#3202,#2551,#2552);
#2267=AXIS2_PLACEMENT_3D('',#3203,#2553,#2554);
#2268=AXIS2_PLACEMENT_3D('',#3206,#2555,#2556);
#2269=AXIS2_PLACEMENT_3D('',#3208,#2557,#2558);
#2270=AXIS2_PLACEMENT_3D('',#3209,#2559,#2560);
#2271=AXIS2_PLACEMENT_3D('',#3210,#2561,#2562);
#2272=AXIS2_PLACEMENT_3D('',#3211,#2563,#2564);
#2273=AXIS2_PLACEMENT_3D('',#3274,#2565,#2566);
#2274=AXIS2_PLACEMENT_3D('',#3337,#2567,#2568);
#2275=AXIS2_PLACEMENT_3D('',#3340,#2569,#2570);
#2276=AXIS2_PLACEMENT_3D('',#3341,#2571,#2572);
#2277=AXIS2_PLACEMENT_3D('',#3342,#2573,#2574);
#2278=AXIS2_PLACEMENT_3D('',#3343,#2575,#2576);
#2279=AXIS2_PLACEMENT_3D('',#3346,#2577,#2578);
#2280=AXIS2_PLACEMENT_3D('',#3347,#2579,#2580);
#2281=AXIS2_PLACEMENT_3D('',#3348,#2581,#2582);
#2282=AXIS2_PLACEMENT_3D('',#3349,#2583,#2584);
#2283=AXIS2_PLACEMENT_3D('',#3412,#2585,#2586);
#2284=AXIS2_PLACEMENT_3D('',#3475,#2587,#2588);
#2285=AXIS2_PLACEMENT_3D('',#3478,#2589,#2590);
#2286=AXIS2_PLACEMENT_3D('',#3480,#2591,#2592);
#2287=AXIS2_PLACEMENT_3D('',#3482,#2593,#2594);
#2288=AXIS2_PLACEMENT_3D('',#3483,#2595,#2596);
#2289=AXIS2_PLACEMENT_3D('',#3484,#2597,#2598);
#2290=AXIS2_PLACEMENT_3D('',#3487,#2599,#2600);
#2291=AXIS2_PLACEMENT_3D('',#3488,#2601,#2602);
#2292=AXIS2_PLACEMENT_3D('',#3489,#2603,#2604);
#2293=AXIS2_PLACEMENT_3D('',#3490,#2605,#2606);
#2294=AXIS2_PLACEMENT_3D('',#3553,#2607,#2608);
#2295=AXIS2_PLACEMENT_3D('',#3616,#2609,#2610);
#2296=AXIS2_PLACEMENT_3D('',#3619,#2611,#2612);
#2297=AXIS2_PLACEMENT_3D('',#3621,#2613,#2614);
#2298=AXIS2_PLACEMENT_3D('',#3623,#2615,#2616);
#2299=AXIS2_PLACEMENT_3D('',#3624,#2617,#2618);
#2300=AXIS2_PLACEMENT_3D('',#3625,#2619,#2620);
#2301=AXIS2_PLACEMENT_3D('',#3628,#2621,#2622);
#2302=AXIS2_PLACEMENT_3D('',#3629,#2623,#2624);
#2303=AXIS2_PLACEMENT_3D('',#3630,#2625,#2626);
#2304=AXIS2_PLACEMENT_3D('',#3636,#2627,#2628);
#2305=AXIS2_PLACEMENT_3D('',#4094,#2629,#2630);
#2306=AXIS2_PLACEMENT_3D('',#4097,#2631,#2632);
#2307=AXIS2_PLACEMENT_3D('',#4099,#2633,#2634);
#2308=AXIS2_PLACEMENT_3D('',#4101,#2635,#2636);
#2309=AXIS2_PLACEMENT_3D('',#4102,#2637,#2638);
#2310=AXIS2_PLACEMENT_3D('',#4103,#2639,#2640);
#2311=AXIS2_PLACEMENT_3D('',#4106,#2641,#2642);
#2312=AXIS2_PLACEMENT_3D('',#4107,#2643,#2644);
#2313=AXIS2_PLACEMENT_3D('',#4108,#2645,#2646);
#2314=AXIS2_PLACEMENT_3D('',#4109,#2647,#2648);
#2315=AXIS2_PLACEMENT_3D('',#4156,#2649,#2650);
#2316=AXIS2_PLACEMENT_3D('',#4182,#2651,#2652);
#2317=AXIS2_PLACEMENT_3D('',#4264,#2653,#2654);
#2318=AXIS2_PLACEMENT_3D('',#4267,#2655,#2656);
#2319=AXIS2_PLACEMENT_3D('',#4268,#2657,#2658);
#2320=AXIS2_PLACEMENT_3D('',#4269,#2659,#2660);
#2321=AXIS2_PLACEMENT_3D('',#4270,#2661,#2662);
#2322=AXIS2_PLACEMENT_3D('',#4275,#2665,#2666);
#2323=AXIS2_PLACEMENT_3D('',#4276,#2667,#2668);
#2324=AXIS2_PLACEMENT_3D('',#4281,#2671,#2672);
#2325=AXIS2_PLACEMENT_3D('',#4282,#2673,#2674);
#2326=AXIS2_PLACEMENT_3D('',#4285,#2675,#2676);
#2327=AXIS2_PLACEMENT_3D('',#4286,#2677,#2678);
#2328=AXIS2_PLACEMENT_3D('',#4287,#2679,#2680);
#2329=AXIS2_PLACEMENT_3D('',#4288,#2681,#2682);
#2330=AXIS2_PLACEMENT_3D('',#4296,#2683,#2684);
#2331=AXIS2_PLACEMENT_3D('',#4326,#2685,#2686);
#2332=AXIS2_PLACEMENT_3D('',#4381,#2687,#2688);
#2333=AXIS2_PLACEMENT_3D('',#4386,#2691,#2692);
#2334=AXIS2_PLACEMENT_3D('',#4387,#2693,#2694);
#2335=AXIS2_PLACEMENT_3D('',#4390,#2695,#2696);
#2336=AXIS2_PLACEMENT_3D('',#4391,#2697,#2698);
#2337=AXIS2_PLACEMENT_3D('',#4392,#2699,#2700);
#2338=AXIS2_PLACEMENT_3D('',#4393,#2701,#2702);
#2339=AXIS2_PLACEMENT_3D('',#4401,#2703,#2704);
#2340=AXIS2_PLACEMENT_3D('',#4431,#2705,#2706);
#2341=AXIS2_PLACEMENT_3D('',#4436,#2709,#2710);
#2342=AXIS2_PLACEMENT_3D('',#4437,#2711,#2712);
#2343=AXIS2_PLACEMENT_3D('',#4442,#2715,#2716);
#2344=AXIS2_PLACEMENT_3D('',#4443,#2717,#2718);
#2345=AXIS2_PLACEMENT_3D('',#4548,#2719,#2720);
#2346=AXIS2_PLACEMENT_3D('',#4551,#2721,#2722);
#2347=AXIS2_PLACEMENT_3D('',#4552,#2723,#2724);
#2348=AXIS2_PLACEMENT_3D('',#4553,#2725,#2726);
#2349=AXIS2_PLACEMENT_3D('',#4554,#2727,#2728);
#2350=AXIS2_PLACEMENT_3D('',#4557,#2729,#2730);
#2351=AXIS2_PLACEMENT_3D('',#4558,#2731,#2732);
#2352=AXIS2_PLACEMENT_3D('',#4559,#2733,#2734);
#2353=AXIS2_PLACEMENT_3D('',#4560,#2735,#2736);
#2354=AXIS2_PLACEMENT_3D('',#4607,#2737,#2738);
#2355=AXIS2_PLACEMENT_3D('',#4610,#2739,#2740);
#2356=AXIS2_PLACEMENT_3D('',#4612,#2741,#2742);
#2357=AXIS2_PLACEMENT_3D('',#4614,#2743,#2744);
#2358=AXIS2_PLACEMENT_3D('',#4615,#2745,#2746);
#2359=AXIS2_PLACEMENT_3D('',#4616,#2747,#2748);
#2360=AXIS2_PLACEMENT_3D('',#4619,#2749,#2750);
#2361=AXIS2_PLACEMENT_3D('',#4620,#2751,#2752);
#2362=AXIS2_PLACEMENT_3D('',#4621,#2753,#2754);
#2363=AXIS2_PLACEMENT_3D('',#4622,#2755,#2756);
#2364=AXIS2_PLACEMENT_3D('',#4669,#2757,#2758);
#2365=AXIS2_PLACEMENT_3D('',#4672,#2759,#2760);
#2366=AXIS2_PLACEMENT_3D('',#4673,#2761,#2762);
#2367=AXIS2_PLACEMENT_3D('',#4674,#2763,#2764);
#2368=AXIS2_PLACEMENT_3D('',#4675,#2765,#2766);
#2369=AXIS2_PLACEMENT_3D('',#4678,#2767,#2768);
#2370=AXIS2_PLACEMENT_3D('',#4679,#2769,#2770);
#2371=AXIS2_PLACEMENT_3D('',#4680,#2771,#2772);
#2372=AXIS2_PLACEMENT_3D('',#4681,#2773,#2774);
#2373=AXIS2_PLACEMENT_3D('',#4786,#2775,#2776);
#2374=AXIS2_PLACEMENT_3D('',#4791,#2779,#2780);
#2375=AXIS2_PLACEMENT_3D('',#4792,#2781,#2782);
#2376=AXIS2_PLACEMENT_3D('',#4797,#2785,#2786);
#2377=AXIS2_PLACEMENT_3D('',#4798,#2787,#2788);
#2378=AXIS2_PLACEMENT_3D('',#4833,#2789,#2790);
#2379=AXIS2_PLACEMENT_3D('',#4836,#2791,#2792);
#2380=AXIS2_PLACEMENT_3D('',#4837,#2793,#2794);
#2381=AXIS2_PLACEMENT_3D('',#4838,#2795,#2796);
#2382=AXIS2_PLACEMENT_3D('',#4839,#2797,#2798);
#2383=AXIS2_PLACEMENT_3D('',#4844,#2800,#2801);
#2384=AXIS2_PLACEMENT_3D('',#4847,#2803,#2804);
#2385=AXIS2_PLACEMENT_3D('',#4848,#2805,#2806);
#2386=AXIS2_PLACEMENT_3D('',#4903,#2807,#2808);
#2387=AXIS2_PLACEMENT_3D('',#4938,#2809,#2810);
#2388=AXIS2_PLACEMENT_3D('',#4941,#2811,#2812);
#2389=AXIS2_PLACEMENT_3D('',#4942,#2813,#2814);
#2390=AXIS2_PLACEMENT_3D('',#4943,#2815,#2816);
#2391=AXIS2_PLACEMENT_3D('',#4944,#2817,#2818);
#2392=AXIS2_PLACEMENT_3D('',#4949,#2820,#2821);
#2393=AXIS2_PLACEMENT_3D('',#4952,#2823,#2824);
#2394=AXIS2_PLACEMENT_3D('',#4953,#2825,#2826);
#2395=AXIS2_PLACEMENT_3D('',#4958,#2829,#2830);
#2396=AXIS2_PLACEMENT_3D('',#4959,#2831,#2832);
#2397=AXIS2_PLACEMENT_3D('',#4962,#2833,#2834);
#2398=AXIS2_PLACEMENT_3D('',#4963,#2835,#2836);
#2399=AXIS2_PLACEMENT_3D('',#4964,#2837,#2838);
#2400=AXIS2_PLACEMENT_3D('',#4965,#2839,#2840);
#2401=AXIS2_PLACEMENT_3D('',#5070,#2841,#2842);
#2402=AXIS2_PLACEMENT_3D('',#5117,#2843,#2844);
#2403=AXIS2_PLACEMENT_3D('',#5120,#2845,#2846);
#2404=AXIS2_PLACEMENT_3D('',#5122,#2847,#2848);
#2405=AXIS2_PLACEMENT_3D('',#5123,#2849,#2850);
#2406=AXIS2_PLACEMENT_3D('',#5124,#2851,#2852);
#2407=AXIS2_PLACEMENT_3D('',#5125,#2853,#2854);
#2408=AXIS2_PLACEMENT_3D('',#5126,#2855,#2856);
#2409=AXIS2_PLACEMENT_3D('',#5127,#2857,#2858);
#2410=AXIS2_PLACEMENT_3D('',#5339,#2861,#2862);
#2411=AXIS2_PLACEMENT_3D('',#5352,#2865,#2866);
#2412=AXIS2_PLACEMENT_3D('',#5414,#2869,#2870);
#2413=AXIS2_PLACEMENT_3D('',#5427,#2873,#2874);
#2414=AXIS2_PLACEMENT_3D('',#5686,#2875,#2876);
#2415=AXIS2_PLACEMENT_3D('',#5687,#2877,#2878);
#2416=AXIS2_PLACEMENT_3D('',#5689,#2879,#2880);
#2417=AXIS2_PLACEMENT_3D('',#5690,#2881,#2882);
#2418=AXIS2_PLACEMENT_3D('',#5691,#2883,#2884);
#2419=AXIS2_PLACEMENT_3D('',#5693,#2885,#2886);
#2420=AXIS2_PLACEMENT_3D('',#5694,#2887,#2888);
#2421=AXIS2_PLACEMENT_3D('',#5696,#2889,#2890);
#2422=AXIS2_PLACEMENT_3D('',#5697,#2891,#2892);
#2423=AXIS2_PLACEMENT_3D('',#5698,#2893,#2894);
#2424=AXIS2_PLACEMENT_3D('',#5699,#2895,#2896);
#2425=AXIS2_PLACEMENT_3D('',#5700,#2897,#2898);
#2426=AXIS2_PLACEMENT_3D('',#5701,#2899,#2900);
#2427=AXIS2_PLACEMENT_3D('',#5703,#2902,#2903);
#2428=AXIS2_PLACEMENT_3D('',#5705,#2905,#2906);
#2429=AXIS2_PLACEMENT_3D('',#5706,#2907,#2908);
#2430=AXIS2_PLACEMENT_3D('',#5707,#2909,#2910);
#2431=AXIS2_PLACEMENT_3D('',#5708,#2911,#2912);
#2432=AXIS2_PLACEMENT_3D('',#5709,#2913,#2914);
#2433=AXIS2_PLACEMENT_3D('',#5710,#2915,#2916);
#2434=AXIS2_PLACEMENT_3D('',#5711,#2917,#2918);
#2435=AXIS2_PLACEMENT_3D('',#5713,#2920,#2921);
#2436=AXIS2_PLACEMENT_3D('',#5714,#2922,#2923);
#2437=AXIS2_PLACEMENT_3D('',#5715,#2924,#2925);
#2438=AXIS2_PLACEMENT_3D('',#5732,#2926,#2927);
#2439=AXIS2_PLACEMENT_3D('',#5733,#2928,#2929);
#2440=AXIS2_PLACEMENT_3D('',#5734,#2930,#2931);
#2441=AXIS2_PLACEMENT_3D('',#5735,#2932,#2933);
#2442=AXIS2_PLACEMENT_3D('',#5737,#2935,#2936);
#2443=AXIS2_PLACEMENT_3D('',#5741,#2939,#2940);
#2444=AXIS2_PLACEMENT_3D('',#5742,#2941,#2942);
#2445=AXIS2_PLACEMENT_3D('',#5743,#2943,#2944);
#2446=AXIS2_PLACEMENT_3D('',#5746,#2946,#2947);
#2447=AXIS2_PLACEMENT_3D('',#5747,#2948,#2949);
#2448=AXIS2_PLACEMENT_3D('',#5748,#2950,#2951);
#2449=AXIS2_PLACEMENT_3D('',#5749,#2952,#2953);
#2450=AXIS2_PLACEMENT_3D('',#5753,#2956,#2957);
#2451=AXIS2_PLACEMENT_3D('',#5754,#2958,#2959);
#2452=AXIS2_PLACEMENT_3D('',#5755,#2960,#2961);
#2453=AXIS2_PLACEMENT_3D('',#5758,#2963,#2964);
#2454=AXIS2_PLACEMENT_3D('',#5759,#2965,#2966);
#2455=AXIS2_PLACEMENT_3D('',#5761,#2968,#2969);
#2456=AXIS2_PLACEMENT_3D('',#5766,#2972,#2973);
#2457=AXIS2_PLACEMENT_3D('',#5767,#2974,#2975);
#2458=AXIS2_PLACEMENT_3D('',#5768,#2976,#2977);
#2459=AXIS2_PLACEMENT_3D('',#5769,#2978,#2979);
#2460=AXIS2_PLACEMENT_3D('',#5772,#2981,#2982);
#2461=AXIS2_PLACEMENT_3D('',#5773,#2983,#2984);
#2462=AXIS2_PLACEMENT_3D('',#5775,#2986,#2987);
#2463=AXIS2_PLACEMENT_3D('',#5777,#2989,#2990);
#2464=AXIS2_PLACEMENT_3D('',#5781,#2993,#2994);
#2465=AXIS2_PLACEMENT_3D('',#5782,#2995,#2996);
#2466=AXIS2_PLACEMENT_3D('',#5783,#2997,#2998);
#2467=AXIS2_PLACEMENT_3D('',#5786,#3000,#3001);
#2468=AXIS2_PLACEMENT_3D('',#5787,#3002,#3003);
#2469=AXIS2_PLACEMENT_3D('',#5790,#3005,#3006);
#2470=AXIS2_PLACEMENT_3D('',#5791,#3007,#3008);
#2471=AXIS2_PLACEMENT_3D('',#5795,#3011,#3012);
#2472=AXIS2_PLACEMENT_3D('',#5796,#3013,#3014);
#2473=AXIS2_PLACEMENT_3D('',#5797,#3015,#3016);
#2474=AXIS2_PLACEMENT_3D('',#5800,#3018,#3019);
#2475=AXIS2_PLACEMENT_3D('',#5801,#3020,#3021);
#2476=AXIS2_PLACEMENT_3D('',#5803,#3023,#3024);
#2477=AXIS2_PLACEMENT_3D('',#5804,#3025,#3026);
#2478=AXIS2_PLACEMENT_3D('',#5807,#3028,#3029);
#2479=AXIS2_PLACEMENT_3D('',#5808,#3030,#3031);
#2480=AXIS2_PLACEMENT_3D('',#5809,#3032,#3033);
#2481=AXIS2_PLACEMENT_3D('',#5810,#3034,#3035);
#2482=AXIS2_PLACEMENT_3D('',#5813,#3037,#3038);
#2483=AXIS2_PLACEMENT_3D('',#5814,#3039,#3040);
#2484=AXIS2_PLACEMENT_3D('',#5816,#3042,#3043);
#2485=AXIS2_PLACEMENT_3D('',#5821,#3048,#3049);
#2486=AXIS2_PLACEMENT_3D('',#5823,#3051,#3052);
#2487=AXIS2_PLACEMENT_3D('',#5825,#3054,#3055);
#2488=AXIS2_PLACEMENT_3D('',#5827,#3057,#3058);
#2489=AXIS2_PLACEMENT_3D('',#5829,#3060,#3061);
#2490=AXIS2_PLACEMENT_3D('',#5830,#3062,#3063);
#2491=AXIS2_PLACEMENT_3D('',#5831,#3064,#3065);
#2492=AXIS2_PLACEMENT_3D('',#5832,#3066,#3067);
#2493=AXIS2_PLACEMENT_3D('',#5833,#3068,#3069);
#2494=AXIS2_PLACEMENT_3D('',#5834,#3070,#3071);
#2495=AXIS2_PLACEMENT_3D('',#5835,#3072,#3073);
#2496=AXIS2_PLACEMENT_3D('',#5836,#3074,#3075);
#2497=AXIS2_PLACEMENT_3D('',#5837,#3076,#3077);
#2498=AXIS2_PLACEMENT_3D('',#5838,#3078,#3079);
#2499=AXIS2_PLACEMENT_3D('',#5839,#3080,#3081);
#2500=AXIS2_PLACEMENT_3D('',#5888,#3082,#3083);
#2501=AXIS2_PLACEMENT_3D('',#5937,#3084,#3085);
#2502=AXIS2_PLACEMENT_3D('',#5938,#3086,#3087);
#2503=AXIS2_PLACEMENT_3D('',#5939,#3088,#3089);
#2504=AXIS2_PLACEMENT_3D('',#5940,#3090,#3091);
#2505=DIRECTION('',(0.,0.,1.));
#2506=DIRECTION('',(1.,0.,0.));
#2507=DIRECTION('',(0.,0.,1.));
#2508=DIRECTION('',(1.,0.,0.));
#2509=DIRECTION('',(0.,0.,1.));
#2510=DIRECTION('',(0.,0.,-1.));
#2511=DIRECTION('',(1.,0.,0.));
#2512=DIRECTION('',(0.,0.,-1.));
#2513=DIRECTION('',(0.,0.,-1.));
#2514=DIRECTION('',(-1.,0.,0.));
#2515=DIRECTION('',(0.,0.,1.));
#2516=DIRECTION('',(1.,0.,0.));
#2517=DIRECTION('',(0.,0.,1.));
#2518=DIRECTION('',(0.,0.,-1.));
#2519=DIRECTION('',(1.,0.,0.));
#2520=DIRECTION('',(0.,0.,-1.));
#2521=DIRECTION('',(0.,0.,-1.));
#2522=DIRECTION('',(-1.,0.,0.));
#2523=DIRECTION('',(0.,0.,1.));
#2524=DIRECTION('',(1.,0.,0.));
#2525=DIRECTION('',(0.,0.,1.));
#2526=DIRECTION('',(0.,0.,-1.));
#2527=DIRECTION('',(1.,0.,0.));
#2528=DIRECTION('',(0.,0.,-1.));
#2529=DIRECTION('',(0.,0.,-1.));
#2530=DIRECTION('',(-1.,0.,0.));
#2531=DIRECTION('',(0.,0.,1.));
#2532=DIRECTION('',(1.,0.,0.));
#2533=DIRECTION('',(0.,0.,1.));
#2534=DIRECTION('',(0.,0.,-1.));
#2535=DIRECTION('',(1.,-4.16333634234434E-15,0.));
#2536=DIRECTION('',(0.,0.,-1.));
#2537=DIRECTION('',(0.,0.,-1.));
#2538=DIRECTION('',(-1.,0.,0.));
#2539=DIRECTION('',(-0.405535973332406,-0.914079085382298,0.));
#2540=DIRECTION('',(0.914079085382298,-0.405535973332405,0.));
#2541=DIRECTION('',(-0.57908620467422,0.815266316951711,-2.82852323837856E-15));
#2542=DIRECTION('',(-0.81526631695171,-0.579086204674221,0.));
#2543=DIRECTION('',(0.815266316951713,-0.579086204674217,0.));
#2544=DIRECTION('',(0.579086204674218,0.815266316951713,0.));
#2545=DIRECTION('',(0.,0.,-1.));
#2546=DIRECTION('',(-1.,0.,0.));
#2547=DIRECTION('',(0.,0.,1.));
#2548=DIRECTION('',(-1.,0.,0.));
#2549=DIRECTION('',(0.,0.,1.));
#2550=DIRECTION('',(-1.,7.80336722393443E-16,0.));
#2551=DIRECTION('',(0.,0.,-1.));
#2552=DIRECTION('',(-1.,0.,0.));
#2553=DIRECTION('',(0.405535973332422,-0.914079085382291,0.));
#2554=DIRECTION('',(0.91407908538229,0.405535973332422,0.));
#2555=DIRECTION('',(0.,0.,1.));
#2556=DIRECTION('',(-1.,0.,0.));
#2557=DIRECTION('',(0.,0.,1.));
#2558=DIRECTION('',(-1.,3.5527136788005E-15,0.));
#2559=DIRECTION('',(0.,0.,-1.));
#2560=DIRECTION('',(-1.,0.,0.));
#2561=DIRECTION('',(0.,0.,-1.));
#2562=DIRECTION('',(-1.,0.,0.));
#2563=DIRECTION('',(0.914079085382301,0.405535973332399,-2.76486955609853E-14));
#2564=DIRECTION('',(-0.4055359733324,0.914079085382301,0.));
#2565=DIRECTION('',(-0.579086204674218,-0.815266316951712,0.));
#2566=DIRECTION('',(0.815266316951711,-0.579086204674219,0.));
#2567=DIRECTION('',(0.914079085382304,-0.405535973332392,1.78688901726482E-16));
#2568=DIRECTION('',(0.405535973332393,0.914079085382304,0.));
#2569=DIRECTION('',(0.,0.,-1.));
#2570=DIRECTION('',(-1.,0.,0.));
#2571=DIRECTION('',(0.,0.,1.));
#2572=DIRECTION('',(-1.,0.,0.));
#2573=DIRECTION('',(0.,0.,-1.));
#2574=DIRECTION('',(-1.,0.,0.));
#2575=DIRECTION('',(0.815266316951706,0.579086204674226,0.));
#2576=DIRECTION('',(-0.579086204674227,0.815266316951706,0.));
#2577=DIRECTION('',(0.,0.,1.));
#2578=DIRECTION('',(-1.,0.,0.));
#2579=DIRECTION('',(0.,0.,-1.));
#2580=DIRECTION('',(-1.,0.,0.));
#2581=DIRECTION('',(0.,0.,-1.));
#2582=DIRECTION('',(-1.,0.,0.));
#2583=DIRECTION('',(0.815266316951711,0.57908620467422,-5.65704647675712E-15));
#2584=DIRECTION('',(-0.579086204674221,0.81526631695171,0.));
#2585=DIRECTION('',(0.914079085382303,-0.405535973332394,0.));
#2586=DIRECTION('',(0.405535973332394,0.914079085382303,0.));
#2587=DIRECTION('',(0.,-1.,0.));
#2588=DIRECTION('',(0.,0.,-1.));
#2589=DIRECTION('',(0.,0.,1.));
#2590=DIRECTION('',(-1.,-7.80336722393443E-16,0.));
#2591=DIRECTION('',(-0.579086204674218,-0.815266316951712,-2.82852323837857E-15));
#2592=DIRECTION('',(0.815266316951713,-0.579086204674218,0.));
#2593=DIRECTION('',(0.,0.,-1.));
#2594=DIRECTION('',(-1.,0.,0.));
#2595=DIRECTION('',(0.,0.,-1.));
#2596=DIRECTION('',(-1.,0.,0.));
#2597=DIRECTION('',(0.91407908538229,0.405535973332423,0.));
#2598=DIRECTION('',(-0.405535973332422,0.914079085382291,0.));
#2599=DIRECTION('',(0.,0.,1.));
#2600=DIRECTION('',(-1.,3.5527136788005E-15,0.));
#2601=DIRECTION('',(0.,0.,-1.));
#2602=DIRECTION('',(-1.,0.,0.));
#2603=DIRECTION('',(0.,0.,-1.));
#2604=DIRECTION('',(-1.,0.,0.));
#2605=DIRECTION('',(0.405535973332398,-0.914079085382301,-3.09987333593359E-14));
#2606=DIRECTION('',(0.914079085382301,0.405535973332398,0.));
#2607=DIRECTION('',(0.815266316951714,-0.579086204674216,0.));
#2608=DIRECTION('',(0.579086204674214,0.815266316951715,0.));
#2609=DIRECTION('',(0.,-1.,0.));
#2610=DIRECTION('',(0.,0.,-1.));
#2611=DIRECTION('',(0.,0.,1.));
#2612=DIRECTION('',(-1.,-1.77635683940025E-15,0.));
#2613=DIRECTION('',(-0.405535973332392,-0.914079085382304,1.58567444831209E-15));
#2614=DIRECTION('',(0.914079085382304,-0.405535973332393,0.));
#2615=DIRECTION('',(0.,0.,-1.));
#2616=DIRECTION('',(-1.,0.,0.));
#2617=DIRECTION('',(0.,0.,-1.));
#2618=DIRECTION('',(-1.,0.,0.));
#2619=DIRECTION('',(0.,-1.,0.));
#2620=DIRECTION('',(0.,0.,-1.));
#2621=DIRECTION('',(0.,0.,1.));
#2622=DIRECTION('',(-1.,0.,0.));
#2623=DIRECTION('',(0.,0.,-1.));
#2624=DIRECTION('',(-1.,0.,0.));
#2625=DIRECTION('',(0.,0.,-1.));
#2626=DIRECTION('',(-1.,0.,0.));
#2627=DIRECTION('',(-0.579086204674224,0.815266316951708,0.));
#2628=DIRECTION('',(-0.815266316951708,-0.579086204674224,0.));
#2629=DIRECTION('',(-0.912379198079875,-0.409346062532822,0.));
#2630=DIRECTION('',(0.40934606253282,-0.912379198079876,0.));
#2631=DIRECTION('',(0.,0.,1.));
#2632=DIRECTION('',(-1.,0.,0.));
#2633=DIRECTION('',(0.328671028988628,-0.944444468829987,2.2806133994401E-15));
#2634=DIRECTION('',(0.944444468829987,0.328671028988628,0.));
#2635=DIRECTION('',(0.,0.,-1.));
#2636=DIRECTION('',(-1.,0.,0.));
#2637=DIRECTION('',(0.,0.,-1.));
#2638=DIRECTION('',(-1.,0.,0.));
#2639=DIRECTION('',(0.,-1.,0.));
#2640=DIRECTION('',(0.,0.,-1.));
#2641=DIRECTION('',(0.,0.,1.));
#2642=DIRECTION('',(-1.,0.,0.));
#2643=DIRECTION('',(0.,0.,-1.));
#2644=DIRECTION('',(1.,0.,0.));
#2645=DIRECTION('',(0.,0.,-1.));
#2646=DIRECTION('',(-1.,0.,0.));
#2647=DIRECTION('',(-0.912379198079894,0.409346062532778,0.));
#2648=DIRECTION('',(-0.409346062532778,-0.912379198079895,0.));
#2649=DIRECTION('',(0.,1.,0.));
#2650=DIRECTION('',(0.,0.,1.));
#2651=DIRECTION('',(-0.995918414649947,0.090258026574569,3.0219014468142E-13));
#2652=DIRECTION('',(-0.0902580265745719,-0.995918414649947,0.));
#2653=DIRECTION('',(0.,-1.,0.));
#2654=DIRECTION('',(0.,0.,-1.));
#2655=DIRECTION('',(0.,0.,1.));
#2656=DIRECTION('',(-1.,0.,0.));
#2657=DIRECTION('',(0.,0.,-1.));
#2658=DIRECTION('',(-1.,0.,0.));
#2659=DIRECTION('',(0.,0.,-1.));
#2660=DIRECTION('',(-1.,0.,0.));
#2661=DIRECTION('',(0.,1.,0.));
#2662=DIRECTION('',(0.,0.,1.));
#2663=DIRECTION('',(-3.85494105772624E-16,-1.,0.));
#2664=DIRECTION('',(3.85494105772624E-16,1.,1.02304309146807E-34));
#2665=DIRECTION('',(3.85494105772624E-16,1.,0.));
#2666=DIRECTION('',(-1.,0.,0.));
#2667=DIRECTION('',(0.,-1.,0.));
#2668=DIRECTION('',(0.,0.,-1.));
#2669=DIRECTION('',(-3.46944695195361E-16,1.,-1.22409970514887E-32));
#2670=DIRECTION('',(3.46944695195361E-16,-1.,0.));
#2671=DIRECTION('',(-3.46944695195361E-16,1.,0.));
#2672=DIRECTION('',(-1.,0.,0.));
#2673=DIRECTION('',(0.505087655570878,0.863068050729439,3.74296102241472E-16));
#2674=DIRECTION('',(-0.863068050729438,0.505087655570879,0.));
#2675=DIRECTION('',(0.,0.,-1.));
#2676=DIRECTION('',(-1.,0.,0.));
#2677=DIRECTION('',(0.,0.,1.));
#2678=DIRECTION('',(-1.,1.81118661580647E-15,0.));
#2679=DIRECTION('',(0.,0.,-1.));
#2680=DIRECTION('',(-1.,0.,0.));
#2681=DIRECTION('',(-0.707106781186547,-0.707106781186548,0.));
#2682=DIRECTION('',(0.707106781186549,-0.707106781186546,0.));
#2683=DIRECTION('',(-1.,8.80742190884898E-16,0.));
#2684=DIRECTION('',(-8.67361737988403E-16,-1.,0.));
#2685=DIRECTION('',(-0.505087655570879,0.863068050729439,1.4971844089659E-15));
#2686=DIRECTION('',(-0.863068050729438,-0.50508765557088,0.));
#2687=DIRECTION('',(-1.,0.,0.));
#2688=DIRECTION('',(0.,0.,1.));
#2689=DIRECTION('',(1.,0.,0.));
#2690=DIRECTION('',(-1.,0.,0.));
#2691=DIRECTION('',(1.,0.,0.));
#2692=DIRECTION('',(0.,0.,-1.));
#2693=DIRECTION('',(0.,1.,0.));
#2694=DIRECTION('',(0.,0.,1.));
#2695=DIRECTION('',(0.,0.,-1.));
#2696=DIRECTION('',(-1.,0.,0.));
#2697=DIRECTION('',(0.,0.,1.));
#2698=DIRECTION('',(-1.,0.,0.));
#2699=DIRECTION('',(0.,0.,-1.));
#2700=DIRECTION('',(-1.,0.,0.));
#2701=DIRECTION('',(-0.707106781186548,0.707106781186548,0.));
#2702=DIRECTION('',(-0.707106781186549,-0.707106781186546,0.));
#2703=DIRECTION('',(0.,1.,0.));
#2704=DIRECTION('',(0.,0.,1.));
#2705=DIRECTION('',(2.53060226158045E-12,1.,-2.99066327258434E-12));
#2706=DIRECTION('',(0.,2.99066327258401E-12,1.));
#2707=DIRECTION('',(3.85494105772624E-16,-1.,0.));
#2708=DIRECTION('',(-3.85494105772624E-16,1.,-1.02304309146807E-34));
#2709=DIRECTION('',(-3.85494105772624E-16,1.,0.));
#2710=DIRECTION('',(-1.,0.,0.));
#2711=DIRECTION('',(0.,1.,0.));
#2712=DIRECTION('',(0.,0.,1.));
#2713=DIRECTION('',(0.,-1.,0.));
#2714=DIRECTION('',(0.,1.,0.));
#2715=DIRECTION('',(0.,-1.,0.));
#2716=DIRECTION('',(0.,0.,-1.));
#2717=DIRECTION('',(0.995918414649918,0.0902580265748896,0.));
#2718=DIRECTION('',(-0.090258026574891,0.995918414649918,0.));
#2719=DIRECTION('',(-0.912379198079872,-0.409346062532827,0.));
#2720=DIRECTION('',(0.409346062532828,-0.912379198079872,0.));
#2721=DIRECTION('',(0.,0.,1.));
#2722=DIRECTION('',(-1.,0.,0.));
#2723=DIRECTION('',(0.,0.,-1.));
#2724=DIRECTION('',(-1.,0.,0.));
#2725=DIRECTION('',(0.,0.,-1.));
#2726=DIRECTION('',(-1.,0.,0.));
#2727=DIRECTION('',(0.,-1.,0.));
#2728=DIRECTION('',(0.,0.,-1.));
#2729=DIRECTION('',(0.,0.,1.));
#2730=DIRECTION('',(-1.,9.52921354970283E-16,0.));
#2731=DIRECTION('',(0.,0.,-1.));
#2732=DIRECTION('',(1.,-1.67879554680178E-15,0.));
#2733=DIRECTION('',(0.,0.,-1.));
#2734=DIRECTION('',(-1.,0.,0.));
#2735=DIRECTION('',(-0.912379198079893,0.40934606253278,0.));
#2736=DIRECTION('',(-0.40934606253278,-0.912379198079893,0.));
#2737=DIRECTION('',(-0.912379198079893,0.409346062532781,1.95025397944217E-15));
#2738=DIRECTION('',(-0.409346062532783,-0.912379198079892,0.));
#2739=DIRECTION('',(0.,0.,-1.));
#2740=DIRECTION('',(-1.,0.,0.));
#2741=DIRECTION('',(-0.32867102898862,-0.94444446882999,2.28061339944005E-15));
#2742=DIRECTION('',(0.94444446882999,-0.328671028988619,0.));
#2743=DIRECTION('',(0.,0.,1.));
#2744=DIRECTION('',(-1.,7.12888925052207E-16,0.));
#2745=DIRECTION('',(0.,0.,-1.));
#2746=DIRECTION('',(-1.,0.,0.));
#2747=DIRECTION('',(-0.328671028988619,-0.94444446882999,0.));
#2748=DIRECTION('',(0.94444446882999,-0.328671028988619,0.));
#2749=DIRECTION('',(0.,0.,1.));
#2750=DIRECTION('',(-1.,0.,0.));
#2751=DIRECTION('',(0.,0.,-1.));
#2752=DIRECTION('',(-1.,0.,0.));
#2753=DIRECTION('',(0.,0.,-1.));
#2754=DIRECTION('',(-1.,0.,0.));
#2755=DIRECTION('',(-0.912379198079882,-0.409346062532806,0.));
#2756=DIRECTION('',(0.409346062532806,-0.912379198079882,0.));
#2757=DIRECTION('',(0.995918414649918,0.0902580265748945,0.));
#2758=DIRECTION('',(-0.0902580265748979,0.995918414649918,0.));
#2759=DIRECTION('',(0.,0.,-1.));
#2760=DIRECTION('',(1.,-1.67879554680178E-15,0.));
#2761=DIRECTION('',(0.,0.,1.));
#2762=DIRECTION('',(-1.,0.,0.));
#2763=DIRECTION('',(0.,0.,-1.));
#2764=DIRECTION('',(-1.,0.,0.));
#2765=DIRECTION('',(0.,1.,0.));
#2766=DIRECTION('',(0.,0.,1.));
#2767=DIRECTION('',(0.,0.,-1.));
#2768=DIRECTION('',(-1.,0.,0.));
#2769=DIRECTION('',(0.,0.,1.));
#2770=DIRECTION('',(-1.,0.,0.));
#2771=DIRECTION('',(0.,0.,-1.));
#2772=DIRECTION('',(-1.,0.,0.));
#2773=DIRECTION('',(2.11378125812377E-14,1.,0.));
#2774=DIRECTION('',(-1.,2.08166817117217E-14,0.));
#2775=DIRECTION('',(0.,1.,0.));
#2776=DIRECTION('',(0.,0.,1.));
#2777=DIRECTION('',(0.,-1.,0.));
#2778=DIRECTION('',(0.,1.,0.));
#2779=DIRECTION('',(0.,1.,0.));
#2780=DIRECTION('',(0.,0.,1.));
#2781=DIRECTION('',(0.,1.,0.));
#2782=DIRECTION('',(0.,0.,1.));
#2783=DIRECTION('',(3.85494105772624E-16,-1.,1.23968540433174E-32));
#2784=DIRECTION('',(-3.85494105772624E-16,1.,0.));
#2785=DIRECTION('',(3.85494105772624E-16,-1.,0.));
#2786=DIRECTION('',(1.,0.,0.));
#2787=DIRECTION('',(0.707106781186548,-0.707106781186547,0.));
#2788=DIRECTION('',(0.707106781186549,0.707106781186546,0.));
#2789=DIRECTION('',(-0.505087655570882,0.863068050729437,0.));
#2790=DIRECTION('',(-0.863068050729437,-0.505087655570882,0.));
#2791=DIRECTION('',(0.,0.,1.));
#2792=DIRECTION('',(-1.,0.,0.));
#2793=DIRECTION('',(0.,0.,-1.));
#2794=DIRECTION('',(-1.,0.,0.));
#2795=DIRECTION('',(0.,0.,-1.));
#2796=DIRECTION('',(-1.,0.,0.));
#2797=DIRECTION('',(-1.,0.,0.));
#2798=DIRECTION('',(0.,0.,1.));
#2799=DIRECTION('',(1.,0.,0.));
#2800=DIRECTION('',(-1.,0.,0.));
#2801=DIRECTION('',(0.,0.,1.));
#2802=DIRECTION('',(-1.,0.,0.));
#2803=DIRECTION('',(-1.,0.,0.));
#2804=DIRECTION('',(0.,0.,1.));
#2805=DIRECTION('',(0.505087655570878,0.86306805072944,0.));
#2806=DIRECTION('',(-0.863068050729441,0.505087655570876,0.));
#2807=DIRECTION('',(0.707106781186547,0.707106781186548,0.));
#2808=DIRECTION('',(-0.707106781186549,0.707106781186546,0.));
#2809=DIRECTION('',(0.,1.,0.));
#2810=DIRECTION('',(0.,0.,1.));
#2811=DIRECTION('',(0.,0.,1.));
#2812=DIRECTION('',(-1.,0.,0.));
#2813=DIRECTION('',(0.,0.,-1.));
#2814=DIRECTION('',(-1.,0.,0.));
#2815=DIRECTION('',(0.,0.,-1.));
#2816=DIRECTION('',(-1.,0.,0.));
#2817=DIRECTION('',(0.,-1.,0.));
#2818=DIRECTION('',(0.,0.,-1.));
#2819=DIRECTION('',(-3.46944695195361E-16,1.,0.));
#2820=DIRECTION('',(0.,-1.,0.));
#2821=DIRECTION('',(0.,0.,-1.));
#2822=DIRECTION('',(3.46944695195361E-16,-1.,-1.22409970514887E-32));
#2823=DIRECTION('',(3.46944695195361E-16,-1.,0.));
#2824=DIRECTION('',(1.,0.,0.));
#2825=DIRECTION('',(0.,1.,0.));
#2826=DIRECTION('',(0.,0.,1.));
#2827=DIRECTION('',(-3.85494105772624E-16,-1.,-1.23968540433174E-32));
#2828=DIRECTION('',(3.85494105772624E-16,1.,0.));
#2829=DIRECTION('',(-3.85494105772624E-16,-1.,0.));
#2830=DIRECTION('',(1.,0.,0.));
#2831=DIRECTION('',(-0.912379198079893,0.40934606253278,-1.21519724836197E-15));
#2832=DIRECTION('',(-0.40934606253278,-0.912379198079893,0.));
#2833=DIRECTION('',(0.,0.,-1.));
#2834=DIRECTION('',(-1.,0.,0.));
#2835=DIRECTION('',(0.,0.,1.));
#2836=DIRECTION('',(-1.,4.27733355031324E-15,0.));
#2837=DIRECTION('',(0.,0.,-1.));
#2838=DIRECTION('',(-1.,0.,0.));
#2839=DIRECTION('',(-0.995918414649925,0.0902580265748121,0.));
#2840=DIRECTION('',(-0.0902580265748147,-0.995918414649925,0.));
#2841=DIRECTION('',(-0.912379198079882,-0.409346062532806,3.2504232990681E-16));
#2842=DIRECTION('',(0.409346062532806,-0.912379198079882,0.));
#2843=DIRECTION('',(0.328671028988628,-0.944444468829987,0.));
#2844=DIRECTION('',(0.944444468829987,0.328671028988628,0.));
#2845=DIRECTION('',(0.,0.,-1.));
#2846=DIRECTION('',(1.,0.,0.));
#2847=DIRECTION('',(0.,0.,-1.));
#2848=DIRECTION('',(1.,0.,0.));
#2849=DIRECTION('',(0.,0.,1.));
#2850=DIRECTION('',(-1.,0.,0.));
#2851=DIRECTION('',(0.,0.,-1.));
#2852=DIRECTION('',(-1.,0.,0.));
#2853=DIRECTION('',(0.,0.,1.));
#2854=DIRECTION('',(-1.,0.,0.));
#2855=DIRECTION('',(0.,0.,-1.));
#2856=DIRECTION('',(-1.,0.,0.));
#2857=DIRECTION('',(0.,0.,-1.));
#2858=DIRECTION('',(-1.,0.,0.));
#2859=DIRECTION('',(0.171087869746036,-0.171087869746036,-0.970287525247814));
#2860=DIRECTION('',(-0.171087869746036,0.171087869746036,0.970287525247814));
#2861=DIRECTION('',(0.171087869746036,-0.171087869746036,-0.970287525247814));
#2862=DIRECTION('',(-0.984807753012208,0.,-0.17364817766693));
#2863=DIRECTION('',(-0.171087869746036,-0.171087869746036,-0.970287525247814));
#2864=DIRECTION('',(0.171087869746036,0.171087869746036,0.970287525247814));
#2865=DIRECTION('',(-0.171087869746036,-0.171087869746036,-0.970287525247814));
#2866=DIRECTION('',(0.,0.984807753012208,-0.173648177666931));
#2867=DIRECTION('',(-0.171087869746036,0.171087869746036,-0.970287525247814));
#2868=DIRECTION('',(0.171087869746036,-0.171087869746036,0.970287525247814));
#2869=DIRECTION('',(-0.171087869746036,0.171087869746036,-0.970287525247814));
#2870=DIRECTION('',(-0.984807753012208,0.,0.17364817766693));
#2871=DIRECTION('',(0.171087869746036,0.171087869746036,-0.970287525247814));
#2872=DIRECTION('',(-0.171087869746036,-0.171087869746036,0.970287525247814));
#2873=DIRECTION('',(0.171087869746036,0.171087869746036,-0.970287525247814));
#2874=DIRECTION('',(-0.984807753012208,0.,-0.17364817766693));
#2875=DIRECTION('',(0.,0.,1.));
#2876=DIRECTION('',(-1.,0.,0.));
#2877=DIRECTION('',(0.,0.,1.));
#2878=DIRECTION('',(-1.,7.37781428792985E-16,0.));
#2879=DIRECTION('',(0.,0.,1.));
#2880=DIRECTION('',(-1.,0.,0.));
#2881=DIRECTION('',(0.,0.,1.));
#2882=DIRECTION('',(-1.,0.,0.));
#2883=DIRECTION('',(0.,0.,1.));
#2884=DIRECTION('',(-1.,7.37781428792985E-16,0.));
#2885=DIRECTION('',(0.,0.,1.));
#2886=DIRECTION('',(-1.,-1.47556285758597E-15,0.));
#2887=DIRECTION('',(0.,0.,1.));
#2888=DIRECTION('',(-1.,2.66453525910038E-15,0.));
#2889=DIRECTION('',(0.,0.,1.));
#2890=DIRECTION('',(-1.,0.,0.));
#2891=DIRECTION('',(0.,0.,1.));
#2892=DIRECTION('',(-1.,0.,0.));
#2893=DIRECTION('',(0.,0.,1.));
#2894=DIRECTION('',(-1.,1.77635683940025E-15,0.));
#2895=DIRECTION('',(0.,0.,1.));
#2896=DIRECTION('',(-1.,0.,0.));
#2897=DIRECTION('',(0.,0.,-1.));
#2898=DIRECTION('',(-1.,0.,0.));
#2899=DIRECTION('',(0.,0.,1.));
#2900=DIRECTION('',(1.,0.,3.11524706622222E-16));
#2901=DIRECTION('',(0.121869343405148,0.,0.992546151641322));
#2902=DIRECTION('',(0.,0.,1.));
#2903=DIRECTION('',(1.,0.,3.68573200036212E-16));
#2904=DIRECTION('',(0.121869343405148,0.,0.992546151641322));
#2905=DIRECTION('',(0.,0.,1.));
#2906=DIRECTION('',(1.,0.,3.11524706622222E-16));
#2907=DIRECTION('',(0.,0.,1.));
#2908=DIRECTION('',(-1.,0.,3.68573200036212E-16));
#2909=DIRECTION('',(0.,0.,1.));
#2910=DIRECTION('',(1.,0.,3.11524706622222E-16));
#2911=DIRECTION('',(0.,0.,1.));
#2912=DIRECTION('',(-1.,0.,0.));
#2913=DIRECTION('',(0.,0.,1.));
#2914=DIRECTION('',(1.,0.,3.68573200036212E-16));
#2915=DIRECTION('',(0.,0.,1.));
#2916=DIRECTION('',(-1.,0.,0.));
#2917=DIRECTION('',(0.,0.,1.));
#2918=DIRECTION('',(1.,0.,3.11524706622222E-16));
#2919=DIRECTION('',(-0.121869343405148,0.,0.992546151641322));
#2920=DIRECTION('',(0.,0.,1.));
#2921=DIRECTION('',(-1.,0.,3.68573200036212E-16));
#2922=DIRECTION('',(0.,0.,1.));
#2923=DIRECTION('',(-1.,0.,0.));
#2924=DIRECTION('',(0.,0.,1.));
#2925=DIRECTION('',(-1.,0.,0.));
#2926=DIRECTION('',(0.,0.,-1.));
#2927=DIRECTION('',(-1.,0.,0.));
#2928=DIRECTION('',(0.,0.,-1.));
#2929=DIRECTION('',(-1.,0.,0.));
#2930=DIRECTION('',(0.,0.,-1.));
#2931=DIRECTION('',(-1.,0.,0.));
#2932=DIRECTION('',(0.,0.,-1.));
#2933=DIRECTION('',(-1.,0.,0.));
#2934=DIRECTION('',(-1.,0.,0.));
#2935=DIRECTION('',(0.,0.984807753012208,0.17364817766693));
#2936=DIRECTION('',(0.,-0.17364817766693,0.984807753012208));
#2937=DIRECTION('',(0.17364817766693,0.,-0.984807753012208));
#2938=DIRECTION('',(0.,1.,0.));
#2939=DIRECTION('',(0.984807753012208,0.,0.17364817766693));
#2940=DIRECTION('',(0.17364817766693,0.,-0.984807753012208));
#2941=DIRECTION('',(0.,0.,-1.));
#2942=DIRECTION('',(1.,0.,0.));
#2943=DIRECTION('',(0.,0.,1.));
#2944=DIRECTION('',(1.,0.,1.52229667405693E-16));
#2945=DIRECTION('',(-0.16400106091994,0.0570731252357892,-0.984807753012208));
#2946=DIRECTION('',(0.,0.,-1.));
#2947=DIRECTION('',(1.,0.,0.));
#2948=DIRECTION('',(0.,0.,1.));
#2949=DIRECTION('',(1.,0.,1.52229667405693E-16));
#2950=DIRECTION('',(0.,0.,1.));
#2951=DIRECTION('',(-1.,0.,0.));
#2952=DIRECTION('',(0.,0.,-1.));
#2953=DIRECTION('',(-1.,0.,1.47379709010443E-16));
#2954=DIRECTION('',(0.17364817766693,6.69403489687591E-17,-0.984807753012208));
#2955=DIRECTION('',(-3.85494105772624E-16,1.,0.));
#2956=DIRECTION('',(0.984807753012208,3.79637584105389E-16,0.17364817766693));
#2957=DIRECTION('',(0.17364817766693,0.,-0.984807753012208));
#2958=DIRECTION('',(0.,0.,-1.));
#2959=DIRECTION('',(1.,0.,0.));
#2960=DIRECTION('',(0.,0.,1.));
#2961=DIRECTION('',(1.,0.,1.37863169248144E-16));
#2962=DIRECTION('',(0.17364817766693,0.,-0.984807753012208));
#2963=DIRECTION('',(0.,0.,-1.));
#2964=DIRECTION('',(-1.,0.,0.));
#2965=DIRECTION('',(0.,0.,1.));
#2966=DIRECTION('',(-1.,0.,1.37863169248144E-16));
#2967=DIRECTION('',(3.85494105772624E-16,1.,0.));
#2968=DIRECTION('',(0.984807753012208,-3.79637584105388E-16,0.17364817766693));
#2969=DIRECTION('',(0.17364817766693,0.,-0.984807753012208));
#2970=DIRECTION('',(0.17364817766693,0.,-0.984807753012208));
#2971=DIRECTION('',(-0.164001060919939,-0.0570731252357897,-0.984807753012208));
#2972=DIRECTION('',(0.,0.,1.));
#2973=DIRECTION('',(1.,0.,0.));
#2974=DIRECTION('',(0.,0.,-1.));
#2975=DIRECTION('',(1.,0.,1.47379709010443E-16));
#2976=DIRECTION('',(0.,0.,-1.));
#2977=DIRECTION('',(-1.,0.,0.));
#2978=DIRECTION('',(0.,0.,1.));
#2979=DIRECTION('',(-1.,0.,1.52229667405693E-16));
#2980=DIRECTION('',(0.17364817766693,4.0164210115825E-16,-0.984807753012208));
#2981=DIRECTION('',(0.,0.,-1.));
#2982=DIRECTION('',(-1.,0.,0.));
#2983=DIRECTION('',(0.,0.,1.));
#2984=DIRECTION('',(-1.,0.,1.52229667405693E-16));
#2985=DIRECTION('',(-3.46944695195361E-16,1.,0.));
#2986=DIRECTION('',(0.984807753012208,3.41673825694849E-16,0.17364817766693));
#2987=DIRECTION('',(0.17364817766693,0.,-0.984807753012208));
#2988=DIRECTION('',(1.,0.,0.));
#2989=DIRECTION('',(0.,-0.984807753012208,0.17364817766693));
#2990=DIRECTION('',(0.,-0.17364817766693,-0.984807753012208));
#2991=DIRECTION('',(-0.17364817766693,0.,-0.984807753012208));
#2992=DIRECTION('',(0.,-1.,0.));
#2993=DIRECTION('',(-0.984807753012208,0.,0.17364817766693));
#2994=DIRECTION('',(0.17364817766693,0.,0.984807753012208));
#2995=DIRECTION('',(0.,0.,-1.));
#2996=DIRECTION('',(1.,0.,0.));
#2997=DIRECTION('',(0.,0.,1.));
#2998=DIRECTION('',(1.,0.,1.52229667405693E-16));
#2999=DIRECTION('',(0.16400106091994,-0.0570731252357892,-0.984807753012208));
#3000=DIRECTION('',(0.,0.,-1.));
#3001=DIRECTION('',(1.,0.,0.));
#3002=DIRECTION('',(0.,0.,1.));
#3003=DIRECTION('',(1.,0.,1.52229667405693E-16));
#3004=DIRECTION('',(-0.17364817766693,0.,-0.984807753012208));
#3005=DIRECTION('',(0.,0.,1.));
#3006=DIRECTION('',(-1.,0.,0.));
#3007=DIRECTION('',(0.,0.,-1.));
#3008=DIRECTION('',(-1.,0.,1.47379709010443E-16));
#3009=DIRECTION('',(-0.17364817766693,-6.69403489687591E-17,-0.984807753012208));
#3010=DIRECTION('',(3.85494105772624E-16,-1.,0.));
#3011=DIRECTION('',(-0.984807753012208,-3.79637584105388E-16,0.17364817766693));
#3012=DIRECTION('',(0.17364817766693,0.,0.984807753012208));
#3013=DIRECTION('',(0.,0.,-1.));
#3014=DIRECTION('',(1.,0.,0.));
#3015=DIRECTION('',(0.,0.,1.));
#3016=DIRECTION('',(1.,0.,1.37863169248144E-16));
#3017=DIRECTION('',(-0.17364817766693,2.40985256287533E-17,-0.984807753012208));
#3018=DIRECTION('',(0.,0.,-1.));
#3019=DIRECTION('',(-1.,0.,0.));
#3020=DIRECTION('',(0.,0.,1.));
#3021=DIRECTION('',(-1.,0.,1.37863169248144E-16));
#3022=DIRECTION('',(-3.85494105772624E-16,-1.,0.));
#3023=DIRECTION('',(-0.984807753012208,3.79637584105388E-16,0.17364817766693));
#3024=DIRECTION('',(0.17364817766693,0.,0.984807753012208));
#3025=DIRECTION('',(0.,0.,-1.));
#3026=DIRECTION('',(1.,0.,0.));
#3027=DIRECTION('',(0.164001060919939,0.0570731252357897,-0.984807753012208));
#3028=DIRECTION('',(0.,0.,1.));
#3029=DIRECTION('',(1.,0.,0.));
#3030=DIRECTION('',(0.,0.,-1.));
#3031=DIRECTION('',(1.,0.,1.47379709010443E-16));
#3032=DIRECTION('',(0.,0.,-1.));
#3033=DIRECTION('',(-1.,0.,0.));
#3034=DIRECTION('',(0.,0.,1.));
#3035=DIRECTION('',(-1.,0.,1.52229667405693E-16));
#3036=DIRECTION('',(-0.17364817766693,-2.00821050579125E-16,-0.984807753012208));
#3037=DIRECTION('',(0.,0.,-1.));
#3038=DIRECTION('',(-1.,0.,0.));
#3039=DIRECTION('',(0.,0.,1.));
#3040=DIRECTION('',(-1.,0.,1.52229667405693E-16));
#3041=DIRECTION('',(3.46944695195361E-16,-1.,0.));
#3042=DIRECTION('',(-0.984807753012208,-3.41673825694849E-16,0.17364817766693));
#3043=DIRECTION('',(0.17364817766693,0.,0.984807753012208));
#3044=DIRECTION('',(-1.,-1.85037170770859E-16,0.));
#3045=DIRECTION('',(0.,1.,0.));
#3046=DIRECTION('',(1.,1.85037170770859E-16,0.));
#3047=DIRECTION('',(0.,-1.,0.));
#3048=DIRECTION('',(0.,0.,1.));
#3049=DIRECTION('',(1.,0.,0.));
#3050=DIRECTION('',(-1.,-1.85037170770859E-16,0.));
#3051=DIRECTION('',(1.85037170770859E-16,-1.,0.));
#3052=DIRECTION('',(1.,1.80411241501588E-16,0.));
#3053=DIRECTION('',(0.,1.,0.));
#3054=DIRECTION('',(-1.,0.,0.));
#3055=DIRECTION('',(0.,0.,1.));
#3056=DIRECTION('',(1.,1.85037170770859E-16,0.));
#3057=DIRECTION('',(-1.85037170770859E-16,1.,0.));
#3058=DIRECTION('',(-1.,-1.80411241501588E-16,0.));
#3059=DIRECTION('',(0.,-1.,0.));
#3060=DIRECTION('',(1.,0.,0.));
#3061=DIRECTION('',(0.,0.,-1.));
#3062=DIRECTION('',(0.,0.,1.));
#3063=DIRECTION('',(1.,0.,0.));
#3064=DIRECTION('',(0.,0.,1.));
#3065=DIRECTION('',(-1.,0.,0.));
#3066=DIRECTION('',(0.,0.,1.));
#3067=DIRECTION('',(1.,0.,0.));
#3068=DIRECTION('',(0.,0.,-1.));
#3069=DIRECTION('',(1.,0.,0.));
#3070=DIRECTION('',(0.,0.,-1.));
#3071=DIRECTION('',(-1.,0.,1.47379709010443E-16));
#3072=DIRECTION('',(0.,0.,-1.));
#3073=DIRECTION('',(1.,0.,1.47379709010443E-16));
#3074=DIRECTION('',(0.,0.,1.));
#3075=DIRECTION('',(-1.,0.,0.));
#3076=DIRECTION('',(0.,0.,1.));
#3077=DIRECTION('',(-1.,0.,3.68573200036212E-16));
#3078=DIRECTION('',(0.,0.,1.));
#3079=DIRECTION('',(1.,0.,3.11524706622222E-16));
#3080=DIRECTION('',(0.,0.,1.));
#3081=DIRECTION('',(1.,0.,3.68573200036212E-16));
#3082=DIRECTION('',(0.,0.,-1.));
#3083=DIRECTION('',(-1.,0.,0.));
#3084=DIRECTION('',(0.,0.,-1.));
#3085=DIRECTION('',(-1.,0.,0.));
#3086=DIRECTION('',(0.,0.,-1.));
#3087=DIRECTION('',(-1.,0.,0.));
#3088=DIRECTION('',(0.,0.,-1.));
#3089=DIRECTION('',(-1.,0.,0.));
#3090=DIRECTION('',(0.,0.,-1.));
#3091=DIRECTION('',(-1.,0.,0.));
#3092=CARTESIAN_POINT('',(0.,0.,0.));
#3093=CARTESIAN_POINT('',(-65.,65.,30.));
#3094=CARTESIAN_POINT('',(-65.,75.,30.));
#3095=CARTESIAN_POINT('',(-75.,65.,30.));
#3096=CARTESIAN_POINT('',(-65.,75.,30.));
#3097=CARTESIAN_POINT('',(-65.,75.,0.));
#3098=CARTESIAN_POINT('',(-65.,65.,0.));
#3099=CARTESIAN_POINT('',(-75.,65.,0.));
#3100=CARTESIAN_POINT('',(-75.,65.,30.));
#3101=CARTESIAN_POINT('',(-65.,65.,30.));
#3102=CARTESIAN_POINT('',(-65.,-65.,30.));
#3103=CARTESIAN_POINT('',(-75.,-65.,30.));
#3104=CARTESIAN_POINT('',(-65.,-75.,30.));
#3105=CARTESIAN_POINT('',(-75.,-65.,30.));
#3106=CARTESIAN_POINT('',(-75.,-65.,0.));
#3107=CARTESIAN_POINT('',(-65.,-65.,0.));
#3108=CARTESIAN_POINT('',(-65.,-75.,0.));
#3109=CARTESIAN_POINT('',(-65.,-75.,30.));
#3110=CARTESIAN_POINT('',(-65.,-65.,30.));
#3111=CARTESIAN_POINT('',(65.,-65.,30.));
#3112=CARTESIAN_POINT('',(65.,-75.,30.));
#3113=CARTESIAN_POINT('',(75.,-65.,30.));
#3114=CARTESIAN_POINT('',(65.,-75.,30.));
#3115=CARTESIAN_POINT('',(65.,-75.,0.));
#3116=CARTESIAN_POINT('',(65.,-65.,0.));
#3117=CARTESIAN_POINT('',(75.,-65.,0.));
#3118=CARTESIAN_POINT('',(75.,-65.,30.));
#3119=CARTESIAN_POINT('',(65.,-65.,30.));
#3120=CARTESIAN_POINT('',(65.,65.,30.));
#3121=CARTESIAN_POINT('',(75.,65.,30.));
#3122=CARTESIAN_POINT('',(65.,75.,30.));
#3123=CARTESIAN_POINT('',(75.,65.,30.));
#3124=CARTESIAN_POINT('',(75.,65.,0.));
#3125=CARTESIAN_POINT('',(65.,65.,0.));
#3126=CARTESIAN_POINT('',(65.,75.,0.));
#3127=CARTESIAN_POINT('',(65.,75.,30.));
#3128=CARTESIAN_POINT('',(65.,65.,30.));
#3129=CARTESIAN_POINT('',(31.0951403399049,-13.7955218594424,51.));
#3130=CARTESIAN_POINT('',(31.0951403399049,-13.7955218594424,52.));
#3131=CARTESIAN_POINT('',(30.187874661413,-13.3930086897592,51.121869343406));
#3132=CARTESIAN_POINT('',(30.6782556219912,-18.2794232498626,51.1218693692375));
#3133=CARTESIAN_POINT('',(29.6657048094176,-16.8487974035567,51.1459516027023));
#3134=CARTESIAN_POINT('',(29.4799555810866,-14.9959439639408,51.1459250588901));
#3135=CARTESIAN_POINT('',(30.187874719266,-13.3930087154259,51.1218693356349));
#3136=CARTESIAN_POINT('',(30.6782558266069,-18.279423457765,51.1218693434049));
#3137=CARTESIAN_POINT('',(31.4874452720602,-17.704653673847,51.));
#3138=CARTESIAN_POINT('',(31.4874452720602,-17.704653673847,52.));
#3139=CARTESIAN_POINT('',(31.0951403399049,-13.7955218594424,52.));
#3140=CARTESIAN_POINT('',(30.9548456934848,-14.1117463389379,52.));
#3141=CARTESIAN_POINT('',(30.8582711631339,-14.4385657288014,52.));
#3142=CARTESIAN_POINT('',(30.7767732298425,-14.9441500894127,52.));
#3143=CARTESIAN_POINT('',(30.7602841189608,-15.1164281506952,52.));
#3144=CARTESIAN_POINT('',(30.7500280951981,-15.4607489376213,52.));
#3145=CARTESIAN_POINT('',(30.7561245253292,-15.631652042069,52.));
#3146=CARTESIAN_POINT('',(30.7901167007252,-15.9710164334174,52.));
#3147=CARTESIAN_POINT('',(30.8180132819416,-16.1394776266803,52.));
#3148=CARTESIAN_POINT('',(30.8960508014903,-16.4739083449499,52.));
#3149=CARTESIAN_POINT('',(30.9465165213057,-16.6402346537302,52.));
#3150=CARTESIAN_POINT('',(31.1272140183701,-17.1210680192511,52.));
#3151=CARTESIAN_POINT('',(31.2871093465238,-17.4226108089907,52.));
#3152=CARTESIAN_POINT('',(31.4874452720602,-17.704653673847,52.));
#3153=CARTESIAN_POINT('',(31.4874452720602,-17.704653673847,52.));
#3154=CARTESIAN_POINT('',(30.766158564114,-18.2169858694766,52.));
#3155=CARTESIAN_POINT('',(30.6782558266074,-18.2794234577649,51.1218693434083));
#3156=CARTESIAN_POINT('',(31.2871361578127,-17.4226485492058,52.));
#3157=CARTESIAN_POINT('',(30.5264051698253,-17.8702687758054,52.));
#3158=CARTESIAN_POINT('',(30.4287032467198,-17.9268324729363,51.1278046378031));
#3159=CARTESIAN_POINT('',(31.1272140174363,-17.1210680197012,52.));
#3160=CARTESIAN_POINT('',(30.3344430295458,-17.5000429569767,52.));
#3161=CARTESIAN_POINT('',(30.2294301268288,-17.5497944868045,51.1322780914388));
#3162=CARTESIAN_POINT('',(30.9465165217726,-16.6402346535052,52.));
#3163=CARTESIAN_POINT('',(30.1176631625526,-16.9116420147401,52.));
#3164=CARTESIAN_POINT('',(30.004200588242,-16.9486882617702,51.136846637968));
#3165=CARTESIAN_POINT('',(30.8960508021231,-16.4739083448789,52.));
#3166=CARTESIAN_POINT('',(30.0570814589241,-16.7084451203159,52.0000000000006));
#3167=CARTESIAN_POINT('',(29.9412822056778,-16.740763923619,51.1380113963838));
#3168=CARTESIAN_POINT('',(30.8180132813088,-16.1394776267512,52.));
#3169=CARTESIAN_POINT('',(29.9632416524931,-16.3003104938273,51.9999999999994));
#3170=CARTESIAN_POINT('',(29.8439508890727,-16.3227038669427,51.1395446760942));
#3171=CARTESIAN_POINT('',(30.7901167006621,-15.9710164334246,52.));
#3172=CARTESIAN_POINT('',(29.9295470075056,-16.0948015086615,52.));
#3173=CARTESIAN_POINT('',(29.8091333803589,-16.1121220282999,51.1399231696707));
#3174=CARTESIAN_POINT('',(30.7561245253923,-15.6316520420618,52.));
#3175=CARTESIAN_POINT('',(29.8880967066429,-15.681010286687,52.));
#3176=CARTESIAN_POINT('',(29.7666426528189,-15.687916590182,51.1399195545801));
#3177=CARTESIAN_POINT('',(30.7500280944283,-15.4607489377074,52.));
#3178=CARTESIAN_POINT('',(29.8803262104358,-15.4725889852171,52.));
#3179=CARTESIAN_POINT('',(29.7589683930552,-15.4742931075836,51.1395374742712));
#3180=CARTESIAN_POINT('',(30.7602841197306,-15.1164281506092,52.));
#3181=CARTESIAN_POINT('',(29.8914618583987,-15.0526612594565,52.));
#3182=CARTESIAN_POINT('',(29.7715709022218,-15.0439139769693,51.1379904131885));
#3183=CARTESIAN_POINT('',(30.7767732302806,-14.944150089519,52.));
#3184=CARTESIAN_POINT('',(29.9105554889228,-14.8424042961939,52.));
#3185=CARTESIAN_POINT('',(29.7920183854691,-14.8285828667187,51.1368246717461));
#3186=CARTESIAN_POINT('',(30.8582711622578,-14.4385657285888,52.));
#3187=CARTESIAN_POINT('',(30.0060363189449,-14.2245718204153,52.));
#3188=CARTESIAN_POINT('',(29.8932493455722,-14.1966668456792,51.132262357005));
#3189=CARTESIAN_POINT('',(30.9548657318652,-14.1117011816569,52.));
#3190=CARTESIAN_POINT('',(30.1203540393566,-13.8241703670622,52.));
#3191=CARTESIAN_POINT('',(30.013364652222,-13.7881501176388,51.1277993557983));
#3192=CARTESIAN_POINT('',(31.0951403399049,-13.7955218594424,52.));
#3193=CARTESIAN_POINT('',(30.2864314792653,-13.436733938149,52.));
#3194=CARTESIAN_POINT('',(30.1878746614129,-13.3930086897592,51.1218693434054));
#3195=CARTESIAN_POINT('',(17.7046536738471,-31.4874452720601,51.));
#3196=CARTESIAN_POINT('',(18.2794234577651,-30.6782558266069,51.1218693434051));
#3197=CARTESIAN_POINT('',(17.7046536738471,-31.4874452720601,52.));
#3198=CARTESIAN_POINT('',(23.4287617115461,-23.4287617115461,52.));
#3199=CARTESIAN_POINT('',(23.4287617115461,-23.4287617115461,51.1218693434051));
#3200=CARTESIAN_POINT('',(32.3209408244607,-23.4287617115461,51.1218693434051));
#3201=CARTESIAN_POINT('',(23.4287617115461,-23.4287617115461,51.1218693434051));
#3202=CARTESIAN_POINT('',(23.4287617115461,-23.4287617115461,51.));
#3203=CARTESIAN_POINT('',(31.0951403399049,13.7955218594425,51.));
#3204=CARTESIAN_POINT('',(31.0951403399049,13.7955218594425,52.));
#3205=CARTESIAN_POINT('',(30.1878746614126,13.3930086897592,51.1218693434031));
#3206=CARTESIAN_POINT('',(0.,0.,51.1218693434052));
#3207=CARTESIAN_POINT('',(33.0254516749906,0.,51.1218693434052));
#3208=CARTESIAN_POINT('',(0.,0.,51.1218693434052));
#3209=CARTESIAN_POINT('',(0.,0.,52.));
#3210=CARTESIAN_POINT('',(0.,0.,51.));
#3211=CARTESIAN_POINT('',(13.7955218594425,-31.0951403399049,51.));
#3212=CARTESIAN_POINT('',(13.3930086897593,-30.1878746614126,51.1218693434031));
#3213=CARTESIAN_POINT('',(13.7955218594426,-31.0951403399049,52.));
#3214=CARTESIAN_POINT('',(17.7046536738471,-31.4874452720601,52.));
#3215=CARTESIAN_POINT('',(17.4226133564871,-31.2871111560184,52.));
#3216=CARTESIAN_POINT('',(17.1215018052435,-31.1275198311799,52.));
#3217=CARTESIAN_POINT('',(16.6421942351402,-30.9471820205994,52.));
#3218=CARTESIAN_POINT('',(16.4766282523758,-30.896788232447,52.));
#3219=CARTESIAN_POINT('',(16.1412118328299,-30.818316548677,52.));
#3220=CARTESIAN_POINT('',(15.9725054198472,-30.7903311664471,52.));
#3221=CARTESIAN_POINT('',(15.6331539572989,-30.7562102141791,52.));
#3222=CARTESIAN_POINT('',(15.4625088334394,-30.7500754814849,52.));
#3223=CARTESIAN_POINT('',(15.1192403741091,-30.760101866986,52.));
#3224=CARTESIAN_POINT('',(14.9462028424698,-30.7765103907941,52.));
#3225=CARTESIAN_POINT('',(14.4390516332311,-30.8580576464841,52.));
#3226=CARTESIAN_POINT('',(14.1117491931698,-30.9548444271899,52.));
#3227=CARTESIAN_POINT('',(13.7955218594426,-31.0951403399049,52.));
#3228=CARTESIAN_POINT('',(13.3930087154264,-30.1878747192663,51.1218693356319));
#3229=CARTESIAN_POINT('',(14.9970184273706,-29.4794810558514,51.1459411836858));
#3230=CARTESIAN_POINT('',(16.8497552461787,-29.6663827395178,51.1459354789969));
#3231=CARTESIAN_POINT('',(18.2794232498578,-30.6782556219869,51.1218693692382));
#3232=CARTESIAN_POINT('',(13.7955218594426,-31.0951403399049,52.));
#3233=CARTESIAN_POINT('',(13.4367339381501,-30.2864314792676,52.));
#3234=CARTESIAN_POINT('',(13.3930086897594,-30.1878746614133,51.1218693434083));
#3235=CARTESIAN_POINT('',(14.1117068754008,-30.9548632055228,52.));
#3236=CARTESIAN_POINT('',(13.8241777985109,-30.1203508491488,52.));
#3237=CARTESIAN_POINT('',(13.7881572357531,-30.0133615079817,51.1277994581496));
#3238=CARTESIAN_POINT('',(14.4390516329756,-30.8580576454803,52.));
#3239=CARTESIAN_POINT('',(14.2251649626626,-30.0057837242075,52.));
#3240=CARTESIAN_POINT('',(14.197274098499,-29.8929837214024,51.1322714017438));
#3241=CARTESIAN_POINT('',(14.9462028425974,-30.776510391296,52.));
#3242=CARTESIAN_POINT('',(14.8449093011939,-29.910249210869,52.));
#3243=CARTESIAN_POINT('',(14.8311485795659,-29.7916921112675,51.1368408496064));
#3244=CARTESIAN_POINT('',(15.1192403740529,-30.7601018676202,52.));
#3245=CARTESIAN_POINT('',(15.0560924575068,-29.8912537454086,52.));
#3246=CARTESIAN_POINT('',(15.0474290298244,-29.7713453413768,51.138006445151));
#3247=CARTESIAN_POINT('',(15.4625088334956,-30.7500754808507,52.));
#3248=CARTESIAN_POINT('',(15.4747353559025,-29.8803879079171,52.));
#3249=CARTESIAN_POINT('',(15.4764929142288,-29.759028253769,51.1395419396702));
#3250=CARTESIAN_POINT('',(15.6331539573044,-30.7562102141155,52.));
#3251=CARTESIAN_POINT('',(15.6828415969749,-29.8882031918318,52.));
#3252=CARTESIAN_POINT('',(15.6897939524363,-29.7667500802151,51.1399218044069));
#3253=CARTESIAN_POINT('',(15.9725054198417,-30.7903311665107,52.));
#3254=CARTESIAN_POINT('',(16.0966174509439,-29.9298065562788,52.));
#3255=CARTESIAN_POINT('',(16.1139832929494,-29.8094011478769,51.1399209319298));
#3256=CARTESIAN_POINT('',(16.141211832898,-30.8183165479059,52.));
#3257=CARTESIAN_POINT('',(16.3024263062049,-29.9636077014697,51.9999999999994));
#3258=CARTESIAN_POINT('',(16.3248716874784,-29.8443293465661,51.1395402244778));
#3259=CARTESIAN_POINT('',(16.4766282523077,-30.8967882332182,52.));
#3260=CARTESIAN_POINT('',(16.7117665097782,-30.0579672438349,52.0000000000006));
#3261=CARTESIAN_POINT('',(16.7441640341742,-29.9422017424833,51.1379953802452));
#3262=CARTESIAN_POINT('',(16.642194234949,-30.9471820210083,52.));
#3263=CARTESIAN_POINT('',(16.9140361927168,-30.1184611067518,52.));
#3264=CARTESIAN_POINT('',(16.9511379669383,-30.005030188712,51.1368304669273));
#3265=CARTESIAN_POINT('',(17.1215018056259,-31.1275198303623,52.));
#3266=CARTESIAN_POINT('',(17.5005740794057,-30.3348084460543,52.));
#3267=CARTESIAN_POINT('',(17.5503368470326,-30.2298111204359,51.1322690413173));
#3268=CARTESIAN_POINT('',(17.4226536290164,-31.2871397663311,52.));
#3269=CARTESIAN_POINT('',(17.8702754274386,-30.5264097746006,52.));
#3270=CARTESIAN_POINT('',(17.9268388262608,-30.4287077440704,51.1278045353138));
#3271=CARTESIAN_POINT('',(17.7046536738471,-31.4874452720601,52.));
#3272=CARTESIAN_POINT('',(18.216985869478,-30.7661585641117,52.));
#3273=CARTESIAN_POINT('',(18.2794234577651,-30.678255826607,51.1218693434054));
#3274=CARTESIAN_POINT('',(31.4874452720602,17.7046536738471,51.));
#3275=CARTESIAN_POINT('',(31.4874452720602,17.7046536738471,52.));
#3276=CARTESIAN_POINT('',(30.678255826607,18.279423457765,51.1218693434051));
#3277=CARTESIAN_POINT('',(30.1878747192664,13.3930087154263,51.1218693356319));
#3278=CARTESIAN_POINT('',(29.4794810550124,14.9970184292726,51.1459411837142));
#3279=CARTESIAN_POINT('',(29.6663827407171,16.8497552478724,51.1459354789683));
#3280=CARTESIAN_POINT('',(30.6782556219879,18.2794232498591,51.1218693692381));
#3281=CARTESIAN_POINT('',(31.4874452720602,17.7046536738471,52.));
#3282=CARTESIAN_POINT('',(31.2871111560184,17.4226133564871,52.));
#3283=CARTESIAN_POINT('',(31.12751983118,17.1215018052434,52.));
#3284=CARTESIAN_POINT('',(30.9471820205995,16.6421942351402,52.));
#3285=CARTESIAN_POINT('',(30.8967882324471,16.4766282523758,52.));
#3286=CARTESIAN_POINT('',(30.818316548677,16.1412118328299,52.));
#3287=CARTESIAN_POINT('',(30.7903311664472,15.9725054198472,52.));
#3288=CARTESIAN_POINT('',(30.7562102141791,15.6331539572988,52.));
#3289=CARTESIAN_POINT('',(30.7500754814849,15.4625088334394,52.));
#3290=CARTESIAN_POINT('',(30.760101866986,15.1192403741091,52.));
#3291=CARTESIAN_POINT('',(30.7765103907941,14.9462028424697,52.));
#3292=CARTESIAN_POINT('',(30.8580576464841,14.439051633231,52.));
#3293=CARTESIAN_POINT('',(30.9548444271899,14.1117491931698,52.));
#3294=CARTESIAN_POINT('',(31.0951403399049,13.7955218594425,52.));
#3295=CARTESIAN_POINT('',(31.0951403399049,13.7955218594425,52.));
#3296=CARTESIAN_POINT('',(30.2864314792676,13.4367339381501,52.));
#3297=CARTESIAN_POINT('',(30.1878746614133,13.3930086897593,51.1218693434083));
#3298=CARTESIAN_POINT('',(30.9548632055262,14.1117068754024,52.));
#3299=CARTESIAN_POINT('',(30.1203508491498,13.8241777985116,52.));
#3300=CARTESIAN_POINT('',(30.0133615079815,13.7881572357536,51.1277994581497));
#3301=CARTESIAN_POINT('',(30.8580576454791,14.439051632975,52.));
#3302=CARTESIAN_POINT('',(30.005783724207,14.2251649626615,52.));
#3303=CARTESIAN_POINT('',(29.8929837214025,14.1972740984983,51.1322714017437));
#3304=CARTESIAN_POINT('',(30.7765103912966,14.9462028425977,52.));
#3305=CARTESIAN_POINT('',(29.9102492108693,14.8449093011943,52.));
#3306=CARTESIAN_POINT('',(29.7916921112674,14.8311485795662,51.1368408496065));
#3307=CARTESIAN_POINT('',(30.7601018676208,15.1192403740527,52.));
#3308=CARTESIAN_POINT('',(29.8912537454098,15.0560924575066,52.));
#3309=CARTESIAN_POINT('',(29.771345341377,15.047429029824,51.1380064451517));
#3310=CARTESIAN_POINT('',(30.7500754808501,15.4625088334958,52.));
#3311=CARTESIAN_POINT('',(29.880387907916,15.4747353559027,52.));
#3312=CARTESIAN_POINT('',(29.7590282537689,15.4764929142291,51.1395419396696));
#3313=CARTESIAN_POINT('',(30.7562102141158,15.6331539573044,52.));
#3314=CARTESIAN_POINT('',(29.8882031918321,15.6828415969749,52.));
#3315=CARTESIAN_POINT('',(29.7667500802151,15.6897939524363,51.1399218044069));
#3316=CARTESIAN_POINT('',(30.7903311665104,15.9725054198417,52.));
#3317=CARTESIAN_POINT('',(29.9298065562785,16.0966174509439,52.));
#3318=CARTESIAN_POINT('',(29.809401147877,16.1139832929493,51.1399209319298));
#3319=CARTESIAN_POINT('',(30.8183165479065,16.1412118328983,52.));
#3320=CARTESIAN_POINT('',(29.9636077014704,16.3024263062052,51.9999999999994));
#3321=CARTESIAN_POINT('',(29.8443293465661,16.3248716874785,51.1395402244778));
#3322=CARTESIAN_POINT('',(30.8967882332176,16.4766282523074,52.));
#3323=CARTESIAN_POINT('',(30.0579672438344,16.7117665097779,52.0000000000006));
#3324=CARTESIAN_POINT('',(29.9422017424833,16.744164034174,51.1379953802451));
#3325=CARTESIAN_POINT('',(30.9471820210077,16.6421942349489,52.));
#3326=CARTESIAN_POINT('',(30.1184611067507,16.9140361927162,52.));
#3327=CARTESIAN_POINT('',(30.0050301887118,16.9511379669378,51.1368304669272));
#3328=CARTESIAN_POINT('',(31.1275198303635,17.1215018056259,52.));
#3329=CARTESIAN_POINT('',(30.3348084460568,17.500574079407,52.));
#3330=CARTESIAN_POINT('',(30.2298111204364,17.5503368470337,51.1322690413175));
#3331=CARTESIAN_POINT('',(31.2871397663317,17.4226536290153,52.));
#3332=CARTESIAN_POINT('',(30.5264097745981,17.8702754274383,52.));
#3333=CARTESIAN_POINT('',(30.42870774407,17.9268388262601,51.1278045353139));
#3334=CARTESIAN_POINT('',(31.4874452720602,17.7046536738471,52.));
#3335=CARTESIAN_POINT('',(30.7661585641118,18.216985869478,52.));
#3336=CARTESIAN_POINT('',(30.678255826607,18.279423457765,51.1218693434054));
#3337=CARTESIAN_POINT('',(-13.7955218594424,-31.0951403399049,51.));
#3338=CARTESIAN_POINT('',(-13.3930086897592,-30.1878746614129,51.1218693434051));
#3339=CARTESIAN_POINT('',(-13.7955218594424,-31.0951403399049,52.));
#3340=CARTESIAN_POINT('',(0.,0.,52.));
#3341=CARTESIAN_POINT('',(0.,0.,51.1218693434052));
#3342=CARTESIAN_POINT('',(0.,0.,51.));
#3343=CARTESIAN_POINT('',(17.7046536738469,31.4874452720604,51.));
#3344=CARTESIAN_POINT('',(17.704653673847,31.4874452720602,52.));
#3345=CARTESIAN_POINT('',(18.279423457765,30.6782558266069,51.1218693434049));
#3346=CARTESIAN_POINT('',(23.4287617115461,23.4287617115461,51.1218693434051));
#3347=CARTESIAN_POINT('',(23.4287617115461,23.4287617115461,52.));
#3348=CARTESIAN_POINT('',(23.4287617115461,23.4287617115461,51.));
#3349=CARTESIAN_POINT('',(-17.704653673847,-31.4874452720602,51.));
#3350=CARTESIAN_POINT('',(-18.279423457765,-30.6782558266069,51.1218693434049));
#3351=CARTESIAN_POINT('',(-17.704653673847,-31.4874452720602,52.));
#3352=CARTESIAN_POINT('',(-13.7955218594424,-31.0951403399049,52.));
#3353=CARTESIAN_POINT('',(-14.1117463389379,-30.9548456934848,52.));
#3354=CARTESIAN_POINT('',(-14.4385657288015,-30.8582711631339,52.));
#3355=CARTESIAN_POINT('',(-14.9441500894127,-30.7767732298425,52.));
#3356=CARTESIAN_POINT('',(-15.1164281506952,-30.7602841189608,52.));
#3357=CARTESIAN_POINT('',(-15.4607489376214,-30.750028095198,52.));
#3358=CARTESIAN_POINT('',(-15.631652042069,-30.7561245253292,52.));
#3359=CARTESIAN_POINT('',(-15.9710164334175,-30.7901167007252,52.));
#3360=CARTESIAN_POINT('',(-16.1394776266803,-30.8180132819416,52.));
#3361=CARTESIAN_POINT('',(-16.4739083449499,-30.8960508014903,52.));
#3362=CARTESIAN_POINT('',(-16.6402346537303,-30.9465165213057,52.));
#3363=CARTESIAN_POINT('',(-17.1210680192512,-31.1272140183701,52.));
#3364=CARTESIAN_POINT('',(-17.4226108089907,-31.2871093465237,52.));
#3365=CARTESIAN_POINT('',(-17.704653673847,-31.4874452720602,52.));
#3366=CARTESIAN_POINT('',(-18.279423249861,-30.6782556219901,51.1218693692376));
#3367=CARTESIAN_POINT('',(-16.8487974018641,-29.6657048082189,51.1459516027311));
#3368=CARTESIAN_POINT('',(-14.9959439620191,-29.4799555819335,51.1459250588606));
#3369=CARTESIAN_POINT('',(-13.393008715426,-30.1878747192659,51.121869335634));
#3370=CARTESIAN_POINT('',(-17.704653673847,-31.4874452720602,52.));
#3371=CARTESIAN_POINT('',(-18.2169858694767,-30.766158564114,52.));
#3372=CARTESIAN_POINT('',(-18.279423457765,-30.6782558266074,51.1218693434083));
#3373=CARTESIAN_POINT('',(-17.4226485492037,-31.2871361578164,52.));
#3374=CARTESIAN_POINT('',(-17.8702687758031,-30.5264051698293,52.));
#3375=CARTESIAN_POINT('',(-17.9268324729366,-30.4287032467201,51.1278046378037));
#3376=CARTESIAN_POINT('',(-17.1210680197007,-31.1272140174363,52.));
#3377=CARTESIAN_POINT('',(-17.5000429569762,-30.3344430295458,52.));
#3378=CARTESIAN_POINT('',(-17.5497944868041,-30.2294301268286,51.1322780914389));
#3379=CARTESIAN_POINT('',(-16.6402346535055,-30.9465165217726,52.));
#3380=CARTESIAN_POINT('',(-16.9116420147405,-30.1176631625526,52.));
#3381=CARTESIAN_POINT('',(-16.9486882617705,-30.0042005882421,51.136846637968));
#3382=CARTESIAN_POINT('',(-16.473908344879,-30.8960508021231,52.));
#3383=CARTESIAN_POINT('',(-16.7084451203162,-30.0570814589238,51.9999999999994));
#3384=CARTESIAN_POINT('',(-16.7407639236193,-29.9412822056778,51.1380113963838));
#3385=CARTESIAN_POINT('',(-16.1394776267513,-30.8180132813088,52.));
#3386=CARTESIAN_POINT('',(-16.300310493827,-29.9632416524934,52.0000000000006));
#3387=CARTESIAN_POINT('',(-16.3227038669425,-29.8439508890726,51.1395446760943));
#3388=CARTESIAN_POINT('',(-15.9710164334246,-30.7901167006615,52.));
#3389=CARTESIAN_POINT('',(-16.0948015086615,-29.9295470075044,52.));
#3390=CARTESIAN_POINT('',(-16.1121220282999,-29.8091333803588,51.13992316967));
#3391=CARTESIAN_POINT('',(-15.6316520420619,-30.7561245253928,52.));
#3392=CARTESIAN_POINT('',(-15.681010286687,-29.888096706644,52.));
#3393=CARTESIAN_POINT('',(-15.6879165901821,-29.766642652819,51.1399195545808));
#3394=CARTESIAN_POINT('',(-15.4607489377076,-30.7500280944283,52.));
#3395=CARTESIAN_POINT('',(-15.4725889852175,-29.8803262104354,52.));
#3396=CARTESIAN_POINT('',(-15.4742931075837,-29.7589683930551,51.1395374742706));
#3397=CARTESIAN_POINT('',(-15.116428150609,-30.7602841197306,52.));
#3398=CARTESIAN_POINT('',(-15.0526612594563,-29.8914618583989,52.));
#3399=CARTESIAN_POINT('',(-15.0439139769692,-29.7715709022219,51.1379904131891));
#3400=CARTESIAN_POINT('',(-14.944150089519,-30.7767732302806,52.));
#3401=CARTESIAN_POINT('',(-14.8424042961938,-29.9105554889221,52.));
#3402=CARTESIAN_POINT('',(-14.8285828667187,-29.792018385469,51.1368246717455));
#3403=CARTESIAN_POINT('',(-14.4385657285889,-30.8582711622577,52.));
#3404=CARTESIAN_POINT('',(-14.2245718204158,-30.006036318946,52.));
#3405=CARTESIAN_POINT('',(-14.1966668456792,-29.8932493455724,51.1322623570061));
#3406=CARTESIAN_POINT('',(-14.1117011816545,-30.9548657318599,52.));
#3407=CARTESIAN_POINT('',(-13.8241703670586,-30.1203540393476,52.));
#3408=CARTESIAN_POINT('',(-13.7881501176387,-30.0133646522215,51.1277993557939));
#3409=CARTESIAN_POINT('',(-13.7955218594424,-31.0951403399049,52.));
#3410=CARTESIAN_POINT('',(-13.4367339381491,-30.2864314792653,52.));
#3411=CARTESIAN_POINT('',(-13.3930086897592,-30.1878746614129,51.1218693434054));
#3412=CARTESIAN_POINT('',(13.7955218594424,31.0951403399049,51.));
#3413=CARTESIAN_POINT('',(13.7955218594424,31.0951403399049,52.));
#3414=CARTESIAN_POINT('',(13.3930086897592,30.1878746614129,51.1218693434052));
#3415=CARTESIAN_POINT('',(18.2794232498616,30.6782556219905,51.1218693692376));
#3416=CARTESIAN_POINT('',(16.8487974035597,29.6657048094177,51.1459516027026));
#3417=CARTESIAN_POINT('',(14.9959439639157,29.4799555810937,51.1459250588892));
#3418=CARTESIAN_POINT('',(13.393008715426,30.1878747192659,51.121869335634));
#3419=CARTESIAN_POINT('',(13.7955218594424,31.0951403399049,52.));
#3420=CARTESIAN_POINT('',(14.1117463389379,30.9548456934848,52.));
#3421=CARTESIAN_POINT('',(14.4385657288014,30.8582711631339,52.));
#3422=CARTESIAN_POINT('',(14.9441500894127,30.7767732298425,52.));
#3423=CARTESIAN_POINT('',(15.1164281506952,30.7602841189608,52.));
#3424=CARTESIAN_POINT('',(15.4607489376214,30.7500280951981,52.));
#3425=CARTESIAN_POINT('',(15.631652042069,30.7561245253292,52.));
#3426=CARTESIAN_POINT('',(15.9710164334174,30.7901167007252,52.));
#3427=CARTESIAN_POINT('',(16.1394776266803,30.8180132819416,52.));
#3428=CARTESIAN_POINT('',(16.4739083449499,30.8960508014903,52.));
#3429=CARTESIAN_POINT('',(16.6402346537303,30.9465165213057,52.));
#3430=CARTESIAN_POINT('',(17.1210680192511,31.1272140183701,52.));
#3431=CARTESIAN_POINT('',(17.4226108089907,31.2871093465237,52.));
#3432=CARTESIAN_POINT('',(17.704653673847,31.4874452720602,52.));
#3433=CARTESIAN_POINT('',(17.704653673847,31.4874452720602,52.));
#3434=CARTESIAN_POINT('',(18.2169858694766,30.766158564114,52.));
#3435=CARTESIAN_POINT('',(18.279423457765,30.6782558266074,51.1218693434083));
#3436=CARTESIAN_POINT('',(17.4226485492056,31.2871361578122,52.));
#3437=CARTESIAN_POINT('',(17.8702687758031,30.5264051698265,52.));
#3438=CARTESIAN_POINT('',(17.9268324729354,30.4287032467193,51.1278046378035));
#3439=CARTESIAN_POINT('',(17.1210680197019,31.1272140174369,52.));
#3440=CARTESIAN_POINT('',(17.5000429569779,30.334443029547,51.9999999999988));
#3441=CARTESIAN_POINT('',(17.549794486806,30.2294301268293,51.1322780914389));
#3442=CARTESIAN_POINT('',(16.6402346535049,30.9465165217723,52.));
#3443=CARTESIAN_POINT('',(16.9116420147396,30.117663162552,52.0000000000006));
#3444=CARTESIAN_POINT('',(16.9486882617696,30.0042005882417,51.1368466379679));
#3445=CARTESIAN_POINT('',(16.473908344879,30.8960508021234,52.));
#3446=CARTESIAN_POINT('',(16.708445120316,30.0570814589241,52.));
#3447=CARTESIAN_POINT('',(16.7407639236191,29.9412822056778,51.1380113963838));
#3448=CARTESIAN_POINT('',(16.1394776267513,30.8180132813085,52.));
#3449=CARTESIAN_POINT('',(16.3003104938274,29.9632416524931,52.));
#3450=CARTESIAN_POINT('',(16.3227038669428,29.8439508890727,51.1395446760942));
#3451=CARTESIAN_POINT('',(15.9710164334246,30.7901167006612,52.));
#3452=CARTESIAN_POINT('',(16.0948015086616,29.9295470075044,52.));
#3453=CARTESIAN_POINT('',(16.1121220282996,29.8091333803588,51.13992316967));
#3454=CARTESIAN_POINT('',(15.6316520420619,30.7561245253931,52.));
#3455=CARTESIAN_POINT('',(15.6810102866871,29.888096706644,52.));
#3456=CARTESIAN_POINT('',(15.6879165901824,29.7666426528191,51.1399195545808));
#3457=CARTESIAN_POINT('',(15.4607489377074,30.7500280944289,52.));
#3458=CARTESIAN_POINT('',(15.4725889852173,29.8803262104366,52.));
#3459=CARTESIAN_POINT('',(15.4742931075834,29.7589683930552,51.1395374742713));
#3460=CARTESIAN_POINT('',(15.1164281506092,30.76028411973,52.));
#3461=CARTESIAN_POINT('',(15.0526612594564,29.8914618583978,52.));
#3462=CARTESIAN_POINT('',(15.0439139769695,29.7715709022218,51.1379904131884));
#3463=CARTESIAN_POINT('',(14.9441500895189,30.7767732302806,52.));
#3464=CARTESIAN_POINT('',(14.8424042961934,29.9105554889228,52.));
#3465=CARTESIAN_POINT('',(14.8285828667184,29.7920183854691,51.1368246717461));
#3466=CARTESIAN_POINT('',(14.4385657285891,30.8582711622577,52.));
#3467=CARTESIAN_POINT('',(14.2245718204162,30.0060363189449,52.));
#3468=CARTESIAN_POINT('',(14.1966668456798,29.8932493455721,51.132262357005));
#3469=CARTESIAN_POINT('',(14.1117011816563,30.9548657318644,52.));
#3470=CARTESIAN_POINT('',(13.8241703670621,30.1203540393579,52.));
#3471=CARTESIAN_POINT('',(13.7881501176384,30.0133646522222,51.1277993557984));
#3472=CARTESIAN_POINT('',(13.7955218594424,31.0951403399049,52.));
#3473=CARTESIAN_POINT('',(13.4367339381491,30.2864314792653,52.));
#3474=CARTESIAN_POINT('',(13.3930086897592,30.1878746614129,51.1218693434054));
#3475=CARTESIAN_POINT('',(-33.3134869761021,-23.4287617115461,51.));
#3476=CARTESIAN_POINT('',(-32.3209408244607,-23.4287617115461,51.1218693434051));
#3477=CARTESIAN_POINT('',(-33.3134869761021,-23.4287617115461,52.));
#3478=CARTESIAN_POINT('',(-23.4287617115461,-23.4287617115461,51.1218693434051));
#3479=CARTESIAN_POINT('',(-30.678255826607,-18.279423457765,51.1218693434051));
#3480=CARTESIAN_POINT('',(-31.4874452720602,-17.704653673847,51.));
#3481=CARTESIAN_POINT('',(-31.4874452720602,-17.7046536738471,52.));
#3482=CARTESIAN_POINT('',(-23.4287617115461,-23.4287617115461,52.));
#3483=CARTESIAN_POINT('',(-23.4287617115461,-23.4287617115461,51.));
#3484=CARTESIAN_POINT('',(-13.7955218594425,31.0951403399049,51.));
#3485=CARTESIAN_POINT('',(-13.7955218594425,31.0951403399049,52.));
#3486=CARTESIAN_POINT('',(-13.3930086897592,30.1878746614126,51.1218693434031));
#3487=CARTESIAN_POINT('',(0.,0.,51.1218693434052));
#3488=CARTESIAN_POINT('',(0.,0.,52.));
#3489=CARTESIAN_POINT('',(0.,0.,51.));
#3490=CARTESIAN_POINT('',(-31.0951403399049,-13.7955218594425,51.));
#3491=CARTESIAN_POINT('',(-30.1878746614126,-13.3930086897592,51.1218693434031));
#3492=CARTESIAN_POINT('',(-31.0951403399049,-13.7955218594425,52.));
#3493=CARTESIAN_POINT('',(-31.4874452720602,-17.7046536738471,52.));
#3494=CARTESIAN_POINT('',(-31.2871111560184,-17.4226133564871,52.));
#3495=CARTESIAN_POINT('',(-31.12751983118,-17.1215018052434,52.));
#3496=CARTESIAN_POINT('',(-30.9471820205995,-16.6421942351402,52.));
#3497=CARTESIAN_POINT('',(-30.8967882324471,-16.4766282523758,52.));
#3498=CARTESIAN_POINT('',(-30.818316548677,-16.1412118328299,52.));
#3499=CARTESIAN_POINT('',(-30.7903311664472,-15.9725054198472,52.));
#3500=CARTESIAN_POINT('',(-30.7562102141791,-15.6331539572988,52.));
#3501=CARTESIAN_POINT('',(-30.7500754814849,-15.4625088334394,52.));
#3502=CARTESIAN_POINT('',(-30.760101866986,-15.1192403741091,52.));
#3503=CARTESIAN_POINT('',(-30.7765103907941,-14.9462028424697,52.));
#3504=CARTESIAN_POINT('',(-30.8580576464841,-14.439051633231,52.));
#3505=CARTESIAN_POINT('',(-30.9548444271899,-14.1117491931698,52.));
#3506=CARTESIAN_POINT('',(-31.0951403399049,-13.7955218594425,52.));
#3507=CARTESIAN_POINT('',(-30.1878747192664,-13.3930087154263,51.1218693356319));
#3508=CARTESIAN_POINT('',(-29.4794810558531,-14.9970184273686,51.1459411836857));
#3509=CARTESIAN_POINT('',(-29.6663827395196,-16.8497552461796,51.1459354789968));
#3510=CARTESIAN_POINT('',(-30.6782556219866,-18.2794232498572,51.1218693692382));
#3511=CARTESIAN_POINT('',(-31.0951403399049,-13.7955218594425,52.));
#3512=CARTESIAN_POINT('',(-30.2864314792676,-13.4367339381501,52.));
#3513=CARTESIAN_POINT('',(-30.1878746614133,-13.3930086897593,51.1218693434083));
#3514=CARTESIAN_POINT('',(-30.9548632055236,-14.1117068754011,52.));
#3515=CARTESIAN_POINT('',(-30.1203508491476,-13.8241777985112,52.));
#3516=CARTESIAN_POINT('',(-30.0133615079816,-13.7881572357534,51.1277994581497));
#3517=CARTESIAN_POINT('',(-30.8580576454797,-14.4390516329753,52.));
#3518=CARTESIAN_POINT('',(-30.005783724207,-14.225164962661,52.));
#3519=CARTESIAN_POINT('',(-29.8929837214025,-14.1972740984984,51.1322714017438));
#3520=CARTESIAN_POINT('',(-30.7765103912963,-14.9462028425975,52.));
#3521=CARTESIAN_POINT('',(-29.9102492108693,-14.8449093011946,52.));
#3522=CARTESIAN_POINT('',(-29.7916921112674,-14.8311485795661,51.1368408496065));
#3523=CARTESIAN_POINT('',(-30.7601018676208,-15.1192403740528,52.));
#3524=CARTESIAN_POINT('',(-29.8912537454092,-15.0560924575069,52.));
#3525=CARTESIAN_POINT('',(-29.7713453413769,-15.0474290298243,51.1380064451511));
#3526=CARTESIAN_POINT('',(-30.7500754808501,-15.4625088334956,52.));
#3527=CARTESIAN_POINT('',(-29.8803879079166,-15.4747353559023,52.));
#3528=CARTESIAN_POINT('',(-29.759028253769,-15.4764929142288,51.1395419396702));
#3529=CARTESIAN_POINT('',(-30.7562102141158,-15.6331539573044,52.));
#3530=CARTESIAN_POINT('',(-29.8882031918321,-15.6828415969748,52.));
#3531=CARTESIAN_POINT('',(-29.7667500802151,-15.6897939524363,51.1399218044069));
#3532=CARTESIAN_POINT('',(-30.7903311665104,-15.9725054198416,52.));
#3533=CARTESIAN_POINT('',(-29.9298065562785,-16.0966174509439,52.));
#3534=CARTESIAN_POINT('',(-29.8094011478769,-16.1139832929493,51.1399209319298));
#3535=CARTESIAN_POINT('',(-30.8183165479065,-16.141211832898,52.));
#3536=CARTESIAN_POINT('',(-29.9636077014703,-16.3024263062048,52.));
#3537=CARTESIAN_POINT('',(-29.8443293465661,-16.3248716874782,51.1395402244778));
#3538=CARTESIAN_POINT('',(-30.8967882332176,-16.4766282523077,52.));
#3539=CARTESIAN_POINT('',(-30.0579672438344,-16.7117665097781,52.));
#3540=CARTESIAN_POINT('',(-29.9422017424834,-16.7441640341743,51.1379953802451));
#3541=CARTESIAN_POINT('',(-30.947182021008,-16.6421942349489,52.));
#3542=CARTESIAN_POINT('',(-30.1184611067507,-16.9140361927165,52.));
#3543=CARTESIAN_POINT('',(-30.0050301887119,-16.9511379669381,51.1368304669272));
#3544=CARTESIAN_POINT('',(-31.1275198303629,-17.1215018056259,52.));
#3545=CARTESIAN_POINT('',(-30.3348084460568,-17.5005740794064,52.));
#3546=CARTESIAN_POINT('',(-30.2298111204361,-17.5503368470329,51.1322690413174));
#3547=CARTESIAN_POINT('',(-31.2871397663342,-17.4226536290138,52.));
#3548=CARTESIAN_POINT('',(-30.5264097746008,-17.870275427437,52.));
#3549=CARTESIAN_POINT('',(-30.4287077440703,-17.9268388262605,51.1278045353143));
#3550=CARTESIAN_POINT('',(-31.4874452720602,-17.704653673847,52.));
#3551=CARTESIAN_POINT('',(-30.7661585641117,-18.216985869478,52.));
#3552=CARTESIAN_POINT('',(-30.678255826607,-18.279423457765,51.1218693434054));
#3553=CARTESIAN_POINT('',(-17.7046536738471,31.4874452720602,51.));
#3554=CARTESIAN_POINT('',(-17.7046536738471,31.4874452720602,52.));
#3555=CARTESIAN_POINT('',(-18.279423457765,30.678255826607,51.1218693434051));
#3556=CARTESIAN_POINT('',(-13.3930087154263,30.1878747192664,51.1218693356319));
#3557=CARTESIAN_POINT('',(-14.9970184349648,29.4794810524955,51.1459411838));
#3558=CARTESIAN_POINT('',(-16.8497552529551,29.6663827443132,51.1459354788828));
#3559=CARTESIAN_POINT('',(-18.279423249858,30.6782556219871,51.1218693692382));
#3560=CARTESIAN_POINT('',(-17.7046536738471,31.4874452720602,52.));
#3561=CARTESIAN_POINT('',(-17.4226133564871,31.2871111560184,52.));
#3562=CARTESIAN_POINT('',(-17.1215018052434,31.12751983118,52.));
#3563=CARTESIAN_POINT('',(-16.6421942351402,30.9471820205995,52.));
#3564=CARTESIAN_POINT('',(-16.4766282523758,30.8967882324471,52.));
#3565=CARTESIAN_POINT('',(-16.1412118328299,30.818316548677,52.));
#3566=CARTESIAN_POINT('',(-15.9725054198472,30.7903311664472,52.));
#3567=CARTESIAN_POINT('',(-15.6331539572989,30.7562102141791,52.));
#3568=CARTESIAN_POINT('',(-15.4625088334394,30.7500754814849,52.));
#3569=CARTESIAN_POINT('',(-15.1192403741091,30.760101866986,52.));
#3570=CARTESIAN_POINT('',(-14.9462028424697,30.7765103907942,52.));
#3571=CARTESIAN_POINT('',(-14.439051633231,30.8580576464841,52.));
#3572=CARTESIAN_POINT('',(-14.1117491931698,30.9548444271899,52.));
#3573=CARTESIAN_POINT('',(-13.7955218594425,31.0951403399049,52.));
#3574=CARTESIAN_POINT('',(-13.7955218594425,31.0951403399049,52.));
#3575=CARTESIAN_POINT('',(-13.4367339381501,30.2864314792676,52.));
#3576=CARTESIAN_POINT('',(-13.3930086897594,30.1878746614133,51.1218693434083));
#3577=CARTESIAN_POINT('',(-14.1117068754015,30.9548632055233,52.));
#3578=CARTESIAN_POINT('',(-13.8241777985108,30.1203508491469,52.));
#3579=CARTESIAN_POINT('',(-13.7881572357538,30.0133615079814,51.1277994581494));
#3580=CARTESIAN_POINT('',(-14.4390516329753,30.8580576454809,52.));
#3581=CARTESIAN_POINT('',(-14.2251649626616,30.0057837242082,52.));
#3582=CARTESIAN_POINT('',(-14.197274098498,29.8929837214026,51.1322714017439));
#3583=CARTESIAN_POINT('',(-14.9462028425976,30.7765103912957,52.));
#3584=CARTESIAN_POINT('',(-14.8449093011943,29.9102492108687,52.));
#3585=CARTESIAN_POINT('',(-14.8311485795664,29.7916921112674,51.1368408496064));
#3586=CARTESIAN_POINT('',(-15.1192403740529,30.7601018676208,52.));
#3587=CARTESIAN_POINT('',(-15.056092457507,29.8912537454092,52.));
#3588=CARTESIAN_POINT('',(-15.0474290298243,29.7713453413769,51.1380064451511));
#3589=CARTESIAN_POINT('',(-15.4625088334956,30.7500754808501,52.));
#3590=CARTESIAN_POINT('',(-15.4747353559022,29.8803879079166,52.));
#3591=CARTESIAN_POINT('',(-15.4764929142288,29.759028253769,51.1395419396702));
#3592=CARTESIAN_POINT('',(-15.6331539573044,30.7562102141152,52.));
#3593=CARTESIAN_POINT('',(-15.6828415969749,29.8882031918315,52.));
#3594=CARTESIAN_POINT('',(-15.6897939524363,29.7667500802151,51.1399218044068));
#3595=CARTESIAN_POINT('',(-15.9725054198417,30.790331166511,52.));
#3596=CARTESIAN_POINT('',(-16.0966174509439,29.9298065562791,52.));
#3597=CARTESIAN_POINT('',(-16.1139832929494,29.809401147877,51.1399209319298));
#3598=CARTESIAN_POINT('',(-16.1412118328983,30.8183165479059,52.));
#3599=CARTESIAN_POINT('',(-16.3024263062052,29.9636077014701,52.));
#3600=CARTESIAN_POINT('',(-16.3248716874787,29.8443293465662,51.1395402244778));
#3601=CARTESIAN_POINT('',(-16.4766282523074,30.8967882332182,52.));
#3602=CARTESIAN_POINT('',(-16.7117665097779,30.0579672438347,52.));
#3603=CARTESIAN_POINT('',(-16.7441640341738,29.9422017424833,51.1379953802452));
#3604=CARTESIAN_POINT('',(-16.642194234949,30.9471820210077,52.));
#3605=CARTESIAN_POINT('',(-16.9140361927163,30.1184611067507,52.));
#3606=CARTESIAN_POINT('',(-16.9511379669378,30.0050301887118,51.1368304669272));
#3607=CARTESIAN_POINT('',(-17.1215018056259,31.1275198303635,52.));
#3608=CARTESIAN_POINT('',(-17.500574079407,30.3348084460568,52.));
#3609=CARTESIAN_POINT('',(-17.5503368470337,30.2298111204364,51.1322690413175));
#3610=CARTESIAN_POINT('',(-17.4226536290159,31.2871397663308,52.));
#3611=CARTESIAN_POINT('',(-17.8702754274391,30.526409774597,52.));
#3612=CARTESIAN_POINT('',(-17.9268388262601,30.42870774407,51.1278045353137));
#3613=CARTESIAN_POINT('',(-17.7046536738471,31.4874452720602,52.));
#3614=CARTESIAN_POINT('',(-18.216985869478,30.7661585641118,52.));
#3615=CARTESIAN_POINT('',(-18.279423457765,30.678255826607,51.1218693434054));
#3616=CARTESIAN_POINT('',(-34.017997826632,0.,51.));
#3617=CARTESIAN_POINT('',(-33.0254516749906,0.,51.1218693434052));
#3618=CARTESIAN_POINT('',(-34.017997826632,0.,52.));
#3619=CARTESIAN_POINT('',(0.,0.,51.1218693434052));
#3620=CARTESIAN_POINT('',(-30.1878746614129,13.3930086897592,51.1218693434051));
#3621=CARTESIAN_POINT('',(-31.0951403399049,13.7955218594424,51.));
#3622=CARTESIAN_POINT('',(-31.0951403399049,13.7955218594424,52.));
#3623=CARTESIAN_POINT('',(0.,0.,52.));
#3624=CARTESIAN_POINT('',(0.,0.,51.));
#3625=CARTESIAN_POINT('',(-33.3134869761021,23.4287617115461,51.));
#3626=CARTESIAN_POINT('',(-32.3209408244607,23.4287617115461,51.1218693434051));
#3627=CARTESIAN_POINT('',(-33.3134869761021,23.4287617115461,52.));
#3628=CARTESIAN_POINT('',(-23.4287617115461,23.4287617115461,51.1218693434051));
#3629=CARTESIAN_POINT('',(-23.4287617115461,23.4287617115461,52.));
#3630=CARTESIAN_POINT('',(-23.4287617115461,23.4287617115461,51.));
#3631=CARTESIAN_POINT('',(-30.6782556219909,18.2794232498622,51.1218693692375));
#3632=CARTESIAN_POINT('',(-29.6657048082205,16.8487974018656,51.1459516027309));
#3633=CARTESIAN_POINT('',(-29.4799555819353,14.9959439620178,51.1459250588604));
#3634=CARTESIAN_POINT('',(-30.1878747192659,13.393008715426,51.121869335634));
#3635=CARTESIAN_POINT('',(-30.6782558266069,18.279423457765,51.1218693434049));
#3636=CARTESIAN_POINT('',(-31.4874452720604,17.7046536738469,51.));
#3637=CARTESIAN_POINT('',(-31.4874452720602,17.704653673847,52.));
#3638=CARTESIAN_POINT('',(-31.0951403399049,13.7955218594424,52.));
#3639=CARTESIAN_POINT('',(-30.9548456934848,14.1117463389379,52.));
#3640=CARTESIAN_POINT('',(-30.8582711631339,14.4385657288015,52.));
#3641=CARTESIAN_POINT('',(-30.7767732298425,14.9441500894127,52.));
#3642=CARTESIAN_POINT('',(-30.7602841189608,15.1164281506952,52.));
#3643=CARTESIAN_POINT('',(-30.750028095198,15.4607489376214,52.));
#3644=CARTESIAN_POINT('',(-30.7561245253292,15.631652042069,52.));
#3645=CARTESIAN_POINT('',(-30.7901167007252,15.9710164334175,52.));
#3646=CARTESIAN_POINT('',(-30.8180132819416,16.1394776266803,52.));
#3647=CARTESIAN_POINT('',(-30.8960508014903,16.4739083449499,52.));
#3648=CARTESIAN_POINT('',(-30.9465165213057,16.6402346537303,52.));
#3649=CARTESIAN_POINT('',(-31.1272140183701,17.1210680192512,52.));
#3650=CARTESIAN_POINT('',(-31.2871093465237,17.4226108089907,52.));
#3651=CARTESIAN_POINT('',(-31.4874452720602,17.704653673847,52.));
#3652=CARTESIAN_POINT('',(-31.4874452720602,17.704653673847,52.));
#3653=CARTESIAN_POINT('',(-30.766158564114,18.2169858694766,52.));
#3654=CARTESIAN_POINT('',(-30.6782558266074,18.279423457765,51.1218693434083));
#3655=CARTESIAN_POINT('',(-31.2871361578155,17.4226485492033,52.));
#3656=CARTESIAN_POINT('',(-30.5264051698304,17.8702687758012,52.));
#3657=CARTESIAN_POINT('',(-30.4287032467198,17.9268324729361,51.127804637804));
#3658=CARTESIAN_POINT('',(-31.1272140174375,17.1210680197013,52.));
#3659=CARTESIAN_POINT('',(-30.3344430295476,17.5000429569769,52.));
#3660=CARTESIAN_POINT('',(-30.2294301268289,17.549794486805,51.132278091439));
#3661=CARTESIAN_POINT('',(-30.946516521772,16.6402346535052,52.));
#3662=CARTESIAN_POINT('',(-30.1176631625518,16.9116420147402,52.));
#3663=CARTESIAN_POINT('',(-30.0042005882419,16.9486882617701,51.1368466379679));
#3664=CARTESIAN_POINT('',(-30.8960508021231,16.473908344879,52.));
#3665=CARTESIAN_POINT('',(-30.0570814589235,16.708445120316,52.));
#3666=CARTESIAN_POINT('',(-29.9412822056778,16.7407639236193,51.1380113963838));
#3667=CARTESIAN_POINT('',(-30.8180132813088,16.1394776267513,52.));
#3668=CARTESIAN_POINT('',(-29.9632416524937,16.3003104938274,52.));
#3669=CARTESIAN_POINT('',(-29.8439508890726,16.3227038669426,51.1395446760943));
#3670=CARTESIAN_POINT('',(-30.7901167006618,15.971016433425,52.));
#3671=CARTESIAN_POINT('',(-29.9295470075056,16.0948015086621,52.));
#3672=CARTESIAN_POINT('',(-29.809133380359,16.1121220283003,51.1399231696707));
#3673=CARTESIAN_POINT('',(-30.7561245253925,15.6316520420616,52.));
#3674=CARTESIAN_POINT('',(-29.8880967066428,15.6810102866864,52.));
#3675=CARTESIAN_POINT('',(-29.7666426528189,15.6879165901817,51.1399195545801));
#3676=CARTESIAN_POINT('',(-30.7500280944283,15.4607489377074,52.));
#3677=CARTESIAN_POINT('',(-29.8803262104357,15.4725889852173,52.));
#3678=CARTESIAN_POINT('',(-29.7589683930551,15.4742931075836,51.1395374742712));
#3679=CARTESIAN_POINT('',(-30.7602841197306,15.1164281506092,52.));
#3680=CARTESIAN_POINT('',(-29.8914618583987,15.0526612594564,52.));
#3681=CARTESIAN_POINT('',(-29.7715709022218,15.0439139769693,51.1379904131885));
#3682=CARTESIAN_POINT('',(-30.7767732302812,14.9441500895192,52.));
#3683=CARTESIAN_POINT('',(-29.910555488923,14.8424042961941,52.));
#3684=CARTESIAN_POINT('',(-29.792018385469,14.8285828667188,51.1368246717462));
#3685=CARTESIAN_POINT('',(-30.8582711622565,14.4385657285886,52.));
#3686=CARTESIAN_POINT('',(-30.0060363189443,14.224571820415,52.));
#3687=CARTESIAN_POINT('',(-29.8932493455722,14.1966668456791,51.1322623570048));
#3688=CARTESIAN_POINT('',(-30.9548657318624,14.1117011816555,52.));
#3689=CARTESIAN_POINT('',(-30.1203540393521,13.8241703670603,52.));
#3690=CARTESIAN_POINT('',(-30.0133646522219,13.7881501176389,51.1277993557978));
#3691=CARTESIAN_POINT('',(-31.0951403399049,13.7955218594424,52.));
#3692=CARTESIAN_POINT('',(-30.2864314792653,13.4367339381491,52.));
#3693=CARTESIAN_POINT('',(-30.1878746614129,13.3930086897592,51.1218693434054));
#3694=CARTESIAN_POINT('',(-13.3930086897592,30.1878746614126,51.1218693434031));
#3695=CARTESIAN_POINT('',(-13.4681313942874,28.4027958328537,38.080830208927));
#3696=CARTESIAN_POINT('',(-13.5755327704217,26.7962531399653,26.706873761126));
#3697=CARTESIAN_POINT('',(-13.7297132702964,25.3574265428643,17.));
#3698=CARTESIAN_POINT('',(-13.7297132702964,25.3574265428643,17.));
#3699=CARTESIAN_POINT('',(-19.8594448218618,26.4904381897898,17.));
#3700=CARTESIAN_POINT('',(-19.702444815908,26.7864651035801,19.5402200417859));
#3701=CARTESIAN_POINT('',(-19.5476097999463,27.1062195098641,22.2320140464831));
#3702=CARTESIAN_POINT('',(-19.3209556352099,27.6205896784637,26.4970659978958));
#3703=CARTESIAN_POINT('',(-19.2463260271907,27.7978292857377,27.9566434724278));
#3704=CARTESIAN_POINT('',(-19.1359523285433,28.072204309138,30.2028499203176));
#3705=CARTESIAN_POINT('',(-19.0811570214755,28.2115202596313,31.3401632032854));
#3706=CARTESIAN_POINT('',(-19.0179433368132,28.3777411734709,32.6918963033713));
#3707=CARTESIAN_POINT('',(-18.9910071117455,28.4497640501384,33.276539261256));
#3708=CARTESIAN_POINT('',(-18.9730843872413,28.4979533235814,33.6674854047644));
#3709=CARTESIAN_POINT('',(-18.9626011766437,28.5263196674882,33.897460931599));
#3710=CARTESIAN_POINT('',(-18.7188214728317,29.1890821731656,39.2681077753032));
#3711=CARTESIAN_POINT('',(-18.4923141940556,29.900750446926,44.9553282878881));
#3712=CARTESIAN_POINT('',(-18.279423457765,30.678255826607,51.1218693434051));
#3713=CARTESIAN_POINT('',(-19.8594448218618,26.4904381897898,17.));
#3714=CARTESIAN_POINT('',(-13.7297132702964,25.3574265428643,17.));
#3715=CARTESIAN_POINT('',(-14.7289391686129,24.8163982546447,17.));
#3716=CARTESIAN_POINT('',(-15.8810872470818,24.6325849067564,17.));
#3717=CARTESIAN_POINT('',(-18.1102640294823,25.0446020054504,17.));
#3718=CARTESIAN_POINT('',(-19.1197122654026,25.6280544838751,17.));
#3719=CARTESIAN_POINT('',(-19.8594448218618,26.4904381897898,17.));
#3720=CARTESIAN_POINT('',(-13.7357289228114,25.301594527607,16.6236070046099));
#3721=CARTESIAN_POINT('',(-17.2623468955701,23.441716681576,17.0147881618444));
#3722=CARTESIAN_POINT('',(-19.8827927824954,26.4466198882764,16.6236070046099));
#3723=CARTESIAN_POINT('',(-13.6892916181983,25.7302342677347,19.5112039326342));
#3724=CARTESIAN_POINT('',(-17.0975670572422,23.9624589067197,19.8292376986761));
#3725=CARTESIAN_POINT('',(-19.7030199224572,26.7824366539012,19.511213500296));
#3726=CARTESIAN_POINT('',(-13.6493751624266,26.1520317042159,22.4004138333633));
#3727=CARTESIAN_POINT('',(-16.9524335842983,24.4712165001691,22.7042654413294));
#3728=CARTESIAN_POINT('',(-19.5381405622374,27.1263513818393,22.4004138333638));
#3729=CARTESIAN_POINT('',(-13.578723048297,26.9857783910481,28.1811759472313));
#3730=CARTESIAN_POINT('',(-16.6945700208981,25.4550411488934,28.4441439112528));
#3731=CARTESIAN_POINT('',(-19.232140974287,27.8240087192021,28.1811759472308));
#3732=CARTESIAN_POINT('',(-13.5480170424627,27.3976997934243,31.0727420651069));
#3733=CARTESIAN_POINT('',(-16.5804649522456,25.9335412570269,31.3252669962504));
#3734=CARTESIAN_POINT('',(-19.0910341311795,28.1778041542559,31.0727420651077));
#3735=CARTESIAN_POINT('',(-13.466127070217,28.6222400471881,39.7500549267547));
#3736=CARTESIAN_POINT('',(-16.2746395406959,27.3219287982442,39.8846446077939));
#3737=CARTESIAN_POINT('',(-18.6965242450088,29.2484244029729,39.7500549267532));
#3738=CARTESIAN_POINT('',(-13.4249806635386,29.4237736017969,45.537993792804));
#3739=CARTESIAN_POINT('',(-16.1094357072329,28.2206182883268,45.6840167981143));
#3740=CARTESIAN_POINT('',(-18.4715846420324,29.9741098746576,45.5380298294438));
#3741=CARTESIAN_POINT('',(-13.3918257624694,30.21606292991,51.327831359358));
#3742=CARTESIAN_POINT('',(-15.9681034461074,29.1001759751686,51.5208644085105));
#3743=CARTESIAN_POINT('',(-18.2723240252366,30.704226448717,51.327831359358));
#3744=CARTESIAN_POINT('',(-30.6782558266069,18.279423457765,51.1218693434049));
#3745=CARTESIAN_POINT('',(-30.2895081683767,18.3858674481923,48.0386387222909));
#3746=CARTESIAN_POINT('',(-29.9171886477286,18.4956297362232,45.0752182835878));
#3747=CARTESIAN_POINT('',(-29.3840271796153,18.6648106255701,40.8098028991491));
#3748=CARTESIAN_POINT('',(-29.2105249335858,18.7219550001253,39.4179503166057));
#3749=CARTESIAN_POINT('',(-28.9566679671136,18.808694045197,37.3751002611945));
#3750=CARTESIAN_POINT('',(-28.8313384004316,18.8523186889416,36.3649074380899));
#3751=CARTESIAN_POINT('',(-28.6879316611814,18.9036326862849,35.2060055025196));
#3752=CARTESIAN_POINT('',(-28.6270752488795,18.9257107799913,34.7135453211435));
#3753=CARTESIAN_POINT('',(-28.5866385783289,18.9404483278588,34.3861745506095));
#3754=CARTESIAN_POINT('',(-28.5706715529267,18.9462874673852,34.2568633529341));
#3755=CARTESIAN_POINT('',(-27.7698218391333,19.2408601691021,27.7672302925781));
#3756=CARTESIAN_POINT('',(-27.0824983422171,19.5454414555261,22.0804943573612));
#3757=CARTESIAN_POINT('',(-26.4904381897898,19.8594448218618,17.));
#3758=CARTESIAN_POINT('',(-26.4904381897898,19.8594448218618,17.));
#3759=CARTESIAN_POINT('',(-25.3574265428643,13.7297132702964,17.));
#3760=CARTESIAN_POINT('',(-26.7962531399655,13.5755327704216,26.7068737611269));
#3761=CARTESIAN_POINT('',(-28.402795832854,13.4681313942874,38.0808302089286));
#3762=CARTESIAN_POINT('',(-30.1878746614129,13.3930086897592,51.1218693434051));
#3763=CARTESIAN_POINT('',(-25.3574265428643,13.7297132702964,17.));
#3764=CARTESIAN_POINT('',(-26.4904381897898,19.8594448218618,17.));
#3765=CARTESIAN_POINT('',(-25.6279625160421,19.1196333775481,17.));
#3766=CARTESIAN_POINT('',(-25.0444454775255,18.1093226761997,17.));
#3767=CARTESIAN_POINT('',(-24.6323958601294,15.880158983143,17.));
#3768=CARTESIAN_POINT('',(-24.8164561882434,14.7288321709692,17.));
#3769=CARTESIAN_POINT('',(-25.3574265428643,13.7297132702964,17.));
#3770=CARTESIAN_POINT('',(-26.4466320798851,19.8827862559674,16.6237118372504));
#3771=CARTESIAN_POINT('',(-23.4417358738246,17.2623408225234,17.0148918900276));
#3772=CARTESIAN_POINT('',(-25.3016100891372,13.7357272369331,16.6237118372504));
#3773=CARTESIAN_POINT('',(-26.7824480232917,19.7030143051992,19.5113095841547));
#3774=CARTESIAN_POINT('',(-23.9624760292331,17.0975620316661,19.8293333442644));
#3775=CARTESIAN_POINT('',(-25.7302483570923,13.6892902335727,19.5113000166824));
#3776=CARTESIAN_POINT('',(-27.1263618311543,19.5381357225187,22.4005011523932));
#3777=CARTESIAN_POINT('',(-24.4712316852116,16.9524293910206,22.7043523487546));
#3778=CARTESIAN_POINT('',(-26.1520443916969,13.6493740104237,22.400501152392));
#3779=CARTESIAN_POINT('',(-27.82401722819,19.2321374987087,28.1812457159568));
#3780=CARTESIAN_POINT('',(-25.4550527966806,16.6945671764692,28.4442135158007));
#3781=CARTESIAN_POINT('',(-26.9857883599883,13.5787222803854,28.181245715958));
#3782=CARTESIAN_POINT('',(-28.1778116420174,19.0910312419401,31.072803049673));
#3783=CARTESIAN_POINT('',(-25.9335512582437,16.5804626446682,31.3253278265404));
#3784=CARTESIAN_POINT('',(-27.3977084465311,13.548016425339,31.0728030496744));
#3785=CARTESIAN_POINT('',(-29.2484287456982,18.6965229049635,39.7500895308567));
#3786=CARTESIAN_POINT('',(-27.3219342481162,16.2746385440454,39.8846798179569));
#3787=CARTESIAN_POINT('',(-28.6222448365495,13.4661268268446,39.750089530854));
#3788=CARTESIAN_POINT('',(-29.9741120179915,18.4715840591215,45.5380468230734));
#3789=CARTESIAN_POINT('',(-28.2206208996516,16.109435289228,45.684034137675));
#3790=CARTESIAN_POINT('',(-29.4237759265997,13.4249805667994,45.5380107869355));
#3791=CARTESIAN_POINT('',(-30.7042263696713,18.2723240468094,51.3278307325281));
#3792=CARTESIAN_POINT('',(-29.1001758810012,15.9681034612388,51.5208637836046));
#3793=CARTESIAN_POINT('',(-30.2160628441337,13.3918257660589,51.3278307325281));
#3794=CARTESIAN_POINT('',(18.279423457765,30.6782558266069,51.1218693434049));
#3795=CARTESIAN_POINT('',(18.385867448288,30.2895081680269,48.0386387195168));
#3796=CARTESIAN_POINT('',(18.4956297363959,29.9171886472181,45.0752182794265));
#3797=CARTESIAN_POINT('',(18.6648106257642,29.3840271791162,40.809802894988));
#3798=CARTESIAN_POINT('',(18.7219550003108,29.2105249331326,39.4179503127912));
#3799=CARTESIAN_POINT('',(18.8086940453383,28.9566679667878,37.3751002584203));
#3800=CARTESIAN_POINT('',(18.852318689053,28.831338400184,36.3649074359659));
#3801=CARTESIAN_POINT('',(18.9036326863461,28.6879316610496,35.2060055013818));
#3802=CARTESIAN_POINT('',(18.9257107800274,28.6270752488025,34.713545320477));
#3803=CARTESIAN_POINT('',(18.9404483278774,28.5866385782896,34.3861745502681));
#3804=CARTESIAN_POINT('',(18.9462874673819,28.570671552943,34.256863353052));
#3805=CARTESIAN_POINT('',(19.240860169209,27.7698218386114,27.7672302888052));
#3806=CARTESIAN_POINT('',(19.5454414557593,27.0824983417774,22.0804943535883));
#3807=CARTESIAN_POINT('',(19.8594448218618,26.4904381897898,17.));
#3808=CARTESIAN_POINT('',(19.8594448218618,26.4904381897898,17.));
#3809=CARTESIAN_POINT('',(13.7297132702964,25.3574265428643,17.));
#3810=CARTESIAN_POINT('',(13.5755327704216,26.7962531399654,26.7068737611266));
#3811=CARTESIAN_POINT('',(13.4681313942874,28.4027958328539,38.0808302089283));
#3812=CARTESIAN_POINT('',(13.3930086897592,30.1878746614129,51.1218693434052));
#3813=CARTESIAN_POINT('',(13.7297132702964,25.3574265428643,17.));
#3814=CARTESIAN_POINT('',(19.8594448218618,26.4904381897898,17.));
#3815=CARTESIAN_POINT('',(19.1196333775452,25.6279625160386,17.));
#3816=CARTESIAN_POINT('',(18.1093226761808,25.0444454775305,17.));
#3817=CARTESIAN_POINT('',(15.8801589831619,24.6323958601244,17.));
#3818=CARTESIAN_POINT('',(14.7288321709639,24.8164561882463,17.));
#3819=CARTESIAN_POINT('',(13.7297132702964,25.3574265428643,17.));
#3820=CARTESIAN_POINT('',(19.8827862559674,26.4466320798851,16.6237118372504));
#3821=CARTESIAN_POINT('',(17.2623408225234,23.4417358738246,17.0148918900276));
#3822=CARTESIAN_POINT('',(13.7357272369331,25.3016100891372,16.6237118372504));
#3823=CARTESIAN_POINT('',(19.7030143052152,26.7824480233098,19.5113095841504));
#3824=CARTESIAN_POINT('',(17.0975620316903,23.9624760293506,19.8293333442381));
#3825=CARTESIAN_POINT('',(13.6892902335786,25.7302483570886,19.5113000166793));
#3826=CARTESIAN_POINT('',(19.5381357225184,27.1263618311547,22.4005011523973));
#3827=CARTESIAN_POINT('',(16.9524293910308,24.4712316852066,22.7043523487654));
#3828=CARTESIAN_POINT('',(13.649374010424,26.1520443916974,22.400501152397));
#3829=CARTESIAN_POINT('',(19.232137498709,27.8240172281896,28.1812457159527));
#3830=CARTESIAN_POINT('',(16.6945671764591,25.4550527966857,28.4442135157913));
#3831=CARTESIAN_POINT('',(13.5787222803851,26.9857883599877,28.181245715953));
#3832=CARTESIAN_POINT('',(19.0910312419343,28.1778116420124,31.0728030496738));
#3833=CARTESIAN_POINT('',(16.5804626446478,25.9335512582281,31.3253278265387));
#3834=CARTESIAN_POINT('',(13.5480164253306,27.3977084465349,31.0728030496725));
#3835=CARTESIAN_POINT('',(18.6965229049751,29.2484287457081,39.7500895308551));
#3836=CARTESIAN_POINT('',(16.2746385440855,27.3219342481451,39.8846798179504));
#3837=CARTESIAN_POINT('',(13.4661268268615,28.6222448365419,39.7500895308578));
#3838=CARTESIAN_POINT('',(18.4715840591034,29.974112017979,45.5380468230749));
#3839=CARTESIAN_POINT('',(16.1094352891922,28.2206208995369,45.6840341376836));
#3840=CARTESIAN_POINT('',(13.4249805668456,29.4237759265794,45.5380107869365));
#3841=CARTESIAN_POINT('',(18.2723240468094,30.7042263696713,51.3278307325281));
#3842=CARTESIAN_POINT('',(15.9681034612388,29.1001758810013,51.5208637836046));
#3843=CARTESIAN_POINT('',(13.3918257660589,30.2160628441337,51.3278307325281));
#3844=CARTESIAN_POINT('',(30.1878746614126,13.3930086897592,51.1218693434031));
#3845=CARTESIAN_POINT('',(28.4027958328537,13.4681313942874,38.0808302089268));
#3846=CARTESIAN_POINT('',(26.7962531399653,13.5755327704217,26.7068737611257));
#3847=CARTESIAN_POINT('',(25.3574265428643,13.7297132702964,17.));
#3848=CARTESIAN_POINT('',(25.3574265428643,13.7297132702964,17.));
#3849=CARTESIAN_POINT('',(26.4904381897898,19.8594448218618,17.));
#3850=CARTESIAN_POINT('',(26.786465103237,19.7024448160899,19.5402200388422));
#3851=CARTESIAN_POINT('',(27.1062195093148,19.5476098001729,22.2320140420675));
#3852=CARTESIAN_POINT('',(27.6205896778903,19.3209556353995,26.4970659934802));
#3853=CARTESIAN_POINT('',(27.7978292852038,19.2463260273508,27.9566434683802));
#3854=CARTESIAN_POINT('',(28.0722043087427,19.135952328648,30.2028499173739));
#3855=CARTESIAN_POINT('',(28.2115202593252,19.0811570215497,31.3401632010316));
#3856=CARTESIAN_POINT('',(28.3777411733054,19.0179433368501,32.6918963021639));
#3857=CARTESIAN_POINT('',(28.4497640500411,18.9910071117665,33.2765392605488));
#3858=CARTESIAN_POINT('',(28.4979533235314,18.9730843872518,33.6674854044022));
#3859=CARTESIAN_POINT('',(28.5263196675193,18.9626011766288,33.8974609318696));
#3860=CARTESIAN_POINT('',(29.1890821721698,18.7188214733078,39.2681077666449));
#3861=CARTESIAN_POINT('',(29.9007504458344,18.4923141943545,44.9553282792297));
#3862=CARTESIAN_POINT('',(30.678255826607,18.279423457765,51.1218693434051));
#3863=CARTESIAN_POINT('',(26.4904381897898,19.8594448218618,17.));
#3864=CARTESIAN_POINT('',(25.3574265428643,13.7297132702964,17.));
#3865=CARTESIAN_POINT('',(24.8163982546326,14.7289391686353,17.));
#3866=CARTESIAN_POINT('',(24.6325849067606,15.881087247094,17.));
#3867=CARTESIAN_POINT('',(25.0446020054462,18.1102640294701,17.));
#3868=CARTESIAN_POINT('',(25.6280544838695,19.1197122653978,17.));
#3869=CARTESIAN_POINT('',(26.4904381897898,19.8594448218618,17.));
#3870=CARTESIAN_POINT('',(25.301594527607,13.7357289228114,16.6236070046099));
#3871=CARTESIAN_POINT('',(23.441716681576,17.2623468955701,17.0147881618444));
#3872=CARTESIAN_POINT('',(26.4466198882764,19.8827927824954,16.6236070046099));
#3873=CARTESIAN_POINT('',(25.7302342677309,13.6892916182053,19.5112039326344));
#3874=CARTESIAN_POINT('',(23.9624589067536,17.0975670572425,19.8292376986651));
#3875=CARTESIAN_POINT('',(26.782436653913,19.7030199224674,19.5112135002953));
#3876=CARTESIAN_POINT('',(26.152031704215,13.6493751624286,22.4004138333643));
#3877=CARTESIAN_POINT('',(24.4712165001741,16.9524335843086,22.7042654413336));
#3878=CARTESIAN_POINT('',(27.1263513818469,19.5381405622451,22.4004138333636));
#3879=CARTESIAN_POINT('',(26.985778391049,13.578723048295,28.1811759472309));
#3880=CARTESIAN_POINT('',(25.4550411488882,16.6945700208881,28.4441439112471));
#3881=CARTESIAN_POINT('',(27.8240087191946,19.2321409742794,28.1811759472316));
#3882=CARTESIAN_POINT('',(27.3976997934214,13.5480170424687,31.0727420651071));
#3883=CARTESIAN_POINT('',(25.9335412570324,16.5804649522353,31.3252669962731));
#3884=CARTESIAN_POINT('',(28.177804154256,19.0910341311795,31.0727420651082));
#3885=CARTESIAN_POINT('',(28.6222400471942,13.4661270702048,39.7500549267561));
#3886=CARTESIAN_POINT('',(27.3219287982354,16.2746395407156,39.8846446077612));
#3887=CARTESIAN_POINT('',(29.248424402973,18.6965242450088,39.750054926754));
#3888=CARTESIAN_POINT('',(29.4237736017901,13.4249806635543,45.5379937928049));
#3889=CARTESIAN_POINT('',(28.2206182884462,16.1094357073089,45.6840167981366));
#3890=CARTESIAN_POINT('',(29.9741098746804,18.4715846420646,45.538029829443));
#3891=CARTESIAN_POINT('',(30.2160629299101,13.3918257624694,51.3278313593592));
#3892=CARTESIAN_POINT('',(29.1001759751688,15.9681034461074,51.5208644085116));
#3893=CARTESIAN_POINT('',(30.7042264487172,18.2723240252366,51.3278313593592));
#3894=CARTESIAN_POINT('',(30.6782558266069,-18.279423457765,51.1218693434049));
#3895=CARTESIAN_POINT('',(30.2895081680825,-18.3858674482728,48.0386387199579));
#3896=CARTESIAN_POINT('',(29.9171886472992,-18.4956297363684,45.0752182800883));
#3897=CARTESIAN_POINT('',(29.3840271791956,-18.6648106257332,40.8098028956497));
#3898=CARTESIAN_POINT('',(29.2105249332047,-18.7219550002813,39.4179503133978));
#3899=CARTESIAN_POINT('',(28.9566679668396,-18.8086940453158,37.3751002588615));
#3900=CARTESIAN_POINT('',(28.8313384002234,-18.8523186890353,36.3649074363037));
#3901=CARTESIAN_POINT('',(28.6879316610706,-18.9036326863363,35.2060055015627));
#3902=CARTESIAN_POINT('',(28.6270752488147,-18.9257107800216,34.713545320583));
#3903=CARTESIAN_POINT('',(28.5866385782959,-18.9404483278744,34.3861745503224));
#3904=CARTESIAN_POINT('',(28.5706715529404,-18.9462874673824,34.2568633530332));
#3905=CARTESIAN_POINT('',(27.7698218386944,-19.2408601691919,27.7672302894051));
#3906=CARTESIAN_POINT('',(27.0824983418473,-19.5454414557221,22.0804943541883));
#3907=CARTESIAN_POINT('',(26.4904381897898,-19.8594448218618,17.));
#3908=CARTESIAN_POINT('',(26.4904381897898,-19.8594448218618,17.));
#3909=CARTESIAN_POINT('',(25.3574265428643,-13.7297132702963,17.));
#3910=CARTESIAN_POINT('',(26.7962531399654,-13.5755327704216,26.7068737611264));
#3911=CARTESIAN_POINT('',(28.4027958328539,-13.4681313942874,38.0808302089285));
#3912=CARTESIAN_POINT('',(30.187874661413,-13.3930086897592,51.121869343406));
#3913=CARTESIAN_POINT('',(25.3574265428643,-13.7297132702963,17.));
#3914=CARTESIAN_POINT('',(26.4904381897898,-19.8594448218618,17.));
#3915=CARTESIAN_POINT('',(25.6279625160464,-19.1196333775518,17.));
#3916=CARTESIAN_POINT('',(25.0444454775304,-18.1093226761885,17.));
#3917=CARTESIAN_POINT('',(24.6323958601246,-15.8801589831541,17.));
#3918=CARTESIAN_POINT('',(24.8164561882477,-14.7288321709612,17.));
#3919=CARTESIAN_POINT('',(25.3574265428643,-13.7297132702963,17.));
#3920=CARTESIAN_POINT('',(26.4466320798851,-19.8827862559674,16.6237118372504));
#3921=CARTESIAN_POINT('',(23.4417358738246,-17.2623408225234,17.0148918900276));
#3922=CARTESIAN_POINT('',(25.3016100891372,-13.7357272369331,16.6237118372504));
#3923=CARTESIAN_POINT('',(26.7824480232945,-19.703014305202,19.5113095841515));
#3924=CARTESIAN_POINT('',(23.9624760292855,-17.0975620316803,19.8293333442525));
#3925=CARTESIAN_POINT('',(25.7302483570948,-13.689290233567,19.5113000166783));
#3926=CARTESIAN_POINT('',(27.1263618311547,-19.5381357225183,22.4005011523975));
#3927=CARTESIAN_POINT('',(24.4712316852118,-16.9524293910257,22.7043523487604));
#3928=CARTESIAN_POINT('',(26.1520443916964,-13.649374010426,22.4005011523973));
#3929=CARTESIAN_POINT('',(27.8240172281896,-19.232137498709,28.181245715953));
#3930=CARTESIAN_POINT('',(25.4550527966808,-16.6945671764641,28.4442135157966));
#3931=CARTESIAN_POINT('',(26.9857883599888,-13.5787222803831,28.1812457159532));
#3932=CARTESIAN_POINT('',(28.1778116420172,-19.0910312419396,31.0728030496743));
#3933=CARTESIAN_POINT('',(25.9335512582385,-16.580462644658,31.3253278265602));
#3934=CARTESIAN_POINT('',(27.3977084465342,-13.5480164253329,31.0728030496751));
#3935=CARTESIAN_POINT('',(29.2484287456988,-18.6965229049643,39.7500895308557));
#3936=CARTESIAN_POINT('',(27.3219342481256,-16.2746385440655,39.8846798179134));
#3937=CARTESIAN_POINT('',(28.6222448365436,-13.4661268268568,39.7500895308541));
#3938=CARTESIAN_POINT('',(29.9741120180007,-18.4715840591341,45.5380468230748));
#3939=CARTESIAN_POINT('',(28.2206208996919,-16.1094352892724,45.6840341376976));
#3940=CARTESIAN_POINT('',(29.4237759265789,-13.4249805668478,45.5380107869407));
#3941=CARTESIAN_POINT('',(30.7042263696714,-18.2723240468094,51.3278307325292));
#3942=CARTESIAN_POINT('',(29.1001758810014,-15.9681034612387,51.5208637836057));
#3943=CARTESIAN_POINT('',(30.2160628441339,-13.3918257660589,51.3278307325292));
#3944=CARTESIAN_POINT('',(13.3930086897593,-30.1878746614126,51.1218693434031));
#3945=CARTESIAN_POINT('',(13.4681313942874,-28.4027958328538,38.0808302089275));
#3946=CARTESIAN_POINT('',(13.5755327704217,-26.7962531399654,26.7068737611264));
#3947=CARTESIAN_POINT('',(13.7297132702964,-25.3574265428643,17.));
#3948=CARTESIAN_POINT('',(13.7297132702964,-25.3574265428643,17.));
#3949=CARTESIAN_POINT('',(19.8594448218618,-26.4904381897897,17.));
#3950=CARTESIAN_POINT('',(19.7024448158285,-26.78646510373,19.5402200430724));
#3951=CARTESIAN_POINT('',(19.5476097998473,-27.1062195101041,22.2320140484128));
#3952=CARTESIAN_POINT('',(19.3209556351271,-27.6205896787142,26.4970659998254));
#3953=CARTESIAN_POINT('',(19.2463260271208,-27.7978292859711,27.9566434741967));
#3954=CARTESIAN_POINT('',(19.1359523284976,-28.0722043093107,30.202849921604));
#3955=CARTESIAN_POINT('',(19.0811570214432,-28.211520259765,31.3401632042703));
#3956=CARTESIAN_POINT('',(19.017943336797,-28.3777411735432,32.6918963038989));
#3957=CARTESIAN_POINT('',(18.9910071117363,-28.4497640501809,33.2765392615651));
#3958=CARTESIAN_POINT('',(18.9730843872367,-28.4979533236032,33.6674854049227));
#3959=CARTESIAN_POINT('',(18.9626011766502,-28.5263196674745,33.8974609314808));
#3960=CARTESIAN_POINT('',(18.7188214726237,-29.1890821736007,39.2681077790859));
#3961=CARTESIAN_POINT('',(18.492314193925,-29.900750447403,44.9553282916708));
#3962=CARTESIAN_POINT('',(18.2794234577651,-30.6782558266069,51.1218693434051));
#3963=CARTESIAN_POINT('',(19.8594448218618,-26.4904381897897,17.));
#3964=CARTESIAN_POINT('',(13.7297132702964,-25.3574265428643,17.));
#3965=CARTESIAN_POINT('',(14.7289391686344,-24.8163982546331,17.));
#3966=CARTESIAN_POINT('',(15.8810872470952,-24.632584906767,17.));
#3967=CARTESIAN_POINT('',(18.1102640294689,-25.0446020054397,17.));
#3968=CARTESIAN_POINT('',(19.1197122654075,-25.6280544838807,17.));
#3969=CARTESIAN_POINT('',(19.8594448218618,-26.4904381897897,17.));
#3970=CARTESIAN_POINT('',(13.7357289228114,-25.301594527607,16.6236070046099));
#3971=CARTESIAN_POINT('',(17.2623468955701,-23.441716681576,17.0147881618444));
#3972=CARTESIAN_POINT('',(19.8827927824954,-26.4466198882764,16.6236070046099));
#3973=CARTESIAN_POINT('',(13.6892916182114,-25.7302342677282,19.5112039326386));
#3974=CARTESIAN_POINT('',(17.0975670572431,-23.9624589067468,19.8292376986707));
#3975=CARTESIAN_POINT('',(19.7030199224767,-26.7824366539244,19.5112135002983));
#3976=CARTESIAN_POINT('',(13.6493751624283,-26.1520317042144,22.4004138333591));
#3977=CARTESIAN_POINT('',(16.9524335843086,-24.4712165001689,22.7042654413283));
#3978=CARTESIAN_POINT('',(19.5381405622455,-27.1263513818464,22.4004138333584));
#3979=CARTESIAN_POINT('',(13.5787230482953,-26.9857783910495,28.1811759472355));
#3980=CARTESIAN_POINT('',(16.6945700208881,-25.4550411488932,28.4441439112517));
#3981=CARTESIAN_POINT('',(19.232140974279,-27.824008719195,28.1811759472362));
#3982=CARTESIAN_POINT('',(13.548017042469,-27.3976997934215,31.0727420651087));
#3983=CARTESIAN_POINT('',(16.5804649522507,-25.9335412570323,31.3252669962629));
#3984=CARTESIAN_POINT('',(19.0910341311854,-28.1778041542608,31.0727420651069));
#3985=CARTESIAN_POINT('',(13.4661270702043,-28.6222400471937,39.7500549267512));
#3986=CARTESIAN_POINT('',(16.2746395406857,-27.3219287982356,39.8846446077826));
#3987=CARTESIAN_POINT('',(18.6965242449972,-29.248424402963,39.7500549267548));
#3988=CARTESIAN_POINT('',(13.424980663537,-29.4237736017979,45.5379937928059));
#3989=CARTESIAN_POINT('',(16.1094357072824,-28.2206182883996,45.6840167981277));
#3990=CARTESIAN_POINT('',(18.4715846420278,-29.9741098746543,45.5380298294435));
#3991=CARTESIAN_POINT('',(13.3918257624695,-30.21606292991,51.327831359358));
#3992=CARTESIAN_POINT('',(15.9681034461075,-29.1001759751686,51.5208644085105));
#3993=CARTESIAN_POINT('',(18.2723240252366,-30.704226448717,51.327831359358));
#3994=CARTESIAN_POINT('',(-18.279423457765,-30.6782558266069,51.1218693434049));
#3995=CARTESIAN_POINT('',(-18.385867448407,-30.2895081675923,48.0386387160701));
#3996=CARTESIAN_POINT('',(-18.4956297366106,-29.9171886465836,45.0752182742564));
#3997=CARTESIAN_POINT('',(-18.6648106260053,-29.3840271784961,40.8098028898179));
#3998=CARTESIAN_POINT('',(-18.7219550005413,-29.2105249325695,39.417950308052));
#3999=CARTESIAN_POINT('',(-18.8086940455139,-28.9566679663828,37.3751002549736));
#4000=CARTESIAN_POINT('',(-18.8523186891915,-28.8313383998764,36.364907433327));
#4001=CARTESIAN_POINT('',(-18.903632686422,-28.6879316608859,35.2060054999681));
#4002=CARTESIAN_POINT('',(-18.9257107800723,-28.6270752487068,34.713545319649));
#4003=CARTESIAN_POINT('',(-18.9404483279006,-28.5866385782407,34.386174549844));
#4004=CARTESIAN_POINT('',(-18.9462874673777,-28.5706715529632,34.2568633531985));
#4005=CARTESIAN_POINT('',(-19.2408601693418,-27.7698218379631,27.7672302841176));
#4006=CARTESIAN_POINT('',(-19.545441456049,-27.0824983412311,22.0804943489008));
#4007=CARTESIAN_POINT('',(-19.8594448218618,-26.4904381897898,17.));
#4008=CARTESIAN_POINT('',(-19.8594448218618,-26.4904381897898,17.));
#4009=CARTESIAN_POINT('',(-13.7297132702964,-25.3574265428643,17.));
#4010=CARTESIAN_POINT('',(-13.5755327704217,-26.7962531399654,26.7068737611263));
#4011=CARTESIAN_POINT('',(-13.4681313942874,-28.4027958328539,38.0808302089281));
#4012=CARTESIAN_POINT('',(-13.3930086897592,-30.1878746614129,51.1218693434051));
#4013=CARTESIAN_POINT('',(-13.7297132702964,-25.3574265428643,17.));
#4014=CARTESIAN_POINT('',(-19.8594448218618,-26.4904381897898,17.));
#4015=CARTESIAN_POINT('',(-19.119633377535,-25.6279625160267,17.));
#4016=CARTESIAN_POINT('',(-18.1093226762153,-25.0444454775366,17.));
#4017=CARTESIAN_POINT('',(-15.8801589831273,-24.6323958601183,17.));
#4018=CARTESIAN_POINT('',(-14.7288321709337,-24.8164561882626,17.));
#4019=CARTESIAN_POINT('',(-13.7297132702964,-25.3574265428643,17.));
#4020=CARTESIAN_POINT('',(-19.8827862559674,-26.4466320798851,16.6237118372504));
#4021=CARTESIAN_POINT('',(-17.2623408225234,-23.4417358738246,17.0148918900276));
#4022=CARTESIAN_POINT('',(-13.7357272369331,-25.3016100891372,16.6237118372504));
#4023=CARTESIAN_POINT('',(-19.7030143052069,-26.7824480233015,19.5113095841585));
#4024=CARTESIAN_POINT('',(-17.097562031664,-23.962476029295,19.8293333442568));
#4025=CARTESIAN_POINT('',(-13.6892902335913,-25.7302483570829,19.5113000166879));
#4026=CARTESIAN_POINT('',(-19.5381357225192,-27.1263618311538,22.4005011523873));
#4027=CARTESIAN_POINT('',(-16.9524293910258,-24.4712316852116,22.7043523487494));
#4028=CARTESIAN_POINT('',(-13.6493740104254,-26.1520443916953,22.4005011523871));
#4029=CARTESIAN_POINT('',(-19.2321374987082,-27.8240172281905,28.1812457159627));
#4030=CARTESIAN_POINT('',(-16.6945671764642,-25.4550527966806,28.4442135158058));
#4031=CARTESIAN_POINT('',(-13.5787222803837,-26.9857883599898,28.1812457159628));
#4032=CARTESIAN_POINT('',(-19.0910312419368,-28.1778116420147,31.0728030496743));
#4033=CARTESIAN_POINT('',(-16.5804626446529,-25.9335512582384,31.3253278265393));
#4034=CARTESIAN_POINT('',(-13.5480164253308,-27.397708446535,31.0728030496738));
#4035=CARTESIAN_POINT('',(-18.6965229049701,-29.2484287457036,39.7500895308542));
#4036=CARTESIAN_POINT('',(-16.2746385440755,-27.3219342481255,39.8846798179526));
#4037=CARTESIAN_POINT('',(-13.4661268268611,-28.6222448365416,39.750089530855));
#4038=CARTESIAN_POINT('',(-18.4715840590876,-29.974112017968,45.5380468230768));
#4039=CARTESIAN_POINT('',(-16.1094352892187,-28.2206208996149,45.6840341376763));
#4040=CARTESIAN_POINT('',(-13.4249805668194,-29.423775926591,45.5380107869369));
#4041=CARTESIAN_POINT('',(-18.2723240468094,-30.7042263696713,51.3278307325281));
#4042=CARTESIAN_POINT('',(-15.9681034612388,-29.1001758810012,51.5208637836046));
#4043=CARTESIAN_POINT('',(-13.3918257660589,-30.2160628441337,51.3278307325281));
#4044=CARTESIAN_POINT('',(-30.1878746614126,-13.3930086897592,51.1218693434031));
#4045=CARTESIAN_POINT('',(-28.4027958328538,-13.4681313942874,38.0808302089275));
#4046=CARTESIAN_POINT('',(-26.7962531399654,-13.5755327704217,26.7068737611264));
#4047=CARTESIAN_POINT('',(-25.3574265428643,-13.7297132702964,17.));
#4048=CARTESIAN_POINT('',(-25.3574265428643,-13.7297132702964,17.));
#4049=CARTESIAN_POINT('',(-26.4904381897898,-19.8594448218618,17.));
#4050=CARTESIAN_POINT('',(-26.7864651039764,-19.7024448156977,19.5402200451873));
#4051=CARTESIAN_POINT('',(-27.1062195104988,-19.5476097996845,22.2320140515851));
#4052=CARTESIAN_POINT('',(-27.6205896791262,-19.3209556349909,26.4970660029978));
#4053=CARTESIAN_POINT('',(-27.7978292863547,-19.2463260270057,27.9566434771047));
#4054=CARTESIAN_POINT('',(-28.0722043095947,-19.1359523284224,30.202849923719));
#4055=CARTESIAN_POINT('',(-28.2115202599849,-19.0811570213899,31.3401632058896));
#4056=CARTESIAN_POINT('',(-28.3777411736622,-19.0179433367705,32.6918963047664));
#4057=CARTESIAN_POINT('',(-28.4497640502508,-18.9910071117212,33.2765392620731));
#4058=CARTESIAN_POINT('',(-28.4979533236392,-18.9730843872292,33.6674854051829));
#4059=CARTESIAN_POINT('',(-28.5263196674522,-18.9626011766608,33.8974609312864));
#4060=CARTESIAN_POINT('',(-29.1890821743162,-18.7188214722816,39.2681077853067));
#4061=CARTESIAN_POINT('',(-29.9007504481873,-18.4923141937102,44.9553282978915));
#4062=CARTESIAN_POINT('',(-30.678255826607,-18.279423457765,51.1218693434052));
#4063=CARTESIAN_POINT('',(-26.4904381897898,-19.8594448218618,17.));
#4064=CARTESIAN_POINT('',(-25.3574265428643,-13.7297132702964,17.));
#4065=CARTESIAN_POINT('',(-24.8163982546264,-14.7289391686467,17.));
#4066=CARTESIAN_POINT('',(-24.6325849067658,-15.8810872470997,17.));
#4067=CARTESIAN_POINT('',(-25.044602005441,-18.1102640294644,17.));
#4068=CARTESIAN_POINT('',(-25.6280544838732,-19.119712265401,17.));
#4069=CARTESIAN_POINT('',(-26.4904381897898,-19.8594448218618,17.));
#4070=CARTESIAN_POINT('',(-25.301594527607,-13.7357289228114,16.6236070046099));
#4071=CARTESIAN_POINT('',(-23.441716681576,-17.2623468955701,17.0147881618444));
#4072=CARTESIAN_POINT('',(-26.4466198882764,-19.8827927824954,16.6236070046099));
#4073=CARTESIAN_POINT('',(-25.7302342677304,-13.6892916182051,19.5112039326306));
#4074=CARTESIAN_POINT('',(-23.9624589067145,-17.0975670572338,19.8292376986675));
#4075=CARTESIAN_POINT('',(-26.7824366539182,-19.7030199224725,19.5112135002909));
#4076=CARTESIAN_POINT('',(-26.1520317042166,-13.6493751624268,22.400413833369));
#4077=CARTESIAN_POINT('',(-24.4712165001793,-16.9524335843035,22.7042654413391));
#4078=CARTESIAN_POINT('',(-27.1263513818448,-19.5381405622421,22.4004138333688));
#4079=CARTESIAN_POINT('',(-26.9857783910474,-13.5787230482967,28.1811759472256));
#4080=CARTESIAN_POINT('',(-25.4550411488833,-16.6945700208931,28.4441439112422));
#4081=CARTESIAN_POINT('',(-27.8240087191966,-19.2321409742824,28.1811759472258));
#4082=CARTESIAN_POINT('',(-27.3976997934234,-13.5480170424647,31.0727420651071));
#4083=CARTESIAN_POINT('',(-25.9335412570219,-16.5804649522507,31.325266996251));
#4084=CARTESIAN_POINT('',(-28.1778041542562,-19.09103413118,31.0727420651068));
#4085=CARTESIAN_POINT('',(-28.62224004719,-13.4661270702129,39.7500549267544));
#4086=CARTESIAN_POINT('',(-27.3219287982545,-16.2746395406859,39.884644607796));
#4087=CARTESIAN_POINT('',(-29.2484244029725,-18.6965242450079,39.7500549267549));
#4088=CARTESIAN_POINT('',(-29.423773601807,-13.4249806635155,45.5379937928025));
#4089=CARTESIAN_POINT('',(-28.2206182884304,-16.1094357072585,45.6840167980997));
#4090=CARTESIAN_POINT('',(-29.974109874642,-18.4715846420103,45.5380298294437));
#4091=CARTESIAN_POINT('',(-30.21606292991,-13.3918257624694,51.327831359358));
#4092=CARTESIAN_POINT('',(-29.1001759751686,-15.9681034461074,51.5208644085105));
#4093=CARTESIAN_POINT('',(-30.704226448717,-18.2723240252366,51.327831359358));
#4094=CARTESIAN_POINT('',(-26.612508484719,43.1369308611432,51.));
#4095=CARTESIAN_POINT('',(-26.612508484719,43.1369308611432,52.));
#4096=CARTESIAN_POINT('',(-27.0156356607667,44.0354489691003,51.173648177661));
#4097=CARTESIAN_POINT('',(-30.9999995610602,52.9160785217952,51.1736481776669));
#4098=CARTESIAN_POINT('',(-40.1927360602928,49.716963842065,51.1736481776669));
#4099=CARTESIAN_POINT('',(-41.122832295486,49.3932860645265,51.));
#4100=CARTESIAN_POINT('',(-41.122832295486,49.3932860645265,52.));
#4101=CARTESIAN_POINT('',(-30.9999995610602,52.9160785217952,52.));
#4102=CARTESIAN_POINT('',(-30.9999995610602,52.9160785217952,51.));
#4103=CARTESIAN_POINT('',(-55.2817067932365,47.,51.));
#4104=CARTESIAN_POINT('',(-55.2817067932365,47.,52.));
#4105=CARTESIAN_POINT('',(-56.2665145462487,47.,51.1736481776669));
#4106=CARTESIAN_POINT('',(-48.,47.,52.));
#4107=CARTESIAN_POINT('',(-48.,47.,51.1736481776669));
#4108=CARTESIAN_POINT('',(-48.,47.,51.));
#4109=CARTESIAN_POINT('',(-23.3874910763409,43.1369308611431,51.));
#4110=CARTESIAN_POINT('',(-23.3874910763409,43.1369308611431,52.));
#4111=CARTESIAN_POINT('',(-22.9843639002936,44.0354489690992,51.1736481776669));
#4112=CARTESIAN_POINT('',(-27.0156355592572,44.0354489981254,51.1736481832704));
#4113=CARTESIAN_POINT('',(-25.7321475105685,44.6071423632599,51.1951393203395));
#4114=CARTESIAN_POINT('',(-24.2696750662503,44.6079543739525,51.1951698454797));
#4115=CARTESIAN_POINT('',(-22.9843640018026,44.0354489981241,51.1736481832763));
#4116=CARTESIAN_POINT('',(-23.3874910763409,43.1369308611431,52.));
#4117=CARTESIAN_POINT('',(-23.642193536163,43.2512051116575,52.));
#4118=CARTESIAN_POINT('',(-23.9087047792772,43.3382364131616,52.));
#4119=CARTESIAN_POINT('',(-24.4512473167204,43.4539776472235,52.));
#4120=CARTESIAN_POINT('',(-24.7249874592569,43.4827187072218,52.));
#4121=CARTESIAN_POINT('',(-25.2773535938382,43.4825540446879,52.));
#4122=CARTESIAN_POINT('',(-25.5571301298911,43.4526526597122,52.));
#4123=CARTESIAN_POINT('',(-26.0957049573501,43.336822202273,52.));
#4124=CARTESIAN_POINT('',(-26.357816523409,43.2512004014181,52.));
#4125=CARTESIAN_POINT('',(-26.612508484719,43.1369308611432,52.));
#4126=CARTESIAN_POINT('',(-26.612508484719,43.1369308611432,52.));
#4127=CARTESIAN_POINT('',(-26.955990614814,43.9025079097459,52.));
#4128=CARTESIAN_POINT('',(-27.0156356607662,44.0354489690994,51.1736481776669));
#4129=CARTESIAN_POINT('',(-26.3578347222994,43.2511922333029,52.));
#4130=CARTESIAN_POINT('',(-26.6462119721986,44.0364492402276,52.0000000000039));
#4131=CARTESIAN_POINT('',(-26.6972928101898,44.1772458132621,51.1789786236806));
#4132=CARTESIAN_POINT('',(-26.0957049574596,43.3368222026958,52.));
#4133=CARTESIAN_POINT('',(-26.3275041147016,44.1370289021568,52.));
#4134=CARTESIAN_POINT('',(-26.3696312515818,44.283510738538,51.1829740933877));
#4135=CARTESIAN_POINT('',(-25.5571301297816,43.4526526592894,52.));
#4136=CARTESIAN_POINT('',(-25.6745755770943,44.2727080349298,52.));
#4137=CARTESIAN_POINT('',(-25.6964127172047,44.4272541451124,51.1883789365746));
#4138=CARTESIAN_POINT('',(-25.2773535939026,43.4825540439277,52.));
#4139=CARTESIAN_POINT('',(-25.3356326055759,44.3077585156068,51.999999999999));
#4140=CARTESIAN_POINT('',(-25.346692047246,44.4643611521762,51.1897743420488));
#4141=CARTESIAN_POINT('',(-24.7249874591925,43.482718707982,52.));
#4142=CARTESIAN_POINT('',(-24.6672015285716,44.3079512014379,52.000000000001));
#4143=CARTESIAN_POINT('',(-24.6562343788578,44.4645654951483,51.1897820257814));
#4144=CARTESIAN_POINT('',(-24.4512473166298,43.4539776482928,52.));
#4145=CARTESIAN_POINT('',(-24.3355687457188,44.2742591112067,52.));
#4146=CARTESIAN_POINT('',(-24.3140592009226,44.4288984286732,51.1884407656923));
#4147=CARTESIAN_POINT('',(-23.9087047793679,43.3382364120923,52.));
#4148=CARTESIAN_POINT('',(-23.6778489039621,44.1386866317331,52.));
#4149=CARTESIAN_POINT('',(-23.6358810288095,44.2852657483534,51.1830400799285));
#4150=CARTESIAN_POINT('',(-23.6410339464178,43.2506848512826,52.));
#4151=CARTESIAN_POINT('',(-23.3524141390799,44.0358553959174,52.));
#4152=CARTESIAN_POINT('',(-23.3012913721038,44.1766153732953,51.178954921048));
#4153=CARTESIAN_POINT('',(-23.3874910763409,43.1369308611431,52.));
#4154=CARTESIAN_POINT('',(-23.0440089462459,43.9025079097453,52.));
#4155=CARTESIAN_POINT('',(-22.9843639002936,44.0354489690991,51.1736481776675));
#4156=CARTESIAN_POINT('',(-43.2817067932365,33.8632850578452,51.));
#4157=CARTESIAN_POINT('',(-44.2665145462487,33.8632850578452,51.1736481776669));
#4158=CARTESIAN_POINT('',(-43.2817067932365,33.8632850578452,52.));
#4159=CARTESIAN_POINT('',(-48.6572324852545,39.7480141145344,52.));
#4160=CARTESIAN_POINT('',(-48.290747627846,39.7148003497192,52.));
#4161=CARTESIAN_POINT('',(-47.9328438544332,39.6489805630011,52.));
#4162=CARTESIAN_POINT('',(-47.4085155577961,39.5026499634719,52.));
#4163=CARTESIAN_POINT('',(-47.2358401957704,39.4458908103554,52.));
#4164=CARTESIAN_POINT('',(-46.8947895975482,39.3160330769538,52.));
#4165=CARTESIAN_POINT('',(-46.72554368253,39.2424752611079,52.));
#4166=CARTESIAN_POINT('',(-46.2324385755621,39.0001423360627,52.));
#4167=CARTESIAN_POINT('',(-45.9228941352219,38.8103192077211,52.));
#4168=CARTESIAN_POINT('',(-45.4868493699517,38.4839435628358,52.));
#4169=CARTESIAN_POINT('',(-45.3462419108319,38.3681690839132,52.));
#4170=CARTESIAN_POINT('',(-45.0747802838273,38.1222547525281,52.));
#4171=CARTESIAN_POINT('',(-44.9439906253309,37.9920046241557,52.));
#4172=CARTESIAN_POINT('',(-44.5746772422548,37.5879487174751,52.));
#4173=CARTESIAN_POINT('',(-44.3559919449203,37.2983653099546,52.));
#4174=CARTESIAN_POINT('',(-43.9730886154546,36.6791988176729,52.));
#4175=CARTESIAN_POINT('',(-43.8084075000593,36.3468452934563,52.));
#4176=CARTESIAN_POINT('',(-43.5472541671499,35.6675837041377,52.));
#4177=CARTESIAN_POINT('',(-43.4486772170042,35.3181437160536,52.));
#4178=CARTESIAN_POINT('',(-43.315543725398,34.5996389230319,52.));
#4179=CARTESIAN_POINT('',(-43.2817067932365,34.2313068322661,52.));
#4180=CARTESIAN_POINT('',(-43.2817067932365,33.8632850578452,52.));
#4181=CARTESIAN_POINT('',(-48.6572324852545,39.7480141145344,52.));
#4182=CARTESIAN_POINT('',(-48.657232485256,39.7480141145209,50.9999999999996));
#4183=CARTESIAN_POINT('',(-48.7461192895973,38.7672259384192,51.1736481776651));
#4184=CARTESIAN_POINT('',(-44.2665145462498,33.8632850578452,51.1736481776671));
#4185=CARTESIAN_POINT('',(-44.2647655124955,34.1904030953271,51.1835686775425));
#4186=CARTESIAN_POINT('',(-44.2951985165745,34.5098307974595,51.191855140193));
#4187=CARTESIAN_POINT('',(-44.4078096319155,35.1125941848216,51.206383506342));
#4188=CARTESIAN_POINT('',(-44.4781835821089,35.3652111982286,51.2120653614479));
#4189=CARTESIAN_POINT('',(-44.8077134150491,36.2332294771323,51.2275038399897));
#4190=CARTESIAN_POINT('',(-45.138149691233,36.7628819202601,51.2326719366623));
#4191=CARTESIAN_POINT('',(-45.739057350568,37.4203440524332,51.2327505237519));
#4192=CARTESIAN_POINT('',(-45.9635296418642,37.6247513219976,51.2313044695435));
#4193=CARTESIAN_POINT('',(-46.4523038609482,37.990585353242,51.2262005852798));
#4194=CARTESIAN_POINT('',(-46.7450420875199,38.1657821044015,51.2220201770161));
#4195=CARTESIAN_POINT('',(-47.4919870434092,38.5289478769999,51.2082202886205));
#4196=CARTESIAN_POINT('',(-48.0968139478843,38.7119177381881,51.1936287845282));
#4197=CARTESIAN_POINT('',(-48.7461165769443,38.7672257117829,51.1736477358653));
#4198=CARTESIAN_POINT('',(-48.746119289597,38.7672259384195,51.1736481776669));
#4199=CARTESIAN_POINT('',(-48.7329679620643,38.912339340119,52.));
#4200=CARTESIAN_POINT('',(-48.6572324852545,39.7480141145344,52.));
#4201=CARTESIAN_POINT('',(-48.4390643539082,38.7410711223375,51.1830971546232));
#4202=CARTESIAN_POINT('',(-48.4177796994329,38.8919502688628,52.));
#4203=CARTESIAN_POINT('',(-48.2907647099337,39.7148018964209,52.));
#4204=CARTESIAN_POINT('',(-48.1393203025431,38.6875694801703,51.1914661809022));
#4205=CARTESIAN_POINT('',(-48.1073516391603,38.842424330356,52.));
#4206=CARTESIAN_POINT('',(-47.9328438543865,39.6489805631911,52.));
#4207=CARTESIAN_POINT('',(-47.7004457454049,38.5673975245462,51.2024361976474));
#4208=CARTESIAN_POINT('',(-47.6515990395877,38.724940958099,52.));
#4209=CARTESIAN_POINT('',(-47.4085155578257,39.5026499633667,52.));
#4210=CARTESIAN_POINT('',(-47.5559516342535,38.5206457145118,51.2058274890006));
#4211=CARTESIAN_POINT('',(-47.5015597294049,38.678678017101,52.));
#4212=CARTESIAN_POINT('',(-47.2358401956872,39.4458908106813,52.));
#4213=CARTESIAN_POINT('',(-47.2706426916713,38.4134384749365,51.2120665266036));
#4214=CARTESIAN_POINT('',(-47.2051307894437,38.5714571422535,52.));
#4215=CARTESIAN_POINT('',(-46.8947895976354,39.3160330766295,52.));
#4216=CARTESIAN_POINT('',(-47.1291000687342,38.3526023896632,51.2149268970514));
#4217=CARTESIAN_POINT('',(-47.0579025999339,38.5101232422634,52.));
#4218=CARTESIAN_POINT('',(-46.7255436827138,39.2424752608414,52.));
#4219=CARTESIAN_POINT('',(-46.7168374225759,38.1518878799531,51.2225361896947));
#4220=CARTESIAN_POINT('',(-46.629435182359,38.3066834724045,52.));
#4221=CARTESIAN_POINT('',(-46.2324385751998,39.0001423365984,52.));
#4222=CARTESIAN_POINT('',(-46.45821338193,37.9943166914821,51.2263378791973));
#4223=CARTESIAN_POINT('',(-46.359754990148,38.1451804037964,52.));
#4224=CARTESIAN_POINT('',(-45.9228941350558,38.8103192079674,52.));
#4225=CARTESIAN_POINT('',(-46.094166805492,37.7229569622095,51.2301713180372));
#4226=CARTESIAN_POINT('',(-45.9806200299345,37.8654060509325,52.));
#4227=CARTESIAN_POINT('',(-45.4868493700367,38.4839435627142,52.));
#4228=CARTESIAN_POINT('',(-45.9768238677397,37.6266342330794,51.2311357489622));
#4229=CARTESIAN_POINT('',(-45.8584773335466,37.7658879121876,51.9999999999994));
#4230=CARTESIAN_POINT('',(-45.3462419106116,38.3681690842412,52.));
#4231=CARTESIAN_POINT('',(-45.7503792232035,37.4219135269675,51.2324209859738));
#4232=CARTESIAN_POINT('',(-45.6230088122639,37.5540266496299,52.0000000000006));
#4233=CARTESIAN_POINT('',(-45.0747802840498,38.122254752202,52.));
#4234=CARTESIAN_POINT('',(-45.6413320930113,37.3134229023684,51.2327371495258));
#4235=CARTESIAN_POINT('',(-45.5096753364243,37.4415363290579,52.));
#4236=CARTESIAN_POINT('',(-44.9439906255656,37.9920046239851,52.));
#4237=CARTESIAN_POINT('',(-45.3335778255541,36.9767033298422,51.2326981018498));
#4238=CARTESIAN_POINT('',(-45.1903161759042,37.0920857270259,52.));
#4239=CARTESIAN_POINT('',(-44.574677241788,37.5879487178193,52.));
#4240=CARTESIAN_POINT('',(-45.1515721678315,36.7351708595431,51.231381853992));
#4241=CARTESIAN_POINT('',(-45.0018489108141,36.840629271836,51.9999999999987));
#4242=CARTESIAN_POINT('',(-44.3559919446206,37.2983653101744,52.));
#4243=CARTESIAN_POINT('',(-44.8333980738182,36.2183622843497,51.2262095661622));
#4244=CARTESIAN_POINT('',(-44.6744583106773,36.3030076547521,52.0000000000013));
#4245=CARTESIAN_POINT('',(-43.9730886157553,36.6791988174548,52.));
#4246=CARTESIAN_POINT('',(-44.6968539356981,35.9407681336641,51.2222956745751));
#4247=CARTESIAN_POINT('',(-44.5349599757984,36.0138264722743,51.9999999999988));
#4248=CARTESIAN_POINT('',(-43.8084075005033,36.3468452933208,52.));
#4249=CARTESIAN_POINT('',(-44.4810042731271,35.3730873182718,51.2122114839926));
#4250=CARTESIAN_POINT('',(-44.3172243969837,35.4238443784547,52.0000000000013));
#4251=CARTESIAN_POINT('',(-43.5472541667062,35.6675837042744,52.));
#4252=CARTESIAN_POINT('',(-44.3999459018503,35.080889706885,51.2060349637866));
#4253=CARTESIAN_POINT('',(-44.2371862007121,35.1201851521805,52.));
#4254=CARTESIAN_POINT('',(-43.4486772165594,35.3181437161912,52.));
#4255=CARTESIAN_POINT('',(-44.2915770930439,34.4797784715596,51.1914270601365));
#4256=CARTESIAN_POINT('',(-44.1345071871205,34.4977909199787,52.));
#4257=CARTESIAN_POINT('',(-43.3155437258429,34.5996389228949,52.));
#4258=CARTESIAN_POINT('',(-44.2648723910549,34.17037669586,51.1829613025623));
#4259=CARTESIAN_POINT('',(-44.1127807757684,34.1779445855239,52.));
#4260=CARTESIAN_POINT('',(-43.2817067924935,34.2299923963467,52.));
#4261=CARTESIAN_POINT('',(-44.2665145462487,33.8632850578452,51.1736481776669));
#4262=CARTESIAN_POINT('',(-44.1208064244138,33.8632850578452,52.));
#4263=CARTESIAN_POINT('',(-43.2817067932365,33.8632850578452,52.));
#4264=CARTESIAN_POINT('',(-8.28170679323648,52.9160785217953,51.));
#4265=CARTESIAN_POINT('',(-8.28170679323648,52.9160785217953,52.));
#4266=CARTESIAN_POINT('',(-9.26651465267472,52.9160785217953,51.1736481964327));
#4267=CARTESIAN_POINT('',(-19.,52.9160785217952,51.1736481776669));
#4268=CARTESIAN_POINT('',(-19.,52.9160785217952,52.));
#4269=CARTESIAN_POINT('',(-19.,52.9160785217952,51.));
#4270=CARTESIAN_POINT('',(-43.2817067932365,17.,51.));
#4271=CARTESIAN_POINT('',(-44.2665145462487,17.,51.1736481776669));
#4272=CARTESIAN_POINT('',(-43.2817067932365,17.,52.));
#4273=CARTESIAN_POINT('',(-43.2817067932365,52.9160785217953,52.));
#4274=CARTESIAN_POINT('',(-44.2665145462487,35.,51.1736481776669));
#4275=CARTESIAN_POINT('',(-43.2817067932365,52.9160785217953,51.));
#4276=CARTESIAN_POINT('',(-8.28170679323648,54.2585543029829,51.));
#4277=CARTESIAN_POINT('',(-8.28170679323648,54.2585543029829,52.));
#4278=CARTESIAN_POINT('',(-9.26651454624869,54.2585543029829,51.1736481776669));
#4279=CARTESIAN_POINT('',(-9.26651454624869,62.9160785217953,51.1736481776669));
#4280=CARTESIAN_POINT('',(-8.28170679323648,52.9160785217953,52.));
#4281=CARTESIAN_POINT('',(-8.28170679323648,52.9160785217953,51.));
#4282=CARTESIAN_POINT('',(-47.3510906110327,1.98965695662783,51.));
#4283=CARTESIAN_POINT('',(-48.2010467187682,2.4870711957848,51.1736481776669));
#4284=CARTESIAN_POINT('',(-47.3510906110327,1.98965695662783,52.));
#4285=CARTESIAN_POINT('',(-73.,17.,52.));
#4286=CARTESIAN_POINT('',(-73.,17.,51.1736481776669));
#4287=CARTESIAN_POINT('',(-73.,17.,51.));
#4288=CARTESIAN_POINT('',(-7.13504052826598,57.0511190500613,51.));
#4289=CARTESIAN_POINT('',(-7.13504052826598,57.0511190500613,52.));
#4290=CARTESIAN_POINT('',(-7.82113741706942,57.7372159388647,51.2419547857524));
#4291=CARTESIAN_POINT('',(-4.34247578118764,58.1977853150318,52.));
#4292=CARTESIAN_POINT('',(-5.4115697307599,58.1977853150318,52.));
#4293=CARTESIAN_POINT('',(-6.39022304445093,57.7959365338763,52.));
#4294=CARTESIAN_POINT('',(-7.13504052826598,57.0511190500613,52.));
#4295=CARTESIAN_POINT('',(-4.34247578118764,58.1977853150318,52.));
#4296=CARTESIAN_POINT('',(-4.34247578118764,58.1977853150318,51.));
#4297=CARTESIAN_POINT('',(-4.34247578118764,59.182593068044,51.1736481776669));
#4298=CARTESIAN_POINT('',(-7.82113741706942,57.7372159388647,51.2419547857523));
#4299=CARTESIAN_POINT('',(-6.9247218141634,58.6336315417707,51.2419547857523));
#4300=CARTESIAN_POINT('',(-5.69230974057942,59.1746443204516,51.2187277653763));
#4301=CARTESIAN_POINT('',(-4.34247578118764,59.182593068044,51.1736481776669));
#4302=CARTESIAN_POINT('',(-7.12973704138222,57.0458155631775,52.));
#4303=CARTESIAN_POINT('',(-7.27573060925255,57.1918091310478,52.));
#4304=CARTESIAN_POINT('',(-7.43892297778138,57.3550014995766,51.9320114919983));
#4305=CARTESIAN_POINT('',(-7.69713362763361,57.6132121494289,51.649181948879));
#4306=CARTESIAN_POINT('',(-7.78581357463413,57.7018920964294,51.4422862511546));
#4307=CARTESIAN_POINT('',(-7.82113741706942,57.7372159388647,51.2419547857524));
#4308=CARTESIAN_POINT('',(-6.40475530785188,57.7707971286785,51.9999999999999));
#4309=CARTESIAN_POINT('',(-6.51212112923035,57.9554230683903,52.0000000000027));
#4310=CARTESIAN_POINT('',(-6.63212725441071,58.1618006856648,51.9320119599618));
#4311=CARTESIAN_POINT('',(-6.82199304714155,58.488352602657,51.649184404688));
#4312=CARTESIAN_POINT('',(-6.88719288094776,58.6005116709838,51.4422894246007));
#4313=CARTESIAN_POINT('',(-6.9131562195715,58.6451971363612,51.2419547857563));
#4314=CARTESIAN_POINT('',(-5.38312757004415,58.1901593513078,52.));
#4315=CARTESIAN_POINT('',(-5.43851587148303,58.4000857030525,52.));
#4316=CARTESIAN_POINT('',(-5.50119400012343,58.6357026547564,51.9294963386741));
#4317=CARTESIAN_POINT('',(-5.59764634439483,59.0050880311405,51.6361804896716));
#4318=CARTESIAN_POINT('',(-5.62854911884997,59.1291818262799,51.4220119194592));
#4319=CARTESIAN_POINT('',(-5.63816356131414,59.1749631702697,51.2169194781998));
#4320=CARTESIAN_POINT('',(-4.34247578118764,58.1899544193898,52.));
#4321=CARTESIAN_POINT('',(-4.34247578118764,58.4055221052256,52.));
#4322=CARTESIAN_POINT('',(-4.34247578118764,58.6494663267085,51.9249760161204));
#4323=CARTESIAN_POINT('',(-4.34247578118764,59.0248734149507,51.6127982063287));
#4324=CARTESIAN_POINT('',(-4.34247578118764,59.1451601322347,51.385940905977));
#4325=CARTESIAN_POINT('',(-4.34247578118764,59.182593068044,51.1736481776669));
#4326=CARTESIAN_POINT('',(-47.3510906110327,-1.98965695662786,51.));
#4327=CARTESIAN_POINT('',(-48.2010467187682,-2.48707119578482,51.1736481776669));
#4328=CARTESIAN_POINT('',(-47.3510906110327,-1.98965695662786,52.));
#4329=CARTESIAN_POINT('',(-47.3510906110327,1.98965695662783,52.));
#4330=CARTESIAN_POINT('',(-47.5283018039968,1.68684749931462,52.));
#4331=CARTESIAN_POINT('',(-47.6633004262649,1.36450877049121,52.));
#4332=CARTESIAN_POINT('',(-47.8451611177138,0.696094794855243,52.));
#4333=CARTESIAN_POINT('',(-47.8921071839902,0.344585493595559,52.));
#4334=CARTESIAN_POINT('',(-47.8919263567303,-0.174341200834544,52.));
#4335=CARTESIAN_POINT('',(-47.8804627631906,-0.347049054762372,52.));
#4336=CARTESIAN_POINT('',(-47.8343579010757,-0.691920630116633,52.));
#4337=CARTESIAN_POINT('',(-47.7993585196969,-0.864807672307086,52.));
#4338=CARTESIAN_POINT('',(-47.6622332730908,-1.36768550579894,52.));
#4339=CARTESIAN_POINT('',(-47.5282975315526,-1.6868547998497,52.));
#4340=CARTESIAN_POINT('',(-47.3510906110327,-1.98965695662786,52.));
#4341=CARTESIAN_POINT('',(-48.2010466699844,-2.48707116723543,51.1736481677003));
#4342=CARTESIAN_POINT('',(-49.0948854374926,-0.947371677609059,51.2090333786801));
#4343=CARTESIAN_POINT('',(-49.0960442290687,0.945375578465851,51.2090792528197));
#4344=CARTESIAN_POINT('',(-48.2010466699844,2.48707116723541,51.1736481677003));
#4345=CARTESIAN_POINT('',(-47.3510906110327,-1.98965695662786,52.));
#4346=CARTESIAN_POINT('',(-48.0752906940806,-2.41347582212959,52.));
#4347=CARTESIAN_POINT('',(-48.2010467187682,-2.48707119578482,51.1736481776669));
#4348=CARTESIAN_POINT('',(-47.5282728732213,-1.68689692810784,52.));
#4349=CARTESIAN_POINT('',(-48.2825671073768,-2.04444898861292,52.));
#4350=CARTESIAN_POINT('',(-48.4207487652981,-2.10861920258432,51.1823457289194));
#4351=CARTESIAN_POINT('',(-47.6622332742077,-1.36768550622097,52.));
#4352=CARTESIAN_POINT('',(-48.4397864089461,-1.65577198510245,51.9999999999988));
#4353=CARTESIAN_POINT('',(-48.5868542119343,-1.70960688239994,51.1889229671221));
#4354=CARTESIAN_POINT('',(-47.7993585191385,-0.864807672096071,52.));
#4355=CARTESIAN_POINT('',(-48.6001605913586,-1.04575468429631,52.0000000000006));
#4356=CARTESIAN_POINT('',(-48.7568850057945,-1.08100959030822,51.1956559685567));
#4357=CARTESIAN_POINT('',(-47.8343579004821,-0.691920630102704,52.));
#4358=CARTESIAN_POINT('',(-48.6410514065845,-0.836451244401553,51.9999999999994));
#4359=CARTESIAN_POINT('',(-48.8002830563949,-0.864900787722132,51.1973745751066));
#4360=CARTESIAN_POINT('',(-47.8804627637843,-0.347049054776299,52.));
#4361=CARTESIAN_POINT('',(-48.6948563122359,-0.419437109788762,52.0000000000006));
#4362=CARTESIAN_POINT('',(-48.8574515194042,-0.433811318376611,51.1996385317193));
#4363=CARTESIAN_POINT('',(-47.8919263568606,-0.174341200837592,52.));
#4364=CARTESIAN_POINT('',(-48.7082389936574,-0.210656356545923,52.));
#4365=CARTESIAN_POINT('',(-48.8716659798598,-0.217926501047083,51.2002014655794));
#4366=CARTESIAN_POINT('',(-47.8921071837295,0.344585493601654,52.));
#4367=CARTESIAN_POINT('',(-48.7084499348088,0.416360881566498,52.));
#4368=CARTESIAN_POINT('',(-48.8718901994398,0.430731867002264,51.2002103452969));
#4369=CARTESIAN_POINT('',(-47.8451611170884,0.696094794652382,52.));
#4370=CARTESIAN_POINT('',(-48.6535294068313,0.841860433183233,52.));
#4371=CARTESIAN_POINT('',(-48.8136787197088,0.870118493522734,51.1979049284688));
#4372=CARTESIAN_POINT('',(-47.6633004268903,1.36450877069408,52.));
#4373=CARTESIAN_POINT('',(-48.4410361919956,1.65191042703208,52.));
#4374=CARTESIAN_POINT('',(-48.588177447304,1.70563596316035,51.1889753638963));
#4375=CARTESIAN_POINT('',(-47.5291455690353,1.68540571633958,52.));
#4376=CARTESIAN_POINT('',(-48.283582971131,2.04264039217132,52.));
#4377=CARTESIAN_POINT('',(-48.4218306059485,2.10675565732296,51.1823885562038));
#4378=CARTESIAN_POINT('',(-47.3510906110327,1.98965695662784,52.));
#4379=CARTESIAN_POINT('',(-48.0752906940806,2.41347582212956,52.));
#4380=CARTESIAN_POINT('',(-48.2010467187682,2.4870711957848,51.1736481776669));
#4381=CARTESIAN_POINT('',(4.34247578118765,58.1977853150318,51.));
#4382=CARTESIAN_POINT('',(4.34247578118765,58.1977853150318,52.));
#4383=CARTESIAN_POINT('',(4.34247578118765,59.182593068044,51.1736481776669));
#4384=CARTESIAN_POINT('',(13.,59.182593068044,51.1736481776669));
#4385=CARTESIAN_POINT('',(-19.,58.1977853150318,52.));
#4386=CARTESIAN_POINT('',(-19.,58.1977853150318,51.));
#4387=CARTESIAN_POINT('',(-43.2817067932365,-17.,51.));
#4388=CARTESIAN_POINT('',(-44.2665145462487,-17.,51.1736481776669));
#4389=CARTESIAN_POINT('',(-43.2817067932365,-17.,52.));
#4390=CARTESIAN_POINT('',(-73.,-17.,52.));
#4391=CARTESIAN_POINT('',(-73.,-17.,51.1736481776669));
#4392=CARTESIAN_POINT('',(-73.,-17.,51.));
#4393=CARTESIAN_POINT('',(7.13504052826599,57.0511190500613,51.));
#4394=CARTESIAN_POINT('',(7.13504052826598,57.0511190500613,52.));
#4395=CARTESIAN_POINT('',(7.82113741706943,57.7372159388647,51.2419547857524));
#4396=CARTESIAN_POINT('',(8.28170679323648,54.2585543029829,52.));
#4397=CARTESIAN_POINT('',(8.28170679323648,55.3276482525552,52.));
#4398=CARTESIAN_POINT('',(7.87985801208104,56.3063015662462,52.));
#4399=CARTESIAN_POINT('',(7.13504052826598,57.0511190500613,52.));
#4400=CARTESIAN_POINT('',(8.28170679323648,54.2585543029829,52.));
#4401=CARTESIAN_POINT('',(8.28170679323648,54.2585543029829,51.));
#4402=CARTESIAN_POINT('',(9.26651454624869,54.2585543029829,51.1736481776669));
#4403=CARTESIAN_POINT('',(7.82113741706942,57.7372159388647,51.2419547857524));
#4404=CARTESIAN_POINT('',(8.71755301954035,56.8408003363938,51.2419547857524));
#4405=CARTESIAN_POINT('',(9.25856579865226,55.608388263063,51.2187277653993));
#4406=CARTESIAN_POINT('',(9.26651454624869,54.2585543029829,51.1736481776669));
#4407=CARTESIAN_POINT('',(7.1297370413818,57.0458155631771,52.));
#4408=CARTESIAN_POINT('',(7.2757306092522,57.1918091310475,52.));
#4409=CARTESIAN_POINT('',(7.4389229777811,57.3550014995764,51.9320114919985));
#4410=CARTESIAN_POINT('',(7.69713362763352,57.6132121494288,51.6491819488793));
#4411=CARTESIAN_POINT('',(7.78581357463412,57.7018920964294,51.4422862511548));
#4412=CARTESIAN_POINT('',(7.82113741706943,57.7372159388647,51.2419547857524));
#4413=CARTESIAN_POINT('',(7.85471860688029,56.3208338296444,52.));
#4414=CARTESIAN_POINT('',(8.03934454659233,56.4281996510229,52.));
#4415=CARTESIAN_POINT('',(8.24572216386723,56.5482057762036,51.9320119599567));
#4416=CARTESIAN_POINT('',(8.57227408086095,56.7380715689362,51.6491844046801));
#4417=CARTESIAN_POINT('',(8.68443314918854,56.8032714027437,51.4422894245927));
#4418=CARTESIAN_POINT('',(8.72911861456672,56.8292347413686,51.2419547857491));
#4419=CARTESIAN_POINT('',(8.2740808295048,55.2992060918399,52.));
#4420=CARTESIAN_POINT('',(8.48400718124707,55.3545943932787,52.));
#4421=CARTESIAN_POINT('',(8.71962413294987,55.4172725219189,51.9294963386744));
#4422=CARTESIAN_POINT('',(9.08900950933687,55.5137248661898,51.6361804896728));
#4423=CARTESIAN_POINT('',(9.21310330448004,55.5446276406447,51.4220119194609));
#4424=CARTESIAN_POINT('',(9.25888464847403,55.5542420831087,51.2169194782019));
#4425=CARTESIAN_POINT('',(8.27387589759387,54.2585543029829,52.));
#4426=CARTESIAN_POINT('',(8.48944358342982,54.2585543029829,52.));
#4427=CARTESIAN_POINT('',(8.73338780491277,54.2585543029829,51.9249760161206));
#4428=CARTESIAN_POINT('',(9.10879489315526,54.2585543029829,51.6127982063289));
#4429=CARTESIAN_POINT('',(9.2290816104394,54.2585543029829,51.3859409059771));
#4430=CARTESIAN_POINT('',(9.26651454624869,54.2585543029829,51.1736481776669));
#4431=CARTESIAN_POINT('',(-43.2817067932364,-33.8632850578482,51.0000000000001));
#4432=CARTESIAN_POINT('',(-44.2665145462486,-33.8632850578453,51.1736481776676));
#4433=CARTESIAN_POINT('',(-43.2817067932365,-33.8632850578452,52.));
#4434=CARTESIAN_POINT('',(-43.2817067932365,52.9160785217952,52.));
#4435=CARTESIAN_POINT('',(-44.2665145462487,-35.,51.1736481776669));
#4436=CARTESIAN_POINT('',(-43.2817067932365,52.9160785217952,51.));
#4437=CARTESIAN_POINT('',(8.28170690297143,52.9160785217953,51.));
#4438=CARTESIAN_POINT('',(8.28170690297143,52.9160785217953,52.));
#4439=CARTESIAN_POINT('',(9.26651454955761,52.9160785217953,51.1736481589011));
#4440=CARTESIAN_POINT('',(9.26651454624869,62.9160785217953,51.1736481776669));
#4441=CARTESIAN_POINT('',(8.28170679323648,52.9160785217952,52.));
#4442=CARTESIAN_POINT('',(8.28170679323648,52.9160785217952,51.));
#4443=CARTESIAN_POINT('',(-48.6572324852545,-39.7480141145344,51.));
#4444=CARTESIAN_POINT('',(-48.746119289597,-38.7672259384195,51.1736481776669));
#4445=CARTESIAN_POINT('',(-48.6572324852545,-39.7480141145344,52.));
#4446=CARTESIAN_POINT('',(-43.2817067932365,-33.8632850578452,52.));
#4447=CARTESIAN_POINT('',(-43.2817067932365,-34.2312730901444,52.));
#4448=CARTESIAN_POINT('',(-43.3149632827757,-34.5936557364374,52.));
#4449=CARTESIAN_POINT('',(-43.4133843961614,-35.1290488923322,52.));
#4450=CARTESIAN_POINT('',(-43.454330690806,-35.3061414047396,52.));
#4451=CARTESIAN_POINT('',(-43.5528825415318,-35.6575185086877,52.));
#4452=CARTESIAN_POINT('',(-43.6108667893301,-35.8327115026568,52.));
#4453=CARTESIAN_POINT('',(-43.8077086791055,-36.3456757368224,52.));
#4454=CARTESIAN_POINT('',(-43.9688170593433,-36.6710916083613,52.));
#4455=CARTESIAN_POINT('',(-44.2544969483527,-37.1348202264343,52.));
#4456=CARTESIAN_POINT('',(-44.3571047080738,-37.2853056775039,52.));
#4457=CARTESIAN_POINT('',(-44.5775061541442,-37.5778602661294,52.));
#4458=CARTESIAN_POINT('',(-44.6954160827906,-37.7198758485901,52.));
#4459=CARTESIAN_POINT('',(-45.0644780332237,-38.1241616705614,52.));
#4460=CARTESIAN_POINT('',(-45.3331336798848,-38.3680981130586,52.));
#4461=CARTESIAN_POINT('',(-45.915201452001,-38.8053304160104,52.));
#4462=CARTESIAN_POINT('',(-46.2313350468496,-38.999339902274,52.));
#4463=CARTESIAN_POINT('',(-46.8842584981917,-39.320731940059,52.));
#4464=CARTESIAN_POINT('',(-47.2233777709961,-39.4504385040013,52.));
#4465=CARTESIAN_POINT('',(-47.9269357338396,-39.6478621380692,52.));
#4466=CARTESIAN_POINT('',(-48.290712860344,-39.7147971988124,52.));
#4467=CARTESIAN_POINT('',(-48.6572324852545,-39.7480141145344,52.));
#4468=CARTESIAN_POINT('',(-48.7461165739003,-38.7672257115366,51.1736477353701));
#4469=CARTESIAN_POINT('',(-48.4209110509025,-38.739524516616,51.1836553144651));
#4470=CARTESIAN_POINT('',(-48.1058039966725,-38.6805660960227,51.191997584062));
#4471=CARTESIAN_POINT('',(-47.515557509655,-38.5141471489708,51.2066135673216));
#4472=CARTESIAN_POINT('',(-47.2684890017818,-38.4205041403109,51.2123548081582));
#4473=CARTESIAN_POINT('',(-46.4365328597601,-38.0153383104265,51.22770909736));
#4474=CARTESIAN_POINT('',(-45.9356747328118,-37.636017174266,51.2327898608776));
#4475=CARTESIAN_POINT('',(-45.3372234862574,-36.980413892273,51.232691108063));
#4476=CARTESIAN_POINT('',(-45.1541299557873,-36.7388972511916,51.2311954529517));
#4477=CARTESIAN_POINT('',(-44.8337701653107,-36.2191923805092,51.2260044929331));
#4478=CARTESIAN_POINT('',(-44.6847832106652,-35.9099194864497,51.221758481004));
#4479=CARTESIAN_POINT('',(-44.3911382793032,-35.1349117529012,51.2079592002114));
#4480=CARTESIAN_POINT('',(-44.2630224585436,-34.5164028320131,51.193455262823));
#4481=CARTESIAN_POINT('',(-44.2665145462497,-33.8632850578453,51.1736481776678));
#4482=CARTESIAN_POINT('',(-44.2665145462487,-33.8632850578452,51.1736481776669));
#4483=CARTESIAN_POINT('',(-44.1208064244138,-33.8632850578452,52.));
#4484=CARTESIAN_POINT('',(-43.2817067932365,-33.8632850578452,52.));
#4485=CARTESIAN_POINT('',(-44.2648667495095,-34.1714316567158,51.1829932973562));
#4486=CARTESIAN_POINT('',(-44.1127531501017,-34.1790277267318,52.));
#4487=CARTESIAN_POINT('',(-43.2817067946536,-34.2312559027629,52.));
#4488=CARTESIAN_POINT('',(-44.2911173948749,-34.474770530051,51.1912909266342));
#4489=CARTESIAN_POINT('',(-44.1341261852915,-34.4926283333009,51.9999999999987));
#4490=CARTESIAN_POINT('',(-43.3149632825794,-34.5936557364709,52.));
#4491=CARTESIAN_POINT('',(-44.3712118704135,-34.9226914341035,51.202197476178));
#4492=CARTESIAN_POINT('',(-44.210053902903,-34.9570923722995,52.0000000000006));
#4493=CARTESIAN_POINT('',(-43.4133843962616,-35.1290488923151,52.));
#4494=CARTESIAN_POINT('',(-44.4047382577086,-35.070813757198,51.2055748657005));
#4495=CARTESIAN_POINT('',(-44.2425990851656,-35.110685340863,51.9999999999994));
#4496=CARTESIAN_POINT('',(-43.4543306904746,-35.3061414047958,52.));
#4497=CARTESIAN_POINT('',(-44.485767227001,-35.3646332054047,51.2117995114928));
#4498=CARTESIAN_POINT('',(-44.3226414938882,-35.4155682668821,52.0000000000006));
#4499=CARTESIAN_POINT('',(-43.5528825418633,-35.6575185086316,52.));
#4500=CARTESIAN_POINT('',(-44.5335831503787,-35.5110893810824,51.2146594430666));
#4501=CARTESIAN_POINT('',(-44.3704370315987,-35.5677254522624,52.));
#4502=CARTESIAN_POINT('',(-43.610866789613,-35.8327115024999,52.));
#4503=CARTESIAN_POINT('',(-44.6962734319506,-35.9397918073531,51.222285199511));
#4504=CARTESIAN_POINT('',(-44.5343599606474,-36.0128000385946,52.));
#4505=CARTESIAN_POINT('',(-43.8077086785398,-36.3456757371363,52.));
#4506=CARTESIAN_POINT('',(-44.8298540288526,-36.2115919842001,51.2261211785302));
#4507=CARTESIAN_POINT('',(-44.6708303464562,-36.2959618120168,52.0000000000013));
#4508=CARTESIAN_POINT('',(-43.9688170590819,-36.6710916085058,52.));
#4509=CARTESIAN_POINT('',(-45.0672321538367,-36.5986639408627,51.2300255679713));
#4510=CARTESIAN_POINT('',(-44.9151858315016,-36.6988372846641,51.9999999999994));
#4511=CARTESIAN_POINT('',(-44.2544969484834,-37.1348202263621,52.));
#4512=CARTESIAN_POINT('',(-45.1525638219574,-36.7242288361666,51.2310168982859));
#4513=CARTESIAN_POINT('',(-45.0032509762909,-36.8294772783315,52.));
#4514=CARTESIAN_POINT('',(-44.3571047077287,-37.2853056776953,52.));
#4515=CARTESIAN_POINT('',(-45.3359949253245,-36.9682415371278,51.2323596786946));
#4516=CARTESIAN_POINT('',(-45.192948730256,-37.0831391355775,52.));
#4517=CARTESIAN_POINT('',(-44.5775061544893,-37.577860265938,52.));
#4518=CARTESIAN_POINT('',(-45.434192045278,-37.086643964318,51.2327064995396));
#4519=CARTESIAN_POINT('',(-45.2947272348575,-37.206182434726,52.));
#4520=CARTESIAN_POINT('',(-44.6954160829822,-37.7198758483725,52.));
#4521=CARTESIAN_POINT('',(-45.7417345023562,-37.4235572276584,51.232758495755));
#4522=CARTESIAN_POINT('',(-45.6138570313177,-37.5558348265118,52.));
#4523=CARTESIAN_POINT('',(-45.0644780328407,-38.1241616709965,52.));
#4524=CARTESIAN_POINT('',(-45.9658357097939,-37.6266343460773,51.2315022958343));
#4525=CARTESIAN_POINT('',(-45.8472375834414,-37.7662751737467,52.));
#4526=CARTESIAN_POINT('',(-45.3331336796381,-38.3680981133379,52.));
#4527=CARTESIAN_POINT('',(-46.4517873890648,-37.9901735094885,51.226425350323));
#4528=CARTESIAN_POINT('',(-46.3530620862493,-38.1409280024735,52.));
#4529=CARTESIAN_POINT('',(-45.9152014522478,-38.805330415731,52.));
#4530=CARTESIAN_POINT('',(-46.7159159986117,-38.1512208532004,51.2225464928897));
#4531=CARTESIAN_POINT('',(-46.6284655917287,-38.3059923483325,52.));
#4532=CARTESIAN_POINT('',(-46.2313350470248,-38.9993399018467,52.));
#4533=CARTESIAN_POINT('',(-47.261793099447,-38.4174215940201,51.2124843648451));
#4534=CARTESIAN_POINT('',(-47.1963955145018,-38.5761101149672,52.));
#4535=CARTESIAN_POINT('',(-46.8842584980164,-39.3207319404863,52.));
#4536=CARTESIAN_POINT('',(-47.545483734228,-38.5245107793532,51.2062956305133));
#4537=CARTESIAN_POINT('',(-47.4916139751907,-38.6832198416738,52.));
#4538=CARTESIAN_POINT('',(-47.2233777708217,-39.450438504431,52.));
#4539=CARTESIAN_POINT('',(-48.1343726561624,-38.6866596031716,51.1916034972385));
#4540=CARTESIAN_POINT('',(-48.1022425782951,-38.8415795825076,52.));
#4541=CARTESIAN_POINT('',(-47.926935734014,-39.6478621376395,52.));
#4542=CARTESIAN_POINT('',(-48.4401140873615,-38.7411605380057,51.1830648500978));
#4543=CARTESIAN_POINT('',(-48.4188594486017,-38.8920201169798,52.));
#4544=CARTESIAN_POINT('',(-48.2920213829685,-39.714915788263,52.));
#4545=CARTESIAN_POINT('',(-48.746119289597,-38.7672259384195,51.1736481776669));
#4546=CARTESIAN_POINT('',(-48.7329679620643,-38.912339340119,52.));
#4547=CARTESIAN_POINT('',(-48.6572324852545,-39.7480141145344,52.));
#4548=CARTESIAN_POINT('',(23.3874910763412,43.1369308611432,51.));
#4549=CARTESIAN_POINT('',(23.3874910763412,43.1369308611432,52.));
#4550=CARTESIAN_POINT('',(22.9843639002934,44.0354489691003,51.173648177661));
#4551=CARTESIAN_POINT('',(19.,52.9160785217953,51.1736481776669));
#4552=CARTESIAN_POINT('',(19.,52.9160785217953,52.));
#4553=CARTESIAN_POINT('',(19.,52.9160785217953,51.));
#4554=CARTESIAN_POINT('',(-55.2817067932365,-47.,51.));
#4555=CARTESIAN_POINT('',(-55.2817067932365,-47.,52.));
#4556=CARTESIAN_POINT('',(-56.2665145462487,-47.,51.1736481776669));
#4557=CARTESIAN_POINT('',(-48.,-47.,52.));
#4558=CARTESIAN_POINT('',(-48.,-47.,51.1736481776669));
#4559=CARTESIAN_POINT('',(-48.,-47.,51.));
#4560=CARTESIAN_POINT('',(26.6125084847193,43.1369308611431,51.));
#4561=CARTESIAN_POINT('',(26.6125084847193,43.1369308611431,52.));
#4562=CARTESIAN_POINT('',(27.0156356607666,44.0354489690992,51.1736481776669));
#4563=CARTESIAN_POINT('',(22.9843640018003,44.0354489981246,51.1736481832703));
#4564=CARTESIAN_POINT('',(24.2678520535451,44.6071423646233,51.195139320391));
#4565=CARTESIAN_POINT('',(25.7303244973088,44.6079543728437,51.1951698454384));
#4566=CARTESIAN_POINT('',(27.0156355592599,44.0354489981234,51.1736481832761));
#4567=CARTESIAN_POINT('',(26.6125084847193,43.1369308611431,52.));
#4568=CARTESIAN_POINT('',(26.3578060248972,43.2512051116575,52.));
#4569=CARTESIAN_POINT('',(26.091294781783,43.3382364131616,52.));
#4570=CARTESIAN_POINT('',(25.5487522443398,43.4539776472235,52.));
#4571=CARTESIAN_POINT('',(25.2750121018033,43.4827187072218,52.));
#4572=CARTESIAN_POINT('',(24.722645967222,43.4825540446879,52.));
#4573=CARTESIAN_POINT('',(24.4428694311691,43.4526526597122,52.));
#4574=CARTESIAN_POINT('',(23.9042946037101,43.336822202273,52.));
#4575=CARTESIAN_POINT('',(23.6421830376512,43.2512004014181,52.));
#4576=CARTESIAN_POINT('',(23.3874910763412,43.1369308611432,52.));
#4577=CARTESIAN_POINT('',(23.3874910763412,43.1369308611432,52.));
#4578=CARTESIAN_POINT('',(23.0440089462461,43.9025079097459,52.));
#4579=CARTESIAN_POINT('',(22.984363900294,44.0354489690994,51.1736481776669));
#4580=CARTESIAN_POINT('',(23.6421648387608,43.2511922333027,52.));
#4581=CARTESIAN_POINT('',(23.3537875888613,44.0364492402281,52.));
#4582=CARTESIAN_POINT('',(23.30270675087,44.1772458132619,51.1789786236807));
#4583=CARTESIAN_POINT('',(23.904294603601,43.3368222026948,52.));
#4584=CARTESIAN_POINT('',(23.6724954463591,44.1370289021558,52.));
#4585=CARTESIAN_POINT('',(23.6303683094792,44.2835107385381,51.1829740933879));
#4586=CARTESIAN_POINT('',(24.4428694312781,43.4526526592904,52.));
#4587=CARTESIAN_POINT('',(24.3254239839654,44.2727080349308,52.));
#4588=CARTESIAN_POINT('',(24.3035868438548,44.4272541451123,51.1883789365744));
#4589=CARTESIAN_POINT('',(24.7226459671571,43.4825540439267,52.));
#4590=CARTESIAN_POINT('',(24.6643669554837,44.3077585156059,52.));
#4591=CARTESIAN_POINT('',(24.6533075138132,44.4643611521762,51.189774342049));
#4592=CARTESIAN_POINT('',(25.2750121018682,43.4827187079829,52.));
#4593=CARTESIAN_POINT('',(25.332798032489,44.3079512014388,52.));
#4594=CARTESIAN_POINT('',(25.3437651822033,44.4645654951483,51.1897820257812));
#4595=CARTESIAN_POINT('',(25.5487522444304,43.4539776482938,52.));
#4596=CARTESIAN_POINT('',(25.6644308153409,44.2742591112076,52.));
#4597=CARTESIAN_POINT('',(25.685940360137,44.4288984286734,51.1884407656921));
#4598=CARTESIAN_POINT('',(26.0912947816923,43.3382364120913,52.));
#4599=CARTESIAN_POINT('',(26.3221506570986,44.1386866317322,52.));
#4600=CARTESIAN_POINT('',(26.3641185322514,44.2852657483532,51.1830400799286));
#4601=CARTESIAN_POINT('',(26.3589656146431,43.2506848512849,52.));
#4602=CARTESIAN_POINT('',(26.6475854219803,44.0358553959189,52.));
#4603=CARTESIAN_POINT('',(26.6987081889557,44.1766153732949,51.1789549210513));
#4604=CARTESIAN_POINT('',(26.6125084847193,43.1369308611431,52.));
#4605=CARTESIAN_POINT('',(26.9559906148143,43.9025079097453,52.));
#4606=CARTESIAN_POINT('',(27.0156356607666,44.0354489690991,51.1736481776675));
#4607=CARTESIAN_POINT('',(-26.6125084847193,-43.1369308611431,51.));
#4608=CARTESIAN_POINT('',(-27.0156356607666,-44.0354489690992,51.1736481776669));
#4609=CARTESIAN_POINT('',(-26.6125084847193,-43.1369308611431,52.));
#4610=CARTESIAN_POINT('',(-30.9999995610602,-52.9160785217953,52.));
#4611=CARTESIAN_POINT('',(-41.122832295486,-49.3932860645265,52.));
#4612=CARTESIAN_POINT('',(-41.1228321918475,-49.3932861005932,51.));
#4613=CARTESIAN_POINT('',(-40.1927359597793,-49.7169638770442,51.1736481964327));
#4614=CARTESIAN_POINT('',(-30.9999995610602,-52.9160785217953,51.1736481776669));
#4615=CARTESIAN_POINT('',(-30.9999995610602,-52.9160785217953,51.));
#4616=CARTESIAN_POINT('',(41.1228322954861,49.3932860645265,51.));
#4617=CARTESIAN_POINT('',(41.1228322954861,49.3932860645265,52.));
#4618=CARTESIAN_POINT('',(40.1927359597793,49.7169638770442,51.1736481964327));
#4619=CARTESIAN_POINT('',(30.9999995610602,52.9160785217952,51.1736481776669));
#4620=CARTESIAN_POINT('',(30.9999995610602,52.9160785217952,52.));
#4621=CARTESIAN_POINT('',(30.9999995610602,52.9160785217952,51.));
#4622=CARTESIAN_POINT('',(-23.3874910763412,-43.1369308611432,51.));
#4623=CARTESIAN_POINT('',(-22.9843639002934,-44.0354489691003,51.173648177661));
#4624=CARTESIAN_POINT('',(-23.3874910763412,-43.1369308611432,52.));
#4625=CARTESIAN_POINT('',(-26.6125084847193,-43.1369308611431,52.));
#4626=CARTESIAN_POINT('',(-26.3578060248972,-43.2512051116575,52.));
#4627=CARTESIAN_POINT('',(-26.0912947817829,-43.3382364131616,52.));
#4628=CARTESIAN_POINT('',(-25.5487522443397,-43.4539776472235,52.));
#4629=CARTESIAN_POINT('',(-25.2750121018032,-43.4827187072218,52.));
#4630=CARTESIAN_POINT('',(-24.722645967222,-43.4825540446879,52.));
#4631=CARTESIAN_POINT('',(-24.4428694311691,-43.4526526597122,52.));
#4632=CARTESIAN_POINT('',(-23.90429460371,-43.3368222022731,52.));
#4633=CARTESIAN_POINT('',(-23.6421830376512,-43.2512004014181,52.));
#4634=CARTESIAN_POINT('',(-23.3874910763412,-43.1369308611432,52.));
#4635=CARTESIAN_POINT('',(-22.9843640017999,-44.0354489981245,51.1736481832702));
#4636=CARTESIAN_POINT('',(-24.2678520466648,-44.6071423615588,51.1951393202758));
#4637=CARTESIAN_POINT('',(-25.7303244903083,-44.6079543759613,51.1951698455555));
#4638=CARTESIAN_POINT('',(-27.0156355592603,-44.0354489981233,51.1736481832761));
#4639=CARTESIAN_POINT('',(-23.3874910763412,-43.1369308611432,52.));
#4640=CARTESIAN_POINT('',(-23.0440089462461,-43.9025079097459,52.));
#4641=CARTESIAN_POINT('',(-22.984363900294,-44.0354489690994,51.1736481776669));
#4642=CARTESIAN_POINT('',(-23.6421648387607,-43.2511922333036,52.));
#4643=CARTESIAN_POINT('',(-23.3537875888603,-44.0364492402298,52.));
#4644=CARTESIAN_POINT('',(-23.3027067508702,-44.1772458132621,51.1789786236805));
#4645=CARTESIAN_POINT('',(-23.9042946036005,-43.3368222026949,52.));
#4646=CARTESIAN_POINT('',(-23.6724954463591,-44.1370289021568,51.999999999999));
#4647=CARTESIAN_POINT('',(-23.6303683094787,-44.283510738538,51.1829740933879));
#4648=CARTESIAN_POINT('',(-24.4428694312786,-43.4526526592904,52.));
#4649=CARTESIAN_POINT('',(-24.3254239839655,-44.2727080349299,52.000000000001));
#4650=CARTESIAN_POINT('',(-24.3035868438552,-44.4272541451124,51.1883789365744));
#4651=CARTESIAN_POINT('',(-24.7226459671571,-43.4825540439268,52.));
#4652=CARTESIAN_POINT('',(-24.6643669554836,-44.3077585156059,52.));
#4653=CARTESIAN_POINT('',(-24.6533075138132,-44.4643611521762,51.189774342049));
#4654=CARTESIAN_POINT('',(-25.2750121018682,-43.4827187079829,52.));
#4655=CARTESIAN_POINT('',(-25.3327980324889,-44.3079512014388,52.));
#4656=CARTESIAN_POINT('',(-25.3437651822033,-44.4645654951483,51.1897820257812));
#4657=CARTESIAN_POINT('',(-25.5487522444304,-43.4539776482928,52.));
#4658=CARTESIAN_POINT('',(-25.6644308153411,-44.2742591112076,51.999999999999));
#4659=CARTESIAN_POINT('',(-25.6859403601371,-44.4288984286733,51.1884407656923));
#4660=CARTESIAN_POINT('',(-26.0912947816923,-43.3382364120923,52.));
#4661=CARTESIAN_POINT('',(-26.3221506570988,-44.1386866317321,52.000000000001));
#4662=CARTESIAN_POINT('',(-26.3641185322512,-44.2852657483533,51.1830400799285));
#4663=CARTESIAN_POINT('',(-26.3589656146424,-43.2506848512826,52.));
#4664=CARTESIAN_POINT('',(-26.6475854219801,-44.0358553959181,52.));
#4665=CARTESIAN_POINT('',(-26.6987081889559,-44.176615373295,51.1789549210508));
#4666=CARTESIAN_POINT('',(-26.6125084847193,-43.1369308611431,52.));
#4667=CARTESIAN_POINT('',(-26.9559906148142,-43.9025079097453,52.));
#4668=CARTESIAN_POINT('',(-27.0156356607666,-44.0354489690991,51.1736481776675));
#4669=CARTESIAN_POINT('',(48.6572324852546,39.7480141145338,51.));
#4670=CARTESIAN_POINT('',(48.6572324852546,39.7480141145338,52.));
#4671=CARTESIAN_POINT('',(48.7461192895971,38.7672259384195,51.1736481776669));
#4672=CARTESIAN_POINT('',(48.,47.,51.1736481776669));
#4673=CARTESIAN_POINT('',(48.,47.,52.));
#4674=CARTESIAN_POINT('',(48.,47.,51.));
#4675=CARTESIAN_POINT('',(-8.28170679323646,-52.9160785217953,51.));
#4676=CARTESIAN_POINT('',(-9.26651454955759,-52.9160785217953,51.1736481589011));
#4677=CARTESIAN_POINT('',(-8.28170690297141,-52.9160785217953,52.));
#4678=CARTESIAN_POINT('',(-19.,-52.9160785217953,52.));
#4679=CARTESIAN_POINT('',(-19.,-52.9160785217953,51.1736481776669));
#4680=CARTESIAN_POINT('',(-19.,-52.9160785217953,51.));
#4681=CARTESIAN_POINT('',(43.2817067932365,33.8632850578452,51.));
#4682=CARTESIAN_POINT('',(43.2817067932365,33.8632850578452,52.));
#4683=CARTESIAN_POINT('',(44.2665145462486,33.8632850578453,51.1736481776676));
#4684=CARTESIAN_POINT('',(48.7461165739,38.7672257115365,51.1736477353701));
#4685=CARTESIAN_POINT('',(48.420911050358,38.7395245165689,51.1836553144819));
#4686=CARTESIAN_POINT('',(48.1058039958323,38.6805660958439,51.1919975841006));
#4687=CARTESIAN_POINT('',(47.5155575088143,38.5141471486845,51.2066135673775));
#4688=CARTESIAN_POINT('',(47.2684890030933,38.4205041409594,51.212354808179));
#4689=CARTESIAN_POINT('',(46.4365328571386,38.0153383091264,51.2277090973192));
#4690=CARTESIAN_POINT('',(45.9356747341454,37.6360171757974,51.2327898610797));
#4691=CARTESIAN_POINT('',(45.3372234855913,36.9804138915066,51.2326911079622));
#4692=CARTESIAN_POINT('',(45.1541299549275,36.7388972499328,51.2311954528426));
#4693=CARTESIAN_POINT('',(44.8337701646128,36.2191923791714,51.226004492865));
#4694=CARTESIAN_POINT('',(44.6847832106474,35.9099194863996,51.2217584809998));
#4695=CARTESIAN_POINT('',(44.3911382793395,35.1349117530011,51.20795920022));
#4696=CARTESIAN_POINT('',(44.2630224585428,34.5164028321088,51.1934552628258));
#4697=CARTESIAN_POINT('',(44.2665145462497,33.8632850578453,51.1736481776678));
#4698=CARTESIAN_POINT('',(43.2817067932365,33.8632850578452,52.));
#4699=CARTESIAN_POINT('',(43.2817067932365,34.2312730901444,52.));
#4700=CARTESIAN_POINT('',(43.3149632827757,34.5936557364374,52.));
#4701=CARTESIAN_POINT('',(43.4133843961614,35.1290488923322,52.));
#4702=CARTESIAN_POINT('',(43.4543306908061,35.3061414047396,52.));
#4703=CARTESIAN_POINT('',(43.5528825415318,35.6575185086877,52.));
#4704=CARTESIAN_POINT('',(43.6108667893302,35.8327115026568,52.));
#4705=CARTESIAN_POINT('',(43.8077086791055,36.3456757368224,52.));
#4706=CARTESIAN_POINT('',(43.9688170593434,36.6710916083613,52.));
#4707=CARTESIAN_POINT('',(44.2544969483527,37.1348202264343,52.));
#4708=CARTESIAN_POINT('',(44.3571047080738,37.2853056775038,52.));
#4709=CARTESIAN_POINT('',(44.5775061541442,37.5778602661294,52.));
#4710=CARTESIAN_POINT('',(44.6954160827907,37.71987584859,52.));
#4711=CARTESIAN_POINT('',(45.0644780332237,38.1241616705614,52.));
#4712=CARTESIAN_POINT('',(45.3331336798848,38.3680981130585,52.));
#4713=CARTESIAN_POINT('',(45.915201452001,38.8053304160103,52.));
#4714=CARTESIAN_POINT('',(46.2313350468496,38.9993399022739,52.));
#4715=CARTESIAN_POINT('',(46.8842584981917,39.320731940059,52.));
#4716=CARTESIAN_POINT('',(47.2233777709961,39.4504385040013,52.));
#4717=CARTESIAN_POINT('',(47.9269357338396,39.6478621380692,52.));
#4718=CARTESIAN_POINT('',(48.2907128603439,39.7147971988124,52.));
#4719=CARTESIAN_POINT('',(48.6572324852546,39.7480141145338,52.));
#4720=CARTESIAN_POINT('',(44.2665145462487,33.8632850578452,51.1736481776669));
#4721=CARTESIAN_POINT('',(44.1208064244138,33.8632850578452,52.));
#4722=CARTESIAN_POINT('',(43.2817067932365,33.8632850578452,52.));
#4723=CARTESIAN_POINT('',(44.2648667495096,34.1714316567158,51.1829932973556));
#4724=CARTESIAN_POINT('',(44.1127531501055,34.1790277267318,52.0000000000051));
#4725=CARTESIAN_POINT('',(43.2817067946574,34.2312559027628,52.));
#4726=CARTESIAN_POINT('',(44.2911173948749,34.4747705300509,51.1912909266342));
#4727=CARTESIAN_POINT('',(44.1341261852915,34.4926283333007,52.));
#4728=CARTESIAN_POINT('',(43.3149632825794,34.5936557364709,52.));
#4729=CARTESIAN_POINT('',(44.3712118704136,34.9226914341034,51.202197476178));
#4730=CARTESIAN_POINT('',(44.210053902903,34.9570923722995,52.));
#4731=CARTESIAN_POINT('',(43.4133843962616,35.1290488923151,52.));
#4732=CARTESIAN_POINT('',(44.4047382577086,35.0708137571979,51.2055748657005));
#4733=CARTESIAN_POINT('',(44.2425990851649,35.1106853408629,52.0000000000006));
#4734=CARTESIAN_POINT('',(43.4543306904746,35.3061414047957,52.));
#4735=CARTESIAN_POINT('',(44.4857672270011,35.3646332054046,51.2117995114928));
#4736=CARTESIAN_POINT('',(44.3226414938888,35.415568266882,51.9999999999994));
#4737=CARTESIAN_POINT('',(43.5528825418633,35.6575185086316,52.));
#4738=CARTESIAN_POINT('',(44.5335831503789,35.5110893810827,51.2146594430664));
#4739=CARTESIAN_POINT('',(44.3704370315993,35.5677254522624,52.0000000000006));
#4740=CARTESIAN_POINT('',(43.6108667896137,35.8327115024999,52.));
#4741=CARTESIAN_POINT('',(44.6962734319502,35.9397918073523,51.2222851995115));
#4742=CARTESIAN_POINT('',(44.5343599606461,36.0128000385944,51.9999999999987));
#4743=CARTESIAN_POINT('',(43.8077086785385,36.3456757371363,52.));
#4744=CARTESIAN_POINT('',(44.8298540288521,36.2115919841992,51.2261211785301));
#4745=CARTESIAN_POINT('',(44.6708303464576,36.2959618120156,52.));
#4746=CARTESIAN_POINT('',(43.968817059082,36.6710916085045,52.));
#4747=CARTESIAN_POINT('',(45.067232153837,36.5986639408632,51.2300255679714));
#4748=CARTESIAN_POINT('',(44.915185831501,36.6988372846647,52.));
#4749=CARTESIAN_POINT('',(44.2544969484834,37.1348202263627,52.));
#4750=CARTESIAN_POINT('',(45.1525638219572,36.7242288361663,51.231016898286));
#4751=CARTESIAN_POINT('',(45.0032509762903,36.8294772783314,52.));
#4752=CARTESIAN_POINT('',(44.3571047077281,37.2853056776953,52.));
#4753=CARTESIAN_POINT('',(45.3359949253248,36.9682415371281,51.2323596786945));
#4754=CARTESIAN_POINT('',(45.1929487302567,37.0831391355775,52.));
#4755=CARTESIAN_POINT('',(44.57750615449,37.5778602659379,52.));
#4756=CARTESIAN_POINT('',(45.4341920452786,37.0866439643186,51.2327064995396));
#4757=CARTESIAN_POINT('',(45.2947272348582,37.2061824347266,52.));
#4758=CARTESIAN_POINT('',(44.6954160829828,37.7198758483731,52.));
#4759=CARTESIAN_POINT('',(45.741734502355,37.423557227657,51.2327584957551));
#4760=CARTESIAN_POINT('',(45.6138570313164,37.5558348265105,52.));
#4761=CARTESIAN_POINT('',(45.0644780328394,38.1241616709952,52.));
#4762=CARTESIAN_POINT('',(45.9658357097939,37.6266343460772,51.2315022958343));
#4763=CARTESIAN_POINT('',(45.8472375834414,37.7662751737467,52.));
#4764=CARTESIAN_POINT('',(45.3331336796381,38.3680981133379,52.));
#4765=CARTESIAN_POINT('',(46.4517873890648,37.9901735094885,51.226425350323));
#4766=CARTESIAN_POINT('',(46.3530620862493,38.1409280024734,52.));
#4767=CARTESIAN_POINT('',(45.9152014522478,38.805330415731,52.));
#4768=CARTESIAN_POINT('',(46.7159159986112,38.1512208532001,51.2225464928895));
#4769=CARTESIAN_POINT('',(46.6284655917287,38.30599234833,52.));
#4770=CARTESIAN_POINT('',(46.2313350470249,38.9993399018454,52.));
#4771=CARTESIAN_POINT('',(47.2617930994475,38.4174215940203,51.2124843648453));
#4772=CARTESIAN_POINT('',(47.1963955145018,38.5761101149697,52.));
#4773=CARTESIAN_POINT('',(46.8842584980164,39.3207319404875,52.));
#4774=CARTESIAN_POINT('',(47.5454837342253,38.5245107793524,51.2062956305132));
#4775=CARTESIAN_POINT('',(47.4916139751882,38.6832198416725,52.));
#4776=CARTESIAN_POINT('',(47.2233777708192,39.4504385044297,52.));
#4777=CARTESIAN_POINT('',(48.1343726561651,38.6866596031724,51.1916034972386));
#4778=CARTESIAN_POINT('',(48.1022425782976,38.8415795825089,52.));
#4779=CARTESIAN_POINT('',(47.9269357340166,39.6478621376408,52.));
#4780=CARTESIAN_POINT('',(48.4401140873595,38.7411605380055,51.183064850098));
#4781=CARTESIAN_POINT('',(48.4188594485997,38.892020116981,52.));
#4782=CARTESIAN_POINT('',(48.2920213829663,39.714915788265,52.));
#4783=CARTESIAN_POINT('',(48.7461192895971,38.7672259384195,51.1736481776669));
#4784=CARTESIAN_POINT('',(48.7329679620643,38.912339340119,52.));
#4785=CARTESIAN_POINT('',(48.6572324852545,39.7480141145344,52.));
#4786=CARTESIAN_POINT('',(-8.28170679323647,-54.2585543029829,51.));
#4787=CARTESIAN_POINT('',(-9.26651454624868,-54.2585543029829,51.1736481776669));
#4788=CARTESIAN_POINT('',(-8.28170679323647,-54.2585543029829,52.));
#4789=CARTESIAN_POINT('',(-8.28170679323647,52.9160785217952,52.));
#4790=CARTESIAN_POINT('',(-9.26651454624868,-62.9160785217953,51.1736481776669));
#4791=CARTESIAN_POINT('',(-8.28170679323647,52.9160785217952,51.));
#4792=CARTESIAN_POINT('',(43.2817067932365,17.,51.));
#4793=CARTESIAN_POINT('',(43.2817067932365,17.,52.));
#4794=CARTESIAN_POINT('',(44.2665145462487,17.,51.1736481776669));
#4795=CARTESIAN_POINT('',(44.2665145462487,35.,51.1736481776669));
#4796=CARTESIAN_POINT('',(43.2817067932365,52.9160785217953,52.));
#4797=CARTESIAN_POINT('',(43.2817067932365,52.9160785217953,51.));
#4798=CARTESIAN_POINT('',(-7.13504052826597,-57.0511190500613,51.));
#4799=CARTESIAN_POINT('',(-7.13504052826597,-57.0511190500613,52.));
#4800=CARTESIAN_POINT('',(-7.82113741706941,-57.7372159388647,51.2419547857524));
#4801=CARTESIAN_POINT('',(-8.28170679323647,-54.2585543029829,52.));
#4802=CARTESIAN_POINT('',(-8.28170679323647,-55.3276482525552,52.));
#4803=CARTESIAN_POINT('',(-7.87985801208102,-56.3063015662462,52.));
#4804=CARTESIAN_POINT('',(-7.13504052826597,-57.0511190500613,52.));
#4805=CARTESIAN_POINT('',(-7.82113741706941,-57.7372159388647,51.2419547857524));
#4806=CARTESIAN_POINT('',(-8.71755302007987,-56.8408003358543,51.2419547857524));
#4807=CARTESIAN_POINT('',(-9.25856579865727,-55.6083882622096,51.2187277653708));
#4808=CARTESIAN_POINT('',(-9.26651454624868,-54.258554302983,51.1736481776669));
#4809=CARTESIAN_POINT('',(-7.12973704138178,-57.0458155631771,52.));
#4810=CARTESIAN_POINT('',(-7.27573060925218,-57.1918091310475,52.));
#4811=CARTESIAN_POINT('',(-7.43892297778109,-57.3550014995764,51.9320114919985));
#4812=CARTESIAN_POINT('',(-7.6971336276335,-57.6132121494288,51.6491819488792));
#4813=CARTESIAN_POINT('',(-7.78581357463411,-57.7018920964294,51.4422862511547));
#4814=CARTESIAN_POINT('',(-7.82113741706941,-57.7372159388647,51.2419547857524));
#4815=CARTESIAN_POINT('',(-7.85471860687941,-56.3208338296435,52.));
#4816=CARTESIAN_POINT('',(-8.03934454659021,-56.4281996510215,52.0000000000009));
#4817=CARTESIAN_POINT('',(-8.24572216386413,-56.5482057762018,51.9320119599591));
#4818=CARTESIAN_POINT('',(-8.57227408085751,-56.7380715689339,51.6491844046864));
#4819=CARTESIAN_POINT('',(-8.68443314918575,-56.8032714027415,51.4422894246011));
#4820=CARTESIAN_POINT('',(-8.72911861456504,-56.8292347413667,51.2419547857591));
#4821=CARTESIAN_POINT('',(-8.27408082950479,-55.29920609184,52.));
#4822=CARTESIAN_POINT('',(-8.48400718124698,-55.3545943932781,52.));
#4823=CARTESIAN_POINT('',(-8.71962413294978,-55.4172725219178,51.9294963386744));
#4824=CARTESIAN_POINT('',(-9.08900950933683,-55.5137248661888,51.6361804896727));
#4825=CARTESIAN_POINT('',(-9.21310330448003,-55.5446276406442,51.4220119194608));
#4826=CARTESIAN_POINT('',(-9.25888464847401,-55.5542420831089,51.2169194782019));
#4827=CARTESIAN_POINT('',(-8.27387589759386,-54.2585543029829,52.));
#4828=CARTESIAN_POINT('',(-8.48944358342981,-54.2585543029829,52.));
#4829=CARTESIAN_POINT('',(-8.73338780491276,-54.2585543029829,51.9249760161206));
#4830=CARTESIAN_POINT('',(-9.10879489315525,-54.2585543029829,51.612798206329));
#4831=CARTESIAN_POINT('',(-9.22908161043939,-54.2585543029829,51.3859409059771));
#4832=CARTESIAN_POINT('',(-9.26651454624868,-54.2585543029829,51.1736481776669));
#4833=CARTESIAN_POINT('',(47.3510906110327,1.98965695662784,51.));
#4834=CARTESIAN_POINT('',(47.3510906110327,1.98965695662784,52.));
#4835=CARTESIAN_POINT('',(48.2010467187682,2.4870711957848,51.1736481776669));
#4836=CARTESIAN_POINT('',(73.,17.,51.173648177667));
#4837=CARTESIAN_POINT('',(73.,17.,52.));
#4838=CARTESIAN_POINT('',(73.,17.,51.));
#4839=CARTESIAN_POINT('',(4.34247578118767,-58.1977853150318,51.));
#4840=CARTESIAN_POINT('',(4.34247578118767,-59.182593068044,51.1736481776669));
#4841=CARTESIAN_POINT('',(4.34247578118767,-58.1977853150318,52.));
#4842=CARTESIAN_POINT('',(-19.,-58.1977853150318,52.));
#4843=CARTESIAN_POINT('',(-4.34247578118763,-58.1977853150318,52.));
#4844=CARTESIAN_POINT('',(-4.34247578118763,-58.1977853150318,51.));
#4845=CARTESIAN_POINT('',(-4.34247578118763,-59.182593068044,51.1736481776669));
#4846=CARTESIAN_POINT('',(13.,-59.182593068044,51.1736481776669));
#4847=CARTESIAN_POINT('',(-19.,-58.1977853150318,51.));
#4848=CARTESIAN_POINT('',(47.3510906110327,-1.98965695662785,51.));
#4849=CARTESIAN_POINT('',(47.3510906110327,-1.98965695662785,52.));
#4850=CARTESIAN_POINT('',(48.2010467187682,-2.48707119578481,51.1736481776669));
#4851=CARTESIAN_POINT('',(48.2010466699848,2.48707116723561,51.1736481677004));
#4852=CARTESIAN_POINT('',(49.0948854382465,0.947371676309104,51.2090333787099));
#4853=CARTESIAN_POINT('',(49.0960442283721,-0.945375579664345,51.209079252792));
#4854=CARTESIAN_POINT('',(48.2010466699848,-2.48707116723562,51.1736481677004));
#4855=CARTESIAN_POINT('',(47.3510906110327,-1.98965695662785,52.));
#4856=CARTESIAN_POINT('',(47.5283018039969,-1.68684749931464,52.));
#4857=CARTESIAN_POINT('',(47.6633004262649,-1.36450877049123,52.));
#4858=CARTESIAN_POINT('',(47.8451611177139,-0.696094794855264,52.));
#4859=CARTESIAN_POINT('',(47.8921071839902,-0.344585493595577,52.));
#4860=CARTESIAN_POINT('',(47.8919263567303,0.174341200834524,52.));
#4861=CARTESIAN_POINT('',(47.8804627631907,0.347049054762352,52.));
#4862=CARTESIAN_POINT('',(47.8343579010757,0.691920630116612,52.));
#4863=CARTESIAN_POINT('',(47.7993585196969,0.864807672307069,52.));
#4864=CARTESIAN_POINT('',(47.6622332730909,1.36768550579892,52.));
#4865=CARTESIAN_POINT('',(47.5282975315526,1.68685479984969,52.));
#4866=CARTESIAN_POINT('',(47.3510906110327,1.98965695662784,52.));
#4867=CARTESIAN_POINT('',(47.3510906110327,1.98965695662784,52.));
#4868=CARTESIAN_POINT('',(48.0752906940807,2.41347582212956,52.));
#4869=CARTESIAN_POINT('',(48.2010467187682,2.4870711957848,51.1736481776669));
#4870=CARTESIAN_POINT('',(47.5282728732216,1.68689692810772,52.));
#4871=CARTESIAN_POINT('',(48.2825671073745,2.04444898861078,52.0000000000048));
#4872=CARTESIAN_POINT('',(48.4207487652982,2.10861920258428,51.1823457289193));
#4873=CARTESIAN_POINT('',(47.6622332742065,1.36768550622066,52.));
#4874=CARTESIAN_POINT('',(48.4397864089437,1.65577198510215,51.9999999999988));
#4875=CARTESIAN_POINT('',(48.5868542119342,1.70960688239997,51.1889229671223));
#4876=CARTESIAN_POINT('',(47.7993585191391,0.864807672096205,52.));
#4877=CARTESIAN_POINT('',(48.6001605913598,1.04575468429643,52.0000000000006));
#4878=CARTESIAN_POINT('',(48.7568850057946,1.08100959030818,51.1956559685566));
#4879=CARTESIAN_POINT('',(47.8343579004815,0.691920630102668,52.));
#4880=CARTESIAN_POINT('',(48.6410514065851,0.836451244401815,52.));
#4881=CARTESIAN_POINT('',(48.800283056395,0.864900787722299,51.197374575106));
#4882=CARTESIAN_POINT('',(47.8804627637849,0.347049054776301,52.));
#4883=CARTESIAN_POINT('',(48.6948563122353,0.419437109788591,52.));
#4884=CARTESIAN_POINT('',(48.8574515194041,0.433811318376415,51.1996385317198));
#4885=CARTESIAN_POINT('',(47.8919263568606,0.174341200837594,52.));
#4886=CARTESIAN_POINT('',(48.7082389936574,0.210656356545756,52.));
#4887=CARTESIAN_POINT('',(48.8716659798597,0.21792650104694,51.20020146558));
#4888=CARTESIAN_POINT('',(47.8921071837296,-0.344585493601711,52.));
#4889=CARTESIAN_POINT('',(48.7084499348089,-0.416360881566509,52.));
#4890=CARTESIAN_POINT('',(48.8718901994401,-0.430731867002029,51.2002103452958));
#4891=CARTESIAN_POINT('',(47.8451611170873,-0.696094794651646,52.));
#4892=CARTESIAN_POINT('',(48.6535294068301,-0.841860433182357,52.));
#4893=CARTESIAN_POINT('',(48.813678719709,-0.870118493522163,51.197904928469));
#4894=CARTESIAN_POINT('',(47.6633004268915,-1.36450877069484,52.));
#4895=CARTESIAN_POINT('',(48.4410361919968,-1.651910427033,52.));
#4896=CARTESIAN_POINT('',(48.5881774473039,-1.70563596316094,51.1889753638961));
#4897=CARTESIAN_POINT('',(47.5291455690364,-1.68540571634021,52.));
#4898=CARTESIAN_POINT('',(48.2835829711324,-2.04264039217199,52.0000000000012));
#4899=CARTESIAN_POINT('',(48.4218306059488,-2.10675565732262,51.1823885562036));
#4900=CARTESIAN_POINT('',(47.3510906110327,-1.98965695662785,52.));
#4901=CARTESIAN_POINT('',(48.0752906940807,-2.41347582212957,52.));
#4902=CARTESIAN_POINT('',(48.2010467187682,-2.48707119578481,51.1736481776669));
#4903=CARTESIAN_POINT('',(7.135040528266,-57.0511190500613,51.));
#4904=CARTESIAN_POINT('',(7.135040528266,-57.0511190500613,52.));
#4905=CARTESIAN_POINT('',(7.82113741706945,-57.7372159388647,51.2419547857524));
#4906=CARTESIAN_POINT('',(4.34247578118767,-58.1977853150318,52.));
#4907=CARTESIAN_POINT('',(5.41156973075992,-58.1977853150318,52.));
#4908=CARTESIAN_POINT('',(6.39022304445095,-57.7959365338763,52.));
#4909=CARTESIAN_POINT('',(7.135040528266,-57.0511190500613,52.));
#4910=CARTESIAN_POINT('',(7.82113741706944,-57.7372159388647,51.2419547857523));
#4911=CARTESIAN_POINT('',(6.92472181323054,-58.6336315427036,51.2419547857523));
#4912=CARTESIAN_POINT('',(5.69230973910377,-59.1746443204603,51.218727765327));
#4913=CARTESIAN_POINT('',(4.34247578118766,-59.182593068044,51.1736481776669));
#4914=CARTESIAN_POINT('',(7.12973704138173,-57.045815563177,52.));
#4915=CARTESIAN_POINT('',(7.27573060925214,-57.1918091310474,52.));
#4916=CARTESIAN_POINT('',(7.43892297778106,-57.3550014995764,51.9320114919985));
#4917=CARTESIAN_POINT('',(7.69713362763352,-57.6132121494288,51.6491819488793));
#4918=CARTESIAN_POINT('',(7.78581357463413,-57.7018920964294,51.4422862511548));
#4919=CARTESIAN_POINT('',(7.82113741706944,-57.7372159388647,51.2419547857524));
#4920=CARTESIAN_POINT('',(6.40475530785143,-57.7707971286778,52.));
#4921=CARTESIAN_POINT('',(6.51212112923251,-57.9554230683921,52.));
#4922=CARTESIAN_POINT('',(6.63212725441471,-58.1618006856683,51.9320119599574));
#4923=CARTESIAN_POINT('',(6.82199304714578,-58.4883526026609,51.6491844046835));
#4924=CARTESIAN_POINT('',(6.88719288095034,-58.6005116709861,51.442289424598));
#4925=CARTESIAN_POINT('',(6.91315621957157,-58.6451971363612,51.2419547857563));
#4926=CARTESIAN_POINT('',(5.38312757004398,-58.1901593512926,52.));
#4927=CARTESIAN_POINT('',(5.43851587148261,-58.4000857030374,52.));
#4928=CARTESIAN_POINT('',(5.50119400012283,-58.6357026547427,51.9294963386746));
#4929=CARTESIAN_POINT('',(5.59764634439429,-59.0050880311325,51.636180489673));
#4930=CARTESIAN_POINT('',(5.62854911884964,-59.1291818262759,51.4220119194611));
#4931=CARTESIAN_POINT('',(5.63816356131409,-59.1749631702693,51.2169194782022));
#4932=CARTESIAN_POINT('',(4.34247578118767,-58.189954419389,52.));
#4933=CARTESIAN_POINT('',(4.34247578118767,-58.405522105225,52.));
#4934=CARTESIAN_POINT('',(4.34247578118766,-58.649466326708,51.9249760161206));
#4935=CARTESIAN_POINT('',(4.34247578118767,-59.0248734149505,51.612798206329));
#4936=CARTESIAN_POINT('',(4.34247578118767,-59.1451601322347,51.3859409059771));
#4937=CARTESIAN_POINT('',(4.34247578118767,-59.182593068044,51.1736481776669));
#4938=CARTESIAN_POINT('',(43.2817067932365,-17.,51.));
#4939=CARTESIAN_POINT('',(43.2817067932365,-17.,52.));
#4940=CARTESIAN_POINT('',(44.2665145462487,-17.,51.1736481776669));
#4941=CARTESIAN_POINT('',(73.,-17.,51.1736481776669));
#4942=CARTESIAN_POINT('',(73.,-17.,52.));
#4943=CARTESIAN_POINT('',(73.,-17.,51.));
#4944=CARTESIAN_POINT('',(8.28170690297144,-52.9160785217953,51.));
#4945=CARTESIAN_POINT('',(9.26651465267474,-52.9160785217953,51.1736481964327));
#4946=CARTESIAN_POINT('',(8.28170679323649,-52.9160785217953,52.));
#4947=CARTESIAN_POINT('',(8.28170679323646,52.9160785217953,52.));
#4948=CARTESIAN_POINT('',(8.2817067932365,-54.258554302983,52.));
#4949=CARTESIAN_POINT('',(8.2817067932365,-54.258554302983,51.));
#4950=CARTESIAN_POINT('',(9.26651454624871,-54.258554302983,51.1736481776669));
#4951=CARTESIAN_POINT('',(9.26651454624871,-62.9160785217953,51.1736481776669));
#4952=CARTESIAN_POINT('',(8.28170679323646,52.9160785217953,51.));
#4953=CARTESIAN_POINT('',(43.2817067932365,-33.8632850578452,51.));
#4954=CARTESIAN_POINT('',(43.2817067932365,-33.8632850578452,52.));
#4955=CARTESIAN_POINT('',(44.2665145462487,-33.8632850578452,51.1736481776669));
#4956=CARTESIAN_POINT('',(44.2665145462487,-35.,51.1736481776669));
#4957=CARTESIAN_POINT('',(43.2817067932365,52.9160785217952,52.));
#4958=CARTESIAN_POINT('',(43.2817067932365,52.9160785217952,51.));
#4959=CARTESIAN_POINT('',(23.3874910763409,-43.1369308611431,51.));
#4960=CARTESIAN_POINT('',(22.9843639002936,-44.0354489690992,51.1736481776669));
#4961=CARTESIAN_POINT('',(23.3874910763409,-43.1369308611431,52.));
#4962=CARTESIAN_POINT('',(19.,-52.9160785217953,52.));
#4963=CARTESIAN_POINT('',(19.,-52.9160785217953,51.1736481776669));
#4964=CARTESIAN_POINT('',(19.,-52.9160785217953,51.));
#4965=CARTESIAN_POINT('',(48.6572324852545,-39.7480141145344,51.));
#4966=CARTESIAN_POINT('',(48.6572324852545,-39.7480141145344,52.));
#4967=CARTESIAN_POINT('',(48.7461192895973,-38.7672259384192,51.1736481776651));
#4968=CARTESIAN_POINT('',(44.2665145462498,-33.8632850578452,51.1736481776671));
#4969=CARTESIAN_POINT('',(44.2647655124954,-34.1904030952653,51.1835686775406));
#4970=CARTESIAN_POINT('',(44.2951985165623,-34.509830797363,51.1918551401886));
#4971=CARTESIAN_POINT('',(44.4078096318909,-35.1125941847241,51.2063835063355));
#4972=CARTESIAN_POINT('',(44.4781835820541,-35.3652111980843,51.2120653614402));
#4973=CARTESIAN_POINT('',(44.8077134151557,-36.2332294774222,51.2275038400045));
#4974=CARTESIAN_POINT('',(45.1381496904078,-36.7628819193728,51.2326719367024));
#4975=CARTESIAN_POINT('',(45.7390573509797,-37.4203440528777,51.2327505237315));
#4976=CARTESIAN_POINT('',(45.9635296425552,-37.6247513225871,51.2313044695385));
#4977=CARTESIAN_POINT('',(46.4523038616954,-37.9905853537398,51.2262005852996));
#4978=CARTESIAN_POINT('',(46.7450420870508,-38.1657821041828,51.2220201770589));
#4979=CARTESIAN_POINT('',(47.4919870443465,-38.5289478774394,51.2082202885346));
#4980=CARTESIAN_POINT('',(48.0968139488163,-38.7119177382681,51.1936287844996));
#4981=CARTESIAN_POINT('',(48.7461165769452,-38.7672257117831,51.1736477358654));
#4982=CARTESIAN_POINT('',(48.6572324852545,-39.7480141145344,52.));
#4983=CARTESIAN_POINT('',(48.290747627846,-39.7148003497192,52.));
#4984=CARTESIAN_POINT('',(47.9328438544332,-39.6489805630011,52.));
#4985=CARTESIAN_POINT('',(47.4085155577962,-39.5026499634719,52.));
#4986=CARTESIAN_POINT('',(47.2358401957704,-39.4458908103554,52.));
#4987=CARTESIAN_POINT('',(46.8947895975482,-39.3160330769539,52.));
#4988=CARTESIAN_POINT('',(46.72554368253,-39.2424752611079,52.));
#4989=CARTESIAN_POINT('',(46.2324385755622,-39.0001423360627,52.));
#4990=CARTESIAN_POINT('',(45.922894135222,-38.8103192077211,52.));
#4991=CARTESIAN_POINT('',(45.4868493699517,-38.4839435628358,52.));
#4992=CARTESIAN_POINT('',(45.3462419108319,-38.3681690839132,52.));
#4993=CARTESIAN_POINT('',(45.0747802838274,-38.1222547525281,52.));
#4994=CARTESIAN_POINT('',(44.943990625331,-37.9920046241557,52.));
#4995=CARTESIAN_POINT('',(44.5746772422548,-37.5879487174751,52.));
#4996=CARTESIAN_POINT('',(44.3559919449203,-37.2983653099546,52.));
#4997=CARTESIAN_POINT('',(43.9730886154546,-36.679198817673,52.));
#4998=CARTESIAN_POINT('',(43.8084075000593,-36.3468452934563,52.));
#4999=CARTESIAN_POINT('',(43.5472541671499,-35.6675837041377,52.));
#5000=CARTESIAN_POINT('',(43.4486772170043,-35.3181437160536,52.));
#5001=CARTESIAN_POINT('',(43.315543725398,-34.5996389230319,52.));
#5002=CARTESIAN_POINT('',(43.2817067932365,-34.2313068322661,52.));
#5003=CARTESIAN_POINT('',(43.2817067932365,-33.8632850578452,52.));
#5004=CARTESIAN_POINT('',(48.746119289597,-38.7672259384195,51.1736481776669));
#5005=CARTESIAN_POINT('',(48.7329679620643,-38.912339340119,52.));
#5006=CARTESIAN_POINT('',(48.6572324852545,-39.7480141145344,52.));
#5007=CARTESIAN_POINT('',(48.4390643539043,-38.7410711223372,51.1830971546235));
#5008=CARTESIAN_POINT('',(48.4177796994301,-38.8919502688632,52.));
#5009=CARTESIAN_POINT('',(48.2907647099303,-39.7148018964181,52.));
#5010=CARTESIAN_POINT('',(48.1393203025413,-38.6875694801696,51.191466180901));
#5011=CARTESIAN_POINT('',(48.1073516391572,-38.8424243303543,52.));
#5012=CARTESIAN_POINT('',(47.932843854383,-39.6489805631892,52.));
#5013=CARTESIAN_POINT('',(47.7004457454031,-38.5673975245458,51.2024361976481));
#5014=CARTESIAN_POINT('',(47.6515990395865,-38.7249409580992,52.));
#5015=CARTESIAN_POINT('',(47.4085155578242,-39.5026499633668,52.));
#5016=CARTESIAN_POINT('',(47.5559516342517,-38.5206457145112,51.2058274890009));
#5017=CARTESIAN_POINT('',(47.5015597294025,-38.678678017101,52.));
#5018=CARTESIAN_POINT('',(47.2358401956846,-39.4458908106818,52.));
#5019=CARTESIAN_POINT('',(47.2706426916698,-38.4134384749358,51.2120665266034));
#5020=CARTESIAN_POINT('',(47.2051307894426,-38.5714571422523,52.));
#5021=CARTESIAN_POINT('',(46.894789597634,-39.3160330766275,52.));
#5022=CARTESIAN_POINT('',(47.1291000687326,-38.3526023896625,51.2149268970514));
#5023=CARTESIAN_POINT('',(47.0579025999323,-38.5101232422627,52.));
#5024=CARTESIAN_POINT('',(46.7255436827121,-39.2424752608398,52.));
#5025=CARTESIAN_POINT('',(46.7168374225746,-38.1518878799524,51.2225361896947));
#5026=CARTESIAN_POINT('',(46.6294351823575,-38.3066834724038,52.));
#5027=CARTESIAN_POINT('',(46.2324385751981,-39.0001423365988,52.));
#5028=CARTESIAN_POINT('',(46.4582133819291,-37.9943166914817,51.2263378791979));
#5029=CARTESIAN_POINT('',(46.3597549901455,-38.145180403798,52.));
#5030=CARTESIAN_POINT('',(45.9228941350545,-38.8103192079689,52.));
#5031=CARTESIAN_POINT('',(46.0941668054908,-37.7229569622085,51.2301713180369));
#5032=CARTESIAN_POINT('',(45.9806200299341,-37.8654060509305,52.));
#5033=CARTESIAN_POINT('',(45.4868493700354,-38.483943562712,52.));
#5034=CARTESIAN_POINT('',(45.9768238677385,-37.6266342330782,51.2311357489615));
#5035=CARTESIAN_POINT('',(45.8584773335463,-37.7658879121855,52.));
#5036=CARTESIAN_POINT('',(45.3462419106099,-38.3681690842396,52.));
#5037=CARTESIAN_POINT('',(45.7503792232028,-37.4219135269671,51.2324209859745));
#5038=CARTESIAN_POINT('',(45.6230088122624,-37.5540266496304,52.));
#5039=CARTESIAN_POINT('',(45.0747802840494,-38.1222547522017,52.));
#5040=CARTESIAN_POINT('',(45.6413320930099,-37.3134229023669,51.2327371495258));
#5041=CARTESIAN_POINT('',(45.5096753364222,-37.4415363290571,52.));
#5042=CARTESIAN_POINT('',(44.9439906255641,-37.9920046239834,52.));
#5043=CARTESIAN_POINT('',(45.3335778255547,-36.9767033298428,51.2326981018498));
#5044=CARTESIAN_POINT('',(45.190316175906,-37.0920857270252,52.));
#5045=CARTESIAN_POINT('',(44.5746772417885,-37.5879487178197,52.));
#5046=CARTESIAN_POINT('',(45.1515721678314,-36.7351708595429,51.2313818539917));
#5047=CARTESIAN_POINT('',(45.001848910815,-36.8406292718354,52.));
#5048=CARTESIAN_POINT('',(44.3559919446213,-37.2983653101735,52.));
#5049=CARTESIAN_POINT('',(44.8333980738175,-36.2183622843485,51.2262095661625));
#5050=CARTESIAN_POINT('',(44.6744583106757,-36.3030076547516,52.));
#5051=CARTESIAN_POINT('',(43.9730886157536,-36.6791988174541,52.));
#5052=CARTESIAN_POINT('',(44.6968539356974,-35.9407681336627,51.2222956745755));
#5053=CARTESIAN_POINT('',(44.5349599757944,-36.0138264722736,51.9999999999987));
#5054=CARTESIAN_POINT('',(43.8084075005006,-36.3468452933201,52.));
#5055=CARTESIAN_POINT('',(44.4810042731275,-35.3730873182722,51.2122114839921));
#5056=CARTESIAN_POINT('',(44.3172243969873,-35.4238443784543,52.0000000000013));
#5057=CARTESIAN_POINT('',(43.5472541667086,-35.6675837042739,52.));
#5058=CARTESIAN_POINT('',(44.3999459018501,-35.080889706885,51.2060349637876));
#5059=CARTESIAN_POINT('',(44.2371862007134,-35.1201851521813,52.));
#5060=CARTESIAN_POINT('',(43.4486772165593,-35.3181437161908,52.));
#5061=CARTESIAN_POINT('',(44.2915770930441,-34.4797784715592,51.1914270601355));
#5062=CARTESIAN_POINT('',(44.1345071871192,-34.4977909199772,52.));
#5063=CARTESIAN_POINT('',(43.3155437258429,-34.5996389228947,52.));
#5064=CARTESIAN_POINT('',(44.2648723910549,-34.1703766958601,51.1829613025623));
#5065=CARTESIAN_POINT('',(44.1127807757684,-34.1779445855246,52.));
#5066=CARTESIAN_POINT('',(43.2817067924935,-34.2299923963466,52.));
#5067=CARTESIAN_POINT('',(44.2665145462487,-33.8632850578452,51.1736481776669));
#5068=CARTESIAN_POINT('',(44.1208064244138,-33.8632850578452,52.));
#5069=CARTESIAN_POINT('',(43.2817067932365,-33.8632850578452,52.));
#5070=CARTESIAN_POINT('',(26.612508484719,-43.1369308611432,51.));
#5071=CARTESIAN_POINT('',(27.0156356607668,-44.0354489691003,51.173648177661));
#5072=CARTESIAN_POINT('',(26.612508484719,-43.1369308611432,52.));
#5073=CARTESIAN_POINT('',(23.3874910763409,-43.1369308611431,52.));
#5074=CARTESIAN_POINT('',(23.642193536163,-43.2512051116575,52.));
#5075=CARTESIAN_POINT('',(23.9087047792773,-43.3382364131616,52.));
#5076=CARTESIAN_POINT('',(24.4512473167204,-43.4539776472235,52.));
#5077=CARTESIAN_POINT('',(24.724987459257,-43.4827187072218,52.));
#5078=CARTESIAN_POINT('',(25.2773535938382,-43.4825540446879,52.));
#5079=CARTESIAN_POINT('',(25.5571301298911,-43.4526526597122,52.));
#5080=CARTESIAN_POINT('',(26.0957049573501,-43.336822202273,52.));
#5081=CARTESIAN_POINT('',(26.357816523409,-43.2512004014181,52.));
#5082=CARTESIAN_POINT('',(26.612508484719,-43.1369308611432,52.));
#5083=CARTESIAN_POINT('',(27.0156355592587,-44.0354489981251,51.1736481832704));
#5084=CARTESIAN_POINT('',(25.7321475089044,-44.6071423640049,51.1951393203679));
#5085=CARTESIAN_POINT('',(24.2696750651326,-44.6079543734597,51.1951698454615));
#5086=CARTESIAN_POINT('',(22.9843640017994,-44.035448998123,51.1736481832761));
#5087=CARTESIAN_POINT('',(26.612508484719,-43.1369308611432,52.));
#5088=CARTESIAN_POINT('',(26.955990614814,-43.9025079097459,52.));
#5089=CARTESIAN_POINT('',(27.0156356607662,-44.0354489690994,51.1736481776669));
#5090=CARTESIAN_POINT('',(26.3578347222993,-43.2511922333025,52.));
#5091=CARTESIAN_POINT('',(26.646211972199,-44.0364492402283,52.0000000000029));
#5092=CARTESIAN_POINT('',(26.6972928101903,-44.1772458132619,51.1789786236807));
#5093=CARTESIAN_POINT('',(26.0957049574592,-43.3368222026949,52.));
#5094=CARTESIAN_POINT('',(26.3275041147011,-44.1370289021558,52.));
#5095=CARTESIAN_POINT('',(26.369631251581,-44.2835107385381,51.1829740933879));
#5096=CARTESIAN_POINT('',(25.5571301297821,-43.4526526592904,52.));
#5097=CARTESIAN_POINT('',(25.6745755770948,-44.2727080349308,52.));
#5098=CARTESIAN_POINT('',(25.6964127172055,-44.4272541451123,51.1883789365744));
#5099=CARTESIAN_POINT('',(25.2773535939026,-43.4825540439267,52.));
#5100=CARTESIAN_POINT('',(25.3356326055759,-44.3077585156049,52.));
#5101=CARTESIAN_POINT('',(25.346692047246,-44.464361152176,51.1897743420499));
#5102=CARTESIAN_POINT('',(24.7249874591925,-43.4827187079829,52.));
#5103=CARTESIAN_POINT('',(24.6672015285716,-44.3079512014398,52.));
#5104=CARTESIAN_POINT('',(24.6562343788578,-44.4645654951485,51.1897820257803));
#5105=CARTESIAN_POINT('',(24.4512473166298,-43.4539776482928,52.));
#5106=CARTESIAN_POINT('',(24.3355687457187,-44.2742591112067,52.));
#5107=CARTESIAN_POINT('',(24.3140592009226,-44.4288984286732,51.1884407656923));
#5108=CARTESIAN_POINT('',(23.9087047793679,-43.3382364120923,52.));
#5109=CARTESIAN_POINT('',(23.677848903962,-44.1386866317331,52.));
#5110=CARTESIAN_POINT('',(23.6358810288095,-44.2852657483534,51.1830400799285));
#5111=CARTESIAN_POINT('',(23.6410339464169,-43.2506848512848,52.));
#5112=CARTESIAN_POINT('',(23.3524141390796,-44.0358553959179,52.0000000000029));
#5113=CARTESIAN_POINT('',(23.301291372104,-44.1766153732948,51.1789549210508));
#5114=CARTESIAN_POINT('',(23.3874910763409,-43.1369308611431,52.));
#5115=CARTESIAN_POINT('',(23.044008946246,-43.9025079097453,52.));
#5116=CARTESIAN_POINT('',(22.9843639002936,-44.0354489690991,51.1736481776675));
#5117=CARTESIAN_POINT('',(41.1228321918475,-49.3932861005932,51.));
#5118=CARTESIAN_POINT('',(41.1228321918475,-49.3932861005932,52.));
#5119=CARTESIAN_POINT('',(40.1927360571677,-49.7169638431526,51.1736481589011));
#5120=CARTESIAN_POINT('',(48.,-47.,51.1736481776669));
#5121=CARTESIAN_POINT('',(56.2665145462487,-47.,51.1736481776669));
#5122=CARTESIAN_POINT('',(48.,-47.,51.1736481776669));
#5123=CARTESIAN_POINT('',(48.,-47.,52.));
#5124=CARTESIAN_POINT('',(48.,-47.,51.));
#5125=CARTESIAN_POINT('',(30.9999995610602,-52.9160785217953,51.1736481776669));
#5126=CARTESIAN_POINT('',(30.9999995610602,-52.9160785217953,52.));
#5127=CARTESIAN_POINT('',(30.9999995610602,-52.9160785217953,51.));
#5128=CARTESIAN_POINT('',(-48.2010467187682,-2.48707119578482,51.1736481776669));
#5129=CARTESIAN_POINT('',(-49.694451441989,-2.5860057202143,43.5804794802845));
#5130=CARTESIAN_POINT('',(-51.1027853701097,-2.68985664204083,36.5225967543955));
#5131=CARTESIAN_POINT('',(-52.4261002919625,-2.79737169381613,30.));
#5132=CARTESIAN_POINT('',(-52.4261002919625,-2.79737169381613,30.));
#5133=CARTESIAN_POINT('',(-52.4261002919625,2.79737169381609,30.));
#5134=CARTESIAN_POINT('',(-51.1027853701103,2.68985664204093,36.5225967543921));
#5135=CARTESIAN_POINT('',(-49.6944514419897,2.58600572021432,43.580479480281));
#5136=CARTESIAN_POINT('',(-48.2010467187682,2.48707119578479,51.1736481776669));
#5137=CARTESIAN_POINT('',(-52.4261002919625,2.7973716938161,30.));
#5138=CARTESIAN_POINT('',(-52.4261002919625,-2.79737169381612,30.));
#5139=CARTESIAN_POINT('',(-53.56227089897,-1.15151716493191,30.));
#5140=CARTESIAN_POINT('',(-53.569780794326,1.14063834514346,30.));
#5141=CARTESIAN_POINT('',(-52.4261002919625,2.79737169381609,30.));
#5142=CARTESIAN_POINT('',(-48.1758201870055,2.48540099330275,51.3019214142885));
#5143=CARTESIAN_POINT('',(-49.5708242060244,-1.32272665043232E-14,51.5868587501299));
#5144=CARTESIAN_POINT('',(-48.1758201870055,-2.48540099330278,51.3019214142885));
#5145=CARTESIAN_POINT('',(-49.5939873837707,2.57923931201383,44.0902007512412));
#5146=CARTESIAN_POINT('',(-51.1302314688502,3.87736720720658E-11,44.3135231554471));
#5147=CARTESIAN_POINT('',(-49.5939873837925,-2.57923931197541,44.0902007512449));
#5148=CARTESIAN_POINT('',(-51.0288157382326,2.68348339475437,36.8831685683334));
#5149=CARTESIAN_POINT('',(-52.7229579672039,-7.35937056488892E-11,37.0954003564373));
#5150=CARTESIAN_POINT('',(-51.028815738218,-2.68348339477627,36.8831685683308));
#5151=CARTESIAN_POINT('',(-52.4896991429787,2.80254697719174,29.6866117773471));
#5152=CARTESIAN_POINT('',(-54.344359129166,-1.21430643318376E-14,30.0843433294122));
#5153=CARTESIAN_POINT('',(-52.4896991429786,-2.80254697719177,29.6866117773471));
#5154=CARTESIAN_POINT('',(-27.0156356607667,44.0354489691003,51.173648177661));
#5155=CARTESIAN_POINT('',(-27.0618233466843,44.3828549384291,49.2688192869109));
#5156=CARTESIAN_POINT('',(-27.1094665764187,44.7177666566896,47.4340354526863));
#5157=CARTESIAN_POINT('',(-27.1830791734672,45.2011786457728,44.7869272861379));
#5158=CARTESIAN_POINT('',(-27.2204181368245,45.4381464290552,43.4896400990607));
#5159=CARTESIAN_POINT('',(-27.2648598720406,45.7062790787241,42.022105449149));
#5160=CARTESIAN_POINT('',(-27.2840863600445,45.8194047704593,41.4030121138321));
#5161=CARTESIAN_POINT('',(-27.2969430108794,45.8944241511639,40.9924721316373));
#5162=CARTESIAN_POINT('',(-27.3021447722553,45.924583994113,40.827427759402));
#5163=CARTESIAN_POINT('',(-27.4332632091087,46.6770507424683,36.7098195445102));
#5164=CARTESIAN_POINT('',(-27.565633475204,47.322112576855,33.1814143740211));
#5165=CARTESIAN_POINT('',(-27.7045152479194,47.9021198238178,30.));
#5166=CARTESIAN_POINT('',(-27.7045152479194,47.9021198238178,30.));
#5167=CARTESIAN_POINT('',(-22.2954843131408,47.9021198238178,30.));
#5168=CARTESIAN_POINT('',(-22.3649240197452,47.6121211273001,31.5906801619805));
#5169=CARTESIAN_POINT('',(-22.4328295578356,47.3058830672417,33.2681215355932));
#5170=CARTESIAN_POINT('',(-22.5316479711893,46.8224442218849,35.9144254134607));
#5171=CARTESIAN_POINT('',(-22.5640864657187,46.6572863757523,36.8182170089913));
#5172=CARTESIAN_POINT('',(-22.6119523916771,46.4035824007581,38.2064398566493));
#5173=CARTESIAN_POINT('',(-22.6356879494493,46.2752387483236,38.9086851440688));
#5174=CARTESIAN_POINT('',(-22.6591248250153,46.1446681050262,39.6231312268741));
#5175=CARTESIAN_POINT('',(-22.674683096099,46.0571273562456,40.1021399032745));
#5176=CARTESIAN_POINT('',(-22.683675376323,46.0059576729205,40.3821392630884));
#5177=CARTESIAN_POINT('',(-22.793606951664,45.3750718815395,43.8344354855772));
#5178=CARTESIAN_POINT('',(-22.8919866527743,44.7302750159295,47.3639130409762));
#5179=CARTESIAN_POINT('',(-22.9843639002936,44.0354489690992,51.1736481776669));
#5180=CARTESIAN_POINT('',(-22.2954843131408,47.9021198238178,30.));
#5181=CARTESIAN_POINT('',(-27.7045152479194,47.9021198238178,30.));
#5182=CARTESIAN_POINT('',(-26.0993458589845,48.9571365999436,30.));
#5183=CARTESIAN_POINT('',(-23.9120285748095,48.9646128710737,30.));
#5184=CARTESIAN_POINT('',(-22.2954843131408,47.9021198238178,30.));
#5185=CARTESIAN_POINT('',(-27.7176458512276,47.9566863803574,29.7006658671852));
#5186=CARTESIAN_POINT('',(-24.9999997805301,49.6783722248728,30.0647134707893));
#5187=CARTESIAN_POINT('',(-22.2823537098326,47.9566863803574,29.7006658671852));
#5188=CARTESIAN_POINT('',(-27.5592916193661,47.3018625463575,33.2931744002432));
#5189=CARTESIAN_POINT('',(-24.9999997805363,48.8039338819747,33.5133589033815));
#5190=CARTESIAN_POINT('',(-22.4407079416928,47.3018625463566,33.2931744002434));
#5191=CARTESIAN_POINT('',(-27.4277827957282,46.6438933554421,36.8912836961764));
#5192=CARTESIAN_POINT('',(-24.9999997805236,47.9710634780987,37.108539778787));
#5193=CARTESIAN_POINT('',(-22.572216765322,46.643893355437,36.8912836961753));
#5194=CARTESIAN_POINT('',(-27.197867143279,45.3278149435642,44.0930139112905));
#5195=CARTESIAN_POINT('',(-24.9999997805364,46.388687417845,44.2517971845459));
#5196=CARTESIAN_POINT('',(-22.8021324177912,45.3278149435693,44.0930139112915));
#5197=CARTESIAN_POINT('',(-27.0996800812577,44.6695645629189,47.6966664500004));
#5198=CARTESIAN_POINT('',(-24.9999997805237,45.6269114857624,47.8515110280102));
#5199=CARTESIAN_POINT('',(-22.9003194797872,44.6695645629122,47.6966664499993));
#5200=CARTESIAN_POINT('',(-27.012530695313,44.0120589881481,51.3018977891991));
#5201=CARTESIAN_POINT('',(-24.9999997805301,44.8808959161161,51.4697577612091));
#5202=CARTESIAN_POINT('',(-22.9874688657472,44.0120589881481,51.3018977891991));
#5203=CARTESIAN_POINT('',(22.9843639002935,44.0354489691003,51.173648177661));
#5204=CARTESIAN_POINT('',(22.9381762144273,44.3828549380418,49.2688192890345));
#5205=CARTESIAN_POINT('',(22.8905329847412,44.7177666561152,47.4340354558717));
#5206=CARTESIAN_POINT('',(22.8169203877093,45.2011786452037,44.7869272893232));
#5207=CARTESIAN_POINT('',(22.7795814243465,45.4381464285602,43.4896401018479));
#5208=CARTESIAN_POINT('',(22.7351396890888,45.706279078437,42.0221054507748));
#5209=CARTESIAN_POINT('',(22.7159132010584,45.8194047702868,41.403012114811));
#5210=CARTESIAN_POINT('',(22.7030565502037,45.8944241510734,40.9924721321516));
#5211=CARTESIAN_POINT('',(22.6978547888032,45.9245839941492,40.8274277592165));
#5212=CARTESIAN_POINT('',(22.5667363519783,46.6770507418899,36.7098195474784));
#5213=CARTESIAN_POINT('',(22.4343660859858,47.3221125763138,33.1814143769894));
#5214=CARTESIAN_POINT('',(22.2954843131408,47.9021198238178,30.));
#5215=CARTESIAN_POINT('',(22.2954843131408,47.9021198238178,30.));
#5216=CARTESIAN_POINT('',(27.7045152479194,47.9021198238178,30.));
#5217=CARTESIAN_POINT('',(27.6350755412436,47.6121211270018,31.5906801636168));
#5218=CARTESIAN_POINT('',(27.567170003145,47.3058830667829,33.2681215380478));
#5219=CARTESIAN_POINT('',(27.4683515898126,46.8224442214185,35.9144254159153));
#5220=CARTESIAN_POINT('',(27.4359130952958,46.657286375322,36.8182170112413));
#5221=CARTESIAN_POINT('',(27.3880471693565,46.403582400443,38.2064398582857));
#5222=CARTESIAN_POINT('',(27.3643116115939,46.2752387480813,38.9086851453216));
#5223=CARTESIAN_POINT('',(27.3408747360359,46.1446681048799,39.6231312276284));
#5224=CARTESIAN_POINT('',(27.3253164649572,46.0571273561685,40.1021399036708));
#5225=CARTESIAN_POINT('',(27.3163241847505,46.0059576729719,40.3821392627957));
#5226=CARTESIAN_POINT('',(27.2063926091844,45.375071880717,43.8344354902605));
#5227=CARTESIAN_POINT('',(27.1080129081723,44.7302750150753,47.3639130456594));
#5228=CARTESIAN_POINT('',(27.0156356607666,44.0354489690992,51.1736481776669));
#5229=CARTESIAN_POINT('',(27.7045152479194,47.9021198238178,30.));
#5230=CARTESIAN_POINT('',(22.2954843131408,47.9021198238178,30.));
#5231=CARTESIAN_POINT('',(23.9021644848654,48.9581295799989,30.));
#5232=CARTESIAN_POINT('',(26.0877120843008,48.9647830374765,30.));
#5233=CARTESIAN_POINT('',(27.7045152479194,47.9021198238178,30.));
#5234=CARTESIAN_POINT('',(22.2823583352083,47.9566672535461,29.7007708011034));
#5235=CARTESIAN_POINT('',(24.9999997805301,49.6783460638167,30.0648166459196));
#5236=CARTESIAN_POINT('',(27.7176412258519,47.9566672535461,29.7007708011034));
#5237=CARTESIAN_POINT('',(22.4407112576813,47.3018465581379,33.2932618575967));
#5238=CARTESIAN_POINT('',(24.9999997805798,48.8039132431023,33.5134466903654));
#5239=CARTESIAN_POINT('',(27.5592883033737,47.3018465581413,33.2932618575971));
#5240=CARTESIAN_POINT('',(22.5722191623036,46.6438805824019,36.8913535807026));
#5241=CARTESIAN_POINT('',(24.9999997805301,47.9710476431288,37.1086096030456));
#5242=CARTESIAN_POINT('',(27.4277803987566,46.6438805824019,36.8913535807026));
#5243=CARTESIAN_POINT('',(22.8021333587078,45.327808609863,44.0930485810191));
#5244=CARTESIAN_POINT('',(24.9999997805301,46.3886800107156,44.251832236906));
#5245=CARTESIAN_POINT('',(27.1978662023524,45.327808609863,44.0930485810191));
#5246=CARTESIAN_POINT('',(22.9003198900858,44.6695614575657,47.6966834778292));
#5247=CARTESIAN_POINT('',(24.9999997805815,45.6269079323367,47.8515282736886));
#5248=CARTESIAN_POINT('',(27.0996796709771,44.6695614575646,47.696683477829));
#5249=CARTESIAN_POINT('',(22.9874688505644,44.0120591026965,51.3018971611081));
#5250=CARTESIAN_POINT('',(24.9999997805301,44.8808960449937,51.4697571361404));
#5251=CARTESIAN_POINT('',(27.0125307104958,44.0120591026965,51.3018971611081));
#5252=CARTESIAN_POINT('',(48.2010467187682,2.48707119578481,51.1736481776669));
#5253=CARTESIAN_POINT('',(49.6944514419891,2.58600572021429,43.5804794802842));
#5254=CARTESIAN_POINT('',(51.1027853701097,2.68985664204083,36.5225967543952));
#5255=CARTESIAN_POINT('',(52.4261002919625,2.79737169381612,30.));
#5256=CARTESIAN_POINT('',(52.4261002919625,2.79737169381611,30.));
#5257=CARTESIAN_POINT('',(52.4261002919626,-2.79737169381611,30.));
#5258=CARTESIAN_POINT('',(51.1027853701103,-2.68985664204094,36.5225967543921));
#5259=CARTESIAN_POINT('',(49.6944514419897,-2.58600572021433,43.580479480281));
#5260=CARTESIAN_POINT('',(48.2010467187682,-2.4870711957848,51.1736481776669));
#5261=CARTESIAN_POINT('',(52.4261002919625,-2.79737169381612,30.));
#5262=CARTESIAN_POINT('',(52.4261002919626,2.79737169381611,30.));
#5263=CARTESIAN_POINT('',(53.5622873864417,1.15149328121256,30.));
#5264=CARTESIAN_POINT('',(53.5697753981878,-1.14064616197841,30.));
#5265=CARTESIAN_POINT('',(52.4261002919626,-2.79737169381612,30.));
#5266=CARTESIAN_POINT('',(48.1758202270168,-2.48540099595026,51.301921210822));
#5267=CARTESIAN_POINT('',(49.5708242494749,-6.28837260041593E-15,51.5868585474697));
#5268=CARTESIAN_POINT('',(48.1758202270168,2.48540099595025,51.301921210822));
#5269=CARTESIAN_POINT('',(49.5939851745762,-2.57923916605498,44.0902119871364));
#5270=CARTESIAN_POINT('',(51.1302290083313,-8.08687942294232E-12,44.3135346349399));
#5271=CARTESIAN_POINT('',(49.5939851745769,2.57923916605376,44.0902119871365));
#5272=CARTESIAN_POINT('',(51.0288112291911,-2.68348306773989,36.8831912287168));
#5273=CARTESIAN_POINT('',(52.7229528784809,-6.26918989036523E-12,37.095423439551));
#5274=CARTESIAN_POINT('',(51.0288112291954,2.68348306773331,36.8831912287176));
#5275=CARTESIAN_POINT('',(52.4896922324448,-2.80254641397585,29.6866458197976));
#5276=CARTESIAN_POINT('',(54.3443513102979,-6.93889390390723E-15,30.0843771387716));
#5277=CARTESIAN_POINT('',(52.4896922324448,2.80254641397583,29.6866458197976));
#5278=CARTESIAN_POINT('',(27.0156356607668,-44.0354489691003,51.173648177661));
#5279=CARTESIAN_POINT('',(27.0618233466382,-44.3828549380816,49.2688192888164));
#5280=CARTESIAN_POINT('',(27.1094665763293,-44.7177666561742,47.4340354555446));
#5281=CARTESIAN_POINT('',(27.1830791733628,-45.2011786452621,44.7869272889961));
#5282=CARTESIAN_POINT('',(27.220418136725,-45.4381464286111,43.4896401015617));
#5283=CARTESIAN_POINT('',(27.2648598719785,-45.7062790784665,42.0221054506079));
#5284=CARTESIAN_POINT('',(27.2840863600062,-45.8194047703045,41.4030121147104));
#5285=CARTESIAN_POINT('',(27.2969430108588,-45.8944241510827,40.9924721320988));
#5286=CARTESIAN_POINT('',(27.3021447722568,-45.9245839941455,40.8274277592355));
#5287=CARTESIAN_POINT('',(27.4332632090847,-46.6770507419494,36.7098195471731));
#5288=CARTESIAN_POINT('',(27.5656334750878,-47.3221125763695,33.1814143766841));
#5289=CARTESIAN_POINT('',(27.7045152479194,-47.9021198238178,30.));
#5290=CARTESIAN_POINT('',(27.7045152479194,-47.9021198238178,30.));
#5291=CARTESIAN_POINT('',(22.2954843131408,-47.9021198238178,30.));
#5292=CARTESIAN_POINT('',(22.3649240198166,-47.6121211270019,31.5906801636165));
#5293=CARTESIAN_POINT('',(22.4328295579152,-47.305883066783,33.2681215380473));
#5294=CARTESIAN_POINT('',(22.5316479712476,-46.8224442214186,35.9144254159148));
#5295=CARTESIAN_POINT('',(22.5640864657644,-46.6572863753221,36.8182170112409));
#5296=CARTESIAN_POINT('',(22.6119523917037,-46.4035824004431,38.2064398582853));
#5297=CARTESIAN_POINT('',(22.6356879494663,-46.2752387480814,38.9086851453214));
#5298=CARTESIAN_POINT('',(22.6591248250243,-46.14466810488,39.6231312276282));
#5299=CARTESIAN_POINT('',(22.674683096103,-46.0571273561686,40.1021399036707));
#5300=CARTESIAN_POINT('',(22.6836753763097,-46.005957672972,40.3821392627957));
#5301=CARTESIAN_POINT('',(22.7936069518758,-45.3750718807169,43.8344354902612));
#5302=CARTESIAN_POINT('',(22.8919866528879,-44.7302750150752,47.3639130456601));
#5303=CARTESIAN_POINT('',(22.9843639002936,-44.0354489690992,51.1736481776669));
#5304=CARTESIAN_POINT('',(22.2954843131408,-47.9021198238178,30.));
#5305=CARTESIAN_POINT('',(27.7045152479194,-47.9021198238178,30.));
#5306=CARTESIAN_POINT('',(26.0978412887055,-48.9581254967519,30.));
#5307=CARTESIAN_POINT('',(23.9122865336894,-48.9647824176325,30.));
#5308=CARTESIAN_POINT('',(22.2954843131408,-47.9021198238178,30.));
#5309=CARTESIAN_POINT('',(27.7176412724009,-47.9566674460352,29.7007697450658));
#5310=CARTESIAN_POINT('',(24.9999997805301,-49.6783463270971,30.0648156075821));
#5311=CARTESIAN_POINT('',(22.2823582886594,-47.9566674460352,29.7007697450658));
#5312=CARTESIAN_POINT('',(27.5592883367409,-47.3018467190474,33.2932609774387));
#5313=CARTESIAN_POINT('',(24.9999997805239,-48.8039134507576,33.513445806879));
#5314=CARTESIAN_POINT('',(22.4407112243193,-47.3018467190477,33.2932609774369));
#5315=CARTESIAN_POINT('',(27.4277804228778,-46.6438807109478,36.8913528773995));
#5316=CARTESIAN_POINT('',(24.9999997805301,-47.9710478024765,37.1086089003455));
#5317=CARTESIAN_POINT('',(22.5722191381823,-46.6438807109473,36.8913528774019));
#5318=CARTESIAN_POINT('',(27.1978662118232,-45.3278086736041,44.0930482321055));
#5319=CARTESIAN_POINT('',(24.9999997805301,-46.3886800852715,44.251831884148));
#5320=CARTESIAN_POINT('',(22.8021333492371,-45.3278086736047,44.0930482321031));
#5321=CARTESIAN_POINT('',(27.0996796750694,-44.6695614888319,47.6966833064681));
#5322=CARTESIAN_POINT('',(24.9999997804595,-45.626907968122,47.8515281001376));
#5323=CARTESIAN_POINT('',(22.9003198859268,-44.6695614888036,47.6966833064664));
#5324=CARTESIAN_POINT('',(27.012530710343,-44.0120591015437,51.301897167429));
#5325=CARTESIAN_POINT('',(24.9999997805301,-44.8808960436967,51.469757142431));
#5326=CARTESIAN_POINT('',(22.9874688507172,-44.0120591015437,51.301897167429));
#5327=CARTESIAN_POINT('',(13.1441318300683,-58.1361715868026,29.1825877725052));
#5328=CARTESIAN_POINT('',(13.,-57.9920397567342,30.));
#5329=CARTESIAN_POINT('',(9.26651454624871,-54.258554302983,51.1736481776669));
#5330=CARTESIAN_POINT('',(9.2585662117919,-55.6083181048527,51.218725422368));
#5331=CARTESIAN_POINT('',(8.71759736853547,-56.8407559873987,51.2419547857523));
#5332=CARTESIAN_POINT('',(7.82113741706944,-57.7372159388647,51.2419547857523));
#5333=CARTESIAN_POINT('',(8.2200930650073,-63.0602103518636,29.1825877725052));
#5334=CARTESIAN_POINT('',(8.07596123493897,-62.9160785217953,30.));
#5335=CARTESIAN_POINT('',(13.,-57.9920397567342,30.));
#5336=CARTESIAN_POINT('',(13.,-60.8941991203563,30.));
#5337=CARTESIAN_POINT('',(10.978120598561,-62.9160785217953,30.));
#5338=CARTESIAN_POINT('',(8.07596123493897,-62.9160785217953,30.));
#5339=CARTESIAN_POINT('',(8.2200930650073,-58.1361715868026,28.3143468841706));
#5340=CARTESIAN_POINT('',(-7.45904552647712,-62.2991628133335,33.498702841636));
#5341=CARTESIAN_POINT('',(-8.07596123493893,-62.9160785217953,30.));
#5342=CARTESIAN_POINT('',(-4.34247578118763,-59.182593068044,51.1736481776669));
#5343=CARTESIAN_POINT('',(-5.69223958243503,-59.1746447335909,51.2187254223472));
#5344=CARTESIAN_POINT('',(-6.92467746520993,-58.6336758907242,51.2419547857524));
#5345=CARTESIAN_POINT('',(-7.82113741706941,-57.7372159388647,51.2419547857524));
#5346=CARTESIAN_POINT('',(-13.1441318300683,-58.1361715868026,29.1825877725052));
#5347=CARTESIAN_POINT('',(-13.,-57.9920397567342,30.));
#5348=CARTESIAN_POINT('',(-8.07596123493893,-62.9160785217953,30.));
#5349=CARTESIAN_POINT('',(-10.9781205985609,-62.9160785217953,30.));
#5350=CARTESIAN_POINT('',(-13.,-60.8941991203563,30.));
#5351=CARTESIAN_POINT('',(-13.,-57.9920397567342,30.));
#5352=CARTESIAN_POINT('',(-7.45904552647712,-57.3751240482724,32.6304619533014));
#5353=CARTESIAN_POINT('',(-22.9843639002934,-44.0354489691003,51.173648177661));
#5354=CARTESIAN_POINT('',(-22.938176214422,-44.3828549380816,49.2688192888162));
#5355=CARTESIAN_POINT('',(-22.8905329847309,-44.7177666561743,47.4340354555443));
#5356=CARTESIAN_POINT('',(-22.8169203876974,-45.2011786452622,44.7869272889959));
#5357=CARTESIAN_POINT('',(-22.7795814243351,-45.4381464286111,43.4896401015615));
#5358=CARTESIAN_POINT('',(-22.7351396890817,-45.7062790784665,42.0221054506077));
#5359=CARTESIAN_POINT('',(-22.715913201054,-45.8194047703045,41.4030121147104));
#5360=CARTESIAN_POINT('',(-22.7030565502014,-45.8944241510827,40.9924721320988));
#5361=CARTESIAN_POINT('',(-22.6978547888034,-45.9245839941455,40.8274277592355));
#5362=CARTESIAN_POINT('',(-22.5667363519755,-46.6770507419493,36.7098195471736));
#5363=CARTESIAN_POINT('',(-22.4343660859724,-47.3221125763694,33.1814143766845));
#5364=CARTESIAN_POINT('',(-22.2954843131408,-47.9021198238178,30.));
#5365=CARTESIAN_POINT('',(-22.2954843131408,-47.9021198238178,30.));
#5366=CARTESIAN_POINT('',(-27.7045152479194,-47.9021198238178,30.));
#5367=CARTESIAN_POINT('',(-27.6350755412435,-47.6121211270019,31.5906801636167));
#5368=CARTESIAN_POINT('',(-27.567170003145,-47.305883066783,33.2681215380476));
#5369=CARTESIAN_POINT('',(-27.4683515898126,-46.8224442214185,35.9144254159151));
#5370=CARTESIAN_POINT('',(-27.4359130952958,-46.657286375322,36.8182170112412));
#5371=CARTESIAN_POINT('',(-27.3880471693565,-46.403582400443,38.2064398582856));
#5372=CARTESIAN_POINT('',(-27.3643116115939,-46.2752387480813,38.9086851453215));
#5373=CARTESIAN_POINT('',(-27.3408747360359,-46.1446681048799,39.6231312276283));
#5374=CARTESIAN_POINT('',(-27.3253164649572,-46.0571273561686,40.1021399036708));
#5375=CARTESIAN_POINT('',(-27.3163241847505,-46.005957672972,40.3821392627957));
#5376=CARTESIAN_POINT('',(-27.2063926091844,-45.3750718807168,43.8344354902614));
#5377=CARTESIAN_POINT('',(-27.1080129081723,-44.7302750150752,47.3639130456603));
#5378=CARTESIAN_POINT('',(-27.0156356607666,-44.0354489690992,51.1736481776669));
#5379=CARTESIAN_POINT('',(-27.7045152479194,-47.9021198238178,30.));
#5380=CARTESIAN_POINT('',(-22.2954843131408,-47.9021198238178,30.));
#5381=CARTESIAN_POINT('',(-23.9022896220819,-48.9582118279309,30.));
#5382=CARTESIAN_POINT('',(-26.0876933436196,-48.9647953550133,30.));
#5383=CARTESIAN_POINT('',(-27.7045152479194,-47.9021198238178,30.));
#5384=CARTESIAN_POINT('',(-22.282359317653,-47.9566631909411,29.7007930894521));
#5385=CARTESIAN_POINT('',(-24.9999997805301,-49.6783405071184,30.0648385606971));
#5386=CARTESIAN_POINT('',(-27.7176402434072,-47.9566631909411,29.7007930894521));
#5387=CARTESIAN_POINT('',(-22.4407119620299,-47.3018431621972,33.2932804338532));
#5388=CARTESIAN_POINT('',(-24.9999997805363,-48.8039088593372,33.5134653366242));
#5389=CARTESIAN_POINT('',(-27.5592875990244,-47.3018431622008,33.2932804338542));
#5390=CARTESIAN_POINT('',(-22.5722196714371,-46.6438778693639,36.8913684244421));
#5391=CARTESIAN_POINT('',(-24.999999780543,-47.971044279725,37.1086244339947));
#5392=CARTESIAN_POINT('',(-27.4277798896381,-46.6438778693562,36.8913684244405));
#5393=CARTESIAN_POINT('',(-22.8021335585555,-45.3278072645592,44.0930559449862));
#5394=CARTESIAN_POINT('',(-24.9999997805175,-46.3886784374146,44.2518396821317));
#5395=CARTESIAN_POINT('',(-27.1978660024897,-45.3278072645669,44.0930559449877));
#5396=CARTESIAN_POINT('',(-22.9003199772373,-44.6695607979785,47.6966870946099));
#5397=CARTESIAN_POINT('',(-24.9999997805493,-45.6269071775237,47.8515319367387));
#5398=CARTESIAN_POINT('',(-27.0996795838283,-44.6695607979763,47.6966870946092));
#5399=CARTESIAN_POINT('',(-22.9874688473395,-44.012059127027,51.3018970276992));
#5400=CARTESIAN_POINT('',(-24.9999997805301,-44.8808960723678,51.4697570033735));
#5401=CARTESIAN_POINT('',(-27.0125307137207,-44.012059127027,51.3018970276992));
#5402=CARTESIAN_POINT('',(-13.1441318300683,58.1361715868026,29.1825877725052));
#5403=CARTESIAN_POINT('',(-13.,57.9920397567342,30.));
#5404=CARTESIAN_POINT('',(-9.26651454624868,54.2585543029829,51.1736481776669));
#5405=CARTESIAN_POINT('',(-9.25856621179179,55.6083181048691,51.2187254223686));
#5406=CARTESIAN_POINT('',(-8.71759736852502,56.8407559874091,51.2419547857523));
#5407=CARTESIAN_POINT('',(-7.82113741706942,57.7372159388647,51.2419547857523));
#5408=CARTESIAN_POINT('',(-7.45904552647713,62.2991628133334,33.498702841636));
#5409=CARTESIAN_POINT('',(-8.07596123493894,62.9160785217953,30.));
#5410=CARTESIAN_POINT('',(-13.,57.9920397567342,30.));
#5411=CARTESIAN_POINT('',(-13.,60.8941991203562,30.));
#5412=CARTESIAN_POINT('',(-10.978120598561,62.9160785217953,30.));
#5413=CARTESIAN_POINT('',(-8.07596123493894,62.9160785217953,30.));
#5414=CARTESIAN_POINT('',(-8.22009306500728,58.1361715868026,28.3143468841706));
#5415=CARTESIAN_POINT('',(8.22009306500729,63.0602103518636,29.1825877725052));
#5416=CARTESIAN_POINT('',(8.07596123493895,62.9160785217953,30.));
#5417=CARTESIAN_POINT('',(4.34247578118765,59.182593068044,51.1736481776669));
#5418=CARTESIAN_POINT('',(5.69223958453321,59.1746447335785,51.2187254224173));
#5419=CARTESIAN_POINT('',(6.92467746653618,58.6336758893979,51.2419547857524));
#5420=CARTESIAN_POINT('',(7.82113741706942,57.7372159388647,51.2419547857524));
#5421=CARTESIAN_POINT('',(13.1441318300683,58.1361715868026,29.1825877725052));
#5422=CARTESIAN_POINT('',(13.,57.9920397567342,30.));
#5423=CARTESIAN_POINT('',(8.07596123493895,62.9160785217953,30.));
#5424=CARTESIAN_POINT('',(10.978120598561,62.9160785217952,30.));
#5425=CARTESIAN_POINT('',(13.,60.8941991203562,30.));
#5426=CARTESIAN_POINT('',(13.,57.9920397567342,30.));
#5427=CARTESIAN_POINT('',(8.22009306500729,58.1361715868026,28.3143468841706));
#5428=CARTESIAN_POINT('',(-44.2665145462487,33.8632850578452,51.1736481776669));
#5429=CARTESIAN_POINT('',(-44.8872855160277,33.2962291637233,47.653081062613));
#5430=CARTESIAN_POINT('',(-45.5089739286592,32.7645185703192,44.1273108705889));
#5431=CARTESIAN_POINT('',(-46.7536551781491,31.7513514853759,37.0683727291373));
#5432=CARTESIAN_POINT('',(-47.3766089197071,31.2701242532851,33.5354265001767));
#5433=CARTESIAN_POINT('',(-48.,30.8081214690369,30.));
#5434=CARTESIAN_POINT('',(-48.,30.8081214690369,30.));
#5435=CARTESIAN_POINT('',(-51.4913926871119,35.5191386601709,30.));
#5436=CARTESIAN_POINT('',(-51.2317457042753,35.7821048833275,31.8552692590647));
#5437=CARTESIAN_POINT('',(-50.9820993787685,36.0436451361509,33.6653101447219));
#5438=CARTESIAN_POINT('',(-50.6231673853168,36.4334845954537,36.3125289130968));
#5439=CARTESIAN_POINT('',(-50.4475836904455,36.627783864916,37.6191776572565));
#5440=CARTESIAN_POINT('',(-50.2496242665023,36.8532800534004,39.1139200720609));
#5441=CARTESIAN_POINT('',(-50.1662690742932,36.9496546041389,39.7481637241095));
#5442=CARTESIAN_POINT('',(-50.1110297475414,37.0138436166045,40.1695794388062));
#5443=CARTESIAN_POINT('',(-50.0873009847321,37.0415345328209,40.3510071133213));
#5444=CARTESIAN_POINT('',(-49.5600642604038,37.6604422814234,44.3947624363501));
#5445=CARTESIAN_POINT('',(-49.1246389870855,38.2260079241294,47.9230201377387));
#5446=CARTESIAN_POINT('',(-48.7461192895973,38.7672259384192,51.1736481776651));
#5447=CARTESIAN_POINT('',(-51.4913926871119,35.5191386601709,30.));
#5448=CARTESIAN_POINT('',(-48.,30.8081214690369,30.));
#5449=CARTESIAN_POINT('',(-48.,32.9233246658036,30.));
#5450=CARTESIAN_POINT('',(-49.4569454819102,34.9004521449087,30.));
#5451=CARTESIAN_POINT('',(-51.4913926871119,35.5191386601709,30.));
#5452=CARTESIAN_POINT('',(-51.5095100141426,35.5008043327092,29.8705905987265));
#5453=CARTESIAN_POINT('',(-51.0466683764744,35.3481744992066,29.8089037067725));
#5454=CARTESIAN_POINT('',(-50.5819212124124,35.1182164948107,29.7569753794643));
#5455=CARTESIAN_POINT('',(-49.7236209343334,34.5036145258178,29.6858651439144));
#5456=CARTESIAN_POINT('',(-49.3313934490298,34.1189752244099,29.6669163710402));
#5457=CARTESIAN_POINT('',(-48.688857645556,33.2441591695944,29.6678200548906));
#5458=CARTESIAN_POINT('',(-48.4393976659306,32.7551555157681,29.6876689580323));
#5459=CARTESIAN_POINT('',(-48.1099850744896,31.7536939758978,29.7603172449374));
#5460=CARTESIAN_POINT('',(-48.0329167780166,31.243576612125,29.8133196752741));
#5461=CARTESIAN_POINT('',(-48.0220397146029,30.7563395680491,29.8750065672631));
#5462=CARTESIAN_POINT('',(-50.4905567310345,36.5311420735605,37.1462819829713));
#5463=CARTESIAN_POINT('',(-50.0022809404952,36.3982128856608,37.0786976661745));
#5464=CARTESIAN_POINT('',(-49.5065023207612,36.1816831822495,37.0212976026405));
#5465=CARTESIAN_POINT('',(-48.5844988456713,35.5761464032361,36.9424672339785));
#5466=CARTESIAN_POINT('',(-48.1598928315378,35.1870526119116,36.921333696157));
#5467=CARTESIAN_POINT('',(-47.462973655693,34.2892599544488,36.9223480083343));
#5468=CARTESIAN_POINT('',(-47.1917353490947,33.7819794056712,36.9444912490602));
#5469=CARTESIAN_POINT('',(-46.8342226529268,32.7409995000631,37.0250255734515));
#5470=CARTESIAN_POINT('',(-46.7509747298673,32.2100433596964,37.0835743067305));
#5471=CARTESIAN_POINT('',(-46.7390567360346,31.7048412658191,37.1511646084977));
#5472=CARTESIAN_POINT('',(-49.5277736011926,37.6370679913792,44.413991492234));
#5473=CARTESIAN_POINT('',(-49.0103272708907,37.5304395648911,44.3391093917629));
#5474=CARTESIAN_POINT('',(-48.4777399329444,37.3327501436307,44.2748803469669));
#5475=CARTESIAN_POINT('',(-47.4789954450481,36.7425563875669,44.1863992833665));
#5476=CARTESIAN_POINT('',(-47.0148550540025,36.3498467160096,44.1625255479085));
#5477=CARTESIAN_POINT('',(-46.2513572294798,35.4269478227857,44.1636794216341));
#5478=CARTESIAN_POINT('',(-45.9533678939173,34.8985004111544,44.1887010956391));
#5479=CARTESIAN_POINT('',(-45.5614286069345,33.8114385275236,44.2790929325191));
#5480=CARTESIAN_POINT('',(-45.4706672427217,33.2560887875513,44.3445588821636));
#5481=CARTESIAN_POINT('',(-45.4574612904051,32.7301273287314,44.4194535593959));
#5482=CARTESIAN_POINT('',(-48.6900042193114,38.8478922024363,51.6571673109005));
#5483=CARTESIAN_POINT('',(-48.1416122552776,38.7861352625242,51.5704776515248));
#5484=CARTESIAN_POINT('',(-47.5637735051805,38.6257088032026,51.4945834460145));
#5485=CARTESIAN_POINT('',(-46.4617855625992,38.0769188244966,51.3891952797025));
#5486=CARTESIAN_POINT('',(-45.9404071775331,37.6878160893176,51.3603096644696));
#5487=CARTESIAN_POINT('',(-45.0784982344444,36.7414429331208,51.3616755067443));
#5488=CARTESIAN_POINT('',(-44.7401263073942,36.1865839924871,51.3919168498273));
#5489=CARTESIAN_POINT('',(-44.2969850945985,35.0404874682966,51.4994845343991));
#5490=CARTESIAN_POINT('',(-44.1954485328683,34.4535534843335,51.5766835673439));
#5491=CARTESIAN_POINT('',(-44.1801628050019,33.9019068499283,51.663373237892));
#5492=CARTESIAN_POINT('',(-48.746119289597,-38.7672259384195,51.1736481776669));
#5493=CARTESIAN_POINT('',(-48.935375874348,-38.496621598223,49.548362188022));
#5494=CARTESIAN_POINT('',(-49.1388044064299,-38.2199152877634,47.8536547678524));
#5495=CARTESIAN_POINT('',(-49.4661030289384,-37.7971296424237,45.2074614918107));
#5496=CARTESIAN_POINT('',(-49.5788916233905,-37.6549129358111,44.3080417088323));
#5497=CARTESIAN_POINT('',(-49.7536889349872,-37.439827401957,42.9328789979179));
#5498=CARTESIAN_POINT('',(-49.842490875727,-37.3318444283919,42.238789383349));
#5499=CARTESIAN_POINT('',(-49.9334100539927,-37.2232324477575,41.5349373801126));
#5500=CARTESIAN_POINT('',(-49.994494511535,-37.1506880886151,41.0635332915844));
#5501=CARTESIAN_POINT('',(-50.0289991420546,-37.1099732452809,40.7981649927427));
#5502=CARTESIAN_POINT('',(-50.4928937432419,-36.5654228820668,37.2402363656239));
#5503=CARTESIAN_POINT('',(-50.9720885297801,-36.0450814284293,33.7106113411237));
#5504=CARTESIAN_POINT('',(-51.4913926871119,-35.519138660171,30.));
#5505=CARTESIAN_POINT('',(-51.4913926871119,-35.519138660171,30.));
#5506=CARTESIAN_POINT('',(-48.,-30.8081214690369,30.));
#5507=CARTESIAN_POINT('',(-47.3766089197071,-31.2701242532851,33.5354265001768));
#5508=CARTESIAN_POINT('',(-46.7536551781491,-31.751351485376,37.0683727291376));
#5509=CARTESIAN_POINT('',(-45.5089739286591,-32.7645185703192,44.1273108705894));
#5510=CARTESIAN_POINT('',(-44.8872855160276,-33.2962291637234,47.6530810626135));
#5511=CARTESIAN_POINT('',(-44.2665145462486,-33.8632850578453,51.1736481776676));
#5512=CARTESIAN_POINT('',(-48.,-30.8081214690369,30.));
#5513=CARTESIAN_POINT('',(-51.4913926871119,-35.519138660171,30.));
#5514=CARTESIAN_POINT('',(-49.4676571569971,-34.9037096238513,30.));
#5515=CARTESIAN_POINT('',(-48.,-32.9345191756724,30.));
#5516=CARTESIAN_POINT('',(-48.,-30.8081214690369,30.));
#5517=CARTESIAN_POINT('',(-48.0220397907756,-30.7563395057977,29.8750061352661));
#5518=CARTESIAN_POINT('',(-48.0329168541388,-31.2435765492889,29.8133192435637));
#5519=CARTESIAN_POINT('',(-48.1099851492137,-31.7536939121042,29.7603168133352));
#5520=CARTESIAN_POINT('',(-48.4393977383243,-32.7551554507609,29.6876685266295));
#5521=CARTESIAN_POINT('',(-48.6888577164985,-33.2441591041719,29.6678196235073));
#5522=CARTESIAN_POINT('',(-49.3313935168248,-34.1189751589037,29.6669159395093));
#5523=CARTESIAN_POINT('',(-49.7236210004435,-34.5036144606505,29.6858647122171));
#5524=CARTESIAN_POINT('',(-50.5819212754472,-35.1182164310986,29.7569749473153));
#5525=CARTESIAN_POINT('',(-51.0466684381293,-35.348174436604,29.8089032743409));
#5526=CARTESIAN_POINT('',(-51.5095100747445,-35.5008042714302,29.8705901660074));
#5527=CARTESIAN_POINT('',(-46.7390525223345,-31.7048443714754,37.1511885055782));
#5528=CARTESIAN_POINT('',(-46.7509705196578,-32.2100465241882,37.0835981840129));
#5529=CARTESIAN_POINT('',(-46.8342184619091,-32.741002732818,37.0250494319409));
#5530=CARTESIAN_POINT('',(-47.1917312495894,-33.781982768978,36.9445150807619));
#5531=CARTESIAN_POINT('',(-47.4629696274789,-34.2892633785023,36.9223718321206));
#5532=CARTESIAN_POINT('',(-48.1598889817739,-35.1870561130441,36.9213575190597));
#5533=CARTESIAN_POINT('',(-48.584495102317,-35.5761499198802,36.9424910639179));
#5534=CARTESIAN_POINT('',(-49.5064987867512,-36.1816866705755,37.021321457892));
#5535=CARTESIAN_POINT('',(-50.0022775084447,-36.3982163304536,37.0787215394896));
#5536=CARTESIAN_POINT('',(-50.4905533823748,-36.5311454540128,37.1463058758103));
#5537=CARTESIAN_POINT('',(-45.4574527878235,-32.7301340258262,44.4195017799353));
#5538=CARTESIAN_POINT('',(-45.4706587404255,-33.2560956320542,44.3446071010475));
#5539=CARTESIAN_POINT('',(-45.5614201440826,-33.8114455405639,44.2791411480631));
#5540=CARTESIAN_POINT('',(-45.9533596356075,-34.8985077405705,44.1887493059761));
#5541=CARTESIAN_POINT('',(-46.2513491343502,-35.4269552968848,44.1637276301399));
#5542=CARTESIAN_POINT('',(-47.0148473749313,-36.3498543702989,44.1625737559256));
#5543=CARTESIAN_POINT('',(-47.4789880175934,-36.7425640755706,44.1864474927259));
#5544=CARTESIAN_POINT('',(-48.4777330087482,-37.3327577520033,44.2749285607344));
#5545=CARTESIAN_POINT('',(-49.0103205959172,-37.5304470601303,44.3391576085675));
#5546=CARTESIAN_POINT('',(-49.5277671314627,-37.6370753204078,44.414039710531));
#5547=CARTESIAN_POINT('',(-44.180150057254,-33.9019185378274,51.6634455339631));
#5548=CARTESIAN_POINT('',(-44.1954358060734,-34.4535654277193,51.5767557445846));
#5549=CARTESIAN_POINT('',(-44.2969724741589,-35.0404997262896,51.4995565932062));
#5550=CARTESIAN_POINT('',(-44.7401141976971,-36.1865968404647,51.3919887350617));
#5551=CARTESIAN_POINT('',(-45.0784865280314,-36.7414560457799,51.3617473390071));
#5552=CARTESIAN_POINT('',(-45.9403964542711,-37.6878294385506,51.3603814936277));
#5553=CARTESIAN_POINT('',(-46.4617754112784,-38.0769321388883,51.3892671587731));
#5554=CARTESIAN_POINT('',(-47.5637643849236,-38.6257217058991,51.4946554942557));
#5555=CARTESIAN_POINT('',(-48.1416035865781,-38.786147793706,51.570549816713));
#5556=CARTESIAN_POINT('',(-48.6899958587053,-38.8479042859224,51.6572395945601));
#5557=CARTESIAN_POINT('',(48.7461192895971,38.7672259384195,51.1736481776669));
#5558=CARTESIAN_POINT('',(48.9353758745356,38.4966215979549,49.5483621864116));
#5559=CARTESIAN_POINT('',(49.138804406744,38.2199152873746,47.8536547654368));
#5560=CARTESIAN_POINT('',(49.466103029277,37.7971296420463,45.2074614893951));
#5561=CARTESIAN_POINT('',(49.5788916237097,37.6549129354695,44.308041706618));
#5562=CARTESIAN_POINT('',(49.7536889352268,37.4398274017124,42.9328789963075));
#5563=CARTESIAN_POINT('',(49.8424908759142,37.3318444282066,42.2387893821161));
#5564=CARTESIAN_POINT('',(49.9334100541069,37.2232324476467,41.5349373793703));
#5565=CARTESIAN_POINT('',(49.9944945115957,37.1506880885572,41.0635332911944));
#5566=CARTESIAN_POINT('',(50.0289991420252,37.1099732453219,40.7981649930042));
#5567=CARTESIAN_POINT('',(50.4928937437122,36.5654228814108,37.24023636144));
#5568=CARTESIAN_POINT('',(50.9720885303656,36.0450814278363,33.7106113369399));
#5569=CARTESIAN_POINT('',(51.4913926871119,35.5191386601709,30.));
#5570=CARTESIAN_POINT('',(51.4913926871119,35.5191386601709,30.));
#5571=CARTESIAN_POINT('',(48.,30.8081214690369,30.));
#5572=CARTESIAN_POINT('',(47.3766089197071,31.2701242532851,33.5354265001768));
#5573=CARTESIAN_POINT('',(46.7536551781491,31.7513514853759,37.0683727291376));
#5574=CARTESIAN_POINT('',(45.5089739286591,32.7645185703192,44.1273108705894));
#5575=CARTESIAN_POINT('',(44.8872855160276,33.2962291637234,47.6530810626135));
#5576=CARTESIAN_POINT('',(44.2665145462486,33.8632850578453,51.1736481776676));
#5577=CARTESIAN_POINT('',(48.,30.8081214690369,30.));
#5578=CARTESIAN_POINT('',(51.4913926871119,35.5191386601709,30.));
#5579=CARTESIAN_POINT('',(49.4676571571745,34.9037096239052,30.));
#5580=CARTESIAN_POINT('',(48.,32.9345191755903,30.));
#5581=CARTESIAN_POINT('',(48.,30.8081214690369,30.));
#5582=CARTESIAN_POINT('',(48.0220397907758,30.7563395057981,29.8750061352652));
#5583=CARTESIAN_POINT('',(48.032916854139,31.2435765492893,29.8133192435627));
#5584=CARTESIAN_POINT('',(48.109985149214,31.7536939121045,29.7603168133342));
#5585=CARTESIAN_POINT('',(48.4393977383247,32.7551554507611,29.6876685266286));
#5586=CARTESIAN_POINT('',(48.6888577164989,33.244159104172,29.6678196235064));
#5587=CARTESIAN_POINT('',(49.3313935168251,34.1189751589037,29.6669159395084));
#5588=CARTESIAN_POINT('',(49.7236210004438,34.5036144606504,29.6858647122162));
#5589=CARTESIAN_POINT('',(50.5819212754474,35.1182164310984,29.7569749473144));
#5590=CARTESIAN_POINT('',(51.0466684381295,35.3481744366039,29.80890327434));
#5591=CARTESIAN_POINT('',(51.5095100747447,35.5008042714301,29.8705901660065));
#5592=CARTESIAN_POINT('',(46.7390525223268,31.7048443715184,37.1511885056239));
#5593=CARTESIAN_POINT('',(46.750970519646,32.2100465242407,37.0835981840583));
#5594=CARTESIAN_POINT('',(46.8342184618926,32.7410027328777,37.0250494319861));
#5595=CARTESIAN_POINT('',(47.1917312495621,33.7819827690437,36.9445150808067));
#5596=CARTESIAN_POINT('',(47.4629696274454,34.289263378567,36.9223718321651));
#5597=CARTESIAN_POINT('',(48.1598889817279,35.1870561130982,36.921357519104));
#5598=CARTESIAN_POINT('',(48.5844951022647,35.5761499199246,36.942491063962));
#5599=CARTESIAN_POINT('',(49.5064987866866,36.1816866705942,37.0213214579359));
#5600=CARTESIAN_POINT('',(50.0022775083743,36.3982163304562,37.0787215395335));
#5601=CARTESIAN_POINT('',(50.4905533822992,36.5311454539978,37.1463058758542));
#5602=CARTESIAN_POINT('',(45.4574527878067,32.7301340258798,44.4195017800307));
#5603=CARTESIAN_POINT('',(45.4706587404082,33.2560956320845,44.3446071011456));
#5604=CARTESIAN_POINT('',(45.561420144065,33.8114455405727,44.2791411481638));
#5605=CARTESIAN_POINT('',(45.9533596355893,34.8985077405471,44.1887493060805));
#5606=CARTESIAN_POINT('',(46.2513491343318,35.4269552968507,44.1637276302458));
#5607=CARTESIAN_POINT('',(47.0148473749126,36.3498543702575,44.1625737560325));
#5608=CARTESIAN_POINT('',(47.4789880175747,36.7425640755326,44.1864474928325));
#5609=CARTESIAN_POINT('',(48.4777330087295,37.3327577519843,44.2749285608391));
#5610=CARTESIAN_POINT('',(49.0103205958987,37.5304470601268,44.3391576086706));
#5611=CARTESIAN_POINT('',(49.5277671314443,37.6370753204227,44.4140397106321));
#5612=CARTESIAN_POINT('',(44.1801500572272,33.9019185378526,51.6634455341152));
#5613=CARTESIAN_POINT('',(44.1954358060466,34.453565427745,51.5767557447364));
#5614=CARTESIAN_POINT('',(44.2969724741326,35.040499726316,51.4995565933578));
#5615=CARTESIAN_POINT('',(44.7401141976719,36.1865968404921,51.391988735213));
#5616=CARTESIAN_POINT('',(45.078486528007,36.7414560458078,51.3617473391582));
#5617=CARTESIAN_POINT('',(45.9403964542488,37.6878294385789,51.3603814937789));
#5618=CARTESIAN_POINT('',(46.4617754112572,38.0769321389164,51.3892671589244));
#5619=CARTESIAN_POINT('',(47.5637643849045,38.6257217059262,51.4946554944074));
#5620=CARTESIAN_POINT('',(48.1416035865599,38.7861477937324,51.5705498168649));
#5621=CARTESIAN_POINT('',(48.6899958586877,38.8479042859478,51.6572395947122));
#5622=CARTESIAN_POINT('',(44.2665145462487,-33.8632850578452,51.1736481776669));
#5623=CARTESIAN_POINT('',(44.8872855160277,-33.2962291637233,47.653081062613));
#5624=CARTESIAN_POINT('',(45.5089739286592,-32.7645185703192,44.1273108705889));
#5625=CARTESIAN_POINT('',(46.7536551781492,-31.7513514853759,37.0683727291373));
#5626=CARTESIAN_POINT('',(47.3766089197071,-31.2701242532851,33.5354265001767));
#5627=CARTESIAN_POINT('',(48.,-30.8081214690369,30.));
#5628=CARTESIAN_POINT('',(48.,-30.8081214690369,30.));
#5629=CARTESIAN_POINT('',(51.4913926871119,-35.519138660171,30.));
#5630=CARTESIAN_POINT('',(51.231745704758,-35.7821048828385,31.855269255615));
#5631=CARTESIAN_POINT('',(50.9820993794463,-36.0436451353897,33.6653101395475));
#5632=CARTESIAN_POINT('',(50.6231673859589,-36.433484594673,36.3125289079224));
#5633=CARTESIAN_POINT('',(50.4475836909879,-36.6277838642226,37.6191776527288));
#5634=CARTESIAN_POINT('',(50.2496242668087,-36.8532800529909,39.1139200694197));
#5635=CARTESIAN_POINT('',(50.1662690744755,-36.9496546038913,39.7481637225194));
#5636=CARTESIAN_POINT('',(50.1110297476361,-37.013843616474,40.1695794379708));
#5637=CARTESIAN_POINT('',(50.08730098468,-37.0415345328699,40.3510071136533));
#5638=CARTESIAN_POINT('',(49.5600642612373,-37.6604422806397,44.3947624310391));
#5639=CARTESIAN_POINT('',(49.124638987704,-38.2260079232452,47.9230201324276));
#5640=CARTESIAN_POINT('',(48.7461192895973,-38.7672259384192,51.1736481776651));
#5641=CARTESIAN_POINT('',(51.4913926871119,-35.519138660171,30.));
#5642=CARTESIAN_POINT('',(48.,-30.8081214690369,30.));
#5643=CARTESIAN_POINT('',(48.,-32.9233246657819,30.));
#5644=CARTESIAN_POINT('',(49.4569454820172,-34.9004521449411,30.));
#5645=CARTESIAN_POINT('',(51.4913926871119,-35.519138660171,30.));
#5646=CARTESIAN_POINT('',(51.5095100141427,-35.5008043327092,29.8705905987264));
#5647=CARTESIAN_POINT('',(51.0466683764745,-35.3481744992066,29.8089037067723));
#5648=CARTESIAN_POINT('',(50.5819212124127,-35.1182164948108,29.7569753794642));
#5649=CARTESIAN_POINT('',(49.7236209343338,-34.5036145258181,29.6858651439143));
#5650=CARTESIAN_POINT('',(49.3313934490303,-34.1189752244103,29.66691637104));
#5651=CARTESIAN_POINT('',(48.6888576455565,-33.2441591695952,29.6678200548904));
#5652=CARTESIAN_POINT('',(48.4393976659311,-32.755155515769,29.6876689580321));
#5653=CARTESIAN_POINT('',(48.1099850744899,-31.753693975899,29.7603172449371));
#5654=CARTESIAN_POINT('',(48.0329167780166,-31.2435766121263,29.8133196752738));
#5655=CARTESIAN_POINT('',(48.0220397146029,-30.7563395680504,29.8750065672628));
#5656=CARTESIAN_POINT('',(50.4905567309452,-36.5311420735338,37.1462819829744));
#5657=CARTESIAN_POINT('',(50.0022809404222,-36.3982128856035,37.078697666185));
#5658=CARTESIAN_POINT('',(49.5065023207036,-36.1816831821668,37.0212976026573));
#5659=CARTESIAN_POINT('',(48.58449884564,-35.5761464031197,36.9424672340042));
#5660=CARTESIAN_POINT('',(48.1598928315173,-35.187052611787,36.9213336961854));
#5661=CARTESIAN_POINT('',(47.462973655688,-34.2892599543281,36.9223480083637));
#5662=CARTESIAN_POINT('',(47.1917353490945,-33.7819794055627,36.9444912490879));
#5663=CARTESIAN_POINT('',(46.8342226529301,-32.7409994999968,37.025025573472));
#5664=CARTESIAN_POINT('',(46.750974729869,-32.2100433596601,37.0835743067456));
#5665=CARTESIAN_POINT('',(46.7390567360328,-31.7048412658176,37.1511646085062));
#5666=CARTESIAN_POINT('',(49.527773601213,-37.6370679913742,44.4139914921939));
#5667=CARTESIAN_POINT('',(49.010327270894,-37.5304395648908,44.3391093917186));
#5668=CARTESIAN_POINT('',(48.4777399329328,-37.3327501436343,44.2748803469192));
#5669=CARTESIAN_POINT('',(47.4789954450156,-36.7425563875756,44.1863992833142));
#5670=CARTESIAN_POINT('',(47.014855053964,-36.3498467160193,44.1625255478552));
#5671=CARTESIAN_POINT('',(46.2513572294397,-35.4269478227939,44.1636794215815));
#5672=CARTESIAN_POINT('',(45.9533678938814,-34.8985004111599,44.1887010955884));
#5673=CARTESIAN_POINT('',(45.5614286069154,-33.8114385275197,44.2790929324743));
#5674=CARTESIAN_POINT('',(45.4706672427148,-33.2560887875408,44.3445588821229));
#5675=CARTESIAN_POINT('',(45.4574612904126,-32.7301273287133,44.4194535593599));
#5676=CARTESIAN_POINT('',(48.6900042193149,-38.8478922024314,51.6571673108707));
#5677=CARTESIAN_POINT('',(48.1416122552813,-38.7861352625191,51.5704776514951));
#5678=CARTESIAN_POINT('',(47.5637735051845,-38.6257088031974,51.4945834459848));
#5679=CARTESIAN_POINT('',(46.4617855626039,-38.0769188244914,51.3891952796729));
#5680=CARTESIAN_POINT('',(45.940407177538,-37.6878160893125,51.36030966444));
#5681=CARTESIAN_POINT('',(45.0784982344498,-36.7414429331162,51.3616755067146));
#5682=CARTESIAN_POINT('',(44.7401263073998,-36.1865839924829,51.3919168497976));
#5683=CARTESIAN_POINT('',(44.2969850946041,-35.0404874682929,51.4994845343692));
#5684=CARTESIAN_POINT('',(44.1954485328736,-34.45355348433,51.5766835673139));
#5685=CARTESIAN_POINT('',(44.1801628050073,-33.901906849925,51.6633732378619));
#5686=CARTESIAN_POINT('',(0.,0.,17.));
#5687=CARTESIAN_POINT('',(-23.4287617115461,-23.4287617115461,17.));
#5688=CARTESIAN_POINT('',(-28.1313020799445,-23.4287617115461,17.));
#5689=CARTESIAN_POINT('',(-23.4287617115461,-23.4287617115461,17.));
#5690=CARTESIAN_POINT('',(0.,0.,17.));
#5691=CARTESIAN_POINT('',(23.4287617115461,-23.4287617115461,17.));
#5692=CARTESIAN_POINT('',(28.1313020799445,-23.4287617115461,17.));
#5693=CARTESIAN_POINT('',(23.4287617115461,-23.4287617115461,17.));
#5694=CARTESIAN_POINT('',(0.,0.,17.));
#5695=CARTESIAN_POINT('',(28.8358129304743,0.,17.));
#5696=CARTESIAN_POINT('',(0.,0.,17.));
#5697=CARTESIAN_POINT('',(23.4287617115461,23.4287617115461,17.));
#5698=CARTESIAN_POINT('',(0.,0.,17.));
#5699=CARTESIAN_POINT('',(-23.4287617115461,23.4287617115461,17.));
#5700=CARTESIAN_POINT('',(-11.7143808557731,-11.7143808557731,17.));
#5701=CARTESIAN_POINT('',(0.,0.,52.));
#5702=CARTESIAN_POINT('',(32.4287617115461,-23.4287617115461,52.));
#5703=CARTESIAN_POINT('',(23.4287617115461,-23.4287617115461,52.));
#5704=CARTESIAN_POINT('',(33.133272562076,0.,52.));
#5705=CARTESIAN_POINT('',(0.,0.,52.));
#5706=CARTESIAN_POINT('',(23.4287617115461,23.4287617115461,52.));
#5707=CARTESIAN_POINT('',(0.,0.,52.));
#5708=CARTESIAN_POINT('',(-23.4287617115461,23.4287617115461,51.1218693434051));
#5709=CARTESIAN_POINT('',(-23.4287617115461,23.4287617115461,52.));
#5710=CARTESIAN_POINT('',(0.,0.,51.1218693434052));
#5711=CARTESIAN_POINT('',(0.,0.,52.));
#5712=CARTESIAN_POINT('',(-32.4287617115461,-23.4287617115461,52.));
#5713=CARTESIAN_POINT('',(-23.4287617115461,-23.4287617115461,52.));
#5714=CARTESIAN_POINT('',(-48.,47.,52.));
#5715=CARTESIAN_POINT('',(-48.,-47.,52.));
#5716=CARTESIAN_POINT('',(-7.13504052826597,-57.0511190500613,52.));
#5717=CARTESIAN_POINT('',(-6.39022304445091,-57.7959365338763,52.));
#5718=CARTESIAN_POINT('',(-5.41156973075989,-58.1977853150318,52.));
#5719=CARTESIAN_POINT('',(-4.34247578118763,-58.1977853150318,52.));
#5720=CARTESIAN_POINT('',(7.135040528266,-57.0511190500613,52.));
#5721=CARTESIAN_POINT('',(7.87985801208105,-56.3063015662462,52.));
#5722=CARTESIAN_POINT('',(8.28170679323649,-55.3276482525552,52.));
#5723=CARTESIAN_POINT('',(8.2817067932365,-54.258554302983,52.));
#5724=CARTESIAN_POINT('',(7.13504052826598,57.0511190500613,52.));
#5725=CARTESIAN_POINT('',(6.39022304445093,57.7959365338763,52.));
#5726=CARTESIAN_POINT('',(5.41156973075991,58.1977853150318,52.));
#5727=CARTESIAN_POINT('',(4.34247578118765,58.1977853150318,52.));
#5728=CARTESIAN_POINT('',(-7.13504052826598,57.0511190500613,52.));
#5729=CARTESIAN_POINT('',(-7.87985801208104,56.3063015662462,52.));
#5730=CARTESIAN_POINT('',(-8.28170679323648,55.3276482525552,52.));
#5731=CARTESIAN_POINT('',(-8.28170679323648,54.2585543029829,52.));
#5732=CARTESIAN_POINT('',(-23.4287617115461,-23.4287617115461,52.));
#5733=CARTESIAN_POINT('',(0.,0.,52.));
#5734=CARTESIAN_POINT('',(-23.4287617115461,23.4287617115461,52.));
#5735=CARTESIAN_POINT('',(-19.,52.9160785217952,52.));
#5736=CARTESIAN_POINT('',(13.,62.9160785217953,30.));
#5737=CARTESIAN_POINT('',(13.,62.9160785217953,30.));
#5738=CARTESIAN_POINT('',(13.,52.9160785217953,30.));
#5739=CARTESIAN_POINT('',(13.,52.9160785217953,30.));
#5740=CARTESIAN_POINT('',(13.,62.9160785217953,30.));
#5741=CARTESIAN_POINT('',(13.,62.9160785217953,30.));
#5742=CARTESIAN_POINT('',(19.,52.9160785217953,30.));
#5743=CARTESIAN_POINT('',(19.,52.9160785217953,30.));
#5744=CARTESIAN_POINT('',(36.6666662704016,50.9440523839302,30.));
#5745=CARTESIAN_POINT('',(36.6666662704016,50.9440523839302,30.));
#5746=CARTESIAN_POINT('',(30.9999995610602,52.9160785217952,30.));
#5747=CARTESIAN_POINT('',(30.9999995610602,52.9160785217952,30.));
#5748=CARTESIAN_POINT('',(48.,47.,30.));
#5749=CARTESIAN_POINT('',(48.,47.,30.));
#5750=CARTESIAN_POINT('',(48.,17.,30.));
#5751=CARTESIAN_POINT('',(48.,17.,30.));
#5752=CARTESIAN_POINT('',(48.,35.,30.));
#5753=CARTESIAN_POINT('',(48.,35.,30.));
#5754=CARTESIAN_POINT('',(73.,17.,30.));
#5755=CARTESIAN_POINT('',(73.,17.,30.));
#5756=CARTESIAN_POINT('',(48.,-17.,30.));
#5757=CARTESIAN_POINT('',(48.,-17.,30.));
#5758=CARTESIAN_POINT('',(73.,-17.,30.));
#5759=CARTESIAN_POINT('',(73.,-17.,30.));
#5760=CARTESIAN_POINT('',(48.,-35.,30.));
#5761=CARTESIAN_POINT('',(48.,-35.,30.));
#5762=CARTESIAN_POINT('',(60.,-47.,30.));
#5763=CARTESIAN_POINT('',(60.,-47.,30.));
#5764=CARTESIAN_POINT('',(36.6666663740402,-50.9440523478635,30.));
#5765=CARTESIAN_POINT('',(36.6666663740402,-50.9440523478635,30.));
#5766=CARTESIAN_POINT('',(48.,-47.,30.));
#5767=CARTESIAN_POINT('',(48.,-47.,30.));
#5768=CARTESIAN_POINT('',(30.9999995610602,-52.9160785217953,30.));
#5769=CARTESIAN_POINT('',(30.9999995610602,-52.9160785217953,30.));
#5770=CARTESIAN_POINT('',(13.000000109735,-52.9160785217953,30.));
#5771=CARTESIAN_POINT('',(13.000000109735,-52.9160785217953,30.));
#5772=CARTESIAN_POINT('',(19.,-52.9160785217953,30.));
#5773=CARTESIAN_POINT('',(19.,-52.9160785217953,30.));
#5774=CARTESIAN_POINT('',(13.,-62.9160785217953,30.));
#5775=CARTESIAN_POINT('',(13.,-62.9160785217953,30.));
#5776=CARTESIAN_POINT('',(13.,-62.9160785217953,30.));
#5777=CARTESIAN_POINT('',(13.,-62.9160785217953,30.));
#5778=CARTESIAN_POINT('',(-13.,-52.9160785217953,30.));
#5779=CARTESIAN_POINT('',(-13.,-52.9160785217953,30.));
#5780=CARTESIAN_POINT('',(-13.,-62.9160785217953,30.));
#5781=CARTESIAN_POINT('',(-13.,-62.9160785217953,30.));
#5782=CARTESIAN_POINT('',(-19.,-52.9160785217953,30.));
#5783=CARTESIAN_POINT('',(-19.,-52.9160785217953,30.));
#5784=CARTESIAN_POINT('',(-36.6666662704016,-50.9440523839302,30.));
#5785=CARTESIAN_POINT('',(-36.6666662704016,-50.9440523839302,30.));
#5786=CARTESIAN_POINT('',(-30.9999995610602,-52.9160785217953,30.));
#5787=CARTESIAN_POINT('',(-30.9999995610602,-52.9160785217953,30.));
#5788=CARTESIAN_POINT('',(-60.,-47.,30.));
#5789=CARTESIAN_POINT('',(-60.,-47.,30.));
#5790=CARTESIAN_POINT('',(-48.,-47.,30.));
#5791=CARTESIAN_POINT('',(-48.,-47.,30.));
#5792=CARTESIAN_POINT('',(-48.,-17.,30.));
#5793=CARTESIAN_POINT('',(-48.,-17.,30.));
#5794=CARTESIAN_POINT('',(-48.,-35.,30.));
#5795=CARTESIAN_POINT('',(-48.,-35.,30.));
#5796=CARTESIAN_POINT('',(-73.,-17.,30.));
#5797=CARTESIAN_POINT('',(-73.,-17.,30.));
#5798=CARTESIAN_POINT('',(-48.,17.,30.));
#5799=CARTESIAN_POINT('',(-48.,17.,30.));
#5800=CARTESIAN_POINT('',(-73.,17.,30.));
#5801=CARTESIAN_POINT('',(-73.,17.,30.));
#5802=CARTESIAN_POINT('',(-48.,35.,30.));
#5803=CARTESIAN_POINT('',(-48.,35.,30.));
#5804=CARTESIAN_POINT('',(-48.,47.,51.1736481776669));
#5805=CARTESIAN_POINT('',(-36.6666663740401,50.9440523478635,30.));
#5806=CARTESIAN_POINT('',(-36.6666663740401,50.9440523478635,30.));
#5807=CARTESIAN_POINT('',(-48.,47.,30.));
#5808=CARTESIAN_POINT('',(-48.,47.,30.));
#5809=CARTESIAN_POINT('',(-30.9999995610602,52.9160785217952,30.));
#5810=CARTESIAN_POINT('',(-30.9999995610602,52.9160785217952,30.));
#5811=CARTESIAN_POINT('',(-13.0000001097349,52.9160785217953,30.));
#5812=CARTESIAN_POINT('',(-13.0000001097349,52.9160785217953,30.));
#5813=CARTESIAN_POINT('',(-19.,52.9160785217952,30.));
#5814=CARTESIAN_POINT('',(-19.,52.9160785217952,30.));
#5815=CARTESIAN_POINT('',(-13.,62.9160785217953,30.));
#5816=CARTESIAN_POINT('',(-13.,62.9160785217953,30.));
#5817=CARTESIAN_POINT('',(75.,75.,0.));
#5818=CARTESIAN_POINT('',(75.,-75.,0.));
#5819=CARTESIAN_POINT('',(75.,-75.,0.));
#5820=CARTESIAN_POINT('',(-75.,-75.,0.));
#5821=CARTESIAN_POINT('',(-75.,75.,0.));
#5822=CARTESIAN_POINT('',(75.,75.,30.));
#5823=CARTESIAN_POINT('',(75.,75.,30.));
#5824=CARTESIAN_POINT('',(75.,-75.,30.));
#5825=CARTESIAN_POINT('',(75.,-75.,30.));
#5826=CARTESIAN_POINT('',(75.,-75.,30.));
#5827=CARTESIAN_POINT('',(75.,-75.,30.));
#5828=CARTESIAN_POINT('',(-75.,-75.,30.));
#5829=CARTESIAN_POINT('',(-75.,-75.,30.));
#5830=CARTESIAN_POINT('',(48.,-47.,30.));
#5831=CARTESIAN_POINT('',(-48.,-47.,30.));
#5832=CARTESIAN_POINT('',(-75.,75.,30.));
#5833=CARTESIAN_POINT('',(-48.,-47.,51.1736481776669));
#5834=CARTESIAN_POINT('',(-48.,-47.,30.));
#5835=CARTESIAN_POINT('',(48.,-47.,30.));
#5836=CARTESIAN_POINT('',(-23.4287617115461,-23.4287617115461,51.1218693434051));
#5837=CARTESIAN_POINT('',(-23.4287617115461,-23.4287617115461,52.));
#5838=CARTESIAN_POINT('',(0.,0.,52.));
#5839=CARTESIAN_POINT('',(23.4287617115461,-23.4287617115461,52.));
#5840=CARTESIAN_POINT('',(8.27397941281888,-54.2585543029829,52.));
#5841=CARTESIAN_POINT('',(8.48952984611733,-54.2585543029829,52.));
#5842=CARTESIAN_POINT('',(8.7334570180984,-54.258554302983,51.924937066753));
#5843=CARTESIAN_POINT('',(9.10881581269176,-54.258554302983,51.6127621994316));
#5844=CARTESIAN_POINT('',(9.22908460631111,-54.2585543029829,51.3859239155444));
#5845=CARTESIAN_POINT('',(9.26651454624871,-54.2585543029829,51.1736481776669));
#5846=CARTESIAN_POINT('',(8.27418163577106,-55.299232689206,52.));
#5847=CARTESIAN_POINT('',(8.48409118646892,-55.3546165577506,52.));
#5848=CARTESIAN_POINT('',(8.7196915190343,-55.4172903049979,51.9294598535892));
#5849=CARTESIAN_POINT('',(9.0890308103739,-55.513730240673,51.6361465473666));
#5850=CARTESIAN_POINT('',(9.21310696850018,-55.5446284101188,51.4219955052891));
#5851=CARTESIAN_POINT('',(9.25888464847403,-55.5542420831097,51.216919478202));
#5852=CARTESIAN_POINT('',(7.85480726393429,-56.3208853865241,52.0000000000001));
#5853=CARTESIAN_POINT('',(8.03941842747257,-56.4282426150909,51.9999999999973));
#5854=CARTESIAN_POINT('',(8.24578142481309,-56.5482402339165,51.9319768270018));
#5855=CARTESIAN_POINT('',(8.57229322307347,-56.7380826968626,51.6491516285422));
#5856=CARTESIAN_POINT('',(8.68443672550491,-56.8032734806698,51.4422733911988));
#5857=CARTESIAN_POINT('',(8.72911861456757,-56.829234741368,51.2419547857483));
#5858=CARTESIAN_POINT('',(7.12980714723727,-57.0458856690326,52.));
#5859=CARTESIAN_POINT('',(7.27578903079842,-57.1918675525937,52.));
#5860=CARTESIAN_POINT('',(7.43896983738059,-57.3550483591759,51.9319763587149));
#5861=CARTESIAN_POINT('',(7.69714876285713,-57.6132272846524,51.6491491726027));
#5862=CARTESIAN_POINT('',(7.78581640170867,-57.701894923504,51.4422702180183));
#5863=CARTESIAN_POINT('',(7.82113741706944,-57.7372159388647,51.2419547857524));
#5864=CARTESIAN_POINT('',(-4.34247578118763,-58.1900579346148,52.));
#5865=CARTESIAN_POINT('',(-4.34247578118763,-58.4056083679132,52.));
#5866=CARTESIAN_POINT('',(-4.34247578118763,-58.6495355398941,51.9249370667528));
#5867=CARTESIAN_POINT('',(-4.34247578118763,-59.0248943344872,51.6127621994313));
#5868=CARTESIAN_POINT('',(-4.34247578118763,-59.1451631281064,51.3859239155443));
#5869=CARTESIAN_POINT('',(-4.34247578118763,-59.182593068044,51.1736481776669));
#5870=CARTESIAN_POINT('',(-5.3831541674094,-58.1902601575597,52.0000000000001));
#5871=CARTESIAN_POINT('',(-5.43853803595401,-58.4001697082598,51.9999999999973));
#5872=CARTESIAN_POINT('',(-5.50121178320151,-58.6357700408275,51.9294598535843));
#5873=CARTESIAN_POINT('',(-5.59765171887693,-59.0051093321697,51.6361465473617));
#5874=CARTESIAN_POINT('',(-5.62854988832306,-59.1291854902961,51.4219955052864));
#5875=CARTESIAN_POINT('',(-5.63816356131427,-59.1749631702692,51.2169194782024));
#5876=CARTESIAN_POINT('',(-6.40480686473607,-57.7708857857365,52.));
#5877=CARTESIAN_POINT('',(-6.51216409330382,-57.9554969492761,52.));
#5878=CARTESIAN_POINT('',(-6.63216171212947,-58.1618599466169,51.9319768270061));
#5879=CARTESIAN_POINT('',(-6.82200417507292,-58.4883717448747,51.6491516285455));
#5880=CARTESIAN_POINT('',(-6.88719495887769,-58.6005152473035,51.4422733911995));
#5881=CARTESIAN_POINT('',(-6.91315621957328,-58.6451971363633,51.2419547857454));
#5882=CARTESIAN_POINT('',(-7.12980714723771,-57.045885669033,52.));
#5883=CARTESIAN_POINT('',(-7.27578903079879,-57.1918675525941,52.));
#5884=CARTESIAN_POINT('',(-7.43896983738088,-57.3550483591762,51.9319763587146));
#5885=CARTESIAN_POINT('',(-7.69714876285721,-57.6132272846525,51.6491491726025));
#5886=CARTESIAN_POINT('',(-7.78581640170867,-57.701894923504,51.4422702180182));
#5887=CARTESIAN_POINT('',(-7.82113741706942,-57.7372159388647,51.2419547857524));
#5888=CARTESIAN_POINT('',(-48.,-47.,51.));
#5889=CARTESIAN_POINT('',(4.34247578118765,58.1900579346149,52.));
#5890=CARTESIAN_POINT('',(4.34247578118765,58.4056083679132,52.));
#5891=CARTESIAN_POINT('',(4.34247578118765,58.6495355398942,51.9249370667527));
#5892=CARTESIAN_POINT('',(4.34247578118765,59.0248943344872,51.6127621994313));
#5893=CARTESIAN_POINT('',(4.34247578118765,59.1451631281064,51.3859239155443));
#5894=CARTESIAN_POINT('',(4.34247578118765,59.182593068044,51.1736481776669));
#5895=CARTESIAN_POINT('',(5.38315416740946,58.1902601575742,52.));
#5896=CARTESIAN_POINT('',(5.43853803595407,58.4001697082745,52.));
#5897=CARTESIAN_POINT('',(5.50121178320158,58.6357700408409,51.9294598535887));
#5898=CARTESIAN_POINT('',(5.59765171887701,59.0051093321776,51.6361465473653));
#5899=CARTESIAN_POINT('',(5.62854988832316,59.1291854903001,51.4219955052874));
#5900=CARTESIAN_POINT('',(5.63816356131438,59.1749631702696,51.2169194781999));
#5901=CARTESIAN_POINT('',(6.40480686472813,57.7708857857285,51.9999999999999));
#5902=CARTESIAN_POINT('',(6.5121640932963,57.9554969492678,52.0000000000036));
#5903=CARTESIAN_POINT('',(6.63216171212307,58.1618599466091,51.9319768270123));
#5904=CARTESIAN_POINT('',(6.82200417506954,58.48837174487,51.6491516285519));
#5905=CARTESIAN_POINT('',(6.8871949588761,58.6005152473011,51.4422733912036));
#5906=CARTESIAN_POINT('',(6.9131562195732,58.6451971363632,51.241954785746));
#5907=CARTESIAN_POINT('',(7.1298071472378,57.0458856690331,52.));
#5908=CARTESIAN_POINT('',(7.27578903079886,57.1918675525941,52.));
#5909=CARTESIAN_POINT('',(7.43896983738094,57.3550483591762,51.9319763587146));
#5910=CARTESIAN_POINT('',(7.69714876285725,57.6132272846525,51.6491491726025));
#5911=CARTESIAN_POINT('',(7.78581640170869,57.7018949235039,51.4422702180182));
#5912=CARTESIAN_POINT('',(7.82113741706944,57.7372159388647,51.2419547857524));
#5913=CARTESIAN_POINT('',(-8.27397941281886,54.2585543029829,52.));
#5914=CARTESIAN_POINT('',(-8.48952984611731,54.2585543029829,52.));
#5915=CARTESIAN_POINT('',(-8.73345701809838,54.2585543029829,51.924937066753));
#5916=CARTESIAN_POINT('',(-9.10881581269173,54.2585543029829,51.6127621994316));
#5917=CARTESIAN_POINT('',(-9.22908460631109,54.2585543029829,51.3859239155444));
#5918=CARTESIAN_POINT('',(-9.26651454624868,54.2585543029829,51.1736481776669));
#5919=CARTESIAN_POINT('',(-8.27418163577104,55.2992326892059,52.));
#5920=CARTESIAN_POINT('',(-8.48409118646895,55.3546165577505,52.));
#5921=CARTESIAN_POINT('',(-8.71969151903438,55.4172903049979,51.9294598535892));
#5922=CARTESIAN_POINT('',(-9.08903081037398,55.5137302406729,51.6361465473666));
#5923=CARTESIAN_POINT('',(-9.21310696850022,55.5446284101188,51.4219955052891));
#5924=CARTESIAN_POINT('',(-9.25888464847401,55.5542420831097,51.216919478202));
#5925=CARTESIAN_POINT('',(-7.85480726393431,56.3208853865241,52.));
#5926=CARTESIAN_POINT('',(-8.03941842747154,56.4282426150898,52.));
#5927=CARTESIAN_POINT('',(-8.24578142481133,56.5482402339147,51.9319768270065));
#5928=CARTESIAN_POINT('',(-8.5722932230717,56.7380826968607,51.649151628547));
#5929=CARTESIAN_POINT('',(-8.68443672550386,56.8032734806687,51.4422733912017));
#5930=CARTESIAN_POINT('',(-8.72911861456757,56.829234741368,51.2419547857483));
#5931=CARTESIAN_POINT('',(-7.12980714723725,57.0458856690325,52.));
#5932=CARTESIAN_POINT('',(-7.2757890307984,57.1918675525937,52.));
#5933=CARTESIAN_POINT('',(-7.43896983738057,57.3550483591758,51.9319763587148));
#5934=CARTESIAN_POINT('',(-7.69714876285711,57.6132272846524,51.6491491726027));
#5935=CARTESIAN_POINT('',(-7.78581640170865,57.7018949235039,51.4422702180183));
#5936=CARTESIAN_POINT('',(-7.82113741706942,57.7372159388647,51.2419547857524));
#5937=CARTESIAN_POINT('',(-48.,47.,51.));
#5938=CARTESIAN_POINT('',(-23.4287617115461,23.4287617115461,51.));
#5939=CARTESIAN_POINT('',(0.,0.,51.));
#5940=CARTESIAN_POINT('',(-23.4287617115461,-23.4287617115461,51.));
#5941=MECHANICAL_DESIGN_GEOMETRIC_PRESENTATION_REPRESENTATION('',(#24),
#5942);
#5942=(
GEOMETRIC_REPRESENTATION_CONTEXT(3)
GLOBAL_UNCERTAINTY_ASSIGNED_CONTEXT((#5943))
GLOBAL_UNIT_ASSIGNED_CONTEXT((#5949,#5945,#5944))
REPRESENTATION_CONTEXT('8_stp','TOP_LEVEL_ASSEMBLY_PART')
);
#5943=UNCERTAINTY_MEASURE_WITH_UNIT(LENGTH_MEASURE(0.0508),#5949,
'DISTANCE_ACCURACY_VALUE','Maximum Tolerance applied to model');
#5944=(
NAMED_UNIT(*)
SI_UNIT($,.STERADIAN.)
SOLID_ANGLE_UNIT()
);
#5945=(
CONVERSION_BASED_UNIT('DEGREE',#5947)
NAMED_UNIT(#5946)
PLANE_ANGLE_UNIT()
);
#5946=DIMENSIONAL_EXPONENTS(0.,0.,0.,0.,0.,0.,0.);
#5947=PLANE_ANGLE_MEASURE_WITH_UNIT(PLANE_ANGLE_MEASURE(0.0174532925),#5948);
#5948=(
NAMED_UNIT(*)
PLANE_ANGLE_UNIT()
SI_UNIT($,.RADIAN.)
);
#5949=(
LENGTH_UNIT()
NAMED_UNIT(*)
SI_UNIT(.MILLI.,.METRE.)
);
ENDSEC;
END-ISO-10303-21;
