ISO-10303-21;
HEADER;
/* Generated by software containing ST-Developer
 * from STEP Tools, Inc. (www.steptools.com) 
 */
/* OPTION: using custom schema-name function */

FILE_DESCRIPTION(
/* description */ (''),
/* implementation_level */ '2;1');

FILE_NAME(
/* name */ '9_stp.stp',
/* time_stamp */ '2026-05-11T15:33:12+08:00',
/* author */ (''),
/* organization */ (''),
/* preprocessor_version */ 'ST-DEVELOPER v20',
/* originating_system */ 'SIEMENS PLM Software NX2412.1700',
/* authorisation */ '');

FILE_SCHEMA (('AUTOMOTIVE_DESIGN { 1 0 10303 214 3 1 1 1 }'));
ENDSEC;

DATA;
#10=SHAPE_REPRESENTATION_RELATIONSHIP('None',
'relationship between 9_stp-None and 9_stp-None',#22,#11);
#11=ADVANCED_BREP_SHAPE_REPRESENTATION('9_stp-None',(#32),#8934);
#12=SHAPE_DEFINITION_REPRESENTATION(#13,#22);
#13=PRODUCT_DEFINITION_SHAPE('','',#14);
#14=PRODUCT_DEFINITION(' ','',#16,#15);
#15=PRODUCT_DEFINITION_CONTEXT('part definition',#21,'design');
#16=PRODUCT_DEFINITION_FORMATION_WITH_SPECIFIED_SOURCE(' ',' ',#18,
 .NOT_KNOWN.);
#17=PRODUCT_RELATED_PRODUCT_CATEGORY('part','',(#18));
#18=PRODUCT('9_stp','9_stp',' ',(#19));
#19=PRODUCT_CONTEXT(' ',#21,'mechanical');
#20=APPLICATION_PROTOCOL_DEFINITION('international standard',
'automotive_design',2010,#21);
#21=APPLICATION_CONTEXT(
'core data for automotive mechanical design processes');
#22=SHAPE_REPRESENTATION('9_stp-None',(#5253),#8934);
#23=PRESENTATION_LAYER_ASSIGNMENT('1','Layer 1',(#32));
#24=STYLED_ITEM('',(#25),#32);
#25=PRESENTATION_STYLE_ASSIGNMENT((#26));
#26=SURFACE_STYLE_USAGE(.BOTH.,#27);
#27=SURFACE_SIDE_STYLE('',(#28));
#28=SURFACE_STYLE_FILL_AREA(#29);
#29=FILL_AREA_STYLE('',(#30));
#30=FILL_AREA_STYLE_COLOUR('',#31);
#31=COLOUR_RGB('medium steel',0.611764705882353,0.658823529411765,0.670588235294118);
#32=MANIFOLD_SOLID_BREP('FILLET58',#33);
#33=CLOSED_SHELL('',(#270,#271,#272,#273,#274,#275,#276,#277,#278,#279,
#280,#281,#282,#283,#284,#285,#286,#287,#288,#289,#290,#291,#292,#293,#294,
#295,#296,#297,#298,#299,#300,#301,#302,#303,#304,#305,#306,#307,#308,#309,
#310,#311,#312,#313,#314,#315,#316,#317,#318,#319,#320,#321,#322,#323,#324,
#325,#326,#327,#328,#329,#330,#331,#332,#333,#334,#335,#336,#337,#338,#339,
#340,#341,#342,#343,#344,#345,#346,#347,#348,#349,#350,#351,#352,#353,#354,
#355,#356,#357,#358,#359,#360,#361,#362,#363,#364,#365,#366,#367,#368,#369,
#370,#371,#372,#373,#374,#375,#376,#377,#378,#379,#380,#381,#382,#383,#384,
#385,#386,#387,#388,#389,#390,#391,#392,#393,#394,#395,#396,#397,#398,#399,
#400,#401,#402,#403,#404,#405,#406,#407,#408,#409,#410,#411,#412,#413,#414,
#415,#416,#417,#418,#419,#420,#421,#422,#423,#424,#425,#426,#427,#428,#429,
#430,#431,#432,#433,#434,#435,#436,#437,#438,#439,#440,#441,#442,#443,#444,
#445,#446,#447,#448,#449,#450,#451,#452,#453,#454,#455,#456,#457,#458,#459,
#460,#461,#462,#463,#464,#465,#466,#467,#468,#469,#470,#471,#472,#473,#474,
#475,#476,#477,#478,#479,#480,#481,#482,#483,#484,#485,#486,#487,#488,#489,
#490,#491,#492,#493,#494,#495,#496,#497,#498,#499,#500,#501,#502,#503,#504,
#505,#506,#507,#508,#509,#510,#511,#512,#513,#514,#515,#516,#517,#518,#519,
#520,#521,#522,#523,#524,#525,#526,#527,#528,#529,#530,#531,#532,#533,#534,
#535,#536,#537,#538,#539,#540));
#34=FACE_BOUND('',#1078,.T.);
#35=FACE_BOUND('',#1079,.T.);
#36=FACE_BOUND('',#1080,.T.);
#37=FACE_BOUND('',#1081,.T.);
#38=FACE_BOUND('',#1114,.T.);
#39=FACE_BOUND('',#1115,.T.);
#40=FACE_BOUND('',#1116,.T.);
#41=FACE_BOUND('',#1117,.T.);
#42=FACE_BOUND('',#1118,.T.);
#43=FACE_BOUND('',#1127,.T.);
#44=FACE_BOUND('',#1128,.T.);
#45=FACE_BOUND('',#1129,.T.);
#46=FACE_BOUND('',#1137,.T.);
#47=FACE_BOUND('',#1138,.T.);
#48=FACE_BOUND('',#1139,.T.);
#49=FACE_BOUND('',#1145,.T.);
#50=FACE_BOUND('',#1146,.T.);
#51=FACE_BOUND('',#1147,.T.);
#52=FACE_BOUND('',#1148,.T.);
#53=FACE_BOUND('',#1149,.T.);
#54=FACE_BOUND('',#1152,.T.);
#55=FACE_BOUND('',#1153,.T.);
#56=FACE_BOUND('',#1154,.T.);
#57=FACE_BOUND('',#1155,.T.);
#58=FACE_BOUND('',#1156,.T.);
#59=FACE_BOUND('',#1157,.T.);
#60=FACE_BOUND('',#1158,.T.);
#61=FACE_BOUND('',#1159,.T.);
#62=FACE_BOUND('',#1160,.T.);
#63=FACE_BOUND('',#1168,.T.);
#64=FACE_BOUND('',#1169,.T.);
#65=FACE_BOUND('',#1170,.T.);
#66=FACE_BOUND('',#1171,.T.);
#67=FACE_BOUND('',#1172,.T.);
#68=FACE_BOUND('',#1173,.T.);
#69=FACE_BOUND('',#1175,.T.);
#70=FACE_BOUND('',#1176,.T.);
#71=FACE_BOUND('',#1177,.T.);
#72=FACE_BOUND('',#1178,.T.);
#73=FACE_BOUND('',#1179,.T.);
#74=FACE_BOUND('',#1180,.T.);
#75=FACE_BOUND('',#1181,.T.);
#76=FACE_BOUND('',#1182,.T.);
#77=FACE_BOUND('',#1183,.T.);
#78=FACE_BOUND('',#1188,.T.);
#79=FACE_BOUND('',#1189,.T.);
#80=FACE_BOUND('',#1190,.T.);
#81=FACE_BOUND('',#1191,.T.);
#82=FACE_BOUND('',#1192,.T.);
#83=FACE_BOUND('',#1193,.T.);
#84=FACE_BOUND('',#1194,.T.);
#85=FACE_BOUND('',#1195,.T.);
#86=FACE_BOUND('',#1196,.T.);
#87=FACE_BOUND('',#1197,.T.);
#88=FACE_BOUND('',#1198,.T.);
#89=FACE_BOUND('',#1199,.T.);
#90=FACE_BOUND('',#1200,.T.);
#91=FACE_BOUND('',#1201,.T.);
#92=FACE_BOUND('',#1202,.T.);
#93=FACE_BOUND('',#1203,.T.);
#94=FACE_BOUND('',#1204,.T.);
#95=FACE_BOUND('',#1205,.T.);
#96=FACE_BOUND('',#1206,.T.);
#97=FACE_BOUND('',#1207,.T.);
#98=FACE_BOUND('',#1208,.T.);
#99=FACE_BOUND('',#1209,.T.);
#100=FACE_BOUND('',#1210,.T.);
#101=FACE_BOUND('',#1211,.T.);
#102=FACE_BOUND('',#1212,.T.);
#103=FACE_BOUND('',#1213,.T.);
#104=FACE_BOUND('',#1214,.T.);
#105=FACE_BOUND('',#1215,.T.);
#106=FACE_BOUND('',#1216,.T.);
#107=FACE_BOUND('',#1217,.T.);
#108=FACE_BOUND('',#1218,.T.);
#109=FACE_BOUND('',#1219,.T.);
#110=FACE_BOUND('',#1220,.T.);
#111=FACE_BOUND('',#1221,.T.);
#112=FACE_BOUND('',#1222,.T.);
#113=FACE_BOUND('',#1223,.T.);
#114=FACE_BOUND('',#1224,.T.);
#115=FACE_BOUND('',#1225,.T.);
#116=FACE_BOUND('',#1226,.T.);
#117=FACE_BOUND('',#1227,.T.);
#118=FACE_BOUND('',#1228,.T.);
#119=FACE_BOUND('',#1229,.T.);
#120=FACE_BOUND('',#1230,.T.);
#121=FACE_BOUND('',#1231,.T.);
#122=FACE_BOUND('',#1232,.T.);
#123=FACE_BOUND('',#1233,.T.);
#124=FACE_BOUND('',#1234,.T.);
#125=FACE_BOUND('',#1235,.T.);
#126=FACE_BOUND('',#1236,.T.);
#127=FACE_BOUND('',#1237,.T.);
#128=FACE_BOUND('',#1238,.T.);
#129=FACE_BOUND('',#1239,.T.);
#130=FACE_BOUND('',#1240,.T.);
#131=FACE_BOUND('',#1241,.T.);
#132=FACE_BOUND('',#1242,.T.);
#133=FACE_BOUND('',#1243,.T.);
#134=FACE_BOUND('',#1244,.T.);
#135=FACE_BOUND('',#1245,.T.);
#136=FACE_BOUND('',#1246,.T.);
#137=FACE_BOUND('',#1247,.T.);
#138=FACE_BOUND('',#1291,.T.);
#139=FACE_BOUND('',#1292,.T.);
#140=B_SPLINE_CURVE_WITH_KNOTS('',3,(#8310,#8311,#8312,#8313,#8314,#8315,
#8316,#8317),.UNSPECIFIED.,.F.,.F.,(4,2,2,4),(0.,0.5,0.75,1.),
 .UNSPECIFIED.);
#141=B_SPLINE_CURVE_WITH_KNOTS('',3,(#8893,#8894,#8895,#8896,#8897,#8898),
 .UNSPECIFIED.,.F.,.F.,(4,2,4),(0.,0.5,1.),.UNSPECIFIED.);
#142=PLANE('',#5390);
#143=PLANE('',#5391);
#144=PLANE('',#5392);
#145=PLANE('',#5393);
#146=PLANE('',#5394);
#147=PLANE('',#5395);
#148=PLANE('',#5396);
#149=PLANE('',#5397);
#150=PLANE('',#5398);
#151=PLANE('',#5399);
#152=PLANE('',#5400);
#153=PLANE('',#5401);
#154=PLANE('',#5402);
#155=PLANE('',#5403);
#156=PLANE('',#5404);
#157=PLANE('',#5405);
#158=PLANE('',#5406);
#159=PLANE('',#5407);
#160=PLANE('',#5408);
#161=PLANE('',#5409);
#162=PLANE('',#5410);
#163=PLANE('',#5439);
#164=PLANE('',#5444);
#165=PLANE('',#5449);
#166=PLANE('',#5454);
#167=PLANE('',#5516);
#168=PLANE('',#5524);
#169=PLANE('',#5529);
#170=PLANE('',#5534);
#171=PLANE('',#5545);
#172=PLANE('',#5550);
#173=PLANE('',#5561);
#174=PLANE('',#5566);
#175=PLANE('',#5571);
#176=PLANE('',#5576);
#177=PLANE('',#5581);
#178=PLANE('',#5586);
#179=PLANE('',#5591);
#180=PLANE('',#5592);
#181=PLANE('',#5593);
#182=PLANE('',#5594);
#183=PLANE('',#5595);
#184=PLANE('',#5596);
#185=PLANE('',#5597);
#186=PLANE('',#5598);
#187=PLANE('',#5599);
#188=PLANE('',#5603);
#189=PLANE('',#5604);
#190=PLANE('',#5605);
#191=PLANE('',#5606);
#192=PLANE('',#5607);
#193=PLANE('',#5608);
#194=PLANE('',#5609);
#195=PLANE('',#5610);
#196=PLANE('',#5611);
#197=PLANE('',#5612);
#198=PLANE('',#5613);
#199=PLANE('',#5614);
#200=PLANE('',#5615);
#201=PLANE('',#5616);
#202=PLANE('',#5617);
#203=PLANE('',#5618);
#204=PLANE('',#5619);
#205=PLANE('',#5620);
#206=PLANE('',#5621);
#207=PLANE('',#5622);
#208=PLANE('',#5623);
#209=PLANE('',#5624);
#210=PLANE('',#5625);
#211=PLANE('',#5626);
#212=PLANE('',#5627);
#213=PLANE('',#5628);
#214=PLANE('',#5629);
#215=PLANE('',#5630);
#216=PLANE('',#5631);
#217=PLANE('',#5632);
#218=PLANE('',#5633);
#219=PLANE('',#5634);
#220=PLANE('',#5635);
#221=PLANE('',#5640);
#222=PLANE('',#5641);
#223=PLANE('',#5642);
#224=PLANE('',#5643);
#225=PLANE('',#5644);
#226=PLANE('',#5645);
#227=PLANE('',#5646);
#228=PLANE('',#5647);
#229=PLANE('',#5648);
#230=PLANE('',#5651);
#231=PLANE('',#5652);
#232=PLANE('',#5653);
#233=PLANE('',#5654);
#234=PLANE('',#5655);
#235=PLANE('',#5656);
#236=PLANE('',#5657);
#237=PLANE('',#5658);
#238=PLANE('',#5661);
#239=PLANE('',#5662);
#240=PLANE('',#5663);
#241=PLANE('',#5664);
#242=PLANE('',#5665);
#243=PLANE('',#5666);
#244=PLANE('',#5668);
#245=PLANE('',#5673);
#246=PLANE('',#5674);
#247=PLANE('',#5675);
#248=PLANE('',#5684);
#249=PLANE('',#5685);
#250=PLANE('',#5686);
#251=PLANE('',#5687);
#252=PLANE('',#5688);
#253=PLANE('',#5689);
#254=PLANE('',#5690);
#255=PLANE('',#5691);
#256=PLANE('',#5696);
#257=PLANE('',#5697);
#258=PLANE('',#5700);
#259=PLANE('',#5706);
#260=PLANE('',#5707);
#261=PLANE('',#5708);
#262=PLANE('',#5709);
#263=PLANE('',#5710);
#264=PLANE('',#5716);
#265=PLANE('',#5720);
#266=PLANE('',#5724);
#267=PLANE('',#5731);
#268=PLANE('',#5734);
#269=PLANE('',#5766);
#270=ADVANCED_FACE('NONE',(#684),#541,.F.);
#271=ADVANCED_FACE('NONE',(#685),#542,.F.);
#272=ADVANCED_FACE('NONE',(#686),#543,.F.);
#273=ADVANCED_FACE('NONE',(#687),#544,.F.);
#274=ADVANCED_FACE('NONE',(#688),#545,.F.);
#275=ADVANCED_FACE('NONE',(#689),#546,.F.);
#276=ADVANCED_FACE('NONE',(#690),#547,.F.);
#277=ADVANCED_FACE('NONE',(#691),#548,.F.);
#278=ADVANCED_FACE('NONE',(#692),#549,.F.);
#279=ADVANCED_FACE('NONE',(#693),#550,.F.);
#280=ADVANCED_FACE('NONE',(#694),#551,.F.);
#281=ADVANCED_FACE('NONE',(#695),#552,.F.);
#282=ADVANCED_FACE('NONE',(#696),#553,.F.);
#283=ADVANCED_FACE('NONE',(#697),#554,.F.);
#284=ADVANCED_FACE('NONE',(#698),#555,.F.);
#285=ADVANCED_FACE('NONE',(#699),#556,.F.);
#286=ADVANCED_FACE('NONE',(#700),#557,.F.);
#287=ADVANCED_FACE('NONE',(#701),#558,.F.);
#288=ADVANCED_FACE('NONE',(#702),#559,.F.);
#289=ADVANCED_FACE('NONE',(#703),#560,.F.);
#290=ADVANCED_FACE('NONE',(#704),#561,.F.);
#291=ADVANCED_FACE('NONE',(#705),#562,.F.);
#292=ADVANCED_FACE('NONE',(#706),#563,.F.);
#293=ADVANCED_FACE('NONE',(#707),#564,.F.);
#294=ADVANCED_FACE('NONE',(#708),#565,.F.);
#295=ADVANCED_FACE('NONE',(#709),#566,.F.);
#296=ADVANCED_FACE('NONE',(#710),#567,.F.);
#297=ADVANCED_FACE('NONE',(#711),#568,.F.);
#298=ADVANCED_FACE('NONE',(#712),#569,.F.);
#299=ADVANCED_FACE('NONE',(#713),#570,.F.);
#300=ADVANCED_FACE('NONE',(#714),#571,.F.);
#301=ADVANCED_FACE('NONE',(#715),#572,.F.);
#302=ADVANCED_FACE('NONE',(#716),#573,.F.);
#303=ADVANCED_FACE('NONE',(#717),#574,.F.);
#304=ADVANCED_FACE('NONE',(#718),#575,.F.);
#305=ADVANCED_FACE('NONE',(#719),#576,.F.);
#306=ADVANCED_FACE('NONE',(#720),#577,.F.);
#307=ADVANCED_FACE('NONE',(#721),#578,.F.);
#308=ADVANCED_FACE('NONE',(#722),#579,.F.);
#309=ADVANCED_FACE('NONE',(#723),#580,.F.);
#310=ADVANCED_FACE('NONE',(#724),#581,.F.);
#311=ADVANCED_FACE('NONE',(#725),#582,.F.);
#312=ADVANCED_FACE('NONE',(#726),#583,.F.);
#313=ADVANCED_FACE('NONE',(#727),#584,.F.);
#314=ADVANCED_FACE('NONE',(#728),#585,.F.);
#315=ADVANCED_FACE('NONE',(#729),#142,.F.);
#316=ADVANCED_FACE('NONE',(#730),#143,.F.);
#317=ADVANCED_FACE('NONE',(#731),#144,.F.);
#318=ADVANCED_FACE('NONE',(#732),#145,.F.);
#319=ADVANCED_FACE('NONE',(#733),#146,.F.);
#320=ADVANCED_FACE('NONE',(#734),#147,.F.);
#321=ADVANCED_FACE('NONE',(#735),#148,.F.);
#322=ADVANCED_FACE('NONE',(#736),#149,.F.);
#323=ADVANCED_FACE('NONE',(#737),#150,.F.);
#324=ADVANCED_FACE('NONE',(#738),#151,.F.);
#325=ADVANCED_FACE('NONE',(#739),#152,.F.);
#326=ADVANCED_FACE('NONE',(#740),#153,.F.);
#327=ADVANCED_FACE('NONE',(#741),#154,.F.);
#328=ADVANCED_FACE('NONE',(#742),#155,.F.);
#329=ADVANCED_FACE('NONE',(#743),#156,.F.);
#330=ADVANCED_FACE('NONE',(#744),#157,.F.);
#331=ADVANCED_FACE('NONE',(#745),#158,.F.);
#332=ADVANCED_FACE('NONE',(#746),#159,.F.);
#333=ADVANCED_FACE('NONE',(#747),#160,.F.);
#334=ADVANCED_FACE('NONE',(#748),#161,.F.);
#335=ADVANCED_FACE('NONE',(#749),#162,.F.);
#336=ADVANCED_FACE('NONE',(#750),#586,.F.);
#337=ADVANCED_FACE('NONE',(#751),#587,.F.);
#338=ADVANCED_FACE('NONE',(#752),#588,.F.);
#339=ADVANCED_FACE('NONE',(#753),#589,.F.);
#340=ADVANCED_FACE('NONE',(#754),#590,.F.);
#341=ADVANCED_FACE('NONE',(#755),#591,.F.);
#342=ADVANCED_FACE('NONE',(#756),#592,.F.);
#343=ADVANCED_FACE('NONE',(#757),#593,.F.);
#344=ADVANCED_FACE('NONE',(#758),#594,.F.);
#345=ADVANCED_FACE('NONE',(#759),#163,.F.);
#346=ADVANCED_FACE('NONE',(#760),#595,.F.);
#347=ADVANCED_FACE('NONE',(#761),#164,.F.);
#348=ADVANCED_FACE('NONE',(#762),#596,.F.);
#349=ADVANCED_FACE('NONE',(#763),#165,.F.);
#350=ADVANCED_FACE('NONE',(#764),#597,.F.);
#351=ADVANCED_FACE('NONE',(#765),#166,.F.);
#352=ADVANCED_FACE('NONE',(#766),#598,.F.);
#353=ADVANCED_FACE('NONE',(#767),#599,.F.);
#354=ADVANCED_FACE('NONE',(#768),#600,.F.);
#355=ADVANCED_FACE('NONE',(#769),#601,.F.);
#356=ADVANCED_FACE('NONE',(#770),#602,.F.);
#357=ADVANCED_FACE('NONE',(#771),#603,.F.);
#358=ADVANCED_FACE('NONE',(#772),#604,.F.);
#359=ADVANCED_FACE('NONE',(#773),#605,.F.);
#360=ADVANCED_FACE('NONE',(#774),#606,.F.);
#361=ADVANCED_FACE('NONE',(#775),#607,.F.);
#362=ADVANCED_FACE('NONE',(#776),#608,.F.);
#363=ADVANCED_FACE('NONE',(#777),#609,.F.);
#364=ADVANCED_FACE('NONE',(#778),#610,.F.);
#365=ADVANCED_FACE('NONE',(#779),#611,.F.);
#366=ADVANCED_FACE('NONE',(#780),#612,.F.);
#367=ADVANCED_FACE('NONE',(#781),#613,.F.);
#368=ADVANCED_FACE('NONE',(#782),#614,.F.);
#369=ADVANCED_FACE('NONE',(#783),#615,.F.);
#370=ADVANCED_FACE('NONE',(#784),#616,.F.);
#371=ADVANCED_FACE('NONE',(#785),#617,.F.);
#372=ADVANCED_FACE('NONE',(#786),#167,.F.);
#373=ADVANCED_FACE('NONE',(#787),#618,.F.);
#374=ADVANCED_FACE('NONE',(#788),#619,.F.);
#375=ADVANCED_FACE('NONE',(#789),#168,.F.);
#376=ADVANCED_FACE('NONE',(#790),#620,.F.);
#377=ADVANCED_FACE('NONE',(#791),#169,.F.);
#378=ADVANCED_FACE('NONE',(#792),#621,.F.);
#379=ADVANCED_FACE('NONE',(#793),#170,.F.);
#380=ADVANCED_FACE('NONE',(#794),#622,.F.);
#381=ADVANCED_FACE('NONE',(#795),#623,.F.);
#382=ADVANCED_FACE('NONE',(#796),#624,.F.);
#383=ADVANCED_FACE('NONE',(#797),#171,.F.);
#384=ADVANCED_FACE('NONE',(#798),#625,.F.);
#385=ADVANCED_FACE('NONE',(#799),#172,.F.);
#386=ADVANCED_FACE('NONE',(#800),#626,.F.);
#387=ADVANCED_FACE('NONE',(#801),#627,.F.);
#388=ADVANCED_FACE('NONE',(#802),#628,.F.);
#389=ADVANCED_FACE('NONE',(#803),#173,.F.);
#390=ADVANCED_FACE('NONE',(#804),#629,.F.);
#391=ADVANCED_FACE('NONE',(#805),#174,.F.);
#392=ADVANCED_FACE('NONE',(#806),#630,.F.);
#393=ADVANCED_FACE('NONE',(#807),#175,.F.);
#394=ADVANCED_FACE('NONE',(#808),#631,.F.);
#395=ADVANCED_FACE('NONE',(#809),#176,.F.);
#396=ADVANCED_FACE('NONE',(#810),#632,.F.);
#397=ADVANCED_FACE('NONE',(#811),#177,.F.);
#398=ADVANCED_FACE('NONE',(#812),#633,.F.);
#399=ADVANCED_FACE('NONE',(#813),#178,.F.);
#400=ADVANCED_FACE('NONE',(#814),#634,.F.);
#401=ADVANCED_FACE('NONE',(#815),#179,.F.);
#402=ADVANCED_FACE('NONE',(#816),#180,.F.);
#403=ADVANCED_FACE('NONE',(#817),#181,.T.);
#404=ADVANCED_FACE('NONE',(#818),#182,.T.);
#405=ADVANCED_FACE('NONE',(#819),#183,.T.);
#406=ADVANCED_FACE('NONE',(#820),#184,.F.);
#407=ADVANCED_FACE('NONE',(#821),#185,.F.);
#408=ADVANCED_FACE('NONE',(#822),#186,.F.);
#409=ADVANCED_FACE('NONE',(#823),#187,.F.);
#410=ADVANCED_FACE('NONE',(#34,#35,#36,#37),#188,.T.);
#411=ADVANCED_FACE('NONE',(#824),#189,.F.);
#412=ADVANCED_FACE('NONE',(#825),#190,.F.);
#413=ADVANCED_FACE('NONE',(#826),#191,.F.);
#414=ADVANCED_FACE('NONE',(#827),#192,.F.);
#415=ADVANCED_FACE('NONE',(#828),#193,.F.);
#416=ADVANCED_FACE('NONE',(#829),#194,.F.);
#417=ADVANCED_FACE('NONE',(#830),#195,.F.);
#418=ADVANCED_FACE('NONE',(#831),#196,.F.);
#419=ADVANCED_FACE('NONE',(#832),#197,.F.);
#420=ADVANCED_FACE('NONE',(#833),#198,.F.);
#421=ADVANCED_FACE('NONE',(#834),#199,.F.);
#422=ADVANCED_FACE('NONE',(#835),#200,.F.);
#423=ADVANCED_FACE('NONE',(#836),#201,.F.);
#424=ADVANCED_FACE('NONE',(#837),#202,.F.);
#425=ADVANCED_FACE('NONE',(#838),#203,.F.);
#426=ADVANCED_FACE('NONE',(#839),#204,.F.);
#427=ADVANCED_FACE('NONE',(#840),#205,.F.);
#428=ADVANCED_FACE('NONE',(#841),#206,.F.);
#429=ADVANCED_FACE('NONE',(#842),#207,.F.);
#430=ADVANCED_FACE('NONE',(#843),#208,.F.);
#431=ADVANCED_FACE('NONE',(#844),#209,.F.);
#432=ADVANCED_FACE('NONE',(#845),#210,.F.);
#433=ADVANCED_FACE('NONE',(#846),#211,.F.);
#434=ADVANCED_FACE('NONE',(#847),#212,.F.);
#435=ADVANCED_FACE('NONE',(#848),#213,.F.);
#436=ADVANCED_FACE('NONE',(#849),#214,.F.);
#437=ADVANCED_FACE('NONE',(#850),#215,.F.);
#438=ADVANCED_FACE('NONE',(#851),#216,.F.);
#439=ADVANCED_FACE('NONE',(#852),#217,.F.);
#440=ADVANCED_FACE('NONE',(#853),#218,.F.);
#441=ADVANCED_FACE('NONE',(#854),#219,.F.);
#442=ADVANCED_FACE('NONE',(#855),#220,.F.);
#443=ADVANCED_FACE('NONE',(#38,#39,#40,#41,#42),#221,.T.);
#444=ADVANCED_FACE('NONE',(#856),#222,.F.);
#445=ADVANCED_FACE('NONE',(#857),#223,.F.);
#446=ADVANCED_FACE('NONE',(#858),#224,.F.);
#447=ADVANCED_FACE('NONE',(#859),#225,.F.);
#448=ADVANCED_FACE('NONE',(#860),#226,.F.);
#449=ADVANCED_FACE('NONE',(#861),#227,.F.);
#450=ADVANCED_FACE('NONE',(#862),#228,.F.);
#451=ADVANCED_FACE('NONE',(#863),#229,.F.);
#452=ADVANCED_FACE('NONE',(#43,#44,#45),#230,.F.);
#453=ADVANCED_FACE('NONE',(#864),#231,.F.);
#454=ADVANCED_FACE('NONE',(#865),#232,.F.);
#455=ADVANCED_FACE('NONE',(#866),#233,.F.);
#456=ADVANCED_FACE('NONE',(#867),#234,.F.);
#457=ADVANCED_FACE('NONE',(#868),#235,.T.);
#458=ADVANCED_FACE('NONE',(#869),#236,.F.);
#459=ADVANCED_FACE('NONE',(#870),#237,.F.);
#460=ADVANCED_FACE('NONE',(#46,#47,#48),#238,.T.);
#461=ADVANCED_FACE('NONE',(#871),#239,.F.);
#462=ADVANCED_FACE('NONE',(#872),#240,.F.);
#463=ADVANCED_FACE('NONE',(#873),#241,.F.);
#464=ADVANCED_FACE('NONE',(#874),#242,.F.);
#465=ADVANCED_FACE('NONE',(#875),#243,.F.);
#466=ADVANCED_FACE('NONE',(#49,#50),#244,.F.);
#467=ADVANCED_FACE('NONE',(#51,#52,#53),#245,.F.);
#468=ADVANCED_FACE('NONE',(#876),#246,.F.);
#469=ADVANCED_FACE('NONE',(#877),#247,.F.);
#470=ADVANCED_FACE('NONE',(#54,#55,#56,#57,#58,#59,#60,#61,#62),#248,.T.);
#471=ADVANCED_FACE('NONE',(#878),#249,.F.);
#472=ADVANCED_FACE('NONE',(#879),#250,.T.);
#473=ADVANCED_FACE('NONE',(#880),#251,.F.);
#474=ADVANCED_FACE('NONE',(#881),#252,.F.);
#475=ADVANCED_FACE('NONE',(#882),#253,.F.);
#476=ADVANCED_FACE('NONE',(#883),#254,.F.);
#477=ADVANCED_FACE('NONE',(#884),#255,.F.);
#478=ADVANCED_FACE('NONE',(#63,#64,#65,#66,#67,#68),#256,.T.);
#479=ADVANCED_FACE('NONE',(#885),#257,.T.);
#480=ADVANCED_FACE('NONE',(#69,#70,#71),#258,.T.);
#481=ADVANCED_FACE('NONE',(#72,#73,#74,#75,#76,#77),#259,.T.);
#482=ADVANCED_FACE('NONE',(#886),#260,.T.);
#483=ADVANCED_FACE('NONE',(#887),#261,.F.);
#484=ADVANCED_FACE('NONE',(#888),#262,.T.);
#485=ADVANCED_FACE('NONE',(#889),#263,.T.);
#486=ADVANCED_FACE('NONE',(#78,#79,#80,#81,#82,#83),#264,.T.);
#487=ADVANCED_FACE('NONE',(#84,#85,#86,#87,#88,#89,#90),#265,.T.);
#488=ADVANCED_FACE('NONE',(#91,#92,#93,#94,#95,#96,#97),#266,.F.);
#489=ADVANCED_FACE('NONE',(#98,#99,#100,#101,#102),#267,.F.);
#490=ADVANCED_FACE('NONE',(#103,#104,#105),#268,.F.);
#491=ADVANCED_FACE('NONE',(#106,#107,#108,#109,#110,#111,#112,#113,#114,
#115,#116,#117,#118,#119,#120,#121,#122,#123,#124,#125,#126,#127,#128,#129,
#130,#131,#132,#133,#134,#135,#136,#137),#269,.F.);
#492=ADVANCED_FACE('NONE',(#890),#635,.F.);
#493=ADVANCED_FACE('NONE',(#891),#636,.F.);
#494=ADVANCED_FACE('NONE',(#892),#637,.F.);
#495=ADVANCED_FACE('NONE',(#893),#638,.F.);
#496=ADVANCED_FACE('NONE',(#894),#639,.F.);
#497=ADVANCED_FACE('NONE',(#895),#640,.F.);
#498=ADVANCED_FACE('NONE',(#896),#641,.F.);
#499=ADVANCED_FACE('NONE',(#897),#642,.F.);
#500=ADVANCED_FACE('NONE',(#898),#643,.F.);
#501=ADVANCED_FACE('NONE',(#899),#644,.F.);
#502=ADVANCED_FACE('NONE',(#900),#645,.F.);
#503=ADVANCED_FACE('NONE',(#901),#646,.F.);
#504=ADVANCED_FACE('NONE',(#902),#647,.F.);
#505=ADVANCED_FACE('NONE',(#903),#648,.F.);
#506=ADVANCED_FACE('NONE',(#904),#649,.F.);
#507=ADVANCED_FACE('NONE',(#905),#650,.F.);
#508=ADVANCED_FACE('NONE',(#906),#651,.F.);
#509=ADVANCED_FACE('NONE',(#907),#652,.F.);
#510=ADVANCED_FACE('NONE',(#908),#653,.F.);
#511=ADVANCED_FACE('NONE',(#909),#654,.F.);
#512=ADVANCED_FACE('NONE',(#910),#655,.F.);
#513=ADVANCED_FACE('NONE',(#911),#656,.F.);
#514=ADVANCED_FACE('NONE',(#912),#657,.F.);
#515=ADVANCED_FACE('NONE',(#913),#658,.F.);
#516=ADVANCED_FACE('NONE',(#914),#659,.F.);
#517=ADVANCED_FACE('NONE',(#915),#660,.F.);
#518=ADVANCED_FACE('NONE',(#916),#661,.F.);
#519=ADVANCED_FACE('NONE',(#917),#662,.F.);
#520=ADVANCED_FACE('NONE',(#918),#663,.F.);
#521=ADVANCED_FACE('NONE',(#919),#664,.F.);
#522=ADVANCED_FACE('NONE',(#920),#665,.F.);
#523=ADVANCED_FACE('NONE',(#921),#666,.F.);
#524=ADVANCED_FACE('NONE',(#922),#667,.F.);
#525=ADVANCED_FACE('NONE',(#923),#668,.F.);
#526=ADVANCED_FACE('NONE',(#924),#669,.F.);
#527=ADVANCED_FACE('NONE',(#925),#670,.F.);
#528=ADVANCED_FACE('NONE',(#926),#671,.F.);
#529=ADVANCED_FACE('NONE',(#927),#672,.F.);
#530=ADVANCED_FACE('NONE',(#928),#673,.F.);
#531=ADVANCED_FACE('NONE',(#929),#674,.F.);
#532=ADVANCED_FACE('NONE',(#930),#675,.F.);
#533=ADVANCED_FACE('NONE',(#931),#676,.F.);
#534=ADVANCED_FACE('NONE',(#932),#677,.F.);
#535=ADVANCED_FACE('NONE',(#138,#139),#678,.F.);
#536=ADVANCED_FACE('NONE',(#933),#679,.F.);
#537=ADVANCED_FACE('NONE',(#934),#680,.F.);
#538=ADVANCED_FACE('NONE',(#935),#681,.F.);
#539=ADVANCED_FACE('NONE',(#936),#682,.F.);
#540=ADVANCED_FACE('NONE',(#937),#683,.F.);
#541=CYLINDRICAL_SURFACE('',#5256,1.49999999999999);
#542=CYLINDRICAL_SURFACE('',#5259,1.49999999999999);
#543=CYLINDRICAL_SURFACE('',#5262,1.5);
#544=CYLINDRICAL_SURFACE('',#5265,1.5);
#545=CYLINDRICAL_SURFACE('',#5268,1.5);
#546=CYLINDRICAL_SURFACE('',#5271,1.5);
#547=CYLINDRICAL_SURFACE('',#5274,1.5);
#548=CYLINDRICAL_SURFACE('',#5277,1.5);
#549=CYLINDRICAL_SURFACE('',#5280,1.5);
#550=CYLINDRICAL_SURFACE('',#5283,1.5);
#551=CYLINDRICAL_SURFACE('',#5286,1.5);
#552=CYLINDRICAL_SURFACE('',#5289,1.5);
#553=CYLINDRICAL_SURFACE('',#5292,1.5);
#554=CYLINDRICAL_SURFACE('',#5295,1.5);
#555=CYLINDRICAL_SURFACE('',#5298,1.5);
#556=CYLINDRICAL_SURFACE('',#5301,1.5);
#557=CYLINDRICAL_SURFACE('',#5304,1.5);
#558=CYLINDRICAL_SURFACE('',#5307,1.5);
#559=CYLINDRICAL_SURFACE('',#5310,1.5);
#560=CYLINDRICAL_SURFACE('',#5313,1.5);
#561=CYLINDRICAL_SURFACE('',#5316,1.5);
#562=CYLINDRICAL_SURFACE('',#5319,1.5);
#563=CYLINDRICAL_SURFACE('',#5322,1.5);
#564=CYLINDRICAL_SURFACE('',#5325,1.5);
#565=CYLINDRICAL_SURFACE('',#5328,1.5);
#566=CYLINDRICAL_SURFACE('',#5331,1.5);
#567=CYLINDRICAL_SURFACE('',#5334,1.5);
#568=CYLINDRICAL_SURFACE('',#5337,1.5);
#569=CYLINDRICAL_SURFACE('',#5340,1.5);
#570=CYLINDRICAL_SURFACE('',#5343,1.5);
#571=CYLINDRICAL_SURFACE('',#5346,1.5);
#572=CYLINDRICAL_SURFACE('',#5349,1.5);
#573=CYLINDRICAL_SURFACE('',#5352,1.5);
#574=CYLINDRICAL_SURFACE('',#5355,1.5);
#575=CYLINDRICAL_SURFACE('',#5358,1.5);
#576=CYLINDRICAL_SURFACE('',#5362,1.5);
#577=CYLINDRICAL_SURFACE('',#5365,1.5);
#578=CYLINDRICAL_SURFACE('',#5368,1.5);
#579=CYLINDRICAL_SURFACE('',#5371,1.5);
#580=CYLINDRICAL_SURFACE('',#5374,1.5);
#581=CYLINDRICAL_SURFACE('',#5377,1.5);
#582=CYLINDRICAL_SURFACE('',#5380,0.8);
#583=CYLINDRICAL_SURFACE('',#5383,0.799999999999999);
#584=CYLINDRICAL_SURFACE('',#5386,0.8);
#585=CYLINDRICAL_SURFACE('',#5389,0.799999999999999);
#586=CYLINDRICAL_SURFACE('',#5413,0.900000000000012);
#587=CYLINDRICAL_SURFACE('',#5416,0.900000000000012);
#588=CYLINDRICAL_SURFACE('',#5419,0.900000000000012);
#589=CYLINDRICAL_SURFACE('',#5422,0.900000000000012);
#590=CYLINDRICAL_SURFACE('',#5425,0.900000000000012);
#591=CYLINDRICAL_SURFACE('',#5428,0.900000000000019);
#592=CYLINDRICAL_SURFACE('',#5431,0.899999999999998);
#593=CYLINDRICAL_SURFACE('',#5434,0.900000000000012);
#594=CYLINDRICAL_SURFACE('',#5437,0.900000000000012);
#595=CYLINDRICAL_SURFACE('',#5442,0.900000000000012);
#596=CYLINDRICAL_SURFACE('',#5447,0.900000000000012);
#597=CYLINDRICAL_SURFACE('',#5452,0.900000000000014);
#598=CYLINDRICAL_SURFACE('',#5457,1.10000000000001);
#599=CYLINDRICAL_SURFACE('',#5460,1.10000000000002);
#600=CYLINDRICAL_SURFACE('',#5463,0.900000000000012);
#601=CYLINDRICAL_SURFACE('',#5466,1.10000000000001);
#602=CYLINDRICAL_SURFACE('',#5469,1.10000000000002);
#603=CYLINDRICAL_SURFACE('',#5472,0.900000000000012);
#604=CYLINDRICAL_SURFACE('',#5475,0.900000000000012);
#605=CYLINDRICAL_SURFACE('',#5478,0.900000000000012);
#606=CYLINDRICAL_SURFACE('',#5481,0.900000000000012);
#607=CYLINDRICAL_SURFACE('',#5484,0.900000000000012);
#608=CYLINDRICAL_SURFACE('',#5487,0.900000000000015);
#609=CYLINDRICAL_SURFACE('',#5490,0.900000000000012);
#610=CYLINDRICAL_SURFACE('',#5493,0.900000000000012);
#611=CYLINDRICAL_SURFACE('',#5496,0.600000000000017);
#612=CYLINDRICAL_SURFACE('',#5499,0.600000000000017);
#613=CYLINDRICAL_SURFACE('',#5502,0.600000000000017);
#614=CYLINDRICAL_SURFACE('',#5505,0.600000000000017);
#615=CYLINDRICAL_SURFACE('',#5508,1.3);
#616=CYLINDRICAL_SURFACE('',#5511,1.3);
#617=CYLINDRICAL_SURFACE('',#5514,1.1);
#618=CYLINDRICAL_SURFACE('',#5519,0.900000000000015);
#619=CYLINDRICAL_SURFACE('',#5522,0.900000000000012);
#620=CYLINDRICAL_SURFACE('',#5527,0.900000000000015);
#621=CYLINDRICAL_SURFACE('',#5532,1.1);
#622=CYLINDRICAL_SURFACE('',#5537,0.900000000000015);
#623=CYLINDRICAL_SURFACE('',#5540,0.900000000000012);
#624=CYLINDRICAL_SURFACE('',#5543,0.900000000000012);
#625=CYLINDRICAL_SURFACE('',#5548,0.900000000000015);
#626=CYLINDRICAL_SURFACE('',#5553,1.30000000000001);
#627=CYLINDRICAL_SURFACE('',#5556,1.30000000000001);
#628=CYLINDRICAL_SURFACE('',#5559,1.40000000000001);
#629=CYLINDRICAL_SURFACE('',#5564,1.40000000000001);
#630=CYLINDRICAL_SURFACE('',#5569,1.40000000000001);
#631=CYLINDRICAL_SURFACE('',#5574,1.40000000000001);
#632=CYLINDRICAL_SURFACE('',#5579,1.40000000000001);
#633=CYLINDRICAL_SURFACE('',#5584,1.40000000000001);
#634=CYLINDRICAL_SURFACE('',#5589,1.40000000000001);
#635=CYLINDRICAL_SURFACE('',#5767,1.40000000000001);
#636=CYLINDRICAL_SURFACE('',#5768,1.40000000000001);
#637=CYLINDRICAL_SURFACE('',#5769,1.40000000000001);
#638=CYLINDRICAL_SURFACE('',#5770,1.40000000000001);
#639=CYLINDRICAL_SURFACE('',#5771,1.40000000000001);
#640=CYLINDRICAL_SURFACE('',#5772,1.40000000000001);
#641=CYLINDRICAL_SURFACE('',#5773,1.40000000000001);
#642=CYLINDRICAL_SURFACE('',#5774,1.30000000000001);
#643=CYLINDRICAL_SURFACE('',#5775,1.30000000000001);
#644=CYLINDRICAL_SURFACE('',#5776,0.900000000000015);
#645=CYLINDRICAL_SURFACE('',#5777,0.900000000000012);
#646=CYLINDRICAL_SURFACE('',#5778,0.900000000000012);
#647=CYLINDRICAL_SURFACE('',#5779,0.900000000000015);
#648=CYLINDRICAL_SURFACE('',#5780,1.1);
#649=CYLINDRICAL_SURFACE('',#5781,0.900000000000015);
#650=CYLINDRICAL_SURFACE('',#5782,0.900000000000012);
#651=CYLINDRICAL_SURFACE('',#5783,0.900000000000015);
#652=CYLINDRICAL_SURFACE('',#5784,1.1);
#653=CYLINDRICAL_SURFACE('',#5785,1.3);
#654=CYLINDRICAL_SURFACE('',#5786,1.3);
#655=CYLINDRICAL_SURFACE('',#5787,0.600000000000017);
#656=CYLINDRICAL_SURFACE('',#5788,0.600000000000017);
#657=CYLINDRICAL_SURFACE('',#5789,0.600000000000017);
#658=CYLINDRICAL_SURFACE('',#5790,0.600000000000017);
#659=CYLINDRICAL_SURFACE('',#5791,0.900000000000012);
#660=CYLINDRICAL_SURFACE('',#5792,0.900000000000012);
#661=CYLINDRICAL_SURFACE('',#5793,0.900000000000015);
#662=CYLINDRICAL_SURFACE('',#5794,0.900000000000012);
#663=CYLINDRICAL_SURFACE('',#5795,0.900000000000012);
#664=CYLINDRICAL_SURFACE('',#5796,0.900000000000012);
#665=CYLINDRICAL_SURFACE('',#5797,0.900000000000012);
#666=CYLINDRICAL_SURFACE('',#5798,0.900000000000012);
#667=CYLINDRICAL_SURFACE('',#5799,1.10000000000002);
#668=CYLINDRICAL_SURFACE('',#5800,1.10000000000001);
#669=CYLINDRICAL_SURFACE('',#5801,0.900000000000012);
#670=CYLINDRICAL_SURFACE('',#5802,1.10000000000002);
#671=CYLINDRICAL_SURFACE('',#5803,1.10000000000001);
#672=CYLINDRICAL_SURFACE('',#5804,0.900000000000014);
#673=CYLINDRICAL_SURFACE('',#5805,0.900000000000012);
#674=CYLINDRICAL_SURFACE('',#5806,0.900000000000012);
#675=CYLINDRICAL_SURFACE('',#5807,0.900000000000012);
#676=CYLINDRICAL_SURFACE('',#5808,0.900000000000012);
#677=CYLINDRICAL_SURFACE('',#5809,0.899999999999998);
#678=CYLINDRICAL_SURFACE('',#5810,0.900000000000019);
#679=CYLINDRICAL_SURFACE('',#5811,0.900000000000012);
#680=CYLINDRICAL_SURFACE('',#5812,0.900000000000012);
#681=CYLINDRICAL_SURFACE('',#5813,0.900000000000012);
#682=CYLINDRICAL_SURFACE('',#5814,0.900000000000012);
#683=CYLINDRICAL_SURFACE('',#5815,0.900000000000012);
#684=FACE_OUTER_BOUND('',#938,.T.);
#685=FACE_OUTER_BOUND('',#939,.T.);
#686=FACE_OUTER_BOUND('',#940,.T.);
#687=FACE_OUTER_BOUND('',#941,.T.);
#688=FACE_OUTER_BOUND('',#942,.T.);
#689=FACE_OUTER_BOUND('',#943,.T.);
#690=FACE_OUTER_BOUND('',#944,.T.);
#691=FACE_OUTER_BOUND('',#945,.T.);
#692=FACE_OUTER_BOUND('',#946,.T.);
#693=FACE_OUTER_BOUND('',#947,.T.);
#694=FACE_OUTER_BOUND('',#948,.T.);
#695=FACE_OUTER_BOUND('',#949,.T.);
#696=FACE_OUTER_BOUND('',#950,.T.);
#697=FACE_OUTER_BOUND('',#951,.T.);
#698=FACE_OUTER_BOUND('',#952,.T.);
#699=FACE_OUTER_BOUND('',#953,.T.);
#700=FACE_OUTER_BOUND('',#954,.T.);
#701=FACE_OUTER_BOUND('',#955,.T.);
#702=FACE_OUTER_BOUND('',#956,.T.);
#703=FACE_OUTER_BOUND('',#957,.T.);
#704=FACE_OUTER_BOUND('',#958,.T.);
#705=FACE_OUTER_BOUND('',#959,.T.);
#706=FACE_OUTER_BOUND('',#960,.T.);
#707=FACE_OUTER_BOUND('',#961,.T.);
#708=FACE_OUTER_BOUND('',#962,.T.);
#709=FACE_OUTER_BOUND('',#963,.T.);
#710=FACE_OUTER_BOUND('',#964,.T.);
#711=FACE_OUTER_BOUND('',#965,.T.);
#712=FACE_OUTER_BOUND('',#966,.T.);
#713=FACE_OUTER_BOUND('',#967,.T.);
#714=FACE_OUTER_BOUND('',#968,.T.);
#715=FACE_OUTER_BOUND('',#969,.T.);
#716=FACE_OUTER_BOUND('',#970,.T.);
#717=FACE_OUTER_BOUND('',#971,.T.);
#718=FACE_OUTER_BOUND('',#972,.T.);
#719=FACE_OUTER_BOUND('',#973,.T.);
#720=FACE_OUTER_BOUND('',#974,.T.);
#721=FACE_OUTER_BOUND('',#975,.T.);
#722=FACE_OUTER_BOUND('',#976,.T.);
#723=FACE_OUTER_BOUND('',#977,.T.);
#724=FACE_OUTER_BOUND('',#978,.T.);
#725=FACE_OUTER_BOUND('',#979,.T.);
#726=FACE_OUTER_BOUND('',#980,.T.);
#727=FACE_OUTER_BOUND('',#981,.T.);
#728=FACE_OUTER_BOUND('',#982,.T.);
#729=FACE_OUTER_BOUND('',#983,.T.);
#730=FACE_OUTER_BOUND('',#984,.T.);
#731=FACE_OUTER_BOUND('',#985,.T.);
#732=FACE_OUTER_BOUND('',#986,.T.);
#733=FACE_OUTER_BOUND('',#987,.T.);
#734=FACE_OUTER_BOUND('',#988,.T.);
#735=FACE_OUTER_BOUND('',#989,.T.);
#736=FACE_OUTER_BOUND('',#990,.T.);
#737=FACE_OUTER_BOUND('',#991,.T.);
#738=FACE_OUTER_BOUND('',#992,.T.);
#739=FACE_OUTER_BOUND('',#993,.T.);
#740=FACE_OUTER_BOUND('',#994,.T.);
#741=FACE_OUTER_BOUND('',#995,.T.);
#742=FACE_OUTER_BOUND('',#996,.T.);
#743=FACE_OUTER_BOUND('',#997,.T.);
#744=FACE_OUTER_BOUND('',#998,.T.);
#745=FACE_OUTER_BOUND('',#999,.T.);
#746=FACE_OUTER_BOUND('',#1000,.T.);
#747=FACE_OUTER_BOUND('',#1001,.T.);
#748=FACE_OUTER_BOUND('',#1002,.T.);
#749=FACE_OUTER_BOUND('',#1003,.T.);
#750=FACE_OUTER_BOUND('',#1004,.T.);
#751=FACE_OUTER_BOUND('',#1005,.T.);
#752=FACE_OUTER_BOUND('',#1006,.T.);
#753=FACE_OUTER_BOUND('',#1007,.T.);
#754=FACE_OUTER_BOUND('',#1008,.T.);
#755=FACE_OUTER_BOUND('',#1009,.T.);
#756=FACE_OUTER_BOUND('',#1010,.T.);
#757=FACE_OUTER_BOUND('',#1011,.T.);
#758=FACE_OUTER_BOUND('',#1012,.T.);
#759=FACE_OUTER_BOUND('',#1013,.T.);
#760=FACE_OUTER_BOUND('',#1014,.T.);
#761=FACE_OUTER_BOUND('',#1015,.T.);
#762=FACE_OUTER_BOUND('',#1016,.T.);
#763=FACE_OUTER_BOUND('',#1017,.T.);
#764=FACE_OUTER_BOUND('',#1018,.T.);
#765=FACE_OUTER_BOUND('',#1019,.T.);
#766=FACE_OUTER_BOUND('',#1020,.T.);
#767=FACE_OUTER_BOUND('',#1021,.T.);
#768=FACE_OUTER_BOUND('',#1022,.T.);
#769=FACE_OUTER_BOUND('',#1023,.T.);
#770=FACE_OUTER_BOUND('',#1024,.T.);
#771=FACE_OUTER_BOUND('',#1025,.T.);
#772=FACE_OUTER_BOUND('',#1026,.T.);
#773=FACE_OUTER_BOUND('',#1027,.T.);
#774=FACE_OUTER_BOUND('',#1028,.T.);
#775=FACE_OUTER_BOUND('',#1029,.T.);
#776=FACE_OUTER_BOUND('',#1030,.T.);
#777=FACE_OUTER_BOUND('',#1031,.T.);
#778=FACE_OUTER_BOUND('',#1032,.T.);
#779=FACE_OUTER_BOUND('',#1033,.T.);
#780=FACE_OUTER_BOUND('',#1034,.T.);
#781=FACE_OUTER_BOUND('',#1035,.T.);
#782=FACE_OUTER_BOUND('',#1036,.T.);
#783=FACE_OUTER_BOUND('',#1037,.T.);
#784=FACE_OUTER_BOUND('',#1038,.T.);
#785=FACE_OUTER_BOUND('',#1039,.T.);
#786=FACE_OUTER_BOUND('',#1040,.T.);
#787=FACE_OUTER_BOUND('',#1041,.T.);
#788=FACE_OUTER_BOUND('',#1042,.T.);
#789=FACE_OUTER_BOUND('',#1043,.T.);
#790=FACE_OUTER_BOUND('',#1044,.T.);
#791=FACE_OUTER_BOUND('',#1045,.T.);
#792=FACE_OUTER_BOUND('',#1046,.T.);
#793=FACE_OUTER_BOUND('',#1047,.T.);
#794=FACE_OUTER_BOUND('',#1048,.T.);
#795=FACE_OUTER_BOUND('',#1049,.T.);
#796=FACE_OUTER_BOUND('',#1050,.T.);
#797=FACE_OUTER_BOUND('',#1051,.T.);
#798=FACE_OUTER_BOUND('',#1052,.T.);
#799=FACE_OUTER_BOUND('',#1053,.T.);
#800=FACE_OUTER_BOUND('',#1054,.T.);
#801=FACE_OUTER_BOUND('',#1055,.T.);
#802=FACE_OUTER_BOUND('',#1056,.T.);
#803=FACE_OUTER_BOUND('',#1057,.T.);
#804=FACE_OUTER_BOUND('',#1058,.T.);
#805=FACE_OUTER_BOUND('',#1059,.T.);
#806=FACE_OUTER_BOUND('',#1060,.T.);
#807=FACE_OUTER_BOUND('',#1061,.T.);
#808=FACE_OUTER_BOUND('',#1062,.T.);
#809=FACE_OUTER_BOUND('',#1063,.T.);
#810=FACE_OUTER_BOUND('',#1064,.T.);
#811=FACE_OUTER_BOUND('',#1065,.T.);
#812=FACE_OUTER_BOUND('',#1066,.T.);
#813=FACE_OUTER_BOUND('',#1067,.T.);
#814=FACE_OUTER_BOUND('',#1068,.T.);
#815=FACE_OUTER_BOUND('',#1069,.T.);
#816=FACE_OUTER_BOUND('',#1070,.T.);
#817=FACE_OUTER_BOUND('',#1071,.T.);
#818=FACE_OUTER_BOUND('',#1072,.T.);
#819=FACE_OUTER_BOUND('',#1073,.T.);
#820=FACE_OUTER_BOUND('',#1074,.T.);
#821=FACE_OUTER_BOUND('',#1075,.T.);
#822=FACE_OUTER_BOUND('',#1076,.T.);
#823=FACE_OUTER_BOUND('',#1077,.T.);
#824=FACE_OUTER_BOUND('',#1082,.T.);
#825=FACE_OUTER_BOUND('',#1083,.T.);
#826=FACE_OUTER_BOUND('',#1084,.T.);
#827=FACE_OUTER_BOUND('',#1085,.T.);
#828=FACE_OUTER_BOUND('',#1086,.T.);
#829=FACE_OUTER_BOUND('',#1087,.T.);
#830=FACE_OUTER_BOUND('',#1088,.T.);
#831=FACE_OUTER_BOUND('',#1089,.T.);
#832=FACE_OUTER_BOUND('',#1090,.T.);
#833=FACE_OUTER_BOUND('',#1091,.T.);
#834=FACE_OUTER_BOUND('',#1092,.T.);
#835=FACE_OUTER_BOUND('',#1093,.T.);
#836=FACE_OUTER_BOUND('',#1094,.T.);
#837=FACE_OUTER_BOUND('',#1095,.T.);
#838=FACE_OUTER_BOUND('',#1096,.T.);
#839=FACE_OUTER_BOUND('',#1097,.T.);
#840=FACE_OUTER_BOUND('',#1098,.T.);
#841=FACE_OUTER_BOUND('',#1099,.T.);
#842=FACE_OUTER_BOUND('',#1100,.T.);
#843=FACE_OUTER_BOUND('',#1101,.T.);
#844=FACE_OUTER_BOUND('',#1102,.T.);
#845=FACE_OUTER_BOUND('',#1103,.T.);
#846=FACE_OUTER_BOUND('',#1104,.T.);
#847=FACE_OUTER_BOUND('',#1105,.T.);
#848=FACE_OUTER_BOUND('',#1106,.T.);
#849=FACE_OUTER_BOUND('',#1107,.T.);
#850=FACE_OUTER_BOUND('',#1108,.T.);
#851=FACE_OUTER_BOUND('',#1109,.T.);
#852=FACE_OUTER_BOUND('',#1110,.T.);
#853=FACE_OUTER_BOUND('',#1111,.T.);
#854=FACE_OUTER_BOUND('',#1112,.T.);
#855=FACE_OUTER_BOUND('',#1113,.T.);
#856=FACE_OUTER_BOUND('',#1119,.T.);
#857=FACE_OUTER_BOUND('',#1120,.T.);
#858=FACE_OUTER_BOUND('',#1121,.T.);
#859=FACE_OUTER_BOUND('',#1122,.T.);
#860=FACE_OUTER_BOUND('',#1123,.T.);
#861=FACE_OUTER_BOUND('',#1124,.T.);
#862=FACE_OUTER_BOUND('',#1125,.T.);
#863=FACE_OUTER_BOUND('',#1126,.T.);
#864=FACE_OUTER_BOUND('',#1130,.T.);
#865=FACE_OUTER_BOUND('',#1131,.T.);
#866=FACE_OUTER_BOUND('',#1132,.T.);
#867=FACE_OUTER_BOUND('',#1133,.T.);
#868=FACE_OUTER_BOUND('',#1134,.T.);
#869=FACE_OUTER_BOUND('',#1135,.T.);
#870=FACE_OUTER_BOUND('',#1136,.T.);
#871=FACE_OUTER_BOUND('',#1140,.T.);
#872=FACE_OUTER_BOUND('',#1141,.T.);
#873=FACE_OUTER_BOUND('',#1142,.T.);
#874=FACE_OUTER_BOUND('',#1143,.T.);
#875=FACE_OUTER_BOUND('',#1144,.T.);
#876=FACE_OUTER_BOUND('',#1150,.T.);
#877=FACE_OUTER_BOUND('',#1151,.T.);
#878=FACE_OUTER_BOUND('',#1161,.T.);
#879=FACE_OUTER_BOUND('',#1162,.T.);
#880=FACE_OUTER_BOUND('',#1163,.T.);
#881=FACE_OUTER_BOUND('',#1164,.T.);
#882=FACE_OUTER_BOUND('',#1165,.T.);
#883=FACE_OUTER_BOUND('',#1166,.T.);
#884=FACE_OUTER_BOUND('',#1167,.T.);
#885=FACE_OUTER_BOUND('',#1174,.T.);
#886=FACE_OUTER_BOUND('',#1184,.T.);
#887=FACE_OUTER_BOUND('',#1185,.T.);
#888=FACE_OUTER_BOUND('',#1186,.T.);
#889=FACE_OUTER_BOUND('',#1187,.T.);
#890=FACE_OUTER_BOUND('',#1248,.T.);
#891=FACE_OUTER_BOUND('',#1249,.T.);
#892=FACE_OUTER_BOUND('',#1250,.T.);
#893=FACE_OUTER_BOUND('',#1251,.T.);
#894=FACE_OUTER_BOUND('',#1252,.T.);
#895=FACE_OUTER_BOUND('',#1253,.T.);
#896=FACE_OUTER_BOUND('',#1254,.T.);
#897=FACE_OUTER_BOUND('',#1255,.T.);
#898=FACE_OUTER_BOUND('',#1256,.T.);
#899=FACE_OUTER_BOUND('',#1257,.T.);
#900=FACE_OUTER_BOUND('',#1258,.T.);
#901=FACE_OUTER_BOUND('',#1259,.T.);
#902=FACE_OUTER_BOUND('',#1260,.T.);
#903=FACE_OUTER_BOUND('',#1261,.T.);
#904=FACE_OUTER_BOUND('',#1262,.T.);
#905=FACE_OUTER_BOUND('',#1263,.T.);
#906=FACE_OUTER_BOUND('',#1264,.T.);
#907=FACE_OUTER_BOUND('',#1265,.T.);
#908=FACE_OUTER_BOUND('',#1266,.T.);
#909=FACE_OUTER_BOUND('',#1267,.T.);
#910=FACE_OUTER_BOUND('',#1268,.T.);
#911=FACE_OUTER_BOUND('',#1269,.T.);
#912=FACE_OUTER_BOUND('',#1270,.T.);
#913=FACE_OUTER_BOUND('',#1271,.T.);
#914=FACE_OUTER_BOUND('',#1272,.T.);
#915=FACE_OUTER_BOUND('',#1273,.T.);
#916=FACE_OUTER_BOUND('',#1274,.T.);
#917=FACE_OUTER_BOUND('',#1275,.T.);
#918=FACE_OUTER_BOUND('',#1276,.T.);
#919=FACE_OUTER_BOUND('',#1277,.T.);
#920=FACE_OUTER_BOUND('',#1278,.T.);
#921=FACE_OUTER_BOUND('',#1279,.T.);
#922=FACE_OUTER_BOUND('',#1280,.T.);
#923=FACE_OUTER_BOUND('',#1281,.T.);
#924=FACE_OUTER_BOUND('',#1282,.T.);
#925=FACE_OUTER_BOUND('',#1283,.T.);
#926=FACE_OUTER_BOUND('',#1284,.T.);
#927=FACE_OUTER_BOUND('',#1285,.T.);
#928=FACE_OUTER_BOUND('',#1286,.T.);
#929=FACE_OUTER_BOUND('',#1287,.T.);
#930=FACE_OUTER_BOUND('',#1288,.T.);
#931=FACE_OUTER_BOUND('',#1289,.T.);
#932=FACE_OUTER_BOUND('',#1290,.T.);
#933=FACE_OUTER_BOUND('',#1293,.T.);
#934=FACE_OUTER_BOUND('',#1294,.T.);
#935=FACE_OUTER_BOUND('',#1295,.T.);
#936=FACE_OUTER_BOUND('',#1296,.T.);
#937=FACE_OUTER_BOUND('',#1297,.T.);
#938=EDGE_LOOP('',(#2212,#2213,#2214,#2215));
#939=EDGE_LOOP('',(#2216,#2217,#2218,#2219));
#940=EDGE_LOOP('',(#2220,#2221,#2222,#2223));
#941=EDGE_LOOP('',(#2224,#2225,#2226,#2227));
#942=EDGE_LOOP('',(#2228,#2229,#2230,#2231));
#943=EDGE_LOOP('',(#2232,#2233,#2234,#2235));
#944=EDGE_LOOP('',(#2236,#2237,#2238,#2239));
#945=EDGE_LOOP('',(#2240,#2241,#2242,#2243));
#946=EDGE_LOOP('',(#2244,#2245,#2246,#2247));
#947=EDGE_LOOP('',(#2248,#2249,#2250,#2251));
#948=EDGE_LOOP('',(#2252,#2253,#2254,#2255));
#949=EDGE_LOOP('',(#2256,#2257,#2258,#2259));
#950=EDGE_LOOP('',(#2260,#2261,#2262,#2263));
#951=EDGE_LOOP('',(#2264,#2265,#2266,#2267));
#952=EDGE_LOOP('',(#2268,#2269,#2270,#2271));
#953=EDGE_LOOP('',(#2272,#2273,#2274,#2275));
#954=EDGE_LOOP('',(#2276,#2277,#2278,#2279));
#955=EDGE_LOOP('',(#2280,#2281,#2282,#2283));
#956=EDGE_LOOP('',(#2284,#2285,#2286,#2287));
#957=EDGE_LOOP('',(#2288,#2289,#2290,#2291));
#958=EDGE_LOOP('',(#2292,#2293,#2294,#2295));
#959=EDGE_LOOP('',(#2296,#2297,#2298,#2299));
#960=EDGE_LOOP('',(#2300,#2301,#2302,#2303));
#961=EDGE_LOOP('',(#2304,#2305,#2306,#2307));
#962=EDGE_LOOP('',(#2308,#2309,#2310,#2311));
#963=EDGE_LOOP('',(#2312,#2313,#2314,#2315));
#964=EDGE_LOOP('',(#2316,#2317,#2318,#2319));
#965=EDGE_LOOP('',(#2320,#2321,#2322,#2323));
#966=EDGE_LOOP('',(#2324,#2325,#2326,#2327));
#967=EDGE_LOOP('',(#2328,#2329,#2330,#2331));
#968=EDGE_LOOP('',(#2332,#2333,#2334,#2335));
#969=EDGE_LOOP('',(#2336,#2337,#2338,#2339));
#970=EDGE_LOOP('',(#2340,#2341,#2342,#2343));
#971=EDGE_LOOP('',(#2344,#2345,#2346,#2347));
#972=EDGE_LOOP('',(#2348,#2349,#2350,#2351));
#973=EDGE_LOOP('',(#2352,#2353,#2354,#2355,#2356,#2357));
#974=EDGE_LOOP('',(#2358,#2359,#2360,#2361));
#975=EDGE_LOOP('',(#2362,#2363,#2364,#2365));
#976=EDGE_LOOP('',(#2366,#2367,#2368,#2369));
#977=EDGE_LOOP('',(#2370,#2371,#2372,#2373));
#978=EDGE_LOOP('',(#2374,#2375,#2376,#2377));
#979=EDGE_LOOP('',(#2378,#2379,#2380,#2381));
#980=EDGE_LOOP('',(#2382,#2383,#2384,#2385));
#981=EDGE_LOOP('',(#2386,#2387,#2388,#2389));
#982=EDGE_LOOP('',(#2390,#2391,#2392,#2393));
#983=EDGE_LOOP('',(#2394,#2395,#2396,#2397));
#984=EDGE_LOOP('',(#2398,#2399,#2400,#2401));
#985=EDGE_LOOP('',(#2402,#2403,#2404,#2405));
#986=EDGE_LOOP('',(#2406,#2407,#2408,#2409));
#987=EDGE_LOOP('',(#2410,#2411,#2412,#2413));
#988=EDGE_LOOP('',(#2414,#2415,#2416,#2417));
#989=EDGE_LOOP('',(#2418,#2419,#2420,#2421));
#990=EDGE_LOOP('',(#2422,#2423,#2424,#2425));
#991=EDGE_LOOP('',(#2426,#2427,#2428,#2429));
#992=EDGE_LOOP('',(#2430,#2431,#2432,#2433));
#993=EDGE_LOOP('',(#2434,#2435,#2436,#2437));
#994=EDGE_LOOP('',(#2438,#2439,#2440,#2441));
#995=EDGE_LOOP('',(#2442,#2443,#2444,#2445));
#996=EDGE_LOOP('',(#2446,#2447,#2448,#2449));
#997=EDGE_LOOP('',(#2450,#2451,#2452,#2453));
#998=EDGE_LOOP('',(#2454,#2455,#2456,#2457));
#999=EDGE_LOOP('',(#2458,#2459,#2460,#2461));
#1000=EDGE_LOOP('',(#2462,#2463,#2464,#2465));
#1001=EDGE_LOOP('',(#2466,#2467,#2468,#2469));
#1002=EDGE_LOOP('',(#2470,#2471,#2472,#2473));
#1003=EDGE_LOOP('',(#2474,#2475,#2476,#2477));
#1004=EDGE_LOOP('',(#2478,#2479,#2480,#2481));
#1005=EDGE_LOOP('',(#2482,#2483,#2484,#2485));
#1006=EDGE_LOOP('',(#2486,#2487,#2488,#2489));
#1007=EDGE_LOOP('',(#2490,#2491,#2492,#2493));
#1008=EDGE_LOOP('',(#2494,#2495,#2496,#2497));
#1009=EDGE_LOOP('',(#2498,#2499,#2500,#2501));
#1010=EDGE_LOOP('',(#2502,#2503,#2504,#2505));
#1011=EDGE_LOOP('',(#2506,#2507,#2508,#2509));
#1012=EDGE_LOOP('',(#2510,#2511,#2512,#2513));
#1013=EDGE_LOOP('',(#2514,#2515));
#1014=EDGE_LOOP('',(#2516,#2517,#2518,#2519));
#1015=EDGE_LOOP('',(#2520,#2521));
#1016=EDGE_LOOP('',(#2522,#2523,#2524,#2525));
#1017=EDGE_LOOP('',(#2526,#2527));
#1018=EDGE_LOOP('',(#2528,#2529,#2530,#2531));
#1019=EDGE_LOOP('',(#2532,#2533));
#1020=EDGE_LOOP('',(#2534,#2535,#2536,#2537));
#1021=EDGE_LOOP('',(#2538,#2539,#2540,#2541));
#1022=EDGE_LOOP('',(#2542,#2543,#2544,#2545));
#1023=EDGE_LOOP('',(#2546,#2547,#2548,#2549));
#1024=EDGE_LOOP('',(#2550,#2551,#2552,#2553));
#1025=EDGE_LOOP('',(#2554,#2555,#2556,#2557));
#1026=EDGE_LOOP('',(#2558,#2559,#2560,#2561));
#1027=EDGE_LOOP('',(#2562,#2563,#2564,#2565));
#1028=EDGE_LOOP('',(#2566,#2567,#2568,#2569));
#1029=EDGE_LOOP('',(#2570,#2571,#2572,#2573));
#1030=EDGE_LOOP('',(#2574,#2575,#2576,#2577));
#1031=EDGE_LOOP('',(#2578,#2579,#2580,#2581));
#1032=EDGE_LOOP('',(#2582,#2583,#2584,#2585));
#1033=EDGE_LOOP('',(#2586,#2587,#2588,#2589));
#1034=EDGE_LOOP('',(#2590,#2591,#2592,#2593));
#1035=EDGE_LOOP('',(#2594,#2595,#2596,#2597));
#1036=EDGE_LOOP('',(#2598,#2599,#2600,#2601));
#1037=EDGE_LOOP('',(#2602,#2603,#2604,#2605));
#1038=EDGE_LOOP('',(#2606,#2607,#2608,#2609));
#1039=EDGE_LOOP('',(#2610,#2611,#2612,#2613));
#1040=EDGE_LOOP('',(#2614,#2615));
#1041=EDGE_LOOP('',(#2616,#2617,#2618,#2619));
#1042=EDGE_LOOP('',(#2620,#2621,#2622,#2623,#2624));
#1043=EDGE_LOOP('',(#2625,#2626,#2627));
#1044=EDGE_LOOP('',(#2628,#2629,#2630,#2631));
#1045=EDGE_LOOP('',(#2632,#2633));
#1046=EDGE_LOOP('',(#2634,#2635,#2636,#2637));
#1047=EDGE_LOOP('',(#2638,#2639));
#1048=EDGE_LOOP('',(#2640,#2641,#2642,#2643));
#1049=EDGE_LOOP('',(#2644,#2645,#2646,#2647));
#1050=EDGE_LOOP('',(#2648,#2649,#2650,#2651));
#1051=EDGE_LOOP('',(#2652,#2653));
#1052=EDGE_LOOP('',(#2654,#2655,#2656,#2657));
#1053=EDGE_LOOP('',(#2658,#2659));
#1054=EDGE_LOOP('',(#2660,#2661,#2662,#2663));
#1055=EDGE_LOOP('',(#2664,#2665,#2666,#2667));
#1056=EDGE_LOOP('',(#2668,#2669,#2670,#2671));
#1057=EDGE_LOOP('',(#2672,#2673));
#1058=EDGE_LOOP('',(#2674,#2675,#2676,#2677));
#1059=EDGE_LOOP('',(#2678,#2679));
#1060=EDGE_LOOP('',(#2680,#2681,#2682,#2683));
#1061=EDGE_LOOP('',(#2684,#2685));
#1062=EDGE_LOOP('',(#2686,#2687,#2688,#2689));
#1063=EDGE_LOOP('',(#2690,#2691));
#1064=EDGE_LOOP('',(#2692,#2693,#2694,#2695));
#1065=EDGE_LOOP('',(#2696,#2697));
#1066=EDGE_LOOP('',(#2698,#2699,#2700,#2701));
#1067=EDGE_LOOP('',(#2702,#2703));
#1068=EDGE_LOOP('',(#2704,#2705,#2706,#2707));
#1069=EDGE_LOOP('',(#2708,#2709));
#1070=EDGE_LOOP('',(#2710,#2711,#2712,#2713));
#1071=EDGE_LOOP('',(#2714,#2715,#2716,#2717));
#1072=EDGE_LOOP('',(#2718,#2719,#2720,#2721,#2722,#2723));
#1073=EDGE_LOOP('',(#2724,#2725,#2726,#2727,#2728,#2729,#2730,#2731));
#1074=EDGE_LOOP('',(#2732,#2733,#2734,#2735));
#1075=EDGE_LOOP('',(#2736,#2737,#2738,#2739,#2740,#2741,#2742,#2743));
#1076=EDGE_LOOP('',(#2744,#2745,#2746,#2747));
#1077=EDGE_LOOP('',(#2748,#2749,#2750,#2751));
#1078=EDGE_LOOP('',(#2752,#2753,#2754,#2755,#2756,#2757,#2758,#2759,#2760,
#2761,#2762,#2763,#2764,#2765));
#1079=EDGE_LOOP('',(#2766,#2767));
#1080=EDGE_LOOP('',(#2768,#2769));
#1081=EDGE_LOOP('',(#2770,#2771));
#1082=EDGE_LOOP('',(#2772,#2773,#2774,#2775));
#1083=EDGE_LOOP('',(#2776,#2777,#2778,#2779));
#1084=EDGE_LOOP('',(#2780,#2781,#2782,#2783));
#1085=EDGE_LOOP('',(#2784,#2785,#2786,#2787));
#1086=EDGE_LOOP('',(#2788,#2789,#2790,#2791));
#1087=EDGE_LOOP('',(#2792,#2793,#2794,#2795));
#1088=EDGE_LOOP('',(#2796,#2797,#2798,#2799));
#1089=EDGE_LOOP('',(#2800,#2801,#2802,#2803));
#1090=EDGE_LOOP('',(#2804,#2805,#2806,#2807,#2808,#2809,#2810,#2811));
#1091=EDGE_LOOP('',(#2812,#2813,#2814,#2815));
#1092=EDGE_LOOP('',(#2816,#2817,#2818,#2819));
#1093=EDGE_LOOP('',(#2820,#2821,#2822,#2823));
#1094=EDGE_LOOP('',(#2824,#2825,#2826,#2827));
#1095=EDGE_LOOP('',(#2828,#2829,#2830,#2831,#2832,#2833,#2834,#2835));
#1096=EDGE_LOOP('',(#2836,#2837,#2838,#2839));
#1097=EDGE_LOOP('',(#2840,#2841,#2842,#2843));
#1098=EDGE_LOOP('',(#2844,#2845,#2846,#2847));
#1099=EDGE_LOOP('',(#2848,#2849,#2850,#2851));
#1100=EDGE_LOOP('',(#2852,#2853,#2854,#2855,#2856,#2857,#2858,#2859));
#1101=EDGE_LOOP('',(#2860,#2861,#2862,#2863));
#1102=EDGE_LOOP('',(#2864,#2865,#2866,#2867));
#1103=EDGE_LOOP('',(#2868,#2869,#2870,#2871));
#1104=EDGE_LOOP('',(#2872,#2873,#2874,#2875));
#1105=EDGE_LOOP('',(#2876,#2877,#2878,#2879,#2880,#2881,#2882,#2883));
#1106=EDGE_LOOP('',(#2884,#2885,#2886,#2887));
#1107=EDGE_LOOP('',(#2888,#2889,#2890,#2891));
#1108=EDGE_LOOP('',(#2892,#2893,#2894,#2895));
#1109=EDGE_LOOP('',(#2896,#2897,#2898,#2899));
#1110=EDGE_LOOP('',(#2900,#2901,#2902,#2903,#2904,#2905,#2906,#2907,#2908));
#1111=EDGE_LOOP('',(#2909,#2910,#2911,#2912));
#1112=EDGE_LOOP('',(#2913,#2914,#2915,#2916));
#1113=EDGE_LOOP('',(#2917,#2918,#2919,#2920));
#1114=EDGE_LOOP('',(#2921,#2922,#2923,#2924,#2925,#2926,#2927,#2928));
#1115=EDGE_LOOP('',(#2929,#2930));
#1116=EDGE_LOOP('',(#2931,#2932));
#1117=EDGE_LOOP('',(#2933,#2934));
#1118=EDGE_LOOP('',(#2935,#2936));
#1119=EDGE_LOOP('',(#2937,#2938,#2939,#2940,#2941,#2942));
#1120=EDGE_LOOP('',(#2943,#2944,#2945,#2946));
#1121=EDGE_LOOP('',(#2947,#2948,#2949,#2950));
#1122=EDGE_LOOP('',(#2951,#2952,#2953,#2954));
#1123=EDGE_LOOP('',(#2955,#2956,#2957,#2958));
#1124=EDGE_LOOP('',(#2959,#2960,#2961,#2962));
#1125=EDGE_LOOP('',(#2963,#2964,#2965,#2966));
#1126=EDGE_LOOP('',(#2967,#2968,#2969,#2970));
#1127=EDGE_LOOP('',(#2971,#2972,#2973,#2974));
#1128=EDGE_LOOP('',(#2975,#2976));
#1129=EDGE_LOOP('',(#2977,#2978));
#1130=EDGE_LOOP('',(#2979,#2980,#2981,#2982));
#1131=EDGE_LOOP('',(#2983,#2984,#2985,#2986));
#1132=EDGE_LOOP('',(#2987,#2988,#2989,#2990));
#1133=EDGE_LOOP('',(#2991,#2992,#2993,#2994));
#1134=EDGE_LOOP('',(#2995,#2996,#2997,#2998,#2999,#3000,#3001,#3002));
#1135=EDGE_LOOP('',(#3003,#3004,#3005,#3006));
#1136=EDGE_LOOP('',(#3007,#3008,#3009,#3010));
#1137=EDGE_LOOP('',(#3011,#3012,#3013,#3014,#3015,#3016,#3017,#3018));
#1138=EDGE_LOOP('',(#3019,#3020));
#1139=EDGE_LOOP('',(#3021,#3022));
#1140=EDGE_LOOP('',(#3023,#3024,#3025,#3026));
#1141=EDGE_LOOP('',(#3027,#3028,#3029,#3030));
#1142=EDGE_LOOP('',(#3031,#3032,#3033,#3034,#3035,#3036,#3037,#3038));
#1143=EDGE_LOOP('',(#3039,#3040,#3041,#3042));
#1144=EDGE_LOOP('',(#3043,#3044,#3045,#3046));
#1145=EDGE_LOOP('',(#3047,#3048,#3049,#3050,#3051,#3052,#3053));
#1146=EDGE_LOOP('',(#3054,#3055));
#1147=EDGE_LOOP('',(#3056,#3057,#3058,#3059,#3060,#3061,#3062,#3063));
#1148=EDGE_LOOP('',(#3064,#3065));
#1149=EDGE_LOOP('',(#3066,#3067));
#1150=EDGE_LOOP('',(#3068,#3069,#3070,#3071));
#1151=EDGE_LOOP('',(#3072,#3073,#3074,#3075));
#1152=EDGE_LOOP('',(#3076,#3077,#3078,#3079,#3080,#3081,#3082,#3083));
#1153=EDGE_LOOP('',(#3084,#3085));
#1154=EDGE_LOOP('',(#3086,#3087));
#1155=EDGE_LOOP('',(#3088,#3089));
#1156=EDGE_LOOP('',(#3090,#3091));
#1157=EDGE_LOOP('',(#3092,#3093));
#1158=EDGE_LOOP('',(#3094,#3095));
#1159=EDGE_LOOP('',(#3096,#3097));
#1160=EDGE_LOOP('',(#3098,#3099));
#1161=EDGE_LOOP('',(#3100,#3101,#3102,#3103));
#1162=EDGE_LOOP('',(#3104,#3105,#3106,#3107,#3108,#3109,#3110,#3111,#3112,
#3113));
#1163=EDGE_LOOP('',(#3114,#3115,#3116,#3117));
#1164=EDGE_LOOP('',(#3118,#3119,#3120,#3121));
#1165=EDGE_LOOP('',(#3122,#3123,#3124,#3125));
#1166=EDGE_LOOP('',(#3126,#3127,#3128,#3129));
#1167=EDGE_LOOP('',(#3130,#3131,#3132,#3133));
#1168=EDGE_LOOP('',(#3134,#3135,#3136,#3137,#3138,#3139,#3140,#3141,#3142,
#3143,#3144,#3145,#3146,#3147,#3148,#3149));
#1169=EDGE_LOOP('',(#3150,#3151,#3152,#3153,#3154,#3155,#3156,#3157,#3158,
#3159,#3160,#3161,#3162,#3163,#3164,#3165,#3166,#3167,#3168,#3169,#3170,
#3171));
#1170=EDGE_LOOP('',(#3172,#3173));
#1171=EDGE_LOOP('',(#3174,#3175));
#1172=EDGE_LOOP('',(#3176,#3177));
#1173=EDGE_LOOP('',(#3178,#3179));
#1174=EDGE_LOOP('',(#3180,#3181,#3182,#3183));
#1175=EDGE_LOOP('',(#3184,#3185,#3186,#3187));
#1176=EDGE_LOOP('',(#3188,#3189));
#1177=EDGE_LOOP('',(#3190,#3191));
#1178=EDGE_LOOP('',(#3192,#3193,#3194,#3195));
#1179=EDGE_LOOP('',(#3196,#3197));
#1180=EDGE_LOOP('',(#3198,#3199));
#1181=EDGE_LOOP('',(#3200,#3201));
#1182=EDGE_LOOP('',(#3202,#3203));
#1183=EDGE_LOOP('',(#3204,#3205));
#1184=EDGE_LOOP('',(#3206,#3207,#3208,#3209));
#1185=EDGE_LOOP('',(#3210,#3211,#3212,#3213,#3214,#3215,#3216,#3217,#3218,
#3219,#3220,#3221,#3222,#3223));
#1186=EDGE_LOOP('',(#3224,#3225,#3226,#3227));
#1187=EDGE_LOOP('',(#3228,#3229,#3230,#3231));
#1188=EDGE_LOOP('',(#3232,#3233,#3234,#3235));
#1189=EDGE_LOOP('',(#3236,#3237));
#1190=EDGE_LOOP('',(#3238,#3239));
#1191=EDGE_LOOP('',(#3240,#3241));
#1192=EDGE_LOOP('',(#3242,#3243));
#1193=EDGE_LOOP('',(#3244,#3245));
#1194=EDGE_LOOP('',(#3246,#3247,#3248,#3249,#3250,#3251,#3252,#3253));
#1195=EDGE_LOOP('',(#3254,#3255,#3256,#3257,#3258,#3259,#3260,#3261));
#1196=EDGE_LOOP('',(#3262,#3263,#3264,#3265,#3266,#3267,#3268,#3269,#3270,
#3271,#3272,#3273,#3274,#3275));
#1197=EDGE_LOOP('',(#3276,#3277,#3278,#3279,#3280,#3281,#3282,#3283,#3284,
#3285,#3286,#3287,#3288,#3289,#3290,#3291,#3292,#3293,#3294,#3295,#3296,
#3297,#3298,#3299,#3300,#3301,#3302,#3303,#3304,#3305,#3306,#3307,#3308,
#3309,#3310,#3311,#3312,#3313,#3314,#3315,#3316,#3317,#3318,#3319,#3320,
#3321,#3322));
#1198=EDGE_LOOP('',(#3323,#3324));
#1199=EDGE_LOOP('',(#3325,#3326));
#1200=EDGE_LOOP('',(#3327,#3328));
#1201=EDGE_LOOP('',(#3329,#3330,#3331,#3332,#3333,#3334,#3335,#3336));
#1202=EDGE_LOOP('',(#3337,#3338,#3339,#3340,#3341,#3342,#3343,#3344,#3345,
#3346,#3347,#3348,#3349,#3350,#3351));
#1203=EDGE_LOOP('',(#3352,#3353,#3354,#3355,#3356,#3357,#3358,#3359,#3360,
#3361,#3362,#3363,#3364,#3365,#3366,#3367));
#1204=EDGE_LOOP('',(#3368,#3369,#3370,#3371,#3372,#3373,#3374,#3375));
#1205=EDGE_LOOP('',(#3376,#3377));
#1206=EDGE_LOOP('',(#3378,#3379));
#1207=EDGE_LOOP('',(#3380,#3381));
#1208=EDGE_LOOP('',(#3382,#3383));
#1209=EDGE_LOOP('',(#3384,#3385));
#1210=EDGE_LOOP('',(#3386,#3387));
#1211=EDGE_LOOP('',(#3388,#3389));
#1212=EDGE_LOOP('',(#3390,#3391,#3392,#3393,#3394,#3395,#3396,#3397,#3398,
#3399,#3400,#3401));
#1213=EDGE_LOOP('',(#3402,#3403));
#1214=EDGE_LOOP('',(#3404,#3405,#3406,#3407,#3408,#3409,#3410,#3411,#3412,
#3413,#3414,#3415,#3416,#3417));
#1215=EDGE_LOOP('',(#3418,#3419));
#1216=EDGE_LOOP('',(#3420,#3421));
#1217=EDGE_LOOP('',(#3422,#3423));
#1218=EDGE_LOOP('',(#3424,#3425,#3426,#3427,#3428,#3429,#3430,#3431,#3432,
#3433,#3434,#3435,#3436,#3437,#3438,#3439,#3440,#3441,#3442,#3443,#3444,
#3445));
#1219=EDGE_LOOP('',(#3446,#3447));
#1220=EDGE_LOOP('',(#3448,#3449));
#1221=EDGE_LOOP('',(#3450,#3451));
#1222=EDGE_LOOP('',(#3452,#3453));
#1223=EDGE_LOOP('',(#3454,#3455));
#1224=EDGE_LOOP('',(#3456,#3457));
#1225=EDGE_LOOP('',(#3458,#3459));
#1226=EDGE_LOOP('',(#3460,#3461));
#1227=EDGE_LOOP('',(#3462,#3463));
#1228=EDGE_LOOP('',(#3464,#3465));
#1229=EDGE_LOOP('',(#3466,#3467));
#1230=EDGE_LOOP('',(#3468,#3469));
#1231=EDGE_LOOP('',(#3470,#3471));
#1232=EDGE_LOOP('',(#3472,#3473));
#1233=EDGE_LOOP('',(#3474,#3475));
#1234=EDGE_LOOP('',(#3476,#3477));
#1235=EDGE_LOOP('',(#3478,#3479));
#1236=EDGE_LOOP('',(#3480,#3481));
#1237=EDGE_LOOP('',(#3482,#3483));
#1238=EDGE_LOOP('',(#3484,#3485));
#1239=EDGE_LOOP('',(#3486,#3487));
#1240=EDGE_LOOP('',(#3488,#3489));
#1241=EDGE_LOOP('',(#3490,#3491));
#1242=EDGE_LOOP('',(#3492,#3493));
#1243=EDGE_LOOP('',(#3494,#3495));
#1244=EDGE_LOOP('',(#3496,#3497));
#1245=EDGE_LOOP('',(#3498,#3499));
#1246=EDGE_LOOP('',(#3500,#3501));
#1247=EDGE_LOOP('',(#3502,#3503));
#1248=EDGE_LOOP('',(#3504,#3505,#3506,#3507));
#1249=EDGE_LOOP('',(#3508,#3509,#3510,#3511));
#1250=EDGE_LOOP('',(#3512,#3513,#3514,#3515));
#1251=EDGE_LOOP('',(#3516,#3517,#3518,#3519));
#1252=EDGE_LOOP('',(#3520,#3521,#3522,#3523));
#1253=EDGE_LOOP('',(#3524,#3525,#3526,#3527));
#1254=EDGE_LOOP('',(#3528,#3529,#3530,#3531));
#1255=EDGE_LOOP('',(#3532,#3533,#3534,#3535));
#1256=EDGE_LOOP('',(#3536,#3537,#3538,#3539));
#1257=EDGE_LOOP('',(#3540,#3541,#3542,#3543));
#1258=EDGE_LOOP('',(#3544,#3545,#3546,#3547));
#1259=EDGE_LOOP('',(#3548,#3549,#3550,#3551));
#1260=EDGE_LOOP('',(#3552,#3553,#3554,#3555));
#1261=EDGE_LOOP('',(#3556,#3557,#3558,#3559,#3560,#3561,#3562,#3563));
#1262=EDGE_LOOP('',(#3564,#3565,#3566,#3567));
#1263=EDGE_LOOP('',(#3568,#3569,#3570,#3571,#3572));
#1264=EDGE_LOOP('',(#3573,#3574,#3575,#3576));
#1265=EDGE_LOOP('',(#3577,#3578,#3579,#3580,#3581,#3582,#3583,#3584));
#1266=EDGE_LOOP('',(#3585,#3586,#3587,#3588));
#1267=EDGE_LOOP('',(#3589,#3590,#3591,#3592));
#1268=EDGE_LOOP('',(#3593,#3594,#3595,#3596));
#1269=EDGE_LOOP('',(#3597,#3598,#3599,#3600));
#1270=EDGE_LOOP('',(#3601,#3602,#3603,#3604));
#1271=EDGE_LOOP('',(#3605,#3606,#3607,#3608));
#1272=EDGE_LOOP('',(#3609,#3610,#3611,#3612));
#1273=EDGE_LOOP('',(#3613,#3614,#3615,#3616));
#1274=EDGE_LOOP('',(#3617,#3618,#3619,#3620));
#1275=EDGE_LOOP('',(#3621,#3622,#3623,#3624));
#1276=EDGE_LOOP('',(#3625,#3626,#3627,#3628));
#1277=EDGE_LOOP('',(#3629,#3630,#3631,#3632));
#1278=EDGE_LOOP('',(#3633,#3634,#3635,#3636));
#1279=EDGE_LOOP('',(#3637,#3638,#3639,#3640));
#1280=EDGE_LOOP('',(#3641,#3642,#3643,#3644));
#1281=EDGE_LOOP('',(#3645,#3646,#3647,#3648));
#1282=EDGE_LOOP('',(#3649,#3650,#3651,#3652));
#1283=EDGE_LOOP('',(#3653,#3654,#3655,#3656));
#1284=EDGE_LOOP('',(#3657,#3658,#3659,#3660));
#1285=EDGE_LOOP('',(#3661,#3662,#3663,#3664));
#1286=EDGE_LOOP('',(#3665,#3666,#3667,#3668));
#1287=EDGE_LOOP('',(#3669,#3670,#3671,#3672));
#1288=EDGE_LOOP('',(#3673,#3674,#3675,#3676));
#1289=EDGE_LOOP('',(#3677,#3678,#3679,#3680));
#1290=EDGE_LOOP('',(#3681,#3682,#3683,#3684));
#1291=EDGE_LOOP('',(#3685,#3686,#3687,#3688));
#1292=EDGE_LOOP('',(#3689,#3690,#3691));
#1293=EDGE_LOOP('',(#3692,#3693,#3694,#3695));
#1294=EDGE_LOOP('',(#3696,#3697,#3698,#3699));
#1295=EDGE_LOOP('',(#3700,#3701,#3702,#3703));
#1296=EDGE_LOOP('',(#3704,#3705,#3706,#3707));
#1297=EDGE_LOOP('',(#3708,#3709,#3710,#3711));
#1298=LINE('',#7403,#1755);
#1299=LINE('',#7407,#1756);
#1300=LINE('',#7412,#1757);
#1301=LINE('',#7416,#1758);
#1302=LINE('',#7421,#1759);
#1303=LINE('',#7425,#1760);
#1304=LINE('',#7430,#1761);
#1305=LINE('',#7434,#1762);
#1306=LINE('',#7439,#1763);
#1307=LINE('',#7443,#1764);
#1308=LINE('',#7448,#1765);
#1309=LINE('',#7452,#1766);
#1310=LINE('',#7457,#1767);
#1311=LINE('',#7461,#1768);
#1312=LINE('',#7466,#1769);
#1313=LINE('',#7470,#1770);
#1314=LINE('',#7475,#1771);
#1315=LINE('',#7479,#1772);
#1316=LINE('',#7484,#1773);
#1317=LINE('',#7488,#1774);
#1318=LINE('',#7493,#1775);
#1319=LINE('',#7497,#1776);
#1320=LINE('',#7502,#1777);
#1321=LINE('',#7506,#1778);
#1322=LINE('',#7511,#1779);
#1323=LINE('',#7515,#1780);
#1324=LINE('',#7520,#1781);
#1325=LINE('',#7524,#1782);
#1326=LINE('',#7529,#1783);
#1327=LINE('',#7533,#1784);
#1328=LINE('',#7538,#1785);
#1329=LINE('',#7542,#1786);
#1330=LINE('',#7547,#1787);
#1331=LINE('',#7551,#1788);
#1332=LINE('',#7556,#1789);
#1333=LINE('',#7560,#1790);
#1334=LINE('',#7565,#1791);
#1335=LINE('',#7569,#1792);
#1336=LINE('',#7574,#1793);
#1337=LINE('',#7578,#1794);
#1338=LINE('',#7583,#1795);
#1339=LINE('',#7587,#1796);
#1340=LINE('',#7592,#1797);
#1341=LINE('',#7596,#1798);
#1342=LINE('',#7601,#1799);
#1343=LINE('',#7605,#1800);
#1344=LINE('',#7610,#1801);
#1345=LINE('',#7614,#1802);
#1346=LINE('',#7619,#1803);
#1347=LINE('',#7623,#1804);
#1348=LINE('',#7628,#1805);
#1349=LINE('',#7632,#1806);
#1350=LINE('',#7637,#1807);
#1351=LINE('',#7641,#1808);
#1352=LINE('',#7646,#1809);
#1353=LINE('',#7650,#1810);
#1354=LINE('',#7655,#1811);
#1355=LINE('',#7659,#1812);
#1356=LINE('',#7664,#1813);
#1357=LINE('',#7668,#1814);
#1358=LINE('',#7673,#1815);
#1359=LINE('',#7677,#1816);
#1360=LINE('',#7682,#1817);
#1361=LINE('',#7686,#1818);
#1362=LINE('',#7691,#1819);
#1363=LINE('',#7695,#1820);
#1364=LINE('',#7700,#1821);
#1365=LINE('',#7704,#1822);
#1366=LINE('',#7709,#1823);
#1367=LINE('',#7713,#1824);
#1368=LINE('',#7718,#1825);
#1369=LINE('',#7722,#1826);
#1370=LINE('',#7726,#1827);
#1371=LINE('',#7731,#1828);
#1372=LINE('',#7735,#1829);
#1373=LINE('',#7740,#1830);
#1374=LINE('',#7744,#1831);
#1375=LINE('',#7749,#1832);
#1376=LINE('',#7753,#1833);
#1377=LINE('',#7758,#1834);
#1378=LINE('',#7762,#1835);
#1379=LINE('',#7767,#1836);
#1380=LINE('',#7771,#1837);
#1381=LINE('',#7776,#1838);
#1382=LINE('',#7780,#1839);
#1383=LINE('',#7785,#1840);
#1384=LINE('',#7789,#1841);
#1385=LINE('',#7794,#1842);
#1386=LINE('',#7798,#1843);
#1387=LINE('',#7803,#1844);
#1388=LINE('',#7807,#1845);
#1389=LINE('',#7809,#1846);
#1390=LINE('',#7811,#1847);
#1391=LINE('',#7813,#1848);
#1392=LINE('',#7815,#1849);
#1393=LINE('',#7818,#1850);
#1394=LINE('',#7820,#1851);
#1395=LINE('',#7822,#1852);
#1396=LINE('',#7824,#1853);
#1397=LINE('',#7827,#1854);
#1398=LINE('',#7829,#1855);
#1399=LINE('',#7831,#1856);
#1400=LINE('',#7833,#1857);
#1401=LINE('',#7836,#1858);
#1402=LINE('',#7838,#1859);
#1403=LINE('',#7840,#1860);
#1404=LINE('',#7842,#1861);
#1405=LINE('',#7845,#1862);
#1406=LINE('',#7847,#1863);
#1407=LINE('',#7849,#1864);
#1408=LINE('',#7851,#1865);
#1409=LINE('',#7854,#1866);
#1410=LINE('',#7856,#1867);
#1411=LINE('',#7858,#1868);
#1412=LINE('',#7860,#1869);
#1413=LINE('',#7863,#1870);
#1414=LINE('',#7865,#1871);
#1415=LINE('',#7867,#1872);
#1416=LINE('',#7869,#1873);
#1417=LINE('',#7872,#1874);
#1418=LINE('',#7874,#1875);
#1419=LINE('',#7876,#1876);
#1420=LINE('',#7878,#1877);
#1421=LINE('',#7881,#1878);
#1422=LINE('',#7883,#1879);
#1423=LINE('',#7885,#1880);
#1424=LINE('',#7887,#1881);
#1425=LINE('',#7890,#1882);
#1426=LINE('',#7892,#1883);
#1427=LINE('',#7894,#1884);
#1428=LINE('',#7896,#1885);
#1429=LINE('',#7899,#1886);
#1430=LINE('',#7901,#1887);
#1431=LINE('',#7903,#1888);
#1432=LINE('',#7905,#1889);
#1433=LINE('',#7908,#1890);
#1434=LINE('',#7910,#1891);
#1435=LINE('',#7912,#1892);
#1436=LINE('',#7914,#1893);
#1437=LINE('',#7917,#1894);
#1438=LINE('',#7919,#1895);
#1439=LINE('',#7921,#1896);
#1440=LINE('',#7923,#1897);
#1441=LINE('',#7926,#1898);
#1442=LINE('',#7928,#1899);
#1443=LINE('',#7930,#1900);
#1444=LINE('',#7932,#1901);
#1445=LINE('',#7935,#1902);
#1446=LINE('',#7937,#1903);
#1447=LINE('',#7939,#1904);
#1448=LINE('',#7941,#1905);
#1449=LINE('',#7944,#1906);
#1450=LINE('',#7946,#1907);
#1451=LINE('',#7948,#1908);
#1452=LINE('',#7950,#1909);
#1453=LINE('',#7953,#1910);
#1454=LINE('',#7955,#1911);
#1455=LINE('',#7957,#1912);
#1456=LINE('',#7959,#1913);
#1457=LINE('',#7962,#1914);
#1458=LINE('',#7964,#1915);
#1459=LINE('',#7966,#1916);
#1460=LINE('',#7968,#1917);
#1461=LINE('',#7971,#1918);
#1462=LINE('',#7973,#1919);
#1463=LINE('',#7975,#1920);
#1464=LINE('',#7977,#1921);
#1465=LINE('',#7980,#1922);
#1466=LINE('',#7982,#1923);
#1467=LINE('',#7984,#1924);
#1468=LINE('',#7986,#1925);
#1469=LINE('',#7989,#1926);
#1470=LINE('',#7991,#1927);
#1471=LINE('',#7993,#1928);
#1472=LINE('',#7995,#1929);
#1473=LINE('',#8000,#1930);
#1474=LINE('',#8004,#1931);
#1475=LINE('',#8009,#1932);
#1476=LINE('',#8013,#1933);
#1477=LINE('',#8018,#1934);
#1478=LINE('',#8022,#1935);
#1479=LINE('',#8027,#1936);
#1480=LINE('',#8031,#1937);
#1481=LINE('',#8036,#1938);
#1482=LINE('',#8040,#1939);
#1483=LINE('',#8045,#1940);
#1484=LINE('',#8049,#1941);
#1485=LINE('',#8054,#1942);
#1486=LINE('',#8058,#1943);
#1487=LINE('',#8063,#1944);
#1488=LINE('',#8067,#1945);
#1489=LINE('',#8072,#1946);
#1490=LINE('',#8078,#1947);
#1491=LINE('',#8083,#1948);
#1492=LINE('',#8089,#1949);
#1493=LINE('',#8094,#1950);
#1494=LINE('',#8100,#1951);
#1495=LINE('',#8105,#1952);
#1496=LINE('',#8111,#1953);
#1497=LINE('',#8116,#1954);
#1498=LINE('',#8120,#1955);
#1499=LINE('',#8125,#1956);
#1500=LINE('',#8129,#1957);
#1501=LINE('',#8134,#1958);
#1502=LINE('',#8138,#1959);
#1503=LINE('',#8143,#1960);
#1504=LINE('',#8147,#1961);
#1505=LINE('',#8152,#1962);
#1506=LINE('',#8156,#1963);
#1507=LINE('',#8161,#1964);
#1508=LINE('',#8165,#1965);
#1509=LINE('',#8170,#1966);
#1510=LINE('',#8174,#1967);
#1511=LINE('',#8179,#1968);
#1512=LINE('',#8183,#1969);
#1513=LINE('',#8188,#1970);
#1514=LINE('',#8192,#1971);
#1515=LINE('',#8197,#1972);
#1516=LINE('',#8201,#1973);
#1517=LINE('',#8206,#1974);
#1518=LINE('',#8210,#1975);
#1519=LINE('',#8215,#1976);
#1520=LINE('',#8219,#1977);
#1521=LINE('',#8224,#1978);
#1522=LINE('',#8228,#1979);
#1523=LINE('',#8233,#1980);
#1524=LINE('',#8237,#1981);
#1525=LINE('',#8242,#1982);
#1526=LINE('',#8246,#1983);
#1527=LINE('',#8251,#1984);
#1528=LINE('',#8255,#1985);
#1529=LINE('',#8260,#1986);
#1530=LINE('',#8264,#1987);
#1531=LINE('',#8269,#1988);
#1532=LINE('',#8273,#1989);
#1533=LINE('',#8278,#1990);
#1534=LINE('',#8282,#1991);
#1535=LINE('',#8287,#1992);
#1536=LINE('',#8294,#1993);
#1537=LINE('',#8296,#1994);
#1538=LINE('',#8301,#1995);
#1539=LINE('',#8305,#1996);
#1540=LINE('',#8319,#1997);
#1541=LINE('',#8325,#1998);
#1542=LINE('',#8327,#1999);
#1543=LINE('',#8332,#2000);
#1544=LINE('',#8338,#2001);
#1545=LINE('',#8343,#2002);
#1546=LINE('',#8347,#2003);
#1547=LINE('',#8352,#2004);
#1548=LINE('',#8357,#2005);
#1549=LINE('',#8361,#2006);
#1550=LINE('',#8366,#2007);
#1551=LINE('',#8370,#2008);
#1552=LINE('',#8375,#2009);
#1553=LINE('',#8381,#2010);
#1554=LINE('',#8386,#2011);
#1555=LINE('',#8392,#2012);
#1556=LINE('',#8397,#2013);
#1557=LINE('',#8401,#2014);
#1558=LINE('',#8406,#2015);
#1559=LINE('',#8410,#2016);
#1560=LINE('',#8415,#2017);
#1561=LINE('',#8421,#2018);
#1562=LINE('',#8426,#2019);
#1563=LINE('',#8432,#2020);
#1564=LINE('',#8437,#2021);
#1565=LINE('',#8443,#2022);
#1566=LINE('',#8448,#2023);
#1567=LINE('',#8454,#2024);
#1568=LINE('',#8459,#2025);
#1569=LINE('',#8465,#2026);
#1570=LINE('',#8470,#2027);
#1571=LINE('',#8476,#2028);
#1572=LINE('',#8481,#2029);
#1573=LINE('',#8487,#2030);
#1574=LINE('',#8489,#2031);
#1575=LINE('',#8491,#2032);
#1576=LINE('',#8493,#2033);
#1577=LINE('',#8495,#2034);
#1578=LINE('',#8497,#2035);
#1579=LINE('',#8499,#2036);
#1580=LINE('',#8500,#2037);
#1581=LINE('',#8502,#2038);
#1582=LINE('',#8503,#2039);
#1583=LINE('',#8504,#2040);
#1584=LINE('',#8505,#2041);
#1585=LINE('',#8507,#2042);
#1586=LINE('',#8509,#2043);
#1587=LINE('',#8510,#2044);
#1588=LINE('',#8512,#2045);
#1589=LINE('',#8514,#2046);
#1590=LINE('',#8516,#2047);
#1591=LINE('',#8517,#2048);
#1592=LINE('',#8519,#2049);
#1593=LINE('',#8520,#2050);
#1594=LINE('',#8521,#2051);
#1595=LINE('',#8522,#2052);
#1596=LINE('',#8524,#2053);
#1597=LINE('',#8525,#2054);
#1598=LINE('',#8530,#2055);
#1599=LINE('',#8532,#2056);
#1600=LINE('',#8534,#2057);
#1601=LINE('',#8536,#2058);
#1602=LINE('',#8538,#2059);
#1603=LINE('',#8540,#2060);
#1604=LINE('',#8542,#2061);
#1605=LINE('',#8544,#2062);
#1606=LINE('',#8546,#2063);
#1607=LINE('',#8548,#2064);
#1608=LINE('',#8550,#2065);
#1609=LINE('',#8551,#2066);
#1610=LINE('',#8552,#2067);
#1611=LINE('',#8553,#2068);
#1612=LINE('',#8555,#2069);
#1613=LINE('',#8557,#2070);
#1614=LINE('',#8559,#2071);
#1615=LINE('',#8561,#2072);
#1616=LINE('',#8563,#2073);
#1617=LINE('',#8564,#2074);
#1618=LINE('',#8565,#2075);
#1619=LINE('',#8566,#2076);
#1620=LINE('',#8568,#2077);
#1621=LINE('',#8570,#2078);
#1622=LINE('',#8572,#2079);
#1623=LINE('',#8574,#2080);
#1624=LINE('',#8576,#2081);
#1625=LINE('',#8577,#2082);
#1626=LINE('',#8578,#2083);
#1627=LINE('',#8579,#2084);
#1628=LINE('',#8581,#2085);
#1629=LINE('',#8583,#2086);
#1630=LINE('',#8585,#2087);
#1631=LINE('',#8587,#2088);
#1632=LINE('',#8589,#2089);
#1633=LINE('',#8590,#2090);
#1634=LINE('',#8591,#2091);
#1635=LINE('',#8592,#2092);
#1636=LINE('',#8594,#2093);
#1637=LINE('',#8596,#2094);
#1638=LINE('',#8598,#2095);
#1639=LINE('',#8600,#2096);
#1640=LINE('',#8602,#2097);
#1641=LINE('',#8603,#2098);
#1642=LINE('',#8604,#2099);
#1643=LINE('',#8605,#2100);
#1644=LINE('',#8607,#2101);
#1645=LINE('',#8609,#2102);
#1646=LINE('',#8611,#2103);
#1647=LINE('',#8613,#2104);
#1648=LINE('',#8614,#2105);
#1649=LINE('',#8615,#2106);
#1650=LINE('',#8616,#2107);
#1651=LINE('',#8622,#2108);
#1652=LINE('',#8624,#2109);
#1653=LINE('',#8626,#2110);
#1654=LINE('',#8628,#2111);
#1655=LINE('',#8630,#2112);
#1656=LINE('',#8632,#2113);
#1657=LINE('',#8634,#2114);
#1658=LINE('',#8636,#2115);
#1659=LINE('',#8637,#2116);
#1660=LINE('',#8639,#2117);
#1661=LINE('',#8641,#2118);
#1662=LINE('',#8643,#2119);
#1663=LINE('',#8645,#2120);
#1664=LINE('',#8647,#2121);
#1665=LINE('',#8649,#2122);
#1666=LINE('',#8651,#2123);
#1667=LINE('',#8652,#2124);
#1668=LINE('',#8656,#2125);
#1669=LINE('',#8658,#2126);
#1670=LINE('',#8660,#2127);
#1671=LINE('',#8662,#2128);
#1672=LINE('',#8664,#2129);
#1673=LINE('',#8666,#2130);
#1674=LINE('',#8668,#2131);
#1675=LINE('',#8669,#2132);
#1676=LINE('',#8671,#2133);
#1677=LINE('',#8673,#2134);
#1678=LINE('',#8675,#2135);
#1679=LINE('',#8677,#2136);
#1680=LINE('',#8678,#2137);
#1681=LINE('',#8679,#2138);
#1682=LINE('',#8680,#2139);
#1683=LINE('',#8682,#2140);
#1684=LINE('',#8684,#2141);
#1685=LINE('',#8685,#2142);
#1686=LINE('',#8687,#2143);
#1687=LINE('',#8688,#2144);
#1688=LINE('',#8689,#2145);
#1689=LINE('',#8693,#2146);
#1690=LINE('',#8695,#2147);
#1691=LINE('',#8697,#2148);
#1692=LINE('',#8699,#2149);
#1693=LINE('',#8701,#2150);
#1694=LINE('',#8702,#2151);
#1695=LINE('',#8704,#2152);
#1696=LINE('',#8705,#2153);
#1697=LINE('',#8707,#2154);
#1698=LINE('',#8708,#2155);
#1699=LINE('',#8710,#2156);
#1700=LINE('',#8713,#2157);
#1701=LINE('',#8714,#2158);
#1702=LINE('',#8719,#2159);
#1703=LINE('',#8723,#2160);
#1704=LINE('',#8724,#2161);
#1705=LINE('',#8726,#2162);
#1706=LINE('',#8727,#2163);
#1707=LINE('',#8729,#2164);
#1708=LINE('',#8730,#2165);
#1709=LINE('',#8731,#2166);
#1710=LINE('',#8732,#2167);
#1711=LINE('',#8742,#2168);
#1712=LINE('',#8744,#2169);
#1713=LINE('',#8745,#2170);
#1714=LINE('',#8746,#2171);
#1715=LINE('',#8747,#2172);
#1716=LINE('',#8748,#2173);
#1717=LINE('',#8750,#2174);
#1718=LINE('',#8752,#2175);
#1719=LINE('',#8754,#2176);
#1720=LINE('',#8756,#2177);
#1721=LINE('',#8758,#2178);
#1722=LINE('',#8760,#2179);
#1723=LINE('',#8761,#2180);
#1724=LINE('',#8762,#2181);
#1725=LINE('',#8763,#2182);
#1726=LINE('',#8765,#2183);
#1727=LINE('',#8767,#2184);
#1728=LINE('',#8768,#2185);
#1729=LINE('',#8770,#2186);
#1730=LINE('',#8772,#2187);
#1731=LINE('',#8773,#2188);
#1732=LINE('',#8779,#2189);
#1733=LINE('',#8781,#2190);
#1734=LINE('',#8783,#2191);
#1735=LINE('',#8785,#2192);
#1736=LINE('',#8789,#2193);
#1737=LINE('',#8791,#2194);
#1738=LINE('',#8798,#2195);
#1739=LINE('',#8800,#2196);
#1740=LINE('',#8802,#2197);
#1741=LINE('',#8803,#2198);
#1742=LINE('',#8804,#2199);
#1743=LINE('',#8806,#2200);
#1744=LINE('',#8808,#2201);
#1745=LINE('',#8810,#2202);
#1746=LINE('',#8817,#2203);
#1747=LINE('',#8818,#2204);
#1748=LINE('',#8819,#2205);
#1749=LINE('',#8821,#2206);
#1750=LINE('',#8822,#2207);
#1751=LINE('',#8824,#2208);
#1752=LINE('',#8829,#2209);
#1753=LINE('',#8830,#2210);
#1754=LINE('',#8831,#2211);
#1755=VECTOR('',#5820,1.);
#1756=VECTOR('',#5823,1.);
#1757=VECTOR('',#5828,1.);
#1758=VECTOR('',#5831,1.);
#1759=VECTOR('',#5836,1.);
#1760=VECTOR('',#5839,1.);
#1761=VECTOR('',#5844,1.);
#1762=VECTOR('',#5847,1.);
#1763=VECTOR('',#5852,1.);
#1764=VECTOR('',#5855,1.);
#1765=VECTOR('',#5860,1.);
#1766=VECTOR('',#5863,1.);
#1767=VECTOR('',#5868,1.);
#1768=VECTOR('',#5871,1.);
#1769=VECTOR('',#5876,1.);
#1770=VECTOR('',#5879,1.);
#1771=VECTOR('',#5884,1.);
#1772=VECTOR('',#5887,1.);
#1773=VECTOR('',#5892,1.);
#1774=VECTOR('',#5895,1.);
#1775=VECTOR('',#5900,1.);
#1776=VECTOR('',#5903,1.);
#1777=VECTOR('',#5908,1.);
#1778=VECTOR('',#5911,1.);
#1779=VECTOR('',#5916,1.);
#1780=VECTOR('',#5919,1.);
#1781=VECTOR('',#5924,1.);
#1782=VECTOR('',#5927,1.);
#1783=VECTOR('',#5932,1.);
#1784=VECTOR('',#5935,1.);
#1785=VECTOR('',#5940,1.);
#1786=VECTOR('',#5943,1.);
#1787=VECTOR('',#5948,1.);
#1788=VECTOR('',#5951,1.);
#1789=VECTOR('',#5956,1.);
#1790=VECTOR('',#5959,1.);
#1791=VECTOR('',#5964,1.);
#1792=VECTOR('',#5967,1.);
#1793=VECTOR('',#5972,1.);
#1794=VECTOR('',#5975,1.);
#1795=VECTOR('',#5980,1.);
#1796=VECTOR('',#5983,1.);
#1797=VECTOR('',#5988,1.);
#1798=VECTOR('',#5991,1.);
#1799=VECTOR('',#5996,1.);
#1800=VECTOR('',#5999,1.);
#1801=VECTOR('',#6004,1.);
#1802=VECTOR('',#6007,1.);
#1803=VECTOR('',#6012,1.);
#1804=VECTOR('',#6015,1.);
#1805=VECTOR('',#6020,1.);
#1806=VECTOR('',#6023,1.);
#1807=VECTOR('',#6028,1.);
#1808=VECTOR('',#6031,1.);
#1809=VECTOR('',#6036,1.);
#1810=VECTOR('',#6039,1.);
#1811=VECTOR('',#6044,1.);
#1812=VECTOR('',#6047,1.);
#1813=VECTOR('',#6052,1.);
#1814=VECTOR('',#6055,1.);
#1815=VECTOR('',#6060,1.);
#1816=VECTOR('',#6063,1.);
#1817=VECTOR('',#6068,1.);
#1818=VECTOR('',#6071,1.);
#1819=VECTOR('',#6076,1.);
#1820=VECTOR('',#6079,1.);
#1821=VECTOR('',#6084,1.);
#1822=VECTOR('',#6087,1.);
#1823=VECTOR('',#6092,1.);
#1824=VECTOR('',#6095,1.);
#1825=VECTOR('',#6100,1.);
#1826=VECTOR('',#6103,1.);
#1827=VECTOR('',#6106,1.);
#1828=VECTOR('',#6111,1.);
#1829=VECTOR('',#6114,1.);
#1830=VECTOR('',#6119,1.);
#1831=VECTOR('',#6122,1.);
#1832=VECTOR('',#6127,1.);
#1833=VECTOR('',#6130,1.);
#1834=VECTOR('',#6135,1.);
#1835=VECTOR('',#6138,1.);
#1836=VECTOR('',#6143,1.);
#1837=VECTOR('',#6146,1.);
#1838=VECTOR('',#6151,1.);
#1839=VECTOR('',#6154,1.);
#1840=VECTOR('',#6159,1.);
#1841=VECTOR('',#6162,1.);
#1842=VECTOR('',#6167,1.);
#1843=VECTOR('',#6170,1.);
#1844=VECTOR('',#6175,1.);
#1845=VECTOR('',#6178,1.);
#1846=VECTOR('',#6181,1.);
#1847=VECTOR('',#6182,1.);
#1848=VECTOR('',#6183,1.);
#1849=VECTOR('',#6186,1.);
#1850=VECTOR('',#6187,1.);
#1851=VECTOR('',#6188,1.);
#1852=VECTOR('',#6189,1.);
#1853=VECTOR('',#6192,1.);
#1854=VECTOR('',#6193,1.);
#1855=VECTOR('',#6194,1.);
#1856=VECTOR('',#6195,1.);
#1857=VECTOR('',#6198,1.);
#1858=VECTOR('',#6199,1.);
#1859=VECTOR('',#6200,1.);
#1860=VECTOR('',#6201,1.);
#1861=VECTOR('',#6204,1.);
#1862=VECTOR('',#6205,1.);
#1863=VECTOR('',#6206,1.);
#1864=VECTOR('',#6207,1.);
#1865=VECTOR('',#6210,1.);
#1866=VECTOR('',#6211,1.);
#1867=VECTOR('',#6212,1.);
#1868=VECTOR('',#6213,1.);
#1869=VECTOR('',#6216,1.);
#1870=VECTOR('',#6217,1.);
#1871=VECTOR('',#6218,1.);
#1872=VECTOR('',#6219,1.);
#1873=VECTOR('',#6222,1.);
#1874=VECTOR('',#6223,1.);
#1875=VECTOR('',#6224,1.);
#1876=VECTOR('',#6225,1.);
#1877=VECTOR('',#6228,1.);
#1878=VECTOR('',#6229,1.);
#1879=VECTOR('',#6230,1.);
#1880=VECTOR('',#6231,1.);
#1881=VECTOR('',#6234,1.);
#1882=VECTOR('',#6235,1.);
#1883=VECTOR('',#6236,1.);
#1884=VECTOR('',#6237,1.);
#1885=VECTOR('',#6240,1.);
#1886=VECTOR('',#6241,1.);
#1887=VECTOR('',#6242,1.);
#1888=VECTOR('',#6243,1.);
#1889=VECTOR('',#6246,1.);
#1890=VECTOR('',#6247,1.);
#1891=VECTOR('',#6248,1.);
#1892=VECTOR('',#6249,1.);
#1893=VECTOR('',#6252,1.);
#1894=VECTOR('',#6253,1.);
#1895=VECTOR('',#6254,1.);
#1896=VECTOR('',#6255,1.);
#1897=VECTOR('',#6258,1.);
#1898=VECTOR('',#6259,1.);
#1899=VECTOR('',#6260,1.);
#1900=VECTOR('',#6261,1.);
#1901=VECTOR('',#6264,1.);
#1902=VECTOR('',#6265,1.);
#1903=VECTOR('',#6266,1.);
#1904=VECTOR('',#6267,1.);
#1905=VECTOR('',#6270,1.);
#1906=VECTOR('',#6271,1.);
#1907=VECTOR('',#6272,1.);
#1908=VECTOR('',#6273,1.);
#1909=VECTOR('',#6276,1.);
#1910=VECTOR('',#6277,1.);
#1911=VECTOR('',#6278,1.);
#1912=VECTOR('',#6279,1.);
#1913=VECTOR('',#6282,1.);
#1914=VECTOR('',#6283,1.);
#1915=VECTOR('',#6284,1.);
#1916=VECTOR('',#6285,1.);
#1917=VECTOR('',#6288,1.);
#1918=VECTOR('',#6289,1.);
#1919=VECTOR('',#6290,1.);
#1920=VECTOR('',#6291,1.);
#1921=VECTOR('',#6294,1.);
#1922=VECTOR('',#6295,1.);
#1923=VECTOR('',#6296,1.);
#1924=VECTOR('',#6297,1.);
#1925=VECTOR('',#6300,1.);
#1926=VECTOR('',#6301,1.);
#1927=VECTOR('',#6302,1.);
#1928=VECTOR('',#6303,1.);
#1929=VECTOR('',#6306,1.);
#1930=VECTOR('',#6309,1.);
#1931=VECTOR('',#6314,1.);
#1932=VECTOR('',#6317,1.);
#1933=VECTOR('',#6322,1.);
#1934=VECTOR('',#6325,1.);
#1935=VECTOR('',#6330,1.);
#1936=VECTOR('',#6333,1.);
#1937=VECTOR('',#6338,1.);
#1938=VECTOR('',#6341,1.);
#1939=VECTOR('',#6346,1.);
#1940=VECTOR('',#6349,1.);
#1941=VECTOR('',#6354,1.);
#1942=VECTOR('',#6357,1.);
#1943=VECTOR('',#6362,1.);
#1944=VECTOR('',#6365,1.);
#1945=VECTOR('',#6370,1.);
#1946=VECTOR('',#6373,1.);
#1947=VECTOR('',#6382,1.);
#1948=VECTOR('',#6385,1.);
#1949=VECTOR('',#6394,1.);
#1950=VECTOR('',#6397,1.);
#1951=VECTOR('',#6406,1.);
#1952=VECTOR('',#6409,1.);
#1953=VECTOR('',#6418,1.);
#1954=VECTOR('',#6421,1.);
#1955=VECTOR('',#6426,1.);
#1956=VECTOR('',#6429,1.);
#1957=VECTOR('',#6434,1.);
#1958=VECTOR('',#6437,1.);
#1959=VECTOR('',#6442,1.);
#1960=VECTOR('',#6445,1.);
#1961=VECTOR('',#6450,1.);
#1962=VECTOR('',#6453,1.);
#1963=VECTOR('',#6458,1.);
#1964=VECTOR('',#6461,1.);
#1965=VECTOR('',#6466,1.);
#1966=VECTOR('',#6469,1.);
#1967=VECTOR('',#6474,1.);
#1968=VECTOR('',#6477,1.);
#1969=VECTOR('',#6482,1.);
#1970=VECTOR('',#6485,1.);
#1971=VECTOR('',#6490,1.);
#1972=VECTOR('',#6493,1.);
#1973=VECTOR('',#6498,1.);
#1974=VECTOR('',#6501,1.);
#1975=VECTOR('',#6506,1.);
#1976=VECTOR('',#6509,1.);
#1977=VECTOR('',#6514,1.);
#1978=VECTOR('',#6517,1.);
#1979=VECTOR('',#6522,1.);
#1980=VECTOR('',#6525,1.);
#1981=VECTOR('',#6530,1.);
#1982=VECTOR('',#6533,1.);
#1983=VECTOR('',#6538,1.);
#1984=VECTOR('',#6541,1.);
#1985=VECTOR('',#6546,1.);
#1986=VECTOR('',#6549,1.);
#1987=VECTOR('',#6554,1.);
#1988=VECTOR('',#6557,1.);
#1989=VECTOR('',#6562,1.);
#1990=VECTOR('',#6565,1.);
#1991=VECTOR('',#6570,1.);
#1992=VECTOR('',#6573,1.);
#1993=VECTOR('',#6580,1.);
#1994=VECTOR('',#6583,1.);
#1995=VECTOR('',#6586,1.);
#1996=VECTOR('',#6591,1.);
#1997=VECTOR('',#6594,1.);
#1998=VECTOR('',#6601,1.);
#1999=VECTOR('',#6604,1.);
#2000=VECTOR('',#6607,1.);
#2001=VECTOR('',#6616,1.);
#2002=VECTOR('',#6619,1.);
#2003=VECTOR('',#6624,1.);
#2004=VECTOR('',#6629,1.);
#2005=VECTOR('',#6632,1.);
#2006=VECTOR('',#6637,1.);
#2007=VECTOR('',#6640,1.);
#2008=VECTOR('',#6645,1.);
#2009=VECTOR('',#6648,1.);
#2010=VECTOR('',#6657,1.);
#2011=VECTOR('',#6660,1.);
#2012=VECTOR('',#6669,1.);
#2013=VECTOR('',#6672,1.);
#2014=VECTOR('',#6677,1.);
#2015=VECTOR('',#6680,1.);
#2016=VECTOR('',#6685,1.);
#2017=VECTOR('',#6688,1.);
#2018=VECTOR('',#6697,1.);
#2019=VECTOR('',#6700,1.);
#2020=VECTOR('',#6709,1.);
#2021=VECTOR('',#6712,1.);
#2022=VECTOR('',#6721,1.);
#2023=VECTOR('',#6724,1.);
#2024=VECTOR('',#6733,1.);
#2025=VECTOR('',#6736,1.);
#2026=VECTOR('',#6745,1.);
#2027=VECTOR('',#6748,1.);
#2028=VECTOR('',#6757,1.);
#2029=VECTOR('',#6760,1.);
#2030=VECTOR('',#6769,1.);
#2031=VECTOR('',#6770,1.);
#2032=VECTOR('',#6771,1.);
#2033=VECTOR('',#6774,1.);
#2034=VECTOR('',#6775,1.);
#2035=VECTOR('',#6776,1.);
#2036=VECTOR('',#6779,1.);
#2037=VECTOR('',#6780,1.);
#2038=VECTOR('',#6783,1.);
#2039=VECTOR('',#6784,1.);
#2040=VECTOR('',#6785,1.);
#2041=VECTOR('',#6786,1.);
#2042=VECTOR('',#6789,1.);
#2043=VECTOR('',#6792,1.);
#2044=VECTOR('',#6793,1.);
#2045=VECTOR('',#6796,1.);
#2046=VECTOR('',#6799,1.);
#2047=VECTOR('',#6802,1.);
#2048=VECTOR('',#6803,1.);
#2049=VECTOR('',#6804,1.);
#2050=VECTOR('',#6805,1.);
#2051=VECTOR('',#6806,1.);
#2052=VECTOR('',#6807,1.);
#2053=VECTOR('',#6808,1.);
#2054=VECTOR('',#6809,1.);
#2055=VECTOR('',#6818,1.);
#2056=VECTOR('',#6819,1.);
#2057=VECTOR('',#6822,1.);
#2058=VECTOR('',#6825,1.);
#2059=VECTOR('',#6828,1.);
#2060=VECTOR('',#6831,1.);
#2061=VECTOR('',#6832,1.);
#2062=VECTOR('',#6835,1.);
#2063=VECTOR('',#6838,1.);
#2064=VECTOR('',#6841,1.);
#2065=VECTOR('',#6844,1.);
#2066=VECTOR('',#6845,1.);
#2067=VECTOR('',#6846,1.);
#2068=VECTOR('',#6847,1.);
#2069=VECTOR('',#6850,1.);
#2070=VECTOR('',#6853,1.);
#2071=VECTOR('',#6856,1.);
#2072=VECTOR('',#6859,1.);
#2073=VECTOR('',#6862,1.);
#2074=VECTOR('',#6863,1.);
#2075=VECTOR('',#6864,1.);
#2076=VECTOR('',#6865,1.);
#2077=VECTOR('',#6868,1.);
#2078=VECTOR('',#6871,1.);
#2079=VECTOR('',#6874,1.);
#2080=VECTOR('',#6877,1.);
#2081=VECTOR('',#6880,1.);
#2082=VECTOR('',#6881,1.);
#2083=VECTOR('',#6882,1.);
#2084=VECTOR('',#6883,1.);
#2085=VECTOR('',#6886,1.);
#2086=VECTOR('',#6889,1.);
#2087=VECTOR('',#6892,1.);
#2088=VECTOR('',#6895,1.);
#2089=VECTOR('',#6898,1.);
#2090=VECTOR('',#6899,1.);
#2091=VECTOR('',#6900,1.);
#2092=VECTOR('',#6901,1.);
#2093=VECTOR('',#6904,1.);
#2094=VECTOR('',#6907,1.);
#2095=VECTOR('',#6910,1.);
#2096=VECTOR('',#6913,1.);
#2097=VECTOR('',#6916,1.);
#2098=VECTOR('',#6917,1.);
#2099=VECTOR('',#6918,1.);
#2100=VECTOR('',#6919,1.);
#2101=VECTOR('',#6922,1.);
#2102=VECTOR('',#6925,1.);
#2103=VECTOR('',#6928,1.);
#2104=VECTOR('',#6931,1.);
#2105=VECTOR('',#6932,1.);
#2106=VECTOR('',#6933,1.);
#2107=VECTOR('',#6934,1.);
#2108=VECTOR('',#6945,1.);
#2109=VECTOR('',#6948,1.);
#2110=VECTOR('',#6951,1.);
#2111=VECTOR('',#6954,1.);
#2112=VECTOR('',#6957,1.);
#2113=VECTOR('',#6958,1.);
#2114=VECTOR('',#6959,1.);
#2115=VECTOR('',#6962,1.);
#2116=VECTOR('',#6963,1.);
#2117=VECTOR('',#6966,1.);
#2118=VECTOR('',#6967,1.);
#2119=VECTOR('',#6968,1.);
#2120=VECTOR('',#6971,1.);
#2121=VECTOR('',#6972,1.);
#2122=VECTOR('',#6973,1.);
#2123=VECTOR('',#6976,1.);
#2124=VECTOR('',#6977,1.);
#2125=VECTOR('',#6984,1.);
#2126=VECTOR('',#6985,1.);
#2127=VECTOR('',#6986,1.);
#2128=VECTOR('',#6989,1.);
#2129=VECTOR('',#6990,1.);
#2130=VECTOR('',#6991,1.);
#2131=VECTOR('',#6994,1.);
#2132=VECTOR('',#6995,1.);
#2133=VECTOR('',#6998,1.);
#2134=VECTOR('',#6999,1.);
#2135=VECTOR('',#7000,1.);
#2136=VECTOR('',#7003,1.);
#2137=VECTOR('',#7004,1.);
#2138=VECTOR('',#7005,1.);
#2139=VECTOR('',#7006,1.);
#2140=VECTOR('',#7009,1.);
#2141=VECTOR('',#7012,1.);
#2142=VECTOR('',#7013,1.);
#2143=VECTOR('',#7016,1.);
#2144=VECTOR('',#7017,1.);
#2145=VECTOR('',#7018,1.);
#2146=VECTOR('',#7025,1.);
#2147=VECTOR('',#7028,1.);
#2148=VECTOR('',#7031,1.);
#2149=VECTOR('',#7032,1.);
#2150=VECTOR('',#7033,1.);
#2151=VECTOR('',#7034,1.);
#2152=VECTOR('',#7037,1.);
#2153=VECTOR('',#7038,1.);
#2154=VECTOR('',#7041,1.);
#2155=VECTOR('',#7042,1.);
#2156=VECTOR('',#7045,1.);
#2157=VECTOR('',#7050,1.);
#2158=VECTOR('',#7051,1.);
#2159=VECTOR('',#7056,1.);
#2160=VECTOR('',#7063,1.);
#2161=VECTOR('',#7064,1.);
#2162=VECTOR('',#7067,1.);
#2163=VECTOR('',#7068,1.);
#2164=VECTOR('',#7071,1.);
#2165=VECTOR('',#7072,1.);
#2166=VECTOR('',#7073,1.);
#2167=VECTOR('',#7074,1.);
#2168=VECTOR('',#7093,1.);
#2169=VECTOR('',#7096,1.);
#2170=VECTOR('',#7097,1.);
#2171=VECTOR('',#7098,1.);
#2172=VECTOR('',#7099,1.);
#2173=VECTOR('',#7100,1.);
#2174=VECTOR('',#7103,1.);
#2175=VECTOR('',#7106,1.);
#2176=VECTOR('',#7109,1.);
#2177=VECTOR('',#7112,1.);
#2178=VECTOR('',#7115,1.);
#2179=VECTOR('',#7118,1.);
#2180=VECTOR('',#7119,1.);
#2181=VECTOR('',#7120,1.);
#2182=VECTOR('',#7121,1.);
#2183=VECTOR('',#7122,1.);
#2184=VECTOR('',#7123,1.);
#2185=VECTOR('',#7124,1.);
#2186=VECTOR('',#7125,1.);
#2187=VECTOR('',#7126,1.);
#2188=VECTOR('',#7127,1.);
#2189=VECTOR('',#7138,1.);
#2190=VECTOR('',#7139,1.);
#2191=VECTOR('',#7142,1.);
#2192=VECTOR('',#7143,1.);
#2193=VECTOR('',#7150,1.);
#2194=VECTOR('',#7151,1.);
#2195=VECTOR('',#7164,1.);
#2196=VECTOR('',#7165,1.);
#2197=VECTOR('',#7168,1.);
#2198=VECTOR('',#7169,1.);
#2199=VECTOR('',#7170,1.);
#2200=VECTOR('',#7173,1.);
#2201=VECTOR('',#7176,1.);
#2202=VECTOR('',#7179,1.);
#2203=VECTOR('',#7192,1.);
#2204=VECTOR('',#7193,1.);
#2205=VECTOR('',#7194,1.);
#2206=VECTOR('',#7195,1.);
#2207=VECTOR('',#7196,1.);
#2208=VECTOR('',#7197,1.);
#2209=VECTOR('',#7206,1.);
#2210=VECTOR('',#7207,1.);
#2211=VECTOR('',#7208,1.);
#2212=ORIENTED_EDGE('',*,*,#4212,.F.);
#2213=ORIENTED_EDGE('',*,*,#4213,.F.);
#2214=ORIENTED_EDGE('',*,*,#4214,.F.);
#2215=ORIENTED_EDGE('',*,*,#4215,.F.);
#2216=ORIENTED_EDGE('',*,*,#4216,.F.);
#2217=ORIENTED_EDGE('',*,*,#4217,.F.);
#2218=ORIENTED_EDGE('',*,*,#4218,.F.);
#2219=ORIENTED_EDGE('',*,*,#4219,.F.);
#2220=ORIENTED_EDGE('',*,*,#4220,.F.);
#2221=ORIENTED_EDGE('',*,*,#4221,.F.);
#2222=ORIENTED_EDGE('',*,*,#4222,.F.);
#2223=ORIENTED_EDGE('',*,*,#4223,.F.);
#2224=ORIENTED_EDGE('',*,*,#4224,.F.);
#2225=ORIENTED_EDGE('',*,*,#4225,.F.);
#2226=ORIENTED_EDGE('',*,*,#4226,.F.);
#2227=ORIENTED_EDGE('',*,*,#4227,.F.);
#2228=ORIENTED_EDGE('',*,*,#4228,.F.);
#2229=ORIENTED_EDGE('',*,*,#4229,.F.);
#2230=ORIENTED_EDGE('',*,*,#4230,.F.);
#2231=ORIENTED_EDGE('',*,*,#4231,.F.);
#2232=ORIENTED_EDGE('',*,*,#4232,.F.);
#2233=ORIENTED_EDGE('',*,*,#4233,.F.);
#2234=ORIENTED_EDGE('',*,*,#4234,.F.);
#2235=ORIENTED_EDGE('',*,*,#4235,.F.);
#2236=ORIENTED_EDGE('',*,*,#4236,.F.);
#2237=ORIENTED_EDGE('',*,*,#4237,.F.);
#2238=ORIENTED_EDGE('',*,*,#4238,.F.);
#2239=ORIENTED_EDGE('',*,*,#4239,.F.);
#2240=ORIENTED_EDGE('',*,*,#4240,.F.);
#2241=ORIENTED_EDGE('',*,*,#4241,.F.);
#2242=ORIENTED_EDGE('',*,*,#4242,.F.);
#2243=ORIENTED_EDGE('',*,*,#4243,.F.);
#2244=ORIENTED_EDGE('',*,*,#4244,.F.);
#2245=ORIENTED_EDGE('',*,*,#4245,.F.);
#2246=ORIENTED_EDGE('',*,*,#4246,.F.);
#2247=ORIENTED_EDGE('',*,*,#4247,.F.);
#2248=ORIENTED_EDGE('',*,*,#4248,.F.);
#2249=ORIENTED_EDGE('',*,*,#4249,.F.);
#2250=ORIENTED_EDGE('',*,*,#4250,.F.);
#2251=ORIENTED_EDGE('',*,*,#4251,.F.);
#2252=ORIENTED_EDGE('',*,*,#4252,.F.);
#2253=ORIENTED_EDGE('',*,*,#4253,.F.);
#2254=ORIENTED_EDGE('',*,*,#4254,.F.);
#2255=ORIENTED_EDGE('',*,*,#4255,.F.);
#2256=ORIENTED_EDGE('',*,*,#4256,.F.);
#2257=ORIENTED_EDGE('',*,*,#4257,.F.);
#2258=ORIENTED_EDGE('',*,*,#4258,.F.);
#2259=ORIENTED_EDGE('',*,*,#4259,.F.);
#2260=ORIENTED_EDGE('',*,*,#4260,.F.);
#2261=ORIENTED_EDGE('',*,*,#4261,.F.);
#2262=ORIENTED_EDGE('',*,*,#4262,.F.);
#2263=ORIENTED_EDGE('',*,*,#4263,.F.);
#2264=ORIENTED_EDGE('',*,*,#4264,.F.);
#2265=ORIENTED_EDGE('',*,*,#4265,.F.);
#2266=ORIENTED_EDGE('',*,*,#4266,.F.);
#2267=ORIENTED_EDGE('',*,*,#4267,.F.);
#2268=ORIENTED_EDGE('',*,*,#4268,.F.);
#2269=ORIENTED_EDGE('',*,*,#4269,.F.);
#2270=ORIENTED_EDGE('',*,*,#4270,.F.);
#2271=ORIENTED_EDGE('',*,*,#4271,.F.);
#2272=ORIENTED_EDGE('',*,*,#4272,.F.);
#2273=ORIENTED_EDGE('',*,*,#4273,.F.);
#2274=ORIENTED_EDGE('',*,*,#4274,.F.);
#2275=ORIENTED_EDGE('',*,*,#4275,.F.);
#2276=ORIENTED_EDGE('',*,*,#4276,.F.);
#2277=ORIENTED_EDGE('',*,*,#4277,.F.);
#2278=ORIENTED_EDGE('',*,*,#4278,.F.);
#2279=ORIENTED_EDGE('',*,*,#4279,.F.);
#2280=ORIENTED_EDGE('',*,*,#4280,.F.);
#2281=ORIENTED_EDGE('',*,*,#4281,.F.);
#2282=ORIENTED_EDGE('',*,*,#4282,.F.);
#2283=ORIENTED_EDGE('',*,*,#4283,.F.);
#2284=ORIENTED_EDGE('',*,*,#4284,.F.);
#2285=ORIENTED_EDGE('',*,*,#4285,.F.);
#2286=ORIENTED_EDGE('',*,*,#4286,.F.);
#2287=ORIENTED_EDGE('',*,*,#4287,.F.);
#2288=ORIENTED_EDGE('',*,*,#4288,.F.);
#2289=ORIENTED_EDGE('',*,*,#4289,.F.);
#2290=ORIENTED_EDGE('',*,*,#4290,.F.);
#2291=ORIENTED_EDGE('',*,*,#4291,.F.);
#2292=ORIENTED_EDGE('',*,*,#4292,.F.);
#2293=ORIENTED_EDGE('',*,*,#4293,.F.);
#2294=ORIENTED_EDGE('',*,*,#4294,.F.);
#2295=ORIENTED_EDGE('',*,*,#4295,.F.);
#2296=ORIENTED_EDGE('',*,*,#4296,.F.);
#2297=ORIENTED_EDGE('',*,*,#4297,.F.);
#2298=ORIENTED_EDGE('',*,*,#4298,.F.);
#2299=ORIENTED_EDGE('',*,*,#4299,.F.);
#2300=ORIENTED_EDGE('',*,*,#4300,.F.);
#2301=ORIENTED_EDGE('',*,*,#4301,.F.);
#2302=ORIENTED_EDGE('',*,*,#4302,.F.);
#2303=ORIENTED_EDGE('',*,*,#4303,.F.);
#2304=ORIENTED_EDGE('',*,*,#4304,.F.);
#2305=ORIENTED_EDGE('',*,*,#4305,.F.);
#2306=ORIENTED_EDGE('',*,*,#4306,.F.);
#2307=ORIENTED_EDGE('',*,*,#4307,.F.);
#2308=ORIENTED_EDGE('',*,*,#4308,.F.);
#2309=ORIENTED_EDGE('',*,*,#4309,.F.);
#2310=ORIENTED_EDGE('',*,*,#4310,.F.);
#2311=ORIENTED_EDGE('',*,*,#4311,.F.);
#2312=ORIENTED_EDGE('',*,*,#4312,.F.);
#2313=ORIENTED_EDGE('',*,*,#4313,.F.);
#2314=ORIENTED_EDGE('',*,*,#4314,.F.);
#2315=ORIENTED_EDGE('',*,*,#4315,.F.);
#2316=ORIENTED_EDGE('',*,*,#4316,.F.);
#2317=ORIENTED_EDGE('',*,*,#4317,.F.);
#2318=ORIENTED_EDGE('',*,*,#4318,.F.);
#2319=ORIENTED_EDGE('',*,*,#4319,.F.);
#2320=ORIENTED_EDGE('',*,*,#4320,.F.);
#2321=ORIENTED_EDGE('',*,*,#4321,.F.);
#2322=ORIENTED_EDGE('',*,*,#4322,.F.);
#2323=ORIENTED_EDGE('',*,*,#4323,.F.);
#2324=ORIENTED_EDGE('',*,*,#4324,.F.);
#2325=ORIENTED_EDGE('',*,*,#4325,.F.);
#2326=ORIENTED_EDGE('',*,*,#4326,.F.);
#2327=ORIENTED_EDGE('',*,*,#4327,.F.);
#2328=ORIENTED_EDGE('',*,*,#4328,.F.);
#2329=ORIENTED_EDGE('',*,*,#4329,.F.);
#2330=ORIENTED_EDGE('',*,*,#4330,.F.);
#2331=ORIENTED_EDGE('',*,*,#4331,.F.);
#2332=ORIENTED_EDGE('',*,*,#4332,.F.);
#2333=ORIENTED_EDGE('',*,*,#4333,.F.);
#2334=ORIENTED_EDGE('',*,*,#4334,.F.);
#2335=ORIENTED_EDGE('',*,*,#4335,.F.);
#2336=ORIENTED_EDGE('',*,*,#4336,.F.);
#2337=ORIENTED_EDGE('',*,*,#4337,.F.);
#2338=ORIENTED_EDGE('',*,*,#4338,.F.);
#2339=ORIENTED_EDGE('',*,*,#4339,.F.);
#2340=ORIENTED_EDGE('',*,*,#4340,.F.);
#2341=ORIENTED_EDGE('',*,*,#4341,.F.);
#2342=ORIENTED_EDGE('',*,*,#4342,.F.);
#2343=ORIENTED_EDGE('',*,*,#4343,.F.);
#2344=ORIENTED_EDGE('',*,*,#4344,.F.);
#2345=ORIENTED_EDGE('',*,*,#4345,.F.);
#2346=ORIENTED_EDGE('',*,*,#4346,.F.);
#2347=ORIENTED_EDGE('',*,*,#4347,.F.);
#2348=ORIENTED_EDGE('',*,*,#4348,.F.);
#2349=ORIENTED_EDGE('',*,*,#4349,.F.);
#2350=ORIENTED_EDGE('',*,*,#4350,.F.);
#2351=ORIENTED_EDGE('',*,*,#4351,.F.);
#2352=ORIENTED_EDGE('',*,*,#4352,.F.);
#2353=ORIENTED_EDGE('',*,*,#4353,.F.);
#2354=ORIENTED_EDGE('',*,*,#4354,.F.);
#2355=ORIENTED_EDGE('',*,*,#4355,.F.);
#2356=ORIENTED_EDGE('',*,*,#4356,.F.);
#2357=ORIENTED_EDGE('',*,*,#4357,.F.);
#2358=ORIENTED_EDGE('',*,*,#4358,.F.);
#2359=ORIENTED_EDGE('',*,*,#4359,.F.);
#2360=ORIENTED_EDGE('',*,*,#4360,.F.);
#2361=ORIENTED_EDGE('',*,*,#4361,.F.);
#2362=ORIENTED_EDGE('',*,*,#4362,.F.);
#2363=ORIENTED_EDGE('',*,*,#4363,.F.);
#2364=ORIENTED_EDGE('',*,*,#4364,.F.);
#2365=ORIENTED_EDGE('',*,*,#4365,.F.);
#2366=ORIENTED_EDGE('',*,*,#4366,.F.);
#2367=ORIENTED_EDGE('',*,*,#4367,.F.);
#2368=ORIENTED_EDGE('',*,*,#4368,.F.);
#2369=ORIENTED_EDGE('',*,*,#4369,.F.);
#2370=ORIENTED_EDGE('',*,*,#4370,.F.);
#2371=ORIENTED_EDGE('',*,*,#4371,.F.);
#2372=ORIENTED_EDGE('',*,*,#4372,.F.);
#2373=ORIENTED_EDGE('',*,*,#4373,.F.);
#2374=ORIENTED_EDGE('',*,*,#4374,.F.);
#2375=ORIENTED_EDGE('',*,*,#4375,.F.);
#2376=ORIENTED_EDGE('',*,*,#4376,.F.);
#2377=ORIENTED_EDGE('',*,*,#4377,.F.);
#2378=ORIENTED_EDGE('',*,*,#4378,.F.);
#2379=ORIENTED_EDGE('',*,*,#4379,.F.);
#2380=ORIENTED_EDGE('',*,*,#4380,.F.);
#2381=ORIENTED_EDGE('',*,*,#4381,.F.);
#2382=ORIENTED_EDGE('',*,*,#4382,.F.);
#2383=ORIENTED_EDGE('',*,*,#4383,.F.);
#2384=ORIENTED_EDGE('',*,*,#4384,.F.);
#2385=ORIENTED_EDGE('',*,*,#4385,.F.);
#2386=ORIENTED_EDGE('',*,*,#4386,.F.);
#2387=ORIENTED_EDGE('',*,*,#4387,.F.);
#2388=ORIENTED_EDGE('',*,*,#4388,.F.);
#2389=ORIENTED_EDGE('',*,*,#4389,.F.);
#2390=ORIENTED_EDGE('',*,*,#4390,.F.);
#2391=ORIENTED_EDGE('',*,*,#4391,.F.);
#2392=ORIENTED_EDGE('',*,*,#4392,.F.);
#2393=ORIENTED_EDGE('',*,*,#4393,.F.);
#2394=ORIENTED_EDGE('',*,*,#4394,.F.);
#2395=ORIENTED_EDGE('',*,*,#4395,.F.);
#2396=ORIENTED_EDGE('',*,*,#4396,.F.);
#2397=ORIENTED_EDGE('',*,*,#4355,.T.);
#2398=ORIENTED_EDGE('',*,*,#4397,.F.);
#2399=ORIENTED_EDGE('',*,*,#4398,.F.);
#2400=ORIENTED_EDGE('',*,*,#4399,.F.);
#2401=ORIENTED_EDGE('',*,*,#4400,.F.);
#2402=ORIENTED_EDGE('',*,*,#4401,.F.);
#2403=ORIENTED_EDGE('',*,*,#4402,.F.);
#2404=ORIENTED_EDGE('',*,*,#4403,.F.);
#2405=ORIENTED_EDGE('',*,*,#4404,.F.);
#2406=ORIENTED_EDGE('',*,*,#4405,.F.);
#2407=ORIENTED_EDGE('',*,*,#4406,.F.);
#2408=ORIENTED_EDGE('',*,*,#4407,.F.);
#2409=ORIENTED_EDGE('',*,*,#4408,.F.);
#2410=ORIENTED_EDGE('',*,*,#4409,.F.);
#2411=ORIENTED_EDGE('',*,*,#4410,.F.);
#2412=ORIENTED_EDGE('',*,*,#4411,.F.);
#2413=ORIENTED_EDGE('',*,*,#4412,.F.);
#2414=ORIENTED_EDGE('',*,*,#4413,.F.);
#2415=ORIENTED_EDGE('',*,*,#4414,.F.);
#2416=ORIENTED_EDGE('',*,*,#4415,.F.);
#2417=ORIENTED_EDGE('',*,*,#4416,.F.);
#2418=ORIENTED_EDGE('',*,*,#4417,.F.);
#2419=ORIENTED_EDGE('',*,*,#4418,.F.);
#2420=ORIENTED_EDGE('',*,*,#4419,.F.);
#2421=ORIENTED_EDGE('',*,*,#4420,.F.);
#2422=ORIENTED_EDGE('',*,*,#4421,.F.);
#2423=ORIENTED_EDGE('',*,*,#4422,.F.);
#2424=ORIENTED_EDGE('',*,*,#4423,.F.);
#2425=ORIENTED_EDGE('',*,*,#4424,.F.);
#2426=ORIENTED_EDGE('',*,*,#4425,.F.);
#2427=ORIENTED_EDGE('',*,*,#4426,.F.);
#2428=ORIENTED_EDGE('',*,*,#4427,.F.);
#2429=ORIENTED_EDGE('',*,*,#4428,.F.);
#2430=ORIENTED_EDGE('',*,*,#4429,.F.);
#2431=ORIENTED_EDGE('',*,*,#4430,.F.);
#2432=ORIENTED_EDGE('',*,*,#4431,.F.);
#2433=ORIENTED_EDGE('',*,*,#4432,.F.);
#2434=ORIENTED_EDGE('',*,*,#4433,.F.);
#2435=ORIENTED_EDGE('',*,*,#4434,.F.);
#2436=ORIENTED_EDGE('',*,*,#4435,.F.);
#2437=ORIENTED_EDGE('',*,*,#4436,.F.);
#2438=ORIENTED_EDGE('',*,*,#4437,.F.);
#2439=ORIENTED_EDGE('',*,*,#4438,.F.);
#2440=ORIENTED_EDGE('',*,*,#4439,.F.);
#2441=ORIENTED_EDGE('',*,*,#4440,.F.);
#2442=ORIENTED_EDGE('',*,*,#4441,.F.);
#2443=ORIENTED_EDGE('',*,*,#4442,.F.);
#2444=ORIENTED_EDGE('',*,*,#4443,.F.);
#2445=ORIENTED_EDGE('',*,*,#4444,.F.);
#2446=ORIENTED_EDGE('',*,*,#4445,.F.);
#2447=ORIENTED_EDGE('',*,*,#4446,.F.);
#2448=ORIENTED_EDGE('',*,*,#4447,.F.);
#2449=ORIENTED_EDGE('',*,*,#4448,.F.);
#2450=ORIENTED_EDGE('',*,*,#4449,.F.);
#2451=ORIENTED_EDGE('',*,*,#4450,.F.);
#2452=ORIENTED_EDGE('',*,*,#4451,.F.);
#2453=ORIENTED_EDGE('',*,*,#4452,.F.);
#2454=ORIENTED_EDGE('',*,*,#4453,.F.);
#2455=ORIENTED_EDGE('',*,*,#4454,.F.);
#2456=ORIENTED_EDGE('',*,*,#4455,.F.);
#2457=ORIENTED_EDGE('',*,*,#4456,.F.);
#2458=ORIENTED_EDGE('',*,*,#4457,.F.);
#2459=ORIENTED_EDGE('',*,*,#4458,.F.);
#2460=ORIENTED_EDGE('',*,*,#4459,.F.);
#2461=ORIENTED_EDGE('',*,*,#4460,.F.);
#2462=ORIENTED_EDGE('',*,*,#4461,.F.);
#2463=ORIENTED_EDGE('',*,*,#4462,.F.);
#2464=ORIENTED_EDGE('',*,*,#4463,.F.);
#2465=ORIENTED_EDGE('',*,*,#4464,.F.);
#2466=ORIENTED_EDGE('',*,*,#4465,.F.);
#2467=ORIENTED_EDGE('',*,*,#4466,.F.);
#2468=ORIENTED_EDGE('',*,*,#4467,.F.);
#2469=ORIENTED_EDGE('',*,*,#4468,.F.);
#2470=ORIENTED_EDGE('',*,*,#4469,.F.);
#2471=ORIENTED_EDGE('',*,*,#4470,.F.);
#2472=ORIENTED_EDGE('',*,*,#4471,.F.);
#2473=ORIENTED_EDGE('',*,*,#4472,.F.);
#2474=ORIENTED_EDGE('',*,*,#4473,.F.);
#2475=ORIENTED_EDGE('',*,*,#4474,.F.);
#2476=ORIENTED_EDGE('',*,*,#4475,.F.);
#2477=ORIENTED_EDGE('',*,*,#4476,.F.);
#2478=ORIENTED_EDGE('',*,*,#4477,.T.);
#2479=ORIENTED_EDGE('',*,*,#4478,.F.);
#2480=ORIENTED_EDGE('',*,*,#4479,.F.);
#2481=ORIENTED_EDGE('',*,*,#4480,.T.);
#2482=ORIENTED_EDGE('',*,*,#4481,.T.);
#2483=ORIENTED_EDGE('',*,*,#4482,.F.);
#2484=ORIENTED_EDGE('',*,*,#4483,.F.);
#2485=ORIENTED_EDGE('',*,*,#4484,.T.);
#2486=ORIENTED_EDGE('',*,*,#4485,.T.);
#2487=ORIENTED_EDGE('',*,*,#4486,.F.);
#2488=ORIENTED_EDGE('',*,*,#4487,.F.);
#2489=ORIENTED_EDGE('',*,*,#4488,.F.);
#2490=ORIENTED_EDGE('',*,*,#4489,.T.);
#2491=ORIENTED_EDGE('',*,*,#4490,.F.);
#2492=ORIENTED_EDGE('',*,*,#4491,.F.);
#2493=ORIENTED_EDGE('',*,*,#4492,.T.);
#2494=ORIENTED_EDGE('',*,*,#4493,.T.);
#2495=ORIENTED_EDGE('',*,*,#4494,.F.);
#2496=ORIENTED_EDGE('',*,*,#4495,.F.);
#2497=ORIENTED_EDGE('',*,*,#4496,.F.);
#2498=ORIENTED_EDGE('',*,*,#4497,.T.);
#2499=ORIENTED_EDGE('',*,*,#4498,.F.);
#2500=ORIENTED_EDGE('',*,*,#4499,.F.);
#2501=ORIENTED_EDGE('',*,*,#4500,.F.);
#2502=ORIENTED_EDGE('',*,*,#4501,.T.);
#2503=ORIENTED_EDGE('',*,*,#4502,.F.);
#2504=ORIENTED_EDGE('',*,*,#4503,.F.);
#2505=ORIENTED_EDGE('',*,*,#4504,.T.);
#2506=ORIENTED_EDGE('',*,*,#4505,.T.);
#2507=ORIENTED_EDGE('',*,*,#4506,.F.);
#2508=ORIENTED_EDGE('',*,*,#4507,.F.);
#2509=ORIENTED_EDGE('',*,*,#4508,.F.);
#2510=ORIENTED_EDGE('',*,*,#4509,.T.);
#2511=ORIENTED_EDGE('',*,*,#4510,.F.);
#2512=ORIENTED_EDGE('',*,*,#4511,.F.);
#2513=ORIENTED_EDGE('',*,*,#4512,.T.);
#2514=ORIENTED_EDGE('',*,*,#4510,.T.);
#2515=ORIENTED_EDGE('',*,*,#4513,.T.);
#2516=ORIENTED_EDGE('',*,*,#4514,.T.);
#2517=ORIENTED_EDGE('',*,*,#4515,.F.);
#2518=ORIENTED_EDGE('',*,*,#4516,.F.);
#2519=ORIENTED_EDGE('',*,*,#4517,.T.);
#2520=ORIENTED_EDGE('',*,*,#4515,.T.);
#2521=ORIENTED_EDGE('',*,*,#4518,.T.);
#2522=ORIENTED_EDGE('',*,*,#4519,.T.);
#2523=ORIENTED_EDGE('',*,*,#4520,.F.);
#2524=ORIENTED_EDGE('',*,*,#4521,.F.);
#2525=ORIENTED_EDGE('',*,*,#4522,.T.);
#2526=ORIENTED_EDGE('',*,*,#4520,.T.);
#2527=ORIENTED_EDGE('',*,*,#4523,.T.);
#2528=ORIENTED_EDGE('',*,*,#4524,.T.);
#2529=ORIENTED_EDGE('',*,*,#4525,.F.);
#2530=ORIENTED_EDGE('',*,*,#4526,.F.);
#2531=ORIENTED_EDGE('',*,*,#4527,.T.);
#2532=ORIENTED_EDGE('',*,*,#4525,.T.);
#2533=ORIENTED_EDGE('',*,*,#4528,.T.);
#2534=ORIENTED_EDGE('',*,*,#4529,.T.);
#2535=ORIENTED_EDGE('',*,*,#4530,.F.);
#2536=ORIENTED_EDGE('',*,*,#4531,.F.);
#2537=ORIENTED_EDGE('',*,*,#4532,.T.);
#2538=ORIENTED_EDGE('',*,*,#4533,.T.);
#2539=ORIENTED_EDGE('',*,*,#4534,.F.);
#2540=ORIENTED_EDGE('',*,*,#4535,.F.);
#2541=ORIENTED_EDGE('',*,*,#4536,.T.);
#2542=ORIENTED_EDGE('',*,*,#4537,.T.);
#2543=ORIENTED_EDGE('',*,*,#4538,.F.);
#2544=ORIENTED_EDGE('',*,*,#4539,.F.);
#2545=ORIENTED_EDGE('',*,*,#4540,.T.);
#2546=ORIENTED_EDGE('',*,*,#4541,.T.);
#2547=ORIENTED_EDGE('',*,*,#4542,.F.);
#2548=ORIENTED_EDGE('',*,*,#4543,.F.);
#2549=ORIENTED_EDGE('',*,*,#4544,.T.);
#2550=ORIENTED_EDGE('',*,*,#4545,.T.);
#2551=ORIENTED_EDGE('',*,*,#4546,.F.);
#2552=ORIENTED_EDGE('',*,*,#4547,.F.);
#2553=ORIENTED_EDGE('',*,*,#4548,.T.);
#2554=ORIENTED_EDGE('',*,*,#4549,.T.);
#2555=ORIENTED_EDGE('',*,*,#4550,.F.);
#2556=ORIENTED_EDGE('',*,*,#4551,.F.);
#2557=ORIENTED_EDGE('',*,*,#4552,.T.);
#2558=ORIENTED_EDGE('',*,*,#4553,.T.);
#2559=ORIENTED_EDGE('',*,*,#4554,.F.);
#2560=ORIENTED_EDGE('',*,*,#4555,.F.);
#2561=ORIENTED_EDGE('',*,*,#4556,.T.);
#2562=ORIENTED_EDGE('',*,*,#4557,.T.);
#2563=ORIENTED_EDGE('',*,*,#4558,.F.);
#2564=ORIENTED_EDGE('',*,*,#4559,.F.);
#2565=ORIENTED_EDGE('',*,*,#4560,.T.);
#2566=ORIENTED_EDGE('',*,*,#4561,.T.);
#2567=ORIENTED_EDGE('',*,*,#4562,.F.);
#2568=ORIENTED_EDGE('',*,*,#4563,.F.);
#2569=ORIENTED_EDGE('',*,*,#4564,.T.);
#2570=ORIENTED_EDGE('',*,*,#4565,.T.);
#2571=ORIENTED_EDGE('',*,*,#4566,.F.);
#2572=ORIENTED_EDGE('',*,*,#4567,.F.);
#2573=ORIENTED_EDGE('',*,*,#4568,.T.);
#2574=ORIENTED_EDGE('',*,*,#4569,.T.);
#2575=ORIENTED_EDGE('',*,*,#4570,.F.);
#2576=ORIENTED_EDGE('',*,*,#4571,.F.);
#2577=ORIENTED_EDGE('',*,*,#4572,.T.);
#2578=ORIENTED_EDGE('',*,*,#4573,.T.);
#2579=ORIENTED_EDGE('',*,*,#4574,.F.);
#2580=ORIENTED_EDGE('',*,*,#4575,.F.);
#2581=ORIENTED_EDGE('',*,*,#4576,.T.);
#2582=ORIENTED_EDGE('',*,*,#4577,.T.);
#2583=ORIENTED_EDGE('',*,*,#4578,.F.);
#2584=ORIENTED_EDGE('',*,*,#4579,.F.);
#2585=ORIENTED_EDGE('',*,*,#4580,.T.);
#2586=ORIENTED_EDGE('',*,*,#4581,.F.);
#2587=ORIENTED_EDGE('',*,*,#4582,.T.);
#2588=ORIENTED_EDGE('',*,*,#4583,.T.);
#2589=ORIENTED_EDGE('',*,*,#4584,.T.);
#2590=ORIENTED_EDGE('',*,*,#4585,.F.);
#2591=ORIENTED_EDGE('',*,*,#4586,.T.);
#2592=ORIENTED_EDGE('',*,*,#4587,.T.);
#2593=ORIENTED_EDGE('',*,*,#4588,.T.);
#2594=ORIENTED_EDGE('',*,*,#4589,.F.);
#2595=ORIENTED_EDGE('',*,*,#4590,.T.);
#2596=ORIENTED_EDGE('',*,*,#4591,.T.);
#2597=ORIENTED_EDGE('',*,*,#4592,.T.);
#2598=ORIENTED_EDGE('',*,*,#4593,.F.);
#2599=ORIENTED_EDGE('',*,*,#4594,.T.);
#2600=ORIENTED_EDGE('',*,*,#4595,.T.);
#2601=ORIENTED_EDGE('',*,*,#4596,.T.);
#2602=ORIENTED_EDGE('',*,*,#4597,.F.);
#2603=ORIENTED_EDGE('',*,*,#4598,.T.);
#2604=ORIENTED_EDGE('',*,*,#4599,.T.);
#2605=ORIENTED_EDGE('',*,*,#4600,.T.);
#2606=ORIENTED_EDGE('',*,*,#4601,.F.);
#2607=ORIENTED_EDGE('',*,*,#4602,.T.);
#2608=ORIENTED_EDGE('',*,*,#4603,.T.);
#2609=ORIENTED_EDGE('',*,*,#4604,.T.);
#2610=ORIENTED_EDGE('',*,*,#4605,.T.);
#2611=ORIENTED_EDGE('',*,*,#4606,.F.);
#2612=ORIENTED_EDGE('',*,*,#4607,.F.);
#2613=ORIENTED_EDGE('',*,*,#4608,.T.);
#2614=ORIENTED_EDGE('',*,*,#4609,.T.);
#2615=ORIENTED_EDGE('',*,*,#4610,.F.);
#2616=ORIENTED_EDGE('',*,*,#4611,.T.);
#2617=ORIENTED_EDGE('',*,*,#4612,.F.);
#2618=ORIENTED_EDGE('',*,*,#4613,.F.);
#2619=ORIENTED_EDGE('',*,*,#4614,.T.);
#2620=ORIENTED_EDGE('',*,*,#4615,.T.);
#2621=ORIENTED_EDGE('',*,*,#4616,.F.);
#2622=ORIENTED_EDGE('',*,*,#4617,.T.);
#2623=ORIENTED_EDGE('',*,*,#4618,.F.);
#2624=ORIENTED_EDGE('',*,*,#4619,.T.);
#2625=ORIENTED_EDGE('',*,*,#4616,.T.);
#2626=ORIENTED_EDGE('',*,*,#4620,.T.);
#2627=ORIENTED_EDGE('',*,*,#4621,.T.);
#2628=ORIENTED_EDGE('',*,*,#4622,.T.);
#2629=ORIENTED_EDGE('',*,*,#4623,.F.);
#2630=ORIENTED_EDGE('',*,*,#4624,.F.);
#2631=ORIENTED_EDGE('',*,*,#4625,.T.);
#2632=ORIENTED_EDGE('',*,*,#4623,.T.);
#2633=ORIENTED_EDGE('',*,*,#4626,.T.);
#2634=ORIENTED_EDGE('',*,*,#4627,.F.);
#2635=ORIENTED_EDGE('',*,*,#4628,.F.);
#2636=ORIENTED_EDGE('',*,*,#4629,.T.);
#2637=ORIENTED_EDGE('',*,*,#4630,.T.);
#2638=ORIENTED_EDGE('',*,*,#4631,.T.);
#2639=ORIENTED_EDGE('',*,*,#4632,.T.);
#2640=ORIENTED_EDGE('',*,*,#4633,.T.);
#2641=ORIENTED_EDGE('',*,*,#4634,.T.);
#2642=ORIENTED_EDGE('',*,*,#4635,.F.);
#2643=ORIENTED_EDGE('',*,*,#4636,.T.);
#2644=ORIENTED_EDGE('',*,*,#4637,.T.);
#2645=ORIENTED_EDGE('',*,*,#4638,.T.);
#2646=ORIENTED_EDGE('',*,*,#4639,.F.);
#2647=ORIENTED_EDGE('',*,*,#4640,.T.);
#2648=ORIENTED_EDGE('',*,*,#4641,.F.);
#2649=ORIENTED_EDGE('',*,*,#4642,.F.);
#2650=ORIENTED_EDGE('',*,*,#4643,.T.);
#2651=ORIENTED_EDGE('',*,*,#4644,.T.);
#2652=ORIENTED_EDGE('',*,*,#4642,.T.);
#2653=ORIENTED_EDGE('',*,*,#4645,.T.);
#2654=ORIENTED_EDGE('',*,*,#4646,.F.);
#2655=ORIENTED_EDGE('',*,*,#4647,.F.);
#2656=ORIENTED_EDGE('',*,*,#4648,.T.);
#2657=ORIENTED_EDGE('',*,*,#4649,.T.);
#2658=ORIENTED_EDGE('',*,*,#4647,.T.);
#2659=ORIENTED_EDGE('',*,*,#4650,.T.);
#2660=ORIENTED_EDGE('',*,*,#4651,.T.);
#2661=ORIENTED_EDGE('',*,*,#4652,.F.);
#2662=ORIENTED_EDGE('',*,*,#4653,.F.);
#2663=ORIENTED_EDGE('',*,*,#4654,.T.);
#2664=ORIENTED_EDGE('',*,*,#4655,.T.);
#2665=ORIENTED_EDGE('',*,*,#4656,.F.);
#2666=ORIENTED_EDGE('',*,*,#4657,.F.);
#2667=ORIENTED_EDGE('',*,*,#4658,.T.);
#2668=ORIENTED_EDGE('',*,*,#4659,.F.);
#2669=ORIENTED_EDGE('',*,*,#4660,.F.);
#2670=ORIENTED_EDGE('',*,*,#4661,.T.);
#2671=ORIENTED_EDGE('',*,*,#4662,.T.);
#2672=ORIENTED_EDGE('',*,*,#4660,.T.);
#2673=ORIENTED_EDGE('',*,*,#4663,.T.);
#2674=ORIENTED_EDGE('',*,*,#4664,.F.);
#2675=ORIENTED_EDGE('',*,*,#4665,.F.);
#2676=ORIENTED_EDGE('',*,*,#4666,.T.);
#2677=ORIENTED_EDGE('',*,*,#4667,.T.);
#2678=ORIENTED_EDGE('',*,*,#4665,.T.);
#2679=ORIENTED_EDGE('',*,*,#4668,.T.);
#2680=ORIENTED_EDGE('',*,*,#4669,.F.);
#2681=ORIENTED_EDGE('',*,*,#4670,.F.);
#2682=ORIENTED_EDGE('',*,*,#4671,.T.);
#2683=ORIENTED_EDGE('',*,*,#4672,.T.);
#2684=ORIENTED_EDGE('',*,*,#4670,.T.);
#2685=ORIENTED_EDGE('',*,*,#4673,.T.);
#2686=ORIENTED_EDGE('',*,*,#4674,.F.);
#2687=ORIENTED_EDGE('',*,*,#4675,.F.);
#2688=ORIENTED_EDGE('',*,*,#4676,.T.);
#2689=ORIENTED_EDGE('',*,*,#4677,.T.);
#2690=ORIENTED_EDGE('',*,*,#4675,.T.);
#2691=ORIENTED_EDGE('',*,*,#4678,.T.);
#2692=ORIENTED_EDGE('',*,*,#4679,.F.);
#2693=ORIENTED_EDGE('',*,*,#4680,.F.);
#2694=ORIENTED_EDGE('',*,*,#4681,.T.);
#2695=ORIENTED_EDGE('',*,*,#4682,.T.);
#2696=ORIENTED_EDGE('',*,*,#4680,.T.);
#2697=ORIENTED_EDGE('',*,*,#4683,.T.);
#2698=ORIENTED_EDGE('',*,*,#4684,.F.);
#2699=ORIENTED_EDGE('',*,*,#4685,.F.);
#2700=ORIENTED_EDGE('',*,*,#4686,.T.);
#2701=ORIENTED_EDGE('',*,*,#4687,.T.);
#2702=ORIENTED_EDGE('',*,*,#4685,.T.);
#2703=ORIENTED_EDGE('',*,*,#4688,.T.);
#2704=ORIENTED_EDGE('',*,*,#4689,.F.);
#2705=ORIENTED_EDGE('',*,*,#4690,.F.);
#2706=ORIENTED_EDGE('',*,*,#4691,.T.);
#2707=ORIENTED_EDGE('',*,*,#4692,.T.);
#2708=ORIENTED_EDGE('',*,*,#4690,.T.);
#2709=ORIENTED_EDGE('',*,*,#4693,.T.);
#2710=ORIENTED_EDGE('',*,*,#4694,.F.);
#2711=ORIENTED_EDGE('',*,*,#4307,.T.);
#2712=ORIENTED_EDGE('',*,*,#4695,.F.);
#2713=ORIENTED_EDGE('',*,*,#4696,.F.);
#2714=ORIENTED_EDGE('',*,*,#4697,.T.);
#2715=ORIENTED_EDGE('',*,*,#4309,.T.);
#2716=ORIENTED_EDGE('',*,*,#4698,.T.);
#2717=ORIENTED_EDGE('',*,*,#4699,.T.);
#2718=ORIENTED_EDGE('',*,*,#4700,.F.);
#2719=ORIENTED_EDGE('',*,*,#4304,.T.);
#2720=ORIENTED_EDGE('',*,*,#4694,.T.);
#2721=ORIENTED_EDGE('',*,*,#4701,.T.);
#2722=ORIENTED_EDGE('',*,*,#4698,.F.);
#2723=ORIENTED_EDGE('',*,*,#4308,.T.);
#2724=ORIENTED_EDGE('',*,*,#4702,.T.);
#2725=ORIENTED_EDGE('',*,*,#4378,.T.);
#2726=ORIENTED_EDGE('',*,*,#4703,.T.);
#2727=ORIENTED_EDGE('',*,*,#4382,.T.);
#2728=ORIENTED_EDGE('',*,*,#4704,.T.);
#2729=ORIENTED_EDGE('',*,*,#4390,.T.);
#2730=ORIENTED_EDGE('',*,*,#4705,.T.);
#2731=ORIENTED_EDGE('',*,*,#4386,.T.);
#2732=ORIENTED_EDGE('',*,*,#4706,.T.);
#2733=ORIENTED_EDGE('',*,*,#4387,.T.);
#2734=ORIENTED_EDGE('',*,*,#4705,.F.);
#2735=ORIENTED_EDGE('',*,*,#4393,.T.);
#2736=ORIENTED_EDGE('',*,*,#4696,.T.);
#2737=ORIENTED_EDGE('',*,*,#4707,.T.);
#2738=ORIENTED_EDGE('',*,*,#4379,.T.);
#2739=ORIENTED_EDGE('',*,*,#4702,.F.);
#2740=ORIENTED_EDGE('',*,*,#4389,.T.);
#2741=ORIENTED_EDGE('',*,*,#4708,.T.);
#2742=ORIENTED_EDGE('',*,*,#4699,.F.);
#2743=ORIENTED_EDGE('',*,*,#4701,.F.);
#2744=ORIENTED_EDGE('',*,*,#4703,.F.);
#2745=ORIENTED_EDGE('',*,*,#4381,.T.);
#2746=ORIENTED_EDGE('',*,*,#4709,.T.);
#2747=ORIENTED_EDGE('',*,*,#4383,.T.);
#2748=ORIENTED_EDGE('',*,*,#4704,.F.);
#2749=ORIENTED_EDGE('',*,*,#4385,.T.);
#2750=ORIENTED_EDGE('',*,*,#4710,.T.);
#2751=ORIENTED_EDGE('',*,*,#4391,.T.);
#2752=ORIENTED_EDGE('',*,*,#4711,.T.);
#2753=ORIENTED_EDGE('',*,*,#4252,.T.);
#2754=ORIENTED_EDGE('',*,*,#4712,.T.);
#2755=ORIENTED_EDGE('',*,*,#4713,.T.);
#2756=ORIENTED_EDGE('',*,*,#4288,.T.);
#2757=ORIENTED_EDGE('',*,*,#4714,.T.);
#2758=ORIENTED_EDGE('',*,*,#4284,.T.);
#2759=ORIENTED_EDGE('',*,*,#4715,.T.);
#2760=ORIENTED_EDGE('',*,*,#4276,.T.);
#2761=ORIENTED_EDGE('',*,*,#4716,.T.);
#2762=ORIENTED_EDGE('',*,*,#4717,.T.);
#2763=ORIENTED_EDGE('',*,*,#4268,.T.);
#2764=ORIENTED_EDGE('',*,*,#4718,.T.);
#2765=ORIENTED_EDGE('',*,*,#4260,.T.);
#2766=ORIENTED_EDGE('',*,*,#4540,.F.);
#2767=ORIENTED_EDGE('',*,*,#4719,.F.);
#2768=ORIENTED_EDGE('',*,*,#4536,.F.);
#2769=ORIENTED_EDGE('',*,*,#4720,.F.);
#2770=ORIENTED_EDGE('',*,*,#4532,.F.);
#2771=ORIENTED_EDGE('',*,*,#4721,.F.);
#2772=ORIENTED_EDGE('',*,*,#4712,.F.);
#2773=ORIENTED_EDGE('',*,*,#4255,.T.);
#2774=ORIENTED_EDGE('',*,*,#4722,.T.);
#2775=ORIENTED_EDGE('',*,*,#4723,.F.);
#2776=ORIENTED_EDGE('',*,*,#4724,.T.);
#2777=ORIENTED_EDGE('',*,*,#4289,.T.);
#2778=ORIENTED_EDGE('',*,*,#4713,.F.);
#2779=ORIENTED_EDGE('',*,*,#4723,.T.);
#2780=ORIENTED_EDGE('',*,*,#4725,.T.);
#2781=ORIENTED_EDGE('',*,*,#4285,.T.);
#2782=ORIENTED_EDGE('',*,*,#4714,.F.);
#2783=ORIENTED_EDGE('',*,*,#4291,.T.);
#2784=ORIENTED_EDGE('',*,*,#4726,.T.);
#2785=ORIENTED_EDGE('',*,*,#4277,.T.);
#2786=ORIENTED_EDGE('',*,*,#4715,.F.);
#2787=ORIENTED_EDGE('',*,*,#4287,.T.);
#2788=ORIENTED_EDGE('',*,*,#4716,.F.);
#2789=ORIENTED_EDGE('',*,*,#4279,.T.);
#2790=ORIENTED_EDGE('',*,*,#4727,.T.);
#2791=ORIENTED_EDGE('',*,*,#4728,.F.);
#2792=ORIENTED_EDGE('',*,*,#4729,.T.);
#2793=ORIENTED_EDGE('',*,*,#4269,.T.);
#2794=ORIENTED_EDGE('',*,*,#4717,.F.);
#2795=ORIENTED_EDGE('',*,*,#4728,.T.);
#2796=ORIENTED_EDGE('',*,*,#4730,.T.);
#2797=ORIENTED_EDGE('',*,*,#4261,.T.);
#2798=ORIENTED_EDGE('',*,*,#4718,.F.);
#2799=ORIENTED_EDGE('',*,*,#4271,.T.);
#2800=ORIENTED_EDGE('',*,*,#4731,.T.);
#2801=ORIENTED_EDGE('',*,*,#4253,.T.);
#2802=ORIENTED_EDGE('',*,*,#4711,.F.);
#2803=ORIENTED_EDGE('',*,*,#4263,.T.);
#2804=ORIENTED_EDGE('',*,*,#4732,.T.);
#2805=ORIENTED_EDGE('',*,*,#4417,.T.);
#2806=ORIENTED_EDGE('',*,*,#4733,.T.);
#2807=ORIENTED_EDGE('',*,*,#4465,.T.);
#2808=ORIENTED_EDGE('',*,*,#4734,.T.);
#2809=ORIENTED_EDGE('',*,*,#4429,.T.);
#2810=ORIENTED_EDGE('',*,*,#4735,.T.);
#2811=ORIENTED_EDGE('',*,*,#4421,.T.);
#2812=ORIENTED_EDGE('',*,*,#4736,.T.);
#2813=ORIENTED_EDGE('',*,*,#4418,.T.);
#2814=ORIENTED_EDGE('',*,*,#4732,.F.);
#2815=ORIENTED_EDGE('',*,*,#4424,.T.);
#2816=ORIENTED_EDGE('',*,*,#4737,.T.);
#2817=ORIENTED_EDGE('',*,*,#4422,.T.);
#2818=ORIENTED_EDGE('',*,*,#4735,.F.);
#2819=ORIENTED_EDGE('',*,*,#4432,.T.);
#2820=ORIENTED_EDGE('',*,*,#4738,.T.);
#2821=ORIENTED_EDGE('',*,*,#4430,.T.);
#2822=ORIENTED_EDGE('',*,*,#4734,.F.);
#2823=ORIENTED_EDGE('',*,*,#4468,.T.);
#2824=ORIENTED_EDGE('',*,*,#4733,.F.);
#2825=ORIENTED_EDGE('',*,*,#4420,.T.);
#2826=ORIENTED_EDGE('',*,*,#4739,.T.);
#2827=ORIENTED_EDGE('',*,*,#4466,.T.);
#2828=ORIENTED_EDGE('',*,*,#4740,.T.);
#2829=ORIENTED_EDGE('',*,*,#4401,.T.);
#2830=ORIENTED_EDGE('',*,*,#4741,.T.);
#2831=ORIENTED_EDGE('',*,*,#4473,.T.);
#2832=ORIENTED_EDGE('',*,*,#4742,.T.);
#2833=ORIENTED_EDGE('',*,*,#4433,.T.);
#2834=ORIENTED_EDGE('',*,*,#4743,.T.);
#2835=ORIENTED_EDGE('',*,*,#4441,.T.);
#2836=ORIENTED_EDGE('',*,*,#4744,.T.);
#2837=ORIENTED_EDGE('',*,*,#4402,.T.);
#2838=ORIENTED_EDGE('',*,*,#4740,.F.);
#2839=ORIENTED_EDGE('',*,*,#4444,.T.);
#2840=ORIENTED_EDGE('',*,*,#4743,.F.);
#2841=ORIENTED_EDGE('',*,*,#4436,.T.);
#2842=ORIENTED_EDGE('',*,*,#4745,.T.);
#2843=ORIENTED_EDGE('',*,*,#4442,.T.);
#2844=ORIENTED_EDGE('',*,*,#4746,.T.);
#2845=ORIENTED_EDGE('',*,*,#4434,.T.);
#2846=ORIENTED_EDGE('',*,*,#4742,.F.);
#2847=ORIENTED_EDGE('',*,*,#4476,.T.);
#2848=ORIENTED_EDGE('',*,*,#4741,.F.);
#2849=ORIENTED_EDGE('',*,*,#4404,.T.);
#2850=ORIENTED_EDGE('',*,*,#4747,.T.);
#2851=ORIENTED_EDGE('',*,*,#4474,.T.);
#2852=ORIENTED_EDGE('',*,*,#4748,.T.);
#2853=ORIENTED_EDGE('',*,*,#4397,.T.);
#2854=ORIENTED_EDGE('',*,*,#4749,.T.);
#2855=ORIENTED_EDGE('',*,*,#4425,.T.);
#2856=ORIENTED_EDGE('',*,*,#4750,.T.);
#2857=ORIENTED_EDGE('',*,*,#4437,.T.);
#2858=ORIENTED_EDGE('',*,*,#4751,.T.);
#2859=ORIENTED_EDGE('',*,*,#4413,.T.);
#2860=ORIENTED_EDGE('',*,*,#4752,.T.);
#2861=ORIENTED_EDGE('',*,*,#4398,.T.);
#2862=ORIENTED_EDGE('',*,*,#4748,.F.);
#2863=ORIENTED_EDGE('',*,*,#4416,.T.);
#2864=ORIENTED_EDGE('',*,*,#4753,.T.);
#2865=ORIENTED_EDGE('',*,*,#4414,.T.);
#2866=ORIENTED_EDGE('',*,*,#4751,.F.);
#2867=ORIENTED_EDGE('',*,*,#4440,.T.);
#2868=ORIENTED_EDGE('',*,*,#4750,.F.);
#2869=ORIENTED_EDGE('',*,*,#4428,.T.);
#2870=ORIENTED_EDGE('',*,*,#4754,.T.);
#2871=ORIENTED_EDGE('',*,*,#4438,.T.);
#2872=ORIENTED_EDGE('',*,*,#4749,.F.);
#2873=ORIENTED_EDGE('',*,*,#4400,.T.);
#2874=ORIENTED_EDGE('',*,*,#4755,.T.);
#2875=ORIENTED_EDGE('',*,*,#4426,.T.);
#2876=ORIENTED_EDGE('',*,*,#4756,.T.);
#2877=ORIENTED_EDGE('',*,*,#4445,.T.);
#2878=ORIENTED_EDGE('',*,*,#4757,.T.);
#2879=ORIENTED_EDGE('',*,*,#4469,.T.);
#2880=ORIENTED_EDGE('',*,*,#4758,.T.);
#2881=ORIENTED_EDGE('',*,*,#4461,.T.);
#2882=ORIENTED_EDGE('',*,*,#4759,.T.);
#2883=ORIENTED_EDGE('',*,*,#4453,.T.);
#2884=ORIENTED_EDGE('',*,*,#4760,.T.);
#2885=ORIENTED_EDGE('',*,*,#4454,.T.);
#2886=ORIENTED_EDGE('',*,*,#4759,.F.);
#2887=ORIENTED_EDGE('',*,*,#4464,.T.);
#2888=ORIENTED_EDGE('',*,*,#4761,.T.);
#2889=ORIENTED_EDGE('',*,*,#4462,.T.);
#2890=ORIENTED_EDGE('',*,*,#4758,.F.);
#2891=ORIENTED_EDGE('',*,*,#4472,.T.);
#2892=ORIENTED_EDGE('',*,*,#4757,.F.);
#2893=ORIENTED_EDGE('',*,*,#4448,.T.);
#2894=ORIENTED_EDGE('',*,*,#4762,.T.);
#2895=ORIENTED_EDGE('',*,*,#4470,.T.);
#2896=ORIENTED_EDGE('',*,*,#4763,.T.);
#2897=ORIENTED_EDGE('',*,*,#4446,.T.);
#2898=ORIENTED_EDGE('',*,*,#4756,.F.);
#2899=ORIENTED_EDGE('',*,*,#4456,.T.);
#2900=ORIENTED_EDGE('',*,*,#4764,.T.);
#2901=ORIENTED_EDGE('',*,*,#4394,.T.);
#2902=ORIENTED_EDGE('',*,*,#4354,.T.);
#2903=ORIENTED_EDGE('',*,*,#4765,.T.);
#2904=ORIENTED_EDGE('',*,*,#4449,.T.);
#2905=ORIENTED_EDGE('',*,*,#4766,.T.);
#2906=ORIENTED_EDGE('',*,*,#4409,.T.);
#2907=ORIENTED_EDGE('',*,*,#4767,.T.);
#2908=ORIENTED_EDGE('',*,*,#4457,.T.);
#2909=ORIENTED_EDGE('',*,*,#4768,.T.);
#2910=ORIENTED_EDGE('',*,*,#4395,.T.);
#2911=ORIENTED_EDGE('',*,*,#4764,.F.);
#2912=ORIENTED_EDGE('',*,*,#4460,.T.);
#2913=ORIENTED_EDGE('',*,*,#4767,.F.);
#2914=ORIENTED_EDGE('',*,*,#4412,.T.);
#2915=ORIENTED_EDGE('',*,*,#4769,.T.);
#2916=ORIENTED_EDGE('',*,*,#4458,.T.);
#2917=ORIENTED_EDGE('',*,*,#4770,.T.);
#2918=ORIENTED_EDGE('',*,*,#4410,.T.);
#2919=ORIENTED_EDGE('',*,*,#4766,.F.);
#2920=ORIENTED_EDGE('',*,*,#4452,.T.);
#2921=ORIENTED_EDGE('',*,*,#4771,.T.);
#2922=ORIENTED_EDGE('',*,*,#4344,.T.);
#2923=ORIENTED_EDGE('',*,*,#4772,.T.);
#2924=ORIENTED_EDGE('',*,*,#4366,.T.);
#2925=ORIENTED_EDGE('',*,*,#4773,.T.);
#2926=ORIENTED_EDGE('',*,*,#4362,.T.);
#2927=ORIENTED_EDGE('',*,*,#4774,.T.);
#2928=ORIENTED_EDGE('',*,*,#4352,.T.);
#2929=ORIENTED_EDGE('',*,*,#4775,.F.);
#2930=ORIENTED_EDGE('',*,*,#4594,.F.);
#2931=ORIENTED_EDGE('',*,*,#4776,.F.);
#2932=ORIENTED_EDGE('',*,*,#4590,.F.);
#2933=ORIENTED_EDGE('',*,*,#4777,.F.);
#2934=ORIENTED_EDGE('',*,*,#4586,.F.);
#2935=ORIENTED_EDGE('',*,*,#4778,.F.);
#2936=ORIENTED_EDGE('',*,*,#4582,.F.);
#2937=ORIENTED_EDGE('',*,*,#4765,.F.);
#2938=ORIENTED_EDGE('',*,*,#4353,.T.);
#2939=ORIENTED_EDGE('',*,*,#4774,.F.);
#2940=ORIENTED_EDGE('',*,*,#4365,.T.);
#2941=ORIENTED_EDGE('',*,*,#4779,.T.);
#2942=ORIENTED_EDGE('',*,*,#4450,.T.);
#2943=ORIENTED_EDGE('',*,*,#4780,.T.);
#2944=ORIENTED_EDGE('',*,*,#4345,.T.);
#2945=ORIENTED_EDGE('',*,*,#4771,.F.);
#2946=ORIENTED_EDGE('',*,*,#4357,.T.);
#2947=ORIENTED_EDGE('',*,*,#4772,.F.);
#2948=ORIENTED_EDGE('',*,*,#4347,.T.);
#2949=ORIENTED_EDGE('',*,*,#4781,.T.);
#2950=ORIENTED_EDGE('',*,*,#4367,.T.);
#2951=ORIENTED_EDGE('',*,*,#4782,.T.);
#2952=ORIENTED_EDGE('',*,*,#4363,.T.);
#2953=ORIENTED_EDGE('',*,*,#4773,.F.);
#2954=ORIENTED_EDGE('',*,*,#4369,.T.);
#2955=ORIENTED_EDGE('',*,*,#4783,.T.);
#2956=ORIENTED_EDGE('',*,*,#4317,.T.);
#2957=ORIENTED_EDGE('',*,*,#4784,.T.);
#2958=ORIENTED_EDGE('',*,*,#4785,.T.);
#2959=ORIENTED_EDGE('',*,*,#4786,.T.);
#2960=ORIENTED_EDGE('',*,*,#4257,.T.);
#2961=ORIENTED_EDGE('',*,*,#4787,.T.);
#2962=ORIENTED_EDGE('',*,*,#4319,.T.);
#2963=ORIENTED_EDGE('',*,*,#4788,.T.);
#2964=ORIENTED_EDGE('',*,*,#4259,.T.);
#2965=ORIENTED_EDGE('',*,*,#4789,.T.);
#2966=ORIENTED_EDGE('',*,*,#4790,.F.);
#2967=ORIENTED_EDGE('',*,*,#4791,.T.);
#2968=ORIENTED_EDGE('',*,*,#4265,.T.);
#2969=ORIENTED_EDGE('',*,*,#4792,.T.);
#2970=ORIENTED_EDGE('',*,*,#4793,.T.);
#2971=ORIENTED_EDGE('',*,*,#4794,.T.);
#2972=ORIENTED_EDGE('',*,*,#4267,.T.);
#2973=ORIENTED_EDGE('',*,*,#4795,.T.);
#2974=ORIENTED_EDGE('',*,*,#4333,.T.);
#2975=ORIENTED_EDGE('',*,*,#4656,.T.);
#2976=ORIENTED_EDGE('',*,*,#4796,.T.);
#2977=ORIENTED_EDGE('',*,*,#4652,.T.);
#2978=ORIENTED_EDGE('',*,*,#4797,.T.);
#2979=ORIENTED_EDGE('',*,*,#4798,.T.);
#2980=ORIENTED_EDGE('',*,*,#4335,.T.);
#2981=ORIENTED_EDGE('',*,*,#4799,.T.);
#2982=ORIENTED_EDGE('',*,*,#4800,.F.);
#2983=ORIENTED_EDGE('',*,*,#4801,.T.);
#2984=ORIENTED_EDGE('',*,*,#4229,.T.);
#2985=ORIENTED_EDGE('',*,*,#4802,.T.);
#2986=ORIENTED_EDGE('',*,*,#4803,.T.);
#2987=ORIENTED_EDGE('',*,*,#4804,.T.);
#2988=ORIENTED_EDGE('',*,*,#4231,.T.);
#2989=ORIENTED_EDGE('',*,*,#4805,.T.);
#2990=ORIENTED_EDGE('',*,*,#4325,.T.);
#2991=ORIENTED_EDGE('',*,*,#4806,.T.);
#2992=ORIENTED_EDGE('',*,*,#4327,.T.);
#2993=ORIENTED_EDGE('',*,*,#4807,.T.);
#2994=ORIENTED_EDGE('',*,*,#4808,.F.);
#2995=ORIENTED_EDGE('',*,*,#4809,.T.);
#2996=ORIENTED_EDGE('',*,*,#4212,.T.);
#2997=ORIENTED_EDGE('',*,*,#4810,.T.);
#2998=ORIENTED_EDGE('',*,*,#4336,.T.);
#2999=ORIENTED_EDGE('',*,*,#4811,.T.);
#3000=ORIENTED_EDGE('',*,*,#4216,.T.);
#3001=ORIENTED_EDGE('',*,*,#4812,.T.);
#3002=ORIENTED_EDGE('',*,*,#4220,.T.);
#3003=ORIENTED_EDGE('',*,*,#4812,.F.);
#3004=ORIENTED_EDGE('',*,*,#4219,.T.);
#3005=ORIENTED_EDGE('',*,*,#4813,.T.);
#3006=ORIENTED_EDGE('',*,*,#4221,.T.);
#3007=ORIENTED_EDGE('',*,*,#4814,.F.);
#3008=ORIENTED_EDGE('',*,*,#4293,.T.);
#3009=ORIENTED_EDGE('',*,*,#4815,.F.);
#3010=ORIENTED_EDGE('',*,*,#4375,.T.);
#3011=ORIENTED_EDGE('',*,*,#4815,.T.);
#3012=ORIENTED_EDGE('',*,*,#4292,.T.);
#3013=ORIENTED_EDGE('',*,*,#4816,.T.);
#3014=ORIENTED_EDGE('',*,*,#4300,.T.);
#3015=ORIENTED_EDGE('',*,*,#4817,.T.);
#3016=ORIENTED_EDGE('',*,*,#4296,.T.);
#3017=ORIENTED_EDGE('',*,*,#4818,.T.);
#3018=ORIENTED_EDGE('',*,*,#4376,.T.);
#3019=ORIENTED_EDGE('',*,*,#4548,.F.);
#3020=ORIENTED_EDGE('',*,*,#4819,.F.);
#3021=ORIENTED_EDGE('',*,*,#4544,.F.);
#3022=ORIENTED_EDGE('',*,*,#4820,.F.);
#3023=ORIENTED_EDGE('',*,*,#4816,.F.);
#3024=ORIENTED_EDGE('',*,*,#4295,.T.);
#3025=ORIENTED_EDGE('',*,*,#4821,.T.);
#3026=ORIENTED_EDGE('',*,*,#4301,.T.);
#3027=ORIENTED_EDGE('',*,*,#4822,.T.);
#3028=ORIENTED_EDGE('',*,*,#4297,.T.);
#3029=ORIENTED_EDGE('',*,*,#4817,.F.);
#3030=ORIENTED_EDGE('',*,*,#4303,.T.);
#3031=ORIENTED_EDGE('',*,*,#4818,.F.);
#3032=ORIENTED_EDGE('',*,*,#4299,.T.);
#3033=ORIENTED_EDGE('',*,*,#4823,.T.);
#3034=ORIENTED_EDGE('',*,*,#4824,.T.);
#3035=ORIENTED_EDGE('',*,*,#4825,.T.);
#3036=ORIENTED_EDGE('',*,*,#4408,.T.);
#3037=ORIENTED_EDGE('',*,*,#4826,.T.);
#3038=ORIENTED_EDGE('',*,*,#4377,.T.);
#3039=ORIENTED_EDGE('',*,*,#4827,.T.);
#3040=ORIENTED_EDGE('',*,*,#4251,.T.);
#3041=ORIENTED_EDGE('',*,*,#4828,.F.);
#3042=ORIENTED_EDGE('',*,*,#4824,.F.);
#3043=ORIENTED_EDGE('',*,*,#4829,.T.);
#3044=ORIENTED_EDGE('',*,*,#4247,.T.);
#3045=ORIENTED_EDGE('',*,*,#4830,.F.);
#3046=ORIENTED_EDGE('',*,*,#4406,.T.);
#3047=ORIENTED_EDGE('',*,*,#4829,.F.);
#3048=ORIENTED_EDGE('',*,*,#4405,.T.);
#3049=ORIENTED_EDGE('',*,*,#4825,.F.);
#3050=ORIENTED_EDGE('',*,*,#4828,.T.);
#3051=ORIENTED_EDGE('',*,*,#4250,.T.);
#3052=ORIENTED_EDGE('',*,*,#4831,.T.);
#3053=ORIENTED_EDGE('',*,*,#4244,.T.);
#3054=ORIENTED_EDGE('',*,*,#4832,.T.);
#3055=ORIENTED_EDGE('',*,*,#4488,.T.);
#3056=ORIENTED_EDGE('',*,*,#4833,.F.);
#3057=ORIENTED_EDGE('',*,*,#4239,.T.);
#3058=ORIENTED_EDGE('',*,*,#4834,.T.);
#3059=ORIENTED_EDGE('',*,*,#4835,.T.);
#3060=ORIENTED_EDGE('',*,*,#4606,.T.);
#3061=ORIENTED_EDGE('',*,*,#4836,.T.);
#3062=ORIENTED_EDGE('',*,*,#4837,.T.);
#3063=ORIENTED_EDGE('',*,*,#4359,.T.);
#3064=ORIENTED_EDGE('',*,*,#4612,.T.);
#3065=ORIENTED_EDGE('',*,*,#4838,.T.);
#3066=ORIENTED_EDGE('',*,*,#4502,.T.);
#3067=ORIENTED_EDGE('',*,*,#4839,.T.);
#3068=ORIENTED_EDGE('',*,*,#4840,.T.);
#3069=ORIENTED_EDGE('',*,*,#4281,.T.);
#3070=ORIENTED_EDGE('',*,*,#4841,.F.);
#3071=ORIENTED_EDGE('',*,*,#4361,.T.);
#3072=ORIENTED_EDGE('',*,*,#4842,.T.);
#3073=ORIENTED_EDGE('',*,*,#4237,.T.);
#3074=ORIENTED_EDGE('',*,*,#4843,.F.);
#3075=ORIENTED_EDGE('',*,*,#4351,.T.);
#3076=ORIENTED_EDGE('',*,*,#4844,.T.);
#3077=ORIENTED_EDGE('',*,*,#4312,.T.);
#3078=ORIENTED_EDGE('',*,*,#4845,.T.);
#3079=ORIENTED_EDGE('',*,*,#4328,.T.);
#3080=ORIENTED_EDGE('',*,*,#4846,.T.);
#3081=ORIENTED_EDGE('',*,*,#4370,.T.);
#3082=ORIENTED_EDGE('',*,*,#4847,.T.);
#3083=ORIENTED_EDGE('',*,*,#4320,.T.);
#3084=ORIENTED_EDGE('',*,*,#4580,.F.);
#3085=ORIENTED_EDGE('',*,*,#4848,.F.);
#3086=ORIENTED_EDGE('',*,*,#4576,.F.);
#3087=ORIENTED_EDGE('',*,*,#4849,.F.);
#3088=ORIENTED_EDGE('',*,*,#4572,.F.);
#3089=ORIENTED_EDGE('',*,*,#4850,.F.);
#3090=ORIENTED_EDGE('',*,*,#4568,.F.);
#3091=ORIENTED_EDGE('',*,*,#4851,.F.);
#3092=ORIENTED_EDGE('',*,*,#4564,.F.);
#3093=ORIENTED_EDGE('',*,*,#4852,.F.);
#3094=ORIENTED_EDGE('',*,*,#4560,.F.);
#3095=ORIENTED_EDGE('',*,*,#4853,.F.);
#3096=ORIENTED_EDGE('',*,*,#4556,.F.);
#3097=ORIENTED_EDGE('',*,*,#4854,.F.);
#3098=ORIENTED_EDGE('',*,*,#4552,.F.);
#3099=ORIENTED_EDGE('',*,*,#4855,.F.);
#3100=ORIENTED_EDGE('',*,*,#4856,.T.);
#3101=ORIENTED_EDGE('',*,*,#4321,.T.);
#3102=ORIENTED_EDGE('',*,*,#4847,.F.);
#3103=ORIENTED_EDGE('',*,*,#4373,.T.);
#3104=ORIENTED_EDGE('',*,*,#4857,.T.);
#3105=ORIENTED_EDGE('',*,*,#4224,.T.);
#3106=ORIENTED_EDGE('',*,*,#4858,.T.);
#3107=ORIENTED_EDGE('',*,*,#4272,.T.);
#3108=ORIENTED_EDGE('',*,*,#4859,.T.);
#3109=ORIENTED_EDGE('',*,*,#4340,.T.);
#3110=ORIENTED_EDGE('',*,*,#4860,.T.);
#3111=ORIENTED_EDGE('',*,*,#4240,.T.);
#3112=ORIENTED_EDGE('',*,*,#4861,.T.);
#3113=ORIENTED_EDGE('',*,*,#4232,.T.);
#3114=ORIENTED_EDGE('',*,*,#4862,.T.);
#3115=ORIENTED_EDGE('',*,*,#4233,.T.);
#3116=ORIENTED_EDGE('',*,*,#4861,.F.);
#3117=ORIENTED_EDGE('',*,*,#4243,.T.);
#3118=ORIENTED_EDGE('',*,*,#4863,.T.);
#3119=ORIENTED_EDGE('',*,*,#4225,.T.);
#3120=ORIENTED_EDGE('',*,*,#4857,.F.);
#3121=ORIENTED_EDGE('',*,*,#4235,.T.);
#3122=ORIENTED_EDGE('',*,*,#4845,.F.);
#3123=ORIENTED_EDGE('',*,*,#4315,.T.);
#3124=ORIENTED_EDGE('',*,*,#4864,.T.);
#3125=ORIENTED_EDGE('',*,*,#4329,.T.);
#3126=ORIENTED_EDGE('',*,*,#4859,.F.);
#3127=ORIENTED_EDGE('',*,*,#4275,.T.);
#3128=ORIENTED_EDGE('',*,*,#4865,.T.);
#3129=ORIENTED_EDGE('',*,*,#4341,.T.);
#3130=ORIENTED_EDGE('',*,*,#4810,.F.);
#3131=ORIENTED_EDGE('',*,*,#4215,.T.);
#3132=ORIENTED_EDGE('',*,*,#4866,.T.);
#3133=ORIENTED_EDGE('',*,*,#4337,.T.);
#3134=ORIENTED_EDGE('',*,*,#4867,.F.);
#3135=ORIENTED_EDGE('',*,*,#4348,.T.);
#3136=ORIENTED_EDGE('',*,*,#4843,.T.);
#3137=ORIENTED_EDGE('',*,*,#4236,.T.);
#3138=ORIENTED_EDGE('',*,*,#4833,.T.);
#3139=ORIENTED_EDGE('',*,*,#4358,.T.);
#3140=ORIENTED_EDGE('',*,*,#4841,.T.);
#3141=ORIENTED_EDGE('',*,*,#4280,.T.);
#3142=ORIENTED_EDGE('',*,*,#4868,.F.);
#3143=ORIENTED_EDGE('',*,*,#4338,.T.);
#3144=ORIENTED_EDGE('',*,*,#4866,.F.);
#3145=ORIENTED_EDGE('',*,*,#4214,.T.);
#3146=ORIENTED_EDGE('',*,*,#4869,.F.);
#3147=ORIENTED_EDGE('',*,*,#4342,.T.);
#3148=ORIENTED_EDGE('',*,*,#4865,.F.);
#3149=ORIENTED_EDGE('',*,*,#4274,.T.);
#3150=ORIENTED_EDGE('',*,*,#4789,.F.);
#3151=ORIENTED_EDGE('',*,*,#4258,.T.);
#3152=ORIENTED_EDGE('',*,*,#4786,.F.);
#3153=ORIENTED_EDGE('',*,*,#4318,.T.);
#3154=ORIENTED_EDGE('',*,*,#4783,.F.);
#3155=ORIENTED_EDGE('',*,*,#4870,.T.);
#3156=ORIENTED_EDGE('',*,*,#4871,.T.);
#3157=ORIENTED_EDGE('',*,*,#4872,.T.);
#3158=ORIENTED_EDGE('',*,*,#4799,.F.);
#3159=ORIENTED_EDGE('',*,*,#4334,.T.);
#3160=ORIENTED_EDGE('',*,*,#4795,.F.);
#3161=ORIENTED_EDGE('',*,*,#4266,.T.);
#3162=ORIENTED_EDGE('',*,*,#4791,.F.);
#3163=ORIENTED_EDGE('',*,*,#4873,.T.);
#3164=ORIENTED_EDGE('',*,*,#4874,.T.);
#3165=ORIENTED_EDGE('',*,*,#4875,.T.);
#3166=ORIENTED_EDGE('',*,*,#4807,.F.);
#3167=ORIENTED_EDGE('',*,*,#4326,.T.);
#3168=ORIENTED_EDGE('',*,*,#4805,.F.);
#3169=ORIENTED_EDGE('',*,*,#4230,.T.);
#3170=ORIENTED_EDGE('',*,*,#4801,.F.);
#3171=ORIENTED_EDGE('',*,*,#4876,.T.);
#3172=ORIENTED_EDGE('',*,*,#4527,.F.);
#3173=ORIENTED_EDGE('',*,*,#4877,.F.);
#3174=ORIENTED_EDGE('',*,*,#4522,.F.);
#3175=ORIENTED_EDGE('',*,*,#4878,.F.);
#3176=ORIENTED_EDGE('',*,*,#4517,.F.);
#3177=ORIENTED_EDGE('',*,*,#4879,.F.);
#3178=ORIENTED_EDGE('',*,*,#4512,.F.);
#3179=ORIENTED_EDGE('',*,*,#4880,.F.);
#3180=ORIENTED_EDGE('',*,*,#4785,.F.);
#3181=ORIENTED_EDGE('',*,*,#4881,.T.);
#3182=ORIENTED_EDGE('',*,*,#4882,.T.);
#3183=ORIENTED_EDGE('',*,*,#4870,.F.);
#3184=ORIENTED_EDGE('',*,*,#4883,.T.);
#3185=ORIENTED_EDGE('',*,*,#4884,.T.);
#3186=ORIENTED_EDGE('',*,*,#4871,.F.);
#3187=ORIENTED_EDGE('',*,*,#4882,.F.);
#3188=ORIENTED_EDGE('',*,*,#4885,.F.);
#3189=ORIENTED_EDGE('',*,*,#4602,.F.);
#3190=ORIENTED_EDGE('',*,*,#4886,.F.);
#3191=ORIENTED_EDGE('',*,*,#4598,.F.);
#3192=ORIENTED_EDGE('',*,*,#4793,.F.);
#3193=ORIENTED_EDGE('',*,*,#4887,.T.);
#3194=ORIENTED_EDGE('',*,*,#4888,.T.);
#3195=ORIENTED_EDGE('',*,*,#4873,.F.);
#3196=ORIENTED_EDGE('',*,*,#4649,.F.);
#3197=ORIENTED_EDGE('',*,*,#4889,.F.);
#3198=ORIENTED_EDGE('',*,*,#4644,.F.);
#3199=ORIENTED_EDGE('',*,*,#4890,.F.);
#3200=ORIENTED_EDGE('',*,*,#4891,.F.);
#3201=ORIENTED_EDGE('',*,*,#4638,.F.);
#3202=ORIENTED_EDGE('',*,*,#4892,.F.);
#3203=ORIENTED_EDGE('',*,*,#4634,.F.);
#3204=ORIENTED_EDGE('',*,*,#4630,.F.);
#3205=ORIENTED_EDGE('',*,*,#4893,.F.);
#3206=ORIENTED_EDGE('',*,*,#4874,.F.);
#3207=ORIENTED_EDGE('',*,*,#4888,.F.);
#3208=ORIENTED_EDGE('',*,*,#4894,.T.);
#3209=ORIENTED_EDGE('',*,*,#4895,.T.);
#3210=ORIENTED_EDGE('',*,*,#4896,.F.);
#3211=ORIENTED_EDGE('',*,*,#4217,.T.);
#3212=ORIENTED_EDGE('',*,*,#4811,.F.);
#3213=ORIENTED_EDGE('',*,*,#4339,.T.);
#3214=ORIENTED_EDGE('',*,*,#4868,.T.);
#3215=ORIENTED_EDGE('',*,*,#4283,.T.);
#3216=ORIENTED_EDGE('',*,*,#4897,.T.);
#3217=ORIENTED_EDGE('',*,*,#4313,.T.);
#3218=ORIENTED_EDGE('',*,*,#4844,.F.);
#3219=ORIENTED_EDGE('',*,*,#4323,.T.);
#3220=ORIENTED_EDGE('',*,*,#4898,.F.);
#3221=ORIENTED_EDGE('',*,*,#4245,.T.);
#3222=ORIENTED_EDGE('',*,*,#4831,.F.);
#3223=ORIENTED_EDGE('',*,*,#4249,.T.);
#3224=ORIENTED_EDGE('',*,*,#4808,.T.);
#3225=ORIENTED_EDGE('',*,*,#4875,.F.);
#3226=ORIENTED_EDGE('',*,*,#4895,.F.);
#3227=ORIENTED_EDGE('',*,*,#4899,.T.);
#3228=ORIENTED_EDGE('',*,*,#4800,.T.);
#3229=ORIENTED_EDGE('',*,*,#4872,.F.);
#3230=ORIENTED_EDGE('',*,*,#4884,.F.);
#3231=ORIENTED_EDGE('',*,*,#4900,.T.);
#3232=ORIENTED_EDGE('',*,*,#4790,.T.);
#3233=ORIENTED_EDGE('',*,*,#4876,.F.);
#3234=ORIENTED_EDGE('',*,*,#4803,.F.);
#3235=ORIENTED_EDGE('',*,*,#4901,.T.);
#3236=ORIENTED_EDGE('',*,*,#4625,.F.);
#3237=ORIENTED_EDGE('',*,*,#4902,.F.);
#3238=ORIENTED_EDGE('',*,*,#4619,.F.);
#3239=ORIENTED_EDGE('',*,*,#4903,.F.);
#3240=ORIENTED_EDGE('',*,*,#4614,.F.);
#3241=ORIENTED_EDGE('',*,*,#4904,.F.);
#3242=ORIENTED_EDGE('',*,*,#4608,.F.);
#3243=ORIENTED_EDGE('',*,*,#4905,.F.);
#3244=ORIENTED_EDGE('',*,*,#4504,.F.);
#3245=ORIENTED_EDGE('',*,*,#4906,.F.);
#3246=ORIENTED_EDGE('',*,*,#4754,.F.);
#3247=ORIENTED_EDGE('',*,*,#4427,.T.);
#3248=ORIENTED_EDGE('',*,*,#4755,.F.);
#3249=ORIENTED_EDGE('',*,*,#4399,.T.);
#3250=ORIENTED_EDGE('',*,*,#4752,.F.);
#3251=ORIENTED_EDGE('',*,*,#4415,.T.);
#3252=ORIENTED_EDGE('',*,*,#4753,.F.);
#3253=ORIENTED_EDGE('',*,*,#4439,.T.);
#3254=ORIENTED_EDGE('',*,*,#4762,.F.);
#3255=ORIENTED_EDGE('',*,*,#4447,.T.);
#3256=ORIENTED_EDGE('',*,*,#4763,.F.);
#3257=ORIENTED_EDGE('',*,*,#4455,.T.);
#3258=ORIENTED_EDGE('',*,*,#4760,.F.);
#3259=ORIENTED_EDGE('',*,*,#4463,.T.);
#3260=ORIENTED_EDGE('',*,*,#4761,.F.);
#3261=ORIENTED_EDGE('',*,*,#4471,.T.);
#3262=ORIENTED_EDGE('',*,*,#4731,.F.);
#3263=ORIENTED_EDGE('',*,*,#4262,.T.);
#3264=ORIENTED_EDGE('',*,*,#4730,.F.);
#3265=ORIENTED_EDGE('',*,*,#4270,.T.);
#3266=ORIENTED_EDGE('',*,*,#4729,.F.);
#3267=ORIENTED_EDGE('',*,*,#4727,.F.);
#3268=ORIENTED_EDGE('',*,*,#4278,.T.);
#3269=ORIENTED_EDGE('',*,*,#4726,.F.);
#3270=ORIENTED_EDGE('',*,*,#4286,.T.);
#3271=ORIENTED_EDGE('',*,*,#4725,.F.);
#3272=ORIENTED_EDGE('',*,*,#4290,.T.);
#3273=ORIENTED_EDGE('',*,*,#4724,.F.);
#3274=ORIENTED_EDGE('',*,*,#4722,.F.);
#3275=ORIENTED_EDGE('',*,*,#4254,.T.);
#3276=ORIENTED_EDGE('',*,*,#4813,.F.);
#3277=ORIENTED_EDGE('',*,*,#4218,.T.);
#3278=ORIENTED_EDGE('',*,*,#4896,.T.);
#3279=ORIENTED_EDGE('',*,*,#4248,.T.);
#3280=ORIENTED_EDGE('',*,*,#4827,.F.);
#3281=ORIENTED_EDGE('',*,*,#4823,.F.);
#3282=ORIENTED_EDGE('',*,*,#4298,.T.);
#3283=ORIENTED_EDGE('',*,*,#4822,.F.);
#3284=ORIENTED_EDGE('',*,*,#4302,.T.);
#3285=ORIENTED_EDGE('',*,*,#4821,.F.);
#3286=ORIENTED_EDGE('',*,*,#4294,.T.);
#3287=ORIENTED_EDGE('',*,*,#4814,.T.);
#3288=ORIENTED_EDGE('',*,*,#4374,.T.);
#3289=ORIENTED_EDGE('',*,*,#4826,.F.);
#3290=ORIENTED_EDGE('',*,*,#4407,.T.);
#3291=ORIENTED_EDGE('',*,*,#4830,.T.);
#3292=ORIENTED_EDGE('',*,*,#4246,.T.);
#3293=ORIENTED_EDGE('',*,*,#4898,.T.);
#3294=ORIENTED_EDGE('',*,*,#4322,.T.);
#3295=ORIENTED_EDGE('',*,*,#4856,.F.);
#3296=ORIENTED_EDGE('',*,*,#4372,.T.);
#3297=ORIENTED_EDGE('',*,*,#4907,.T.);
#3298=ORIENTED_EDGE('',*,*,#4310,.T.);
#3299=ORIENTED_EDGE('',*,*,#4697,.F.);
#3300=ORIENTED_EDGE('',*,*,#4708,.F.);
#3301=ORIENTED_EDGE('',*,*,#4388,.T.);
#3302=ORIENTED_EDGE('',*,*,#4706,.F.);
#3303=ORIENTED_EDGE('',*,*,#4392,.T.);
#3304=ORIENTED_EDGE('',*,*,#4710,.F.);
#3305=ORIENTED_EDGE('',*,*,#4384,.T.);
#3306=ORIENTED_EDGE('',*,*,#4709,.F.);
#3307=ORIENTED_EDGE('',*,*,#4380,.T.);
#3308=ORIENTED_EDGE('',*,*,#4707,.F.);
#3309=ORIENTED_EDGE('',*,*,#4695,.T.);
#3310=ORIENTED_EDGE('',*,*,#4306,.T.);
#3311=ORIENTED_EDGE('',*,*,#4908,.T.);
#3312=ORIENTED_EDGE('',*,*,#4226,.T.);
#3313=ORIENTED_EDGE('',*,*,#4863,.F.);
#3314=ORIENTED_EDGE('',*,*,#4234,.T.);
#3315=ORIENTED_EDGE('',*,*,#4862,.F.);
#3316=ORIENTED_EDGE('',*,*,#4242,.T.);
#3317=ORIENTED_EDGE('',*,*,#4909,.T.);
#3318=ORIENTED_EDGE('',*,*,#4910,.F.);
#3319=ORIENTED_EDGE('',*,*,#4631,.F.);
#3320=ORIENTED_EDGE('',*,*,#4911,.F.);
#3321=ORIENTED_EDGE('',*,*,#4912,.T.);
#3322=ORIENTED_EDGE('',*,*,#4222,.T.);
#3323=ORIENTED_EDGE('',*,*,#4492,.F.);
#3324=ORIENTED_EDGE('',*,*,#4913,.F.);
#3325=ORIENTED_EDGE('',*,*,#4484,.F.);
#3326=ORIENTED_EDGE('',*,*,#4914,.F.);
#3327=ORIENTED_EDGE('',*,*,#4480,.F.);
#3328=ORIENTED_EDGE('',*,*,#4915,.F.);
#3329=ORIENTED_EDGE('',*,*,#4739,.F.);
#3330=ORIENTED_EDGE('',*,*,#4419,.T.);
#3331=ORIENTED_EDGE('',*,*,#4736,.F.);
#3332=ORIENTED_EDGE('',*,*,#4423,.T.);
#3333=ORIENTED_EDGE('',*,*,#4737,.F.);
#3334=ORIENTED_EDGE('',*,*,#4431,.T.);
#3335=ORIENTED_EDGE('',*,*,#4738,.F.);
#3336=ORIENTED_EDGE('',*,*,#4467,.T.);
#3337=ORIENTED_EDGE('',*,*,#4770,.F.);
#3338=ORIENTED_EDGE('',*,*,#4451,.T.);
#3339=ORIENTED_EDGE('',*,*,#4779,.F.);
#3340=ORIENTED_EDGE('',*,*,#4364,.T.);
#3341=ORIENTED_EDGE('',*,*,#4782,.F.);
#3342=ORIENTED_EDGE('',*,*,#4368,.T.);
#3343=ORIENTED_EDGE('',*,*,#4781,.F.);
#3344=ORIENTED_EDGE('',*,*,#4346,.T.);
#3345=ORIENTED_EDGE('',*,*,#4780,.F.);
#3346=ORIENTED_EDGE('',*,*,#4356,.T.);
#3347=ORIENTED_EDGE('',*,*,#4396,.T.);
#3348=ORIENTED_EDGE('',*,*,#4768,.F.);
#3349=ORIENTED_EDGE('',*,*,#4459,.T.);
#3350=ORIENTED_EDGE('',*,*,#4769,.F.);
#3351=ORIENTED_EDGE('',*,*,#4411,.T.);
#3352=ORIENTED_EDGE('',*,*,#4834,.F.);
#3353=ORIENTED_EDGE('',*,*,#4238,.T.);
#3354=ORIENTED_EDGE('',*,*,#4842,.F.);
#3355=ORIENTED_EDGE('',*,*,#4350,.T.);
#3356=ORIENTED_EDGE('',*,*,#4916,.F.);
#3357=ORIENTED_EDGE('',*,*,#4330,.T.);
#3358=ORIENTED_EDGE('',*,*,#4864,.F.);
#3359=ORIENTED_EDGE('',*,*,#4314,.T.);
#3360=ORIENTED_EDGE('',*,*,#4897,.F.);
#3361=ORIENTED_EDGE('',*,*,#4282,.T.);
#3362=ORIENTED_EDGE('',*,*,#4840,.F.);
#3363=ORIENTED_EDGE('',*,*,#4360,.T.);
#3364=ORIENTED_EDGE('',*,*,#4837,.F.);
#3365=ORIENTED_EDGE('',*,*,#4917,.T.);
#3366=ORIENTED_EDGE('',*,*,#4610,.T.);
#3367=ORIENTED_EDGE('',*,*,#4918,.T.);
#3368=ORIENTED_EDGE('',*,*,#4747,.F.);
#3369=ORIENTED_EDGE('',*,*,#4403,.T.);
#3370=ORIENTED_EDGE('',*,*,#4744,.F.);
#3371=ORIENTED_EDGE('',*,*,#4443,.T.);
#3372=ORIENTED_EDGE('',*,*,#4745,.F.);
#3373=ORIENTED_EDGE('',*,*,#4435,.T.);
#3374=ORIENTED_EDGE('',*,*,#4746,.F.);
#3375=ORIENTED_EDGE('',*,*,#4475,.T.);
#3376=ORIENTED_EDGE('',*,*,#4919,.T.);
#3377=ORIENTED_EDGE('',*,*,#4508,.T.);
#3378=ORIENTED_EDGE('',*,*,#4920,.T.);
#3379=ORIENTED_EDGE('',*,*,#4500,.T.);
#3380=ORIENTED_EDGE('',*,*,#4921,.T.);
#3381=ORIENTED_EDGE('',*,*,#4496,.T.);
#3382=ORIENTED_EDGE('',*,*,#4636,.F.);
#3383=ORIENTED_EDGE('',*,*,#4922,.F.);
#3384=ORIENTED_EDGE('',*,*,#4640,.F.);
#3385=ORIENTED_EDGE('',*,*,#4923,.F.);
#3386=ORIENTED_EDGE('',*,*,#4654,.F.);
#3387=ORIENTED_EDGE('',*,*,#4924,.F.);
#3388=ORIENTED_EDGE('',*,*,#4658,.F.);
#3389=ORIENTED_EDGE('',*,*,#4925,.F.);
#3390=ORIENTED_EDGE('',*,*,#4869,.T.);
#3391=ORIENTED_EDGE('',*,*,#4213,.T.);
#3392=ORIENTED_EDGE('',*,*,#4809,.F.);
#3393=ORIENTED_EDGE('',*,*,#4223,.T.);
#3394=ORIENTED_EDGE('',*,*,#4912,.F.);
#3395=ORIENTED_EDGE('',*,*,#4926,.T.);
#3396=ORIENTED_EDGE('',*,*,#4628,.T.);
#3397=ORIENTED_EDGE('',*,*,#4927,.T.);
#3398=ORIENTED_EDGE('',*,*,#4909,.F.);
#3399=ORIENTED_EDGE('',*,*,#4241,.T.);
#3400=ORIENTED_EDGE('',*,*,#4860,.F.);
#3401=ORIENTED_EDGE('',*,*,#4343,.T.);
#3402=ORIENTED_EDGE('',*,*,#4604,.F.);
#3403=ORIENTED_EDGE('',*,*,#4928,.F.);
#3404=ORIENTED_EDGE('',*,*,#4858,.F.);
#3405=ORIENTED_EDGE('',*,*,#4227,.T.);
#3406=ORIENTED_EDGE('',*,*,#4908,.F.);
#3407=ORIENTED_EDGE('',*,*,#4305,.T.);
#3408=ORIENTED_EDGE('',*,*,#4700,.T.);
#3409=ORIENTED_EDGE('',*,*,#4311,.T.);
#3410=ORIENTED_EDGE('',*,*,#4907,.F.);
#3411=ORIENTED_EDGE('',*,*,#4371,.T.);
#3412=ORIENTED_EDGE('',*,*,#4846,.F.);
#3413=ORIENTED_EDGE('',*,*,#4331,.T.);
#3414=ORIENTED_EDGE('',*,*,#4916,.T.);
#3415=ORIENTED_EDGE('',*,*,#4349,.T.);
#3416=ORIENTED_EDGE('',*,*,#4867,.T.);
#3417=ORIENTED_EDGE('',*,*,#4273,.T.);
#3418=ORIENTED_EDGE('',*,*,#4600,.F.);
#3419=ORIENTED_EDGE('',*,*,#4929,.F.);
#3420=ORIENTED_EDGE('',*,*,#4584,.F.);
#3421=ORIENTED_EDGE('',*,*,#4930,.F.);
#3422=ORIENTED_EDGE('',*,*,#4592,.F.);
#3423=ORIENTED_EDGE('',*,*,#4931,.F.);
#3424=ORIENTED_EDGE('',*,*,#4900,.F.);
#3425=ORIENTED_EDGE('',*,*,#4883,.F.);
#3426=ORIENTED_EDGE('',*,*,#4881,.F.);
#3427=ORIENTED_EDGE('',*,*,#4784,.F.);
#3428=ORIENTED_EDGE('',*,*,#4316,.T.);
#3429=ORIENTED_EDGE('',*,*,#4787,.F.);
#3430=ORIENTED_EDGE('',*,*,#4256,.T.);
#3431=ORIENTED_EDGE('',*,*,#4788,.F.);
#3432=ORIENTED_EDGE('',*,*,#4901,.F.);
#3433=ORIENTED_EDGE('',*,*,#4802,.F.);
#3434=ORIENTED_EDGE('',*,*,#4228,.T.);
#3435=ORIENTED_EDGE('',*,*,#4804,.F.);
#3436=ORIENTED_EDGE('',*,*,#4324,.T.);
#3437=ORIENTED_EDGE('',*,*,#4806,.F.);
#3438=ORIENTED_EDGE('',*,*,#4899,.F.);
#3439=ORIENTED_EDGE('',*,*,#4894,.F.);
#3440=ORIENTED_EDGE('',*,*,#4887,.F.);
#3441=ORIENTED_EDGE('',*,*,#4792,.F.);
#3442=ORIENTED_EDGE('',*,*,#4264,.T.);
#3443=ORIENTED_EDGE('',*,*,#4794,.F.);
#3444=ORIENTED_EDGE('',*,*,#4332,.T.);
#3445=ORIENTED_EDGE('',*,*,#4798,.F.);
#3446=ORIENTED_EDGE('',*,*,#4692,.F.);
#3447=ORIENTED_EDGE('',*,*,#4932,.F.);
#3448=ORIENTED_EDGE('',*,*,#4687,.F.);
#3449=ORIENTED_EDGE('',*,*,#4933,.F.);
#3450=ORIENTED_EDGE('',*,*,#4682,.F.);
#3451=ORIENTED_EDGE('',*,*,#4934,.F.);
#3452=ORIENTED_EDGE('',*,*,#4677,.F.);
#3453=ORIENTED_EDGE('',*,*,#4935,.F.);
#3454=ORIENTED_EDGE('',*,*,#4672,.F.);
#3455=ORIENTED_EDGE('',*,*,#4936,.F.);
#3456=ORIENTED_EDGE('',*,*,#4667,.F.);
#3457=ORIENTED_EDGE('',*,*,#4937,.F.);
#3458=ORIENTED_EDGE('',*,*,#4662,.F.);
#3459=ORIENTED_EDGE('',*,*,#4938,.F.);
#3460=ORIENTED_EDGE('',*,*,#4596,.F.);
#3461=ORIENTED_EDGE('',*,*,#4939,.F.);
#3462=ORIENTED_EDGE('',*,*,#4588,.F.);
#3463=ORIENTED_EDGE('',*,*,#4940,.F.);
#3464=ORIENTED_EDGE('',*,*,#4578,.T.);
#3465=ORIENTED_EDGE('',*,*,#4941,.T.);
#3466=ORIENTED_EDGE('',*,*,#4574,.T.);
#3467=ORIENTED_EDGE('',*,*,#4942,.T.);
#3468=ORIENTED_EDGE('',*,*,#4570,.T.);
#3469=ORIENTED_EDGE('',*,*,#4943,.T.);
#3470=ORIENTED_EDGE('',*,*,#4566,.T.);
#3471=ORIENTED_EDGE('',*,*,#4944,.T.);
#3472=ORIENTED_EDGE('',*,*,#4562,.T.);
#3473=ORIENTED_EDGE('',*,*,#4945,.T.);
#3474=ORIENTED_EDGE('',*,*,#4558,.T.);
#3475=ORIENTED_EDGE('',*,*,#4946,.T.);
#3476=ORIENTED_EDGE('',*,*,#4554,.T.);
#3477=ORIENTED_EDGE('',*,*,#4947,.T.);
#3478=ORIENTED_EDGE('',*,*,#4550,.T.);
#3479=ORIENTED_EDGE('',*,*,#4948,.T.);
#3480=ORIENTED_EDGE('',*,*,#4546,.T.);
#3481=ORIENTED_EDGE('',*,*,#4949,.T.);
#3482=ORIENTED_EDGE('',*,*,#4542,.T.);
#3483=ORIENTED_EDGE('',*,*,#4950,.T.);
#3484=ORIENTED_EDGE('',*,*,#4538,.T.);
#3485=ORIENTED_EDGE('',*,*,#4951,.T.);
#3486=ORIENTED_EDGE('',*,*,#4534,.T.);
#3487=ORIENTED_EDGE('',*,*,#4952,.T.);
#3488=ORIENTED_EDGE('',*,*,#4530,.T.);
#3489=ORIENTED_EDGE('',*,*,#4953,.T.);
#3490=ORIENTED_EDGE('',*,*,#4506,.T.);
#3491=ORIENTED_EDGE('',*,*,#4954,.T.);
#3492=ORIENTED_EDGE('',*,*,#4498,.T.);
#3493=ORIENTED_EDGE('',*,*,#4955,.T.);
#3494=ORIENTED_EDGE('',*,*,#4494,.T.);
#3495=ORIENTED_EDGE('',*,*,#4956,.T.);
#3496=ORIENTED_EDGE('',*,*,#4490,.T.);
#3497=ORIENTED_EDGE('',*,*,#4957,.T.);
#3498=ORIENTED_EDGE('',*,*,#4486,.T.);
#3499=ORIENTED_EDGE('',*,*,#4958,.T.);
#3500=ORIENTED_EDGE('',*,*,#4482,.T.);
#3501=ORIENTED_EDGE('',*,*,#4959,.T.);
#3502=ORIENTED_EDGE('',*,*,#4478,.T.);
#3503=ORIENTED_EDGE('',*,*,#4960,.T.);
#3504=ORIENTED_EDGE('',*,*,#4693,.F.);
#3505=ORIENTED_EDGE('',*,*,#4689,.T.);
#3506=ORIENTED_EDGE('',*,*,#4932,.T.);
#3507=ORIENTED_EDGE('',*,*,#4691,.F.);
#3508=ORIENTED_EDGE('',*,*,#4688,.F.);
#3509=ORIENTED_EDGE('',*,*,#4684,.T.);
#3510=ORIENTED_EDGE('',*,*,#4933,.T.);
#3511=ORIENTED_EDGE('',*,*,#4686,.F.);
#3512=ORIENTED_EDGE('',*,*,#4683,.F.);
#3513=ORIENTED_EDGE('',*,*,#4679,.T.);
#3514=ORIENTED_EDGE('',*,*,#4934,.T.);
#3515=ORIENTED_EDGE('',*,*,#4681,.F.);
#3516=ORIENTED_EDGE('',*,*,#4678,.F.);
#3517=ORIENTED_EDGE('',*,*,#4674,.T.);
#3518=ORIENTED_EDGE('',*,*,#4935,.T.);
#3519=ORIENTED_EDGE('',*,*,#4676,.F.);
#3520=ORIENTED_EDGE('',*,*,#4673,.F.);
#3521=ORIENTED_EDGE('',*,*,#4669,.T.);
#3522=ORIENTED_EDGE('',*,*,#4936,.T.);
#3523=ORIENTED_EDGE('',*,*,#4671,.F.);
#3524=ORIENTED_EDGE('',*,*,#4668,.F.);
#3525=ORIENTED_EDGE('',*,*,#4664,.T.);
#3526=ORIENTED_EDGE('',*,*,#4937,.T.);
#3527=ORIENTED_EDGE('',*,*,#4666,.F.);
#3528=ORIENTED_EDGE('',*,*,#4663,.F.);
#3529=ORIENTED_EDGE('',*,*,#4659,.T.);
#3530=ORIENTED_EDGE('',*,*,#4938,.T.);
#3531=ORIENTED_EDGE('',*,*,#4661,.F.);
#3532=ORIENTED_EDGE('',*,*,#4796,.F.);
#3533=ORIENTED_EDGE('',*,*,#4655,.F.);
#3534=ORIENTED_EDGE('',*,*,#4925,.T.);
#3535=ORIENTED_EDGE('',*,*,#4657,.T.);
#3536=ORIENTED_EDGE('',*,*,#4797,.F.);
#3537=ORIENTED_EDGE('',*,*,#4651,.F.);
#3538=ORIENTED_EDGE('',*,*,#4924,.T.);
#3539=ORIENTED_EDGE('',*,*,#4653,.T.);
#3540=ORIENTED_EDGE('',*,*,#4650,.F.);
#3541=ORIENTED_EDGE('',*,*,#4646,.T.);
#3542=ORIENTED_EDGE('',*,*,#4889,.T.);
#3543=ORIENTED_EDGE('',*,*,#4648,.F.);
#3544=ORIENTED_EDGE('',*,*,#4645,.F.);
#3545=ORIENTED_EDGE('',*,*,#4641,.T.);
#3546=ORIENTED_EDGE('',*,*,#4890,.T.);
#3547=ORIENTED_EDGE('',*,*,#4643,.F.);
#3548=ORIENTED_EDGE('',*,*,#4891,.T.);
#3549=ORIENTED_EDGE('',*,*,#4637,.F.);
#3550=ORIENTED_EDGE('',*,*,#4923,.T.);
#3551=ORIENTED_EDGE('',*,*,#4639,.T.);
#3552=ORIENTED_EDGE('',*,*,#4892,.T.);
#3553=ORIENTED_EDGE('',*,*,#4633,.F.);
#3554=ORIENTED_EDGE('',*,*,#4922,.T.);
#3555=ORIENTED_EDGE('',*,*,#4635,.T.);
#3556=ORIENTED_EDGE('',*,*,#4927,.F.);
#3557=ORIENTED_EDGE('',*,*,#4627,.T.);
#3558=ORIENTED_EDGE('',*,*,#4893,.T.);
#3559=ORIENTED_EDGE('',*,*,#4629,.F.);
#3560=ORIENTED_EDGE('',*,*,#4926,.F.);
#3561=ORIENTED_EDGE('',*,*,#4911,.T.);
#3562=ORIENTED_EDGE('',*,*,#4632,.F.);
#3563=ORIENTED_EDGE('',*,*,#4910,.T.);
#3564=ORIENTED_EDGE('',*,*,#4626,.F.);
#3565=ORIENTED_EDGE('',*,*,#4622,.F.);
#3566=ORIENTED_EDGE('',*,*,#4902,.T.);
#3567=ORIENTED_EDGE('',*,*,#4624,.T.);
#3568=ORIENTED_EDGE('',*,*,#4620,.F.);
#3569=ORIENTED_EDGE('',*,*,#4615,.F.);
#3570=ORIENTED_EDGE('',*,*,#4903,.T.);
#3571=ORIENTED_EDGE('',*,*,#4618,.T.);
#3572=ORIENTED_EDGE('',*,*,#4961,.T.);
#3573=ORIENTED_EDGE('',*,*,#4838,.F.);
#3574=ORIENTED_EDGE('',*,*,#4611,.F.);
#3575=ORIENTED_EDGE('',*,*,#4904,.T.);
#3576=ORIENTED_EDGE('',*,*,#4613,.T.);
#3577=ORIENTED_EDGE('',*,*,#4836,.F.);
#3578=ORIENTED_EDGE('',*,*,#4605,.F.);
#3579=ORIENTED_EDGE('',*,*,#4905,.T.);
#3580=ORIENTED_EDGE('',*,*,#4607,.T.);
#3581=ORIENTED_EDGE('',*,*,#4835,.F.);
#3582=ORIENTED_EDGE('',*,*,#4918,.F.);
#3583=ORIENTED_EDGE('',*,*,#4609,.F.);
#3584=ORIENTED_EDGE('',*,*,#4917,.F.);
#3585=ORIENTED_EDGE('',*,*,#4885,.T.);
#3586=ORIENTED_EDGE('',*,*,#4601,.T.);
#3587=ORIENTED_EDGE('',*,*,#4928,.T.);
#3588=ORIENTED_EDGE('',*,*,#4603,.F.);
#3589=ORIENTED_EDGE('',*,*,#4886,.T.);
#3590=ORIENTED_EDGE('',*,*,#4597,.T.);
#3591=ORIENTED_EDGE('',*,*,#4929,.T.);
#3592=ORIENTED_EDGE('',*,*,#4599,.F.);
#3593=ORIENTED_EDGE('',*,*,#4775,.T.);
#3594=ORIENTED_EDGE('',*,*,#4593,.T.);
#3595=ORIENTED_EDGE('',*,*,#4939,.T.);
#3596=ORIENTED_EDGE('',*,*,#4595,.F.);
#3597=ORIENTED_EDGE('',*,*,#4776,.T.);
#3598=ORIENTED_EDGE('',*,*,#4589,.T.);
#3599=ORIENTED_EDGE('',*,*,#4931,.T.);
#3600=ORIENTED_EDGE('',*,*,#4591,.F.);
#3601=ORIENTED_EDGE('',*,*,#4777,.T.);
#3602=ORIENTED_EDGE('',*,*,#4585,.T.);
#3603=ORIENTED_EDGE('',*,*,#4940,.T.);
#3604=ORIENTED_EDGE('',*,*,#4587,.F.);
#3605=ORIENTED_EDGE('',*,*,#4778,.T.);
#3606=ORIENTED_EDGE('',*,*,#4581,.T.);
#3607=ORIENTED_EDGE('',*,*,#4930,.T.);
#3608=ORIENTED_EDGE('',*,*,#4583,.F.);
#3609=ORIENTED_EDGE('',*,*,#4941,.F.);
#3610=ORIENTED_EDGE('',*,*,#4577,.F.);
#3611=ORIENTED_EDGE('',*,*,#4848,.T.);
#3612=ORIENTED_EDGE('',*,*,#4579,.T.);
#3613=ORIENTED_EDGE('',*,*,#4942,.F.);
#3614=ORIENTED_EDGE('',*,*,#4573,.F.);
#3615=ORIENTED_EDGE('',*,*,#4849,.T.);
#3616=ORIENTED_EDGE('',*,*,#4575,.T.);
#3617=ORIENTED_EDGE('',*,*,#4943,.F.);
#3618=ORIENTED_EDGE('',*,*,#4569,.F.);
#3619=ORIENTED_EDGE('',*,*,#4850,.T.);
#3620=ORIENTED_EDGE('',*,*,#4571,.T.);
#3621=ORIENTED_EDGE('',*,*,#4944,.F.);
#3622=ORIENTED_EDGE('',*,*,#4565,.F.);
#3623=ORIENTED_EDGE('',*,*,#4851,.T.);
#3624=ORIENTED_EDGE('',*,*,#4567,.T.);
#3625=ORIENTED_EDGE('',*,*,#4945,.F.);
#3626=ORIENTED_EDGE('',*,*,#4561,.F.);
#3627=ORIENTED_EDGE('',*,*,#4852,.T.);
#3628=ORIENTED_EDGE('',*,*,#4563,.T.);
#3629=ORIENTED_EDGE('',*,*,#4946,.F.);
#3630=ORIENTED_EDGE('',*,*,#4557,.F.);
#3631=ORIENTED_EDGE('',*,*,#4853,.T.);
#3632=ORIENTED_EDGE('',*,*,#4559,.T.);
#3633=ORIENTED_EDGE('',*,*,#4947,.F.);
#3634=ORIENTED_EDGE('',*,*,#4553,.F.);
#3635=ORIENTED_EDGE('',*,*,#4854,.T.);
#3636=ORIENTED_EDGE('',*,*,#4555,.T.);
#3637=ORIENTED_EDGE('',*,*,#4948,.F.);
#3638=ORIENTED_EDGE('',*,*,#4549,.F.);
#3639=ORIENTED_EDGE('',*,*,#4855,.T.);
#3640=ORIENTED_EDGE('',*,*,#4551,.T.);
#3641=ORIENTED_EDGE('',*,*,#4949,.F.);
#3642=ORIENTED_EDGE('',*,*,#4545,.F.);
#3643=ORIENTED_EDGE('',*,*,#4819,.T.);
#3644=ORIENTED_EDGE('',*,*,#4547,.T.);
#3645=ORIENTED_EDGE('',*,*,#4950,.F.);
#3646=ORIENTED_EDGE('',*,*,#4541,.F.);
#3647=ORIENTED_EDGE('',*,*,#4820,.T.);
#3648=ORIENTED_EDGE('',*,*,#4543,.T.);
#3649=ORIENTED_EDGE('',*,*,#4951,.F.);
#3650=ORIENTED_EDGE('',*,*,#4537,.F.);
#3651=ORIENTED_EDGE('',*,*,#4719,.T.);
#3652=ORIENTED_EDGE('',*,*,#4539,.T.);
#3653=ORIENTED_EDGE('',*,*,#4952,.F.);
#3654=ORIENTED_EDGE('',*,*,#4533,.F.);
#3655=ORIENTED_EDGE('',*,*,#4720,.T.);
#3656=ORIENTED_EDGE('',*,*,#4535,.T.);
#3657=ORIENTED_EDGE('',*,*,#4953,.F.);
#3658=ORIENTED_EDGE('',*,*,#4529,.F.);
#3659=ORIENTED_EDGE('',*,*,#4721,.T.);
#3660=ORIENTED_EDGE('',*,*,#4531,.T.);
#3661=ORIENTED_EDGE('',*,*,#4528,.F.);
#3662=ORIENTED_EDGE('',*,*,#4524,.F.);
#3663=ORIENTED_EDGE('',*,*,#4877,.T.);
#3664=ORIENTED_EDGE('',*,*,#4526,.T.);
#3665=ORIENTED_EDGE('',*,*,#4523,.F.);
#3666=ORIENTED_EDGE('',*,*,#4519,.F.);
#3667=ORIENTED_EDGE('',*,*,#4878,.T.);
#3668=ORIENTED_EDGE('',*,*,#4521,.T.);
#3669=ORIENTED_EDGE('',*,*,#4518,.F.);
#3670=ORIENTED_EDGE('',*,*,#4514,.F.);
#3671=ORIENTED_EDGE('',*,*,#4879,.T.);
#3672=ORIENTED_EDGE('',*,*,#4516,.T.);
#3673=ORIENTED_EDGE('',*,*,#4513,.F.);
#3674=ORIENTED_EDGE('',*,*,#4509,.F.);
#3675=ORIENTED_EDGE('',*,*,#4880,.T.);
#3676=ORIENTED_EDGE('',*,*,#4511,.T.);
#3677=ORIENTED_EDGE('',*,*,#4954,.F.);
#3678=ORIENTED_EDGE('',*,*,#4505,.F.);
#3679=ORIENTED_EDGE('',*,*,#4919,.F.);
#3680=ORIENTED_EDGE('',*,*,#4507,.T.);
#3681=ORIENTED_EDGE('',*,*,#4839,.F.);
#3682=ORIENTED_EDGE('',*,*,#4501,.F.);
#3683=ORIENTED_EDGE('',*,*,#4906,.T.);
#3684=ORIENTED_EDGE('',*,*,#4503,.T.);
#3685=ORIENTED_EDGE('',*,*,#4955,.F.);
#3686=ORIENTED_EDGE('',*,*,#4497,.F.);
#3687=ORIENTED_EDGE('',*,*,#4920,.F.);
#3688=ORIENTED_EDGE('',*,*,#4499,.T.);
#3689=ORIENTED_EDGE('',*,*,#4617,.F.);
#3690=ORIENTED_EDGE('',*,*,#4621,.F.);
#3691=ORIENTED_EDGE('',*,*,#4961,.F.);
#3692=ORIENTED_EDGE('',*,*,#4956,.F.);
#3693=ORIENTED_EDGE('',*,*,#4493,.F.);
#3694=ORIENTED_EDGE('',*,*,#4921,.F.);
#3695=ORIENTED_EDGE('',*,*,#4495,.T.);
#3696=ORIENTED_EDGE('',*,*,#4957,.F.);
#3697=ORIENTED_EDGE('',*,*,#4489,.F.);
#3698=ORIENTED_EDGE('',*,*,#4913,.T.);
#3699=ORIENTED_EDGE('',*,*,#4491,.T.);
#3700=ORIENTED_EDGE('',*,*,#4958,.F.);
#3701=ORIENTED_EDGE('',*,*,#4485,.F.);
#3702=ORIENTED_EDGE('',*,*,#4832,.F.);
#3703=ORIENTED_EDGE('',*,*,#4487,.T.);
#3704=ORIENTED_EDGE('',*,*,#4959,.F.);
#3705=ORIENTED_EDGE('',*,*,#4481,.F.);
#3706=ORIENTED_EDGE('',*,*,#4914,.T.);
#3707=ORIENTED_EDGE('',*,*,#4483,.T.);
#3708=ORIENTED_EDGE('',*,*,#4960,.F.);
#3709=ORIENTED_EDGE('',*,*,#4477,.F.);
#3710=ORIENTED_EDGE('',*,*,#4915,.T.);
#3711=ORIENTED_EDGE('',*,*,#4479,.T.);
#3712=VERTEX_POINT('',#7401);
#3713=VERTEX_POINT('',#7402);
#3714=VERTEX_POINT('',#7404);
#3715=VERTEX_POINT('',#7406);
#3716=VERTEX_POINT('',#7410);
#3717=VERTEX_POINT('',#7411);
#3718=VERTEX_POINT('',#7413);
#3719=VERTEX_POINT('',#7415);
#3720=VERTEX_POINT('',#7419);
#3721=VERTEX_POINT('',#7420);
#3722=VERTEX_POINT('',#7422);
#3723=VERTEX_POINT('',#7424);
#3724=VERTEX_POINT('',#7428);
#3725=VERTEX_POINT('',#7429);
#3726=VERTEX_POINT('',#7431);
#3727=VERTEX_POINT('',#7433);
#3728=VERTEX_POINT('',#7437);
#3729=VERTEX_POINT('',#7438);
#3730=VERTEX_POINT('',#7440);
#3731=VERTEX_POINT('',#7442);
#3732=VERTEX_POINT('',#7446);
#3733=VERTEX_POINT('',#7447);
#3734=VERTEX_POINT('',#7449);
#3735=VERTEX_POINT('',#7451);
#3736=VERTEX_POINT('',#7455);
#3737=VERTEX_POINT('',#7456);
#3738=VERTEX_POINT('',#7458);
#3739=VERTEX_POINT('',#7460);
#3740=VERTEX_POINT('',#7464);
#3741=VERTEX_POINT('',#7465);
#3742=VERTEX_POINT('',#7467);
#3743=VERTEX_POINT('',#7469);
#3744=VERTEX_POINT('',#7473);
#3745=VERTEX_POINT('',#7474);
#3746=VERTEX_POINT('',#7476);
#3747=VERTEX_POINT('',#7478);
#3748=VERTEX_POINT('',#7482);
#3749=VERTEX_POINT('',#7483);
#3750=VERTEX_POINT('',#7485);
#3751=VERTEX_POINT('',#7487);
#3752=VERTEX_POINT('',#7491);
#3753=VERTEX_POINT('',#7492);
#3754=VERTEX_POINT('',#7494);
#3755=VERTEX_POINT('',#7496);
#3756=VERTEX_POINT('',#7500);
#3757=VERTEX_POINT('',#7501);
#3758=VERTEX_POINT('',#7503);
#3759=VERTEX_POINT('',#7505);
#3760=VERTEX_POINT('',#7509);
#3761=VERTEX_POINT('',#7510);
#3762=VERTEX_POINT('',#7512);
#3763=VERTEX_POINT('',#7514);
#3764=VERTEX_POINT('',#7518);
#3765=VERTEX_POINT('',#7519);
#3766=VERTEX_POINT('',#7521);
#3767=VERTEX_POINT('',#7523);
#3768=VERTEX_POINT('',#7527);
#3769=VERTEX_POINT('',#7528);
#3770=VERTEX_POINT('',#7530);
#3771=VERTEX_POINT('',#7532);
#3772=VERTEX_POINT('',#7536);
#3773=VERTEX_POINT('',#7537);
#3774=VERTEX_POINT('',#7539);
#3775=VERTEX_POINT('',#7541);
#3776=VERTEX_POINT('',#7545);
#3777=VERTEX_POINT('',#7546);
#3778=VERTEX_POINT('',#7548);
#3779=VERTEX_POINT('',#7550);
#3780=VERTEX_POINT('',#7554);
#3781=VERTEX_POINT('',#7555);
#3782=VERTEX_POINT('',#7557);
#3783=VERTEX_POINT('',#7559);
#3784=VERTEX_POINT('',#7563);
#3785=VERTEX_POINT('',#7564);
#3786=VERTEX_POINT('',#7566);
#3787=VERTEX_POINT('',#7568);
#3788=VERTEX_POINT('',#7572);
#3789=VERTEX_POINT('',#7573);
#3790=VERTEX_POINT('',#7575);
#3791=VERTEX_POINT('',#7577);
#3792=VERTEX_POINT('',#7581);
#3793=VERTEX_POINT('',#7582);
#3794=VERTEX_POINT('',#7584);
#3795=VERTEX_POINT('',#7586);
#3796=VERTEX_POINT('',#7590);
#3797=VERTEX_POINT('',#7591);
#3798=VERTEX_POINT('',#7593);
#3799=VERTEX_POINT('',#7595);
#3800=VERTEX_POINT('',#7599);
#3801=VERTEX_POINT('',#7600);
#3802=VERTEX_POINT('',#7602);
#3803=VERTEX_POINT('',#7604);
#3804=VERTEX_POINT('',#7608);
#3805=VERTEX_POINT('',#7609);
#3806=VERTEX_POINT('',#7611);
#3807=VERTEX_POINT('',#7613);
#3808=VERTEX_POINT('',#7617);
#3809=VERTEX_POINT('',#7618);
#3810=VERTEX_POINT('',#7620);
#3811=VERTEX_POINT('',#7622);
#3812=VERTEX_POINT('',#7626);
#3813=VERTEX_POINT('',#7627);
#3814=VERTEX_POINT('',#7629);
#3815=VERTEX_POINT('',#7631);
#3816=VERTEX_POINT('',#7635);
#3817=VERTEX_POINT('',#7636);
#3818=VERTEX_POINT('',#7638);
#3819=VERTEX_POINT('',#7640);
#3820=VERTEX_POINT('',#7644);
#3821=VERTEX_POINT('',#7645);
#3822=VERTEX_POINT('',#7647);
#3823=VERTEX_POINT('',#7649);
#3824=VERTEX_POINT('',#7653);
#3825=VERTEX_POINT('',#7654);
#3826=VERTEX_POINT('',#7656);
#3827=VERTEX_POINT('',#7658);
#3828=VERTEX_POINT('',#7662);
#3829=VERTEX_POINT('',#7663);
#3830=VERTEX_POINT('',#7665);
#3831=VERTEX_POINT('',#7667);
#3832=VERTEX_POINT('',#7671);
#3833=VERTEX_POINT('',#7672);
#3834=VERTEX_POINT('',#7674);
#3835=VERTEX_POINT('',#7676);
#3836=VERTEX_POINT('',#7680);
#3837=VERTEX_POINT('',#7681);
#3838=VERTEX_POINT('',#7683);
#3839=VERTEX_POINT('',#7685);
#3840=VERTEX_POINT('',#7689);
#3841=VERTEX_POINT('',#7690);
#3842=VERTEX_POINT('',#7692);
#3843=VERTEX_POINT('',#7694);
#3844=VERTEX_POINT('',#7698);
#3845=VERTEX_POINT('',#7699);
#3846=VERTEX_POINT('',#7701);
#3847=VERTEX_POINT('',#7703);
#3848=VERTEX_POINT('',#7707);
#3849=VERTEX_POINT('',#7708);
#3850=VERTEX_POINT('',#7710);
#3851=VERTEX_POINT('',#7712);
#3852=VERTEX_POINT('',#7716);
#3853=VERTEX_POINT('',#7717);
#3854=VERTEX_POINT('',#7719);
#3855=VERTEX_POINT('',#7721);
#3856=VERTEX_POINT('',#7723);
#3857=VERTEX_POINT('',#7725);
#3858=VERTEX_POINT('',#7729);
#3859=VERTEX_POINT('',#7730);
#3860=VERTEX_POINT('',#7732);
#3861=VERTEX_POINT('',#7734);
#3862=VERTEX_POINT('',#7738);
#3863=VERTEX_POINT('',#7739);
#3864=VERTEX_POINT('',#7741);
#3865=VERTEX_POINT('',#7743);
#3866=VERTEX_POINT('',#7747);
#3867=VERTEX_POINT('',#7748);
#3868=VERTEX_POINT('',#7750);
#3869=VERTEX_POINT('',#7752);
#3870=VERTEX_POINT('',#7756);
#3871=VERTEX_POINT('',#7757);
#3872=VERTEX_POINT('',#7759);
#3873=VERTEX_POINT('',#7761);
#3874=VERTEX_POINT('',#7765);
#3875=VERTEX_POINT('',#7766);
#3876=VERTEX_POINT('',#7768);
#3877=VERTEX_POINT('',#7770);
#3878=VERTEX_POINT('',#7774);
#3879=VERTEX_POINT('',#7775);
#3880=VERTEX_POINT('',#7777);
#3881=VERTEX_POINT('',#7779);
#3882=VERTEX_POINT('',#7783);
#3883=VERTEX_POINT('',#7784);
#3884=VERTEX_POINT('',#7786);
#3885=VERTEX_POINT('',#7788);
#3886=VERTEX_POINT('',#7792);
#3887=VERTEX_POINT('',#7793);
#3888=VERTEX_POINT('',#7795);
#3889=VERTEX_POINT('',#7797);
#3890=VERTEX_POINT('',#7801);
#3891=VERTEX_POINT('',#7802);
#3892=VERTEX_POINT('',#7804);
#3893=VERTEX_POINT('',#7806);
#3894=VERTEX_POINT('',#7810);
#3895=VERTEX_POINT('',#7812);
#3896=VERTEX_POINT('',#7816);
#3897=VERTEX_POINT('',#7817);
#3898=VERTEX_POINT('',#7819);
#3899=VERTEX_POINT('',#7821);
#3900=VERTEX_POINT('',#7825);
#3901=VERTEX_POINT('',#7826);
#3902=VERTEX_POINT('',#7828);
#3903=VERTEX_POINT('',#7830);
#3904=VERTEX_POINT('',#7834);
#3905=VERTEX_POINT('',#7835);
#3906=VERTEX_POINT('',#7837);
#3907=VERTEX_POINT('',#7839);
#3908=VERTEX_POINT('',#7843);
#3909=VERTEX_POINT('',#7844);
#3910=VERTEX_POINT('',#7846);
#3911=VERTEX_POINT('',#7848);
#3912=VERTEX_POINT('',#7852);
#3913=VERTEX_POINT('',#7853);
#3914=VERTEX_POINT('',#7855);
#3915=VERTEX_POINT('',#7857);
#3916=VERTEX_POINT('',#7861);
#3917=VERTEX_POINT('',#7862);
#3918=VERTEX_POINT('',#7864);
#3919=VERTEX_POINT('',#7866);
#3920=VERTEX_POINT('',#7870);
#3921=VERTEX_POINT('',#7871);
#3922=VERTEX_POINT('',#7873);
#3923=VERTEX_POINT('',#7875);
#3924=VERTEX_POINT('',#7879);
#3925=VERTEX_POINT('',#7880);
#3926=VERTEX_POINT('',#7882);
#3927=VERTEX_POINT('',#7884);
#3928=VERTEX_POINT('',#7888);
#3929=VERTEX_POINT('',#7889);
#3930=VERTEX_POINT('',#7891);
#3931=VERTEX_POINT('',#7893);
#3932=VERTEX_POINT('',#7897);
#3933=VERTEX_POINT('',#7898);
#3934=VERTEX_POINT('',#7900);
#3935=VERTEX_POINT('',#7902);
#3936=VERTEX_POINT('',#7906);
#3937=VERTEX_POINT('',#7907);
#3938=VERTEX_POINT('',#7909);
#3939=VERTEX_POINT('',#7911);
#3940=VERTEX_POINT('',#7915);
#3941=VERTEX_POINT('',#7916);
#3942=VERTEX_POINT('',#7918);
#3943=VERTEX_POINT('',#7920);
#3944=VERTEX_POINT('',#7924);
#3945=VERTEX_POINT('',#7925);
#3946=VERTEX_POINT('',#7927);
#3947=VERTEX_POINT('',#7929);
#3948=VERTEX_POINT('',#7933);
#3949=VERTEX_POINT('',#7934);
#3950=VERTEX_POINT('',#7936);
#3951=VERTEX_POINT('',#7938);
#3952=VERTEX_POINT('',#7942);
#3953=VERTEX_POINT('',#7943);
#3954=VERTEX_POINT('',#7945);
#3955=VERTEX_POINT('',#7947);
#3956=VERTEX_POINT('',#7951);
#3957=VERTEX_POINT('',#7952);
#3958=VERTEX_POINT('',#7954);
#3959=VERTEX_POINT('',#7956);
#3960=VERTEX_POINT('',#7960);
#3961=VERTEX_POINT('',#7961);
#3962=VERTEX_POINT('',#7963);
#3963=VERTEX_POINT('',#7965);
#3964=VERTEX_POINT('',#7969);
#3965=VERTEX_POINT('',#7970);
#3966=VERTEX_POINT('',#7972);
#3967=VERTEX_POINT('',#7974);
#3968=VERTEX_POINT('',#7978);
#3969=VERTEX_POINT('',#7979);
#3970=VERTEX_POINT('',#7981);
#3971=VERTEX_POINT('',#7983);
#3972=VERTEX_POINT('',#7987);
#3973=VERTEX_POINT('',#7988);
#3974=VERTEX_POINT('',#7990);
#3975=VERTEX_POINT('',#7992);
#3976=VERTEX_POINT('',#7996);
#3977=VERTEX_POINT('',#7997);
#3978=VERTEX_POINT('',#7999);
#3979=VERTEX_POINT('',#8001);
#3980=VERTEX_POINT('',#8005);
#3981=VERTEX_POINT('',#8006);
#3982=VERTEX_POINT('',#8008);
#3983=VERTEX_POINT('',#8010);
#3984=VERTEX_POINT('',#8014);
#3985=VERTEX_POINT('',#8015);
#3986=VERTEX_POINT('',#8017);
#3987=VERTEX_POINT('',#8019);
#3988=VERTEX_POINT('',#8023);
#3989=VERTEX_POINT('',#8024);
#3990=VERTEX_POINT('',#8026);
#3991=VERTEX_POINT('',#8028);
#3992=VERTEX_POINT('',#8032);
#3993=VERTEX_POINT('',#8033);
#3994=VERTEX_POINT('',#8035);
#3995=VERTEX_POINT('',#8037);
#3996=VERTEX_POINT('',#8041);
#3997=VERTEX_POINT('',#8042);
#3998=VERTEX_POINT('',#8044);
#3999=VERTEX_POINT('',#8046);
#4000=VERTEX_POINT('',#8050);
#4001=VERTEX_POINT('',#8051);
#4002=VERTEX_POINT('',#8053);
#4003=VERTEX_POINT('',#8055);
#4004=VERTEX_POINT('',#8059);
#4005=VERTEX_POINT('',#8060);
#4006=VERTEX_POINT('',#8062);
#4007=VERTEX_POINT('',#8064);
#4008=VERTEX_POINT('',#8068);
#4009=VERTEX_POINT('',#8069);
#4010=VERTEX_POINT('',#8071);
#4011=VERTEX_POINT('',#8073);
#4012=VERTEX_POINT('',#8079);
#4013=VERTEX_POINT('',#8080);
#4014=VERTEX_POINT('',#8082);
#4015=VERTEX_POINT('',#8084);
#4016=VERTEX_POINT('',#8090);
#4017=VERTEX_POINT('',#8091);
#4018=VERTEX_POINT('',#8093);
#4019=VERTEX_POINT('',#8095);
#4020=VERTEX_POINT('',#8101);
#4021=VERTEX_POINT('',#8102);
#4022=VERTEX_POINT('',#8104);
#4023=VERTEX_POINT('',#8106);
#4024=VERTEX_POINT('',#8112);
#4025=VERTEX_POINT('',#8113);
#4026=VERTEX_POINT('',#8115);
#4027=VERTEX_POINT('',#8117);
#4028=VERTEX_POINT('',#8121);
#4029=VERTEX_POINT('',#8122);
#4030=VERTEX_POINT('',#8124);
#4031=VERTEX_POINT('',#8126);
#4032=VERTEX_POINT('',#8130);
#4033=VERTEX_POINT('',#8131);
#4034=VERTEX_POINT('',#8133);
#4035=VERTEX_POINT('',#8135);
#4036=VERTEX_POINT('',#8139);
#4037=VERTEX_POINT('',#8140);
#4038=VERTEX_POINT('',#8142);
#4039=VERTEX_POINT('',#8144);
#4040=VERTEX_POINT('',#8148);
#4041=VERTEX_POINT('',#8149);
#4042=VERTEX_POINT('',#8151);
#4043=VERTEX_POINT('',#8153);
#4044=VERTEX_POINT('',#8157);
#4045=VERTEX_POINT('',#8158);
#4046=VERTEX_POINT('',#8160);
#4047=VERTEX_POINT('',#8162);
#4048=VERTEX_POINT('',#8166);
#4049=VERTEX_POINT('',#8167);
#4050=VERTEX_POINT('',#8169);
#4051=VERTEX_POINT('',#8171);
#4052=VERTEX_POINT('',#8175);
#4053=VERTEX_POINT('',#8176);
#4054=VERTEX_POINT('',#8178);
#4055=VERTEX_POINT('',#8180);
#4056=VERTEX_POINT('',#8184);
#4057=VERTEX_POINT('',#8185);
#4058=VERTEX_POINT('',#8187);
#4059=VERTEX_POINT('',#8189);
#4060=VERTEX_POINT('',#8193);
#4061=VERTEX_POINT('',#8194);
#4062=VERTEX_POINT('',#8196);
#4063=VERTEX_POINT('',#8198);
#4064=VERTEX_POINT('',#8202);
#4065=VERTEX_POINT('',#8203);
#4066=VERTEX_POINT('',#8205);
#4067=VERTEX_POINT('',#8207);
#4068=VERTEX_POINT('',#8211);
#4069=VERTEX_POINT('',#8212);
#4070=VERTEX_POINT('',#8214);
#4071=VERTEX_POINT('',#8216);
#4072=VERTEX_POINT('',#8220);
#4073=VERTEX_POINT('',#8221);
#4074=VERTEX_POINT('',#8223);
#4075=VERTEX_POINT('',#8225);
#4076=VERTEX_POINT('',#8229);
#4077=VERTEX_POINT('',#8230);
#4078=VERTEX_POINT('',#8232);
#4079=VERTEX_POINT('',#8234);
#4080=VERTEX_POINT('',#8238);
#4081=VERTEX_POINT('',#8239);
#4082=VERTEX_POINT('',#8241);
#4083=VERTEX_POINT('',#8243);
#4084=VERTEX_POINT('',#8247);
#4085=VERTEX_POINT('',#8248);
#4086=VERTEX_POINT('',#8250);
#4087=VERTEX_POINT('',#8252);
#4088=VERTEX_POINT('',#8256);
#4089=VERTEX_POINT('',#8257);
#4090=VERTEX_POINT('',#8259);
#4091=VERTEX_POINT('',#8261);
#4092=VERTEX_POINT('',#8265);
#4093=VERTEX_POINT('',#8266);
#4094=VERTEX_POINT('',#8268);
#4095=VERTEX_POINT('',#8270);
#4096=VERTEX_POINT('',#8274);
#4097=VERTEX_POINT('',#8275);
#4098=VERTEX_POINT('',#8277);
#4099=VERTEX_POINT('',#8279);
#4100=VERTEX_POINT('',#8283);
#4101=VERTEX_POINT('',#8284);
#4102=VERTEX_POINT('',#8286);
#4103=VERTEX_POINT('',#8288);
#4104=VERTEX_POINT('',#8292);
#4105=VERTEX_POINT('',#8293);
#4106=VERTEX_POINT('',#8297);
#4107=VERTEX_POINT('',#8298);
#4108=VERTEX_POINT('',#8300);
#4109=VERTEX_POINT('',#8302);
#4110=VERTEX_POINT('',#8306);
#4111=VERTEX_POINT('',#8307);
#4112=VERTEX_POINT('',#8309);
#4113=VERTEX_POINT('',#8318);
#4114=VERTEX_POINT('',#8320);
#4115=VERTEX_POINT('',#8324);
#4116=VERTEX_POINT('',#8328);
#4117=VERTEX_POINT('',#8329);
#4118=VERTEX_POINT('',#8331);
#4119=VERTEX_POINT('',#8333);
#4120=VERTEX_POINT('',#8339);
#4121=VERTEX_POINT('',#8340);
#4122=VERTEX_POINT('',#8342);
#4123=VERTEX_POINT('',#8344);
#4124=VERTEX_POINT('',#8348);
#4125=VERTEX_POINT('',#8349);
#4126=VERTEX_POINT('',#8353);
#4127=VERTEX_POINT('',#8354);
#4128=VERTEX_POINT('',#8356);
#4129=VERTEX_POINT('',#8358);
#4130=VERTEX_POINT('',#8362);
#4131=VERTEX_POINT('',#8363);
#4132=VERTEX_POINT('',#8365);
#4133=VERTEX_POINT('',#8367);
#4134=VERTEX_POINT('',#8371);
#4135=VERTEX_POINT('',#8372);
#4136=VERTEX_POINT('',#8374);
#4137=VERTEX_POINT('',#8376);
#4138=VERTEX_POINT('',#8382);
#4139=VERTEX_POINT('',#8383);
#4140=VERTEX_POINT('',#8385);
#4141=VERTEX_POINT('',#8387);
#4142=VERTEX_POINT('',#8393);
#4143=VERTEX_POINT('',#8394);
#4144=VERTEX_POINT('',#8396);
#4145=VERTEX_POINT('',#8398);
#4146=VERTEX_POINT('',#8402);
#4147=VERTEX_POINT('',#8403);
#4148=VERTEX_POINT('',#8405);
#4149=VERTEX_POINT('',#8407);
#4150=VERTEX_POINT('',#8411);
#4151=VERTEX_POINT('',#8412);
#4152=VERTEX_POINT('',#8414);
#4153=VERTEX_POINT('',#8416);
#4154=VERTEX_POINT('',#8422);
#4155=VERTEX_POINT('',#8423);
#4156=VERTEX_POINT('',#8425);
#4157=VERTEX_POINT('',#8427);
#4158=VERTEX_POINT('',#8433);
#4159=VERTEX_POINT('',#8434);
#4160=VERTEX_POINT('',#8436);
#4161=VERTEX_POINT('',#8438);
#4162=VERTEX_POINT('',#8444);
#4163=VERTEX_POINT('',#8445);
#4164=VERTEX_POINT('',#8447);
#4165=VERTEX_POINT('',#8449);
#4166=VERTEX_POINT('',#8455);
#4167=VERTEX_POINT('',#8456);
#4168=VERTEX_POINT('',#8458);
#4169=VERTEX_POINT('',#8460);
#4170=VERTEX_POINT('',#8466);
#4171=VERTEX_POINT('',#8467);
#4172=VERTEX_POINT('',#8469);
#4173=VERTEX_POINT('',#8471);
#4174=VERTEX_POINT('',#8477);
#4175=VERTEX_POINT('',#8478);
#4176=VERTEX_POINT('',#8480);
#4177=VERTEX_POINT('',#8482);
#4178=VERTEX_POINT('',#8488);
#4179=VERTEX_POINT('',#8490);
#4180=VERTEX_POINT('',#8494);
#4181=VERTEX_POINT('',#8496);
#4182=VERTEX_POINT('',#8518);
#4183=VERTEX_POINT('',#8523);
#4184=VERTEX_POINT('',#8531);
#4185=VERTEX_POINT('',#8541);
#4186=VERTEX_POINT('',#8631);
#4187=VERTEX_POINT('',#8633);
#4188=VERTEX_POINT('',#8640);
#4189=VERTEX_POINT('',#8642);
#4190=VERTEX_POINT('',#8646);
#4191=VERTEX_POINT('',#8648);
#4192=VERTEX_POINT('',#8657);
#4193=VERTEX_POINT('',#8659);
#4194=VERTEX_POINT('',#8663);
#4195=VERTEX_POINT('',#8665);
#4196=VERTEX_POINT('',#8672);
#4197=VERTEX_POINT('',#8674);
#4198=VERTEX_POINT('',#8698);
#4199=VERTEX_POINT('',#8700);
#4200=VERTEX_POINT('',#8715);
#4201=VERTEX_POINT('',#8718);
#4202=VERTEX_POINT('',#8764);
#4203=VERTEX_POINT('',#8766);
#4204=VERTEX_POINT('',#8769);
#4205=VERTEX_POINT('',#8771);
#4206=VERTEX_POINT('',#8780);
#4207=VERTEX_POINT('',#8784);
#4208=VERTEX_POINT('',#8790);
#4209=VERTEX_POINT('',#8799);
#4210=VERTEX_POINT('',#8820);
#4211=VERTEX_POINT('',#8823);
#4212=EDGE_CURVE('NONE',#3712,#3713,#4962,.T.);
#4213=EDGE_CURVE('NONE',#3714,#3712,#1298,.T.);
#4214=EDGE_CURVE('NONE',#3715,#3714,#4963,.T.);
#4215=EDGE_CURVE('NONE',#3713,#3715,#1299,.T.);
#4216=EDGE_CURVE('NONE',#3716,#3717,#4964,.T.);
#4217=EDGE_CURVE('NONE',#3718,#3716,#1300,.T.);
#4218=EDGE_CURVE('NONE',#3719,#3718,#4965,.T.);
#4219=EDGE_CURVE('NONE',#3717,#3719,#1301,.T.);
#4220=EDGE_CURVE('NONE',#3720,#3721,#4966,.T.);
#4221=EDGE_CURVE('NONE',#3722,#3720,#1302,.T.);
#4222=EDGE_CURVE('NONE',#3723,#3722,#4967,.T.);
#4223=EDGE_CURVE('NONE',#3721,#3723,#1303,.T.);
#4224=EDGE_CURVE('NONE',#3724,#3725,#4968,.T.);
#4225=EDGE_CURVE('NONE',#3726,#3724,#1304,.T.);
#4226=EDGE_CURVE('NONE',#3727,#3726,#4969,.T.);
#4227=EDGE_CURVE('NONE',#3725,#3727,#1305,.T.);
#4228=EDGE_CURVE('NONE',#3728,#3729,#4970,.T.);
#4229=EDGE_CURVE('NONE',#3730,#3728,#1306,.T.);
#4230=EDGE_CURVE('NONE',#3731,#3730,#4971,.T.);
#4231=EDGE_CURVE('NONE',#3729,#3731,#1307,.T.);
#4232=EDGE_CURVE('NONE',#3732,#3733,#4972,.T.);
#4233=EDGE_CURVE('NONE',#3734,#3732,#1308,.T.);
#4234=EDGE_CURVE('NONE',#3735,#3734,#4973,.T.);
#4235=EDGE_CURVE('NONE',#3733,#3735,#1309,.T.);
#4236=EDGE_CURVE('NONE',#3736,#3737,#4974,.T.);
#4237=EDGE_CURVE('NONE',#3738,#3736,#1310,.T.);
#4238=EDGE_CURVE('NONE',#3739,#3738,#4975,.T.);
#4239=EDGE_CURVE('NONE',#3737,#3739,#1311,.T.);
#4240=EDGE_CURVE('NONE',#3740,#3741,#4976,.T.);
#4241=EDGE_CURVE('NONE',#3742,#3740,#1312,.T.);
#4242=EDGE_CURVE('NONE',#3743,#3742,#4977,.T.);
#4243=EDGE_CURVE('NONE',#3741,#3743,#1313,.T.);
#4244=EDGE_CURVE('NONE',#3744,#3745,#4978,.T.);
#4245=EDGE_CURVE('NONE',#3746,#3744,#1314,.T.);
#4246=EDGE_CURVE('NONE',#3747,#3746,#4979,.T.);
#4247=EDGE_CURVE('NONE',#3745,#3747,#1315,.T.);
#4248=EDGE_CURVE('NONE',#3748,#3749,#4980,.T.);
#4249=EDGE_CURVE('NONE',#3750,#3748,#1316,.T.);
#4250=EDGE_CURVE('NONE',#3751,#3750,#4981,.T.);
#4251=EDGE_CURVE('NONE',#3749,#3751,#1317,.T.);
#4252=EDGE_CURVE('NONE',#3752,#3753,#4982,.T.);
#4253=EDGE_CURVE('NONE',#3754,#3752,#1318,.T.);
#4254=EDGE_CURVE('NONE',#3755,#3754,#4983,.T.);
#4255=EDGE_CURVE('NONE',#3753,#3755,#1319,.T.);
#4256=EDGE_CURVE('NONE',#3756,#3757,#4984,.T.);
#4257=EDGE_CURVE('NONE',#3758,#3756,#1320,.T.);
#4258=EDGE_CURVE('NONE',#3759,#3758,#4985,.T.);
#4259=EDGE_CURVE('NONE',#3757,#3759,#1321,.T.);
#4260=EDGE_CURVE('NONE',#3760,#3761,#4986,.T.);
#4261=EDGE_CURVE('NONE',#3762,#3760,#1322,.T.);
#4262=EDGE_CURVE('NONE',#3763,#3762,#4987,.T.);
#4263=EDGE_CURVE('NONE',#3761,#3763,#1323,.T.);
#4264=EDGE_CURVE('NONE',#3764,#3765,#4988,.T.);
#4265=EDGE_CURVE('NONE',#3766,#3764,#1324,.T.);
#4266=EDGE_CURVE('NONE',#3767,#3766,#4989,.T.);
#4267=EDGE_CURVE('NONE',#3765,#3767,#1325,.T.);
#4268=EDGE_CURVE('NONE',#3768,#3769,#4990,.T.);
#4269=EDGE_CURVE('NONE',#3770,#3768,#1326,.T.);
#4270=EDGE_CURVE('NONE',#3771,#3770,#4991,.T.);
#4271=EDGE_CURVE('NONE',#3769,#3771,#1327,.T.);
#4272=EDGE_CURVE('NONE',#3772,#3773,#4992,.T.);
#4273=EDGE_CURVE('NONE',#3774,#3772,#1328,.T.);
#4274=EDGE_CURVE('NONE',#3775,#3774,#4993,.T.);
#4275=EDGE_CURVE('NONE',#3773,#3775,#1329,.T.);
#4276=EDGE_CURVE('NONE',#3776,#3777,#4994,.T.);
#4277=EDGE_CURVE('NONE',#3778,#3776,#1330,.T.);
#4278=EDGE_CURVE('NONE',#3779,#3778,#4995,.T.);
#4279=EDGE_CURVE('NONE',#3777,#3779,#1331,.T.);
#4280=EDGE_CURVE('NONE',#3780,#3781,#4996,.T.);
#4281=EDGE_CURVE('NONE',#3782,#3780,#1332,.T.);
#4282=EDGE_CURVE('NONE',#3783,#3782,#4997,.T.);
#4283=EDGE_CURVE('NONE',#3781,#3783,#1333,.T.);
#4284=EDGE_CURVE('NONE',#3784,#3785,#4998,.T.);
#4285=EDGE_CURVE('NONE',#3786,#3784,#1334,.T.);
#4286=EDGE_CURVE('NONE',#3787,#3786,#4999,.T.);
#4287=EDGE_CURVE('NONE',#3785,#3787,#1335,.T.);
#4288=EDGE_CURVE('NONE',#3788,#3789,#5000,.T.);
#4289=EDGE_CURVE('NONE',#3790,#3788,#1336,.T.);
#4290=EDGE_CURVE('NONE',#3791,#3790,#5001,.T.);
#4291=EDGE_CURVE('NONE',#3789,#3791,#1337,.T.);
#4292=EDGE_CURVE('NONE',#3792,#3793,#5002,.T.);
#4293=EDGE_CURVE('NONE',#3794,#3792,#1338,.T.);
#4294=EDGE_CURVE('NONE',#3795,#3794,#5003,.T.);
#4295=EDGE_CURVE('NONE',#3793,#3795,#1339,.T.);
#4296=EDGE_CURVE('NONE',#3796,#3797,#5004,.T.);
#4297=EDGE_CURVE('NONE',#3798,#3796,#1340,.T.);
#4298=EDGE_CURVE('NONE',#3799,#3798,#5005,.T.);
#4299=EDGE_CURVE('NONE',#3797,#3799,#1341,.T.);
#4300=EDGE_CURVE('NONE',#3800,#3801,#5006,.T.);
#4301=EDGE_CURVE('NONE',#3802,#3800,#1342,.T.);
#4302=EDGE_CURVE('NONE',#3803,#3802,#5007,.T.);
#4303=EDGE_CURVE('NONE',#3801,#3803,#1343,.T.);
#4304=EDGE_CURVE('NONE',#3804,#3805,#5008,.T.);
#4305=EDGE_CURVE('NONE',#3806,#3804,#1344,.T.);
#4306=EDGE_CURVE('NONE',#3807,#3806,#5009,.T.);
#4307=EDGE_CURVE('NONE',#3805,#3807,#1345,.T.);
#4308=EDGE_CURVE('NONE',#3808,#3809,#5010,.T.);
#4309=EDGE_CURVE('NONE',#3810,#3808,#1346,.T.);
#4310=EDGE_CURVE('NONE',#3811,#3810,#5011,.T.);
#4311=EDGE_CURVE('NONE',#3809,#3811,#1347,.T.);
#4312=EDGE_CURVE('NONE',#3812,#3813,#5012,.T.);
#4313=EDGE_CURVE('NONE',#3814,#3812,#1348,.T.);
#4314=EDGE_CURVE('NONE',#3815,#3814,#5013,.T.);
#4315=EDGE_CURVE('NONE',#3813,#3815,#1349,.T.);
#4316=EDGE_CURVE('NONE',#3816,#3817,#5014,.T.);
#4317=EDGE_CURVE('NONE',#3818,#3816,#1350,.T.);
#4318=EDGE_CURVE('NONE',#3819,#3818,#5015,.T.);
#4319=EDGE_CURVE('NONE',#3817,#3819,#1351,.T.);
#4320=EDGE_CURVE('NONE',#3820,#3821,#5016,.T.);
#4321=EDGE_CURVE('NONE',#3822,#3820,#1352,.T.);
#4322=EDGE_CURVE('NONE',#3823,#3822,#5017,.T.);
#4323=EDGE_CURVE('NONE',#3821,#3823,#1353,.T.);
#4324=EDGE_CURVE('NONE',#3824,#3825,#5018,.T.);
#4325=EDGE_CURVE('NONE',#3826,#3824,#1354,.T.);
#4326=EDGE_CURVE('NONE',#3827,#3826,#5019,.T.);
#4327=EDGE_CURVE('NONE',#3825,#3827,#1355,.T.);
#4328=EDGE_CURVE('NONE',#3828,#3829,#5020,.T.);
#4329=EDGE_CURVE('NONE',#3830,#3828,#1356,.T.);
#4330=EDGE_CURVE('NONE',#3831,#3830,#5021,.T.);
#4331=EDGE_CURVE('NONE',#3829,#3831,#1357,.T.);
#4332=EDGE_CURVE('NONE',#3832,#3833,#5022,.T.);
#4333=EDGE_CURVE('NONE',#3834,#3832,#1358,.T.);
#4334=EDGE_CURVE('NONE',#3835,#3834,#5023,.T.);
#4335=EDGE_CURVE('NONE',#3833,#3835,#1359,.T.);
#4336=EDGE_CURVE('NONE',#3836,#3837,#5024,.T.);
#4337=EDGE_CURVE('NONE',#3838,#3836,#1360,.T.);
#4338=EDGE_CURVE('NONE',#3839,#3838,#5025,.T.);
#4339=EDGE_CURVE('NONE',#3837,#3839,#1361,.T.);
#4340=EDGE_CURVE('NONE',#3840,#3841,#5026,.T.);
#4341=EDGE_CURVE('NONE',#3842,#3840,#1362,.T.);
#4342=EDGE_CURVE('NONE',#3843,#3842,#5027,.T.);
#4343=EDGE_CURVE('NONE',#3841,#3843,#1363,.T.);
#4344=EDGE_CURVE('NONE',#3844,#3845,#5028,.T.);
#4345=EDGE_CURVE('NONE',#3846,#3844,#1364,.T.);
#4346=EDGE_CURVE('NONE',#3847,#3846,#5029,.T.);
#4347=EDGE_CURVE('NONE',#3845,#3847,#1365,.T.);
#4348=EDGE_CURVE('NONE',#3848,#3849,#5030,.T.);
#4349=EDGE_CURVE('NONE',#3850,#3848,#1366,.T.);
#4350=EDGE_CURVE('NONE',#3851,#3850,#5031,.T.);
#4351=EDGE_CURVE('NONE',#3849,#3851,#1367,.T.);
#4352=EDGE_CURVE('NONE',#3852,#3853,#5032,.T.);
#4353=EDGE_CURVE('NONE',#3854,#3852,#1368,.T.);
#4354=EDGE_CURVE('NONE',#3855,#3854,#5033,.T.);
#4355=EDGE_CURVE('NONE',#3856,#3855,#1369,.T.);
#4356=EDGE_CURVE('NONE',#3857,#3856,#5034,.T.);
#4357=EDGE_CURVE('NONE',#3853,#3857,#1370,.T.);
#4358=EDGE_CURVE('NONE',#3858,#3859,#5035,.T.);
#4359=EDGE_CURVE('NONE',#3860,#3858,#1371,.T.);
#4360=EDGE_CURVE('NONE',#3861,#3860,#5036,.T.);
#4361=EDGE_CURVE('NONE',#3859,#3861,#1372,.T.);
#4362=EDGE_CURVE('NONE',#3862,#3863,#5037,.T.);
#4363=EDGE_CURVE('NONE',#3864,#3862,#1373,.T.);
#4364=EDGE_CURVE('NONE',#3865,#3864,#5038,.T.);
#4365=EDGE_CURVE('NONE',#3863,#3865,#1374,.T.);
#4366=EDGE_CURVE('NONE',#3866,#3867,#5039,.T.);
#4367=EDGE_CURVE('NONE',#3868,#3866,#1375,.T.);
#4368=EDGE_CURVE('NONE',#3869,#3868,#5040,.T.);
#4369=EDGE_CURVE('NONE',#3867,#3869,#1376,.T.);
#4370=EDGE_CURVE('NONE',#3870,#3871,#5041,.T.);
#4371=EDGE_CURVE('NONE',#3872,#3870,#1377,.T.);
#4372=EDGE_CURVE('NONE',#3873,#3872,#5042,.T.);
#4373=EDGE_CURVE('NONE',#3871,#3873,#1378,.T.);
#4374=EDGE_CURVE('NONE',#3874,#3875,#5043,.T.);
#4375=EDGE_CURVE('NONE',#3876,#3874,#1379,.T.);
#4376=EDGE_CURVE('NONE',#3877,#3876,#5044,.T.);
#4377=EDGE_CURVE('NONE',#3875,#3877,#1380,.T.);
#4378=EDGE_CURVE('NONE',#3878,#3879,#5045,.T.);
#4379=EDGE_CURVE('NONE',#3880,#3878,#1381,.T.);
#4380=EDGE_CURVE('NONE',#3881,#3880,#5046,.T.);
#4381=EDGE_CURVE('NONE',#3879,#3881,#1382,.T.);
#4382=EDGE_CURVE('NONE',#3882,#3883,#5047,.T.);
#4383=EDGE_CURVE('NONE',#3884,#3882,#1383,.T.);
#4384=EDGE_CURVE('NONE',#3885,#3884,#5048,.T.);
#4385=EDGE_CURVE('NONE',#3883,#3885,#1384,.T.);
#4386=EDGE_CURVE('NONE',#3886,#3887,#5049,.T.);
#4387=EDGE_CURVE('NONE',#3888,#3886,#1385,.T.);
#4388=EDGE_CURVE('NONE',#3889,#3888,#5050,.T.);
#4389=EDGE_CURVE('NONE',#3887,#3889,#1386,.T.);
#4390=EDGE_CURVE('NONE',#3890,#3891,#5051,.T.);
#4391=EDGE_CURVE('NONE',#3892,#3890,#1387,.T.);
#4392=EDGE_CURVE('NONE',#3893,#3892,#5052,.T.);
#4393=EDGE_CURVE('NONE',#3891,#3893,#1388,.T.);
#4394=EDGE_CURVE('NONE',#3894,#3855,#1389,.T.);
#4395=EDGE_CURVE('NONE',#3895,#3894,#1390,.T.);
#4396=EDGE_CURVE('NONE',#3856,#3895,#1391,.T.);
#4397=EDGE_CURVE('NONE',#3896,#3897,#1392,.T.);
#4398=EDGE_CURVE('NONE',#3898,#3896,#1393,.T.);
#4399=EDGE_CURVE('NONE',#3899,#3898,#1394,.T.);
#4400=EDGE_CURVE('NONE',#3897,#3899,#1395,.T.);
#4401=EDGE_CURVE('NONE',#3900,#3901,#1396,.T.);
#4402=EDGE_CURVE('NONE',#3902,#3900,#1397,.T.);
#4403=EDGE_CURVE('NONE',#3903,#3902,#1398,.T.);
#4404=EDGE_CURVE('NONE',#3901,#3903,#1399,.T.);
#4405=EDGE_CURVE('NONE',#3904,#3905,#1400,.T.);
#4406=EDGE_CURVE('NONE',#3906,#3904,#1401,.T.);
#4407=EDGE_CURVE('NONE',#3907,#3906,#1402,.T.);
#4408=EDGE_CURVE('NONE',#3905,#3907,#1403,.T.);
#4409=EDGE_CURVE('NONE',#3908,#3909,#1404,.T.);
#4410=EDGE_CURVE('NONE',#3910,#3908,#1405,.T.);
#4411=EDGE_CURVE('NONE',#3911,#3910,#1406,.T.);
#4412=EDGE_CURVE('NONE',#3909,#3911,#1407,.T.);
#4413=EDGE_CURVE('NONE',#3912,#3913,#1408,.T.);
#4414=EDGE_CURVE('NONE',#3914,#3912,#1409,.T.);
#4415=EDGE_CURVE('NONE',#3915,#3914,#1410,.T.);
#4416=EDGE_CURVE('NONE',#3913,#3915,#1411,.T.);
#4417=EDGE_CURVE('NONE',#3916,#3917,#1412,.T.);
#4418=EDGE_CURVE('NONE',#3918,#3916,#1413,.T.);
#4419=EDGE_CURVE('NONE',#3919,#3918,#1414,.T.);
#4420=EDGE_CURVE('NONE',#3917,#3919,#1415,.T.);
#4421=EDGE_CURVE('NONE',#3920,#3921,#1416,.T.);
#4422=EDGE_CURVE('NONE',#3922,#3920,#1417,.T.);
#4423=EDGE_CURVE('NONE',#3923,#3922,#1418,.T.);
#4424=EDGE_CURVE('NONE',#3921,#3923,#1419,.T.);
#4425=EDGE_CURVE('NONE',#3924,#3925,#1420,.T.);
#4426=EDGE_CURVE('NONE',#3926,#3924,#1421,.T.);
#4427=EDGE_CURVE('NONE',#3927,#3926,#1422,.T.);
#4428=EDGE_CURVE('NONE',#3925,#3927,#1423,.T.);
#4429=EDGE_CURVE('NONE',#3928,#3929,#1424,.T.);
#4430=EDGE_CURVE('NONE',#3930,#3928,#1425,.T.);
#4431=EDGE_CURVE('NONE',#3931,#3930,#1426,.T.);
#4432=EDGE_CURVE('NONE',#3929,#3931,#1427,.T.);
#4433=EDGE_CURVE('NONE',#3932,#3933,#1428,.T.);
#4434=EDGE_CURVE('NONE',#3934,#3932,#1429,.T.);
#4435=EDGE_CURVE('NONE',#3935,#3934,#1430,.T.);
#4436=EDGE_CURVE('NONE',#3933,#3935,#1431,.T.);
#4437=EDGE_CURVE('NONE',#3936,#3937,#1432,.T.);
#4438=EDGE_CURVE('NONE',#3938,#3936,#1433,.T.);
#4439=EDGE_CURVE('NONE',#3939,#3938,#1434,.T.);
#4440=EDGE_CURVE('NONE',#3937,#3939,#1435,.T.);
#4441=EDGE_CURVE('NONE',#3940,#3941,#1436,.T.);
#4442=EDGE_CURVE('NONE',#3942,#3940,#1437,.T.);
#4443=EDGE_CURVE('NONE',#3943,#3942,#1438,.T.);
#4444=EDGE_CURVE('NONE',#3941,#3943,#1439,.T.);
#4445=EDGE_CURVE('NONE',#3944,#3945,#1440,.T.);
#4446=EDGE_CURVE('NONE',#3946,#3944,#1441,.T.);
#4447=EDGE_CURVE('NONE',#3947,#3946,#1442,.T.);
#4448=EDGE_CURVE('NONE',#3945,#3947,#1443,.T.);
#4449=EDGE_CURVE('NONE',#3948,#3949,#1444,.T.);
#4450=EDGE_CURVE('NONE',#3950,#3948,#1445,.T.);
#4451=EDGE_CURVE('NONE',#3951,#3950,#1446,.T.);
#4452=EDGE_CURVE('NONE',#3949,#3951,#1447,.T.);
#4453=EDGE_CURVE('NONE',#3952,#3953,#1448,.T.);
#4454=EDGE_CURVE('NONE',#3954,#3952,#1449,.T.);
#4455=EDGE_CURVE('NONE',#3955,#3954,#1450,.T.);
#4456=EDGE_CURVE('NONE',#3953,#3955,#1451,.T.);
#4457=EDGE_CURVE('NONE',#3956,#3957,#1452,.T.);
#4458=EDGE_CURVE('NONE',#3958,#3956,#1453,.T.);
#4459=EDGE_CURVE('NONE',#3959,#3958,#1454,.T.);
#4460=EDGE_CURVE('NONE',#3957,#3959,#1455,.T.);
#4461=EDGE_CURVE('NONE',#3960,#3961,#1456,.T.);
#4462=EDGE_CURVE('NONE',#3962,#3960,#1457,.T.);
#4463=EDGE_CURVE('NONE',#3963,#3962,#1458,.T.);
#4464=EDGE_CURVE('NONE',#3961,#3963,#1459,.T.);
#4465=EDGE_CURVE('NONE',#3964,#3965,#1460,.T.);
#4466=EDGE_CURVE('NONE',#3966,#3964,#1461,.T.);
#4467=EDGE_CURVE('NONE',#3967,#3966,#1462,.T.);
#4468=EDGE_CURVE('NONE',#3965,#3967,#1463,.T.);
#4469=EDGE_CURVE('NONE',#3968,#3969,#1464,.T.);
#4470=EDGE_CURVE('NONE',#3970,#3968,#1465,.T.);
#4471=EDGE_CURVE('NONE',#3971,#3970,#1466,.T.);
#4472=EDGE_CURVE('NONE',#3969,#3971,#1467,.T.);
#4473=EDGE_CURVE('NONE',#3972,#3973,#1468,.T.);
#4474=EDGE_CURVE('NONE',#3974,#3972,#1469,.T.);
#4475=EDGE_CURVE('NONE',#3975,#3974,#1470,.T.);
#4476=EDGE_CURVE('NONE',#3973,#3975,#1471,.T.);
#4477=EDGE_CURVE('NONE',#3976,#3977,#1472,.T.);
#4478=EDGE_CURVE('NONE',#3978,#3977,#5053,.T.);
#4479=EDGE_CURVE('NONE',#3979,#3978,#1473,.T.);
#4480=EDGE_CURVE('NONE',#3979,#3976,#5054,.T.);
#4481=EDGE_CURVE('NONE',#3980,#3981,#1474,.T.);
#4482=EDGE_CURVE('NONE',#3982,#3981,#5055,.T.);
#4483=EDGE_CURVE('NONE',#3983,#3982,#1475,.T.);
#4484=EDGE_CURVE('NONE',#3983,#3980,#5056,.T.);
#4485=EDGE_CURVE('NONE',#3984,#3985,#1476,.T.);
#4486=EDGE_CURVE('NONE',#3986,#3985,#5057,.T.);
#4487=EDGE_CURVE('NONE',#3987,#3986,#1477,.T.);
#4488=EDGE_CURVE('NONE',#3984,#3987,#5058,.T.);
#4489=EDGE_CURVE('NONE',#3988,#3989,#1478,.T.);
#4490=EDGE_CURVE('NONE',#3990,#3989,#5059,.T.);
#4491=EDGE_CURVE('NONE',#3991,#3990,#1479,.T.);
#4492=EDGE_CURVE('NONE',#3991,#3988,#5060,.T.);
#4493=EDGE_CURVE('NONE',#3992,#3993,#1480,.T.);
#4494=EDGE_CURVE('NONE',#3994,#3993,#5061,.T.);
#4495=EDGE_CURVE('NONE',#3995,#3994,#1481,.T.);
#4496=EDGE_CURVE('NONE',#3992,#3995,#5062,.T.);
#4497=EDGE_CURVE('NONE',#3996,#3997,#1482,.T.);
#4498=EDGE_CURVE('NONE',#3998,#3997,#5063,.T.);
#4499=EDGE_CURVE('NONE',#3999,#3998,#1483,.T.);
#4500=EDGE_CURVE('NONE',#3996,#3999,#5064,.T.);
#4501=EDGE_CURVE('NONE',#4000,#4001,#1484,.T.);
#4502=EDGE_CURVE('NONE',#4002,#4001,#5065,.T.);
#4503=EDGE_CURVE('NONE',#4003,#4002,#1485,.T.);
#4504=EDGE_CURVE('NONE',#4003,#4000,#5066,.T.);
#4505=EDGE_CURVE('NONE',#4004,#4005,#1486,.T.);
#4506=EDGE_CURVE('NONE',#4006,#4005,#5067,.T.);
#4507=EDGE_CURVE('NONE',#4007,#4006,#1487,.T.);
#4508=EDGE_CURVE('NONE',#4004,#4007,#5068,.T.);
#4509=EDGE_CURVE('NONE',#4008,#4009,#1488,.T.);
#4510=EDGE_CURVE('NONE',#4010,#4009,#5069,.T.);
#4511=EDGE_CURVE('NONE',#4011,#4010,#1489,.T.);
#4512=EDGE_CURVE('NONE',#4011,#4008,#5070,.T.);
#4513=EDGE_CURVE('NONE',#4009,#4010,#5071,.T.);
#4514=EDGE_CURVE('NONE',#4012,#4013,#1490,.T.);
#4515=EDGE_CURVE('NONE',#4014,#4013,#5072,.T.);
#4516=EDGE_CURVE('NONE',#4015,#4014,#1491,.T.);
#4517=EDGE_CURVE('NONE',#4015,#4012,#5073,.T.);
#4518=EDGE_CURVE('NONE',#4013,#4014,#5074,.T.);
#4519=EDGE_CURVE('NONE',#4016,#4017,#1492,.T.);
#4520=EDGE_CURVE('NONE',#4018,#4017,#5075,.T.);
#4521=EDGE_CURVE('NONE',#4019,#4018,#1493,.T.);
#4522=EDGE_CURVE('NONE',#4019,#4016,#5076,.T.);
#4523=EDGE_CURVE('NONE',#4017,#4018,#5077,.T.);
#4524=EDGE_CURVE('NONE',#4020,#4021,#1494,.T.);
#4525=EDGE_CURVE('NONE',#4022,#4021,#5078,.T.);
#4526=EDGE_CURVE('NONE',#4023,#4022,#1495,.T.);
#4527=EDGE_CURVE('NONE',#4023,#4020,#5079,.T.);
#4528=EDGE_CURVE('NONE',#4021,#4022,#5080,.T.);
#4529=EDGE_CURVE('NONE',#4024,#4025,#1496,.T.);
#4530=EDGE_CURVE('NONE',#4026,#4025,#5081,.T.);
#4531=EDGE_CURVE('NONE',#4027,#4026,#1497,.T.);
#4532=EDGE_CURVE('NONE',#4027,#4024,#5082,.T.);
#4533=EDGE_CURVE('NONE',#4028,#4029,#1498,.T.);
#4534=EDGE_CURVE('NONE',#4030,#4029,#5083,.T.);
#4535=EDGE_CURVE('NONE',#4031,#4030,#1499,.T.);
#4536=EDGE_CURVE('NONE',#4031,#4028,#5084,.T.);
#4537=EDGE_CURVE('NONE',#4032,#4033,#1500,.T.);
#4538=EDGE_CURVE('NONE',#4034,#4033,#5085,.T.);
#4539=EDGE_CURVE('NONE',#4035,#4034,#1501,.T.);
#4540=EDGE_CURVE('NONE',#4035,#4032,#5086,.T.);
#4541=EDGE_CURVE('NONE',#4036,#4037,#1502,.T.);
#4542=EDGE_CURVE('NONE',#4038,#4037,#5087,.T.);
#4543=EDGE_CURVE('NONE',#4039,#4038,#1503,.T.);
#4544=EDGE_CURVE('NONE',#4039,#4036,#5088,.T.);
#4545=EDGE_CURVE('NONE',#4040,#4041,#1504,.T.);
#4546=EDGE_CURVE('NONE',#4042,#4041,#5089,.T.);
#4547=EDGE_CURVE('NONE',#4043,#4042,#1505,.T.);
#4548=EDGE_CURVE('NONE',#4043,#4040,#5090,.T.);
#4549=EDGE_CURVE('NONE',#4044,#4045,#1506,.T.);
#4550=EDGE_CURVE('NONE',#4046,#4045,#5091,.T.);
#4551=EDGE_CURVE('NONE',#4047,#4046,#1507,.T.);
#4552=EDGE_CURVE('NONE',#4047,#4044,#5092,.T.);
#4553=EDGE_CURVE('NONE',#4048,#4049,#1508,.T.);
#4554=EDGE_CURVE('NONE',#4050,#4049,#5093,.T.);
#4555=EDGE_CURVE('NONE',#4051,#4050,#1509,.T.);
#4556=EDGE_CURVE('NONE',#4051,#4048,#5094,.T.);
#4557=EDGE_CURVE('NONE',#4052,#4053,#1510,.T.);
#4558=EDGE_CURVE('NONE',#4054,#4053,#5095,.T.);
#4559=EDGE_CURVE('NONE',#4055,#4054,#1511,.T.);
#4560=EDGE_CURVE('NONE',#4055,#4052,#5096,.T.);
#4561=EDGE_CURVE('NONE',#4056,#4057,#1512,.T.);
#4562=EDGE_CURVE('NONE',#4058,#4057,#5097,.T.);
#4563=EDGE_CURVE('NONE',#4059,#4058,#1513,.T.);
#4564=EDGE_CURVE('NONE',#4059,#4056,#5098,.T.);
#4565=EDGE_CURVE('NONE',#4060,#4061,#1514,.T.);
#4566=EDGE_CURVE('NONE',#4062,#4061,#5099,.T.);
#4567=EDGE_CURVE('NONE',#4063,#4062,#1515,.T.);
#4568=EDGE_CURVE('NONE',#4063,#4060,#5100,.T.);
#4569=EDGE_CURVE('NONE',#4064,#4065,#1516,.T.);
#4570=EDGE_CURVE('NONE',#4066,#4065,#5101,.T.);
#4571=EDGE_CURVE('NONE',#4067,#4066,#1517,.T.);
#4572=EDGE_CURVE('NONE',#4067,#4064,#5102,.T.);
#4573=EDGE_CURVE('NONE',#4068,#4069,#1518,.T.);
#4574=EDGE_CURVE('NONE',#4070,#4069,#5103,.T.);
#4575=EDGE_CURVE('NONE',#4071,#4070,#1519,.T.);
#4576=EDGE_CURVE('NONE',#4071,#4068,#5104,.T.);
#4577=EDGE_CURVE('NONE',#4072,#4073,#1520,.T.);
#4578=EDGE_CURVE('NONE',#4074,#4073,#5105,.T.);
#4579=EDGE_CURVE('NONE',#4075,#4074,#1521,.T.);
#4580=EDGE_CURVE('NONE',#4075,#4072,#5106,.T.);
#4581=EDGE_CURVE('NONE',#4076,#4077,#1522,.T.);
#4582=EDGE_CURVE('NONE',#4076,#4078,#5107,.T.);
#4583=EDGE_CURVE('NONE',#4078,#4079,#1523,.T.);
#4584=EDGE_CURVE('NONE',#4079,#4077,#5108,.T.);
#4585=EDGE_CURVE('NONE',#4080,#4081,#1524,.T.);
#4586=EDGE_CURVE('NONE',#4080,#4082,#5109,.T.);
#4587=EDGE_CURVE('NONE',#4082,#4083,#1525,.T.);
#4588=EDGE_CURVE('NONE',#4083,#4081,#5110,.T.);
#4589=EDGE_CURVE('NONE',#4084,#4085,#1526,.T.);
#4590=EDGE_CURVE('NONE',#4084,#4086,#5111,.T.);
#4591=EDGE_CURVE('NONE',#4086,#4087,#1527,.T.);
#4592=EDGE_CURVE('NONE',#4087,#4085,#5112,.T.);
#4593=EDGE_CURVE('NONE',#4088,#4089,#1528,.T.);
#4594=EDGE_CURVE('NONE',#4088,#4090,#5113,.T.);
#4595=EDGE_CURVE('NONE',#4090,#4091,#1529,.T.);
#4596=EDGE_CURVE('NONE',#4091,#4089,#5114,.T.);
#4597=EDGE_CURVE('NONE',#4092,#4093,#1530,.T.);
#4598=EDGE_CURVE('NONE',#4092,#4094,#5115,.T.);
#4599=EDGE_CURVE('NONE',#4094,#4095,#1531,.T.);
#4600=EDGE_CURVE('NONE',#4095,#4093,#5116,.T.);
#4601=EDGE_CURVE('NONE',#4096,#4097,#1532,.T.);
#4602=EDGE_CURVE('NONE',#4096,#4098,#5117,.T.);
#4603=EDGE_CURVE('NONE',#4098,#4099,#1533,.T.);
#4604=EDGE_CURVE('NONE',#4099,#4097,#5118,.T.);
#4605=EDGE_CURVE('NONE',#4100,#4101,#1534,.T.);
#4606=EDGE_CURVE('NONE',#4102,#4101,#5119,.T.);
#4607=EDGE_CURVE('NONE',#4103,#4102,#1535,.T.);
#4608=EDGE_CURVE('NONE',#4103,#4100,#5120,.T.);
#4609=EDGE_CURVE('NONE',#4104,#4105,#5121,.T.);
#4610=EDGE_CURVE('NONE',#4104,#4105,#1536,.T.);
#4611=EDGE_CURVE('NONE',#4106,#4107,#1537,.T.);
#4612=EDGE_CURVE('NONE',#4108,#4107,#5122,.T.);
#4613=EDGE_CURVE('NONE',#4109,#4108,#1538,.T.);
#4614=EDGE_CURVE('NONE',#4109,#4106,#5123,.T.);
#4615=EDGE_CURVE('NONE',#4110,#4111,#1539,.T.);
#4616=EDGE_CURVE('NONE',#4112,#4111,#5124,.T.);
#4617=EDGE_CURVE('NONE',#4112,#4113,#140,.T.);
#4618=EDGE_CURVE('NONE',#4114,#4113,#1540,.T.);
#4619=EDGE_CURVE('NONE',#4114,#4110,#5125,.T.);
#4620=EDGE_CURVE('NONE',#4111,#4115,#5126,.T.);
#4621=EDGE_CURVE('NONE',#4115,#4112,#1541,.T.);
#4622=EDGE_CURVE('NONE',#4116,#4117,#1542,.T.);
#4623=EDGE_CURVE('NONE',#4118,#4117,#5127,.T.);
#4624=EDGE_CURVE('NONE',#4119,#4118,#1543,.T.);
#4625=EDGE_CURVE('NONE',#4119,#4116,#5128,.T.);
#4626=EDGE_CURVE('NONE',#4117,#4118,#5129,.T.);
#4627=EDGE_CURVE('NONE',#4120,#4121,#1544,.T.);
#4628=EDGE_CURVE('NONE',#4122,#4120,#5130,.T.);
#4629=EDGE_CURVE('NONE',#4122,#4123,#1545,.T.);
#4630=EDGE_CURVE('NONE',#4123,#4121,#5131,.T.);
#4631=EDGE_CURVE('NONE',#4124,#4125,#1546,.T.);
#4632=EDGE_CURVE('NONE',#4125,#4124,#5132,.T.);
#4633=EDGE_CURVE('NONE',#4126,#4127,#1547,.T.);
#4634=EDGE_CURVE('NONE',#4127,#4128,#5133,.T.);
#4635=EDGE_CURVE('NONE',#4129,#4128,#1548,.T.);
#4636=EDGE_CURVE('NONE',#4129,#4126,#5134,.T.);
#4637=EDGE_CURVE('NONE',#4130,#4131,#1549,.T.);
#4638=EDGE_CURVE('NONE',#4131,#4132,#5135,.T.);
#4639=EDGE_CURVE('NONE',#4133,#4132,#1550,.T.);
#4640=EDGE_CURVE('NONE',#4133,#4130,#5136,.T.);
#4641=EDGE_CURVE('NONE',#4134,#4135,#1551,.T.);
#4642=EDGE_CURVE('NONE',#4136,#4134,#5137,.T.);
#4643=EDGE_CURVE('NONE',#4136,#4137,#1552,.T.);
#4644=EDGE_CURVE('NONE',#4137,#4135,#5138,.T.);
#4645=EDGE_CURVE('NONE',#4134,#4136,#5139,.T.);
#4646=EDGE_CURVE('NONE',#4138,#4139,#1553,.T.);
#4647=EDGE_CURVE('NONE',#4140,#4138,#5140,.T.);
#4648=EDGE_CURVE('NONE',#4140,#4141,#1554,.T.);
#4649=EDGE_CURVE('NONE',#4141,#4139,#5141,.T.);
#4650=EDGE_CURVE('NONE',#4138,#4140,#5142,.T.);
#4651=EDGE_CURVE('NONE',#4142,#4143,#1555,.T.);
#4652=EDGE_CURVE('NONE',#4144,#4143,#5143,.T.);
#4653=EDGE_CURVE('NONE',#4145,#4144,#1556,.T.);
#4654=EDGE_CURVE('NONE',#4145,#4142,#5144,.T.);
#4655=EDGE_CURVE('NONE',#4146,#4147,#1557,.T.);
#4656=EDGE_CURVE('NONE',#4148,#4147,#5145,.T.);
#4657=EDGE_CURVE('NONE',#4149,#4148,#1558,.T.);
#4658=EDGE_CURVE('NONE',#4149,#4146,#5146,.T.);
#4659=EDGE_CURVE('NONE',#4150,#4151,#1559,.T.);
#4660=EDGE_CURVE('NONE',#4152,#4150,#5147,.T.);
#4661=EDGE_CURVE('NONE',#4152,#4153,#1560,.T.);
#4662=EDGE_CURVE('NONE',#4153,#4151,#5148,.T.);
#4663=EDGE_CURVE('NONE',#4150,#4152,#5149,.T.);
#4664=EDGE_CURVE('NONE',#4154,#4155,#1561,.T.);
#4665=EDGE_CURVE('NONE',#4156,#4154,#5150,.T.);
#4666=EDGE_CURVE('NONE',#4156,#4157,#1562,.T.);
#4667=EDGE_CURVE('NONE',#4157,#4155,#5151,.T.);
#4668=EDGE_CURVE('NONE',#4154,#4156,#5152,.T.);
#4669=EDGE_CURVE('NONE',#4158,#4159,#1563,.T.);
#4670=EDGE_CURVE('NONE',#4160,#4158,#5153,.T.);
#4671=EDGE_CURVE('NONE',#4160,#4161,#1564,.T.);
#4672=EDGE_CURVE('NONE',#4161,#4159,#5154,.T.);
#4673=EDGE_CURVE('NONE',#4158,#4160,#5155,.T.);
#4674=EDGE_CURVE('NONE',#4162,#4163,#1565,.T.);
#4675=EDGE_CURVE('NONE',#4164,#4162,#5156,.T.);
#4676=EDGE_CURVE('NONE',#4164,#4165,#1566,.T.);
#4677=EDGE_CURVE('NONE',#4165,#4163,#5157,.T.);
#4678=EDGE_CURVE('NONE',#4162,#4164,#5158,.T.);
#4679=EDGE_CURVE('NONE',#4166,#4167,#1567,.T.);
#4680=EDGE_CURVE('NONE',#4168,#4166,#5159,.T.);
#4681=EDGE_CURVE('NONE',#4168,#4169,#1568,.T.);
#4682=EDGE_CURVE('NONE',#4169,#4167,#5160,.T.);
#4683=EDGE_CURVE('NONE',#4166,#4168,#5161,.T.);
#4684=EDGE_CURVE('NONE',#4170,#4171,#1569,.T.);
#4685=EDGE_CURVE('NONE',#4172,#4170,#5162,.T.);
#4686=EDGE_CURVE('NONE',#4172,#4173,#1570,.T.);
#4687=EDGE_CURVE('NONE',#4173,#4171,#5163,.T.);
#4688=EDGE_CURVE('NONE',#4170,#4172,#5164,.T.);
#4689=EDGE_CURVE('NONE',#4174,#4175,#1571,.T.);
#4690=EDGE_CURVE('NONE',#4176,#4174,#5165,.T.);
#4691=EDGE_CURVE('NONE',#4176,#4177,#1572,.T.);
#4692=EDGE_CURVE('NONE',#4177,#4175,#5166,.T.);
#4693=EDGE_CURVE('NONE',#4174,#4176,#5167,.T.);
#4694=EDGE_CURVE('NONE',#3805,#4178,#1573,.T.);
#4695=EDGE_CURVE('NONE',#4179,#3807,#1574,.T.);
#4696=EDGE_CURVE('NONE',#4178,#4179,#1575,.T.);
#4697=EDGE_CURVE('NONE',#4180,#3810,#1576,.T.);
#4698=EDGE_CURVE('NONE',#3808,#4181,#1577,.T.);
#4699=EDGE_CURVE('NONE',#4181,#4180,#1578,.T.);
#4700=EDGE_CURVE('NONE',#3804,#3809,#1579,.T.);
#4701=EDGE_CURVE('NONE',#4178,#4181,#1580,.T.);
#4702=EDGE_CURVE('NONE',#3887,#3878,#1581,.T.);
#4703=EDGE_CURVE('NONE',#3879,#3882,#1582,.T.);
#4704=EDGE_CURVE('NONE',#3883,#3890,#1583,.T.);
#4705=EDGE_CURVE('NONE',#3891,#3886,#1584,.T.);
#4706=EDGE_CURVE('NONE',#3893,#3888,#1585,.T.);
#4707=EDGE_CURVE('NONE',#4179,#3880,#1586,.T.);
#4708=EDGE_CURVE('NONE',#3889,#4180,#1587,.T.);
#4709=EDGE_CURVE('NONE',#3881,#3884,#1588,.T.);
#4710=EDGE_CURVE('NONE',#3885,#3892,#1589,.T.);
#4711=EDGE_CURVE('NONE',#3761,#3752,#1590,.T.);
#4712=EDGE_CURVE('NONE',#3753,#4182,#1591,.T.);
#4713=EDGE_CURVE('NONE',#4182,#3788,#1592,.T.);
#4714=EDGE_CURVE('NONE',#3789,#3784,#1593,.T.);
#4715=EDGE_CURVE('NONE',#3785,#3776,#1594,.T.);
#4716=EDGE_CURVE('NONE',#3777,#4183,#1595,.T.);
#4717=EDGE_CURVE('NONE',#4183,#3768,#1596,.T.);
#4718=EDGE_CURVE('NONE',#3769,#3760,#1597,.T.);
#4719=EDGE_CURVE('NONE',#4032,#4035,#5168,.T.);
#4720=EDGE_CURVE('NONE',#4028,#4031,#5169,.T.);
#4721=EDGE_CURVE('NONE',#4024,#4027,#5170,.T.);
#4722=EDGE_CURVE('NONE',#3755,#4184,#1598,.T.);
#4723=EDGE_CURVE('NONE',#4182,#4184,#1599,.T.);
#4724=EDGE_CURVE('NONE',#4184,#3790,#1600,.T.);
#4725=EDGE_CURVE('NONE',#3791,#3786,#1601,.T.);
#4726=EDGE_CURVE('NONE',#3787,#3778,#1602,.T.);
#4727=EDGE_CURVE('NONE',#3779,#4185,#1603,.T.);
#4728=EDGE_CURVE('NONE',#4183,#4185,#1604,.T.);
#4729=EDGE_CURVE('NONE',#4185,#3770,#1605,.T.);
#4730=EDGE_CURVE('NONE',#3771,#3762,#1606,.T.);
#4731=EDGE_CURVE('NONE',#3763,#3754,#1607,.T.);
#4732=EDGE_CURVE('NONE',#3921,#3916,#1608,.T.);
#4733=EDGE_CURVE('NONE',#3917,#3964,#1609,.T.);
#4734=EDGE_CURVE('NONE',#3965,#3928,#1610,.T.);
#4735=EDGE_CURVE('NONE',#3929,#3920,#1611,.T.);
#4736=EDGE_CURVE('NONE',#3923,#3918,#1612,.T.);
#4737=EDGE_CURVE('NONE',#3931,#3922,#1613,.T.);
#4738=EDGE_CURVE('NONE',#3967,#3930,#1614,.T.);
#4739=EDGE_CURVE('NONE',#3919,#3966,#1615,.T.);
#4740=EDGE_CURVE('NONE',#3941,#3900,#1616,.T.);
#4741=EDGE_CURVE('NONE',#3901,#3972,#1617,.T.);
#4742=EDGE_CURVE('NONE',#3973,#3932,#1618,.T.);
#4743=EDGE_CURVE('NONE',#3933,#3940,#1619,.T.);
#4744=EDGE_CURVE('NONE',#3943,#3902,#1620,.T.);
#4745=EDGE_CURVE('NONE',#3935,#3942,#1621,.T.);
#4746=EDGE_CURVE('NONE',#3975,#3934,#1622,.T.);
#4747=EDGE_CURVE('NONE',#3903,#3974,#1623,.T.);
#4748=EDGE_CURVE('NONE',#3913,#3896,#1624,.T.);
#4749=EDGE_CURVE('NONE',#3897,#3924,#1625,.T.);
#4750=EDGE_CURVE('NONE',#3925,#3936,#1626,.T.);
#4751=EDGE_CURVE('NONE',#3937,#3912,#1627,.T.);
#4752=EDGE_CURVE('NONE',#3915,#3898,#1628,.T.);
#4753=EDGE_CURVE('NONE',#3939,#3914,#1629,.T.);
#4754=EDGE_CURVE('NONE',#3927,#3938,#1630,.T.);
#4755=EDGE_CURVE('NONE',#3899,#3926,#1631,.T.);
#4756=EDGE_CURVE('NONE',#3953,#3944,#1632,.T.);
#4757=EDGE_CURVE('NONE',#3945,#3968,#1633,.T.);
#4758=EDGE_CURVE('NONE',#3969,#3960,#1634,.T.);
#4759=EDGE_CURVE('NONE',#3961,#3952,#1635,.T.);
#4760=EDGE_CURVE('NONE',#3963,#3954,#1636,.T.);
#4761=EDGE_CURVE('NONE',#3971,#3962,#1637,.T.);
#4762=EDGE_CURVE('NONE',#3947,#3970,#1638,.T.);
#4763=EDGE_CURVE('NONE',#3955,#3946,#1639,.T.);
#4764=EDGE_CURVE('NONE',#3957,#3894,#1640,.T.);
#4765=EDGE_CURVE('NONE',#3854,#3948,#1641,.T.);
#4766=EDGE_CURVE('NONE',#3949,#3908,#1642,.T.);
#4767=EDGE_CURVE('NONE',#3909,#3956,#1643,.T.);
#4768=EDGE_CURVE('NONE',#3959,#3895,#1644,.T.);
#4769=EDGE_CURVE('NONE',#3911,#3958,#1645,.T.);
#4770=EDGE_CURVE('NONE',#3951,#3910,#1646,.T.);
#4771=EDGE_CURVE('NONE',#3853,#3844,#1647,.T.);
#4772=EDGE_CURVE('NONE',#3845,#3866,#1648,.T.);
#4773=EDGE_CURVE('NONE',#3867,#3862,#1649,.T.);
#4774=EDGE_CURVE('NONE',#3863,#3852,#1650,.T.);
#4775=EDGE_CURVE('NONE',#4090,#4088,#5171,.T.);
#4776=EDGE_CURVE('NONE',#4086,#4084,#5172,.T.);
#4777=EDGE_CURVE('NONE',#4082,#4080,#5173,.T.);
#4778=EDGE_CURVE('NONE',#4078,#4076,#5174,.T.);
#4779=EDGE_CURVE('NONE',#3865,#3950,#1651,.T.);
#4780=EDGE_CURVE('NONE',#3857,#3846,#1652,.T.);
#4781=EDGE_CURVE('NONE',#3847,#3868,#1653,.T.);
#4782=EDGE_CURVE('NONE',#3869,#3864,#1654,.T.);
#4783=EDGE_CURVE('NONE',#4186,#3818,#1655,.T.);
#4784=EDGE_CURVE('NONE',#3816,#4187,#1656,.T.);
#4785=EDGE_CURVE('NONE',#4187,#4186,#1657,.T.);
#4786=EDGE_CURVE('NONE',#3819,#3758,#1658,.T.);
#4787=EDGE_CURVE('NONE',#3756,#3817,#1659,.T.);
#4788=EDGE_CURVE('NONE',#4188,#3757,#1660,.T.);
#4789=EDGE_CURVE('NONE',#3759,#4189,#1661,.T.);
#4790=EDGE_CURVE('NONE',#4188,#4189,#1662,.T.);
#4791=EDGE_CURVE('NONE',#4190,#3766,#1663,.T.);
#4792=EDGE_CURVE('NONE',#3764,#4191,#1664,.T.);
#4793=EDGE_CURVE('NONE',#4191,#4190,#1665,.T.);
#4794=EDGE_CURVE('NONE',#3832,#3765,#1666,.T.);
#4795=EDGE_CURVE('NONE',#3767,#3834,#1667,.T.);
#4796=EDGE_CURVE('NONE',#4147,#4148,#5175,.T.);
#4797=EDGE_CURVE('NONE',#4143,#4144,#5176,.T.);
#4798=EDGE_CURVE('NONE',#4192,#3833,#1668,.T.);
#4799=EDGE_CURVE('NONE',#3835,#4193,#1669,.T.);
#4800=EDGE_CURVE('NONE',#4192,#4193,#1670,.T.);
#4801=EDGE_CURVE('NONE',#4194,#3730,#1671,.T.);
#4802=EDGE_CURVE('NONE',#3728,#4195,#1672,.T.);
#4803=EDGE_CURVE('NONE',#4195,#4194,#1673,.T.);
#4804=EDGE_CURVE('NONE',#3824,#3729,#1674,.T.);
#4805=EDGE_CURVE('NONE',#3731,#3826,#1675,.T.);
#4806=EDGE_CURVE('NONE',#4196,#3825,#1676,.T.);
#4807=EDGE_CURVE('NONE',#3827,#4197,#1677,.T.);
#4808=EDGE_CURVE('NONE',#4196,#4197,#1678,.T.);
#4809=EDGE_CURVE('NONE',#3721,#3712,#1679,.T.);
#4810=EDGE_CURVE('NONE',#3713,#3836,#1680,.T.);
#4811=EDGE_CURVE('NONE',#3837,#3716,#1681,.T.);
#4812=EDGE_CURVE('NONE',#3717,#3720,#1682,.T.);
#4813=EDGE_CURVE('NONE',#3719,#3722,#1683,.T.);
#4814=EDGE_CURVE('NONE',#3794,#3874,#1684,.T.);
#4815=EDGE_CURVE('NONE',#3876,#3792,#1685,.T.);
#4816=EDGE_CURVE('NONE',#3793,#3800,#1686,.T.);
#4817=EDGE_CURVE('NONE',#3801,#3796,#1687,.T.);
#4818=EDGE_CURVE('NONE',#3797,#3877,#1688,.T.);
#4819=EDGE_CURVE('NONE',#4040,#4043,#5177,.T.);
#4820=EDGE_CURVE('NONE',#4036,#4039,#5178,.T.);
#4821=EDGE_CURVE('NONE',#3795,#3802,#1689,.T.);
#4822=EDGE_CURVE('NONE',#3803,#3798,#1690,.T.);
#4823=EDGE_CURVE('NONE',#3799,#4198,#1691,.T.);
#4824=EDGE_CURVE('NONE',#4198,#4199,#1692,.T.);
#4825=EDGE_CURVE('NONE',#4199,#3905,#1693,.T.);
#4826=EDGE_CURVE('NONE',#3907,#3875,#1694,.T.);
#4827=EDGE_CURVE('NONE',#4198,#3749,#1695,.T.);
#4828=EDGE_CURVE('NONE',#4199,#3751,#1696,.T.);
#4829=EDGE_CURVE('NONE',#3904,#3745,#1697,.T.);
#4830=EDGE_CURVE('NONE',#3906,#3747,#1698,.T.);
#4831=EDGE_CURVE('NONE',#3750,#3744,#1699,.T.);
#4832=EDGE_CURVE('NONE',#3987,#3984,#5179,.T.);
#4833=EDGE_CURVE('NONE',#3737,#3858,#1700,.T.);
#4834=EDGE_CURVE('NONE',#3739,#4200,#1701,.T.);
#4835=EDGE_CURVE('NONE',#4200,#4102,#5180,.T.);
#4836=EDGE_CURVE('NONE',#4101,#4201,#5181,.T.);
#4837=EDGE_CURVE('NONE',#4201,#3860,#1702,.T.);
#4838=EDGE_CURVE('NONE',#4107,#4108,#5182,.T.);
#4839=EDGE_CURVE('NONE',#4001,#4002,#5183,.T.);
#4840=EDGE_CURVE('NONE',#3861,#3782,#1703,.T.);
#4841=EDGE_CURVE('NONE',#3859,#3780,#1704,.T.);
#4842=EDGE_CURVE('NONE',#3851,#3738,#1705,.T.);
#4843=EDGE_CURVE('NONE',#3849,#3736,#1706,.T.);
#4844=EDGE_CURVE('NONE',#3821,#3812,#1707,.T.);
#4845=EDGE_CURVE('NONE',#3813,#3828,#1708,.T.);
#4846=EDGE_CURVE('NONE',#3829,#3870,#1709,.T.);
#4847=EDGE_CURVE('NONE',#3871,#3820,#1710,.T.);
#4848=EDGE_CURVE('NONE',#4072,#4075,#5184,.T.);
#4849=EDGE_CURVE('NONE',#4068,#4071,#5185,.T.);
#4850=EDGE_CURVE('NONE',#4064,#4067,#5186,.T.);
#4851=EDGE_CURVE('NONE',#4060,#4063,#5187,.T.);
#4852=EDGE_CURVE('NONE',#4056,#4059,#5188,.T.);
#4853=EDGE_CURVE('NONE',#4052,#4055,#5189,.T.);
#4854=EDGE_CURVE('NONE',#4048,#4051,#5190,.T.);
#4855=EDGE_CURVE('NONE',#4044,#4047,#5191,.T.);
#4856=EDGE_CURVE('NONE',#3873,#3822,#1711,.T.);
#4857=EDGE_CURVE('NONE',#3733,#3724,#1712,.T.);
#4858=EDGE_CURVE('NONE',#3725,#3772,#1713,.T.);
#4859=EDGE_CURVE('NONE',#3773,#3840,#1714,.T.);
#4860=EDGE_CURVE('NONE',#3841,#3740,#1715,.T.);
#4861=EDGE_CURVE('NONE',#3741,#3732,#1716,.T.);
#4862=EDGE_CURVE('NONE',#3743,#3734,#1717,.T.);
#4863=EDGE_CURVE('NONE',#3735,#3726,#1718,.T.);
#4864=EDGE_CURVE('NONE',#3815,#3830,#1719,.T.);
#4865=EDGE_CURVE('NONE',#3775,#3842,#1720,.T.);
#4866=EDGE_CURVE('NONE',#3715,#3838,#1721,.T.);
#4867=EDGE_CURVE('NONE',#3848,#3774,#1722,.T.);
#4868=EDGE_CURVE('NONE',#3839,#3781,#1723,.T.);
#4869=EDGE_CURVE('NONE',#3843,#3714,#1724,.T.);
#4870=EDGE_CURVE('NONE',#4186,#4202,#1725,.T.);
#4871=EDGE_CURVE('NONE',#4202,#4203,#1726,.T.);
#4872=EDGE_CURVE('NONE',#4203,#4193,#1727,.T.);
#4873=EDGE_CURVE('NONE',#4190,#4204,#1728,.T.);
#4874=EDGE_CURVE('NONE',#4204,#4205,#1729,.T.);
#4875=EDGE_CURVE('NONE',#4205,#4197,#1730,.T.);
#4876=EDGE_CURVE('NONE',#4194,#4189,#1731,.T.);
#4877=EDGE_CURVE('NONE',#4020,#4023,#5192,.T.);
#4878=EDGE_CURVE('NONE',#4016,#4019,#5193,.T.);
#4879=EDGE_CURVE('NONE',#4012,#4015,#5194,.T.);
#4880=EDGE_CURVE('NONE',#4008,#4011,#5195,.T.);
#4881=EDGE_CURVE('NONE',#4187,#4206,#1732,.T.);
#4882=EDGE_CURVE('NONE',#4206,#4202,#1733,.T.);
#4883=EDGE_CURVE('NONE',#4206,#4207,#1734,.T.);
#4884=EDGE_CURVE('NONE',#4207,#4203,#1735,.T.);
#4885=EDGE_CURVE('NONE',#4098,#4096,#5196,.T.);
#4886=EDGE_CURVE('NONE',#4094,#4092,#5197,.T.);
#4887=EDGE_CURVE('NONE',#4191,#4208,#1736,.T.);
#4888=EDGE_CURVE('NONE',#4208,#4204,#1737,.T.);
#4889=EDGE_CURVE('NONE',#4139,#4141,#5198,.T.);
#4890=EDGE_CURVE('NONE',#4135,#4137,#5199,.T.);
#4891=EDGE_CURVE('NONE',#4132,#4131,#5200,.T.);
#4892=EDGE_CURVE('NONE',#4128,#4127,#5201,.T.);
#4893=EDGE_CURVE('NONE',#4121,#4123,#5202,.T.);
#4894=EDGE_CURVE('NONE',#4208,#4209,#1738,.T.);
#4895=EDGE_CURVE('NONE',#4209,#4205,#1739,.T.);
#4896=EDGE_CURVE('NONE',#3718,#3748,#1740,.T.);
#4897=EDGE_CURVE('NONE',#3783,#3814,#1741,.T.);
#4898=EDGE_CURVE('NONE',#3746,#3823,#1742,.T.);
#4899=EDGE_CURVE('NONE',#4209,#4196,#1743,.T.);
#4900=EDGE_CURVE('NONE',#4207,#4192,#1744,.T.);
#4901=EDGE_CURVE('NONE',#4195,#4188,#1745,.T.);
#4902=EDGE_CURVE('NONE',#4116,#4119,#5203,.T.);
#4903=EDGE_CURVE('NONE',#4110,#4114,#5204,.T.);
#4904=EDGE_CURVE('NONE',#4106,#4109,#5205,.T.);
#4905=EDGE_CURVE('NONE',#4100,#4103,#5206,.T.);
#4906=EDGE_CURVE('NONE',#4000,#4003,#5207,.T.);
#4907=EDGE_CURVE('NONE',#3872,#3811,#1746,.T.);
#4908=EDGE_CURVE('NONE',#3806,#3727,#1747,.T.);
#4909=EDGE_CURVE('NONE',#3742,#4210,#1748,.T.);
#4910=EDGE_CURVE('NONE',#4125,#4210,#1749,.T.);
#4911=EDGE_CURVE('NONE',#4211,#4124,#1750,.T.);
#4912=EDGE_CURVE('NONE',#4211,#3723,#1751,.T.);
#4913=EDGE_CURVE('NONE',#3988,#3991,#5208,.T.);
#4914=EDGE_CURVE('NONE',#3980,#3983,#5209,.T.);
#4915=EDGE_CURVE('NONE',#3976,#3979,#5210,.T.);
#4916=EDGE_CURVE('NONE',#3831,#3850,#1752,.T.);
#4917=EDGE_CURVE('NONE',#4201,#4104,#1753,.T.);
#4918=EDGE_CURVE('NONE',#4105,#4200,#1754,.T.);
#4919=EDGE_CURVE('NONE',#4007,#4004,#5211,.T.);
#4920=EDGE_CURVE('NONE',#3999,#3996,#5212,.T.);
#4921=EDGE_CURVE('NONE',#3995,#3992,#5213,.T.);
#4922=EDGE_CURVE('NONE',#4126,#4129,#5214,.T.);
#4923=EDGE_CURVE('NONE',#4130,#4133,#5215,.T.);
#4924=EDGE_CURVE('NONE',#4142,#4145,#5216,.T.);
#4925=EDGE_CURVE('NONE',#4146,#4149,#5217,.T.);
#4926=EDGE_CURVE('NONE',#4211,#4122,#5218,.T.);
#4927=EDGE_CURVE('NONE',#4120,#4210,#5219,.T.);
#4928=EDGE_CURVE('NONE',#4097,#4099,#5220,.T.);
#4929=EDGE_CURVE('NONE',#4093,#4095,#5221,.T.);
#4930=EDGE_CURVE('NONE',#4077,#4079,#5222,.T.);
#4931=EDGE_CURVE('NONE',#4085,#4087,#5223,.T.);
#4932=EDGE_CURVE('NONE',#4175,#4177,#5224,.T.);
#4933=EDGE_CURVE('NONE',#4171,#4173,#5225,.T.);
#4934=EDGE_CURVE('NONE',#4167,#4169,#5226,.T.);
#4935=EDGE_CURVE('NONE',#4163,#4165,#5227,.T.);
#4936=EDGE_CURVE('NONE',#4159,#4161,#5228,.T.);
#4937=EDGE_CURVE('NONE',#4155,#4157,#5229,.T.);
#4938=EDGE_CURVE('NONE',#4151,#4153,#5230,.T.);
#4939=EDGE_CURVE('NONE',#4089,#4091,#5231,.T.);
#4940=EDGE_CURVE('NONE',#4081,#4083,#5232,.T.);
#4941=EDGE_CURVE('NONE',#4073,#4074,#5233,.T.);
#4942=EDGE_CURVE('NONE',#4069,#4070,#5234,.T.);
#4943=EDGE_CURVE('NONE',#4065,#4066,#5235,.T.);
#4944=EDGE_CURVE('NONE',#4061,#4062,#5236,.T.);
#4945=EDGE_CURVE('NONE',#4057,#4058,#5237,.T.);
#4946=EDGE_CURVE('NONE',#4053,#4054,#5238,.T.);
#4947=EDGE_CURVE('NONE',#4049,#4050,#5239,.T.);
#4948=EDGE_CURVE('NONE',#4045,#4046,#5240,.T.);
#4949=EDGE_CURVE('NONE',#4041,#4042,#5241,.T.);
#4950=EDGE_CURVE('NONE',#4037,#4038,#5242,.T.);
#4951=EDGE_CURVE('NONE',#4033,#4034,#5243,.T.);
#4952=EDGE_CURVE('NONE',#4029,#4030,#5244,.T.);
#4953=EDGE_CURVE('NONE',#4025,#4026,#5245,.T.);
#4954=EDGE_CURVE('NONE',#4005,#4006,#5246,.T.);
#4955=EDGE_CURVE('NONE',#3997,#3998,#5247,.T.);
#4956=EDGE_CURVE('NONE',#3993,#3994,#5248,.T.);
#4957=EDGE_CURVE('NONE',#3989,#3990,#5249,.T.);
#4958=EDGE_CURVE('NONE',#3985,#3986,#5250,.T.);
#4959=EDGE_CURVE('NONE',#3981,#3982,#5251,.T.);
#4960=EDGE_CURVE('NONE',#3977,#3978,#5252,.T.);
#4961=EDGE_CURVE('NONE',#4113,#4115,#141,.T.);
#4962=CIRCLE('',#5254,1.49999999999999);
#4963=CIRCLE('',#5255,1.49999999999999);
#4964=CIRCLE('',#5257,1.49999999999999);
#4965=CIRCLE('',#5258,1.49999999999999);
#4966=CIRCLE('',#5260,1.5);
#4967=CIRCLE('',#5261,1.5);
#4968=CIRCLE('',#5263,1.5);
#4969=CIRCLE('',#5264,1.5);
#4970=CIRCLE('',#5266,1.5);
#4971=CIRCLE('',#5267,1.5);
#4972=CIRCLE('',#5269,1.5);
#4973=CIRCLE('',#5270,1.5);
#4974=CIRCLE('',#5272,1.5);
#4975=CIRCLE('',#5273,1.5);
#4976=CIRCLE('',#5275,1.5);
#4977=CIRCLE('',#5276,1.5);
#4978=CIRCLE('',#5278,1.5);
#4979=CIRCLE('',#5279,1.5);
#4980=CIRCLE('',#5281,1.5);
#4981=CIRCLE('',#5282,1.5);
#4982=CIRCLE('',#5284,1.5);
#4983=CIRCLE('',#5285,1.5);
#4984=CIRCLE('',#5287,1.5);
#4985=CIRCLE('',#5288,1.5);
#4986=CIRCLE('',#5290,1.5);
#4987=CIRCLE('',#5291,1.5);
#4988=CIRCLE('',#5293,1.5);
#4989=CIRCLE('',#5294,1.5);
#4990=CIRCLE('',#5296,1.5);
#4991=CIRCLE('',#5297,1.5);
#4992=CIRCLE('',#5299,1.5);
#4993=CIRCLE('',#5300,1.5);
#4994=CIRCLE('',#5302,1.5);
#4995=CIRCLE('',#5303,1.5);
#4996=CIRCLE('',#5305,1.5);
#4997=CIRCLE('',#5306,1.5);
#4998=CIRCLE('',#5308,1.5);
#4999=CIRCLE('',#5309,1.5);
#5000=CIRCLE('',#5311,1.5);
#5001=CIRCLE('',#5312,1.5);
#5002=CIRCLE('',#5314,1.5);
#5003=CIRCLE('',#5315,1.5);
#5004=CIRCLE('',#5317,1.5);
#5005=CIRCLE('',#5318,1.5);
#5006=CIRCLE('',#5320,1.5);
#5007=CIRCLE('',#5321,1.5);
#5008=CIRCLE('',#5323,1.5);
#5009=CIRCLE('',#5324,1.5);
#5010=CIRCLE('',#5326,1.5);
#5011=CIRCLE('',#5327,1.5);
#5012=CIRCLE('',#5329,1.5);
#5013=CIRCLE('',#5330,1.5);
#5014=CIRCLE('',#5332,1.5);
#5015=CIRCLE('',#5333,1.5);
#5016=CIRCLE('',#5335,1.5);
#5017=CIRCLE('',#5336,1.5);
#5018=CIRCLE('',#5338,1.5);
#5019=CIRCLE('',#5339,1.5);
#5020=CIRCLE('',#5341,1.5);
#5021=CIRCLE('',#5342,1.5);
#5022=CIRCLE('',#5344,1.5);
#5023=CIRCLE('',#5345,1.5);
#5024=CIRCLE('',#5347,1.5);
#5025=CIRCLE('',#5348,1.5);
#5026=CIRCLE('',#5350,1.5);
#5027=CIRCLE('',#5351,1.5);
#5028=CIRCLE('',#5353,1.5);
#5029=CIRCLE('',#5354,1.5);
#5030=CIRCLE('',#5356,1.5);
#5031=CIRCLE('',#5357,1.5);
#5032=CIRCLE('',#5359,1.5);
#5033=CIRCLE('',#5360,1.5);
#5034=CIRCLE('',#5361,1.5);
#5035=CIRCLE('',#5363,1.5);
#5036=CIRCLE('',#5364,1.5);
#5037=CIRCLE('',#5366,1.5);
#5038=CIRCLE('',#5367,1.5);
#5039=CIRCLE('',#5369,1.5);
#5040=CIRCLE('',#5370,1.5);
#5041=CIRCLE('',#5372,1.5);
#5042=CIRCLE('',#5373,1.5);
#5043=CIRCLE('',#5375,1.5);
#5044=CIRCLE('',#5376,1.5);
#5045=CIRCLE('',#5378,0.8);
#5046=CIRCLE('',#5379,0.8);
#5047=CIRCLE('',#5381,0.799999999999999);
#5048=CIRCLE('',#5382,0.799999999999999);
#5049=CIRCLE('',#5384,0.8);
#5050=CIRCLE('',#5385,0.8);
#5051=CIRCLE('',#5387,0.799999999999999);
#5052=CIRCLE('',#5388,0.799999999999999);
#5053=CIRCLE('',#5411,0.900000000000012);
#5054=CIRCLE('',#5412,0.900000000000012);
#5055=CIRCLE('',#5414,0.900000000000012);
#5056=CIRCLE('',#5415,0.900000000000012);
#5057=CIRCLE('',#5417,0.900000000000012);
#5058=CIRCLE('',#5418,0.900000000000012);
#5059=CIRCLE('',#5420,0.900000000000012);
#5060=CIRCLE('',#5421,0.900000000000012);
#5061=CIRCLE('',#5423,0.900000000000012);
#5062=CIRCLE('',#5424,0.900000000000012);
#5063=CIRCLE('',#5426,0.900000000000019);
#5064=CIRCLE('',#5427,0.900000000000019);
#5065=CIRCLE('',#5429,0.899999999999998);
#5066=CIRCLE('',#5430,0.899999999999998);
#5067=CIRCLE('',#5432,0.900000000000012);
#5068=CIRCLE('',#5433,0.900000000000012);
#5069=CIRCLE('',#5435,0.900000000000012);
#5070=CIRCLE('',#5436,0.900000000000012);
#5071=CIRCLE('',#5438,0.900000000000012);
#5072=CIRCLE('',#5440,0.900000000000012);
#5073=CIRCLE('',#5441,0.900000000000012);
#5074=CIRCLE('',#5443,0.900000000000012);
#5075=CIRCLE('',#5445,0.900000000000012);
#5076=CIRCLE('',#5446,0.900000000000012);
#5077=CIRCLE('',#5448,0.900000000000012);
#5078=CIRCLE('',#5450,0.900000000000014);
#5079=CIRCLE('',#5451,0.900000000000014);
#5080=CIRCLE('',#5453,0.900000000000014);
#5081=CIRCLE('',#5455,1.10000000000001);
#5082=CIRCLE('',#5456,1.10000000000002);
#5083=CIRCLE('',#5458,1.10000000000002);
#5084=CIRCLE('',#5459,1.10000000000002);
#5085=CIRCLE('',#5461,0.900000000000012);
#5086=CIRCLE('',#5462,0.900000000000012);
#5087=CIRCLE('',#5464,1.10000000000001);
#5088=CIRCLE('',#5465,1.10000000000002);
#5089=CIRCLE('',#5467,1.10000000000002);
#5090=CIRCLE('',#5468,1.10000000000002);
#5091=CIRCLE('',#5470,0.900000000000012);
#5092=CIRCLE('',#5471,0.900000000000012);
#5093=CIRCLE('',#5473,0.900000000000012);
#5094=CIRCLE('',#5474,0.900000000000012);
#5095=CIRCLE('',#5476,0.900000000000012);
#5096=CIRCLE('',#5477,0.900000000000012);
#5097=CIRCLE('',#5479,0.900000000000012);
#5098=CIRCLE('',#5480,0.900000000000012);
#5099=CIRCLE('',#5482,0.900000000000012);
#5100=CIRCLE('',#5483,0.900000000000012);
#5101=CIRCLE('',#5485,0.900000000000015);
#5102=CIRCLE('',#5486,0.900000000000019);
#5103=CIRCLE('',#5488,0.900000000000012);
#5104=CIRCLE('',#5489,0.900000000000012);
#5105=CIRCLE('',#5491,0.900000000000012);
#5106=CIRCLE('',#5492,0.900000000000012);
#5107=CIRCLE('',#5494,0.600000000000017);
#5108=CIRCLE('',#5495,0.600000000000017);
#5109=CIRCLE('',#5497,0.600000000000017);
#5110=CIRCLE('',#5498,0.600000000000017);
#5111=CIRCLE('',#5500,0.600000000000017);
#5112=CIRCLE('',#5501,0.600000000000017);
#5113=CIRCLE('',#5503,0.600000000000017);
#5114=CIRCLE('',#5504,0.600000000000017);
#5115=CIRCLE('',#5506,1.3);
#5116=CIRCLE('',#5507,1.3);
#5117=CIRCLE('',#5509,1.3);
#5118=CIRCLE('',#5510,1.3);
#5119=CIRCLE('',#5512,1.1);
#5120=CIRCLE('',#5513,1.1);
#5121=CIRCLE('',#5515,1.1);
#5122=CIRCLE('',#5517,0.900000000000015);
#5123=CIRCLE('',#5518,0.900000000000015);
#5124=CIRCLE('',#5520,0.900000000000012);
#5125=CIRCLE('',#5521,0.900000000000012);
#5126=CIRCLE('',#5523,0.900000000000012);
#5127=CIRCLE('',#5525,0.900000000000015);
#5128=CIRCLE('',#5526,0.900000000000015);
#5129=CIRCLE('',#5528,0.900000000000015);
#5130=CIRCLE('',#5530,1.1);
#5131=CIRCLE('',#5531,1.1);
#5132=CIRCLE('',#5533,1.1);
#5133=CIRCLE('',#5535,0.900000000000015);
#5134=CIRCLE('',#5536,0.900000000000015);
#5135=CIRCLE('',#5538,0.900000000000012);
#5136=CIRCLE('',#5539,0.900000000000012);
#5137=CIRCLE('',#5541,0.900000000000012);
#5138=CIRCLE('',#5542,0.900000000000012);
#5139=CIRCLE('',#5544,0.900000000000012);
#5140=CIRCLE('',#5546,0.900000000000015);
#5141=CIRCLE('',#5547,0.900000000000015);
#5142=CIRCLE('',#5549,0.900000000000015);
#5143=CIRCLE('',#5551,1.30000000000001);
#5144=CIRCLE('',#5552,1.30000000000001);
#5145=CIRCLE('',#5554,1.30000000000001);
#5146=CIRCLE('',#5555,1.30000000000001);
#5147=CIRCLE('',#5557,1.40000000000001);
#5148=CIRCLE('',#5558,1.40000000000001);
#5149=CIRCLE('',#5560,1.40000000000001);
#5150=CIRCLE('',#5562,1.40000000000001);
#5151=CIRCLE('',#5563,1.40000000000001);
#5152=CIRCLE('',#5565,1.40000000000001);
#5153=CIRCLE('',#5567,1.40000000000001);
#5154=CIRCLE('',#5568,1.40000000000001);
#5155=CIRCLE('',#5570,1.40000000000001);
#5156=CIRCLE('',#5572,1.40000000000001);
#5157=CIRCLE('',#5573,1.40000000000001);
#5158=CIRCLE('',#5575,1.40000000000001);
#5159=CIRCLE('',#5577,1.40000000000001);
#5160=CIRCLE('',#5578,1.40000000000001);
#5161=CIRCLE('',#5580,1.40000000000001);
#5162=CIRCLE('',#5582,1.40000000000001);
#5163=CIRCLE('',#5583,1.40000000000001);
#5164=CIRCLE('',#5585,1.40000000000001);
#5165=CIRCLE('',#5587,1.40000000000001);
#5166=CIRCLE('',#5588,1.40000000000001);
#5167=CIRCLE('',#5590,1.40000000000001);
#5168=CIRCLE('',#5600,0.900000000000012);
#5169=CIRCLE('',#5601,1.10000000000002);
#5170=CIRCLE('',#5602,1.10000000000002);
#5171=CIRCLE('',#5636,0.600000000000017);
#5172=CIRCLE('',#5637,0.600000000000017);
#5173=CIRCLE('',#5638,0.600000000000017);
#5174=CIRCLE('',#5639,0.600000000000017);
#5175=CIRCLE('',#5649,1.30000000000001);
#5176=CIRCLE('',#5650,1.30000000000001);
#5177=CIRCLE('',#5659,1.10000000000002);
#5178=CIRCLE('',#5660,1.10000000000002);
#5179=CIRCLE('',#5667,0.900000000000012);
#5180=CIRCLE('',#5669,1.1);
#5181=CIRCLE('',#5670,1.1);
#5182=CIRCLE('',#5671,0.900000000000015);
#5183=CIRCLE('',#5672,0.899999999999998);
#5184=CIRCLE('',#5676,0.900000000000012);
#5185=CIRCLE('',#5677,0.900000000000012);
#5186=CIRCLE('',#5678,0.900000000000019);
#5187=CIRCLE('',#5679,0.900000000000012);
#5188=CIRCLE('',#5680,0.900000000000012);
#5189=CIRCLE('',#5681,0.900000000000012);
#5190=CIRCLE('',#5682,0.900000000000012);
#5191=CIRCLE('',#5683,0.900000000000012);
#5192=CIRCLE('',#5692,0.900000000000014);
#5193=CIRCLE('',#5693,0.900000000000012);
#5194=CIRCLE('',#5694,0.900000000000012);
#5195=CIRCLE('',#5695,0.900000000000012);
#5196=CIRCLE('',#5698,1.3);
#5197=CIRCLE('',#5699,1.3);
#5198=CIRCLE('',#5701,0.900000000000015);
#5199=CIRCLE('',#5702,0.900000000000012);
#5200=CIRCLE('',#5703,0.900000000000012);
#5201=CIRCLE('',#5704,0.900000000000015);
#5202=CIRCLE('',#5705,1.1);
#5203=CIRCLE('',#5711,0.900000000000015);
#5204=CIRCLE('',#5712,0.900000000000012);
#5205=CIRCLE('',#5713,0.900000000000015);
#5206=CIRCLE('',#5714,1.1);
#5207=CIRCLE('',#5715,0.899999999999998);
#5208=CIRCLE('',#5717,0.900000000000012);
#5209=CIRCLE('',#5718,0.900000000000012);
#5210=CIRCLE('',#5719,0.900000000000012);
#5211=CIRCLE('',#5721,0.900000000000012);
#5212=CIRCLE('',#5722,0.900000000000019);
#5213=CIRCLE('',#5723,0.900000000000012);
#5214=CIRCLE('',#5725,0.900000000000015);
#5215=CIRCLE('',#5726,0.900000000000012);
#5216=CIRCLE('',#5727,1.30000000000001);
#5217=CIRCLE('',#5728,1.30000000000001);
#5218=CIRCLE('',#5729,1.1);
#5219=CIRCLE('',#5730,1.1);
#5220=CIRCLE('',#5732,1.3);
#5221=CIRCLE('',#5733,1.3);
#5222=CIRCLE('',#5735,0.600000000000017);
#5223=CIRCLE('',#5736,0.600000000000017);
#5224=CIRCLE('',#5737,1.40000000000001);
#5225=CIRCLE('',#5738,1.40000000000001);
#5226=CIRCLE('',#5739,1.40000000000001);
#5227=CIRCLE('',#5740,1.40000000000001);
#5228=CIRCLE('',#5741,1.40000000000001);
#5229=CIRCLE('',#5742,1.40000000000001);
#5230=CIRCLE('',#5743,1.40000000000001);
#5231=CIRCLE('',#5744,0.600000000000017);
#5232=CIRCLE('',#5745,0.600000000000017);
#5233=CIRCLE('',#5746,0.900000000000012);
#5234=CIRCLE('',#5747,0.900000000000012);
#5235=CIRCLE('',#5748,0.900000000000015);
#5236=CIRCLE('',#5749,0.900000000000012);
#5237=CIRCLE('',#5750,0.900000000000012);
#5238=CIRCLE('',#5751,0.900000000000012);
#5239=CIRCLE('',#5752,0.900000000000012);
#5240=CIRCLE('',#5753,0.900000000000012);
#5241=CIRCLE('',#5754,1.10000000000002);
#5242=CIRCLE('',#5755,1.10000000000001);
#5243=CIRCLE('',#5756,0.900000000000012);
#5244=CIRCLE('',#5757,1.10000000000002);
#5245=CIRCLE('',#5758,1.10000000000001);
#5246=CIRCLE('',#5759,0.900000000000012);
#5247=CIRCLE('',#5760,0.900000000000019);
#5248=CIRCLE('',#5761,0.900000000000012);
#5249=CIRCLE('',#5762,0.900000000000012);
#5250=CIRCLE('',#5763,0.900000000000012);
#5251=CIRCLE('',#5764,0.900000000000012);
#5252=CIRCLE('',#5765,0.900000000000012);
#5253=AXIS2_PLACEMENT_3D('',#7399,#5816,#5817);
#5254=AXIS2_PLACEMENT_3D('',#7400,#5818,#5819);
#5255=AXIS2_PLACEMENT_3D('',#7405,#5821,#5822);
#5256=AXIS2_PLACEMENT_3D('',#7408,#5824,#5825);
#5257=AXIS2_PLACEMENT_3D('',#7409,#5826,#5827);
#5258=AXIS2_PLACEMENT_3D('',#7414,#5829,#5830);
#5259=AXIS2_PLACEMENT_3D('',#7417,#5832,#5833);
#5260=AXIS2_PLACEMENT_3D('',#7418,#5834,#5835);
#5261=AXIS2_PLACEMENT_3D('',#7423,#5837,#5838);
#5262=AXIS2_PLACEMENT_3D('',#7426,#5840,#5841);
#5263=AXIS2_PLACEMENT_3D('',#7427,#5842,#5843);
#5264=AXIS2_PLACEMENT_3D('',#7432,#5845,#5846);
#5265=AXIS2_PLACEMENT_3D('',#7435,#5848,#5849);
#5266=AXIS2_PLACEMENT_3D('',#7436,#5850,#5851);
#5267=AXIS2_PLACEMENT_3D('',#7441,#5853,#5854);
#5268=AXIS2_PLACEMENT_3D('',#7444,#5856,#5857);
#5269=AXIS2_PLACEMENT_3D('',#7445,#5858,#5859);
#5270=AXIS2_PLACEMENT_3D('',#7450,#5861,#5862);
#5271=AXIS2_PLACEMENT_3D('',#7453,#5864,#5865);
#5272=AXIS2_PLACEMENT_3D('',#7454,#5866,#5867);
#5273=AXIS2_PLACEMENT_3D('',#7459,#5869,#5870);
#5274=AXIS2_PLACEMENT_3D('',#7462,#5872,#5873);
#5275=AXIS2_PLACEMENT_3D('',#7463,#5874,#5875);
#5276=AXIS2_PLACEMENT_3D('',#7468,#5877,#5878);
#5277=AXIS2_PLACEMENT_3D('',#7471,#5880,#5881);
#5278=AXIS2_PLACEMENT_3D('',#7472,#5882,#5883);
#5279=AXIS2_PLACEMENT_3D('',#7477,#5885,#5886);
#5280=AXIS2_PLACEMENT_3D('',#7480,#5888,#5889);
#5281=AXIS2_PLACEMENT_3D('',#7481,#5890,#5891);
#5282=AXIS2_PLACEMENT_3D('',#7486,#5893,#5894);
#5283=AXIS2_PLACEMENT_3D('',#7489,#5896,#5897);
#5284=AXIS2_PLACEMENT_3D('',#7490,#5898,#5899);
#5285=AXIS2_PLACEMENT_3D('',#7495,#5901,#5902);
#5286=AXIS2_PLACEMENT_3D('',#7498,#5904,#5905);
#5287=AXIS2_PLACEMENT_3D('',#7499,#5906,#5907);
#5288=AXIS2_PLACEMENT_3D('',#7504,#5909,#5910);
#5289=AXIS2_PLACEMENT_3D('',#7507,#5912,#5913);
#5290=AXIS2_PLACEMENT_3D('',#7508,#5914,#5915);
#5291=AXIS2_PLACEMENT_3D('',#7513,#5917,#5918);
#5292=AXIS2_PLACEMENT_3D('',#7516,#5920,#5921);
#5293=AXIS2_PLACEMENT_3D('',#7517,#5922,#5923);
#5294=AXIS2_PLACEMENT_3D('',#7522,#5925,#5926);
#5295=AXIS2_PLACEMENT_3D('',#7525,#5928,#5929);
#5296=AXIS2_PLACEMENT_3D('',#7526,#5930,#5931);
#5297=AXIS2_PLACEMENT_3D('',#7531,#5933,#5934);
#5298=AXIS2_PLACEMENT_3D('',#7534,#5936,#5937);
#5299=AXIS2_PLACEMENT_3D('',#7535,#5938,#5939);
#5300=AXIS2_PLACEMENT_3D('',#7540,#5941,#5942);
#5301=AXIS2_PLACEMENT_3D('',#7543,#5944,#5945);
#5302=AXIS2_PLACEMENT_3D('',#7544,#5946,#5947);
#5303=AXIS2_PLACEMENT_3D('',#7549,#5949,#5950);
#5304=AXIS2_PLACEMENT_3D('',#7552,#5952,#5953);
#5305=AXIS2_PLACEMENT_3D('',#7553,#5954,#5955);
#5306=AXIS2_PLACEMENT_3D('',#7558,#5957,#5958);
#5307=AXIS2_PLACEMENT_3D('',#7561,#5960,#5961);
#5308=AXIS2_PLACEMENT_3D('',#7562,#5962,#5963);
#5309=AXIS2_PLACEMENT_3D('',#7567,#5965,#5966);
#5310=AXIS2_PLACEMENT_3D('',#7570,#5968,#5969);
#5311=AXIS2_PLACEMENT_3D('',#7571,#5970,#5971);
#5312=AXIS2_PLACEMENT_3D('',#7576,#5973,#5974);
#5313=AXIS2_PLACEMENT_3D('',#7579,#5976,#5977);
#5314=AXIS2_PLACEMENT_3D('',#7580,#5978,#5979);
#5315=AXIS2_PLACEMENT_3D('',#7585,#5981,#5982);
#5316=AXIS2_PLACEMENT_3D('',#7588,#5984,#5985);
#5317=AXIS2_PLACEMENT_3D('',#7589,#5986,#5987);
#5318=AXIS2_PLACEMENT_3D('',#7594,#5989,#5990);
#5319=AXIS2_PLACEMENT_3D('',#7597,#5992,#5993);
#5320=AXIS2_PLACEMENT_3D('',#7598,#5994,#5995);
#5321=AXIS2_PLACEMENT_3D('',#7603,#5997,#5998);
#5322=AXIS2_PLACEMENT_3D('',#7606,#6000,#6001);
#5323=AXIS2_PLACEMENT_3D('',#7607,#6002,#6003);
#5324=AXIS2_PLACEMENT_3D('',#7612,#6005,#6006);
#5325=AXIS2_PLACEMENT_3D('',#7615,#6008,#6009);
#5326=AXIS2_PLACEMENT_3D('',#7616,#6010,#6011);
#5327=AXIS2_PLACEMENT_3D('',#7621,#6013,#6014);
#5328=AXIS2_PLACEMENT_3D('',#7624,#6016,#6017);
#5329=AXIS2_PLACEMENT_3D('',#7625,#6018,#6019);
#5330=AXIS2_PLACEMENT_3D('',#7630,#6021,#6022);
#5331=AXIS2_PLACEMENT_3D('',#7633,#6024,#6025);
#5332=AXIS2_PLACEMENT_3D('',#7634,#6026,#6027);
#5333=AXIS2_PLACEMENT_3D('',#7639,#6029,#6030);
#5334=AXIS2_PLACEMENT_3D('',#7642,#6032,#6033);
#5335=AXIS2_PLACEMENT_3D('',#7643,#6034,#6035);
#5336=AXIS2_PLACEMENT_3D('',#7648,#6037,#6038);
#5337=AXIS2_PLACEMENT_3D('',#7651,#6040,#6041);
#5338=AXIS2_PLACEMENT_3D('',#7652,#6042,#6043);
#5339=AXIS2_PLACEMENT_3D('',#7657,#6045,#6046);
#5340=AXIS2_PLACEMENT_3D('',#7660,#6048,#6049);
#5341=AXIS2_PLACEMENT_3D('',#7661,#6050,#6051);
#5342=AXIS2_PLACEMENT_3D('',#7666,#6053,#6054);
#5343=AXIS2_PLACEMENT_3D('',#7669,#6056,#6057);
#5344=AXIS2_PLACEMENT_3D('',#7670,#6058,#6059);
#5345=AXIS2_PLACEMENT_3D('',#7675,#6061,#6062);
#5346=AXIS2_PLACEMENT_3D('',#7678,#6064,#6065);
#5347=AXIS2_PLACEMENT_3D('',#7679,#6066,#6067);
#5348=AXIS2_PLACEMENT_3D('',#7684,#6069,#6070);
#5349=AXIS2_PLACEMENT_3D('',#7687,#6072,#6073);
#5350=AXIS2_PLACEMENT_3D('',#7688,#6074,#6075);
#5351=AXIS2_PLACEMENT_3D('',#7693,#6077,#6078);
#5352=AXIS2_PLACEMENT_3D('',#7696,#6080,#6081);
#5353=AXIS2_PLACEMENT_3D('',#7697,#6082,#6083);
#5354=AXIS2_PLACEMENT_3D('',#7702,#6085,#6086);
#5355=AXIS2_PLACEMENT_3D('',#7705,#6088,#6089);
#5356=AXIS2_PLACEMENT_3D('',#7706,#6090,#6091);
#5357=AXIS2_PLACEMENT_3D('',#7711,#6093,#6094);
#5358=AXIS2_PLACEMENT_3D('',#7714,#6096,#6097);
#5359=AXIS2_PLACEMENT_3D('',#7715,#6098,#6099);
#5360=AXIS2_PLACEMENT_3D('',#7720,#6101,#6102);
#5361=AXIS2_PLACEMENT_3D('',#7724,#6104,#6105);
#5362=AXIS2_PLACEMENT_3D('',#7727,#6107,#6108);
#5363=AXIS2_PLACEMENT_3D('',#7728,#6109,#6110);
#5364=AXIS2_PLACEMENT_3D('',#7733,#6112,#6113);
#5365=AXIS2_PLACEMENT_3D('',#7736,#6115,#6116);
#5366=AXIS2_PLACEMENT_3D('',#7737,#6117,#6118);
#5367=AXIS2_PLACEMENT_3D('',#7742,#6120,#6121);
#5368=AXIS2_PLACEMENT_3D('',#7745,#6123,#6124);
#5369=AXIS2_PLACEMENT_3D('',#7746,#6125,#6126);
#5370=AXIS2_PLACEMENT_3D('',#7751,#6128,#6129);
#5371=AXIS2_PLACEMENT_3D('',#7754,#6131,#6132);
#5372=AXIS2_PLACEMENT_3D('',#7755,#6133,#6134);
#5373=AXIS2_PLACEMENT_3D('',#7760,#6136,#6137);
#5374=AXIS2_PLACEMENT_3D('',#7763,#6139,#6140);
#5375=AXIS2_PLACEMENT_3D('',#7764,#6141,#6142);
#5376=AXIS2_PLACEMENT_3D('',#7769,#6144,#6145);
#5377=AXIS2_PLACEMENT_3D('',#7772,#6147,#6148);
#5378=AXIS2_PLACEMENT_3D('',#7773,#6149,#6150);
#5379=AXIS2_PLACEMENT_3D('',#7778,#6152,#6153);
#5380=AXIS2_PLACEMENT_3D('',#7781,#6155,#6156);
#5381=AXIS2_PLACEMENT_3D('',#7782,#6157,#6158);
#5382=AXIS2_PLACEMENT_3D('',#7787,#6160,#6161);
#5383=AXIS2_PLACEMENT_3D('',#7790,#6163,#6164);
#5384=AXIS2_PLACEMENT_3D('',#7791,#6165,#6166);
#5385=AXIS2_PLACEMENT_3D('',#7796,#6168,#6169);
#5386=AXIS2_PLACEMENT_3D('',#7799,#6171,#6172);
#5387=AXIS2_PLACEMENT_3D('',#7800,#6173,#6174);
#5388=AXIS2_PLACEMENT_3D('',#7805,#6176,#6177);
#5389=AXIS2_PLACEMENT_3D('',#7808,#6179,#6180);
#5390=AXIS2_PLACEMENT_3D('',#7814,#6184,#6185);
#5391=AXIS2_PLACEMENT_3D('',#7823,#6190,#6191);
#5392=AXIS2_PLACEMENT_3D('',#7832,#6196,#6197);
#5393=AXIS2_PLACEMENT_3D('',#7841,#6202,#6203);
#5394=AXIS2_PLACEMENT_3D('',#7850,#6208,#6209);
#5395=AXIS2_PLACEMENT_3D('',#7859,#6214,#6215);
#5396=AXIS2_PLACEMENT_3D('',#7868,#6220,#6221);
#5397=AXIS2_PLACEMENT_3D('',#7877,#6226,#6227);
#5398=AXIS2_PLACEMENT_3D('',#7886,#6232,#6233);
#5399=AXIS2_PLACEMENT_3D('',#7895,#6238,#6239);
#5400=AXIS2_PLACEMENT_3D('',#7904,#6244,#6245);
#5401=AXIS2_PLACEMENT_3D('',#7913,#6250,#6251);
#5402=AXIS2_PLACEMENT_3D('',#7922,#6256,#6257);
#5403=AXIS2_PLACEMENT_3D('',#7931,#6262,#6263);
#5404=AXIS2_PLACEMENT_3D('',#7940,#6268,#6269);
#5405=AXIS2_PLACEMENT_3D('',#7949,#6274,#6275);
#5406=AXIS2_PLACEMENT_3D('',#7958,#6280,#6281);
#5407=AXIS2_PLACEMENT_3D('',#7967,#6286,#6287);
#5408=AXIS2_PLACEMENT_3D('',#7976,#6292,#6293);
#5409=AXIS2_PLACEMENT_3D('',#7985,#6298,#6299);
#5410=AXIS2_PLACEMENT_3D('',#7994,#6304,#6305);
#5411=AXIS2_PLACEMENT_3D('',#7998,#6307,#6308);
#5412=AXIS2_PLACEMENT_3D('',#8002,#6310,#6311);
#5413=AXIS2_PLACEMENT_3D('',#8003,#6312,#6313);
#5414=AXIS2_PLACEMENT_3D('',#8007,#6315,#6316);
#5415=AXIS2_PLACEMENT_3D('',#8011,#6318,#6319);
#5416=AXIS2_PLACEMENT_3D('',#8012,#6320,#6321);
#5417=AXIS2_PLACEMENT_3D('',#8016,#6323,#6324);
#5418=AXIS2_PLACEMENT_3D('',#8020,#6326,#6327);
#5419=AXIS2_PLACEMENT_3D('',#8021,#6328,#6329);
#5420=AXIS2_PLACEMENT_3D('',#8025,#6331,#6332);
#5421=AXIS2_PLACEMENT_3D('',#8029,#6334,#6335);
#5422=AXIS2_PLACEMENT_3D('',#8030,#6336,#6337);
#5423=AXIS2_PLACEMENT_3D('',#8034,#6339,#6340);
#5424=AXIS2_PLACEMENT_3D('',#8038,#6342,#6343);
#5425=AXIS2_PLACEMENT_3D('',#8039,#6344,#6345);
#5426=AXIS2_PLACEMENT_3D('',#8043,#6347,#6348);
#5427=AXIS2_PLACEMENT_3D('',#8047,#6350,#6351);
#5428=AXIS2_PLACEMENT_3D('',#8048,#6352,#6353);
#5429=AXIS2_PLACEMENT_3D('',#8052,#6355,#6356);
#5430=AXIS2_PLACEMENT_3D('',#8056,#6358,#6359);
#5431=AXIS2_PLACEMENT_3D('',#8057,#6360,#6361);
#5432=AXIS2_PLACEMENT_3D('',#8061,#6363,#6364);
#5433=AXIS2_PLACEMENT_3D('',#8065,#6366,#6367);
#5434=AXIS2_PLACEMENT_3D('',#8066,#6368,#6369);
#5435=AXIS2_PLACEMENT_3D('',#8070,#6371,#6372);
#5436=AXIS2_PLACEMENT_3D('',#8074,#6374,#6375);
#5437=AXIS2_PLACEMENT_3D('',#8075,#6376,#6377);
#5438=AXIS2_PLACEMENT_3D('',#8076,#6378,#6379);
#5439=AXIS2_PLACEMENT_3D('',#8077,#6380,#6381);
#5440=AXIS2_PLACEMENT_3D('',#8081,#6383,#6384);
#5441=AXIS2_PLACEMENT_3D('',#8085,#6386,#6387);
#5442=AXIS2_PLACEMENT_3D('',#8086,#6388,#6389);
#5443=AXIS2_PLACEMENT_3D('',#8087,#6390,#6391);
#5444=AXIS2_PLACEMENT_3D('',#8088,#6392,#6393);
#5445=AXIS2_PLACEMENT_3D('',#8092,#6395,#6396);
#5446=AXIS2_PLACEMENT_3D('',#8096,#6398,#6399);
#5447=AXIS2_PLACEMENT_3D('',#8097,#6400,#6401);
#5448=AXIS2_PLACEMENT_3D('',#8098,#6402,#6403);
#5449=AXIS2_PLACEMENT_3D('',#8099,#6404,#6405);
#5450=AXIS2_PLACEMENT_3D('',#8103,#6407,#6408);
#5451=AXIS2_PLACEMENT_3D('',#8107,#6410,#6411);
#5452=AXIS2_PLACEMENT_3D('',#8108,#6412,#6413);
#5453=AXIS2_PLACEMENT_3D('',#8109,#6414,#6415);
#5454=AXIS2_PLACEMENT_3D('',#8110,#6416,#6417);
#5455=AXIS2_PLACEMENT_3D('',#8114,#6419,#6420);
#5456=AXIS2_PLACEMENT_3D('',#8118,#6422,#6423);
#5457=AXIS2_PLACEMENT_3D('',#8119,#6424,#6425);
#5458=AXIS2_PLACEMENT_3D('',#8123,#6427,#6428);
#5459=AXIS2_PLACEMENT_3D('',#8127,#6430,#6431);
#5460=AXIS2_PLACEMENT_3D('',#8128,#6432,#6433);
#5461=AXIS2_PLACEMENT_3D('',#8132,#6435,#6436);
#5462=AXIS2_PLACEMENT_3D('',#8136,#6438,#6439);
#5463=AXIS2_PLACEMENT_3D('',#8137,#6440,#6441);
#5464=AXIS2_PLACEMENT_3D('',#8141,#6443,#6444);
#5465=AXIS2_PLACEMENT_3D('',#8145,#6446,#6447);
#5466=AXIS2_PLACEMENT_3D('',#8146,#6448,#6449);
#5467=AXIS2_PLACEMENT_3D('',#8150,#6451,#6452);
#5468=AXIS2_PLACEMENT_3D('',#8154,#6454,#6455);
#5469=AXIS2_PLACEMENT_3D('',#8155,#6456,#6457);
#5470=AXIS2_PLACEMENT_3D('',#8159,#6459,#6460);
#5471=AXIS2_PLACEMENT_3D('',#8163,#6462,#6463);
#5472=AXIS2_PLACEMENT_3D('',#8164,#6464,#6465);
#5473=AXIS2_PLACEMENT_3D('',#8168,#6467,#6468);
#5474=AXIS2_PLACEMENT_3D('',#8172,#6470,#6471);
#5475=AXIS2_PLACEMENT_3D('',#8173,#6472,#6473);
#5476=AXIS2_PLACEMENT_3D('',#8177,#6475,#6476);
#5477=AXIS2_PLACEMENT_3D('',#8181,#6478,#6479);
#5478=AXIS2_PLACEMENT_3D('',#8182,#6480,#6481);
#5479=AXIS2_PLACEMENT_3D('',#8186,#6483,#6484);
#5480=AXIS2_PLACEMENT_3D('',#8190,#6486,#6487);
#5481=AXIS2_PLACEMENT_3D('',#8191,#6488,#6489);
#5482=AXIS2_PLACEMENT_3D('',#8195,#6491,#6492);
#5483=AXIS2_PLACEMENT_3D('',#8199,#6494,#6495);
#5484=AXIS2_PLACEMENT_3D('',#8200,#6496,#6497);
#5485=AXIS2_PLACEMENT_3D('',#8204,#6499,#6500);
#5486=AXIS2_PLACEMENT_3D('',#8208,#6502,#6503);
#5487=AXIS2_PLACEMENT_3D('',#8209,#6504,#6505);
#5488=AXIS2_PLACEMENT_3D('',#8213,#6507,#6508);
#5489=AXIS2_PLACEMENT_3D('',#8217,#6510,#6511);
#5490=AXIS2_PLACEMENT_3D('',#8218,#6512,#6513);
#5491=AXIS2_PLACEMENT_3D('',#8222,#6515,#6516);
#5492=AXIS2_PLACEMENT_3D('',#8226,#6518,#6519);
#5493=AXIS2_PLACEMENT_3D('',#8227,#6520,#6521);
#5494=AXIS2_PLACEMENT_3D('',#8231,#6523,#6524);
#5495=AXIS2_PLACEMENT_3D('',#8235,#6526,#6527);
#5496=AXIS2_PLACEMENT_3D('',#8236,#6528,#6529);
#5497=AXIS2_PLACEMENT_3D('',#8240,#6531,#6532);
#5498=AXIS2_PLACEMENT_3D('',#8244,#6534,#6535);
#5499=AXIS2_PLACEMENT_3D('',#8245,#6536,#6537);
#5500=AXIS2_PLACEMENT_3D('',#8249,#6539,#6540);
#5501=AXIS2_PLACEMENT_3D('',#8253,#6542,#6543);
#5502=AXIS2_PLACEMENT_3D('',#8254,#6544,#6545);
#5503=AXIS2_PLACEMENT_3D('',#8258,#6547,#6548);
#5504=AXIS2_PLACEMENT_3D('',#8262,#6550,#6551);
#5505=AXIS2_PLACEMENT_3D('',#8263,#6552,#6553);
#5506=AXIS2_PLACEMENT_3D('',#8267,#6555,#6556);
#5507=AXIS2_PLACEMENT_3D('',#8271,#6558,#6559);
#5508=AXIS2_PLACEMENT_3D('',#8272,#6560,#6561);
#5509=AXIS2_PLACEMENT_3D('',#8276,#6563,#6564);
#5510=AXIS2_PLACEMENT_3D('',#8280,#6566,#6567);
#5511=AXIS2_PLACEMENT_3D('',#8281,#6568,#6569);
#5512=AXIS2_PLACEMENT_3D('',#8285,#6571,#6572);
#5513=AXIS2_PLACEMENT_3D('',#8289,#6574,#6575);
#5514=AXIS2_PLACEMENT_3D('',#8290,#6576,#6577);
#5515=AXIS2_PLACEMENT_3D('',#8291,#6578,#6579);
#5516=AXIS2_PLACEMENT_3D('',#8295,#6581,#6582);
#5517=AXIS2_PLACEMENT_3D('',#8299,#6584,#6585);
#5518=AXIS2_PLACEMENT_3D('',#8303,#6587,#6588);
#5519=AXIS2_PLACEMENT_3D('',#8304,#6589,#6590);
#5520=AXIS2_PLACEMENT_3D('',#8308,#6592,#6593);
#5521=AXIS2_PLACEMENT_3D('',#8321,#6595,#6596);
#5522=AXIS2_PLACEMENT_3D('',#8322,#6597,#6598);
#5523=AXIS2_PLACEMENT_3D('',#8323,#6599,#6600);
#5524=AXIS2_PLACEMENT_3D('',#8326,#6602,#6603);
#5525=AXIS2_PLACEMENT_3D('',#8330,#6605,#6606);
#5526=AXIS2_PLACEMENT_3D('',#8334,#6608,#6609);
#5527=AXIS2_PLACEMENT_3D('',#8335,#6610,#6611);
#5528=AXIS2_PLACEMENT_3D('',#8336,#6612,#6613);
#5529=AXIS2_PLACEMENT_3D('',#8337,#6614,#6615);
#5530=AXIS2_PLACEMENT_3D('',#8341,#6617,#6618);
#5531=AXIS2_PLACEMENT_3D('',#8345,#6620,#6621);
#5532=AXIS2_PLACEMENT_3D('',#8346,#6622,#6623);
#5533=AXIS2_PLACEMENT_3D('',#8350,#6625,#6626);
#5534=AXIS2_PLACEMENT_3D('',#8351,#6627,#6628);
#5535=AXIS2_PLACEMENT_3D('',#8355,#6630,#6631);
#5536=AXIS2_PLACEMENT_3D('',#8359,#6633,#6634);
#5537=AXIS2_PLACEMENT_3D('',#8360,#6635,#6636);
#5538=AXIS2_PLACEMENT_3D('',#8364,#6638,#6639);
#5539=AXIS2_PLACEMENT_3D('',#8368,#6641,#6642);
#5540=AXIS2_PLACEMENT_3D('',#8369,#6643,#6644);
#5541=AXIS2_PLACEMENT_3D('',#8373,#6646,#6647);
#5542=AXIS2_PLACEMENT_3D('',#8377,#6649,#6650);
#5543=AXIS2_PLACEMENT_3D('',#8378,#6651,#6652);
#5544=AXIS2_PLACEMENT_3D('',#8379,#6653,#6654);
#5545=AXIS2_PLACEMENT_3D('',#8380,#6655,#6656);
#5546=AXIS2_PLACEMENT_3D('',#8384,#6658,#6659);
#5547=AXIS2_PLACEMENT_3D('',#8388,#6661,#6662);
#5548=AXIS2_PLACEMENT_3D('',#8389,#6663,#6664);
#5549=AXIS2_PLACEMENT_3D('',#8390,#6665,#6666);
#5550=AXIS2_PLACEMENT_3D('',#8391,#6667,#6668);
#5551=AXIS2_PLACEMENT_3D('',#8395,#6670,#6671);
#5552=AXIS2_PLACEMENT_3D('',#8399,#6673,#6674);
#5553=AXIS2_PLACEMENT_3D('',#8400,#6675,#6676);
#5554=AXIS2_PLACEMENT_3D('',#8404,#6678,#6679);
#5555=AXIS2_PLACEMENT_3D('',#8408,#6681,#6682);
#5556=AXIS2_PLACEMENT_3D('',#8409,#6683,#6684);
#5557=AXIS2_PLACEMENT_3D('',#8413,#6686,#6687);
#5558=AXIS2_PLACEMENT_3D('',#8417,#6689,#6690);
#5559=AXIS2_PLACEMENT_3D('',#8418,#6691,#6692);
#5560=AXIS2_PLACEMENT_3D('',#8419,#6693,#6694);
#5561=AXIS2_PLACEMENT_3D('',#8420,#6695,#6696);
#5562=AXIS2_PLACEMENT_3D('',#8424,#6698,#6699);
#5563=AXIS2_PLACEMENT_3D('',#8428,#6701,#6702);
#5564=AXIS2_PLACEMENT_3D('',#8429,#6703,#6704);
#5565=AXIS2_PLACEMENT_3D('',#8430,#6705,#6706);
#5566=AXIS2_PLACEMENT_3D('',#8431,#6707,#6708);
#5567=AXIS2_PLACEMENT_3D('',#8435,#6710,#6711);
#5568=AXIS2_PLACEMENT_3D('',#8439,#6713,#6714);
#5569=AXIS2_PLACEMENT_3D('',#8440,#6715,#6716);
#5570=AXIS2_PLACEMENT_3D('',#8441,#6717,#6718);
#5571=AXIS2_PLACEMENT_3D('',#8442,#6719,#6720);
#5572=AXIS2_PLACEMENT_3D('',#8446,#6722,#6723);
#5573=AXIS2_PLACEMENT_3D('',#8450,#6725,#6726);
#5574=AXIS2_PLACEMENT_3D('',#8451,#6727,#6728);
#5575=AXIS2_PLACEMENT_3D('',#8452,#6729,#6730);
#5576=AXIS2_PLACEMENT_3D('',#8453,#6731,#6732);
#5577=AXIS2_PLACEMENT_3D('',#8457,#6734,#6735);
#5578=AXIS2_PLACEMENT_3D('',#8461,#6737,#6738);
#5579=AXIS2_PLACEMENT_3D('',#8462,#6739,#6740);
#5580=AXIS2_PLACEMENT_3D('',#8463,#6741,#6742);
#5581=AXIS2_PLACEMENT_3D('',#8464,#6743,#6744);
#5582=AXIS2_PLACEMENT_3D('',#8468,#6746,#6747);
#5583=AXIS2_PLACEMENT_3D('',#8472,#6749,#6750);
#5584=AXIS2_PLACEMENT_3D('',#8473,#6751,#6752);
#5585=AXIS2_PLACEMENT_3D('',#8474,#6753,#6754);
#5586=AXIS2_PLACEMENT_3D('',#8475,#6755,#6756);
#5587=AXIS2_PLACEMENT_3D('',#8479,#6758,#6759);
#5588=AXIS2_PLACEMENT_3D('',#8483,#6761,#6762);
#5589=AXIS2_PLACEMENT_3D('',#8484,#6763,#6764);
#5590=AXIS2_PLACEMENT_3D('',#8485,#6765,#6766);
#5591=AXIS2_PLACEMENT_3D('',#8486,#6767,#6768);
#5592=AXIS2_PLACEMENT_3D('',#8492,#6772,#6773);
#5593=AXIS2_PLACEMENT_3D('',#8498,#6777,#6778);
#5594=AXIS2_PLACEMENT_3D('',#8501,#6781,#6782);
#5595=AXIS2_PLACEMENT_3D('',#8506,#6787,#6788);
#5596=AXIS2_PLACEMENT_3D('',#8508,#6790,#6791);
#5597=AXIS2_PLACEMENT_3D('',#8511,#6794,#6795);
#5598=AXIS2_PLACEMENT_3D('',#8513,#6797,#6798);
#5599=AXIS2_PLACEMENT_3D('',#8515,#6800,#6801);
#5600=AXIS2_PLACEMENT_3D('',#8526,#6810,#6811);
#5601=AXIS2_PLACEMENT_3D('',#8527,#6812,#6813);
#5602=AXIS2_PLACEMENT_3D('',#8528,#6814,#6815);
#5603=AXIS2_PLACEMENT_3D('',#8529,#6816,#6817);
#5604=AXIS2_PLACEMENT_3D('',#8533,#6820,#6821);
#5605=AXIS2_PLACEMENT_3D('',#8535,#6823,#6824);
#5606=AXIS2_PLACEMENT_3D('',#8537,#6826,#6827);
#5607=AXIS2_PLACEMENT_3D('',#8539,#6829,#6830);
#5608=AXIS2_PLACEMENT_3D('',#8543,#6833,#6834);
#5609=AXIS2_PLACEMENT_3D('',#8545,#6836,#6837);
#5610=AXIS2_PLACEMENT_3D('',#8547,#6839,#6840);
#5611=AXIS2_PLACEMENT_3D('',#8549,#6842,#6843);
#5612=AXIS2_PLACEMENT_3D('',#8554,#6848,#6849);
#5613=AXIS2_PLACEMENT_3D('',#8556,#6851,#6852);
#5614=AXIS2_PLACEMENT_3D('',#8558,#6854,#6855);
#5615=AXIS2_PLACEMENT_3D('',#8560,#6857,#6858);
#5616=AXIS2_PLACEMENT_3D('',#8562,#6860,#6861);
#5617=AXIS2_PLACEMENT_3D('',#8567,#6866,#6867);
#5618=AXIS2_PLACEMENT_3D('',#8569,#6869,#6870);
#5619=AXIS2_PLACEMENT_3D('',#8571,#6872,#6873);
#5620=AXIS2_PLACEMENT_3D('',#8573,#6875,#6876);
#5621=AXIS2_PLACEMENT_3D('',#8575,#6878,#6879);
#5622=AXIS2_PLACEMENT_3D('',#8580,#6884,#6885);
#5623=AXIS2_PLACEMENT_3D('',#8582,#6887,#6888);
#5624=AXIS2_PLACEMENT_3D('',#8584,#6890,#6891);
#5625=AXIS2_PLACEMENT_3D('',#8586,#6893,#6894);
#5626=AXIS2_PLACEMENT_3D('',#8588,#6896,#6897);
#5627=AXIS2_PLACEMENT_3D('',#8593,#6902,#6903);
#5628=AXIS2_PLACEMENT_3D('',#8595,#6905,#6906);
#5629=AXIS2_PLACEMENT_3D('',#8597,#6908,#6909);
#5630=AXIS2_PLACEMENT_3D('',#8599,#6911,#6912);
#5631=AXIS2_PLACEMENT_3D('',#8601,#6914,#6915);
#5632=AXIS2_PLACEMENT_3D('',#8606,#6920,#6921);
#5633=AXIS2_PLACEMENT_3D('',#8608,#6923,#6924);
#5634=AXIS2_PLACEMENT_3D('',#8610,#6926,#6927);
#5635=AXIS2_PLACEMENT_3D('',#8612,#6929,#6930);
#5636=AXIS2_PLACEMENT_3D('',#8617,#6935,#6936);
#5637=AXIS2_PLACEMENT_3D('',#8618,#6937,#6938);
#5638=AXIS2_PLACEMENT_3D('',#8619,#6939,#6940);
#5639=AXIS2_PLACEMENT_3D('',#8620,#6941,#6942);
#5640=AXIS2_PLACEMENT_3D('',#8621,#6943,#6944);
#5641=AXIS2_PLACEMENT_3D('',#8623,#6946,#6947);
#5642=AXIS2_PLACEMENT_3D('',#8625,#6949,#6950);
#5643=AXIS2_PLACEMENT_3D('',#8627,#6952,#6953);
#5644=AXIS2_PLACEMENT_3D('',#8629,#6955,#6956);
#5645=AXIS2_PLACEMENT_3D('',#8635,#6960,#6961);
#5646=AXIS2_PLACEMENT_3D('',#8638,#6964,#6965);
#5647=AXIS2_PLACEMENT_3D('',#8644,#6969,#6970);
#5648=AXIS2_PLACEMENT_3D('',#8650,#6974,#6975);
#5649=AXIS2_PLACEMENT_3D('',#8653,#6978,#6979);
#5650=AXIS2_PLACEMENT_3D('',#8654,#6980,#6981);
#5651=AXIS2_PLACEMENT_3D('',#8655,#6982,#6983);
#5652=AXIS2_PLACEMENT_3D('',#8661,#6987,#6988);
#5653=AXIS2_PLACEMENT_3D('',#8667,#6992,#6993);
#5654=AXIS2_PLACEMENT_3D('',#8670,#6996,#6997);
#5655=AXIS2_PLACEMENT_3D('',#8676,#7001,#7002);
#5656=AXIS2_PLACEMENT_3D('',#8681,#7007,#7008);
#5657=AXIS2_PLACEMENT_3D('',#8683,#7010,#7011);
#5658=AXIS2_PLACEMENT_3D('',#8686,#7014,#7015);
#5659=AXIS2_PLACEMENT_3D('',#8690,#7019,#7020);
#5660=AXIS2_PLACEMENT_3D('',#8691,#7021,#7022);
#5661=AXIS2_PLACEMENT_3D('',#8692,#7023,#7024);
#5662=AXIS2_PLACEMENT_3D('',#8694,#7026,#7027);
#5663=AXIS2_PLACEMENT_3D('',#8696,#7029,#7030);
#5664=AXIS2_PLACEMENT_3D('',#8703,#7035,#7036);
#5665=AXIS2_PLACEMENT_3D('',#8706,#7039,#7040);
#5666=AXIS2_PLACEMENT_3D('',#8709,#7043,#7044);
#5667=AXIS2_PLACEMENT_3D('',#8711,#7046,#7047);
#5668=AXIS2_PLACEMENT_3D('',#8712,#7048,#7049);
#5669=AXIS2_PLACEMENT_3D('',#8716,#7052,#7053);
#5670=AXIS2_PLACEMENT_3D('',#8717,#7054,#7055);
#5671=AXIS2_PLACEMENT_3D('',#8720,#7057,#7058);
#5672=AXIS2_PLACEMENT_3D('',#8721,#7059,#7060);
#5673=AXIS2_PLACEMENT_3D('',#8722,#7061,#7062);
#5674=AXIS2_PLACEMENT_3D('',#8725,#7065,#7066);
#5675=AXIS2_PLACEMENT_3D('',#8728,#7069,#7070);
#5676=AXIS2_PLACEMENT_3D('',#8733,#7075,#7076);
#5677=AXIS2_PLACEMENT_3D('',#8734,#7077,#7078);
#5678=AXIS2_PLACEMENT_3D('',#8735,#7079,#7080);
#5679=AXIS2_PLACEMENT_3D('',#8736,#7081,#7082);
#5680=AXIS2_PLACEMENT_3D('',#8737,#7083,#7084);
#5681=AXIS2_PLACEMENT_3D('',#8738,#7085,#7086);
#5682=AXIS2_PLACEMENT_3D('',#8739,#7087,#7088);
#5683=AXIS2_PLACEMENT_3D('',#8740,#7089,#7090);
#5684=AXIS2_PLACEMENT_3D('',#8741,#7091,#7092);
#5685=AXIS2_PLACEMENT_3D('',#8743,#7094,#7095);
#5686=AXIS2_PLACEMENT_3D('',#8749,#7101,#7102);
#5687=AXIS2_PLACEMENT_3D('',#8751,#7104,#7105);
#5688=AXIS2_PLACEMENT_3D('',#8753,#7107,#7108);
#5689=AXIS2_PLACEMENT_3D('',#8755,#7110,#7111);
#5690=AXIS2_PLACEMENT_3D('',#8757,#7113,#7114);
#5691=AXIS2_PLACEMENT_3D('',#8759,#7116,#7117);
#5692=AXIS2_PLACEMENT_3D('',#8774,#7128,#7129);
#5693=AXIS2_PLACEMENT_3D('',#8775,#7130,#7131);
#5694=AXIS2_PLACEMENT_3D('',#8776,#7132,#7133);
#5695=AXIS2_PLACEMENT_3D('',#8777,#7134,#7135);
#5696=AXIS2_PLACEMENT_3D('',#8778,#7136,#7137);
#5697=AXIS2_PLACEMENT_3D('',#8782,#7140,#7141);
#5698=AXIS2_PLACEMENT_3D('',#8786,#7144,#7145);
#5699=AXIS2_PLACEMENT_3D('',#8787,#7146,#7147);
#5700=AXIS2_PLACEMENT_3D('',#8788,#7148,#7149);
#5701=AXIS2_PLACEMENT_3D('',#8792,#7152,#7153);
#5702=AXIS2_PLACEMENT_3D('',#8793,#7154,#7155);
#5703=AXIS2_PLACEMENT_3D('',#8794,#7156,#7157);
#5704=AXIS2_PLACEMENT_3D('',#8795,#7158,#7159);
#5705=AXIS2_PLACEMENT_3D('',#8796,#7160,#7161);
#5706=AXIS2_PLACEMENT_3D('',#8797,#7162,#7163);
#5707=AXIS2_PLACEMENT_3D('',#8801,#7166,#7167);
#5708=AXIS2_PLACEMENT_3D('',#8805,#7171,#7172);
#5709=AXIS2_PLACEMENT_3D('',#8807,#7174,#7175);
#5710=AXIS2_PLACEMENT_3D('',#8809,#7177,#7178);
#5711=AXIS2_PLACEMENT_3D('',#8811,#7180,#7181);
#5712=AXIS2_PLACEMENT_3D('',#8812,#7182,#7183);
#5713=AXIS2_PLACEMENT_3D('',#8813,#7184,#7185);
#5714=AXIS2_PLACEMENT_3D('',#8814,#7186,#7187);
#5715=AXIS2_PLACEMENT_3D('',#8815,#7188,#7189);
#5716=AXIS2_PLACEMENT_3D('',#8816,#7190,#7191);
#5717=AXIS2_PLACEMENT_3D('',#8825,#7198,#7199);
#5718=AXIS2_PLACEMENT_3D('',#8826,#7200,#7201);
#5719=AXIS2_PLACEMENT_3D('',#8827,#7202,#7203);
#5720=AXIS2_PLACEMENT_3D('',#8828,#7204,#7205);
#5721=AXIS2_PLACEMENT_3D('',#8832,#7209,#7210);
#5722=AXIS2_PLACEMENT_3D('',#8833,#7211,#7212);
#5723=AXIS2_PLACEMENT_3D('',#8834,#7213,#7214);
#5724=AXIS2_PLACEMENT_3D('',#8835,#7215,#7216);
#5725=AXIS2_PLACEMENT_3D('',#8836,#7217,#7218);
#5726=AXIS2_PLACEMENT_3D('',#8837,#7219,#7220);
#5727=AXIS2_PLACEMENT_3D('',#8838,#7221,#7222);
#5728=AXIS2_PLACEMENT_3D('',#8839,#7223,#7224);
#5729=AXIS2_PLACEMENT_3D('',#8840,#7225,#7226);
#5730=AXIS2_PLACEMENT_3D('',#8841,#7227,#7228);
#5731=AXIS2_PLACEMENT_3D('',#8842,#7229,#7230);
#5732=AXIS2_PLACEMENT_3D('',#8843,#7231,#7232);
#5733=AXIS2_PLACEMENT_3D('',#8844,#7233,#7234);
#5734=AXIS2_PLACEMENT_3D('',#8845,#7235,#7236);
#5735=AXIS2_PLACEMENT_3D('',#8846,#7237,#7238);
#5736=AXIS2_PLACEMENT_3D('',#8847,#7239,#7240);
#5737=AXIS2_PLACEMENT_3D('',#8848,#7241,#7242);
#5738=AXIS2_PLACEMENT_3D('',#8849,#7243,#7244);
#5739=AXIS2_PLACEMENT_3D('',#8850,#7245,#7246);
#5740=AXIS2_PLACEMENT_3D('',#8851,#7247,#7248);
#5741=AXIS2_PLACEMENT_3D('',#8852,#7249,#7250);
#5742=AXIS2_PLACEMENT_3D('',#8853,#7251,#7252);
#5743=AXIS2_PLACEMENT_3D('',#8854,#7253,#7254);
#5744=AXIS2_PLACEMENT_3D('',#8855,#7255,#7256);
#5745=AXIS2_PLACEMENT_3D('',#8856,#7257,#7258);
#5746=AXIS2_PLACEMENT_3D('',#8857,#7259,#7260);
#5747=AXIS2_PLACEMENT_3D('',#8858,#7261,#7262);
#5748=AXIS2_PLACEMENT_3D('',#8859,#7263,#7264);
#5749=AXIS2_PLACEMENT_3D('',#8860,#7265,#7266);
#5750=AXIS2_PLACEMENT_3D('',#8861,#7267,#7268);
#5751=AXIS2_PLACEMENT_3D('',#8862,#7269,#7270);
#5752=AXIS2_PLACEMENT_3D('',#8863,#7271,#7272);
#5753=AXIS2_PLACEMENT_3D('',#8864,#7273,#7274);
#5754=AXIS2_PLACEMENT_3D('',#8865,#7275,#7276);
#5755=AXIS2_PLACEMENT_3D('',#8866,#7277,#7278);
#5756=AXIS2_PLACEMENT_3D('',#8867,#7279,#7280);
#5757=AXIS2_PLACEMENT_3D('',#8868,#7281,#7282);
#5758=AXIS2_PLACEMENT_3D('',#8869,#7283,#7284);
#5759=AXIS2_PLACEMENT_3D('',#8870,#7285,#7286);
#5760=AXIS2_PLACEMENT_3D('',#8871,#7287,#7288);
#5761=AXIS2_PLACEMENT_3D('',#8872,#7289,#7290);
#5762=AXIS2_PLACEMENT_3D('',#8873,#7291,#7292);
#5763=AXIS2_PLACEMENT_3D('',#8874,#7293,#7294);
#5764=AXIS2_PLACEMENT_3D('',#8875,#7295,#7296);
#5765=AXIS2_PLACEMENT_3D('',#8876,#7297,#7298);
#5766=AXIS2_PLACEMENT_3D('',#8877,#7299,#7300);
#5767=AXIS2_PLACEMENT_3D('',#8878,#7301,#7302);
#5768=AXIS2_PLACEMENT_3D('',#8879,#7303,#7304);
#5769=AXIS2_PLACEMENT_3D('',#8880,#7305,#7306);
#5770=AXIS2_PLACEMENT_3D('',#8881,#7307,#7308);
#5771=AXIS2_PLACEMENT_3D('',#8882,#7309,#7310);
#5772=AXIS2_PLACEMENT_3D('',#8883,#7311,#7312);
#5773=AXIS2_PLACEMENT_3D('',#8884,#7313,#7314);
#5774=AXIS2_PLACEMENT_3D('',#8885,#7315,#7316);
#5775=AXIS2_PLACEMENT_3D('',#8886,#7317,#7318);
#5776=AXIS2_PLACEMENT_3D('',#8887,#7319,#7320);
#5777=AXIS2_PLACEMENT_3D('',#8888,#7321,#7322);
#5778=AXIS2_PLACEMENT_3D('',#8889,#7323,#7324);
#5779=AXIS2_PLACEMENT_3D('',#8890,#7325,#7326);
#5780=AXIS2_PLACEMENT_3D('',#8891,#7327,#7328);
#5781=AXIS2_PLACEMENT_3D('',#8892,#7329,#7330);
#5782=AXIS2_PLACEMENT_3D('',#8899,#7331,#7332);
#5783=AXIS2_PLACEMENT_3D('',#8900,#7333,#7334);
#5784=AXIS2_PLACEMENT_3D('',#8901,#7335,#7336);
#5785=AXIS2_PLACEMENT_3D('',#8902,#7337,#7338);
#5786=AXIS2_PLACEMENT_3D('',#8903,#7339,#7340);
#5787=AXIS2_PLACEMENT_3D('',#8904,#7341,#7342);
#5788=AXIS2_PLACEMENT_3D('',#8905,#7343,#7344);
#5789=AXIS2_PLACEMENT_3D('',#8906,#7345,#7346);
#5790=AXIS2_PLACEMENT_3D('',#8907,#7347,#7348);
#5791=AXIS2_PLACEMENT_3D('',#8908,#7349,#7350);
#5792=AXIS2_PLACEMENT_3D('',#8909,#7351,#7352);
#5793=AXIS2_PLACEMENT_3D('',#8910,#7353,#7354);
#5794=AXIS2_PLACEMENT_3D('',#8911,#7355,#7356);
#5795=AXIS2_PLACEMENT_3D('',#8912,#7357,#7358);
#5796=AXIS2_PLACEMENT_3D('',#8913,#7359,#7360);
#5797=AXIS2_PLACEMENT_3D('',#8914,#7361,#7362);
#5798=AXIS2_PLACEMENT_3D('',#8915,#7363,#7364);
#5799=AXIS2_PLACEMENT_3D('',#8916,#7365,#7366);
#5800=AXIS2_PLACEMENT_3D('',#8917,#7367,#7368);
#5801=AXIS2_PLACEMENT_3D('',#8918,#7369,#7370);
#5802=AXIS2_PLACEMENT_3D('',#8919,#7371,#7372);
#5803=AXIS2_PLACEMENT_3D('',#8920,#7373,#7374);
#5804=AXIS2_PLACEMENT_3D('',#8921,#7375,#7376);
#5805=AXIS2_PLACEMENT_3D('',#8922,#7377,#7378);
#5806=AXIS2_PLACEMENT_3D('',#8923,#7379,#7380);
#5807=AXIS2_PLACEMENT_3D('',#8924,#7381,#7382);
#5808=AXIS2_PLACEMENT_3D('',#8925,#7383,#7384);
#5809=AXIS2_PLACEMENT_3D('',#8926,#7385,#7386);
#5810=AXIS2_PLACEMENT_3D('',#8927,#7387,#7388);
#5811=AXIS2_PLACEMENT_3D('',#8928,#7389,#7390);
#5812=AXIS2_PLACEMENT_3D('',#8929,#7391,#7392);
#5813=AXIS2_PLACEMENT_3D('',#8930,#7393,#7394);
#5814=AXIS2_PLACEMENT_3D('',#8931,#7395,#7396);
#5815=AXIS2_PLACEMENT_3D('',#8932,#7397,#7398);
#5816=DIRECTION('',(0.,0.,1.));
#5817=DIRECTION('',(1.,0.,0.));
#5818=DIRECTION('',(0.,1.,0.));
#5819=DIRECTION('',(0.,0.,1.));
#5820=DIRECTION('',(0.,-1.,0.));
#5821=DIRECTION('',(0.,-1.,0.));
#5822=DIRECTION('',(3.70074341541722E-14,0.,1.));
#5823=DIRECTION('',(0.,1.,0.));
#5824=DIRECTION('',(0.,-1.,0.));
#5825=DIRECTION('',(0.,0.,-1.));
#5826=DIRECTION('',(0.,-1.,0.));
#5827=DIRECTION('',(1.85037170770861E-14,0.,1.));
#5828=DIRECTION('',(0.,1.,0.));
#5829=DIRECTION('',(0.,1.,0.));
#5830=DIRECTION('',(0.,0.,1.));
#5831=DIRECTION('',(0.,-1.,0.));
#5832=DIRECTION('',(0.,1.,0.));
#5833=DIRECTION('',(0.,0.,1.));
#5834=DIRECTION('',(0.,-1.,0.));
#5835=DIRECTION('',(3.70074341541719E-14,0.,1.));
#5836=DIRECTION('',(0.,1.,0.));
#5837=DIRECTION('',(0.,1.,0.));
#5838=DIRECTION('',(0.,0.,1.));
#5839=DIRECTION('',(0.,-1.,0.));
#5840=DIRECTION('',(0.,1.,0.));
#5841=DIRECTION('',(0.,0.,1.));
#5842=DIRECTION('',(0.,1.,0.));
#5843=DIRECTION('',(0.,0.,1.));
#5844=DIRECTION('',(0.,-1.,0.));
#5845=DIRECTION('',(0.,-1.,0.));
#5846=DIRECTION('',(0.,0.,1.));
#5847=DIRECTION('',(0.,1.,0.));
#5848=DIRECTION('',(0.,-1.,0.));
#5849=DIRECTION('',(0.,0.,-1.));
#5850=DIRECTION('',(0.,1.,0.));
#5851=DIRECTION('',(0.,0.,1.));
#5852=DIRECTION('',(0.,-1.,0.));
#5853=DIRECTION('',(0.,-1.,0.));
#5854=DIRECTION('',(0.,0.,1.));
#5855=DIRECTION('',(0.,1.,0.));
#5856=DIRECTION('',(0.,-1.,0.));
#5857=DIRECTION('',(0.,0.,-1.));
#5858=DIRECTION('',(0.,1.,0.));
#5859=DIRECTION('',(0.,0.,1.));
#5860=DIRECTION('',(0.,-1.,0.));
#5861=DIRECTION('',(0.,-1.,0.));
#5862=DIRECTION('',(0.,0.,1.));
#5863=DIRECTION('',(0.,1.,0.));
#5864=DIRECTION('',(0.,-1.,0.));
#5865=DIRECTION('',(0.,0.,-1.));
#5866=DIRECTION('',(0.,-1.,0.));
#5867=DIRECTION('',(0.,0.,1.));
#5868=DIRECTION('',(0.,1.,0.));
#5869=DIRECTION('',(0.,1.,0.));
#5870=DIRECTION('',(-1.15648231731787E-15,0.,-1.));
#5871=DIRECTION('',(0.,-1.,0.));
#5872=DIRECTION('',(0.,1.,0.));
#5873=DIRECTION('',(0.,0.,1.));
#5874=DIRECTION('',(0.,1.,0.));
#5875=DIRECTION('',(0.,0.,1.));
#5876=DIRECTION('',(0.,-1.,0.));
#5877=DIRECTION('',(0.,-1.,0.));
#5878=DIRECTION('',(0.,0.,1.));
#5879=DIRECTION('',(0.,1.,0.));
#5880=DIRECTION('',(0.,-1.,0.));
#5881=DIRECTION('',(0.,0.,-1.));
#5882=DIRECTION('',(0.,-1.,0.));
#5883=DIRECTION('',(0.,0.,-1.));
#5884=DIRECTION('',(0.,1.,0.));
#5885=DIRECTION('',(0.,1.,0.));
#5886=DIRECTION('',(0.,0.,1.));
#5887=DIRECTION('',(0.,-1.,0.));
#5888=DIRECTION('',(0.,1.,0.));
#5889=DIRECTION('',(0.,0.,1.));
#5890=DIRECTION('',(0.,1.,0.));
#5891=DIRECTION('',(0.,0.,1.));
#5892=DIRECTION('',(0.,-1.,0.));
#5893=DIRECTION('',(0.,-1.,0.));
#5894=DIRECTION('',(0.,0.,-1.));
#5895=DIRECTION('',(0.,1.,0.));
#5896=DIRECTION('',(0.,-1.,0.));
#5897=DIRECTION('',(0.,0.,-1.));
#5898=DIRECTION('',(0.,1.,0.));
#5899=DIRECTION('',(0.,0.,1.));
#5900=DIRECTION('',(0.,-1.,0.));
#5901=DIRECTION('',(0.,-1.,0.));
#5902=DIRECTION('',(0.,0.,1.));
#5903=DIRECTION('',(0.,1.,0.));
#5904=DIRECTION('',(0.,-1.,0.));
#5905=DIRECTION('',(0.,0.,-1.));
#5906=DIRECTION('',(0.,1.,0.));
#5907=DIRECTION('',(0.,0.,1.));
#5908=DIRECTION('',(0.,-1.,0.));
#5909=DIRECTION('',(0.,-1.,0.));
#5910=DIRECTION('',(0.,0.,1.));
#5911=DIRECTION('',(0.,1.,0.));
#5912=DIRECTION('',(0.,-1.,0.));
#5913=DIRECTION('',(0.,0.,-1.));
#5914=DIRECTION('',(0.,1.,0.));
#5915=DIRECTION('',(0.,0.,1.));
#5916=DIRECTION('',(0.,-1.,0.));
#5917=DIRECTION('',(0.,-1.,0.));
#5918=DIRECTION('',(0.,0.,1.));
#5919=DIRECTION('',(0.,1.,0.));
#5920=DIRECTION('',(0.,-1.,0.));
#5921=DIRECTION('',(0.,0.,-1.));
#5922=DIRECTION('',(0.,1.,0.));
#5923=DIRECTION('',(0.,0.,1.));
#5924=DIRECTION('',(0.,-1.,0.));
#5925=DIRECTION('',(0.,-1.,0.));
#5926=DIRECTION('',(0.,0.,1.));
#5927=DIRECTION('',(0.,1.,0.));
#5928=DIRECTION('',(0.,-1.,0.));
#5929=DIRECTION('',(0.,0.,-1.));
#5930=DIRECTION('',(0.,1.,0.));
#5931=DIRECTION('',(0.,0.,1.));
#5932=DIRECTION('',(0.,-1.,0.));
#5933=DIRECTION('',(0.,-1.,0.));
#5934=DIRECTION('',(0.,0.,1.));
#5935=DIRECTION('',(0.,1.,0.));
#5936=DIRECTION('',(0.,-1.,0.));
#5937=DIRECTION('',(0.,0.,-1.));
#5938=DIRECTION('',(0.,1.,0.));
#5939=DIRECTION('',(0.,0.,1.));
#5940=DIRECTION('',(0.,-1.,0.));
#5941=DIRECTION('',(0.,-1.,0.));
#5942=DIRECTION('',(5.55111512312578E-14,0.,1.));
#5943=DIRECTION('',(0.,1.,0.));
#5944=DIRECTION('',(0.,-1.,0.));
#5945=DIRECTION('',(0.,0.,-1.));
#5946=DIRECTION('',(0.,1.,0.));
#5947=DIRECTION('',(0.,0.,1.));
#5948=DIRECTION('',(0.,-1.,0.));
#5949=DIRECTION('',(0.,-1.,0.));
#5950=DIRECTION('',(0.,0.,1.));
#5951=DIRECTION('',(0.,1.,0.));
#5952=DIRECTION('',(0.,-1.,0.));
#5953=DIRECTION('',(0.,0.,-1.));
#5954=DIRECTION('',(0.,-1.,0.));
#5955=DIRECTION('',(-4.62592926927148E-15,0.,1.));
#5956=DIRECTION('',(0.,1.,0.));
#5957=DIRECTION('',(0.,1.,0.));
#5958=DIRECTION('',(0.,0.,-1.));
#5959=DIRECTION('',(0.,-1.,0.));
#5960=DIRECTION('',(0.,1.,0.));
#5961=DIRECTION('',(0.,0.,1.));
#5962=DIRECTION('',(0.,1.,0.));
#5963=DIRECTION('',(0.,0.,1.));
#5964=DIRECTION('',(0.,-1.,0.));
#5965=DIRECTION('',(0.,-1.,0.));
#5966=DIRECTION('',(0.,0.,1.));
#5967=DIRECTION('',(0.,1.,0.));
#5968=DIRECTION('',(0.,-1.,0.));
#5969=DIRECTION('',(0.,0.,-1.));
#5970=DIRECTION('',(0.,1.,0.));
#5971=DIRECTION('',(0.,0.,1.));
#5972=DIRECTION('',(0.,-1.,0.));
#5973=DIRECTION('',(0.,-1.,0.));
#5974=DIRECTION('',(0.,0.,1.));
#5975=DIRECTION('',(0.,1.,0.));
#5976=DIRECTION('',(0.,-1.,0.));
#5977=DIRECTION('',(0.,0.,-1.));
#5978=DIRECTION('',(0.,1.,0.));
#5979=DIRECTION('',(0.,0.,1.));
#5980=DIRECTION('',(0.,-1.,0.));
#5981=DIRECTION('',(0.,-1.,0.));
#5982=DIRECTION('',(0.,0.,1.));
#5983=DIRECTION('',(0.,1.,0.));
#5984=DIRECTION('',(0.,-1.,0.));
#5985=DIRECTION('',(0.,0.,-1.));
#5986=DIRECTION('',(0.,1.,0.));
#5987=DIRECTION('',(0.,0.,1.));
#5988=DIRECTION('',(0.,-1.,0.));
#5989=DIRECTION('',(0.,-1.,0.));
#5990=DIRECTION('',(0.,0.,1.));
#5991=DIRECTION('',(0.,1.,0.));
#5992=DIRECTION('',(0.,-1.,0.));
#5993=DIRECTION('',(0.,0.,-1.));
#5994=DIRECTION('',(0.,1.,0.));
#5995=DIRECTION('',(0.,0.,1.));
#5996=DIRECTION('',(0.,-1.,0.));
#5997=DIRECTION('',(0.,-1.,0.));
#5998=DIRECTION('',(0.,0.,1.));
#5999=DIRECTION('',(0.,1.,0.));
#6000=DIRECTION('',(0.,-1.,0.));
#6001=DIRECTION('',(0.,0.,-1.));
#6002=DIRECTION('',(0.,-1.,0.));
#6003=DIRECTION('',(0.,0.,1.));
#6004=DIRECTION('',(0.,1.,0.));
#6005=DIRECTION('',(0.,1.,0.));
#6006=DIRECTION('',(0.,0.,1.));
#6007=DIRECTION('',(0.,-1.,0.));
#6008=DIRECTION('',(0.,1.,0.));
#6009=DIRECTION('',(0.,0.,1.));
#6010=DIRECTION('',(0.,-1.,0.));
#6011=DIRECTION('',(0.,0.,1.));
#6012=DIRECTION('',(0.,1.,0.));
#6013=DIRECTION('',(0.,1.,0.));
#6014=DIRECTION('',(0.,0.,1.));
#6015=DIRECTION('',(0.,-1.,0.));
#6016=DIRECTION('',(0.,-1.,0.));
#6017=DIRECTION('',(0.,0.,-1.));
#6018=DIRECTION('',(0.,1.,0.));
#6019=DIRECTION('',(0.,0.,1.));
#6020=DIRECTION('',(0.,-1.,0.));
#6021=DIRECTION('',(0.,-1.,0.));
#6022=DIRECTION('',(0.,0.,-1.));
#6023=DIRECTION('',(0.,1.,0.));
#6024=DIRECTION('',(0.,-1.,0.));
#6025=DIRECTION('',(0.,0.,-1.));
#6026=DIRECTION('',(0.,1.,0.));
#6027=DIRECTION('',(0.,0.,1.));
#6028=DIRECTION('',(0.,-1.,0.));
#6029=DIRECTION('',(0.,-1.,0.));
#6030=DIRECTION('',(0.,0.,1.));
#6031=DIRECTION('',(0.,1.,0.));
#6032=DIRECTION('',(0.,-1.,0.));
#6033=DIRECTION('',(0.,0.,-1.));
#6034=DIRECTION('',(0.,1.,0.));
#6035=DIRECTION('',(0.,0.,1.));
#6036=DIRECTION('',(0.,-1.,0.));
#6037=DIRECTION('',(0.,-1.,0.));
#6038=DIRECTION('',(0.,0.,1.));
#6039=DIRECTION('',(0.,1.,0.));
#6040=DIRECTION('',(0.,-1.,0.));
#6041=DIRECTION('',(0.,0.,-1.));
#6042=DIRECTION('',(0.,1.,0.));
#6043=DIRECTION('',(0.,0.,1.));
#6044=DIRECTION('',(0.,-1.,0.));
#6045=DIRECTION('',(0.,-1.,0.));
#6046=DIRECTION('',(0.,0.,1.));
#6047=DIRECTION('',(0.,1.,0.));
#6048=DIRECTION('',(0.,-1.,0.));
#6049=DIRECTION('',(0.,0.,-1.));
#6050=DIRECTION('',(0.,1.,0.));
#6051=DIRECTION('',(0.,0.,1.));
#6052=DIRECTION('',(0.,-1.,0.));
#6053=DIRECTION('',(0.,-1.,0.));
#6054=DIRECTION('',(0.,0.,-1.));
#6055=DIRECTION('',(0.,1.,0.));
#6056=DIRECTION('',(0.,-1.,0.));
#6057=DIRECTION('',(0.,0.,-1.));
#6058=DIRECTION('',(0.,1.,0.));
#6059=DIRECTION('',(0.,0.,1.));
#6060=DIRECTION('',(0.,-1.,0.));
#6061=DIRECTION('',(0.,-1.,0.));
#6062=DIRECTION('',(0.,0.,1.));
#6063=DIRECTION('',(0.,1.,0.));
#6064=DIRECTION('',(0.,-1.,0.));
#6065=DIRECTION('',(0.,0.,-1.));
#6066=DIRECTION('',(0.,1.,0.));
#6067=DIRECTION('',(0.,0.,1.));
#6068=DIRECTION('',(0.,-1.,0.));
#6069=DIRECTION('',(0.,-1.,0.));
#6070=DIRECTION('',(0.,0.,1.));
#6071=DIRECTION('',(0.,1.,0.));
#6072=DIRECTION('',(0.,-1.,0.));
#6073=DIRECTION('',(0.,0.,-1.));
#6074=DIRECTION('',(0.,1.,0.));
#6075=DIRECTION('',(0.,0.,1.));
#6076=DIRECTION('',(0.,-1.,0.));
#6077=DIRECTION('',(0.,-1.,0.));
#6078=DIRECTION('',(5.55111512312578E-14,0.,1.));
#6079=DIRECTION('',(0.,1.,0.));
#6080=DIRECTION('',(0.,-1.,0.));
#6081=DIRECTION('',(0.,0.,-1.));
#6082=DIRECTION('',(0.,1.,0.));
#6083=DIRECTION('',(0.,0.,1.));
#6084=DIRECTION('',(0.,-1.,0.));
#6085=DIRECTION('',(0.,-1.,0.));
#6086=DIRECTION('',(0.,0.,-1.));
#6087=DIRECTION('',(0.,1.,0.));
#6088=DIRECTION('',(0.,-1.,0.));
#6089=DIRECTION('',(0.,0.,-1.));
#6090=DIRECTION('',(0.,-1.,0.));
#6091=DIRECTION('',(-1.15648231731787E-15,0.,1.));
#6092=DIRECTION('',(0.,1.,0.));
#6093=DIRECTION('',(0.,1.,0.));
#6094=DIRECTION('',(3.46944695195361E-15,0.,-1.));
#6095=DIRECTION('',(0.,-1.,0.));
#6096=DIRECTION('',(0.,1.,0.));
#6097=DIRECTION('',(0.,0.,1.));
#6098=DIRECTION('',(0.,1.,0.));
#6099=DIRECTION('',(0.,0.,1.));
#6100=DIRECTION('',(0.,-1.,0.));
#6101=DIRECTION('',(0.,-1.,0.));
#6102=DIRECTION('',(0.,0.,-1.));
#6103=DIRECTION('',(0.,1.,0.));
#6104=DIRECTION('',(0.,-1.,0.));
#6105=DIRECTION('',(0.,0.,-1.));
#6106=DIRECTION('',(0.,1.,0.));
#6107=DIRECTION('',(0.,-1.,0.));
#6108=DIRECTION('',(0.,0.,-1.));
#6109=DIRECTION('',(0.,-1.,0.));
#6110=DIRECTION('',(3.46944695195361E-15,0.,1.));
#6111=DIRECTION('',(0.,1.,0.));
#6112=DIRECTION('',(0.,1.,0.));
#6113=DIRECTION('',(1.73472347597681E-15,0.,-1.));
#6114=DIRECTION('',(0.,-1.,0.));
#6115=DIRECTION('',(0.,1.,0.));
#6116=DIRECTION('',(0.,0.,1.));
#6117=DIRECTION('',(0.,1.,0.));
#6118=DIRECTION('',(0.,0.,1.));
#6119=DIRECTION('',(0.,-1.,0.));
#6120=DIRECTION('',(0.,-1.,0.));
#6121=DIRECTION('',(0.,0.,-1.));
#6122=DIRECTION('',(0.,1.,0.));
#6123=DIRECTION('',(0.,-1.,0.));
#6124=DIRECTION('',(0.,0.,-1.));
#6125=DIRECTION('',(0.,1.,0.));
#6126=DIRECTION('',(0.,0.,1.));
#6127=DIRECTION('',(0.,-1.,0.));
#6128=DIRECTION('',(0.,-1.,0.));
#6129=DIRECTION('',(0.,0.,-1.));
#6130=DIRECTION('',(0.,1.,0.));
#6131=DIRECTION('',(0.,-1.,0.));
#6132=DIRECTION('',(0.,0.,-1.));
#6133=DIRECTION('',(0.,1.,0.));
#6134=DIRECTION('',(0.,0.,1.));
#6135=DIRECTION('',(0.,-1.,0.));
#6136=DIRECTION('',(0.,-1.,0.));
#6137=DIRECTION('',(0.,0.,1.));
#6138=DIRECTION('',(0.,1.,0.));
#6139=DIRECTION('',(0.,-1.,0.));
#6140=DIRECTION('',(0.,0.,-1.));
#6141=DIRECTION('',(0.,-1.,0.));
#6142=DIRECTION('',(0.,0.,1.));
#6143=DIRECTION('',(0.,1.,0.));
#6144=DIRECTION('',(0.,1.,0.));
#6145=DIRECTION('',(0.,0.,1.));
#6146=DIRECTION('',(0.,-1.,0.));
#6147=DIRECTION('',(0.,1.,0.));
#6148=DIRECTION('',(0.,0.,1.));
#6149=DIRECTION('',(0.,1.,0.));
#6150=DIRECTION('',(0.,0.,1.));
#6151=DIRECTION('',(0.,-1.,0.));
#6152=DIRECTION('',(0.,-1.,0.));
#6153=DIRECTION('',(0.,0.,1.));
#6154=DIRECTION('',(0.,1.,0.));
#6155=DIRECTION('',(0.,-1.,0.));
#6156=DIRECTION('',(0.,0.,-1.));
#6157=DIRECTION('',(0.,1.,0.));
#6158=DIRECTION('',(0.,0.,1.));
#6159=DIRECTION('',(0.,-1.,0.));
#6160=DIRECTION('',(0.,-1.,0.));
#6161=DIRECTION('',(0.,0.,1.));
#6162=DIRECTION('',(0.,1.,0.));
#6163=DIRECTION('',(0.,-1.,0.));
#6164=DIRECTION('',(0.,0.,-1.));
#6165=DIRECTION('',(0.,1.,0.));
#6166=DIRECTION('',(0.,0.,1.));
#6167=DIRECTION('',(0.,-1.,0.));
#6168=DIRECTION('',(0.,-1.,0.));
#6169=DIRECTION('',(0.,0.,1.));
#6170=DIRECTION('',(0.,1.,0.));
#6171=DIRECTION('',(0.,-1.,0.));
#6172=DIRECTION('',(0.,0.,-1.));
#6173=DIRECTION('',(0.,1.,0.));
#6174=DIRECTION('',(0.,0.,1.));
#6175=DIRECTION('',(0.,-1.,0.));
#6176=DIRECTION('',(0.,-1.,0.));
#6177=DIRECTION('',(0.,0.,1.));
#6178=DIRECTION('',(0.,1.,0.));
#6179=DIRECTION('',(0.,-1.,0.));
#6180=DIRECTION('',(0.,0.,-1.));
#6181=DIRECTION('',(-0.707106781186538,0.,-0.707106781186557));
#6182=DIRECTION('',(0.,1.,0.));
#6183=DIRECTION('',(0.707106781186538,0.,0.707106781186557));
#6184=DIRECTION('',(-0.707106781186557,0.,0.707106781186538));
#6185=DIRECTION('',(0.707106781186538,0.,0.707106781186557));
#6186=DIRECTION('',(0.707106781186538,0.,0.707106781186557));
#6187=DIRECTION('',(0.,1.,0.));
#6188=DIRECTION('',(-0.707106781186538,0.,-0.707106781186557));
#6189=DIRECTION('',(0.,-1.,0.));
#6190=DIRECTION('',(0.707106781186557,0.,-0.707106781186538));
#6191=DIRECTION('',(-0.707106781186538,0.,-0.707106781186557));
#6192=DIRECTION('',(-0.707106781186548,0.,0.707106781186548));
#6193=DIRECTION('',(0.,1.,0.));
#6194=DIRECTION('',(0.707106781186548,0.,-0.707106781186548));
#6195=DIRECTION('',(0.,-1.,0.));
#6196=DIRECTION('',(0.707106781186548,0.,0.707106781186548));
#6197=DIRECTION('',(0.707106781186548,0.,-0.707106781186548));
#6198=DIRECTION('',(0.707106781186548,0.,0.707106781186548));
#6199=DIRECTION('',(0.,1.,0.));
#6200=DIRECTION('',(-0.707106781186548,0.,-0.707106781186548));
#6201=DIRECTION('',(0.,-1.,0.));
#6202=DIRECTION('',(0.707106781186548,0.,-0.707106781186548));
#6203=DIRECTION('',(-0.707106781186548,0.,-0.707106781186548));
#6204=DIRECTION('',(0.707106781186548,0.,0.707106781186548));
#6205=DIRECTION('',(0.,1.,0.));
#6206=DIRECTION('',(-0.707106781186548,0.,-0.707106781186548));
#6207=DIRECTION('',(0.,-1.,0.));
#6208=DIRECTION('',(0.707106781186548,0.,-0.707106781186548));
#6209=DIRECTION('',(-0.707106781186548,0.,-0.707106781186548));
#6210=DIRECTION('',(-0.707106781186557,0.,0.707106781186538));
#6211=DIRECTION('',(0.,1.,0.));
#6212=DIRECTION('',(0.707106781186557,0.,-0.707106781186538));
#6213=DIRECTION('',(0.,-1.,0.));
#6214=DIRECTION('',(0.707106781186538,0.,0.707106781186557));
#6215=DIRECTION('',(0.707106781186557,0.,-0.707106781186538));
#6216=DIRECTION('',(-0.707106781186538,0.,-0.707106781186557));
#6217=DIRECTION('',(0.,1.,0.));
#6218=DIRECTION('',(0.707106781186538,0.,0.707106781186557));
#6219=DIRECTION('',(0.,-1.,0.));
#6220=DIRECTION('',(-0.707106781186557,0.,0.707106781186538));
#6221=DIRECTION('',(0.707106781186538,0.,0.707106781186557));
#6222=DIRECTION('',(0.707106781186548,0.,-0.707106781186548));
#6223=DIRECTION('',(0.,1.,0.));
#6224=DIRECTION('',(-0.707106781186548,0.,0.707106781186548));
#6225=DIRECTION('',(0.,-1.,0.));
#6226=DIRECTION('',(-0.707106781186548,0.,-0.707106781186548));
#6227=DIRECTION('',(-0.707106781186548,0.,0.707106781186548));
#6228=DIRECTION('',(0.707106781186548,0.,-0.707106781186548));
#6229=DIRECTION('',(0.,1.,0.));
#6230=DIRECTION('',(-0.707106781186548,0.,0.707106781186548));
#6231=DIRECTION('',(0.,-1.,0.));
#6232=DIRECTION('',(-0.707106781186548,0.,-0.707106781186548));
#6233=DIRECTION('',(-0.707106781186548,0.,0.707106781186548));
#6234=DIRECTION('',(0.707106781186538,0.,0.707106781186557));
#6235=DIRECTION('',(0.,1.,0.));
#6236=DIRECTION('',(-0.707106781186538,0.,-0.707106781186557));
#6237=DIRECTION('',(0.,-1.,0.));
#6238=DIRECTION('',(0.707106781186557,0.,-0.707106781186538));
#6239=DIRECTION('',(-0.707106781186538,0.,-0.707106781186557));
#6240=DIRECTION('',(0.707106781186548,0.,-0.707106781186548));
#6241=DIRECTION('',(0.,1.,0.));
#6242=DIRECTION('',(-0.707106781186548,0.,0.707106781186548));
#6243=DIRECTION('',(0.,-1.,0.));
#6244=DIRECTION('',(-0.707106781186548,0.,-0.707106781186548));
#6245=DIRECTION('',(-0.707106781186548,0.,0.707106781186548));
#6246=DIRECTION('',(-0.707106781186538,0.,-0.707106781186557));
#6247=DIRECTION('',(0.,1.,0.));
#6248=DIRECTION('',(0.707106781186538,0.,0.707106781186557));
#6249=DIRECTION('',(0.,-1.,0.));
#6250=DIRECTION('',(-0.707106781186557,0.,0.707106781186538));
#6251=DIRECTION('',(0.707106781186538,0.,0.707106781186557));
#6252=DIRECTION('',(-0.707106781186528,0.,-0.707106781186567));
#6253=DIRECTION('',(0.,1.,0.));
#6254=DIRECTION('',(0.707106781186528,0.,0.707106781186567));
#6255=DIRECTION('',(0.,-1.,0.));
#6256=DIRECTION('',(-0.707106781186567,0.,0.707106781186528));
#6257=DIRECTION('',(0.707106781186528,0.,0.707106781186567));
#6258=DIRECTION('',(0.707106781186548,0.,0.707106781186548));
#6259=DIRECTION('',(0.,1.,0.));
#6260=DIRECTION('',(-0.707106781186548,0.,-0.707106781186548));
#6261=DIRECTION('',(0.,-1.,0.));
#6262=DIRECTION('',(0.707106781186548,0.,-0.707106781186548));
#6263=DIRECTION('',(-0.707106781186548,0.,-0.707106781186548));
#6264=DIRECTION('',(-0.707106781186557,0.,0.707106781186538));
#6265=DIRECTION('',(0.,1.,0.));
#6266=DIRECTION('',(0.707106781186557,0.,-0.707106781186538));
#6267=DIRECTION('',(0.,-1.,0.));
#6268=DIRECTION('',(0.707106781186538,0.,0.707106781186557));
#6269=DIRECTION('',(0.707106781186557,0.,-0.707106781186538));
#6270=DIRECTION('',(-0.707106781186548,0.,0.707106781186548));
#6271=DIRECTION('',(0.,1.,0.));
#6272=DIRECTION('',(0.707106781186548,0.,-0.707106781186548));
#6273=DIRECTION('',(0.,-1.,0.));
#6274=DIRECTION('',(0.707106781186548,0.,0.707106781186548));
#6275=DIRECTION('',(0.707106781186548,0.,-0.707106781186548));
#6276=DIRECTION('',(0.707106781186548,0.,-0.707106781186548));
#6277=DIRECTION('',(0.,1.,0.));
#6278=DIRECTION('',(-0.707106781186548,0.,0.707106781186548));
#6279=DIRECTION('',(0.,-1.,0.));
#6280=DIRECTION('',(-0.707106781186548,0.,-0.707106781186548));
#6281=DIRECTION('',(-0.707106781186548,0.,0.707106781186548));
#6282=DIRECTION('',(-0.707106781186548,0.,-0.707106781186548));
#6283=DIRECTION('',(0.,1.,0.));
#6284=DIRECTION('',(0.707106781186548,0.,0.707106781186548));
#6285=DIRECTION('',(0.,-1.,0.));
#6286=DIRECTION('',(-0.707106781186548,0.,0.707106781186548));
#6287=DIRECTION('',(0.707106781186547,0.,0.707106781186548));
#6288=DIRECTION('',(-0.707106781186557,0.,0.707106781186538));
#6289=DIRECTION('',(0.,1.,0.));
#6290=DIRECTION('',(0.707106781186557,0.,-0.707106781186538));
#6291=DIRECTION('',(0.,-1.,0.));
#6292=DIRECTION('',(0.707106781186538,0.,0.707106781186557));
#6293=DIRECTION('',(0.707106781186557,0.,-0.707106781186538));
#6294=DIRECTION('',(0.707106781186548,0.,-0.707106781186548));
#6295=DIRECTION('',(0.,1.,0.));
#6296=DIRECTION('',(-0.707106781186548,0.,0.707106781186548));
#6297=DIRECTION('',(0.,-1.,0.));
#6298=DIRECTION('',(-0.707106781186548,0.,-0.707106781186548));
#6299=DIRECTION('',(-0.707106781186548,0.,0.707106781186548));
#6300=DIRECTION('',(0.707106781186548,0.,0.707106781186548));
#6301=DIRECTION('',(0.,1.,0.));
#6302=DIRECTION('',(-0.707106781186548,0.,-0.707106781186548));
#6303=DIRECTION('',(0.,-1.,0.));
#6304=DIRECTION('',(0.707106781186548,0.,-0.707106781186548));
#6305=DIRECTION('',(-0.707106781186548,0.,-0.707106781186548));
#6306=DIRECTION('',(0.,-1.,0.));
#6307=DIRECTION('',(0.,1.,0.));
#6308=DIRECTION('',(0.,0.,1.));
#6309=DIRECTION('',(0.,-1.,0.));
#6310=DIRECTION('',(0.,1.,0.));
#6311=DIRECTION('',(0.,0.,1.));
#6312=DIRECTION('',(0.,1.,0.));
#6313=DIRECTION('',(0.,0.,1.));
#6314=DIRECTION('',(0.,-1.,0.));
#6315=DIRECTION('',(0.,1.,0.));
#6316=DIRECTION('',(0.,0.,1.));
#6317=DIRECTION('',(0.,-1.,0.));
#6318=DIRECTION('',(0.,1.,0.));
#6319=DIRECTION('',(0.,0.,1.));
#6320=DIRECTION('',(0.,1.,0.));
#6321=DIRECTION('',(0.,0.,1.));
#6322=DIRECTION('',(0.,-1.,0.));
#6323=DIRECTION('',(0.,1.,0.));
#6324=DIRECTION('',(0.,0.,1.));
#6325=DIRECTION('',(0.,-1.,0.));
#6326=DIRECTION('',(0.,-1.,0.));
#6327=DIRECTION('',(0.,0.,-1.));
#6328=DIRECTION('',(0.,1.,0.));
#6329=DIRECTION('',(0.,0.,1.));
#6330=DIRECTION('',(0.,-1.,0.));
#6331=DIRECTION('',(0.,1.,0.));
#6332=DIRECTION('',(0.,0.,1.));
#6333=DIRECTION('',(0.,-1.,0.));
#6334=DIRECTION('',(0.,1.,0.));
#6335=DIRECTION('',(0.,0.,1.));
#6336=DIRECTION('',(0.,1.,0.));
#6337=DIRECTION('',(0.,0.,1.));
#6338=DIRECTION('',(0.,-1.,0.));
#6339=DIRECTION('',(0.,1.,0.));
#6340=DIRECTION('',(0.,0.,1.));
#6341=DIRECTION('',(0.,-1.,0.));
#6342=DIRECTION('',(0.,-1.,0.));
#6343=DIRECTION('',(0.,0.,-1.));
#6344=DIRECTION('',(0.,1.,0.));
#6345=DIRECTION('',(0.,0.,1.));
#6346=DIRECTION('',(0.,-1.,0.));
#6347=DIRECTION('',(0.,1.,0.));
#6348=DIRECTION('',(0.,0.,1.));
#6349=DIRECTION('',(0.,-1.,0.));
#6350=DIRECTION('',(0.,-1.,0.));
#6351=DIRECTION('',(0.,0.,-1.));
#6352=DIRECTION('',(0.,1.,0.));
#6353=DIRECTION('',(0.,0.,1.));
#6354=DIRECTION('',(1.,0.,0.));
#6355=DIRECTION('',(-1.,0.,-1.93968069174051E-16));
#6356=DIRECTION('',(0.,0.,1.));
#6357=DIRECTION('',(1.,0.,0.));
#6358=DIRECTION('',(-1.,0.,0.));
#6359=DIRECTION('',(0.,0.,1.));
#6360=DIRECTION('',(-1.,0.,0.));
#6361=DIRECTION('',(0.,0.,1.));
#6362=DIRECTION('',(0.,-1.,0.));
#6363=DIRECTION('',(0.,1.,0.));
#6364=DIRECTION('',(0.,0.,1.));
#6365=DIRECTION('',(0.,-1.,0.));
#6366=DIRECTION('',(0.,-1.,0.));
#6367=DIRECTION('',(0.,0.,-1.));
#6368=DIRECTION('',(0.,1.,0.));
#6369=DIRECTION('',(0.,0.,1.));
#6370=DIRECTION('',(0.,-1.,0.));
#6371=DIRECTION('',(0.,1.,0.));
#6372=DIRECTION('',(0.,0.,1.));
#6373=DIRECTION('',(0.,-1.,0.));
#6374=DIRECTION('',(0.,1.,0.));
#6375=DIRECTION('',(0.,0.,1.));
#6376=DIRECTION('',(0.,1.,0.));
#6377=DIRECTION('',(0.,0.,1.));
#6378=DIRECTION('',(0.,1.,0.));
#6379=DIRECTION('',(0.,0.,1.));
#6380=DIRECTION('',(0.,-1.,0.));
#6381=DIRECTION('',(0.,0.,-1.));
#6382=DIRECTION('',(0.,-1.,0.));
#6383=DIRECTION('',(0.,1.,0.));
#6384=DIRECTION('',(0.,0.,1.));
#6385=DIRECTION('',(0.,-1.,0.));
#6386=DIRECTION('',(0.,1.,0.));
#6387=DIRECTION('',(0.,0.,1.));
#6388=DIRECTION('',(0.,1.,0.));
#6389=DIRECTION('',(0.,0.,1.));
#6390=DIRECTION('',(0.,1.,0.));
#6391=DIRECTION('',(0.,0.,1.));
#6392=DIRECTION('',(0.,-1.,0.));
#6393=DIRECTION('',(0.,0.,-1.));
#6394=DIRECTION('',(0.,-1.,0.));
#6395=DIRECTION('',(0.,1.,0.));
#6396=DIRECTION('',(0.,0.,1.));
#6397=DIRECTION('',(0.,-1.,0.));
#6398=DIRECTION('',(0.,1.,0.));
#6399=DIRECTION('',(0.,0.,1.));
#6400=DIRECTION('',(0.,1.,0.));
#6401=DIRECTION('',(0.,0.,1.));
#6402=DIRECTION('',(0.,1.,0.));
#6403=DIRECTION('',(0.,0.,1.));
#6404=DIRECTION('',(0.,-1.,0.));
#6405=DIRECTION('',(0.,0.,-1.));
#6406=DIRECTION('',(0.,-1.,0.));
#6407=DIRECTION('',(0.,1.,0.));
#6408=DIRECTION('',(0.,0.,1.));
#6409=DIRECTION('',(0.,-1.,0.));
#6410=DIRECTION('',(0.,1.,0.));
#6411=DIRECTION('',(0.,0.,1.));
#6412=DIRECTION('',(0.,1.,0.));
#6413=DIRECTION('',(0.,0.,1.));
#6414=DIRECTION('',(0.,1.,0.));
#6415=DIRECTION('',(0.,0.,1.));
#6416=DIRECTION('',(0.,-1.,0.));
#6417=DIRECTION('',(0.,0.,-1.));
#6418=DIRECTION('',(0.,-1.,0.));
#6419=DIRECTION('',(0.,1.,0.));
#6420=DIRECTION('',(0.,0.,1.));
#6421=DIRECTION('',(0.,-1.,0.));
#6422=DIRECTION('',(0.,1.,0.));
#6423=DIRECTION('',(0.,0.,1.));
#6424=DIRECTION('',(0.,1.,0.));
#6425=DIRECTION('',(0.,0.,1.));
#6426=DIRECTION('',(0.,-1.,0.));
#6427=DIRECTION('',(0.,1.,0.));
#6428=DIRECTION('',(0.,0.,1.));
#6429=DIRECTION('',(0.,-1.,0.));
#6430=DIRECTION('',(0.,1.,0.));
#6431=DIRECTION('',(0.,0.,1.));
#6432=DIRECTION('',(0.,1.,0.));
#6433=DIRECTION('',(0.,0.,1.));
#6434=DIRECTION('',(0.,-1.,0.));
#6435=DIRECTION('',(0.,1.,0.));
#6436=DIRECTION('',(0.,0.,1.));
#6437=DIRECTION('',(0.,-1.,0.));
#6438=DIRECTION('',(0.,1.,0.));
#6439=DIRECTION('',(0.,0.,1.));
#6440=DIRECTION('',(0.,1.,0.));
#6441=DIRECTION('',(0.,0.,1.));
#6442=DIRECTION('',(0.,-1.,0.));
#6443=DIRECTION('',(0.,1.,0.));
#6444=DIRECTION('',(0.,0.,1.));
#6445=DIRECTION('',(0.,-1.,0.));
#6446=DIRECTION('',(0.,1.,0.));
#6447=DIRECTION('',(0.,0.,1.));
#6448=DIRECTION('',(0.,1.,0.));
#6449=DIRECTION('',(0.,0.,1.));
#6450=DIRECTION('',(0.,-1.,0.));
#6451=DIRECTION('',(0.,1.,0.));
#6452=DIRECTION('',(0.,0.,1.));
#6453=DIRECTION('',(0.,-1.,0.));
#6454=DIRECTION('',(0.,1.,0.));
#6455=DIRECTION('',(0.,0.,1.));
#6456=DIRECTION('',(0.,1.,0.));
#6457=DIRECTION('',(0.,0.,1.));
#6458=DIRECTION('',(0.,-1.,0.));
#6459=DIRECTION('',(0.,1.,0.));
#6460=DIRECTION('',(0.,0.,1.));
#6461=DIRECTION('',(0.,-1.,0.));
#6462=DIRECTION('',(0.,1.,0.));
#6463=DIRECTION('',(0.,0.,1.));
#6464=DIRECTION('',(0.,1.,0.));
#6465=DIRECTION('',(0.,0.,1.));
#6466=DIRECTION('',(0.,-1.,0.));
#6467=DIRECTION('',(0.,1.,0.));
#6468=DIRECTION('',(0.,0.,1.));
#6469=DIRECTION('',(0.,-1.,0.));
#6470=DIRECTION('',(0.,1.,0.));
#6471=DIRECTION('',(0.,0.,1.));
#6472=DIRECTION('',(0.,1.,0.));
#6473=DIRECTION('',(0.,0.,1.));
#6474=DIRECTION('',(0.,-1.,0.));
#6475=DIRECTION('',(0.,1.,0.));
#6476=DIRECTION('',(0.,0.,1.));
#6477=DIRECTION('',(0.,-1.,0.));
#6478=DIRECTION('',(0.,1.,0.));
#6479=DIRECTION('',(0.,0.,1.));
#6480=DIRECTION('',(0.,1.,0.));
#6481=DIRECTION('',(0.,0.,1.));
#6482=DIRECTION('',(0.,-1.,0.));
#6483=DIRECTION('',(0.,1.,0.));
#6484=DIRECTION('',(0.,0.,1.));
#6485=DIRECTION('',(0.,-1.,0.));
#6486=DIRECTION('',(0.,1.,0.));
#6487=DIRECTION('',(0.,0.,1.));
#6488=DIRECTION('',(0.,1.,0.));
#6489=DIRECTION('',(0.,0.,1.));
#6490=DIRECTION('',(0.,-1.,0.));
#6491=DIRECTION('',(0.,1.,0.));
#6492=DIRECTION('',(0.,0.,1.));
#6493=DIRECTION('',(0.,-1.,0.));
#6494=DIRECTION('',(0.,1.,0.));
#6495=DIRECTION('',(0.,0.,1.));
#6496=DIRECTION('',(0.,1.,0.));
#6497=DIRECTION('',(0.,0.,1.));
#6498=DIRECTION('',(0.,-1.,0.));
#6499=DIRECTION('',(0.,1.,0.));
#6500=DIRECTION('',(0.,0.,1.));
#6501=DIRECTION('',(0.,-1.,0.));
#6502=DIRECTION('',(0.,1.,0.));
#6503=DIRECTION('',(0.,0.,1.));
#6504=DIRECTION('',(0.,1.,0.));
#6505=DIRECTION('',(0.,0.,1.));
#6506=DIRECTION('',(0.,-1.,0.));
#6507=DIRECTION('',(0.,1.,0.));
#6508=DIRECTION('',(0.,0.,1.));
#6509=DIRECTION('',(0.,-1.,0.));
#6510=DIRECTION('',(0.,1.,0.));
#6511=DIRECTION('',(0.,0.,1.));
#6512=DIRECTION('',(0.,1.,0.));
#6513=DIRECTION('',(0.,0.,1.));
#6514=DIRECTION('',(0.,-1.,0.));
#6515=DIRECTION('',(0.,1.,0.));
#6516=DIRECTION('',(0.,0.,1.));
#6517=DIRECTION('',(0.,-1.,0.));
#6518=DIRECTION('',(0.,1.,0.));
#6519=DIRECTION('',(0.,0.,1.));
#6520=DIRECTION('',(0.,1.,0.));
#6521=DIRECTION('',(0.,0.,1.));
#6522=DIRECTION('',(0.,-1.,0.));
#6523=DIRECTION('',(0.,1.,0.));
#6524=DIRECTION('',(0.,0.,1.));
#6525=DIRECTION('',(0.,-1.,0.));
#6526=DIRECTION('',(0.,-1.,0.));
#6527=DIRECTION('',(0.,0.,-1.));
#6528=DIRECTION('',(0.,-1.,0.));
#6529=DIRECTION('',(0.,0.,-1.));
#6530=DIRECTION('',(0.,-1.,0.));
#6531=DIRECTION('',(0.,1.,0.));
#6532=DIRECTION('',(0.,0.,1.));
#6533=DIRECTION('',(0.,-1.,0.));
#6534=DIRECTION('',(0.,-1.,0.));
#6535=DIRECTION('',(0.,0.,-1.));
#6536=DIRECTION('',(0.,-1.,0.));
#6537=DIRECTION('',(0.,0.,-1.));
#6538=DIRECTION('',(0.,-1.,0.));
#6539=DIRECTION('',(0.,1.,0.));
#6540=DIRECTION('',(0.,0.,1.));
#6541=DIRECTION('',(0.,-1.,0.));
#6542=DIRECTION('',(0.,-1.,0.));
#6543=DIRECTION('',(0.,0.,-1.));
#6544=DIRECTION('',(0.,-1.,0.));
#6545=DIRECTION('',(0.,0.,-1.));
#6546=DIRECTION('',(0.,-1.,0.));
#6547=DIRECTION('',(0.,1.,0.));
#6548=DIRECTION('',(0.,0.,1.));
#6549=DIRECTION('',(0.,-1.,0.));
#6550=DIRECTION('',(0.,-1.,0.));
#6551=DIRECTION('',(0.,0.,-1.));
#6552=DIRECTION('',(0.,-1.,0.));
#6553=DIRECTION('',(0.,0.,-1.));
#6554=DIRECTION('',(0.,0.,-1.));
#6555=DIRECTION('',(0.,0.,1.));
#6556=DIRECTION('',(1.,0.,0.));
#6557=DIRECTION('',(0.,0.,-1.));
#6558=DIRECTION('',(0.,0.,-1.));
#6559=DIRECTION('',(-1.,0.,0.));
#6560=DIRECTION('',(0.,0.,-1.));
#6561=DIRECTION('',(-1.,0.,0.));
#6562=DIRECTION('',(0.,0.,-1.));
#6563=DIRECTION('',(0.,0.,1.));
#6564=DIRECTION('',(1.,0.,0.));
#6565=DIRECTION('',(0.,0.,-1.));
#6566=DIRECTION('',(0.,0.,-1.));
#6567=DIRECTION('',(-1.,0.,0.));
#6568=DIRECTION('',(0.,0.,-1.));
#6569=DIRECTION('',(-1.,0.,0.));
#6570=DIRECTION('',(1.,0.,0.));
#6571=DIRECTION('',(-1.,0.,-1.93968069174051E-16));
#6572=DIRECTION('',(0.,0.,1.));
#6573=DIRECTION('',(1.,0.,0.));
#6574=DIRECTION('',(-1.,0.,0.));
#6575=DIRECTION('',(0.,0.,1.));
#6576=DIRECTION('',(-1.,0.,0.));
#6577=DIRECTION('',(0.,0.,1.));
#6578=DIRECTION('',(-1.,0.,0.));
#6579=DIRECTION('',(0.,0.,1.));
#6580=DIRECTION('',(0.,0.,1.));
#6581=DIRECTION('',(1.,0.,0.));
#6582=DIRECTION('',(0.,0.,-1.));
#6583=DIRECTION('',(1.,0.,0.));
#6584=DIRECTION('',(-1.,0.,-1.93968069174051E-16));
#6585=DIRECTION('',(0.,0.,1.));
#6586=DIRECTION('',(1.,0.,0.));
#6587=DIRECTION('',(-1.,0.,0.));
#6588=DIRECTION('',(0.,0.,1.));
#6589=DIRECTION('',(-1.,0.,0.));
#6590=DIRECTION('',(0.,0.,1.));
#6591=DIRECTION('',(1.,0.,0.));
#6592=DIRECTION('',(-1.,0.,0.));
#6593=DIRECTION('',(0.,0.,1.));
#6594=DIRECTION('',(1.,0.,0.));
#6595=DIRECTION('',(-1.,0.,0.));
#6596=DIRECTION('',(0.,0.,1.));
#6597=DIRECTION('',(-1.,0.,0.));
#6598=DIRECTION('',(0.,0.,1.));
#6599=DIRECTION('',(-1.,0.,0.));
#6600=DIRECTION('',(0.,0.,1.));
#6601=DIRECTION('',(0.,1.,0.));
#6602=DIRECTION('',(1.,0.,0.));
#6603=DIRECTION('',(0.,0.,-1.));
#6604=DIRECTION('',(1.,0.,0.));
#6605=DIRECTION('',(-1.,0.,0.));
#6606=DIRECTION('',(0.,0.,1.));
#6607=DIRECTION('',(1.,0.,0.));
#6608=DIRECTION('',(-1.,0.,0.));
#6609=DIRECTION('',(0.,0.,1.));
#6610=DIRECTION('',(-1.,0.,0.));
#6611=DIRECTION('',(0.,0.,1.));
#6612=DIRECTION('',(-1.,0.,0.));
#6613=DIRECTION('',(0.,0.,1.));
#6614=DIRECTION('',(1.,0.,0.));
#6615=DIRECTION('',(0.,0.,-1.));
#6616=DIRECTION('',(1.,0.,0.));
#6617=DIRECTION('',(1.,0.,0.));
#6618=DIRECTION('',(0.,0.,-1.));
#6619=DIRECTION('',(1.,0.,0.));
#6620=DIRECTION('',(1.,0.,0.));
#6621=DIRECTION('',(0.,0.,-1.));
#6622=DIRECTION('',(1.,0.,0.));
#6623=DIRECTION('',(0.,0.,-1.));
#6624=DIRECTION('',(0.,0.,1.));
#6625=DIRECTION('',(1.,0.,0.));
#6626=DIRECTION('',(0.,0.,-1.));
#6627=DIRECTION('',(-1.,0.,0.));
#6628=DIRECTION('',(0.,0.,1.));
#6629=DIRECTION('',(1.,0.,0.));
#6630=DIRECTION('',(1.,0.,0.));
#6631=DIRECTION('',(0.,0.,-1.));
#6632=DIRECTION('',(1.,0.,0.));
#6633=DIRECTION('',(-1.,0.,0.));
#6634=DIRECTION('',(0.,0.,1.));
#6635=DIRECTION('',(-1.,0.,0.));
#6636=DIRECTION('',(0.,0.,1.));
#6637=DIRECTION('',(1.,0.,0.));
#6638=DIRECTION('',(1.,0.,0.));
#6639=DIRECTION('',(0.,0.,-1.));
#6640=DIRECTION('',(1.,0.,0.));
#6641=DIRECTION('',(-1.,0.,0.));
#6642=DIRECTION('',(0.,0.,1.));
#6643=DIRECTION('',(-1.,0.,0.));
#6644=DIRECTION('',(0.,0.,1.));
#6645=DIRECTION('',(1.,0.,0.));
#6646=DIRECTION('',(1.,0.,0.));
#6647=DIRECTION('',(0.,0.,-1.));
#6648=DIRECTION('',(1.,0.,0.));
#6649=DIRECTION('',(1.,0.,0.));
#6650=DIRECTION('',(0.,0.,-1.));
#6651=DIRECTION('',(1.,0.,0.));
#6652=DIRECTION('',(0.,0.,-1.));
#6653=DIRECTION('',(1.,0.,0.));
#6654=DIRECTION('',(0.,0.,-1.));
#6655=DIRECTION('',(-1.,0.,0.));
#6656=DIRECTION('',(0.,0.,1.));
#6657=DIRECTION('',(1.,0.,0.));
#6658=DIRECTION('',(1.,0.,0.));
#6659=DIRECTION('',(0.,0.,-1.));
#6660=DIRECTION('',(1.,0.,0.));
#6661=DIRECTION('',(1.,0.,0.));
#6662=DIRECTION('',(0.,0.,-1.));
#6663=DIRECTION('',(1.,0.,0.));
#6664=DIRECTION('',(0.,0.,-1.));
#6665=DIRECTION('',(1.,0.,0.));
#6666=DIRECTION('',(0.,0.,-1.));
#6667=DIRECTION('',(-1.,0.,0.));
#6668=DIRECTION('',(0.,0.,1.));
#6669=DIRECTION('',(1.,0.,0.));
#6670=DIRECTION('',(-1.,0.,0.));
#6671=DIRECTION('',(0.,0.,1.));
#6672=DIRECTION('',(1.,0.,0.));
#6673=DIRECTION('',(-1.,0.,0.));
#6674=DIRECTION('',(0.,0.,1.));
#6675=DIRECTION('',(-1.,0.,0.));
#6676=DIRECTION('',(0.,0.,1.));
#6677=DIRECTION('',(1.,0.,0.));
#6678=DIRECTION('',(-1.,0.,0.));
#6679=DIRECTION('',(0.,0.,1.));
#6680=DIRECTION('',(1.,0.,0.));
#6681=DIRECTION('',(-1.,0.,0.));
#6682=DIRECTION('',(0.,0.,1.));
#6683=DIRECTION('',(-1.,0.,0.));
#6684=DIRECTION('',(0.,0.,1.));
#6685=DIRECTION('',(0.,-1.,0.));
#6686=DIRECTION('',(0.,-1.,0.));
#6687=DIRECTION('',(0.,0.,-1.));
#6688=DIRECTION('',(0.,-1.,0.));
#6689=DIRECTION('',(0.,-1.,0.));
#6690=DIRECTION('',(0.,0.,-1.));
#6691=DIRECTION('',(0.,-1.,0.));
#6692=DIRECTION('',(0.,0.,-1.));
#6693=DIRECTION('',(0.,-1.,0.));
#6694=DIRECTION('',(0.,0.,-1.));
#6695=DIRECTION('',(0.,1.,0.));
#6696=DIRECTION('',(0.,0.,1.));
#6697=DIRECTION('',(0.,-1.,0.));
#6698=DIRECTION('',(0.,-1.,0.));
#6699=DIRECTION('',(0.,0.,-1.));
#6700=DIRECTION('',(0.,-1.,0.));
#6701=DIRECTION('',(0.,-1.,0.));
#6702=DIRECTION('',(0.,0.,-1.));
#6703=DIRECTION('',(0.,-1.,0.));
#6704=DIRECTION('',(0.,0.,-1.));
#6705=DIRECTION('',(0.,-1.,0.));
#6706=DIRECTION('',(0.,0.,-1.));
#6707=DIRECTION('',(0.,1.,0.));
#6708=DIRECTION('',(0.,0.,1.));
#6709=DIRECTION('',(0.,-1.,0.));
#6710=DIRECTION('',(0.,-1.,0.));
#6711=DIRECTION('',(0.,0.,-1.));
#6712=DIRECTION('',(0.,-1.,0.));
#6713=DIRECTION('',(0.,-1.,0.));
#6714=DIRECTION('',(0.,0.,-1.));
#6715=DIRECTION('',(0.,-1.,0.));
#6716=DIRECTION('',(0.,0.,-1.));
#6717=DIRECTION('',(0.,-1.,0.));
#6718=DIRECTION('',(0.,0.,-1.));
#6719=DIRECTION('',(0.,1.,0.));
#6720=DIRECTION('',(0.,0.,1.));
#6721=DIRECTION('',(0.,-1.,0.));
#6722=DIRECTION('',(0.,-1.,0.));
#6723=DIRECTION('',(0.,0.,-1.));
#6724=DIRECTION('',(0.,-1.,0.));
#6725=DIRECTION('',(0.,-1.,0.));
#6726=DIRECTION('',(0.,0.,-1.));
#6727=DIRECTION('',(0.,-1.,0.));
#6728=DIRECTION('',(0.,0.,-1.));
#6729=DIRECTION('',(0.,-1.,0.));
#6730=DIRECTION('',(0.,0.,-1.));
#6731=DIRECTION('',(0.,1.,0.));
#6732=DIRECTION('',(0.,0.,1.));
#6733=DIRECTION('',(0.,-1.,0.));
#6734=DIRECTION('',(0.,-1.,0.));
#6735=DIRECTION('',(0.,0.,-1.));
#6736=DIRECTION('',(0.,-1.,0.));
#6737=DIRECTION('',(0.,-1.,0.));
#6738=DIRECTION('',(0.,0.,-1.));
#6739=DIRECTION('',(0.,-1.,0.));
#6740=DIRECTION('',(0.,0.,-1.));
#6741=DIRECTION('',(0.,-1.,0.));
#6742=DIRECTION('',(0.,0.,-1.));
#6743=DIRECTION('',(0.,1.,0.));
#6744=DIRECTION('',(0.,0.,1.));
#6745=DIRECTION('',(0.,-1.,0.));
#6746=DIRECTION('',(0.,-1.,0.));
#6747=DIRECTION('',(0.,0.,-1.));
#6748=DIRECTION('',(0.,-1.,0.));
#6749=DIRECTION('',(0.,-1.,0.));
#6750=DIRECTION('',(0.,0.,-1.));
#6751=DIRECTION('',(0.,-1.,0.));
#6752=DIRECTION('',(0.,0.,-1.));
#6753=DIRECTION('',(0.,-1.,0.));
#6754=DIRECTION('',(0.,0.,-1.));
#6755=DIRECTION('',(0.,1.,0.));
#6756=DIRECTION('',(0.,0.,1.));
#6757=DIRECTION('',(0.,-1.,0.));
#6758=DIRECTION('',(0.,-1.,0.));
#6759=DIRECTION('',(0.,0.,-1.));
#6760=DIRECTION('',(0.,-1.,0.));
#6761=DIRECTION('',(0.,-1.,0.));
#6762=DIRECTION('',(0.,0.,-1.));
#6763=DIRECTION('',(0.,-1.,0.));
#6764=DIRECTION('',(0.,0.,-1.));
#6765=DIRECTION('',(0.,-1.,0.));
#6766=DIRECTION('',(0.,0.,-1.));
#6767=DIRECTION('',(0.,1.,0.));
#6768=DIRECTION('',(0.,0.,1.));
#6769=DIRECTION('',(0.,0.,-1.));
#6770=DIRECTION('',(0.,0.,1.));
#6771=DIRECTION('',(0.,-1.,0.));
#6772=DIRECTION('',(-1.,0.,0.));
#6773=DIRECTION('',(0.,0.,1.));
#6774=DIRECTION('',(0.,0.,1.));
#6775=DIRECTION('',(0.,0.,-1.));
#6776=DIRECTION('',(0.,-1.,0.));
#6777=DIRECTION('',(-1.,0.,0.));
#6778=DIRECTION('',(0.,0.,1.));
#6779=DIRECTION('',(-1.,0.,1.36699426361385E-16));
#6780=DIRECTION('',(-1.,0.,0.));
#6781=DIRECTION('',(0.,1.,0.));
#6782=DIRECTION('',(0.,0.,-1.));
#6783=DIRECTION('',(1.,0.,-8.67361737988403E-16));
#6784=DIRECTION('',(0.,0.,-1.));
#6785=DIRECTION('',(-1.,0.,0.));
#6786=DIRECTION('',(0.,0.,1.));
#6787=DIRECTION('',(0.,1.,0.));
#6788=DIRECTION('',(0.,0.,1.));
#6789=DIRECTION('',(0.,0.,1.));
#6790=DIRECTION('',(-1.,0.,0.));
#6791=DIRECTION('',(0.,0.,1.));
#6792=DIRECTION('',(-1.,0.,8.67361737988403E-16));
#6793=DIRECTION('',(-1.,0.,0.));
#6794=DIRECTION('',(8.67361737988403E-16,0.,1.));
#6795=DIRECTION('',(1.,0.,-8.67361737988404E-16));
#6796=DIRECTION('',(0.,0.,-1.));
#6797=DIRECTION('',(1.,0.,0.));
#6798=DIRECTION('',(0.,0.,-1.));
#6799=DIRECTION('',(-1.,0.,0.));
#6800=DIRECTION('',(0.,0.,-1.));
#6801=DIRECTION('',(-1.,0.,0.));
#6802=DIRECTION('',(-1.,0.,0.));
#6803=DIRECTION('',(0.,0.,1.));
#6804=DIRECTION('',(-1.,0.,0.));
#6805=DIRECTION('',(0.,0.,1.));
#6806=DIRECTION('',(1.,0.,0.));
#6807=DIRECTION('',(0.,0.,-1.));
#6808=DIRECTION('',(1.,0.,0.));
#6809=DIRECTION('',(0.,0.,-1.));
#6810=DIRECTION('',(0.,1.,0.));
#6811=DIRECTION('',(0.,0.,1.));
#6812=DIRECTION('',(0.,1.,0.));
#6813=DIRECTION('',(0.,0.,1.));
#6814=DIRECTION('',(0.,1.,0.));
#6815=DIRECTION('',(0.,0.,1.));
#6816=DIRECTION('',(0.,1.,0.));
#6817=DIRECTION('',(0.,0.,1.));
#6818=DIRECTION('',(0.,0.,1.));
#6819=DIRECTION('',(0.,1.,0.));
#6820=DIRECTION('',(-1.,0.,0.));
#6821=DIRECTION('',(0.,0.,1.));
#6822=DIRECTION('',(-1.,0.,0.));
#6823=DIRECTION('',(0.,0.,-1.));
#6824=DIRECTION('',(-1.,0.,0.));
#6825=DIRECTION('',(0.,0.,1.));
#6826=DIRECTION('',(-1.,0.,0.));
#6827=DIRECTION('',(0.,0.,1.));
#6828=DIRECTION('',(1.,0.,0.));
#6829=DIRECTION('',(0.,0.,1.));
#6830=DIRECTION('',(1.,0.,0.));
#6831=DIRECTION('',(0.,0.,-1.));
#6832=DIRECTION('',(0.,1.,0.));
#6833=DIRECTION('',(1.,0.,0.));
#6834=DIRECTION('',(0.,0.,-1.));
#6835=DIRECTION('',(1.,0.,0.));
#6836=DIRECTION('',(0.,0.,1.));
#6837=DIRECTION('',(1.,0.,0.));
#6838=DIRECTION('',(0.,0.,-1.));
#6839=DIRECTION('',(1.,0.,0.));
#6840=DIRECTION('',(0.,0.,-1.));
#6841=DIRECTION('',(-1.,0.,0.));
#6842=DIRECTION('',(0.,0.,-1.));
#6843=DIRECTION('',(-1.,0.,0.));
#6844=DIRECTION('',(0.,0.,-1.));
#6845=DIRECTION('',(-1.,0.,0.));
#6846=DIRECTION('',(9.6373526443156E-16,0.,1.));
#6847=DIRECTION('',(1.,0.,0.));
#6848=DIRECTION('',(0.,-1.,0.));
#6849=DIRECTION('',(0.,0.,-1.));
#6850=DIRECTION('',(0.,0.,-1.));
#6851=DIRECTION('',(-1.,0.,0.));
#6852=DIRECTION('',(0.,0.,1.));
#6853=DIRECTION('',(1.,0.,0.));
#6854=DIRECTION('',(0.,0.,-1.));
#6855=DIRECTION('',(-1.,0.,0.));
#6856=DIRECTION('',(9.6373526443156E-16,0.,1.));
#6857=DIRECTION('',(1.,0.,-9.6373526443156E-16));
#6858=DIRECTION('',(-9.64506252643105E-16,0.,-1.));
#6859=DIRECTION('',(-1.,0.,0.));
#6860=DIRECTION('',(0.,0.,1.));
#6861=DIRECTION('',(1.,0.,0.));
#6862=DIRECTION('',(-1.,0.,0.));
#6863=DIRECTION('',(1.44560289664734E-15,0.,1.));
#6864=DIRECTION('',(1.,0.,0.));
#6865=DIRECTION('',(0.,0.,-1.));
#6866=DIRECTION('',(0.,-1.,0.));
#6867=DIRECTION('',(0.,0.,-1.));
#6868=DIRECTION('',(-1.,0.,0.));
#6869=DIRECTION('',(0.,0.,1.));
#6870=DIRECTION('',(1.,0.,0.));
#6871=DIRECTION('',(0.,0.,-1.));
#6872=DIRECTION('',(-1.,0.,0.));
#6873=DIRECTION('',(0.,0.,1.));
#6874=DIRECTION('',(1.,0.,0.));
#6875=DIRECTION('',(0.,0.,-1.));
#6876=DIRECTION('',(-1.,0.,0.));
#6877=DIRECTION('',(1.44560289664734E-15,0.,1.));
#6878=DIRECTION('',(1.,0.,-1.44560289664734E-15));
#6879=DIRECTION('',(-1.44502465548868E-15,0.,-1.));
#6880=DIRECTION('',(0.,0.,1.));
#6881=DIRECTION('',(1.,0.,0.));
#6882=DIRECTION('',(0.,0.,-1.));
#6883=DIRECTION('',(-1.,0.,0.));
#6884=DIRECTION('',(0.,-1.,0.));
#6885=DIRECTION('',(0.,0.,-1.));
#6886=DIRECTION('',(0.,0.,1.));
#6887=DIRECTION('',(1.,0.,0.));
#6888=DIRECTION('',(0.,0.,-1.));
#6889=DIRECTION('',(-1.,0.,0.));
#6890=DIRECTION('',(0.,0.,1.));
#6891=DIRECTION('',(1.,0.,0.));
#6892=DIRECTION('',(0.,0.,-1.));
#6893=DIRECTION('',(-1.,0.,0.));
#6894=DIRECTION('',(0.,0.,1.));
#6895=DIRECTION('',(1.,0.,0.));
#6896=DIRECTION('',(0.,0.,-1.));
#6897=DIRECTION('',(-1.,0.,0.));
#6898=DIRECTION('',(0.,0.,1.));
#6899=DIRECTION('',(1.,0.,0.));
#6900=DIRECTION('',(0.,0.,-1.));
#6901=DIRECTION('',(-1.,0.,0.));
#6902=DIRECTION('',(0.,-1.,0.));
#6903=DIRECTION('',(0.,0.,-1.));
#6904=DIRECTION('',(-1.,0.,0.));
#6905=DIRECTION('',(0.,0.,1.));
#6906=DIRECTION('',(1.,0.,0.));
#6907=DIRECTION('',(0.,0.,-1.));
#6908=DIRECTION('',(-1.,0.,0.));
#6909=DIRECTION('',(0.,0.,1.));
#6910=DIRECTION('',(1.,0.,0.));
#6911=DIRECTION('',(0.,0.,-1.));
#6912=DIRECTION('',(-1.,0.,0.));
#6913=DIRECTION('',(0.,0.,1.));
#6914=DIRECTION('',(1.,0.,0.));
#6915=DIRECTION('',(0.,0.,-1.));
#6916=DIRECTION('',(0.,0.,-1.));
#6917=DIRECTION('',(-1.,0.,0.));
#6918=DIRECTION('',(0.,0.,1.));
#6919=DIRECTION('',(1.,0.,0.));
#6920=DIRECTION('',(0.,-1.,0.));
#6921=DIRECTION('',(0.,0.,-1.));
#6922=DIRECTION('',(0.,0.,-1.));
#6923=DIRECTION('',(-1.,0.,0.));
#6924=DIRECTION('',(0.,0.,1.));
#6925=DIRECTION('',(1.,0.,0.));
#6926=DIRECTION('',(0.,0.,-1.));
#6927=DIRECTION('',(-1.,0.,0.));
#6928=DIRECTION('',(0.,0.,1.));
#6929=DIRECTION('',(1.,0.,0.));
#6930=DIRECTION('',(0.,0.,-1.));
#6931=DIRECTION('',(5.2968655755017E-16,0.,-1.));
#6932=DIRECTION('',(-1.,0.,0.));
#6933=DIRECTION('',(4.63475737856399E-16,0.,1.));
#6934=DIRECTION('',(1.,0.,0.));
#6935=DIRECTION('',(0.,1.,0.));
#6936=DIRECTION('',(0.,0.,1.));
#6937=DIRECTION('',(0.,1.,0.));
#6938=DIRECTION('',(0.,0.,1.));
#6939=DIRECTION('',(0.,1.,0.));
#6940=DIRECTION('',(0.,0.,1.));
#6941=DIRECTION('',(0.,1.,0.));
#6942=DIRECTION('',(0.,0.,1.));
#6943=DIRECTION('',(0.,1.,0.));
#6944=DIRECTION('',(0.,0.,1.));
#6945=DIRECTION('',(1.,0.,0.));
#6946=DIRECTION('',(0.,0.,1.));
#6947=DIRECTION('',(1.,0.,0.));
#6948=DIRECTION('',(5.2968655755017E-16,0.,-1.));
#6949=DIRECTION('',(1.,0.,5.2968655755017E-16));
#6950=DIRECTION('',(5.30825383648903E-16,0.,-1.));
#6951=DIRECTION('',(-1.,0.,0.));
#6952=DIRECTION('',(0.,0.,-1.));
#6953=DIRECTION('',(-1.,0.,0.));
#6954=DIRECTION('',(4.63475737856399E-16,0.,1.));
#6955=DIRECTION('',(-1.,0.,4.63475737856399E-16));
#6956=DIRECTION('',(4.63171168085807E-16,0.,1.));
#6957=DIRECTION('',(1.,0.,4.33680868994202E-16));
#6958=DIRECTION('',(-1.,0.,-4.33680868994202E-16));
#6959=DIRECTION('',(0.,1.,0.));
#6960=DIRECTION('',(-4.33680868994202E-16,0.,1.));
#6961=DIRECTION('',(1.,0.,4.33680868994202E-16));
#6962=DIRECTION('',(0.,0.,-1.));
#6963=DIRECTION('',(0.,0.,1.));
#6964=DIRECTION('',(1.,0.,0.));
#6965=DIRECTION('',(0.,0.,-1.));
#6966=DIRECTION('',(1.,0.,0.));
#6967=DIRECTION('',(-1.,0.,0.));
#6968=DIRECTION('',(0.,1.,0.));
#6969=DIRECTION('',(0.,0.,-1.));
#6970=DIRECTION('',(-1.,0.,0.));
#6971=DIRECTION('',(-1.,0.,0.));
#6972=DIRECTION('',(1.,0.,0.));
#6973=DIRECTION('',(0.,1.,0.));
#6974=DIRECTION('',(0.,0.,-1.));
#6975=DIRECTION('',(-1.,0.,0.));
#6976=DIRECTION('',(0.,0.,-1.));
#6977=DIRECTION('',(0.,0.,1.));
#6978=DIRECTION('',(-1.,0.,0.));
#6979=DIRECTION('',(0.,0.,1.));
#6980=DIRECTION('',(-1.,0.,0.));
#6981=DIRECTION('',(0.,0.,1.));
#6982=DIRECTION('',(-1.,0.,0.));
#6983=DIRECTION('',(0.,0.,1.));
#6984=DIRECTION('',(-1.,0.,4.33680868994201E-16));
#6985=DIRECTION('',(1.,0.,-4.33680868994201E-16));
#6986=DIRECTION('',(0.,1.,0.));
#6987=DIRECTION('',(4.33680868994201E-16,0.,1.));
#6988=DIRECTION('',(1.,0.,-4.33680868994202E-16));
#6989=DIRECTION('',(1.,0.,0.));
#6990=DIRECTION('',(-1.,0.,0.));
#6991=DIRECTION('',(0.,1.,0.));
#6992=DIRECTION('',(0.,0.,1.));
#6993=DIRECTION('',(1.,0.,0.));
#6994=DIRECTION('',(0.,0.,1.));
#6995=DIRECTION('',(0.,0.,-1.));
#6996=DIRECTION('',(1.,0.,0.));
#6997=DIRECTION('',(0.,0.,-1.));
#6998=DIRECTION('',(1.,0.,0.));
#6999=DIRECTION('',(-1.,0.,0.));
#7000=DIRECTION('',(0.,1.,0.));
#7001=DIRECTION('',(0.,0.,-1.));
#7002=DIRECTION('',(-1.,0.,0.));
#7003=DIRECTION('',(0.,0.,-1.));
#7004=DIRECTION('',(-0.583823999031996,0.,-0.811880248653881));
#7005=DIRECTION('',(-1.,0.,0.));
#7006=DIRECTION('',(0.580524795065155,0.,0.814242569701781));
#7007=DIRECTION('',(0.,1.,0.));
#7008=DIRECTION('',(0.,0.,1.));
#7009=DIRECTION('',(0.580524795065155,0.,0.814242569701781));
#7010=DIRECTION('',(0.814242569701781,0.,-0.580524795065155));
#7011=DIRECTION('',(-0.580524795065155,0.,-0.814242569701781));
#7012=DIRECTION('',(0.,0.,-1.));
#7013=DIRECTION('',(0.,0.,1.));
#7014=DIRECTION('',(-1.,0.,0.));
#7015=DIRECTION('',(0.,0.,1.));
#7016=DIRECTION('',(1.,0.,0.));
#7017=DIRECTION('',(0.,0.,-1.));
#7018=DIRECTION('',(-1.,0.,0.));
#7019=DIRECTION('',(0.,1.,0.));
#7020=DIRECTION('',(0.,0.,1.));
#7021=DIRECTION('',(0.,1.,0.));
#7022=DIRECTION('',(0.,0.,1.));
#7023=DIRECTION('',(0.,1.,0.));
#7024=DIRECTION('',(0.,0.,1.));
#7025=DIRECTION('',(1.,0.,0.));
#7026=DIRECTION('',(0.,0.,1.));
#7027=DIRECTION('',(1.,0.,0.));
#7028=DIRECTION('',(0.,0.,-1.));
#7029=DIRECTION('',(1.,0.,0.));
#7030=DIRECTION('',(0.,0.,-1.));
#7031=DIRECTION('',(-1.,0.,0.));
#7032=DIRECTION('',(0.,1.,0.));
#7033=DIRECTION('',(-1.,0.,0.));
#7034=DIRECTION('',(1.,0.,0.));
#7035=DIRECTION('',(0.,0.,-1.));
#7036=DIRECTION('',(-1.,0.,0.));
#7037=DIRECTION('',(0.,0.,-1.));
#7038=DIRECTION('',(0.,0.,-1.));
#7039=DIRECTION('',(-1.,0.,0.));
#7040=DIRECTION('',(0.,0.,1.));
#7041=DIRECTION('',(0.,0.,-1.));
#7042=DIRECTION('',(0.,0.,-1.));
#7043=DIRECTION('',(1.,0.,0.));
#7044=DIRECTION('',(0.,0.,-1.));
#7045=DIRECTION('',(-1.,0.,0.));
#7046=DIRECTION('',(0.,-1.,0.));
#7047=DIRECTION('',(0.,0.,-1.));
#7048=DIRECTION('',(0.,-1.,0.));
#7049=DIRECTION('',(0.,0.,-1.));
#7050=DIRECTION('',(1.93968069174051E-16,0.,-1.));
#7051=DIRECTION('',(1.93968069174051E-16,0.,-1.));
#7052=DIRECTION('',(-1.,0.,-1.93968069174051E-16));
#7053=DIRECTION('',(0.,0.,1.));
#7054=DIRECTION('',(-1.,0.,-1.93968069174051E-16));
#7055=DIRECTION('',(0.,0.,1.));
#7056=DIRECTION('',(1.93968069174051E-16,0.,-1.));
#7057=DIRECTION('',(-1.,0.,-1.93968069174051E-16));
#7058=DIRECTION('',(0.,0.,1.));
#7059=DIRECTION('',(-1.,0.,-1.93968069174051E-16));
#7060=DIRECTION('',(0.,0.,1.));
#7061=DIRECTION('',(-1.,0.,-1.93968069174051E-16));
#7062=DIRECTION('',(-1.93855348440408E-16,0.,1.));
#7063=DIRECTION('',(0.587113332639973,0.,-0.809504746518749));
#7064=DIRECTION('',(0.587113332639973,0.,-0.809504746518749));
#7065=DIRECTION('',(-0.809504746518749,0.,-0.587113332639973));
#7066=DIRECTION('',(-0.587113332639973,0.,0.809504746518749));
#7067=DIRECTION('',(-0.587113332639973,0.,-0.809504746518749));
#7068=DIRECTION('',(-0.587113332639973,0.,-0.809504746518749));
#7069=DIRECTION('',(-0.809504746518749,0.,0.587113332639973));
#7070=DIRECTION('',(0.587113332639973,0.,0.809504746518749));
#7071=DIRECTION('',(-1.,0.,0.));
#7072=DIRECTION('',(0.,0.,1.));
#7073=DIRECTION('',(1.,0.,-3.67526160164578E-17));
#7074=DIRECTION('',(0.,0.,-1.));
#7075=DIRECTION('',(0.,1.,0.));
#7076=DIRECTION('',(0.,0.,1.));
#7077=DIRECTION('',(0.,1.,0.));
#7078=DIRECTION('',(0.,0.,1.));
#7079=DIRECTION('',(0.,1.,0.));
#7080=DIRECTION('',(0.,0.,1.));
#7081=DIRECTION('',(0.,1.,0.));
#7082=DIRECTION('',(0.,0.,1.));
#7083=DIRECTION('',(0.,1.,0.));
#7084=DIRECTION('',(0.,0.,1.));
#7085=DIRECTION('',(0.,1.,0.));
#7086=DIRECTION('',(0.,0.,1.));
#7087=DIRECTION('',(0.,1.,0.));
#7088=DIRECTION('',(0.,0.,1.));
#7089=DIRECTION('',(0.,1.,0.));
#7090=DIRECTION('',(0.,0.,1.));
#7091=DIRECTION('',(0.,1.,0.));
#7092=DIRECTION('',(0.,0.,1.));
#7093=DIRECTION('',(0.,0.,-1.));
#7094=DIRECTION('',(1.,0.,0.));
#7095=DIRECTION('',(0.,0.,-1.));
#7096=DIRECTION('',(0.,0.,1.));
#7097=DIRECTION('',(1.,0.,9.15888225445655E-17));
#7098=DIRECTION('',(0.548026257310873,0.,-0.836461129579754));
#7099=DIRECTION('',(0.,0.,-1.));
#7100=DIRECTION('',(-1.,0.,0.));
#7101=DIRECTION('',(0.,1.,0.));
#7102=DIRECTION('',(0.,0.,1.));
#7103=DIRECTION('',(-1.,0.,0.));
#7104=DIRECTION('',(0.,0.,-1.));
#7105=DIRECTION('',(-1.,0.,0.));
#7106=DIRECTION('',(0.,0.,1.));
#7107=DIRECTION('',(-1.,0.,0.));
#7108=DIRECTION('',(0.,0.,1.));
#7109=DIRECTION('',(0.,0.,1.));
#7110=DIRECTION('',(-1.,0.,0.));
#7111=DIRECTION('',(0.,0.,1.));
#7112=DIRECTION('',(0.548026257310869,0.,-0.836461129579756));
#7113=DIRECTION('',(0.836461129579756,0.,0.548026257310869));
#7114=DIRECTION('',(0.548026257310869,0.,-0.836461129579756));
#7115=DIRECTION('',(-0.583823999031996,0.,-0.811880248653881));
#7116=DIRECTION('',(0.811880248653881,0.,-0.583823999031996));
#7117=DIRECTION('',(-0.583823999031996,0.,-0.811880248653881));
#7118=DIRECTION('',(1.,0.,-1.36699426361385E-16));
#7119=DIRECTION('',(-1.,0.,-1.22304758485377E-16));
#7120=DIRECTION('',(0.,0.,-1.));
#7121=DIRECTION('',(0.,0.,1.));
#7122=DIRECTION('',(1.,0.,0.));
#7123=DIRECTION('',(0.,0.,-1.));
#7124=DIRECTION('',(0.,0.,-1.));
#7125=DIRECTION('',(-1.,0.,0.));
#7126=DIRECTION('',(0.,0.,1.));
#7127=DIRECTION('',(0.,0.,1.));
#7128=DIRECTION('',(0.,1.,0.));
#7129=DIRECTION('',(0.,0.,1.));
#7130=DIRECTION('',(0.,1.,0.));
#7131=DIRECTION('',(0.,0.,1.));
#7132=DIRECTION('',(0.,1.,0.));
#7133=DIRECTION('',(0.,0.,1.));
#7134=DIRECTION('',(0.,1.,0.));
#7135=DIRECTION('',(0.,0.,1.));
#7136=DIRECTION('',(0.,1.,0.));
#7137=DIRECTION('',(0.,0.,1.));
#7138=DIRECTION('',(0.,0.,1.));
#7139=DIRECTION('',(0.,1.,0.));
#7140=DIRECTION('',(-1.,0.,0.));
#7141=DIRECTION('',(0.,0.,1.));
#7142=DIRECTION('',(1.,0.,0.));
#7143=DIRECTION('',(0.,1.,0.));
#7144=DIRECTION('',(0.,0.,1.));
#7145=DIRECTION('',(1.,0.,0.));
#7146=DIRECTION('',(0.,0.,1.));
#7147=DIRECTION('',(1.,0.,0.));
#7148=DIRECTION('',(0.,0.,1.));
#7149=DIRECTION('',(1.,0.,0.));
#7150=DIRECTION('',(0.,0.,-1.));
#7151=DIRECTION('',(0.,1.,0.));
#7152=DIRECTION('',(1.,0.,0.));
#7153=DIRECTION('',(0.,0.,-1.));
#7154=DIRECTION('',(1.,0.,0.));
#7155=DIRECTION('',(0.,0.,-1.));
#7156=DIRECTION('',(1.,0.,0.));
#7157=DIRECTION('',(0.,0.,-1.));
#7158=DIRECTION('',(1.,0.,0.));
#7159=DIRECTION('',(0.,0.,-1.));
#7160=DIRECTION('',(1.,0.,0.));
#7161=DIRECTION('',(0.,0.,-1.));
#7162=DIRECTION('',(1.,0.,0.));
#7163=DIRECTION('',(0.,0.,-1.));
#7164=DIRECTION('',(-1.,0.,0.));
#7165=DIRECTION('',(0.,1.,0.));
#7166=DIRECTION('',(0.,0.,-1.));
#7167=DIRECTION('',(-1.,0.,0.));
#7168=DIRECTION('',(-1.,0.,-1.22304758485377E-16));
#7169=DIRECTION('',(1.,0.,-2.26280040699459E-16));
#7170=DIRECTION('',(-1.,0.,-1.22304758485377E-16));
#7171=DIRECTION('',(1.22304758485377E-16,0.,-1.));
#7172=DIRECTION('',(-1.,0.,-1.2490009027033E-16));
#7173=DIRECTION('',(0.,0.,1.));
#7174=DIRECTION('',(-1.,0.,0.));
#7175=DIRECTION('',(0.,0.,1.));
#7176=DIRECTION('',(0.,0.,-1.));
#7177=DIRECTION('',(1.,0.,0.));
#7178=DIRECTION('',(0.,0.,-1.));
#7179=DIRECTION('',(0.,0.,1.));
#7180=DIRECTION('',(-1.,0.,0.));
#7181=DIRECTION('',(0.,0.,1.));
#7182=DIRECTION('',(-1.,0.,0.));
#7183=DIRECTION('',(0.,0.,1.));
#7184=DIRECTION('',(-1.,0.,0.));
#7185=DIRECTION('',(0.,0.,1.));
#7186=DIRECTION('',(-1.,0.,0.));
#7187=DIRECTION('',(0.,0.,1.));
#7188=DIRECTION('',(-1.,0.,0.));
#7189=DIRECTION('',(0.,0.,1.));
#7190=DIRECTION('',(-1.,0.,0.));
#7191=DIRECTION('',(0.,0.,1.));
#7192=DIRECTION('',(1.,0.,-1.36699426361385E-16));
#7193=DIRECTION('',(1.,0.,-1.36699426361385E-16));
#7194=DIRECTION('',(0.,0.,-1.));
#7195=DIRECTION('',(1.,0.,0.));
#7196=DIRECTION('',(-1.,0.,0.));
#7197=DIRECTION('',(0.,0.,-1.));
#7198=DIRECTION('',(0.,1.,0.));
#7199=DIRECTION('',(0.,0.,1.));
#7200=DIRECTION('',(0.,1.,0.));
#7201=DIRECTION('',(0.,0.,1.));
#7202=DIRECTION('',(0.,1.,0.));
#7203=DIRECTION('',(0.,0.,1.));
#7204=DIRECTION('',(0.,1.,0.));
#7205=DIRECTION('',(0.,0.,1.));
#7206=DIRECTION('',(-1.,0.,3.39420061049189E-16));
#7207=DIRECTION('',(1.,0.,0.));
#7208=DIRECTION('',(-1.,0.,0.));
#7209=DIRECTION('',(0.,-1.,0.));
#7210=DIRECTION('',(0.,0.,-1.));
#7211=DIRECTION('',(0.,-1.,0.));
#7212=DIRECTION('',(0.,0.,-1.));
#7213=DIRECTION('',(0.,-1.,0.));
#7214=DIRECTION('',(0.,0.,-1.));
#7215=DIRECTION('',(0.,-1.,0.));
#7216=DIRECTION('',(0.,0.,-1.));
#7217=DIRECTION('',(-1.,0.,0.));
#7218=DIRECTION('',(0.,0.,1.));
#7219=DIRECTION('',(-1.,0.,0.));
#7220=DIRECTION('',(0.,0.,1.));
#7221=DIRECTION('',(-1.,0.,0.));
#7222=DIRECTION('',(0.,0.,1.));
#7223=DIRECTION('',(-1.,0.,0.));
#7224=DIRECTION('',(0.,0.,1.));
#7225=DIRECTION('',(1.,0.,0.));
#7226=DIRECTION('',(0.,0.,-1.));
#7227=DIRECTION('',(1.,0.,0.));
#7228=DIRECTION('',(0.,0.,-1.));
#7229=DIRECTION('',(1.,0.,0.));
#7230=DIRECTION('',(0.,0.,-1.));
#7231=DIRECTION('',(0.,0.,-1.));
#7232=DIRECTION('',(-1.,0.,0.));
#7233=DIRECTION('',(0.,0.,-1.));
#7234=DIRECTION('',(-1.,0.,0.));
#7235=DIRECTION('',(1.36699426361385E-16,0.,1.));
#7236=DIRECTION('',(1.,0.,-1.36609473733174E-16));
#7237=DIRECTION('',(0.,-1.,0.));
#7238=DIRECTION('',(0.,0.,-1.));
#7239=DIRECTION('',(0.,-1.,0.));
#7240=DIRECTION('',(0.,0.,-1.));
#7241=DIRECTION('',(0.,-1.,0.));
#7242=DIRECTION('',(0.,0.,-1.));
#7243=DIRECTION('',(0.,-1.,0.));
#7244=DIRECTION('',(0.,0.,-1.));
#7245=DIRECTION('',(0.,-1.,0.));
#7246=DIRECTION('',(0.,0.,-1.));
#7247=DIRECTION('',(0.,-1.,0.));
#7248=DIRECTION('',(0.,0.,-1.));
#7249=DIRECTION('',(0.,-1.,0.));
#7250=DIRECTION('',(0.,0.,-1.));
#7251=DIRECTION('',(0.,-1.,0.));
#7252=DIRECTION('',(0.,0.,-1.));
#7253=DIRECTION('',(0.,-1.,0.));
#7254=DIRECTION('',(0.,0.,-1.));
#7255=DIRECTION('',(0.,-1.,0.));
#7256=DIRECTION('',(0.,0.,-1.));
#7257=DIRECTION('',(0.,-1.,0.));
#7258=DIRECTION('',(0.,0.,-1.));
#7259=DIRECTION('',(0.,1.,0.));
#7260=DIRECTION('',(0.,0.,1.));
#7261=DIRECTION('',(0.,1.,0.));
#7262=DIRECTION('',(0.,0.,1.));
#7263=DIRECTION('',(0.,1.,0.));
#7264=DIRECTION('',(0.,0.,1.));
#7265=DIRECTION('',(0.,1.,0.));
#7266=DIRECTION('',(0.,0.,1.));
#7267=DIRECTION('',(0.,1.,0.));
#7268=DIRECTION('',(0.,0.,1.));
#7269=DIRECTION('',(0.,1.,0.));
#7270=DIRECTION('',(0.,0.,1.));
#7271=DIRECTION('',(0.,1.,0.));
#7272=DIRECTION('',(0.,0.,1.));
#7273=DIRECTION('',(0.,1.,0.));
#7274=DIRECTION('',(0.,0.,1.));
#7275=DIRECTION('',(0.,1.,0.));
#7276=DIRECTION('',(0.,0.,1.));
#7277=DIRECTION('',(0.,1.,0.));
#7278=DIRECTION('',(0.,0.,1.));
#7279=DIRECTION('',(0.,1.,0.));
#7280=DIRECTION('',(0.,0.,1.));
#7281=DIRECTION('',(0.,1.,0.));
#7282=DIRECTION('',(0.,0.,1.));
#7283=DIRECTION('',(0.,1.,0.));
#7284=DIRECTION('',(0.,0.,1.));
#7285=DIRECTION('',(0.,1.,0.));
#7286=DIRECTION('',(0.,0.,1.));
#7287=DIRECTION('',(0.,1.,0.));
#7288=DIRECTION('',(0.,0.,1.));
#7289=DIRECTION('',(0.,1.,0.));
#7290=DIRECTION('',(0.,0.,1.));
#7291=DIRECTION('',(0.,1.,0.));
#7292=DIRECTION('',(0.,0.,1.));
#7293=DIRECTION('',(0.,1.,0.));
#7294=DIRECTION('',(0.,0.,1.));
#7295=DIRECTION('',(0.,1.,0.));
#7296=DIRECTION('',(0.,0.,1.));
#7297=DIRECTION('',(0.,1.,0.));
#7298=DIRECTION('',(0.,0.,1.));
#7299=DIRECTION('',(0.,1.,0.));
#7300=DIRECTION('',(0.,0.,1.));
#7301=DIRECTION('',(0.,-1.,0.));
#7302=DIRECTION('',(0.,0.,-1.));
#7303=DIRECTION('',(0.,-1.,0.));
#7304=DIRECTION('',(0.,0.,-1.));
#7305=DIRECTION('',(0.,-1.,0.));
#7306=DIRECTION('',(0.,0.,-1.));
#7307=DIRECTION('',(0.,-1.,0.));
#7308=DIRECTION('',(0.,0.,-1.));
#7309=DIRECTION('',(0.,-1.,0.));
#7310=DIRECTION('',(0.,0.,-1.));
#7311=DIRECTION('',(0.,-1.,0.));
#7312=DIRECTION('',(0.,0.,-1.));
#7313=DIRECTION('',(0.,-1.,0.));
#7314=DIRECTION('',(0.,0.,-1.));
#7315=DIRECTION('',(-1.,0.,0.));
#7316=DIRECTION('',(0.,0.,1.));
#7317=DIRECTION('',(-1.,0.,0.));
#7318=DIRECTION('',(0.,0.,1.));
#7319=DIRECTION('',(1.,0.,0.));
#7320=DIRECTION('',(0.,0.,-1.));
#7321=DIRECTION('',(1.,0.,0.));
#7322=DIRECTION('',(0.,0.,-1.));
#7323=DIRECTION('',(-1.,0.,0.));
#7324=DIRECTION('',(0.,0.,1.));
#7325=DIRECTION('',(-1.,0.,0.));
#7326=DIRECTION('',(0.,0.,1.));
#7327=DIRECTION('',(1.,0.,0.));
#7328=DIRECTION('',(0.,0.,-1.));
#7329=DIRECTION('',(-1.,0.,0.));
#7330=DIRECTION('',(0.,0.,1.));
#7331=DIRECTION('',(-1.,0.,0.));
#7332=DIRECTION('',(0.,0.,1.));
#7333=DIRECTION('',(-1.,0.,0.));
#7334=DIRECTION('',(0.,0.,1.));
#7335=DIRECTION('',(-1.,0.,0.));
#7336=DIRECTION('',(0.,0.,1.));
#7337=DIRECTION('',(0.,0.,-1.));
#7338=DIRECTION('',(-1.,0.,0.));
#7339=DIRECTION('',(0.,0.,-1.));
#7340=DIRECTION('',(-1.,0.,0.));
#7341=DIRECTION('',(0.,-1.,0.));
#7342=DIRECTION('',(0.,0.,-1.));
#7343=DIRECTION('',(0.,-1.,0.));
#7344=DIRECTION('',(0.,0.,-1.));
#7345=DIRECTION('',(0.,-1.,0.));
#7346=DIRECTION('',(0.,0.,-1.));
#7347=DIRECTION('',(0.,-1.,0.));
#7348=DIRECTION('',(0.,0.,-1.));
#7349=DIRECTION('',(0.,1.,0.));
#7350=DIRECTION('',(0.,0.,1.));
#7351=DIRECTION('',(0.,1.,0.));
#7352=DIRECTION('',(0.,0.,1.));
#7353=DIRECTION('',(0.,1.,0.));
#7354=DIRECTION('',(0.,0.,1.));
#7355=DIRECTION('',(0.,1.,0.));
#7356=DIRECTION('',(0.,0.,1.));
#7357=DIRECTION('',(0.,1.,0.));
#7358=DIRECTION('',(0.,0.,1.));
#7359=DIRECTION('',(0.,1.,0.));
#7360=DIRECTION('',(0.,0.,1.));
#7361=DIRECTION('',(0.,1.,0.));
#7362=DIRECTION('',(0.,0.,1.));
#7363=DIRECTION('',(0.,1.,0.));
#7364=DIRECTION('',(0.,0.,1.));
#7365=DIRECTION('',(0.,1.,0.));
#7366=DIRECTION('',(0.,0.,1.));
#7367=DIRECTION('',(0.,1.,0.));
#7368=DIRECTION('',(0.,0.,1.));
#7369=DIRECTION('',(0.,1.,0.));
#7370=DIRECTION('',(0.,0.,1.));
#7371=DIRECTION('',(0.,1.,0.));
#7372=DIRECTION('',(0.,0.,1.));
#7373=DIRECTION('',(0.,1.,0.));
#7374=DIRECTION('',(0.,0.,1.));
#7375=DIRECTION('',(0.,1.,0.));
#7376=DIRECTION('',(0.,0.,1.));
#7377=DIRECTION('',(0.,1.,0.));
#7378=DIRECTION('',(0.,0.,1.));
#7379=DIRECTION('',(0.,1.,0.));
#7380=DIRECTION('',(0.,0.,1.));
#7381=DIRECTION('',(0.,1.,0.));
#7382=DIRECTION('',(0.,0.,1.));
#7383=DIRECTION('',(0.,1.,0.));
#7384=DIRECTION('',(0.,0.,1.));
#7385=DIRECTION('',(-1.,0.,0.));
#7386=DIRECTION('',(0.,0.,1.));
#7387=DIRECTION('',(0.,1.,0.));
#7388=DIRECTION('',(0.,0.,1.));
#7389=DIRECTION('',(0.,1.,0.));
#7390=DIRECTION('',(0.,0.,1.));
#7391=DIRECTION('',(0.,1.,0.));
#7392=DIRECTION('',(0.,0.,1.));
#7393=DIRECTION('',(0.,1.,0.));
#7394=DIRECTION('',(0.,0.,1.));
#7395=DIRECTION('',(0.,1.,0.));
#7396=DIRECTION('',(0.,0.,1.));
#7397=DIRECTION('',(0.,1.,0.));
#7398=DIRECTION('',(0.,0.,1.));
#7399=CARTESIAN_POINT('',(0.,0.,0.));
#7400=CARTESIAN_POINT('',(160.1,8.5,-46.6000000000002));
#7401=CARTESIAN_POINT('',(161.6,8.5,-46.6000000000002));
#7402=CARTESIAN_POINT('',(161.317820372981,8.5,-47.4757359985482));
#7403=CARTESIAN_POINT('',(161.6,8.5,-46.6000000000002));
#7404=CARTESIAN_POINT('',(161.6,16.,-46.6000000000002));
#7405=CARTESIAN_POINT('',(160.1,16.,-46.6000000000002));
#7406=CARTESIAN_POINT('',(161.317820372981,16.,-47.4757359985482));
#7407=CARTESIAN_POINT('',(161.317820372981,16.,-47.4757359985482));
#7408=CARTESIAN_POINT('',(160.1,6.4,-46.6000000000002));
#7409=CARTESIAN_POINT('',(152.4,8.5,-55.5));
#7410=CARTESIAN_POINT('',(152.4,8.5,-57.));
#7411=CARTESIAN_POINT('',(153.621363854552,8.5,-56.3707871925977));
#7412=CARTESIAN_POINT('',(152.4,8.5,-57.));
#7413=CARTESIAN_POINT('',(152.4,6.4,-57.));
#7414=CARTESIAN_POINT('',(152.4,6.4,-55.5));
#7415=CARTESIAN_POINT('',(153.621363854552,6.4,-56.3707871925977));
#7416=CARTESIAN_POINT('',(153.621363854552,6.4,-56.3707871925977));
#7417=CARTESIAN_POINT('',(152.4,8.5,-55.5));
#7418=CARTESIAN_POINT('',(160.1,8.5,-44.6999999999996));
#7419=CARTESIAN_POINT('',(161.321363854553,8.5,-45.5707871925974));
#7420=CARTESIAN_POINT('',(161.6,8.5,-44.6999999999996));
#7421=CARTESIAN_POINT('',(161.321363854553,8.5,-45.5707871925974));
#7422=CARTESIAN_POINT('',(161.321363854553,6.4,-45.5707871925974));
#7423=CARTESIAN_POINT('',(160.1,6.4,-44.6999999999996));
#7424=CARTESIAN_POINT('',(161.6,6.4,-44.6999999999996));
#7425=CARTESIAN_POINT('',(161.6,6.4,-44.6999999999996));
#7426=CARTESIAN_POINT('',(160.1,6.4,-44.6999999999996));
#7427=CARTESIAN_POINT('',(128.3,4.2,-2.50000000000001));
#7428=CARTESIAN_POINT('',(126.8,4.2,-2.50000000000001));
#7429=CARTESIAN_POINT('',(128.3,4.2,-0.999999999999998));
#7430=CARTESIAN_POINT('',(126.8,4.2,-2.50000000000001));
#7431=CARTESIAN_POINT('',(126.8,6.4,-2.50000000000001));
#7432=CARTESIAN_POINT('',(128.3,6.4,-2.50000000000001));
#7433=CARTESIAN_POINT('',(128.3,6.4,-1.00000000000001));
#7434=CARTESIAN_POINT('',(128.3,6.4,-1.00000000000001));
#7435=CARTESIAN_POINT('',(128.3,6.4,-2.50000000000001));
#7436=CARTESIAN_POINT('',(0.5,0.,-43.3));
#7437=CARTESIAN_POINT('',(0.5,0.,-41.8));
#7438=CARTESIAN_POINT('',(2.,0.,-43.3));
#7439=CARTESIAN_POINT('',(0.5,0.,-41.8));
#7440=CARTESIAN_POINT('',(0.5,16.,-41.8));
#7441=CARTESIAN_POINT('',(0.5,16.,-43.3));
#7442=CARTESIAN_POINT('',(2.,16.,-43.3));
#7443=CARTESIAN_POINT('',(2.,16.,-43.3));
#7444=CARTESIAN_POINT('',(0.5,-0.001000000000001,-43.3));
#7445=CARTESIAN_POINT('',(128.3,4.2,-17.5));
#7446=CARTESIAN_POINT('',(128.3,4.2,-19.));
#7447=CARTESIAN_POINT('',(126.8,4.2,-17.5));
#7448=CARTESIAN_POINT('',(128.3,4.2,-19.));
#7449=CARTESIAN_POINT('',(128.3,6.4,-19.));
#7450=CARTESIAN_POINT('',(128.3,6.4,-17.5));
#7451=CARTESIAN_POINT('',(126.8,6.4,-17.5));
#7452=CARTESIAN_POINT('',(126.8,6.4,-17.5));
#7453=CARTESIAN_POINT('',(128.3,4.2,-17.5));
#7454=CARTESIAN_POINT('',(4.5,16.,-11.6));
#7455=CARTESIAN_POINT('',(3.28574288022187,16.,-10.71933000104));
#7456=CARTESIAN_POINT('',(3.,16.,-11.6));
#7457=CARTESIAN_POINT('',(3.28574288022187,16.,-10.71933000104));
#7458=CARTESIAN_POINT('',(3.28574288022187,6.4,-10.71933000104));
#7459=CARTESIAN_POINT('',(4.5,6.4,-11.6));
#7460=CARTESIAN_POINT('',(3.,6.4,-11.6));
#7461=CARTESIAN_POINT('',(3.,6.4,-11.6));
#7462=CARTESIAN_POINT('',(4.5,16.001,-11.6));
#7463=CARTESIAN_POINT('',(160.1,4.2,-17.5));
#7464=CARTESIAN_POINT('',(161.6,4.2,-17.5));
#7465=CARTESIAN_POINT('',(160.1,4.2,-19.));
#7466=CARTESIAN_POINT('',(161.6,4.2,-17.5));
#7467=CARTESIAN_POINT('',(161.6,6.4,-17.5));
#7468=CARTESIAN_POINT('',(160.1,6.4,-17.5));
#7469=CARTESIAN_POINT('',(160.1,6.4,-19.));
#7470=CARTESIAN_POINT('',(160.1,6.4,-19.));
#7471=CARTESIAN_POINT('',(160.1,4.2,-17.5));
#7472=CARTESIAN_POINT('',(77.,8.5,-55.5));
#7473=CARTESIAN_POINT('',(77.,8.5,-57.));
#7474=CARTESIAN_POINT('',(78.5,8.5,-55.5));
#7475=CARTESIAN_POINT('',(77.,8.5,-57.));
#7476=CARTESIAN_POINT('',(77.,6.4,-57.));
#7477=CARTESIAN_POINT('',(77.,6.4,-55.5));
#7478=CARTESIAN_POINT('',(78.5,6.4,-55.5));
#7479=CARTESIAN_POINT('',(78.5,6.4,-55.5));
#7480=CARTESIAN_POINT('',(77.,6.4,-55.5));
#7481=CARTESIAN_POINT('',(92.9,6.4,-55.5));
#7482=CARTESIAN_POINT('',(92.9,6.4,-57.));
#7483=CARTESIAN_POINT('',(91.4,6.4,-55.5));
#7484=CARTESIAN_POINT('',(92.9,6.4,-57.));
#7485=CARTESIAN_POINT('',(92.9,8.5,-57.));
#7486=CARTESIAN_POINT('',(92.9,8.5,-55.5));
#7487=CARTESIAN_POINT('',(91.4,8.5,-55.5));
#7488=CARTESIAN_POINT('',(91.4,8.5,-55.5));
#7489=CARTESIAN_POINT('',(92.9,8.5,-55.5));
#7490=CARTESIAN_POINT('',(112.,3.4,-39.7));
#7491=CARTESIAN_POINT('',(112.,3.4,-41.2));
#7492=CARTESIAN_POINT('',(110.5,3.4,-39.7));
#7493=CARTESIAN_POINT('',(112.,3.4,-41.2));
#7494=CARTESIAN_POINT('',(112.,6.4,-41.2));
#7495=CARTESIAN_POINT('',(112.,6.4,-39.7));
#7496=CARTESIAN_POINT('',(110.5,6.4,-39.7));
#7497=CARTESIAN_POINT('',(110.5,6.4,-39.7));
#7498=CARTESIAN_POINT('',(112.,3.4,-39.7));
#7499=CARTESIAN_POINT('',(0.5,0.,-26.2));
#7500=CARTESIAN_POINT('',(2.,0.,-26.2));
#7501=CARTESIAN_POINT('',(0.5,0.,-27.7));
#7502=CARTESIAN_POINT('',(2.,0.,-26.2));
#7503=CARTESIAN_POINT('',(2.,16.,-26.2));
#7504=CARTESIAN_POINT('',(0.5,16.,-26.2));
#7505=CARTESIAN_POINT('',(0.5,16.,-27.7));
#7506=CARTESIAN_POINT('',(0.5,16.,-27.7));
#7507=CARTESIAN_POINT('',(0.5,-0.001000000000001,-26.2));
#7508=CARTESIAN_POINT('',(132.2,3.4,-39.7));
#7509=CARTESIAN_POINT('',(133.7,3.4,-39.7));
#7510=CARTESIAN_POINT('',(132.2,3.4,-41.2));
#7511=CARTESIAN_POINT('',(133.7,3.4,-39.7));
#7512=CARTESIAN_POINT('',(133.7,6.4,-39.7));
#7513=CARTESIAN_POINT('',(132.2,6.4,-39.7));
#7514=CARTESIAN_POINT('',(132.2,6.4,-41.2));
#7515=CARTESIAN_POINT('',(132.2,6.4,-41.2));
#7516=CARTESIAN_POINT('',(132.2,3.4,-39.7));
#7517=CARTESIAN_POINT('',(164.1,0.,-26.3));
#7518=CARTESIAN_POINT('',(164.1,0.,-27.8));
#7519=CARTESIAN_POINT('',(162.6,0.,-26.3));
#7520=CARTESIAN_POINT('',(164.1,0.,-27.8));
#7521=CARTESIAN_POINT('',(164.1,16.,-27.8));
#7522=CARTESIAN_POINT('',(164.1,16.,-26.3));
#7523=CARTESIAN_POINT('',(162.6,16.,-26.3));
#7524=CARTESIAN_POINT('',(162.6,16.,-26.3));
#7525=CARTESIAN_POINT('',(164.1,-0.001000000000001,-26.3));
#7526=CARTESIAN_POINT('',(132.2,3.4,-29.5));
#7527=CARTESIAN_POINT('',(132.2,3.4,-28.));
#7528=CARTESIAN_POINT('',(133.7,3.4,-29.5));
#7529=CARTESIAN_POINT('',(132.2,3.4,-28.));
#7530=CARTESIAN_POINT('',(132.2,6.4,-28.));
#7531=CARTESIAN_POINT('',(132.2,6.4,-29.5));
#7532=CARTESIAN_POINT('',(133.7,6.4,-29.5));
#7533=CARTESIAN_POINT('',(133.7,6.4,-29.5));
#7534=CARTESIAN_POINT('',(132.2,3.4,-29.5));
#7535=CARTESIAN_POINT('',(154.4,4.2,-2.50000000000002));
#7536=CARTESIAN_POINT('',(154.4,4.2,-0.999999999999996));
#7537=CARTESIAN_POINT('',(155.65469169437,4.2,-1.67796061403373));
#7538=CARTESIAN_POINT('',(154.4,4.2,-1.00000000000002));
#7539=CARTESIAN_POINT('',(154.4,16.,-1.00000000000002));
#7540=CARTESIAN_POINT('',(154.4,16.,-2.50000000000002));
#7541=CARTESIAN_POINT('',(155.65469169437,16.,-1.6779606140337));
#7542=CARTESIAN_POINT('',(155.65469169437,16.,-1.6779606140337));
#7543=CARTESIAN_POINT('',(154.4,6.4,-2.50000000000002));
#7544=CARTESIAN_POINT('',(115.4,3.4,-24.15));
#7545=CARTESIAN_POINT('',(115.4,3.4,-22.65));
#7546=CARTESIAN_POINT('',(116.9,3.4,-24.15));
#7547=CARTESIAN_POINT('',(115.4,3.4,-22.65));
#7548=CARTESIAN_POINT('',(115.4,6.4,-22.65));
#7549=CARTESIAN_POINT('',(115.4,6.4,-24.15));
#7550=CARTESIAN_POINT('',(116.9,6.4,-24.15));
#7551=CARTESIAN_POINT('',(116.9,6.4,-24.15));
#7552=CARTESIAN_POINT('',(115.4,3.4,-24.15));
#7553=CARTESIAN_POINT('',(11.1,16.,-55.5));
#7554=CARTESIAN_POINT('',(9.88574288022189,16.,-56.38066999896));
#7555=CARTESIAN_POINT('',(11.1000000000001,16.,-57.));
#7556=CARTESIAN_POINT('',(9.88574288022189,16.,-56.38066999896));
#7557=CARTESIAN_POINT('',(9.88574288022188,6.4,-56.38066999896));
#7558=CARTESIAN_POINT('',(11.1,6.4,-55.5));
#7559=CARTESIAN_POINT('',(11.1,6.4,-57.));
#7560=CARTESIAN_POINT('',(11.1,6.4,-57.));
#7561=CARTESIAN_POINT('',(11.1,6.4,-55.5));
#7562=CARTESIAN_POINT('',(107.3,3.4,-24.15));
#7563=CARTESIAN_POINT('',(105.8,3.4,-24.15));
#7564=CARTESIAN_POINT('',(107.3,3.4,-22.65));
#7565=CARTESIAN_POINT('',(105.8,3.4,-24.15));
#7566=CARTESIAN_POINT('',(105.8,6.4,-24.15));
#7567=CARTESIAN_POINT('',(107.3,6.4,-24.15));
#7568=CARTESIAN_POINT('',(107.3,6.4,-22.65));
#7569=CARTESIAN_POINT('',(107.3,6.4,-22.65));
#7570=CARTESIAN_POINT('',(107.3,3.4,-24.15));
#7571=CARTESIAN_POINT('',(107.3,3.4,-26.5));
#7572=CARTESIAN_POINT('',(107.3,3.4,-28.));
#7573=CARTESIAN_POINT('',(105.8,3.4,-26.5));
#7574=CARTESIAN_POINT('',(107.3,3.4,-28.));
#7575=CARTESIAN_POINT('',(107.3,6.4,-28.));
#7576=CARTESIAN_POINT('',(107.3,6.4,-26.5));
#7577=CARTESIAN_POINT('',(105.8,6.4,-26.5));
#7578=CARTESIAN_POINT('',(105.8,6.4,-26.5));
#7579=CARTESIAN_POINT('',(107.3,3.4,-26.5));
#7580=CARTESIAN_POINT('',(82.35,4.6,-27.9));
#7581=CARTESIAN_POINT('',(80.85,4.6,-27.9));
#7582=CARTESIAN_POINT('',(82.35,4.6,-26.4));
#7583=CARTESIAN_POINT('',(80.85,4.6,-27.9));
#7584=CARTESIAN_POINT('',(80.85,6.4,-27.9));
#7585=CARTESIAN_POINT('',(82.35,6.4,-27.9));
#7586=CARTESIAN_POINT('',(82.35,6.4,-26.4));
#7587=CARTESIAN_POINT('',(82.35,6.4,-26.4));
#7588=CARTESIAN_POINT('',(82.35,4.6,-27.9));
#7589=CARTESIAN_POINT('',(92.6,4.6,-49.3));
#7590=CARTESIAN_POINT('',(94.1,4.6,-49.3));
#7591=CARTESIAN_POINT('',(92.6,4.6,-50.8));
#7592=CARTESIAN_POINT('',(94.1,4.6,-49.3));
#7593=CARTESIAN_POINT('',(94.1,6.4,-49.3));
#7594=CARTESIAN_POINT('',(92.6,6.4,-49.3));
#7595=CARTESIAN_POINT('',(92.6,6.4,-50.8));
#7596=CARTESIAN_POINT('',(92.6,6.4,-50.8));
#7597=CARTESIAN_POINT('',(92.6,8.5,-49.3));
#7598=CARTESIAN_POINT('',(92.6,4.6,-27.9));
#7599=CARTESIAN_POINT('',(92.6,4.6,-26.4));
#7600=CARTESIAN_POINT('',(94.1,4.6,-27.9));
#7601=CARTESIAN_POINT('',(92.6,4.6,-26.4));
#7602=CARTESIAN_POINT('',(92.6,6.4,-26.4));
#7603=CARTESIAN_POINT('',(92.6,6.4,-27.9));
#7604=CARTESIAN_POINT('',(94.1,6.4,-27.9));
#7605=CARTESIAN_POINT('',(94.1,6.4,-27.9));
#7606=CARTESIAN_POINT('',(92.6,4.6,-27.9));
#7607=CARTESIAN_POINT('',(86.8,8.5,-2.50000000000001));
#7608=CARTESIAN_POINT('',(86.8,8.5,-1.00000000000001));
#7609=CARTESIAN_POINT('',(85.3,8.5,-2.50000000000001));
#7610=CARTESIAN_POINT('',(86.8,8.5,-1.00000000000001));
#7611=CARTESIAN_POINT('',(86.8,6.4,-1.00000000000001));
#7612=CARTESIAN_POINT('',(86.8,6.4,-2.50000000000001));
#7613=CARTESIAN_POINT('',(85.3,6.4,-2.5));
#7614=CARTESIAN_POINT('',(85.3,6.4,-2.50000000000001));
#7615=CARTESIAN_POINT('',(86.8,8.,-2.50000000000001));
#7616=CARTESIAN_POINT('',(77.8,8.5,-2.50000000000001));
#7617=CARTESIAN_POINT('',(79.3,8.5,-2.50000000000001));
#7618=CARTESIAN_POINT('',(77.8,8.5,-1.00000000000001));
#7619=CARTESIAN_POINT('',(79.3,8.,-2.50000000000001));
#7620=CARTESIAN_POINT('',(79.3,6.4,-2.5));
#7621=CARTESIAN_POINT('',(77.8,6.4,-2.50000000000001));
#7622=CARTESIAN_POINT('',(77.8,6.4,-1.00000000000001));
#7623=CARTESIAN_POINT('',(77.8,6.4,-1.00000000000001));
#7624=CARTESIAN_POINT('',(77.8,6.4,-2.50000000000001));
#7625=CARTESIAN_POINT('',(42.5,3.9,-55.5));
#7626=CARTESIAN_POINT('',(42.5,3.9,-57.));
#7627=CARTESIAN_POINT('',(41.,3.9,-55.5));
#7628=CARTESIAN_POINT('',(42.5,3.9,-57.));
#7629=CARTESIAN_POINT('',(42.5,6.4,-57.));
#7630=CARTESIAN_POINT('',(42.5,6.4,-55.5));
#7631=CARTESIAN_POINT('',(41.,6.4,-55.5));
#7632=CARTESIAN_POINT('',(41.,6.4,-55.5));
#7633=CARTESIAN_POINT('',(42.5,6.4,-55.5));
#7634=CARTESIAN_POINT('',(0.5,0.,-8.5));
#7635=CARTESIAN_POINT('',(0.5,0.,-7.));
#7636=CARTESIAN_POINT('',(2.,0.,-8.5));
#7637=CARTESIAN_POINT('',(0.5,0.,-7.));
#7638=CARTESIAN_POINT('',(0.5,16.,-7.));
#7639=CARTESIAN_POINT('',(0.5,16.,-8.5));
#7640=CARTESIAN_POINT('',(2.,16.,-8.5));
#7641=CARTESIAN_POINT('',(2.,16.,-8.5));
#7642=CARTESIAN_POINT('',(0.5,-0.001000000000001,-8.5));
#7643=CARTESIAN_POINT('',(57.2,3.9,-55.5));
#7644=CARTESIAN_POINT('',(58.7,3.9,-55.5));
#7645=CARTESIAN_POINT('',(57.2,3.9,-57.));
#7646=CARTESIAN_POINT('',(58.7,3.9,-55.5));
#7647=CARTESIAN_POINT('',(58.7,6.4,-55.5));
#7648=CARTESIAN_POINT('',(57.2,6.4,-55.5));
#7649=CARTESIAN_POINT('',(57.2,6.4,-57.));
#7650=CARTESIAN_POINT('',(57.2,6.4,-57.));
#7651=CARTESIAN_POINT('',(57.2,6.4,-55.5));
#7652=CARTESIAN_POINT('',(0.5,0.,-49.5));
#7653=CARTESIAN_POINT('',(2.,0.,-49.5));
#7654=CARTESIAN_POINT('',(0.5,0.,-51.));
#7655=CARTESIAN_POINT('',(2.,0.,-49.5));
#7656=CARTESIAN_POINT('',(2.,16.,-49.5));
#7657=CARTESIAN_POINT('',(0.5,16.,-49.5));
#7658=CARTESIAN_POINT('',(0.5,16.,-51.));
#7659=CARTESIAN_POINT('',(0.5,16.,-51.));
#7660=CARTESIAN_POINT('',(0.5,-0.001000000000001,-49.5));
#7661=CARTESIAN_POINT('',(42.5,3.9,-2.5));
#7662=CARTESIAN_POINT('',(41.,3.9,-2.5));
#7663=CARTESIAN_POINT('',(42.5,3.9,-1.));
#7664=CARTESIAN_POINT('',(41.,3.9,-2.5));
#7665=CARTESIAN_POINT('',(41.,6.4,-2.5));
#7666=CARTESIAN_POINT('',(42.5,6.4,-2.5));
#7667=CARTESIAN_POINT('',(42.5,6.4,-1.));
#7668=CARTESIAN_POINT('',(42.5,6.4,-1.));
#7669=CARTESIAN_POINT('',(42.5,6.4,-2.5));
#7670=CARTESIAN_POINT('',(164.1,0.,-8.5));
#7671=CARTESIAN_POINT('',(162.6,0.,-8.5));
#7672=CARTESIAN_POINT('',(164.1,0.,-7.));
#7673=CARTESIAN_POINT('',(162.6,0.,-8.5));
#7674=CARTESIAN_POINT('',(162.6,16.,-8.5));
#7675=CARTESIAN_POINT('',(164.1,16.,-8.5));
#7676=CARTESIAN_POINT('',(164.1,16.,-7.));
#7677=CARTESIAN_POINT('',(164.1,16.,-7.));
#7678=CARTESIAN_POINT('',(164.1,-0.001000000000001,-8.5));
#7679=CARTESIAN_POINT('',(153.7,8.5,-55.5));
#7680=CARTESIAN_POINT('',(154.917820372981,8.5,-56.375735998548));
#7681=CARTESIAN_POINT('',(153.7,8.5,-57.));
#7682=CARTESIAN_POINT('',(154.917820372981,8.5,-56.375735998548));
#7683=CARTESIAN_POINT('',(154.917820372981,16.,-56.375735998548));
#7684=CARTESIAN_POINT('',(153.7,16.,-55.5));
#7685=CARTESIAN_POINT('',(153.7,16.,-57.));
#7686=CARTESIAN_POINT('',(153.7,16.,-57.));
#7687=CARTESIAN_POINT('',(153.7,6.4,-55.5));
#7688=CARTESIAN_POINT('',(160.1,4.2,-11.2000000000002));
#7689=CARTESIAN_POINT('',(161.35469169437,4.2,-10.3779606140339));
#7690=CARTESIAN_POINT('',(161.6,4.2,-11.2000000000002));
#7691=CARTESIAN_POINT('',(161.35469169437,4.2,-10.3779606140339));
#7692=CARTESIAN_POINT('',(161.35469169437,16.,-10.3779606140339));
#7693=CARTESIAN_POINT('',(160.1,16.,-11.2000000000002));
#7694=CARTESIAN_POINT('',(161.6,16.,-11.2000000000002));
#7695=CARTESIAN_POINT('',(161.6,16.,-11.2000000000002));
#7696=CARTESIAN_POINT('',(160.1,6.4,-11.2000000000002));
#7697=CARTESIAN_POINT('',(19.05,4.3,-41.85));
#7698=CARTESIAN_POINT('',(20.55,4.3,-41.85));
#7699=CARTESIAN_POINT('',(19.05,4.3,-43.35));
#7700=CARTESIAN_POINT('',(20.55,4.3,-41.85));
#7701=CARTESIAN_POINT('',(20.55,6.4,-41.85));
#7702=CARTESIAN_POINT('',(19.05,6.4,-41.85));
#7703=CARTESIAN_POINT('',(19.05,6.4,-43.35));
#7704=CARTESIAN_POINT('',(19.05,6.4,-43.35));
#7705=CARTESIAN_POINT('',(19.05,4.3,-41.85));
#7706=CARTESIAN_POINT('',(11.1,16.,-2.5));
#7707=CARTESIAN_POINT('',(11.1,16.,-0.999999999999996));
#7708=CARTESIAN_POINT('',(9.88574288022188,16.,-1.61933000104004));
#7709=CARTESIAN_POINT('',(11.1,16.,-0.999999999999996));
#7710=CARTESIAN_POINT('',(11.1,6.4,-0.99999999999999));
#7711=CARTESIAN_POINT('',(11.1,6.4,-2.5));
#7712=CARTESIAN_POINT('',(9.88574288022188,6.4,-1.61933000104004));
#7713=CARTESIAN_POINT('',(9.88574288022188,6.4,-1.61933000104004));
#7714=CARTESIAN_POINT('',(11.1,16.001,-2.5));
#7715=CARTESIAN_POINT('',(19.05,4.3,-31.75));
#7716=CARTESIAN_POINT('',(19.05,4.3,-30.25));
#7717=CARTESIAN_POINT('',(20.55,4.3,-31.75));
#7718=CARTESIAN_POINT('',(19.05,4.3,-30.25));
#7719=CARTESIAN_POINT('',(19.05,6.8,-30.25));
#7720=CARTESIAN_POINT('',(19.05,6.8,-31.75));
#7721=CARTESIAN_POINT('',(19.7346410253154,6.8,-30.4153589746846));
#7722=CARTESIAN_POINT('',(19.7346410253154,6.4,-30.4153589746846));
#7723=CARTESIAN_POINT('',(19.7346410253154,6.4,-30.4153589746846));
#7724=CARTESIAN_POINT('',(19.05,6.4,-31.75));
#7725=CARTESIAN_POINT('',(20.55,6.4,-31.75));
#7726=CARTESIAN_POINT('',(20.55,6.4,-31.75));
#7727=CARTESIAN_POINT('',(19.05,4.3,-31.75));
#7728=CARTESIAN_POINT('',(4.5,16.,-46.4));
#7729=CARTESIAN_POINT('',(3.,16.,-46.4));
#7730=CARTESIAN_POINT('',(3.28574288022188,16.,-47.28066999896));
#7731=CARTESIAN_POINT('',(3.,16.,-46.4));
#7732=CARTESIAN_POINT('',(3.,6.4,-46.4));
#7733=CARTESIAN_POINT('',(4.5,6.4,-46.4));
#7734=CARTESIAN_POINT('',(3.28574288022188,6.4,-47.28066999896));
#7735=CARTESIAN_POINT('',(3.28574288022188,6.4,-47.28066999896));
#7736=CARTESIAN_POINT('',(4.5,16.001,-46.4));
#7737=CARTESIAN_POINT('',(8.95000000000001,4.3,-31.75));
#7738=CARTESIAN_POINT('',(7.45000000000001,4.3,-31.75));
#7739=CARTESIAN_POINT('',(8.95000000000001,4.3,-30.25));
#7740=CARTESIAN_POINT('',(7.45000000000001,4.3,-31.75));
#7741=CARTESIAN_POINT('',(7.45000000000001,6.4,-31.75));
#7742=CARTESIAN_POINT('',(8.95000000000001,6.4,-31.75));
#7743=CARTESIAN_POINT('',(8.95000000000001,6.4,-30.25));
#7744=CARTESIAN_POINT('',(8.95000000000001,6.4,-30.25));
#7745=CARTESIAN_POINT('',(8.95000000000001,4.3,-31.75));
#7746=CARTESIAN_POINT('',(8.95000000000001,4.3,-41.85));
#7747=CARTESIAN_POINT('',(8.95000000000001,4.3,-43.35));
#7748=CARTESIAN_POINT('',(7.45000000000001,4.3,-41.85));
#7749=CARTESIAN_POINT('',(8.95000000000001,4.3,-43.35));
#7750=CARTESIAN_POINT('',(8.95000000000001,6.4,-43.35));
#7751=CARTESIAN_POINT('',(8.95000000000001,6.4,-41.85));
#7752=CARTESIAN_POINT('',(7.45000000000001,6.4,-41.85));
#7753=CARTESIAN_POINT('',(7.45000000000001,6.4,-41.85));
#7754=CARTESIAN_POINT('',(8.95000000000001,4.3,-41.85));
#7755=CARTESIAN_POINT('',(57.2,3.9,-2.5));
#7756=CARTESIAN_POINT('',(57.2,3.9,-1.));
#7757=CARTESIAN_POINT('',(58.7,3.9,-2.5));
#7758=CARTESIAN_POINT('',(57.2,3.9,-1.));
#7759=CARTESIAN_POINT('',(57.2,6.4,-1.));
#7760=CARTESIAN_POINT('',(57.2,6.4,-2.5));
#7761=CARTESIAN_POINT('',(58.7,6.4,-2.5));
#7762=CARTESIAN_POINT('',(58.7,6.4,-2.5));
#7763=CARTESIAN_POINT('',(57.2,3.9,-2.5));
#7764=CARTESIAN_POINT('',(82.35,6.4,-49.3));
#7765=CARTESIAN_POINT('',(80.85,6.4,-49.3));
#7766=CARTESIAN_POINT('',(82.35,6.4,-50.8));
#7767=CARTESIAN_POINT('',(80.85,6.4,-49.3));
#7768=CARTESIAN_POINT('',(80.85,4.6,-49.3));
#7769=CARTESIAN_POINT('',(82.35,4.6,-49.3));
#7770=CARTESIAN_POINT('',(82.35,4.6,-50.8));
#7771=CARTESIAN_POINT('',(82.35,4.6,-50.8));
#7772=CARTESIAN_POINT('',(82.35,8.5,-49.3));
#7773=CARTESIAN_POINT('',(84.5,5.9,-8.2));
#7774=CARTESIAN_POINT('',(84.5,5.9,-7.4));
#7775=CARTESIAN_POINT('',(85.3,5.9,-8.2));
#7776=CARTESIAN_POINT('',(84.5,5.9,-7.4));
#7777=CARTESIAN_POINT('',(84.5,6.4,-7.4));
#7778=CARTESIAN_POINT('',(84.5,6.4,-8.2));
#7779=CARTESIAN_POINT('',(85.3,6.4,-8.2));
#7780=CARTESIAN_POINT('',(85.3,6.4,-8.2));
#7781=CARTESIAN_POINT('',(84.5,5.9,-8.2));
#7782=CARTESIAN_POINT('',(84.5,5.9,-16.6));
#7783=CARTESIAN_POINT('',(85.3,5.9,-16.6));
#7784=CARTESIAN_POINT('',(84.5,5.9,-17.4));
#7785=CARTESIAN_POINT('',(85.3,5.9,-16.6));
#7786=CARTESIAN_POINT('',(85.3,6.4,-16.6));
#7787=CARTESIAN_POINT('',(84.5,6.4,-16.6));
#7788=CARTESIAN_POINT('',(84.5,6.4,-17.4));
#7789=CARTESIAN_POINT('',(84.5,6.4,-17.4));
#7790=CARTESIAN_POINT('',(84.5,5.9,-16.6));
#7791=CARTESIAN_POINT('',(84.1,5.9,-8.2));
#7792=CARTESIAN_POINT('',(83.3,5.9,-8.2));
#7793=CARTESIAN_POINT('',(84.1,5.9,-7.4));
#7794=CARTESIAN_POINT('',(83.3,5.9,-8.2));
#7795=CARTESIAN_POINT('',(83.3,6.4,-8.2));
#7796=CARTESIAN_POINT('',(84.1,6.4,-8.2));
#7797=CARTESIAN_POINT('',(84.1,6.4,-7.4));
#7798=CARTESIAN_POINT('',(84.1,6.4,-7.4));
#7799=CARTESIAN_POINT('',(84.1,5.9,-8.2));
#7800=CARTESIAN_POINT('',(84.1,5.9,-16.6));
#7801=CARTESIAN_POINT('',(84.1,5.9,-17.4));
#7802=CARTESIAN_POINT('',(83.3,5.9,-16.6));
#7803=CARTESIAN_POINT('',(84.1,5.9,-17.4));
#7804=CARTESIAN_POINT('',(84.1,6.4,-17.4));
#7805=CARTESIAN_POINT('',(84.1,6.4,-16.6));
#7806=CARTESIAN_POINT('',(83.3,6.4,-16.6));
#7807=CARTESIAN_POINT('',(83.3,6.4,-16.6));
#7808=CARTESIAN_POINT('',(84.1,5.9,-16.6));
#7809=CARTESIAN_POINT('',(19.9,6.8,-30.25));
#7810=CARTESIAN_POINT('',(20.4,6.8,-29.75));
#7811=CARTESIAN_POINT('',(20.4,6.8,-29.75));
#7812=CARTESIAN_POINT('',(20.4,6.4,-29.75));
#7813=CARTESIAN_POINT('',(5.58861748444451,6.4,-44.5613825155559));
#7814=CARTESIAN_POINT('',(19.9,4.3,-30.25));
#7815=CARTESIAN_POINT('',(67.35,6.8,-36.55));
#7816=CARTESIAN_POINT('',(66.85,6.8,-37.05));
#7817=CARTESIAN_POINT('',(67.35,6.8,-36.55));
#7818=CARTESIAN_POINT('',(66.85,6.8,-37.05));
#7819=CARTESIAN_POINT('',(66.85,6.4,-37.05));
#7820=CARTESIAN_POINT('',(67.35,6.4,-36.55));
#7821=CARTESIAN_POINT('',(67.35,6.4,-36.55));
#7822=CARTESIAN_POINT('',(67.35,6.8,-36.55));
#7823=CARTESIAN_POINT('',(67.35,6.8,-36.55));
#7824=CARTESIAN_POINT('',(12.25,6.8,-50.1));
#7825=CARTESIAN_POINT('',(12.75,6.8,-50.6));
#7826=CARTESIAN_POINT('',(12.25,6.8,-50.1));
#7827=CARTESIAN_POINT('',(12.75,6.8,-50.6));
#7828=CARTESIAN_POINT('',(12.75,6.4,-50.6));
#7829=CARTESIAN_POINT('',(-9.41138251555586,6.4,-28.4386174844441));
#7830=CARTESIAN_POINT('',(12.25,6.4,-50.1));
#7831=CARTESIAN_POINT('',(12.25,6.8,-50.1));
#7832=CARTESIAN_POINT('',(12.25,6.8,-50.1));
#7833=CARTESIAN_POINT('',(79.5,8.5,-50.8));
#7834=CARTESIAN_POINT('',(78.5,8.5,-51.8));
#7835=CARTESIAN_POINT('',(79.5,8.5,-50.8));
#7836=CARTESIAN_POINT('',(78.5,6.4,-51.8));
#7837=CARTESIAN_POINT('',(78.5,6.4,-51.8));
#7838=CARTESIAN_POINT('',(79.5,6.4,-50.8));
#7839=CARTESIAN_POINT('',(79.5,6.4,-50.8));
#7840=CARTESIAN_POINT('',(79.5,8.5,-50.8));
#7841=CARTESIAN_POINT('',(79.5,8.5,-50.8));
#7842=CARTESIAN_POINT('',(17.3,6.8,-26.05));
#7843=CARTESIAN_POINT('',(16.8,6.8,-26.55));
#7844=CARTESIAN_POINT('',(17.3,6.8,-26.05));
#7845=CARTESIAN_POINT('',(16.8,6.8,-26.55));
#7846=CARTESIAN_POINT('',(16.8,6.4,-26.55));
#7847=CARTESIAN_POINT('',(2.18861748444411,6.4,-41.1613825155559));
#7848=CARTESIAN_POINT('',(17.3,6.4,-26.05));
#7849=CARTESIAN_POINT('',(17.3,6.8,-26.05));
#7850=CARTESIAN_POINT('',(17.3,6.8,-26.05));
#7851=CARTESIAN_POINT('',(66.85,6.8,-39.65));
#7852=CARTESIAN_POINT('',(67.35,6.8,-40.15));
#7853=CARTESIAN_POINT('',(66.85,6.8,-39.65));
#7854=CARTESIAN_POINT('',(67.35,6.8,-40.15));
#7855=CARTESIAN_POINT('',(67.35,6.4,-40.15));
#7856=CARTESIAN_POINT('',(66.85,6.4,-39.65));
#7857=CARTESIAN_POINT('',(66.85,6.4,-39.65));
#7858=CARTESIAN_POINT('',(66.85,6.8,-39.65));
#7859=CARTESIAN_POINT('',(66.85,6.8,-39.65));
#7860=CARTESIAN_POINT('',(16.65,6.8,-16.9));
#7861=CARTESIAN_POINT('',(17.15,6.8,-16.4));
#7862=CARTESIAN_POINT('',(16.65,6.8,-16.9));
#7863=CARTESIAN_POINT('',(17.15,6.8,-16.4));
#7864=CARTESIAN_POINT('',(17.15,6.4,-16.4));
#7865=CARTESIAN_POINT('',(-2.71138251555554,6.4,-36.2613825155561));
#7866=CARTESIAN_POINT('',(16.65,6.4,-16.9));
#7867=CARTESIAN_POINT('',(16.65,6.8,-16.9));
#7868=CARTESIAN_POINT('',(16.65,6.8,-16.9));
#7869=CARTESIAN_POINT('',(17.15,6.8,-13.8));
#7870=CARTESIAN_POINT('',(16.65,6.8,-13.3));
#7871=CARTESIAN_POINT('',(17.15,6.8,-13.8));
#7872=CARTESIAN_POINT('',(16.65,6.8,-13.3));
#7873=CARTESIAN_POINT('',(16.65,6.4,-13.3));
#7874=CARTESIAN_POINT('',(11.1886174844441,6.4,-7.83861748444414));
#7875=CARTESIAN_POINT('',(17.15,6.4,-13.8));
#7876=CARTESIAN_POINT('',(17.15,6.8,-13.8));
#7877=CARTESIAN_POINT('',(17.15,6.8,-13.8));
#7878=CARTESIAN_POINT('',(71.45,6.8,-37.05));
#7879=CARTESIAN_POINT('',(70.95,6.8,-36.55));
#7880=CARTESIAN_POINT('',(71.45,6.8,-37.05));
#7881=CARTESIAN_POINT('',(70.95,6.8,-36.55));
#7882=CARTESIAN_POINT('',(70.95,6.4,-36.55));
#7883=CARTESIAN_POINT('',(71.45,6.4,-37.05));
#7884=CARTESIAN_POINT('',(71.45,6.4,-37.05));
#7885=CARTESIAN_POINT('',(71.45,6.8,-37.05));
#7886=CARTESIAN_POINT('',(71.45,6.8,-37.05));
#7887=CARTESIAN_POINT('',(14.05,6.8,-13.3));
#7888=CARTESIAN_POINT('',(13.55,6.8,-13.8));
#7889=CARTESIAN_POINT('',(14.05,6.8,-13.3));
#7890=CARTESIAN_POINT('',(13.55,6.8,-13.8));
#7891=CARTESIAN_POINT('',(13.55,6.4,-13.8));
#7892=CARTESIAN_POINT('',(-5.81138251555557,6.4,-33.1613825155561));
#7893=CARTESIAN_POINT('',(14.05,6.4,-13.3));
#7894=CARTESIAN_POINT('',(14.05,6.8,-13.3));
#7895=CARTESIAN_POINT('',(14.05,6.8,-13.3));
#7896=CARTESIAN_POINT('',(15.85,6.8,-47.5));
#7897=CARTESIAN_POINT('',(15.35,6.8,-47.));
#7898=CARTESIAN_POINT('',(15.85,6.8,-47.5));
#7899=CARTESIAN_POINT('',(15.35,6.8,-47.));
#7900=CARTESIAN_POINT('',(15.35,6.4,-47.));
#7901=CARTESIAN_POINT('',(-6.31138251555585,6.4,-25.3386174844441));
#7902=CARTESIAN_POINT('',(15.85,6.4,-47.5));
#7903=CARTESIAN_POINT('',(15.85,6.8,-47.5));
#7904=CARTESIAN_POINT('',(15.85,6.8,-47.5));
#7905=CARTESIAN_POINT('',(70.95,6.8,-40.15));
#7906=CARTESIAN_POINT('',(71.45,6.8,-39.65));
#7907=CARTESIAN_POINT('',(70.95,6.8,-40.15));
#7908=CARTESIAN_POINT('',(71.45,6.8,-39.65));
#7909=CARTESIAN_POINT('',(71.45,6.4,-39.65));
#7910=CARTESIAN_POINT('',(70.95,6.4,-40.15));
#7911=CARTESIAN_POINT('',(70.95,6.4,-40.15));
#7912=CARTESIAN_POINT('',(70.95,6.8,-40.15));
#7913=CARTESIAN_POINT('',(70.95,6.8,-40.15));
#7914=CARTESIAN_POINT('',(15.35,6.8,-50.6));
#7915=CARTESIAN_POINT('',(15.85,6.8,-50.1));
#7916=CARTESIAN_POINT('',(15.35,6.8,-50.6));
#7917=CARTESIAN_POINT('',(15.85,6.8,-50.1));
#7918=CARTESIAN_POINT('',(15.85,6.4,-50.1));
#7919=CARTESIAN_POINT('',(13.4886174844448,6.4,-52.4613825155553));
#7920=CARTESIAN_POINT('',(15.35,6.4,-50.6));
#7921=CARTESIAN_POINT('',(15.35,6.8,-50.6));
#7922=CARTESIAN_POINT('',(15.35,6.8,-50.6));
#7923=CARTESIAN_POINT('',(90.25,6.8,-11.55));
#7924=CARTESIAN_POINT('',(89.75,6.8,-12.05));
#7925=CARTESIAN_POINT('',(90.25,6.8,-11.55));
#7926=CARTESIAN_POINT('',(89.75,6.8,-12.05));
#7927=CARTESIAN_POINT('',(89.75,6.4,-12.05));
#7928=CARTESIAN_POINT('',(90.25,6.4,-11.55));
#7929=CARTESIAN_POINT('',(90.25,6.4,-11.55));
#7930=CARTESIAN_POINT('',(90.25,6.8,-11.55));
#7931=CARTESIAN_POINT('',(90.25,6.8,-11.55));
#7932=CARTESIAN_POINT('',(16.8,6.8,-29.75));
#7933=CARTESIAN_POINT('',(17.3,6.8,-30.25));
#7934=CARTESIAN_POINT('',(16.8,6.8,-29.75));
#7935=CARTESIAN_POINT('',(17.3,4.3,-30.25));
#7936=CARTESIAN_POINT('',(17.3,6.4,-30.25));
#7937=CARTESIAN_POINT('',(3.03861748444379,6.4,-15.9886174844441));
#7938=CARTESIAN_POINT('',(16.8,6.4,-29.75));
#7939=CARTESIAN_POINT('',(16.8,6.8,-29.75));
#7940=CARTESIAN_POINT('',(16.8,6.8,-29.75));
#7941=CARTESIAN_POINT('',(89.75,6.8,-15.05));
#7942=CARTESIAN_POINT('',(90.25,6.8,-15.55));
#7943=CARTESIAN_POINT('',(89.75,6.8,-15.05));
#7944=CARTESIAN_POINT('',(90.25,6.8,-15.55));
#7945=CARTESIAN_POINT('',(90.25,6.4,-15.55));
#7946=CARTESIAN_POINT('',(89.75,6.4,-15.05));
#7947=CARTESIAN_POINT('',(89.75,6.4,-15.05));
#7948=CARTESIAN_POINT('',(89.75,6.8,-15.05));
#7949=CARTESIAN_POINT('',(89.75,6.8,-15.05));
#7950=CARTESIAN_POINT('',(20.4,6.8,-26.55));
#7951=CARTESIAN_POINT('',(19.9,6.8,-26.05));
#7952=CARTESIAN_POINT('',(20.4,6.8,-26.55));
#7953=CARTESIAN_POINT('',(19.9,6.8,-26.05));
#7954=CARTESIAN_POINT('',(19.9,6.4,-26.05));
#7955=CARTESIAN_POINT('',(6.43861748444414,6.4,-12.5886174844441));
#7956=CARTESIAN_POINT('',(20.4,6.4,-26.55));
#7957=CARTESIAN_POINT('',(20.4,6.8,-26.55));
#7958=CARTESIAN_POINT('',(20.4,6.8,-26.55));
#7959=CARTESIAN_POINT('',(93.25,6.8,-15.55));
#7960=CARTESIAN_POINT('',(93.75,6.8,-15.05));
#7961=CARTESIAN_POINT('',(93.25,6.8,-15.55));
#7962=CARTESIAN_POINT('',(93.75,6.8,-15.05));
#7963=CARTESIAN_POINT('',(93.75,6.4,-15.05));
#7964=CARTESIAN_POINT('',(93.25,6.4,-15.55));
#7965=CARTESIAN_POINT('',(93.25,6.4,-15.55));
#7966=CARTESIAN_POINT('',(93.25,6.8,-15.55));
#7967=CARTESIAN_POINT('',(93.25,6.8,-15.55));
#7968=CARTESIAN_POINT('',(13.55,6.8,-16.4));
#7969=CARTESIAN_POINT('',(14.05,6.8,-16.9));
#7970=CARTESIAN_POINT('',(13.55,6.8,-16.4));
#7971=CARTESIAN_POINT('',(14.05,6.8,-16.9));
#7972=CARTESIAN_POINT('',(14.05,6.4,-16.9));
#7973=CARTESIAN_POINT('',(8.08861748444383,6.4,-10.9386174844439));
#7974=CARTESIAN_POINT('',(13.55,6.4,-16.4));
#7975=CARTESIAN_POINT('',(13.55,6.8,-16.4));
#7976=CARTESIAN_POINT('',(13.55,6.8,-16.4));
#7977=CARTESIAN_POINT('',(93.75,6.8,-12.05));
#7978=CARTESIAN_POINT('',(93.25,6.8,-11.55));
#7979=CARTESIAN_POINT('',(93.75,6.8,-12.05));
#7980=CARTESIAN_POINT('',(93.25,6.8,-11.55));
#7981=CARTESIAN_POINT('',(93.25,6.4,-11.55));
#7982=CARTESIAN_POINT('',(93.75,6.4,-12.05));
#7983=CARTESIAN_POINT('',(93.75,6.4,-12.05));
#7984=CARTESIAN_POINT('',(93.75,6.8,-12.05));
#7985=CARTESIAN_POINT('',(93.75,6.8,-12.05));
#7986=CARTESIAN_POINT('',(12.75,6.8,-47.));
#7987=CARTESIAN_POINT('',(12.25,6.8,-47.5));
#7988=CARTESIAN_POINT('',(12.75,6.8,-47.));
#7989=CARTESIAN_POINT('',(12.25,6.8,-47.5));
#7990=CARTESIAN_POINT('',(12.25,6.4,-47.5));
#7991=CARTESIAN_POINT('',(10.3886174844441,6.4,-49.3613825155559));
#7992=CARTESIAN_POINT('',(12.75,6.4,-47.));
#7993=CARTESIAN_POINT('',(12.75,6.8,-47.));
#7994=CARTESIAN_POINT('',(12.75,6.8,-47.));
#7995=CARTESIAN_POINT('',(110.8,16.,-3.40000000000001));
#7996=CARTESIAN_POINT('',(110.8,6.4,-3.40000000000001));
#7997=CARTESIAN_POINT('',(110.8,0.,-3.40000000000001));
#7998=CARTESIAN_POINT('',(110.8,0.,-2.5));
#7999=CARTESIAN_POINT('',(110.8,0.,-1.59999999999999));
#8000=CARTESIAN_POINT('',(110.8,16.,-1.59999999999999));
#8001=CARTESIAN_POINT('',(110.8,6.4,-1.59999999999999));
#8002=CARTESIAN_POINT('',(110.8,6.4,-2.5));
#8003=CARTESIAN_POINT('',(110.8,16.,-2.5));
#8004=CARTESIAN_POINT('',(122.8,16.,-56.4));
#8005=CARTESIAN_POINT('',(122.8,6.4,-56.4));
#8006=CARTESIAN_POINT('',(122.8,0.,-56.4));
#8007=CARTESIAN_POINT('',(122.8,0.,-55.5));
#8008=CARTESIAN_POINT('',(122.8,0.,-54.6));
#8009=CARTESIAN_POINT('',(122.8,16.,-54.6));
#8010=CARTESIAN_POINT('',(122.8,6.4,-54.6));
#8011=CARTESIAN_POINT('',(122.8,6.4,-55.5));
#8012=CARTESIAN_POINT('',(122.8,16.,-55.5));
#8013=CARTESIAN_POINT('',(87.4,16.,-56.4));
#8014=CARTESIAN_POINT('',(87.4,8.5,-56.4));
#8015=CARTESIAN_POINT('',(87.4,0.,-56.4));
#8016=CARTESIAN_POINT('',(87.4,0.,-55.5));
#8017=CARTESIAN_POINT('',(87.4,0.,-54.6));
#8018=CARTESIAN_POINT('',(87.4,16.,-54.6));
#8019=CARTESIAN_POINT('',(87.4,8.5,-54.6));
#8020=CARTESIAN_POINT('',(87.4,8.5,-55.5));
#8021=CARTESIAN_POINT('',(87.4,16.,-55.5));
#8022=CARTESIAN_POINT('',(68.3,16.,-3.40000000000001));
#8023=CARTESIAN_POINT('',(68.3,6.4,-3.40000000000001));
#8024=CARTESIAN_POINT('',(68.3,0.,-3.40000000000001));
#8025=CARTESIAN_POINT('',(68.3,0.,-2.5));
#8026=CARTESIAN_POINT('',(68.3,0.,-1.59999999999999));
#8027=CARTESIAN_POINT('',(68.3,16.,-1.59999999999999));
#8028=CARTESIAN_POINT('',(68.3,6.4,-1.59999999999999));
#8029=CARTESIAN_POINT('',(68.3,6.4,-2.5));
#8030=CARTESIAN_POINT('',(68.3,16.,-2.5));
#8031=CARTESIAN_POINT('',(36.8,16.,-56.4));
#8032=CARTESIAN_POINT('',(36.8,6.4,-56.4));
#8033=CARTESIAN_POINT('',(36.8,0.,-56.4));
#8034=CARTESIAN_POINT('',(36.8,0.,-55.5));
#8035=CARTESIAN_POINT('',(36.8,0.,-54.6));
#8036=CARTESIAN_POINT('',(36.8,16.,-54.6));
#8037=CARTESIAN_POINT('',(36.8,6.4,-54.6));
#8038=CARTESIAN_POINT('',(36.8,6.4,-55.5));
#8039=CARTESIAN_POINT('',(36.8,16.,-55.5));
#8040=CARTESIAN_POINT('',(4.7,16.,-38.9));
#8041=CARTESIAN_POINT('',(4.7,6.4,-38.9));
#8042=CARTESIAN_POINT('',(4.7,0.,-38.9));
#8043=CARTESIAN_POINT('',(4.7,0.,-38.));
#8044=CARTESIAN_POINT('',(4.7,0.,-37.1));
#8045=CARTESIAN_POINT('',(4.7,16.,-37.1));
#8046=CARTESIAN_POINT('',(4.7,6.4,-37.1));
#8047=CARTESIAN_POINT('',(4.7,6.4,-38.));
#8048=CARTESIAN_POINT('',(4.7,16.,-38.));
#8049=CARTESIAN_POINT('',(0.,11.65,-39.95));
#8050=CARTESIAN_POINT('',(-1.11442858722409E-15,11.65,-39.95));
#8051=CARTESIAN_POINT('',(3.,11.65,-39.95));
#8052=CARTESIAN_POINT('',(3.,11.65,-39.05));
#8053=CARTESIAN_POINT('',(3.,11.65,-38.15));
#8054=CARTESIAN_POINT('',(0.,11.65,-38.15));
#8055=CARTESIAN_POINT('',(-1.11442858722409E-15,11.65,-38.15));
#8056=CARTESIAN_POINT('',(-1.11442858722409E-15,11.65,-39.05));
#8057=CARTESIAN_POINT('',(0.,11.65,-39.05));
#8058=CARTESIAN_POINT('',(36.8,16.,-3.40000000000001));
#8059=CARTESIAN_POINT('',(36.8,6.4,-3.40000000000001));
#8060=CARTESIAN_POINT('',(36.8,0.,-3.40000000000001));
#8061=CARTESIAN_POINT('',(36.8,0.,-2.5));
#8062=CARTESIAN_POINT('',(36.8,0.,-1.59999999999999));
#8063=CARTESIAN_POINT('',(36.8,16.,-1.59999999999999));
#8064=CARTESIAN_POINT('',(36.8,6.4,-1.59999999999999));
#8065=CARTESIAN_POINT('',(36.8,6.4,-2.5));
#8066=CARTESIAN_POINT('',(36.8,16.,-2.5));
#8067=CARTESIAN_POINT('',(160.1,16.,-3.40000000000001));
#8068=CARTESIAN_POINT('',(160.1,16.,-3.40000000000001));
#8069=CARTESIAN_POINT('',(160.1,12.,-3.40000000000001));
#8070=CARTESIAN_POINT('',(160.1,12.,-2.5));
#8071=CARTESIAN_POINT('',(160.1,12.,-1.59999999999999));
#8072=CARTESIAN_POINT('',(160.1,16.,-1.59999999999999));
#8073=CARTESIAN_POINT('',(160.1,16.,-1.59999999999999));
#8074=CARTESIAN_POINT('',(160.1,16.,-2.5));
#8075=CARTESIAN_POINT('',(160.1,16.,-2.5));
#8076=CARTESIAN_POINT('',(160.1,12.,-2.5));
#8077=CARTESIAN_POINT('',(160.1,12.,-2.5));
#8078=CARTESIAN_POINT('',(160.1,16.,-56.4));
#8079=CARTESIAN_POINT('',(160.1,16.,-56.4));
#8080=CARTESIAN_POINT('',(160.1,12.,-56.4));
#8081=CARTESIAN_POINT('',(160.1,12.,-55.5));
#8082=CARTESIAN_POINT('',(160.1,12.,-54.6));
#8083=CARTESIAN_POINT('',(160.1,16.,-54.6));
#8084=CARTESIAN_POINT('',(160.1,16.,-54.6));
#8085=CARTESIAN_POINT('',(160.1,16.,-55.5));
#8086=CARTESIAN_POINT('',(160.1,16.,-55.5));
#8087=CARTESIAN_POINT('',(160.1,12.,-55.5));
#8088=CARTESIAN_POINT('',(160.1,12.,-55.5));
#8089=CARTESIAN_POINT('',(4.5,16.,-56.4));
#8090=CARTESIAN_POINT('',(4.5,16.,-56.4));
#8091=CARTESIAN_POINT('',(4.5,12.,-56.4));
#8092=CARTESIAN_POINT('',(4.5,12.,-55.5));
#8093=CARTESIAN_POINT('',(4.5,12.,-54.6));
#8094=CARTESIAN_POINT('',(4.5,16.,-54.6));
#8095=CARTESIAN_POINT('',(4.5,16.,-54.6));
#8096=CARTESIAN_POINT('',(4.5,16.,-55.5));
#8097=CARTESIAN_POINT('',(4.5,16.,-55.5));
#8098=CARTESIAN_POINT('',(4.5,12.,-55.5));
#8099=CARTESIAN_POINT('',(4.5,12.,-55.5));
#8100=CARTESIAN_POINT('',(4.5,16.,-3.40000000000001));
#8101=CARTESIAN_POINT('',(4.5,16.,-3.40000000000001));
#8102=CARTESIAN_POINT('',(4.5,12.,-3.40000000000001));
#8103=CARTESIAN_POINT('',(4.5,12.,-2.5));
#8104=CARTESIAN_POINT('',(4.5,12.,-1.59999999999999));
#8105=CARTESIAN_POINT('',(4.5,16.,-1.59999999999999));
#8106=CARTESIAN_POINT('',(4.5,16.,-1.59999999999999));
#8107=CARTESIAN_POINT('',(4.5,16.,-2.5));
#8108=CARTESIAN_POINT('',(4.5,16.,-2.5));
#8109=CARTESIAN_POINT('',(4.5,12.,-2.5));
#8110=CARTESIAN_POINT('',(4.5,12.,-2.5));
#8111=CARTESIAN_POINT('',(113.7,3.4,-35.65));
#8112=CARTESIAN_POINT('',(113.7,3.4,-35.65));
#8113=CARTESIAN_POINT('',(113.7,0.,-35.65));
#8114=CARTESIAN_POINT('',(113.7,0.,-34.55));
#8115=CARTESIAN_POINT('',(113.7,0.,-33.45));
#8116=CARTESIAN_POINT('',(113.7,3.4,-33.45));
#8117=CARTESIAN_POINT('',(113.7,3.4,-33.45));
#8118=CARTESIAN_POINT('',(113.7,3.4,-34.55));
#8119=CARTESIAN_POINT('',(113.7,3.4,-34.55));
#8120=CARTESIAN_POINT('',(130.7,3.4,-35.65));
#8121=CARTESIAN_POINT('',(130.7,3.4,-35.65));
#8122=CARTESIAN_POINT('',(130.7,0.,-35.65));
#8123=CARTESIAN_POINT('',(130.7,0.,-34.55));
#8124=CARTESIAN_POINT('',(130.7,0.,-33.45));
#8125=CARTESIAN_POINT('',(130.7,3.4,-33.45));
#8126=CARTESIAN_POINT('',(130.7,3.4,-33.45));
#8127=CARTESIAN_POINT('',(130.7,3.4,-34.55));
#8128=CARTESIAN_POINT('',(130.7,3.4,-34.55));
#8129=CARTESIAN_POINT('',(112.8,3.4,-26.3));
#8130=CARTESIAN_POINT('',(112.8,3.4,-26.3));
#8131=CARTESIAN_POINT('',(112.8,0.,-26.3));
#8132=CARTESIAN_POINT('',(112.8,0.,-25.4));
#8133=CARTESIAN_POINT('',(112.8,0.,-24.5));
#8134=CARTESIAN_POINT('',(112.8,3.4,-24.5));
#8135=CARTESIAN_POINT('',(112.8,3.4,-24.5));
#8136=CARTESIAN_POINT('',(112.8,3.4,-25.4));
#8137=CARTESIAN_POINT('',(112.8,3.4,-25.4));
#8138=CARTESIAN_POINT('',(87.45,4.6,-48.45));
#8139=CARTESIAN_POINT('',(87.45,4.6,-48.45));
#8140=CARTESIAN_POINT('',(87.45,0.,-48.45));
#8141=CARTESIAN_POINT('',(87.45,0.,-47.35));
#8142=CARTESIAN_POINT('',(87.45,0.,-46.25));
#8143=CARTESIAN_POINT('',(87.45,4.6,-46.25));
#8144=CARTESIAN_POINT('',(87.45,4.6,-46.25));
#8145=CARTESIAN_POINT('',(87.45,4.6,-47.35));
#8146=CARTESIAN_POINT('',(87.45,4.6,-47.35));
#8147=CARTESIAN_POINT('',(87.45,4.6,-31.45));
#8148=CARTESIAN_POINT('',(87.45,4.6,-31.45));
#8149=CARTESIAN_POINT('',(87.45,0.,-31.45));
#8150=CARTESIAN_POINT('',(87.45,0.,-30.35));
#8151=CARTESIAN_POINT('',(87.45,0.,-29.25));
#8152=CARTESIAN_POINT('',(87.45,4.6,-29.25));
#8153=CARTESIAN_POINT('',(87.45,4.6,-29.25));
#8154=CARTESIAN_POINT('',(87.45,4.6,-30.35));
#8155=CARTESIAN_POINT('',(87.45,4.6,-30.35));
#8156=CARTESIAN_POINT('',(45.85,3.9,-54.5));
#8157=CARTESIAN_POINT('',(45.85,3.9,-54.5));
#8158=CARTESIAN_POINT('',(45.85,0.,-54.5));
#8159=CARTESIAN_POINT('',(45.85,0.,-53.6));
#8160=CARTESIAN_POINT('',(45.85,0.,-52.7));
#8161=CARTESIAN_POINT('',(45.85,3.9,-52.7));
#8162=CARTESIAN_POINT('',(45.85,3.9,-52.7));
#8163=CARTESIAN_POINT('',(45.85,3.9,-53.6));
#8164=CARTESIAN_POINT('',(45.85,3.9,-53.6));
#8165=CARTESIAN_POINT('',(53.85,3.9,-54.5));
#8166=CARTESIAN_POINT('',(53.85,3.9,-54.5));
#8167=CARTESIAN_POINT('',(53.85,0.,-54.5));
#8168=CARTESIAN_POINT('',(53.85,0.,-53.6));
#8169=CARTESIAN_POINT('',(53.85,0.,-52.7));
#8170=CARTESIAN_POINT('',(53.85,3.9,-52.7));
#8171=CARTESIAN_POINT('',(53.85,3.9,-52.7));
#8172=CARTESIAN_POINT('',(53.85,3.9,-53.6));
#8173=CARTESIAN_POINT('',(53.85,3.9,-53.6));
#8174=CARTESIAN_POINT('',(45.85,3.9,-34.1));
#8175=CARTESIAN_POINT('',(45.85,3.9,-34.1));
#8176=CARTESIAN_POINT('',(45.85,0.,-34.1));
#8177=CARTESIAN_POINT('',(45.85,0.,-33.2));
#8178=CARTESIAN_POINT('',(45.85,0.,-32.3));
#8179=CARTESIAN_POINT('',(45.85,3.9,-32.3));
#8180=CARTESIAN_POINT('',(45.85,3.9,-32.3));
#8181=CARTESIAN_POINT('',(45.85,3.9,-33.2));
#8182=CARTESIAN_POINT('',(45.85,3.9,-33.2));
#8183=CARTESIAN_POINT('',(53.85,3.9,-34.1));
#8184=CARTESIAN_POINT('',(53.85,3.9,-34.1));
#8185=CARTESIAN_POINT('',(53.85,0.,-34.1));
#8186=CARTESIAN_POINT('',(53.85,0.,-33.2));
#8187=CARTESIAN_POINT('',(53.85,0.,-32.3));
#8188=CARTESIAN_POINT('',(53.85,3.9,-32.3));
#8189=CARTESIAN_POINT('',(53.85,3.9,-32.3));
#8190=CARTESIAN_POINT('',(53.85,3.9,-33.2));
#8191=CARTESIAN_POINT('',(53.85,3.9,-33.2));
#8192=CARTESIAN_POINT('',(45.85,3.9,-29.2));
#8193=CARTESIAN_POINT('',(45.85,3.9,-29.2));
#8194=CARTESIAN_POINT('',(45.85,0.,-29.2));
#8195=CARTESIAN_POINT('',(45.85,0.,-28.3));
#8196=CARTESIAN_POINT('',(45.85,0.,-27.4));
#8197=CARTESIAN_POINT('',(45.85,3.9,-27.4));
#8198=CARTESIAN_POINT('',(45.85,3.9,-27.4));
#8199=CARTESIAN_POINT('',(45.85,3.9,-28.3));
#8200=CARTESIAN_POINT('',(45.85,3.9,-28.3));
#8201=CARTESIAN_POINT('',(53.85,3.9,-29.2));
#8202=CARTESIAN_POINT('',(53.85,3.9,-29.2));
#8203=CARTESIAN_POINT('',(53.85,0.,-29.2));
#8204=CARTESIAN_POINT('',(53.85,0.,-28.3));
#8205=CARTESIAN_POINT('',(53.85,0.,-27.4));
#8206=CARTESIAN_POINT('',(53.85,3.9,-27.4));
#8207=CARTESIAN_POINT('',(53.85,3.9,-27.4));
#8208=CARTESIAN_POINT('',(53.85,3.9,-28.3));
#8209=CARTESIAN_POINT('',(53.85,3.9,-28.3));
#8210=CARTESIAN_POINT('',(45.85,3.9,-8.80000000000001));
#8211=CARTESIAN_POINT('',(45.85,3.9,-8.80000000000001));
#8212=CARTESIAN_POINT('',(45.85,0.,-8.80000000000001));
#8213=CARTESIAN_POINT('',(45.85,0.,-7.9));
#8214=CARTESIAN_POINT('',(45.85,0.,-6.99999999999999));
#8215=CARTESIAN_POINT('',(45.85,3.9,-6.99999999999999));
#8216=CARTESIAN_POINT('',(45.85,3.9,-6.99999999999999));
#8217=CARTESIAN_POINT('',(45.85,3.9,-7.9));
#8218=CARTESIAN_POINT('',(45.85,3.9,-7.9));
#8219=CARTESIAN_POINT('',(53.85,3.9,-8.80000000000001));
#8220=CARTESIAN_POINT('',(53.85,3.9,-8.80000000000001));
#8221=CARTESIAN_POINT('',(53.85,0.,-8.80000000000001));
#8222=CARTESIAN_POINT('',(53.85,0.,-7.9));
#8223=CARTESIAN_POINT('',(53.85,0.,-6.99999999999999));
#8224=CARTESIAN_POINT('',(53.85,3.9,-6.99999999999999));
#8225=CARTESIAN_POINT('',(53.85,3.9,-6.99999999999999));
#8226=CARTESIAN_POINT('',(53.85,3.9,-7.9));
#8227=CARTESIAN_POINT('',(53.85,3.9,-7.9));
#8228=CARTESIAN_POINT('',(18.85,0.,-41.05));
#8229=CARTESIAN_POINT('',(18.85,4.3,-41.05));
#8230=CARTESIAN_POINT('',(18.85,-1.15116799119851E-15,-41.05));
#8231=CARTESIAN_POINT('',(18.85,4.3,-41.65));
#8232=CARTESIAN_POINT('',(18.85,4.3,-42.25));
#8233=CARTESIAN_POINT('',(18.85,0.,-42.25));
#8234=CARTESIAN_POINT('',(18.85,-1.15116799119851E-15,-42.25));
#8235=CARTESIAN_POINT('',(18.85,-1.15116799119851E-15,-41.65));
#8236=CARTESIAN_POINT('',(18.85,0.,-41.65));
#8237=CARTESIAN_POINT('',(9.15,0.,-41.05));
#8238=CARTESIAN_POINT('',(9.15,4.3,-41.05));
#8239=CARTESIAN_POINT('',(9.15,-1.15116799119851E-15,-41.05));
#8240=CARTESIAN_POINT('',(9.15,4.3,-41.65));
#8241=CARTESIAN_POINT('',(9.15,4.3,-42.25));
#8242=CARTESIAN_POINT('',(9.15,0.,-42.25));
#8243=CARTESIAN_POINT('',(9.15,-1.15116799119851E-15,-42.25));
#8244=CARTESIAN_POINT('',(9.15,-1.15116799119851E-15,-41.65));
#8245=CARTESIAN_POINT('',(9.15,0.,-41.65));
#8246=CARTESIAN_POINT('',(9.15,0.,-31.35));
#8247=CARTESIAN_POINT('',(9.15,4.3,-31.35));
#8248=CARTESIAN_POINT('',(9.15,-1.15116799119851E-15,-31.35));
#8249=CARTESIAN_POINT('',(9.15,4.3,-31.95));
#8250=CARTESIAN_POINT('',(9.15,4.3,-32.55));
#8251=CARTESIAN_POINT('',(9.15,0.,-32.55));
#8252=CARTESIAN_POINT('',(9.15,-1.15116799119851E-15,-32.55));
#8253=CARTESIAN_POINT('',(9.15,-1.15116799119851E-15,-31.95));
#8254=CARTESIAN_POINT('',(9.15,0.,-31.95));
#8255=CARTESIAN_POINT('',(18.85,0.,-31.35));
#8256=CARTESIAN_POINT('',(18.85,4.3,-31.35));
#8257=CARTESIAN_POINT('',(18.85,-1.15116799119851E-15,-31.35));
#8258=CARTESIAN_POINT('',(18.85,4.3,-31.95));
#8259=CARTESIAN_POINT('',(18.85,4.3,-32.55));
#8260=CARTESIAN_POINT('',(18.85,0.,-32.55));
#8261=CARTESIAN_POINT('',(18.85,-1.15116799119851E-15,-32.55));
#8262=CARTESIAN_POINT('',(18.85,-1.15116799119851E-15,-31.95));
#8263=CARTESIAN_POINT('',(18.85,0.,-31.95));
#8264=CARTESIAN_POINT('',(148.2,11.,-1.00000000000001));
#8265=CARTESIAN_POINT('',(148.2,11.,0.));
#8266=CARTESIAN_POINT('',(148.2,11.,-1.00000000000002));
#8267=CARTESIAN_POINT('',(146.9,11.,0.));
#8268=CARTESIAN_POINT('',(145.6,11.,0.));
#8269=CARTESIAN_POINT('',(145.6,11.,-1.00000000000001));
#8270=CARTESIAN_POINT('',(145.6,11.,-1.00000000000002));
#8271=CARTESIAN_POINT('',(146.9,11.,-1.00000000000002));
#8272=CARTESIAN_POINT('',(146.9,11.,-1.00000000000001));
#8273=CARTESIAN_POINT('',(141.7,11.,-1.00000000000001));
#8274=CARTESIAN_POINT('',(141.7,11.,0.));
#8275=CARTESIAN_POINT('',(141.7,11.,-1.00000000000002));
#8276=CARTESIAN_POINT('',(140.4,11.,0.));
#8277=CARTESIAN_POINT('',(139.1,11.,0.));
#8278=CARTESIAN_POINT('',(139.1,11.,-1.00000000000001));
#8279=CARTESIAN_POINT('',(139.1,11.,-1.00000000000002));
#8280=CARTESIAN_POINT('',(140.4,11.,-1.00000000000002));
#8281=CARTESIAN_POINT('',(140.4,11.,-1.00000000000001));
#8282=CARTESIAN_POINT('',(0.,7.35,-35.85));
#8283=CARTESIAN_POINT('',(-1.08993565124114E-15,7.35,-35.85));
#8284=CARTESIAN_POINT('',(3.,7.35,-35.85));
#8285=CARTESIAN_POINT('',(3.,7.35,-34.75));
#8286=CARTESIAN_POINT('',(3.,7.35,-33.65));
#8287=CARTESIAN_POINT('',(0.,7.35,-33.65));
#8288=CARTESIAN_POINT('',(-1.08993565124114E-15,7.35,-33.65));
#8289=CARTESIAN_POINT('',(-1.08993565124114E-15,7.35,-34.75));
#8290=CARTESIAN_POINT('',(0.,7.35,-34.75));
#8291=CARTESIAN_POINT('',(4.5,7.35,-34.75));
#8292=CARTESIAN_POINT('',(4.5,6.4,-35.3045268253205));
#8293=CARTESIAN_POINT('',(4.5,6.4,-34.1954731746795));
#8294=CARTESIAN_POINT('',(4.5,6.4,-29.));
#8295=CARTESIAN_POINT('',(4.5,7.35,-34.75));
#8296=CARTESIAN_POINT('',(0.,11.65,-31.35));
#8297=CARTESIAN_POINT('',(-1.11442858722409E-15,11.65,-31.35));
#8298=CARTESIAN_POINT('',(3.,11.65,-31.35));
#8299=CARTESIAN_POINT('',(3.,11.65,-30.45));
#8300=CARTESIAN_POINT('',(3.,11.65,-29.55));
#8301=CARTESIAN_POINT('',(0.,11.65,-29.55));
#8302=CARTESIAN_POINT('',(-1.11442858722409E-15,11.65,-29.55));
#8303=CARTESIAN_POINT('',(-1.11442858722409E-15,11.65,-30.45));
#8304=CARTESIAN_POINT('',(0.,11.65,-30.45));
#8305=CARTESIAN_POINT('',(0.,3.05,-39.95));
#8306=CARTESIAN_POINT('',(-1.11442858722409E-15,3.05,-39.95));
#8307=CARTESIAN_POINT('',(4.5,3.05,-39.95));
#8308=CARTESIAN_POINT('',(4.5,3.05,-39.05));
#8309=CARTESIAN_POINT('',(4.5,3.93331337664069,-38.8774964387392));
#8310=CARTESIAN_POINT('',(4.5,3.93331337664069,-38.8774964387392));
#8311=CARTESIAN_POINT('',(4.23977105704624,3.92173031176716,-38.8181847580382));
#8312=CARTESIAN_POINT('',(4.01515253364281,3.86278961941326,-38.6112490362065));
#8313=CARTESIAN_POINT('',(3.87796758896693,3.65696843647618,-38.3774141983839));
#8314=CARTESIAN_POINT('',(3.84242237203833,3.52307928526078,-38.2769348661732));
#8315=CARTESIAN_POINT('',(3.8185549004357,3.32877145534106,-38.1876078693724));
#8316=CARTESIAN_POINT('',(3.81258803253504,3.20161552985249,-38.15));
#8317=CARTESIAN_POINT('',(3.81258803253504,3.05,-38.15));
#8318=CARTESIAN_POINT('',(3.81258803253504,3.05,-38.15));
#8319=CARTESIAN_POINT('',(0.,3.05,-38.15));
#8320=CARTESIAN_POINT('',(-1.11442858722409E-15,3.05,-38.15));
#8321=CARTESIAN_POINT('',(-1.11442858722409E-15,3.05,-39.05));
#8322=CARTESIAN_POINT('',(0.,3.05,-39.05));
#8323=CARTESIAN_POINT('',(4.5,3.05,-39.05));
#8324=CARTESIAN_POINT('',(4.5,2.16668662335931,-38.8774964387392));
#8325=CARTESIAN_POINT('',(4.5,16.,-38.8774964387392));
#8326=CARTESIAN_POINT('',(4.5,3.05,-39.05));
#8327=CARTESIAN_POINT('',(0.,3.05,-31.35));
#8328=CARTESIAN_POINT('',(-1.11442858722409E-15,3.05,-31.35));
#8329=CARTESIAN_POINT('',(4.5,3.05,-31.35));
#8330=CARTESIAN_POINT('',(4.5,3.05,-30.45));
#8331=CARTESIAN_POINT('',(4.5,3.05,-29.55));
#8332=CARTESIAN_POINT('',(0.,3.05,-29.55));
#8333=CARTESIAN_POINT('',(-1.11442858722409E-15,3.05,-29.55));
#8334=CARTESIAN_POINT('',(-1.11442858722409E-15,3.05,-30.45));
#8335=CARTESIAN_POINT('',(0.,3.05,-30.45));
#8336=CARTESIAN_POINT('',(4.5,3.05,-30.45));
#8337=CARTESIAN_POINT('',(4.5,3.05,-30.45));
#8338=CARTESIAN_POINT('',(164.6,7.35,-33.2));
#8339=CARTESIAN_POINT('',(161.6,7.35,-33.2));
#8340=CARTESIAN_POINT('',(164.6,7.35,-33.2));
#8341=CARTESIAN_POINT('',(161.6,7.35,-34.3));
#8342=CARTESIAN_POINT('',(161.6,7.35,-35.4));
#8343=CARTESIAN_POINT('',(164.6,7.35,-35.4));
#8344=CARTESIAN_POINT('',(164.6,7.35,-35.4));
#8345=CARTESIAN_POINT('',(164.6,7.35,-34.3));
#8346=CARTESIAN_POINT('',(164.6,7.35,-34.3));
#8347=CARTESIAN_POINT('',(161.1,6.4,-57.));
#8348=CARTESIAN_POINT('',(161.1,6.4,-34.8545268253205));
#8349=CARTESIAN_POINT('',(161.1,6.4,-33.7454731746795));
#8350=CARTESIAN_POINT('',(161.1,7.35,-34.3));
#8351=CARTESIAN_POINT('',(161.1,7.35,-34.3));
#8352=CARTESIAN_POINT('',(161.6,11.65,-30.9));
#8353=CARTESIAN_POINT('',(161.6,11.65,-30.9));
#8354=CARTESIAN_POINT('',(164.6,11.65,-30.9));
#8355=CARTESIAN_POINT('',(164.6,11.65,-30.));
#8356=CARTESIAN_POINT('',(164.6,11.65,-29.1));
#8357=CARTESIAN_POINT('',(161.6,11.65,-29.1));
#8358=CARTESIAN_POINT('',(161.6,11.65,-29.1));
#8359=CARTESIAN_POINT('',(161.6,11.65,-30.));
#8360=CARTESIAN_POINT('',(161.6,11.65,-30.));
#8361=CARTESIAN_POINT('',(161.6,11.65,-39.5));
#8362=CARTESIAN_POINT('',(161.6,11.65,-39.5));
#8363=CARTESIAN_POINT('',(164.6,11.65,-39.5));
#8364=CARTESIAN_POINT('',(164.6,11.65,-38.6));
#8365=CARTESIAN_POINT('',(164.6,11.65,-37.7));
#8366=CARTESIAN_POINT('',(161.6,11.65,-37.7));
#8367=CARTESIAN_POINT('',(161.6,11.65,-37.7));
#8368=CARTESIAN_POINT('',(161.6,11.65,-38.6));
#8369=CARTESIAN_POINT('',(161.6,11.65,-38.6));
#8370=CARTESIAN_POINT('',(164.6,3.05,-37.7));
#8371=CARTESIAN_POINT('',(161.1,3.05,-37.7));
#8372=CARTESIAN_POINT('',(164.6,3.05,-37.7));
#8373=CARTESIAN_POINT('',(161.1,3.05,-38.6));
#8374=CARTESIAN_POINT('',(161.1,3.05,-39.5));
#8375=CARTESIAN_POINT('',(164.6,3.05,-39.5));
#8376=CARTESIAN_POINT('',(164.6,3.05,-39.5));
#8377=CARTESIAN_POINT('',(164.6,3.05,-38.6));
#8378=CARTESIAN_POINT('',(164.6,3.05,-38.6));
#8379=CARTESIAN_POINT('',(161.1,3.05,-38.6));
#8380=CARTESIAN_POINT('',(161.1,3.05,-38.6));
#8381=CARTESIAN_POINT('',(164.6,3.05,-29.1));
#8382=CARTESIAN_POINT('',(161.1,3.05,-29.1));
#8383=CARTESIAN_POINT('',(164.6,3.05,-29.1));
#8384=CARTESIAN_POINT('',(161.1,3.05,-30.));
#8385=CARTESIAN_POINT('',(161.1,3.05,-30.9));
#8386=CARTESIAN_POINT('',(164.6,3.05,-30.9));
#8387=CARTESIAN_POINT('',(164.6,3.05,-30.9));
#8388=CARTESIAN_POINT('',(164.6,3.05,-30.));
#8389=CARTESIAN_POINT('',(164.6,3.05,-30.));
#8390=CARTESIAN_POINT('',(161.1,3.05,-30.));
#8391=CARTESIAN_POINT('',(161.1,3.05,-30.));
#8392=CARTESIAN_POINT('',(161.6,11.,-16.5));
#8393=CARTESIAN_POINT('',(161.6,11.,-16.5));
#8394=CARTESIAN_POINT('',(162.6,11.,-16.5));
#8395=CARTESIAN_POINT('',(162.6,11.,-15.2));
#8396=CARTESIAN_POINT('',(162.6,11.,-13.9));
#8397=CARTESIAN_POINT('',(161.6,11.,-13.9));
#8398=CARTESIAN_POINT('',(161.6,11.,-13.9));
#8399=CARTESIAN_POINT('',(161.6,11.,-15.2));
#8400=CARTESIAN_POINT('',(161.6,11.,-15.2));
#8401=CARTESIAN_POINT('',(161.6,11.,-23.));
#8402=CARTESIAN_POINT('',(161.6,11.,-23.));
#8403=CARTESIAN_POINT('',(162.6,11.,-23.));
#8404=CARTESIAN_POINT('',(162.6,11.,-21.7));
#8405=CARTESIAN_POINT('',(162.6,11.,-20.4));
#8406=CARTESIAN_POINT('',(161.6,11.,-20.4));
#8407=CARTESIAN_POINT('',(161.6,11.,-20.4));
#8408=CARTESIAN_POINT('',(161.6,11.,-21.7));
#8409=CARTESIAN_POINT('',(161.6,11.,-21.7));
#8410=CARTESIAN_POINT('',(3.3,0.,-52.4));
#8411=CARTESIAN_POINT('',(3.3,6.00000000000001,-52.4));
#8412=CARTESIAN_POINT('',(3.3,-1.05319624726672E-15,-52.4));
#8413=CARTESIAN_POINT('',(3.3,6.00000000000001,-53.8));
#8414=CARTESIAN_POINT('',(3.3,6.00000000000001,-55.2));
#8415=CARTESIAN_POINT('',(3.3,0.,-55.2));
#8416=CARTESIAN_POINT('',(3.3,-1.05319624726672E-15,-55.2));
#8417=CARTESIAN_POINT('',(3.3,-1.05319624726672E-15,-53.8));
#8418=CARTESIAN_POINT('',(3.3,0.,-53.8));
#8419=CARTESIAN_POINT('',(3.3,6.00000000000001,-53.8));
#8420=CARTESIAN_POINT('',(3.3,6.00000000000001,-53.8));
#8421=CARTESIAN_POINT('',(3.3,0.,-2.79999999999999));
#8422=CARTESIAN_POINT('',(3.3,6.00000000000001,-2.79999999999999));
#8423=CARTESIAN_POINT('',(3.3,-1.05319624726672E-15,-2.79999999999999));
#8424=CARTESIAN_POINT('',(3.3,6.00000000000001,-4.2));
#8425=CARTESIAN_POINT('',(3.3,6.00000000000001,-5.60000000000001));
#8426=CARTESIAN_POINT('',(3.3,0.,-5.60000000000001));
#8427=CARTESIAN_POINT('',(3.3,-1.05319624726672E-15,-5.60000000000001));
#8428=CARTESIAN_POINT('',(3.3,-1.05319624726672E-15,-4.2));
#8429=CARTESIAN_POINT('',(3.3,0.,-4.2));
#8430=CARTESIAN_POINT('',(3.3,6.00000000000001,-4.2));
#8431=CARTESIAN_POINT('',(3.3,6.00000000000001,-4.2));
#8432=CARTESIAN_POINT('',(161.3,0.,-2.79999999999999));
#8433=CARTESIAN_POINT('',(161.3,6.00000000000001,-2.79999999999999));
#8434=CARTESIAN_POINT('',(161.3,-1.05319624726672E-15,-2.79999999999999));
#8435=CARTESIAN_POINT('',(161.3,6.00000000000001,-4.2));
#8436=CARTESIAN_POINT('',(161.3,6.00000000000001,-5.60000000000001));
#8437=CARTESIAN_POINT('',(161.3,0.,-5.60000000000001));
#8438=CARTESIAN_POINT('',(161.3,-1.05319624726672E-15,-5.60000000000001));
#8439=CARTESIAN_POINT('',(161.3,-1.05319624726672E-15,-4.2));
#8440=CARTESIAN_POINT('',(161.3,0.,-4.2));
#8441=CARTESIAN_POINT('',(161.3,6.00000000000001,-4.2));
#8442=CARTESIAN_POINT('',(161.3,6.00000000000001,-4.2));
#8443=CARTESIAN_POINT('',(161.3,0.,-52.4));
#8444=CARTESIAN_POINT('',(161.3,6.00000000000001,-52.4));
#8445=CARTESIAN_POINT('',(161.3,-1.05319624726672E-15,-52.4));
#8446=CARTESIAN_POINT('',(161.3,6.00000000000001,-53.8));
#8447=CARTESIAN_POINT('',(161.3,6.00000000000001,-55.2));
#8448=CARTESIAN_POINT('',(161.3,0.,-55.2));
#8449=CARTESIAN_POINT('',(161.3,-1.05319624726672E-15,-55.2));
#8450=CARTESIAN_POINT('',(161.3,-1.05319624726672E-15,-53.8));
#8451=CARTESIAN_POINT('',(161.3,0.,-53.8));
#8452=CARTESIAN_POINT('',(161.3,6.00000000000001,-53.8));
#8453=CARTESIAN_POINT('',(161.3,6.00000000000001,-53.8));
#8454=CARTESIAN_POINT('',(161.3,0.,-47.1));
#8455=CARTESIAN_POINT('',(161.3,6.00000000000001,-47.1));
#8456=CARTESIAN_POINT('',(161.3,-1.05319624726672E-15,-47.1));
#8457=CARTESIAN_POINT('',(161.3,6.00000000000001,-48.5));
#8458=CARTESIAN_POINT('',(161.3,6.00000000000001,-49.9));
#8459=CARTESIAN_POINT('',(161.3,0.,-49.9));
#8460=CARTESIAN_POINT('',(161.3,-1.05319624726672E-15,-49.9));
#8461=CARTESIAN_POINT('',(161.3,-1.05319624726672E-15,-48.5));
#8462=CARTESIAN_POINT('',(161.3,0.,-48.5));
#8463=CARTESIAN_POINT('',(161.3,6.00000000000001,-48.5));
#8464=CARTESIAN_POINT('',(161.3,6.00000000000001,-48.5));
#8465=CARTESIAN_POINT('',(82.3,0.,-52.4));
#8466=CARTESIAN_POINT('',(82.3,6.00000000000001,-52.4));
#8467=CARTESIAN_POINT('',(82.3,-1.05319624726672E-15,-52.4));
#8468=CARTESIAN_POINT('',(82.3,6.00000000000001,-53.8));
#8469=CARTESIAN_POINT('',(82.3,6.00000000000001,-55.2));
#8470=CARTESIAN_POINT('',(82.3,0.,-55.2));
#8471=CARTESIAN_POINT('',(82.3,-1.05319624726672E-15,-55.2));
#8472=CARTESIAN_POINT('',(82.3,-1.05319624726672E-15,-53.8));
#8473=CARTESIAN_POINT('',(82.3,0.,-53.8));
#8474=CARTESIAN_POINT('',(82.3,6.00000000000001,-53.8));
#8475=CARTESIAN_POINT('',(82.3,6.00000000000001,-53.8));
#8476=CARTESIAN_POINT('',(82.3,0.,-2.79999999999999));
#8477=CARTESIAN_POINT('',(82.3,6.00000000000001,-2.79999999999999));
#8478=CARTESIAN_POINT('',(82.3,-1.05319624726672E-15,-2.79999999999999));
#8479=CARTESIAN_POINT('',(82.3,6.00000000000001,-4.2));
#8480=CARTESIAN_POINT('',(82.3,6.00000000000001,-5.60000000000001));
#8481=CARTESIAN_POINT('',(82.3,0.,-5.60000000000001));
#8482=CARTESIAN_POINT('',(82.3,-1.05319624726672E-15,-5.60000000000001));
#8483=CARTESIAN_POINT('',(82.3,-1.05319624726672E-15,-4.2));
#8484=CARTESIAN_POINT('',(82.3,0.,-4.2));
#8485=CARTESIAN_POINT('',(82.3,6.00000000000001,-4.2));
#8486=CARTESIAN_POINT('',(82.3,6.00000000000001,-4.2));
#8487=CARTESIAN_POINT('',(85.3,8.5,-29.));
#8488=CARTESIAN_POINT('',(85.3,8.5,-7.4));
#8489=CARTESIAN_POINT('',(85.3,6.4,-57.));
#8490=CARTESIAN_POINT('',(85.3,6.4,-7.4));
#8491=CARTESIAN_POINT('',(85.3,8.,-7.4));
#8492=CARTESIAN_POINT('',(85.3,8.,-29.));
#8493=CARTESIAN_POINT('',(79.3,6.4,-57.));
#8494=CARTESIAN_POINT('',(79.3,6.4,-7.4));
#8495=CARTESIAN_POINT('',(79.3,8.5,-29.));
#8496=CARTESIAN_POINT('',(79.3,8.5,-7.4));
#8497=CARTESIAN_POINT('',(79.3,8.,-7.4));
#8498=CARTESIAN_POINT('',(79.3,8.,-29.));
#8499=CARTESIAN_POINT('',(41.,8.5,-1.));
#8500=CARTESIAN_POINT('',(82.3,8.5,-7.4));
#8501=CARTESIAN_POINT('',(82.3,8.5,-1.));
#8502=CARTESIAN_POINT('',(83.3,5.9,-7.4));
#8503=CARTESIAN_POINT('',(85.3,5.9,-7.4));
#8504=CARTESIAN_POINT('',(85.3,5.9,-17.4));
#8505=CARTESIAN_POINT('',(83.3,5.9,-17.4));
#8506=CARTESIAN_POINT('',(83.3,5.9,-17.4));
#8507=CARTESIAN_POINT('',(83.3,6.4,-17.4));
#8508=CARTESIAN_POINT('',(83.3,5.9,-17.4));
#8509=CARTESIAN_POINT('',(83.3,6.4,-7.4));
#8510=CARTESIAN_POINT('',(41.,6.4,-7.4));
#8511=CARTESIAN_POINT('',(83.3,5.9,-7.4));
#8512=CARTESIAN_POINT('',(85.3,6.4,-7.4));
#8513=CARTESIAN_POINT('',(85.3,5.9,-7.4));
#8514=CARTESIAN_POINT('',(85.3,6.4,-17.4));
#8515=CARTESIAN_POINT('',(85.3,5.9,-17.4));
#8516=CARTESIAN_POINT('',(133.7,3.4,-41.2));
#8517=CARTESIAN_POINT('',(110.5,3.4,-41.2));
#8518=CARTESIAN_POINT('',(110.5,3.4,-28.));
#8519=CARTESIAN_POINT('',(110.5,3.4,-28.));
#8520=CARTESIAN_POINT('',(105.8,3.4,-28.));
#8521=CARTESIAN_POINT('',(105.8,3.4,-22.65));
#8522=CARTESIAN_POINT('',(116.9,3.4,-22.65));
#8523=CARTESIAN_POINT('',(116.9,3.4,-28.));
#8524=CARTESIAN_POINT('',(116.9,3.4,-28.));
#8525=CARTESIAN_POINT('',(133.7,3.4,-28.));
#8526=CARTESIAN_POINT('',(112.8,3.4,-25.4));
#8527=CARTESIAN_POINT('',(130.7,3.4,-34.55));
#8528=CARTESIAN_POINT('',(113.7,3.4,-34.55));
#8529=CARTESIAN_POINT('',(110.5,3.4,-41.2));
#8530=CARTESIAN_POINT('',(110.5,6.4,-41.2));
#8531=CARTESIAN_POINT('',(110.5,6.4,-28.));
#8532=CARTESIAN_POINT('',(110.5,3.4,-28.));
#8533=CARTESIAN_POINT('',(110.5,3.4,-41.2));
#8534=CARTESIAN_POINT('',(110.5,6.4,-28.));
#8535=CARTESIAN_POINT('',(110.5,3.4,-28.));
#8536=CARTESIAN_POINT('',(105.8,6.4,-28.));
#8537=CARTESIAN_POINT('',(105.8,3.4,-28.));
#8538=CARTESIAN_POINT('',(105.8,6.4,-22.65));
#8539=CARTESIAN_POINT('',(105.8,3.4,-22.65));
#8540=CARTESIAN_POINT('',(116.9,6.4,-22.65));
#8541=CARTESIAN_POINT('',(116.9,6.4,-28.));
#8542=CARTESIAN_POINT('',(116.9,3.4,-28.));
#8543=CARTESIAN_POINT('',(116.9,3.4,-22.65));
#8544=CARTESIAN_POINT('',(116.9,6.4,-28.));
#8545=CARTESIAN_POINT('',(116.9,3.4,-28.));
#8546=CARTESIAN_POINT('',(133.7,6.4,-28.));
#8547=CARTESIAN_POINT('',(133.7,3.4,-28.));
#8548=CARTESIAN_POINT('',(133.7,6.4,-41.2));
#8549=CARTESIAN_POINT('',(133.7,3.4,-41.2));
#8550=CARTESIAN_POINT('',(17.15,6.8,-16.9));
#8551=CARTESIAN_POINT('',(13.55,6.8,-16.9));
#8552=CARTESIAN_POINT('',(13.55,6.8,-13.3));
#8553=CARTESIAN_POINT('',(17.15,6.8,-13.3));
#8554=CARTESIAN_POINT('',(17.15,6.8,-16.9));
#8555=CARTESIAN_POINT('',(17.15,6.4,-16.9));
#8556=CARTESIAN_POINT('',(17.15,6.8,-16.9));
#8557=CARTESIAN_POINT('',(17.15,6.4,-13.3));
#8558=CARTESIAN_POINT('',(17.15,6.8,-13.3));
#8559=CARTESIAN_POINT('',(13.55,6.4,-13.3));
#8560=CARTESIAN_POINT('',(13.55,6.8,-13.3));
#8561=CARTESIAN_POINT('',(13.55,6.4,-16.9));
#8562=CARTESIAN_POINT('',(13.55,6.8,-16.9));
#8563=CARTESIAN_POINT('',(12.25,6.8,-50.6));
#8564=CARTESIAN_POINT('',(12.25,6.8,-47.));
#8565=CARTESIAN_POINT('',(15.85,6.8,-47.));
#8566=CARTESIAN_POINT('',(15.85,6.8,-50.6));
#8567=CARTESIAN_POINT('',(12.25,6.8,-50.6));
#8568=CARTESIAN_POINT('',(12.25,6.4,-50.6));
#8569=CARTESIAN_POINT('',(12.25,6.8,-50.6));
#8570=CARTESIAN_POINT('',(15.85,6.4,-50.6));
#8571=CARTESIAN_POINT('',(15.85,6.8,-50.6));
#8572=CARTESIAN_POINT('',(15.85,6.4,-47.));
#8573=CARTESIAN_POINT('',(15.85,6.8,-47.));
#8574=CARTESIAN_POINT('',(12.25,6.4,-47.));
#8575=CARTESIAN_POINT('',(12.25,6.8,-47.));
#8576=CARTESIAN_POINT('',(66.85,6.8,-36.55));
#8577=CARTESIAN_POINT('',(71.45,6.8,-36.55));
#8578=CARTESIAN_POINT('',(71.45,6.8,-40.15));
#8579=CARTESIAN_POINT('',(66.85,6.8,-40.15));
#8580=CARTESIAN_POINT('',(66.85,6.8,-36.55));
#8581=CARTESIAN_POINT('',(66.85,6.4,-36.55));
#8582=CARTESIAN_POINT('',(66.85,6.8,-36.55));
#8583=CARTESIAN_POINT('',(66.85,6.4,-40.15));
#8584=CARTESIAN_POINT('',(66.85,6.8,-40.15));
#8585=CARTESIAN_POINT('',(71.45,6.4,-40.15));
#8586=CARTESIAN_POINT('',(71.45,6.8,-40.15));
#8587=CARTESIAN_POINT('',(71.45,6.4,-36.55));
#8588=CARTESIAN_POINT('',(71.45,6.8,-36.55));
#8589=CARTESIAN_POINT('',(89.75,6.8,-11.55));
#8590=CARTESIAN_POINT('',(93.75,6.8,-11.55));
#8591=CARTESIAN_POINT('',(93.75,6.8,-15.55));
#8592=CARTESIAN_POINT('',(89.75,6.8,-15.55));
#8593=CARTESIAN_POINT('',(89.75,6.8,-15.55));
#8594=CARTESIAN_POINT('',(89.75,6.4,-15.55));
#8595=CARTESIAN_POINT('',(89.75,6.8,-15.55));
#8596=CARTESIAN_POINT('',(93.75,6.4,-15.55));
#8597=CARTESIAN_POINT('',(93.75,6.8,-15.55));
#8598=CARTESIAN_POINT('',(93.75,6.4,-11.55));
#8599=CARTESIAN_POINT('',(93.75,6.8,-11.55));
#8600=CARTESIAN_POINT('',(89.75,6.4,-11.55));
#8601=CARTESIAN_POINT('',(89.75,6.8,-11.55));
#8602=CARTESIAN_POINT('',(20.4,6.8,-30.25));
#8603=CARTESIAN_POINT('',(16.8,6.8,-30.25));
#8604=CARTESIAN_POINT('',(16.8,6.8,-26.05));
#8605=CARTESIAN_POINT('',(20.4,6.8,-26.05));
#8606=CARTESIAN_POINT('',(16.8,6.8,-30.25));
#8607=CARTESIAN_POINT('',(20.4,6.4,-30.25));
#8608=CARTESIAN_POINT('',(20.4,6.8,-30.25));
#8609=CARTESIAN_POINT('',(20.4,6.4,-26.05));
#8610=CARTESIAN_POINT('',(20.4,6.8,-26.05));
#8611=CARTESIAN_POINT('',(16.8,6.4,-26.05));
#8612=CARTESIAN_POINT('',(16.8,6.8,-26.05));
#8613=CARTESIAN_POINT('',(20.55,4.3,-30.25));
#8614=CARTESIAN_POINT('',(20.55,4.3,-43.35));
#8615=CARTESIAN_POINT('',(7.45000000000001,4.3,-43.35));
#8616=CARTESIAN_POINT('',(7.45000000000001,4.3,-30.25));
#8617=CARTESIAN_POINT('',(18.85,4.3,-31.95));
#8618=CARTESIAN_POINT('',(9.15,4.3,-31.95));
#8619=CARTESIAN_POINT('',(9.15,4.3,-41.65));
#8620=CARTESIAN_POINT('',(18.85,4.3,-41.65));
#8621=CARTESIAN_POINT('',(7.45000000000001,4.3,-30.25));
#8622=CARTESIAN_POINT('',(7.45000000000001,6.4,-30.25));
#8623=CARTESIAN_POINT('',(7.45000000000001,4.3,-30.25));
#8624=CARTESIAN_POINT('',(20.55,6.4,-30.25));
#8625=CARTESIAN_POINT('',(20.55,4.3,-30.25));
#8626=CARTESIAN_POINT('',(20.55,6.4,-43.35));
#8627=CARTESIAN_POINT('',(20.55,4.3,-43.35));
#8628=CARTESIAN_POINT('',(7.45000000000001,6.4,-43.35));
#8629=CARTESIAN_POINT('',(7.45000000000001,4.3,-43.35));
#8630=CARTESIAN_POINT('',(0.,16.,-7.));
#8631=CARTESIAN_POINT('',(0.,16.,-7.00000000000001));
#8632=CARTESIAN_POINT('',(0.,0.,-7.));
#8633=CARTESIAN_POINT('',(0.,0.,-7.00000000000001));
#8634=CARTESIAN_POINT('',(0.,-0.001000000000001,-7.));
#8635=CARTESIAN_POINT('',(0.,-0.001000000000001,-7.));
#8636=CARTESIAN_POINT('',(2.,16.,-7.));
#8637=CARTESIAN_POINT('',(2.,0.,-7.));
#8638=CARTESIAN_POINT('',(2.,-0.001000000000001,-7.));
#8639=CARTESIAN_POINT('',(2.,0.,-27.7));
#8640=CARTESIAN_POINT('',(0.,0.,-27.7));
#8641=CARTESIAN_POINT('',(2.,16.,-27.7));
#8642=CARTESIAN_POINT('',(0.,16.,-27.7));
#8643=CARTESIAN_POINT('',(0.,-0.001000000000001,-27.7));
#8644=CARTESIAN_POINT('',(2.,-0.001000000000001,-27.7));
#8645=CARTESIAN_POINT('',(164.6,16.,-27.8));
#8646=CARTESIAN_POINT('',(164.6,16.,-27.8));
#8647=CARTESIAN_POINT('',(164.6,0.,-27.8));
#8648=CARTESIAN_POINT('',(164.6,0.,-27.8));
#8649=CARTESIAN_POINT('',(164.6,-0.001000000000001,-27.8));
#8650=CARTESIAN_POINT('',(164.6,-0.001000000000001,-27.8));
#8651=CARTESIAN_POINT('',(162.6,0.,-27.8));
#8652=CARTESIAN_POINT('',(162.6,16.,-27.8));
#8653=CARTESIAN_POINT('',(162.6,11.,-21.7));
#8654=CARTESIAN_POINT('',(162.6,11.,-15.2));
#8655=CARTESIAN_POINT('',(162.6,-0.001000000000001,-27.8));
#8656=CARTESIAN_POINT('',(162.6,0.,-7.));
#8657=CARTESIAN_POINT('',(164.6,0.,-7.));
#8658=CARTESIAN_POINT('',(162.6,16.,-7.));
#8659=CARTESIAN_POINT('',(164.6,16.,-7.));
#8660=CARTESIAN_POINT('',(164.6,-0.001000000000001,-7.));
#8661=CARTESIAN_POINT('',(162.6,-0.001000000000001,-7.));
#8662=CARTESIAN_POINT('',(0.,16.,-41.8));
#8663=CARTESIAN_POINT('',(0.,16.,-41.8));
#8664=CARTESIAN_POINT('',(0.,0.,-41.8));
#8665=CARTESIAN_POINT('',(0.,0.,-41.8));
#8666=CARTESIAN_POINT('',(0.,-0.001000000000001,-41.8));
#8667=CARTESIAN_POINT('',(0.,-0.001000000000001,-41.8));
#8668=CARTESIAN_POINT('',(2.,0.,-41.8));
#8669=CARTESIAN_POINT('',(2.,16.,-41.8));
#8670=CARTESIAN_POINT('',(2.,-0.001000000000001,-41.8));
#8671=CARTESIAN_POINT('',(2.,0.,-51.));
#8672=CARTESIAN_POINT('',(0.,0.,-51.));
#8673=CARTESIAN_POINT('',(2.,16.,-51.));
#8674=CARTESIAN_POINT('',(0.,16.,-51.));
#8675=CARTESIAN_POINT('',(0.,-0.001000000000001,-51.));
#8676=CARTESIAN_POINT('',(2.,-0.001000000000001,-51.));
#8677=CARTESIAN_POINT('',(161.6,8.5,-47.0833299547246));
#8678=CARTESIAN_POINT('',(154.468911428117,8.5,-57.));
#8679=CARTESIAN_POINT('',(153.172758427053,8.5,-57.));
#8680=CARTESIAN_POINT('',(161.6,8.5,-45.1799728587232));
#8681=CARTESIAN_POINT('',(161.6,8.5,-57.));
#8682=CARTESIAN_POINT('',(161.6,6.4,-45.1799728587232));
#8683=CARTESIAN_POINT('',(161.6,8.5,-45.1799728587232));
#8684=CARTESIAN_POINT('',(80.85,6.4,-26.4));
#8685=CARTESIAN_POINT('',(80.85,4.6,-50.8));
#8686=CARTESIAN_POINT('',(80.85,6.4,-26.4));
#8687=CARTESIAN_POINT('',(91.4,4.6,-26.4));
#8688=CARTESIAN_POINT('',(94.1,4.6,-26.4));
#8689=CARTESIAN_POINT('',(94.1,4.6,-50.8));
#8690=CARTESIAN_POINT('',(87.45,4.6,-30.35));
#8691=CARTESIAN_POINT('',(87.45,4.6,-47.35));
#8692=CARTESIAN_POINT('',(94.1,4.6,-50.8));
#8693=CARTESIAN_POINT('',(91.4,6.4,-26.4));
#8694=CARTESIAN_POINT('',(91.4,4.6,-26.4));
#8695=CARTESIAN_POINT('',(94.1,6.4,-26.4));
#8696=CARTESIAN_POINT('',(94.1,4.6,-26.4));
#8697=CARTESIAN_POINT('',(94.1,6.4,-50.8));
#8698=CARTESIAN_POINT('',(91.4,6.4,-50.8));
#8699=CARTESIAN_POINT('',(91.4,8.5,-50.8));
#8700=CARTESIAN_POINT('',(91.4,8.5,-50.8));
#8701=CARTESIAN_POINT('',(78.5,8.5,-50.8));
#8702=CARTESIAN_POINT('',(91.4,6.4,-50.8));
#8703=CARTESIAN_POINT('',(91.4,8.5,-50.8));
#8704=CARTESIAN_POINT('',(91.4,6.4,-50.8));
#8705=CARTESIAN_POINT('',(91.4,8.5,-50.8));
#8706=CARTESIAN_POINT('',(91.4,8.5,-50.8));
#8707=CARTESIAN_POINT('',(78.5,8.5,-50.8));
#8708=CARTESIAN_POINT('',(78.5,6.4,-50.8));
#8709=CARTESIAN_POINT('',(78.5,6.4,-50.8));
#8710=CARTESIAN_POINT('',(78.5,8.5,-57.));
#8711=CARTESIAN_POINT('',(87.4,8.5,-55.5));
#8712=CARTESIAN_POINT('',(78.5,8.5,-50.8));
#8713=CARTESIAN_POINT('',(3.,16.,-11.1133088207399));
#8714=CARTESIAN_POINT('',(3.,6.4,-11.1133088207399));
#8715=CARTESIAN_POINT('',(3.,6.4,-34.1954731746795));
#8716=CARTESIAN_POINT('',(3.,7.35,-34.75));
#8717=CARTESIAN_POINT('',(3.,7.35,-34.75));
#8718=CARTESIAN_POINT('',(3.,6.4,-35.3045268253205));
#8719=CARTESIAN_POINT('',(3.,6.4,-11.1133088207399));
#8720=CARTESIAN_POINT('',(3.,11.65,-30.45));
#8721=CARTESIAN_POINT('',(3.,11.65,-39.05));
#8722=CARTESIAN_POINT('',(3.,16.001,-11.1133088207399));
#8723=CARTESIAN_POINT('',(3.,6.4,-46.8866911792601));
#8724=CARTESIAN_POINT('',(3.,16.,-46.8866911792601));
#8725=CARTESIAN_POINT('',(3.,16.001,-46.8866911792601));
#8726=CARTESIAN_POINT('',(10.3349272765806,6.4,-0.99999999999999));
#8727=CARTESIAN_POINT('',(10.3349272765806,16.,-0.99999999999999));
#8728=CARTESIAN_POINT('',(10.3349272765806,16.001,-0.99999999999999));
#8729=CARTESIAN_POINT('',(58.7,3.9,-57.));
#8730=CARTESIAN_POINT('',(41.,3.9,-57.));
#8731=CARTESIAN_POINT('',(41.,3.9,-1.));
#8732=CARTESIAN_POINT('',(58.7,3.9,-1.));
#8733=CARTESIAN_POINT('',(53.85,3.9,-7.9));
#8734=CARTESIAN_POINT('',(45.85,3.9,-7.9));
#8735=CARTESIAN_POINT('',(53.85,3.9,-28.3));
#8736=CARTESIAN_POINT('',(45.85,3.9,-28.3));
#8737=CARTESIAN_POINT('',(53.85,3.9,-33.2));
#8738=CARTESIAN_POINT('',(45.85,3.9,-33.2));
#8739=CARTESIAN_POINT('',(53.85,3.9,-53.6));
#8740=CARTESIAN_POINT('',(45.85,3.9,-53.6));
#8741=CARTESIAN_POINT('',(58.7,3.9,-57.));
#8742=CARTESIAN_POINT('',(58.7,6.4,-1.));
#8743=CARTESIAN_POINT('',(58.7,3.9,-1.));
#8744=CARTESIAN_POINT('',(126.8,4.2,-19.));
#8745=CARTESIAN_POINT('',(126.8,4.2,-0.999999999999998));
#8746=CARTESIAN_POINT('',(155.210510602416,4.2,-0.999999999999996));
#8747=CARTESIAN_POINT('',(161.6,4.2,-10.7523785542066));
#8748=CARTESIAN_POINT('',(161.6,4.2,-19.));
#8749=CARTESIAN_POINT('',(161.6,4.2,-0.999999999999996));
#8750=CARTESIAN_POINT('',(161.6,6.4,-19.));
#8751=CARTESIAN_POINT('',(161.6,4.2,-19.));
#8752=CARTESIAN_POINT('',(126.8,6.4,-19.));
#8753=CARTESIAN_POINT('',(126.8,4.2,-19.));
#8754=CARTESIAN_POINT('',(41.,6.4,-57.));
#8755=CARTESIAN_POINT('',(41.,6.4,-57.));
#8756=CARTESIAN_POINT('',(155.210510602416,16.,-1.00000000000002));
#8757=CARTESIAN_POINT('',(155.210510602416,6.4,-1.00000000000002));
#8758=CARTESIAN_POINT('',(161.6,16.,-47.0833299547246));
#8759=CARTESIAN_POINT('',(161.6,6.4,-47.0833299547246));
#8760=CARTESIAN_POINT('',(41.,16.,-1.));
#8761=CARTESIAN_POINT('',(154.468911428117,16.,-57.));
#8762=CARTESIAN_POINT('',(161.6,16.,-10.7523785542065));
#8763=CARTESIAN_POINT('',(0.,16.,-58.));
#8764=CARTESIAN_POINT('',(0.,16.,0.));
#8765=CARTESIAN_POINT('',(0.,16.,0.));
#8766=CARTESIAN_POINT('',(164.6,16.,0.));
#8767=CARTESIAN_POINT('',(164.6,16.,0.));
#8768=CARTESIAN_POINT('',(164.6,16.,0.));
#8769=CARTESIAN_POINT('',(164.6,16.,-58.));
#8770=CARTESIAN_POINT('',(164.6,16.,-58.));
#8771=CARTESIAN_POINT('',(0.,16.,-58.));
#8772=CARTESIAN_POINT('',(0.,16.,-58.));
#8773=CARTESIAN_POINT('',(0.,16.,-58.));
#8774=CARTESIAN_POINT('',(4.5,16.,-2.5));
#8775=CARTESIAN_POINT('',(4.5,16.,-55.5));
#8776=CARTESIAN_POINT('',(160.1,16.,-55.5));
#8777=CARTESIAN_POINT('',(160.1,16.,-2.5));
#8778=CARTESIAN_POINT('',(0.,16.,-58.));
#8779=CARTESIAN_POINT('',(0.,0.,-58.));
#8780=CARTESIAN_POINT('',(0.,0.,0.));
#8781=CARTESIAN_POINT('',(0.,0.,0.));
#8782=CARTESIAN_POINT('',(0.,0.,-58.));
#8783=CARTESIAN_POINT('',(0.,0.,0.));
#8784=CARTESIAN_POINT('',(164.6,0.,0.));
#8785=CARTESIAN_POINT('',(164.6,0.,0.));
#8786=CARTESIAN_POINT('',(140.4,11.,0.));
#8787=CARTESIAN_POINT('',(146.9,11.,0.));
#8788=CARTESIAN_POINT('',(0.,0.,0.));
#8789=CARTESIAN_POINT('',(164.6,0.,0.));
#8790=CARTESIAN_POINT('',(164.6,0.,-58.));
#8791=CARTESIAN_POINT('',(164.6,0.,-58.));
#8792=CARTESIAN_POINT('',(164.6,3.05,-30.));
#8793=CARTESIAN_POINT('',(164.6,3.05,-38.6));
#8794=CARTESIAN_POINT('',(164.6,11.65,-38.6));
#8795=CARTESIAN_POINT('',(164.6,11.65,-30.));
#8796=CARTESIAN_POINT('',(164.6,7.35,-34.3));
#8797=CARTESIAN_POINT('',(164.6,0.,0.));
#8798=CARTESIAN_POINT('',(164.6,0.,-58.));
#8799=CARTESIAN_POINT('',(0.,0.,-58.));
#8800=CARTESIAN_POINT('',(0.,0.,-58.));
#8801=CARTESIAN_POINT('',(164.6,0.,-58.));
#8802=CARTESIAN_POINT('',(154.468911428117,6.4,-57.));
#8803=CARTESIAN_POINT('',(10.3349272765806,6.4,-57.));
#8804=CARTESIAN_POINT('',(154.468911428117,6.4,-57.));
#8805=CARTESIAN_POINT('',(154.468911428117,6.4,-57.));
#8806=CARTESIAN_POINT('',(0.,0.,-58.));
#8807=CARTESIAN_POINT('',(0.,0.,-58.));
#8808=CARTESIAN_POINT('',(164.6,0.,0.));
#8809=CARTESIAN_POINT('',(164.6,0.,0.));
#8810=CARTESIAN_POINT('',(0.,0.,-58.));
#8811=CARTESIAN_POINT('',(-1.11442858722409E-15,3.05,-30.45));
#8812=CARTESIAN_POINT('',(-1.11442858722409E-15,3.05,-39.05));
#8813=CARTESIAN_POINT('',(-1.11442858722409E-15,11.65,-30.45));
#8814=CARTESIAN_POINT('',(-1.08993565124114E-15,7.35,-34.75));
#8815=CARTESIAN_POINT('',(-1.11442858722409E-15,11.65,-39.05));
#8816=CARTESIAN_POINT('',(0.,0.,-58.));
#8817=CARTESIAN_POINT('',(41.,6.4,-1.));
#8818=CARTESIAN_POINT('',(41.,6.4,-1.));
#8819=CARTESIAN_POINT('',(161.6,6.4,-10.7523785542065));
#8820=CARTESIAN_POINT('',(161.6,6.4,-33.7454731746795));
#8821=CARTESIAN_POINT('',(164.6,6.4,-33.7454731746795));
#8822=CARTESIAN_POINT('',(164.6,6.4,-34.8545268253205));
#8823=CARTESIAN_POINT('',(161.6,6.4,-34.8545268253205));
#8824=CARTESIAN_POINT('',(161.6,6.4,-10.7523785542065));
#8825=CARTESIAN_POINT('',(68.3,6.4,-2.5));
#8826=CARTESIAN_POINT('',(122.8,6.4,-55.5));
#8827=CARTESIAN_POINT('',(110.8,6.4,-2.5));
#8828=CARTESIAN_POINT('',(41.,6.4,-57.));
#8829=CARTESIAN_POINT('',(41.,6.4,-1.));
#8830=CARTESIAN_POINT('',(0.,6.4,-35.3045268253205));
#8831=CARTESIAN_POINT('',(0.,6.4,-34.1954731746795));
#8832=CARTESIAN_POINT('',(36.8,6.4,-2.5));
#8833=CARTESIAN_POINT('',(4.7,6.4,-38.));
#8834=CARTESIAN_POINT('',(36.8,6.4,-55.5));
#8835=CARTESIAN_POINT('',(-9.97276503111176,6.4,-29.));
#8836=CARTESIAN_POINT('',(161.6,11.65,-30.));
#8837=CARTESIAN_POINT('',(161.6,11.65,-38.6));
#8838=CARTESIAN_POINT('',(161.6,11.,-15.2));
#8839=CARTESIAN_POINT('',(161.6,11.,-21.7));
#8840=CARTESIAN_POINT('',(161.6,7.35,-34.3));
#8841=CARTESIAN_POINT('',(161.6,7.35,-34.3));
#8842=CARTESIAN_POINT('',(161.6,6.4,-10.7523785542065));
#8843=CARTESIAN_POINT('',(140.4,11.,-1.00000000000002));
#8844=CARTESIAN_POINT('',(146.9,11.,-1.00000000000002));
#8845=CARTESIAN_POINT('',(41.,6.4,-1.));
#8846=CARTESIAN_POINT('',(18.85,-1.15116799119851E-15,-41.65));
#8847=CARTESIAN_POINT('',(9.15,-1.15116799119851E-15,-31.95));
#8848=CARTESIAN_POINT('',(82.3,-1.05319624726672E-15,-4.2));
#8849=CARTESIAN_POINT('',(82.3,-1.05319624726672E-15,-53.8));
#8850=CARTESIAN_POINT('',(161.3,-1.05319624726672E-15,-48.5));
#8851=CARTESIAN_POINT('',(161.3,-1.05319624726672E-15,-53.8));
#8852=CARTESIAN_POINT('',(161.3,-1.05319624726672E-15,-4.2));
#8853=CARTESIAN_POINT('',(3.3,-1.05319624726672E-15,-4.2));
#8854=CARTESIAN_POINT('',(3.3,-1.05319624726672E-15,-53.8));
#8855=CARTESIAN_POINT('',(18.85,-1.15116799119851E-15,-31.95));
#8856=CARTESIAN_POINT('',(9.15,-1.15116799119851E-15,-41.65));
#8857=CARTESIAN_POINT('',(53.85,0.,-7.9));
#8858=CARTESIAN_POINT('',(45.85,0.,-7.9));
#8859=CARTESIAN_POINT('',(53.85,0.,-28.3));
#8860=CARTESIAN_POINT('',(45.85,0.,-28.3));
#8861=CARTESIAN_POINT('',(53.85,0.,-33.2));
#8862=CARTESIAN_POINT('',(45.85,0.,-33.2));
#8863=CARTESIAN_POINT('',(53.85,0.,-53.6));
#8864=CARTESIAN_POINT('',(45.85,0.,-53.6));
#8865=CARTESIAN_POINT('',(87.45,0.,-30.35));
#8866=CARTESIAN_POINT('',(87.45,0.,-47.35));
#8867=CARTESIAN_POINT('',(112.8,0.,-25.4));
#8868=CARTESIAN_POINT('',(130.7,0.,-34.55));
#8869=CARTESIAN_POINT('',(113.7,0.,-34.55));
#8870=CARTESIAN_POINT('',(36.8,0.,-2.5));
#8871=CARTESIAN_POINT('',(4.7,0.,-38.));
#8872=CARTESIAN_POINT('',(36.8,0.,-55.5));
#8873=CARTESIAN_POINT('',(68.3,0.,-2.5));
#8874=CARTESIAN_POINT('',(87.4,0.,-55.5));
#8875=CARTESIAN_POINT('',(122.8,0.,-55.5));
#8876=CARTESIAN_POINT('',(110.8,0.,-2.5));
#8877=CARTESIAN_POINT('',(0.,0.,-58.));
#8878=CARTESIAN_POINT('',(82.3,0.,-4.2));
#8879=CARTESIAN_POINT('',(82.3,0.,-53.8));
#8880=CARTESIAN_POINT('',(161.3,0.,-48.5));
#8881=CARTESIAN_POINT('',(161.3,0.,-53.8));
#8882=CARTESIAN_POINT('',(161.3,0.,-4.2));
#8883=CARTESIAN_POINT('',(3.3,0.,-4.2));
#8884=CARTESIAN_POINT('',(3.3,0.,-53.8));
#8885=CARTESIAN_POINT('',(161.6,11.,-21.7));
#8886=CARTESIAN_POINT('',(161.6,11.,-15.2));
#8887=CARTESIAN_POINT('',(164.6,3.05,-30.));
#8888=CARTESIAN_POINT('',(164.6,3.05,-38.6));
#8889=CARTESIAN_POINT('',(161.6,11.65,-38.6));
#8890=CARTESIAN_POINT('',(161.6,11.65,-30.));
#8891=CARTESIAN_POINT('',(164.6,7.35,-34.3));
#8892=CARTESIAN_POINT('',(0.,3.05,-30.45));
#8893=CARTESIAN_POINT('',(3.81258803253504,3.05,-38.15));
#8894=CARTESIAN_POINT('',(3.81258803253504,2.7471092547912,-38.15));
#8895=CARTESIAN_POINT('',(3.81484343740522,2.53939931001811,-38.2688499160959));
#8896=CARTESIAN_POINT('',(4.03061234623416,2.21236915734884,-38.6385597374674));
#8897=CARTESIAN_POINT('',(4.23873851006705,2.17831564798854,-38.8179494187403));
#8898=CARTESIAN_POINT('',(4.5,2.16668662335931,-38.8774964387392));
#8899=CARTESIAN_POINT('',(0.,3.05,-39.05));
#8900=CARTESIAN_POINT('',(0.,11.65,-30.45));
#8901=CARTESIAN_POINT('',(0.,7.35,-34.75));
#8902=CARTESIAN_POINT('',(140.4,11.,-1.00000000000001));
#8903=CARTESIAN_POINT('',(146.9,11.,-1.00000000000001));
#8904=CARTESIAN_POINT('',(18.85,0.,-31.95));
#8905=CARTESIAN_POINT('',(9.15,0.,-31.95));
#8906=CARTESIAN_POINT('',(9.15,0.,-41.65));
#8907=CARTESIAN_POINT('',(18.85,0.,-41.65));
#8908=CARTESIAN_POINT('',(53.85,3.9,-7.9));
#8909=CARTESIAN_POINT('',(45.85,3.9,-7.9));
#8910=CARTESIAN_POINT('',(53.85,3.9,-28.3));
#8911=CARTESIAN_POINT('',(45.85,3.9,-28.3));
#8912=CARTESIAN_POINT('',(53.85,3.9,-33.2));
#8913=CARTESIAN_POINT('',(45.85,3.9,-33.2));
#8914=CARTESIAN_POINT('',(53.85,3.9,-53.6));
#8915=CARTESIAN_POINT('',(45.85,3.9,-53.6));
#8916=CARTESIAN_POINT('',(87.45,4.6,-30.35));
#8917=CARTESIAN_POINT('',(87.45,4.6,-47.35));
#8918=CARTESIAN_POINT('',(112.8,3.4,-25.4));
#8919=CARTESIAN_POINT('',(130.7,3.4,-34.55));
#8920=CARTESIAN_POINT('',(113.7,3.4,-34.55));
#8921=CARTESIAN_POINT('',(4.5,16.,-2.5));
#8922=CARTESIAN_POINT('',(4.5,16.,-55.5));
#8923=CARTESIAN_POINT('',(160.1,16.,-55.5));
#8924=CARTESIAN_POINT('',(160.1,16.,-2.5));
#8925=CARTESIAN_POINT('',(36.8,16.,-2.5));
#8926=CARTESIAN_POINT('',(0.,11.65,-39.05));
#8927=CARTESIAN_POINT('',(4.7,16.,-38.));
#8928=CARTESIAN_POINT('',(36.8,16.,-55.5));
#8929=CARTESIAN_POINT('',(68.3,16.,-2.5));
#8930=CARTESIAN_POINT('',(87.4,16.,-55.5));
#8931=CARTESIAN_POINT('',(122.8,16.,-55.5));
#8932=CARTESIAN_POINT('',(110.8,16.,-2.5));
#8933=MECHANICAL_DESIGN_GEOMETRIC_PRESENTATION_REPRESENTATION('',(#24),
#8934);
#8934=(
GEOMETRIC_REPRESENTATION_CONTEXT(3)
GLOBAL_UNCERTAINTY_ASSIGNED_CONTEXT((#8935))
GLOBAL_UNIT_ASSIGNED_CONTEXT((#8941,#8937,#8936))
REPRESENTATION_CONTEXT('9_stp','TOP_LEVEL_ASSEMBLY_PART')
);
#8935=UNCERTAINTY_MEASURE_WITH_UNIT(LENGTH_MEASURE(0.0508),#8941,
'DISTANCE_ACCURACY_VALUE','Maximum Tolerance applied to model');
#8936=(
NAMED_UNIT(*)
SI_UNIT($,.STERADIAN.)
SOLID_ANGLE_UNIT()
);
#8937=(
CONVERSION_BASED_UNIT('DEGREE',#8939)
NAMED_UNIT(#8938)
PLANE_ANGLE_UNIT()
);
#8938=DIMENSIONAL_EXPONENTS(0.,0.,0.,0.,0.,0.,0.);
#8939=PLANE_ANGLE_MEASURE_WITH_UNIT(PLANE_ANGLE_MEASURE(0.0174532925),#8940);
#8940=(
NAMED_UNIT(*)
PLANE_ANGLE_UNIT()
SI_UNIT($,.RADIAN.)
);
#8941=(
LENGTH_UNIT()
NAMED_UNIT(*)
SI_UNIT(.MILLI.,.METRE.)
);
ENDSEC;
END-ISO-10303-21;
